timestamp,PPG_signal,GSR_signal
1,2.845,1.838
2,2.722,1.833
3,2.556,1.828
4,2.478,1.828
5,2.458,1.823
6,2.478,1.818
7,2.502,1.813
8,2.507,1.813
9,2.478,1.813
10,2.454,1.813
11,2.463,1.808
12,2.488,1.808
13,2.517,1.808
14,2.532,1.804
15,2.537,1.808
16,2.527,1.804
17,2.512,1.804
18,2.502,1.804
19,2.502,1.799
20,2.498,1.799
21,2.493,1.799
22,2.493,1.799
23,2.488,1.799
24,2.522,1.799
25,2.473,1.794
26,2.463,1.794
27,2.478,1.794
28,2.498,1.789
29,2.507,1.789
30,2.507,1.789
31,2.493,1.784
32,2.478,1.789
33,2.463,1.784
34,2.458,1.784
35,2.458,1.784
36,2.468,1.779
37,2.473,1.779
38,2.483,1.779
39,2.488,1.779
40,2.488,1.779
41,2.483,1.779
42,2.473,1.774
43,2.468,1.774
44,2.473,1.774
45,2.473,1.769
46,2.478,1.774
47,2.478,1.769
48,2.478,1.769
49,2.517,1.769
50,2.463,1.769
51,2.449,1.769
52,2.463,1.764
53,2.478,1.769
54,2.488,1.769
55,2.498,1.769
56,2.537,1.769
57,2.478,1.769
58,2.458,1.769
59,2.463,1.769
60,2.488,1.769
61,2.493,1.769
62,2.498,1.769
63,2.498,1.769
64,2.517,1.769
65,2.517,1.769
66,2.502,1.774
67,2.498,1.774
68,2.483,1.769
69,2.483,1.774
70,2.483,1.774
71,2.493,1.774
72,2.502,1.774
73,2.507,1.774
74,2.502,1.779
75,2.512,1.779
76,2.502,1.779
77,2.498,1.779
78,2.502,1.779
79,2.502,1.779
80,2.493,1.784
81,2.488,1.784
82,2.478,1.784
83,2.488,1.789
84,2.488,1.789
85,2.498,1.789
86,2.502,1.789
87,2.507,1.789
88,2.551,1.789
89,2.488,1.794
90,2.468,1.794
91,2.468,1.794
92,2.483,1.799
93,2.493,1.799
94,2.498,1.799
95,2.498,1.804
96,2.493,1.799
97,2.493,1.804
98,2.493,1.804
99,2.488,1.804
100,2.488,1.808
101,2.478,1.808
102,2.454,1.808
103,2.434,1.813
104,2.429,1.813
105,2.449,1.818
106,2.468,1.818
107,2.478,1.818
108,2.478,1.818
109,2.478,1.823
110,2.600,1.823
111,2.439,1.823
112,2.390,1.823
113,2.410,1.828
114,2.458,1.828
115,2.507,1.828
116,2.532,1.833
117,2.522,1.833
118,2.542,1.833
119,2.458,1.838
120,2.434,1.838
121,2.439,1.838
122,2.473,1.843
123,2.522,1.843
124,2.556,1.843
125,2.542,1.843
126,2.517,1.843
127,2.527,1.843
128,2.522,1.843
129,2.517,1.848
130,2.517,1.848
131,2.522,1.848
132,2.512,1.852
133,2.507,1.848
134,2.502,1.852
135,2.502,1.852
136,2.512,1.852
137,2.517,1.852
138,2.512,1.857
139,2.512,1.852
140,2.502,1.857
141,2.473,1.857
142,2.424,1.857
143,2.405,1.862
144,2.424,1.857
145,2.458,1.862
146,2.493,1.862
147,2.517,1.862
148,2.537,1.862
149,2.586,1.862
150,2.517,1.862
151,2.478,1.862
152,2.473,1.867
153,2.483,1.867
154,2.502,1.867
155,2.507,1.867
156,2.512,1.867
157,2.507,1.867
158,2.507,1.872
159,2.507,1.867
160,2.502,1.872
161,2.498,1.872
162,2.498,1.872
163,2.498,1.877
164,2.498,1.877
165,2.493,1.877
166,2.502,1.877
167,2.498,1.877
168,2.493,1.877
169,2.493,1.882
170,2.488,1.877
171,2.527,1.882
172,2.463,1.877
173,2.449,1.882
174,2.454,1.882
175,2.468,1.882
176,2.478,1.882
177,2.483,1.882
178,2.493,1.882
179,2.546,1.887
180,2.468,1.887
181,2.439,1.882
182,2.439,1.887
183,2.458,1.887
184,2.473,1.887
185,2.483,1.891
186,2.498,1.887
187,2.532,1.891
188,2.551,1.891
189,2.542,1.887
190,2.546,1.891
191,2.512,1.891
192,2.463,1.891
193,2.458,1.891
194,2.473,1.896
195,2.493,1.896
196,2.493,1.891
197,2.458,1.896
198,2.429,1.896
199,2.444,1.891
200,2.468,1.891
201,2.478,1.887
202,2.483,1.882
203,2.473,1.877
204,2.454,1.867
205,2.434,1.867
206,2.444,1.862
207,2.468,1.857
208,2.493,1.852
209,2.576,1.848
210,2.546,1.838
211,2.527,1.828
212,2.502,1.823
213,2.493,1.808
214,2.512,1.799
215,2.532,1.774
216,2.527,1.730
217,2.498,1.686
218,2.449,1.642
219,2.390,1.608
220,2.351,1.579
221,2.346,1.549
222,2.385,1.530
223,2.424,1.515
224,2.458,1.505
225,2.478,1.496
226,2.493,1.491
227,2.507,1.486
228,2.512,1.486
229,2.512,1.486
230,2.502,1.486
231,2.483,1.486
232,2.644,1.491
233,2.512,1.496
234,2.488,1.496
235,2.502,1.496
236,2.517,1.500
237,2.517,1.496
238,2.483,1.486
239,2.498,1.476
240,2.424,1.471
241,2.410,1.461
242,2.424,1.461
243,2.454,1.457
244,2.483,1.457
245,2.507,1.461
246,2.527,1.447
247,2.522,1.427
248,2.512,1.417
249,2.498,1.403
250,2.498,1.398
251,2.507,1.393
252,2.512,1.383
253,2.546,1.378
254,2.532,1.378
255,2.502,1.378
256,2.498,1.378
257,2.502,1.383
258,2.498,1.383
259,2.493,1.383
260,2.512,1.383
261,2.527,1.383
262,2.527,1.383
263,2.517,1.383
264,2.517,1.383
265,2.512,1.383
266,2.512,1.383
267,2.507,1.383
268,2.488,1.383
269,2.537,1.383
270,2.468,1.378
271,2.434,1.378
272,2.444,1.383
273,2.463,1.383
274,2.483,1.383
275,2.493,1.383
276,2.507,1.383
277,2.507,1.383
278,2.502,1.383
279,2.498,1.383
280,2.507,1.383
281,2.512,1.383
282,2.522,1.383
283,2.532,1.383
284,2.522,1.378
285,2.493,1.378
286,2.483,1.378
287,2.493,1.373
288,2.493,1.369
289,2.483,1.369
290,2.468,1.359
291,2.468,1.349
292,2.473,1.339
293,2.532,1.329
294,2.473,1.320
295,2.468,1.315
296,2.478,1.310
297,2.502,1.305
298,2.532,1.300
299,2.605,1.295
300,2.522,1.285
301,2.454,1.281
302,2.405,1.276
303,2.410,1.276
304,2.444,1.285
305,2.468,1.300
306,2.483,1.310
307,2.493,1.320
308,2.537,1.325
309,2.561,1.325
310,2.546,1.329
311,2.522,1.329
312,2.498,1.329
313,2.478,1.329
314,2.478,1.334
315,2.468,1.339
316,2.493,1.354
317,2.483,1.364
318,2.478,1.369
319,2.493,1.373
320,2.502,1.373
321,2.507,1.373
322,2.507,1.373
323,2.512,1.373
324,2.512,1.369
325,2.517,1.369
326,2.507,1.369
327,2.502,1.364
328,2.498,1.364
329,2.571,1.359
330,2.493,1.354
331,2.449,1.349
332,2.458,1.349
333,2.488,1.344
334,2.512,1.339
335,2.517,1.339
336,2.512,1.334
337,2.507,1.334
338,2.507,1.334
339,2.507,1.334
340,2.507,1.334
341,2.507,1.334
342,2.502,1.334
343,2.502,1.334
344,2.502,1.334
345,2.493,1.334
346,2.483,1.329
347,2.473,1.329
348,2.473,1.325
349,2.483,1.325
350,2.512,1.320
351,2.532,1.320
352,2.527,1.315
353,2.517,1.310
354,2.683,1.305
355,2.478,1.305
356,2.424,1.300
357,2.439,1.300
358,2.473,1.295
359,2.576,1.295
360,2.498,1.290
361,2.458,1.285
362,2.458,1.285
363,2.483,1.281
364,2.498,1.281
365,2.507,1.281
366,2.507,1.276
367,2.502,1.276
368,2.502,1.276
369,2.498,1.271
370,2.507,1.271
371,2.498,1.271
372,2.498,1.266
373,2.498,1.266
374,2.507,1.266
375,2.507,1.266
376,2.507,1.266
377,2.512,1.261
378,2.502,1.261
379,2.532,1.261
380,2.507,1.261
381,2.478,1.261
382,2.468,1.261
383,2.488,1.261
384,2.512,1.261
385,2.517,1.261
386,2.512,1.261
387,2.502,1.256
388,2.502,1.261
389,2.502,1.261
390,2.498,1.261
391,2.434,1.266
392,2.385,1.266
393,2.400,1.271
394,2.439,1.271
395,2.502,1.276
396,2.561,1.276
397,2.576,1.276
398,2.561,1.281
399,2.537,1.281
400,2.517,1.281
401,2.507,1.281
402,2.507,1.285
403,2.507,1.285
404,2.493,1.285
405,2.478,1.285
406,2.454,1.285
407,2.444,1.290
408,2.483,1.290
409,2.546,1.290
410,2.571,1.290
411,2.561,1.290
412,2.532,1.295
413,2.493,1.295
414,2.478,1.300
415,2.590,1.300
416,2.493,1.300
417,2.478,1.300
418,2.493,1.305
419,2.473,1.305
420,2.571,1.310
421,2.493,1.310
422,2.454,1.310
423,2.478,1.315
424,2.502,1.315
425,2.512,1.315
426,2.517,1.320
427,2.502,1.325
428,2.498,1.325
429,2.488,1.329
430,2.488,1.329
431,2.483,1.329
432,2.488,1.334
433,2.493,1.339
434,2.502,1.339
435,2.498,1.344
436,2.493,1.344
437,2.493,1.349
438,2.498,1.349
439,2.498,1.354
440,2.488,1.359
441,2.483,1.359
442,2.522,1.359
443,2.488,1.364
444,2.463,1.369
445,2.463,1.369
446,2.458,1.373
447,2.454,1.378
448,2.454,1.378
449,2.458,1.383
450,2.542,1.388
451,2.463,1.393
452,2.429,1.393
453,2.434,1.398
454,2.454,1.398
455,2.463,1.403
456,2.468,1.408
457,2.468,1.408
458,2.463,1.408
459,2.463,1.413
460,2.463,1.413
461,2.468,1.417
462,2.483,1.417
463,2.498,1.417
464,2.512,1.422
465,2.517,1.422
466,2.512,1.422
467,2.498,1.427
468,2.483,1.427
469,2.473,1.432
470,2.483,1.432
471,2.483,1.432
472,2.488,1.437
473,2.493,1.437
474,2.493,1.437
475,2.483,1.442
476,2.473,1.442
477,2.566,1.442
478,2.429,1.442
479,2.390,1.447
480,2.502,1.447
481,2.458,1.452
482,2.454,1.452
483,2.458,1.452
484,2.473,1.457
485,2.478,1.457
486,2.473,1.457
487,2.458,1.457
488,2.454,1.461
489,2.434,1.461
490,2.424,1.461
491,2.434,1.466
492,2.444,1.466
493,2.454,1.466
494,2.458,1.471
495,2.458,1.471
496,2.468,1.471
497,2.493,1.476
498,2.512,1.471
499,2.542,1.476
500,2.581,1.476
501,2.546,1.476
502,2.488,1.476
503,2.449,1.476
504,2.400,1.476
505,2.454,1.476
506,2.473,1.476
507,2.556,1.466
508,2.590,1.466
509,2.517,1.466
510,2.434,1.466
511,2.253,1.466
512,2.204,1.466
513,2.273,1.471
514,2.346,1.471
515,2.400,1.476
516,2.478,1.476
517,2.546,1.481
518,2.551,1.481
519,2.517,1.486
520,2.463,1.491
521,2.429,1.496
522,2.429,1.496
523,2.468,1.496
524,2.498,1.496
525,2.502,1.496
526,2.502,1.496
527,2.542,1.496
528,2.620,1.496
529,2.674,1.496
530,2.649,1.496
531,2.532,1.496
532,2.414,1.491
533,2.351,1.486
534,2.361,1.486
535,2.410,1.481
536,2.463,1.481
537,2.493,1.486
538,2.571,1.491
539,2.473,1.491
540,2.537,1.491
541,2.458,1.496
542,2.449,1.496
543,2.478,1.496
544,2.493,1.500
545,2.478,1.500
546,2.414,1.500
547,2.346,1.500
548,2.312,1.505
549,2.336,1.505
550,2.414,1.505
551,2.473,1.510
552,2.512,1.510
553,2.527,1.510
554,2.542,1.515
555,2.542,1.515
556,2.537,1.515
557,2.512,1.515
558,2.478,1.515
559,2.449,1.520
560,2.434,1.520
561,2.429,1.520
562,2.444,1.520
563,2.473,1.515
564,2.488,1.520
565,2.493,1.515
566,2.493,1.515
567,2.483,1.515
568,2.522,1.510
569,2.483,1.510
570,2.551,1.505
571,2.473,1.505
572,2.454,1.505
573,2.478,1.500
574,2.483,1.496
575,2.488,1.496
576,2.483,1.491
577,2.488,1.486
578,2.488,1.486
579,2.493,1.476
580,2.483,1.476
581,2.483,1.471
582,2.488,1.466
583,2.488,1.461
584,2.483,1.457
585,2.483,1.452
586,2.488,1.452
587,2.498,1.447
588,2.498,1.442
589,2.493,1.437
590,2.478,1.432
591,2.473,1.427
592,2.463,1.422
593,2.468,1.417
594,2.463,1.413
595,2.458,1.408
596,2.454,1.403
597,2.454,1.403
598,2.463,1.398
599,2.664,1.393
600,2.507,1.388
601,2.366,1.383
602,2.366,1.378
603,2.434,1.378
604,2.488,1.373
605,2.512,1.373
606,2.502,1.369
607,2.488,1.364
608,2.478,1.364
609,2.478,1.364
610,2.483,1.359
611,2.488,1.359
612,2.493,1.359
613,2.493,1.354
614,2.488,1.354
615,2.493,1.354
616,2.483,1.354
617,2.488,1.349
618,2.488,1.349
619,2.493,1.349
620,2.488,1.349
621,2.488,1.344
622,2.478,1.344
623,2.478,1.344
624,2.468,1.344
625,2.473,1.344
626,2.468,1.344
627,2.473,1.344
628,2.458,1.344
629,2.463,1.344
630,2.542,1.344
631,2.478,1.344
632,2.429,1.344
633,2.439,1.344
634,2.454,1.344
635,2.463,1.349
636,2.468,1.349
637,2.468,1.349
638,2.458,1.349
639,2.458,1.349
640,2.458,1.354
641,2.463,1.354
642,2.458,1.354
643,2.454,1.359
644,2.454,1.359
645,2.463,1.359
646,2.483,1.364
647,2.522,1.364
648,2.551,1.364
649,2.551,1.369
650,2.532,1.369
651,2.512,1.373
652,2.502,1.373
653,2.488,1.378
654,2.483,1.378
655,2.478,1.383
656,2.473,1.383
657,2.454,1.388
658,2.449,1.388
659,2.439,1.388
660,2.522,1.388
661,2.527,1.393
662,2.405,1.398
663,2.385,1.398
664,2.434,1.398
665,2.483,1.403
666,2.493,1.403
667,2.478,1.408
668,2.468,1.408
669,2.463,1.413
670,2.478,1.413
671,2.493,1.413
672,2.498,1.413
673,2.493,1.417
674,2.488,1.417
675,2.468,1.417
676,2.463,1.422
677,2.468,1.422
678,2.488,1.422
679,2.488,1.427
680,2.493,1.427
681,2.473,1.427
682,2.458,1.432
683,2.454,1.432
684,2.449,1.432
685,2.454,1.437
686,2.454,1.437
687,2.449,1.437
688,2.444,1.437
689,2.444,1.437
690,2.449,1.442
691,2.542,1.442
692,2.434,1.442
693,2.405,1.447
694,2.468,1.447
695,2.493,1.447
696,2.493,1.452
697,2.488,1.452
698,2.502,1.452
699,2.546,1.452
700,2.561,1.457
701,2.556,1.457
702,2.522,1.457
703,2.498,1.461
704,2.473,1.461
705,2.444,1.461
706,2.395,1.461
707,2.380,1.461
708,2.400,1.461
709,2.439,1.466
710,2.473,1.466
711,2.493,1.466
712,2.488,1.471
713,2.488,1.471
714,2.478,1.471
715,2.478,1.471
716,2.478,1.471
717,2.473,1.476
718,2.478,1.476
719,2.478,1.476
720,2.478,1.481
721,2.561,1.481
722,2.258,1.481
723,2.239,1.481
724,2.356,1.481
725,2.468,1.486
726,2.522,1.486
727,2.527,1.486
728,2.502,1.486
729,2.478,1.491
730,2.468,1.486
731,2.468,1.491
732,2.478,1.491
733,2.488,1.491
734,2.493,1.496
735,2.502,1.496
736,2.502,1.496
737,2.493,1.496
738,2.478,1.496
739,2.468,1.496
740,2.483,1.496
741,2.502,1.496
742,2.512,1.496
743,2.507,1.500
744,2.493,1.500
745,2.483,1.500
746,2.473,1.500
747,2.473,1.500
748,2.473,1.505
749,2.488,1.505
750,2.493,1.505
751,2.586,1.505
752,2.478,1.505
753,2.439,1.505
754,2.439,1.510
755,2.454,1.510
756,2.507,1.510
757,2.478,1.510
758,2.454,1.510
759,2.449,1.510
760,2.458,1.515
761,2.473,1.515
762,2.483,1.515
763,2.493,1.520
764,2.498,1.515
765,2.483,1.520
766,2.468,1.520
767,2.463,1.520
768,2.463,1.520
769,2.463,1.525
770,2.468,1.520
771,2.478,1.525
772,2.498,1.525
773,2.512,1.525
774,2.507,1.530
775,2.493,1.530
776,2.488,1.530
777,2.478,1.530
778,2.488,1.530
779,2.493,1.530
780,2.488,1.535
781,2.630,1.530
782,2.439,1.535
783,2.400,1.535
784,2.429,1.535
785,2.473,1.535
786,2.502,1.535
787,2.512,1.540
788,2.493,1.540
789,2.478,1.540
790,2.454,1.540
791,2.449,1.540
792,2.449,1.540
793,2.473,1.544
794,2.498,1.544
795,2.532,1.544
796,2.546,1.544
797,2.551,1.544
798,2.527,1.544
799,2.517,1.549
800,2.493,1.544
801,2.493,1.549
802,2.488,1.549
803,2.488,1.549
804,2.493,1.549
805,2.498,1.549
806,2.488,1.549
807,2.493,1.549
808,2.493,1.549
809,2.498,1.549
810,2.502,1.554
811,2.620,1.554
812,2.493,1.554
813,2.449,1.554
814,2.458,1.554
815,2.478,1.554
816,2.483,1.554
817,2.493,1.554
818,2.488,1.554
819,2.527,1.559
820,2.517,1.559
821,2.493,1.559
822,2.483,1.559
823,2.468,1.564
824,2.473,1.559
825,2.478,1.559
826,2.483,1.564
827,2.473,1.564
828,2.478,1.564
829,2.473,1.564
830,2.478,1.564
831,2.473,1.564
832,2.478,1.569
833,2.488,1.564
834,2.493,1.569
835,2.493,1.569
836,2.493,1.569
837,2.493,1.569
838,2.493,1.569
839,2.488,1.569
840,2.478,1.574
841,2.581,1.569
842,2.571,1.569
843,2.356,1.574
844,2.336,1.569
845,2.405,1.574
846,2.473,1.574
847,2.512,1.574
848,2.517,1.579
849,2.502,1.574
850,2.488,1.574
851,2.478,1.579
852,2.478,1.579
853,2.483,1.579
854,2.483,1.579
855,2.483,1.579
856,2.493,1.584
857,2.493,1.584
858,2.488,1.584
859,2.478,1.584
860,2.488,1.584
861,2.493,1.584
862,2.498,1.588
863,2.498,1.584
864,2.498,1.584
865,2.488,1.588
866,2.483,1.588
867,2.478,1.588
868,2.473,1.588
869,2.473,1.588
870,2.478,1.588
871,2.595,1.588
872,2.468,1.593
873,2.434,1.588
874,2.444,1.593
875,2.473,1.593
876,2.488,1.593
877,2.502,1.593
878,2.488,1.593
879,2.483,1.593
880,2.483,1.598
881,2.478,1.593
882,2.532,1.598
883,2.527,1.598
884,2.502,1.598
885,2.488,1.598
886,2.478,1.598
887,2.483,1.598
888,2.483,1.598
889,2.483,1.603
890,2.483,1.603
891,2.488,1.603
892,2.483,1.603
893,2.488,1.603
894,2.488,1.603
895,2.493,1.603
896,2.493,1.603
897,2.493,1.608
898,2.488,1.608
899,2.488,1.608
900,2.488,1.608
901,2.488,1.608
902,2.478,1.608
903,2.566,1.608
904,2.449,1.608
905,2.424,1.608
906,2.444,1.608
907,2.468,1.613
908,2.493,1.608
909,2.498,1.608
910,2.493,1.613
911,2.483,1.608
912,2.483,1.608
913,2.488,1.608
914,2.493,1.608
915,2.498,1.608
916,2.493,1.608
917,2.493,1.608
918,2.493,1.608
919,2.488,1.608
920,2.498,1.603
921,2.488,1.603
922,2.493,1.603
923,2.493,1.603
924,2.488,1.603
925,2.488,1.598
926,2.488,1.598
927,2.488,1.598
928,2.483,1.593
929,2.488,1.598
930,2.493,1.593
931,2.493,1.593
932,2.586,1.588
933,2.449,1.593
934,2.410,1.588
935,2.434,1.588
936,2.468,1.588
937,2.498,1.588
938,2.507,1.588
939,2.507,1.584
940,2.498,1.584
941,2.488,1.584
942,2.488,1.584
943,2.493,1.584
944,2.488,1.584
945,2.542,1.584
946,2.498,1.579
947,2.483,1.579
948,2.473,1.579
949,2.473,1.579
950,2.483,1.579
951,2.473,1.579
952,2.478,1.579
953,2.478,1.579
954,2.478,1.579
955,2.483,1.579
956,2.493,1.579
957,2.498,1.579
958,2.493,1.579
959,2.493,1.579
960,2.493,1.579
961,2.498,1.579
962,2.586,1.579
963,2.429,1.584
964,2.639,1.579
965,2.390,1.584
966,2.326,1.579
967,2.331,1.584
968,2.351,1.584
969,2.375,1.584
970,2.414,1.584
971,2.463,1.584
972,2.507,1.584
973,2.527,1.588
974,2.517,1.584
975,2.473,1.588
976,2.454,1.588
977,2.444,1.588
978,2.458,1.588
979,2.478,1.588
980,2.502,1.588
981,2.512,1.593
982,2.502,1.593
983,2.488,1.593
984,2.478,1.593
985,2.468,1.593
986,2.458,1.593
987,2.458,1.598
988,2.463,1.593
989,2.478,1.598
990,2.488,1.598
991,2.488,1.598
992,2.586,1.598
993,2.449,1.603
994,2.410,1.603
995,2.424,1.603
996,2.454,1.603
997,2.473,1.603
998,2.488,1.603
999,2.493,1.608
1000,2.493,1.603
1001,2.493,1.608
1002,2.488,1.608
1003,2.502,1.608
1004,2.512,1.608
1005,2.512,1.608
1006,2.483,1.608
1007,2.458,1.613
1008,2.517,1.613
1009,2.493,1.613
1010,2.478,1.613
1011,2.473,1.613
1012,2.483,1.613
1013,2.498,1.613
1014,2.502,1.618
1015,2.502,1.618
1016,2.507,1.618
1017,2.502,1.618
1018,2.507,1.618
1019,2.522,1.618
1020,2.537,1.623
1021,2.659,1.623
1022,2.517,1.618
1023,2.458,1.623
1024,2.454,1.623
1025,2.590,1.623
1026,2.483,1.623
1027,2.454,1.628
1028,2.473,1.628
1029,2.493,1.628
1030,2.507,1.628
1031,2.517,1.628
1032,2.507,1.628
1033,2.502,1.632
1034,2.493,1.628
1035,2.498,1.632
1036,2.493,1.632
1037,2.493,1.632
1038,2.493,1.632
1039,2.498,1.632
1040,2.502,1.632
1041,2.498,1.637
1042,2.502,1.632
1043,2.502,1.632
1044,2.493,1.637
1045,2.493,1.637
1046,2.493,1.637
1047,2.488,1.637
1048,2.473,1.637
1049,2.581,1.637
1050,2.419,1.642
1051,2.385,1.642
1052,2.444,1.637
1053,2.551,1.642
1054,2.581,1.642
1055,2.556,1.642
1056,2.512,1.642
1057,2.502,1.642
1058,2.493,1.642
1059,2.502,1.647
1060,2.512,1.647
1061,2.512,1.647
1062,2.512,1.647
1063,2.517,1.647
1064,2.502,1.647
1065,2.502,1.647
1066,2.502,1.647
1067,2.502,1.652
1068,2.502,1.652
1069,2.493,1.652
1070,2.493,1.652
1071,2.546,1.652
1072,2.507,1.652
1073,2.488,1.652
1074,2.483,1.652
1075,2.483,1.652
1076,2.488,1.652
1077,2.498,1.657
1078,2.620,1.657
1079,2.463,1.652
1080,2.419,1.657
1081,2.439,1.657
1082,2.483,1.657
1083,2.512,1.657
1084,2.517,1.657
1085,2.517,1.657
1086,2.776,1.657
1087,2.454,1.657
1088,2.366,1.662
1089,2.390,1.657
1090,2.458,1.662
1091,2.502,1.662
1092,2.522,1.657
1093,2.512,1.662
1094,2.498,1.662
1095,2.488,1.662
1096,2.493,1.662
1097,2.493,1.662
1098,2.507,1.662
1099,2.512,1.662
1100,2.512,1.662
1101,2.507,1.662
1102,2.498,1.667
1103,2.498,1.662
1104,2.502,1.662
1105,2.493,1.667
1106,2.615,1.667
1107,2.468,1.662
1108,2.419,1.667
1109,2.444,1.667
1110,2.468,1.662
1111,2.493,1.667
1112,2.502,1.667
1113,2.502,1.667
1114,2.502,1.667
1115,2.493,1.667
1116,2.502,1.667
1117,2.507,1.667
1118,2.507,1.667
1119,2.502,1.667
1120,2.507,1.672
1121,2.498,1.667
1122,2.493,1.672
1123,2.493,1.672
1124,2.488,1.667
1125,2.473,1.672
1126,2.439,1.672
1127,2.395,1.672
1128,2.366,1.672
1129,2.361,1.672
1130,2.390,1.672
1131,2.419,1.676
1132,2.439,1.672
1133,2.444,1.672
1134,2.512,1.676
1135,2.586,1.672
1136,2.439,1.676
1137,2.405,1.672
1138,2.434,1.676
1139,2.483,1.676
1140,2.517,1.672
1141,2.517,1.676
1142,2.507,1.676
1143,2.493,1.676
1144,2.493,1.676
1145,2.502,1.676
1146,2.493,1.676
1147,2.595,1.676
1148,2.463,1.676
1149,2.434,1.676
1150,2.473,1.676
1151,2.517,1.676
1152,2.537,1.676
1153,2.532,1.672
1154,2.512,1.672
1155,2.483,1.672
1156,2.468,1.672
1157,2.468,1.672
1158,2.478,1.667
1159,2.493,1.667
1160,2.512,1.667
1161,2.522,1.662
1162,2.517,1.662
1163,2.620,1.657
1164,2.454,1.657
1165,2.410,1.652
1166,2.434,1.652
1167,2.493,1.647
1168,2.537,1.647
1169,2.546,1.642
1170,2.537,1.642
1171,2.502,1.642
1172,2.468,1.637
1173,2.458,1.632
1174,2.463,1.632
1175,2.473,1.632
1176,2.483,1.628
1177,2.493,1.628
1178,2.507,1.623
1179,2.512,1.623
1180,2.502,1.623
1181,2.512,1.618
1182,2.502,1.618
1183,2.502,1.618
1184,2.507,1.613
1185,2.517,1.613
1186,2.512,1.613
1187,2.517,1.608
1188,2.507,1.608
1189,2.502,1.608
1190,2.493,1.608
1191,2.610,1.603
1192,2.458,1.603
1193,2.410,1.603
1194,2.429,1.603
1195,2.473,1.603
1196,2.493,1.603
1197,2.571,1.603
1198,2.576,1.598
1199,2.532,1.603
1200,2.522,1.598
1201,2.502,1.603
1202,2.507,1.598
1203,2.507,1.598
1204,2.512,1.603
1205,2.512,1.598
1206,2.507,1.598
1207,2.502,1.603
1208,2.781,1.603
1209,2.478,1.603
1210,2.385,1.598
1211,2.410,1.603
1212,2.468,1.603
1213,2.512,1.603
1214,2.527,1.603
1215,2.522,1.603
1216,2.512,1.603
1217,2.512,1.608
1218,2.522,1.603
1219,2.517,1.603
1220,2.639,1.608
1221,2.473,1.608
1222,2.434,1.608
1223,2.454,1.608
1224,2.493,1.613
1225,2.512,1.608
1226,2.527,1.613
1227,2.522,1.613
1228,2.517,1.613
1229,2.507,1.618
1230,2.522,1.618
1231,2.507,1.618
1232,2.502,1.618
1233,2.498,1.618
1234,2.502,1.618
1235,2.502,1.623
1236,2.507,1.623
1237,2.512,1.623
1238,2.512,1.623
1239,2.512,1.623
1240,2.517,1.628
1241,2.517,1.628
1242,2.512,1.628
1243,2.493,1.632
1244,2.493,1.632
1245,2.483,1.632
1246,2.488,1.632
1247,2.493,1.632
1248,2.644,1.632
1249,2.493,1.637
1250,2.434,1.637
1251,2.449,1.637
1252,2.483,1.637
1253,2.517,1.637
1254,2.527,1.637
1255,2.517,1.642
1256,2.488,1.642
1257,2.463,1.642
1258,2.449,1.647
1259,2.444,1.642
1260,2.507,1.642
1261,2.522,1.647
1262,2.512,1.647
1263,2.512,1.647
1264,2.522,1.647
1265,2.537,1.652
1266,2.542,1.652
1267,2.532,1.652
1268,2.507,1.652
1269,2.600,1.657
1270,2.429,1.652
1271,2.370,1.657
1272,2.380,1.657
1273,2.419,1.657
1274,2.463,1.657
1275,2.488,1.662
1276,2.498,1.657
1277,2.630,1.657
1278,2.458,1.662
1279,2.414,1.662
1280,2.434,1.662
1281,2.478,1.667
1282,2.507,1.662
1283,2.522,1.667
1284,2.512,1.667
1285,2.512,1.667
1286,2.502,1.667
1287,2.507,1.667
1288,2.507,1.667
1289,2.517,1.672
1290,2.522,1.672
1291,2.532,1.672
1292,2.532,1.672
1293,2.527,1.672
1294,2.517,1.672
1295,2.527,1.676
1296,2.517,1.672
1297,2.517,1.676
1298,2.517,1.676
1299,2.527,1.676
1300,2.532,1.676
1301,2.537,1.676
1302,2.566,1.676
1303,2.576,1.681
1304,2.512,1.681
1305,2.610,1.681
1306,2.439,1.681
1307,2.380,1.681
1308,2.405,1.681
1309,2.444,1.681
1310,2.468,1.681
1311,2.478,1.681
1312,2.468,1.681
1313,2.488,1.686
1314,2.507,1.686
1315,2.532,1.686
1316,2.546,1.686
1317,2.542,1.686
1318,2.527,1.691
1319,2.527,1.691
1320,2.522,1.691
1321,2.522,1.691
1322,2.507,1.691
1323,2.546,1.691
1324,2.532,1.696
1325,2.493,1.696
1326,2.434,1.701
1327,2.366,1.701
1328,2.361,1.701
1329,2.429,1.701
1330,2.805,1.701
1331,2.493,1.701
1332,2.370,1.701
1333,2.385,1.706
1334,2.625,1.701
1335,2.522,1.706
1336,2.473,1.706
1337,2.478,1.706
1338,2.507,1.706
1339,2.532,1.706
1340,2.537,1.706
1341,2.522,1.706
1342,2.512,1.706
1343,2.498,1.706
1344,2.502,1.706
1345,2.498,1.706
1346,2.493,1.711
1347,2.468,1.711
1348,2.458,1.711
1349,2.468,1.711
1350,2.502,1.711
1351,2.512,1.711
1352,2.527,1.711
1353,2.527,1.716
1354,2.527,1.716
1355,2.507,1.716
1356,2.478,1.716
1357,2.458,1.716
1358,2.468,1.716
1359,2.483,1.716
1360,2.502,1.716
1361,2.512,1.716
1362,2.664,1.716
1363,2.507,1.716
1364,2.449,1.720
1365,2.458,1.720
1366,2.483,1.720
1367,2.517,1.720
1368,2.542,1.720
1369,2.546,1.720
1370,2.537,1.720
1371,2.532,1.720
1372,2.522,1.720
1373,2.507,1.720
1374,2.502,1.720
1375,2.498,1.720
1376,2.488,1.720
1377,2.498,1.716
1378,2.502,1.711
1379,2.507,1.706
1380,2.522,1.706
1381,2.512,1.701
1382,2.502,1.701
1383,2.502,1.696
1384,2.502,1.696
1385,2.493,1.696
1386,2.532,1.691
1387,2.537,1.686
1388,2.507,1.686
1389,2.488,1.686
1390,2.473,1.681
1391,2.688,1.681
1392,2.444,1.676
1393,2.361,1.676
1394,2.380,1.676
1395,2.444,1.676
1396,2.483,1.676
1397,2.502,1.676
1398,2.493,1.676
1399,2.488,1.676
1400,2.483,1.676
1401,2.498,1.681
1402,2.488,1.681
1403,2.463,1.681
1404,2.449,1.686
1405,2.454,1.686
1406,2.444,1.691
1407,2.454,1.696
1408,2.463,1.701
1409,2.483,1.706
1410,2.507,1.711
1411,2.502,1.720
1412,2.478,1.720
1413,2.449,1.725
1414,2.458,1.725
1415,2.483,1.730
1416,2.493,1.730
1417,2.483,1.730
1418,2.449,1.735
1419,2.546,1.735
1420,2.375,1.735
1421,2.326,1.735
1422,2.356,1.740
1423,2.424,1.745
1424,2.473,1.750
1425,2.488,1.755
1426,2.488,1.755
1427,2.478,1.760
1428,2.478,1.764
1429,2.483,1.760
1430,2.488,1.764
1431,2.488,1.764
1432,2.488,1.764
1433,2.478,1.769
1434,2.483,1.769
1435,2.488,1.769
1436,2.483,1.769
1437,2.483,1.769
1438,2.478,1.769
1439,2.478,1.769
1440,2.483,1.769
1441,2.473,1.774
1442,2.478,1.769
1443,2.483,1.769
1444,2.493,1.774
1445,2.498,1.769
1446,2.493,1.769
1447,2.605,1.769
1448,2.473,1.769
1449,2.395,1.764
1450,2.400,1.764
1451,2.439,1.764
1452,2.722,1.760
1453,2.488,1.760
1454,2.410,1.760
1455,2.410,1.755
1456,2.444,1.755
1457,2.473,1.750
1458,2.473,1.750
1459,2.473,1.745
1460,2.468,1.740
1461,2.463,1.740
1462,2.449,1.735
1463,2.454,1.730
1464,2.468,1.730
1465,2.473,1.730
1466,2.473,1.725
1467,2.463,1.725
1468,2.463,1.720
1469,2.463,1.720
1470,2.478,1.720
1471,2.468,1.716
1472,2.473,1.716
1473,2.468,1.716
1474,2.468,1.716
1475,2.463,1.716
1476,2.600,1.716
1477,2.419,1.716
1478,2.366,1.711
1479,2.390,1.711
1480,2.439,1.711
1481,2.468,1.711
1482,2.483,1.711
1483,2.473,1.711
1484,2.468,1.711
1485,2.463,1.711
1486,2.458,1.706
1487,2.449,1.711
1488,2.454,1.711
1489,2.454,1.711
1490,2.449,1.711
1491,2.458,1.711
1492,2.478,1.711
1493,2.488,1.716
1494,2.502,1.711
1495,2.483,1.716
1496,2.458,1.716
1497,2.434,1.716
1498,2.429,1.720
1499,2.434,1.720
1500,2.473,1.720
1501,2.488,1.720
1502,2.502,1.725
1503,2.502,1.725
1504,2.625,1.725
1505,2.434,1.730
1506,2.366,1.725
1507,2.370,1.730
1508,2.414,1.730
1509,2.439,1.730
1510,2.463,1.730
1511,2.517,1.730
1512,2.458,1.730
1513,2.556,1.730
1514,2.424,1.730
1515,2.405,1.730
1516,2.424,1.730
1517,2.444,1.730
1518,2.454,1.725
1519,2.454,1.730
1520,2.463,1.725
1521,2.483,1.730
1522,2.502,1.730
1523,2.512,1.725
1524,2.488,1.730
1525,2.454,1.725
1526,2.434,1.725
1527,2.449,1.725
1528,2.463,1.725
1529,2.473,1.720
1530,2.517,1.720
1531,2.537,1.720
1532,2.537,1.716
1533,2.644,1.716
1534,2.424,1.711
1535,2.361,1.711
1536,2.395,1.711
1537,2.454,1.711
1538,2.493,1.706
1539,2.502,1.706
1540,2.483,1.701
1541,2.458,1.701
1542,2.444,1.696
1543,2.449,1.696
1544,2.454,1.691
1545,2.454,1.691
1546,2.458,1.686
1547,2.454,1.686
1548,2.449,1.686
1549,2.463,1.681
1550,2.483,1.681
1551,2.502,1.681
1552,2.512,1.676
1553,2.488,1.676
1554,2.468,1.676
1555,2.463,1.676
1556,2.483,1.676
1557,2.502,1.672
1558,2.502,1.672
1559,2.483,1.672
1560,2.483,1.672
1561,2.610,1.672
1562,2.429,1.672
1563,2.380,1.672
1564,2.405,1.672
1565,2.454,1.672
1566,2.493,1.672
1567,2.498,1.672
1568,2.493,1.676
1569,2.483,1.676
1570,2.478,1.676
1571,2.468,1.681
1572,2.473,1.681
1573,2.478,1.681
1574,2.522,1.681
1575,2.546,1.686
1576,2.419,1.686
1577,2.390,1.686
1578,2.419,1.691
1579,2.458,1.691
1580,2.483,1.696
1581,2.483,1.696
1582,2.478,1.696
1583,2.463,1.701
1584,2.463,1.701
1585,2.458,1.701
1586,2.473,1.706
1587,2.478,1.706
1588,2.483,1.711
1589,2.473,1.711
1590,2.620,1.711
1591,2.419,1.711
1592,2.361,1.716
1593,2.390,1.720
1594,2.449,1.720
1595,2.493,1.725
1596,2.493,1.725
1597,2.468,1.730
1598,2.449,1.730
1599,2.439,1.730
1600,2.449,1.735
1601,2.458,1.735
1602,2.483,1.740
1603,2.483,1.740
1604,2.483,1.745
1605,2.468,1.750
1606,2.473,1.755
1607,2.478,1.755
1608,2.478,1.755
1609,2.458,1.760
1610,2.444,1.760
1611,2.434,1.764
1612,2.424,1.764
1613,2.429,1.764
1614,2.444,1.764
1615,2.463,1.764
1616,2.507,1.764
1617,2.537,1.764
1618,2.703,1.760
1619,2.507,1.760
1620,2.424,1.755
1621,2.414,1.755
1622,2.449,1.750
1623,2.507,1.750
1624,2.522,1.745
1625,2.507,1.740
1626,2.468,1.740
1627,2.454,1.735
1628,2.458,1.730
1629,2.473,1.730
1630,2.493,1.725
1631,2.498,1.720
1632,2.483,1.720
1633,2.473,1.716
1634,2.468,1.711
1635,2.468,1.711
1636,2.576,1.706
1637,2.463,1.701
1638,2.380,1.696
1639,2.429,1.691
1640,2.483,1.691
1641,2.507,1.691
1642,2.507,1.686
1643,2.488,1.686
1644,2.473,1.686
1645,2.463,1.681
1646,2.483,1.681
1647,2.630,1.681
1648,2.419,1.676
1649,2.326,1.676
1650,2.346,1.676
1651,2.419,1.672
1652,2.507,1.672
1653,2.561,1.672
1654,2.556,1.672
1655,2.517,1.672
1656,2.478,1.672
1657,2.458,1.672
1658,2.463,1.672
1659,2.468,1.672
1660,2.463,1.672
1661,2.473,1.676
1662,2.488,1.676
1663,2.483,1.676
1664,2.478,1.676
1665,2.458,1.676
1666,2.458,1.681
1667,2.454,1.681
1668,2.483,1.681
1669,2.502,1.686
1670,2.512,1.686
1671,2.498,1.686
1672,2.454,1.686
1673,2.410,1.686
1674,2.380,1.686
1675,2.532,1.686
1676,2.395,1.691
1677,2.380,1.691
1678,2.410,1.691
1679,2.449,1.696
1680,2.483,1.696
1681,2.488,1.701
1682,2.478,1.701
1683,2.473,1.701
1684,2.468,1.706
1685,2.468,1.706
1686,2.468,1.706
1687,2.473,1.711
1688,2.473,1.711
1689,2.473,1.711
1690,2.473,1.716
1691,2.498,1.716
1692,2.571,1.720
1693,2.600,1.720
1694,2.546,1.720
1695,2.488,1.725
1696,2.458,1.725
1697,2.771,1.725
1698,2.439,1.730
1699,2.341,1.730
1700,2.419,1.735
1701,2.458,1.735
1702,2.502,1.735
1703,2.649,1.740
1704,2.449,1.740
1705,2.375,1.745
1706,2.405,1.745
1707,2.449,1.745
1708,2.488,1.750
1709,2.507,1.745
1710,2.498,1.750
1711,2.488,1.750
1712,2.493,1.750
1713,2.478,1.755
1714,2.488,1.755
1715,2.493,1.760
1716,2.498,1.760
1717,2.498,1.760
1718,2.502,1.760
1719,2.502,1.764
1720,2.498,1.764
1721,2.488,1.764
1722,2.493,1.769
1723,2.493,1.769
1724,2.493,1.769
1725,2.493,1.769
1726,2.493,1.769
1727,2.488,1.774
1728,2.488,1.774
1729,2.483,1.779
1730,2.478,1.779
1731,2.478,1.779
1732,2.634,1.779
1733,2.454,1.784
1734,2.390,1.784
1735,2.424,1.784
1736,2.458,1.789
1737,2.498,1.789
1738,2.502,1.789
1739,2.498,1.794
1740,2.493,1.794
1741,2.483,1.794
1742,2.478,1.799
1743,2.483,1.799
1744,2.478,1.799
1745,2.478,1.799
1746,2.463,1.799
1747,2.463,1.804
1748,2.468,1.804
1749,2.483,1.804
1750,2.444,1.804
1751,2.405,1.804
1752,2.400,1.804
1753,2.444,1.808
1754,2.478,1.813
1755,2.493,1.813
1756,2.488,1.818
1757,2.473,1.818
1758,2.600,1.823
1759,2.429,1.823
1760,2.512,1.828
1761,2.336,1.833
1762,2.317,1.833
1763,2.444,1.833
1764,2.517,1.833
1765,2.522,1.838
1766,2.512,1.833
1767,2.517,1.838
1768,2.532,1.838
1769,2.561,1.838
1770,2.542,1.838
1771,2.522,1.843
1772,2.507,1.838
1773,2.502,1.843
1774,2.507,1.843
1775,2.502,1.843
1776,2.498,1.848
1777,2.493,1.848
1778,2.488,1.848
1779,2.488,1.852
1780,2.493,1.852
1781,2.493,1.857
1782,2.493,1.862
1783,2.493,1.857
1784,2.493,1.862
1785,2.488,1.862
1786,2.488,1.862
1787,2.488,1.862
1788,2.488,1.862
1789,2.644,1.862
1790,2.439,1.862
1791,2.380,1.862
1792,2.405,1.862
1793,2.458,1.862
1794,2.498,1.867
1795,2.512,1.862
1796,2.502,1.867
1797,2.498,1.867
1798,2.488,1.867
1799,2.483,1.867
1800,2.488,1.867
1801,2.502,1.867
1802,2.502,1.872
1803,2.498,1.872
1804,2.493,1.872
1805,2.493,1.877
1806,2.483,1.872
1807,2.483,1.877
1808,2.488,1.877
1809,2.488,1.877
1810,2.493,1.877
1811,2.488,1.877
1812,2.488,1.877
1813,2.488,1.877
1814,2.493,1.877
1815,2.488,1.877
1816,2.493,1.882
1817,2.654,1.882
1818,2.439,1.882
1819,2.576,1.882
1820,2.351,1.882
1821,2.322,1.882
1822,2.395,1.882
1823,2.473,1.882
1824,2.522,1.887
1825,2.517,1.887
1826,2.561,1.887
1827,2.532,1.887
1828,2.502,1.891
1829,2.488,1.896
1830,2.473,1.896
1831,2.473,1.896
1832,2.483,1.896
1833,2.488,1.896
1834,2.493,1.901
1835,2.493,1.901
1836,2.498,1.901
1837,2.493,1.901
1838,2.493,1.901
1839,2.498,1.906
1840,2.498,1.906
1841,2.498,1.906
1842,2.493,1.906
1843,2.498,1.906
1844,2.502,1.906
1845,2.488,1.911
1846,2.639,1.911
1847,2.444,1.906
1848,2.380,1.911
1849,2.410,1.911
1850,2.458,1.906
1851,2.507,1.911
1852,2.512,1.911
1853,2.507,1.911
1854,2.488,1.911
1855,2.483,1.911
1856,2.483,1.911
1857,2.493,1.911
1858,2.493,1.911
1859,2.512,1.911
1860,2.502,1.911
1861,2.502,1.906
1862,2.493,1.911
1863,2.502,1.906
1864,2.498,1.906
1865,2.493,1.906
1866,2.498,1.906
1867,2.498,1.901
1868,2.493,1.901
1869,2.498,1.901
1870,2.493,1.896
1871,2.498,1.901
1872,2.498,1.896
1873,2.498,1.896
1874,2.654,1.896
1875,2.449,1.896
1876,2.380,1.891
1877,2.405,1.891
1878,2.463,1.891
1879,2.717,1.887
1880,2.502,1.887
1881,2.419,1.887
1882,2.424,1.887
1883,2.458,1.882
1884,2.498,1.887
1885,2.522,1.882
1886,2.522,1.882
1887,2.512,1.882
1888,2.502,1.882
1889,2.566,1.877
1890,2.551,1.872
1891,2.522,1.877
1892,2.493,1.877
1893,2.483,1.872
1894,2.493,1.877
1895,2.493,1.872
1896,2.493,1.872
1897,2.498,1.872
1898,2.498,1.867
1899,2.493,1.872
1900,2.488,1.872
1901,2.488,1.867
1902,2.488,1.867
1903,2.644,1.867
1904,2.439,1.867
1905,2.380,1.862
1906,2.410,1.867
1907,2.468,1.867
1908,2.512,1.867
1909,2.527,1.867
1910,2.522,1.867
1911,2.498,1.867
1912,2.488,1.867
1913,2.498,1.867
1914,2.488,1.872
1915,2.498,1.872
1916,2.502,1.867
1917,2.502,1.872
1918,2.502,1.872
1919,2.502,1.872
1920,2.478,1.877
1921,2.468,1.877
1922,2.473,1.877
1923,2.502,1.877
1924,2.522,1.877
1925,2.527,1.882
1926,2.512,1.882
1927,2.498,1.882
1928,2.488,1.887
1929,2.488,1.887
1930,2.488,1.887
1931,2.674,1.887
1932,2.463,1.887
1933,2.395,1.887
1934,2.419,1.891
1935,2.468,1.891
1936,2.502,1.891
1937,2.517,1.896
1938,2.507,1.896
1939,2.502,1.896
1940,2.483,1.896
1941,2.683,1.896
1942,2.395,1.901
1943,2.326,1.901
1944,2.380,1.901
1945,2.473,1.906
1946,2.527,1.901
1947,2.546,1.906
1948,2.532,1.906
1949,2.527,1.906
1950,2.498,1.906
1951,2.488,1.911
1952,2.551,1.906
1953,2.556,1.906
1954,2.532,1.911
1955,2.507,1.911
1956,2.502,1.911
1957,2.483,1.916
1958,2.502,1.916
1959,2.688,1.916
1960,2.468,1.916
1961,2.400,1.921
1962,2.414,1.916
1963,2.473,1.921
1964,2.507,1.921
1965,2.522,1.921
1966,2.512,1.926
1967,2.512,1.926
1968,2.493,1.921
1969,2.488,1.926
1970,2.483,1.926
1971,2.498,1.926
1972,2.498,1.931
1973,2.512,1.926
1974,2.507,1.931
1975,2.507,1.931
1976,2.502,1.931
1977,2.507,1.931
1978,2.507,1.935
1979,2.522,1.931
1980,2.507,1.935
1981,2.502,1.935
1982,2.498,1.935
1983,2.502,1.935
1984,2.493,1.935
1985,2.502,1.935
1986,2.502,1.940
1987,2.502,1.935
1988,2.674,1.935
1989,2.439,1.940
1990,2.375,1.940
1991,2.410,1.940
1992,2.473,1.945
1993,2.512,1.945
1994,2.527,1.940
1995,2.527,1.945
1996,2.517,1.945
1997,2.507,1.945
1998,2.507,1.950
1999,2.507,1.945
2000,2.502,1.950
2001,2.708,1.950
2002,2.502,1.950
2003,2.414,1.950
2004,2.429,1.950
2005,2.468,1.955
2006,2.512,1.950
2007,2.512,1.955
2008,2.517,1.955
2009,2.517,1.955
2010,2.502,1.955
2011,2.498,1.960
2012,2.502,1.955
2013,2.502,1.960
2014,2.507,1.960
2015,2.561,1.960
2016,2.732,1.960
2017,2.488,1.960
2018,2.385,1.965
2019,2.410,1.965
2020,2.458,1.965
2021,2.512,1.970
2022,2.527,1.965
2023,2.522,1.970
2024,2.507,1.970
2025,2.502,1.970
2026,2.498,1.970
2027,2.502,1.970
2028,2.502,1.970
2029,2.502,1.975
2030,2.502,1.975
2031,2.507,1.975
2032,2.512,1.975
2033,2.517,1.975
2034,2.507,1.975
2035,2.512,1.975
2036,2.512,1.975
2037,2.512,1.979
2038,2.517,1.979
2039,2.527,1.975
2040,2.517,1.979
2041,2.517,1.979
2042,2.512,1.979
2043,2.517,1.979
2044,2.507,1.979
2045,2.683,1.979
2046,2.454,1.984
2047,2.380,1.984
2048,2.414,1.984
2049,2.473,1.984
2050,2.517,1.984
2051,2.527,1.984
2052,2.512,1.989
2053,2.498,1.989
2054,2.493,1.989
2055,2.493,1.989
2056,2.498,1.989
2057,2.502,1.989
2058,2.512,1.994
2059,2.512,1.989
2060,2.512,1.994
2061,2.507,1.994
2062,2.493,1.994
2063,2.708,1.994
2064,2.424,1.989
2065,2.336,1.994
2066,2.380,1.994
2067,2.463,1.994
2068,2.522,1.999
2069,2.546,1.994
2070,2.532,1.994
2071,2.512,1.999
2072,2.507,1.994
2073,2.683,1.994
2074,2.458,1.999
2075,2.385,1.999
2076,2.424,1.999
2077,2.537,1.999
2078,2.546,1.999
2079,2.537,1.999
2080,2.527,1.999
2081,2.512,2.004
2082,2.507,2.004
2083,2.512,1.999
2084,2.502,2.004
2085,2.507,2.004
2086,2.502,2.004
2087,2.507,2.004
2088,2.512,2.004
2089,2.512,2.004
2090,2.512,2.009
2091,2.512,2.004
2092,2.498,2.009
2093,2.507,2.009
2094,2.502,2.004
2095,2.502,2.009
2096,2.498,2.009
2097,2.498,2.009
2098,2.498,2.014
2099,2.522,2.009
2100,2.502,2.009
2101,2.507,2.014
2102,2.688,2.014
2103,2.463,2.009
2104,2.390,2.014
2105,2.429,2.014
2106,2.493,2.014
2107,2.527,2.014
2108,2.527,2.014
2109,2.527,2.014
2110,2.522,2.019
2111,2.522,2.014
2112,2.512,2.019
2113,2.517,2.019
2114,2.512,2.019
2115,2.493,2.019
2116,2.502,2.019
2117,2.502,2.019
2118,2.517,2.023
2119,2.522,2.019
2120,2.527,2.019
2121,2.512,2.023
2122,2.512,2.023
2123,2.727,2.019
2124,2.493,2.019
2125,2.419,2.023
2126,2.434,2.023
2127,2.473,2.023
2128,2.512,2.028
2129,2.546,2.023
2130,2.717,2.023
2131,2.454,2.028
2132,2.380,2.028
2133,2.405,2.023
2134,2.468,2.028
2135,2.512,2.028
2136,2.537,2.028
2137,2.532,2.033
2138,2.512,2.033
2139,2.493,2.033
2140,2.542,2.033
2141,2.502,2.033
2142,2.493,2.033
2143,2.493,2.033
2144,2.493,2.033
2145,2.502,2.033
2146,2.502,2.038
2147,2.512,2.038
2148,2.517,2.038
2149,2.522,2.038
2150,2.522,2.038
2151,2.522,2.038
2152,2.512,2.043
2153,2.507,2.043
2154,2.507,2.038
2155,2.512,2.043
2156,2.522,2.043
2157,2.532,2.043
2158,2.522,2.043
2159,2.708,2.043
2160,2.454,2.043
2161,2.375,2.043
2162,2.410,2.043
2163,2.478,2.043
2164,2.522,2.048
2165,2.546,2.043
2166,2.542,2.043
2167,2.527,2.048
2168,2.517,2.043
2169,2.512,2.043
2170,2.507,2.048
2171,2.517,2.043
2172,2.517,2.048
2173,2.522,2.048
2174,2.522,2.043
2175,2.517,2.048
2176,2.517,2.043
2177,2.517,2.043
2178,2.512,2.043
2179,2.517,2.043
2180,2.522,2.043
2181,2.532,2.043
2182,2.522,2.038
2183,2.522,2.043
2184,2.507,2.043
2185,2.732,2.038
2186,2.419,2.038
2187,2.532,2.038
2188,2.356,2.033
2189,2.361,2.038
2190,2.444,2.038
2191,2.517,2.033
2192,2.551,2.038
2193,2.546,2.033
2194,2.527,2.033
2195,2.512,2.038
2196,2.517,2.033
2197,2.517,2.038
2198,2.522,2.033
2199,2.517,2.033
2200,2.517,2.038
2201,2.507,2.033
2202,2.512,2.033
2203,2.566,2.033
2204,2.527,2.033
2205,2.512,2.033
2206,2.507,2.033
2207,2.502,2.038
2208,2.502,2.033
2209,2.507,2.033
2210,2.517,2.038
2211,2.522,2.033
2212,2.512,2.038
2213,2.512,2.038
2214,2.512,2.033
2215,2.703,2.033
2216,2.463,2.038
2217,2.385,2.038
2218,2.410,2.038
2219,2.478,2.038
2220,2.522,2.038
2221,2.532,2.038
2222,2.532,2.043
2223,2.517,2.038
2224,2.502,2.043
2225,2.507,2.043
2226,2.507,2.038
2227,2.512,2.043
2228,2.522,2.043
2229,2.522,2.043
2230,2.517,2.043
2231,2.517,2.043
2232,2.512,2.043
2233,2.507,2.043
2234,2.522,2.043
2235,2.522,2.043
2236,2.522,2.048
2237,2.517,2.043
2238,2.517,2.048
2239,2.512,2.048
2240,2.512,2.048
2241,2.502,2.048
2242,2.478,2.048
2243,2.444,2.048
2244,2.625,2.048
2245,2.527,2.048
2246,2.317,2.053
2247,2.322,2.053
2248,2.419,2.053
2249,2.502,2.053
2250,2.546,2.053
2251,2.542,2.053
2252,2.527,2.058
2253,2.512,2.053
2254,2.522,2.053
2255,2.507,2.058
2256,2.507,2.053
2257,2.512,2.058
2258,2.502,2.058
2259,2.498,2.053
2260,2.502,2.058
2261,2.502,2.058
2262,2.512,2.058
2263,2.502,2.058
2264,2.502,2.058
2265,2.522,2.058
2266,2.615,2.058
2267,2.595,2.053
2268,2.566,2.048
2269,2.551,2.043
2270,2.527,2.038
2271,2.522,2.033
2272,2.717,2.023
2273,2.483,2.023
2274,2.414,2.023
2275,2.449,2.019
2276,2.507,2.019
2277,2.551,2.019
2278,2.556,2.019
2279,2.546,2.019
2280,2.532,2.019
2281,2.522,2.023
2282,2.522,2.023
2283,2.522,2.023
2284,2.527,2.028
2285,2.527,2.028
2286,2.522,2.023
2287,2.522,2.028
2288,2.527,2.023
2289,2.522,2.023
2290,2.527,2.023
2291,2.522,2.023
2292,2.527,2.023
2293,2.522,2.023
2294,2.522,2.019
2295,2.512,2.019
2296,2.517,2.014
2297,2.512,2.004
2298,2.502,2.004
2299,2.488,1.999
2300,2.483,1.994
2301,2.678,1.989
2302,2.498,1.994
2303,2.419,1.989
2304,2.434,1.984
2305,2.463,1.984
2306,2.820,1.979
2307,2.454,1.979
2308,2.346,1.975
2309,2.375,1.979
2310,2.458,1.975
2311,2.517,1.970
2312,2.537,1.975
2313,2.532,1.970
2314,2.512,1.970
2315,2.502,1.970
2316,2.493,1.965
2317,2.488,1.965
2318,2.473,1.965
2319,2.458,1.955
2320,2.444,1.955
2321,2.449,1.955
2322,2.458,1.950
2323,2.473,1.950
2324,2.488,1.945
2325,2.488,1.945
2326,2.488,1.945
2327,2.468,1.940
2328,2.468,1.940
2329,2.688,1.935
2330,2.439,1.935
2331,2.356,1.935
2332,2.375,1.935
2333,2.439,1.935
2334,2.483,1.931
2335,2.502,1.935
2336,2.507,1.935
2337,2.493,1.945
2338,2.473,1.950
2339,2.483,1.950
2340,2.458,1.955
2341,2.439,1.960
2342,2.429,1.955
2343,2.429,1.965
2344,2.434,1.965
2345,2.449,1.965
2346,2.454,1.970
2347,2.454,1.965
2348,2.449,1.970
2349,2.444,1.975
2350,2.449,1.970
2351,2.454,1.975
2352,2.454,1.979
2353,2.458,1.975
2354,2.463,1.984
2355,2.468,1.979
2356,2.463,1.979
2357,2.454,1.984
2358,2.630,1.984
2359,2.395,1.984
2360,2.326,1.984
2361,2.356,1.989
2362,2.429,1.984
2363,2.468,1.989
2364,2.493,1.989
2365,2.493,1.989
2366,2.488,1.994
2367,2.693,1.994
2368,2.468,1.994
2369,2.395,1.989
2370,2.390,1.994
2371,2.414,1.994
2372,2.454,1.989
2373,2.473,1.994
2374,2.483,1.994
2375,2.463,1.994
2376,2.468,1.994
2377,2.458,1.989
2378,2.468,1.989
2379,2.458,1.994
2380,2.463,1.989
2381,2.458,1.989
2382,2.463,1.989
2383,2.458,1.984
2384,2.468,1.984
2385,2.468,1.984
2386,2.664,1.979
2387,2.410,1.979
2388,2.341,1.979
2389,2.375,1.975
2390,2.439,1.975
2391,2.473,1.970
2392,2.546,1.965
2393,2.537,1.960
2394,2.498,1.960
2395,2.463,1.960
2396,2.444,1.955
2397,2.449,1.955
2398,2.463,1.950
2399,2.478,1.945
2400,2.463,1.945
2401,2.478,1.945
2402,2.468,1.940
2403,2.473,1.940
2404,2.468,1.935
2405,2.473,1.931
2406,2.473,1.935
2407,2.468,1.926
2408,2.463,1.931
2409,2.473,1.926
2410,2.468,1.921
2411,2.468,1.921
2412,2.463,1.921
2413,2.473,1.916
2414,2.468,1.916
2415,2.649,1.916
2416,2.400,1.911
2417,2.326,1.911
2418,2.370,1.911
2419,2.434,1.906
2420,2.488,1.906
2421,2.502,1.906
2422,2.493,1.901
2423,2.478,1.906
2424,2.473,1.906
2425,2.468,1.901
2426,2.468,1.906
2427,2.473,1.901
2428,2.463,1.901
2429,2.678,1.901
2430,2.395,1.901
2431,2.312,1.901
2432,2.356,1.901
2433,2.429,1.901
2434,2.478,1.901
2435,2.502,1.896
2436,2.493,1.901
2437,2.473,1.901
2438,2.463,1.901
2439,2.463,1.901
2440,2.463,1.901
2441,2.463,1.896
2442,2.468,1.901
2443,2.669,1.901
2444,2.429,1.896
2445,2.351,1.896
2446,2.390,1.896
2447,2.449,1.891
2448,2.483,1.891
2449,2.502,1.891
2450,2.493,1.887
2451,2.483,1.887
2452,2.468,1.882
2453,2.458,1.877
2454,2.454,1.882
2455,2.517,1.872
2456,2.517,1.867
2457,2.488,1.867
2458,2.473,1.867
2459,2.468,1.857
2460,2.463,1.857
2461,2.473,1.857
2462,2.478,1.848
2463,2.478,1.848
2464,2.468,1.843
2465,2.478,1.838
2466,2.493,1.838
2467,2.498,1.833
2468,2.483,1.828
2469,2.478,1.828
2470,2.478,1.823
2471,2.659,1.818
2472,2.429,1.818
2473,2.361,1.813
2474,2.385,1.808
2475,2.444,1.808
2476,2.488,1.808
2477,2.498,1.804
2478,2.488,1.804
2479,2.478,1.799
2480,2.468,1.799
2481,2.468,1.799
2482,2.483,1.794
2483,2.483,1.794
2484,2.483,1.794
2485,2.483,1.789
2486,2.483,1.794
2487,2.468,1.789
2488,2.473,1.789
2489,2.703,1.784
2490,2.468,1.784
2491,2.400,1.789
2492,2.414,1.784
2493,2.449,1.784
2494,2.478,1.789
2495,2.478,1.784
2496,2.463,1.789
2497,2.444,1.789
2498,2.424,1.784
2499,2.410,1.789
2500,2.605,1.789
2501,2.390,1.789
2502,2.336,1.789
2503,2.370,1.794
2504,2.434,1.789
2505,2.473,1.794
2506,2.483,1.799
2507,2.463,1.794
2508,2.454,1.799
2509,2.454,1.804
2510,2.454,1.799
2511,2.454,1.804
2512,2.532,1.804
2513,2.586,1.804
2514,2.556,1.808
2515,2.507,1.808
2516,2.478,1.813
2517,2.468,1.813
2518,2.542,1.813
2519,2.556,1.813
2520,2.478,1.818
2521,2.400,1.823
2522,2.395,1.823
2523,2.439,1.828
2524,2.493,1.833
2525,2.522,1.833
2526,2.507,1.843
2527,2.478,1.848
2528,2.620,1.852
2529,2.375,1.857
2530,2.307,1.862
2531,2.366,1.862
2532,2.444,1.867
2533,2.493,1.867
2534,2.527,1.867
2535,2.542,1.872
2536,2.537,1.872
2537,2.532,1.872
2538,2.507,1.877
2539,2.502,1.877
2540,2.498,1.872
2541,2.498,1.877
2542,2.502,1.877
2543,2.493,1.877
2544,2.488,1.882
2545,2.473,1.882
2546,2.463,1.882
2547,2.458,1.887
2548,2.454,1.882
2549,2.458,1.887
2550,2.444,1.887
2551,2.669,1.882
2552,2.390,1.882
2553,2.322,1.882
2554,2.370,1.887
2555,2.458,1.882
2556,2.502,1.882
2557,2.781,1.877
2558,2.258,1.877
2559,2.160,1.877
2560,2.287,1.877
2561,2.463,1.877
2562,2.561,1.872
2563,2.561,1.877
2564,2.522,1.872
2565,2.483,1.867
2566,2.458,1.872
2567,2.473,1.867
2568,2.473,1.867
2569,2.483,1.867
2570,2.478,1.862
2571,2.478,1.862
2572,2.468,1.862
2573,2.478,1.857
2574,2.483,1.862
2575,2.498,1.862
2576,2.502,1.857
2577,2.502,1.857
2578,2.507,1.857
2579,2.488,1.852
2580,2.542,1.857
2581,2.493,1.852
2582,2.478,1.852
2583,2.473,1.852
2584,2.483,1.852
2585,2.688,1.848
2586,2.439,1.848
2587,2.346,1.852
2588,2.385,1.848
2589,2.454,1.848
2590,2.517,1.848
2591,2.522,1.848
2592,2.512,1.848
2593,2.483,1.848
2594,2.483,1.843
2595,2.483,1.848
2596,2.493,1.848
2597,2.498,1.848
2598,2.498,1.848
2599,2.502,1.848
2600,2.493,1.848
2601,2.483,1.848
2602,2.483,1.848
2603,2.483,1.848
2604,2.478,1.848
2605,2.478,1.848
2606,2.483,1.852
2607,2.478,1.852
2608,2.493,1.848
2609,2.488,1.852
2610,2.703,1.852
2611,2.468,1.852
2612,2.395,1.848
2613,2.405,1.852
2614,2.664,1.852
2615,2.439,1.852
2616,2.375,1.852
2617,2.414,1.857
2618,2.473,1.857
2619,2.517,1.857
2620,2.527,1.862
2621,2.522,1.857
2622,2.498,1.862
2623,2.493,1.862
2624,2.493,1.862
2625,2.498,1.867
2626,2.488,1.867
2627,2.498,1.867
2628,2.488,1.872
2629,2.498,1.867
2630,2.483,1.867
2631,2.493,1.877
2632,2.493,1.872
2633,2.488,1.877
2634,2.483,1.877
2635,2.488,1.877
2636,2.493,1.882
2637,2.498,1.882
2638,2.512,1.877
2639,2.498,1.882
2640,2.488,1.887
2641,2.483,1.882
2642,2.722,1.882
2643,2.414,1.882
2644,2.380,1.887
2645,2.429,1.887
2646,2.488,1.887
2647,2.527,1.891
2648,2.532,1.891
2649,2.502,1.896
2650,2.478,1.896
2651,2.468,1.896
2652,2.468,1.901
2653,2.463,1.901
2654,2.449,1.901
2655,2.429,1.906
2656,2.429,1.911
2657,2.454,1.911
2658,2.478,1.916
2659,2.468,1.916
2660,2.444,1.916
2661,2.429,1.921
2662,2.439,1.921
2663,2.449,1.921
2664,2.463,1.926
2665,2.468,1.921
2666,2.473,1.926
2667,2.498,1.926
2668,2.556,1.921
2669,2.571,1.926
2670,2.551,1.921
2671,2.972,1.916
2672,2.341,1.916
2673,2.219,1.916
2674,2.322,1.916
2675,2.468,1.921
2676,2.556,1.921
2677,2.571,1.921
2678,2.542,1.926
2679,2.512,1.921
2680,2.493,1.926
2681,2.488,1.926
2682,2.498,1.926
2683,2.507,1.931
2684,2.507,1.931
2685,2.507,1.931
2686,2.502,1.935
2687,2.502,1.931
2688,2.498,1.931
2689,2.498,1.935
2690,2.498,1.935
2691,2.502,1.935
2692,2.507,1.935
2693,2.502,1.935
2694,2.507,1.940
2695,2.502,1.940
2696,2.502,1.935
2697,2.498,1.940
2698,2.522,1.940
2699,2.713,1.940
2700,2.439,1.940
2701,2.356,1.945
2702,2.395,1.940
2703,2.449,1.945
2704,2.493,1.945
2705,2.571,1.945
2706,2.527,1.945
2707,2.507,1.945
2708,2.498,1.950
2709,2.493,1.945
2710,2.483,1.950
2711,2.468,1.950
2712,2.463,1.950
2713,2.458,1.955
2714,2.468,1.955
2715,2.483,1.950
2716,2.507,1.955
2717,2.522,1.950
2718,2.517,1.950
2719,2.512,1.955
2720,2.512,1.950
2721,2.512,1.955
2722,2.512,1.955
2723,2.512,1.950
2724,2.507,1.955
2725,2.517,1.950
2726,2.507,1.950
2727,2.708,1.945
2728,2.458,1.950
2729,2.370,1.945
2730,2.400,1.945
2731,2.454,1.950
2732,2.669,1.945
2733,2.478,1.945
2734,2.405,1.940
2735,2.419,1.945
2736,2.473,1.940
2737,2.517,1.935
2738,2.532,1.940
2739,2.532,1.935
2740,2.522,1.935
2741,2.512,1.935
2742,2.502,1.931
2743,2.493,1.931
2744,2.507,1.926
2745,2.502,1.926
2746,2.498,1.926
2747,2.502,1.921
2748,2.507,1.921
2749,2.502,1.921
2750,2.493,1.916
2751,2.498,1.916
2752,2.493,1.916
2753,2.498,1.911
2754,2.498,1.916
2755,2.502,1.916
2756,2.727,1.911
2757,2.434,1.906
2758,2.356,1.911
2759,2.385,1.906
2760,2.463,1.906
2761,2.517,1.906
2762,2.542,1.906
2763,2.527,1.906
2764,2.517,1.906
2765,2.502,1.901
2766,2.517,1.906
2767,2.517,1.906
2768,2.571,1.901
2769,2.522,1.901
2770,2.512,1.906
2771,2.498,1.906
2772,2.483,1.901
2773,2.478,1.906
2774,2.478,1.906
2775,2.488,1.906
2776,2.493,1.906
2777,2.498,1.906
2778,2.498,1.906
2779,2.502,1.911
2780,2.498,1.906
2781,2.493,1.911
2782,2.498,1.911
2783,2.498,1.906
2784,2.717,1.906
2785,2.444,1.911
2786,2.361,1.911
2787,2.395,1.911
2788,2.444,1.916
2789,2.493,1.911
2790,2.517,1.916
2791,2.507,1.916
2792,2.498,1.916
2793,2.864,1.916
2794,2.463,1.916
2795,2.341,1.921
2796,2.370,1.921
2797,2.454,1.921
2798,2.507,1.926
2799,2.522,1.926
2800,2.512,1.926
2801,2.502,1.926
2802,2.512,1.926
2803,2.507,1.926
2804,2.512,1.931
2805,2.522,1.931
2806,2.522,1.931
2807,2.517,1.935
2808,2.522,1.931
2809,2.522,1.935
2810,2.517,1.935
2811,2.517,1.935
2812,2.512,1.940
2813,2.722,1.940
2814,2.434,1.940
2815,2.366,1.940
2816,2.410,1.945
2817,2.488,1.940
2818,2.532,1.945
2819,2.542,1.945
2820,2.517,1.945
2821,2.507,1.950
2822,2.498,1.950
2823,2.498,1.945
2824,2.493,1.955
2825,2.502,1.950
2826,2.502,1.950
2827,2.512,1.955
2828,2.512,1.955
2829,2.502,1.955
2830,2.498,1.960
2831,2.566,1.955
2832,2.527,1.955
2833,2.512,1.955
2834,2.507,1.960
2835,2.498,1.960
2836,2.512,1.960
2837,2.517,1.965
2838,2.512,1.960
2839,2.502,1.965
2840,2.507,1.965
2841,2.727,1.965
2842,2.454,1.965
2843,2.370,1.970
2844,2.410,1.965
2845,2.483,1.970
2846,2.522,1.970
2847,2.532,1.970
2848,2.527,1.975
2849,2.517,1.975
2850,2.507,1.970
2851,2.507,1.975
2852,2.512,1.975
2853,2.502,1.975
2854,2.669,1.970
2855,2.463,1.979
2856,2.400,1.979
2857,2.424,1.975
2858,2.473,1.979
2859,2.512,1.979
2860,2.522,1.979
2861,2.517,1.984
2862,2.517,1.979
2863,2.522,1.984
2864,2.512,1.984
2865,2.517,1.984
2866,2.507,1.984
2867,2.512,1.989
2868,2.507,1.984
2869,2.507,1.989
2870,2.722,1.989
2871,2.449,1.989
2872,2.370,1.989
2873,2.405,1.994
2874,2.478,1.989
2875,2.532,1.989
2876,2.546,1.994
2877,2.537,1.989
2878,2.527,1.994
2879,2.507,1.994
2880,2.507,1.994
2881,2.502,1.999
2882,2.512,1.999
2883,2.512,1.994
2884,2.512,1.999
2885,2.517,1.999
2886,2.522,1.999
2887,2.517,2.004
2888,2.512,1.999
2889,2.507,1.999
2890,2.507,2.004
2891,2.517,1.999
2892,2.522,2.004
2893,2.527,2.004
2894,2.586,1.999
2895,2.546,1.999
2896,2.522,2.004
2897,2.512,2.004
2898,2.737,2.004
2899,2.463,2.004
2900,2.366,2.009
2901,2.410,2.009
2902,2.478,2.009
2903,2.527,2.009
2904,2.542,2.009
2905,2.532,2.009
2906,2.517,2.014
2907,2.512,2.009
2908,2.512,2.014
2909,2.507,2.014
2910,2.512,2.009
2911,2.522,2.014
2912,2.512,2.014
2913,2.507,2.014
2914,2.517,2.019
2915,2.908,2.014
2916,2.507,2.014
2917,2.370,2.014
2918,2.390,2.019
2919,2.458,2.019
2920,2.527,2.014
2921,2.546,2.019
2922,2.546,2.019
2923,2.537,2.019
2924,2.512,2.023
2925,2.512,2.023
2926,2.498,2.019
2927,2.717,2.019
2928,2.419,2.023
2929,2.341,2.023
2930,2.380,2.023
2931,2.458,2.028
2932,2.507,2.023
2933,2.532,2.028
2934,2.527,2.028
2935,2.517,2.023
2936,2.502,2.028
2937,2.517,2.028
2938,2.507,2.028
2939,2.507,2.033
2940,2.502,2.028
2941,2.498,2.028
2942,2.483,2.033
2943,2.468,2.028
2944,2.463,2.033
2945,2.468,2.033
2946,2.468,2.023
2947,2.473,2.019
2948,2.468,1.999
2949,2.473,1.975
2950,2.458,1.960
2951,2.473,1.945
2952,2.493,1.935
2953,2.512,1.931
2954,2.522,1.911
2955,2.737,1.891
2956,2.454,1.882
2957,2.463,1.872
2958,2.610,1.867
2959,2.649,1.857
2960,2.625,1.857
2961,2.595,1.857
2962,2.571,1.852
2963,2.546,1.857
2964,2.546,1.857
2965,2.542,1.857
2966,2.527,1.862
2967,2.537,1.852
2968,2.537,1.848
2969,2.522,1.848
2970,2.532,1.833
2971,2.537,1.818
2972,2.537,1.804
2973,2.532,1.789
2974,2.532,1.784
2975,2.517,1.774
2976,2.669,1.764
2977,2.444,1.760
2978,2.390,1.764
2979,2.434,1.769
2980,2.502,1.774
2981,2.556,1.789
2982,2.571,1.784
2983,2.786,1.750
2984,2.488,1.725
2985,2.370,1.711
2986,2.395,1.701
2987,2.449,1.696
2988,2.512,1.691
2989,2.532,1.686
2990,2.527,1.681
2991,2.512,1.681
2992,2.512,1.676
2993,2.502,1.681
2994,2.507,1.681
2995,2.512,1.676
2996,2.522,1.681
2997,2.542,1.676
2998,2.532,1.676
2999,2.522,1.681
3000,2.532,1.676
3001,2.537,1.681
3002,2.556,1.681
3003,2.556,1.676
3004,2.546,1.681
3005,2.527,1.681
3006,2.522,1.681
3007,2.527,1.686
3008,2.527,1.686
3009,2.532,1.686
3010,2.537,1.691
3011,2.542,1.686
3012,2.761,1.686
3013,2.439,1.691
3014,2.346,1.691
3015,2.405,1.691
3016,2.517,1.696
3017,2.600,1.696
3018,2.615,1.691
3019,2.571,1.696
3020,2.561,1.696
3021,2.507,1.701
3022,2.468,1.696
3023,2.478,1.701
3024,2.498,1.701
3025,2.517,1.701
3026,2.517,1.706
3027,2.542,1.706
3028,2.517,1.706
3029,2.507,1.706
3030,2.507,1.706
3031,2.517,1.706
3032,2.522,1.706
3033,2.532,1.701
3034,2.546,1.706
3035,2.571,1.706
3036,2.600,1.701
3037,2.977,1.696
3038,2.546,1.696
3039,2.375,1.696
3040,2.620,1.696
3041,2.424,1.691
3042,2.390,1.691
3043,2.458,1.691
3044,2.542,1.686
3045,2.590,1.686
3046,2.595,1.681
3047,2.571,1.676
3048,2.542,1.681
3049,2.537,1.676
3050,2.532,1.672
3051,2.542,1.672
3052,2.542,1.667
3053,2.546,1.662
3054,2.542,1.662
3055,2.542,1.657
3056,2.532,1.657
3057,2.556,1.657
3058,2.537,1.652
3059,2.532,1.652
3060,2.532,1.652
3061,2.542,1.647
3062,2.537,1.652
3063,2.537,1.652
3064,2.537,1.652
3065,2.546,1.657
3066,2.537,1.657
3067,2.532,1.662
3068,2.522,1.667
3069,2.786,1.662
3070,2.473,1.662
3071,2.385,1.662
3072,2.424,1.662
3073,2.502,1.657
3074,2.551,1.662
3075,2.566,1.657
3076,2.561,1.657
3077,2.546,1.657
3078,2.546,1.657
3079,2.537,1.652
3080,2.537,1.657
3081,2.537,1.652
3082,2.527,1.652
3083,2.600,1.652
3084,2.625,1.652
3085,2.576,1.647
3086,2.532,1.652
3087,2.532,1.652
3088,2.522,1.652
3089,2.532,1.657
3090,2.532,1.662
3091,2.537,1.657
3092,2.542,1.662
3093,2.546,1.662
3094,2.546,1.662
3095,2.537,1.667
3096,2.532,1.662
3097,2.972,1.667
3098,2.439,1.662
3099,2.283,1.662
3100,2.346,1.667
3101,2.449,1.667
3102,2.527,1.667
3103,2.532,1.672
3104,2.527,1.672
3105,2.507,1.672
3106,2.522,1.676
3107,2.542,1.672
3108,2.561,1.676
3109,2.571,1.676
3110,2.566,1.676
3111,2.551,1.681
3112,2.546,1.681
3113,2.522,1.681
3114,2.507,1.681
3115,2.483,1.681
3116,2.478,1.681
3117,2.483,1.686
3118,2.493,1.681
3119,2.512,1.686
3120,2.532,1.686
3121,2.537,1.681
3122,2.546,1.686
3123,2.551,1.686
3124,2.542,1.686
3125,2.537,1.691
3126,2.796,1.691
3127,2.478,1.691
3128,2.385,1.691
3129,2.424,1.696
3130,2.512,1.696
3131,2.561,1.701
3132,2.571,1.701
3133,2.561,1.701
3134,2.542,1.706
3135,2.522,1.706
3136,2.507,1.706
3137,2.502,1.706
3138,2.522,1.706
3139,2.532,1.706
3140,2.551,1.711
3141,2.571,1.711
3142,2.576,1.711
3143,2.556,1.716
3144,2.537,1.711
3145,2.517,1.716
3146,2.610,1.716
3147,2.659,1.716
3148,2.605,1.716
3149,2.561,1.720
3150,2.542,1.720
3151,2.537,1.720
3152,2.537,1.725
3153,2.542,1.720
3154,2.805,1.720
3155,2.493,1.725
3156,2.395,1.725
3157,2.429,1.725
3158,2.488,1.730
3159,2.820,1.725
3160,2.488,1.730
3161,2.380,1.730
3162,2.405,1.730
3163,2.488,1.735
3164,2.546,1.730
3165,2.566,1.730
3166,2.546,1.730
3167,2.542,1.730
3168,2.537,1.730
3169,2.537,1.735
3170,2.546,1.730
3171,2.566,1.735
3172,2.571,1.735
3173,2.576,1.735
3174,2.546,1.740
3175,2.546,1.740
3176,2.537,1.740
3177,2.561,1.745
3178,2.542,1.740
3179,2.532,1.740
3180,2.527,1.745
3181,2.542,1.745
3182,2.532,1.745
3183,2.801,1.750
3184,2.463,1.750
3185,2.366,1.750
3186,2.410,1.755
3187,2.507,1.755
3188,2.566,1.755
3189,2.590,1.760
3190,2.576,1.760
3191,2.556,1.760
3192,2.546,1.764
3193,2.542,1.760
3194,2.537,1.764
3195,2.542,1.769
3196,2.542,1.764
3197,2.556,1.769
3198,2.542,1.769
3199,2.537,1.769
3200,2.537,1.774
3201,2.546,1.774
3202,2.551,1.774
3203,2.546,1.774
3204,2.546,1.774
3205,2.537,1.774
3206,2.537,1.779
3207,2.556,1.774
3208,2.542,1.779
3209,2.605,1.779
3210,2.620,1.779
3211,2.840,1.779
3212,2.561,1.779
3213,2.395,1.784
3214,2.370,1.784
3215,2.419,1.784
3216,2.458,1.789
3217,2.488,1.789
3218,2.498,1.789
3219,2.717,1.789
3220,2.458,1.789
3221,2.385,1.789
3222,2.400,1.789
3223,2.434,1.794
3224,2.478,1.794
3225,2.488,1.794
3226,2.493,1.799
3227,2.478,1.794
3228,2.478,1.799
3229,2.473,1.799
3230,2.488,1.799
3231,2.478,1.804
3232,2.493,1.804
3233,2.488,1.799
3234,2.483,1.804
3235,2.483,1.804
3236,2.488,1.804
3237,2.502,1.808
3238,2.488,1.804
3239,2.708,1.804
3240,2.424,1.808
3241,2.326,1.808
3242,2.356,1.808
3243,2.424,1.813
3244,2.473,1.813
3245,2.488,1.813
3246,2.483,1.813
3247,2.468,1.813
3248,2.458,1.818
3249,2.463,1.818
3250,2.468,1.813
3251,2.473,1.818
3252,2.478,1.818
3253,2.478,1.818
3254,2.478,1.823
3255,2.483,1.818
3256,2.468,1.818
3257,2.458,1.823
3258,2.468,1.818
3259,2.473,1.823
3260,2.473,1.823
3261,2.468,1.823
3262,2.468,1.828
3263,2.463,1.828
3264,2.463,1.823
3265,2.468,1.828
3266,2.468,1.828
3267,2.473,1.828
3268,2.693,1.828
3269,2.380,1.828
3270,2.292,1.828
3271,2.395,1.828
3272,2.454,1.833
3273,2.493,1.828
3274,2.502,1.833
3275,2.483,1.833
3276,2.468,1.833
3277,2.463,1.833
3278,2.468,1.833
3279,2.473,1.833
3280,2.478,1.838
3281,2.796,1.833
3282,2.478,1.833
3283,2.380,1.838
3284,2.380,1.833
3285,2.429,1.838
3286,2.478,1.838
3287,2.493,1.838
3288,2.483,1.843
3289,2.483,1.843
3290,2.463,1.838
3291,2.458,1.843
3292,2.463,1.843
3293,2.463,1.843
3294,2.458,1.843
3295,2.468,1.843
3296,2.708,1.843
3297,2.424,1.848
3298,2.326,1.848
3299,2.366,1.843
3300,2.439,1.848
3301,2.502,1.848
3302,2.512,1.848
3303,2.502,1.848
3304,2.498,1.848
3305,2.498,1.848
3306,2.483,1.852
3307,2.478,1.848
3308,2.478,1.852
3309,2.478,1.852
3310,2.473,1.852
3311,2.468,1.852
3312,2.478,1.852
3313,2.478,1.852
3314,2.478,1.857
3315,2.483,1.857
3316,2.483,1.852
3317,2.488,1.857
3318,2.488,1.857
3319,2.483,1.857
3320,2.493,1.857
3321,2.493,1.857
3322,2.478,1.857
3323,2.478,1.862
3324,2.473,1.857
3325,2.713,1.857
3326,2.400,1.862
3327,2.317,1.857
3328,2.341,1.857
3329,2.405,1.862
3330,2.458,1.862
3331,2.483,1.862
3332,2.488,1.862
3333,2.478,1.862
3334,2.527,1.862
3335,2.639,1.833
3336,2.590,1.828
3337,2.625,1.828
3338,2.595,1.828
3339,2.620,1.828
3340,2.615,1.833
3341,2.542,1.848
3342,2.512,1.852
3343,2.517,1.862
3344,2.502,1.867
3345,2.483,1.867
3346,2.483,1.872
3347,2.473,1.877
3348,2.473,1.872
3349,2.473,1.877
3350,2.488,1.877
3351,2.473,1.877
3352,2.463,1.882
3353,2.713,1.882
3354,2.410,1.877
3355,2.326,1.882
3356,2.380,1.882
3357,2.449,1.877
3358,2.507,1.882
3359,2.512,1.882
3360,2.507,1.882
3361,2.498,1.887
3362,2.493,1.882
3363,2.493,1.887
3364,2.498,1.887
3365,2.502,1.882
3366,2.507,1.887
3367,2.507,1.887
3368,2.502,1.887
3369,2.498,1.887
3370,2.512,1.887
3371,2.493,1.887
3372,2.478,1.891
3373,2.483,1.887
3374,2.493,1.887
3375,2.502,1.891
3376,2.498,1.887
3377,2.493,1.891
3378,2.478,1.891
3379,2.478,1.887
3380,2.478,1.891
3381,2.483,1.891
3382,2.732,1.891
3383,2.405,1.891
3384,2.312,1.896
3385,2.370,1.891
3386,2.458,1.891
3387,2.517,1.896
3388,2.532,1.891
3389,2.512,1.896
3390,2.498,1.896
3391,2.488,1.891
3392,2.493,1.896
3393,2.498,1.896
3394,2.498,1.896
3395,2.493,1.896
3396,2.488,1.896
3397,2.551,1.896
3398,2.488,1.891
3399,2.507,1.896
3400,2.507,1.896
3401,2.713,1.896
3402,2.405,1.891
3403,2.317,1.896
3404,2.380,1.901
3405,2.463,1.896
3406,2.522,1.901
3407,2.532,1.901
3408,2.517,1.896
3409,2.478,1.901
3410,2.713,1.901
3411,2.405,1.896
3412,2.322,1.901
3413,2.370,1.901
3414,2.454,1.901
3415,2.498,1.901
3416,2.517,1.901
3417,2.517,1.901
3418,2.498,1.906
3419,2.478,1.901
3420,2.473,1.901
3421,2.473,1.906
3422,2.478,1.901
3423,2.493,1.906
3424,2.498,1.906
3425,2.498,1.901
3426,2.493,1.906
3427,2.498,1.906
3428,2.502,1.901
3429,2.502,1.906
3430,2.502,1.906
3431,2.483,1.906
3432,2.473,1.911
3433,2.483,1.906
3434,2.478,1.906
3435,2.463,1.911
3436,2.444,1.906
3437,2.454,1.911
3438,2.473,1.911
3439,2.727,1.911
3440,2.410,1.906
3441,2.307,1.911
3442,2.370,1.911
3443,2.444,1.911
3444,2.512,1.911
3445,2.532,1.911
3446,2.522,1.911
3447,2.502,1.916
3448,2.502,1.911
3449,2.488,1.916
3450,2.488,1.916
3451,2.483,1.911
3452,2.478,1.916
3453,2.488,1.916
3454,2.498,1.911
3455,2.498,1.916
3456,2.498,1.916
3457,2.507,1.916
3458,2.517,1.916
3459,2.517,1.916
3460,2.576,1.916
3461,2.771,1.911
3462,2.512,1.911
3463,2.429,1.916
3464,2.434,1.916
3465,2.473,1.916
3466,2.517,1.921
3467,2.786,1.921
3468,2.449,1.916
3469,2.346,1.916
3470,2.385,1.921
3471,2.463,1.916
3472,2.527,1.921
3473,2.542,1.921
3474,2.546,1.916
3475,2.507,1.921
3476,2.512,1.921
3477,2.498,1.921
3478,2.502,1.926
3479,2.498,1.921
3480,2.502,1.921
3481,2.498,1.926
3482,2.498,1.921
3483,2.488,1.926
3484,2.473,1.926
3485,2.454,1.921
3486,2.434,1.926
3487,2.424,1.926
3488,2.444,1.926
3489,2.454,1.926
3490,2.454,1.926
3491,2.468,1.926
3492,2.576,1.926
3493,2.634,1.926
3494,2.605,1.926
3495,2.771,1.926
3496,2.429,1.926
3497,2.331,1.926
3498,2.370,1.931
3499,2.473,1.931
3500,2.542,1.931
3501,2.551,1.931
3502,2.522,1.931
3503,2.512,1.931
3504,2.502,1.935
3505,2.502,1.935
3506,2.493,1.935
3507,2.512,1.940
3508,2.507,1.935
3509,2.522,1.940
3510,2.522,1.940
3511,2.522,1.940
3512,2.512,1.940
3513,2.517,1.940
3514,2.512,1.940
3515,2.512,1.940
3516,2.517,1.940
3517,2.512,1.940
3518,2.502,1.940
3519,2.512,1.940
3520,2.517,1.945
3521,2.507,1.945
3522,2.507,1.940
3523,2.918,1.940
3524,2.615,1.940
3525,2.239,1.940
3526,2.209,1.940
3527,2.326,1.945
3528,2.463,1.945
3529,2.527,1.945
3530,2.551,1.945
3531,2.532,1.945
3532,2.507,1.945
3533,2.488,1.945
3534,2.512,1.945
3535,2.532,1.945
3536,2.546,1.950
3537,2.546,1.945
3538,2.532,1.950
3539,2.512,1.950
3540,2.512,1.945
3541,2.512,1.950
3542,2.502,1.945
3543,2.507,1.945
3544,2.502,1.950
3545,2.502,1.945
3546,2.502,1.945
3547,2.517,1.945
3548,2.522,1.945
3549,2.522,1.945
3550,2.527,1.945
3551,2.522,1.940
3552,2.761,1.940
3553,2.449,1.940
3554,2.361,1.940
3555,2.385,1.940
3556,2.473,1.940
3557,2.527,1.935
3558,2.546,1.935
3559,2.532,1.935
3560,2.512,1.931
3561,2.498,1.931
3562,2.493,1.931
3563,2.478,1.926
3564,2.468,1.926
3565,2.468,1.926
3566,2.507,1.921
3567,2.527,1.926
3568,2.527,1.921
3569,2.517,1.921
3570,2.507,1.921
3571,2.502,1.916
3572,2.512,1.916
3573,2.512,1.916
3574,2.507,1.911
3575,2.493,1.911
3576,2.483,1.911
3577,2.483,1.911
3578,2.478,1.911
3579,2.473,1.906
3580,2.488,1.906
3581,2.732,1.906
3582,2.419,1.906
3583,2.331,1.906
3584,2.630,1.901
3585,2.483,1.906
3586,2.517,1.906
3587,2.556,1.906
3588,2.551,1.906
3589,2.546,1.906
3590,2.546,1.906
3591,2.551,1.906
3592,2.556,1.906
3593,2.556,1.906
3594,2.537,1.906
3595,2.517,1.906
3596,2.512,1.906
3597,2.512,1.901
3598,2.507,1.906
3599,2.493,1.906
3600,2.507,1.906
3601,2.512,1.906
3602,2.522,1.906
3603,2.542,1.906
3604,2.546,1.906
3605,2.542,1.906
3606,2.532,1.906
3607,2.517,1.906
3608,2.502,1.906
3609,2.781,1.901
3610,2.473,1.906
3611,2.385,1.906
3612,2.419,1.906
3613,2.478,1.906
3614,2.532,1.906
3615,2.546,1.911
3616,2.537,1.911
3617,2.517,1.911
3618,2.493,1.916
3619,2.517,1.916
3620,2.527,1.916
3621,2.527,1.916
3622,2.522,1.916
3623,2.522,1.916
3624,2.512,1.921
3625,2.498,1.921
3626,2.473,1.921
3627,2.483,1.921
3628,2.493,1.921
3629,2.493,1.921
3630,2.483,1.921
3631,2.478,1.921
3632,2.473,1.926
3633,2.488,1.926
3634,2.517,1.926
3635,2.542,1.926
3636,2.556,1.926
3637,2.561,1.926
3638,2.796,1.926
3639,2.429,1.926
3640,2.326,1.926
3641,2.380,1.931
3642,2.478,1.931
3643,2.542,1.931
3644,2.556,1.931
3645,2.893,1.931
3646,2.483,1.931
3647,2.380,1.931
3648,2.424,1.935
3649,2.581,1.935
3650,2.639,1.935
3651,2.600,1.935
3652,2.537,1.935
3653,2.493,1.940
3654,2.478,1.935
3655,2.483,1.940
3656,2.502,1.940
3657,2.512,1.940
3658,2.522,1.945
3659,2.532,1.945
3660,2.532,1.945
3661,2.522,1.945
3662,2.512,1.945
3663,2.512,1.945
3664,2.512,1.945
3665,2.522,1.945
3666,2.801,1.945
3667,2.473,1.950
3668,2.370,1.950
3669,2.405,1.950
3670,2.468,1.950
3671,2.507,1.950
3672,2.522,1.950
3673,2.522,1.955
3674,2.527,1.955
3675,2.532,1.955
3676,2.522,1.955
3677,2.527,1.955
3678,2.522,1.955
3679,2.522,1.955
3680,2.522,1.955
3681,2.512,1.960
3682,2.507,1.960
3683,2.502,1.960
3684,2.493,1.960
3685,2.507,1.960
3686,2.537,1.960
3687,2.542,1.965
3688,2.537,1.960
3689,2.532,1.965
3690,2.527,1.965
3691,2.522,1.965
3692,2.532,1.965
3693,2.532,1.965
3694,2.532,1.965
3695,2.776,1.965
3696,2.419,1.970
3697,2.331,1.965
3698,2.405,1.970
3699,2.488,1.970
3700,2.556,1.970
3701,2.566,1.970
3702,2.556,1.970
3703,2.522,1.970
3704,2.488,1.975
3705,2.458,1.970
3706,2.669,1.970
3707,2.478,1.970
3708,2.414,1.975
3709,2.439,1.975
3710,2.483,1.975
3711,2.507,1.975
3712,2.586,1.975
3713,2.600,1.975
3714,2.556,1.975
3715,2.532,1.975
3716,2.551,1.975
3717,2.581,1.975
3718,2.571,1.979
3719,2.512,1.975
3720,2.463,1.979
3721,2.439,1.979
3722,2.454,1.975
3723,2.761,1.975
3724,2.429,1.979
3725,2.341,1.979
3726,2.385,1.979
3727,2.502,1.979
3728,2.595,1.979
3729,2.639,1.979
3730,2.610,1.979
3731,2.581,1.979
3732,2.542,1.979
3733,2.522,1.979
3734,2.493,1.979
3735,2.493,1.984
3736,2.507,1.984
3737,2.522,1.979
3738,2.512,1.984
3739,2.502,1.984
3740,2.483,1.984
3741,2.458,1.984
3742,2.439,1.984
3743,2.458,1.984
3744,2.493,1.989
3745,2.532,1.984
3746,2.546,1.989
3747,2.561,1.989
3748,2.556,1.989
3749,2.551,1.989
3750,2.527,1.989
3751,2.781,1.984
3752,2.507,1.989
3753,2.458,1.989
3754,2.498,1.989
3755,2.546,1.989
3756,2.556,1.989
3757,2.546,1.989
3758,2.532,1.989
3759,2.522,1.989
3760,2.522,1.989
3761,2.522,1.994
3762,2.527,1.989
3763,2.537,1.994
3764,2.542,1.994
3765,2.537,1.994
3766,2.537,1.994
3767,2.933,1.994
3768,2.512,1.994
3769,2.375,1.994
3770,2.395,1.994
3771,2.478,1.999
3772,2.542,1.999
3773,2.566,1.999
3774,2.546,1.999
3775,2.610,1.999
3776,2.590,1.999
3777,2.512,1.999
3778,2.463,2.004
3779,2.458,1.999
3780,2.771,1.999
3781,2.468,2.004
3782,2.405,2.004
3783,2.454,2.004
3784,2.542,2.004
3785,2.551,2.004
3786,2.532,2.004
3787,2.512,2.009
3788,2.522,2.004
3789,2.537,2.004
3790,2.542,2.009
3791,2.537,2.004
3792,2.527,2.009
3793,2.507,2.009
3794,2.483,2.009
3795,2.478,2.009
3796,2.498,2.009
3797,2.488,2.009
3798,2.478,2.009
3799,2.458,2.009
3800,2.463,2.009
3801,2.473,2.014
3802,2.483,2.009
3803,2.488,2.014
3804,2.527,2.014
3805,2.586,2.009
3806,2.605,2.009
3807,2.590,2.009
3808,2.820,2.009
3809,2.498,2.009
3810,2.414,2.014
3811,2.483,2.009
3812,2.556,2.014
3813,2.595,2.014
3814,2.605,2.014
3815,2.581,2.019
3816,2.551,2.019
3817,2.537,2.019
3818,2.532,2.023
3819,2.532,2.019
3820,2.542,2.019
3821,2.532,2.023
3822,2.542,2.019
3823,2.551,2.023
3824,2.556,2.023
3825,2.561,2.023
3826,2.566,2.028
3827,2.551,2.028
3828,2.747,2.028
3829,2.507,2.023
3830,2.439,2.028
3831,2.449,2.028
3832,2.512,2.028
3833,2.566,2.033
3834,2.586,2.033
3835,2.571,2.028
3836,2.556,2.033
3837,2.869,2.033
3838,2.419,2.033
3839,2.351,2.028
3840,2.424,2.033
3841,2.512,2.033
3842,2.561,2.033
3843,2.571,2.033
3844,2.561,2.033
3845,2.556,2.033
3846,2.546,2.038
3847,2.546,2.038
3848,2.551,2.033
3849,2.571,2.038
3850,2.561,2.038
3851,2.556,2.038
3852,2.546,2.038
3853,2.551,2.038
3854,2.542,2.038
3855,2.542,2.038
3856,2.542,2.038
3857,2.546,2.038
3858,2.542,2.043
3859,2.546,2.038
3860,2.542,2.043
3861,2.546,2.043
3862,2.546,2.038
3863,2.546,2.043
3864,2.551,2.043
3865,2.840,2.038
3866,2.488,2.043
3867,2.380,2.043
3868,2.419,2.038
3869,2.512,2.043
3870,2.561,2.043
3871,2.586,2.043
3872,2.576,2.043
3873,2.566,2.043
3874,2.546,2.043
3875,2.542,2.043
3876,2.542,2.043
3877,2.546,2.043
3878,2.546,2.043
3879,2.542,2.043
3880,2.551,2.048
3881,2.551,2.043
3882,2.551,2.043
3883,2.551,2.048
3884,2.561,2.043
3885,2.561,2.043
3886,2.556,2.048
3887,2.556,2.043
3888,2.561,2.043
3889,2.947,2.038
3890,2.537,2.043
3891,2.395,2.043
3892,2.414,2.043
3893,2.483,2.043
3894,2.854,2.043
3895,2.493,2.043
3896,2.366,2.043
3897,2.410,2.043
3898,2.493,2.043
3899,2.566,2.043
3900,2.634,2.043
3901,2.581,2.043
3902,2.566,2.038
3903,2.546,2.043
3904,2.537,2.043
3905,2.546,2.038
3906,2.556,2.043
3907,2.556,2.043
3908,2.556,2.038
3909,2.566,2.043
3910,2.556,2.043
3911,2.551,2.038
3912,2.551,2.043
3913,2.551,2.038
3914,2.551,2.038
3915,2.546,2.043
3916,2.551,2.038
3917,2.546,2.038
3918,2.551,2.038
3919,2.551,2.038
3920,2.551,2.038
3921,2.542,2.038
3922,2.840,2.033
3923,2.478,2.033
3924,2.351,2.038
3925,2.395,2.033
3926,2.493,2.033
3927,2.566,2.033
3928,2.595,2.033
3929,2.581,2.033
3930,2.571,2.033
3931,2.561,2.028
3932,2.551,2.033
3933,2.551,2.028
3934,2.551,2.028
3935,2.542,2.028
3936,2.546,2.028
3937,2.546,2.028
3938,2.546,2.028
3939,2.551,2.023
3940,2.551,2.028
3941,2.551,2.028
3942,2.551,2.023
3943,2.551,2.028
3944,2.546,2.023
3945,2.546,2.023
3946,2.546,2.023
3947,2.542,2.023
3948,2.546,2.023
3949,2.532,2.023
3950,2.727,2.023
3951,2.771,2.019
3952,2.341,2.019
3953,2.268,2.019
3954,2.385,2.023
3955,2.522,2.019
3956,2.600,2.023
3957,2.595,2.023
3958,2.576,2.019
3959,2.556,2.023
3960,2.551,2.019
3961,2.546,2.019
3962,2.546,2.023
3963,2.610,2.019
3964,2.561,2.019
3965,2.556,2.019
3966,2.537,2.019
3967,2.542,2.019
3968,2.546,2.019
3969,2.571,2.023
3970,2.551,2.019
3971,2.546,2.019
3972,2.546,2.023
3973,2.551,2.019
3974,2.556,2.023
3975,2.566,2.023
3976,2.566,2.019
3977,2.571,2.023
3978,2.551,2.023
3979,2.859,2.019
3980,2.478,2.023
3981,2.356,2.023
3982,2.400,2.019
3983,2.502,2.023
3984,2.566,2.023
3985,2.595,2.023
3986,2.576,2.023
3987,2.566,2.023
3988,2.551,2.023
3989,2.546,2.028
3990,2.542,2.023
3991,2.551,2.028
3992,2.542,2.028
3993,2.546,2.023
3994,2.542,2.028
3995,2.551,2.028
3996,2.551,2.028
3997,2.556,2.033
3998,2.556,2.028
3999,2.561,2.028
4000,2.566,2.033
4001,2.556,2.033
4002,2.561,2.033
4003,2.561,2.033
4004,2.561,2.033
4005,2.561,2.033
4006,2.561,2.033
4007,2.845,2.033
4008,2.517,2.033
4009,2.390,2.033
4010,2.419,2.033
4011,2.786,2.033
4012,2.502,2.033
4013,2.395,2.033
4014,2.429,2.038
4015,2.507,2.033
4016,2.566,2.038
4017,2.581,2.038
4018,2.581,2.033
4019,2.576,2.038
4020,2.556,2.038
4021,2.556,2.038
4022,2.551,2.038
4023,2.561,2.038
4024,2.566,2.038
4025,2.561,2.038
4026,2.620,2.038
4027,2.576,2.033
4028,2.566,2.038
4029,2.566,2.038
4030,2.551,2.038
4031,2.551,2.038
4032,2.546,2.038
4033,2.546,2.038
4034,2.551,2.038
4035,2.542,2.038
4036,2.854,2.038
4037,2.478,2.038
4038,2.351,2.043
4039,2.405,2.038
4040,2.498,2.038
4041,2.571,2.043
4042,2.595,2.038
4043,2.586,2.043
4044,2.566,2.043
4045,2.556,2.038
4046,2.551,2.043
4047,2.556,2.043
4048,2.551,2.038
4049,2.551,2.043
4050,2.556,2.043
4051,2.561,2.043
4052,2.561,2.043
4053,2.571,2.043
4054,2.566,2.043
4055,2.556,2.043
4056,2.551,2.043
4057,2.546,2.048
4058,2.561,2.043
4059,2.561,2.043
4060,2.561,2.048
4061,2.551,2.043
4062,2.556,2.043
4063,2.556,2.048
4064,2.854,2.048
4065,2.522,2.043
4066,2.410,2.048
4067,2.444,2.048
4068,2.532,2.043
4069,2.586,2.048
4070,2.600,2.048
4071,2.874,2.043
4072,2.586,2.043
4073,2.473,2.048
4074,2.468,2.048
4075,2.512,2.043
4076,2.556,2.048
4077,2.590,2.048
4078,2.581,2.048
4079,2.566,2.048
4080,2.556,2.048
4081,2.561,2.048
4082,2.561,2.048
4083,2.561,2.043
4084,2.561,2.048
4085,2.556,2.048
4086,2.561,2.043
4087,2.561,2.043
4088,2.571,2.043
4089,2.639,2.038
4090,2.590,2.038
4091,2.576,2.038
4092,2.561,2.038
4093,2.869,2.033
4094,2.468,2.038
4095,2.356,2.038
4096,2.410,2.033
4097,2.512,2.038
4098,2.586,2.038
4099,2.605,2.033
4100,2.595,2.038
4101,2.576,2.033
4102,2.556,2.033
4103,2.561,2.033
4104,2.546,2.033
4105,2.561,2.033
4106,2.556,2.033
4107,2.561,2.028
4108,2.561,2.033
4109,2.576,2.033
4110,2.576,2.028
4111,2.571,2.033
4112,2.566,2.028
4113,2.576,2.028
4114,2.566,2.028
4115,2.571,2.028
4116,2.571,2.028
4117,2.561,2.028
4118,2.551,2.023
4119,2.556,2.028
4120,2.556,2.028
4121,2.859,2.028
4122,2.590,2.023
4123,2.419,2.028
4124,2.385,2.023
4125,2.405,2.023
4126,2.458,2.028
4127,2.493,2.023
4128,2.507,2.028
4129,2.507,2.028
4130,2.502,2.023
4131,2.502,2.028
4132,2.483,2.028
4133,2.688,2.023
4134,2.434,2.023
4135,2.351,2.023
4136,2.395,2.028
4137,2.454,2.028
4138,2.502,2.028
4139,2.507,2.028
4140,2.517,2.028
4141,2.507,2.033
4142,2.502,2.033
4143,2.498,2.028
4144,2.493,2.033
4145,2.493,2.033
4146,2.483,2.033
4147,2.483,2.033
4148,2.478,2.033
4149,2.483,2.033
4150,2.747,2.033
4151,2.390,2.033
4152,2.346,2.033
4153,2.366,2.038
4154,2.434,2.038
4155,2.493,2.038
4156,2.507,2.038
4157,2.507,2.038
4158,2.502,2.038
4159,2.488,2.043
4160,2.478,2.038
4161,2.478,2.043
4162,2.478,2.043
4163,2.483,2.038
4164,2.473,2.043
4165,2.473,2.043
4166,2.483,2.043
4167,2.483,2.043
4168,2.468,2.043
4169,2.468,2.043
4170,2.473,2.048
4171,2.478,2.043
4172,2.483,2.048
4173,2.488,2.048
4174,2.493,2.043
4175,2.488,2.048
4176,2.498,2.048
4177,2.507,2.048
4178,2.771,2.048
4179,2.439,2.048
4180,2.326,2.043
4181,2.351,2.048
4182,2.439,2.048
4183,2.498,2.048
4184,2.517,2.048
4185,2.507,2.048
4186,2.498,2.048
4187,2.478,2.053
4188,2.468,2.048
4189,2.468,2.053
4190,2.473,2.053
4191,2.473,2.048
4192,2.478,2.053
4193,2.468,2.053
4194,2.634,2.053
4195,2.454,2.048
4196,2.390,2.053
4197,2.424,2.053
4198,2.468,2.053
4199,2.507,2.053
4200,2.502,2.053
4201,2.493,2.053
4202,2.488,2.058
4203,2.483,2.058
4204,2.478,2.053
4205,2.483,2.058
4206,2.493,2.058
4207,2.781,2.053
4208,2.390,2.058
4209,2.273,2.058
4210,2.346,2.058
4211,2.444,2.058
4212,2.502,2.058
4213,2.522,2.058
4214,2.498,2.063
4215,2.561,2.058
4216,2.561,2.058
4217,2.546,2.058
4218,2.507,2.063
4219,2.483,2.063
4220,2.483,2.063
4221,2.478,2.063
4222,2.478,2.063
4223,2.488,2.063
4224,2.488,2.067
4225,2.493,2.063
4226,2.488,2.067
4227,2.493,2.067
4228,2.493,2.063
4229,2.493,2.067
4230,2.483,2.067
4231,2.483,2.067
4232,2.483,2.067
4233,2.478,2.067
4234,2.468,2.067
4235,2.761,2.067
4236,2.414,2.067
4237,2.302,2.067
4238,2.356,2.067
4239,2.454,2.067
4240,2.527,2.067
4241,2.542,2.067
4242,2.517,2.067
4243,2.502,2.067
4244,2.493,2.067
4245,2.483,2.063
4246,2.478,2.067
4247,2.483,2.063
4248,2.488,2.063
4249,2.493,2.063
4250,2.498,2.063
4251,2.507,2.058
4252,2.507,2.063
4253,2.502,2.058
4254,2.512,2.058
4255,2.859,2.048
4256,2.478,2.048
4257,2.366,2.053
4258,2.390,2.048
4259,2.458,2.048
4260,2.517,2.048
4261,2.532,2.043
4262,2.527,2.048
4263,2.776,2.043
4264,2.439,2.043
4265,2.322,2.043
4266,2.361,2.043
4267,2.454,2.038
4268,2.517,2.043
4269,2.542,2.043
4270,2.532,2.038
4271,2.512,2.038
4272,2.493,2.038
4273,2.498,2.038
4274,2.493,2.038
4275,2.493,2.038
4276,2.483,2.038
4277,2.478,2.038
4278,2.561,2.033
4279,2.581,2.033
4280,2.561,2.033
4281,2.522,2.033
4282,2.493,2.033
4283,2.488,2.033
4284,2.502,2.033
4285,2.507,2.033
4286,2.498,2.033
4287,2.498,2.033
4288,2.502,2.033
4289,2.498,2.038
4290,2.498,2.033
4291,2.502,2.033
4292,2.796,2.033
4293,2.424,2.033
4294,2.302,2.033
4295,2.351,2.038
4296,2.434,2.038
4297,2.517,2.033
4298,2.537,2.038
4299,2.537,2.038
4300,2.522,2.033
4301,2.507,2.038
4302,2.507,2.038
4303,2.512,2.038
4304,2.507,2.038
4305,2.507,2.038
4306,2.512,2.038
4307,2.507,2.038
4308,2.498,2.038
4309,2.498,2.038
4310,2.502,2.038
4311,2.507,2.038
4312,2.507,2.038
4313,2.502,2.038
4314,2.502,2.038
4315,2.493,2.038
4316,2.659,2.033
4317,2.463,2.033
4318,2.405,2.028
4319,2.414,2.033
4320,2.757,2.028
4321,2.463,2.023
4322,2.366,2.023
4323,2.400,2.023
4324,2.473,2.019
4325,2.527,2.019
4326,2.546,2.019
4327,2.532,2.014
4328,2.522,2.014
4329,2.517,2.009
4330,2.512,2.009
4331,2.502,2.009
4332,2.507,2.004
4333,2.507,2.004
4334,2.512,2.004
4335,2.512,1.994
4336,2.507,1.999
4337,2.507,1.994
4338,2.498,1.994
4339,2.502,1.994
4340,2.488,1.989
4341,2.586,1.984
4342,2.600,1.984
4343,2.576,1.984
4344,2.532,1.984
4345,2.507,1.979
4346,2.498,1.984
4347,2.507,1.979
4348,2.512,1.979
4349,2.820,1.979
4350,2.429,1.979
4351,2.302,1.975
4352,2.351,1.979
4353,2.458,1.979
4354,2.527,1.975
4355,2.546,1.975
4356,2.542,1.975
4357,2.512,1.975
4358,2.488,1.975
4359,2.498,1.975
4360,2.512,1.975
4361,2.507,1.975
4362,2.512,1.970
4363,2.507,1.975
4364,2.498,1.970
4365,2.507,1.970
4366,2.502,1.970
4367,2.512,1.970
4368,2.517,1.970
4369,2.512,1.970
4370,2.507,1.970
4371,2.507,1.965
4372,2.507,1.970
4373,2.517,1.965
4374,2.512,1.970
4375,2.522,1.970
4376,2.522,1.965
4377,3.094,1.960
4378,2.102,1.960
4379,1.877,1.965
4380,2.107,1.960
4381,2.405,1.960
4382,2.586,1.965
4383,2.630,1.965
4384,2.590,1.965
4385,2.537,1.965
4386,2.512,1.965
4387,2.517,1.965
4388,2.527,1.965
4389,2.546,1.965
4390,2.527,1.965
4391,2.517,1.965
4392,2.517,1.965
4393,2.507,1.965
4394,2.512,1.965
4395,2.512,1.965
4396,2.507,1.970
4397,2.507,1.965
4398,2.512,1.970
4399,2.507,1.970
4400,2.498,1.965
4401,2.502,1.970
4402,2.512,1.970
4403,2.581,1.970
4404,2.537,1.970
4405,2.517,1.975
4406,2.820,1.970
4407,2.429,1.970
4408,2.307,1.975
4409,2.375,1.975
4410,2.463,1.975
4411,2.522,1.979
4412,2.546,1.975
4413,2.532,1.979
4414,2.527,1.979
4415,2.512,1.979
4416,2.502,1.979
4417,2.507,1.984
4418,2.517,1.979
4419,2.527,1.984
4420,2.512,1.984
4421,2.502,1.984
4422,2.498,1.989
4423,2.502,1.989
4424,2.517,1.989
4425,2.522,1.989
4426,2.527,1.989
4427,2.522,1.994
4428,2.517,1.994
4429,2.527,1.989
4430,2.527,1.994
4431,2.522,1.994
4432,2.512,1.994
4433,2.517,1.999
4434,2.820,1.999
4435,2.444,1.999
4436,2.307,1.999
4437,2.556,1.994
4438,2.458,2.004
4439,2.449,2.004
4440,2.468,2.004
4441,2.507,2.009
4442,2.527,2.004
4443,2.532,2.009
4444,2.527,2.009
4445,2.527,2.009
4446,2.537,2.014
4447,2.537,2.014
4448,2.532,2.014
4449,2.551,2.014
4450,2.537,2.014
4451,2.527,2.014
4452,2.522,2.019
4453,2.522,2.019
4454,2.532,2.019
4455,2.527,2.023
4456,2.542,2.019
4457,2.527,2.023
4458,2.522,2.023
4459,2.522,2.023
4460,2.522,2.028
4461,2.527,2.028
4462,2.522,2.023
4463,2.830,2.023
4464,2.424,2.028
4465,2.361,2.028
4466,2.375,2.028
4467,2.522,2.028
4468,2.590,2.033
4469,2.586,2.033
4470,2.561,2.033
4471,2.532,2.033
4472,2.527,2.033
4473,2.522,2.033
4474,2.527,2.038
4475,2.522,2.033
4476,2.532,2.038
4477,2.527,2.038
4478,2.517,2.038
4479,2.542,2.043
4480,2.527,2.043
4481,2.512,2.038
4482,2.512,2.043
4483,2.507,2.043
4484,2.507,2.043
4485,2.507,2.048
4486,2.507,2.043
4487,2.512,2.048
4488,2.512,2.048
4489,2.517,2.043
4490,2.522,2.048
4491,2.840,2.048
4492,2.458,2.048
4493,2.331,2.048
4494,2.375,2.053
4495,2.478,2.048
4496,2.537,2.053
4497,2.551,2.053
4498,2.898,2.048
4499,2.502,2.053
4500,2.385,2.048
4501,2.405,2.053
4502,2.473,2.058
4503,2.522,2.053
4504,2.551,2.058
4505,2.551,2.058
4506,2.542,2.058
4507,2.522,2.058
4508,2.502,2.058
4509,2.527,2.058
4510,2.517,2.063
4511,2.527,2.058
4512,2.527,2.063
4513,2.532,2.063
4514,2.537,2.063
4515,2.542,2.063
4516,2.542,2.063
4517,2.537,2.063
4518,2.532,2.067
4519,2.805,2.063
4520,2.468,2.063
4521,2.331,2.063
4522,2.356,2.067
4523,2.444,2.067
4524,2.512,2.067
4525,2.542,2.067
4526,2.542,2.067
4527,2.527,2.072
4528,2.566,2.072
4529,2.493,2.067
4530,2.522,2.067
4531,2.522,2.072
4532,2.498,2.072
4533,2.483,2.072
4534,2.473,2.072
4535,2.468,2.072
4536,2.488,2.072
4537,2.507,2.077
4538,2.522,2.077
4539,2.542,2.077
4540,2.522,2.077
4541,2.517,2.077
4542,2.522,2.077
4543,2.517,2.082
4544,2.522,2.077
4545,2.517,2.082
4546,2.522,2.082
4547,2.512,2.077
4548,2.830,2.077
4549,2.429,2.082
4550,2.317,2.082
4551,2.370,2.082
4552,2.473,2.087
4553,2.542,2.082
4554,2.566,2.087
4555,2.542,2.087
4556,2.532,2.082
4557,2.512,2.087
4558,2.502,2.087
4559,2.683,2.087
4560,2.478,2.082
4561,2.414,2.087
4562,2.449,2.087
4563,2.498,2.087
4564,2.546,2.087
4565,2.561,2.087
4566,2.542,2.087
4567,2.517,2.092
4568,2.522,2.092
4569,2.527,2.092
4570,2.512,2.092
4571,2.512,2.092
4572,2.532,2.092
4573,2.532,2.092
4574,2.542,2.092
4575,2.546,2.092
4576,2.854,2.092
4577,2.507,2.092
4578,2.380,2.092
4579,2.419,2.097
4580,2.502,2.092
4581,2.571,2.097
4582,2.576,2.097
4583,2.551,2.097
4584,2.527,2.097
4585,2.522,2.097
4586,2.517,2.097
4587,2.517,2.097
4588,2.527,2.102
4589,2.527,2.097
4590,2.537,2.102
4591,2.595,2.102
4592,2.546,2.097
4593,2.581,2.097
4594,2.571,2.102
4595,2.551,2.102
4596,2.551,2.102
4597,2.542,2.102
4598,2.537,2.102
4599,2.551,2.102
4600,2.537,2.107
4601,2.527,2.102
4602,2.522,2.107
4603,2.532,2.107
4604,2.537,2.102
4605,2.845,2.102
4606,2.439,2.107
4607,2.317,2.102
4608,2.390,2.102
4609,2.502,2.107
4610,2.576,2.102
4611,2.595,2.107
4612,2.581,2.107
4613,2.551,2.107
4614,2.537,2.107
4615,2.542,2.107
4616,2.546,2.107
4617,2.542,2.107
4618,2.546,2.107
4619,2.546,2.107
4620,2.913,2.102
4621,2.512,2.102
4622,2.390,2.107
4623,2.414,2.107
4624,2.483,2.107
4625,2.551,2.107
4626,2.556,2.107
4627,2.556,2.111
4628,2.546,2.111
4629,2.556,2.107
4630,2.542,2.111
4631,2.537,2.111
4632,2.542,2.111
4633,2.859,2.107
4634,2.493,2.111
4635,2.351,2.111
4636,2.380,2.111
4637,2.478,2.111
4638,2.566,2.111
4639,2.576,2.111
4640,2.581,2.111
4641,2.556,2.111
4642,2.542,2.116
4643,2.537,2.111
4644,2.542,2.111
4645,2.532,2.116
4646,2.542,2.111
4647,2.532,2.111
4648,2.522,2.116
4649,2.522,2.111
4650,2.537,2.111
4651,2.532,2.111
4652,2.532,2.111
4653,2.532,2.111
4654,2.605,2.111
4655,2.551,2.107
4656,2.576,2.107
4657,2.556,2.107
4658,2.551,2.107
4659,2.556,2.102
4660,2.532,2.107
4661,2.532,2.102
4662,2.854,2.102
4663,2.439,2.102
4664,2.312,2.102
4665,2.380,2.097
4666,2.488,2.097
4667,2.561,2.097
4668,2.581,2.092
4669,2.571,2.097
4670,2.546,2.092
4671,2.546,2.092
4672,2.532,2.092
4673,2.537,2.087
4674,2.532,2.087
4675,2.532,2.087
4676,2.537,2.082
4677,2.546,2.082
4678,2.546,2.082
4679,2.542,2.077
4680,2.507,2.082
4681,2.713,2.072
4682,2.507,2.077
4683,2.439,2.072
4684,2.468,2.072
4685,2.517,2.072
4686,2.571,2.072
4687,2.581,2.072
4688,2.576,2.072
4689,2.566,2.067
4690,2.845,2.067
4691,2.458,2.067
4692,2.326,2.067
4693,2.375,2.067
4694,2.468,2.067
4695,2.546,2.063
4696,2.571,2.067
4697,2.581,2.067
4698,2.556,2.063
4699,2.542,2.067
4700,2.542,2.067
4701,2.556,2.063
4702,2.551,2.067
4703,2.546,2.063
4704,2.551,2.063
4705,2.556,2.067
4706,2.542,2.063
4707,2.542,2.063
4708,2.537,2.067
4709,2.542,2.063
4710,2.542,2.067
4711,2.542,2.067
4712,2.551,2.063
4713,2.551,2.067
4714,2.542,2.067
4715,2.537,2.067
4716,2.542,2.067
4717,2.605,2.067
4718,2.561,2.067
4719,2.898,2.063
4720,2.454,2.067
4721,2.302,2.067
4722,2.370,2.067
4723,2.488,2.072
4724,2.576,2.072
4725,2.595,2.072
4726,2.586,2.072
4727,2.556,2.072
4728,2.556,2.072
4729,2.537,2.077
4730,2.542,2.077
4731,2.537,2.077
4732,2.546,2.077
4733,2.556,2.077
4734,2.556,2.077
4735,2.551,2.082
4736,2.546,2.077
4737,2.537,2.082
4738,2.537,2.082
4739,2.546,2.082
4740,2.542,2.082
4741,2.537,2.082
4742,2.918,2.082
4743,2.537,2.082
4744,2.400,2.082
4745,2.410,2.087
4746,2.483,2.087
4747,2.884,2.082
4748,2.507,2.087
4749,2.366,2.092
4750,2.400,2.087
4751,2.493,2.092
4752,2.566,2.092
4753,2.581,2.092
4754,2.581,2.097
4755,2.561,2.097
4756,2.551,2.092
4757,2.537,2.097
4758,2.551,2.097
4759,2.537,2.097
4760,2.546,2.102
4761,2.537,2.097
4762,2.551,2.102
4763,2.546,2.102
4764,2.556,2.097
4765,2.542,2.102
4766,2.546,2.102
4767,2.542,2.102
4768,2.542,2.107
4769,2.537,2.102
4770,2.546,2.102
4771,2.542,2.107
4772,2.551,2.107
4773,2.551,2.107
4774,2.556,2.107
4775,2.845,2.107
4776,2.493,2.107
4777,2.370,2.111
4778,2.410,2.111
4779,2.502,2.107
4780,2.639,2.111
4781,2.683,2.107
4782,2.634,2.111
4783,2.556,2.107
4784,2.522,2.111
4785,2.512,2.111
4786,2.532,2.111
4787,2.532,2.116
4788,2.546,2.111
4789,2.551,2.116
4790,2.542,2.116
4791,2.542,2.116
4792,2.546,2.116
4793,2.556,2.116
4794,2.566,2.116
4795,2.561,2.121
4796,2.556,2.116
4797,2.556,2.116
4798,2.551,2.121
4799,2.551,2.121
4800,2.551,2.121
4801,2.551,2.121
4802,2.546,2.121
4803,2.737,2.121
4804,2.820,2.116
4805,2.351,2.121
4806,2.239,2.121
4807,2.351,2.121
4808,2.488,2.126
4809,2.581,2.126
4810,2.595,2.121
4811,2.581,2.126
4812,2.546,2.126
4813,2.542,2.126
4814,2.537,2.126
4815,2.537,2.126
4816,2.561,2.126
4817,2.556,2.126
4818,2.561,2.126
4819,2.566,2.126
4820,2.566,2.126
4821,2.551,2.121
4822,2.556,2.126
4823,2.561,2.121
4824,2.561,2.121
4825,2.566,2.121
4826,2.561,2.121
4827,2.551,2.121
4828,2.546,2.121
4829,2.556,2.116
4830,2.566,2.116
4831,2.571,2.121
4832,2.884,2.116
4833,2.512,2.111
4834,2.375,2.116
4835,2.410,2.116
4836,2.502,2.111
4837,2.566,2.116
4838,2.595,2.111
4839,2.600,2.111
4840,2.571,2.111
4841,2.566,2.111
4842,2.556,2.111
4843,2.639,2.111
4844,2.674,2.107
4845,2.610,2.107
4846,2.571,2.107
4847,2.542,2.107
4848,2.537,2.107
4849,2.542,2.107
4850,2.556,2.107
4851,2.561,2.102
4852,2.561,2.107
4853,2.556,2.107
4854,2.551,2.102
4855,2.551,2.107
4856,2.556,2.107
4857,2.561,2.102
4858,2.561,2.107
4859,2.566,2.102
4860,2.571,2.107
4861,2.898,2.102
4862,2.483,2.107
4863,2.322,2.102
4864,2.688,2.102
4865,2.468,2.102
4866,2.419,2.102
4867,2.463,2.102
4868,2.546,2.102
4869,2.571,2.107
4870,2.571,2.107
4871,2.571,2.107
4872,2.571,2.107
4873,2.556,2.107
4874,2.561,2.107
4875,2.551,2.107
4876,2.551,2.107
4877,2.556,2.111
4878,2.566,2.111
4879,2.561,2.107
4880,2.571,2.111
4881,2.566,2.111
4882,2.581,2.111
4883,2.566,2.111
4884,2.566,2.111
4885,2.561,2.111
4886,2.566,2.116
4887,2.561,2.111
4888,2.571,2.116
4889,2.889,2.116
4890,2.493,2.116
4891,2.356,2.116
4892,2.405,2.116
4893,2.502,2.116
4894,2.581,2.116
4895,2.586,2.121
4896,2.576,2.116
4897,2.561,2.121
4898,2.556,2.121
4899,2.556,2.121
4900,2.556,2.121
4901,2.566,2.121
4902,2.576,2.121
4903,2.576,2.126
4904,2.576,2.126
4905,2.566,2.126
4906,2.634,2.126
4907,2.664,2.126
4908,2.615,2.126
4909,2.571,2.126
4910,2.542,2.126
4911,2.542,2.126
4912,2.546,2.126
4913,2.561,2.131
4914,2.551,2.126
4915,2.556,2.131
4916,2.556,2.131
4917,2.561,2.131
4918,2.893,2.131
4919,2.468,2.131
4920,2.336,2.131
4921,2.400,2.131
4922,2.502,2.136
4923,2.586,2.131
4924,2.864,2.131
4925,2.610,2.131
4926,2.488,2.136
4927,2.478,2.136
4928,2.527,2.136
4929,2.551,2.136
4930,2.566,2.136
4931,2.576,2.136
4932,2.571,2.141
4933,2.571,2.136
4934,2.566,2.141
4935,2.566,2.141
4936,2.561,2.141
4937,2.561,2.141
4938,2.556,2.141
4939,2.556,2.141
4940,2.566,2.146
4941,2.571,2.141
4942,2.571,2.141
4943,2.576,2.146
4944,2.576,2.141
4945,2.576,2.146
4946,2.893,2.146
4947,2.488,2.146
4948,2.356,2.146
4949,2.410,2.146
4950,2.512,2.146
4951,2.590,2.146
4952,2.605,2.151
4953,2.586,2.146
4954,2.571,2.151
4955,2.561,2.151
4956,2.561,2.146
4957,2.561,2.151
4958,2.556,2.151
4959,2.566,2.151
4960,2.566,2.151
4961,2.561,2.151
4962,2.566,2.151
4963,2.566,2.155
4964,2.581,2.151
4965,2.586,2.151
4966,2.581,2.155
4967,2.581,2.151
4968,2.566,2.151
4969,2.649,2.151
4970,2.678,2.151
4971,2.625,2.146
4972,2.581,2.151
4973,2.542,2.151
4974,2.546,2.146
4975,2.898,2.146
4976,2.468,2.151
4977,2.336,2.151
4978,2.395,2.146
4979,2.502,2.146
4980,2.586,2.146
4981,2.615,2.146
4982,2.600,2.146
4983,2.590,2.141
4984,2.576,2.146
4985,2.551,2.146
4986,2.884,2.131
4987,2.571,2.136
4988,2.454,2.136
4989,2.444,2.136
4990,2.517,2.136
4991,2.556,2.141
4992,2.595,2.136
4993,2.595,2.136
4994,2.586,2.136
4995,2.576,2.136
4996,2.566,2.136
4997,2.566,2.136
4998,2.576,2.136
4999,2.561,2.136
5000,2.566,2.131
5001,2.566,2.136
5002,2.571,2.136
5003,2.913,2.131
5004,2.498,2.131
5005,2.366,2.131
5006,2.414,2.131
5007,2.517,2.131
5008,2.590,2.131
5009,2.620,2.131
5010,2.610,2.131
5011,2.590,2.131
5012,2.581,2.131
5013,2.566,2.131
5014,2.566,2.131
5015,2.566,2.131
5016,2.576,2.131
5017,2.586,2.131
5018,2.595,2.131
5019,2.571,2.131
5020,2.556,2.131
5021,2.556,2.131
5022,2.551,2.131
5023,2.566,2.131
5024,2.581,2.131
5025,2.590,2.136
5026,2.600,2.131
5027,2.600,2.136
5028,2.590,2.136
5029,2.581,2.131
5030,2.571,2.136
5031,2.923,2.131
5032,2.551,2.131
5033,2.463,2.131
5034,2.439,2.131
5035,2.454,2.136
5036,2.473,2.136
5037,2.498,2.136
5038,2.498,2.136
5039,2.488,2.136
5040,2.483,2.141
5041,2.483,2.141
5042,2.483,2.136
5043,2.488,2.141
5044,2.488,2.141
5045,2.488,2.141
5046,2.747,2.141
5047,2.493,2.141
5048,2.449,2.141
5049,2.434,2.141
5050,2.458,2.146
5051,2.493,2.146
5052,2.517,2.146
5053,2.512,2.146
5054,2.493,2.146
5055,2.493,2.146
5056,2.493,2.151
5057,2.493,2.146
5058,2.493,2.151
5059,2.483,2.151
5060,2.791,2.146
5061,2.400,2.146
5062,2.263,2.151
5063,2.312,2.151
5064,2.414,2.151
5065,2.493,2.155
5066,2.517,2.151
5067,2.512,2.155
5068,2.493,2.155
5069,2.488,2.151
5070,2.478,2.155
5071,2.478,2.155
5072,2.483,2.155
5073,2.488,2.160
5074,2.493,2.155
5075,2.493,2.160
5076,2.483,2.160
5077,2.483,2.155
5078,2.488,2.160
5079,2.478,2.160
5080,2.473,2.160
5081,2.473,2.160
5082,2.473,2.160
5083,2.483,2.160
5084,2.483,2.165
5085,2.478,2.160
5086,2.473,2.165
5087,2.478,2.165
5088,2.776,2.165
5089,2.439,2.160
5090,2.312,2.165
5091,2.351,2.165
5092,2.434,2.165
5093,2.493,2.170
5094,2.566,2.165
5095,2.532,2.165
5096,2.483,2.170
5097,2.458,2.165
5098,2.463,2.165
5099,2.473,2.170
5100,2.473,2.170
5101,2.483,2.170
5102,2.468,2.170
5103,2.478,2.170
5104,2.488,2.170
5105,2.488,2.170
5106,2.488,2.170
5107,2.483,2.175
5108,2.849,2.170
5109,2.439,2.170
5110,2.375,2.170
5111,2.390,2.170
5112,2.454,2.175
5113,2.502,2.170
5114,2.532,2.175
5115,2.512,2.175
5116,2.502,2.170
5117,2.805,2.170
5118,2.390,2.175
5119,2.268,2.175
5120,2.331,2.175
5121,2.439,2.180
5122,2.512,2.175
5123,2.527,2.175
5124,2.517,2.180
5125,2.493,2.175
5126,2.493,2.180
5127,2.483,2.180
5128,2.488,2.175
5129,2.488,2.180
5130,2.502,2.180
5131,2.498,2.180
5132,2.493,2.180
5133,2.498,2.180
5134,2.498,2.180
5135,2.493,2.185
5136,2.502,2.180
5137,2.493,2.180
5138,2.512,2.185
5139,2.488,2.180
5140,2.483,2.185
5141,2.478,2.185
5142,2.483,2.180
5143,2.473,2.185
5144,2.483,2.185
5145,2.791,2.180
5146,2.424,2.180
5147,2.292,2.185
5148,2.336,2.185
5149,2.439,2.185
5150,2.502,2.185
5151,2.527,2.185
5152,2.527,2.185
5153,2.512,2.190
5154,2.493,2.185
5155,2.488,2.190
5156,2.498,2.190
5157,2.551,2.185
5158,2.478,2.185
5159,2.527,2.190
5160,2.527,2.190
5161,2.517,2.185
5162,2.498,2.190
5163,2.483,2.190
5164,2.483,2.190
5165,2.483,2.195
5166,2.493,2.190
5167,2.488,2.190
5168,2.498,2.195
5169,2.595,2.190
5170,2.434,2.190
5171,2.395,2.190
5172,2.419,2.195
5173,2.463,2.195
5174,2.825,2.190
5175,2.405,2.195
5176,2.283,2.195
5177,2.331,2.195
5178,2.434,2.195
5179,2.517,2.195
5180,2.537,2.195
5181,2.532,2.199
5182,2.517,2.199
5183,2.493,2.195
5184,2.488,2.199
5185,2.493,2.199
5186,2.498,2.199
5187,2.502,2.199
5188,2.507,2.199
5189,2.507,2.199
5190,2.502,2.199
5191,2.493,2.199
5192,2.498,2.199
5193,2.498,2.199
5194,2.507,2.199
5195,2.517,2.204
5196,2.517,2.199
5197,2.517,2.199
5198,2.532,2.204
5199,2.498,2.199
5200,2.493,2.204
5201,2.488,2.204
5202,2.791,2.204
5203,2.424,2.199
5204,2.292,2.204
5205,2.326,2.204
5206,2.434,2.204
5207,2.502,2.204
5208,2.517,2.204
5209,2.512,2.204
5210,2.493,2.209
5211,2.498,2.204
5212,2.498,2.209
5213,2.512,2.209
5214,2.512,2.204
5215,2.517,2.209
5216,2.507,2.209
5217,2.512,2.204
5218,2.502,2.209
5219,2.512,2.209
5220,2.556,2.204
5221,2.473,2.204
5222,2.527,2.209
5223,2.522,2.209
5224,2.498,2.209
5225,2.493,2.209
5226,2.493,2.209
5227,2.488,2.209
5228,2.512,2.214
5229,2.507,2.209
5230,2.859,2.204
5231,2.752,2.209
5232,2.258,2.204
5233,2.160,2.209
5234,2.297,2.209
5235,2.439,2.209
5236,2.517,2.214
5237,2.532,2.214
5238,2.517,2.214
5239,2.488,2.214
5240,2.478,2.214
5241,2.473,2.214
5242,2.488,2.219
5243,2.498,2.214
5244,2.507,2.219
5245,2.498,2.219
5246,2.502,2.214
5247,2.483,2.219
5248,2.493,2.219
5249,2.488,2.214
5250,2.493,2.219
5251,2.488,2.219
5252,2.502,2.214
5253,2.507,2.219
5254,2.502,2.219
5255,2.493,2.219
5256,2.488,2.219
5257,2.488,2.219
5258,2.507,2.219
5259,2.805,2.219
5260,2.400,2.219
5261,2.278,2.219
5262,2.317,2.224
5263,2.434,2.219
5264,2.517,2.219
5265,2.537,2.224
5266,2.512,2.219
5267,2.498,2.224
5268,2.483,2.224
5269,2.498,2.219
5270,2.488,2.224
5271,2.502,2.224
5272,2.522,2.224
5273,2.542,2.224
5274,2.561,2.224
5275,2.576,2.224
5276,2.566,2.224
5277,2.546,2.224
5278,2.527,2.224
5279,2.522,2.229
5280,2.522,2.224
5281,2.537,2.224
5282,2.532,2.229
5283,2.581,2.224
5284,2.522,2.224
5285,2.546,2.224
5286,2.542,2.229
5287,2.796,2.224
5288,2.449,2.224
5289,2.331,2.229
5290,2.664,2.229
5291,2.502,2.229
5292,2.473,2.224
5293,2.488,2.229
5294,2.512,2.229
5295,2.532,2.229
5296,2.546,2.229
5297,2.546,2.229
5298,2.527,2.229
5299,2.517,2.234
5300,2.527,2.229
5301,2.517,2.229
5302,2.517,2.234
5303,2.522,2.234
5304,2.522,2.234
5305,2.522,2.234
5306,2.507,2.234
5307,2.507,2.234
5308,2.517,2.234
5309,2.507,2.234
5310,2.498,2.234
5311,2.488,2.234
5312,2.488,2.234
5313,2.483,2.239
5314,2.502,2.234
5315,2.512,2.234
5316,2.825,2.234
5317,2.400,2.239
5318,2.292,2.234
5319,2.400,2.239
5320,2.551,2.239
5321,2.620,2.234
5322,2.610,2.239
5323,2.561,2.239
5324,2.527,2.239
5325,2.488,2.239
5326,2.493,2.239
5327,2.498,2.239
5328,2.493,2.239
5329,2.498,2.239
5330,2.512,2.239
5331,2.527,2.243
5332,2.522,2.239
5333,2.517,2.239
5334,2.507,2.243
5335,2.512,2.239
5336,2.532,2.243
5337,2.532,2.243
5338,2.527,2.239
5339,2.522,2.243
5340,2.512,2.243
5341,2.512,2.243
5342,2.507,2.243
5343,2.483,2.243
5344,2.761,2.239
5345,2.410,2.243
5346,2.414,2.243
5347,2.542,2.239
5348,2.605,2.239
5349,2.571,2.239
5350,2.542,2.243
5351,2.527,2.239
5352,2.771,2.239
5353,2.498,2.239
5354,2.395,2.243
5355,2.419,2.243
5356,2.493,2.239
5357,2.542,2.243
5358,2.561,2.243
5359,2.551,2.243
5360,2.532,2.248
5361,2.522,2.243
5362,2.522,2.243
5363,2.517,2.248
5364,2.532,2.243
5365,2.532,2.248
5366,2.537,2.248
5367,2.532,2.243
5368,2.537,2.248
5369,2.527,2.248
5370,2.532,2.243
5371,2.517,2.248
5372,2.522,2.248
5373,2.874,2.243
5374,2.454,2.248
5375,2.322,2.248
5376,2.375,2.248
5377,2.488,2.248
5378,2.566,2.248
5379,2.581,2.248
5380,2.561,2.253
5381,2.542,2.253
5382,2.527,2.248
5383,2.517,2.253
5384,2.507,2.253
5385,2.507,2.248
5386,2.488,2.253
5387,2.488,2.253
5388,2.502,2.253
5389,2.537,2.253
5390,2.532,2.253
5391,2.527,2.253
5392,2.512,2.253
5393,2.498,2.253
5394,2.483,2.253
5395,2.493,2.253
5396,2.502,2.253
5397,2.522,2.253
5398,2.537,2.253
5399,2.556,2.253
5400,2.551,2.258
5401,2.845,2.253
5402,2.444,2.253
5403,2.336,2.253
5404,2.414,2.258
5405,2.517,2.253
5406,2.561,2.258
5407,2.542,2.258
5408,2.493,2.253
5409,2.532,2.253
5410,2.605,2.253
5411,2.649,2.253
5412,2.879,2.253
5413,2.595,2.248
5414,2.493,2.253
5415,2.473,2.253
5416,2.478,2.253
5417,2.517,2.253
5418,2.522,2.258
5419,2.522,2.253
5420,2.488,2.258
5421,2.473,2.258
5422,2.468,2.253
5423,2.512,2.258
5424,2.527,2.253
5425,2.551,2.253
5426,2.546,2.258
5427,2.537,2.253
5428,2.537,2.253
5429,2.546,2.258
5430,2.893,2.253
5431,2.454,2.253
5432,2.287,2.253
5433,2.351,2.253
5434,2.463,2.253
5435,2.561,2.253
5436,2.590,2.253
5437,2.605,2.253
5438,2.586,2.258
5439,2.586,2.253
5440,2.566,2.253
5441,2.542,2.258
5442,2.532,2.253
5443,2.532,2.253
5444,2.517,2.258
5445,2.517,2.253
5446,2.522,2.258
5447,2.532,2.253
5448,2.522,2.253
5449,2.507,2.258
5450,2.502,2.253
5451,2.507,2.253
5452,2.507,2.258
5453,2.532,2.253
5454,2.566,2.253
5455,2.576,2.258
5456,2.556,2.253
5457,2.517,2.258
5458,2.825,2.253
5459,2.458,2.253
5460,2.385,2.253
5461,2.439,2.258
5462,2.527,2.258
5463,2.566,2.253
5464,2.571,2.258
5465,2.551,2.258
5466,2.532,2.258
5467,2.532,2.258
5468,2.542,2.258
5469,2.542,2.258
5470,2.551,2.258
5471,2.542,2.258
5472,2.615,2.258
5473,2.634,2.258
5474,2.840,2.248
5475,2.512,2.253
5476,2.375,2.258
5477,2.405,2.253
5478,2.478,2.258
5479,2.542,2.258
5480,2.571,2.258
5481,2.566,2.263
5482,2.551,2.258
5483,2.537,2.263
5484,2.532,2.263
5485,2.532,2.258
5486,2.537,2.263
5487,2.893,2.263
5488,2.439,2.263
5489,2.312,2.258
5490,2.370,2.263
5491,2.498,2.263
5492,2.561,2.263
5493,2.586,2.263
5494,2.566,2.263
5495,2.542,2.263
5496,2.507,2.263
5497,2.522,2.263
5498,2.498,2.268
5499,2.498,2.268
5500,2.517,2.263
5501,2.522,2.268
5502,2.517,2.268
5503,2.522,2.263
5504,2.502,2.268
5505,2.527,2.268
5506,2.546,2.268
5507,2.556,2.268
5508,2.537,2.268
5509,2.551,2.268
5510,2.586,2.268
5511,2.610,2.268
5512,2.600,2.268
5513,2.571,2.268
5514,2.542,2.268
5515,2.869,2.268
5516,2.424,2.268
5517,2.292,2.268
5518,2.346,2.268
5519,2.463,2.273
5520,2.542,2.268
5521,2.571,2.273
5522,2.561,2.273
5523,2.551,2.268
5524,2.546,2.273
5525,2.542,2.273
5526,2.561,2.273
5527,2.581,2.273
5528,2.581,2.273
5529,2.556,2.273
5530,2.551,2.273
5531,2.556,2.273
5532,2.561,2.273
5533,2.556,2.273
5534,2.542,2.273
5535,2.757,2.268
5536,2.551,2.268
5537,2.478,2.268
5538,2.473,2.273
5539,2.493,2.273
5540,2.502,2.273
5541,2.517,2.273
5542,2.522,2.273
5543,2.835,2.268
5544,2.468,2.273
5545,2.331,2.273
5546,2.366,2.273
5547,2.449,2.278
5548,2.542,2.278
5549,2.610,2.273
5550,2.639,2.278
5551,2.639,2.278
5552,2.605,2.278
5553,2.581,2.278
5554,2.517,2.278
5555,2.468,2.278
5556,2.463,2.278
5557,2.522,2.278
5558,2.556,2.278
5559,2.571,2.278
5560,2.571,2.278
5561,2.590,2.278
5562,2.610,2.278
5563,2.615,2.278
5564,2.581,2.278
5565,2.551,2.278
5566,2.532,2.278
5567,2.532,2.283
5568,2.556,2.278
5569,2.556,2.283
5570,2.556,2.283
5571,2.542,2.283
5572,2.898,2.278
5573,2.439,2.283
5574,2.258,2.283
5575,2.287,2.283
5576,2.424,2.283
5577,2.561,2.283
5578,2.644,2.283
5579,2.649,2.283
5580,2.644,2.283
5581,2.620,2.283
5582,2.581,2.287
5583,2.551,2.283
5584,2.527,2.283
5585,2.522,2.287
5586,2.546,2.283
5587,2.566,2.287
5588,2.571,2.287
5589,2.561,2.283
5590,2.546,2.287
5591,2.532,2.287
5592,2.542,2.283
5593,2.551,2.287
5594,2.556,2.287
5595,2.542,2.287
5596,2.502,2.287
5597,2.747,2.283
5598,2.517,2.283
5599,2.473,2.283
5600,2.815,2.283
5601,2.468,2.283
5602,2.375,2.287
5603,2.463,2.287
5604,2.576,2.283
5605,2.620,2.287
5606,2.600,2.287
5607,2.546,2.287
5608,2.522,2.292
5609,2.546,2.287
5610,2.551,2.287
5611,2.532,2.292
5612,2.493,2.287
5613,2.478,2.292
5614,2.473,2.292
5615,2.498,2.287
5616,2.542,2.292
5617,2.566,2.292
5618,2.566,2.287
5619,2.625,2.292
5620,2.674,2.292
5621,2.639,2.292
5622,2.571,2.292
5623,2.507,2.292
5624,2.507,2.292
5625,2.527,2.292
5626,2.576,2.292
5627,2.610,2.292
5628,2.620,2.297
5629,2.937,2.292
5630,2.400,2.292
5631,2.165,2.292
5632,2.199,2.292
5633,2.356,2.292
5634,2.527,2.292
5635,2.615,2.292
5636,2.615,2.292
5637,2.561,2.297
5638,2.527,2.297
5639,2.527,2.297
5640,2.551,2.297
5641,2.571,2.297
5642,2.595,2.297
5643,2.625,2.297
5644,2.634,2.297
5645,2.630,2.302
5646,2.605,2.297
5647,2.600,2.297
5648,2.566,2.302
5649,2.556,2.297
5650,2.556,2.302
5651,2.566,2.302
5652,2.571,2.297
5653,2.561,2.302
5654,2.561,2.302
5655,2.566,2.302
5656,2.576,2.302
5657,2.898,2.297
5658,2.375,2.297
5659,2.248,2.302
5660,2.414,2.297
5661,2.556,2.297
5662,2.678,2.297
5663,2.693,2.302
5664,2.634,2.297
5665,2.581,2.302
5666,2.542,2.302
5667,2.522,2.302
5668,2.507,2.307
5669,2.512,2.302
5670,2.517,2.302
5671,2.532,2.307
5672,2.517,2.302
5673,2.532,2.302
5674,2.537,2.307
5675,2.546,2.302
5676,2.571,2.307
5677,2.610,2.307
5678,2.610,2.302
5679,2.610,2.307
5680,2.600,2.307
5681,2.576,2.302
5682,2.571,2.307
5683,2.561,2.307
5684,2.546,2.307
5685,2.551,2.307
5686,2.923,2.302
5687,2.468,2.302
5688,2.312,2.307
5689,2.366,2.307
5690,2.498,2.302
5691,2.590,2.307
5692,2.620,2.307
5693,2.561,2.307
5694,2.483,2.307
5695,2.444,2.307
5696,2.468,2.307
5697,2.512,2.307
5698,2.542,2.307
5699,2.546,2.307
5700,2.551,2.307
5701,2.556,2.307
5702,2.556,2.307
5703,2.551,2.307
5704,2.546,2.307
5705,2.546,2.307
5706,2.542,2.307
5707,2.556,2.307
5708,2.532,2.307
5709,2.527,2.307
5710,2.542,2.307
5711,2.546,2.312
5712,2.551,2.307
5713,2.556,2.307
5714,2.898,2.307
5715,2.502,2.307
5716,2.370,2.307
5717,2.424,2.312
5718,2.908,2.302
5719,2.576,2.302
5720,2.473,2.307
5721,2.493,2.307
5722,2.551,2.307
5723,2.644,2.307
5724,2.595,2.302
5725,2.595,2.302
5726,2.566,2.307
5727,2.571,2.307
5728,2.600,2.307
5729,2.630,2.307
5730,2.639,2.307
5731,2.634,2.307
5732,2.600,2.307
5733,2.581,2.307
5734,2.561,2.307
5735,2.556,2.307
5736,2.532,2.307
5737,2.542,2.307
5738,2.537,2.307
5739,2.546,2.307
5740,2.551,2.307
5741,2.546,2.307
5742,2.542,2.307
5743,2.903,2.302
5744,2.434,2.302
5745,2.297,2.302
5746,2.366,2.302
5747,2.532,2.302
5748,2.639,2.302
5749,2.669,2.302
5750,2.625,2.302
5751,2.571,2.297
5752,2.542,2.302
5753,2.542,2.297
5754,2.571,2.297
5755,2.620,2.297
5756,2.634,2.297
5757,2.610,2.297
5758,2.576,2.297
5759,2.532,2.297
5760,2.463,2.297
5761,2.444,2.297
5762,2.458,2.297
5763,2.502,2.297
5764,2.566,2.292
5765,2.615,2.292
5766,2.605,2.297
5767,2.590,2.292
5768,2.546,2.297
5769,2.527,2.292
5770,2.522,2.292
5771,2.893,2.287
5772,2.473,2.292
5773,2.326,2.292
5774,2.380,2.292
5775,2.493,2.292
5776,2.566,2.292
5777,2.590,2.292
5778,2.566,2.292
5779,2.742,2.292
5780,2.517,2.287
5781,2.444,2.287
5782,2.478,2.292
5783,2.551,2.292
5784,2.600,2.292
5785,2.615,2.292
5786,2.664,2.292
5787,2.590,2.287
5788,2.576,2.287
5789,2.561,2.292
5790,2.551,2.287
5791,2.556,2.292
5792,2.556,2.292
5793,2.561,2.287
5794,2.566,2.292
5795,2.566,2.292
5796,2.561,2.292
5797,2.571,2.292
5798,2.561,2.292
5799,2.884,2.292
5800,2.507,2.292
5801,2.380,2.292
5802,2.429,2.292
5803,2.512,2.297
5804,2.586,2.297
5805,2.615,2.292
5806,2.600,2.297
5807,2.576,2.297
5808,2.571,2.297
5809,2.566,2.297
5810,2.576,2.297
5811,2.566,2.297
5812,2.561,2.297
5813,2.566,2.297
5814,2.566,2.297
5815,2.571,2.297
5816,2.581,2.297
5817,2.581,2.297
5818,2.595,2.297
5819,2.605,2.292
5820,2.600,2.297
5821,2.590,2.297
5822,2.586,2.292
5823,2.590,2.297
5824,2.644,2.292
5825,2.654,2.292
5826,2.620,2.292
5827,2.595,2.292
5828,2.908,2.287
5829,2.468,2.292
5830,2.322,2.287
5831,2.405,2.287
5832,2.517,2.287
5833,2.610,2.287
5834,2.610,2.287
5835,2.595,2.287
5836,2.556,2.283
5837,2.532,2.283
5838,2.507,2.283
5839,2.507,2.278
5840,2.937,2.273
5841,2.595,2.273
5842,2.473,2.273
5843,2.493,2.273
5844,2.556,2.273
5845,2.610,2.273
5846,2.615,2.273
5847,2.605,2.268
5848,2.605,2.268
5849,2.654,2.268
5850,2.586,2.263
5851,2.595,2.258
5852,2.581,2.263
5853,2.546,2.258
5854,2.507,2.258
5855,2.473,2.263
5856,2.849,2.258
5857,2.502,2.253
5858,2.419,2.258
5859,2.483,2.253
5860,2.556,2.253
5861,2.581,2.253
5862,2.576,2.253
5863,2.566,2.248
5864,2.566,2.253
5865,2.571,2.248
5866,2.586,2.248
5867,2.605,2.248
5868,2.605,2.248
5869,2.590,2.248
5870,2.581,2.248
5871,2.595,2.248
5872,2.605,2.248
5873,2.615,2.248
5874,2.615,2.243
5875,2.610,2.248
5876,2.605,2.248
5877,2.600,2.243
5878,2.590,2.248
5879,2.551,2.243
5880,2.522,2.243
5881,2.537,2.243
5882,2.576,2.243
5883,2.620,2.243
5884,2.615,2.243
5885,2.967,2.243
5886,2.502,2.243
5887,2.322,2.243
5888,2.326,2.243
5889,2.424,2.243
5890,2.527,2.243
5891,2.581,2.243
5892,2.581,2.243
5893,2.566,2.248
5894,2.546,2.243
5895,2.551,2.248
5896,2.542,2.248
5897,2.532,2.243
5898,2.527,2.248
5899,2.532,2.248
5900,2.527,2.248
5901,2.742,2.243
5902,2.522,2.248
5903,2.429,2.248
5904,2.454,2.248
5905,2.512,2.248
5906,2.576,2.253
5907,2.600,2.248
5908,2.605,2.253
5909,2.600,2.253
5910,2.586,2.253
5911,2.546,2.253
5912,2.605,2.253
5913,2.884,2.248
5914,2.493,2.253
5915,2.346,2.253
5916,2.410,2.258
5917,2.502,2.258
5918,2.576,2.258
5919,2.586,2.258
5920,2.586,2.258
5921,2.590,2.263
5922,2.590,2.263
5923,2.595,2.258
5924,2.576,2.263
5925,2.566,2.263
5926,2.551,2.263
5927,2.537,2.263
5928,2.527,2.263
5929,2.522,2.263
5930,2.517,2.268
5931,2.522,2.268
5932,2.537,2.268
5933,2.566,2.268
5934,2.615,2.268
5935,2.664,2.268
5936,2.678,2.268
5937,2.654,2.268
5938,2.610,2.273
5939,2.586,2.268
5940,2.581,2.268
5941,2.576,2.273
5942,2.937,2.273
5943,2.605,2.268
5944,2.429,2.273
5945,2.385,2.273
5946,2.414,2.273
5947,2.473,2.273
5948,2.502,2.273
5949,2.502,2.273
5950,2.493,2.278
5951,2.478,2.273
5952,2.483,2.278
5953,2.458,2.278
5954,2.449,2.278
5955,2.454,2.278
5956,2.488,2.278
5957,2.532,2.278
5958,2.537,2.278
5959,2.532,2.278
5960,2.507,2.278
5961,2.493,2.283
5962,2.815,2.278
5963,2.449,2.278
5964,2.380,2.278
5965,2.410,2.283
5966,2.463,2.283
5967,2.507,2.278
5968,2.517,2.283
5969,2.502,2.283
5970,2.801,2.283
5971,2.405,2.283
5972,2.283,2.287
5973,2.322,2.283
5974,2.424,2.287
5975,2.581,2.287
5976,2.571,2.287
5977,2.517,2.287
5978,2.483,2.287
5979,2.473,2.287
5980,2.473,2.292
5981,2.483,2.292
5982,2.483,2.287
5983,2.493,2.292
5984,2.483,2.292
5985,2.493,2.292
5986,2.488,2.292
5987,2.478,2.292
5988,2.488,2.292
5989,2.473,2.292
5990,2.468,2.287
5991,2.478,2.292
5992,2.483,2.292
5993,2.478,2.287
5994,2.478,2.292
5995,2.488,2.292
5996,2.478,2.292
5997,2.478,2.292
5998,2.478,2.287
5999,2.810,2.287
6000,2.395,2.287
6001,2.268,2.287
6002,2.322,2.287
6003,2.434,2.292
6004,2.498,2.287
6005,2.512,2.287
6006,2.493,2.292
6007,2.483,2.287
6008,2.449,2.287
6009,2.449,2.292
6010,2.463,2.287
6011,2.473,2.287
6012,2.468,2.292
6013,2.463,2.287
6014,2.454,2.287
6015,2.458,2.287
6016,2.463,2.287
6017,2.488,2.287
6018,2.512,2.287
6019,2.517,2.287
6020,2.493,2.292
6021,2.488,2.287
6022,2.493,2.287
6023,2.713,2.287
6024,2.473,2.287
6025,2.419,2.287
6026,2.439,2.283
6027,2.791,2.283
6028,2.405,2.287
6029,2.278,2.287
6030,2.351,2.287
6031,2.468,2.287
6032,2.551,2.287
6033,2.561,2.287
6034,2.532,2.287
6035,2.502,2.287
6036,2.483,2.292
6037,2.483,2.287
6038,2.561,2.283
6039,2.586,2.283
6040,2.576,2.287
6041,2.556,2.287
6042,2.507,2.283
6043,2.483,2.287
6044,2.478,2.287
6045,2.493,2.287
6046,2.502,2.292
6047,2.507,2.287
6048,2.512,2.287
6049,2.512,2.292
6050,2.498,2.287
6051,2.488,2.292
6052,2.493,2.292
6053,2.493,2.287
6054,2.488,2.292
6055,2.781,2.292
6056,2.444,2.287
6057,2.317,2.287
6058,2.346,2.292
6059,2.434,2.287
6060,2.502,2.292
6061,2.512,2.292
6062,2.517,2.292
6063,2.507,2.292
6064,2.498,2.292
6065,2.498,2.292
6066,2.488,2.297
6067,2.502,2.292
6068,2.507,2.292
6069,2.507,2.297
6070,2.498,2.297
6071,2.493,2.297
6072,2.488,2.297
6073,2.488,2.297
6074,2.463,2.297
6075,2.458,2.297
6076,2.449,2.297
6077,2.454,2.297
6078,2.473,2.297
6079,2.507,2.297
6080,2.537,2.302
6081,2.556,2.297
6082,2.542,2.297
6083,2.522,2.302
6084,3.030,2.292
6085,2.287,2.292
6086,2.160,2.297
6087,2.273,2.297
6088,2.444,2.297
6089,2.561,2.297
6090,2.581,2.297
6091,2.556,2.302
6092,2.522,2.302
6093,2.498,2.297
6094,2.493,2.302
6095,2.498,2.302
6096,2.512,2.302
6097,2.512,2.302
6098,2.507,2.302
6099,2.507,2.302
6100,2.502,2.307
6101,2.566,2.302
6102,2.595,2.302
6103,2.581,2.302
6104,2.542,2.307
6105,2.488,2.302
6106,2.478,2.307
6107,2.478,2.307
6108,2.493,2.307
6109,2.502,2.307
6110,2.512,2.307
6111,2.512,2.307
6112,2.815,2.307
6113,2.449,2.307
6114,2.326,2.307
6115,2.370,2.307
6116,2.463,2.312
6117,2.517,2.307
6118,2.537,2.312
6119,2.527,2.312
6120,2.512,2.307
6121,2.498,2.312
6122,2.498,2.312
6123,2.498,2.312
6124,2.498,2.312
6125,2.493,2.312
6126,2.493,2.312
6127,2.498,2.317
6128,2.468,2.312
6129,2.468,2.312
6130,2.468,2.317
6131,2.493,2.312
6132,2.502,2.317
6133,2.507,2.317
6134,2.517,2.312
6135,2.512,2.317
6136,2.507,2.317
6137,2.502,2.312
6138,2.502,2.317
6139,2.493,2.317
6140,2.502,2.317
6141,2.845,2.317
6142,2.400,2.317
6143,2.268,2.317
6144,2.307,2.317
6145,2.615,2.312
6146,2.502,2.317
6147,2.449,2.317
6148,2.444,2.317
6149,2.439,2.317
6150,2.473,2.317
6151,2.488,2.322
6152,2.498,2.322
6153,2.488,2.317
6154,2.478,2.322
6155,2.468,2.322
6156,2.493,2.317
6157,2.478,2.322
6158,2.493,2.322
6159,2.483,2.322
6160,2.468,2.322
6161,2.468,2.322
6162,2.468,2.322
6163,2.458,2.322
6164,2.537,2.322
6165,2.571,2.317
6166,2.542,2.317
6167,2.493,2.322
6168,2.458,2.322
6169,2.791,2.317
6170,2.410,2.322
6171,2.292,2.322
6172,2.346,2.322
6173,2.444,2.326
6174,2.517,2.322
6175,2.542,2.322
6176,2.532,2.326
6177,2.522,2.322
6178,2.517,2.322
6179,2.512,2.326
6180,2.517,2.322
6181,2.566,2.326
6182,2.630,2.326
6183,2.634,2.322
6184,2.620,2.326
6185,2.620,2.326
6186,2.615,2.322
6187,2.561,2.326
6188,2.512,2.326
6189,2.512,2.326
6190,2.522,2.326
6191,2.542,2.326
6192,2.566,2.322
6193,2.556,2.326
6194,2.542,2.322
6195,2.551,2.322
6196,2.551,2.322
6197,2.542,2.317
6198,2.967,2.302
6199,2.141,2.302
6200,1.955,2.302
6201,2.121,2.297
6202,2.346,2.302
6203,2.507,2.297
6204,2.542,2.297
6205,2.771,2.287
6206,2.483,2.292
6207,2.356,2.292
6208,2.346,2.287
6209,2.395,2.287
6210,2.454,2.287
6211,2.488,2.287
6212,2.512,2.287
6213,2.507,2.287
6214,2.498,2.283
6215,2.502,2.283
6216,2.507,2.283
6217,2.498,2.283
6218,2.478,2.283
6219,2.478,2.278
6220,2.473,2.278
6221,2.493,2.278
6222,2.512,2.273
6223,2.532,2.273
6224,2.546,2.273
6225,2.571,2.268
6226,2.986,2.258
6227,2.556,2.258
6228,2.458,2.248
6229,2.527,2.234
6230,2.542,2.229
6231,2.439,2.224
6232,2.356,2.214
6233,2.317,2.214
6234,2.370,2.204
6235,2.434,2.199
6236,2.483,2.199
6237,2.537,2.190
6238,2.576,2.199
6239,2.586,2.204
6240,2.576,2.204
6241,2.527,2.204
6242,2.414,2.199
6243,2.351,2.199
6244,2.312,2.209
6245,2.336,2.214
6246,2.419,2.214
6247,2.493,2.219
6248,2.542,2.224
6249,2.600,2.234
6250,2.630,2.248
6251,2.634,2.253
6252,2.639,2.263
6253,2.630,2.273
6254,2.639,2.278
6255,2.967,2.283
6256,2.493,2.292
6257,2.351,2.292
6258,2.410,2.297
6259,2.507,2.302
6260,2.581,2.302
6261,2.590,2.302
6262,2.571,2.307
6263,2.551,2.302
6264,2.542,2.307
6265,2.522,2.307
6266,2.678,2.302
6267,2.507,2.297
6268,2.454,2.292
6269,2.468,2.287
6270,2.488,2.268
6271,2.488,2.253
6272,2.434,2.239
6273,2.410,2.224
6274,2.434,2.219
6275,2.473,2.214
6276,2.488,2.209
6277,2.488,2.209
6278,2.483,2.209
6279,2.527,2.204
6280,2.566,2.209
6281,2.610,2.204
6282,2.620,2.204
6283,2.952,2.204
6284,2.483,2.204
6285,2.317,2.204
6286,2.346,2.204
6287,2.444,2.204
6288,2.571,2.204
6289,2.546,2.199
6290,2.581,2.204
6291,2.595,2.204
6292,2.590,2.199
6293,2.571,2.204
6294,2.551,2.204
6295,2.512,2.199
6296,2.478,2.199
6297,2.517,2.195
6298,2.561,2.195
6299,2.590,2.195
6300,2.600,2.195
6301,2.600,2.190
6302,2.581,2.190
6303,2.571,2.185
6304,2.561,2.190
6305,2.551,2.190
6306,2.546,2.180
6307,2.542,2.185
6308,2.542,2.180
6309,2.537,2.180
6310,2.537,2.180
6311,2.854,2.175
6312,2.493,2.170
6313,2.366,2.170
6314,2.410,2.170
6315,2.502,2.165
6316,2.566,2.165
6317,2.576,2.160
6318,2.556,2.155
6319,2.532,2.160
6320,2.512,2.155
6321,2.512,2.155
6322,2.517,2.155
6323,2.527,2.151
6324,2.537,2.151
6325,2.542,2.151
6326,2.551,2.146
6327,2.923,2.141
6328,2.542,2.136
6329,2.434,2.141
6330,2.429,2.141
6331,2.498,2.136
6332,2.546,2.136
6333,2.556,2.136
6334,2.556,2.131
6335,2.571,2.136
6336,2.537,2.131
6337,2.527,2.126
6338,2.532,2.131
6339,2.537,2.126
6340,2.908,2.121
6341,2.458,2.121
6342,2.292,2.121
6343,2.366,2.116
6344,2.463,2.116
6345,2.556,2.116
6346,2.586,2.111
6347,2.581,2.111
6348,2.551,2.107
6349,2.532,2.102
6350,2.532,2.102
6351,2.595,2.097
6352,2.527,2.087
6353,2.571,2.082
6354,2.571,2.082
6355,2.542,2.082
6356,2.522,2.077
6357,2.498,2.077
6358,2.512,2.072
6359,2.522,2.072
6360,2.532,2.072
6361,2.537,2.067
6362,2.537,2.067
6363,2.522,2.067
6364,2.522,2.063
6365,2.546,2.063
6366,2.532,2.063
6367,2.527,2.058
6368,2.849,2.053
6369,2.458,2.053
6370,2.346,2.053
6371,2.410,2.048
6372,2.502,2.048
6373,2.571,2.043
6374,2.586,2.043
6375,2.556,2.043
6376,2.537,2.033
6377,2.527,2.033
6378,2.532,2.033
6379,2.532,2.028
6380,2.542,2.028
6381,2.542,2.028
6382,2.542,2.023
6383,2.537,2.028
6384,2.542,2.023
6385,2.542,2.019
6386,2.537,2.019
6387,2.522,2.019
6388,2.674,2.014
6389,2.493,2.014
6390,2.419,2.014
6391,2.434,2.014
6392,2.478,2.014
6393,2.527,2.014
6394,2.542,2.014
6395,2.566,2.014
6396,2.561,2.014
6397,2.913,2.009
6398,2.454,2.004
6399,2.287,2.009
6400,2.361,2.009
6401,2.488,2.004
6402,2.581,2.009
6403,2.625,2.004
6404,2.630,2.004
6405,2.600,2.009
6406,2.576,2.004
6407,2.546,2.004
6408,2.532,2.004
6409,2.542,1.999
6410,2.542,2.004
6411,2.551,2.004
6412,2.556,1.999
6413,2.561,1.999
6414,2.600,1.999
6415,2.532,1.994
6416,2.561,1.994
6417,2.556,1.994
6418,2.551,1.994
6419,2.537,1.994
6420,2.532,1.999
6421,2.537,1.999
6422,2.542,1.994
6423,2.551,1.999
6424,2.566,1.999
6425,2.903,1.994
6426,2.478,1.999
6427,2.336,1.999
6428,2.375,1.999
6429,2.473,2.004
6430,2.551,1.999
6431,2.615,1.999
6432,2.620,2.004
6433,2.595,2.004
6434,2.561,2.004
6435,2.532,2.009
6436,2.527,2.004
6437,2.542,2.009
6438,2.556,2.009
6439,2.561,2.009
6440,2.561,2.009
6441,2.546,2.009
6442,2.551,2.009
6443,2.566,2.014
6444,2.571,2.014
6445,2.571,2.014
6446,2.571,2.014
6447,2.576,2.014
6448,2.571,2.014
6449,2.933,2.009
6450,2.561,2.014
6451,2.444,2.019
6452,2.444,2.014
6453,2.498,2.019
6454,2.942,2.019
6455,2.483,2.023
6456,2.312,2.019
6457,2.356,2.023
6458,2.463,2.023
6459,2.556,2.023
6460,2.586,2.028
6461,2.605,2.028
6462,2.571,2.028
6463,2.542,2.033
6464,2.517,2.028
6465,2.522,2.033
6466,2.532,2.033
6467,2.566,2.033
6468,2.561,2.038
6469,2.571,2.038
6470,2.556,2.033
6471,2.542,2.038
6472,2.542,2.038
6473,2.546,2.038
6474,2.561,2.038
6475,2.571,2.038
6476,2.566,2.038
6477,2.615,2.043
6478,2.532,2.038
6479,2.581,2.038
6480,2.595,2.038
6481,2.581,2.043
6482,2.923,2.043
6483,2.468,2.043
6484,2.317,2.043
6485,2.370,2.048
6486,2.488,2.043
6487,2.566,2.048
6488,2.600,2.048
6489,2.590,2.048
6490,2.571,2.053
6491,2.561,2.048
6492,2.556,2.053
6493,2.556,2.053
6494,2.566,2.053
6495,2.581,2.053
6496,2.581,2.053
6497,2.566,2.053
6498,2.551,2.058
6499,2.542,2.058
6500,2.542,2.053
6501,2.551,2.058
6502,2.551,2.058
6503,2.542,2.058
6504,2.542,2.063
6505,2.537,2.058
6506,2.537,2.058
6507,2.527,2.063
6508,2.522,2.058
6509,2.517,2.063
6510,2.703,2.058
6511,2.889,2.058
6512,2.366,2.063
6513,2.224,2.058
6514,2.322,2.063
6515,2.483,2.063
6516,2.586,2.063
6517,2.610,2.067
6518,2.595,2.067
6519,2.566,2.063
6520,2.542,2.067
6521,2.532,2.063
6522,2.522,2.063
6523,2.517,2.067
6524,2.537,2.063
6525,2.532,2.063
6526,2.546,2.067
6527,2.556,2.067
6528,2.556,2.067
6529,2.561,2.067
6530,2.581,2.067
6531,2.576,2.067
6532,2.581,2.067
6533,2.571,2.067
6534,2.571,2.072
6535,2.590,2.067
6536,2.605,2.067
6537,2.600,2.072
6538,2.590,2.067
6539,2.933,2.067
6540,2.546,2.067
6541,2.458,2.067
6542,2.517,2.067
6543,2.566,2.067
6544,2.561,2.072
6545,2.561,2.072
6546,2.542,2.067
6547,2.542,2.072
6548,2.537,2.072
6549,2.551,2.072
6550,2.561,2.072
6551,2.595,2.072
6552,2.581,2.072
6553,2.576,2.077
6554,2.566,2.072
6555,2.571,2.072
6556,2.566,2.077
6557,2.581,2.072
6558,2.571,2.077
6559,2.576,2.077
6560,2.566,2.072
6561,2.566,2.077
6562,2.566,2.072
6563,2.566,2.072
6564,2.561,2.077
6565,2.556,2.072
6566,2.561,2.072
6567,2.903,2.072
6568,2.532,2.072
6569,2.395,2.067
6570,2.405,2.072
6571,2.796,2.063
6572,2.551,2.067
6573,2.463,2.067
6574,2.478,2.067
6575,2.537,2.067
6576,2.571,2.067
6577,2.595,2.067
6578,2.586,2.067
6579,2.590,2.067
6580,2.586,2.067
6581,2.586,2.067
6582,2.576,2.063
6583,2.586,2.067
6584,2.566,2.063
6585,2.576,2.063
6586,2.571,2.063
6587,2.581,2.063
6588,2.571,2.058
6589,2.576,2.063
6590,2.581,2.058
6591,2.590,2.058
6592,2.581,2.058
6593,2.586,2.058
6594,2.576,2.058
6595,2.561,2.058
6596,2.937,2.053
6597,2.468,2.053
6598,2.322,2.053
6599,2.390,2.053
6600,2.512,2.048
6601,2.600,2.053
6602,2.630,2.048
6603,2.683,2.043
6604,2.678,2.043
6605,2.634,2.043
6606,2.581,2.043
6607,2.542,2.043
6608,2.537,2.043
6609,2.561,2.038
6610,2.581,2.038
6611,2.581,2.038
6612,2.581,2.033
6613,2.586,2.038
6614,2.586,2.033
6615,2.581,2.033
6616,2.586,2.033
6617,2.590,2.033
6618,2.586,2.028
6619,2.576,2.028
6620,2.586,2.028
6621,2.581,2.023
6622,2.590,2.023
6623,2.600,2.023
6624,2.937,2.019
6625,2.532,2.019
6626,2.361,2.019
6627,2.395,2.014
6628,2.493,2.019
6629,2.586,2.019
6630,2.615,2.014
6631,2.879,2.014
6632,2.620,2.014
6633,2.542,2.014
6634,2.546,2.009
6635,2.561,2.014
6636,2.576,2.014
6637,2.581,2.009
6638,2.561,2.014
6639,2.532,2.014
6640,2.561,2.014
6641,2.576,2.019
6642,2.595,2.014
6643,2.595,2.014
6644,2.595,2.014
6645,2.586,2.014
6646,2.576,2.014
6647,2.566,2.014
6648,2.576,2.014
6649,2.556,2.014
6650,2.532,2.014
6651,2.473,2.014
6652,2.454,2.014
6653,2.859,2.014
6654,2.424,2.014
6655,2.292,2.014
6656,2.375,2.014
6657,2.507,2.014
6658,2.605,2.014
6659,2.625,2.019
6660,2.625,2.019
6661,2.605,2.019
6662,2.600,2.019
6663,2.581,2.019
6664,2.571,2.023
6665,2.546,2.023
6666,2.620,2.023
6667,2.664,2.019
6668,2.683,2.023
6669,2.703,2.023
6670,2.664,2.023
6671,2.630,2.028
6672,2.595,2.028
6673,2.595,2.028
6674,2.581,2.033
6675,2.595,2.028
6676,2.595,2.033
6677,2.605,2.033
6678,2.586,2.028
6679,2.586,2.033
6680,2.571,2.033
6681,2.928,2.033
6682,2.493,2.033
6683,2.346,2.038
6684,2.400,2.033
6685,2.522,2.038
6686,2.595,2.038
6687,2.625,2.038
6688,2.595,2.038
6689,2.571,2.043
6690,2.566,2.038
6691,2.566,2.043
6692,2.556,2.043
6693,2.849,2.038
6694,2.571,2.038
6695,2.444,2.038
6696,2.463,2.043
6697,2.546,2.043
6698,2.590,2.043
6699,2.590,2.048
6700,2.581,2.043
6701,2.561,2.043
6702,2.556,2.048
6703,2.566,2.043
6704,2.566,2.048
6705,2.571,2.048
6706,2.581,2.043
6707,2.566,2.048
6708,2.551,2.048
6709,2.566,2.048
6710,2.947,2.048
6711,2.454,2.048
6712,2.317,2.048
6713,2.390,2.048
6714,2.522,2.048
6715,2.610,2.048
6716,2.639,2.048
6717,2.630,2.048
6718,2.600,2.048
6719,2.581,2.048
6720,2.571,2.048
6721,2.576,2.048
6722,2.581,2.048
6723,2.586,2.048
6724,2.586,2.048
6725,2.590,2.048
6726,2.581,2.043
6727,2.581,2.043
6728,2.571,2.043
6729,2.669,2.038
6730,2.698,2.038
6731,2.659,2.038
6732,2.605,2.038
6733,2.571,2.038
6734,2.561,2.038
6735,2.566,2.038
6736,2.576,2.033
6737,2.586,2.038
6738,2.952,2.038
6739,2.532,2.033
6740,2.380,2.033
6741,2.424,2.038
6742,2.522,2.033
6743,2.590,2.033
6744,2.620,2.038
6745,2.625,2.033
6746,2.610,2.033
6747,2.595,2.033
6748,2.595,2.033
6749,2.586,2.033
6750,2.576,2.033
6751,2.576,2.033
6752,2.576,2.033
6753,2.835,2.033
6754,2.615,2.028
6755,2.522,2.028
6756,2.517,2.033
6757,2.546,2.033
6758,2.605,2.028
6759,2.639,2.033
6760,2.625,2.028
6761,2.566,2.028
6762,2.561,2.028
6763,2.615,2.028
6764,2.644,2.028
6765,2.620,2.028
6766,2.615,2.028
6767,2.981,2.023
6768,2.488,2.028
6769,2.302,2.028
6770,2.366,2.028
6771,2.473,2.028
6772,2.576,2.028
6773,2.615,2.028
6774,2.586,2.033
6775,2.498,2.028
6776,2.483,2.033
6777,2.532,2.033
6778,2.576,2.028
6779,2.586,2.033
6780,2.586,2.033
6781,2.551,2.028
6782,2.542,2.033
6783,2.512,2.033
6784,2.517,2.033
6785,2.507,2.033
6786,2.517,2.033
6787,2.522,2.033
6788,2.532,2.038
6789,2.532,2.033
6790,2.542,2.033
6791,2.542,2.038
6792,2.664,2.033
6793,2.815,2.033
6794,2.781,2.033
6795,3.055,2.033
6796,2.517,2.038
6797,2.336,2.038
6798,2.400,2.038
6799,2.527,2.038
6800,2.620,2.038
6801,2.649,2.043
6802,2.644,2.043
6803,2.620,2.038
6804,2.610,2.043
6805,2.605,2.043
6806,2.605,2.043
6807,2.605,2.043
6808,2.590,2.043
6809,2.595,2.043
6810,2.595,2.048
6811,2.605,2.043
6812,2.600,2.048
6813,2.600,2.048
6814,2.581,2.043
6815,2.864,2.043
6816,2.551,2.043
6817,2.424,2.043
6818,2.444,2.043
6819,2.517,2.043
6820,2.561,2.048
6821,2.571,2.048
6822,2.561,2.048
6823,2.889,2.048
6824,2.493,2.048
6825,2.366,2.048
6826,2.424,2.048
6827,2.527,2.048
6828,2.605,2.048
6829,2.634,2.053
6830,2.615,2.048
6831,2.600,2.048
6832,2.605,2.053
6833,2.590,2.048
6834,2.600,2.053
6835,2.615,2.053
6836,2.630,2.048
6837,2.639,2.053
6838,2.630,2.053
6839,2.615,2.048
6840,2.605,2.053
6841,2.595,2.048
6842,2.590,2.048
6843,2.576,2.048
6844,2.581,2.048
6845,2.576,2.048
6846,2.576,2.048
6847,2.576,2.043
6848,2.586,2.043
6849,2.600,2.043
6850,2.605,2.043
6851,2.605,2.043
6852,2.991,2.038
6853,2.644,2.038
6854,2.444,2.033
6855,2.307,2.028
6856,2.444,2.033
6857,2.537,2.028
6858,2.551,2.023
6859,2.537,2.028
6860,2.507,2.023
6861,2.493,2.023
6862,2.478,2.019
6863,2.483,2.014
6864,2.498,2.014
6865,2.507,2.014
6866,2.522,2.009
6867,2.512,2.009
6868,2.512,2.004
6869,2.507,1.999
6870,2.517,1.999
6871,2.517,1.999
6872,2.502,1.994
6873,2.483,1.994
6874,2.512,1.989
6875,2.722,1.984
6876,2.498,1.984
6877,2.444,1.984
6878,2.473,1.979
6879,2.493,1.979
6880,2.815,1.979
6881,2.434,1.979
6882,2.302,1.975
6883,2.341,1.979
6884,2.439,1.975
6885,2.493,1.975
6886,2.522,1.975
6887,2.507,1.975
6888,2.502,1.975
6889,2.478,1.975
6890,2.478,1.970
6891,2.473,1.970
6892,2.493,1.970
6893,2.493,1.970
6894,2.507,1.970
6895,2.498,1.970
6896,2.493,1.970
6897,2.483,1.970
6898,2.493,1.970
6899,2.493,1.970
6900,2.493,1.970
6901,2.483,1.970
6902,2.493,1.970
6903,2.488,1.970
6904,2.507,1.970
6905,2.483,1.970
6906,2.478,1.970
6907,2.483,1.970
6908,2.493,1.970
6909,2.849,1.970
6910,2.410,1.970
6911,2.268,1.970
6912,2.322,1.970
6913,2.444,1.970
6914,2.517,1.970
6915,2.542,1.970
6916,2.517,1.970
6917,2.537,1.970
6918,2.498,1.975
6919,2.488,1.970
6920,2.468,1.975
6921,2.473,1.975
6922,2.478,1.975
6923,2.483,1.975
6924,2.468,1.975
6925,2.468,1.975
6926,2.458,1.979
6927,2.468,1.979
6928,2.478,1.979
6929,2.488,1.979
6930,2.483,1.979
6931,2.488,1.979
6932,2.483,1.984
6933,2.493,1.979
6934,2.483,1.984
6935,2.483,1.984
6936,2.488,1.984
6937,2.805,1.979
6938,2.312,1.979
6939,2.180,1.979
6940,2.283,1.984
6941,2.444,1.984
6942,2.537,1.989
6943,2.556,1.989
6944,2.537,1.989
6945,2.507,1.989
6946,2.488,1.994
6947,2.488,1.989
6948,2.483,1.994
6949,2.507,1.994
6950,2.502,1.994
6951,2.488,1.994
6952,2.483,1.994
6953,2.498,1.994
6954,2.498,1.999
6955,2.507,1.994
6956,2.512,1.994
6957,2.512,1.999
6958,2.512,1.994
6959,2.517,1.999
6960,2.507,1.999
6961,2.507,1.999
6962,2.502,1.999
6963,2.498,1.999
6964,2.517,1.999
6965,2.493,2.004
6966,2.820,2.004
6967,2.361,1.999
6968,2.219,2.004
6969,2.292,2.004
6970,2.410,2.004
6971,2.502,2.004
6972,2.532,2.004
6973,2.507,2.004
6974,2.483,2.009
6975,2.473,2.009
6976,2.483,2.009
6977,2.493,2.009
6978,2.488,2.009
6979,2.493,2.009
6980,2.542,2.009
6981,2.454,2.009
6982,2.532,2.009
6983,2.537,2.009
6984,2.517,2.014
6985,2.493,2.009
6986,2.483,2.014
6987,2.478,2.014
6988,2.478,2.009
6989,2.478,2.014
6990,2.468,2.014
6991,2.419,2.014
6992,2.375,2.014
6993,2.361,2.014
6994,2.747,2.014
6995,2.361,2.014
6996,2.297,2.014
6997,2.678,2.014
6998,2.542,2.014
6999,2.473,2.014
7000,2.439,2.019
7001,2.429,2.019
7002,2.483,2.014
7003,2.537,2.019
7004,2.586,2.019
7005,2.605,2.019
7006,2.605,2.019
7007,2.566,2.019
7008,2.537,2.019
7009,2.507,2.019
7010,2.488,2.019
7011,2.473,2.019
7012,2.488,2.019
7013,2.478,2.014
7014,2.468,2.019
7015,2.463,2.014
7016,2.454,2.014
7017,2.380,2.014
7018,2.331,2.014
7019,2.336,2.014
7020,2.390,2.014
7021,2.454,2.014
7022,2.478,2.014
7023,2.805,2.014
7024,2.375,2.014
7025,2.229,2.014
7026,2.283,2.014
7027,2.410,2.014
7028,2.478,2.014
7029,2.493,2.019
7030,2.488,2.014
7031,2.483,2.019
7032,2.473,2.019
7033,2.468,2.019
7034,2.478,2.019
7035,2.483,2.023
7036,2.498,2.023
7037,2.507,2.023
7038,2.512,2.028
7039,2.502,2.028
7040,2.502,2.033
7041,2.493,2.038
7042,2.502,2.038
7043,2.561,2.038
7044,2.522,2.038
7045,2.551,2.043
7046,2.542,2.038
7047,2.527,2.043
7048,2.512,2.043
7049,2.507,2.043
7050,2.507,2.043
7051,2.869,2.043
7052,2.478,2.038
7053,2.400,2.043
7054,2.561,2.038
7055,2.693,2.038
7056,2.761,2.038
7057,2.742,2.038
7058,2.649,2.038
7059,2.781,2.033
7060,2.517,2.033
7061,2.419,2.038
7062,2.444,2.033
7063,2.512,2.038
7064,2.556,2.038
7065,2.571,2.038
7066,2.561,2.038
7067,2.546,2.038
7068,2.537,2.038
7069,2.527,2.038
7070,2.532,2.038
7071,2.542,2.038
7072,2.537,2.038
7073,2.532,2.038
7074,2.532,2.038
7075,2.537,2.038
7076,2.522,2.038
7077,2.537,2.038
7078,2.527,2.038
7079,2.845,2.038
7080,2.473,2.038
7081,2.336,2.038
7082,2.370,2.038
7083,2.473,2.038
7084,2.551,2.038
7085,2.546,2.038
7086,2.532,2.033
7087,2.522,2.038
7088,2.512,2.033
7089,2.517,2.033
7090,2.517,2.033
7091,2.517,2.033
7092,2.527,2.033
7093,2.532,2.033
7094,2.527,2.028
7095,2.532,2.028
7096,2.527,2.023
7097,2.527,2.023
7098,2.527,2.023
7099,2.527,2.019
7100,2.522,2.014
7101,2.522,2.014
7102,2.522,2.014
7103,2.522,2.009
7104,2.517,2.009
7105,2.512,2.004
7106,2.542,1.994
7107,2.424,1.989
7108,2.864,1.984
7109,2.400,1.984
7110,2.229,1.979
7111,2.253,1.979
7112,2.366,1.975
7113,2.454,1.970
7114,2.498,1.970
7115,2.498,1.965
7116,2.488,1.960
7117,2.488,1.960
7118,2.493,1.955
7119,2.747,1.950
7120,2.522,1.945
7121,2.449,1.945
7122,2.439,1.940
7123,2.478,1.935
7124,2.517,1.935
7125,2.527,1.935
7126,2.537,1.931
7127,2.517,1.931
7128,2.512,1.931
7129,2.512,1.926
7130,2.517,1.926
7131,2.507,1.926
7132,2.517,1.921
7133,2.517,1.921
7134,2.512,1.916
7135,2.512,1.921
7136,2.840,1.916
7137,2.454,1.916
7138,2.331,1.911
7139,2.356,1.916
7140,2.449,1.911
7141,2.522,1.911
7142,2.546,1.911
7143,2.542,1.911
7144,2.537,1.911
7145,2.517,1.911
7146,2.502,1.906
7147,2.512,1.911
7148,2.507,1.911
7149,2.512,1.906
7150,2.517,1.911
7151,2.522,1.911
7152,2.512,1.906
7153,2.512,1.911
7154,2.507,1.906
7155,2.517,1.906
7156,2.512,1.911
7157,2.517,1.906
7158,2.527,1.906
7159,2.542,1.906
7160,2.566,1.906
7161,2.600,1.906
7162,2.625,1.911
7163,2.639,1.906
7164,2.649,1.906
7165,3.011,1.906
7166,2.517,1.906
7167,2.346,1.906
7168,2.366,1.906
7169,2.551,1.906
7170,2.674,1.901
7171,2.688,1.901
7172,2.634,1.906
7173,2.571,1.906
7174,2.556,1.906
7175,2.542,1.906
7176,2.546,1.906
7177,2.551,1.906
7178,2.561,1.906
7179,2.551,1.901
7180,2.542,1.906
7181,2.761,1.896
7182,2.512,1.901
7183,2.419,1.901
7184,2.439,1.901
7185,2.488,1.901
7186,2.532,1.901
7187,2.532,1.901
7188,2.522,1.901
7189,2.517,1.901
7190,2.498,1.901
7191,2.488,1.906
7192,2.493,1.906
7193,2.874,1.901
7194,2.473,1.906
7195,2.341,1.906
7196,2.390,1.906
7197,2.502,1.906
7198,2.571,1.906
7199,2.590,1.906
7200,2.566,1.911
7201,2.551,1.906
7202,2.537,1.906
7203,2.527,1.911
7204,2.542,1.911
7205,2.542,1.911
7206,2.542,1.911
7207,2.546,1.906
7208,2.546,1.911
7209,2.546,1.911
7210,2.542,1.906
7211,2.546,1.911
7212,2.556,1.911
7213,2.551,1.911
7214,2.542,1.916
7215,2.546,1.916
7216,2.542,1.911
7217,2.532,1.916
7218,2.542,1.916
7219,2.542,1.916
7220,2.546,1.921
7221,2.551,1.921
7222,2.923,1.916
7223,2.434,1.921
7224,2.292,1.921
7225,2.356,1.921
7226,2.478,1.921
7227,2.566,1.921
7228,2.595,1.921
7229,2.576,1.926
7230,2.556,1.926
7231,2.532,1.926
7232,2.610,1.926
7233,2.644,1.926
7234,2.634,1.926
7235,2.586,1.926
7236,2.546,1.931
7237,2.537,1.931
7238,2.542,1.931
7239,2.537,1.935
7240,2.542,1.935
7241,2.776,1.931
7242,2.551,1.931
7243,2.502,1.935
7244,2.507,1.935
7245,2.517,1.935
7246,2.551,1.940
7247,2.556,1.940
7248,2.551,1.940
7249,2.546,1.945
7250,2.898,1.940
7251,2.473,1.940
7252,2.326,1.945
7253,2.375,1.945
7254,2.483,1.945
7255,2.556,1.950
7256,2.581,1.950
7257,2.576,1.950
7258,2.566,1.950
7259,2.542,1.950
7260,2.537,1.950
7261,2.537,1.955
7262,2.542,1.950
7263,2.561,1.955
7264,2.546,1.955
7265,2.546,1.950
7266,2.542,1.955
7267,2.542,1.955
7268,2.546,1.955
7269,2.546,1.955
7270,2.542,1.955
7271,2.537,1.955
7272,2.527,1.960
7273,2.527,1.955
7274,2.542,1.955
7275,2.551,1.960
7276,2.556,1.960
7277,2.546,1.960
7278,2.546,1.960
7279,2.928,1.960
7280,2.439,1.960
7281,2.292,1.960
7282,2.366,1.960
7283,2.493,1.960
7284,2.571,1.960
7285,2.600,1.960
7286,2.586,1.960
7287,2.561,1.965
7288,2.542,1.960
7289,2.537,1.960
7290,2.546,1.965
7291,2.551,1.960
7292,2.542,1.965
7293,2.546,1.965
7294,2.542,1.960
7295,2.610,1.965
7296,2.644,1.960
7297,2.639,1.965
7298,2.586,1.960
7299,2.542,1.965
7300,2.532,1.965
7301,2.537,1.965
7302,2.527,1.965
7303,2.786,1.960
7304,2.517,1.965
7305,2.405,1.965
7306,2.419,1.965
7307,2.889,1.965
7308,2.488,1.965
7309,2.346,1.965
7310,2.385,1.970
7311,2.478,1.970
7312,2.571,1.965
7313,2.605,1.970
7314,2.615,1.970
7315,2.590,1.970
7316,2.571,1.970
7317,2.551,1.970
7318,2.546,1.970
7319,2.542,1.970
7320,2.551,1.970
7321,2.546,1.970
7322,2.546,1.970
7323,2.566,1.970
7324,2.546,1.970
7325,2.532,1.975
7326,2.527,1.970
7327,2.522,1.975
7328,2.517,1.975
7329,2.522,1.970
7330,2.527,1.975
7331,2.532,1.975
7332,2.551,1.970
7333,2.551,1.975
7334,2.546,1.975
7335,2.884,1.970
7336,2.507,1.975
7337,2.361,1.975
7338,2.390,1.970
7339,2.473,1.975
7340,2.542,1.975
7341,2.561,1.975
7342,2.561,1.975
7343,2.556,1.975
7344,2.556,1.975
7345,2.546,1.979
7346,2.556,1.975
7347,2.566,1.975
7348,2.566,1.979
7349,2.561,1.975
7350,2.556,1.979
7351,2.556,1.979
7352,2.566,1.979
7353,2.586,1.979
7354,2.576,1.979
7355,2.566,1.979
7356,2.561,1.979
7357,2.551,1.979
7358,2.630,1.979
7359,2.669,1.975
7360,2.659,1.979
7361,2.620,1.979
7362,2.576,1.979
7363,2.801,1.979
7364,2.918,1.975
7365,2.405,1.979
7366,2.253,1.979
7367,2.356,1.979
7368,2.483,1.984
7369,2.581,1.984
7370,2.605,1.984
7371,2.595,1.984
7372,2.561,1.984
7373,2.551,1.984
7374,2.537,1.984
7375,2.537,1.984
7376,2.537,1.984
7377,2.542,1.989
7378,2.546,1.984
7379,2.527,1.989
7380,2.542,1.989
7381,2.532,1.989
7382,2.532,1.989
7383,2.542,1.989
7384,2.537,1.989
7385,2.527,1.989
7386,2.532,1.989
7387,2.532,1.989
7388,2.537,1.989
7389,2.537,1.989
7390,2.546,1.989
7391,2.546,1.989
7392,2.893,1.989
7393,2.527,1.989
7394,2.429,1.989
7395,2.498,1.989
7396,2.576,1.989
7397,2.610,1.994
7398,2.615,1.989
7399,2.595,1.989
7400,2.581,1.994
7401,2.581,1.989
7402,2.571,1.989
7403,2.537,1.994
7404,2.498,1.989
7405,2.444,1.994
7406,2.419,1.994
7407,2.454,1.989
7408,2.517,1.994
7409,2.581,1.994
7410,2.605,1.989
7411,2.595,1.994
7412,2.576,1.994
7413,2.586,1.994
7414,2.566,1.994
7415,2.556,1.994
7416,2.546,1.994
7417,2.551,1.994
7418,2.542,1.989
7419,2.542,1.994
7420,2.537,1.994
7421,2.986,1.989
7422,2.512,1.989
7423,2.410,1.989
7424,2.864,1.984
7425,2.586,1.984
7426,2.512,1.989
7427,2.542,1.994
7428,2.581,1.994
7429,2.615,1.994
7430,2.605,1.994
7431,2.556,1.994
7432,2.527,1.999
7433,2.507,1.999
7434,2.512,1.999
7435,2.522,1.999
7436,2.542,1.999
7437,2.556,1.999
7438,2.571,1.999
7439,2.576,1.999
7440,2.600,1.999
7441,2.620,1.999
7442,2.625,1.999
7443,2.600,1.999
7444,2.551,1.999
7445,2.512,1.999
7446,2.493,2.004
7447,2.522,1.999
7448,2.546,1.999
7449,2.913,1.999
7450,2.493,2.004
7451,2.361,1.999
7452,2.400,2.004
7453,2.498,2.004
7454,2.586,2.004
7455,2.615,2.004
7456,2.634,2.004
7457,2.620,2.004
7458,2.615,2.004
7459,2.586,2.004
7460,2.542,2.004
7461,2.498,2.009
7462,2.483,2.004
7463,2.532,2.004
7464,2.556,2.009
7465,2.561,2.004
7466,2.566,2.009
7467,2.556,2.004
7468,2.561,2.004
7469,2.571,2.004
7470,2.571,2.004
7471,2.566,2.004
7472,2.551,2.004
7473,2.556,2.004
7474,2.566,2.004
7475,2.595,2.004
7476,2.703,1.999
7477,2.781,1.999
7478,3.148,1.999
7479,2.595,1.994
7480,2.375,1.994
7481,2.326,1.994
7482,2.326,1.994
7483,2.468,1.989
7484,2.507,1.984
7485,2.805,1.979
7486,2.708,1.979
7487,2.644,1.979
7488,2.566,1.979
7489,2.483,1.979
7490,2.410,1.975
7491,2.405,1.975
7492,2.468,1.975
7493,2.542,1.970
7494,2.595,1.970
7495,2.625,1.970
7496,2.620,1.965
7497,2.610,1.965
7498,2.595,1.965
7499,2.571,1.960
7500,2.556,1.960
7501,2.556,1.955
7502,2.561,1.955
7503,2.556,1.955
7504,2.556,1.950
7505,2.595,1.950
7506,3.060,1.945
7507,2.615,1.945
7508,2.410,1.945
7509,2.405,1.945
7510,2.478,1.940
7511,2.571,1.940
7512,2.630,1.940
7513,2.639,1.940
7514,2.630,1.935
7515,2.615,1.935
7516,2.590,1.935
7517,2.590,1.931
7518,2.610,1.931
7519,2.639,1.931
7520,2.644,1.931
7521,2.610,1.931
7522,2.517,1.931
7523,2.449,1.931
7524,2.458,1.931
7525,2.551,1.931
7526,2.644,1.931
7527,2.654,1.931
7528,2.566,1.931
7529,2.498,1.931
7530,2.483,1.931
7531,2.542,1.931
7532,2.600,1.931
7533,2.659,1.931
7534,2.639,1.926
7535,3.030,1.926
7536,2.551,1.926
7537,2.390,1.931
7538,2.410,1.931
7539,2.483,1.935
7540,2.522,1.940
7541,2.561,1.940
7542,2.595,1.945
7543,2.630,1.945
7544,2.620,1.950
7545,2.595,1.950
7546,2.610,1.945
7547,2.644,1.935
7548,2.507,1.935
7549,2.449,1.935
7550,2.483,1.940
7551,2.561,1.940
7552,2.630,1.940
7553,2.654,1.940
7554,2.649,1.940
7555,2.620,1.940
7556,2.605,1.940
7557,2.581,1.940
7558,2.576,1.940
7559,2.546,1.940
7560,2.546,1.940
7561,2.561,1.940
7562,2.595,1.940
7563,2.981,1.935
7564,2.478,1.935
7565,2.292,1.935
7566,2.351,1.935
7567,2.498,1.935
7568,2.615,1.935
7569,2.634,1.935
7570,2.595,1.935
7571,2.527,1.935
7572,2.468,1.931
7573,2.478,1.931
7574,2.537,1.931
7575,2.620,1.926
7576,2.669,1.926
7577,2.664,1.926
7578,2.659,1.921
7579,2.625,1.921
7580,2.586,1.921
7581,2.542,1.921
7582,2.527,1.921
7583,2.527,1.916
7584,2.527,1.916
7585,2.502,1.916
7586,2.483,1.911
7587,2.488,1.911
7588,2.532,1.911
7589,2.561,1.911
7590,2.571,1.906
7591,2.913,1.906
7592,2.507,1.906
7593,2.370,1.906
7594,2.405,1.906
7595,2.537,1.901
7596,2.654,1.901
7597,2.732,1.901
7598,2.737,1.901
7599,2.703,1.896
7600,2.639,1.896
7601,2.595,1.896
7602,2.571,1.896
7603,2.576,1.896
7604,2.595,1.896
7605,2.615,1.896
7606,2.630,1.896
7607,2.605,1.896
7608,2.786,1.891
7609,2.644,1.891
7610,2.502,1.887
7611,2.586,1.891
7612,2.644,1.891
7613,2.649,1.891
7614,2.625,1.891
7615,2.571,1.891
7616,2.556,1.891
7617,2.571,1.896
7618,2.605,1.896
7619,2.625,1.896
7620,3.021,1.891
7621,2.512,1.891
7622,2.351,1.891
7623,2.405,1.896
7624,2.527,1.896
7625,2.605,1.896
7626,2.630,1.896
7627,2.630,1.896
7628,2.630,1.896
7629,2.615,1.901
7630,2.595,1.901
7631,2.576,1.901
7632,2.561,1.906
7633,2.561,1.906
7634,2.571,1.906
7635,2.571,1.906
7636,2.576,1.906
7637,2.576,1.911
7638,2.590,1.911
7639,2.615,1.911
7640,2.634,1.911
7641,2.630,1.916
7642,2.620,1.911
7643,2.605,1.916
7644,2.605,1.916
7645,2.610,1.916
7646,2.600,1.921
7647,2.595,1.916
7648,2.952,1.916
7649,2.551,1.921
7650,2.385,1.921
7651,2.405,1.921
7652,2.522,1.921
7653,2.605,1.926
7654,2.654,1.926
7655,2.649,1.926
7656,2.620,1.926
7657,2.590,1.926
7658,2.581,1.931
7659,2.600,1.931
7660,2.610,1.931
7661,2.610,1.931
7662,2.600,1.931
7663,2.595,1.935
7664,2.581,1.935
7665,2.551,1.935
7666,2.546,1.935
7667,2.571,1.935
7668,2.595,1.935
7669,2.986,1.931
7670,2.610,1.935
7671,2.502,1.935
7672,2.542,1.935
7673,2.498,1.935
7674,2.595,1.935
7675,2.615,1.940
7676,2.620,1.940
7677,2.991,1.940
7678,2.483,1.940
7679,2.312,1.945
7680,2.380,1.945
7681,2.532,1.945
7682,2.649,1.945
7683,2.669,1.945
7684,2.654,1.950
7685,2.615,1.950
7686,2.610,1.950
7687,2.590,1.950
7688,2.561,1.950
7689,2.551,1.950
7690,2.571,1.955
7691,2.590,1.955
7692,2.590,1.955
7693,2.590,1.955
7694,2.600,1.955
7695,2.590,1.955
7696,2.576,1.955
7697,2.581,1.955
7698,2.610,1.955
7699,2.610,1.960
7700,2.605,1.955
7701,2.605,1.960
7702,2.625,1.960
7703,2.630,1.960
7704,2.639,1.960
7705,3.016,1.960
7706,2.561,1.960
7707,2.370,1.960
7708,2.361,1.960
7709,2.493,1.960
7710,2.639,1.960
7711,2.727,1.965
7712,2.737,1.965
7713,2.664,1.965
7714,2.595,1.965
7715,2.576,1.965
7716,2.576,1.965
7717,2.590,1.965
7718,2.620,1.965
7719,2.634,1.965
7720,2.610,1.965
7721,2.610,1.965
7722,2.586,1.965
7723,2.566,1.965
7724,2.566,1.965
7725,2.600,1.970
7726,2.644,1.970
7727,2.644,1.965
7728,2.620,1.970
7729,2.586,1.970
7730,2.747,1.965
7731,2.576,1.965
7732,2.522,1.970
7733,2.542,1.970
7734,2.996,1.970
7735,2.571,1.965
7736,2.449,1.965
7737,2.488,1.970
7738,2.512,1.970
7739,2.542,1.970
7740,2.566,1.970
7741,2.590,1.970
7742,2.600,1.970
7743,2.600,1.975
7744,2.600,1.970
7745,2.630,1.975
7746,2.649,1.975
7747,2.610,1.975
7748,2.571,1.975
7749,2.576,1.975
7750,2.590,1.975
7751,2.610,1.975
7752,2.630,1.975
7753,2.634,1.975
7754,2.620,1.975
7755,2.630,1.975
7756,2.620,1.975
7757,2.610,1.979
7758,2.586,1.975
7759,2.590,1.979
7760,2.571,1.979
7761,2.590,1.975
7762,2.996,1.975
7763,2.708,1.975
7764,2.473,1.979
7765,2.375,1.975
7766,2.390,1.979
7767,2.434,1.979
7768,2.463,1.979
7769,2.463,1.979
7770,2.458,1.979
7771,2.454,1.979
7772,2.463,1.979
7773,2.463,1.979
7774,2.463,1.979
7775,2.478,1.979
7776,2.488,1.979
7777,2.512,1.979
7778,2.532,1.979
7779,2.532,1.979
7780,2.517,1.984
7781,2.522,1.979
7782,2.537,1.984
7783,2.527,1.984
7784,2.522,1.979
7785,2.512,1.984
7786,2.517,1.984
7787,2.527,1.979
7788,2.542,1.984
7789,2.522,1.984
7790,2.517,1.984
7791,2.766,1.979
7792,2.263,1.979
7793,2.141,1.979
7794,2.243,1.984
7795,2.424,1.984
7796,2.542,1.984
7797,2.556,1.984
7798,2.610,1.984
7799,2.537,1.984
7800,2.483,1.989
7801,2.458,1.989
7802,2.463,1.989
7803,2.468,1.989
7804,2.473,1.989
7805,2.478,1.989
7806,2.493,1.989
7807,2.507,1.989
7808,2.512,1.989
7809,2.527,1.989
7810,2.537,1.989
7811,2.551,1.994
7812,2.542,1.989
7813,2.537,1.994
7814,2.517,1.994
7815,2.512,1.994
7816,2.488,1.994
7817,2.498,1.994
7818,2.488,1.994
7819,2.840,1.989
7820,2.410,1.994
7821,2.258,1.994
7822,2.307,1.994
7823,2.400,1.994
7824,2.468,1.994
7825,2.493,1.994
7826,2.483,1.994
7827,2.449,1.994
7828,2.429,1.999
7829,2.434,1.999
7830,2.429,1.994
7831,2.414,1.999
7832,2.454,1.999
7833,2.473,1.999
7834,2.493,1.999
7835,2.493,1.999
7836,2.454,1.999
7837,2.424,1.999
7838,2.444,1.999
7839,2.473,1.999
7840,2.483,1.999
7841,2.493,1.999
7842,2.493,1.999
7843,2.537,1.999
7844,2.615,1.999
7845,2.630,1.999
7846,2.576,1.999
7847,2.805,1.999
7848,2.400,1.999
7849,2.273,1.999
7850,2.346,1.999
7851,2.473,1.999
7852,2.742,1.994
7853,2.610,1.999
7854,2.512,1.999
7855,2.468,1.999
7856,2.478,2.004
7857,2.507,2.004
7858,2.517,2.004
7859,2.517,2.004
7860,2.517,2.004
7861,3.050,1.975
7862,2.747,1.950
7863,2.845,1.940
7864,2.849,1.940
7865,2.825,1.940
7866,2.791,1.940
7867,2.209,1.955
7868,2.590,1.970
7869,2.864,1.975
7870,2.820,1.984
7871,2.634,1.989
7872,2.493,1.994
7873,2.429,1.994
7874,2.429,1.999
7875,2.468,1.999
7876,2.849,1.999
7877,2.400,2.004
7878,2.263,2.004
7879,2.317,2.004
7880,2.414,2.004
7881,2.473,2.009
7882,2.483,2.004
7883,2.488,2.009
7884,2.483,2.009
7885,2.512,2.004
7886,2.532,2.009
7887,2.546,2.009
7888,2.527,2.009
7889,2.517,2.009
7890,2.502,2.009
7891,2.507,2.009
7892,2.498,2.009
7893,2.463,2.009
7894,2.458,2.009
7895,2.458,2.009
7896,2.463,2.009
7897,2.473,2.014
7898,2.498,2.009
7899,2.571,2.009
7900,2.639,2.014
7901,2.644,2.014
7902,2.595,2.014
7903,2.546,2.014
7904,2.835,2.009
7905,2.473,2.009
7906,2.326,2.014
7907,2.385,2.014
7908,2.478,2.014
7909,2.551,2.014
7910,2.537,2.014
7911,2.727,2.009
7912,2.488,2.009
7913,2.400,2.009
7914,2.424,2.014
7915,2.493,2.009
7916,2.537,2.014
7917,2.532,2.014
7918,2.527,2.014
7919,2.522,2.014
7920,2.502,2.014
7921,2.493,2.014
7922,2.458,2.019
7923,2.444,2.014
7924,2.537,2.014
7925,2.600,2.009
7926,2.644,2.014
7927,2.615,2.014
7928,2.576,2.014
7929,2.537,2.014
7930,2.517,2.014
7931,2.517,2.014
7932,2.527,2.019
7933,2.869,2.014
7934,2.390,2.014
7935,2.214,2.014
7936,2.258,2.014
7937,2.400,2.014
7938,2.517,2.019
7939,2.590,2.019
7940,2.571,2.014
7941,2.527,2.019
7942,2.488,2.019
7943,2.498,2.019
7944,2.502,2.019
7945,2.522,2.019
7946,2.512,2.019
7947,2.493,2.019
7948,2.478,2.019
7949,2.468,2.019
7950,2.478,2.019
7951,2.502,2.019
7952,2.527,2.019
7953,2.537,2.019
7954,2.512,2.019
7955,2.498,2.019
7956,2.488,2.019
7957,2.507,2.019
7958,2.498,2.019
7959,2.522,2.019
7960,2.532,2.014
7961,2.859,2.014
7962,2.454,2.014
7963,2.322,2.014
7964,2.410,2.014
7965,2.556,2.014
7966,2.649,2.009
7967,2.693,2.009
7968,2.664,2.009
7969,2.610,2.004
7970,2.556,2.004
7971,2.757,2.004
7972,2.507,1.999
7973,2.454,1.999
7974,2.468,1.999
7975,2.488,1.999
7976,2.517,1.994
7977,2.532,1.994
7978,2.551,1.994
7979,2.537,1.994
7980,2.522,1.994
7981,2.507,1.989
7982,2.512,1.989
7983,2.507,1.989
7984,2.522,1.989
7985,2.517,1.984
7986,2.517,1.984
7987,2.605,1.984
7988,2.615,1.979
7989,2.630,1.979
7990,2.947,1.975
7991,2.434,1.979
7992,2.258,1.975
7993,2.326,1.979
7994,2.458,1.979
7995,2.542,1.975
7996,2.566,1.979
7997,2.556,1.979
7998,2.532,1.975
7999,2.507,1.975
8000,2.502,1.975
8001,2.512,1.975
8002,2.517,1.975
8003,2.527,1.975
8004,2.522,1.975
8005,2.527,1.975
8006,2.527,1.975
8007,2.527,1.975
8008,2.537,1.975
8009,2.542,1.975
8010,2.532,1.975
8011,2.537,1.975
8012,2.522,1.970
8013,2.512,1.975
8014,2.502,1.975
8015,2.532,1.975
8016,2.532,1.975
8017,2.542,1.975
8018,3.275,1.965
8019,2.273,1.970
8020,1.965,1.970
8021,2.126,1.970
8022,2.390,1.975
8023,2.576,1.970
8024,2.649,1.975
8025,2.600,1.975
8026,2.542,1.975
8027,2.488,1.975
8028,2.473,1.975
8029,2.493,1.975
8030,2.527,1.975
8031,2.532,1.975
8032,2.737,1.970
8033,2.522,1.970
8034,2.424,1.975
8035,2.419,1.975
8036,2.458,1.975
8037,2.502,1.979
8038,2.517,1.979
8039,2.532,1.979
8040,2.542,1.979
8041,2.542,1.979
8042,2.527,1.979
8043,2.517,1.979
8044,2.507,1.979
8045,2.507,1.979
8046,2.507,1.984
8047,2.903,1.979
8048,2.473,1.979
8049,2.331,1.979
8050,2.366,1.984
8051,2.478,1.984
8052,2.561,1.984
8053,2.576,1.984
8054,2.502,1.984
8055,2.414,1.984
8056,2.346,1.984
8057,2.346,1.984
8058,2.395,1.984
8059,2.468,1.989
8060,2.542,1.984
8061,2.576,1.989
8062,2.556,1.989
8063,2.527,1.984
8064,2.512,1.989
8065,2.512,1.989
8066,2.527,1.989
8067,2.556,1.989
8068,2.600,1.989
8069,2.634,1.989
8070,2.634,1.989
8071,2.590,1.989
8072,2.542,1.989
8073,2.507,1.989
8074,2.468,1.989
8075,2.830,1.989
8076,2.380,1.989
8077,2.258,1.989
8078,2.346,1.989
8079,2.498,1.994
8080,2.605,1.994
8081,2.615,1.994
8082,2.571,1.994
8083,2.532,1.994
8084,2.546,1.994
8085,2.542,1.994
8086,2.546,1.994
8087,2.546,1.994
8088,2.542,1.994
8089,2.542,1.994
8090,2.512,1.994
8091,2.478,1.994
8092,2.458,1.994
8093,2.669,1.989
8094,2.542,1.994
8095,2.498,1.994
8096,2.512,1.994
8097,2.537,1.994
8098,2.561,1.994
8099,2.566,1.994
8100,2.556,1.999
8101,2.546,1.999
8102,2.532,1.999
8103,2.805,1.994
8104,2.380,1.999
8105,2.268,2.004
8106,2.341,2.004
8107,2.478,2.009
8108,2.551,2.004
8109,2.576,2.009
8110,2.566,2.009
8111,2.600,2.004
8112,2.512,2.004
8113,2.576,2.004
8114,2.595,2.004
8115,2.576,1.999
8116,2.561,2.004
8117,2.542,2.004
8118,2.522,2.004
8119,2.512,2.004
8120,2.493,2.004
8121,2.507,2.004
8122,2.517,2.004
8123,2.537,2.004
8124,2.542,2.004
8125,2.566,2.009
8126,2.586,2.004
8127,2.595,2.009
8128,2.586,2.009
8129,2.576,2.009
8130,2.542,2.009
8131,2.517,2.009
8132,2.879,2.009
8133,2.414,2.004
8134,2.287,2.009
8135,2.356,2.009
8136,2.498,2.009
8137,2.600,2.009
8138,2.644,2.009
8139,2.595,2.009
8140,2.551,2.009
8141,2.522,2.009
8142,2.527,2.014
8143,2.532,2.014
8144,2.561,2.009
8145,2.551,2.014
8146,2.546,2.014
8147,2.537,2.014
8148,2.527,2.014
8149,2.532,2.014
8150,2.551,2.014
8151,2.551,2.014
8152,2.556,2.014
8153,2.551,2.014
8154,2.913,2.009
8155,2.542,2.009
8156,2.449,2.014
8157,2.468,2.009
8158,2.517,2.014
8159,2.546,2.014
8160,2.889,2.014
8161,2.507,2.014
8162,2.361,2.014
8163,2.395,2.014
8164,2.488,2.014
8165,2.542,2.014
8166,2.551,2.014
8167,2.556,2.014
8168,2.561,2.014
8169,2.542,2.014
8170,2.542,2.014
8171,2.532,2.014
8172,2.546,2.014
8173,2.566,2.014
8174,2.639,2.014
8175,2.551,2.009
8176,2.634,2.009
8177,2.644,2.009
8178,2.615,2.009
8179,2.576,2.009
8180,2.546,2.009
8181,2.542,2.009
8182,2.542,2.009
8183,2.551,2.009
8184,2.561,2.009
8185,2.566,2.004
8186,2.571,2.009
8187,2.566,2.004
8188,2.561,2.004
8189,2.918,2.004
8190,2.434,2.004
8191,2.278,1.999
8192,2.336,2.004
8193,2.454,2.004
8194,2.532,1.999
8195,2.561,1.999
8196,2.571,1.999
8197,2.581,1.999
8198,2.615,1.999
8199,2.610,1.999
8200,2.551,1.999
8201,2.502,1.999
8202,2.522,1.999
8203,2.576,1.999
8204,2.605,1.999
8205,2.590,1.994
8206,2.571,1.994
8207,2.566,1.994
8208,2.561,1.994
8209,2.537,1.994
8210,2.527,1.994
8211,2.542,1.994
8212,2.561,1.994
8213,2.586,1.994
8214,2.576,1.994
8215,2.717,1.989
8216,2.546,1.994
8217,2.830,1.994
8218,2.419,1.994
8219,2.312,1.994
8220,2.385,1.994
8221,2.527,1.994
8222,2.590,1.994
8223,2.590,1.994
8224,2.571,1.994
8225,2.581,1.994
8226,2.576,1.999
8227,2.566,1.994
8228,2.546,1.999
8229,2.542,1.999
8230,2.537,1.994
8231,2.537,1.999
8232,2.532,1.999
8233,2.546,1.999
8234,2.551,1.999
8235,2.542,1.999
8236,2.542,1.999
8237,2.600,1.999
8238,2.527,1.999
8239,2.581,1.999
8240,2.571,1.999
8241,2.546,1.999
8242,2.532,1.999
8243,2.537,1.999
8244,2.551,2.004
8245,2.566,2.004
8246,2.952,1.999
8247,2.444,2.004
8248,2.302,2.004
8249,2.361,2.004
8250,2.488,2.004
8251,2.566,2.004
8252,2.600,2.004
8253,2.590,2.004
8254,2.581,2.004
8255,2.566,2.004
8256,2.566,2.009
8257,2.556,2.009
8258,2.556,2.009
8259,2.551,2.009
8260,2.556,2.009
8261,2.561,2.009
8262,2.546,2.009
8263,2.542,2.009
8264,2.551,2.009
8265,2.556,2.009
8266,2.551,2.009
8267,2.551,2.014
8268,2.551,2.014
8269,2.566,2.014
8270,2.561,2.014
8271,2.571,2.014
8272,2.576,2.014
8273,2.586,2.014
8274,2.947,2.014
8275,2.478,2.014
8276,2.561,2.009
8277,2.410,2.009
8278,2.429,2.014
8279,2.498,2.014
8280,2.576,2.014
8281,2.595,2.014
8282,2.605,2.014
8283,2.586,2.014
8284,2.576,2.019
8285,2.561,2.014
8286,2.561,2.014
8287,2.537,2.014
8288,2.537,2.014
8289,2.527,2.014
8290,2.542,2.014
8291,2.542,2.009
8292,2.556,2.009
8293,2.571,2.009
8294,2.581,2.004
8295,2.566,2.004
8296,2.576,2.004
8297,2.576,1.999
8298,2.571,1.999
8299,2.571,1.994
8300,2.610,1.989
8301,2.498,1.984
8302,2.522,1.984
8303,2.923,1.979
8304,2.468,1.975
8305,2.341,1.975
8306,2.385,1.975
8307,2.473,1.970
8308,2.532,1.970
8309,2.581,1.965
8310,2.620,1.960
8311,2.630,1.960
8312,2.610,1.955
8313,2.576,1.955
8314,2.542,1.950
8315,2.542,1.950
8316,2.551,1.945
8317,2.581,1.945
8318,2.576,1.940
8319,2.571,1.940
8320,2.566,1.935
8321,2.571,1.935
8322,2.571,1.931
8323,2.566,1.931
8324,2.532,1.926
8325,2.527,1.926
8326,2.532,1.926
8327,2.566,1.921
8328,2.586,1.921
8329,2.590,1.921
8330,2.590,1.916
8331,2.967,1.916
8332,2.512,1.916
8333,2.361,1.916
8334,2.400,1.916
8335,2.522,1.916
8336,2.874,1.911
8337,2.634,1.911
8338,2.527,1.906
8339,2.493,1.911
8340,2.493,1.911
8341,2.532,1.911
8342,2.556,1.911
8343,2.586,1.906
8344,2.595,1.906
8345,2.586,1.911
8346,2.551,1.906
8347,2.556,1.906
8348,2.546,1.906
8349,2.561,1.906
8350,2.586,1.906
8351,2.590,1.906
8352,2.610,1.906
8353,2.634,1.906
8354,2.600,1.906
8355,2.556,1.906
8356,2.517,1.911
8357,2.542,1.906
8358,2.590,1.911
8359,2.942,1.906
8360,2.556,1.911
8361,2.419,1.911
8362,2.434,1.911
8363,2.625,1.911
8364,2.727,1.911
8365,2.722,1.911
8366,2.659,1.911
8367,2.586,1.916
8368,2.566,1.916
8369,2.566,1.916
8370,2.581,1.916
8371,2.556,1.916
8372,2.551,1.916
8373,2.561,1.916
8374,2.581,1.916
8375,2.586,1.916
8376,2.595,1.916
8377,2.595,1.921
8378,2.581,1.921
8379,2.556,1.921
8380,2.556,1.921
8381,2.566,1.921
8382,2.586,1.921
8383,2.600,1.921
8384,2.576,1.921
8385,2.566,1.921
8386,2.561,1.926
8387,2.566,1.926
8388,2.981,1.921
8389,2.517,1.926
8390,2.351,1.926
8391,2.385,1.926
8392,2.502,1.926
8393,2.590,1.931
8394,2.625,1.926
8395,2.625,1.931
8396,2.600,1.931
8397,2.561,1.931
8398,2.815,1.926
8399,2.566,1.926
8400,2.468,1.931
8401,2.473,1.931
8402,2.546,1.931
8403,2.590,1.935
8404,2.605,1.931
8405,2.581,1.935
8406,2.571,1.935
8407,2.561,1.935
8408,2.556,1.935
8409,2.556,1.940
8410,2.571,1.935
8411,2.556,1.940
8412,2.551,1.940
8413,2.532,1.940
8414,2.522,1.940
8415,2.537,1.940
8416,2.908,1.940
8417,2.517,1.940
8418,2.375,1.945
8419,2.429,1.940
8420,2.551,1.945
8421,2.639,1.945
8422,2.649,1.945
8423,2.620,1.945
8424,2.576,1.945
8425,2.556,1.945
8426,2.615,1.950
8427,2.664,1.945
8428,2.649,1.945
8429,2.615,1.945
8430,2.586,1.950
8431,2.566,1.950
8432,2.556,1.950
8433,2.556,1.955
8434,2.571,1.950
8435,2.581,1.955
8436,2.590,1.955
8437,2.600,1.955
8438,2.595,1.955
8439,2.600,1.955
8440,2.610,1.955
8441,2.620,1.955
8442,2.620,1.955
8443,2.630,1.955
8444,2.595,1.960
8445,2.986,1.955
8446,2.507,1.955
8447,2.351,1.955
8448,2.385,1.960
8449,2.507,1.960
8450,2.581,1.960
8451,2.581,1.960
8452,2.576,1.960
8453,2.571,1.965
8454,2.566,1.965
8455,2.586,1.960
8456,2.625,1.965
8457,2.639,1.965
8458,2.879,1.965
8459,2.625,1.960
8460,2.546,1.965
8461,2.556,1.965
8462,2.571,1.965
8463,2.620,1.965
8464,2.634,1.965
8465,2.610,1.965
8466,2.556,1.970
8467,2.522,1.970
8468,2.532,1.970
8469,2.566,1.970
8470,2.581,1.970
8471,2.586,1.975
8472,2.576,1.975
8473,2.918,1.975
8474,2.449,1.975
8475,2.307,1.975
8476,2.366,1.979
8477,2.493,1.975
8478,2.576,1.979
8479,2.620,1.979
8480,2.644,1.979
8481,2.674,1.979
8482,2.659,1.984
8483,2.605,1.979
8484,2.522,1.984
8485,2.517,1.984
8486,2.532,1.984
8487,2.551,1.984
8488,2.556,1.984
8489,2.654,1.984
8490,2.742,1.979
8491,2.771,1.984
8492,2.727,1.984
8493,2.630,1.984
8494,2.571,1.989
8495,2.551,1.989
8496,2.551,1.989
8497,2.571,1.994
8498,2.610,1.989
8499,2.620,1.994
8500,2.630,1.994
8501,2.615,1.994
8502,3.025,1.994
8503,2.507,1.994
8504,2.336,1.994
8505,2.390,1.994
8506,2.527,1.994
8507,2.620,1.994
8508,2.654,1.994
8509,2.630,1.999
8510,2.600,1.994
8511,2.581,1.999
8512,2.576,1.999
8513,2.571,1.994
8514,2.576,1.999
8515,2.590,1.994
8516,2.595,1.994
8517,2.610,1.994
8518,2.605,1.994
8519,2.595,1.994
8520,2.825,1.984
8521,2.556,1.984
8522,2.468,1.989
8523,2.488,1.984
8524,2.561,1.984
8525,2.595,1.984
8526,2.620,1.979
8527,2.610,1.979
8528,2.605,1.975
8529,2.595,1.975
8530,2.972,1.965
8531,2.517,1.965
8532,2.385,1.965
8533,2.419,1.960
8534,2.522,1.960
8535,2.600,1.955
8536,2.625,1.950
8537,2.620,1.945
8538,2.605,1.940
8539,2.600,1.935
8540,2.590,1.935
8541,2.581,1.926
8542,2.595,1.926
8543,2.600,1.921
8544,2.595,1.911
8545,2.586,1.911
8546,2.590,1.906
8547,2.600,1.896
8548,2.605,1.896
8549,2.605,1.891
8550,2.605,1.887
8551,2.600,1.882
8552,2.669,1.872
8553,2.717,1.867
8554,2.688,1.862
8555,2.625,1.857
8556,2.576,1.852
8557,2.566,1.852
8558,2.576,1.848
8559,3.001,1.843
8560,2.507,1.838
8561,2.341,1.838
8562,2.419,1.838
8563,2.537,1.833
8564,2.620,1.828
8565,2.644,1.828
8566,2.634,1.823
8567,2.605,1.823
8568,2.590,1.818
8569,2.586,1.818
8570,2.586,1.818
8571,2.590,1.813
8572,2.600,1.813
8573,2.600,1.813
8574,2.590,1.808
8575,2.581,1.808
8576,2.586,1.808
8577,2.590,1.804
8578,2.595,1.808
8579,2.605,1.808
8580,2.884,1.804
8581,2.625,1.799
8582,2.546,1.799
8583,2.546,1.804
8584,2.571,1.799
8585,2.600,1.799
8586,2.610,1.799
8587,3.021,1.799
8588,2.517,1.794
8589,2.351,1.799
8590,2.405,1.794
8591,2.532,1.794
8592,2.644,1.794
8593,2.659,1.789
8594,2.639,1.789
8595,2.615,1.784
8596,2.605,1.779
8597,2.605,1.779
8598,2.590,1.779
8599,2.600,1.769
8600,2.605,1.769
8601,2.605,1.764
8602,2.595,1.760
8603,2.595,1.760
8604,2.595,1.755
8605,2.610,1.750
8606,2.615,1.745
8607,2.620,1.740
8608,2.615,1.735
8609,2.610,1.735
8610,2.615,1.730
8611,2.620,1.725
8612,2.610,1.725
8613,2.605,1.720
8614,2.586,1.716
8615,3.006,1.711
8616,2.615,1.706
8617,2.493,1.701
8618,2.493,1.696
8619,2.546,1.696
8620,2.595,1.696
8621,2.620,1.691
8622,2.634,1.691
8623,2.600,1.686
8624,2.590,1.686
8625,2.556,1.686
8626,2.551,1.681
8627,2.566,1.681
8628,2.590,1.676
8629,2.615,1.676
8630,2.649,1.676
8631,2.620,1.672
8632,2.581,1.667
8633,2.542,1.667
8634,2.537,1.667
8635,2.556,1.662
8636,2.586,1.662
8637,2.586,1.662
8638,2.605,1.657
8639,2.610,1.657
8640,2.625,1.652
8641,2.605,1.652
8642,2.849,1.642
8643,2.551,1.642
8644,2.825,1.642
8645,2.356,1.642
8646,2.268,1.642
8647,2.385,1.642
8648,2.532,1.642
8649,2.630,1.637
8650,2.659,1.642
8651,2.644,1.637
8652,2.610,1.642
8653,2.571,1.642
8654,2.566,1.637
8655,2.586,1.637
8656,2.595,1.637
8657,2.610,1.637
8658,2.610,1.642
8659,2.615,1.642
8660,2.586,1.637
8661,2.576,1.642
8662,2.581,1.642
8663,2.586,1.642
8664,2.581,1.647
8665,2.581,1.647
8666,2.581,1.647
8667,2.586,1.652
8668,2.586,1.647
8669,2.590,1.652
8670,2.595,1.647
8671,2.595,1.647
8672,2.942,1.647
8673,2.678,1.647
8674,2.483,1.647
8675,2.424,1.652
8676,2.434,1.652
8677,2.546,1.652
8678,2.498,1.652
8679,2.590,1.652
8680,2.590,1.657
8681,2.551,1.657
8682,2.537,1.662
8683,2.488,1.662
8684,2.488,1.662
8685,2.488,1.667
8686,2.507,1.667
8687,2.507,1.667
8688,2.522,1.672
8689,2.517,1.672
8690,2.512,1.672
8691,2.493,1.676
8692,2.512,1.676
8693,2.546,1.676
8694,2.556,1.676
8695,2.542,1.676
8696,2.512,1.676
8697,2.483,1.681
8698,2.458,1.676
8699,2.454,1.681
8700,2.458,1.681
8701,2.810,1.676
8702,2.434,1.676
8703,2.273,1.676
8704,2.297,1.681
8705,2.400,1.681
8706,2.468,1.676
8707,2.502,1.681
8708,2.512,1.681
8709,2.502,1.681
8710,2.473,1.681
8711,2.458,1.681
8712,2.473,1.681
8713,2.473,1.681
8714,2.478,1.681
8715,2.488,1.681
8716,2.493,1.681
8717,2.507,1.681
8718,2.493,1.681
8719,2.468,1.681
8720,2.439,1.681
8721,2.468,1.681
8722,2.478,1.681
8723,2.488,1.681
8724,2.483,1.681
8725,2.502,1.681
8726,2.493,1.681
8727,2.493,1.681
8728,2.483,1.681
8729,2.815,1.681
8730,2.424,1.681
8731,2.273,1.681
8732,2.326,1.681
8733,2.434,1.686
8734,2.512,1.686
8735,2.522,1.681
8736,2.527,1.686
8737,2.498,1.686
8738,2.473,1.686
8739,2.468,1.686
8740,2.542,1.686
8741,2.527,1.681
8742,2.537,1.686
8743,2.507,1.686
8744,2.507,1.686
8745,2.493,1.686
8746,2.502,1.686
8747,2.498,1.686
8748,2.498,1.691
8749,2.488,1.691
8750,2.498,1.691
8751,2.493,1.691
8752,2.498,1.691
8753,2.473,1.696
8754,2.478,1.696
8755,2.483,1.696
8756,2.493,1.696
8757,2.493,1.696
8758,2.849,1.696
8759,2.405,1.701
8760,2.268,1.701
8761,2.322,1.701
8762,2.434,1.706
8763,2.507,1.706
8764,2.757,1.701
8765,2.542,1.706
8766,2.449,1.706
8767,2.454,1.711
8768,2.502,1.711
8769,2.546,1.711
8770,2.546,1.711
8771,2.527,1.711
8772,2.522,1.716
8773,2.483,1.716
8774,2.488,1.716
8775,2.507,1.720
8776,2.512,1.720
8777,2.517,1.720
8778,2.512,1.720
8779,2.502,1.720
8780,2.517,1.720
8781,2.522,1.720
8782,2.527,1.720
8783,2.517,1.720
8784,2.517,1.720
8785,2.498,1.720
8786,2.869,1.720
8787,2.444,1.720
8788,2.287,1.720
8789,2.317,1.720
8790,2.410,1.720
8791,2.478,1.720
8792,2.517,1.716
8793,2.532,1.716
8794,2.527,1.716
8795,2.522,1.716
8796,2.507,1.716
8797,2.502,1.711
8798,2.522,1.711
8799,2.522,1.711
8800,2.542,1.711
8801,2.542,1.711
8802,2.566,1.706
8803,2.581,1.706
8804,2.458,1.701
8805,2.576,1.701
8806,2.615,1.701
8807,2.581,1.696
8808,2.551,1.696
8809,2.527,1.696
8810,2.522,1.696
8811,2.512,1.696
8812,2.517,1.696
8813,2.507,1.691
8814,2.458,1.691
8815,2.796,1.691
8816,2.336,1.686
8817,2.199,1.686
8818,2.302,1.686
8819,2.449,1.686
8820,2.571,1.686
8821,2.595,1.686
8822,2.576,1.686
8823,2.542,1.686
8824,2.737,1.686
8825,2.512,1.681
8826,2.483,1.681
8827,2.478,1.681
8828,2.478,1.681
8829,2.473,1.681
8830,2.473,1.686
8831,2.488,1.686
8832,2.522,1.681
8833,2.527,1.686
8834,2.512,1.681
8835,2.522,1.686
8836,2.527,1.686
8837,2.542,1.686
8838,2.542,1.686
8839,2.537,1.686
8840,2.532,1.686
8841,2.542,1.686
8842,2.542,1.686
8843,2.908,1.686
8844,2.444,1.686
8845,2.287,1.691
8846,2.336,1.691
8847,2.449,1.691
8848,2.527,1.691
8849,2.556,1.691
8850,2.556,1.696
8851,2.542,1.696
8852,2.556,1.696
8853,2.561,1.696
8854,2.586,1.701
8855,2.586,1.696
8856,2.576,1.701
8857,2.566,1.701
8858,2.556,1.701
8859,2.542,1.706
8860,2.537,1.706
8861,2.517,1.706
8862,2.537,1.706
8863,2.537,1.706
8864,2.537,1.706
8865,2.522,1.711
8866,2.566,1.711
8867,2.458,1.706
8868,2.571,1.711
8869,2.566,1.711
8870,2.527,1.711
8871,2.820,1.711
8872,2.444,1.716
8873,2.351,1.716
8874,2.414,1.716
8875,2.517,1.720
8876,2.571,1.720
8877,2.571,1.720
8878,2.537,1.725
8879,2.517,1.720
8880,2.507,1.725
8881,2.488,1.725
8882,2.498,1.725
8883,2.517,1.725
8884,2.546,1.730
8885,2.537,1.725
8886,2.742,1.725
8887,2.556,1.725
8888,2.478,1.730
8889,2.483,1.730
8890,2.517,1.730
8891,2.551,1.735
8892,2.566,1.730
8893,2.561,1.730
8894,2.556,1.735
8895,2.546,1.735
8896,2.537,1.735
8897,2.542,1.735
8898,2.556,1.735
8899,2.546,1.735
8900,2.918,1.735
8901,2.444,1.735
8902,2.292,1.735
8903,2.361,1.735
8904,2.468,1.735
8905,2.561,1.735
8906,2.581,1.740
8907,2.566,1.735
8908,2.542,1.740
8909,2.522,1.740
8910,2.517,1.740
8911,2.522,1.740
8912,2.532,1.740
8913,2.527,1.740
8914,2.522,1.740
8915,2.522,1.740
8916,2.532,1.740
8917,2.542,1.740
8918,2.532,1.740
8919,2.532,1.740
8920,2.522,1.745
8921,2.522,1.745
8922,2.527,1.745
8923,2.527,1.745
8924,2.532,1.745
8925,2.546,1.745
8926,2.551,1.745
8927,2.551,1.745
8928,2.869,1.745
8929,2.556,1.745
8930,2.439,1.745
8931,2.512,1.745
8932,2.566,1.745
8933,2.571,1.750
8934,2.566,1.750
8935,2.561,1.750
8936,2.546,1.750
8937,2.532,1.750
8938,2.517,1.750
8939,2.532,1.755
8940,2.542,1.755
8941,2.556,1.755
8942,2.551,1.755
8943,2.561,1.755
8944,2.551,1.755
8945,2.551,1.755
8946,2.757,1.755
8947,2.546,1.755
8948,2.517,1.755
8949,2.527,1.760
8950,2.522,1.760
8951,2.546,1.760
8952,2.556,1.760
8953,2.556,1.760
8954,2.542,1.764
8955,2.546,1.764
8956,2.532,1.760
8957,2.913,1.760
8958,2.439,1.764
8959,2.278,1.764
8960,2.351,1.764
8961,2.483,1.764
8962,2.551,1.764
8963,2.595,1.764
8964,2.590,1.769
8965,2.581,1.764
8966,2.561,1.769
8967,2.546,1.769
8968,2.546,1.769
8969,2.542,1.769
8970,2.542,1.769
8971,2.546,1.769
8972,2.546,1.769
8973,2.537,1.769
8974,2.532,1.769
8975,2.527,1.774
8976,2.537,1.774
8977,2.517,1.774
8978,2.517,1.774
8979,2.527,1.774
8980,2.527,1.774
8981,2.527,1.779
8982,2.546,1.774
8983,2.542,1.779
8984,2.537,1.779
8985,2.889,1.774
8986,2.493,1.774
8987,2.346,1.779
8988,2.414,1.779
8989,2.517,1.779
8990,2.600,1.779
8991,2.605,1.779
8992,2.664,1.779
8993,2.664,1.779
8994,2.683,1.779
8995,2.649,1.779
8996,2.586,1.784
8997,2.551,1.784
8998,2.546,1.784
8999,2.537,1.784
9000,2.532,1.784
9001,2.542,1.784
9002,2.551,1.784
9003,2.566,1.784
9004,2.551,1.784
9005,2.546,1.789
9006,2.556,1.789
9007,2.542,1.789
9008,2.757,1.784
9009,2.546,1.784
9010,2.454,1.789
9011,2.473,1.789
9012,2.517,1.789
9013,2.551,1.789
9014,2.977,1.789
9015,2.483,1.789
9016,2.307,1.794
9017,2.366,1.794
9018,2.498,1.794
9019,2.576,1.794
9020,2.605,1.794
9021,2.581,1.794
9022,2.551,1.794
9023,2.537,1.794
9024,2.542,1.799
9025,2.542,1.799
9026,2.556,1.799
9027,2.576,1.799
9028,2.571,1.799
9029,2.581,1.799
9030,2.576,1.799
9031,2.571,1.799
9032,2.561,1.799
9033,2.556,1.804
9034,2.566,1.804
9035,2.561,1.804
9036,2.556,1.804
9037,2.556,1.804
9038,2.561,1.804
9039,2.556,1.804
9040,2.542,1.804
9041,2.542,1.808
9042,2.923,1.804
9043,2.483,1.804
9044,2.322,1.804
9045,2.380,1.808
9046,2.502,1.808
9047,2.586,1.808
9048,2.595,1.808
9049,2.605,1.808
9050,2.576,1.808
9051,2.571,1.808
9052,2.561,1.808
9053,2.561,1.808
9054,2.542,1.813
9055,2.639,1.808
9056,2.649,1.808
9057,2.678,1.808
9058,2.630,1.813
9059,2.561,1.808
9060,2.542,1.813
9061,2.537,1.813
9062,2.532,1.813
9063,2.546,1.813
9064,2.556,1.813
9065,2.566,1.813
9066,2.566,1.818
9067,2.561,1.813
9068,2.791,1.813
9069,2.566,1.813
9070,2.542,1.813
9071,2.957,1.813
9072,2.478,1.813
9073,2.336,1.818
9074,2.395,1.818
9075,2.517,1.818
9076,2.595,1.818
9077,2.615,1.818
9078,2.600,1.818
9079,2.581,1.823
9080,2.571,1.823
9081,2.571,1.823
9082,2.561,1.823
9083,2.561,1.823
9084,2.561,1.823
9085,2.551,1.823
9086,2.537,1.823
9087,2.546,1.823
9088,2.522,1.823
9089,2.498,1.823
9090,2.488,1.823
9091,2.517,1.823
9092,2.537,1.823
9093,2.546,1.823
9094,2.556,1.823
9095,2.556,1.823
9096,2.542,1.828
9097,2.537,1.828
9098,2.551,1.823
9099,2.957,1.823
9100,2.478,1.828
9101,2.346,1.828
9102,2.375,1.828
9103,2.483,1.828
9104,2.561,1.828
9105,2.600,1.828
9106,2.600,1.828
9107,2.605,1.828
9108,2.586,1.833
9109,2.571,1.833
9110,2.561,1.828
9111,2.561,1.833
9112,2.561,1.833
9113,2.586,1.833
9114,2.581,1.833
9115,2.590,1.833
9116,2.586,1.833
9117,2.581,1.838
9118,2.664,1.833
9119,2.693,1.833
9120,2.703,1.833
9121,2.654,1.838
9122,2.586,1.833
9123,2.556,1.838
9124,2.546,1.838
9125,2.561,1.838
9126,2.571,1.838
9127,2.908,1.838
9128,2.537,1.838
9129,2.722,1.833
9130,2.454,1.838
9131,2.478,1.838
9132,2.512,1.838
9133,2.566,1.838
9134,2.605,1.843
9135,2.620,1.843
9136,2.615,1.843
9137,2.610,1.843
9138,2.586,1.843
9139,2.586,1.843
9140,2.571,1.843
9141,2.571,1.848
9142,2.586,1.843
9143,2.581,1.848
9144,2.576,1.848
9145,2.571,1.848
9146,2.581,1.848
9147,2.576,1.848
9148,2.561,1.848
9149,2.576,1.848
9150,2.561,1.848
9151,2.561,1.848
9152,2.551,1.848
9153,2.561,1.848
9154,2.561,1.848
9155,2.556,1.848
9156,2.957,1.843
9157,2.473,1.843
9158,2.317,1.843
9159,2.380,1.843
9160,2.507,1.843
9161,2.605,1.843
9162,2.615,1.838
9163,2.610,1.838
9164,2.590,1.838
9165,2.595,1.833
9166,2.590,1.833
9167,2.600,1.828
9168,2.605,1.828
9169,2.600,1.828
9170,2.581,1.823
9171,2.581,1.823
9172,2.571,1.818
9173,2.581,1.818
9174,2.566,1.813
9175,2.581,1.813
9176,2.595,1.808
9177,2.610,1.808
9178,2.600,1.808
9179,2.600,1.804
9180,2.581,1.804
9181,2.678,1.799
9182,2.708,1.794
9183,2.713,1.789
9184,2.996,1.789
9185,2.537,1.789
9186,2.351,1.784
9187,2.385,1.784
9188,2.478,1.784
9189,2.542,1.779
9190,2.722,1.779
9191,2.586,1.774
9192,2.502,1.774
9193,2.463,1.774
9194,2.532,1.769
9195,2.590,1.769
9196,2.625,1.769
9197,2.620,1.764
9198,2.595,1.764
9199,2.571,1.764
9200,2.581,1.764
9201,2.581,1.764
9202,2.586,1.760
9203,2.586,1.760
9204,2.576,1.760
9205,2.581,1.755
9206,2.581,1.755
9207,2.590,1.755
9208,2.576,1.755
9209,2.576,1.755
9210,2.581,1.755
9211,2.600,1.750
9212,2.605,1.750
9213,3.011,1.750
9214,2.507,1.745
9215,2.326,1.750
9216,2.370,1.750
9217,2.502,1.745
9218,2.590,1.750
9219,2.615,1.750
9220,2.610,1.745
9221,2.610,1.750
9222,2.581,1.750
9223,2.576,1.745
9224,2.581,1.750
9225,2.586,1.745
9226,2.590,1.750
9227,2.586,1.750
9228,2.600,1.750
9229,2.590,1.750
9230,2.590,1.750
9231,2.590,1.750
9232,2.590,1.750
9233,2.595,1.750
9234,2.600,1.750
9235,2.581,1.750
9236,2.561,1.750
9237,2.551,1.750
9238,2.561,1.755
9239,2.581,1.755
9240,2.586,1.755
9241,2.957,1.755
9242,2.546,1.755
9243,2.468,1.755
9244,2.434,1.750
9245,2.639,1.755
9246,2.703,1.755
9247,2.669,1.755
9248,2.605,1.760
9249,2.571,1.760
9250,2.576,1.760
9251,2.937,1.755
9252,2.590,1.755
9253,2.517,1.760
9254,2.517,1.760
9255,2.542,1.764
9256,2.586,1.764
9257,2.605,1.764
9258,2.600,1.764
9259,2.600,1.769
9260,2.595,1.769
9261,2.586,1.769
9262,2.576,1.769
9263,2.586,1.769
9264,2.586,1.774
9265,2.595,1.774
9266,2.586,1.774
9267,2.586,1.774
9268,2.590,1.774
9269,2.595,1.774
9270,3.001,1.774
9271,2.488,1.779
9272,2.317,1.774
9273,2.385,1.779
9274,2.522,1.779
9275,2.625,1.779
9276,2.649,1.779
9277,2.634,1.779
9278,2.595,1.779
9279,2.576,1.779
9280,2.561,1.779
9281,2.576,1.779
9282,2.556,1.779
9283,2.561,1.779
9284,2.576,1.779
9285,2.595,1.779
9286,2.586,1.774
9287,2.586,1.774
9288,2.581,1.774
9289,2.590,1.774
9290,2.600,1.774
9291,2.595,1.774
9292,2.566,1.769
9293,2.576,1.769
9294,2.561,1.769
9295,2.571,1.769
9296,2.586,1.769
9297,2.590,1.764
9298,2.972,1.764
9299,2.512,1.764
9300,2.356,1.764
9301,2.410,1.760
9302,2.522,1.764
9303,2.610,1.760
9304,2.630,1.760
9305,2.620,1.760
9306,2.644,1.760
9307,2.527,1.755
9308,2.620,1.755
9309,2.630,1.755
9310,2.625,1.755
9311,2.590,1.755
9312,2.717,1.750
9313,2.566,1.755
9314,2.512,1.755
9315,2.517,1.750
9316,2.551,1.755
9317,2.581,1.755
9318,2.615,1.750
9319,2.605,1.755
9320,2.610,1.750
9321,2.600,1.750
9322,2.590,1.755
9323,2.581,1.750
9324,2.571,1.750
9325,2.581,1.755
9326,2.595,1.750
9327,3.011,1.750
9328,2.473,1.750
9329,2.302,1.750
9330,2.380,1.750
9331,2.517,1.755
9332,2.615,1.750
9333,2.654,1.750
9334,2.630,1.755
9335,2.610,1.750
9336,2.600,1.755
9337,2.600,1.755
9338,2.600,1.755
9339,2.595,1.755
9340,2.581,1.755
9341,2.600,1.755
9342,2.586,1.755
9343,2.586,1.755
9344,2.581,1.755
9345,2.590,1.760
9346,2.595,1.760
9347,2.605,1.760
9348,2.586,1.760
9349,2.595,1.760
9350,2.620,1.760
9351,2.625,1.764
9352,2.625,1.760
9353,2.620,1.764
9354,2.620,1.764
9355,3.025,1.764
9356,2.532,1.764
9357,2.351,1.764
9358,2.405,1.764
9359,2.522,1.764
9360,2.605,1.769
9361,2.634,1.764
9362,2.630,1.769
9363,2.605,1.769
9364,2.586,1.769
9365,2.576,1.769
9366,2.581,1.769
9367,2.576,1.769
9368,2.590,1.774
9369,2.639,1.769
9370,2.542,1.769
9371,2.625,1.769
9372,2.634,1.769
9373,2.967,1.769
9374,2.600,1.769
9375,2.502,1.769
9376,2.488,1.769
9377,2.527,1.774
9378,2.561,1.774
9379,2.600,1.774
9380,2.600,1.774
9381,2.610,1.774
9382,2.581,1.779
9383,2.937,1.774
9384,2.537,1.774
9385,2.410,1.774
9386,2.434,1.779
9387,2.532,1.779
9388,2.600,1.779
9389,2.634,1.779
9390,2.610,1.779
9391,2.605,1.779
9392,2.600,1.779
9393,2.600,1.779
9394,2.600,1.779
9395,2.625,1.779
9396,2.625,1.779
9397,2.634,1.779
9398,2.620,1.779
9399,2.620,1.774
9400,2.615,1.779
9401,2.610,1.774
9402,2.590,1.774
9403,2.600,1.774
9404,2.615,1.774
9405,2.615,1.774
9406,2.610,1.774
9407,2.610,1.769
9408,2.595,1.769
9409,2.595,1.769
9410,2.595,1.769
9411,2.600,1.769
9412,3.016,1.764
9413,2.517,1.764
9414,2.341,1.764
9415,2.395,1.764
9416,2.532,1.760
9417,2.620,1.764
9418,2.654,1.764
9419,2.639,1.760
9420,2.625,1.760
9421,2.605,1.760
9422,2.605,1.760
9423,2.600,1.760
9424,2.605,1.760
9425,2.595,1.755
9426,2.600,1.760
9427,2.605,1.755
9428,2.610,1.755
9429,2.605,1.755
9430,2.595,1.755
9431,2.600,1.755
9432,2.649,1.755
9433,2.546,1.755
9434,2.791,1.750
9435,2.644,1.750
9436,2.551,1.750
9437,2.537,1.755
9438,2.571,1.755
9439,2.610,1.750
9440,2.981,1.750
9441,2.561,1.755
9442,2.419,1.750
9443,2.458,1.755
9444,2.546,1.755
9445,2.610,1.750
9446,2.644,1.755
9447,2.634,1.755
9448,2.620,1.750
9449,2.600,1.755
9450,2.595,1.755
9451,2.605,1.750
9452,2.605,1.755
9453,2.595,1.750
9454,2.605,1.755
9455,2.615,1.755
9456,2.620,1.750
9457,2.615,1.755
9458,2.615,1.755
9459,2.610,1.750
9460,2.625,1.755
9461,2.620,1.755
9462,2.620,1.755
9463,2.630,1.755
9464,2.630,1.755
9465,2.630,1.755
9466,2.644,1.755
9467,2.634,1.755
9468,2.639,1.755
9469,3.045,1.755
9470,2.527,1.755
9471,2.356,1.755
9472,2.414,1.760
9473,2.537,1.760
9474,2.634,1.760
9475,2.649,1.760
9476,2.639,1.760
9477,2.620,1.760
9478,2.615,1.760
9479,2.615,1.760
9480,2.595,1.764
9481,2.595,1.764
9482,2.615,1.764
9483,2.605,1.764
9484,2.610,1.764
9485,2.615,1.764
9486,2.610,1.769
9487,2.610,1.769
9488,2.615,1.764
9489,2.620,1.769
9490,2.610,1.769
9491,2.615,1.769
9492,2.590,1.769
9493,2.581,1.769
9494,2.595,1.769
9495,2.644,1.774
9496,2.708,1.764
9497,2.991,1.764
9498,2.483,1.769
9499,2.317,1.774
9500,2.375,1.774
9501,2.512,1.774
9502,2.595,1.774
9503,2.630,1.774
9504,2.625,1.779
9505,2.600,1.779
9506,2.586,1.779
9507,2.590,1.779
9508,2.595,1.779
9509,2.615,1.779
9510,2.610,1.784
9511,2.610,1.779
9512,2.600,1.784
9513,2.605,1.784
9514,2.600,1.784
9515,2.615,1.784
9516,2.610,1.784
9517,2.625,1.784
9518,2.615,1.789
9519,2.615,1.789
9520,2.634,1.789
9521,2.620,1.789
9522,2.600,1.789
9523,2.600,1.789
9524,2.615,1.794
9525,2.630,1.789
9526,3.079,1.789
9527,2.556,1.794
9528,2.370,1.794
9529,2.410,1.794
9530,2.532,1.794
9531,2.630,1.794
9532,2.688,1.794
9533,2.669,1.799
9534,2.664,1.794
9535,2.649,1.799
9536,2.644,1.799
9537,2.644,1.799
9538,2.639,1.799
9539,2.630,1.799
9540,2.634,1.799
9541,2.625,1.799
9542,2.625,1.804
9543,2.605,1.799
9544,2.610,1.804
9545,2.605,1.804
9546,2.605,1.804
9547,2.595,1.804
9548,2.600,1.804
9549,2.595,1.804
9550,2.615,1.808
9551,2.625,1.804
9552,2.625,1.808
9553,2.605,1.808
9554,2.972,1.804
9555,2.522,1.804
9556,2.654,1.804
9557,2.449,1.804
9558,2.561,1.804
9559,2.674,1.804
9560,2.683,1.804
9561,2.630,1.808
9562,2.605,1.808
9563,2.688,1.808
9564,2.747,1.813
9565,2.717,1.813
9566,2.615,1.813
9567,2.493,1.813
9568,2.458,1.813
9569,2.512,1.813
9570,2.590,1.813
9571,2.644,1.813
9572,2.639,1.813
9573,2.630,1.818
9574,2.625,1.813
9575,2.615,1.813
9576,2.605,1.818
9577,2.610,1.813
9578,2.610,1.818
9579,2.610,1.818
9580,2.630,1.818
9581,2.620,1.818
9582,2.615,1.818
9583,3.055,1.818
9584,2.703,1.818
9585,2.493,1.818
9586,2.468,1.818
9587,2.527,1.818
9588,2.590,1.818
9589,2.630,1.818
9590,2.639,1.818
9591,2.615,1.818
9592,2.576,1.818
9593,2.532,1.818
9594,2.502,1.818
9595,2.478,1.818
9596,2.468,1.823
9597,2.478,1.818
9598,2.493,1.823
9599,2.488,1.823
9600,2.488,1.818
9601,2.493,1.823
9602,2.517,1.823
9603,2.527,1.823
9604,2.522,1.823
9605,2.527,1.823
9606,2.517,1.823
9607,2.493,1.823
9608,2.502,1.823
9609,2.527,1.823
9610,2.542,1.823
9611,2.903,1.823
9612,2.483,1.823
9613,2.307,1.823
9614,2.326,1.823
9615,2.424,1.823
9616,2.493,1.823
9617,2.498,1.818
9618,2.659,1.813
9619,2.493,1.813
9620,2.405,1.813
9621,2.493,1.813
9622,2.507,1.808
9623,2.507,1.808
9624,2.502,1.808
9625,2.507,1.804
9626,2.498,1.804
9627,2.483,1.804
9628,2.488,1.799
9629,2.493,1.799
9630,2.507,1.794
9631,2.522,1.789
9632,2.532,1.789
9633,2.546,1.784
9634,2.542,1.779
9635,2.551,1.779
9636,2.542,1.774
9637,2.542,1.774
9638,2.522,1.769
9639,2.835,1.764
9640,2.488,1.760
9641,2.336,1.760
9642,2.361,1.755
9643,2.439,1.755
9644,2.512,1.750
9645,2.537,1.745
9646,2.527,1.745
9647,2.517,1.745
9648,2.517,1.740
9649,2.517,1.740
9650,2.512,1.735
9651,2.498,1.730
9652,2.512,1.730
9653,2.522,1.730
9654,2.527,1.725
9655,2.517,1.725
9656,2.522,1.720
9657,2.502,1.720
9658,2.502,1.720
9659,2.512,1.716
9660,2.517,1.716
9661,2.527,1.716
9662,2.527,1.711
9663,2.512,1.711
9664,2.507,1.711
9665,2.498,1.706
9666,2.483,1.706
9667,2.488,1.706
9668,2.889,1.701
9669,2.414,1.696
9670,2.278,1.696
9671,2.331,1.696
9672,2.444,1.696
9673,2.527,1.696
9674,2.561,1.691
9675,2.571,1.691
9676,2.537,1.691
9677,2.532,1.686
9678,2.507,1.686
9679,2.615,1.681
9680,2.522,1.681
9681,2.488,1.681
9682,2.488,1.681
9683,2.483,1.681
9684,2.586,1.681
9685,2.600,1.676
9686,2.649,1.681
9687,2.605,1.681
9688,2.507,1.681
9689,2.463,1.681
9690,2.458,1.681
9691,2.488,1.681
9692,2.507,1.681
9693,2.522,1.681
9694,2.517,1.681
9695,2.532,1.686
9696,2.840,1.681
9697,2.458,1.681
9698,2.312,1.681
9699,2.351,1.686
9700,2.434,1.686
9701,2.493,1.686
9702,2.537,1.686
9703,2.546,1.686
9704,2.522,1.691
9705,2.517,1.691
9706,2.502,1.691
9707,2.502,1.691
9708,2.507,1.691
9709,2.502,1.691
9710,2.507,1.696
9711,2.527,1.696
9712,2.527,1.696
9713,2.517,1.696
9714,2.512,1.696
9715,2.507,1.701
9716,2.502,1.701
9717,2.517,1.701
9718,2.522,1.701
9719,2.517,1.701
9720,2.512,1.701
9721,2.517,1.706
9722,2.512,1.706
9723,2.527,1.706
9724,2.522,1.711
9725,2.898,1.711
9726,2.429,1.711
9727,2.263,1.711
9728,2.317,1.711
9729,2.439,1.711
9730,2.546,1.716
9731,2.551,1.716
9732,2.551,1.716
9733,2.537,1.720
9734,2.537,1.720
9735,2.532,1.720
9736,2.542,1.725
9737,2.551,1.725
9738,2.566,1.725
9739,2.571,1.725
9740,2.854,1.725
9741,2.532,1.725
9742,2.478,1.725
9743,2.488,1.730
9744,2.522,1.730
9745,2.556,1.730
9746,2.537,1.735
9747,2.600,1.735
9748,2.600,1.735
9749,2.649,1.735
9750,2.586,1.740
9751,2.532,1.740
9752,2.507,1.740
9753,2.859,1.740
9754,2.458,1.740
9755,2.317,1.740
9756,2.356,1.745
9757,2.454,1.745
9758,2.522,1.745
9759,2.542,1.745
9760,2.542,1.750
9761,2.478,1.750
9762,2.458,1.750
9763,2.458,1.750
9764,2.473,1.750
9765,2.488,1.755
9766,2.507,1.755
9767,2.512,1.755
9768,2.551,1.755
9769,2.586,1.755
9770,2.571,1.755
9771,2.537,1.760
9772,2.507,1.755
9773,2.468,1.760
9774,2.444,1.760
9775,2.463,1.760
9776,2.473,1.760
9777,2.468,1.760
9778,2.473,1.760
9779,2.488,1.764
9780,2.507,1.764
9781,2.532,1.764
9782,2.933,1.764
9783,2.468,1.764
9784,2.322,1.764
9785,2.361,1.769
9786,2.478,1.769
9787,2.556,1.769
9788,2.590,1.769
9789,2.586,1.769
9790,2.586,1.769
9791,2.571,1.774
9792,2.571,1.774
9793,2.571,1.774
9794,2.566,1.774
9795,2.561,1.774
9796,2.556,1.774
9797,2.546,1.774
9798,2.551,1.774
9799,2.551,1.779
9800,2.546,1.779
9801,2.664,1.774
9802,2.561,1.774
9803,2.502,1.779
9804,2.488,1.779
9805,2.512,1.779
9806,2.542,1.779
9807,2.551,1.784
9808,2.551,1.779
9809,2.522,1.784
9810,2.952,1.779
9811,2.468,1.779
9812,2.410,1.779
9813,2.429,1.779
9814,2.488,1.784
9815,2.532,1.784
9816,2.556,1.784
9817,2.551,1.789
9818,2.546,1.784
9819,2.527,1.789
9820,2.542,1.789
9821,2.551,1.784
9822,2.537,1.789
9823,2.517,1.789
9824,2.527,1.784
9825,2.527,1.789
9826,2.522,1.789
9827,2.517,1.784
9828,2.517,1.784
9829,2.551,1.784
9830,2.561,1.784
9831,2.566,1.784
9832,2.556,1.784
9833,2.517,1.779
9834,2.507,1.784
9835,2.512,1.779
9836,2.542,1.779
9837,2.566,1.779
9838,2.586,1.774
9839,3.094,1.764
9840,2.243,1.769
9841,2.023,1.769
9842,2.180,1.764
9843,2.419,1.769
9844,2.586,1.764
9845,2.630,1.764
9846,2.610,1.764
9847,2.556,1.760
9848,2.507,1.760
9849,2.517,1.760
9850,2.488,1.755
9851,2.498,1.755
9852,2.537,1.755
9853,2.566,1.750
9854,2.576,1.750
9855,2.581,1.750
9856,2.586,1.745
9857,2.576,1.750
9858,2.566,1.745
9859,2.542,1.745
9860,2.527,1.745
9861,2.747,1.735
9862,2.576,1.735
9863,2.468,1.735
9864,2.468,1.735
9865,2.512,1.735
9866,2.556,1.730
9867,2.977,1.725
9868,2.512,1.725
9869,2.331,1.725
9870,2.366,1.720
9871,2.512,1.720
9872,2.576,1.716
9873,2.590,1.711
9874,2.590,1.711
9875,2.561,1.711
9876,2.546,1.706
9877,2.527,1.706
9878,2.542,1.701
9879,2.561,1.696
9880,2.551,1.691
9881,2.551,1.686
9882,2.546,1.686
9883,2.546,1.681
9884,2.561,1.676
9885,2.551,1.676
9886,2.546,1.672
9887,2.561,1.667
9888,2.546,1.667
9889,2.532,1.662
9890,2.546,1.657
9891,2.556,1.652
9892,2.551,1.652
9893,2.551,1.647
9894,2.522,1.642
9895,2.845,1.637
9896,2.454,1.632
9897,2.326,1.632
9898,2.375,1.632
9899,2.488,1.628
9900,2.561,1.623
9901,2.576,1.623
9902,2.586,1.618
9903,2.571,1.618
9904,2.551,1.613
9905,2.551,1.613
9906,2.551,1.613
9907,2.556,1.608
9908,2.571,1.603
9909,2.586,1.603
9910,2.551,1.603
9911,2.527,1.598
9912,2.517,1.598
9913,2.517,1.598
9914,2.532,1.598
9915,2.542,1.598
9916,2.551,1.593
9917,2.551,1.593
9918,2.561,1.593
9919,2.551,1.593
9920,2.546,1.593
9921,2.517,1.593
9922,2.649,1.588
9923,2.546,1.588
9924,2.889,1.588
9925,2.419,1.588
9926,2.292,1.588
9927,2.370,1.588
9928,2.493,1.593
9929,2.571,1.593
9930,2.610,1.593
9931,2.595,1.593
9932,2.566,1.593
9933,2.546,1.593
9934,2.595,1.593
9935,2.473,1.593
9936,2.581,1.593
9937,2.610,1.598
9938,2.590,1.598
9939,2.586,1.598
9940,2.546,1.603
9941,2.532,1.603
9942,2.532,1.603
9943,2.542,1.608
9944,2.556,1.608
9945,2.556,1.608
9946,2.542,1.613
9947,2.527,1.613
9948,2.546,1.613
9949,2.542,1.613
9950,2.546,1.613
9951,2.556,1.618
9952,2.903,1.618
9953,2.517,1.618
9954,2.366,1.618
9955,2.410,1.618
9956,2.502,1.618
9957,2.576,1.618
9958,2.586,1.618
9959,2.581,1.618
9960,2.566,1.618
9961,2.551,1.618
9962,2.522,1.618
9963,2.542,1.613
9964,2.542,1.613
9965,2.551,1.608
9966,2.546,1.608
9967,2.532,1.608
9968,2.522,1.603
9969,2.527,1.603
9970,2.517,1.598
9971,2.522,1.593
9972,2.517,1.593
9973,2.517,1.593
9974,2.488,1.588
9975,2.473,1.584
9976,2.468,1.579
9977,2.473,1.579
9978,2.493,1.579
9979,2.537,1.574
9980,2.576,1.574
9981,2.981,1.569
9982,2.468,1.569
9983,2.527,1.564
9984,2.502,1.564
9985,2.708,1.559
9986,2.845,1.554
9987,2.835,1.549
9988,2.688,1.540
9989,2.507,1.535
9990,2.405,1.525
9991,2.424,1.515
9992,2.502,1.505
9993,2.576,1.496
9994,2.576,1.486
9995,2.542,1.481
9996,2.517,1.476
9997,2.576,1.476
9998,2.493,1.471
9999,2.615,1.476
10000,2.630,1.476
10001,2.581,1.476
10002,2.551,1.481
10003,2.493,1.481
10004,2.483,1.486
10005,2.483,1.486
10006,2.488,1.486
10007,2.488,1.491
10008,2.478,1.491
10009,2.908,1.491
10010,2.478,1.496
10011,2.395,1.500
10012,2.483,1.500
10013,2.590,1.500
10014,2.639,1.505
10015,2.654,1.505
10016,2.644,1.510
10017,2.625,1.510
10018,2.605,1.510
10019,2.595,1.515
10020,2.576,1.520
10021,2.586,1.520
10022,2.586,1.520
10023,2.590,1.525
10024,2.586,1.525
10025,2.576,1.525
10026,2.576,1.525
10027,2.581,1.530
10028,2.571,1.530
10029,2.590,1.530
10030,2.566,1.530
10031,2.542,1.530
10032,2.532,1.530
10033,2.522,1.530
10034,2.532,1.530
10035,2.542,1.525
10036,2.947,1.525
10037,2.444,1.525
10038,2.278,1.520
10039,2.326,1.520
10040,2.468,1.520
10041,2.556,1.515
10042,2.586,1.510
10043,2.791,1.505
10044,2.546,1.500
10045,2.512,1.496
10046,2.542,1.491
10047,2.590,1.486
10048,2.630,1.481
10049,2.634,1.476
10050,2.610,1.476
10051,2.576,1.466
10052,2.581,1.461
10053,2.595,1.457
10054,2.620,1.452
10055,2.605,1.447
10056,2.600,1.447
10057,2.595,1.437
10058,2.581,1.437
10059,2.576,1.432
10060,2.620,1.427
10061,2.512,1.422
10062,2.625,1.417
10063,3.060,1.413
10064,2.512,1.413
10065,2.302,1.408
10066,2.331,1.408
10067,2.454,1.403
10068,2.546,1.398
10069,2.581,1.398
10070,2.546,1.393
10071,2.512,1.393
10072,2.463,1.393
10073,2.454,1.388
10074,2.468,1.388
10075,2.493,1.388
10076,2.522,1.383
10077,2.551,1.383
10078,2.566,1.383
10079,2.595,1.378
10080,2.595,1.383
10081,2.566,1.378
10082,2.532,1.378
10083,2.507,1.378
10084,2.542,1.378
10085,2.625,1.378
10086,2.659,1.378
10087,2.620,1.378
10088,2.527,1.378
10089,2.478,1.378
10090,2.908,1.378
10091,2.458,1.378
10092,2.312,1.378
10093,2.390,1.378
10094,2.522,1.378
10095,2.595,1.383
10096,2.610,1.383
10097,2.600,1.383
10098,2.576,1.388
10099,2.571,1.388
10100,2.576,1.388
10101,2.571,1.393
10102,2.571,1.393
10103,2.566,1.393
10104,2.546,1.398
10105,2.781,1.398
10106,2.556,1.398
10107,2.468,1.403
10108,2.473,1.408
10109,2.537,1.408
10110,2.586,1.413
10111,2.595,1.417
10112,2.595,1.417
10113,2.595,1.422
10114,2.586,1.422
10115,2.590,1.422
10116,2.581,1.427
10117,2.996,1.432
10118,2.512,1.432
10119,2.336,1.432
10120,2.390,1.437
10121,2.532,1.442
10122,2.615,1.442
10123,2.708,1.447
10124,2.722,1.447
10125,2.688,1.447
10126,2.625,1.452
10127,2.551,1.452
10128,2.542,1.457
10129,2.542,1.457
10130,2.561,1.461
10131,2.561,1.461
10132,2.556,1.461
10133,2.566,1.466
10134,2.600,1.466
10135,2.615,1.466
10136,2.659,1.471
10137,2.713,1.471
10138,2.727,1.476
10139,2.698,1.476
10140,2.659,1.476
10141,2.620,1.481
10142,2.605,1.481
10143,2.590,1.481
10144,2.600,1.481
10145,2.546,1.481
10146,2.551,1.486
10147,2.551,1.486
10148,2.600,1.486
10149,2.590,1.486
10150,2.586,1.491
10151,2.581,1.491
10152,2.576,1.491
10153,2.566,1.491
10154,2.581,1.491
10155,2.581,1.496
10156,2.571,1.496
10157,2.571,1.496
10158,2.581,1.500
10159,2.571,1.500
10160,2.576,1.500
10161,2.586,1.505
10162,2.595,1.500
10163,2.576,1.505
10164,2.590,1.505
10165,2.566,1.505
10166,2.722,1.505
10167,2.581,1.505
10168,2.527,1.510
10169,2.532,1.510
10170,2.913,1.510
10171,2.546,1.515
10172,2.414,1.515
10173,2.449,1.515
10174,2.537,1.520
10175,2.610,1.520
10176,2.634,1.520
10177,2.615,1.520
10178,2.620,1.525
10179,2.586,1.525
10180,2.581,1.525
10181,2.586,1.525
10182,2.581,1.525
10183,2.600,1.530
10184,2.610,1.530
10185,2.605,1.530
10186,2.664,1.530
10187,2.556,1.530
10188,2.644,1.530
10189,2.649,1.535
10190,2.625,1.535
10191,2.595,1.535
10192,2.590,1.540
10193,2.576,1.540
10194,2.576,1.540
10195,2.576,1.540
10196,2.590,1.544
10197,2.928,1.540
10198,2.542,1.544
10199,2.400,1.544
10200,2.434,1.544
10201,2.527,1.549
10202,2.595,1.549
10203,2.620,1.549
10204,2.605,1.549
10205,2.576,1.554
10206,2.561,1.549
10207,2.576,1.554
10208,2.600,1.554
10209,2.590,1.554
10210,2.586,1.559
10211,2.586,1.559
10212,2.586,1.559
10213,2.590,1.559
10214,2.581,1.559
10215,2.590,1.559
10216,2.590,1.564
10217,2.600,1.564
10218,2.600,1.564
10219,2.600,1.564
10220,2.595,1.564
10221,2.581,1.569
10222,2.586,1.569
10223,2.600,1.569
10224,2.957,1.569
10225,2.537,1.569
10226,2.361,1.569
10227,2.669,1.569
10228,2.507,1.569
10229,2.463,1.569
10230,2.498,1.574
10231,2.556,1.574
10232,2.595,1.574
10233,2.615,1.579
10234,2.595,1.579
10235,2.590,1.579
10236,2.581,1.579
10237,2.576,1.579
10238,2.590,1.579
10239,2.586,1.584
10240,2.561,1.584
10241,2.576,1.584
10242,2.576,1.584
10243,2.581,1.584
10244,2.556,1.584
10245,2.566,1.584
10246,2.576,1.584
10247,2.595,1.588
10248,2.600,1.588
10249,2.664,1.584
10250,2.566,1.584
10251,2.991,1.584
10252,2.571,1.588
10253,2.380,1.588
10254,2.385,1.588
10255,2.483,1.593
10256,2.566,1.588
10257,2.610,1.593
10258,2.615,1.593
10259,2.600,1.593
10260,2.586,1.598
10261,2.581,1.593
10262,2.576,1.593
10263,2.590,1.598
10264,2.590,1.598
10265,2.590,1.598
10266,2.581,1.598
10267,2.581,1.598
10268,2.595,1.598
10269,2.586,1.603
10270,2.576,1.598
10271,2.571,1.603
10272,2.566,1.603
10273,2.586,1.603
10274,2.581,1.603
10275,2.590,1.603
10276,2.595,1.603
10277,2.590,1.608
10278,2.957,1.603
10279,2.517,1.603
10280,2.361,1.608
10281,2.414,1.608
10282,2.537,1.608
10283,2.615,1.608
10284,2.634,1.608
10285,2.620,1.608
10286,2.600,1.613
10287,2.835,1.608
10288,2.615,1.613
10289,2.566,1.608
10290,2.571,1.613
10291,2.586,1.613
10292,2.605,1.613
10293,2.620,1.613
10294,2.630,1.618
10295,2.639,1.613
10296,2.664,1.618
10297,2.659,1.618
10298,2.698,1.618
10299,2.717,1.618
10300,2.737,1.618
10301,2.727,1.618
10302,2.693,1.623
10303,2.644,1.618
10304,2.639,1.623
10305,3.030,1.618
10306,2.605,1.623
10307,2.444,1.623
10308,2.493,1.623
10309,2.581,1.623
10310,2.659,1.623
10311,2.659,1.628
10312,2.737,1.623
10313,2.732,1.623
10314,2.722,1.623
10315,2.664,1.628
10316,2.600,1.628
10317,2.586,1.628
10318,2.600,1.628
10319,2.620,1.628
10320,2.639,1.628
10321,2.625,1.632
10322,2.615,1.628
10323,2.605,1.632
10324,2.590,1.632
10325,2.590,1.632
10326,2.566,1.632
10327,2.532,1.637
10328,2.532,1.632
10329,2.527,1.632
10330,2.537,1.632
10331,2.576,1.632
10332,2.996,1.632
10333,2.532,1.637
10334,2.366,1.637
10335,2.405,1.637
10336,2.512,1.637
10337,2.610,1.637
10338,2.649,1.637
10339,2.649,1.637
10340,2.644,1.637
10341,2.630,1.642
10342,2.615,1.642
10343,2.620,1.637
10344,2.610,1.642
10345,2.625,1.642
10346,2.625,1.642
10347,2.625,1.642
10348,2.595,1.642
10349,2.859,1.637
10350,2.610,1.642
10351,2.498,1.642
10352,2.493,1.642
10353,2.551,1.642
10354,2.576,1.647
10355,2.634,1.647
10356,2.688,1.647
10357,2.742,1.652
10358,2.757,1.652
10359,3.143,1.652
10360,2.590,1.652
10361,2.370,1.652
10362,2.400,1.657
10363,2.512,1.652
10364,2.610,1.657
10365,2.664,1.657
10366,2.659,1.657
10367,2.630,1.657
10368,2.610,1.657
10369,2.600,1.657
10370,2.605,1.657
10371,2.615,1.657
10372,2.610,1.657
10373,2.605,1.657
10374,2.595,1.657
10375,2.688,1.657
10376,2.722,1.657
10377,2.722,1.657
10378,2.669,1.657
10379,2.610,1.657
10380,2.595,1.657
10381,2.615,1.657
10382,2.615,1.662
10383,2.630,1.662
10384,2.630,1.657
10385,2.630,1.662
10386,3.045,1.657
10387,2.542,1.657
10388,2.331,1.662
10389,2.375,1.662
10390,2.493,1.657
10391,2.595,1.662
10392,2.630,1.662
10393,2.615,1.662
10394,2.581,1.662
10395,2.566,1.662
10396,2.556,1.662
10397,2.566,1.662
10398,2.576,1.662
10399,2.590,1.662
10400,2.610,1.662
10401,2.625,1.662
10402,2.625,1.662
10403,2.610,1.667
10404,2.600,1.662
10405,2.600,1.667
10406,2.620,1.667
10407,2.639,1.662
10408,2.664,1.667
10409,2.893,1.662
10410,2.649,1.662
10411,2.590,1.662
10412,2.590,1.667
10413,3.006,1.667
10414,2.507,1.667
10415,2.351,1.667
10416,2.405,1.667
10417,2.551,1.667
10418,2.644,1.667
10419,2.674,1.672
10420,2.659,1.667
10421,2.630,1.667
10422,2.620,1.667
10423,2.620,1.667
10424,2.630,1.667
10425,2.625,1.667
10426,2.630,1.662
10427,2.625,1.662
10428,2.639,1.662
10429,2.634,1.657
10430,2.620,1.657
10431,2.625,1.657
10432,2.630,1.652
10433,2.634,1.652
10434,2.634,1.647
10435,2.639,1.647
10436,2.634,1.647
10437,2.610,1.642
10438,2.703,1.637
10439,2.752,1.628
10440,3.143,1.623
10441,2.566,1.623
10442,2.361,1.623
10443,2.410,1.618
10444,2.542,1.618
10445,2.639,1.613
10446,2.664,1.608
10447,2.688,1.608
10448,2.659,1.603
10449,2.634,1.598
10450,2.620,1.598
10451,2.630,1.593
10452,2.615,1.588
10453,2.630,1.588
10454,2.625,1.584
10455,2.625,1.579
10456,2.615,1.574
10457,2.630,1.574
10458,2.620,1.569
10459,2.630,1.564
10460,2.630,1.564
10461,2.625,1.564
10462,2.620,1.559
10463,2.625,1.554
10464,2.620,1.554
10465,2.625,1.549
10466,2.634,1.549
10467,3.069,1.544
10468,2.693,1.544
10469,2.463,1.540
10470,2.683,1.535
10471,2.434,1.535
10472,2.468,1.535
10473,2.512,1.530
10474,2.537,1.530
10475,2.537,1.530
10476,2.532,1.530
10477,2.527,1.530
10478,2.512,1.530
10479,2.507,1.525
10480,2.512,1.530
10481,2.507,1.525
10482,2.512,1.525
10483,2.502,1.525
10484,2.502,1.525
10485,2.488,1.525
10486,2.478,1.525
10487,2.463,1.525
10488,2.463,1.525
10489,2.473,1.525
10490,2.478,1.525
10491,2.493,1.525
10492,2.502,1.525
10493,2.502,1.525
10494,2.845,1.525
10495,2.410,1.530
10496,2.273,1.525
10497,2.307,1.530
10498,2.400,1.530
10499,2.463,1.530
10500,2.590,1.530
10501,2.664,1.535
10502,2.605,1.535
10503,2.527,1.535
10504,2.454,1.535
10505,2.434,1.535
10506,2.429,1.540
10507,2.478,1.540
10508,2.493,1.540
10509,2.498,1.544
10510,2.502,1.544
10511,2.498,1.544
10512,2.498,1.549
10513,2.493,1.549
10514,2.502,1.549
10515,2.507,1.549
10516,2.527,1.549
10517,2.507,1.554
10518,2.454,1.554
10519,2.414,1.554
10520,2.429,1.559
10521,2.820,1.559
10522,2.410,1.559
10523,2.292,1.559
10524,2.380,1.564
10525,2.517,1.564
10526,2.620,1.564
10527,2.625,1.564
10528,2.576,1.564
10529,2.507,1.569
10530,2.463,1.569
10531,2.649,1.569
10532,2.473,1.569
10533,2.478,1.569
10534,2.517,1.574
10535,2.522,1.574
10536,2.527,1.574
10537,2.522,1.579
10538,2.502,1.579
10539,2.483,1.579
10540,2.498,1.584
10541,2.498,1.584
10542,2.512,1.584
10543,2.493,1.584
10544,2.478,1.584
10545,2.449,1.588
10546,2.444,1.588
10547,2.493,1.588
10548,2.977,1.588
10549,2.507,1.588
10550,2.312,1.588
10551,2.292,1.593
10552,2.351,1.593
10553,2.424,1.593
10554,2.473,1.598
10555,2.498,1.598
10556,2.517,1.598
10557,2.551,1.598
10558,2.576,1.598
10559,2.571,1.598
10560,2.551,1.603
10561,2.537,1.603
10562,2.537,1.603
10563,2.576,1.603
10564,2.434,1.603
10565,2.571,1.603
10566,2.600,1.603
10567,2.605,1.608
10568,2.527,1.608
10569,2.493,1.608
10570,2.498,1.608
10571,2.507,1.608
10572,2.512,1.613
10573,2.527,1.613
10574,2.517,1.613
10575,2.889,1.613
10576,2.419,1.613
10577,2.243,1.613
10578,2.307,1.613
10579,2.419,1.618
10580,2.517,1.618
10581,2.556,1.618
10582,2.561,1.623
10583,2.527,1.623
10584,2.522,1.623
10585,2.522,1.623
10586,2.512,1.623
10587,2.527,1.623
10588,2.537,1.628
10589,2.537,1.623
10590,2.527,1.628
10591,2.502,1.628
10592,2.483,1.628
10593,2.664,1.623
10594,2.517,1.623
10595,2.454,1.628
10596,2.444,1.632
10597,2.522,1.628
10598,2.532,1.632
10599,2.532,1.632
10600,2.532,1.632
10601,2.537,1.632
10602,2.933,1.632
10603,2.454,1.632
10604,2.292,1.637
10605,2.351,1.637
10606,2.458,1.637
10607,2.537,1.637
10608,2.571,1.637
10609,2.566,1.637
10610,2.546,1.642
10611,2.527,1.642
10612,2.522,1.642
10613,2.537,1.642
10614,2.522,1.642
10615,2.532,1.642
10616,2.542,1.647
10617,2.551,1.642
10618,2.551,1.647
10619,2.551,1.647
10620,2.542,1.647
10621,2.532,1.647
10622,2.532,1.647
10623,2.537,1.647
10624,2.542,1.652
10625,2.546,1.652
10626,2.566,1.647
10627,2.434,1.647
10628,2.576,1.652
10629,2.981,1.647
10630,2.483,1.652
10631,2.297,1.652
10632,2.336,1.652
10633,2.458,1.652
10634,2.537,1.652
10635,2.566,1.657
10636,2.556,1.657
10637,2.542,1.657
10638,2.517,1.657
10639,2.527,1.657
10640,2.527,1.657
10641,2.527,1.657
10642,2.522,1.657
10643,2.522,1.657
10644,2.527,1.662
10645,2.527,1.657
10646,2.532,1.662
10647,2.522,1.662
10648,2.522,1.657
10649,2.522,1.662
10650,2.522,1.657
10651,2.532,1.662
10652,2.527,1.662
10653,2.722,1.657
10654,2.517,1.657
10655,2.507,1.657
10656,2.463,1.662
10657,2.527,1.657
10658,2.561,1.657
10659,2.571,1.657
10660,2.566,1.657
10661,2.537,1.657
10662,2.542,1.657
10663,2.546,1.657
10664,2.551,1.657
10665,2.571,1.657
10666,2.571,1.657
10667,2.581,1.657
10668,2.556,1.657
10669,2.546,1.657
10670,2.532,1.657
10671,2.522,1.657
10672,2.522,1.657
10673,2.522,1.657
10674,2.532,1.657
10675,2.537,1.657
10676,2.532,1.662
10677,2.532,1.657
10678,2.532,1.662
10679,2.546,1.662
10680,2.546,1.657
10681,2.546,1.662
10682,2.879,1.657
10683,2.493,1.657
10684,2.356,1.662
10685,2.385,1.662
10686,2.473,1.662
10687,2.546,1.662
10688,2.561,1.662
10689,2.586,1.662
10690,2.458,1.657
10691,2.590,1.662
10692,2.620,1.662
10693,2.595,1.662
10694,2.542,1.662
10695,2.522,1.662
10696,2.517,1.662
10697,2.522,1.667
10698,2.517,1.667
10699,2.517,1.667
10700,2.512,1.667
10701,2.522,1.667
10702,2.537,1.667
10703,2.537,1.667
10704,2.542,1.667
10705,2.571,1.667
10706,2.590,1.667
10707,2.586,1.667
10708,2.537,1.667
10709,2.820,1.667
10710,2.439,1.672
10711,2.351,1.667
10712,2.410,1.672
10713,2.507,1.672
10714,2.561,1.672
10715,2.757,1.667
10716,2.586,1.667
10717,2.483,1.672
10718,2.439,1.672
10719,2.444,1.672
10720,2.458,1.676
10721,2.458,1.676
10722,2.473,1.676
10723,2.561,1.676
10724,2.615,1.676
10725,2.630,1.676
10726,2.610,1.676
10727,2.600,1.676
10728,2.566,1.676
10729,2.561,1.676
10730,2.546,1.676
10731,2.502,1.681
10732,2.449,1.681
10733,2.434,1.681
10734,2.439,1.681
10735,2.463,1.681
10736,2.805,1.681
10737,2.419,1.681
10738,2.302,1.681
10739,2.351,1.681
10740,2.468,1.681
10741,2.566,1.681
10742,2.630,1.681
10743,2.639,1.686
10744,2.625,1.686
10745,2.590,1.686
10746,2.595,1.686
10747,2.566,1.686
10748,2.566,1.686
10749,2.551,1.686
10750,2.546,1.686
10751,2.546,1.686
10752,2.615,1.686
10753,2.507,1.686
10754,2.625,1.686
10755,2.639,1.686
10756,2.595,1.691
10757,2.556,1.691
10758,2.542,1.691
10759,2.546,1.691
10760,2.546,1.691
10761,2.532,1.691
10762,2.546,1.691
10763,2.898,1.691
10764,2.478,1.691
10765,2.336,1.691
10766,2.375,1.691
10767,2.493,1.691
10768,2.546,1.696
10769,2.546,1.696
10770,2.527,1.696
10771,2.532,1.696
10772,2.546,1.696
10773,2.556,1.696
10774,2.566,1.696
10775,2.786,1.696
10776,2.561,1.696
10777,2.522,1.696
10778,2.522,1.696
10779,2.532,1.701
10780,2.542,1.696
10781,2.546,1.701
10782,2.542,1.701
10783,2.532,1.701
10784,2.532,1.701
10785,2.517,1.701
10786,2.542,1.701
10787,2.542,1.701
10788,2.542,1.701
10789,2.542,1.706
10790,2.923,1.701
10791,2.502,1.701
10792,2.346,1.701
10793,2.380,1.706
10794,2.507,1.706
10795,2.571,1.706
10796,2.595,1.706
10797,2.581,1.706
10798,2.571,1.706
10799,2.556,1.706
10800,2.542,1.706
10801,2.542,1.706
10802,2.551,1.706
10803,2.551,1.706
10804,2.561,1.706
10805,2.551,1.711
10806,2.571,1.706
10807,2.537,1.711
10808,2.512,1.711
10809,2.512,1.711
10810,2.527,1.711
10811,2.522,1.711
10812,2.537,1.711
10813,2.556,1.711
10814,2.576,1.711
10815,2.634,1.711
10816,2.527,1.706
10817,3.011,1.706
10818,2.566,1.711
10819,2.361,1.711
10820,2.385,1.711
10821,2.502,1.716
10822,2.586,1.711
10823,2.605,1.716
10824,2.600,1.716
10825,2.576,1.716
10826,2.561,1.716
10827,2.542,1.716
10828,2.551,1.716
10829,2.561,1.716
10830,2.546,1.716
10831,2.542,1.716
10832,2.551,1.720
10833,2.561,1.720
10834,2.576,1.716
10835,2.576,1.720
10836,2.566,1.720
10837,2.781,1.716
10838,2.571,1.716
10839,2.478,1.716
10840,2.473,1.720
10841,2.517,1.720
10842,2.561,1.720
10843,2.581,1.720
10844,2.947,1.720
10845,2.498,1.720
10846,2.336,1.720
10847,2.380,1.720
10848,2.493,1.720
10849,2.561,1.725
10850,2.600,1.725
10851,2.571,1.725
10852,2.517,1.725
10853,2.473,1.725
10854,2.458,1.725
10855,2.483,1.730
10856,2.517,1.730
10857,2.546,1.730
10858,2.546,1.730
10859,2.542,1.730
10860,2.532,1.730
10861,2.527,1.730
10862,2.542,1.730
10863,2.542,1.735
10864,2.556,1.735
10865,2.566,1.735
10866,2.561,1.735
10867,2.561,1.735
10868,2.561,1.735
10869,2.537,1.735
10870,2.537,1.735
10871,2.937,1.735
10872,2.478,1.735
10873,2.312,1.740
10874,2.356,1.735
10875,2.458,1.740
10876,2.551,1.740
10877,2.581,1.740
10878,2.669,1.740
10879,2.683,1.740
10880,2.678,1.740
10881,2.625,1.740
10882,2.556,1.740
10883,2.546,1.740
10884,2.537,1.740
10885,2.546,1.745
10886,2.561,1.745
10887,2.566,1.745
10888,2.561,1.745
10889,2.571,1.745
10890,2.576,1.745
10891,2.600,1.745
10892,2.605,1.745
10893,2.605,1.745
10894,2.590,1.745
10895,2.576,1.745
10896,2.561,1.750
10897,2.781,1.745
10898,2.923,1.745
10899,2.439,1.745
10900,2.292,1.745
10901,2.375,1.750
10902,2.527,1.750
10903,2.615,1.745
10904,2.639,1.750
10905,2.620,1.750
10906,2.610,1.750
10907,2.586,1.750
10908,2.576,1.750
10909,2.571,1.750
10910,2.581,1.750
10911,2.590,1.750
10912,2.581,1.745
10913,2.566,1.750
10914,2.556,1.745
10915,2.537,1.745
10916,2.532,1.745
10917,2.546,1.740
10918,2.551,1.740
10919,2.546,1.740
10920,2.566,1.735
10921,2.561,1.735
10922,2.566,1.735
10923,2.566,1.730
10924,2.566,1.730
10925,2.957,1.725
10926,2.468,1.720
10927,2.317,1.720
10928,2.385,1.716
10929,2.522,1.711
10930,2.605,1.711
10931,2.634,1.711
10932,2.634,1.706
10933,2.625,1.706
10934,2.600,1.701
10935,2.605,1.696
10936,2.610,1.696
10937,2.620,1.691
10938,2.615,1.686
10939,2.610,1.686
10940,2.590,1.681
10941,2.664,1.676
10942,2.678,1.672
10943,2.703,1.672
10944,2.654,1.672
10945,2.610,1.667
10946,2.576,1.667
10947,2.576,1.662
10948,2.581,1.662
10949,2.590,1.662
10950,2.590,1.657
10951,2.595,1.657
10952,3.001,1.652
10953,2.502,1.652
10954,2.336,1.647
10955,2.395,1.652
10956,2.517,1.647
10957,2.595,1.647
10958,2.952,1.642
10959,2.600,1.637
10960,2.537,1.642
10961,2.512,1.637
10962,2.542,1.637
10963,2.571,1.637
10964,2.595,1.637
10965,2.586,1.637
10966,2.586,1.637
10967,2.590,1.637
10968,2.590,1.637
10969,2.590,1.637
10970,2.595,1.632
10971,2.600,1.637
10972,2.605,1.637
10973,2.595,1.632
10974,2.595,1.637
10975,2.586,1.632
10976,2.590,1.632
10977,2.581,1.637
10978,2.586,1.637
10979,2.996,1.632
10980,2.498,1.637
10981,2.326,1.637
10982,2.385,1.637
10983,2.512,1.637
10984,2.605,1.637
10985,2.639,1.637
10986,2.610,1.642
10987,2.576,1.642
10988,2.576,1.642
10989,2.571,1.642
10990,2.586,1.642
10991,2.595,1.642
10992,2.595,1.647
10993,2.590,1.642
10994,2.586,1.647
10995,2.586,1.647
10996,2.581,1.647
10997,2.581,1.652
10998,2.590,1.652
10999,2.571,1.652
11000,2.542,1.652
11001,2.517,1.652
11002,2.527,1.652
11003,2.532,1.657
11004,2.634,1.657
11005,2.664,1.657
11006,3.099,1.657
11007,2.542,1.657
11008,2.307,1.657
11009,2.341,1.662
11010,2.483,1.662
11011,2.586,1.662
11012,2.639,1.662
11013,2.669,1.662
11014,2.698,1.667
11015,2.727,1.667
11016,2.703,1.667
11017,2.669,1.672
11018,2.615,1.667
11019,2.761,1.667
11020,2.620,1.667
11021,2.561,1.672
11022,2.556,1.672
11023,2.581,1.672
11024,2.605,1.676
11025,2.605,1.672
11026,2.590,1.676
11027,2.581,1.676
11028,2.595,1.676
11029,2.595,1.676
11030,2.586,1.681
11031,2.586,1.681
11032,2.600,1.681
11033,3.045,1.681
11034,2.512,1.681
11035,2.351,1.681
11036,2.395,1.681
11037,2.546,1.681
11038,2.630,1.686
11039,2.664,1.686
11040,2.644,1.686
11041,2.615,1.686
11042,2.595,1.686
11043,2.595,1.686
11044,2.590,1.691
11045,2.615,1.691
11046,2.586,1.691
11047,2.590,1.691
11048,2.586,1.691
11049,2.595,1.691
11050,2.595,1.691
11051,2.620,1.691
11052,2.615,1.691
11053,2.615,1.696
11054,2.595,1.691
11055,2.600,1.696
11056,2.595,1.696
11057,2.610,1.691
11058,2.600,1.696
11059,2.600,1.696
11060,3.016,1.691
11061,2.512,1.691
11062,2.326,1.696
11063,2.390,1.696
11064,2.517,1.696
11065,2.620,1.696
11066,2.713,1.696
11067,2.576,1.691
11068,2.659,1.691
11069,2.644,1.696
11070,2.620,1.691
11071,2.595,1.691
11072,2.581,1.696
11073,2.571,1.691
11074,2.571,1.696
11075,2.615,1.696
11076,2.615,1.691
11077,2.600,1.696
11078,2.600,1.696
11079,2.600,1.691
11080,2.952,1.691
11081,2.620,1.691
11082,2.556,1.691
11083,2.537,1.691
11084,2.566,1.691
11085,2.590,1.696
11086,2.620,1.696
11087,3.045,1.691
11088,2.512,1.691
11089,2.331,1.696
11090,2.395,1.691
11091,2.517,1.696
11092,2.610,1.696
11093,2.639,1.696
11094,2.649,1.696
11095,2.625,1.696
11096,2.625,1.696
11097,2.610,1.696
11098,2.634,1.696
11099,2.620,1.696
11100,2.634,1.701
11101,2.649,1.696
11102,2.659,1.696
11103,2.649,1.701
11104,2.639,1.701
11105,2.620,1.701
11106,2.595,1.701
11107,2.600,1.701
11108,2.610,1.701
11109,2.605,1.701
11110,2.620,1.701
11111,2.605,1.701
11112,2.605,1.701
11113,2.605,1.701
11114,3.040,1.701
11115,2.502,1.701
11116,2.312,1.701
11117,2.366,1.701
11118,2.502,1.706
11119,2.590,1.706
11120,2.625,1.706
11121,2.625,1.706
11122,2.605,1.706
11123,2.581,1.706
11124,2.571,1.706
11125,2.576,1.706
11126,2.581,1.711
11127,2.590,1.711
11128,2.600,1.706
11129,2.659,1.711
11130,2.561,1.706
11131,2.654,1.711
11132,2.664,1.711
11133,2.620,1.711
11134,2.571,1.711
11135,2.556,1.711
11136,2.546,1.716
11137,2.566,1.711
11138,2.571,1.711
11139,2.590,1.716
11140,2.576,1.716
11141,3.118,1.711
11142,2.478,1.711
11143,2.263,1.711
11144,2.341,1.716
11145,2.502,1.716
11146,2.625,1.716
11147,2.654,1.720
11148,2.644,1.716
11149,2.625,1.720
11150,2.595,1.720
11151,2.581,1.720
11152,2.590,1.720
11153,2.600,1.720
11154,2.620,1.720
11155,2.639,1.720
11156,2.654,1.720
11157,2.664,1.720
11158,2.664,1.725
11159,2.659,1.720
11160,2.649,1.720
11161,2.649,1.725
11162,2.630,1.725
11163,2.625,1.725
11164,2.615,1.725
11165,2.625,1.725
11166,2.630,1.725
11167,2.630,1.725
11168,2.688,1.725
11169,2.571,1.725
11170,2.551,1.725
11171,2.566,1.725
11172,2.586,1.730
11173,2.590,1.725
11174,2.595,1.730
11175,2.581,1.730
11176,2.581,1.730
11177,2.586,1.730
11178,2.586,1.730
11179,2.590,1.730
11180,2.610,1.730
11181,2.605,1.730
11182,2.610,1.730
11183,2.600,1.730
11184,2.610,1.730
11185,2.600,1.730
11186,2.595,1.730
11187,2.600,1.730
11188,2.615,1.730
11189,2.605,1.730
11190,2.610,1.730
11191,2.615,1.730
11192,2.615,1.730
11193,2.693,1.730
11194,3.079,1.725
11195,2.669,1.725
11196,2.463,1.725
11197,2.463,1.725
11198,2.532,1.725
11199,2.600,1.725
11200,2.620,1.725
11201,2.615,1.720
11202,2.962,1.716
11203,2.615,1.716
11204,2.527,1.716
11205,2.522,1.716
11206,2.571,1.711
11207,2.610,1.716
11208,2.630,1.711
11209,2.620,1.711
11210,2.610,1.711
11211,2.595,1.711
11212,2.659,1.706
11213,2.708,1.706
11214,2.698,1.706
11215,2.644,1.706
11216,2.600,1.706
11217,2.586,1.701
11218,2.595,1.701
11219,2.634,1.701
11220,2.644,1.701
11221,3.011,1.696
11222,2.581,1.696
11223,2.405,1.696
11224,2.473,1.696
11225,2.566,1.696
11226,2.590,1.696
11227,2.551,1.696
11228,2.561,1.696
11229,2.600,1.696
11230,2.595,1.696
11231,2.551,1.696
11232,2.561,1.696
11233,2.620,1.696
11234,2.698,1.696
11235,2.742,1.696
11236,2.752,1.696
11237,2.683,1.696
11238,2.644,1.696
11239,2.610,1.696
11240,2.605,1.696
11241,2.600,1.696
11242,2.600,1.696
11243,2.586,1.696
11244,2.615,1.696
11245,2.625,1.696
11246,2.610,1.696
11247,2.561,1.696
11248,2.913,1.696
11249,2.581,1.696
11250,2.483,1.696
11251,2.527,1.701
11252,2.590,1.701
11253,2.625,1.696
11254,2.605,1.701
11255,2.630,1.701
11256,2.517,1.696
11257,2.669,1.696
11258,2.727,1.701
11259,2.693,1.701
11260,2.630,1.701
11261,2.586,1.706
11262,2.542,1.706
11263,2.713,1.701
11264,2.581,1.701
11265,2.517,1.706
11266,2.498,1.706
11267,2.527,1.706
11268,2.571,1.706
11269,2.639,1.706
11270,2.678,1.711
11271,2.678,1.711
11272,2.630,1.711
11273,2.605,1.711
11274,2.610,1.716
11275,3.045,1.711
11276,2.630,1.711
11277,2.468,1.716
11278,2.483,1.716
11279,2.571,1.716
11280,2.625,1.716
11281,2.659,1.716
11282,2.649,1.716
11283,2.659,1.720
11284,2.654,1.720
11285,2.625,1.720
11286,2.600,1.720
11287,2.610,1.720
11288,2.586,1.720
11289,2.576,1.725
11290,2.571,1.720
11291,2.600,1.725
11292,2.654,1.725
11293,2.698,1.725
11294,2.688,1.725
11295,2.659,1.725
11296,2.615,1.725
11297,2.605,1.725
11298,2.605,1.730
11299,2.625,1.725
11300,2.610,1.730
11301,2.615,1.730
11302,3.016,1.725
11303,2.600,1.730
11304,2.449,1.730
11305,2.473,1.730
11306,2.542,1.730
11307,2.625,1.735
11308,2.669,1.730
11309,2.678,1.735
11310,2.659,1.735
11311,2.644,1.735
11312,2.625,1.735
11313,2.620,1.735
11314,2.630,1.735
11315,2.620,1.735
11316,2.605,1.735
11317,2.600,1.735
11318,2.659,1.735
11319,2.590,1.735
11320,2.693,1.735
11321,2.698,1.735
11322,2.669,1.740
11323,2.630,1.740
11324,2.962,1.735
11325,2.625,1.735
11326,2.546,1.735
11327,2.556,1.740
11328,2.620,1.740
11329,3.040,1.735
11330,2.678,1.740
11331,2.405,1.740
11332,2.336,1.735
11333,2.375,1.740
11334,2.454,1.735
11335,2.502,1.735
11336,2.537,1.735
11337,2.537,1.735
11338,2.542,1.735
11339,2.532,1.735
11340,2.551,1.735
11341,2.546,1.735
11342,2.546,1.735
11343,2.542,1.730
11344,2.546,1.730
11345,2.537,1.730
11346,2.542,1.730
11347,2.546,1.730
11348,2.556,1.725
11349,2.551,1.725
11350,2.561,1.725
11351,2.517,1.725
11352,2.488,1.725
11353,2.454,1.720
11354,2.488,1.720
11355,2.507,1.720
11356,2.874,1.716
11357,2.483,1.716
11358,2.356,1.716
11359,2.414,1.716
11360,2.483,1.716
11361,2.507,1.716
11362,2.468,1.716
11363,2.449,1.711
11364,2.454,1.716
11365,2.507,1.716
11366,2.517,1.711
11367,2.478,1.711
11368,2.419,1.711
11369,2.414,1.711
11370,2.424,1.711
11371,2.449,1.711
11372,2.463,1.711
11373,2.463,1.711
11374,2.458,1.711
11375,2.424,1.711
11376,2.405,1.711
11377,2.414,1.711
11378,2.458,1.711
11379,2.483,1.711
11380,2.527,1.711
11381,2.620,1.706
11382,2.630,1.711
11383,2.991,1.706
11384,2.517,1.706
11385,2.414,1.706
11386,2.400,1.706
11387,2.468,1.706
11388,2.532,1.706
11389,2.551,1.711
11390,2.556,1.711
11391,2.556,1.711
11392,2.546,1.711
11393,2.517,1.711
11394,2.522,1.711
11395,2.522,1.711
11396,2.532,1.711
11397,2.522,1.711
11398,2.527,1.716
11399,2.517,1.711
11400,2.522,1.711
11401,2.502,1.716
11402,2.507,1.716
11403,2.507,1.716
11404,2.527,1.716
11405,2.502,1.716
11406,2.507,1.716
11407,2.493,1.720
11408,2.507,1.716
11409,2.502,1.720
11410,2.884,1.716
11411,2.429,1.720
11412,2.302,1.716
11413,2.336,1.720
11414,2.444,1.720
11415,2.527,1.720
11416,2.561,1.720
11417,2.546,1.720
11418,2.542,1.720
11419,2.522,1.725
11420,2.527,1.720
11421,2.512,1.725
11422,2.517,1.725
11423,2.517,1.720
11424,2.517,1.725
11425,2.512,1.720
11426,2.517,1.720
11427,2.512,1.720
11428,2.522,1.720
11429,2.507,1.720
11430,2.512,1.720
11431,2.522,1.716
11432,2.517,1.716
11433,2.512,1.716
11434,2.532,1.711
11435,2.512,1.711
11436,2.507,1.711
11437,2.884,1.706
11438,2.429,1.706
11439,2.283,1.706
11440,2.322,1.706
11441,2.434,1.701
11442,2.517,1.701
11443,2.542,1.701
11444,2.610,1.696
11445,2.600,1.691
11446,2.908,1.686
11447,2.546,1.686
11448,2.458,1.686
11449,2.449,1.686
11450,2.478,1.686
11451,2.517,1.686
11452,2.542,1.686
11453,2.551,1.681
11454,2.571,1.686
11455,2.551,1.681
11456,2.537,1.681
11457,2.522,1.681
11458,2.527,1.681
11459,2.512,1.681
11460,2.512,1.681
11461,2.522,1.676
11462,2.527,1.676
11463,2.522,1.676
11464,2.908,1.676
11465,2.429,1.672
11466,2.273,1.676
11467,2.331,1.676
11468,2.454,1.672
11469,2.546,1.676
11470,2.576,1.672
11471,2.542,1.672
11472,2.517,1.676
11473,2.502,1.672
11474,2.463,1.672
11475,2.458,1.676
11476,2.483,1.672
11477,2.493,1.672
11478,2.517,1.672
11479,2.532,1.672
11480,2.522,1.672
11481,2.532,1.672
11482,2.532,1.667
11483,2.537,1.672
11484,2.537,1.667
11485,2.551,1.667
11486,2.546,1.667
11487,2.542,1.667
11488,2.546,1.667
11489,2.527,1.667
11490,2.522,1.662
11491,2.913,1.662
11492,2.454,1.662
11493,2.292,1.662
11494,2.351,1.662
11495,2.458,1.662
11496,2.542,1.662
11497,2.571,1.657
11498,2.571,1.662
11499,2.556,1.657
11500,2.542,1.657
11501,2.532,1.657
11502,2.527,1.657
11503,2.522,1.657
11504,2.502,1.657
11505,2.488,1.657
11506,2.463,1.657
11507,2.761,1.652
11508,2.546,1.647
11509,2.649,1.652
11510,2.630,1.652
11511,2.551,1.652
11512,2.507,1.652
11513,2.493,1.652
11514,2.488,1.652
11515,2.507,1.657
11516,2.522,1.652
11517,2.522,1.652
11518,2.918,1.652
11519,2.434,1.652
11520,2.278,1.652
11521,2.336,1.652
11522,2.439,1.652
11523,2.556,1.652
11524,2.566,1.652
11525,2.551,1.652
11526,2.542,1.652
11527,2.532,1.652
11528,2.527,1.652
11529,2.532,1.652
11530,2.556,1.652
11531,2.561,1.652
11532,2.566,1.652
11533,2.566,1.652
11534,2.566,1.652
11535,2.576,1.652
11536,2.576,1.652
11537,2.586,1.652
11538,2.586,1.652
11539,2.595,1.652
11540,2.590,1.647
11541,2.615,1.647
11542,2.639,1.647
11543,2.644,1.642
11544,2.581,1.642
11545,2.889,1.642
11546,2.390,1.637
11547,2.253,1.637
11548,2.312,1.637
11549,2.439,1.632
11550,2.542,1.632
11551,2.576,1.632
11552,2.551,1.628
11553,2.546,1.623
11554,2.527,1.623
11555,2.522,1.618
11556,2.512,1.618
11557,2.527,1.613
11558,2.537,1.608
11559,2.522,1.608
11560,2.537,1.608
11561,2.537,1.603
11562,2.537,1.603
11563,2.542,1.598
11564,2.546,1.593
11565,2.546,1.593
11566,2.551,1.593
11567,2.537,1.588
11568,2.532,1.588
11569,2.845,1.579
11570,2.600,1.579
11571,2.654,1.574
11572,3.231,1.564
11573,2.297,1.564
11574,2.048,1.564
11575,2.204,1.569
11576,2.449,1.564
11577,2.605,1.564
11578,2.639,1.564
11579,2.615,1.564
11580,2.590,1.559
11581,2.542,1.564
11582,2.561,1.559
11583,2.546,1.559
11584,2.546,1.559
11585,2.542,1.559
11586,2.537,1.559
11587,2.537,1.559
11588,2.537,1.554
11589,2.493,1.559
11590,2.468,1.554
11591,2.463,1.554
11592,2.488,1.554
11593,2.517,1.554
11594,2.546,1.554
11595,2.576,1.554
11596,2.581,1.554
11597,2.586,1.554
11598,2.586,1.559
11599,2.986,1.554
11600,2.502,1.554
11601,2.312,1.559
11602,2.361,1.559
11603,2.493,1.554
11604,2.595,1.559
11605,2.630,1.559
11606,2.630,1.559
11607,2.590,1.564
11608,2.566,1.564
11609,2.542,1.564
11610,2.546,1.564
11611,2.551,1.564
11612,2.576,1.564
11613,2.561,1.569
11614,2.571,1.569
11615,2.571,1.569
11616,2.571,1.574
11617,2.571,1.574
11618,2.576,1.574
11619,2.586,1.574
11620,2.581,1.574
11621,2.561,1.579
11622,2.551,1.579
11623,2.551,1.579
11624,2.537,1.584
11625,2.517,1.584
11626,2.918,1.584
11627,2.400,1.584
11628,2.380,1.584
11629,2.400,1.588
11630,2.488,1.588
11631,2.625,1.588
11632,2.634,1.593
11633,2.630,1.593
11634,2.600,1.593
11635,2.586,1.598
11636,2.566,1.598
11637,2.571,1.598
11638,2.581,1.603
11639,2.561,1.603
11640,2.551,1.603
11641,2.566,1.603
11642,2.586,1.603
11643,2.571,1.608
11644,2.561,1.608
11645,2.566,1.608
11646,2.571,1.608
11647,2.576,1.613
11648,2.576,1.613
11649,2.590,1.613
11650,2.600,1.618
11651,2.615,1.613
11652,2.600,1.618
11653,3.030,1.618
11654,2.542,1.618
11655,2.356,1.618
11656,2.405,1.623
11657,2.522,1.623
11658,2.625,1.623
11659,2.639,1.628
11660,2.639,1.628
11661,2.605,1.628
11662,2.586,1.628
11663,2.581,1.628
11664,2.576,1.628
11665,2.581,1.632
11666,2.586,1.632
11667,2.581,1.632
11668,2.586,1.632
11669,2.576,1.632
11670,2.595,1.637
11671,2.586,1.637
11672,2.625,1.637
11673,2.595,1.637
11674,2.586,1.637
11675,2.581,1.637
11676,2.581,1.642
11677,2.571,1.642
11678,2.566,1.642
11679,2.566,1.642
11680,2.551,1.642
11681,2.517,1.642
11682,2.532,1.647
11683,2.556,1.647
11684,2.561,1.647
11685,2.576,1.647
11686,2.586,1.647
11687,2.581,1.652
11688,2.576,1.652
11689,2.590,1.652
11690,2.898,1.647
11691,2.605,1.647
11692,2.566,1.652
11693,2.581,1.652
11694,2.581,1.652
11695,2.698,1.657
11696,2.698,1.657
11697,2.742,1.657
11698,2.688,1.657
11699,2.620,1.662
11700,2.576,1.662
11701,2.576,1.662
11702,2.595,1.662
11703,2.576,1.662
11704,2.571,1.662
11705,2.571,1.667
11706,2.918,1.667
11707,2.551,1.662
11708,2.405,1.667
11709,2.414,1.667
11710,2.478,1.667
11711,2.517,1.672
11712,2.537,1.672
11713,2.532,1.672
11714,2.537,1.672
11715,2.551,1.672
11716,2.586,1.672
11717,2.586,1.676
11718,2.595,1.672
11719,2.605,1.672
11720,2.620,1.676
11721,2.620,1.676
11722,2.610,1.676
11723,2.605,1.676
11724,2.605,1.676
11725,2.581,1.676
11726,2.576,1.676
11727,2.595,1.676
11728,2.605,1.681
11729,2.600,1.681
11730,2.595,1.676
11731,2.600,1.681
11732,2.615,1.681
11733,2.937,1.681
11734,2.537,1.681
11735,2.414,1.681
11736,2.449,1.681
11737,2.537,1.681
11738,2.600,1.686
11739,2.625,1.686
11740,2.605,1.686
11741,2.581,1.686
11742,2.571,1.686
11743,2.576,1.686
11744,2.571,1.691
11745,2.586,1.686
11746,2.586,1.691
11747,2.595,1.691
11748,2.595,1.691
11749,2.600,1.691
11750,2.576,1.691
11751,2.703,1.691
11752,2.600,1.686
11753,2.551,1.691
11754,2.551,1.691
11755,2.566,1.691
11756,2.586,1.696
11757,2.581,1.696
11758,2.674,1.691
11759,2.688,1.691
11760,3.089,1.691
11761,2.620,1.696
11762,2.424,1.696
11763,2.395,1.696
11764,2.483,1.696
11765,2.551,1.701
11766,2.610,1.696
11767,2.615,1.701
11768,2.610,1.701
11769,2.605,1.701
11770,2.600,1.701
11771,2.590,1.701
11772,2.586,1.701
11773,2.590,1.706
11774,2.595,1.701
11775,2.600,1.706
11776,2.595,1.706
11777,2.595,1.706
11778,2.590,1.706
11779,2.571,1.706
11780,2.581,1.706
11781,2.581,1.706
11782,2.576,1.706
11783,2.571,1.706
11784,2.581,1.711
11785,2.576,1.711
11786,2.586,1.706
11787,2.937,1.706
11788,2.527,1.711
11789,2.390,1.711
11790,2.429,1.711
11791,2.512,1.711
11792,2.590,1.711
11793,2.586,1.711
11794,2.571,1.711
11795,2.546,1.711
11796,2.537,1.716
11797,2.537,1.716
11798,2.551,1.711
11799,2.556,1.716
11800,2.566,1.716
11801,2.571,1.716
11802,2.561,1.716
11803,2.551,1.716
11804,2.546,1.716
11805,2.546,1.720
11806,2.551,1.720
11807,2.556,1.720
11808,2.576,1.720
11809,2.581,1.720
11810,2.571,1.720
11811,2.576,1.720
11812,2.913,1.720
11813,2.576,1.720
11814,2.879,1.720
11815,2.463,1.720
11816,2.356,1.720
11817,2.414,1.720
11818,2.527,1.720
11819,2.590,1.725
11820,2.683,1.725
11821,2.586,1.720
11822,2.649,1.720
11823,2.644,1.725
11824,2.610,1.725
11825,2.595,1.725
11826,2.581,1.730
11827,2.610,1.730
11828,2.590,1.730
11829,2.590,1.730
11830,2.581,1.730
11831,2.581,1.730
11832,2.576,1.730
11833,2.581,1.730
11834,2.581,1.730
11835,2.595,1.735
11836,2.605,1.730
11837,2.610,1.735
11838,2.600,1.735
11839,2.590,1.730
11840,2.586,1.735
11841,2.957,1.735
11842,2.498,1.735
11843,2.331,1.735
11844,2.385,1.735
11845,2.527,1.735
11846,2.615,1.735
11847,2.639,1.735
11848,2.615,1.735
11849,2.605,1.735
11850,2.590,1.740
11851,2.590,1.735
11852,2.610,1.740
11853,2.605,1.740
11854,2.595,1.740
11855,2.595,1.740
11856,2.600,1.740
11857,2.634,1.740
11858,2.669,1.740
11859,2.693,1.740
11860,2.659,1.740
11861,2.615,1.740
11862,2.576,1.740
11863,2.566,1.740
11864,2.561,1.740
11865,2.561,1.740
11866,2.576,1.740
11867,2.590,1.740
11868,3.011,1.740
11869,2.561,1.740
11870,2.380,1.740
11871,2.405,1.740
11872,2.781,1.740
11873,2.630,1.740
11874,2.610,1.740
11875,2.586,1.740
11876,2.571,1.740
11877,2.571,1.745
11878,2.581,1.745
11879,2.590,1.745
11880,2.590,1.745
11881,2.605,1.745
11882,2.590,1.745
11883,2.634,1.745
11884,2.507,1.745
11885,2.625,1.745
11886,2.639,1.745
11887,2.600,1.750
11888,2.571,1.755
11889,2.576,1.755
11890,2.586,1.755
11891,2.600,1.755
11892,2.630,1.755
11893,2.664,1.760
11894,2.659,1.760
11895,3.055,1.760
11896,2.561,1.760
11897,2.395,1.760
11898,2.502,1.760
11899,2.683,1.760
11900,2.771,1.764
11901,2.732,1.760
11902,2.659,1.764
11903,2.610,1.764
11904,2.600,1.760
11905,2.615,1.764
11906,2.625,1.764
11907,2.639,1.764
11908,2.639,1.764
11909,2.630,1.764
11910,2.625,1.764
11911,2.644,1.764
11912,2.649,1.764
11913,2.639,1.764
11914,2.634,1.764
11915,2.630,1.764
11916,2.630,1.764
11917,2.620,1.764
11918,2.610,1.760
11919,2.590,1.764
11920,2.595,1.764
11921,2.581,1.760
11922,3.001,1.760
11923,2.512,1.764
11924,2.346,1.764
11925,2.390,1.760
11926,2.517,1.764
11927,2.586,1.764
11928,2.615,1.764
11929,2.600,1.764
11930,2.595,1.764
11931,2.581,1.764
11932,2.600,1.769
11933,2.576,1.764
11934,2.845,1.764
11935,2.634,1.760
11936,2.532,1.764
11937,2.512,1.764
11938,2.546,1.764
11939,2.581,1.769
11940,2.605,1.769
11941,2.630,1.769
11942,2.620,1.769
11943,2.620,1.769
11944,2.630,1.769
11945,2.630,1.769
11946,2.688,1.769
11947,2.581,1.764
11948,2.683,1.764
11949,3.109,1.764
11950,2.571,1.769
11951,2.375,1.769
11952,2.410,1.769
11953,2.532,1.769
11954,2.615,1.769
11955,2.634,1.769
11956,2.610,1.769
11957,2.595,1.769
11958,2.581,1.769
11959,2.595,1.769
11960,2.605,1.769
11961,2.595,1.769
11962,2.610,1.769
11963,2.630,1.764
11964,2.630,1.764
11965,2.639,1.764
11966,2.649,1.764
11967,2.674,1.764
11968,2.674,1.764
11969,2.659,1.764
11970,2.664,1.764
11971,2.669,1.764
11972,2.630,1.760
11973,2.600,1.764
11974,2.576,1.760
11975,2.576,1.760
11976,3.011,1.760
11977,2.512,1.760
11978,2.331,1.760
11979,2.366,1.760
11980,2.493,1.760
11981,2.605,1.760
11982,2.659,1.760
11983,2.683,1.760
11984,2.678,1.760
11985,2.678,1.760
11986,2.713,1.760
11987,2.757,1.760
11988,2.747,1.760
11989,2.703,1.760
11990,2.683,1.760
11991,2.659,1.760
11992,2.649,1.760
11993,2.630,1.760
11994,2.845,1.760
11995,2.634,1.760
11996,2.590,1.760
11997,2.590,1.760
11998,2.600,1.760
11999,2.634,1.760
12000,2.634,1.760
12001,2.639,1.760
12002,2.600,1.760
12003,3.011,1.760
12004,2.493,1.760
12005,2.317,1.760
12006,2.366,1.760
12007,2.512,1.760
12008,2.595,1.764
12009,2.742,1.760
12010,2.757,1.760
12011,2.742,1.760
12012,2.688,1.760
12013,2.625,1.760
12014,2.600,1.764
12015,2.586,1.764
12016,2.610,1.764
12017,2.615,1.764
12018,2.620,1.764
12019,2.625,1.764
12020,2.615,1.764
12021,2.605,1.764
12022,2.605,1.764
12023,2.605,1.769
12024,2.610,1.764
12025,2.610,1.769
12026,2.615,1.769
12027,2.615,1.769
12028,2.625,1.769
12029,2.605,1.769
12030,3.050,1.769
12031,2.542,1.764
12032,2.361,1.769
12033,2.405,1.769
12034,2.537,1.769
12035,2.644,1.769
12036,2.683,1.769
12037,2.683,1.769
12038,2.664,1.774
12039,2.644,1.769
12040,2.630,1.774
12041,2.625,1.774
12042,2.630,1.774
12043,2.625,1.774
12044,2.630,1.774
12045,2.630,1.774
12046,2.654,1.774
12047,2.674,1.774
12048,2.683,1.774
12049,2.678,1.774
12050,2.693,1.774
12051,2.713,1.774
12052,2.698,1.779
12053,2.698,1.779
12054,2.678,1.774
12055,2.644,1.779
12056,2.893,1.769
12057,3.079,1.769
12058,2.458,1.774
12059,2.297,1.774
12060,2.419,1.774
12061,2.561,1.779
12062,2.664,1.779
12063,2.688,1.779
12064,2.669,1.779
12065,2.649,1.779
12066,2.639,1.779
12067,2.620,1.784
12068,2.620,1.779
12069,2.605,1.784
12070,2.610,1.784
12071,2.600,1.784
12072,2.678,1.784
12073,2.688,1.779
12074,2.698,1.779
12075,2.639,1.779
12076,2.581,1.784
12077,2.576,1.784
12078,2.595,1.784
12079,2.610,1.784
12080,2.615,1.784
12081,2.620,1.784
12082,2.630,1.789
12083,2.630,1.784
12084,3.065,1.784
12085,2.527,1.784
12086,2.351,1.784
12087,2.405,1.784
12088,2.546,1.789
12089,2.634,1.789
12090,2.683,1.789
12091,2.639,1.789
12092,2.605,1.789
12093,2.615,1.789
12094,2.615,1.789
12095,2.615,1.789
12096,2.630,1.789
12097,2.620,1.789
12098,2.620,1.789
12099,2.620,1.789
12100,2.625,1.794
12101,2.625,1.789
12102,2.615,1.794
12103,2.610,1.794
12104,2.615,1.794
12105,2.620,1.794
12106,2.605,1.794
12107,2.610,1.794
12108,2.610,1.794
12109,2.630,1.794
12110,2.625,1.794
12111,3.065,1.794
12112,2.522,1.794
12113,2.341,1.794
12114,2.419,1.794
12115,2.542,1.794
12116,2.820,1.794
12117,2.703,1.794
12118,2.610,1.794
12119,2.586,1.794
12120,2.615,1.794
12121,2.630,1.794
12122,2.630,1.799
12123,2.625,1.799
12124,2.630,1.799
12125,2.649,1.799
12126,2.678,1.799
12127,2.693,1.799
12128,2.693,1.799
12129,2.713,1.799
12130,2.708,1.799
12131,2.713,1.799
12132,2.688,1.799
12133,2.683,1.799
12134,2.649,1.799
12135,2.771,1.794
12136,2.810,1.794
12137,2.805,1.794
12138,3.192,1.794
12139,2.595,1.794
12140,2.375,1.794
12141,2.424,1.799
12142,2.566,1.799
12143,2.669,1.799
12144,2.703,1.799
12145,2.683,1.799
12146,2.669,1.799
12147,2.644,1.804
12148,2.630,1.799
12149,2.630,1.799
12150,2.639,1.804
12151,2.605,1.799
12152,2.605,1.804
12153,2.605,1.804
12154,2.630,1.804
12155,2.639,1.804
12156,2.664,1.804
12157,2.654,1.804
12158,2.649,1.804
12159,2.644,1.804
12160,2.674,1.804
12161,2.678,1.808
12162,2.654,1.804
12163,2.600,1.804
12164,2.498,1.808
12165,2.830,1.804
12166,2.278,1.804
12167,2.151,1.804
12168,2.292,1.808
12169,2.507,1.804
12170,2.644,1.808
12171,2.693,1.808
12172,2.669,1.808
12173,2.639,1.808
12174,2.605,1.808
12175,2.600,1.808
12176,2.600,1.808
12177,2.972,1.804
12178,2.634,1.804
12179,2.537,1.808
12180,2.556,1.808
12181,2.605,1.808
12182,2.644,1.808
12183,2.659,1.808
12184,2.683,1.813
12185,2.703,1.808
12186,2.688,1.813
12187,2.639,1.813
12188,2.620,1.813
12189,2.610,1.813
12190,2.634,1.813
12191,2.664,1.813
12192,2.761,1.813
12193,2.805,1.813
12194,2.713,1.813
12195,2.605,1.813
12196,2.566,1.813
12197,2.581,1.813
12198,2.727,1.813
12199,2.747,1.813
12200,2.815,1.813
12201,2.752,1.813
12202,2.669,1.813
12203,2.625,1.813
12204,2.595,1.818
12205,2.610,1.818
12206,2.605,1.813
12207,2.605,1.818
12208,2.595,1.818
12209,2.571,1.818
12210,2.576,1.818
12211,2.566,1.818
12212,2.571,1.818
12213,2.586,1.818
12214,2.595,1.818
12215,2.595,1.818
12216,2.571,1.818
12217,2.556,1.818
12218,2.854,1.818
12219,2.458,1.818
12220,2.302,1.818
12221,2.326,1.818
12222,2.444,1.823
12223,2.537,1.823
12224,2.595,1.823
12225,2.595,1.823
12226,2.590,1.823
12227,2.556,1.823
12228,2.532,1.823
12229,2.522,1.823
12230,2.502,1.823
12231,2.498,1.823
12232,2.502,1.823
12233,2.512,1.823
12234,2.517,1.823
12235,2.537,1.823
12236,2.532,1.823
12237,2.537,1.823
12238,2.722,1.823
12239,2.517,1.823
12240,2.551,1.823
12241,2.532,1.823
12242,2.507,1.823
12243,2.512,1.828
12244,2.522,1.828
12245,2.859,1.823
12246,2.493,1.823
12247,2.361,1.828
12248,2.375,1.823
12249,2.463,1.828
12250,2.527,1.828
12251,2.561,1.828
12252,2.551,1.828
12253,2.527,1.828
12254,2.493,1.828
12255,2.498,1.828
12256,2.502,1.828
12257,2.517,1.828
12258,2.517,1.833
12259,2.532,1.828
12260,2.517,1.828
12261,2.595,1.828
12262,2.571,1.828
12263,2.527,1.828
12264,2.507,1.833
12265,2.493,1.833
12266,2.512,1.833
12267,2.527,1.833
12268,2.537,1.833
12269,2.537,1.833
12270,2.546,1.833
12271,2.527,1.833
12272,2.864,1.828
12273,2.458,1.833
12274,2.322,1.833
12275,2.361,1.833
12276,2.454,1.833
12277,2.522,1.833
12278,2.556,1.833
12279,2.546,1.838
12280,2.537,1.833
12281,2.517,1.833
12282,2.527,1.838
12283,2.522,1.833
12284,2.542,1.838
12285,2.542,1.838
12286,2.556,1.833
12287,2.546,1.838
12288,2.527,1.838
12289,2.522,1.838
12290,2.522,1.838
12291,2.517,1.838
12292,2.502,1.838
12293,2.498,1.838
12294,2.507,1.838
12295,2.517,1.838
12296,2.502,1.838
12297,2.488,1.838
12298,2.502,1.838
12299,2.854,1.838
12300,2.546,1.833
12301,2.351,1.833
12302,2.356,1.838
12303,2.429,1.838
12304,2.522,1.838
12305,2.561,1.838
12306,2.566,1.838
12307,2.561,1.843
12308,2.546,1.843
12309,2.546,1.838
12310,2.537,1.843
12311,2.512,1.843
12312,2.512,1.843
12313,2.507,1.843
12314,2.527,1.843
12315,2.522,1.843
12316,2.532,1.843
12317,2.537,1.843
12318,2.566,1.843
12319,2.566,1.843
12320,2.561,1.843
12321,2.532,1.843
12322,2.517,1.848
12323,2.493,1.843
12324,3.167,1.813
12325,2.952,1.789
12326,2.717,1.779
12327,3.045,1.784
12328,2.981,1.784
12329,3.035,1.784
12330,2.669,1.804
12331,2.918,1.813
12332,2.981,1.823
12333,2.781,1.833
12334,2.576,1.833
12335,2.468,1.838
12336,2.478,1.843
12337,2.507,1.843
12338,2.546,1.848
12339,2.561,1.843
12340,2.566,1.848
12341,2.542,1.848
12342,2.542,1.848
12343,2.561,1.848
12344,2.542,1.848
12345,2.546,1.848
12346,2.542,1.848
12347,2.537,1.848
12348,2.532,1.848
12349,2.532,1.852
12350,2.546,1.848
12351,2.556,1.848
12352,2.551,1.852
12353,2.913,1.848
12354,2.488,1.848
12355,2.351,1.848
12356,2.380,1.852
12357,2.463,1.848
12358,2.674,1.848
12359,2.615,1.848
12360,2.561,1.848
12361,2.532,1.848
12362,2.522,1.852
12363,2.532,1.852
12364,2.542,1.852
12365,2.546,1.852
12366,2.556,1.852
12367,2.566,1.852
12368,2.551,1.852
12369,2.551,1.852
12370,2.561,1.852
12371,2.551,1.852
12372,2.566,1.852
12373,2.571,1.852
12374,2.551,1.852
12375,2.566,1.852
12376,2.551,1.852
12377,2.571,1.857
12378,2.576,1.852
12379,2.571,1.857
12380,2.908,1.852
12381,2.468,1.852
12382,2.326,1.852
12383,2.380,1.857
12384,2.498,1.857
12385,2.590,1.852
12386,2.649,1.857
12387,2.463,1.852
12388,2.620,1.852
12389,2.654,1.852
12390,2.620,1.857
12391,2.581,1.857
12392,2.551,1.857
12393,2.522,1.857
12394,2.522,1.857
12395,2.517,1.857
12396,2.551,1.857
12397,2.556,1.857
12398,2.546,1.857
12399,2.532,1.857
12400,2.546,1.857
12401,2.537,1.857
12402,2.537,1.862
12403,2.551,1.857
12404,2.542,1.862
12405,2.546,1.862
12406,2.566,1.857
12407,2.977,1.857
12408,2.522,1.862
12409,2.351,1.857
12410,2.366,1.862
12411,2.473,1.862
12412,2.561,1.862
12413,2.600,1.862
12414,2.586,1.862
12415,2.576,1.862
12416,2.561,1.862
12417,2.551,1.862
12418,2.556,1.862
12419,2.849,1.857
12420,2.551,1.857
12421,2.512,1.862
12422,2.517,1.862
12423,2.542,1.862
12424,2.566,1.862
12425,2.571,1.862
12426,2.561,1.862
12427,2.561,1.867
12428,2.551,1.862
12429,2.542,1.867
12430,2.537,1.867
12431,2.537,1.867
12432,2.542,1.867
12433,2.551,1.867
12434,2.947,1.862
12435,2.488,1.862
12436,2.326,1.867
12437,2.405,1.867
12438,2.517,1.867
12439,2.595,1.867
12440,2.610,1.867
12441,2.595,1.867
12442,2.571,1.867
12443,2.571,1.862
12444,2.566,1.867
12445,2.571,1.867
12446,2.581,1.862
12447,2.576,1.862
12448,2.566,1.862
12449,2.615,1.857
12450,2.483,1.852
12451,2.620,1.852
12452,2.654,1.852
12453,2.620,1.848
12454,2.576,1.852
12455,2.556,1.848
12456,2.561,1.843
12457,2.561,1.848
12458,2.556,1.843
12459,2.571,1.838
12460,2.571,1.838
12461,2.977,1.833
12462,2.537,1.828
12463,2.351,1.828
12464,2.380,1.828
12465,2.478,1.823
12466,2.561,1.823
12467,2.600,1.818
12468,2.595,1.818
12469,2.556,1.818
12470,2.542,1.813
12471,2.537,1.808
12472,2.546,1.808
12473,2.546,1.808
12474,2.556,1.804
12475,2.556,1.804
12476,2.551,1.799
12477,2.556,1.799
12478,2.561,1.799
12479,2.542,1.794
12480,2.644,1.789
12481,2.551,1.789
12482,2.507,1.789
12483,2.502,1.784
12484,2.522,1.784
12485,2.551,1.784
12486,2.586,1.779
12487,2.586,1.784
12488,3.001,1.779
12489,2.502,1.779
12490,2.366,1.774
12491,2.400,1.779
12492,2.542,1.774
12493,2.590,1.774
12494,2.600,1.774
12495,2.566,1.774
12496,2.590,1.774
12497,2.576,1.774
12498,2.595,1.769
12499,2.600,1.769
12500,2.610,1.769
12501,2.605,1.769
12502,2.590,1.769
12503,2.586,1.769
12504,2.600,1.764
12505,2.605,1.769
12506,2.620,1.769
12507,2.620,1.764
12508,2.625,1.769
12509,2.625,1.764
12510,2.620,1.764
12511,2.605,1.764
12512,2.649,1.764
12513,2.498,1.764
12514,2.639,1.760
12515,3.074,1.760
12516,2.542,1.764
12517,2.346,1.764
12518,2.370,1.764
12519,2.483,1.764
12520,2.576,1.764
12521,2.625,1.769
12522,2.615,1.769
12523,2.595,1.764
12524,2.566,1.769
12525,2.576,1.769
12526,2.561,1.769
12527,2.561,1.769
12528,2.571,1.769
12529,2.566,1.769
12530,2.566,1.774
12531,2.566,1.774
12532,2.546,1.774
12533,2.537,1.774
12534,2.532,1.774
12535,2.537,1.774
12536,2.546,1.779
12537,2.566,1.774
12538,2.586,1.779
12539,2.610,1.779
12540,2.639,1.779
12541,2.928,1.774
12542,3.006,1.774
12543,2.439,1.779
12544,2.258,1.779
12545,2.356,1.784
12546,2.512,1.784
12547,2.610,1.784
12548,2.620,1.784
12549,2.605,1.789
12550,2.566,1.789
12551,2.561,1.789
12552,2.571,1.789
12553,2.542,1.789
12554,2.527,1.789
12555,2.527,1.794
12556,2.517,1.794
12557,2.537,1.794
12558,2.537,1.794
12559,2.576,1.794
12560,2.566,1.794
12561,2.571,1.799
12562,2.571,1.799
12563,2.590,1.799
12564,2.581,1.799
12565,2.581,1.799
12566,2.576,1.799
12567,2.595,1.804
12568,2.615,1.799
12569,3.069,1.799
12570,2.615,1.804
12571,2.458,1.804
12572,2.468,1.804
12573,2.532,1.804
12574,2.581,1.804
12575,2.693,1.804
12576,2.708,1.804
12577,2.732,1.804
12578,2.669,1.804
12579,2.605,1.808
12580,2.566,1.808
12581,2.586,1.808
12582,2.605,1.808
12583,2.600,1.808
12584,2.590,1.808
12585,2.586,1.813
12586,2.590,1.813
12587,2.600,1.813
12588,2.600,1.813
12589,2.610,1.813
12590,2.600,1.813
12591,2.595,1.813
12592,2.595,1.813
12593,2.600,1.813
12594,2.600,1.818
12595,2.586,1.818
12596,3.006,1.813
12597,2.502,1.818
12598,2.336,1.818
12599,2.390,1.818
12600,2.532,1.818
12601,2.884,1.818
12602,2.674,1.818
12603,2.620,1.818
12604,2.590,1.818
12605,2.576,1.823
12606,2.590,1.818
12607,2.610,1.823
12608,2.620,1.823
12609,2.620,1.823
12610,2.605,1.823
12611,2.586,1.828
12612,2.600,1.823
12613,2.590,1.828
12614,2.600,1.828
12615,2.605,1.828
12616,2.605,1.828
12617,2.610,1.828
12618,2.610,1.828
12619,2.600,1.828
12620,2.600,1.828
12621,2.610,1.828
12622,2.634,1.833
12623,3.050,1.828
12624,2.537,1.828
12625,2.346,1.833
12626,2.400,1.828
12627,2.522,1.828
12628,2.625,1.833
12629,2.659,1.833
12630,2.644,1.833
12631,2.605,1.833
12632,2.605,1.833
12633,2.600,1.833
12634,2.590,1.833
12635,2.590,1.833
12636,2.600,1.838
12637,2.590,1.838
12638,2.693,1.833
12639,2.717,1.833
12640,2.742,1.833
12641,2.688,1.838
12642,2.620,1.833
12643,2.595,1.838
12644,2.590,1.838
12645,2.600,1.838
12646,2.595,1.838
12647,2.600,1.838
12648,2.600,1.838
12649,2.610,1.838
12650,3.025,1.838
12651,2.517,1.838
12652,2.331,1.838
12653,2.400,1.843
12654,2.532,1.838
12655,2.625,1.843
12656,2.649,1.843
12657,2.634,1.843
12658,2.615,1.843
12659,2.625,1.843
12660,2.620,1.843
12661,2.610,1.843
12662,2.595,1.843
12663,2.840,1.838
12664,2.639,1.838
12665,2.522,1.843
12666,2.522,1.843
12667,2.576,1.843
12668,2.605,1.848
12669,2.639,1.848
12670,2.639,1.843
12671,2.625,1.848
12672,2.615,1.848
12673,2.610,1.848
12674,2.586,1.848
12675,2.610,1.848
12676,2.595,1.848
12677,3.050,1.848
12678,2.542,1.848
12679,2.361,1.848
12680,2.410,1.848
12681,2.537,1.852
12682,2.634,1.848
12683,2.669,1.852
12684,2.659,1.852
12685,2.639,1.852
12686,2.630,1.852
12687,2.620,1.852
12688,2.590,1.852
12689,2.610,1.852
12690,2.600,1.852
12691,2.610,1.852
12692,2.615,1.852
12693,2.615,1.852
12694,2.615,1.857
12695,2.615,1.857
12696,2.610,1.852
12697,2.610,1.857
12698,2.610,1.857
12699,2.610,1.857
12700,2.605,1.857
12701,2.703,1.857
12702,2.742,1.852
12703,2.742,1.852
12704,2.708,1.857
12705,2.576,1.857
12706,2.556,1.857
12707,2.581,1.857
12708,2.615,1.857
12709,2.634,1.857
12710,2.639,1.862
12711,2.610,1.857
12712,2.620,1.862
12713,2.620,1.862
12714,2.630,1.862
12715,2.620,1.862
12716,2.620,1.862
12717,2.620,1.862
12718,2.610,1.862
12719,2.600,1.862
12720,2.615,1.862
12721,2.610,1.862
12722,2.625,1.862
12723,2.595,1.862
12724,2.727,1.857
12725,2.576,1.862
12726,2.449,1.862
12727,2.400,1.862
12728,2.434,1.862
12729,2.527,1.862
12730,2.967,1.862
12731,2.581,1.862
12732,2.419,1.867
12733,2.444,1.862
12734,2.542,1.867
12735,2.620,1.867
12736,2.698,1.867
12737,2.688,1.867
12738,2.644,1.867
12739,2.590,1.867
12740,2.581,1.867
12741,2.590,1.867
12742,2.615,1.867
12743,2.634,1.872
12744,2.644,1.872
12745,2.615,1.872
12746,2.590,1.872
12747,2.590,1.872
12748,2.610,1.872
12749,2.600,1.872
12750,2.595,1.872
12751,2.600,1.872
12752,2.620,1.872
12753,2.625,1.872
12754,2.615,1.872
12755,2.605,1.872
12756,2.600,1.872
12757,2.962,1.872
12758,2.571,1.872
12759,2.414,1.872
12760,2.449,1.872
12761,2.546,1.877
12762,2.644,1.872
12763,2.649,1.877
12764,2.757,1.872
12765,2.771,1.872
12766,2.747,1.872
12767,2.688,1.872
12768,2.630,1.877
12769,2.610,1.872
12770,2.610,1.877
12771,2.630,1.877
12772,2.634,1.877
12773,2.634,1.877
12774,2.639,1.877
12775,2.654,1.877
12776,2.664,1.877
12777,2.659,1.877
12778,2.644,1.877
12779,2.620,1.877
12780,2.615,1.877
12781,2.620,1.877
12782,2.630,1.877
12783,2.644,1.877
12784,2.996,1.877
12785,2.747,1.867
12786,2.590,1.872
12787,2.527,1.872
12788,2.537,1.877
12789,2.586,1.877
12790,2.634,1.877
12791,2.678,1.877
12792,2.644,1.877
12793,2.639,1.882
12794,2.639,1.882
12795,2.654,1.877
12796,2.639,1.882
12797,2.649,1.882
12798,2.634,1.882
12799,2.610,1.882
12800,2.586,1.882
12801,2.600,1.882
12802,2.595,1.882
12803,2.615,1.882
12804,2.595,1.882
12805,2.595,1.882
12806,2.610,1.882
12807,2.644,1.882
12808,2.664,1.887
12809,2.664,1.882
12810,2.659,1.887
12811,3.035,1.882
12812,2.586,1.882
12813,2.419,1.882
12814,2.458,1.887
12815,2.561,1.882
12816,2.649,1.882
12817,2.688,1.887
12818,2.693,1.882
12819,2.669,1.887
12820,2.654,1.887
12821,2.674,1.882
12822,2.678,1.887
12823,2.678,1.882
12824,2.683,1.882
12825,2.678,1.887
12826,2.674,1.882
12827,2.757,1.882
12828,2.776,1.877
12829,2.791,1.882
12830,2.713,1.882
12831,2.644,1.882
12832,2.600,1.882
12833,2.600,1.882
12834,2.605,1.882
12835,2.610,1.882
12836,2.625,1.882
12837,2.639,1.882
12838,3.040,1.877
12839,2.600,1.882
12840,2.434,1.877
12841,2.468,1.882
12842,2.566,1.882
12843,2.654,1.877
12844,2.693,1.882
12845,2.933,1.877
12846,2.688,1.877
12847,2.625,1.877
12848,2.615,1.877
12849,2.620,1.877
12850,2.630,1.877
12851,2.659,1.882
12852,2.654,1.882
12853,2.659,1.877
12854,2.659,1.882
12855,2.664,1.882
12856,2.654,1.882
12857,2.639,1.882
12858,2.639,1.882
12859,2.639,1.882
12860,2.644,1.882
12861,2.644,1.882
12862,2.630,1.882
12863,2.634,1.882
12864,2.644,1.882
12865,3.035,1.877
12866,2.581,1.882
12867,2.429,1.877
12868,2.473,1.882
12869,2.581,1.882
12870,2.674,1.877
12871,2.693,1.882
12872,2.678,1.882
12873,2.639,1.877
12874,2.615,1.882
12875,2.615,1.877
12876,2.630,1.877
12877,2.610,1.877
12878,2.600,1.877
12879,2.561,1.877
12880,2.561,1.877
12881,2.566,1.877
12882,2.546,1.877
12883,2.522,1.877
12884,2.546,1.872
12885,2.586,1.872
12886,2.600,1.872
12887,2.600,1.872
12888,2.600,1.872
12889,2.576,1.872
12890,2.693,1.867
12891,2.771,1.862
12892,3.177,1.862
12893,2.659,1.862
12894,2.468,1.862
12895,2.498,1.862
12896,2.571,1.862
12897,2.644,1.862
12898,2.674,1.862
12899,2.674,1.862
12900,2.639,1.862
12901,2.639,1.862
12902,2.639,1.857
12903,2.644,1.857
12904,2.620,1.857
12905,2.639,1.857
12906,2.625,1.857
12907,2.889,1.848
12908,2.644,1.848
12909,2.507,1.852
12910,2.478,1.852
12911,2.546,1.852
12912,2.605,1.852
12913,2.659,1.852
12914,2.678,1.852
12915,2.669,1.852
12916,2.659,1.852
12917,2.664,1.852
12918,2.674,1.852
12919,3.079,1.852
12920,2.556,1.852
12921,2.361,1.852
12922,2.390,1.852
12923,2.512,1.852
12924,2.620,1.852
12925,2.674,1.852
12926,2.678,1.852
12927,2.644,1.857
12928,2.625,1.857
12929,2.610,1.857
12930,2.630,1.857
12931,2.654,1.857
12932,2.664,1.857
12933,2.649,1.857
12934,2.630,1.857
12935,2.615,1.857
12936,2.605,1.857
12937,2.610,1.857
12938,2.620,1.857
12939,2.605,1.857
12940,2.610,1.862
12941,2.630,1.862
12942,2.634,1.862
12943,2.654,1.862
12944,2.664,1.862
12945,2.674,1.862
12946,3.094,1.857
12947,2.556,1.862
12948,2.370,1.862
12949,2.424,1.862
12950,2.546,1.862
12951,2.620,1.862
12952,2.693,1.862
12953,2.576,1.862
12954,2.654,1.862
12955,2.678,1.862
12956,2.683,1.867
12957,2.688,1.867
12958,2.678,1.867
12959,2.678,1.867
12960,2.659,1.867
12961,2.639,1.867
12962,2.639,1.872
12963,2.620,1.872
12964,2.625,1.872
12965,2.639,1.872
12966,2.654,1.872
12967,2.889,1.872
12968,2.649,1.867
12969,2.581,1.872
12970,2.590,1.872
12971,2.610,1.872
12972,2.649,1.877
12973,3.089,1.872
12974,2.566,1.877
12975,2.390,1.877
12976,2.444,1.877
12977,2.556,1.877
12978,2.639,1.877
12979,2.669,1.882
12980,2.683,1.882
12981,2.674,1.882
12982,2.678,1.882
12983,2.678,1.882
12984,2.683,1.882
12985,2.659,1.882
12986,2.678,1.882
12987,2.664,1.887
12988,2.659,1.887
12989,2.659,1.887
12990,2.669,1.887
12991,2.644,1.887
12992,2.639,1.887
12993,2.659,1.887
12994,2.674,1.887
12995,2.669,1.887
12996,2.678,1.887
12997,2.674,1.887
12998,2.688,1.891
12999,2.698,1.891
13000,3.133,1.887
13001,2.590,1.887
13002,2.400,1.887
13003,2.463,1.887
13004,2.586,1.887
13005,2.683,1.891
13006,2.703,1.891
13007,2.698,1.891
13008,2.674,1.891
13009,2.664,1.891
13010,2.659,1.891
13011,2.664,1.891
13012,2.634,1.891
13013,2.639,1.896
13014,2.669,1.896
13015,2.766,1.891
13016,2.630,1.891
13017,2.713,1.891
13018,2.737,1.891
13019,2.698,1.891
13020,2.659,1.896
13021,2.644,1.896
13022,2.634,1.896
13023,2.644,1.896
13024,2.659,1.896
13025,2.674,1.896
13026,2.674,1.901
13027,3.118,1.896
13028,2.840,1.891
13029,2.395,1.896
13030,2.439,1.896
13031,2.522,1.896
13032,2.625,1.901
13033,2.674,1.901
13034,2.683,1.901
13035,2.654,1.901
13036,2.630,1.901
13037,2.630,1.901
13038,2.634,1.901
13039,2.644,1.906
13040,2.644,1.906
13041,2.649,1.901
13042,2.639,1.906
13043,2.649,1.906
13044,2.664,1.906
13045,2.659,1.906
13046,2.659,1.906
13047,2.649,1.906
13048,2.654,1.906
13049,2.654,1.906
13050,2.639,1.906
13051,2.644,1.911
13052,2.630,1.906
13053,2.630,1.911
13054,3.099,1.906
13055,2.713,1.906
13056,2.473,1.906
13057,2.419,1.911
13058,2.458,1.906
13059,2.507,1.906
13060,2.576,1.911
13061,2.566,1.911
13062,2.542,1.911
13063,2.468,1.911
13064,2.458,1.911
13065,2.463,1.911
13066,2.493,1.911
13067,2.512,1.911
13068,2.546,1.911
13069,2.590,1.911
13070,2.620,1.911
13071,2.590,1.911
13072,2.571,1.911
13073,2.551,1.911
13074,2.532,1.916
13075,2.561,1.911
13076,2.620,1.916
13077,2.630,1.916
13078,2.639,1.911
13079,2.439,1.911
13080,2.556,1.911
13081,2.957,1.911
13082,2.483,1.911
13083,2.331,1.916
13084,2.370,1.916
13085,2.439,1.916
13086,2.478,1.916
13087,2.493,1.921
13088,2.493,1.916
13089,2.600,1.916
13090,2.532,1.916
13091,2.473,1.916
13092,2.468,1.916
13093,2.468,1.921
13094,2.507,1.921
13095,2.517,1.921
13096,2.512,1.921
13097,2.498,1.921
13098,2.507,1.921
13099,2.493,1.921
13100,2.488,1.921
13101,2.493,1.921
13102,2.493,1.921
13103,2.527,1.921
13104,2.581,1.921
13105,2.546,1.921
13106,2.532,1.921
13107,2.532,1.921
13108,2.962,1.921
13109,2.512,1.921
13110,2.346,1.916
13111,2.385,1.921
13112,2.473,1.921
13113,2.542,1.921
13114,2.556,1.921
13115,2.551,1.921
13116,2.542,1.921
13117,2.532,1.921
13118,2.507,1.921
13119,2.512,1.921
13120,2.546,1.921
13121,2.512,1.916
13122,2.488,1.916
13123,2.507,1.916
13124,2.507,1.916
13125,2.512,1.916
13126,2.512,1.916
13127,2.512,1.916
13128,2.488,1.916
13129,2.502,1.916
13130,2.517,1.916
13131,2.532,1.916
13132,2.566,1.916
13133,2.630,1.916
13134,2.649,1.916
13135,3.025,1.916
13136,2.498,1.916
13137,2.312,1.916
13138,2.351,1.916
13139,2.493,1.916
13140,2.581,1.921
13141,2.698,1.921
13142,2.659,1.921
13143,2.600,1.921
13144,2.542,1.921
13145,2.502,1.921
13146,2.522,1.926
13147,2.571,1.926
13148,2.605,1.926
13149,2.634,1.926
13150,2.634,1.926
13151,2.786,1.921
13152,2.644,1.921
13153,2.556,1.921
13154,2.566,1.926
13155,2.600,1.926
13156,2.600,1.926
13157,2.561,1.926
13158,2.551,1.926
13159,2.507,1.931
13160,2.493,1.926
13161,2.478,1.926
13162,2.869,1.926
13163,2.380,1.926
13164,2.234,1.926
13165,2.297,1.926
13166,2.449,1.926
13167,2.571,1.926
13168,2.605,1.926
13169,2.610,1.926
13170,2.595,1.926
13171,2.581,1.926
13172,2.571,1.926
13173,2.556,1.926
13174,2.551,1.926
13175,2.537,1.921
13176,2.551,1.926
13177,2.551,1.926
13178,2.556,1.921
13179,2.551,1.921
13180,2.566,1.921
13181,2.542,1.916
13182,2.498,1.921
13183,2.498,1.916
13184,2.507,1.916
13185,2.517,1.916
13186,2.532,1.911
13187,2.542,1.911
13188,2.556,1.911
13189,2.967,1.906
13190,2.468,1.906
13191,2.336,1.906
13192,2.449,1.906
13193,2.571,1.906
13194,2.654,1.906
13195,2.649,1.906
13196,2.590,1.901
13197,2.522,1.901
13198,2.512,1.901
13199,2.522,1.901
13200,2.551,1.901
13201,2.546,1.896
13202,2.522,1.896
13203,2.478,1.896
13204,2.581,1.896
13205,2.625,1.891
13206,2.722,1.891
13207,2.688,1.891
13208,2.620,1.891
13209,2.571,1.891
13210,2.556,1.891
13211,2.732,1.891
13212,2.522,1.887
13213,2.537,1.887
13214,2.551,1.891
13215,2.556,1.891
13216,2.502,1.891
13217,2.542,1.891
13218,2.586,1.891
13219,2.595,1.891
13220,2.600,1.891
13221,2.571,1.891
13222,2.561,1.891
13223,2.556,1.891
13224,2.571,1.891
13225,2.581,1.891
13226,2.610,1.891
13227,2.625,1.891
13228,2.634,1.891
13229,2.620,1.891
13230,2.615,1.891
13231,2.595,1.891
13232,2.581,1.891
13233,2.561,1.891
13234,2.542,1.891
13235,2.537,1.891
13236,2.532,1.891
13237,2.537,1.891
13238,2.546,1.891
13239,2.556,1.896
13240,2.571,1.891
13241,2.527,1.896
13242,2.859,1.891
13243,2.473,1.891
13244,2.331,1.891
13245,2.370,1.896
13246,2.502,1.896
13247,2.610,1.896
13248,2.669,1.896
13249,2.698,1.896
13250,2.674,1.896
13251,2.634,1.901
13252,2.576,1.896
13253,2.532,1.901
13254,2.502,1.901
13255,2.507,1.901
13256,2.561,1.901
13257,2.620,1.901
13258,2.659,1.901
13259,2.634,1.901
13260,2.595,1.901
13261,2.566,1.906
13262,2.576,1.906
13263,2.581,1.906
13264,2.561,1.906
13265,2.571,1.906
13266,2.581,1.906
13267,2.639,1.906
13268,2.468,1.906
13269,2.991,1.906
13270,2.659,1.906
13271,2.454,1.906
13272,2.410,1.911
13273,2.678,1.901
13274,2.595,1.906
13275,2.537,1.906
13276,2.537,1.911
13277,2.556,1.911
13278,2.546,1.911
13279,2.512,1.911
13280,2.512,1.916
13281,2.571,1.916
13282,2.615,1.916
13283,2.634,1.916
13284,2.620,1.916
13285,2.571,1.916
13286,2.532,1.916
13287,2.537,1.916
13288,2.522,1.921
13289,2.581,1.921
13290,2.610,1.921
13291,2.634,1.921
13292,2.639,1.921
13293,2.654,1.921
13294,2.625,1.921
13295,2.630,1.921
13296,3.436,1.916
13297,2.414,1.921
13298,2.077,1.921
13299,2.204,1.921
13300,2.468,1.926
13301,2.669,1.921
13302,2.717,1.926
13303,2.698,1.926
13304,2.639,1.926
13305,2.595,1.926
13306,2.561,1.926
13307,2.537,1.926
13308,2.537,1.926
13309,2.556,1.926
13310,2.571,1.926
13311,2.586,1.926
13312,2.600,1.926
13313,2.600,1.926
13314,2.581,1.926
13315,2.590,1.926
13316,2.586,1.926
13317,2.595,1.926
13318,2.605,1.921
13319,2.600,1.926
13320,2.595,1.921
13321,2.600,1.921
13322,2.586,1.921
13323,2.937,1.916
13324,2.561,1.916
13325,2.405,1.916
13326,2.410,1.916
13327,2.493,1.916
13328,2.551,1.916
13329,2.644,1.916
13330,2.610,1.911
13331,2.542,1.911
13332,2.458,1.911
13333,2.512,1.906
13334,2.468,1.906
13335,2.488,1.906
13336,2.498,1.906
13337,2.512,1.906
13338,2.546,1.906
13339,2.556,1.906
13340,2.517,1.906
13341,2.507,1.906
13342,2.527,1.906
13343,2.527,1.906
13344,2.532,1.906
13345,2.546,1.906
13346,2.561,1.901
13347,2.556,1.906
13348,2.566,1.901
13349,2.566,1.901
13350,2.942,1.901
13351,2.532,1.901
13352,2.414,1.901
13353,2.463,1.901
13354,2.542,1.901
13355,2.605,1.901
13356,2.605,1.901
13357,2.615,1.901
13358,2.605,1.901
13359,2.610,1.901
13360,2.600,1.901
13361,2.595,1.901
13362,2.586,1.901
13363,2.576,1.901
13364,2.600,1.901
13365,2.610,1.901
13366,2.615,1.901
13367,2.600,1.901
13368,2.595,1.901
13369,2.595,1.901
13370,2.610,1.901
13371,2.620,1.901
13372,2.634,1.901
13373,2.639,1.906
13374,2.630,1.906
13375,2.610,1.901
13376,2.600,1.906
13377,2.967,1.906
13378,2.551,1.901
13379,2.400,1.906
13380,2.434,1.906
13381,2.542,1.906
13382,2.615,1.906
13383,2.634,1.906
13384,2.620,1.906
13385,2.590,1.911
13386,2.600,1.911
13387,2.581,1.906
13388,2.581,1.911
13389,2.571,1.911
13390,2.605,1.911
13391,2.576,1.911
13392,2.664,1.911
13393,2.664,1.911
13394,3.001,1.906
13395,2.644,1.906
13396,2.537,1.911
13397,2.512,1.911
13398,2.522,1.911
13399,2.571,1.916
13400,2.566,1.916
13401,2.571,1.916
13402,2.546,1.916
13403,2.546,1.921
13404,2.918,1.916
13405,2.463,1.916
13406,2.312,1.921
13407,2.370,1.921
13408,2.483,1.921
13409,2.566,1.926
13410,2.586,1.926
13411,2.576,1.926
13412,2.581,1.926
13413,2.546,1.926
13414,2.542,1.926
13415,2.546,1.926
13416,2.561,1.926
13417,2.561,1.931
13418,2.571,1.931
13419,2.586,1.926
13420,2.600,1.931
13421,2.571,1.931
13422,2.566,1.931
13423,2.581,1.931
13424,2.586,1.931
13425,2.586,1.931
13426,2.571,1.935
13427,2.605,1.931
13428,2.620,1.931
13429,2.649,1.931
13430,2.766,1.926
13431,3.240,1.921
13432,2.717,1.921
13433,2.444,1.921
13434,2.434,1.916
13435,2.517,1.921
13436,2.615,1.921
13437,2.664,1.921
13438,2.664,1.921
13439,2.654,1.921
13440,2.634,1.921
13441,2.615,1.926
13442,2.610,1.926
13443,2.620,1.926
13444,2.620,1.926
13445,2.610,1.926
13446,2.576,1.926
13447,2.537,1.931
13448,2.502,1.926
13449,2.493,1.931
13450,2.454,1.931
13451,2.449,1.926
13452,2.502,1.931
13453,2.546,1.926
13454,2.576,1.926
13455,2.889,1.921
13456,2.669,1.921
13457,2.781,1.921
13458,3.113,1.921
13459,2.532,1.926
13460,2.307,1.926
13461,2.346,1.926
13462,2.498,1.926
13463,2.625,1.926
13464,2.688,1.926
13465,2.698,1.926
13466,2.698,1.926
13467,2.683,1.931
13468,2.688,1.926
13469,2.669,1.926
13470,2.683,1.926
13471,2.683,1.926
13472,2.664,1.926
13473,2.644,1.926
13474,2.654,1.921
13475,2.630,1.926
13476,2.634,1.921
13477,2.639,1.921
13478,2.649,1.921
13479,2.654,1.921
13480,2.654,1.916
13481,2.644,1.921
13482,2.644,1.916
13483,2.649,1.916
13484,2.644,1.916
13485,3.069,1.911
13486,2.581,1.906
13487,2.390,1.906
13488,2.434,1.906
13489,2.566,1.906
13490,2.659,1.906
13491,2.688,1.901
13492,2.693,1.901
13493,2.683,1.901
13494,2.659,1.901
13495,2.644,1.896
13496,2.625,1.896
13497,2.630,1.891
13498,2.605,1.891
13499,2.586,1.891
13500,2.586,1.887
13501,2.595,1.887
13502,2.615,1.887
13503,2.625,1.882
13504,2.610,1.882
13505,2.615,1.882
13506,2.600,1.877
13507,2.595,1.882
13508,2.600,1.877
13509,2.625,1.877
13510,2.576,1.877
13511,2.566,1.872
13512,3.016,1.867
13513,2.546,1.867
13514,2.356,1.867
13515,2.424,1.862
13516,2.527,1.862
13517,2.840,1.852
13518,2.625,1.848
13519,2.688,1.848
13520,2.678,1.848
13521,2.630,1.843
13522,2.590,1.848
13523,2.600,1.843
13524,2.625,1.843
13525,2.610,1.843
13526,2.610,1.843
13527,2.620,1.843
13528,2.620,1.843
13529,2.620,1.843
13530,2.620,1.838
13531,2.630,1.843
13532,2.634,1.838
13533,2.644,1.843
13534,2.649,1.843
13535,2.649,1.838
13536,2.639,1.843
13537,2.625,1.843
13538,2.571,1.843
13539,2.923,1.843
13540,2.385,1.843
13541,2.258,1.843
13542,2.366,1.843
13543,2.527,1.848
13544,2.620,1.848
13545,2.649,1.848
13546,2.630,1.848
13547,2.600,1.843
13548,2.571,1.848
13549,2.571,1.848
13550,2.581,1.843
13551,2.605,1.848
13552,2.615,1.848
13553,2.654,1.843
13554,2.669,1.848
13555,2.708,1.848
13556,2.722,1.848
13557,2.722,1.848
13558,2.708,1.848
13559,2.688,1.848
13560,2.644,1.848
13561,2.639,1.848
13562,2.634,1.852
13563,2.649,1.852
13564,2.639,1.852
13565,2.639,1.852
13566,3.069,1.852
13567,2.542,1.852
13568,2.356,1.852
13569,2.424,1.852
13570,2.551,1.857
13571,2.639,1.857
13572,2.669,1.857
13573,2.659,1.857
13574,2.644,1.857
13575,2.625,1.862
13576,2.630,1.857
13577,2.869,1.857
13578,2.664,1.857
13579,2.615,1.862
13580,2.644,1.857
13581,2.498,1.857
13582,2.664,1.857
13583,2.703,1.862
13584,2.703,1.862
13585,2.708,1.862
13586,2.703,1.867
13587,2.688,1.867
13588,2.654,1.867
13589,2.639,1.872
13590,2.634,1.867
13591,2.625,1.872
13592,2.630,1.872
13593,3.084,1.872
13594,2.566,1.872
13595,2.395,1.877
13596,2.405,1.877
13597,2.576,1.877
13598,2.722,1.877
13599,2.757,1.877
13600,2.717,1.877
13601,2.664,1.882
13602,2.615,1.882
13603,2.590,1.882
13604,2.600,1.882
13605,2.620,1.877
13606,2.586,1.877
13607,2.590,1.877
13608,2.600,1.877
13609,2.600,1.877
13610,2.590,1.877
13611,2.571,1.877
13612,2.561,1.877
13613,2.556,1.877
13614,2.561,1.877
13615,2.561,1.877
13616,2.590,1.877
13617,2.595,1.877
13618,2.581,1.877
13619,2.532,1.877
13620,2.942,1.877
13621,2.444,1.877
13622,2.322,1.877
13623,2.405,1.877
13624,2.571,1.882
13625,2.713,1.882
13626,2.805,1.882
13627,2.854,1.882
13628,2.805,1.882
13629,2.678,1.882
13630,2.551,1.882
13631,2.483,1.882
13632,2.512,1.882
13633,2.571,1.882
13634,2.620,1.882
13635,2.615,1.877
13636,2.581,1.877
13637,2.571,1.877
13638,2.586,1.877
13639,2.864,1.867
13640,2.674,1.872
13641,2.571,1.872
13642,2.561,1.872
13643,2.630,1.872
13644,2.517,1.872
13645,2.625,1.872
13646,2.600,1.872
13647,3.006,1.872
13648,2.444,1.877
13649,2.292,1.877
13650,2.414,1.877
13651,2.639,1.882
13652,2.791,1.882
13653,2.845,1.887
13654,2.796,1.887
13655,2.717,1.887
13656,2.654,1.891
13657,2.639,1.891
13658,2.659,1.891
13659,2.674,1.896
13660,2.708,1.896
13661,2.703,1.896
13662,2.669,1.896
13663,2.639,1.896
13664,2.566,1.896
13665,2.502,1.901
13666,2.458,1.901
13667,2.454,1.901
13668,2.468,1.901
13669,2.537,1.901
13670,2.605,1.901
13671,2.654,1.901
13672,2.688,1.901
13673,2.698,1.901
13674,3.079,1.901
13675,2.507,1.896
13676,2.331,1.901
13677,2.517,1.901
13678,2.835,1.896
13679,2.937,1.896
13680,2.859,1.896
13681,2.742,1.896
13682,2.678,1.896
13683,2.649,1.896
13684,2.649,1.896
13685,2.669,1.896
13686,2.674,1.896
13687,2.674,1.891
13688,2.678,1.896
13689,2.654,1.891
13690,2.649,1.891
13691,2.630,1.891
13692,2.639,1.891
13693,2.625,1.891
13694,2.630,1.891
13695,2.649,1.887
13696,2.669,1.891
13697,2.683,1.887
13698,2.703,1.887
13699,2.903,1.882
13700,2.664,1.882
13701,3.099,1.882
13702,2.551,1.882
13703,2.356,1.882
13704,2.444,1.887
13705,2.586,1.887
13706,2.786,1.882
13707,2.835,1.882
13708,2.854,1.882
13709,2.766,1.882
13710,2.674,1.882
13711,2.639,1.887
13712,2.634,1.882
13713,2.659,1.882
13714,2.639,1.887
13715,2.674,1.887
13716,2.683,1.882
13717,2.678,1.887
13718,2.669,1.882
13719,2.664,1.887
13720,2.639,1.887
13721,2.630,1.882
13722,2.605,1.887
13723,2.620,1.887
13724,2.634,1.882
13725,2.659,1.887
13726,2.664,1.887
13727,2.664,1.882
13728,2.732,1.887
13729,2.610,1.882
13730,2.571,1.887
13731,2.590,1.887
13732,2.620,1.882
13733,2.649,1.887
13734,2.649,1.887
13735,2.659,1.882
13736,2.654,1.887
13737,2.674,1.887
13738,2.693,1.887
13739,2.674,1.887
13740,2.669,1.887
13741,2.678,1.887
13742,2.664,1.887
13743,2.659,1.887
13744,2.678,1.887
13745,2.698,1.887
13746,2.678,1.887
13747,2.664,1.887
13748,2.664,1.887
13749,2.654,1.887
13750,2.654,1.887
13751,2.654,1.887
13752,2.654,1.887
13753,2.649,1.891
13754,3.016,1.887
13755,2.634,1.887
13756,2.473,1.887
13757,2.502,1.891
13758,2.600,1.887
13759,2.669,1.891
13760,2.683,1.891
13761,2.908,1.887
13762,2.674,1.887
13763,2.561,1.887
13764,2.551,1.891
13765,2.605,1.891
13766,2.639,1.891
13767,2.649,1.896
13768,2.639,1.896
13769,2.703,1.891
13770,2.586,1.891
13771,2.713,1.891
13772,2.737,1.896
13773,2.713,1.896
13774,2.669,1.896
13775,2.639,1.896
13776,2.630,1.896
13777,2.595,1.901
13778,2.600,1.896
13779,2.605,1.901
13780,2.625,1.901
13781,3.016,1.901
13782,2.620,1.901
13783,2.473,1.901
13784,2.522,1.901
13785,2.605,1.901
13786,2.664,1.906
13787,2.669,1.906
13788,2.664,1.906
13789,2.664,1.906
13790,2.664,1.906
13791,2.674,1.906
13792,2.659,1.911
13793,2.649,1.906
13794,2.649,1.911
13795,2.664,1.911
13796,2.678,1.911
13797,2.683,1.916
13798,2.693,1.916
13799,2.678,1.911
13800,2.664,1.916
13801,2.659,1.916
13802,2.649,1.916
13803,2.649,1.916
13804,2.659,1.916
13805,2.669,1.916
13806,2.649,1.921
13807,2.654,1.921
13808,3.050,1.916
13809,2.620,1.921
13810,2.454,1.921
13811,2.483,1.921
13812,2.600,1.921
13813,2.683,1.921
13814,2.708,1.921
13815,2.678,1.926
13816,2.664,1.926
13817,2.634,1.926
13818,2.620,1.926
13819,2.615,1.926
13820,2.639,1.926
13821,2.918,1.926
13822,2.722,1.926
13823,2.713,1.926
13824,2.713,1.926
13825,2.678,1.931
13826,2.664,1.926
13827,2.649,1.931
13828,2.659,1.931
13829,2.664,1.931
13830,2.659,1.931
13831,2.649,1.931
13832,2.727,1.931
13833,2.620,1.926
13834,2.737,1.931
13835,3.152,1.931
13836,2.674,1.931
13837,2.493,1.931
13838,2.488,1.935
13839,2.595,1.935
13840,2.669,1.935
13841,2.713,1.935
13842,2.717,1.935
13843,2.688,1.935
13844,2.664,1.940
13845,2.659,1.935
13846,2.659,1.940
13847,2.674,1.940
13848,2.659,1.935
13849,2.659,1.940
13850,2.659,1.940
13851,2.674,1.940
13852,2.683,1.940
13853,2.674,1.940
13854,2.683,1.940
13855,2.678,1.945
13856,2.678,1.940
13857,2.678,1.940
13858,2.688,1.945
13859,2.693,1.940
13860,2.683,1.945
13861,2.674,1.945
13862,3.069,1.945
13863,2.615,1.940
13864,2.414,1.945
13865,2.400,1.945
13866,2.414,1.945
13867,2.458,1.950
13868,2.473,1.950
13869,2.483,1.945
13870,2.473,1.950
13871,2.473,1.950
13872,2.473,1.950
13873,2.517,1.950
13874,2.566,1.945
13875,2.590,1.945
13876,2.600,1.945
13877,2.600,1.940
13878,2.590,1.945
13879,2.590,1.945
13880,2.590,1.940
13881,2.615,1.945
13882,2.605,1.945
13883,2.864,1.935
13884,2.620,1.935
13885,2.532,1.935
13886,2.502,1.940
13887,2.532,1.940
13888,2.586,1.940
13889,2.986,1.940
13890,2.512,1.940
13891,2.356,1.940
13892,2.400,1.945
13893,2.507,1.945
13894,2.595,1.945
13895,2.727,1.945
13896,2.781,1.945
13897,2.761,1.945
13898,2.688,1.945
13899,2.615,1.945
13900,2.595,1.945
13901,2.625,1.945
13902,2.649,1.950
13903,2.639,1.950
13904,2.683,1.950
13905,2.771,1.950
13906,2.825,1.950
13907,2.776,1.955
13908,2.727,1.955
13909,2.683,1.955
13910,2.654,1.955
13911,2.644,1.955
13912,2.664,1.955
13913,2.664,1.960
13914,2.664,1.960
13915,2.654,1.955
13916,3.060,1.955
13917,2.757,1.960
13918,2.532,1.955
13919,2.473,1.960
13920,2.493,1.960
13921,2.551,1.955
13922,2.571,1.960
13923,2.586,1.960
13924,2.561,1.960
13925,2.566,1.960
13926,2.561,1.960
13927,2.581,1.960
13928,2.576,1.965
13929,2.571,1.960
13930,2.561,1.960
13931,2.546,1.965
13932,2.551,1.960
13933,2.556,1.965
13934,2.566,1.965
13935,2.571,1.960
13936,2.566,1.965
13937,2.556,1.965
13938,2.551,1.960
13939,2.556,1.965
13940,2.566,1.960
13941,2.561,1.960
13942,2.561,1.960
13943,2.840,1.955
13944,2.434,1.955
13945,2.317,1.955
13946,2.366,1.955
13947,2.449,1.960
13948,2.542,1.955
13949,2.566,1.955
13950,2.561,1.955
13951,2.546,1.955
13952,2.537,1.955
13953,2.532,1.955
13954,2.527,1.950
13955,2.512,1.950
13956,2.517,1.950
13957,2.522,1.950
13958,2.590,1.950
13959,2.561,1.945
13960,2.527,1.945
13961,2.498,1.945
13962,2.488,1.945
13963,2.507,1.945
13964,2.507,1.945
13965,2.488,1.940
13966,2.454,1.940
13967,2.439,1.940
13968,2.454,1.940
13969,2.483,1.940
13970,2.942,1.935
13971,2.532,1.935
13972,2.380,1.935
13973,2.429,1.940
13974,2.527,1.935
13975,2.615,1.935
13976,2.620,1.935
13977,2.595,1.935
13978,2.561,1.935
13979,2.546,1.935
13980,2.532,1.935
13981,2.532,1.935
13982,2.537,1.935
13983,2.542,1.935
13984,2.527,1.935
13985,2.532,1.935
13986,2.532,1.935
13987,2.542,1.935
13988,2.527,1.935
13989,2.527,1.935
13990,2.517,1.935
13991,2.542,1.935
13992,2.542,1.935
13993,2.551,1.935
13994,2.537,1.935
13995,2.542,1.935
13996,2.537,1.935
13997,2.952,1.935
13998,2.488,1.931
13999,2.312,1.935
14000,2.346,1.935
14001,2.483,1.935
14002,2.561,1.935
14003,2.600,1.935
14004,2.556,1.935
14005,2.703,1.931
14006,2.586,1.931
14007,2.502,1.935
14008,2.493,1.935
14009,2.522,1.935
14010,2.551,1.940
14011,2.576,1.935
14012,2.566,1.940
14013,2.556,1.940
14014,2.551,1.940
14015,2.551,1.940
14016,2.551,1.940
14017,2.586,1.940
14018,2.571,1.945
14019,2.571,1.940
14020,2.551,1.945
14021,2.654,1.945
14022,2.644,1.940
14023,2.693,1.940
14024,3.040,1.940
14025,2.522,1.945
14026,2.322,1.945
14027,2.366,1.945
14028,2.498,1.945
14029,2.586,1.950
14030,2.610,1.950
14031,2.581,1.950
14032,2.551,1.950
14033,2.532,1.950
14034,2.488,1.955
14035,2.419,1.955
14036,2.380,1.955
14037,2.395,1.955
14038,2.468,1.955
14039,2.522,1.950
14040,2.571,1.950
14041,2.576,1.950
14042,2.571,1.950
14043,2.546,1.950
14044,2.542,1.945
14045,2.542,1.950
14046,2.556,1.950
14047,2.576,1.950
14048,2.576,1.950
14049,2.581,1.950
14050,2.561,1.950
14051,2.957,1.950
14052,2.468,1.950
14053,2.317,1.950
14054,2.356,1.955
14055,2.478,1.955
14056,2.556,1.955
14057,2.571,1.955
14058,2.551,1.955
14059,2.537,1.955
14060,2.542,1.960
14061,2.566,1.960
14062,2.576,1.960
14063,2.571,1.960
14064,2.576,1.960
14065,2.757,1.960
14066,2.517,1.955
14067,2.502,1.960
14068,2.532,1.960
14069,2.542,1.960
14070,2.537,1.965
14071,2.532,1.965
14072,2.522,1.965
14073,2.507,1.965
14074,2.546,1.965
14075,2.576,1.965
14076,2.561,1.970
14077,2.556,1.965
14078,2.942,1.965
14079,2.449,1.970
14080,2.312,1.970
14081,2.375,1.970
14082,2.507,1.970
14083,2.649,1.970
14084,2.507,1.970
14085,2.630,1.970
14086,2.615,1.970
14087,2.571,1.975
14088,2.537,1.970
14089,2.512,1.975
14090,2.527,1.975
14091,2.556,1.975
14092,2.556,1.975
14093,2.566,1.975
14094,2.556,1.975
14095,2.561,1.975
14096,2.556,1.975
14097,2.561,1.975
14098,2.551,1.975
14099,2.561,1.975
14100,2.542,1.975
14101,2.542,1.975
14102,2.542,1.975
14103,2.566,1.975
14104,2.571,1.975
14105,2.986,1.975
14106,2.498,1.975
14107,2.317,1.975
14108,2.361,1.975
14109,2.483,1.975
14110,2.571,1.975
14111,2.605,1.975
14112,2.600,1.975
14113,2.586,1.975
14114,2.576,1.970
14115,2.581,1.975
14116,2.561,1.975
14117,2.566,1.970
14118,2.571,1.975
14119,2.571,1.975
14120,2.566,1.970
14121,2.551,1.975
14122,2.542,1.975
14123,2.498,1.975
14124,2.498,1.975
14125,2.507,1.970
14126,2.507,1.975
14127,2.717,1.965
14128,2.571,1.970
14129,2.502,1.970
14130,2.498,1.970
14131,2.517,1.970
14132,2.981,1.970
14133,2.488,1.970
14134,2.317,1.970
14135,2.356,1.975
14136,2.493,1.975
14137,2.561,1.975
14138,2.590,1.975
14139,2.590,1.975
14140,2.595,1.975
14141,2.590,1.975
14142,2.605,1.975
14143,2.600,1.975
14144,2.605,1.975
14145,2.590,1.975
14146,2.620,1.975
14147,2.473,1.970
14148,2.639,1.975
14149,2.693,1.975
14150,2.639,1.975
14151,2.590,1.975
14152,2.542,1.975
14153,2.546,1.979
14154,2.537,1.979
14155,2.551,1.975
14156,2.556,1.979
14157,2.566,1.979
14158,2.561,1.979
14159,2.972,1.975
14160,2.468,1.979
14161,2.317,1.975
14162,2.361,1.979
14163,2.502,1.979
14164,2.600,1.979
14165,2.639,1.979
14166,2.634,1.979
14167,2.590,1.979
14168,2.566,1.984
14169,2.566,1.984
14170,2.561,1.979
14171,2.566,1.984
14172,2.571,1.984
14173,2.581,1.984
14174,2.576,1.984
14175,2.581,1.984
14176,2.571,1.984
14177,2.556,1.984
14178,2.576,1.984
14179,2.576,1.984
14180,2.566,1.984
14181,2.561,1.984
14182,2.571,1.989
14183,2.581,1.989
14184,2.590,1.984
14185,2.581,1.989
14186,2.972,1.984
14187,2.522,1.984
14188,2.336,1.984
14189,2.385,1.984
14190,2.493,1.989
14191,2.586,1.989
14192,2.625,1.989
14193,2.620,1.989
14194,2.576,1.989
14195,2.566,1.989
14196,2.586,1.994
14197,2.576,1.989
14198,2.581,1.989
14199,2.581,1.994
14200,2.566,1.989
14201,2.551,1.994
14202,2.566,1.994
14203,2.571,1.994
14204,2.561,1.994
14205,2.556,1.994
14206,2.576,1.994
14207,2.581,1.994
14208,2.590,1.994
14209,2.630,1.994
14210,2.478,1.989
14211,2.639,1.994
14212,2.678,1.994
14213,3.060,1.994
14214,2.498,1.994
14215,2.302,1.999
14216,2.351,1.994
14217,2.488,1.999
14218,2.600,1.999
14219,2.630,1.999
14220,2.605,1.999
14221,2.581,1.999
14222,2.576,1.999
14223,2.566,1.999
14224,2.561,1.999
14225,2.566,1.999
14226,2.576,2.004
14227,2.561,2.004
14228,2.571,1.999
14229,2.571,2.004
14230,2.566,2.004
14231,2.561,2.004
14232,2.571,2.004
14233,2.571,2.004
14234,2.586,2.004
14235,2.576,2.004
14236,2.581,2.004
14237,2.590,2.004
14238,2.590,2.004
14239,2.581,2.004
14240,2.571,2.009
14241,2.566,2.004
14242,2.556,2.004
14243,2.566,2.009
14244,2.586,2.004
14245,2.600,2.009
14246,2.595,2.009
14247,2.586,2.004
14248,2.566,2.009
14249,2.771,1.999
14250,2.595,2.004
14251,2.498,2.004
14252,2.488,2.004
14253,2.537,2.009
14254,2.576,2.009
14255,2.595,2.009
14256,2.595,2.009
14257,2.586,2.009
14258,2.600,2.009
14259,2.595,2.014
14260,2.590,2.009
14261,2.590,2.009
14262,2.566,2.014
14263,2.581,2.009
14264,2.590,2.014
14265,2.590,2.014
14266,2.928,2.009
14267,2.532,2.009
14268,2.400,2.014
14269,2.444,2.014
14270,2.527,2.014
14271,2.590,2.014
14272,2.678,2.014
14273,2.532,2.009
14274,2.664,2.009
14275,2.674,2.014
14276,2.644,2.014
14277,2.615,2.014
14278,2.610,2.019
14279,2.615,2.014
14280,2.615,2.014
14281,2.595,2.019
14282,2.595,2.019
14283,2.595,2.019
14284,2.610,2.019
14285,2.595,2.019
14286,2.605,2.019
14287,2.586,2.019
14288,2.595,2.019
14289,2.595,2.019
14290,2.610,2.019
14291,2.600,2.019
14292,2.595,2.019
14293,2.952,2.019
14294,2.551,2.019
14295,2.410,2.019
14296,2.434,2.019
14297,2.522,2.019
14298,2.600,2.023
14299,2.625,2.023
14300,2.625,2.019
14301,2.605,2.023
14302,2.590,2.023
14303,2.595,2.019
14304,2.600,2.023
14305,2.605,2.023
14306,2.605,2.023
14307,2.595,2.023
14308,2.595,2.023
14309,2.805,2.019
14310,2.605,2.019
14311,2.586,2.023
14312,2.571,2.023
14313,2.581,2.023
14314,2.581,2.023
14315,2.576,2.023
14316,2.595,2.023
14317,2.586,2.028
14318,2.595,2.023
14319,2.600,2.023
14320,2.967,2.023
14321,2.561,2.023
14322,2.419,2.023
14323,2.449,2.028
14324,2.551,2.028
14325,2.625,2.023
14326,2.644,2.028
14327,2.630,2.028
14328,2.625,2.028
14329,2.605,2.028
14330,2.605,2.028
14331,2.605,2.028
14332,2.600,2.028
14333,2.600,2.028
14334,2.615,2.028
14335,2.674,2.028
14336,2.517,2.028
14337,2.659,2.028
14338,2.688,2.028
14339,2.649,2.028
14340,2.610,2.028
14341,2.590,2.033
14342,2.586,2.033
14343,2.590,2.028
14344,2.595,2.033
14345,2.615,2.033
14346,2.615,2.028
14347,2.977,2.028
14348,2.556,2.033
14349,2.405,2.033
14350,2.449,2.033
14351,2.542,2.033
14352,2.620,2.033
14353,2.644,2.033
14354,2.639,2.033
14355,2.615,2.033
14356,2.590,2.033
14357,2.590,2.033
14358,2.595,2.033
14359,2.595,2.038
14360,2.600,2.038
14361,2.605,2.033
14362,2.595,2.038
14363,2.595,2.038
14364,2.605,2.038
14365,2.610,2.038
14366,2.610,2.038
14367,2.620,2.038
14368,2.610,2.038
14369,2.610,2.038
14370,2.581,2.038
14371,2.810,2.028
14372,2.630,2.033
14373,2.537,2.033
14374,2.918,2.033
14375,2.512,2.033
14376,2.380,2.038
14377,2.429,2.038
14378,2.551,2.038
14379,2.630,2.038
14380,2.659,2.038
14381,2.639,2.038
14382,2.630,2.043
14383,2.595,2.038
14384,2.595,2.043
14385,2.605,2.043
14386,2.620,2.038
14387,2.630,2.043
14388,2.644,2.043
14389,2.620,2.038
14390,2.620,2.043
14391,2.615,2.043
14392,2.630,2.043
14393,2.605,2.043
14394,2.620,2.043
14395,2.620,2.043
14396,2.625,2.043
14397,2.630,2.043
14398,2.683,2.043
14399,2.537,2.038
14400,2.674,2.043
14401,3.079,2.038
14402,2.586,2.038
14403,2.390,2.043
14404,2.405,2.043
14405,2.532,2.043
14406,2.600,2.043
14407,2.644,2.043
14408,2.634,2.043
14409,2.625,2.048
14410,2.605,2.048
14411,2.610,2.043
14412,2.610,2.048
14413,2.625,2.048
14414,2.625,2.048
14415,2.625,2.048
14416,2.605,2.048
14417,2.615,2.048
14418,2.610,2.048
14419,2.615,2.048
14420,2.610,2.048
14421,2.610,2.048
14422,2.610,2.048
14423,2.615,2.048
14424,2.610,2.048
14425,2.610,2.048
14426,2.610,2.048
14427,2.615,2.048
14428,3.025,2.048
14429,2.556,2.048
14430,2.366,2.048
14431,2.590,2.043
14432,2.571,2.048
14433,2.605,2.048
14434,2.625,2.048
14435,2.634,2.048
14436,2.620,2.048
14437,2.634,2.053
14438,2.639,2.048
14439,2.625,2.053
14440,2.630,2.053
14441,2.634,2.048
14442,2.634,2.053
14443,2.634,2.053
14444,2.639,2.053
14445,2.639,2.053
14446,2.625,2.053
14447,2.610,2.053
14448,2.615,2.053
14449,2.615,2.053
14450,2.634,2.053
14451,2.625,2.053
14452,2.625,2.053
14453,2.625,2.053
14454,2.634,2.053
14455,3.040,2.053
14456,2.576,2.053
14457,2.395,2.053
14458,2.449,2.053
14459,2.551,2.053
14460,2.630,2.058
14461,2.771,2.053
14462,2.757,2.053
14463,2.757,2.053
14464,2.669,2.058
14465,2.620,2.053
14466,2.581,2.053
14467,2.581,2.058
14468,2.590,2.058
14469,2.615,2.053
14470,2.605,2.058
14471,2.600,2.058
14472,2.610,2.058
14473,2.605,2.058
14474,2.615,2.058
14475,2.625,2.058
14476,2.625,2.058
14477,2.630,2.058
14478,2.620,2.058
14479,2.615,2.058
14480,2.620,2.058
14481,2.630,2.058
14482,3.040,2.058
14483,2.542,2.058
14484,2.366,2.058
14485,2.414,2.058
14486,2.542,2.058
14487,2.644,2.058
14488,2.678,2.063
14489,2.678,2.058
14490,2.644,2.063
14491,2.630,2.063
14492,2.957,2.058
14493,2.620,2.058
14494,2.561,2.058
14495,2.566,2.058
14496,2.590,2.058
14497,2.610,2.058
14498,2.639,2.063
14499,2.634,2.063
14500,2.639,2.063
14501,2.639,2.063
14502,2.634,2.063
14503,2.620,2.063
14504,2.625,2.063
14505,2.630,2.063
14506,2.620,2.063
14507,2.620,2.063
14508,2.625,2.063
14509,3.050,2.058
14510,2.556,2.063
14511,2.370,2.063
14512,2.414,2.063
14513,2.517,2.063
14514,2.625,2.063
14515,2.674,2.063
14516,2.659,2.063
14517,2.634,2.063
14518,2.630,2.063
14519,2.620,2.063
14520,2.620,2.063
14521,2.610,2.063
14522,2.630,2.063
14523,2.634,2.063
14524,2.722,2.063
14525,2.747,2.058
14526,2.752,2.063
14527,2.703,2.058
14528,2.620,2.063
14529,2.600,2.063
14530,2.615,2.063
14531,2.630,2.063
14532,2.625,2.063
14533,2.649,2.063
14534,2.634,2.067
14535,2.639,2.063
14536,3.074,2.063
14537,2.556,2.063
14538,2.370,2.063
14539,2.429,2.063
14540,2.542,2.067
14541,2.649,2.067
14542,2.698,2.063
14543,2.698,2.067
14544,2.683,2.067
14545,2.659,2.063
14546,2.639,2.067
14547,2.634,2.067
14548,2.634,2.067
14549,2.649,2.067
14550,2.654,2.067
14551,2.664,2.067
14552,2.654,2.067
14553,2.766,2.063
14554,2.674,2.063
14555,2.610,2.063
14556,2.590,2.067
14557,2.620,2.063
14558,2.639,2.067
14559,2.649,2.067
14560,2.649,2.067
14561,2.649,2.067
14562,2.630,2.067
14563,3.089,2.067
14564,2.571,2.063
14565,2.385,2.067
14566,2.439,2.067
14567,2.586,2.067
14568,2.669,2.067
14569,2.717,2.067
14570,2.693,2.067
14571,2.659,2.067
14572,2.644,2.067
14573,2.649,2.067
14574,2.639,2.072
14575,2.654,2.067
14576,2.644,2.072
14577,2.644,2.067
14578,2.654,2.067
14579,2.644,2.072
14580,2.649,2.067
14581,2.659,2.067
14582,2.649,2.072
14583,2.639,2.072
14584,2.649,2.067
14585,2.644,2.072
14586,2.630,2.072
14587,2.742,2.067
14588,2.761,2.063
14589,2.781,2.067
14590,3.162,2.067
14591,2.576,2.067
14592,2.361,2.067
14593,2.410,2.072
14594,2.556,2.067
14595,2.659,2.072
14596,2.708,2.072
14597,2.688,2.067
14598,2.678,2.072
14599,2.654,2.072
14600,2.654,2.072
14601,2.634,2.072
14602,2.649,2.072
14603,2.644,2.072
14604,2.649,2.072
14605,2.639,2.072
14606,2.649,2.072
14607,2.644,2.072
14608,2.659,2.072
14609,2.644,2.072
14610,2.644,2.072
14611,2.649,2.072
14612,2.654,2.072
14613,2.669,2.072
14614,3.035,2.067
14615,2.688,2.067
14616,2.605,2.067
14617,3.040,2.067
14618,2.542,2.072
14619,2.375,2.072
14620,2.444,2.072
14621,2.576,2.072
14622,2.674,2.072
14623,2.703,2.072
14624,2.693,2.077
14625,2.659,2.072
14626,2.644,2.077
14627,2.644,2.077
14628,2.654,2.077
14629,2.644,2.077
14630,2.659,2.077
14631,2.654,2.077
14632,2.664,2.077
14633,2.659,2.077
14634,2.669,2.077
14635,2.669,2.077
14636,2.659,2.077
14637,2.649,2.077
14638,2.664,2.077
14639,2.654,2.077
14640,2.664,2.077
14641,2.654,2.077
14642,2.664,2.077
14643,2.649,2.077
14644,3.143,2.077
14645,2.566,2.077
14646,2.366,2.077
14647,2.429,2.082
14648,2.566,2.077
14649,2.722,2.077
14650,2.634,2.072
14651,2.737,2.077
14652,2.747,2.077
14653,2.708,2.077
14654,2.683,2.082
14655,2.649,2.082
14656,2.654,2.082
14657,2.654,2.082
14658,2.664,2.082
14659,2.669,2.082
14660,2.664,2.082
14661,2.674,2.082
14662,2.674,2.082
14663,2.654,2.082
14664,2.649,2.082
14665,2.659,2.082
14666,2.664,2.082
14667,2.659,2.082
14668,2.644,2.087
14669,2.659,2.082
14670,2.664,2.082
14671,3.128,2.082
14672,2.576,2.082
14673,2.385,2.082
14674,2.732,2.077
14675,2.625,2.077
14676,2.664,2.082
14677,2.693,2.082
14678,2.678,2.082
14679,2.659,2.087
14680,2.659,2.082
14681,2.659,2.087
14682,2.644,2.087
14683,2.639,2.082
14684,2.649,2.087
14685,2.649,2.087
14686,2.649,2.087
14687,2.649,2.087
14688,2.654,2.087
14689,2.659,2.087
14690,2.664,2.087
14691,2.664,2.087
14692,2.659,2.087
14693,2.664,2.087
14694,2.654,2.087
14695,2.664,2.087
14696,2.669,2.087
14697,2.674,2.087
14698,3.133,2.082
14699,2.566,2.087
14700,2.370,2.087
14701,2.429,2.087
14702,2.561,2.087
14703,2.649,2.087
14704,2.698,2.087
14705,2.688,2.092
14706,2.644,2.087
14707,2.590,2.087
14708,2.590,2.092
14709,2.590,2.087
14710,2.571,2.092
14711,2.546,2.092
14712,2.561,2.087
14713,2.366,2.087
14714,2.405,2.087
14715,2.400,2.092
14716,2.429,2.087
14717,2.468,2.092
14718,2.512,2.092
14719,2.561,2.092
14720,2.595,2.092
14721,2.610,2.092
14722,2.630,2.092
14723,2.625,2.092
14724,2.644,2.092
14725,3.079,2.087
14726,2.566,2.092
14727,2.429,2.092
14728,2.522,2.087
14729,2.683,2.092
14730,2.796,2.092
14731,2.820,2.087
14732,2.786,2.092
14733,2.737,2.092
14734,2.737,2.092
14735,2.698,2.092
14736,2.967,2.082
14737,2.727,2.087
14738,2.620,2.087
14739,2.639,2.087
14740,2.698,2.092
14741,2.727,2.087
14742,2.737,2.092
14743,2.727,2.092
14744,2.693,2.092
14745,2.659,2.092
14746,2.674,2.092
14747,2.698,2.092
14748,2.717,2.092
14749,2.722,2.092
14750,2.713,2.092
14751,2.703,2.092
14752,2.776,2.092
14753,2.620,2.092
14754,2.620,2.092
14755,2.659,2.092
14756,2.717,2.092
14757,2.722,2.092
14758,2.727,2.092
14759,2.703,2.097
14760,2.683,2.092
14761,2.688,2.092
14762,2.688,2.097
14763,2.688,2.097
14764,2.683,2.092
14765,2.669,2.097
14766,2.683,2.097
14767,2.708,2.097
14768,2.717,2.097
14769,2.717,2.097
14770,2.727,2.097
14771,2.708,2.097
14772,2.698,2.097
14773,2.683,2.097
14774,2.678,2.097
14775,2.664,2.097
14776,2.786,2.097
14777,2.825,2.092
14778,3.192,2.092
14779,2.864,2.092
14780,2.581,2.092
14781,2.458,2.097
14782,2.463,2.097
14783,2.522,2.097
14784,2.576,2.097
14785,2.610,2.097
14786,2.595,2.097
14787,2.586,2.097
14788,2.576,2.097
14789,2.590,2.097
14790,2.581,2.097
14791,2.605,2.097
14792,2.581,2.097
14793,2.581,2.102
14794,2.586,2.097
14795,2.590,2.102
14796,2.561,2.097
14797,2.644,2.097
14798,2.595,2.097
14799,2.561,2.097
14800,2.561,2.097
14801,2.571,2.097
14802,2.581,2.102
14803,2.581,2.097
14804,2.586,2.102
14805,2.933,2.097
14806,2.551,2.097
14807,2.395,2.097
14808,2.385,2.102
14809,2.463,2.102
14810,2.527,2.097
14811,2.571,2.102
14812,2.576,2.097
14813,2.571,2.102
14814,2.561,2.102
14815,2.546,2.097
14816,2.546,2.102
14817,2.556,2.102
14818,2.546,2.097
14819,2.537,2.097
14820,2.546,2.097
14821,2.556,2.097
14822,2.542,2.097
14823,2.542,2.097
14824,2.561,2.097
14825,2.522,2.097
14826,2.517,2.092
14827,2.537,2.097
14828,2.532,2.097
14829,2.546,2.092
14830,2.546,2.097
14831,2.537,2.092
14832,2.884,2.092
14833,2.488,2.092
14834,2.356,2.092
14835,2.395,2.092
14836,2.493,2.092
14837,2.546,2.092
14838,2.639,2.087
14839,2.610,2.087
14840,2.566,2.092
14841,2.522,2.087
14842,2.507,2.087
14843,2.493,2.092
14844,2.449,2.087
14845,2.410,2.087
14846,2.351,2.092
14847,2.326,2.087
14848,2.341,2.087
14849,2.380,2.087
14850,2.439,2.087
14851,2.473,2.087
14852,2.493,2.087
14853,2.507,2.087
14854,2.517,2.087
14855,2.522,2.087
14856,2.537,2.087
14857,2.532,2.087
14858,2.522,2.087
14859,3.089,2.077
14860,2.502,2.082
14861,2.253,2.082
14862,2.297,2.087
14863,2.434,2.087
14864,2.542,2.087
14865,2.576,2.087
14866,2.581,2.087
14867,2.556,2.087
14868,2.551,2.087
14869,2.551,2.087
14870,2.581,2.087
14871,2.590,2.092
14872,2.595,2.087
14873,2.576,2.087
14874,2.576,2.092
14875,2.581,2.087
14876,2.590,2.092
14877,2.581,2.092
14878,2.576,2.087
14879,2.551,2.092
14880,2.546,2.092
14881,2.527,2.087
14882,2.532,2.092
14883,2.517,2.092
14884,2.527,2.087
14885,2.527,2.092
14886,2.913,2.087
14887,2.488,2.087
14888,2.336,2.092
14889,2.356,2.092
14890,2.439,2.092
14891,2.507,2.092
14892,2.537,2.092
14893,2.537,2.092
14894,2.542,2.092
14895,2.537,2.092
14896,2.542,2.092
14897,2.542,2.092
14898,2.561,2.092
14899,2.556,2.092
14900,2.566,2.092
14901,2.615,2.092
14902,2.478,2.087
14903,2.639,2.087
14904,2.639,2.092
14905,2.605,2.092
14906,2.551,2.092
14907,2.517,2.092
14908,2.512,2.092
14909,2.512,2.092
14910,2.512,2.092
14911,2.527,2.092
14912,2.527,2.092
14913,2.962,2.092
14914,2.502,2.092
14915,2.351,2.092
14916,2.385,2.092
14917,2.478,2.092
14918,2.537,2.092
14919,2.649,2.087
14920,2.586,2.092
14921,2.546,2.092
14922,2.537,2.092
14923,2.546,2.092
14924,2.571,2.092
14925,2.590,2.092
14926,2.576,2.097
14927,2.566,2.092
14928,2.566,2.092
14929,2.561,2.097
14930,2.571,2.092
14931,2.561,2.097
14932,2.566,2.097
14933,2.561,2.092
14934,2.546,2.097
14935,2.527,2.097
14936,2.542,2.097
14937,2.546,2.097
14938,2.556,2.097
14939,2.556,2.097
14940,2.947,2.092
14941,2.502,2.097
14942,2.351,2.097
14943,2.410,2.097
14944,2.512,2.097
14945,2.576,2.097
14946,2.610,2.097
14947,2.590,2.097
14948,2.576,2.097
14949,2.537,2.097
14950,2.542,2.102
14951,2.546,2.097
14952,2.561,2.102
14953,2.561,2.097
14954,2.581,2.097
14955,2.561,2.102
14956,2.561,2.102
14957,2.551,2.102
14958,2.542,2.102
14959,2.537,2.102
14960,2.556,2.102
14961,2.556,2.102
14962,2.566,2.102
14963,2.566,2.102
14964,2.605,2.102
14965,2.449,2.097
14966,2.620,2.097
14967,3.050,2.097
14968,2.537,2.097
14969,2.341,2.102
14970,2.366,2.102
14971,2.473,2.102
14972,2.537,2.102
14973,2.571,2.102
14974,2.527,2.102
14975,2.502,2.102
14976,2.502,2.102
14977,2.512,2.102
14978,2.546,2.102
14979,2.581,2.102
14980,2.879,2.097
14981,2.566,2.097
14982,2.527,2.102
14983,2.537,2.102
14984,2.546,2.102
14985,2.556,2.102
14986,2.571,2.102
14987,2.556,2.107
14988,2.571,2.107
14989,2.581,2.102
14990,2.586,2.107
14991,2.566,2.107
14992,2.576,2.107
14993,2.595,2.107
14994,3.006,2.107
14995,2.522,2.102
14996,2.336,2.107
14997,2.380,2.107
14998,2.507,2.107
14999,2.590,2.107
15000,2.625,2.107
15001,2.625,2.107
15002,2.590,2.107
15003,2.571,2.107
15004,2.561,2.107
15005,2.566,2.111
15006,2.561,2.107
15007,2.571,2.107
15008,2.576,2.111
15009,2.586,2.107
15010,2.581,2.111
15011,2.576,2.111
15012,2.566,2.107
15013,2.571,2.111
15014,2.581,2.111
15015,2.581,2.107
15016,2.581,2.111
15017,2.586,2.111
15018,2.571,2.111
15019,2.561,2.111
15020,2.566,2.111
15021,3.167,2.102
15022,2.292,2.102
15023,2.048,2.107
15024,2.204,2.107
15025,2.444,2.111
15026,2.717,2.111
15027,2.722,2.111
15028,2.659,2.111
15029,2.586,2.111
15030,2.551,2.111
15031,2.556,2.111
15032,2.586,2.111
15033,2.576,2.111
15034,2.576,2.111
15035,2.581,2.116
15036,2.590,2.111
15037,2.586,2.116
15038,2.581,2.116
15039,2.556,2.111
15040,2.683,2.107
15041,2.590,2.111
15042,2.532,2.111
15043,2.542,2.111
15044,2.556,2.111
15045,2.581,2.116
15046,2.590,2.111
15047,2.571,2.116
15048,2.996,2.111
15049,2.507,2.111
15050,2.331,2.111
15051,2.370,2.116
15052,2.488,2.111
15053,2.600,2.111
15054,2.649,2.116
15055,2.625,2.111
15056,2.590,2.111
15057,2.581,2.111
15058,2.581,2.111
15059,2.576,2.111
15060,2.586,2.111
15061,2.586,2.107
15062,2.586,2.111
15063,2.590,2.107
15064,2.571,2.107
15065,2.566,2.107
15066,2.576,2.107
15067,2.581,2.102
15068,2.566,2.102
15069,2.566,2.102
15070,2.571,2.102
15071,2.581,2.102
15072,2.566,2.097
15073,2.571,2.097
15074,2.576,2.097
15075,2.981,2.092
15076,2.493,2.087
15077,2.336,2.087
15078,2.400,2.087
15079,2.527,2.082
15080,2.620,2.082
15081,2.630,2.082
15082,2.634,2.077
15083,2.600,2.077
15084,2.595,2.077
15085,2.581,2.072
15086,2.581,2.072
15087,2.571,2.067
15088,2.576,2.067
15089,2.683,2.067
15090,2.678,2.063
15091,2.727,2.058
15092,2.683,2.058
15093,2.600,2.058
15094,2.561,2.058
15095,2.542,2.058
15096,2.556,2.058
15097,2.586,2.053
15098,2.595,2.053
15099,2.600,2.053
15100,2.600,2.053
15101,2.898,2.043
15102,3.016,2.043
15103,2.458,2.043
15104,2.283,2.048
15105,2.366,2.048
15106,2.517,2.048
15107,2.615,2.053
15108,2.654,2.048
15109,2.634,2.053
15110,2.605,2.053
15111,2.595,2.048
15112,2.581,2.053
15113,2.581,2.053
15114,2.566,2.053
15115,2.586,2.053
15116,2.586,2.053
15117,2.615,2.053
15118,2.590,2.053
15119,2.590,2.053
15120,2.605,2.053
15121,2.595,2.058
15122,2.615,2.053
15123,2.595,2.053
15124,2.586,2.053
15125,2.586,2.053
15126,2.595,2.053
15127,2.586,2.053
15128,2.586,2.053
15129,3.016,2.048
15130,2.507,2.053
15131,2.331,2.053
15132,2.400,2.053
15133,2.512,2.058
15134,2.610,2.053
15135,2.644,2.053
15136,2.630,2.058
15137,2.610,2.058
15138,2.586,2.058
15139,2.595,2.058
15140,2.610,2.058
15141,2.590,2.058
15142,2.605,2.058
15143,2.605,2.058
15144,2.605,2.058
15145,2.600,2.058
15146,2.615,2.053
15147,2.605,2.058
15148,2.605,2.053
15149,2.576,2.053
15150,2.581,2.053
15151,2.590,2.053
15152,2.708,2.048
15153,2.708,2.043
15154,2.742,2.048
15155,2.674,2.043
15156,3.030,2.043
15157,2.498,2.043
15158,2.322,2.043
15159,2.380,2.038
15160,2.512,2.038
15161,2.845,2.033
15162,2.654,2.033
15163,2.639,2.028
15164,2.605,2.028
15165,2.586,2.028
15166,2.586,2.028
15167,2.610,2.028
15168,2.610,2.023
15169,2.620,2.023
15170,2.610,2.023
15171,2.595,2.019
15172,2.590,2.014
15173,2.600,2.019
15174,2.605,2.014
15175,2.605,2.009
15176,2.586,2.014
15177,2.586,2.009
15178,2.600,2.009
15179,2.595,2.009
15180,2.600,2.004
15181,2.600,2.004
15182,2.590,2.004
15183,3.050,1.999
15184,2.537,1.994
15185,2.341,1.999
15186,2.405,1.994
15187,2.542,1.994
15188,2.634,1.994
15189,2.664,1.994
15190,2.664,1.989
15191,2.620,1.994
15192,2.620,1.989
15193,2.615,1.989
15194,2.610,1.989
15195,2.605,1.984
15196,2.605,1.984
15197,2.610,1.984
15198,2.610,1.984
15199,2.610,1.984
15200,2.615,1.979
15201,2.610,1.979
15202,2.610,1.975
15203,2.600,1.975
15204,2.600,1.970
15205,2.610,1.970
15206,2.625,1.965
15207,2.620,1.965
15208,2.620,1.960
15209,2.625,1.960
15210,3.069,1.950
15211,2.546,1.950
15212,2.361,1.950
15213,2.410,1.945
15214,2.595,1.940
15215,2.551,1.935
15216,2.717,1.935
15217,2.742,1.931
15218,2.674,1.926
15219,2.625,1.926
15220,2.586,1.921
15221,2.590,1.921
15222,2.566,1.916
15223,2.805,1.906
15224,2.639,1.901
15225,2.537,1.901
15226,2.537,1.901
15227,2.571,1.896
15228,2.600,1.891
15229,2.620,1.891
15230,2.630,1.887
15231,2.634,1.882
15232,2.634,1.882
15233,2.620,1.872
15234,2.605,1.872
15235,2.620,1.867
15236,2.630,1.857
15237,3.045,1.852
15238,2.502,1.852
15239,2.336,1.848
15240,2.414,1.843
15241,2.561,1.843
15242,2.639,1.838
15243,2.669,1.833
15244,2.649,1.833
15245,2.639,1.828
15246,2.615,1.828
15247,2.600,1.828
15248,2.595,1.823
15249,2.605,1.823
15250,2.620,1.818
15251,2.625,1.818
15252,2.625,1.818
15253,2.639,1.813
15254,2.630,1.808
15255,2.634,1.808
15256,2.625,1.808
15257,2.625,1.804
15258,2.615,1.804
15259,2.620,1.804
15260,2.634,1.804
15261,2.634,1.804
15262,2.620,1.799
15263,2.630,1.799
15264,2.639,1.799
15265,2.586,1.799
15266,2.576,1.799
15267,2.590,1.799
15268,2.620,1.799
15269,2.630,1.799
15270,2.615,1.799
15271,2.634,1.799
15272,2.615,1.799
15273,2.610,1.799
15274,2.610,1.799
15275,2.620,1.799
15276,2.625,1.799
15277,2.630,1.799
15278,2.717,1.799
15279,2.732,1.794
15280,2.771,1.794
15281,2.703,1.794
15282,2.644,1.799
15283,2.595,1.794
15284,2.732,1.794
15285,2.644,1.794
15286,2.605,1.794
15287,2.600,1.794
15288,2.610,1.799
15289,2.625,1.799
15290,3.006,1.799
15291,2.595,1.799
15292,2.444,1.804
15293,2.473,1.804
15294,2.576,1.804
15295,2.630,1.808
15296,2.654,1.808
15297,2.664,1.808
15298,2.639,1.813
15299,2.630,1.813
15300,2.634,1.813
15301,2.654,1.818
15302,2.639,1.813
15303,2.615,1.818
15304,2.630,1.818
15305,2.644,1.818
15306,2.659,1.823
15307,2.654,1.823
15308,2.649,1.823
15309,2.649,1.823
15310,2.639,1.828
15311,2.639,1.823
15312,2.630,1.828
15313,2.625,1.828
15314,2.620,1.828
15315,2.620,1.833
15316,2.620,1.833
15317,3.001,1.828
15318,2.615,1.833
15319,2.444,1.833
15320,2.458,1.833
15321,2.566,1.838
15322,2.654,1.838
15323,2.693,1.838
15324,2.683,1.838
15325,2.664,1.843
15326,2.649,1.838
15327,2.620,1.843
15328,2.634,1.843
15329,2.644,1.843
15330,2.625,1.848
15331,2.634,1.848
15332,2.639,1.848
15333,2.625,1.848
15334,2.630,1.848
15335,2.634,1.848
15336,2.625,1.852
15337,2.615,1.852
15338,2.586,1.852
15339,2.551,1.852
15340,2.522,1.852
15341,2.610,1.852
15342,2.615,1.852
15343,2.674,1.857
15344,3.006,1.852
15345,2.630,1.852
15346,2.331,1.852
15347,2.322,1.852
15348,2.444,1.857
15349,2.590,1.862
15350,2.674,1.862
15351,2.683,1.862
15352,2.693,1.862
15353,2.693,1.867
15354,2.683,1.867
15355,2.688,1.867
15356,2.698,1.867
15357,2.708,1.867
15358,2.722,1.867
15359,2.713,1.867
15360,2.688,1.872
15361,2.669,1.867
15362,2.664,1.872
15363,2.669,1.872
15364,2.674,1.872
15365,2.669,1.872
15366,2.674,1.872
15367,2.693,1.872
15368,2.678,1.877
15369,2.698,1.877
15370,2.698,1.877
15371,3.069,1.877
15372,2.634,1.877
15373,2.454,1.877
15374,2.468,1.877
15375,2.576,1.882
15376,2.664,1.877
15377,2.688,1.882
15378,2.688,1.882
15379,2.678,1.882
15380,2.625,1.882
15381,2.605,1.882
15382,2.600,1.882
15383,2.610,1.887
15384,2.634,1.882
15385,2.659,1.887
15386,2.669,1.887
15387,2.678,1.887
15388,2.664,1.887
15389,2.674,1.887
15390,2.664,1.887
15391,2.678,1.887
15392,2.669,1.891
15393,2.654,1.887
15394,2.669,1.891
15395,2.678,1.891
15396,2.659,1.891
15397,2.649,1.891
15398,3.069,1.891
15399,2.615,1.891
15400,2.449,1.891
15401,2.488,1.896
15402,2.595,1.891
15403,2.737,1.891
15404,2.649,1.891
15405,3.006,1.891
15406,2.781,1.891
15407,2.693,1.891
15408,2.644,1.891
15409,2.634,1.896
15410,2.654,1.896
15411,2.669,1.896
15412,2.669,1.901
15413,2.674,1.901
15414,2.659,1.901
15415,2.683,1.901
15416,2.674,1.901
15417,2.664,1.901
15418,2.634,1.901
15419,2.644,1.901
15420,2.639,1.901
15421,2.634,1.906
15422,2.644,1.901
15423,2.654,1.906
15424,2.674,1.906
15425,3.109,1.901
15426,2.634,1.901
15427,2.444,1.906
15428,2.463,1.906
15429,2.542,1.906
15430,2.590,1.906
15431,2.561,1.906
15432,2.517,1.911
15433,2.507,1.911
15434,2.537,1.906
15435,2.576,1.911
15436,2.610,1.911
15437,2.620,1.911
15438,2.610,1.911
15439,2.610,1.911
15440,2.610,1.911
15441,2.620,1.911
15442,2.620,1.911
15443,2.630,1.911
15444,2.654,1.916
15445,2.654,1.916
15446,2.669,1.916
15447,2.669,1.916
15448,2.683,1.916
15449,2.678,1.916
15450,2.683,1.916
15451,2.688,1.916
15452,3.128,1.916
15453,2.630,1.916
15454,2.454,1.916
15455,2.493,1.916
15456,2.605,1.921
15457,2.678,1.921
15458,2.713,1.921
15459,2.693,1.921
15460,2.674,1.921
15461,2.625,1.921
15462,2.610,1.926
15463,2.620,1.921
15464,2.654,1.926
15465,2.659,1.926
15466,2.727,1.921
15467,2.849,1.916
15468,2.727,1.916
15469,2.639,1.921
15470,2.615,1.921
15471,2.634,1.926
15472,2.639,1.926
15473,2.664,1.926
15474,2.664,1.926
15475,2.669,1.926
15476,2.664,1.931
15477,2.664,1.931
15478,2.664,1.931
15479,3.099,1.931
15480,2.586,1.931
15481,2.395,1.931
15482,2.449,1.931
15483,2.595,1.931
15484,2.683,1.931
15485,2.717,1.931
15486,2.708,1.935
15487,2.678,1.931
15488,2.669,1.935
15489,2.664,1.935
15490,2.669,1.935
15491,2.654,1.935
15492,2.664,1.935
15493,2.693,1.935
15494,2.698,1.935
15495,2.688,1.935
15496,2.669,1.935
15497,2.654,1.940
15498,2.620,1.935
15499,2.620,1.935
15500,2.625,1.940
15501,2.669,1.935
15502,2.688,1.940
15503,2.674,1.940
15504,2.669,1.940
15505,2.664,1.940
15506,3.079,1.940
15507,2.561,1.940
15508,2.400,1.940
15509,2.458,1.940
15510,2.600,1.940
15511,2.659,1.940
15512,2.703,1.945
15513,2.693,1.940
15514,2.669,1.945
15515,2.639,1.945
15516,2.639,1.945
15517,2.698,1.945
15518,2.717,1.945
15519,2.669,1.945
15520,2.615,1.945
15521,2.610,1.945
15522,2.634,1.945
15523,2.664,1.950
15524,2.669,1.950
15525,2.669,1.945
15526,2.664,1.950
15527,2.674,1.950
15528,2.898,1.945
15529,2.766,1.945
15530,2.713,1.940
15531,2.923,1.945
15532,2.947,1.945
15533,3.284,1.945
15534,2.649,1.945
15535,2.410,1.950
15536,2.468,1.950
15537,2.610,1.950
15538,2.722,1.950
15539,2.747,1.950
15540,2.766,1.950
15541,2.737,1.950
15542,2.708,1.950
15543,2.708,1.950
15544,2.717,1.950
15545,2.698,1.950
15546,2.703,1.950
15547,2.698,1.955
15548,2.708,1.950
15549,2.698,1.955
15550,2.693,1.955
15551,2.703,1.950
15552,2.688,1.955
15553,2.693,1.955
15554,2.698,1.950
15555,2.698,1.955
15556,2.698,1.955
15557,2.674,1.950
15558,2.683,1.955
15559,2.688,1.955
15560,3.162,1.950
15561,2.605,1.950
15562,2.434,1.955
15563,2.493,1.950
15564,2.630,1.955
15565,2.703,1.955
15566,2.752,1.950
15567,2.732,1.955
15568,2.722,1.955
15569,2.708,1.955
15570,2.713,1.955
15571,2.693,1.955
15572,2.698,1.955
15573,2.698,1.955
15574,2.703,1.955
15575,2.703,1.955
15576,2.698,1.955
15577,2.678,1.955
15578,2.669,1.955
15579,2.664,1.955
15580,2.674,1.955
15581,2.678,1.955
15582,2.693,1.955
15583,2.698,1.955
15584,2.698,1.955
15585,2.678,1.955
15586,2.678,1.955
15587,3.162,1.950
15588,2.625,1.955
15589,2.766,1.950
15590,2.556,1.950
15591,2.610,1.950
15592,2.791,1.950
15593,2.840,1.950
15594,2.869,1.955
15595,2.776,1.955
15596,2.693,1.955
15597,2.664,1.955
15598,2.703,1.955
15599,2.761,1.955
15600,2.771,1.960
15601,2.752,1.955
15602,2.732,1.960
15603,2.703,1.960
15604,2.703,1.955
15605,2.708,1.960
15606,2.732,1.960
15607,2.703,1.960
15608,2.698,1.960
15609,2.713,1.960
15610,2.708,1.960
15611,2.703,1.960
15612,2.708,1.960
15613,2.674,1.960
15614,3.104,1.960
15615,2.449,1.960
15616,2.195,1.960
15617,2.312,1.960
15618,2.674,1.960
15619,2.884,1.960
15620,2.928,1.965
15621,2.835,1.965
15622,2.688,1.965
15623,2.537,1.965
15624,2.498,1.965
15625,2.586,1.965
15626,2.722,1.965
15627,2.801,1.965
15628,2.801,1.965
15629,2.796,1.965
15630,2.732,1.965
15631,2.703,1.965
15632,2.703,1.970
15633,2.703,1.965
15634,2.708,1.970
15635,2.703,1.970
15636,2.703,1.965
15637,2.703,1.970
15638,2.698,1.970
15639,2.703,1.970
15640,2.698,1.970
15641,3.187,1.970
15642,2.791,1.965
15643,2.522,1.965
15644,2.424,1.970
15645,2.454,1.965
15646,2.522,1.970
15647,2.561,1.970
15648,2.581,1.970
15649,2.581,1.970
15650,2.649,1.965
15651,2.605,1.965
15652,2.600,1.965
15653,2.605,1.965
15654,2.590,1.970
15655,2.698,1.965
15656,2.669,1.965
15657,2.737,1.965
15658,2.703,1.965
15659,2.649,1.965
15660,2.586,1.970
15661,2.561,1.970
15662,2.586,1.970
15663,2.590,1.970
15664,2.610,1.970
15665,2.595,1.970
15666,2.610,1.970
15667,2.590,1.970
15668,3.011,1.970
15669,2.522,1.970
15670,2.331,1.970
15671,2.361,1.970
15672,2.458,1.975
15673,2.542,1.975
15674,2.576,1.975
15675,2.546,1.975
15676,2.546,1.975
15677,2.522,1.975
15678,2.527,1.975
15679,2.537,1.975
15680,2.561,1.975
15681,2.566,1.975
15682,2.566,1.975
15683,2.586,1.975
15684,2.595,1.979
15685,2.571,1.975
15686,2.556,1.979
15687,2.532,1.979
15688,2.502,1.975
15689,2.478,1.979
15690,2.424,1.979
15691,2.410,1.979
15692,2.463,1.979
15693,2.517,1.979
15694,2.605,1.979
15695,3.084,1.975
15696,2.586,1.979
15697,2.380,1.975
15698,2.390,1.979
15699,2.488,1.979
15700,2.561,1.979
15701,2.595,1.979
15702,2.595,1.979
15703,2.595,1.979
15704,2.561,1.979
15705,2.561,1.979
15706,2.566,1.979
15707,2.571,1.979
15708,2.576,1.979
15709,2.576,1.979
15710,2.566,1.979
15711,2.835,1.975
15712,2.556,1.975
15713,2.542,1.975
15714,2.532,1.979
15715,2.517,1.979
15716,2.561,1.979
15717,2.556,1.979
15718,2.674,1.979
15719,2.649,1.979
15720,2.561,1.979
15721,2.517,1.984
15722,2.918,1.979
15723,2.434,1.979
15724,2.278,1.984
15725,2.341,1.979
15726,2.483,1.984
15727,2.571,1.984
15728,2.605,1.984
15729,2.605,1.984
15730,2.571,1.984
15731,2.532,1.984
15732,2.512,1.984
15733,2.522,1.984
15734,2.517,1.984
15735,2.468,1.984
15736,2.356,1.984
15737,2.263,1.984
15738,2.283,1.984
15739,2.454,1.984
15740,2.664,1.984
15741,2.845,1.984
15742,2.898,1.984
15743,2.820,1.984
15744,2.693,1.989
15745,2.595,1.984
15746,2.542,1.984
15747,2.542,1.989
15748,2.551,1.984
15749,3.030,1.984
15750,2.527,1.984
15751,2.336,1.984
15752,2.395,1.984
15753,2.517,1.989
15754,2.620,1.989
15755,2.649,1.989
15756,2.639,1.989
15757,2.605,1.989
15758,2.605,1.989
15759,2.586,1.989
15760,2.590,1.989
15761,2.586,1.989
15762,2.571,1.989
15763,2.566,1.989
15764,2.566,1.989
15765,2.566,1.994
15766,2.561,1.989
15767,2.551,1.994
15768,2.561,1.994
15769,2.556,1.989
15770,2.537,1.994
15771,2.483,1.994
15772,2.576,1.989
15773,2.297,1.989
15774,2.356,1.989
15775,2.434,1.989
15776,2.439,1.989
15777,2.532,1.994
15778,2.595,1.994
15779,2.625,1.989
15780,2.576,1.994
15781,2.634,1.989
15782,2.625,1.989
15783,2.688,1.989
15784,2.674,1.994
15785,2.654,1.994
15786,2.649,1.994
15787,2.605,1.994
15788,2.576,1.994
15789,2.551,1.994
15790,2.566,1.994
15791,2.620,1.994
15792,2.659,1.999
15793,2.683,1.999
15794,2.693,1.994
15795,2.683,1.999
15796,2.649,1.999
15797,2.605,1.994
15798,2.590,1.999
15799,2.610,1.999
15800,2.634,1.999
15801,2.630,1.999
15802,2.986,1.994
15803,2.610,1.994
15804,2.463,1.994
15805,2.473,1.999
15806,2.561,1.994
15807,2.630,1.999
15808,2.649,1.999
15809,2.664,1.994
15810,2.639,1.994
15811,2.610,1.994
15812,2.605,1.994
15813,2.590,1.994
15814,2.605,1.994
15815,2.600,1.989
15816,2.610,1.994
15817,2.625,1.989
15818,2.634,1.989
15819,2.610,1.989
15820,2.610,1.984
15821,2.605,1.984
15822,2.610,1.984
15823,2.610,1.984
15824,2.615,1.984
15825,2.620,1.979
15826,2.620,1.979
15827,2.610,1.979
15828,2.595,1.979
15829,2.947,1.975
15830,2.556,1.970
15831,2.429,1.975
15832,2.473,1.970
15833,2.542,1.970
15834,2.820,1.960
15835,2.713,1.960
15836,2.610,1.965
15837,2.571,1.965
15838,2.590,1.965
15839,2.615,1.965
15840,2.620,1.960
15841,2.620,1.960
15842,2.620,1.960
15843,2.590,1.960
15844,2.708,1.960
15845,2.703,1.955
15846,2.781,1.955
15847,2.742,1.955
15848,2.634,1.955
15849,2.595,1.955
15850,2.571,1.955
15851,2.581,1.955
15852,2.600,1.955
15853,2.625,1.950
15854,2.615,1.955
15855,2.625,1.955
15856,2.981,1.950
15857,2.600,1.950
15858,2.439,1.950
15859,2.463,1.950
15860,2.546,1.950
15861,2.620,1.950
15862,2.669,1.950
15863,2.659,1.950
15864,2.634,1.950
15865,2.630,1.950
15866,2.605,1.950
15867,2.605,1.950
15868,2.595,1.950
15869,2.590,1.950
15870,2.590,1.950
15871,2.595,1.950
15872,2.600,1.950
15873,2.595,1.950
15874,2.600,1.950
15875,2.610,1.950
15876,2.620,1.950
15877,2.615,1.950
15878,2.625,1.950
15879,2.610,1.950
15880,2.615,1.950
15881,2.610,1.950
15882,2.600,1.950
15883,2.977,1.950
15884,2.561,1.950
15885,2.395,1.950
15886,2.434,1.950
15887,2.546,1.955
15888,2.610,1.955
15889,2.625,1.955
15890,2.639,1.955
15891,2.639,1.955
15892,2.649,1.955
15893,2.649,1.955
15894,2.849,1.955
15895,2.639,1.955
15896,2.625,1.955
15897,2.625,1.955
15898,2.639,1.955
15899,2.620,1.955
15900,2.625,1.960
15901,2.610,1.960
15902,2.625,1.960
15903,2.620,1.960
15904,2.610,1.960
15905,2.600,1.960
15906,2.586,1.960
15907,2.703,1.960
15908,2.698,1.955
15909,2.766,1.960
15910,3.099,1.960
15911,2.605,1.960
15912,2.395,1.960
15913,2.414,1.965
15914,2.517,1.965
15915,2.600,1.965
15916,2.644,1.965
15917,2.630,1.965
15918,2.625,1.965
15919,2.590,1.965
15920,2.581,1.965
15921,2.581,1.965
15922,2.595,1.970
15923,2.590,1.970
15924,2.605,1.970
15925,2.595,1.970
15926,2.595,1.970
15927,2.571,1.970
15928,2.595,1.970
15929,2.556,1.970
15930,2.561,1.970
15931,2.566,1.970
15932,2.595,1.970
15933,2.600,1.975
15934,2.610,1.975
15935,2.600,1.975
15936,2.610,1.975
15937,2.996,1.975
15938,2.566,1.970
15939,2.419,1.975
15940,2.463,1.975
15941,2.571,1.975
15942,2.649,1.975
15943,2.669,1.975
15944,2.669,1.975
15945,2.634,1.979
15946,2.600,1.979
15947,2.600,1.975
15948,2.620,1.979
15949,2.625,1.979
15950,2.634,1.979
15951,2.605,1.979
15952,2.605,1.979
15953,2.610,1.979
15954,2.625,1.979
15955,2.610,1.979
15956,2.815,1.975
15957,2.674,1.975
15958,2.590,1.975
15959,2.556,1.979
15960,2.576,1.979
15961,2.610,1.979
15962,2.605,1.979
15963,2.625,1.979
15964,3.025,1.979
15965,2.566,1.979
15966,2.370,1.984
15967,2.410,1.984
15968,2.512,1.984
15969,2.678,1.984
15970,2.551,1.979
15971,2.717,1.979
15972,2.742,1.984
15973,2.683,1.984
15974,2.639,1.984
15975,2.610,1.984
15976,2.615,1.984
15977,2.610,1.984
15978,2.610,1.984
15979,2.625,1.984
15980,2.615,1.984
15981,2.610,1.989
15982,2.576,1.984
15983,2.561,1.989
15984,2.566,1.989
15985,2.586,1.989
15986,2.581,1.989
15987,2.581,1.989
15988,2.581,1.989
15989,2.581,1.989
15990,2.571,1.989
15991,3.006,1.984
15992,2.512,1.984
15993,2.336,1.989
15994,2.400,1.989
15995,2.537,1.989
15996,2.649,1.989
15997,2.674,1.989
15998,2.683,1.989
15999,2.678,1.989
16000,2.664,1.989
16001,2.634,1.989
16002,2.625,1.994
16003,2.610,1.989
16004,2.605,1.994
16005,2.610,1.994
16006,2.615,1.989
16007,2.620,1.994
16008,2.620,1.994
16009,2.610,1.994
16010,2.620,1.994
16011,2.630,1.994
16012,2.625,1.994
16013,2.625,1.994
16014,2.625,1.994
16015,2.639,1.994
16016,2.859,1.994
16017,2.659,1.994
16018,3.104,1.989
16019,2.600,1.989
16020,2.410,1.994
16021,2.449,1.994
16022,2.566,1.994
16023,2.634,1.994
16024,2.664,1.994
16025,2.649,1.994
16026,2.630,1.994
16027,2.620,1.999
16028,2.615,1.994
16029,2.620,1.999
16030,2.625,1.999
16031,2.634,1.994
16032,2.703,1.994
16033,2.537,1.989
16034,2.722,1.994
16035,2.732,1.994
16036,2.688,1.994
16037,2.649,1.994
16038,2.625,1.994
16039,2.605,1.994
16040,2.615,1.994
16041,2.620,1.989
16042,2.630,1.994
16043,2.610,1.989
16044,2.620,1.989
16045,3.055,1.984
16046,2.551,1.984
16047,2.405,1.984
16048,2.434,1.984
16049,2.556,1.984
16050,2.654,1.984
16051,2.678,1.984
16052,2.659,1.984
16053,2.649,1.979
16054,2.644,1.979
16055,2.634,1.979
16056,2.639,1.979
16057,2.639,1.979
16058,2.644,1.979
16059,2.644,1.975
16060,2.634,1.975
16061,2.634,1.975
16062,2.639,1.975
16063,2.634,1.975
16064,2.644,1.975
16065,2.659,1.975
16066,2.649,1.975
16067,2.644,1.970
16068,2.654,1.970
16069,2.654,1.970
16070,2.649,1.970
16071,2.639,1.970
16072,3.069,1.965
16073,2.586,1.965
16074,2.395,1.965
16075,2.444,1.965
16076,2.571,1.965
16077,3.025,1.960
16078,2.713,1.960
16079,2.634,1.960
16080,2.586,1.965
16081,2.595,1.960
16082,2.615,1.965
16083,2.649,1.965
16084,2.654,1.965
16085,2.664,1.965
16086,2.649,1.965
16087,2.664,1.965
16088,2.659,1.965
16089,2.644,1.965
16090,2.639,1.965
16091,2.634,1.965
16092,2.644,1.965
16093,2.649,1.965
16094,2.649,1.965
16095,2.727,1.965
16096,2.576,1.960
16097,2.722,1.960
16098,2.742,1.960
16099,3.128,1.960
16100,2.546,1.960
16101,2.336,1.960
16102,2.410,1.965
16103,2.556,1.965
16104,2.654,1.965
16105,2.703,1.965
16106,2.703,1.965
16107,2.703,1.965
16108,2.669,1.965
16109,2.659,1.965
16110,2.649,1.965
16111,2.659,1.965
16112,2.649,1.965
16113,2.654,1.970
16114,2.664,1.970
16115,2.654,1.970
16116,2.644,1.970
16117,2.644,1.970
16118,2.659,1.970
16119,2.649,1.970
16120,2.649,1.970
16121,2.644,1.970
16122,2.644,1.970
16123,2.639,1.970
16124,2.649,1.975
16125,2.659,1.975
16126,3.123,1.970
16127,2.600,1.970
16128,2.400,1.975
16129,2.449,1.975
16130,2.571,1.975
16131,2.654,1.975
16132,2.698,1.975
16133,2.683,1.975
16134,2.674,1.975
16135,2.664,1.975
16136,2.654,1.975
16137,2.634,1.979
16138,2.757,1.975
16139,2.649,1.975
16140,2.615,1.975
16141,2.615,1.979
16142,2.639,1.979
16143,2.639,1.979
16144,2.644,1.979
16145,2.654,1.979
16146,2.664,1.979
16147,2.654,1.979
16148,2.664,1.979
16149,2.674,1.979
16150,2.659,1.984
16151,2.649,1.979
16152,2.644,1.984
16153,3.109,1.979
16154,2.561,1.979
16155,2.380,1.979
16156,2.444,1.984
16157,2.566,1.984
16158,2.786,1.979
16159,2.820,1.979
16160,2.845,1.979
16161,2.766,1.979
16162,2.659,1.984
16163,2.605,1.984
16164,2.610,1.984
16165,2.634,1.984
16166,2.630,1.989
16167,2.659,1.984
16168,2.678,1.984
16169,2.678,1.989
16170,2.683,1.984
16171,2.683,1.989
16172,2.688,1.989
16173,2.659,1.984
16174,2.639,1.989
16175,2.654,1.989
16176,2.669,1.989
16177,2.678,1.989
16178,2.659,1.989
16179,2.620,1.989
16180,2.967,1.984
16181,2.385,1.989
16182,2.209,1.989
16183,2.307,1.989
16184,2.473,1.989
16185,2.605,1.989
16186,2.674,1.989
16187,2.747,1.989
16188,2.815,1.989
16189,2.791,1.994
16190,2.708,1.994
16191,2.644,1.994
16192,2.615,1.994
16193,2.634,1.994
16194,2.678,1.994
16195,2.717,1.994
16196,2.713,1.994
16197,2.703,1.994
16198,2.683,1.999
16199,2.996,1.989
16200,2.683,1.994
16201,2.630,1.994
16202,2.610,1.994
16203,2.620,1.999
16204,2.649,1.994
16205,2.669,1.999
16206,2.659,1.999
16207,3.143,1.999
16208,2.576,1.999
16209,2.380,1.999
16210,2.429,1.999
16211,2.595,1.999
16212,2.674,2.004
16213,2.703,1.999
16214,2.698,2.004
16215,2.703,2.004
16216,2.703,2.004
16217,2.717,2.004
16218,2.703,2.004
16219,2.703,2.004
16220,2.659,2.004
16221,2.757,2.004
16222,2.761,1.999
16223,2.771,1.999
16224,2.698,2.004
16225,2.639,2.004
16226,2.659,2.004
16227,2.649,2.004
16228,2.678,2.004
16229,2.708,2.004
16230,2.722,2.009
16231,2.717,2.009
16232,2.713,2.004
16233,2.683,2.009
16234,3.143,2.004
16235,2.576,2.004
16236,2.380,2.004
16237,2.454,2.009
16238,2.595,2.004
16239,2.688,2.009
16240,2.722,2.009
16241,2.693,2.009
16242,2.683,2.009
16243,2.664,2.009
16244,2.659,2.004
16245,2.649,2.009
16246,2.664,2.009
16247,2.683,2.004
16248,2.693,2.009
16249,2.688,2.004
16250,2.688,2.004
16251,2.664,2.004
16252,2.674,2.004
16253,2.669,2.004
16254,2.669,2.004
16255,2.664,1.999
16256,2.664,2.004
16257,2.664,1.999
16258,2.683,1.999
16259,2.639,1.999
16260,2.776,1.994
16261,3.138,1.989
16262,2.532,1.989
16263,2.346,1.989
16264,2.434,1.989
16265,2.586,1.989
16266,2.693,1.989
16267,2.742,1.989
16268,2.732,1.989
16269,2.713,1.984
16270,2.659,1.984
16271,2.664,1.984
16272,2.688,1.984
16273,2.678,1.984
16274,2.678,1.979
16275,2.678,1.979
16276,2.664,1.979
16277,2.674,1.975
16278,2.683,1.975
16279,2.693,1.975
16280,2.674,1.970
16281,2.654,1.970
16282,2.639,1.970
16283,2.644,1.965
16284,2.766,1.965
16285,2.791,1.960
16286,2.835,1.960
16287,2.761,1.955
16288,2.732,1.955
16289,2.600,1.955
16290,2.576,1.950
16291,2.620,1.955
16292,2.674,1.950
16293,2.703,1.950
16294,2.717,1.950
16295,2.703,1.945
16296,2.678,1.945
16297,2.659,1.945
16298,2.669,1.940
16299,2.659,1.940
16300,2.669,1.940
16301,2.674,1.935
16302,2.678,1.935
16303,2.683,1.935
16304,2.678,1.931
16305,2.669,1.935
16306,2.674,1.931
16307,2.683,1.931
16308,2.688,1.931
16309,2.688,1.926
16310,2.688,1.926
16311,2.683,1.926
16312,2.678,1.926
16313,2.674,1.921
16314,3.045,1.916
16315,2.639,1.916
16316,2.493,1.916
16317,2.493,1.916
16318,2.586,1.916
16319,2.669,1.911
16320,2.693,1.916
16321,3.065,1.906
16322,2.717,1.906
16323,2.644,1.906
16324,2.620,1.906
16325,2.659,1.906
16326,2.688,1.906
16327,2.713,1.901
16328,2.693,1.901
16329,2.688,1.901
16330,2.674,1.901
16331,2.688,1.901
16332,2.674,1.901
16333,2.688,1.901
16334,2.693,1.901
16335,2.708,1.896
16336,2.678,1.896
16337,2.664,1.896
16338,2.649,1.896
16339,2.659,1.896
16340,2.664,1.896
16341,3.050,1.891
16342,2.674,1.891
16343,2.502,1.896
16344,2.517,1.896
16345,2.610,1.896
16346,2.688,1.896
16347,2.825,1.891
16348,2.835,1.891
16349,2.840,1.891
16350,2.766,1.896
16351,2.674,1.896
16352,2.649,1.896
16353,2.649,1.896
16354,2.669,1.896
16355,2.669,1.896
16356,2.678,1.896
16357,2.693,1.896
16358,2.698,1.896
16359,2.678,1.896
16360,2.674,1.896
16361,2.683,1.901
16362,2.688,1.901
16363,2.674,1.901
16364,2.693,1.901
16365,2.703,1.901
16366,2.708,1.901
16367,2.674,1.906
16368,3.060,1.901
16369,2.644,1.901
16370,2.493,1.901
16371,2.522,1.906
16372,2.620,1.906
16373,2.698,1.906
16374,2.727,1.906
16375,2.722,1.906
16376,2.713,1.911
16377,2.669,1.911
16378,2.664,1.911
16379,2.664,1.911
16380,2.688,1.911
16381,2.688,1.911
16382,2.835,1.906
16383,2.703,1.911
16384,2.659,1.911
16385,2.649,1.911
16386,2.664,1.916
16387,2.693,1.916
16388,2.717,1.916
16389,2.717,1.921
16390,2.703,1.921
16391,2.693,1.921
16392,2.678,1.921
16393,2.683,1.921
16394,2.688,1.921
16395,3.089,1.921
16396,2.644,1.921
16397,2.468,1.921
16398,2.493,1.921
16399,2.590,1.921
16400,2.698,1.921
16401,2.742,1.921
16402,2.732,1.921
16403,2.713,1.921
16404,2.693,1.926
16405,2.669,1.926
16406,2.669,1.921
16407,2.644,1.926
16408,2.620,1.926
16409,2.615,1.926
16410,2.757,1.926
16411,2.801,1.926
16412,2.810,1.926
16413,2.722,1.926
16414,2.610,1.926
16415,2.571,1.926
16416,2.551,1.926
16417,2.576,1.931
16418,2.610,1.931
16419,2.630,1.931
16420,2.634,1.931
16421,2.620,1.931
16422,3.021,1.931
16423,2.546,1.931
16424,2.356,1.931
16425,2.380,1.931
16426,2.478,1.935
16427,2.571,1.935
16428,2.590,1.931
16429,2.600,1.935
16430,2.571,1.935
16431,2.571,1.931
16432,2.561,1.935
16433,2.576,1.931
16434,2.590,1.931
16435,2.610,1.935
16436,2.615,1.931
16437,2.615,1.931
16438,2.654,1.931
16439,2.708,1.926
16440,2.717,1.926
16441,2.722,1.926
16442,2.713,1.926
16443,3.045,1.921
16444,2.717,1.916
16445,2.693,1.921
16446,2.698,1.921
16447,2.674,1.916
16448,2.630,1.921
16449,3.074,1.916
16450,2.664,1.916
16451,2.483,1.911
16452,2.488,1.911
16453,2.566,1.911
16454,2.630,1.911
16455,2.674,1.911
16456,2.683,1.906
16457,2.678,1.906
16458,2.683,1.906
16459,2.683,1.901
16460,2.688,1.901
16461,2.698,1.901
16462,2.688,1.896
16463,2.693,1.901
16464,2.683,1.896
16465,2.669,1.896
16466,2.649,1.901
16467,2.630,1.896
16468,2.639,1.896
16469,2.639,1.901
16470,2.654,1.896
16471,2.649,1.896
16472,2.644,1.896
16473,2.766,1.896
16474,2.801,1.891
16475,2.796,1.891
16476,3.148,1.891
16477,2.595,1.891
16478,2.400,1.891
16479,2.449,1.891
16480,2.571,1.891
16481,2.659,1.887
16482,2.693,1.887
16483,2.664,1.887
16484,2.659,1.887
16485,2.649,1.887
16486,2.659,1.887
16487,2.683,1.887
16488,2.703,1.887
16489,2.683,1.887
16490,2.669,1.882
16491,2.659,1.887
16492,2.649,1.882
16493,2.649,1.882
16494,2.659,1.882
16495,2.683,1.877
16496,2.683,1.877
16497,2.669,1.877
16498,2.654,1.877
16499,2.654,1.877
16500,2.659,1.872
16501,2.669,1.872
16502,2.669,1.872
16503,3.250,1.862
16504,2.659,1.862
16505,2.463,1.862
16506,2.444,1.857
16507,2.478,1.857
16508,2.546,1.852
16509,2.586,1.852
16510,2.595,1.852
16511,2.590,1.848
16512,2.586,1.843
16513,2.586,1.843
16514,2.581,1.838
16515,2.576,1.838
16516,2.576,1.833
16517,2.576,1.828
16518,2.571,1.828
16519,2.571,1.823
16520,2.576,1.818
16521,2.566,1.818
16522,2.576,1.813
16523,2.576,1.804
16524,2.581,1.804
16525,2.590,1.799
16526,2.576,1.794
16527,2.561,1.789
16528,2.556,1.784
16529,2.561,1.779
16530,2.962,1.774
16531,2.522,1.769
16532,2.346,1.764
16533,2.356,1.764
16534,2.458,1.760
16535,2.600,1.750
16536,2.615,1.750
16537,2.605,1.745
16538,2.571,1.740
16539,2.546,1.740
16540,2.551,1.735
16541,2.551,1.730
16542,2.546,1.730
16543,2.542,1.725
16544,2.542,1.720
16545,2.561,1.716
16546,2.576,1.711
16547,2.590,1.706
16548,2.581,1.706
16549,2.566,1.696
16550,2.556,1.696
16551,2.576,1.691
16552,2.581,1.686
16553,2.595,1.681
16554,2.590,1.681
16555,2.630,1.676
16556,2.610,1.672
16557,2.996,1.667
16558,2.488,1.662
16559,2.287,1.662
16560,2.219,1.657
16561,2.331,1.652
16562,2.488,1.652
16563,2.586,1.647
16564,2.581,1.647
16565,2.708,1.637
16566,2.380,1.637
16567,2.400,1.637
16568,2.439,1.632
16569,2.473,1.632
16570,2.507,1.632
16571,2.537,1.628
16572,2.517,1.623
16573,2.478,1.623
16574,2.468,1.623
16575,2.468,1.623
16576,2.483,1.623
16577,2.502,1.618
16578,2.512,1.618
16579,2.522,1.618
16580,2.532,1.618
16581,2.556,1.618
16582,2.556,1.618
16583,2.566,1.613
16584,2.972,1.613
16585,2.498,1.613
16586,2.287,1.613
16587,2.312,1.608
16588,2.424,1.608
16589,2.532,1.608
16590,2.556,1.603
16591,2.546,1.608
16592,2.546,1.608
16593,2.561,1.603
16594,2.537,1.603
16595,2.546,1.603
16596,2.551,1.603
16597,2.551,1.603
16598,2.586,1.603
16599,3.109,1.559
16600,2.981,1.544
16601,3.030,1.535
16602,3.118,1.520
16603,3.025,1.505
16604,3.128,1.496
16605,2.688,1.500
16606,2.937,1.500
16607,3.011,1.505
16608,2.805,1.505
16609,2.610,1.505
16610,2.512,1.500
16611,2.918,1.496
16612,2.463,1.496
16613,2.331,1.491
16614,2.385,1.486
16615,2.512,1.486
16616,2.605,1.481
16617,2.634,1.476
16618,2.615,1.476
16619,2.581,1.471
16620,2.566,1.466
16621,2.561,1.466
16622,2.576,1.461
16623,2.781,1.452
16624,2.581,1.447
16625,2.581,1.447
16626,2.590,1.442
16627,2.566,1.437
16628,2.571,1.437
16629,2.576,1.432
16630,2.581,1.432
16631,2.581,1.427
16632,2.590,1.427
16633,2.590,1.422
16634,2.600,1.422
16635,2.571,1.417
16636,2.571,1.417
16637,2.590,1.417
16638,3.011,1.413
16639,2.493,1.413
16640,2.322,1.413
16641,2.390,1.408
16642,2.527,1.408
16643,2.600,1.408
16644,2.634,1.408
16645,2.634,1.403
16646,2.615,1.408
16647,2.600,1.403
16648,2.595,1.403
16649,2.605,1.403
16650,2.590,1.403
16651,2.581,1.403
16652,2.586,1.403
16653,2.600,1.403
16654,2.590,1.403
16655,2.586,1.403
16656,2.610,1.398
16657,2.605,1.403
16658,2.620,1.398
16659,2.600,1.398
16660,2.586,1.403
16661,2.615,1.398
16662,2.473,1.398
16663,2.664,1.398
16664,2.688,1.403
16665,3.084,1.403
16666,2.537,1.403
16667,2.336,1.403
16668,2.385,1.403
16669,2.507,1.403
16670,2.605,1.408
16671,2.649,1.408
16672,2.644,1.408
16673,2.610,1.413
16674,2.590,1.413
16675,2.590,1.413
16676,2.581,1.413
16677,2.571,1.413
16678,2.581,1.417
16679,2.581,1.417
16680,2.586,1.417
16681,2.590,1.417
16682,2.590,1.417
16683,2.615,1.417
16684,2.600,1.422
16685,2.781,1.417
16686,2.625,1.422
16687,2.556,1.422
16688,2.517,1.422
16689,2.532,1.427
16690,2.571,1.427
16691,2.581,1.427
16692,3.016,1.427
16693,2.522,1.432
16694,2.366,1.432
16695,2.429,1.432
16696,2.561,1.437
16697,2.630,1.437
16698,2.639,1.437
16699,2.586,1.442
16700,2.517,1.442
16701,2.498,1.442
16702,2.527,1.442
16703,2.546,1.442
16704,2.576,1.442
16705,2.586,1.447
16706,2.634,1.447
16707,2.659,1.447
16708,2.678,1.447
16709,2.649,1.447
16710,2.620,1.452
16711,2.600,1.452
16712,2.586,1.452
16713,2.586,1.452
16714,2.595,1.452
16715,2.625,1.457
16716,2.625,1.457
16717,2.634,1.457
16718,2.595,1.457
16719,3.025,1.457
16720,2.507,1.457
16721,2.336,1.457
16722,2.400,1.461
16723,2.537,1.461
16724,2.727,1.461
16725,2.761,1.457
16726,2.796,1.461
16727,2.717,1.461
16728,2.615,1.461
16729,2.581,1.466
16730,2.576,1.466
16731,2.590,1.466
16732,2.590,1.466
16733,2.605,1.471
16734,2.605,1.466
16735,2.590,1.471
16736,2.581,1.471
16737,2.595,1.471
16738,2.600,1.471
16739,2.595,1.471
16740,2.586,1.471
16741,2.605,1.476
16742,2.615,1.476
16743,2.600,1.476
16744,2.610,1.476
16745,2.801,1.476
16746,3.485,1.471
16747,2.336,1.471
16748,1.965,1.476
16749,2.131,1.476
16750,2.410,1.476
16751,2.639,1.476
16752,2.703,1.476
16753,2.674,1.481
16754,2.630,1.481
16755,2.590,1.481
16756,2.566,1.481
16757,2.571,1.481
16758,2.571,1.481
16759,2.586,1.481
16760,2.586,1.486
16761,2.581,1.481
16762,2.566,1.486
16763,2.581,1.486
16764,2.590,1.486
16765,2.581,1.486
16766,2.581,1.486
16767,2.595,1.486
16768,2.595,1.486
16769,2.595,1.486
16770,2.600,1.486
16771,2.581,1.486
16772,2.581,1.486
16773,3.001,1.486
16774,2.507,1.486
16775,2.317,1.486
16776,2.395,1.486
16777,2.463,1.486
16778,2.507,1.491
16779,2.507,1.486
16780,2.507,1.491
16781,2.507,1.491
16782,2.517,1.491
16783,2.532,1.491
16784,2.561,1.491
16785,2.571,1.491
16786,2.688,1.491
16787,2.644,1.491
16788,2.615,1.491
16789,2.590,1.491
16790,2.600,1.491
16791,2.610,1.491
16792,2.615,1.496
16793,2.615,1.496
16794,2.610,1.496
16795,2.615,1.496
16796,2.605,1.496
16797,2.581,1.496
16798,2.546,1.500
16799,2.546,1.500
16800,2.532,1.500
16801,2.527,1.505
16802,2.527,1.505
16803,2.546,1.505
16804,2.556,1.505
16805,2.644,1.505
16806,3.040,1.505
16807,2.717,1.505
16808,2.630,1.510
16809,2.595,1.510
16810,2.595,1.510
16811,2.590,1.510
16812,2.595,1.510
16813,2.522,1.515
16814,2.449,1.515
16815,2.449,1.515
16816,2.566,1.515
16817,2.713,1.515
16818,2.801,1.515
16819,2.776,1.515
16820,2.713,1.515
16821,2.634,1.515
16822,2.605,1.520
16823,2.576,1.520
16824,2.590,1.520
16825,2.595,1.520
16826,2.977,1.520
16827,2.581,1.520
16828,2.439,1.520
16829,2.454,1.520
16830,2.566,1.520
16831,2.639,1.520
16832,2.664,1.525
16833,2.659,1.525
16834,2.639,1.525
16835,2.610,1.525
16836,2.630,1.525
16837,2.625,1.525
16838,2.625,1.530
16839,2.615,1.525
16840,2.605,1.530
16841,2.537,1.530
16842,2.512,1.530
16843,2.507,1.530
16844,2.556,1.530
16845,2.590,1.530
16846,2.605,1.530
16847,2.595,1.530
16848,2.595,1.530
16849,2.634,1.530
16850,2.488,1.530
16851,2.644,1.530
16852,2.674,1.530
16853,3.006,1.530
16854,2.556,1.530
16855,2.400,1.530
16856,2.434,1.530
16857,2.542,1.535
16858,2.620,1.535
16859,2.649,1.535
16860,2.644,1.535
16861,2.630,1.535
16862,2.615,1.535
16863,2.605,1.535
16864,2.605,1.530
16865,2.649,1.530
16866,2.732,1.525
16867,2.898,1.520
16868,2.776,1.520
16869,2.654,1.520
16870,2.551,1.520
16871,2.537,1.515
16872,2.546,1.515
16873,2.556,1.515
16874,2.571,1.510
16875,2.605,1.510
16876,2.644,1.510
16877,2.688,1.510
16878,2.722,1.510
16879,2.717,1.505
16880,3.074,1.505
16881,2.615,1.505
16882,2.356,1.505
16883,2.322,1.505
16884,2.385,1.505
16885,2.449,1.505
16886,2.473,1.500
16887,2.507,1.505
16888,2.620,1.510
16889,2.639,1.515
16890,2.600,1.530
16891,2.561,1.544
16892,2.595,1.554
16893,2.713,1.564
16894,2.796,1.574
16895,2.757,1.579
16896,2.742,1.588
16897,2.664,1.593
16898,2.639,1.593
16899,2.630,1.598
16900,2.649,1.598
16901,2.639,1.603
16902,2.615,1.608
16903,2.507,1.608
16904,2.375,1.608
16905,2.366,1.613
16906,2.414,1.613
16907,2.898,1.608
16908,2.522,1.613
16909,2.414,1.613
16910,2.502,1.623
16911,2.678,1.628
16912,2.859,1.623
16913,2.869,1.618
16914,2.884,1.618
16915,2.786,1.623
16916,2.693,1.623
16917,2.678,1.623
16918,2.674,1.623
16919,2.683,1.618
16920,2.669,1.618
16921,2.649,1.613
16922,2.625,1.608
16923,2.586,1.608
16924,2.532,1.608
16925,2.517,1.603
16926,2.590,1.603
16927,2.727,1.598
16928,3.104,1.588
16929,2.791,1.584
16930,2.703,1.579
16931,2.634,1.574
16932,2.595,1.569
16933,2.542,1.559
16934,2.942,1.544
16935,2.556,1.540
16936,2.449,1.535
16937,2.488,1.530
16938,2.571,1.520
16939,2.610,1.510
16940,2.649,1.505
16941,2.615,1.500
16942,2.600,1.496
16943,2.590,1.491
16944,2.571,1.491
16945,2.527,1.486
16946,2.551,1.476
16947,2.581,1.471
16948,2.586,1.471
16949,2.571,1.471
16950,2.532,1.471
16951,2.517,1.466
16952,2.542,1.466
16953,2.620,1.471
16954,2.727,1.471
16955,2.761,1.481
16956,2.737,1.481
16957,2.669,1.481
16958,2.595,1.486
16959,2.551,1.491
16960,2.502,1.491
16961,2.908,1.486
16962,2.473,1.486
16963,2.331,1.481
16964,2.405,1.481
16965,2.556,1.476
16966,2.625,1.466
16967,2.590,1.461
16968,2.556,1.457
16969,2.532,1.457
16970,2.512,1.452
16971,2.493,1.447
16972,2.517,1.442
16973,2.561,1.442
16974,2.561,1.437
16975,2.605,1.427
16976,2.590,1.422
16977,2.654,1.422
16978,2.644,1.417
16979,2.600,1.413
16980,2.610,1.413
16981,2.630,1.403
16982,2.615,1.403
16983,2.571,1.398
16984,2.546,1.393
16985,2.542,1.388
16986,2.566,1.388
16987,2.571,1.378
16988,3.118,1.373
16989,2.424,1.369
16990,2.312,1.364
16991,2.395,1.364
16992,2.537,1.359
16993,2.630,1.354
16994,2.669,1.354
16995,2.698,1.349
16996,2.727,1.349
16997,2.757,1.349
16998,2.737,1.349
16999,2.669,1.349
17000,2.571,1.349
17001,2.522,1.349
17002,2.483,1.349
17003,2.493,1.344
17004,2.498,1.344
17005,2.527,1.344
17006,2.566,1.339
17007,2.605,1.339
17008,2.610,1.339
17009,2.600,1.334
17010,2.600,1.334
17011,2.620,1.329
17012,2.639,1.329
17013,2.644,1.329
17014,2.669,1.325
17015,3.104,1.325
17016,2.566,1.320
17017,2.390,1.320
17018,2.444,1.320
17019,2.571,1.320
17020,2.644,1.320
17021,2.683,1.320
17022,2.669,1.320
17023,2.654,1.320
17024,2.625,1.315
17025,2.605,1.320
17026,2.600,1.320
17027,2.615,1.320
17028,2.600,1.320
17029,2.571,1.325
17030,2.537,1.325
17031,2.546,1.325
17032,2.605,1.329
17033,2.674,1.329
17034,2.674,1.329
17035,2.659,1.329
17036,2.630,1.329
17037,2.610,1.329
17038,2.713,1.329
17039,2.732,1.325
17040,2.752,1.325
17041,2.688,1.325
17042,3.050,1.325
17043,2.527,1.325
17044,2.356,1.320
17045,2.424,1.320
17046,2.542,1.320
17047,2.639,1.320
17048,2.669,1.320
17049,2.669,1.315
17050,2.864,1.310
17051,2.644,1.310
17052,2.527,1.310
17053,2.542,1.310
17054,2.586,1.310
17055,2.630,1.310
17056,2.644,1.310
17057,2.644,1.310
17058,2.625,1.310
17059,2.630,1.310
17060,2.625,1.310
17061,2.620,1.310
17062,2.630,1.310
17063,2.630,1.310
17064,2.639,1.310
17065,2.625,1.310
17066,2.620,1.310
17067,2.561,1.310
17068,2.522,1.305
17069,2.967,1.305
17070,2.444,1.305
17071,2.292,1.305
17072,2.370,1.305
17073,2.527,1.305
17074,2.610,1.305
17075,2.654,1.305
17076,2.634,1.305
17077,2.600,1.305
17078,2.590,1.305
17079,2.595,1.310
17080,2.590,1.310
17081,2.590,1.310
17082,2.566,1.310
17083,2.566,1.310
17084,2.571,1.315
17085,2.590,1.315
17086,2.600,1.315
17087,2.600,1.320
17088,2.625,1.320
17089,2.634,1.320
17090,2.615,1.320
17091,2.630,1.325
17092,2.620,1.325
17093,2.610,1.325
17094,2.620,1.325
17095,2.654,1.325
17096,3.109,1.329
17097,2.634,1.334
17098,2.546,1.334
17099,2.600,1.339
17100,2.757,1.344
17101,2.659,1.349
17102,2.757,1.354
17103,2.737,1.359
17104,2.698,1.364
17105,2.688,1.369
17106,2.664,1.369
17107,2.674,1.373
17108,2.674,1.373
17109,2.664,1.378
17110,2.854,1.378
17111,2.576,1.378
17112,2.502,1.378
17113,2.444,1.378
17114,2.463,1.383
17115,2.512,1.383
17116,2.566,1.383
17117,2.664,1.383
17118,2.810,1.383
17119,2.845,1.383
17120,2.801,1.383
17121,2.732,1.383
17122,2.664,1.383
17123,3.011,1.378
17124,2.385,1.378
17125,2.204,1.378
17126,2.302,1.378
17127,2.507,1.378
17128,2.708,1.373
17129,2.854,1.373
17130,2.869,1.373
17131,2.791,1.373
17132,2.688,1.373
17133,2.566,1.369
17134,2.468,1.373
17135,2.458,1.369
17136,2.498,1.369
17137,2.551,1.369
17138,2.678,1.369
17139,2.830,1.364
17140,2.864,1.369
17141,2.805,1.364
17142,2.678,1.364
17143,2.517,1.364
17144,2.444,1.364
17145,2.473,1.364
17146,2.527,1.364
17147,2.586,1.359
17148,2.708,1.359
17149,2.830,1.359
17150,3.275,1.359
17151,2.615,1.354
17152,2.248,1.359
17153,2.263,1.354
17154,2.434,1.354
17155,2.590,1.354
17156,2.678,1.354
17157,2.727,1.354
17158,2.742,1.354
17159,2.717,1.354
17160,2.664,1.354
17161,2.586,1.354
17162,2.532,1.354
17163,2.600,1.354
17164,2.542,1.354
17165,2.703,1.354
17166,2.747,1.354
17167,2.796,1.359
17168,2.810,1.359
17169,2.747,1.359
17170,2.669,1.359
17171,2.566,1.359
17172,2.742,1.354
17173,2.507,1.359
17174,2.434,1.359
17175,2.532,1.359
17176,2.717,1.359
17177,3.309,1.359
17178,2.722,1.359
17179,2.439,1.364
17180,2.405,1.359
17181,2.434,1.359
17182,2.522,1.364
17183,2.634,1.364
17184,2.732,1.364
17185,2.825,1.364
17186,2.825,1.364
17187,2.761,1.364
17188,2.703,1.364
17189,2.630,1.364
17190,2.556,1.369
17191,2.532,1.369
17192,2.586,1.369
17193,2.625,1.369
17194,2.752,1.369
17195,2.805,1.369
17196,2.786,1.373
17197,2.717,1.373
17198,2.678,1.373
17199,2.630,1.373
17200,2.571,1.373
17201,2.576,1.373
17202,2.600,1.378
17203,2.659,1.378
17204,3.221,1.378
17205,2.664,1.378
17206,2.444,1.378
17207,2.463,1.378
17208,2.576,1.383
17209,2.610,1.383
17210,2.625,1.383
17211,2.600,1.383
17212,2.620,1.383
17213,2.654,1.388
17214,2.713,1.388
17215,2.742,1.388
17216,2.742,1.388
17217,2.713,1.388
17218,2.674,1.388
17219,2.654,1.388
17220,2.581,1.393
17221,2.561,1.388
17222,2.581,1.393
17223,2.639,1.393
17224,2.708,1.393
17225,2.747,1.393
17226,2.781,1.393
17227,2.630,1.393
17228,2.737,1.393
17229,2.732,1.393
17230,2.693,1.393
17231,3.074,1.393
17232,2.507,1.393
17233,2.322,1.393
17234,2.414,1.393
17235,2.605,1.398
17236,2.761,1.398
17237,2.805,1.398
17238,2.757,1.398
17239,2.693,1.398
17240,2.669,1.403
17241,2.644,1.403
17242,2.600,1.403
17243,2.571,1.403
17244,2.566,1.403
17245,2.620,1.403
17246,2.683,1.403
17247,2.761,1.403
17248,2.781,1.403
17249,2.757,1.408
17250,2.703,1.408
17251,2.678,1.408
17252,2.664,1.408
17253,2.644,1.408
17254,2.620,1.408
17255,2.595,1.408
17256,2.605,1.408
17257,2.669,1.408
17258,3.221,1.408
17259,2.664,1.408
17260,2.419,1.408
17261,2.444,1.408
17262,2.586,1.408
17263,2.688,1.408
17264,2.717,1.413
17265,2.693,1.413
17266,2.615,1.413
17267,2.586,1.413
17268,2.590,1.413
17269,2.654,1.413
17270,2.722,1.413
17271,2.776,1.413
17272,2.757,1.413
17273,2.727,1.413
17274,2.683,1.413
17275,2.674,1.417
17276,2.674,1.417
17277,2.688,1.417
17278,2.688,1.417
17279,2.688,1.417
17280,2.688,1.417
17281,2.678,1.417
17282,2.674,1.417
17283,2.659,1.417
17284,2.693,1.417
17285,3.162,1.417
17286,2.566,1.417
17287,2.356,1.417
17288,2.410,1.417
17289,2.708,1.417
17290,2.849,1.417
17291,2.889,1.417
17292,2.805,1.417
17293,3.045,1.417
17294,2.688,1.417
17295,2.639,1.417
17296,2.639,1.417
17297,2.659,1.417
17298,2.683,1.417
17299,2.703,1.422
17300,2.703,1.422
17301,2.688,1.417
17302,2.683,1.422
17303,2.698,1.422
17304,2.688,1.422
17305,2.669,1.422
17306,2.688,1.422
17307,2.698,1.422
17308,2.683,1.427
17309,2.674,1.427
17310,2.620,1.432
17311,2.600,1.432
17312,2.664,1.437
17313,2.542,1.442
17314,2.532,1.442
17315,2.571,1.442
17316,2.600,1.447
17317,2.639,1.452
17318,2.639,1.457
17319,2.664,1.461
17320,2.678,1.466
17321,2.693,1.476
17322,2.693,1.481
17323,2.683,1.486
17324,2.678,1.496
17325,2.717,1.500
17326,2.727,1.505
17327,2.732,1.510
17328,2.717,1.515
17329,2.713,1.520
17330,2.722,1.520
17331,2.742,1.525
17332,2.722,1.525
17333,2.713,1.525
17334,2.683,1.525
17335,2.683,1.525
17336,2.674,1.530
17337,2.693,1.530
17338,3.089,1.525
17339,2.674,1.525
17340,2.512,1.525
17341,2.561,1.525
17342,2.634,1.525
17343,2.693,1.525
17344,2.727,1.525
17345,2.698,1.525
17346,2.664,1.525
17347,2.678,1.525
17348,2.669,1.525
17349,2.688,1.525
17350,2.708,1.525
17351,2.713,1.525
17352,2.747,1.520
17353,2.595,1.520
17354,2.981,1.520
17355,2.766,1.520
17356,2.717,1.520
17357,2.698,1.520
17358,2.688,1.520
17359,2.693,1.520
17360,2.683,1.525
17361,2.659,1.520
17362,2.654,1.525
17363,2.649,1.525
17364,2.674,1.525
17365,3.094,1.520
17366,2.859,1.525
17367,2.630,1.520
17368,2.512,1.520
17369,2.512,1.525
17370,2.542,1.520
17371,2.571,1.520
17372,2.566,1.525
17373,2.571,1.525
17374,2.576,1.525
17375,2.571,1.525
17376,2.586,1.520
17377,2.625,1.525
17378,2.620,1.525
17379,2.615,1.525
17380,2.610,1.525
17381,2.605,1.525
17382,2.571,1.525
17383,2.546,1.525
17384,2.546,1.525
17385,2.561,1.525
17386,2.586,1.525
17387,2.620,1.525
17388,2.639,1.525
17389,2.630,1.525
17390,2.605,1.525
17391,2.581,1.530
17392,2.908,1.530
17393,2.517,1.530
17394,2.336,1.530
17395,2.356,1.530
17396,2.454,1.530
17397,2.556,1.530
17398,2.605,1.535
17399,2.610,1.530
17400,2.586,1.535
17401,2.571,1.535
17402,2.546,1.535
17403,2.522,1.535
17404,2.522,1.535
17405,2.537,1.535
17406,2.537,1.535
17407,2.571,1.535
17408,2.581,1.535
17409,2.576,1.535
17410,2.561,1.535
17411,2.556,1.535
17412,2.542,1.540
17413,2.537,1.535
17414,2.517,1.540
17415,2.546,1.540
17416,2.825,1.535
17417,2.566,1.535
17418,2.566,1.535
17419,2.937,1.535
17420,2.532,1.540
17421,2.375,1.540
17422,2.400,1.540
17423,2.463,1.540
17424,2.532,1.540
17425,2.561,1.540
17426,2.566,1.540
17427,2.561,1.544
17428,2.571,1.544
17429,2.581,1.544
17430,2.595,1.544
17431,2.566,1.544
17432,2.576,1.544
17433,2.546,1.544
17434,2.576,1.544
17435,2.576,1.544
17436,2.546,1.544
17437,2.537,1.549
17438,2.527,1.549
17439,2.537,1.544
17440,2.537,1.549
17441,2.542,1.549
17442,2.556,1.549
17443,2.556,1.549
17444,2.561,1.549
17445,2.546,1.549
17446,2.913,1.544
17447,2.468,1.549
17448,2.317,1.549
17449,2.346,1.549
17450,2.454,1.549
17451,2.522,1.549
17452,2.556,1.549
17453,2.537,1.549
17454,2.537,1.549
17455,2.522,1.549
17456,2.532,1.549
17457,2.542,1.549
17458,2.551,1.549
17459,2.566,1.549
17460,2.605,1.549
17461,2.595,1.549
17462,2.595,1.549
17463,2.546,1.549
17464,2.561,1.549
17465,2.556,1.549
17466,2.586,1.549
17467,2.590,1.549
17468,2.610,1.544
17469,2.625,1.544
17470,2.625,1.544
17471,2.600,1.540
17472,2.586,1.540
17473,2.972,1.540
17474,2.542,1.540
17475,2.366,1.535
17476,2.395,1.535
17477,2.717,1.530
17478,2.634,1.525
17479,2.781,1.520
17480,2.835,1.520
17481,2.737,1.510
17482,2.625,1.505
17483,2.605,1.476
17484,2.595,1.442
17485,2.630,1.422
17486,2.630,1.413
17487,2.644,1.408
17488,2.630,1.398
17489,2.620,1.388
17490,2.581,1.378
17491,2.605,1.369
17492,2.615,1.359
17493,2.630,1.349
17494,2.590,1.344
17495,2.581,1.334
17496,2.546,1.329
17497,2.537,1.325
17498,2.512,1.320
17499,2.498,1.320
17500,2.893,1.315
17501,2.439,1.315
17502,2.248,1.315
17503,2.292,1.310
17504,2.400,1.310
17505,2.463,1.310
17506,2.439,1.310
17507,2.370,1.310
17508,2.263,1.310
17509,2.190,1.310
17510,2.195,1.310
17511,2.336,1.315
17512,2.483,1.320
17513,2.600,1.329
17514,2.654,1.339
17515,2.683,1.349
17516,2.669,1.354
17517,2.644,1.359
17518,2.546,1.359
17519,2.419,1.354
17520,2.273,1.349
17521,2.283,1.349
17522,2.444,1.344
17523,2.649,1.339
17524,2.747,1.334
17525,2.776,1.334
17526,2.722,1.329
17527,3.074,1.325
17528,2.551,1.325
17529,2.326,1.325
17530,2.361,1.325
17531,2.478,1.320
17532,2.576,1.320
17533,2.625,1.320
17534,2.649,1.320
17535,2.639,1.320
17536,2.620,1.315
17537,2.590,1.315
17538,2.542,1.315
17539,2.664,1.310
17540,2.502,1.310
17541,2.566,1.310
17542,2.634,1.305
17543,2.752,1.305
17544,2.713,1.305
17545,2.625,1.305
17546,2.581,1.300
17547,2.561,1.300
17548,2.576,1.295
17549,2.600,1.295
17550,2.630,1.290
17551,2.639,1.290
17552,2.620,1.285
17553,2.576,1.285
17554,2.923,1.281
17555,2.395,1.276
17556,2.248,1.271
17557,2.331,1.271
17558,2.527,1.266
17559,2.669,1.261
17560,2.713,1.261
17561,2.664,1.256
17562,2.605,1.251
17563,2.576,1.246
17564,2.566,1.241
17565,2.586,1.241
17566,2.615,1.237
17567,2.615,1.232
17568,2.615,1.232
17569,2.634,1.227
17570,2.620,1.222
17571,2.610,1.217
17572,2.605,1.212
17573,2.581,1.212
17574,2.566,1.207
17575,2.581,1.202
17576,2.625,1.202
17577,2.654,1.197
17578,2.674,1.193
17579,2.678,1.188
17580,2.674,1.183
17581,3.074,1.178
17582,2.576,1.178
17583,2.380,1.173
17584,2.390,1.168
17585,2.502,1.168
17586,2.639,1.163
17587,2.737,1.163
17588,2.781,1.158
17589,2.752,1.153
17590,2.693,1.149
17591,2.630,1.149
17592,2.556,1.144
17593,2.458,1.139
17594,2.410,1.139
17595,2.410,1.134
17596,2.463,1.129
17597,2.522,1.129
17598,2.556,1.124
17599,2.766,1.119
17600,2.527,1.114
17601,2.493,1.114
17602,2.498,1.109
17603,2.546,1.109
17604,2.693,1.105
17605,2.708,1.100
17606,2.766,1.100
17607,2.722,1.100
17608,3.065,1.095
17609,2.542,1.095
17610,2.366,1.090
17611,2.414,1.090
17612,2.546,1.090
17613,2.649,1.085
17614,2.683,1.085
17615,2.703,1.085
17616,2.674,1.085
17617,2.649,1.085
17618,2.620,1.080
17619,2.625,1.080
17620,2.605,1.080
17621,2.610,1.080
17622,2.615,1.080
17623,2.634,1.080
17624,2.620,1.075
17625,2.620,1.075
17626,2.605,1.080
17627,2.610,1.075
17628,2.590,1.075
17629,2.571,1.080
17630,2.571,1.075
17631,2.551,1.080
17632,2.551,1.080
17633,2.566,1.075
17634,2.581,1.080
17635,3.045,1.080
17636,2.556,1.080
17637,2.346,1.080
17638,2.385,1.080
17639,2.532,1.080
17640,2.634,1.080
17641,2.688,1.080
17642,2.678,1.085
17643,2.649,1.085
17644,2.625,1.085
17645,2.605,1.085
17646,2.610,1.085
17647,2.630,1.085
17648,2.644,1.090
17649,2.644,1.090
17650,2.630,1.090
17651,2.625,1.090
17652,2.620,1.095
17653,2.625,1.095
17654,2.630,1.095
17655,2.639,1.095
17656,2.664,1.095
17657,2.708,1.100
17658,2.708,1.100
17659,2.703,1.100
17660,2.664,1.100
17661,2.869,1.100
17662,3.109,1.100
17663,2.449,1.100
17664,2.243,1.105
17665,2.302,1.105
17666,2.546,1.105
17667,2.527,1.105
17668,2.776,1.109
17669,2.815,1.109
17670,2.737,1.109
17671,2.674,1.114
17672,2.678,1.114
17673,2.693,1.114
17674,2.600,1.114
17675,2.449,1.114
17676,2.405,1.119
17677,2.449,1.119
17678,2.493,1.119
17679,2.498,1.119
17680,2.532,1.119
17681,2.581,1.124
17682,2.654,1.124
17683,2.693,1.124
17684,2.727,1.124
17685,2.722,1.129
17686,2.708,1.129
17687,2.644,1.129
17688,2.615,1.129
17689,3.055,1.129
17690,2.537,1.129
17691,2.326,1.129
17692,2.385,1.129
17693,2.546,1.129
17694,2.625,1.134
17695,2.654,1.134
17696,2.654,1.134
17697,2.654,1.134
17698,2.639,1.134
17699,2.659,1.134
17700,2.639,1.139
17701,2.644,1.139
17702,2.639,1.139
17703,2.566,1.139
17704,2.507,1.139
17705,2.532,1.139
17706,2.566,1.144
17707,2.664,1.139
17708,2.717,1.144
17709,2.722,1.144
17710,2.703,1.144
17711,2.659,1.144
17712,2.630,1.144
17713,2.600,1.144
17714,2.571,1.149
17715,2.561,1.149
17716,2.996,1.144
17717,2.468,1.149
17718,2.292,1.149
17719,2.370,1.149
17720,2.483,1.149
17721,2.708,1.149
17722,2.634,1.149
17723,2.571,1.149
17724,2.551,1.149
17725,2.561,1.153
17726,2.586,1.153
17727,2.620,1.153
17728,2.634,1.153
17729,2.727,1.153
17730,2.644,1.153
17731,2.859,1.153
17732,2.933,1.153
17733,2.893,1.153
17734,2.810,1.153
17735,2.732,1.153
17736,2.678,1.153
17737,2.659,1.153
17738,2.669,1.158
17739,2.693,1.153
17740,2.688,1.153
17741,2.703,1.153
17742,2.688,1.153
17743,3.148,1.153
17744,2.600,1.153
17745,2.400,1.153
17746,2.439,1.153
17747,2.576,1.149
17748,2.669,1.149
17749,2.703,1.149
17750,2.698,1.149
17751,2.698,1.144
17752,2.678,1.144
17753,2.683,1.144
17754,2.678,1.139
17755,2.664,1.139
17756,2.674,1.134
17757,2.664,1.129
17758,2.674,1.129
17759,2.678,1.124
17760,2.674,1.124
17761,2.654,1.119
17762,2.644,1.114
17763,2.625,1.114
17764,2.634,1.109
17765,2.678,1.105
17766,2.708,1.105
17767,2.713,1.100
17768,2.708,1.095
17769,2.674,1.095
17770,3.113,1.090
17771,2.561,1.085
17772,2.405,1.080
17773,2.488,1.080
17774,2.634,1.075
17775,2.708,1.070
17776,2.737,1.070
17777,2.713,1.070
17778,2.703,1.065
17779,2.678,1.061
17780,2.674,1.061
17781,2.688,1.056
17782,3.001,1.051
17783,2.703,1.051
17784,2.654,1.051
17785,2.620,1.046
17786,2.620,1.046
17787,2.630,1.046
17788,2.634,1.041
17789,2.639,1.041
17790,2.669,1.041
17791,2.649,1.041
17792,2.727,1.036
17793,2.576,1.036
17794,2.757,1.036
17795,2.805,1.036
17796,2.761,1.036
17797,3.182,1.031
17798,2.595,1.031
17799,2.424,1.031
17800,2.488,1.031
17801,2.644,1.031
17802,2.737,1.031
17803,2.752,1.031
17804,2.713,1.031
17805,2.683,1.031
17806,2.659,1.031
17807,2.644,1.031
17808,2.630,1.031
17809,2.654,1.036
17810,2.649,1.036
17811,2.634,1.036
17812,2.659,1.036
17813,2.683,1.036
17814,2.683,1.036
17815,2.693,1.036
17816,2.683,1.036
17817,2.664,1.041
17818,2.664,1.041
17819,2.664,1.041
17820,2.669,1.041
17821,2.683,1.041
17822,2.698,1.041
17823,2.693,1.046
17824,2.693,1.046
17825,2.615,1.046
17826,2.620,1.046
17827,2.654,1.046
17828,2.683,1.051
17829,2.683,1.051
17830,2.688,1.051
17831,2.688,1.051
17832,2.674,1.051
17833,2.683,1.051
17834,2.683,1.056
17835,2.669,1.056
17836,2.669,1.056
17837,2.669,1.061
17838,2.693,1.061
17839,2.688,1.061
17840,2.683,1.061
17841,2.669,1.061
17842,2.659,1.061
17843,2.859,1.061
17844,2.669,1.065
17845,2.644,1.065
17846,2.669,1.065
17847,2.674,1.065
17848,2.683,1.065
17849,2.674,1.065
17850,3.045,1.065
17851,2.678,1.065
17852,2.493,1.065
17853,2.522,1.070
17854,2.634,1.070
17855,2.801,1.070
17856,2.664,1.065
17857,2.840,1.070
17858,2.845,1.070
17859,2.781,1.070
17860,2.703,1.070
17861,2.683,1.070
17862,2.683,1.070
17863,2.703,1.070
17864,2.708,1.070
17865,2.703,1.070
17866,2.698,1.070
17867,2.713,1.070
17868,2.693,1.070
17869,2.688,1.070
17870,2.674,1.070
17871,2.698,1.070
