timestamp,PPG_signal,GSR_signal
1,4.453,1.017
2,4.453,1.017
3,4.453,1.017
4,4.453,1.017
5,4.453,1.017
6,4.453,1.017
7,4.453,1.017
8,4.453,1.012
9,4.453,1.017
10,4.453,1.012
11,4.453,1.017
12,4.453,1.017
13,4.453,1.012
14,3.602,1.012
15,2.693,1.012
16,2.351,1.012
17,2.375,1.012
18,2.527,1.012
19,2.669,1.012
20,2.717,1.012
21,2.708,1.007
22,2.674,1.007
23,2.644,1.007
24,2.625,1.007
25,2.639,1.007
26,2.669,1.007
27,2.664,1.002
28,2.649,1.002
29,2.561,1.002
30,2.581,1.002
31,2.551,1.002
32,2.537,1.002
33,2.532,0.997
34,2.542,0.997
35,2.586,0.997
36,2.649,0.997
37,2.693,0.997
38,2.703,0.997
39,2.683,0.997
40,2.649,0.997
41,2.620,0.992
42,2.595,0.992
43,2.586,0.992
44,2.595,0.992
45,2.590,0.992
46,2.586,0.992
47,2.571,0.992
48,2.561,0.992
49,2.551,0.992
50,2.546,0.992
51,2.546,0.992
52,2.546,0.992
53,2.546,0.992
54,2.537,0.992
55,2.542,0.992
56,2.586,0.992
57,2.639,0.992
58,2.674,0.992
59,2.678,0.992
60,2.659,0.992
61,2.586,0.992
62,2.644,0.992
63,2.576,0.992
64,2.576,0.992
65,2.649,0.992
66,2.649,0.992
67,2.449,0.992
68,2.678,0.992
69,2.683,0.992
70,2.649,0.992
71,2.595,0.992
72,2.561,0.992
73,2.546,0.992
74,2.551,0.992
75,2.576,0.992
76,2.625,0.992
77,2.674,0.992
78,2.698,0.992
79,2.693,0.992
80,2.678,0.992
81,2.654,0.992
82,2.630,0.987
83,2.610,0.987
84,2.615,0.987
85,2.630,0.987
86,2.634,0.987
87,2.625,0.987
88,2.610,0.987
89,2.600,0.987
90,2.605,0.987
91,2.605,0.987
92,2.600,0.987
93,2.551,0.987
94,2.634,0.987
95,2.659,0.987
96,2.683,0.987
97,2.713,0.987
98,2.737,0.987
99,2.732,0.987
100,2.717,0.987
101,2.693,0.987
102,2.674,0.987
103,2.664,0.987
104,2.669,0.987
105,2.669,0.987
106,2.669,0.987
107,2.659,0.987
108,2.649,0.987
109,2.639,0.987
110,2.639,0.987
111,2.639,0.987
112,2.644,0.987
113,2.639,0.987
114,2.630,0.987
115,2.649,0.992
116,2.713,0.992
117,2.796,0.992
118,2.845,0.992
119,2.835,0.992
120,2.810,0.992
121,2.781,0.992
122,2.752,0.992
123,2.737,0.992
124,2.698,0.992
125,2.805,0.992
126,2.732,0.992
127,2.708,0.992
128,2.781,0.997
129,2.815,0.997
130,2.776,0.997
131,2.713,0.997
132,2.674,0.997
133,2.659,0.997
134,2.664,0.997
135,2.717,0.997
136,2.810,1.002
137,2.879,1.002
138,2.893,1.002
139,2.879,1.002
140,2.845,1.002
141,2.810,1.002
142,2.786,1.002
143,2.781,1.007
144,2.786,1.007
145,2.796,1.007
146,2.801,1.007
147,2.796,1.007
148,2.771,1.007
149,2.766,1.007
150,2.757,1.007
151,2.742,1.012
152,2.732,1.012
153,2.722,1.012
154,2.678,1.012
155,2.840,1.012
156,2.942,1.012
157,2.981,1.012
158,2.972,1.012
159,2.942,1.012
160,2.913,1.017
161,2.889,1.017
162,2.879,1.017
163,2.869,1.017
164,2.879,1.017
165,2.884,1.017
166,2.874,1.017
167,2.849,1.017
168,2.825,1.017
169,2.791,1.022
170,2.771,1.022
171,2.761,1.022
172,2.747,1.022
173,2.742,1.022
174,2.742,1.022
175,2.786,1.022
176,2.884,1.022
177,2.972,1.022
178,3.016,1.022
179,3.016,1.017
180,3.001,1.017
181,2.967,1.017
182,2.937,1.017
183,2.923,1.017
184,2.869,1.017
185,2.981,1.012
186,2.981,1.012
187,2.933,1.012
188,2.884,1.012
189,2.752,1.007
190,2.761,1.007
191,3.074,1.007
192,3.065,1.002
193,2.933,1.002
194,2.854,1.002
195,2.893,0.997
196,2.996,0.997
197,3.069,0.997
198,3.094,0.997
199,3.065,0.992
200,3.021,0.992
201,2.967,0.992
202,2.928,0.992
203,2.913,0.987
204,2.918,0.987
205,2.908,0.987
206,2.898,0.982
207,2.869,0.982
208,2.845,0.982
209,2.830,0.982
210,2.815,0.982
211,2.801,0.978
212,2.786,0.978
213,2.771,0.978
214,2.703,0.978
215,2.893,0.978
216,3.021,0.978
217,3.079,0.978
218,3.069,0.978
219,3.030,0.973
220,2.981,0.973
221,2.937,0.973
222,2.908,0.973
223,2.903,0.973
224,2.908,0.973
225,2.918,0.973
226,2.898,0.973
227,2.869,0.973
228,2.840,0.973
229,2.825,0.973
230,2.805,0.973
231,2.781,0.973
232,2.766,0.973
233,2.761,0.973
234,2.796,0.973
235,2.893,0.973
236,3.001,0.973
237,3.055,0.973
238,3.045,0.973
239,3.021,0.973
240,2.972,0.973
241,2.918,0.973
242,2.898,0.978
243,2.889,0.978
244,2.805,0.978
245,2.942,0.978
246,2.942,0.978
247,2.884,0.978
248,2.820,0.978
249,2.771,0.978
250,2.761,0.982
251,2.698,0.982
252,2.722,0.982
253,2.752,0.982
254,2.996,0.982
255,3.089,0.982
256,3.113,0.982
257,3.065,0.987
258,3.016,0.987
259,2.972,0.987
260,2.937,0.987
261,2.903,0.987
262,2.889,0.987
263,2.884,0.992
264,2.874,0.992
265,2.859,0.992
266,2.835,0.992
267,2.805,0.992
268,2.776,0.992
269,2.757,0.992
270,2.747,0.997
271,2.742,0.997
272,2.722,0.997
273,2.713,0.997
274,2.664,0.997
275,2.933,0.997
276,3.060,0.997
277,3.065,1.002
278,3.011,1.002
279,2.952,1.002
280,2.898,1.002
281,2.854,1.002
282,2.835,1.002
283,2.845,1.002
284,2.849,1.002
285,2.840,1.007
286,2.825,1.007
287,2.815,1.007
288,2.796,1.007
289,2.771,1.007
290,2.747,1.007
291,2.732,1.007
292,2.713,1.007
293,2.698,1.012
294,2.727,1.012
295,2.825,1.012
296,2.937,1.012
297,3.001,1.012
298,2.996,1.012
299,2.967,1.012
300,2.918,1.017
301,2.864,1.017
302,2.825,1.017
303,2.805,1.017
304,2.713,1.017
305,2.884,1.017
306,2.898,1.017
307,2.825,1.017
308,2.747,1.017
309,2.693,1.022
310,2.674,1.022
311,2.664,1.022
312,2.341,1.022
313,2.801,1.022
314,2.913,1.022
315,2.776,1.022
316,2.791,1.022
317,3.011,1.022
318,3.021,1.022
319,2.947,1.022
320,2.864,1.022
321,2.796,1.026
322,2.757,1.026
323,2.747,1.026
324,2.747,1.026
325,2.747,1.026
326,2.732,1.026
327,2.713,1.026
328,2.693,1.026
329,2.678,1.026
330,2.664,1.026
331,2.644,1.026
332,2.630,1.026
333,2.625,1.026
334,2.527,1.026
335,2.713,1.026
336,2.791,1.026
337,2.845,1.026
338,2.849,1.031
339,2.825,1.026
340,2.801,1.031
341,2.771,1.031
342,2.737,1.031
343,2.713,1.031
344,2.703,1.031
345,2.708,1.031
346,2.703,1.031
347,2.688,1.031
348,2.674,1.031
349,2.664,1.031
350,2.654,1.031
351,2.639,1.031
352,2.630,1.031
353,2.625,1.031
354,2.615,1.031
355,2.610,1.031
356,2.605,1.031
357,2.639,1.031
358,2.693,1.031
359,2.761,1.031
360,2.781,1.031
361,2.771,1.031
362,2.742,1.031
363,2.703,1.031
364,2.674,1.031
365,2.664,1.031
366,2.688,1.031
367,2.688,1.031
368,2.678,1.031
369,2.659,1.031
370,2.634,1.031
371,2.620,1.036
372,2.605,1.031
373,2.468,1.031
374,2.654,1.031
375,2.717,1.036
376,2.678,1.036
377,2.625,1.036
378,2.605,1.036
379,2.571,1.036
380,2.669,1.036
381,2.884,1.036
382,2.889,1.036
383,2.815,1.036
384,2.732,1.036
385,2.669,1.036
386,2.659,1.036
387,2.659,1.036
388,2.664,1.036
389,2.674,1.036
390,2.659,1.036
391,2.654,1.036
392,2.639,1.036
393,2.625,1.036
394,2.615,1.036
395,2.546,1.036
396,2.708,1.036
397,2.732,1.041
398,2.674,1.041
399,2.620,1.041
400,2.620,1.041
401,2.674,1.041
402,2.717,1.041
403,2.742,1.041
404,2.732,1.041
405,2.713,1.041
406,2.693,1.041
407,2.674,1.041
408,2.664,1.041
409,2.664,1.041
410,2.669,1.041
411,2.674,1.046
412,2.659,1.046
413,2.649,1.046
414,2.644,1.046
415,2.644,1.046
416,2.639,1.046
417,2.634,1.046
418,2.620,1.046
419,2.630,1.046
420,2.630,1.046
421,2.634,1.046
422,2.664,1.046
423,2.713,1.046
424,2.742,1.046
425,2.669,1.046
426,2.815,1.046
427,2.820,1.051
428,2.752,1.051
429,2.683,1.051
430,2.664,1.051
431,2.669,1.051
432,2.678,1.051
433,2.674,1.051
434,2.678,1.051
435,2.586,1.051
436,2.908,1.051
437,2.918,1.051
438,2.805,1.051
439,2.683,1.051
440,2.625,1.051
441,2.625,1.056
442,2.571,1.051
443,2.664,1.051
444,2.908,1.056
445,2.928,1.056
446,2.854,1.056
447,2.781,1.056
448,2.708,1.056
449,2.698,1.056
450,2.698,1.056
451,2.727,1.056
452,2.727,1.056
453,2.722,1.056
454,2.722,1.056
455,2.639,1.056
456,2.796,1.056
457,2.805,1.061
458,2.757,1.056
459,2.713,1.061
460,2.683,1.061
461,2.669,1.061
462,2.678,1.061
463,2.693,1.061
464,2.747,1.061
465,2.801,1.061
466,2.835,1.061
467,2.840,1.061
468,2.825,1.061
469,2.820,1.061
470,2.801,1.061
471,2.781,1.061
472,2.786,1.061
473,2.786,1.061
474,2.796,1.065
475,2.791,1.065
476,2.781,1.065
477,2.776,1.065
478,2.757,1.065
479,2.757,1.065
480,2.757,1.065
481,2.742,1.065
482,2.737,1.065
483,2.737,1.065
484,2.747,1.065
485,2.742,1.065
486,2.986,1.065
487,3.074,1.065
488,3.065,1.065
489,3.011,1.065
490,2.952,1.065
491,2.908,1.065
492,2.893,1.065
493,2.898,1.065
494,2.903,1.070
495,2.776,1.065
496,2.962,1.065
497,3.006,1.065
498,2.962,1.070
499,2.889,1.070
500,2.835,1.070
501,2.815,1.070
502,2.815,1.070
503,2.815,1.070
504,2.825,1.070
505,2.761,1.070
506,2.889,1.070
507,3.177,1.070
508,3.221,1.070
509,3.157,1.070
510,3.055,1.070
511,2.977,1.070
512,2.933,1.070
513,2.928,1.070
514,2.937,1.070
515,2.879,1.070
516,3.050,1.070
517,3.055,1.070
518,2.986,1.070
519,2.918,1.075
520,2.864,1.075
521,2.849,1.075
522,2.849,1.075
523,2.859,1.075
524,2.849,1.075
525,2.864,1.075
526,2.913,1.075
527,3.011,1.075
528,3.084,1.075
529,3.109,1.075
530,3.089,1.075
531,3.060,1.075
532,3.011,1.075
533,2.972,1.075
534,2.962,1.075
535,2.977,1.075
536,2.981,1.075
537,2.967,1.075
538,2.937,1.075
539,2.933,1.075
540,2.923,1.075
541,2.903,1.080
542,2.889,1.080
543,2.879,1.080
544,2.864,1.080
545,2.766,1.080
546,2.972,1.080
547,3.065,1.080
548,3.118,1.080
549,3.133,1.080
550,3.123,1.080
551,3.094,1.080
552,3.065,1.080
553,3.021,1.080
554,3.006,1.080
555,3.001,1.080
556,3.016,1.080
557,2.908,1.080
558,3.260,1.080
559,3.245,1.080
560,3.094,1.080
561,2.947,1.085
562,2.879,1.080
563,2.864,1.085
564,2.874,1.085
565,2.879,1.085
566,2.889,1.085
567,2.933,1.085
568,2.937,1.085
569,3.172,1.085
570,3.240,1.085
571,3.201,1.085
572,3.138,1.085
573,3.074,1.085
574,3.030,1.085
575,2.923,1.085
576,3.143,1.085
577,3.172,1.085
578,3.113,1.085
579,3.030,1.085
580,2.972,1.085
581,2.947,1.085
582,2.937,1.085
583,2.933,1.085
584,2.933,1.085
585,2.928,1.090
586,2.918,1.085
587,2.937,1.090
588,3.021,1.090
589,3.118,1.090
590,3.172,1.090
591,3.162,1.090
592,3.138,1.090
593,3.104,1.090
594,3.055,1.090
595,3.040,1.090
596,3.035,1.090
597,3.045,1.090
598,3.035,1.090
599,3.025,1.090
600,3.006,1.090
601,2.981,1.090
602,2.962,1.090
603,2.947,1.090
604,2.937,1.090
605,2.820,1.090
606,3.016,1.090
607,3.060,1.090
608,3.069,1.090
609,3.118,1.090
610,3.152,1.095
611,3.157,1.095
612,3.143,1.095
613,3.123,1.095
614,3.074,1.095
615,3.050,1.095
616,3.040,1.095
617,3.050,1.095
618,2.952,1.095
619,3.162,1.095
620,3.162,1.095
621,3.069,1.095
622,2.981,1.095
623,2.928,1.095
624,2.913,1.095
625,2.913,1.095
626,2.913,1.095
627,2.903,1.095
628,2.908,1.095
629,2.991,1.095
630,3.104,1.095
631,3.069,1.095
632,3.099,1.095
633,3.319,1.095
634,3.284,1.095
635,3.172,1.095
636,2.942,1.095
637,3.118,1.095
638,3.133,1.095
639,3.089,1.100
640,3.016,1.100
641,2.967,1.095
642,2.942,1.100
643,2.933,1.100
644,2.923,1.100
645,2.918,1.100
646,2.903,1.100
647,2.893,1.100
648,2.879,1.100
649,2.879,1.100
650,2.928,1.100
651,3.025,1.100
652,3.099,1.100
653,3.133,1.100
654,3.118,1.100
655,3.084,1.100
656,3.045,1.100
657,3.011,1.100
658,2.986,1.100
659,2.991,1.100
660,2.991,1.100
661,2.981,1.100
662,2.957,1.100
663,2.933,1.100
664,2.913,1.100
665,2.893,1.105
666,2.791,1.100
667,2.986,1.100
668,3.006,1.105
669,2.928,1.105
670,2.879,1.105
671,2.913,1.105
672,3.001,1.105
673,3.069,1.105
674,3.084,1.105
675,3.069,1.105
676,3.035,1.105
677,2.996,1.105
678,2.967,1.105
679,2.537,1.105
680,3.148,1.105
681,3.289,1.105
682,3.172,1.105
683,2.977,1.105
684,2.854,1.105
685,2.805,1.105
686,2.825,1.105
687,2.835,1.105
688,2.835,1.105
689,2.840,1.105
690,2.845,1.105
691,2.825,1.105
692,2.864,1.105
693,2.952,1.109
694,2.933,1.105
695,2.972,1.105
696,3.128,1.105
697,3.309,1.105
698,3.192,1.109
699,3.025,1.109
700,2.918,1.109
701,2.879,1.109
702,2.884,1.109
703,2.889,1.109
704,2.879,1.109
705,2.864,1.109
706,2.849,1.109
707,2.835,1.109
708,2.820,1.109
709,2.810,1.109
710,2.810,1.109
711,2.801,1.109
712,2.791,1.109
713,2.815,1.109
714,2.898,1.109
715,2.977,1.109
716,3.021,1.109
717,3.006,1.109
718,2.962,1.109
719,2.937,1.109
720,2.908,1.109
721,2.893,1.109
722,2.889,1.109
723,2.893,1.114
724,2.879,1.109
725,2.869,1.114
726,2.737,1.114
727,2.942,1.114
728,2.952,1.114
729,2.884,1.114
730,2.815,1.114
731,2.771,1.114
732,2.757,1.114
733,2.766,1.114
734,2.796,1.114
735,2.864,1.114
736,2.942,1.114
737,2.972,1.114
738,2.962,1.114
739,2.942,1.114
740,2.771,1.114
741,3.045,1.114
742,3.065,1.114
743,2.977,1.114
744,2.884,1.114
745,2.820,1.114
746,2.801,1.114
747,2.796,1.114
748,2.796,1.114
749,2.805,1.114
750,2.810,1.114
751,2.796,1.114
752,2.791,1.114
753,2.781,1.114
754,2.776,1.114
755,2.810,1.114
756,2.649,1.114
757,2.908,1.114
758,3.255,1.114
759,3.196,1.114
760,3.021,1.119
761,2.874,1.119
762,2.810,1.119
763,2.825,1.119
764,2.845,1.119
765,2.859,1.119
766,2.854,1.119
767,2.845,1.119
768,2.825,1.119
769,2.815,1.119
770,2.801,1.119
771,2.805,1.119
772,2.791,1.119
773,2.810,1.119
774,2.849,1.119
775,2.923,1.119
776,2.947,1.119
777,2.952,1.119
778,2.928,1.119
779,2.918,1.119
780,2.889,1.119
781,2.874,1.119
782,2.864,1.119
783,2.874,1.119
784,2.864,1.119
785,2.854,1.119
786,2.732,1.119
787,2.952,1.119
788,2.972,1.119
789,2.903,1.119
790,2.825,1.119
791,2.791,1.119
792,2.791,1.119
793,2.859,1.119
794,2.947,1.119
795,2.981,1.119
796,2.981,1.119
797,2.967,1.119
798,2.952,1.119
799,2.923,1.119
800,2.889,1.119
801,2.473,1.119
802,3.113,1.119
803,3.280,1.119
804,3.152,1.119
805,2.957,1.119
806,2.830,1.119
807,2.781,1.119
808,2.791,1.119
809,2.815,1.119
810,2.835,1.119
811,2.835,1.119
812,2.869,1.114
813,2.933,1.114
814,2.996,1.114
815,3.025,1.114
816,2.903,1.114
817,3.113,1.109
818,3.123,1.109
819,2.859,1.109
820,2.757,1.105
821,3.118,1.105
822,3.148,1.100
823,3.050,1.100
824,2.942,1.100
825,2.884,1.095
826,2.859,1.095
827,2.854,1.095
828,2.859,1.090
829,2.854,1.090
830,2.854,1.085
831,2.854,1.085
832,2.918,1.085
833,3.006,1.080
834,3.060,1.080
835,3.084,1.075
836,3.079,1.075
837,3.050,1.075
838,3.035,1.070
839,3.001,1.070
840,2.991,1.070
841,2.991,1.065
842,2.991,1.065
843,2.986,1.065
844,2.986,1.061
845,2.986,1.061
846,2.864,1.061
847,3.109,1.056
848,3.148,1.056
849,3.074,1.056
850,2.991,1.056
851,2.962,1.056
852,3.030,1.051
853,3.133,1.051
854,3.201,1.051
855,3.226,1.051
856,3.211,1.051
857,3.162,1.051
858,3.099,1.046
859,3.060,1.046
860,3.055,1.046
861,3.065,1.046
862,2.918,1.046
863,3.221,1.041
864,3.211,1.041
865,3.084,1.041
866,2.962,1.041
867,2.879,1.041
868,2.874,1.041
869,2.879,1.041
870,2.889,1.041
871,2.898,1.041
872,2.962,1.041
873,3.055,1.041
874,3.143,1.041
875,3.177,1.041
876,3.172,1.041
877,3.152,1.041
878,3.123,1.041
879,3.079,1.041
880,3.045,1.041
881,3.021,1.041
882,3.030,1.041
883,2.918,1.036
884,2.913,1.036
885,3.196,1.036
886,3.182,1.041
887,3.065,1.041
888,2.942,1.041
889,2.889,1.041
890,2.874,1.041
891,2.879,1.041
892,2.893,1.041
893,2.947,1.041
894,3.050,1.041
895,3.143,1.041
896,3.162,1.041
897,3.143,1.046
898,3.113,1.046
899,3.079,1.046
900,3.035,1.046
901,3.021,1.046
902,3.016,1.046
903,3.011,1.046
904,3.006,1.046
905,2.991,1.046
906,2.972,1.046
907,2.854,1.046
908,3.079,1.046
909,3.089,1.051
910,3.006,1.046
911,2.923,1.051
912,2.889,1.051
913,2.933,1.051
914,3.045,1.051
915,3.148,1.051
916,3.196,1.051
917,3.187,1.051
918,3.152,1.051
919,3.099,1.051
920,3.055,1.051
921,3.045,1.051
922,3.055,1.046
923,3.074,1.051
924,2.840,1.046
925,3.407,1.046
926,3.426,1.046
927,3.201,1.046
928,3.011,1.046
929,2.913,1.046
930,2.903,1.041
931,2.933,1.041
932,2.996,1.041
933,3.104,1.041
934,3.157,1.041
935,3.167,1.041
936,3.133,1.036
937,2.991,1.036
938,3.226,1.036
939,3.226,1.036
940,3.123,1.036
941,3.025,1.031
942,2.962,1.031
943,2.933,1.031
944,2.933,1.031
945,2.947,1.031
946,2.854,1.031
947,2.908,1.026
948,3.255,1.026
949,3.255,1.026
950,3.109,1.026
951,2.957,1.026
952,2.923,1.026
953,2.991,1.026
954,3.069,1.026
955,3.094,1.026
956,3.079,1.026
957,3.025,1.026
958,3.001,1.026
959,2.981,1.026
960,2.981,1.022
961,2.996,1.022
962,3.001,1.022
963,3.001,1.026
964,2.977,1.022
965,2.957,1.022
966,2.933,1.022
967,2.805,1.022
968,3.055,1.022
969,3.079,1.022
970,3.011,1.022
971,2.996,1.022
972,3.045,1.022
973,3.089,1.022
974,3.099,1.022
975,3.079,1.022
976,3.055,1.022
977,3.016,1.022
978,3.001,1.022
979,2.991,1.022
980,2.996,1.022
981,2.986,1.022
982,2.977,1.017
983,2.957,1.017
984,2.713,1.017
985,2.996,1.012
986,3.152,1.012
987,3.089,1.012
988,2.986,1.007
989,2.923,1.007
990,2.962,1.007
991,3.040,1.002
992,3.104,1.002
993,3.123,0.997
994,3.109,0.997
995,3.069,0.992
996,3.035,0.992
997,2.884,0.987
998,3.148,0.982
999,3.182,0.978
1000,3.109,0.978
1001,3.011,0.973
1002,2.957,0.973
1003,2.933,0.968
1004,2.928,0.963
1005,2.923,0.958
1006,2.933,0.958
1007,2.962,0.953
1008,3.035,0.953
1009,2.991,0.948
1010,3.035,0.943
1011,3.387,0.938
1012,3.368,0.934
1013,3.201,0.929
1014,3.065,0.929
1015,2.996,0.924
1016,3.001,0.919
1017,3.006,0.914
1018,3.025,0.914
1019,3.021,0.909
1020,3.006,0.904
1021,2.986,0.904
1022,2.967,0.899
1023,2.952,0.894
1024,2.947,0.894
1025,2.981,0.890
1026,2.977,0.885
1027,3.309,0.885
1028,3.353,0.880
1029,3.275,0.880
1030,3.177,0.875
1031,3.099,0.875
1032,3.060,0.870
1033,3.050,0.865
1034,3.050,0.865
1035,3.050,0.860
1036,3.040,0.860
1037,3.016,0.855
1038,2.991,0.855
1039,2.972,0.850
1040,2.947,0.850
1041,2.933,0.850
1042,2.933,0.846
1043,2.928,0.846
1044,2.942,0.846
1045,3.030,0.841
1046,2.898,0.841
1047,3.583,0.836
1048,3.631,0.836
1049,3.392,0.836
1050,3.143,0.836
1051,3.001,0.836
1052,2.972,0.836
1053,2.996,0.836
1054,2.908,0.831
1055,3.187,0.831
1056,3.216,0.831
1057,3.128,0.831
1058,3.040,0.831
1059,2.981,0.831
1060,2.962,0.831
1061,2.957,0.831
1062,2.996,0.831
1063,3.089,0.831
1064,3.177,0.836
1065,3.211,0.836
1066,3.206,0.836
1067,3.177,0.836
1068,3.128,0.836
1069,3.079,0.836
1070,3.055,0.841
1071,3.055,0.841
1072,2.928,0.841
1073,2.928,0.841
1074,3.299,0.841
1075,3.275,0.846
1076,3.133,0.846
1077,2.967,0.846
1078,2.903,0.846
1079,2.884,0.846
1080,2.903,0.850
1081,2.967,0.850
1082,3.074,0.850
1083,3.157,0.850
1084,3.211,0.855
1085,3.192,0.855
1086,3.138,0.855
1087,3.084,0.855
1088,3.045,0.855
1089,3.025,0.855
1090,3.035,0.855
1091,3.040,0.860
1092,3.021,0.860
1093,2.991,0.860
1094,2.972,0.860
1095,2.952,0.860
1096,2.942,0.860
1097,2.928,0.860
1098,2.913,0.860
1099,2.893,0.860
1100,2.889,0.860
1101,2.933,0.860
1102,3.035,0.860
1103,3.128,0.860
1104,3.167,0.860
1105,3.152,0.860
1106,3.118,0.860
1107,2.825,0.860
1108,3.250,0.860
1109,3.289,0.860
1110,3.162,0.860
1111,2.884,0.860
1112,3.089,0.860
1113,3.089,0.860
1114,3.011,0.860
1115,2.937,0.860
1116,2.889,0.860
1117,2.874,0.860
1118,2.874,0.860
1119,2.869,0.860
1120,2.884,0.860
1121,2.952,0.860
1122,3.050,0.860
1123,3.113,0.860
1124,3.109,0.860
1125,3.074,0.860
1126,3.021,0.860
1127,2.981,0.860
1128,2.957,0.860
1129,2.957,0.860
1130,2.967,0.860
1131,2.962,0.865
1132,2.942,0.865
1133,2.928,0.865
1134,2.908,0.865
1135,2.678,0.865
1136,2.620,0.865
1137,3.104,0.865
1138,3.177,0.865
1139,2.869,0.865
1140,3.079,0.865
1141,3.143,0.865
1142,3.133,0.865
1143,3.079,0.865
1144,3.025,0.870
1145,2.986,0.870
1146,2.947,0.870
1147,2.937,0.870
1148,2.937,0.870
1149,2.947,0.870
1150,2.942,0.870
1151,2.937,0.870
1152,2.908,0.870
1153,2.903,0.870
1154,2.889,0.870
1155,2.874,0.870
1156,2.854,0.870
1157,2.845,0.870
1158,2.840,0.870
1159,2.864,0.870
1160,2.937,0.870
1161,3.016,0.870
1162,3.055,0.865
1163,3.045,0.870
1164,3.021,0.870
1165,2.991,0.865
1166,2.952,0.865
1167,2.918,0.865
1168,2.708,0.865
1169,3.568,0.865
1170,3.583,0.865
1171,3.245,0.865
1172,2.937,0.865
1173,2.786,0.865
1174,2.761,0.865
1175,2.805,0.865
1176,2.845,0.865
1177,2.864,0.865
1178,2.869,0.870
1179,2.923,0.870
1180,2.986,0.870
1181,3.025,0.870
1182,3.025,0.870
1183,3.011,0.870
1184,2.981,0.870
1185,2.957,0.870
1186,2.928,0.870
1187,2.928,0.870
1188,2.933,0.870
1189,2.933,0.870
1190,2.928,0.875
1191,2.913,0.875
1192,2.903,0.875
1193,2.879,0.875
1194,2.869,0.875
1195,2.869,0.875
1196,2.727,0.875
1197,3.001,0.875
1198,2.933,0.880
1199,2.923,0.880
1200,3.289,0.880
1201,3.280,0.880
1202,3.133,0.880
1203,2.991,0.880
1204,2.913,0.885
1205,2.889,0.885
1206,2.898,0.885
1207,2.923,0.885
1208,2.937,0.890
1209,2.933,0.890
1210,2.923,0.890
1211,2.908,0.890
1212,2.893,0.890
1213,2.893,0.890
1214,2.893,0.894
1215,2.884,0.894
1216,2.889,0.894
1217,2.889,0.894
1218,2.913,0.894
1219,2.967,0.899
1220,3.021,0.899
1221,3.025,0.899
1222,3.006,0.899
1223,2.981,0.899
1224,2.952,0.904
1225,2.815,0.904
1226,3.079,0.904
1227,3.104,0.904
1228,2.781,0.904
1229,3.006,0.904
1230,3.162,0.909
1231,3.104,0.909
1232,2.986,0.909
1233,2.889,0.909
1234,2.854,0.914
1235,2.859,0.914
1236,2.874,0.914
1237,2.889,0.914
1238,2.937,0.914
1239,3.011,0.914
1240,3.055,0.919
1241,3.055,0.919
1242,3.030,0.919
1243,3.006,0.919
1244,2.986,0.919
1245,2.962,0.919
1246,2.972,0.924
1247,2.972,0.924
1248,2.981,0.924
1249,2.977,0.924
1250,2.962,0.924
1251,2.947,0.924
1252,2.937,0.929
1253,2.801,0.929
1254,3.074,0.929
1255,3.099,0.929
1256,3.025,0.929
1257,2.937,0.929
1258,2.933,0.929
1259,2.981,0.934
1260,3.065,0.934
1261,2.991,0.934
1262,2.996,0.934
1263,3.353,0.934
1264,3.328,0.934
1265,3.172,0.938
1266,3.030,0.938
1267,2.986,0.938
1268,2.981,0.938
1269,2.996,0.938
1270,3.006,0.938
1271,3.006,0.938
1272,2.991,0.938
1273,2.981,0.943
1274,2.972,0.943
1275,2.967,0.943
1276,2.967,0.943
1277,2.967,0.943
1278,2.957,0.943
1279,2.996,0.943
1280,3.084,0.943
1281,3.152,0.948
1282,3.065,0.948
1283,3.319,0.948
1284,3.304,0.948
1285,3.192,0.948
1286,3.084,0.948
1287,3.045,0.948
1288,3.055,0.948
1289,3.089,0.948
1290,2.840,0.948
1291,3.514,0.948
1292,3.524,0.953
1293,3.280,0.953
1294,3.050,0.953
1295,2.942,0.953
1296,2.918,0.953
1297,2.937,0.953
1298,2.957,0.953
1299,3.001,0.958
1300,3.089,0.958
1301,3.177,0.958
1302,3.211,0.958
1303,3.206,0.958
1304,3.162,0.958
1305,3.128,0.958
1306,3.089,0.958
1307,3.084,0.958
1308,3.094,0.963
1309,3.104,0.963
1310,2.957,0.963
1311,3.221,0.963
1312,3.226,0.963
1313,3.118,0.963
1314,3.021,0.963
1315,2.972,0.963
1316,2.933,0.963
1317,2.947,0.963
1318,2.962,0.963
1319,2.991,0.968
1320,3.069,0.968
1321,3.167,0.968
1322,3.221,0.968
1323,3.216,0.968
1324,3.045,0.968
1325,2.981,0.968
1326,3.338,0.968
1327,3.343,0.968
1328,3.216,0.968
1329,3.094,0.968
1330,3.021,0.968
1331,2.986,0.968
1332,2.972,0.973
1333,2.996,0.973
1334,3.006,0.973
1335,2.996,0.973
1336,2.977,0.973
1337,2.962,0.973
1338,2.947,0.973
1339,3.025,0.973
1340,3.167,0.973
1341,3.240,0.973
1342,3.231,0.973
1343,3.177,0.973
1344,3.094,0.973
1345,3.040,0.973
1346,3.021,0.973
1347,3.045,0.973
1348,3.074,0.973
1349,3.074,0.973
1350,3.055,0.973
1351,2.820,0.973
1352,3.265,0.973
1353,3.284,0.973
1354,3.148,0.973
1355,2.996,0.968
1356,2.913,0.968
1357,2.913,0.968
1358,3.030,0.968
1359,3.162,0.968
1360,3.245,0.968
1361,3.260,0.968
1362,3.211,0.968
1363,3.128,0.963
1364,3.065,0.963
1365,3.035,0.963
1366,3.055,0.963
1367,2.952,0.958
1368,3.245,0.958
1369,3.240,0.958
1370,3.138,0.958
1371,3.030,0.958
1372,2.977,0.958
1373,2.957,0.953
1374,2.977,0.953
1375,2.981,0.953
1376,3.021,0.953
1377,3.138,0.953
1378,3.231,0.953
1379,3.260,0.948
1380,3.236,0.948
1381,3.182,0.948
1382,3.123,0.948
1383,3.094,0.948
1384,3.094,0.948
1385,3.104,0.948
1386,3.113,0.943
1387,2.879,0.943
1388,2.801,0.943
1389,3.324,0.943
1390,3.353,0.943
1391,3.196,0.943
1392,3.050,0.943
1393,2.962,0.943
1394,2.991,0.943
1395,2.986,0.943
1396,3.412,0.943
1397,3.490,0.943
1398,3.387,0.943
1399,3.236,0.943
1400,3.133,0.943
1401,3.084,0.943
1402,3.099,0.943
1403,3.118,0.943
1404,3.138,0.943
1405,3.123,0.943
1406,3.084,0.943
1407,3.069,0.943
1408,3.055,0.943
1409,3.030,0.943
1410,3.030,0.943
1411,3.016,0.943
1412,2.473,0.943
1413,3.348,0.943
1414,3.734,0.943
1415,3.661,0.943
1416,3.431,0.943
1417,3.236,0.943
1418,3.138,0.948
1419,3.104,0.948
1420,3.118,0.948
1421,3.138,0.948
1422,3.152,0.948
1423,3.152,0.948
1424,2.991,0.948
1425,3.250,0.948
1426,3.289,0.948
1427,3.221,0.948
1428,3.143,0.953
1429,3.099,0.953
1430,3.060,0.953
1431,3.079,0.953
1432,3.157,0.953
1433,3.289,0.953
1434,3.363,0.953
1435,3.382,0.953
1436,3.343,0.958
1437,3.309,0.958
1438,3.255,0.958
1439,3.221,0.958
1440,3.211,0.958
1441,3.216,0.958
1442,3.211,0.958
1443,3.201,0.958
1444,3.182,0.958
1445,3.157,0.963
1446,3.133,0.963
1447,3.118,0.963
1448,3.104,0.963
1449,3.089,0.963
1450,2.859,0.963
1451,2.840,0.963
1452,3.402,0.963
1453,3.817,0.968
1454,3.739,0.968
1455,3.490,0.968
1456,3.284,0.968
1457,3.187,0.968
1458,3.162,0.968
1459,3.182,0.968
1460,3.206,0.968
1461,3.211,0.973
1462,3.192,0.973
1463,3.177,0.973
1464,3.148,0.973
1465,3.118,0.973
1466,3.089,0.973
1467,3.094,0.973
1468,3.084,0.973
1469,3.074,0.978
1470,3.065,0.978
1471,3.094,0.978
1472,3.206,0.978
1473,3.074,0.978
1474,3.636,0.978
1475,3.675,0.978
1476,3.490,0.978
1477,3.284,0.978
1478,3.167,0.978
1479,3.138,0.982
1480,3.148,0.982
1481,3.035,0.982
1482,3.338,0.982
1483,3.348,0.982
1484,3.240,0.982
1485,3.133,0.982
1486,3.065,0.982
1487,3.035,0.982
1488,3.040,0.982
1489,3.040,0.982
1490,3.050,0.987
1491,3.109,0.987
1492,3.211,0.987
1493,3.294,0.987
1494,3.324,0.987
1495,3.309,0.987
1496,3.245,0.987
1497,3.216,0.987
1498,3.177,0.987
1499,3.167,0.987
1500,3.157,0.987
1501,3.162,0.992
1502,3.143,0.992
1503,3.109,0.992
1504,3.084,0.992
1505,3.074,0.992
1506,3.065,0.992
1507,3.055,0.992
1508,3.050,0.992
1509,2.874,0.992
1510,3.187,0.992
1511,3.260,0.992
1512,3.270,0.992
1513,3.128,0.992
1514,3.324,0.992
1515,3.338,0.997
1516,3.275,0.997
1517,3.201,0.997
1518,3.143,0.997
1519,3.123,0.997
1520,3.128,0.997
1521,3.133,0.997
1522,3.118,0.997
1523,3.099,0.997
1524,3.074,0.997
1525,3.050,0.997
1526,3.016,0.997
1527,3.025,0.997
1528,3.021,0.997
1529,3.021,1.002
1530,3.040,1.002
1531,3.118,1.002
1532,3.201,1.002
1533,3.231,1.002
1534,3.231,1.002
1535,2.830,1.002
1536,3.773,1.002
1537,3.793,1.002
1538,3.255,1.002
1539,3.275,1.002
1540,3.182,1.002
1541,3.074,1.002
1542,3.016,1.002
1543,2.986,1.002
1544,2.986,1.007
1545,2.996,1.007
1546,2.991,1.007
1547,2.981,1.007
1548,2.977,1.007
1549,2.986,1.007
1550,3.016,1.007
1551,3.094,1.007
1552,3.162,1.007
1553,3.182,1.007
1554,3.172,1.007
1555,3.143,1.007
1556,3.089,1.007
1557,3.065,1.007
1558,3.055,1.007
1559,3.050,1.007
1560,3.050,1.007
1561,3.040,1.012
1562,3.021,1.012
1563,3.006,1.012
1564,3.001,1.012
1565,2.986,1.012
1566,2.825,1.012
1567,3.143,1.012
1568,3.167,1.012
1569,3.060,1.012
1570,2.972,1.012
1571,2.986,1.012
1572,3.045,1.012
1573,3.104,1.012
1574,3.118,1.012
1575,3.123,1.012
1576,2.957,1.012
1577,2.913,1.012
1578,3.348,1.012
1579,3.348,1.012
1580,3.192,1.017
1581,3.040,1.017
1582,2.962,1.017
1583,2.942,1.017
1584,2.957,1.017
1585,2.962,1.017
1586,2.962,1.017
1587,2.972,1.017
1588,2.957,1.017
1589,2.952,1.017
1590,2.942,1.017
1591,2.942,1.017
1592,2.996,1.017
1593,3.045,1.017
1594,3.074,1.017
1595,2.805,1.012
1596,3.128,1.012
1597,3.348,1.012
1598,3.265,1.012
1599,3.104,1.012
1600,2.996,1.017
1601,2.962,1.017
1602,2.967,1.017
1603,2.977,1.017
1604,2.977,1.017
1605,2.981,1.017
1606,2.972,1.017
1607,2.962,1.017
1608,2.962,1.017
1609,2.947,1.017
1610,2.952,1.017
1611,2.957,1.017
1612,2.996,1.017
1613,3.050,1.017
1614,3.089,1.017
1615,3.079,1.017
1616,3.050,1.017
1617,3.040,1.017
1618,3.021,1.017
1619,3.011,1.017
1620,3.011,1.017
1621,3.021,1.012
1622,3.021,1.007
1623,2.874,1.002
1624,3.162,0.997
1625,3.172,0.992
1626,3.074,0.987
1627,2.986,0.982
1628,2.957,0.982
1629,2.952,0.982
1630,2.952,0.978
1631,2.957,0.978
1632,2.967,0.978
1633,3.011,0.973
1634,3.069,0.973
1635,3.104,0.973
1636,3.109,0.968
1637,3.089,0.968
1638,3.065,0.968
1639,2.830,0.968
1640,2.757,0.968
1641,3.333,0.968
1642,3.387,0.978
1643,3.236,0.987
1644,3.084,0.997
1645,3.001,1.002
1646,2.967,1.007
1647,2.991,1.012
1648,3.016,1.012
1649,3.025,1.017
1650,3.021,1.017
1651,2.874,1.017
1652,3.157,1.022
1653,3.201,1.022
1654,3.162,1.022
1655,3.148,1.022
1656,3.138,1.022
1657,2.859,1.022
1658,3.612,1.022
1659,3.641,1.022
1660,3.382,1.026
1661,3.128,1.026
1662,3.025,1.026
1663,3.021,1.026
1664,3.035,1.026
1665,3.060,1.026
1666,3.074,1.026
1667,3.065,1.026
1668,3.050,1.026
1669,3.040,1.026
1670,3.030,1.026
1671,3.030,1.026
1672,3.025,1.031
1673,3.040,1.031
1674,3.109,1.031
1675,3.192,1.031
1676,3.231,1.031
1677,3.236,1.031
1678,3.211,1.031
1679,3.162,1.031
1680,2.991,1.031
1681,3.895,1.031
1682,3.861,1.031
1683,3.470,1.031
1684,3.138,1.031
1685,2.981,1.031
1686,2.972,1.031
1687,3.006,1.031
1688,3.050,1.031
1689,3.065,1.036
1690,3.084,1.036
1691,3.060,1.036
1692,3.040,1.036
1693,3.074,1.036
1694,3.162,1.036
1695,3.245,1.036
1696,3.284,1.036
1697,3.255,1.036
1698,3.221,1.036
1699,3.177,1.036
1700,3.148,1.036
1701,2.918,1.036
1702,3.211,1.036
1703,3.275,1.036
1704,3.231,1.036
1705,3.148,1.036
1706,3.113,1.036
1707,3.094,1.036
1708,2.933,1.036
1709,3.240,1.041
1710,3.270,1.041
1711,3.182,1.041
1712,3.084,1.041
1713,3.074,1.041
1714,3.162,1.041
1715,3.250,1.041
1716,3.011,1.041
1717,3.338,1.041
1718,3.539,1.041
1719,3.421,1.041
1720,3.245,1.041
1721,3.148,1.041
1722,3.118,1.041
1723,3.118,1.041
1724,3.123,1.041
1725,3.128,1.046
1726,3.113,1.046
1727,3.099,1.046
1728,3.084,1.046
1729,3.084,1.046
1730,3.065,1.046
1731,3.060,1.046
1732,3.084,1.046
1733,3.148,1.046
1734,3.240,1.046
1735,3.265,1.046
1736,3.284,1.046
1737,3.123,1.046
1738,3.377,1.046
1739,3.363,1.046
1740,3.270,1.046
1741,3.182,1.046
1742,3.143,1.046
1743,3.128,1.046
1744,3.128,1.046
1745,3.118,1.046
1746,3.109,1.046
1747,3.099,1.046
1748,3.084,1.046
1749,3.079,1.051
1750,3.074,1.051
1751,3.079,1.051
1752,3.143,1.051
1753,3.240,1.051
1754,3.309,1.051
1755,3.309,1.051
1756,3.284,1.051
1757,3.226,1.051
1758,3.187,1.051
1759,3.167,1.051
1760,3.172,1.051
1761,3.182,1.051
1762,3.187,1.051
1763,3.172,1.051
1764,2.923,1.051
1765,2.972,1.051
1766,3.646,1.051
1767,3.636,1.051
1768,3.363,1.051
1769,3.128,1.051
1770,3.016,1.051
1771,3.065,1.051
1772,3.187,1.056
1773,3.299,1.056
1774,3.338,1.056
1775,3.328,1.056
1776,3.275,1.056
1777,3.240,1.056
1778,2.937,1.051
1779,3.983,1.051
1780,3.993,1.056
1781,3.607,1.056
1782,3.236,1.056
1783,3.060,1.056
1784,3.035,1.056
1785,3.084,1.056
1786,3.128,1.056
1787,3.148,1.056
1788,3.138,1.051
1789,3.113,1.041
1790,3.162,1.031
1791,3.255,1.002
1792,3.333,0.963
1793,3.363,0.943
1794,3.192,0.968
1795,3.470,0.968
1796,3.446,0.963
1797,3.324,0.973
1798,3.240,0.992
1799,3.196,1.007
1800,3.192,1.012
1801,3.192,0.992
1802,3.192,0.973
1803,3.167,0.948
1804,3.148,0.934
1805,3.133,0.919
1806,3.128,0.938
1807,3.109,0.963
1808,3.104,0.978
1809,3.143,0.987
1810,3.250,0.978
1811,3.338,0.968
1812,3.368,0.963
1813,3.348,0.968
1814,3.304,0.968
1815,3.245,0.968
1816,3.231,0.968
1817,3.236,0.968
1818,3.236,0.973
1819,3.236,0.987
1820,3.216,1.007
1821,3.192,1.022
1822,3.016,1.031
1823,3.328,1.041
1824,3.328,1.046
1825,3.236,1.051
1826,3.148,1.051
1827,2.962,1.056
1828,3.069,1.056
1829,3.666,1.056
1830,3.739,1.061
1831,3.563,1.061
1832,3.382,1.061
1833,3.255,1.061
1834,3.196,1.061
1835,3.196,1.065
1836,3.231,1.065
1837,3.240,1.065
1838,2.918,1.065
1839,3.275,1.065
1840,3.529,1.065
1841,3.436,1.065
1842,3.255,1.065
1843,3.109,1.065
1844,3.065,1.065
1845,3.055,1.065
1846,3.084,1.065
1847,3.157,1.065
1848,3.289,1.065
1849,3.392,1.065
1850,3.412,1.065
1851,3.392,1.070
1852,3.348,1.070
1853,3.284,1.070
1854,3.211,1.070
1855,3.216,1.070
1856,3.231,1.070
1857,3.236,1.070
1858,3.211,1.070
1859,3.196,1.070
1860,3.172,1.070
1861,3.148,1.070
1862,3.118,1.070
1863,3.104,1.070
1864,3.104,1.070
1865,3.094,1.070
1866,3.084,1.070
1867,3.123,1.070
1868,3.236,1.070
1869,3.338,1.070
1870,3.377,1.070
1871,3.358,1.070
1872,3.314,1.070
1873,3.260,1.070
1874,3.221,1.070
1875,3.211,1.070
1876,3.211,1.070
1877,3.201,1.075
1878,3.192,1.070
1879,2.996,1.070
1880,3.348,1.070
1881,3.363,1.070
1882,3.250,1.075
1883,3.133,1.075
1884,3.040,1.075
1885,3.040,1.075
1886,3.050,1.075
1887,3.084,1.075
1888,3.206,1.075
1889,3.314,1.075
1890,3.089,1.075
1891,2.972,1.075
1892,3.597,1.075
1893,3.612,1.075
1894,3.407,1.075
1895,3.226,1.075
1896,3.143,1.075
1897,3.128,1.075
1898,3.143,1.075
1899,3.143,1.075
1900,2.454,1.075
1901,3.348,1.075
1902,3.685,1.075
1903,3.519,1.075
1904,3.226,1.075
1905,3.016,1.075
1906,2.962,1.075
1907,2.908,1.075
1908,3.416,1.075
1909,3.548,1.075
1910,3.441,1.075
1911,3.299,1.080
1912,3.172,1.080
1913,3.123,1.080
1914,3.109,1.080
1915,3.157,1.080
1916,3.182,1.080
1917,3.187,1.080
1918,3.148,1.080
1919,3.133,1.080
1920,3.104,1.080
1921,3.084,1.080
1922,3.069,1.080
1923,3.050,1.080
1924,3.030,1.080
1925,3.021,1.080
1926,3.055,1.080
1927,3.157,1.080
1928,3.245,1.080
1929,3.284,1.080
1930,3.260,1.080
1931,3.211,1.080
1932,3.157,1.080
1933,3.128,1.080
1934,3.113,1.080
1935,3.138,1.085
1936,2.967,1.080
1937,3.299,1.080
1938,3.309,1.080
1939,3.182,1.085
1940,3.045,1.085
1941,2.977,1.085
1942,2.962,1.085
1943,2.981,1.085
1944,2.967,1.085
1945,2.991,1.085
1946,2.991,1.085
1947,3.050,1.085
1948,3.118,1.085
1949,3.162,1.085
1950,3.157,1.085
1951,3.143,1.085
1952,3.118,1.085
1953,2.825,1.085
1954,2.693,1.085
1955,3.372,1.085
1956,3.460,1.085
1957,3.289,1.085
1958,3.084,1.085
1959,2.977,1.085
1960,2.967,1.085
1961,2.669,1.085
1962,3.333,1.085
1963,3.412,1.085
1964,3.006,1.085
1965,3.206,1.085
1966,3.187,1.085
1967,3.133,1.085
1968,3.113,1.085
1969,3.113,1.085
1970,3.104,1.090
1971,3.094,1.090
1972,3.079,1.090
1973,3.055,1.090
1974,3.040,1.090
1975,3.050,1.090
1976,3.060,1.090
1977,3.040,1.090
1978,3.030,1.090
1979,3.006,1.090
1980,2.991,1.090
1981,2.977,1.090
1982,2.996,1.090
1983,2.996,1.090
1984,2.986,1.090
1985,2.977,1.090
1986,2.977,1.090
1987,3.011,1.090
1988,3.050,1.090
1989,3.069,1.090
1990,3.069,1.090
1991,3.060,1.090
1992,3.035,1.090
1993,2.864,1.090
1994,3.192,1.090
1995,3.221,1.090
1996,3.128,1.095
1997,3.030,1.095
1998,2.977,1.090
1999,2.957,1.095
2000,2.952,1.095
2001,2.952,1.095
2002,2.957,1.095
2003,2.967,1.095
2004,2.947,1.095
2005,2.957,1.095
2006,2.977,1.095
2007,2.986,1.095
2008,3.021,1.095
2009,3.025,1.095
2010,3.030,1.095
2011,3.011,1.095
2012,2.996,1.095
2013,2.981,1.095
2014,2.991,1.095
2015,2.996,1.095
2016,2.766,1.095
2017,2.678,1.095
2018,3.319,1.095
2019,3.368,1.095
2020,3.201,1.095
2021,2.864,1.095
2022,2.815,1.090
2023,3.666,1.095
2024,3.646,1.095
2025,3.319,1.095
2026,3.050,1.095
2027,2.952,1.095
2028,2.947,1.095
2029,2.996,1.095
2030,3.030,1.095
2031,3.035,1.095
2032,3.025,1.095
2033,3.001,1.095
2034,3.016,1.095
2035,3.025,1.095
2036,3.021,1.095
2037,3.021,1.095
2038,3.011,1.095
2039,3.011,1.095
2040,2.996,1.095
2041,2.996,1.095
2042,3.001,1.095
2043,3.006,1.095
2044,3.025,1.095
2045,3.060,1.095
2046,3.099,1.095
2047,3.099,1.095
2048,3.084,1.095
2049,3.060,1.095
2050,2.928,1.095
2051,3.231,1.095
2052,3.255,1.095
2053,3.167,1.095
2054,3.079,1.095
2055,3.025,1.095
2056,3.011,1.095
2057,3.025,1.095
2058,3.040,1.095
2059,3.045,1.095
2060,3.050,1.095
2061,3.045,1.095
2062,3.045,1.095
2063,3.055,1.100
2064,3.118,1.100
2065,3.172,1.095
2066,3.177,1.100
2067,3.172,1.100
2068,3.162,1.100
2069,3.138,1.100
2070,3.133,1.100
2071,3.123,1.100
2072,3.128,1.100
2073,3.138,1.100
2074,3.143,1.100
2075,3.133,1.100
2076,3.118,1.100
2077,3.118,1.100
2078,2.981,1.100
2079,3.172,1.100
2080,3.177,1.100
2081,3.539,1.100
2082,3.162,1.100
2083,3.421,1.100
2084,3.622,1.100
2085,3.539,1.100
2086,3.377,1.100
2087,3.260,1.100
2088,3.196,1.100
2089,3.196,1.100
2090,3.216,1.100
2091,3.240,1.100
2092,3.240,1.100
2093,3.216,1.100
2094,3.211,1.100
2095,3.201,1.100
2096,3.167,1.100
2097,3.162,1.100
2098,3.152,1.100
2099,3.138,1.100
2100,3.123,1.100
2101,3.138,1.100
2102,3.196,1.100
2103,3.299,1.100
2104,3.377,1.100
2105,3.407,1.100
2106,3.382,1.100
2107,3.363,1.100
2108,3.338,1.100
2109,3.299,1.100
2110,3.270,1.100
2111,3.260,1.100
2112,3.250,1.100
2113,3.250,1.100
2114,3.231,1.100
2115,3.216,1.100
2116,3.192,1.100
2117,3.192,1.100
2118,3.172,1.100
2119,3.157,1.100
2120,3.143,1.100
2121,3.138,1.100
2122,3.157,1.100
2123,3.245,1.100
2124,3.348,1.100
2125,3.421,1.100
2126,3.416,1.100
2127,3.387,1.100
2128,3.348,1.100
2129,3.299,1.100
2130,3.270,1.100
2131,3.260,1.100
2132,3.260,1.100
2133,3.275,1.100
2134,3.255,1.100
2135,3.074,1.095
2136,3.392,1.100
2137,3.402,1.100
2138,3.294,1.100
2139,3.172,1.100
2140,3.104,1.100
2141,3.104,1.100
2142,2.928,1.100
2143,2.981,1.095
2144,3.138,1.095
2145,3.993,1.095
2146,4.115,1.095
2147,3.759,1.095
2148,3.363,1.100
2149,3.152,1.100
2150,3.123,1.100
2151,3.162,1.100
2152,3.211,1.100
2153,3.201,1.100
2154,3.192,1.100
2155,3.167,1.100
2156,3.157,1.100
2157,3.148,1.100
2158,3.133,1.100
2159,3.123,1.100
2160,3.113,1.100
2161,3.162,1.100
2162,3.255,1.100
2163,3.148,1.100
2164,3.548,1.100
2165,3.578,1.105
2166,3.451,1.105
2167,3.299,1.105
2168,3.221,1.105
2169,3.187,1.105
2170,3.192,1.105
2171,3.206,1.105
2172,3.221,1.105
2173,3.201,1.105
2174,3.177,1.105
2175,3.157,1.105
2176,3.152,1.105
2177,3.143,1.105
2178,3.118,1.105
2179,3.104,1.105
2180,3.094,1.105
2181,3.109,1.105
2182,3.172,1.105
2183,3.231,1.105
2184,3.324,1.105
2185,3.348,1.100
2186,3.324,1.100
2187,3.284,1.100
2188,3.250,1.100
2189,3.216,1.100
2190,3.201,1.100
2191,3.201,1.100
2192,3.040,1.100
2193,3.387,1.100
2194,3.407,1.100
2195,3.275,1.100
2196,3.162,1.095
2197,3.099,1.100
2198,3.079,1.095
2199,3.084,1.095
2200,3.089,1.095
2201,3.094,1.095
2202,3.089,1.095
2203,3.143,1.095
2204,3.231,1.095
2205,2.688,1.090
2206,3.280,1.090
2207,4.130,1.090
2208,3.983,1.090
2209,3.534,1.090
2210,3.182,1.090
2211,3.055,1.090
2212,3.074,1.090
2213,3.123,1.085
2214,3.187,1.085
2215,3.206,1.085
2216,3.177,1.085
2217,3.138,1.085
2218,3.118,1.080
2219,3.113,1.080
2220,2.903,1.080
2221,3.289,1.075
2222,3.377,1.075
2223,3.358,1.075
2224,3.299,1.075
2225,3.245,1.070
2226,3.221,1.070
2227,3.226,1.070
2228,3.211,1.065
2229,3.182,1.065
2230,3.167,1.065
2231,3.177,1.061
2232,3.162,1.061
2233,3.157,1.061
2234,3.143,1.056
2235,3.133,1.056
2236,3.109,1.056
2237,3.099,1.051
2238,3.079,1.051
2239,3.074,1.051
2240,3.065,1.046
2241,3.060,1.046
2242,3.060,1.046
2243,3.089,1.046
2244,3.172,1.046
2245,3.240,1.041
2246,3.265,1.041
2247,3.255,1.041
2248,3.236,1.041
2249,3.045,1.036
2250,3.387,1.036
2251,3.416,1.036
2252,3.299,1.036
2253,3.187,1.036
2254,3.104,1.036
2255,3.079,1.036
2256,3.074,1.036
2257,3.079,1.031
2258,3.069,1.031
2259,3.084,1.031
2260,3.079,1.031
2261,3.074,1.031
2262,3.060,1.031
2263,3.065,1.031
2264,3.104,1.031
2265,3.182,1.031
2266,3.226,1.031
2267,2.517,1.026
2268,3.270,1.026
2269,3.465,1.026
2270,3.910,1.026
2271,3.671,1.031
2272,3.304,1.031
2273,3.079,1.031
2274,3.021,1.031
2275,3.045,1.031
2276,3.074,1.031
2277,2.898,1.031
2278,3.284,1.031
2279,3.314,1.031
2280,3.196,1.031
2281,3.069,1.031
2282,3.021,1.031
2283,3.074,1.031
2284,3.157,1.031
2285,3.206,1.031
2286,3.226,1.031
2287,3.216,1.031
2288,3.177,1.031
2289,3.143,1.031
2290,3.118,1.031
2291,3.118,1.031
2292,3.113,1.031
2293,3.109,1.031
2294,3.099,1.031
2295,3.084,1.031
2296,3.065,1.031
2297,3.060,1.031
2298,3.050,1.031
2299,3.045,1.031
2300,3.035,1.031
2301,3.021,1.026
2302,3.050,1.031
2303,3.109,1.026
2304,3.187,1.026
2305,3.221,1.026
2306,3.045,1.026
2307,3.382,1.026
2308,3.372,1.026
2309,3.236,1.026
2310,3.113,1.026
2311,3.055,1.026
2312,3.045,1.026
2313,3.045,1.026
2314,3.060,1.026
2315,3.060,1.026
2316,3.045,1.026
2317,3.030,1.026
2318,3.021,1.026
2319,3.011,1.026
2320,3.006,1.026
2321,2.996,1.026
2322,3.011,1.031
2323,3.069,1.031
2324,3.143,1.031
2325,3.182,1.031
2326,3.182,1.031
2327,3.182,1.031
2328,2.771,1.026
2329,3.436,1.031
2330,3.514,1.031
2331,3.045,1.031
2332,2.693,1.031
2333,3.363,1.031
2334,3.231,1.031
2335,3.402,1.031
2336,3.319,1.031
2337,3.182,1.031
2338,3.099,1.031
2339,3.060,1.031
2340,3.060,1.036
2341,3.074,1.036
2342,3.104,1.036
2343,3.157,1.036
2344,3.221,1.036
2345,3.245,1.036
2346,3.255,1.036
2347,3.231,1.036
2348,3.192,1.036
2349,3.152,1.036
2350,3.143,1.036
2351,3.138,1.041
2352,3.143,1.041
2353,3.143,1.041
2354,3.138,1.041
2355,3.128,1.041
2356,3.109,1.041
2357,3.089,1.041
2358,3.084,1.041
2359,3.074,1.046
2360,3.069,1.046
2361,3.069,1.046
2362,3.104,1.046
2363,3.201,1.046
2364,3.231,1.046
2365,3.221,1.046
2366,3.196,1.046
2367,3.167,1.046
2368,3.148,1.051
2369,3.128,1.051
2370,3.118,1.051
2371,3.109,1.051
2372,3.113,1.051
2373,3.109,1.051
2374,3.104,1.051
2375,3.089,1.051
2376,3.079,1.051
2377,3.074,1.051
2378,3.074,1.056
2379,3.065,1.056
2380,3.060,1.056
2381,3.055,1.056
2382,3.109,1.056
2383,3.187,1.056
2384,3.236,1.056
2385,3.245,1.056
2386,3.250,1.056
2387,3.216,1.061
2388,3.177,1.061
2389,3.152,1.061
2390,2.771,1.056
2391,3.622,1.056
2392,3.949,1.061
2393,3.661,1.061
2394,3.030,1.061
2395,3.143,1.061
2396,3.143,1.061
2397,3.123,1.061
2398,3.113,1.065
2399,3.099,1.065
2400,3.109,1.065
2401,3.143,1.065
2402,3.236,1.065
2403,3.289,1.065
2404,3.314,1.065
2405,3.289,1.065
2406,3.255,1.065
2407,3.221,1.065
2408,3.201,1.065
2409,3.192,1.070
2410,3.201,1.070
2411,3.201,1.070
2412,3.192,1.070
2413,3.177,1.070
2414,3.162,1.070
2415,3.148,1.070
2416,3.143,1.070
2417,3.138,1.070
2418,3.138,1.070
2419,2.952,1.070
2420,3.328,1.070
2421,3.421,1.070
2422,3.416,1.075
2423,3.368,1.075
2424,3.333,1.075
2425,3.304,1.075
2426,3.270,1.075
2427,3.240,1.075
2428,3.226,1.075
2429,3.231,1.075
2430,3.236,1.075
2431,3.236,1.075
2432,3.226,1.075
2433,3.201,1.075
2434,3.177,1.075
2435,3.162,1.075
2436,3.152,1.075
2437,3.138,1.075
2438,3.128,1.080
2439,3.113,1.080
2440,3.138,1.080
2441,3.211,1.080
2442,3.309,1.080
2443,3.363,1.080
2444,3.363,1.080
2445,3.333,1.080
2446,3.304,1.080
2447,3.260,1.080
2448,3.094,1.080
2449,3.451,1.080
2450,3.128,1.080
2451,3.421,1.080
2452,3.612,1.080
2453,3.465,1.080
2454,3.289,1.080
2455,3.167,1.085
2456,3.113,1.085
2457,2.889,1.085
2458,4.208,1.061
2459,4.443,1.056
2460,4.443,1.056
2461,4.443,1.056
2462,4.443,1.056
2463,4.443,1.061
2464,4.443,1.065
2465,4.448,1.070
2466,4.448,1.075
2467,4.272,1.080
2468,3.456,1.080
2469,3.079,1.085
2470,3.065,1.085
2471,3.196,1.085
2472,3.304,1.085
2473,3.328,1.085
2474,3.324,1.085
2475,3.284,1.085
2476,3.060,1.085
2477,3.426,1.085
2478,3.451,1.085
2479,3.348,1.085
2480,3.240,1.085
2481,3.226,1.085
2482,3.304,1.085
2483,3.407,1.085
2484,3.446,1.085
2485,3.451,1.085
2486,3.416,1.085
2487,3.392,1.085
2488,3.353,1.085
2489,3.348,1.085
2490,3.333,1.085
2491,3.343,1.085
2492,3.333,1.085
2493,3.309,1.085
2494,3.289,1.085
2495,3.265,1.085
2496,3.265,1.080
2497,3.255,1.080
2498,3.245,1.080
2499,3.231,1.080
2500,3.211,1.080
2501,3.196,1.080
2502,3.211,1.080
2503,3.309,1.075
2504,3.416,1.075
2505,3.314,1.075
2506,3.680,1.075
2507,3.710,1.070
2508,3.553,1.070
2509,2.644,1.065
2510,3.568,1.065
2511,3.978,1.065
2512,3.827,1.065
2513,3.524,1.065
2514,3.294,1.061
2515,3.201,1.061
2516,3.192,1.061
2517,3.206,1.061
2518,3.236,1.056
2519,3.240,1.056
2520,2.957,1.056
2521,2.810,1.051
2522,3.548,1.051
2523,3.641,1.051
2524,3.529,1.051
2525,3.431,1.051
2526,3.421,1.051
2527,3.446,1.046
2528,3.436,1.046
2529,3.421,1.046
2530,3.392,1.046
2531,3.358,1.046
2532,3.343,1.046
2533,3.138,1.041
2534,3.539,1.041
2535,3.578,1.041
2536,3.436,1.041
2537,3.284,1.041
2538,3.206,1.041
2539,3.187,1.041
2540,3.177,1.041
2541,3.196,1.041
2542,3.192,1.041
2543,3.192,1.041
2544,3.172,1.041
2545,3.211,1.041
2546,3.314,1.041
2547,3.412,1.041
2548,3.460,1.041
2549,3.465,1.041
2550,3.426,1.041
2551,3.397,1.041
2552,3.348,1.041
2553,3.324,1.041
2554,3.314,1.041
2555,3.280,1.041
2556,3.299,1.041
2557,3.294,1.041
2558,3.265,1.041
2559,3.250,1.041
2560,3.216,1.041
2561,3.201,1.041
2562,3.006,1.041
2563,3.387,1.041
2564,3.412,1.041
2565,3.289,1.041
2566,3.177,1.041
2567,3.206,1.046
2568,3.319,1.046
2569,3.436,1.046
2570,3.084,1.041
2571,3.803,1.046
2572,3.866,1.046
2573,3.607,1.046
2574,3.368,1.046
2575,3.236,1.046
2576,3.226,1.046
2577,3.250,1.046
2578,3.265,1.046
2579,3.250,1.051
2580,3.226,1.051
2581,3.196,1.051
2582,3.182,1.051
2583,2.864,1.051
2584,2.722,1.051
2585,3.470,1.051
2586,3.573,1.051
2587,3.392,1.051
2588,3.255,1.051
2589,3.265,1.056
2590,3.172,1.056
2591,3.641,1.056
2592,3.695,1.056
2593,3.548,1.056
2594,3.368,1.056
2595,3.245,1.056
2596,3.231,1.056
2597,3.245,1.056
2598,3.280,1.061
2599,3.260,1.061
2600,3.231,1.061
2601,3.187,1.061
2602,3.167,1.061
2603,3.143,1.061
2604,3.123,1.061
2605,3.113,1.061
2606,3.113,1.061
2607,3.104,1.065
2608,3.104,1.065
2609,3.099,1.065
2610,3.157,1.065
2611,3.280,1.065
2612,3.392,1.065
2613,3.421,1.065
2614,3.412,1.065
2615,3.338,1.065
2616,3.314,1.070
2617,3.265,1.070
2618,3.231,1.070
2619,3.250,1.070
2620,3.236,1.070
2621,3.211,1.070
2622,3.211,1.070
2623,3.177,1.070
2624,3.148,1.070
2625,3.128,1.070
2626,3.113,1.070
2627,3.104,1.075
2628,3.094,1.075
2629,3.079,1.075
2630,3.074,1.075
2631,3.089,1.075
2632,2.620,1.070
2633,3.847,1.075
2634,4.086,1.075
2635,3.817,1.075
2636,3.451,1.075
2637,3.231,1.075
2638,3.167,1.075
2639,3.148,1.075
2640,3.172,1.080
2641,3.201,1.080
2642,3.211,1.080
2643,3.201,1.080
2644,3.167,1.080
2645,3.104,1.080
2646,3.123,1.080
2647,2.815,1.080
2648,3.172,1.080
2649,3.749,1.080
2650,3.627,1.080
2651,3.304,1.080
2652,3.040,1.080
2653,2.952,1.080
2654,3.021,1.085
2655,3.177,1.085
2656,3.304,1.085
2657,3.358,1.085
2658,3.328,1.085
2659,3.275,1.085
2660,3.231,1.085
2661,3.192,1.085
2662,3.162,1.085
2663,3.167,1.085
2664,3.157,1.085
2665,3.162,1.085
2666,3.138,1.085
2667,3.113,1.085
2668,3.089,1.085
2669,3.074,1.090
2670,3.065,1.090
2671,3.050,1.090
2672,3.035,1.090
2673,3.025,1.090
2674,3.016,1.090
2675,2.781,1.090
2676,3.299,1.090
2677,3.480,1.090
2678,3.441,1.090
2679,3.328,1.090
2680,3.226,1.090
2681,3.177,1.090
2682,3.143,1.090
2683,3.138,1.090
2684,3.133,1.090
2685,3.157,1.095
2686,3.148,1.095
2687,3.128,1.095
2688,3.099,1.095
2689,3.084,1.095
2690,3.069,1.095
2691,3.069,1.095
2692,2.649,1.095
2693,3.109,1.095
2694,3.456,1.095
2695,3.377,1.095
2696,3.157,1.095
2697,3.016,1.095
2698,3.011,1.095
2699,3.118,1.095
2700,3.211,1.095
2701,3.255,1.095
2702,3.236,1.095
2703,3.196,1.100
2704,2.957,1.095
2705,3.324,1.095
2706,3.377,1.100
2707,3.250,1.100
2708,3.133,1.100
2709,2.791,1.100
2710,2.625,1.100
2711,3.402,1.100
2712,3.470,1.100
2713,3.294,1.100
2714,3.074,1.100
2715,2.972,1.100
2716,2.952,1.100
2717,2.977,1.100
2718,3.001,1.100
2719,3.035,1.100
2720,3.104,1.100
2721,3.177,1.100
2722,3.211,1.100
2723,3.206,1.100
2724,3.182,1.105
2725,3.157,1.105
2726,3.118,1.105
2727,3.099,1.105
2728,3.094,1.105
2729,3.099,1.105
2730,3.099,1.105
2731,3.094,1.105
2732,2.874,1.105
2733,3.265,1.105
2734,3.294,1.105
2735,3.172,1.105
2736,3.065,1.105
2737,3.006,1.105
2738,2.986,1.105
2739,3.001,1.105
2740,3.006,1.105
2741,3.025,1.105
2742,3.040,1.105
2743,3.104,1.105
2744,3.167,1.105
2745,3.182,1.105
2746,3.172,1.109
2747,3.162,1.109
2748,3.138,1.109
2749,3.123,1.109
2750,3.109,1.109
2751,3.109,1.109
2752,3.109,1.109
2753,3.118,1.109
2754,2.644,1.105
2755,3.656,1.109
2756,3.754,1.109
2757,3.456,1.109
2758,3.138,1.109
2759,2.967,1.109
2760,2.947,1.109
2761,2.835,1.109
2762,3.260,1.109
2763,3.309,1.109
2764,3.226,1.109
2765,3.167,1.109
2766,3.162,1.109
2767,3.157,1.109
2768,3.157,1.114
2769,3.148,1.114
2770,3.143,1.114
2771,3.109,1.114
2772,2.845,1.114
2773,2.737,1.109
2774,3.475,1.114
2775,3.534,1.114
2776,3.348,1.114
2777,3.148,1.114
2778,3.045,1.114
2779,3.030,1.114
2780,3.050,1.114
2781,3.065,1.114
2782,3.079,1.114
2783,3.079,1.114
2784,3.079,1.114
2785,3.118,1.114
2786,3.187,1.114
2787,3.231,1.114
2788,3.240,1.114
2789,3.045,1.114
2790,3.421,1.114
2791,3.431,1.114
2792,3.294,1.114
2793,3.177,1.119
2794,3.118,1.119
2795,3.133,1.119
2796,3.157,1.119
2797,3.162,1.119
2798,3.148,1.119
2799,3.128,1.119
2800,3.118,1.119
2801,3.118,1.119
2802,3.109,1.119
2803,3.099,1.119
2804,3.113,1.119
2805,3.133,1.119
2806,3.206,1.119
2807,3.289,1.119
2808,3.333,1.119
2809,3.333,1.119
2810,3.319,1.119
2811,3.289,1.119
2812,3.275,1.119
2813,3.250,1.119
2814,2.884,1.119
2815,3.338,1.119
2816,3.680,1.119
2817,3.578,1.119
2818,3.187,1.119
2819,3.412,1.119
2820,3.387,1.124
2821,3.275,1.124
2822,3.187,1.124
2823,3.133,1.124
2824,3.109,1.124
2825,3.143,1.124
2826,3.231,1.124
2827,3.348,1.124
2828,3.416,1.124
2829,3.421,1.124
2830,3.392,1.124
2831,3.353,1.124
2832,3.314,1.124
2833,3.270,1.124
2834,3.250,1.124
2835,2.996,1.124
2836,2.879,1.124
2837,3.612,1.124
2838,3.661,1.124
2839,3.465,1.124
2840,3.250,1.124
2841,3.152,1.124
2842,3.133,1.124
2843,3.143,1.124
2844,3.157,1.124
2845,3.157,1.124
2846,2.977,1.124
2847,3.416,1.124
2848,3.563,1.124
2849,3.539,1.124
2850,3.441,1.124
2851,3.363,1.124
2852,3.309,1.124
2853,3.270,1.124
2854,3.221,1.124
2855,3.250,1.124
2856,3.265,1.124
2857,3.270,1.124
2858,3.250,1.124
2859,3.231,1.124
2860,3.211,1.124
2861,3.187,1.124
2862,3.172,1.124
2863,3.157,1.124
2864,3.148,1.124
2865,3.138,1.124
2866,3.133,1.124
2867,3.152,1.124
2868,3.216,1.124
2869,3.328,1.124
2870,3.402,1.124
2871,3.412,1.124
2872,3.382,1.124
2873,3.353,1.124
2874,3.299,1.124
2875,3.328,1.124
2876,2.859,1.119
2877,3.920,1.124
2878,3.988,1.124
2879,3.656,1.124
2880,3.294,1.124
2881,3.128,1.124
2882,3.109,1.124
2883,3.162,1.124
2884,3.167,1.124
2885,3.206,1.124
2886,3.192,1.124
2887,3.187,1.124
2888,3.206,1.124
2889,3.338,1.124
2890,3.431,1.124
2891,3.460,1.124
2892,3.426,1.124
2893,3.407,1.124
2894,3.343,1.124
2895,3.304,1.124
2896,3.289,1.124
2897,3.284,1.129
2898,3.284,1.129
2899,3.113,1.124
2900,3.074,1.124
2901,3.641,1.124
2902,3.622,1.129
2903,3.167,1.124
2904,3.397,1.124
2905,3.348,1.129
2906,3.226,1.129
2907,3.128,1.129
2908,3.109,1.129
2909,3.206,1.129
2910,3.343,1.129
2911,3.431,1.129
2912,3.441,1.129
2913,3.407,1.129
2914,3.324,1.129
2915,3.338,1.129
2916,3.294,1.129
2917,3.265,1.129
2918,3.250,1.129
2919,3.260,1.129
2920,3.240,1.129
2921,3.216,1.134
2922,3.182,1.134
2923,3.162,1.134
2924,3.148,1.134
2925,3.143,1.134
2926,3.128,1.134
2927,3.123,1.134
2928,3.113,1.134
2929,3.094,1.134
2930,3.089,1.134
2931,2.991,1.134
2932,3.539,1.134
2933,3.656,1.134
2934,3.534,1.134
2935,3.387,1.134
2936,2.869,1.134
2937,3.289,1.134
2938,3.671,1.134
2939,3.607,1.134
2940,3.407,1.134
2941,3.221,1.134
2942,3.152,1.134
2943,3.138,1.134
2944,3.094,1.139
2945,3.133,1.139
2946,3.157,1.139
2947,3.148,1.139
2948,3.118,1.139
2949,3.094,1.139
2950,3.094,1.139
2951,3.099,1.139
2952,3.167,1.139
2953,3.280,1.139
2954,3.363,1.139
2955,3.382,1.139
2956,3.348,1.139
2957,3.304,1.139
2958,3.270,1.139
2959,3.236,1.139
2960,3.021,1.139
2961,3.152,1.139
2962,3.030,1.139
2963,3.690,1.139
2964,3.646,1.139
2965,3.372,1.139
2966,3.143,1.139
2967,3.035,1.139
2968,3.030,1.139
2969,3.060,1.139
2970,3.104,1.139
2971,3.109,1.144
2972,3.099,1.144
2973,3.099,1.144
2974,3.143,1.144
2975,3.284,1.144
2976,3.358,1.144
2977,3.358,1.144
2978,3.338,1.144
2979,3.294,1.144
2980,3.245,1.144
2981,3.206,1.144
2982,3.206,1.144
2983,3.211,1.144
2984,3.201,1.144
2985,3.187,1.144
2986,3.172,1.144
2987,3.143,1.144
2988,2.903,1.144
2989,3.324,1.144
2990,3.392,1.144
2991,3.250,1.144
2992,3.118,1.144
2993,3.040,1.144
2994,3.040,1.144
2995,3.109,1.144
2996,3.226,1.144
2997,3.319,1.149
2998,2.854,1.144
2999,3.954,1.144
3000,4.013,1.144
3001,3.666,1.144
3002,3.309,1.149
3003,3.123,1.149
3004,3.055,1.149
3005,3.128,1.149
3006,3.167,1.149
3007,3.177,1.149
3008,3.152,1.149
3009,3.143,1.149
3010,3.118,1.149
3011,3.109,1.149
3012,3.099,1.149
3013,3.099,1.149
3014,3.089,1.149
3015,3.079,1.149
3016,3.069,1.149
3017,2.977,1.149
3018,3.475,1.149
3019,3.578,1.149
3020,3.465,1.149
3021,3.324,1.149
3022,3.216,1.149
3023,3.162,1.149
3024,2.859,1.149
3025,2.752,1.149
3026,3.539,1.149
3027,3.627,1.149
3028,3.421,1.149
3029,3.206,1.153
3030,3.065,1.153
3031,3.040,1.153
3032,3.050,1.153
3033,3.084,1.153
3034,3.074,1.153
3035,3.089,1.153
3036,3.084,1.153
3037,3.084,1.153
3038,3.099,1.153
3039,3.187,1.153
3040,3.250,1.153
3041,3.294,1.153
3042,3.270,1.153
3043,3.245,1.153
3044,3.182,1.153
3045,2.942,1.153
3046,3.353,1.153
3047,3.421,1.153
3048,3.299,1.153
3049,3.177,1.153
3050,3.099,1.153
3051,3.074,1.153
3052,3.069,1.153
3053,3.084,1.153
3054,3.069,1.153
3055,3.065,1.158
3056,3.065,1.158
3057,3.065,1.158
3058,2.644,1.153
3059,3.152,1.153
3060,3.602,1.158
3061,3.612,1.153
3062,3.426,1.158
3063,3.236,1.158
3064,3.104,1.158
3065,3.113,1.158
3066,3.128,1.158
3067,3.143,1.158
3068,3.162,1.158
3069,3.167,1.158
3070,3.143,1.158
3071,3.118,1.158
3072,3.109,1.158
3073,3.104,1.158
3074,2.913,1.158
3075,3.304,1.158
3076,3.333,1.158
3077,3.211,1.158
3078,3.099,1.158
3079,3.084,1.158
3080,3.167,1.158
3081,3.245,1.158
3082,3.275,1.158
3083,3.260,1.158
3084,3.221,1.158
3085,3.182,1.158
3086,3.152,1.163
3087,2.869,1.158
3088,2.747,1.158
3089,3.534,1.158
3090,3.597,1.158
3091,3.397,1.158
3092,3.172,1.158
3093,3.060,1.163
3094,3.025,1.163
3095,3.055,1.163
3096,3.079,1.163
3097,3.104,1.163
3098,3.123,1.163
3099,3.192,1.163
3100,3.275,1.163
3101,3.328,1.163
3102,3.123,1.163
3103,3.509,1.163
3104,3.519,1.163
3105,3.348,1.163
3106,3.221,1.163
3107,3.152,1.163
3108,3.152,1.163
3109,3.177,1.163
3110,3.177,1.163
3111,3.157,1.163
3112,3.143,1.163
3113,3.128,1.163
3114,3.128,1.163
3115,3.109,1.163
3116,3.094,1.163
3117,3.089,1.163
3118,3.109,1.163
3119,3.216,1.163
3120,2.869,1.163
3121,3.974,1.163
3122,4.071,1.163
3123,3.705,1.163
3124,3.343,1.163
3125,3.157,1.163
3126,3.118,1.168
3127,3.148,1.168
3128,3.240,1.168
3129,3.260,1.168
3130,3.226,1.168
3131,3.206,1.168
3132,3.196,1.168
3133,3.167,1.168
3134,3.133,1.168
3135,3.113,1.168
3136,3.113,1.168
3137,3.113,1.168
3138,3.128,1.168
3139,3.211,1.168
3140,3.319,1.168
3141,3.372,1.168
3142,3.382,1.168
3143,3.328,1.168
3144,3.304,1.168
3145,3.245,1.168
3146,3.216,1.168
3147,3.221,1.168
3148,3.236,1.168
3149,3.221,1.168
3150,3.206,1.168
3151,2.996,1.168
3152,2.986,1.168
3153,3.563,1.168
3154,3.558,1.168
3155,3.363,1.168
3156,3.167,1.173
3157,3.065,1.168
3158,3.065,1.173
3159,2.972,1.168
3160,3.529,1.173
3161,3.617,1.173
3162,3.485,1.173
3163,3.324,1.173
3164,3.231,1.173
3165,3.162,1.173
3166,3.143,1.173
3167,3.162,1.173
3168,3.182,1.173
3169,3.187,1.173
3170,3.167,1.173
3171,3.143,1.173
3172,3.133,1.173
3173,3.104,1.173
3174,3.089,1.173
3175,3.084,1.173
3176,3.074,1.173
3177,3.065,1.173
3178,3.069,1.173
3179,3.133,1.173
3180,3.236,1.173
3181,2.884,1.173
3182,3.656,1.173
3183,3.719,1.173
3184,3.480,1.173
3185,3.236,1.173
3186,3.094,1.173
3187,2.864,1.173
3188,3.343,1.173
3189,3.412,1.173
3190,3.289,1.173
3191,3.152,1.173
3192,3.074,1.173
3193,3.045,1.178
3194,3.040,1.173
3195,3.050,1.178
3196,3.050,1.178
3197,3.045,1.178
3198,3.045,1.178
3199,3.118,1.178
3200,3.201,1.178
3201,3.236,1.178
3202,3.236,1.178
3203,3.216,1.178
3204,3.192,1.178
3205,3.157,1.178
3206,3.133,1.178
3207,3.118,1.178
3208,3.128,1.178
3209,3.118,1.178
3210,3.099,1.178
3211,3.084,1.178
3212,3.069,1.178
3213,3.065,1.178
3214,2.864,1.178
3215,2.879,1.178
3216,3.309,1.178
3217,3.685,1.178
3218,3.485,1.178
3219,3.206,1.178
3220,3.079,1.178
3221,3.089,1.178
3222,3.138,1.178
3223,3.196,1.178
3224,3.206,1.178
3225,3.182,1.178
3226,3.133,1.178
3227,3.128,1.178
3228,3.099,1.178
3229,3.099,1.183
3230,3.089,1.178
3231,3.089,1.183
3232,3.079,1.183
3233,3.065,1.183
3234,3.050,1.183
3235,3.060,1.183
3236,3.045,1.183
3237,3.035,1.183
3238,3.025,1.183
3239,3.025,1.183
3240,3.065,1.183
3241,3.138,1.183
3242,2.405,1.178
3243,3.421,1.178
3244,3.646,1.178
3245,3.807,1.178
3246,3.558,1.183
3247,3.294,1.178
3248,3.143,1.183
3249,3.109,1.183
3250,3.133,1.183
3251,3.182,1.183
3252,3.187,1.183
3253,3.162,1.183
3254,3.143,1.183
3255,3.162,1.183
3256,3.143,1.183
3257,3.143,1.183
3258,3.123,1.183
3259,3.118,1.183
3260,3.118,1.183
3261,3.143,1.183
3262,3.206,1.183
3263,3.289,1.183
3264,3.324,1.183
3265,3.314,1.183
3266,3.289,1.183
3267,3.275,1.183
3268,3.250,1.183
3269,3.226,1.183
3270,3.216,1.183
3271,3.226,1.183
3272,3.226,1.183
3273,3.065,1.178
3274,3.416,1.178
3275,3.431,1.183
3276,3.001,1.178
3277,3.226,1.183
3278,3.240,1.178
3279,3.192,1.183
3280,3.138,1.183
3281,3.099,1.183
3282,3.074,1.183
3283,3.113,1.183
3284,3.196,1.183
3285,3.265,1.183
3286,3.304,1.183
3287,3.314,1.183
3288,3.299,1.183
3289,3.275,1.183
3290,3.236,1.183
3291,3.216,1.183
3292,3.206,1.183
3293,3.211,1.183
3294,3.216,1.183
3295,3.236,1.183
3296,3.206,1.183
3297,3.192,1.183
3298,3.157,1.183
3299,3.157,1.183
3300,3.152,1.183
3301,2.952,1.183
3302,3.348,1.183
3303,3.021,1.183
3304,3.607,1.183
3305,3.587,1.183
3306,3.372,1.183
3307,3.245,1.183
3308,3.240,1.183
3309,3.270,1.183
3310,3.319,1.188
3311,3.338,1.183
3312,3.328,1.188
3313,3.299,1.188
3314,3.280,1.183
3315,3.260,1.188
3316,3.250,1.188
3317,3.250,1.188
3318,3.245,1.188
3319,3.250,1.188
3320,3.216,1.188
3321,3.196,1.188
3322,3.182,1.188
3323,3.182,1.188
3324,3.182,1.188
3325,3.177,1.188
3326,3.162,1.188
3327,3.167,1.188
3328,3.162,1.188
3329,3.196,1.188
3330,3.162,1.188
3331,3.631,1.188
3332,3.671,1.188
3333,3.534,1.188
3334,3.372,1.188
3335,3.299,1.188
3336,3.265,1.188
3337,3.255,1.188
3338,3.275,1.193
3339,3.030,1.188
3340,2.913,1.188
3341,3.636,1.188
3342,3.695,1.188
3343,3.480,1.193
3344,3.280,1.193
3345,3.167,1.193
3346,3.143,1.193
3347,3.143,1.193
3348,3.162,1.193
3349,3.221,1.193
3350,3.338,1.193
3351,3.421,1.193
3352,3.441,1.193
3353,3.421,1.193
3354,3.397,1.193
3355,3.368,1.193
3356,3.338,1.193
3357,3.304,1.193
3358,3.118,1.193
3359,3.519,1.193
3360,3.543,1.193
3361,3.426,1.193
3362,3.294,1.193
3363,3.216,1.193
3364,2.424,1.193
3365,3.456,1.193
3366,3.881,1.193
3367,3.705,1.193
3368,3.368,1.197
3369,3.128,1.193
3370,3.104,1.197
3371,3.236,1.197
3372,3.363,1.197
3373,3.426,1.197
3374,3.451,1.197
3375,3.426,1.197
3376,3.382,1.197
3377,3.333,1.197
3378,3.294,1.197
3379,3.284,1.197
3380,3.294,1.197
3381,3.299,1.197
3382,3.333,1.197
3383,3.309,1.197
3384,3.270,1.197
3385,3.245,1.197
3386,3.236,1.197
3387,3.250,1.197
3388,3.221,1.197
3389,3.187,1.197
3390,3.182,1.197
3391,3.172,1.197
3392,3.211,1.193
3393,3.289,1.193
3394,3.377,1.193
3395,3.436,1.193
3396,3.441,1.193
3397,3.407,1.193
3398,3.363,1.188
3399,3.314,1.188
3400,3.289,1.188
3401,3.270,1.188
3402,3.294,1.188
3403,3.113,1.183
3404,3.113,1.178
3405,3.666,1.178
3406,3.666,1.178
3407,3.441,1.178
3408,3.240,1.178
3409,3.138,1.173
3410,3.118,1.173
3411,3.133,1.173
3412,3.152,1.173
3413,3.157,1.168
3414,3.196,1.168
3415,3.104,1.168
3416,3.597,1.168
3417,3.661,1.163
3418,3.529,1.163
3419,3.377,1.163
3420,3.289,1.163
3421,3.245,1.163
3422,3.255,1.158
3423,3.275,1.158
3424,3.270,1.158
3425,2.898,1.158
3426,3.363,1.153
3427,3.715,1.153
3428,3.592,1.158
3429,3.372,1.153
3430,3.196,1.153
3431,3.138,1.153
3432,3.128,1.153
3433,3.152,1.153
3434,3.187,1.153
3435,3.284,1.153
3436,3.358,1.153
3437,3.392,1.153
3438,3.382,1.153
3439,3.363,1.153
3440,3.319,1.153
3441,3.280,1.153
3442,3.260,1.153
3443,3.045,1.149
3444,3.470,1.149
3445,3.543,1.149
3446,3.402,1.149
3447,3.260,1.149
3448,3.172,1.149
3449,3.157,1.149
3450,3.157,1.149
3451,3.177,1.149
3452,3.177,1.149
3453,3.182,1.149
3454,3.172,1.153
3455,3.270,1.149
3456,3.348,1.153
3457,3.416,1.153
3458,3.412,1.153
3459,3.382,1.153
3460,3.338,1.153
3461,3.299,1.153
3462,3.255,1.153
3463,3.255,1.153
3464,3.260,1.153
3465,3.275,1.153
3466,3.084,1.153
3467,3.060,1.153
3468,3.636,1.153
3469,3.646,1.153
3470,3.431,1.153
3471,3.221,1.153
3472,2.918,1.153
3473,3.343,1.158
3474,3.412,1.158
3475,3.377,1.158
3476,3.377,1.158
3477,3.407,1.158
3478,3.421,1.158
3479,3.421,1.158
3480,3.402,1.158
3481,3.372,1.158
3482,3.328,1.163
3483,3.309,1.163
3484,3.309,1.163
3485,3.333,1.163
3486,3.338,1.163
3487,2.786,1.158
3488,3.891,1.163
3489,3.969,1.163
3490,3.627,1.163
3491,3.280,1.163
3492,3.104,1.163
3493,3.069,1.163
3494,3.104,1.163
3495,3.157,1.163
3496,3.289,1.168
3497,3.407,1.168
3498,3.485,1.168
3499,3.500,1.168
3500,3.118,1.163
3501,4.110,1.163
3502,4.125,1.168
3503,3.724,1.168
3504,3.377,1.168
3505,3.206,1.168
3506,3.187,1.168
3507,3.216,1.168
3508,3.275,1.168
3509,3.280,1.168
3510,3.260,1.168
3511,3.221,1.173
3512,3.201,1.173
3513,3.167,1.173
3514,3.182,1.173
3515,3.182,1.173
3516,3.177,1.173
3517,3.236,1.173
3518,3.377,1.173
3519,3.475,1.173
3520,3.504,1.173
3521,3.465,1.173
3522,3.426,1.173
3523,3.372,1.173
3524,3.324,1.173
3525,3.294,1.173
3526,3.289,1.178
3527,3.314,1.178
3528,3.123,1.173
3529,3.216,1.173
3530,3.651,1.173
3531,3.597,1.178
3532,3.397,1.178
3533,3.206,1.178
3534,3.138,1.178
3535,3.109,1.178
3536,3.133,1.178
3537,3.192,1.178
3538,3.314,1.178
3539,3.431,1.178
3540,3.500,1.178
3541,3.465,1.178
3542,3.421,1.178
3543,3.324,1.178
3544,3.309,1.183
3545,3.284,1.183
3546,3.324,1.183
3547,2.845,1.178
3548,3.685,1.183
3549,3.759,1.178
3550,3.519,1.183
3551,3.250,1.183
3552,3.104,1.183
3553,3.065,1.183
3554,3.104,1.183
3555,3.118,1.183
3556,3.133,1.183
3557,2.952,1.183
3558,3.519,1.183
3559,3.710,1.183
3560,3.636,1.183
3561,3.504,1.183
3562,3.407,1.183
3563,3.338,1.183
3564,3.319,1.183
3565,3.284,1.188
3566,3.275,1.188
3567,3.275,1.188
3568,3.265,1.188
3569,3.245,1.188
3570,3.206,1.188
3571,3.192,1.188
3572,3.187,1.188
3573,3.148,1.188
3574,3.148,1.188
3575,3.143,1.188
3576,3.123,1.188
3577,3.109,1.188
3578,3.118,1.188
3579,3.206,1.188
3580,3.338,1.188
3581,3.421,1.188
3582,3.446,1.188
3583,3.402,1.188
3584,3.358,1.188
3585,3.294,1.188
3586,3.035,1.188
3587,3.480,1.188
3588,3.524,1.188
3589,3.392,1.188
3590,2.928,1.188
3591,2.664,1.188
3592,3.485,1.188
3593,3.597,1.188
3594,3.397,1.188
3595,3.182,1.188
3596,3.050,1.188
3597,3.021,1.188
3598,3.025,1.188
3599,3.055,1.193
3600,3.128,1.188
3601,3.260,1.188
3602,3.348,1.193
3603,3.358,1.188
3604,3.338,1.188
3605,3.309,1.188
3606,3.240,1.188
3607,3.201,1.188
3608,2.278,1.188
3609,3.387,1.188
3610,3.881,1.188
3611,3.729,1.188
3612,3.353,1.188
3613,3.079,1.188
3614,2.752,1.188
3615,3.231,1.188
3616,3.319,1.188
3617,3.226,1.188
3618,3.079,1.188
3619,3.011,1.188
3620,2.981,1.188
3621,3.030,1.188
3622,3.123,1.188
3623,3.231,1.188
3624,3.260,1.188
3625,3.265,1.188
3626,3.211,1.188
3627,3.182,1.188
3628,3.143,1.188
3629,3.113,1.188
3630,3.104,1.188
3631,3.104,1.188
3632,3.109,1.188
3633,3.084,1.188
3634,3.084,1.188
3635,3.104,1.188
3636,3.074,1.188
3637,3.045,1.188
3638,3.035,1.188
3639,3.035,1.193
3640,3.021,1.188
3641,3.021,1.188
3642,3.045,1.193
3643,3.157,1.193
3644,3.201,1.193
3645,3.206,1.193
3646,3.177,1.193
3647,3.133,1.193
3648,3.094,1.193
3649,3.060,1.193
3650,3.065,1.193
3651,3.074,1.193
3652,3.065,1.193
3653,3.069,1.193
3654,2.864,1.193
3655,2.854,1.193
3656,3.465,1.193
3657,3.475,1.193
3658,3.265,1.193
3659,3.055,1.193
3660,2.957,1.193
3661,2.937,1.193
3662,2.957,1.193
3663,3.006,1.193
3664,3.109,1.193
3665,3.172,1.197
3666,3.192,1.197
3667,3.182,1.193
3668,3.143,1.197
3669,2.688,1.193
3670,3.167,1.193
3671,3.333,1.193
3672,3.646,1.193
3673,3.485,1.197
3674,3.211,1.197
3675,3.030,1.197
3676,2.967,1.197
3677,2.986,1.197
3678,3.011,1.197
3679,3.045,1.197
3680,3.050,1.197
3681,3.040,1.197
3682,3.030,1.197
3683,3.030,1.197
3684,3.016,1.197
3685,3.050,1.202
3686,3.118,1.202
3687,3.167,1.202
3688,3.152,1.202
3689,3.143,1.202
3690,3.113,1.202
3691,3.089,1.202
3692,3.074,1.202
3693,3.065,1.202
3694,3.089,1.202
3695,3.094,1.202
3696,3.094,1.202
3697,3.084,1.202
3698,3.094,1.202
3699,2.854,1.202
3700,3.275,1.202
3701,3.328,1.202
3702,3.226,1.202
3703,3.099,1.207
3704,3.030,1.202
3705,3.011,1.207
3706,3.030,1.207
3707,3.079,1.207
3708,3.138,1.207
3709,3.167,1.207
3710,3.172,1.207
3711,3.148,1.207
3712,3.138,1.207
3713,3.118,1.207
3714,3.109,1.207
3715,3.099,1.207
3716,3.113,1.207
3717,2.952,1.207
3718,2.937,1.207
3719,3.509,1.207
3720,3.514,1.207
3721,3.309,1.207
3722,3.109,1.207
3723,3.025,1.207
3724,3.030,1.207
3725,3.050,1.207
3726,3.074,1.207
3727,3.089,1.207
3728,2.942,1.207
3729,3.392,1.207
3730,2.698,1.207
3731,3.578,1.207
3732,3.866,1.207
3733,3.651,1.207
3734,3.309,1.207
3735,3.113,1.212
3736,3.055,1.212
3737,3.099,1.212
3738,3.133,1.212
3739,3.177,1.212
3740,3.167,1.212
3741,3.162,1.212
3742,3.152,1.212
3743,3.148,1.212
3744,3.143,1.212
3745,3.143,1.212
3746,3.128,1.212
3747,3.138,1.212
3748,3.113,1.212
3749,3.133,1.212
3750,3.196,1.212
3751,3.265,1.212
3752,3.265,1.217
3753,3.328,1.212
3754,3.319,1.217
3755,3.299,1.217
3756,3.074,1.212
3757,3.475,1.212
3758,3.509,1.217
3759,3.412,1.217
3760,3.294,1.217
3761,3.245,1.217
3762,3.221,1.217
3763,3.216,1.217
3764,3.201,1.217
3765,3.211,1.217
3766,3.206,1.217
3767,3.201,1.217
3768,3.177,1.217
3769,3.167,1.217
3770,3.177,1.217
3771,3.250,1.217
3772,3.348,1.217
3773,3.431,1.217
3774,3.451,1.217
3775,3.446,1.217
3776,3.421,1.217
3777,3.392,1.217
3778,3.348,1.217
3779,3.348,1.217
3780,3.182,1.217
3781,3.182,1.217
3782,3.710,1.217
3783,3.744,1.217
3784,3.519,1.217
3785,3.109,1.217
3786,3.441,1.217
3787,3.460,1.217
3788,3.338,1.222
3789,3.240,1.222
3790,3.206,1.222
3791,2.908,1.217
3792,3.856,1.217
3793,4.042,1.222
3794,3.861,1.222
3795,3.592,1.222
3796,3.416,1.222
3797,3.353,1.222
3798,3.348,1.222
3799,3.353,1.222
3800,3.377,1.222
3801,3.368,1.222
3802,3.343,1.222
3803,3.294,1.222
3804,3.250,1.222
3805,3.250,1.222
3806,3.226,1.222
3807,3.211,1.222
3808,3.192,1.222
3809,3.187,1.222
3810,3.167,1.222
3811,3.172,1.222
3812,3.226,1.222
3813,3.201,1.222
3814,3.715,1.222
3815,3.759,1.222
3816,3.602,1.222
3817,3.436,1.222
3818,3.309,1.222
3819,3.240,1.227
3820,3.255,1.227
3821,3.280,1.227
3822,3.284,1.227
3823,3.270,1.227
3824,3.260,1.227
3825,3.236,1.227
3826,3.206,1.227
3827,3.192,1.227
3828,3.187,1.227
3829,3.167,1.227
3830,3.152,1.227
3831,3.133,1.227
3832,3.128,1.227
3833,3.201,1.227
3834,3.324,1.227
3835,3.407,1.227
3836,3.412,1.227
3837,3.382,1.227
3838,3.333,1.227
3839,3.280,1.227
3840,3.240,1.227
3841,3.221,1.227
3842,2.742,1.227
3843,3.065,1.222
3844,3.866,1.227
3845,3.798,1.227
3846,3.446,1.227
3847,3.152,1.227
3848,3.045,1.227
3849,3.035,1.227
3850,3.065,1.227
3851,3.109,1.227
3852,2.268,1.227
3853,3.377,1.227
3854,3.944,1.227
3855,3.866,1.227
3856,3.548,1.227
3857,3.284,1.227
3858,3.157,1.227
3859,3.148,1.227
3860,3.152,1.227
3861,3.192,1.227
3862,3.206,1.227
3863,3.216,1.227
3864,3.196,1.227
3865,3.157,1.227
3866,3.138,1.227
3867,3.123,1.227
3868,3.118,1.227
3869,3.109,1.227
3870,2.879,1.227
3871,3.309,1.227
3872,3.348,1.227
3873,3.304,1.227
3874,3.284,1.227
3875,3.260,1.227
3876,3.265,1.227
3877,3.240,1.227
3878,3.221,1.227
3879,3.201,1.227
3880,3.182,1.227
3881,3.162,1.227
3882,3.162,1.227
3883,3.167,1.227
3884,3.143,1.227
3885,3.128,1.227
3886,3.113,1.227
3887,3.104,1.227
3888,3.162,1.227
3889,3.143,1.227
3890,3.118,1.227
3891,3.089,1.227
3892,3.074,1.227
3893,3.094,1.227
3894,3.172,1.227
3895,3.270,1.227
3896,3.328,1.227
3897,3.319,1.227
3898,3.284,1.227
3899,3.260,1.227
3900,3.221,1.227
3901,3.187,1.227
3902,3.133,1.227
3903,3.162,1.227
3904,3.187,1.227
3905,3.182,1.227
3906,2.962,1.227
3907,2.928,1.222
3908,3.548,1.222
3909,3.553,1.222
3910,3.324,1.227
3911,3.138,1.227
3912,3.030,1.227
3913,2.590,1.222
3914,3.143,1.222
3915,3.671,1.227
3916,3.675,1.227
3917,3.480,1.227
3918,3.284,1.227
3919,3.206,1.227
3920,3.157,1.227
3921,3.162,1.227
3922,3.177,1.227
3923,3.187,1.227
3924,3.167,1.227
3925,3.152,1.227
3926,3.123,1.227
3927,2.923,1.227
3928,3.358,1.227
3929,3.382,1.227
3930,3.236,1.227
3931,3.128,1.227
3932,3.030,1.227
3933,3.035,1.227
3934,3.035,1.227
3935,3.109,1.232
3936,3.192,1.232
3937,3.250,1.232
3938,3.265,1.232
3939,3.260,1.232
3940,3.221,1.232
3941,3.187,1.232
3942,3.157,1.232
3943,3.162,1.232
3944,3.157,1.232
3945,3.172,1.232
3946,3.157,1.232
3947,3.157,1.232
3948,3.152,1.232
3949,3.123,1.232
3950,3.113,1.232
3951,3.128,1.232
3952,3.118,1.232
3953,3.104,1.232
3954,3.084,1.232
3955,2.884,1.232
3956,3.416,1.232
3957,3.543,1.232
3958,3.446,1.232
3959,3.324,1.237
3960,3.231,1.237
3961,3.182,1.237
3962,3.128,1.237
3963,3.172,1.237
3964,3.187,1.237
3965,3.192,1.237
3966,3.182,1.237
3967,3.177,1.237
3968,3.167,1.237
3969,2.947,1.237
3970,2.913,1.232
3971,3.529,1.237
3972,3.543,1.237
3973,3.324,1.237
3974,3.113,1.237
3975,2.522,1.232
3976,3.749,1.237
3977,3.978,1.237
3978,3.734,1.237
3979,3.387,1.237
3980,3.182,1.237
3981,3.099,1.237
3982,3.133,1.237
3983,3.167,1.237
3984,3.001,1.237
3985,3.441,1.237
3986,3.485,1.237
3987,3.324,1.237
3988,3.167,1.241
3989,3.099,1.241
3990,3.089,1.241
3991,3.050,1.241
3992,3.104,1.241
3993,3.109,1.241
3994,3.118,1.241
3995,3.099,1.241
3996,3.148,1.241
3997,3.226,1.241
3998,3.324,1.241
3999,3.328,1.241
4000,3.294,1.241
4001,3.255,1.241
4002,3.226,1.241
4003,3.201,1.241
4004,3.196,1.241
4005,3.187,1.241
4006,3.216,1.241
4007,3.206,1.241
4008,3.182,1.241
4009,3.157,1.241
4010,3.152,1.241
4011,3.143,1.241
4012,2.898,1.241
4013,3.343,1.241
4014,3.412,1.241
4015,3.280,1.241
4016,3.148,1.241
4017,3.133,1.246
4018,3.221,1.246
4019,3.299,1.246
4020,3.319,1.246
4021,3.299,1.246
4022,3.275,1.246
4023,3.245,1.246
4024,3.211,1.246
4025,3.196,1.246
4026,3.211,1.246
4027,3.216,1.246
4028,3.206,1.246
4029,3.187,1.246
4030,3.187,1.246
4031,3.167,1.246
4032,2.972,1.246
4033,2.937,1.246
4034,3.568,1.246
4035,3.118,1.246
4036,3.392,1.246
4037,3.680,1.246
4038,3.636,1.246
4039,3.451,1.246
4040,3.289,1.246
4041,3.025,1.246
4042,3.460,1.246
4043,3.490,1.246
4044,3.377,1.251
4045,3.265,1.246
4046,3.192,1.251
4047,3.157,1.251
4048,3.157,1.251
4049,3.167,1.251
4050,3.167,1.251
4051,3.109,1.251
4052,3.143,1.251
4053,3.143,1.251
4054,3.128,1.251
4055,3.123,1.251
4056,3.143,1.251
4057,3.245,1.251
4058,3.348,1.251
4059,3.382,1.251
4060,3.363,1.251
4061,3.328,1.251
4062,3.324,1.251
4063,3.260,1.251
4064,3.236,1.251
4065,3.236,1.251
4066,3.236,1.251
4067,3.231,1.251
4068,3.216,1.251
4069,2.977,1.251
4070,3.436,1.251
4071,3.475,1.251
4072,3.319,1.251
4073,3.172,1.251
4074,3.089,1.251
4075,3.079,1.251
4076,3.109,1.256
4077,3.236,1.251
4078,3.353,1.256
4079,3.407,1.256
4080,3.402,1.256
4081,3.333,1.256
4082,3.328,1.256
4083,3.294,1.256
4084,3.250,1.256
4085,3.250,1.256
4086,3.260,1.256
4087,3.255,1.256
4088,3.216,1.256
4089,3.192,1.256
4090,3.172,1.256
4091,3.157,1.256
4092,3.138,1.256
4093,3.128,1.256
4094,3.143,1.256
4095,2.942,1.256
4096,2.903,1.256
4097,3.123,1.251
4098,4.169,1.251
4099,4.438,1.251
4100,4.081,1.256
4101,3.548,1.256
4102,3.201,1.256
4103,3.104,1.256
4104,3.118,1.256
4105,3.187,1.256
4106,3.226,1.256
4107,3.236,1.256
4108,3.216,1.256
4109,3.211,1.256
4110,3.162,1.256
4111,3.128,1.261
4112,3.118,1.256
4113,3.133,1.261
4114,3.118,1.261
4115,3.109,1.261
4116,3.074,1.261
4117,3.113,1.261
4118,3.192,1.261
4119,3.299,1.261
4120,3.343,1.261
4121,3.343,1.261
4122,3.284,1.261
4123,3.236,1.261
4124,3.182,1.261
4125,3.192,1.261
4126,2.942,1.261
4127,3.412,1.261
4128,3.456,1.261
4129,3.324,1.261
4130,3.172,1.261
4131,3.094,1.261
4132,3.089,1.261
4133,3.109,1.261
4134,3.084,1.261
4135,3.079,1.261
4136,3.065,1.261
4137,3.060,1.261
4138,3.084,1.261
4139,3.182,1.261
4140,3.270,1.261
4141,3.309,1.261
4142,3.324,1.261
4143,3.294,1.261
4144,3.216,1.261
4145,3.162,1.261
4146,3.128,1.261
4147,3.118,1.261
4148,3.133,1.261
4149,3.148,1.266
4150,3.128,1.261
4151,3.089,1.266
4152,3.084,1.266
4153,3.074,1.266
4154,3.045,1.266
4155,3.045,1.266
4156,3.016,1.266
4157,3.089,1.266
4158,2.683,1.261
4159,3.504,1.261
4160,4.213,1.261
4161,4.042,1.261
4162,3.636,1.261
4163,3.319,1.261
4164,3.211,1.261
4165,3.187,1.266
4166,3.192,1.266
4167,3.231,1.266
4168,3.255,1.266
4169,3.265,1.266
4170,3.236,1.266
4171,3.177,1.266
4172,3.196,1.266
4173,3.196,1.266
4174,3.172,1.266
4175,3.148,1.266
4176,3.157,1.266
4177,3.133,1.266
4178,3.133,1.266
4179,3.187,1.266
4180,3.299,1.266
4181,3.368,1.266
4182,3.372,1.266
4183,3.133,1.266
4184,3.558,1.266
4185,3.514,1.266
4186,3.338,1.266
4187,3.182,1.266
4188,3.133,1.266
4189,3.128,1.266
4190,3.138,1.266
4191,3.143,1.266
4192,3.128,1.266
4193,3.113,1.266
4194,3.099,1.266
4195,3.084,1.266
4196,3.089,1.266
4197,3.079,1.266
4198,3.099,1.266
4199,3.172,1.266
4200,3.270,1.266
4201,3.260,1.266
4202,3.299,1.266
4203,3.270,1.266
4204,3.260,1.266
4205,3.226,1.266
4206,3.187,1.266
4207,3.172,1.266
4208,3.172,1.266
4209,3.167,1.266
4210,3.172,1.266
4211,2.918,1.261
4212,3.353,1.261
4213,3.397,1.261
4214,3.265,1.261
4215,3.138,1.261
4216,3.069,1.261
4217,3.040,1.261
4218,3.065,1.261
4219,3.152,1.261
4220,2.796,1.256
4221,3.807,1.256
4222,4.145,1.261
4223,3.837,1.261
4224,3.416,1.261
4225,3.143,1.261
4226,3.079,1.261
4227,3.118,1.261
4228,3.192,1.261
4229,3.226,1.261
4230,3.211,1.261
4231,3.157,1.261
4232,3.157,1.261
4233,3.143,1.261
4234,3.133,1.261
4235,3.123,1.261
4236,3.123,1.261
4237,3.128,1.261
4238,3.113,1.261
4239,3.162,1.261
4240,3.084,1.261
4241,3.558,1.261
4242,3.602,1.261
4243,3.456,1.261
4244,3.314,1.261
4245,3.211,1.261
4246,3.172,1.261
4247,3.177,1.261
4248,3.201,1.261
4249,3.216,1.261
4250,3.211,1.261
4251,3.187,1.261
4252,3.196,1.261
4253,3.182,1.256
4254,3.162,1.256
4255,3.143,1.256
4256,3.148,1.256
4257,3.128,1.256
4258,3.118,1.256
4259,3.143,1.256
4260,3.236,1.256
4261,3.284,1.256
4262,3.353,1.256
4263,3.343,1.256
4264,3.314,1.256
4265,3.270,1.256
4266,3.231,1.256
4267,3.206,1.256
4268,3.035,1.251
4269,3.475,1.256
4270,3.500,1.256
4271,3.363,1.256
4272,3.226,1.256
4273,3.143,1.256
4274,3.128,1.251
4275,3.143,1.256
4276,3.162,1.256
4277,3.152,1.256
4278,3.143,1.256
4279,3.133,1.251
4280,3.187,1.256
4281,2.893,1.251
4282,3.739,1.251
4283,3.871,1.251
4284,3.451,1.251
4285,3.148,1.251
4286,3.622,1.251
4287,3.622,1.251
4288,3.446,1.251
4289,3.289,1.251
4290,3.201,1.251
4291,3.187,1.256
4292,3.211,1.256
4293,3.221,1.256
4294,3.216,1.256
4295,3.192,1.256
4296,3.182,1.256
4297,2.996,1.251
4298,3.402,1.256
4299,3.436,1.256
4300,3.333,1.256
4301,3.270,1.256
4302,3.289,1.256
4303,3.328,1.256
4304,3.343,1.256
4305,3.343,1.256
4306,3.319,1.256
4307,3.294,1.256
4308,3.255,1.256
4309,3.236,1.256
4310,3.236,1.256
4311,3.236,1.256
4312,3.231,1.256
4313,3.221,1.256
4314,3.211,1.256
4315,3.216,1.256
4316,3.201,1.256
4317,3.192,1.256
4318,3.172,1.261
4319,3.162,1.261
4320,3.148,1.261
4321,3.143,1.261
4322,3.240,1.261
4323,3.343,1.261
4324,3.372,1.261
4325,3.143,1.261
4326,3.539,1.261
4327,3.558,1.261
4328,3.402,1.261
4329,3.270,1.261
4330,3.211,1.261
4331,3.240,1.261
4332,3.250,1.261
4333,3.240,1.261
4334,3.231,1.261
4335,3.221,1.261
4336,3.192,1.261
4337,3.192,1.261
4338,3.196,1.261
4339,3.192,1.266
4340,3.187,1.261
4341,3.250,1.266
4342,2.537,1.261
4343,3.641,1.261
4344,4.086,1.261
4345,3.876,1.261
4346,3.529,1.266
4347,3.094,1.266
4348,2.972,1.261
4349,3.627,1.261
4350,3.680,1.266
4351,3.514,1.266
4352,3.324,1.266
4353,3.201,1.266
4354,3.011,1.266
4355,3.446,1.266
4356,3.485,1.266
4357,3.348,1.266
4358,3.236,1.266
4359,3.157,1.266
4360,3.182,1.271
4361,3.304,1.271
4362,3.402,1.271
4363,3.446,1.271
4364,3.416,1.271
4365,3.392,1.271
4366,3.338,1.271
4367,3.319,1.271
4368,3.299,1.271
4369,3.309,1.271
4370,3.314,1.271
4371,3.299,1.271
4372,3.280,1.271
4373,3.250,1.271
4374,3.236,1.271
4375,3.226,1.271
4376,3.216,1.271
4377,3.201,1.271
4378,3.216,1.271
4379,3.196,1.271
4380,3.211,1.271
4381,3.280,1.271
4382,3.211,1.271
4383,3.690,1.271
4384,3.734,1.271
4385,3.568,1.271
4386,3.402,1.271
4387,3.299,1.271
4388,3.270,1.271
4389,3.284,1.271
4390,3.319,1.271
4391,3.314,1.271
4392,3.304,1.271
4393,3.275,1.271
4394,3.299,1.271
4395,3.275,1.271
4396,3.255,1.271
4397,3.231,1.271
4398,3.216,1.271
4399,3.196,1.271
4400,3.211,1.271
4401,3.284,1.271
4402,3.412,1.266
4403,3.065,1.266
4404,3.905,1.266
4405,3.964,1.266
4406,3.700,1.266
4407,3.412,1.266
4408,3.260,1.266
4409,3.250,1.261
4410,3.089,1.261
4411,3.172,1.261
4412,3.807,1.261
4413,3.778,1.261
4414,3.514,1.261
4415,3.270,1.261
4416,3.152,1.256
4417,3.143,1.256
4418,3.167,1.256
4419,3.192,1.256
4420,3.201,1.256
4421,3.280,1.256
4422,3.397,1.256
4423,3.470,1.256
4424,3.485,1.256
4425,3.451,1.256
4426,3.412,1.256
4427,3.353,1.251
4428,3.309,1.251
4429,3.304,1.251
4430,3.314,1.251
4431,3.309,1.251
4432,3.299,1.251
4433,3.280,1.251
4434,3.255,1.251
4435,3.236,1.251
4436,3.216,1.251
4437,3.192,1.251
4438,3.187,1.251
4439,2.967,1.251
4440,3.397,1.251
4441,3.587,1.251
4442,3.597,1.251
4443,3.524,1.251
4444,3.436,1.251
4445,3.382,1.251
4446,3.338,1.251
4447,3.309,1.251
4448,3.289,1.251
4449,3.304,1.251
4450,3.314,1.251
4451,3.299,1.251
4452,3.280,1.251
4453,3.250,1.251
4454,3.216,1.251
4455,3.192,1.251
4456,3.182,1.251
4457,3.187,1.251
4458,3.182,1.251
4459,3.152,1.251
4460,3.167,1.251
4461,3.255,1.251
4462,3.397,1.251
4463,3.460,1.251
4464,3.470,1.251
4465,2.825,1.246
4466,3.983,1.246
4467,3.763,1.246
4468,3.871,1.246
4469,3.612,1.246
4470,3.284,1.251
4471,3.167,1.251
4472,3.148,1.251
4473,2.996,1.251
4474,2.952,1.246
4475,3.607,1.251
4476,3.627,1.251
4477,3.397,1.251
4478,3.152,1.251
4479,3.040,1.251
4480,3.065,1.251
4481,3.236,1.251
4482,3.368,1.251
4483,3.421,1.251
4484,3.392,1.251
4485,3.348,1.251
4486,3.280,1.251
4487,3.226,1.256
4488,3.221,1.256
4489,3.226,1.256
4490,3.216,1.256
4491,3.211,1.256
4492,3.187,1.256
4493,3.143,1.256
4494,3.109,1.256
4495,3.099,1.256
4496,2.889,1.256
4497,3.363,1.256
4498,3.402,1.256
4499,3.240,1.256
4500,3.099,1.256
4501,3.123,1.256
4502,3.236,1.256
4503,3.319,1.256
4504,3.348,1.256
4505,3.328,1.256
4506,3.280,1.256
4507,3.211,1.256
4508,3.172,1.256
4509,3.167,1.256
4510,3.182,1.256
4511,3.162,1.256
4512,3.167,1.256
4513,3.162,1.256
4514,3.133,1.256
4515,3.118,1.256
4516,3.104,1.251
4517,3.084,1.251
4518,3.060,1.251
4519,3.050,1.251
4520,3.089,1.251
4521,3.196,1.251
4522,3.270,1.246
4523,3.324,1.246
4524,3.055,1.246
4525,3.055,1.241
4526,3.881,1.241
4527,3.807,1.241
4528,3.480,1.241
4529,3.167,1.237
4530,3.025,1.237
4531,3.035,1.237
4532,3.079,1.237
4533,3.089,1.237
4534,3.089,1.237
4535,3.079,1.232
4536,2.893,1.232
4537,2.835,1.232
4538,3.485,1.227
4539,3.504,1.227
4540,3.348,1.227
4541,3.231,1.227
4542,3.177,1.227
4543,3.138,1.227
4544,3.162,1.227
4545,3.157,1.227
4546,3.128,1.227
4547,3.104,1.222
4548,3.099,1.222
4549,3.084,1.222
4550,3.094,1.222
4551,3.079,1.222
4552,3.084,1.222
4553,2.854,1.222
4554,3.304,1.217
4555,3.333,1.222
4556,3.211,1.222
4557,3.055,1.222
4558,2.986,1.222
4559,2.996,1.217
4560,3.069,1.217
4561,3.167,1.217
4562,3.201,1.217
4563,3.167,1.217
4564,3.133,1.217
4565,3.089,1.217
4566,3.074,1.217
4567,3.074,1.217
4568,3.109,1.217
4569,3.118,1.217
4570,3.104,1.217
4571,3.089,1.217
4572,3.060,1.217
4573,3.040,1.217
4574,3.035,1.217
4575,3.040,1.217
4576,3.060,1.212
4577,3.060,1.212
4578,3.084,1.212
4579,3.143,1.212
4580,3.177,1.212
4581,2.957,1.207
4582,3.392,1.207
4583,3.421,1.207
4584,3.299,1.207
4585,3.148,1.207
4586,2.229,1.202
4587,3.294,1.202
4588,3.778,1.202
4589,3.641,1.202
4590,3.289,1.197
4591,3.084,1.197
4592,2.986,1.197
4593,3.006,1.197
4594,3.035,1.197
4595,3.074,1.197
4596,3.094,1.197
4597,3.143,1.193
4598,3.187,1.193
4599,3.050,1.193
4600,2.986,1.188
4601,3.583,1.188
4602,3.583,1.188
4603,3.368,1.188
4604,3.157,1.188
4605,3.074,1.188
4606,3.069,1.188
4607,3.118,1.188
4608,3.143,1.188
4609,3.143,1.188
4610,2.952,1.183
4611,3.372,1.183
4612,3.387,1.183
4613,3.255,1.183
4614,3.104,1.183
4615,3.069,1.183
4616,3.104,1.183
4617,3.187,1.183
4618,3.211,1.183
4619,3.211,1.183
4620,3.192,1.183
4621,3.187,1.183
4622,3.162,1.183
4623,3.167,1.183
4624,3.152,1.178
4625,3.148,1.178
4626,3.143,1.178
4627,3.157,1.178
4628,3.138,1.178
4629,3.138,1.178
4630,3.123,1.178
4631,3.148,1.178
4632,3.148,1.173
4633,3.118,1.173
4634,3.099,1.173
4635,3.099,1.173
4636,3.138,1.173
4637,3.211,1.173
4638,3.069,1.168
4639,3.524,1.168
4640,3.534,1.168
4641,3.377,1.168
4642,3.221,1.168
4643,3.148,1.168
4644,3.148,1.168
4645,3.172,1.168
4646,3.211,1.168
4647,2.854,1.168
4648,3.622,1.168
4649,3.636,1.168
4650,3.451,1.168
4651,3.226,1.168
4652,3.118,1.168
4653,3.094,1.168
4654,3.128,1.168
4655,3.177,1.168
4656,3.270,1.168
4657,3.372,1.168
4658,3.407,1.168
4659,3.392,1.168
4660,3.358,1.168
4661,3.328,1.168
4662,3.138,1.168
4663,3.133,1.168
4664,3.739,1.168
4665,3.744,1.168
4666,3.529,1.173
4667,3.333,1.173
4668,3.216,1.173
4669,3.172,1.173
4670,3.196,1.173
4671,3.201,1.173
4672,3.201,1.173
4673,3.192,1.173
4674,3.187,1.173
4675,3.167,1.173
4676,3.221,1.178
4677,3.338,1.178
4678,3.475,1.178
4679,3.495,1.178
4680,3.490,1.178
4681,3.456,1.178
4682,3.407,1.178
4683,3.343,1.178
4684,3.319,1.178
4685,3.314,1.183
4686,3.338,1.183
4687,3.333,1.183
4688,3.304,1.183
4689,3.275,1.183
4690,3.240,1.183
4691,3.216,1.183
4692,3.201,1.183
4693,3.182,1.183
4694,3.196,1.188
4695,2.972,1.188
4696,3.407,1.188
4697,3.456,1.188
4698,3.421,1.188
4699,3.436,1.188
4700,3.460,1.188
4701,3.470,1.193
4702,3.460,1.193
4703,3.426,1.193
4704,3.382,1.193
4705,3.328,1.193
4706,3.314,1.193
4707,3.299,1.193
4708,3.314,1.193
4709,2.688,1.193
4710,3.910,1.193
4711,4.013,1.193
4712,3.656,1.197
4713,3.275,1.197
4714,3.089,1.197
4715,3.035,1.197
4716,3.074,1.197
4717,3.118,1.197
4718,3.167,1.202
4719,3.231,1.202
4720,3.377,1.202
4721,3.465,1.202
4722,3.490,1.202
4723,3.192,1.202
4724,3.622,1.202
4725,3.436,1.202
4726,3.216,1.202
4727,3.739,1.202
4728,3.705,1.202
4729,3.480,1.207
4730,3.265,1.207
4731,3.177,1.207
4732,3.148,1.207
4733,3.157,1.207
4734,3.172,1.207
4735,3.162,1.207
4736,3.152,1.207
4737,3.133,1.207
4738,3.118,1.212
4739,3.060,1.212
4740,3.148,1.212
4741,3.270,1.212
4742,3.397,1.212
4743,3.441,1.212
4744,3.431,1.212
4745,3.372,1.212
4746,3.314,1.212
4747,3.260,1.217
4748,3.236,1.217
4749,3.231,1.217
4750,3.240,1.217
4751,3.231,1.217
4752,2.996,1.217
4753,3.446,1.217
4754,3.475,1.217
4755,3.309,1.217
4756,3.148,1.217
4757,3.094,1.217
4758,3.084,1.217
4759,3.089,1.222
4760,3.094,1.217
4761,3.089,1.222
4762,3.152,1.222
4763,3.265,1.222
4764,3.368,1.222
4765,3.412,1.222
4766,3.377,1.222
4767,3.328,1.222
4768,3.275,1.222
4769,2.717,1.222
4770,3.275,1.222
4771,3.695,1.222
4772,3.617,1.222
4773,3.397,1.222
4774,3.177,1.222
4775,3.094,1.227
4776,3.069,1.227
4777,3.094,1.227
4778,3.113,1.227
4779,3.123,1.227
4780,2.849,1.227
4781,3.333,1.227
4782,3.387,1.227
4783,3.309,1.227
4784,3.265,1.227
4785,3.309,1.227
4786,3.314,1.227
4787,3.333,1.227
4788,3.104,1.227
4789,3.060,1.227
4790,3.675,1.227
4791,3.680,1.227
4792,3.451,1.227
4793,3.250,1.232
4794,3.148,1.232
4795,3.104,1.232
4796,3.109,1.232
4797,3.148,1.232
4798,3.157,1.232
4799,3.099,1.232
4800,3.118,1.232
4801,3.104,1.232
4802,3.089,1.232
4803,3.079,1.232
4804,3.113,1.232
4805,3.211,1.232
4806,3.314,1.232
4807,3.358,1.232
4808,3.338,1.237
4809,3.079,1.232
4810,3.529,1.232
4811,3.529,1.237
4812,3.368,1.237
4813,3.231,1.237
4814,3.162,1.237
4815,3.148,1.237
4816,3.152,1.237
4817,3.148,1.237
4818,3.133,1.237
4819,3.113,1.237
4820,3.104,1.237
4821,3.118,1.237
4822,3.104,1.237
4823,3.084,1.237
4824,3.079,1.237
4825,3.079,1.237
4826,3.148,1.241
4827,3.260,1.237
4828,3.343,1.241
4829,3.309,1.241
4830,3.338,1.241
4831,2.698,1.237
4832,3.886,1.237
4833,3.998,1.237
4834,3.661,1.241
4835,3.294,1.241
4836,3.118,1.241
4837,2.830,1.241
4838,3.343,1.241
4839,3.441,1.241
4840,3.319,1.241
4841,3.167,1.241
4842,3.079,1.241
4843,3.050,1.241
4844,3.060,1.241
4845,3.079,1.241
4846,3.104,1.241
4847,3.201,1.241
4848,3.294,1.246
4849,3.314,1.241
4850,3.314,1.241
4851,3.084,1.241
4852,3.025,1.241
4853,3.656,1.241
4854,3.675,1.241
4855,3.446,1.246
4856,3.236,1.246
4857,3.128,1.246
4858,3.109,1.246
4859,3.109,1.246
4860,3.157,1.246
4861,3.143,1.246
4862,3.128,1.246
4863,3.104,1.246
4864,3.094,1.246
4865,3.104,1.246
4866,3.001,1.246
4867,3.563,1.246
4868,3.651,1.246
4869,3.490,1.246
4870,3.299,1.246
4871,3.196,1.246
4872,3.143,1.246
4873,3.148,1.251
4874,3.167,1.251
4875,3.172,1.251
4876,3.187,1.251
4877,3.152,1.251
4878,3.128,1.251
4879,3.109,1.251
4880,3.099,1.251
4881,3.084,1.251
4882,3.079,1.251
4883,3.079,1.251
4884,3.094,1.251
4885,3.079,1.251
4886,3.089,1.251
4887,3.157,1.251
4888,3.255,1.251
4889,3.294,1.251
4890,3.338,1.251
4891,2.849,1.251
4892,3.348,1.251
4893,3.734,1.251
4894,3.338,1.251
4895,3.573,1.251
4896,3.456,1.251
4897,3.265,1.251
4898,3.133,1.251
4899,3.138,1.251
4900,3.133,1.251
4901,3.148,1.256
4902,3.123,1.251
4903,3.118,1.251
4904,3.113,1.256
4905,3.118,1.256
4906,3.104,1.256
4907,3.123,1.256
4908,3.201,1.256
4909,3.294,1.256
4910,3.333,1.256
4911,3.338,1.251
4912,3.299,1.256
4913,3.275,1.256
4914,3.030,1.251
4915,3.001,1.251
4916,3.666,1.251
4917,3.685,1.251
4918,3.402,1.251
4919,3.211,1.251
4920,3.104,1.251
4921,3.074,1.251
4922,3.084,1.251
4923,3.133,1.251
4924,3.143,1.251
4925,3.133,1.251
4926,3.089,1.251
4927,3.069,1.251
4928,3.060,1.251
4929,3.109,1.251
4930,3.201,1.251
4931,3.275,1.251
4932,3.294,1.251
4933,3.280,1.251
4934,3.245,1.251
4935,3.206,1.251
4936,3.167,1.251
4937,3.167,1.251
4938,3.152,1.251
4939,3.157,1.251
4940,3.143,1.251
4941,3.118,1.251
4942,3.099,1.251
4943,3.094,1.251
4944,3.074,1.251
4945,3.069,1.251
4946,3.055,1.251
4947,3.055,1.251
4948,3.045,1.251
4949,3.021,1.251
4950,3.045,1.251
4951,2.903,1.246
4952,3.475,1.246
4953,2.981,1.246
4954,4.032,1.246
4955,4.022,1.246
4956,3.597,1.246
4957,3.196,1.246
4958,3.021,1.251
4959,2.991,1.251
4960,3.060,1.251
4961,3.113,1.251
4962,3.143,1.251
4963,3.128,1.251
4964,3.104,1.251
4965,3.069,1.251
4966,3.060,1.251
4967,3.050,1.251
4968,3.030,1.251
4969,3.025,1.251
4970,3.030,1.251
4971,3.084,1.251
4972,3.157,1.251
4973,3.206,1.251
4974,3.216,1.251
4975,3.206,1.251
4976,3.177,1.251
4977,2.835,1.251
4978,2.595,1.251
4979,3.319,1.251
4980,3.817,1.251
4981,3.651,1.251
4982,3.309,1.251
4983,3.040,1.251
4984,2.947,1.251
4985,2.967,1.256
4986,3.016,1.256
4987,3.040,1.256
4988,3.050,1.256
4989,3.021,1.256
4990,3.016,1.256
4991,3.025,1.256
4992,3.099,1.256
4993,3.152,1.256
4994,3.187,1.256
4995,3.182,1.256
4996,3.157,1.256
4997,3.118,1.256
4998,3.099,1.256
4999,3.084,1.256
5000,3.079,1.256
5001,3.079,1.256
5002,3.079,1.256
5003,3.074,1.261
5004,3.055,1.261
5005,3.040,1.261
5006,3.035,1.261
5007,3.035,1.261
5008,2.781,1.261
5009,3.275,1.261
5010,3.353,1.261
5011,3.211,1.261
5012,3.089,1.261
5013,2.630,1.261
5014,3.192,1.261
5015,3.607,1.261
5016,3.548,1.261
5017,3.319,1.261
5018,3.123,1.261
5019,3.021,1.261
5020,3.025,1.261
5021,3.055,1.261
5022,3.094,1.266
5023,3.104,1.261
5024,3.089,1.261
5025,3.065,1.266
5026,3.069,1.266
5027,3.065,1.266
5028,3.050,1.266
5029,3.060,1.266
5030,3.045,1.266
5031,3.025,1.266
5032,3.030,1.266
5033,3.065,1.266
5034,3.138,1.266
5035,3.177,1.266
5036,2.977,1.266
5037,3.416,1.266
5038,3.392,1.266
5039,3.294,1.266
5040,2.977,1.266
5041,2.884,1.266
5042,3.539,1.266
5043,3.548,1.266
5044,3.343,1.266
5045,3.143,1.266
5046,3.030,1.266
5047,3.016,1.271
5048,3.035,1.271
5049,3.060,1.271
5050,3.084,1.271
5051,3.065,1.271
5052,3.060,1.271
5053,3.074,1.271
5054,3.162,1.271
5055,3.221,1.271
5056,3.250,1.271
5057,3.236,1.271
5058,3.216,1.271
5059,3.182,1.271
5060,3.157,1.271
5061,3.138,1.271
5062,3.152,1.271
5063,3.167,1.271
5064,3.182,1.271
5065,2.981,1.271
5066,3.368,1.271
5067,3.436,1.271
5068,3.324,1.271
5069,3.265,1.271
5070,3.211,1.271
5071,3.177,1.271
5072,3.187,1.271
5073,3.231,1.271
5074,3.358,1.271
5075,2.991,1.271
5076,4.057,1.271
5077,4.135,1.271
5078,3.778,1.271
5079,3.412,1.271
5080,3.216,1.271
5081,3.206,1.271
5082,3.255,1.276
5083,3.304,1.276
5084,3.314,1.276
5085,3.304,1.276
5086,3.284,1.276
5087,3.265,1.276
5088,3.250,1.276
5089,3.245,1.276
5090,3.250,1.276
5091,3.236,1.276
5092,3.265,1.276
5093,3.157,1.276
5094,3.675,1.276
5095,3.734,1.276
5096,3.568,1.276
5097,3.407,1.276
5098,3.255,1.276
5099,3.255,1.276
5100,3.250,1.276
5101,3.284,1.276
5102,3.314,1.281
5103,3.143,1.276
5104,3.392,1.276
5105,3.441,1.276
5106,3.353,1.281
5107,3.260,1.281
5108,3.206,1.281
5109,3.206,1.281
5110,3.201,1.281
5111,3.196,1.281
5112,3.250,1.281
5113,3.358,1.281
5114,3.421,1.281
5115,3.460,1.281
5116,3.456,1.281
5117,3.436,1.281
5118,3.397,1.281
5119,3.377,1.281
5120,3.358,1.281
5121,3.387,1.281
5122,3.196,1.281
5123,3.602,1.281
5124,3.597,1.281
5125,3.475,1.281
5126,3.314,1.281
5127,3.231,1.281
5128,3.157,1.281
5129,3.236,1.281
5130,3.265,1.281
5131,3.372,1.281
5132,3.436,1.281
5133,3.490,1.281
5134,3.475,1.281
5135,3.460,1.281
5136,3.006,1.281
5137,3.812,1.281
5138,3.886,1.281
5139,3.671,1.281
5140,3.451,1.281
5141,3.328,1.281
5142,3.289,1.281
5143,3.304,1.285
5144,3.309,1.281
5145,3.328,1.281
5146,3.314,1.281
5147,3.294,1.281
5148,3.275,1.285
5149,3.319,1.281
5150,3.206,1.281
5151,3.744,1.281
5152,3.798,1.281
5153,3.680,1.281
5154,3.504,1.281
5155,3.382,1.285
5156,3.353,1.285
5157,3.368,1.285
5158,3.348,1.285
5159,3.372,1.285
5160,3.363,1.285
5161,3.333,1.285
5162,3.299,1.285
5163,3.265,1.285
5164,3.260,1.285
5165,3.275,1.285
5166,3.055,1.285
5167,3.045,1.281
5168,3.759,1.281
5169,3.871,1.281
5170,3.705,1.285
5171,3.500,1.285
5172,3.372,1.285
5173,3.333,1.285
5174,3.324,1.285
5175,3.319,1.285
5176,3.343,1.285
5177,3.348,1.285
5178,3.338,1.285
5179,3.343,1.285
5180,3.289,1.285
5181,3.270,1.285
5182,3.260,1.285
5183,3.236,1.285
5184,3.226,1.285
5185,3.231,1.281
5186,3.211,1.281
5187,3.245,1.281
5188,3.280,1.281
5189,3.412,1.281
5190,3.441,1.281
5191,3.421,1.276
5192,3.372,1.276
5193,3.328,1.276
5194,3.304,1.271
5195,3.304,1.271
5196,3.299,1.271
5197,3.314,1.266
5198,2.703,1.261
5199,3.905,1.261
5200,4.052,1.261
5201,3.690,1.261
5202,3.314,1.256
5203,3.118,1.256
5204,3.089,1.256
5205,3.138,1.251
5206,3.236,1.251
5207,3.123,1.246
5208,3.671,1.246
5209,3.710,1.241
5210,3.529,1.241
5211,3.328,1.241
5212,3.226,1.237
5213,3.206,1.237
5214,3.236,1.237
5215,3.255,1.232
5216,3.284,1.232
5217,3.255,1.232
5218,3.206,1.227
5219,3.211,1.227
5220,3.221,1.227
5221,3.196,1.222
5222,3.177,1.222
5223,3.162,1.222
5224,3.236,1.222
5225,3.319,1.217
5226,3.368,1.217
5227,3.372,1.217
5228,3.363,1.217
5229,2.986,1.212
5230,2.766,1.212
5231,3.636,1.212
5232,3.759,1.207
5233,3.539,1.207
5234,3.304,1.207
5235,2.898,1.207
5236,3.363,1.207
5237,3.446,1.207
5238,3.338,1.207
5239,3.221,1.207
5240,3.143,1.207
5241,3.113,1.202
5242,3.167,1.202
5243,3.275,1.202
5244,3.358,1.202
5245,3.377,1.202
5246,3.363,1.202
5247,3.338,1.202
5248,3.299,1.202
5249,3.280,1.202
5250,3.255,1.202
5251,3.245,1.202
5252,3.250,1.202
5253,3.231,1.202
5254,3.211,1.202
5255,3.196,1.202
5256,3.187,1.202
5257,3.172,1.202
5258,2.678,1.202
5259,3.211,1.202
5260,3.622,1.202
5261,3.543,1.202
5262,3.358,1.202
5263,3.275,1.202
5264,3.060,1.202
5265,3.563,1.202
5266,3.617,1.202
5267,3.475,1.207
5268,3.304,1.207
5269,3.182,1.207
5270,3.167,1.207
5271,3.196,1.207
5272,3.221,1.207
5273,3.206,1.207
5274,3.182,1.207
5275,3.162,1.207
5276,3.148,1.207
5277,3.123,1.207
5278,3.099,1.207
5279,3.128,1.207
5280,3.138,1.207
5281,3.118,1.207
5282,3.109,1.207
5283,3.187,1.207
5284,3.265,1.207
5285,3.304,1.207
5286,3.299,1.202
5287,3.294,1.202
5288,3.270,1.202
5289,3.231,1.202
5290,3.187,1.202
5291,3.182,1.202
5292,2.786,1.197
5293,3.236,1.197
5294,3.891,1.197
5295,3.778,1.197
5296,3.412,1.197
5297,3.118,1.193
5298,2.996,1.193
5299,3.011,1.193
5300,3.055,1.193
5301,3.079,1.193
5302,3.094,1.193
5303,3.109,1.188
5304,3.152,1.188
5305,3.231,1.188
5306,3.275,1.188
5307,3.280,1.188
5308,3.250,1.188
5309,3.236,1.188
5310,3.201,1.188
5311,3.192,1.183
5312,3.157,1.183
5313,3.152,1.183
5314,3.138,1.183
5315,3.148,1.183
5316,3.133,1.183
5317,3.118,1.183
5318,3.104,1.183
5319,3.113,1.183
5320,2.493,1.178
5321,3.558,1.173
5322,4.433,1.173
5323,4.409,1.178
5324,3.705,1.178
5325,3.167,1.178
5326,2.986,1.178
5327,3.025,1.178
5328,3.099,1.178
5329,3.167,1.178
5330,3.172,1.178
5331,3.128,1.178
5332,3.113,1.178
5333,3.143,1.183
5334,3.133,1.183
5335,3.123,1.183
5336,3.089,1.183
5337,3.065,1.183
5338,3.079,1.183
5339,3.084,1.183
5340,3.079,1.183
5341,3.060,1.183
5342,3.099,1.183
5343,3.138,1.183
5344,3.182,1.183
5345,3.216,1.183
5346,3.201,1.188
5347,3.177,1.188
5348,3.148,1.188
5349,2.893,1.188
5350,3.363,1.188
5351,3.412,1.188
5352,3.294,1.188
5353,3.167,1.188
5354,2.903,1.188
5355,3.187,1.193
5356,3.240,1.193
5357,3.187,1.193
5358,3.133,1.193
5359,3.079,1.193
5360,3.060,1.193
5361,3.089,1.197
5362,3.157,1.197
5363,3.211,1.197
5364,3.250,1.197
5365,3.226,1.197
5366,3.206,1.197
5367,3.157,1.197
5368,3.162,1.202
5369,3.157,1.202
5370,3.157,1.202
5371,3.157,1.202
5372,3.143,1.202
5373,3.138,1.202
5374,3.133,1.202
5375,3.109,1.202
5376,3.099,1.207
5377,3.104,1.207
5378,2.933,1.207
5379,3.006,1.202
5380,3.803,1.207
5381,3.798,1.207
5382,3.529,1.207
5383,3.289,1.207
5384,3.148,1.212
5385,3.133,1.212
5386,3.167,1.212
5387,3.192,1.212
5388,3.182,1.212
5389,3.196,1.212
5390,3.196,1.212
5391,3.187,1.217
5392,3.162,1.217
5393,3.172,1.217
5394,3.133,1.217
5395,3.128,1.217
5396,3.123,1.217
5397,3.113,1.217
5398,3.118,1.217
5399,3.143,1.217
5400,3.187,1.222
5401,3.265,1.222
5402,3.309,1.222
5403,3.314,1.222
5404,3.299,1.222
5405,3.314,1.222
5406,3.069,1.222
5407,3.495,1.222
5408,3.529,1.222
5409,3.397,1.222
5410,3.260,1.227
5411,3.196,1.227
5412,3.167,1.227
5413,3.177,1.227
5414,3.177,1.227
5415,3.177,1.227
5416,3.172,1.227
5417,2.996,1.227
5418,2.986,1.227
5419,3.671,1.227
5420,3.759,1.227
5421,3.612,1.227
5422,3.402,1.227
5423,3.284,1.232
5424,3.240,1.232
5425,3.236,1.232
5426,3.250,1.232
5427,3.260,1.232
5428,3.280,1.232
5429,3.284,1.232
5430,3.250,1.232
5431,3.226,1.232
5432,3.196,1.232
5433,3.196,1.232
5434,3.187,1.232
5435,3.211,1.232
5436,3.177,1.232
5437,3.201,1.232
5438,3.284,1.232
5439,3.368,1.232
5440,3.402,1.237
5441,2.849,1.232
5442,3.959,1.232
5443,4.042,1.232
5444,3.685,1.232
5445,3.328,1.232
5446,3.167,1.232
5447,3.138,1.232
5448,3.167,1.232
5449,3.211,1.232
5450,3.206,1.237
5451,3.201,1.237
5452,3.187,1.232
5453,3.182,1.237
5454,3.167,1.237
5455,3.196,1.237
5456,3.275,1.237
5457,3.353,1.237
5458,3.407,1.237
5459,3.407,1.237
5460,3.372,1.237
5461,3.338,1.237
5462,3.289,1.237
5463,3.055,1.237
5464,3.519,1.237
5465,3.568,1.237
5466,3.431,1.237
5467,3.280,1.237
5468,3.196,1.237
5469,3.187,1.237
5470,3.177,1.237
5471,3.187,1.237
5472,3.187,1.237
5473,3.182,1.237
5474,3.221,1.237
5475,3.314,1.237
5476,3.392,1.237
5477,3.407,1.237
5478,3.387,1.237
5479,3.358,1.237
5480,3.016,1.237
5481,2.835,1.237
5482,3.685,1.237
5483,3.768,1.237
5484,3.568,1.241
5485,3.333,1.241
5486,3.192,1.241
5487,3.167,1.241
5488,3.196,1.241
5489,3.201,1.241
5490,3.226,1.241
5491,2.957,1.241
5492,3.412,1.241
5493,3.519,1.241
5494,3.485,1.241
5495,3.421,1.241
5496,3.372,1.241
5497,3.333,1.241
5498,3.314,1.246
5499,3.304,1.246
5500,3.289,1.246
5501,2.815,1.241
5502,3.338,1.241
5503,3.754,1.246
5504,3.666,1.246
5505,3.407,1.246
5506,3.211,1.246
5507,3.133,1.246
5508,3.128,1.246
5509,3.152,1.246
5510,3.177,1.246
5511,3.206,1.246
5512,3.280,1.246
5513,3.363,1.251
5514,3.402,1.251
5515,3.387,1.251
5516,3.343,1.251
5517,3.343,1.251
5518,3.319,1.251
5519,3.299,1.251
5520,3.069,1.251
5521,3.539,1.251
5522,3.597,1.251
5523,3.431,1.251
5524,3.284,1.251
5525,3.177,1.251
5526,3.162,1.251
5527,3.162,1.251
5528,3.177,1.251
5529,3.196,1.256
5530,3.289,1.256
5531,3.377,1.256
5532,3.460,1.256
5533,3.436,1.256
5534,3.412,1.256
5535,3.368,1.256
5536,3.319,1.256
5537,3.284,1.256
5538,3.299,1.256
5539,3.304,1.256
5540,3.294,1.256
5541,3.275,1.256
5542,3.260,1.256
5543,2.913,1.256
5544,2.722,1.256
5545,3.583,1.256
5546,3.636,1.256
5547,3.460,1.256
5548,3.035,1.256
5549,3.548,1.256
5550,3.685,1.256
5551,3.612,1.261
5552,3.504,1.261
5553,3.412,1.261
5554,3.343,1.261
5555,3.314,1.261
5556,3.328,1.261
5557,3.328,1.261
5558,3.328,1.261
5559,3.309,1.261
5560,3.284,1.261
5561,3.255,1.261
5562,3.265,1.261
5563,2.605,1.261
5564,3.832,1.261
5565,3.988,1.261
5566,3.651,1.261
5567,3.343,1.261
5568,3.255,1.261
5569,3.348,1.261
5570,3.426,1.266
5571,3.480,1.266
5572,3.470,1.266
5573,3.407,1.266
5574,3.338,1.266
5575,3.299,1.266
5576,3.265,1.266
5577,3.089,1.266
5578,3.578,1.266
5579,3.622,1.266
5580,3.451,1.266
5581,3.280,1.266
5582,3.182,1.266
5583,3.138,1.266
5584,3.148,1.266
5585,3.172,1.266
5586,3.167,1.266
5587,3.240,1.266
5588,3.338,1.266
5589,3.456,1.266
5590,3.490,1.266
5591,3.480,1.271
5592,3.421,1.271
5593,3.372,1.266
5594,3.319,1.271
5595,3.328,1.271
5596,3.309,1.271
5597,3.309,1.271
5598,3.289,1.271
5599,3.265,1.271
5600,3.226,1.271
5601,3.216,1.271
5602,3.187,1.271
5603,3.172,1.271
5604,3.148,1.271
5605,2.893,1.271
5606,3.216,1.271
5607,3.402,1.271
5608,4.076,1.271
5609,4.003,1.271
5610,3.680,1.271
5611,3.402,1.271
5612,3.245,1.271
5613,3.187,1.271
5614,3.206,1.271
5615,3.255,1.271
5616,3.284,1.271
5617,3.250,1.276
5618,3.211,1.276
5619,3.192,1.276
5620,3.172,1.276
5621,3.143,1.276
5622,3.123,1.276
5623,2.610,1.271
5624,3.148,1.271
5625,3.680,1.271
5626,3.734,1.276
5627,3.592,1.276
5628,3.441,1.276
5629,3.328,1.276
5630,3.309,1.276
5631,3.260,1.276
5632,3.250,1.276
5633,3.250,1.276
5634,3.006,1.276
5635,3.509,1.276
5636,3.539,1.276
5637,3.372,1.276
5638,3.201,1.276
5639,3.089,1.276
5640,3.055,1.276
5641,3.065,1.276
5642,3.094,1.276
5643,3.094,1.276
5644,3.109,1.281
5645,3.201,1.281
5646,3.304,1.281
5647,3.353,1.281
5648,3.368,1.281
5649,3.328,1.281
5650,3.270,1.281
5651,3.201,1.281
5652,3.162,1.281
5653,3.152,1.281
5654,3.162,1.281
5655,3.157,1.281
5656,3.148,1.281
5657,3.118,1.281
5658,3.123,1.281
5659,3.089,1.281
5660,3.069,1.281
5661,3.060,1.281
5662,2.766,1.281
5663,3.284,1.281
5664,3.407,1.281
5665,3.377,1.281
5666,3.294,1.281
5667,3.250,1.281
5668,3.221,1.281
5669,2.967,1.281
5670,2.898,1.281
5671,3.578,1.281
5672,3.612,1.281
5673,3.387,1.281
5674,3.167,1.281
5675,3.025,1.285
5676,3.001,1.285
5677,3.006,1.285
5678,3.030,1.285
5679,3.040,1.285
5680,3.016,1.285
5681,3.011,1.285
5682,3.045,1.285
5683,3.118,1.285
5684,3.201,1.285
5685,2.512,1.281
5686,3.783,1.281
5687,3.949,1.281
5688,3.573,1.285
5689,3.177,1.285
5690,2.977,1.285
5691,2.957,1.285
5692,3.006,1.285
5693,3.040,1.285
5694,3.045,1.285
5695,3.001,1.285
5696,3.001,1.285
5697,2.996,1.285
5698,3.011,1.285
5699,2.991,1.285
5700,3.030,1.285
5701,3.089,1.285
5702,3.148,1.290
5703,3.152,1.285
5704,3.128,1.285
5705,3.109,1.290
5706,3.084,1.290
5707,3.065,1.290
5708,3.060,1.290
5709,3.050,1.290
5710,3.040,1.290
5711,3.045,1.290
5712,3.035,1.290
5713,3.021,1.290
5714,3.001,1.290
5715,2.981,1.290
5716,2.972,1.290
5717,2.972,1.290
5718,3.006,1.290
5719,2.854,1.290
5720,3.382,1.290
5721,3.460,1.290
5722,3.294,1.290
5723,3.133,1.290
5724,3.030,1.290
5725,2.996,1.290
5726,2.991,1.290
5727,3.045,1.290
5728,3.055,1.290
5729,3.045,1.290
5730,3.025,1.290
5731,3.006,1.290
5732,2.683,1.290
5733,2.517,1.290
5734,3.387,1.290
5735,3.504,1.290
5736,3.348,1.290
5737,3.192,1.290
5738,3.079,1.290
5739,3.065,1.290
5740,3.065,1.290
5741,3.060,1.290
5742,3.069,1.285
5743,3.060,1.285
5744,3.060,1.285
5745,3.084,1.285
5746,2.605,1.281
5747,3.250,1.281
5748,3.744,1.281
5749,3.573,1.276
5750,3.226,1.276
5751,2.996,1.276
5752,2.913,1.276
5753,2.977,1.271
5754,3.060,1.271
5755,3.065,1.271
5756,3.128,1.266
5757,3.113,1.266
5758,3.094,1.266
5759,3.074,1.266
5760,3.050,1.261
5761,3.074,1.261
5762,3.069,1.261
5763,3.069,1.256
5764,3.060,1.256
5765,3.055,1.256
5766,3.050,1.251
5767,3.040,1.251
5768,3.045,1.251
5769,3.065,1.251
5770,3.069,1.246
5771,3.069,1.246
5772,3.109,1.246
5773,3.148,1.241
5774,3.152,1.241
5775,3.138,1.241
5776,2.918,1.237
5777,3.343,1.237
5778,3.363,1.237
5779,3.236,1.237
5780,3.109,1.237
5781,3.055,1.237
5782,3.045,1.232
5783,3.055,1.232
5784,3.069,1.232
5785,3.079,1.232
5786,3.099,1.232
5787,3.104,1.232
5788,3.074,1.232
5789,3.084,1.232
5790,3.138,1.227
5791,3.192,1.227
5792,3.196,1.227
5793,3.192,1.227
5794,3.177,1.227
5795,2.859,1.227
5796,2.717,1.227
5797,3.548,1.227
5798,3.651,1.227
5799,3.451,1.227
5800,3.250,1.227
5801,3.148,1.227
5802,3.099,1.227
5803,3.104,1.227
5804,2.913,1.222
5805,3.372,1.222
5806,3.446,1.227
5807,2.869,1.222
5808,3.978,1.222
5809,4.062,1.222
5810,3.715,1.227
5811,3.363,1.227
5812,3.172,1.227
5813,3.128,1.227
5814,3.177,1.227
5815,3.206,1.227
5816,3.270,1.227
5817,3.255,1.227
5818,3.240,1.227
5819,3.201,1.227
5820,3.192,1.227
5821,3.157,1.227
5822,3.152,1.232
5823,3.152,1.227
5824,3.260,1.232
5825,3.353,1.232
5826,3.412,1.232
5827,3.397,1.232
5828,3.363,1.232
5829,3.304,1.232
5830,3.265,1.232
5831,3.270,1.232
5832,3.294,1.232
5833,3.113,1.232
5834,3.563,1.232
5835,3.573,1.232
5836,3.421,1.232
5837,3.280,1.237
5838,3.196,1.237
5839,3.187,1.237
5840,3.192,1.237
5841,3.201,1.237
5842,3.250,1.237
5843,3.382,1.237
5844,3.465,1.237
5845,3.456,1.237
5846,3.470,1.241
5847,3.426,1.241
5848,3.382,1.241
5849,3.333,1.241
5850,3.319,1.241
5851,3.309,1.241
5852,3.299,1.241
5853,3.284,1.241
5854,3.265,1.241
5855,3.236,1.241
5856,3.216,1.241
5857,3.196,1.241
5858,2.869,1.241
5859,2.708,1.241
5860,3.583,1.241
5861,3.529,1.241
5862,3.900,1.241
5863,3.817,1.241
5864,3.563,1.241
5865,3.377,1.241
5866,3.250,1.241
5867,2.771,1.237
5868,3.319,1.237
5869,3.768,1.237
5870,3.680,1.237
5871,3.446,1.237
5872,3.240,1.232
5873,3.148,1.232
5874,3.138,1.232
5875,3.138,1.232
5876,3.172,1.232
5877,3.187,1.227
5878,3.157,1.227
5879,3.157,1.227
5880,3.226,1.227
5881,3.343,1.222
5882,3.407,1.222
5883,3.407,1.222
5884,3.368,1.217
5885,3.314,1.217
5886,3.255,1.217
5887,3.245,1.217
5888,3.260,1.212
5889,3.255,1.212
5890,3.035,1.207
5891,3.495,1.207
5892,3.509,1.207
5893,3.353,1.207
5894,3.192,1.202
5895,3.118,1.202
5896,3.099,1.202
5897,3.099,1.202
5898,3.109,1.197
5899,3.201,1.197
5900,3.309,1.197
5901,3.363,1.197
5902,3.353,1.193
5903,3.304,1.193
5904,3.245,1.193
5905,3.177,1.193
5906,3.187,1.188
5907,3.206,1.188
5908,3.211,1.188
5909,3.196,1.188
5910,3.177,1.188
5911,3.221,1.183
5912,3.196,1.183
5913,3.162,1.183
5914,3.118,1.183
5915,3.113,1.183
5916,3.094,1.183
5917,3.138,1.183
5918,3.006,1.178
5919,3.587,1.178
5920,3.671,1.178
5921,3.294,1.178
5922,3.045,1.173
5923,3.636,1.173
5924,3.651,1.178
5925,3.436,1.173
5926,3.236,1.173
5927,3.138,1.178
5928,3.128,1.173
5929,2.468,1.173
5930,3.744,1.173
5931,3.915,1.173
5932,3.583,1.173
5933,3.206,1.173
5934,3.001,1.173
5935,3.089,1.173
5936,3.226,1.173
5937,3.299,1.178
5938,3.314,1.178
5939,3.284,1.178
5940,3.240,1.178
5941,3.192,1.178
5942,3.182,1.178
5943,3.177,1.178
5944,3.196,1.178
5945,3.167,1.178
5946,3.172,1.183
5947,3.157,1.178
5948,3.152,1.183
5949,3.128,1.183
5950,3.138,1.183
5951,3.099,1.183
5952,3.074,1.183
5953,3.099,1.183
5954,3.187,1.188
5955,3.260,1.188
5956,3.284,1.188
5957,3.270,1.188
5958,3.255,1.188
5959,3.206,1.188
5960,3.167,1.188
5961,3.152,1.188
5962,3.167,1.193
5963,3.167,1.193
5964,3.162,1.193
5965,3.133,1.193
5966,3.157,1.193
5967,3.138,1.193
5968,3.104,1.197
5969,3.084,1.197
5970,3.084,1.197
5971,3.084,1.197
5972,3.128,1.197
5973,3.201,1.197
5974,3.260,1.197
5975,3.035,1.197
5976,3.451,1.197
5977,3.529,1.202
5978,3.451,1.202
5979,3.328,1.202
5980,3.270,1.202
5981,3.250,1.202
5982,3.275,1.202
5983,3.275,1.202
5984,2.947,1.202
5985,2.761,1.202
5986,3.622,1.202
5987,3.700,1.207
5988,3.495,1.207
5989,3.294,1.207
5990,2.761,1.207
5991,3.661,1.207
5992,3.832,1.207
5993,3.646,1.207
5994,3.402,1.212
5995,3.275,1.212
5996,3.216,1.212
5997,3.236,1.212
5998,3.275,1.212
5999,3.289,1.212
6000,3.289,1.212
6001,3.275,1.212
6002,3.265,1.217
6003,3.001,1.217
6004,3.470,1.217
6005,3.490,1.217
6006,3.328,1.217
6007,3.187,1.217
6008,3.094,1.217
6009,3.113,1.217
6010,3.201,1.217
6011,3.260,1.222
6012,3.294,1.222
6013,3.284,1.222
6014,3.280,1.222
6015,3.236,1.222
6016,3.211,1.222
6017,3.187,1.222
6018,3.201,1.222
6019,3.201,1.222
6020,3.216,1.227
6021,3.187,1.227
6022,3.182,1.227
6023,3.172,1.227
6024,3.152,1.227
6025,3.133,1.227
6026,3.177,1.227
6027,3.152,1.227
6028,3.148,1.227
6029,3.152,1.227
6030,3.226,1.227
6031,3.265,1.232
6032,3.084,1.227
6033,3.519,1.227
6034,3.558,1.232
6035,3.407,1.232
6036,3.250,1.232
6037,3.167,1.232
6038,3.182,1.232
6039,3.201,1.232
6040,3.201,1.232
6041,3.192,1.232
6042,3.196,1.232
6043,3.187,1.237
6044,3.177,1.237
6045,3.167,1.237
6046,3.172,1.237
6047,2.849,1.237
6048,3.240,1.237
6049,3.328,1.237
6050,3.338,1.237
6051,3.319,1.237
6052,2.708,1.232
6053,3.881,1.232
6054,3.949,1.237
6055,3.636,1.237
6056,3.294,1.237
6057,3.123,1.237
6058,3.094,1.237
6059,3.133,1.237
6060,2.952,1.237
6061,3.451,1.241
6062,3.495,1.241
6063,3.348,1.241
6064,3.196,1.241
6065,3.123,1.241
6066,3.113,1.241
6067,3.113,1.241
6068,3.128,1.241
6069,3.192,1.241
6070,3.245,1.241
6071,3.255,1.241
6072,3.250,1.241
6073,3.240,1.241
6074,3.221,1.241
6075,3.206,1.246
6076,3.201,1.246
6077,3.226,1.246
6078,3.216,1.246
6079,3.201,1.246
6080,3.177,1.246
6081,3.182,1.246
6082,3.172,1.246
6083,3.167,1.246
6084,3.148,1.246
6085,3.167,1.246
6086,3.172,1.246
6087,3.182,1.246
6088,3.216,1.246
6089,3.109,1.246
6090,3.553,1.246
6091,3.587,1.246
6092,3.426,1.251
6093,3.289,1.251
6094,3.206,1.251
6095,3.192,1.251
6096,3.196,1.251
6097,3.231,1.251
6098,3.236,1.251
6099,3.231,1.251
6100,3.211,1.251
6101,3.211,1.251
6102,3.201,1.251
6103,3.196,1.251
6104,3.177,1.251
6105,3.187,1.256
6106,3.182,1.251
6107,3.192,1.251
6108,3.250,1.256
6109,3.338,1.256
6110,3.055,1.256
6111,2.923,1.251
6112,3.377,1.251
6113,3.832,1.251
6114,3.939,1.251
6115,3.685,1.256
6116,3.407,1.256
6117,3.016,1.256
6118,3.431,1.256
6119,3.490,1.256
6120,3.426,1.256
6121,3.280,1.256
6122,3.211,1.256
6123,3.177,1.256
6124,3.211,1.256
6125,3.216,1.256
6126,3.221,1.256
6127,3.260,1.256
6128,3.377,1.256
6129,3.426,1.256
6130,3.451,1.261
6131,3.397,1.261
6132,3.392,1.266
6133,3.358,1.266
6134,3.328,1.271
6135,3.304,1.276
6136,3.319,1.281
6137,3.314,1.285
6138,3.304,1.285
6139,3.284,1.290
6140,3.289,1.295
6141,3.265,1.300
6142,3.236,1.305
6143,3.216,1.310
6144,3.172,1.315
6145,3.206,1.320
6146,3.065,1.320
6147,3.602,1.325
6148,3.734,1.325
6149,3.627,1.329
6150,3.485,1.329
6151,3.382,1.334
6152,3.343,1.334
6153,3.319,1.334
6154,3.319,1.334
6155,3.324,1.339
6156,3.348,1.339
6157,3.328,1.339
6158,3.299,1.339
6159,3.275,1.339
6160,3.265,1.339
6161,3.231,1.339
6162,3.221,1.339
6163,3.201,1.339
6164,3.231,1.339
6165,3.245,1.339
6166,3.319,1.339
6167,3.412,1.339
6168,3.465,1.339
6169,3.465,1.339
6170,3.421,1.339
6171,3.392,1.339
6172,3.363,1.339
6173,3.016,1.339
6174,2.840,1.329
6175,4.428,1.334
6176,4.428,1.334
6177,4.032,1.334
6178,3.441,1.334
6179,3.123,1.339
6180,3.060,1.339
6181,3.128,1.339
6182,3.226,1.339
6183,3.333,1.339
6184,3.426,1.339
6185,3.495,1.339
6186,3.509,1.339
6187,3.495,1.339
6188,3.460,1.339
6189,3.407,1.339
6190,3.363,1.339
6191,3.358,1.339
6192,3.353,1.339
6193,3.348,1.339
6194,3.328,1.339
6195,3.324,1.339
6196,3.304,1.334
6197,3.289,1.329
6198,3.265,1.325
6199,3.265,1.320
6200,3.245,1.315
6201,3.231,1.310
6202,3.265,1.310
6203,3.372,1.305
6204,3.431,1.305
6205,3.485,1.305
6206,3.470,1.300
6207,3.446,1.300
6208,3.412,1.300
6209,3.368,1.300
6210,3.338,1.300
6211,3.343,1.300
6212,3.353,1.300
6213,3.333,1.300
6214,3.309,1.300
6215,3.294,1.300
6216,3.270,1.300
6217,3.260,1.300
6218,3.231,1.300
6219,3.240,1.300
6220,3.226,1.300
6221,3.221,1.300
6222,3.250,1.300
6223,3.338,1.295
6224,3.426,1.300
6225,3.465,1.295
6226,3.446,1.295
6227,3.431,1.295
6228,3.402,1.295
6229,3.358,1.295
6230,3.319,1.295
6231,3.099,1.295
6232,3.592,1.290
6233,3.622,1.290
6234,3.431,1.290
6235,2.815,1.290
6236,2.991,1.285
6237,3.196,1.285
6238,3.954,1.285
6239,3.832,1.285
6240,3.475,1.285
6241,3.236,1.281
6242,3.221,1.281
6243,3.328,1.281
6244,3.392,1.281
6245,3.421,1.281
6246,3.407,1.276
6247,3.372,1.276
6248,3.338,1.276
6249,3.309,1.276
6250,3.284,1.276
6251,3.314,1.271
6252,3.309,1.271
6253,3.284,1.271
6254,3.250,1.271
6255,3.240,1.266
6256,3.216,1.266
6257,3.211,1.266
6258,3.187,1.266
6259,2.923,1.261
6260,3.456,1.261
6261,3.607,1.261
6262,3.568,1.261
6263,3.475,1.261
6264,3.382,1.256
6265,3.353,1.256
6266,3.324,1.256
6267,3.319,1.256
6268,3.289,1.256
6269,3.270,1.256
6270,3.260,1.256
6271,3.270,1.256
6272,3.260,1.251
6273,3.231,1.251
6274,3.211,1.251
6275,3.216,1.251
6276,3.187,1.251
6277,3.172,1.251
6278,3.167,1.251
6279,3.157,1.251
6280,3.167,1.251
6281,3.236,1.251
6282,3.358,1.251
6283,3.441,1.251
6284,3.460,1.251
6285,3.426,1.251
6286,3.387,1.251
6287,3.358,1.246
6288,3.074,1.246
6289,3.558,1.246
6290,3.641,1.246
6291,3.495,1.246
6292,3.328,1.246
6293,3.221,1.246
6294,3.187,1.246
6295,3.211,1.246
6296,3.221,1.246
6297,2.527,1.246
6298,3.807,1.246
6299,3.631,1.246
6300,3.118,1.246
6301,3.837,1.246
6302,3.876,1.246
6303,3.666,1.246
6304,3.465,1.246
6305,3.348,1.246
6306,3.309,1.246
6307,3.299,1.246
6308,3.309,1.246
6309,3.319,1.246
6310,3.314,1.246
6311,3.309,1.246
6312,3.265,1.241
6313,3.236,1.241
6314,3.236,1.241
6315,3.211,1.241
6316,2.913,1.241
6317,3.416,1.241
6318,3.500,1.241
6319,3.441,1.241
6320,3.402,1.241
6321,3.412,1.237
6322,3.426,1.237
6323,3.382,1.237
6324,3.407,1.237
6325,3.372,1.237
6326,3.324,1.237
6327,3.284,1.237
6328,3.284,1.237
6329,3.284,1.237
6330,3.284,1.232
6331,3.245,1.232
6332,3.211,1.232
6333,3.192,1.232
6334,3.196,1.232
6335,3.187,1.232
6336,3.177,1.232
6337,3.182,1.232
6338,3.270,1.232
6339,3.372,1.232
6340,3.451,1.232
6341,3.465,1.232
6342,3.426,1.232
6343,3.382,1.232
6344,3.309,1.232
6345,3.045,1.227
6346,3.578,1.227
6347,3.627,1.227
6348,3.460,1.227
6349,3.280,1.232
6350,3.177,1.227
6351,3.138,1.232
6352,3.152,1.232
6353,3.109,1.232
6354,3.162,1.232
6355,3.167,1.232
6356,3.182,1.227
6357,2.801,1.227
6358,3.470,1.227
6359,3.969,1.227
6360,3.876,1.227
6361,3.607,1.227
6362,2.972,1.227
6363,2.630,1.227
6364,3.578,1.227
6365,3.754,1.227
6366,3.578,1.227
6367,3.328,1.227
6368,3.152,1.232
6369,3.113,1.232
6370,3.104,1.232
6371,3.123,1.232
6372,3.133,1.232
6373,2.849,1.232
6374,3.368,1.232
6375,3.426,1.232
6376,3.372,1.232
6377,3.363,1.232
6378,3.372,1.232
6379,3.382,1.232
6380,3.372,1.232
6381,3.363,1.237
6382,3.314,1.237
6383,3.226,1.237
6384,3.236,1.237
6385,3.245,1.237
6386,3.240,1.237
6387,3.206,1.237
6388,3.187,1.237
6389,3.167,1.237
6390,3.148,1.237
6391,3.123,1.237
6392,3.104,1.237
6393,3.104,1.241
6394,3.089,1.241
6395,3.055,1.241
6396,3.060,1.241
6397,3.152,1.241
6398,3.280,1.241
6399,3.333,1.241
6400,3.343,1.241
6401,3.324,1.241
6402,3.025,1.241
6403,3.480,1.241
6404,3.504,1.241
6405,3.348,1.241
6406,3.196,1.241
6407,3.104,1.241
6408,3.069,1.241
6409,3.089,1.241
6410,3.084,1.241
6411,3.074,1.241
6412,3.060,1.241
6413,3.016,1.241
6414,3.030,1.241
6415,3.025,1.241
6416,3.025,1.241
6417,3.104,1.241
6418,3.201,1.241
6419,2.546,1.237
6420,3.861,1.237
6421,4.037,1.241
6422,3.685,1.241
6423,3.265,1.241
6424,3.045,1.241
6425,2.639,1.241
6426,2.493,1.241
6427,3.475,1.241
6428,3.602,1.241
6429,3.387,1.241
6430,2.869,1.241
6431,3.236,1.241
6432,3.294,1.241
6433,3.172,1.241
6434,3.055,1.241
6435,2.977,1.241
6436,2.991,1.241
6437,3.065,1.241
6438,3.152,1.241
6439,3.192,1.241
6440,3.196,1.241
6441,3.162,1.241
6442,3.118,1.246
6443,3.089,1.241
6444,3.099,1.241
6445,3.094,1.246
6446,3.084,1.246
6447,3.079,1.246
6448,3.074,1.246
6449,3.050,1.246
6450,3.035,1.246
6451,3.035,1.246
6452,3.040,1.246
6453,3.025,1.246
6454,3.025,1.246
6455,3.006,1.246
6456,3.021,1.246
6457,3.050,1.251
6458,3.109,1.251
6459,3.162,1.251
6460,3.167,1.251
6461,3.138,1.251
6462,3.104,1.251
6463,3.079,1.251
6464,3.084,1.251
6465,3.065,1.251
6466,3.074,1.251
6467,3.074,1.251
6468,3.069,1.256
6469,3.055,1.256
6470,3.040,1.256
6471,3.030,1.256
6472,3.045,1.256
6473,3.025,1.256
6474,3.050,1.256
6475,3.050,1.256
6476,3.045,1.256
6477,3.065,1.256
6478,3.109,1.256
6479,3.162,1.261
6480,2.713,1.256
6481,3.553,1.256
6482,3.646,1.261
6483,3.412,1.261
6484,3.172,1.261
6485,3.040,1.261
6486,3.025,1.261
6487,2.845,1.261
6488,3.060,1.261
6489,2.933,1.261
6490,3.646,1.261
6491,3.597,1.261
6492,3.328,1.266
6493,3.113,1.266
6494,3.016,1.266
6495,3.021,1.266
6496,3.055,1.266
6497,3.133,1.266
6498,3.192,1.266
6499,3.216,1.266
6500,3.196,1.271
6501,3.177,1.271
6502,3.133,1.271
6503,3.138,1.271
6504,3.157,1.271
6505,3.162,1.271
6506,3.152,1.271
6507,3.162,1.271
6508,3.143,1.271
6509,3.143,1.271
6510,3.133,1.271
6511,3.133,1.271
6512,3.113,1.276
6513,3.109,1.271
6514,3.109,1.276
6515,2.893,1.271
6516,3.363,1.276
6517,3.465,1.276
6518,3.387,1.276
6519,3.284,1.276
6520,3.196,1.276
6521,3.177,1.276
6522,3.187,1.276
6523,3.201,1.276
6524,3.206,1.281
6525,3.221,1.276
6526,3.226,1.276
6527,3.231,1.281
6528,3.206,1.281
6529,3.196,1.281
6530,3.196,1.281
6531,3.192,1.281
6532,3.182,1.281
6533,3.162,1.281
6534,3.182,1.281
6535,3.226,1.281
6536,3.299,1.281
6537,3.363,1.281
6538,3.358,1.281
6539,3.363,1.281
6540,3.343,1.281
6541,2.444,1.281
6542,3.539,1.281
6543,4.052,1.281
6544,3.612,1.281
6545,3.719,1.281
6546,3.534,1.285
6547,3.333,1.285
6548,3.216,1.285
6549,3.192,1.285
6550,3.192,1.285
6551,2.898,1.285
6552,2.835,1.285
6553,3.783,1.285
6554,3.949,1.285
6555,3.778,1.285
6556,3.534,1.285
6557,3.387,1.285
6558,3.314,1.285
6559,3.304,1.290
6560,3.333,1.290
6561,3.353,1.290
6562,3.333,1.290
6563,3.372,1.290
6564,3.358,1.290
6565,3.319,1.290
6566,3.294,1.290
6567,3.280,1.290
6568,3.255,1.290
6569,3.284,1.290
6570,3.382,1.290
6571,3.495,1.290
6572,3.319,1.290
6573,3.798,1.290
6574,3.817,1.290
6575,3.636,1.290
6576,3.446,1.290
6577,3.338,1.290
6578,3.328,1.290
6579,3.343,1.285
6580,3.368,1.285
6581,3.358,1.285
6582,3.338,1.285
6583,3.299,1.285
6584,3.270,1.281
6585,3.250,1.281
6586,3.236,1.281
6587,3.245,1.276
6588,3.221,1.276
6589,3.221,1.276
6590,3.270,1.271
6591,3.392,1.271
6592,3.470,1.271
6593,3.587,1.266
6594,3.592,1.266
6595,3.558,1.261
6596,3.504,1.261
6597,3.456,1.256
6598,3.426,1.256
6599,3.412,1.251
6600,3.402,1.251
6601,2.781,1.246
6602,3.715,1.241
6603,4.101,1.241
6604,3.851,1.237
6605,3.470,1.237
6606,3.226,1.232
6607,3.128,1.232
6608,3.128,1.232
6609,3.167,1.227
6610,3.201,1.227
6611,3.216,1.222
6612,3.343,1.222
6613,3.446,1.217
6614,3.192,1.217
6615,2.996,1.212
6616,3.910,1.207
6617,3.988,1.207
6618,3.724,1.207
6619,3.436,1.202
6620,3.270,1.202
6621,3.245,1.202
6622,3.245,1.197
6623,3.284,1.197
6624,3.284,1.197
6625,3.255,1.193
6626,3.226,1.193
6627,3.201,1.193
6628,3.167,1.188
6629,2.893,1.188
6630,3.412,1.188
6631,3.470,1.183
6632,3.338,1.183
6633,3.240,1.183
6634,3.275,1.183
6635,3.328,1.183
6636,3.402,1.183
6637,3.421,1.178
6638,3.407,1.178
6639,3.358,1.178
6640,3.304,1.178
6641,3.255,1.178
6642,3.245,1.178
6643,3.236,1.178
6644,3.236,1.178
6645,3.211,1.178
6646,3.196,1.173
6647,3.152,1.178
6648,3.143,1.178
6649,3.113,1.178
6650,3.113,1.178
6651,3.099,1.178
6652,3.074,1.178
6653,3.099,1.178
6654,3.099,1.178
6655,3.079,1.178
6656,3.138,1.178
6657,3.226,1.178
6658,3.089,1.178
6659,3.617,1.178
6660,3.651,1.178
6661,3.490,1.178
6662,3.299,1.178
6663,2.429,1.178
6664,3.754,1.178
6665,3.974,1.178
6666,3.656,1.178
6667,3.275,1.183
6668,3.050,1.183
6669,3.025,1.183
6670,3.045,1.183
6671,3.079,1.183
6672,3.084,1.183
6673,3.074,1.188
6674,3.055,1.188
6675,3.050,1.188
6676,3.040,1.188
6677,2.732,1.188
6678,2.644,1.188
6679,3.656,1.188
6680,3.793,1.188
6681,3.539,1.193
6682,3.289,1.193
6683,3.148,1.193
6684,3.089,1.193
6685,3.094,1.193
6686,2.864,1.193
6687,3.402,1.193
6688,3.460,1.193
6689,3.304,1.197
6690,3.133,1.197
6691,3.055,1.197
6692,3.011,1.197
6693,3.030,1.197
6694,3.045,1.197
6695,3.050,1.197
6696,3.060,1.197
6697,3.074,1.202
6698,3.128,1.202
6699,3.201,1.202
6700,3.226,1.202
6701,3.206,1.202
6702,3.172,1.202
6703,3.143,1.207
6704,3.109,1.207
6705,3.099,1.207
6706,3.099,1.207
6707,3.109,1.207
6708,3.104,1.207
6709,3.089,1.207
6710,3.065,1.207
6711,3.045,1.212
6712,3.035,1.212
6713,3.060,1.212
6714,3.045,1.212
6715,3.060,1.212
6716,3.050,1.212
6717,3.040,1.212
6718,3.055,1.217
6719,3.113,1.217
6720,3.167,1.217
6721,3.192,1.217
6722,3.167,1.217
6723,3.162,1.217
6724,2.625,1.217
6725,3.519,1.217
6726,3.636,1.217
6727,3.407,1.222
6728,3.162,1.222
6729,3.021,1.222
6730,2.977,1.222
6731,3.011,1.222
6732,3.040,1.222
6733,3.060,1.222
6734,3.065,1.222
6735,3.060,1.222
6736,3.045,1.227
6737,3.035,1.227
6738,3.021,1.227
6739,3.030,1.227
6740,3.128,1.227
6741,3.021,1.227
6742,2.991,1.227
6743,3.470,1.227
6744,3.891,1.227
6745,3.675,1.227
6746,3.289,1.227
6747,3.060,1.232
6748,2.996,1.232
6749,3.030,1.232
6750,3.065,1.232
6751,3.104,1.232
6752,3.099,1.232
6753,3.094,1.232
6754,3.074,1.232
6755,3.065,1.232
6756,3.069,1.232
6757,3.065,1.232
6758,3.055,1.237
6759,3.060,1.237
6760,3.079,1.237
6761,3.152,1.237
6762,3.201,1.237
6763,3.206,1.237
6764,3.177,1.237
6765,3.148,1.237
6766,3.104,1.237
6767,3.094,1.237
6768,3.104,1.237
6769,3.109,1.237
6770,3.109,1.237
6771,2.825,1.241
6772,3.348,1.237
6773,3.402,1.241
6774,3.260,1.241
6775,3.113,1.241
6776,3.050,1.241
6777,3.016,1.241
6778,3.035,1.241
6779,3.055,1.241
6780,3.109,1.241
6781,3.167,1.241
6782,3.211,1.241
6783,3.206,1.241
6784,3.182,1.246
6785,2.239,1.241
6786,3.333,1.241
6787,3.837,1.241
6788,3.705,1.241
6789,3.358,1.246
6790,3.094,1.246
6791,3.011,1.246
6792,3.025,1.246
6793,3.045,1.246
6794,3.089,1.246
6795,3.094,1.246
6796,3.113,1.246
6797,3.089,1.251
6798,3.084,1.251
6799,3.128,1.251
6800,3.006,1.246
6801,3.460,1.251
6802,3.548,1.251
6803,3.084,1.251
6804,2.747,1.251
6805,3.524,1.251
6806,3.602,1.251
6807,3.436,1.251
6808,3.245,1.251
6809,3.133,1.251
6810,3.099,1.251
6811,3.118,1.251
6812,3.133,1.251
6813,3.143,1.251
6814,3.138,1.256
6815,3.133,1.256
6816,3.118,1.256
6817,3.113,1.256
6818,3.157,1.256
6819,3.265,1.256
6820,3.319,1.256
6821,3.324,1.256
6822,3.324,1.256
6823,3.299,1.256
6824,3.265,1.256
6825,3.240,1.256
6826,3.231,1.256
6827,3.245,1.256
6828,3.011,1.256
6829,3.480,1.256
6830,3.524,1.256
6831,3.353,1.256
6832,3.245,1.256
6833,3.177,1.256
6834,3.138,1.256
6835,3.143,1.256
6836,3.152,1.256
6837,3.211,1.256
6838,3.319,1.256
6839,3.412,1.256
6840,3.416,1.256
6841,3.402,1.256
6842,3.372,1.251
6843,3.333,1.251
6844,3.289,1.251
6845,3.304,1.251
6846,2.864,1.246
6847,3.729,1.241
6848,3.812,1.241
6849,3.573,1.241
6850,3.314,1.241
6851,3.182,1.241
6852,3.162,1.237
6853,3.172,1.237
6854,3.187,1.237
6855,3.201,1.232
6856,3.275,1.232
6857,3.187,1.227
6858,3.734,1.227
6859,3.803,1.222
6860,3.631,1.222
6861,3.426,1.222
6862,3.333,1.217
6863,3.284,1.217
6864,3.299,1.217
6865,3.319,1.212
6866,3.006,1.212
6867,2.835,1.207
6868,3.705,1.207
6869,3.783,1.207
6870,3.553,1.207
6871,3.304,1.207
6872,3.177,1.202
6873,3.152,1.202
6874,3.177,1.202
6875,3.265,1.197
6876,3.397,1.197
6877,3.465,1.197
6878,3.485,1.197
6879,3.460,1.197
6880,3.431,1.193
6881,3.382,1.193
6882,3.343,1.193
6883,3.333,1.193
6884,3.338,1.193
6885,3.074,1.188
6886,3.514,1.188
6887,3.602,1.188
6888,3.529,1.188
6889,3.416,1.188
6890,3.348,1.188
6891,3.289,1.188
6892,3.314,1.183
6893,3.304,1.183
6894,3.328,1.183
6895,3.416,1.183
6896,3.519,1.183
6897,3.568,1.183
6898,3.587,1.183
6899,3.548,1.183
6900,3.519,1.183
6901,3.460,1.183
6902,3.421,1.183
6903,3.407,1.183
6904,3.416,1.183
6905,3.412,1.183
6906,3.392,1.183
6907,2.419,1.183
6908,3.553,1.183
6909,4.071,1.183
6910,3.891,1.183
6911,3.514,1.183
6912,3.250,1.188
6913,3.152,1.188
6914,3.045,1.188
6915,3.671,1.188
6916,3.812,1.188
6917,3.666,1.188
6918,3.504,1.188
6919,3.368,1.193
6920,3.314,1.193
6921,3.284,1.193
6922,3.368,1.193
6923,3.348,1.193
6924,3.338,1.193
6925,3.304,1.193
6926,3.299,1.197
6927,3.265,1.197
6928,3.245,1.197
6929,2.879,1.197
6930,3.333,1.197
6931,3.421,1.197
6932,3.343,1.202
6933,3.231,1.202
6934,3.201,1.202
6935,3.245,1.202
6936,3.333,1.202
6937,3.397,1.202
6938,3.436,1.207
6939,3.416,1.207
6940,3.377,1.207
6941,3.338,1.207
6942,3.060,1.207
6943,3.548,1.207
6944,3.592,1.207
6945,3.465,1.212
6946,3.328,1.212
6947,3.245,1.212
6948,3.201,1.212
6949,3.187,1.212
6950,3.201,1.217
6951,3.196,1.217
6952,3.216,1.217
6953,3.211,1.217
6954,3.216,1.217
6955,3.280,1.217
6956,3.363,1.217
6957,3.397,1.217
6958,3.416,1.222
6959,3.387,1.222
6960,3.358,1.222
6961,3.314,1.222
6962,3.284,1.222
6963,3.265,1.222
6964,3.265,1.222
6965,3.265,1.222
6966,3.265,1.227
6967,3.245,1.227
6968,2.717,1.227
6969,3.236,1.227
6970,3.695,1.227
6971,3.656,1.227
6972,3.363,1.227
6973,3.148,1.227
6974,3.089,1.227
6975,3.162,1.232
6976,3.289,1.232
6977,3.368,1.232
6978,3.412,1.232
6979,3.382,1.232
6980,3.353,1.232
6981,3.275,1.232
6982,3.280,1.232
6983,3.260,1.232
6984,3.260,1.237
6985,3.240,1.237
6986,3.245,1.237
6987,3.221,1.237
6988,3.201,1.237
6989,3.177,1.237
6990,3.167,1.237
6991,3.143,1.237
6992,3.152,1.237
6993,0.000,1.217
6994,4.428,1.202
6995,4.428,1.193
6996,4.428,1.193
6997,4.428,1.188
6998,4.428,1.183
6999,4.428,1.188
7000,4.428,1.193
7001,4.428,1.197
7002,4.428,1.202
7003,4.081,1.202
7004,3.255,1.207
7005,2.942,1.207
7006,2.967,1.207
7007,3.118,1.207
7008,3.240,1.207
7009,3.294,1.207
7010,3.270,1.207
7011,3.240,1.207
7012,3.196,1.207
7013,3.177,1.202
7014,3.162,1.202
7015,3.152,1.202
7016,3.162,1.202
7017,3.148,1.202
7018,3.152,1.202
7019,3.177,1.202
7020,3.245,1.202
7021,3.309,1.202
7022,3.338,1.202
7023,3.314,1.202
7024,3.245,1.197
7025,3.275,1.202
7026,3.250,1.197
7027,2.146,1.197
7028,3.656,1.197
7029,4.208,1.197
7030,3.925,1.197
7031,3.431,1.197
7032,3.109,1.197
7033,3.025,1.197
7034,3.045,1.197
7035,3.094,1.197
7036,3.148,1.197
7037,3.143,1.197
7038,3.143,1.197
7039,3.138,1.197
7040,3.216,1.197
7041,3.284,1.197
7042,3.309,1.202
7043,3.294,1.202
7044,3.289,1.202
7045,3.260,1.202
7046,3.240,1.202
7047,3.216,1.202
7048,3.216,1.202
7049,3.211,1.202
7050,3.201,1.202
7051,3.187,1.202
7052,3.182,1.202
7053,3.167,1.202
7054,3.118,1.202
7055,3.148,1.202
7056,2.845,1.202
7057,3.250,1.202
7058,3.876,1.202
7059,3.754,1.207
7060,3.460,1.207
7061,3.255,1.207
7062,3.192,1.207
7063,3.206,1.207
7064,3.231,1.207
7065,3.245,1.212
7066,3.231,1.212
7067,3.211,1.212
7068,3.206,1.212
7069,3.196,1.212
7070,3.187,1.212
7071,3.182,1.212
7072,3.187,1.212
7073,3.152,1.212
7074,3.143,1.212
7075,3.133,1.212
7076,3.143,1.207
7077,3.143,1.207
7078,3.133,1.207
7079,3.143,1.207
7080,3.196,1.207
7081,3.260,1.207
7082,3.299,1.207
7083,3.289,1.207
7084,3.030,1.202
7085,3.514,1.202
7086,3.543,1.202
7087,3.407,1.202
7088,2.776,1.197
7089,3.578,1.197
7090,3.680,1.197
7091,3.485,1.197
7092,3.240,1.197
7093,3.118,1.197
7094,3.089,1.197
7095,3.128,1.197
7096,3.152,1.193
7097,3.157,1.193
7098,3.182,1.193
7099,3.236,1.193
7100,3.284,1.193
7101,3.280,1.188
7102,3.275,1.188
7103,3.265,1.188
7104,3.245,1.188
7105,3.201,1.183
7106,3.201,1.183
7107,3.206,1.183
7108,3.206,1.183
7109,3.196,1.183
7110,3.192,1.178
7111,3.172,1.178
7112,3.152,1.178
7113,2.952,1.178
7114,3.407,1.178
7115,3.456,1.178
7116,3.309,1.178
7117,3.192,1.178
7118,2.874,1.178
7119,2.791,1.178
7120,3.680,1.178
7121,3.783,1.173
7122,3.558,1.178
7123,3.319,1.178
7124,3.177,1.178
7125,3.162,1.178
7126,3.187,1.178
7127,3.226,1.178
7128,3.231,1.178
7129,3.206,1.178
7130,3.196,1.178
7131,3.196,1.178
7132,3.172,1.178
7133,3.162,1.178
7134,3.143,1.178
7135,3.206,1.178
7136,3.275,1.178
7137,3.343,1.178
7138,3.363,1.178
7139,3.353,1.178
7140,3.333,1.183
7141,2.937,1.178
7142,3.993,1.178
7143,4.008,1.183
7144,3.685,1.183
7145,3.328,1.183
7146,3.152,1.183
7147,3.113,1.183
7148,2.268,1.183
7149,3.407,1.183
7150,3.935,1.183
7151,3.763,1.183
7152,3.446,1.183
7153,3.270,1.183
7154,3.289,1.183
7155,3.343,1.183
7156,3.372,1.183
7157,3.372,1.178
7158,3.382,1.178
7159,3.348,1.178
7160,3.309,1.178
7161,3.299,1.173
7162,3.299,1.173
7163,3.299,1.168
7164,3.270,1.168
7165,3.260,1.168
7166,3.260,1.163
7167,3.236,1.163
7168,3.231,1.158
7169,3.206,1.158
7170,3.060,1.153
7171,3.641,1.153
7172,3.768,1.149
7173,3.631,1.149
7174,3.500,1.144
7175,3.407,1.144
7176,3.343,1.139
7177,3.319,1.139
7178,3.314,1.134
7179,3.324,1.134
7180,2.991,1.129
7181,3.402,1.129
7182,3.490,1.124
7183,3.412,1.124
7184,3.304,1.119
7185,3.226,1.119
7186,3.201,1.114
7187,3.201,1.114
7188,3.201,1.114
7189,3.265,1.109
7190,3.377,1.109
7191,3.460,1.105
7192,3.490,1.105
7193,3.465,1.100
7194,3.426,1.100
7195,3.382,1.100
7196,3.328,1.095
7197,3.319,1.095
7198,3.109,1.090
7199,3.587,1.090
7200,3.612,1.090
7201,3.451,1.090
7202,3.299,1.085
7203,3.192,1.085
7204,3.196,1.085
7205,3.201,1.085
7206,3.211,1.085
7207,3.196,1.080
7208,3.182,1.080
7209,2.805,1.080
7210,3.456,1.075
7211,3.944,1.075
7212,3.856,1.075
7213,3.612,1.075
7214,3.387,1.070
7215,3.270,1.070
7216,3.250,1.070
7217,3.284,1.070
7218,3.304,1.070
7219,3.304,1.070
7220,3.275,1.065
7221,3.275,1.065
7222,3.255,1.065
7223,3.221,1.061
7224,3.196,1.061
7225,3.192,1.061
7226,3.177,1.056
7227,3.187,1.056
7228,3.187,1.051
7229,3.270,1.051
7230,3.358,1.051
7231,3.416,1.046
7232,3.416,1.046
7233,3.353,1.041
7234,3.363,1.041
7235,3.319,1.036
7236,3.275,1.036
7237,3.260,1.031
7238,3.255,1.031
7239,3.260,1.026
7240,3.236,1.026
7241,3.221,1.022
7242,3.201,1.022
7243,3.206,1.017
7244,3.001,1.012
7245,2.962,1.012
7246,3.636,1.007
7247,3.646,1.007
7248,3.431,1.002
7249,3.324,1.002
7250,3.309,0.997
7251,3.338,0.997
7252,3.358,0.997
7253,3.363,0.992
7254,3.338,0.992
7255,3.050,0.987
7256,3.514,0.987
7257,3.563,0.982
7258,3.441,0.982
7259,3.275,0.982
7260,3.196,0.978
7261,3.177,0.978
7262,3.182,0.978
7263,3.143,0.978
7264,3.172,0.973
7265,3.187,0.973
7266,3.177,0.973
7267,3.167,0.973
7268,3.216,0.973
7269,3.328,0.973
7270,3.387,0.973
7271,2.463,0.968
7272,3.573,0.968
7273,4.076,0.968
7274,3.871,0.968
7275,3.470,0.968
7276,3.206,0.968
7277,3.138,0.968
7278,3.162,0.973
7279,3.192,0.973
7280,3.216,0.973
7281,3.216,0.973
7282,3.196,0.973
7283,2.903,0.973
7284,3.412,0.973
7285,3.465,0.973
7286,3.338,0.978
7287,3.255,0.978
7288,3.280,0.978
7289,3.319,0.982
7290,3.358,0.982
7291,3.348,0.982
7292,3.343,0.982
7293,3.289,0.987
7294,3.280,0.987
7295,3.265,0.987
7296,3.255,0.987
7297,3.255,0.992
7298,3.240,0.992
7299,3.211,0.992
7300,3.196,0.997
7301,3.187,0.997
7302,3.177,0.997
7303,3.152,1.002
7304,3.148,1.002
7305,3.143,1.002
7306,3.167,1.007
7307,3.055,1.007
7308,3.157,1.007
7309,3.861,1.007
7310,3.866,1.012
7311,3.587,1.012
7312,3.050,1.012
7313,3.431,1.012
7314,3.475,1.017
7315,3.377,1.017
7316,3.275,1.017
7317,3.196,1.022
7318,3.182,1.022
7319,3.177,1.022
7320,3.187,1.022
7321,3.182,1.022
7322,3.152,1.026
7323,3.152,1.026
7324,3.196,1.026
7325,3.265,1.026
7326,3.343,1.031
7327,3.372,1.031
7328,3.377,1.031
7329,3.348,1.031
7330,3.309,1.031
7331,3.275,1.036
7332,2.805,1.036
7333,3.685,1.036
7334,3.798,1.036
7335,3.568,1.041
7336,3.314,1.041
7337,3.143,1.041
7338,3.118,1.041
7339,3.128,1.041
7340,2.933,1.041
7341,3.431,1.046
7342,3.500,1.046
7343,3.426,1.046
7344,3.397,1.046
7345,3.368,1.051
7346,3.358,1.051
7347,3.353,1.051
7348,3.377,1.051
7349,3.319,1.051
7350,3.280,1.056
7351,3.255,1.056
7352,3.226,1.056
7353,3.260,1.056
7354,3.265,1.056
7355,3.250,1.056
7356,3.231,1.061
7357,3.226,1.061
7358,3.201,1.061
7359,3.172,1.061
7360,3.177,1.061
7361,3.192,1.061
7362,3.260,1.065
7363,3.363,1.065
7364,3.421,1.065
7365,3.426,1.065
7366,3.392,1.065
7367,3.343,1.065
7368,3.294,1.070
7369,2.781,1.065
7370,3.089,1.065
7371,4.008,1.065
7372,3.949,1.065
7373,3.573,1.070
7374,3.255,1.065
7375,3.123,1.065
7376,3.113,1.065
7377,3.138,1.065
7378,3.177,1.065
7379,3.182,1.065
7380,3.187,1.065
7381,3.289,1.061
7382,3.324,1.061
7383,3.421,1.061
7384,3.426,1.061
7385,3.377,1.061
7386,3.328,1.061
7387,3.289,1.056
7388,3.270,1.056
7389,3.250,1.056
7390,3.255,1.056
7391,3.265,1.056
7392,3.245,1.056
7393,2.248,1.051
7394,3.382,1.051
7395,3.935,1.051
7396,3.768,1.046
7397,3.079,1.046
7398,3.392,1.041
7399,3.490,1.036
7400,3.475,1.031
7401,3.416,1.031
7402,3.372,1.026
7403,3.343,1.017
7404,3.314,1.012
7405,3.284,1.002
7406,3.265,0.997
7407,3.284,0.992
7408,3.284,0.987
7409,3.245,0.982
7410,3.236,0.978
7411,3.245,0.973
7412,3.182,0.973
7413,3.206,0.968
7414,3.187,0.963
7415,3.182,0.963
7416,3.201,0.958
7417,3.280,0.958
7418,3.377,0.953
7419,3.426,0.953
7420,3.412,0.948
7421,3.372,0.948
7422,3.309,0.948
7423,3.265,0.948
7424,3.231,0.943
7425,3.231,0.943
7426,2.996,0.943
7427,3.514,0.938
7428,3.534,0.938
7429,3.368,0.938
7430,3.196,0.938
7431,3.109,0.938
7432,2.727,0.938
7433,2.590,0.934
7434,3.612,0.934
7435,3.837,0.934
7436,3.680,0.938
7437,3.456,0.938
7438,3.304,0.938
7439,3.236,0.938
7440,3.201,0.938
7441,3.187,0.938
7442,3.162,0.938
7443,3.196,0.938
7444,3.206,0.938
7445,3.192,0.938
7446,3.157,0.938
7447,3.143,0.938
7448,3.099,0.938
7449,3.084,0.938
7450,3.065,0.938
7451,3.104,0.934
7452,3.162,0.934
7453,3.275,0.929
7454,2.918,0.924
7455,4.042,0.919
7456,4.096,0.919
7457,3.685,0.914
7458,3.270,0.909
7459,3.055,0.904
7460,3.035,0.899
7461,3.094,0.894
7462,3.148,0.890
7463,3.162,0.885
7464,3.152,0.880
7465,3.118,0.875
7466,3.099,0.870
7467,3.079,0.860
7468,3.084,0.855
7469,3.128,0.850
7470,3.221,0.841
7471,3.270,0.836
7472,3.260,0.831
7473,3.284,0.821
7474,3.284,0.816
7475,3.221,0.811
7476,3.172,0.806
7477,3.143,0.797
7478,3.143,0.792
7479,3.143,0.782
7480,3.143,0.777
7481,3.138,0.767
7482,3.123,0.762
7483,3.118,0.758
7484,3.104,0.753
7485,3.069,0.743
7486,3.094,0.738
7487,3.157,0.733
7488,3.226,0.728
7489,3.255,0.723
7490,3.260,0.718
7491,3.245,0.714
7492,3.211,0.709
7493,3.162,0.704
7494,3.138,0.699
7495,3.133,0.694
7496,2.957,0.689
7497,2.889,0.679
7498,3.583,0.674
7499,3.597,0.674
7500,3.353,0.670
7501,3.123,0.665
7502,2.977,0.660
7503,3.016,0.660
7504,3.109,0.655
7505,3.216,0.650
7506,3.280,0.650
7507,3.260,0.645
7508,3.265,0.645
7509,3.226,0.640
7510,3.192,0.640
7511,2.918,0.635
7512,3.407,0.635
7513,3.436,0.630
7514,3.324,0.630
7515,2.180,0.626
7516,3.284,0.626
7517,3.817,0.621
7518,3.675,0.621
7519,3.314,0.621
7520,3.060,0.616
7521,2.986,0.616
7522,3.084,0.616
7523,3.196,0.616
7524,3.270,0.611
7525,3.270,0.611
7526,3.255,0.611
7527,3.216,0.611
7528,3.192,0.611
7529,3.152,0.611
7530,3.157,0.611
7531,3.157,0.611
7532,3.143,0.611
7533,3.162,0.606
7534,3.152,0.606
7535,3.138,0.606
7536,3.118,0.606
7537,3.118,0.606
7538,3.123,0.606
7539,2.864,0.606
7540,3.348,0.601
7541,3.460,0.601
7542,3.392,0.601
7543,3.299,0.601
7544,3.231,0.596
7545,3.201,0.596
7546,3.201,0.596
7547,3.196,0.596
7548,3.177,0.591
7549,3.187,0.591
7550,3.182,0.591
7551,3.187,0.591
7552,3.177,0.587
7553,3.172,0.587
7554,3.157,0.587
7555,3.143,0.582
7556,3.133,0.582
7557,3.123,0.582
7558,3.128,0.582
7559,2.977,0.577
7560,3.035,0.577
7561,3.763,0.577
7562,3.783,0.577
7563,3.583,0.577
7564,3.333,0.577
7565,3.196,0.577
7566,3.162,0.577
7567,3.172,0.577
7568,3.001,0.572
7569,3.514,0.572
7570,3.543,0.572
7571,3.392,0.572
7572,3.211,0.572
7573,3.133,0.572
7574,3.094,0.572
7575,3.138,0.572
7576,2.698,0.572
7577,3.617,0.572
7578,3.812,0.572
7579,3.661,0.572
7580,3.436,0.572
7581,3.304,0.572
7582,3.280,0.577
7583,3.280,0.577
7584,3.275,0.577
7585,3.275,0.577
7586,3.289,0.577
7587,3.270,0.582
7588,3.270,0.582
7589,3.240,0.582
7590,3.226,0.582
7591,3.187,0.587
7592,3.192,0.587
7593,3.196,0.587
7594,3.192,0.591
7595,3.157,0.591
7596,2.933,0.596
7597,3.524,0.596
7598,3.671,0.596
7599,3.607,0.601
7600,3.475,0.601
7601,3.382,0.606
7602,3.319,0.606
7603,3.284,0.611
7604,3.270,0.611
7605,3.284,0.616
7606,3.284,0.616
7607,3.280,0.621
7608,3.255,0.621
7609,3.240,0.626
7610,3.216,0.626
7611,3.201,0.630
7612,3.187,0.635
7613,3.177,0.635
7614,3.148,0.640
7615,3.148,0.640
7616,3.216,0.645
7617,3.343,0.645
7618,3.407,0.645
7619,3.421,0.650
7620,3.407,0.650
7621,3.387,0.655
7622,3.128,0.655
7623,3.069,0.660
7624,3.763,0.660
7625,3.519,0.660
7626,3.773,0.660
7627,3.592,0.665
7628,3.348,0.665
7629,3.167,0.665
7630,3.118,0.670
7631,3.133,0.670
7632,3.148,0.670
7633,3.152,0.670
7634,3.167,0.670
7635,3.231,0.674
7636,3.343,0.674
7637,2.483,0.674
7638,3.656,0.674
7639,4.154,0.674
7640,3.964,0.674
7641,3.534,0.674
7642,3.231,0.679
7643,3.143,0.679
7644,3.187,0.679
7645,3.216,0.679
7646,3.250,0.679
7647,3.226,0.679
7648,3.216,0.679
7649,3.196,0.684
7650,3.187,0.684
7651,3.109,0.684
7652,3.162,0.684
7653,2.991,0.684
7654,3.622,0.684
7655,3.719,0.684
7656,3.607,0.689
7657,3.416,0.689
7658,3.289,0.689
7659,3.221,0.689
7660,3.216,0.689
7661,3.206,0.689
7662,3.245,0.689
7663,3.245,0.694
7664,3.250,0.694
7665,3.216,0.694
7666,3.192,0.694
7667,3.162,0.694
7668,3.162,0.699
7669,3.148,0.699
7670,3.152,0.699
7671,3.167,0.699
7672,3.284,0.704
7673,3.387,0.704
7674,3.421,0.704
7675,3.416,0.704
7676,3.382,0.704
7677,3.328,0.709
7678,3.280,0.709
7679,3.255,0.709
7680,3.260,0.714
7681,3.211,0.714
7682,3.021,0.714
7683,3.519,0.714
7684,3.187,0.718
7685,2.820,0.718
7686,3.597,0.718
7687,3.636,0.723
7688,3.407,0.723
7689,3.192,0.723
7690,3.128,0.728
7691,3.245,0.728
7692,3.363,0.728
7693,3.431,0.733
7694,3.421,0.733
7695,3.377,0.733
7696,3.319,0.738
7697,3.299,0.738
7698,2.761,0.738
7699,3.695,0.738
7700,3.812,0.738
7701,3.583,0.743
7702,3.294,0.743
7703,3.148,0.743
7704,3.089,0.743
7705,3.113,0.743
7706,3.148,0.743
7707,3.177,0.743
7708,3.187,0.743
7709,3.250,0.743
7710,3.099,0.743
7711,3.675,0.743
7712,3.759,0.743
7713,3.602,0.743
7714,3.382,0.743
7715,3.240,0.738
7716,3.192,0.738
7717,3.216,0.738
7718,3.231,0.738
7719,3.255,0.738
7720,3.250,0.733
7721,3.231,0.733
7722,3.211,0.733
7723,3.196,0.733
7724,3.157,0.728
7725,3.152,0.728
7726,3.162,0.728
7727,3.250,0.728
7728,3.353,0.723
7729,3.416,0.723
7730,3.407,0.723
7731,3.382,0.718
7732,3.324,0.718
7733,3.275,0.718
7734,3.231,0.718
7735,3.245,0.714
7736,3.245,0.714
7737,3.236,0.714
7738,3.216,0.714
7739,3.211,0.709
7740,3.206,0.709
7741,3.128,0.709
7742,3.148,0.709
7743,3.152,0.704
7744,3.113,0.704
7745,3.143,0.704
7746,3.226,0.704
7747,3.372,0.704
7748,3.211,0.704
7749,3.138,0.699
7750,3.837,0.699
7751,3.837,0.699
7752,3.529,0.699
7753,3.284,0.699
7754,3.157,0.699
7755,3.167,0.699
7756,3.182,0.699
7757,3.192,0.699
7758,3.192,0.699
7759,3.177,0.699
7760,2.419,0.699
7761,3.744,0.699
7762,3.939,0.699
7763,3.607,0.699
7764,3.280,0.704
7765,3.182,0.704
7766,3.240,0.704
7767,3.089,0.704
7768,3.651,0.704
7769,3.680,0.704
7770,3.495,0.704
7771,3.240,0.709
7772,3.162,0.709
7773,3.157,0.709
7774,3.206,0.709
7775,3.192,0.709
7776,3.196,0.714
7777,3.152,0.714
7778,3.138,0.714
7779,3.128,0.718
7780,3.109,0.718
7781,3.104,0.718
7782,3.079,0.718
7783,3.094,0.723
7784,3.172,0.723
7785,3.280,0.723
7786,3.348,0.723
7787,3.363,0.728
7788,3.324,0.728
7789,3.284,0.728
7790,3.250,0.733
7791,3.206,0.733
7792,3.182,0.733
7793,3.177,0.738
7794,3.187,0.738
7795,2.884,0.738
7796,3.343,0.738
7797,3.460,0.743
7798,3.407,0.743
7799,3.289,0.743
7800,3.206,0.748
7801,3.152,0.748
7802,3.192,0.748
7803,3.192,0.753
7804,3.231,0.753
7805,3.338,0.753
7806,3.431,0.758
7807,3.456,0.758
7808,3.431,0.758
7809,3.387,0.762
7810,3.353,0.762
7811,3.084,0.762
7812,3.045,0.762
7813,3.759,0.767
7814,3.803,0.767
7815,3.553,0.767
7816,3.309,0.772
7817,3.177,0.772
7818,3.157,0.772
7819,3.167,0.772
7820,2.722,0.772
7821,3.265,0.777
7822,3.685,0.777
7823,3.617,0.777
7824,3.231,0.777
7825,3.666,0.782
7826,3.656,0.782
7827,3.460,0.782
7828,3.299,0.782
7829,3.192,0.787
7830,3.172,0.787
7831,3.167,0.787
7832,3.206,0.787
7833,3.221,0.787
7834,3.226,0.792
7835,3.187,0.792
7836,3.157,0.792
7837,3.143,0.792
7838,3.143,0.792
7839,3.123,0.797
7840,3.118,0.797
7841,3.099,0.797
7842,3.152,0.797
7843,3.231,0.797
7844,3.299,0.797
7845,3.324,0.802
7846,3.319,0.802
7847,3.289,0.802
7848,3.240,0.802
7849,3.196,0.802
7850,3.206,0.802
7851,3.192,0.806
7852,2.928,0.806
7853,3.421,0.806
7854,3.500,0.806
7855,3.348,0.806
7856,3.182,0.806
7857,3.099,0.806
7858,3.089,0.811
7859,3.099,0.811
7860,3.109,0.811
7861,3.099,0.811
7862,3.167,0.811
7863,3.245,0.816
7864,3.314,0.816
7865,3.314,0.816
7866,3.299,0.816
7867,3.260,0.816
7868,3.236,0.816
7869,3.201,0.821
7870,3.187,0.821
7871,3.187,0.821
7872,3.187,0.821
7873,3.192,0.821
7874,2.986,0.821
7875,3.284,0.826
7876,3.328,0.826
7877,3.250,0.826
7878,3.172,0.826
7879,3.118,0.826
7880,3.109,0.831
7881,2.928,0.831
7882,2.928,0.831
7883,4.194,0.831
7884,4.223,0.831
7885,3.773,0.831
7886,3.324,0.836
7887,3.113,0.836
7888,3.074,0.836
7889,3.113,0.836
7890,3.143,0.841
7891,3.221,0.841
7892,3.236,0.841
7893,3.231,0.841
7894,3.187,0.841
7895,3.177,0.841
7896,3.152,0.846
7897,3.162,0.846
7898,3.133,0.846
7899,3.143,0.846
7900,3.143,0.846
7901,3.211,0.846
7902,3.280,0.850
7903,3.304,0.850
7904,3.284,0.850
7905,3.270,0.850
7906,3.245,0.850
7907,3.206,0.850
7908,3.192,0.855
7909,2.981,0.855
7910,3.465,0.855
7911,3.529,0.855
7912,3.382,0.855
7913,3.236,0.855
7914,3.152,0.855
7915,3.143,0.860
7916,3.152,0.860
7917,3.260,0.860
7918,3.240,0.860
7919,3.236,0.860
7920,3.280,0.860
7921,3.333,0.865
7922,3.377,0.865
7923,3.372,0.865
7924,3.348,0.865
7925,3.338,0.865
7926,3.294,0.865
7927,3.289,0.865
7928,3.294,0.870
7929,3.309,0.870
7930,3.280,0.870
7931,3.275,0.870
7932,3.255,0.870
7933,3.270,0.870
7934,3.255,0.870
7935,3.240,0.870
7936,3.231,0.875
7937,3.045,0.875
7938,3.050,0.875
7939,4.057,0.875
7940,4.120,0.875
7941,3.812,0.875
7942,2.972,0.875
7943,3.363,0.875
7944,3.783,0.875
7945,3.710,0.880
7946,3.509,0.880
7947,3.343,0.880
7948,3.299,0.880
7949,3.299,0.880
7950,3.245,0.885
7951,3.299,0.885
7952,3.304,0.885
7953,3.289,0.885
7954,3.280,0.885
7955,3.275,0.885
7956,3.265,0.885
7957,3.270,0.885
7958,3.319,0.885
7959,3.407,0.885
7960,3.480,0.885
7961,3.485,0.885
7962,3.456,0.885
7963,3.456,0.885
7964,3.436,0.885
7965,3.416,0.880
7966,3.167,0.880
7967,3.661,0.880
7968,3.715,0.880
7969,3.558,0.875
7970,3.392,0.875
7971,3.289,0.875
7972,3.280,0.870
7973,3.284,0.870
7974,3.304,0.870
7975,3.299,0.865
7976,3.304,0.865
7977,3.358,0.860
7978,3.480,0.860
7979,3.568,0.855
7980,3.607,0.855
7981,3.592,0.855
7982,3.563,0.850
7983,3.495,0.850
7984,3.446,0.846
7985,3.407,0.846
7986,3.412,0.841
7987,3.412,0.841
7988,3.407,0.841
7989,3.372,0.836
7990,3.353,0.836
7991,3.314,0.831
7992,3.314,0.831
7993,3.289,0.831
7994,3.275,0.826
7995,3.289,0.826
7996,3.314,0.821
7997,3.426,0.821
7998,3.519,0.821
7999,3.568,0.821
8000,3.353,0.816
8001,3.260,0.816
8002,3.939,0.811
8003,3.915,0.811
8004,2.620,0.811
8005,3.622,0.806
8006,4.115,0.806
8007,3.939,0.806
8008,3.558,0.806
8009,3.294,0.806
8010,3.118,0.806
8011,3.177,0.802
8012,3.270,0.802
8013,3.284,0.802
8014,3.260,0.802
8015,3.280,0.802
8016,3.382,0.802
8017,3.514,0.802
8018,3.578,0.802
8019,3.578,0.802
8020,3.504,0.802
8021,3.426,0.802
8022,3.328,0.802
8023,3.040,0.797
8024,3.563,0.802
8025,3.636,0.802
8026,3.495,0.802
8027,3.328,0.802
8028,3.255,0.802
8029,3.201,0.802
8030,3.196,0.802
8031,3.192,0.802
8032,3.206,0.802
8033,3.201,0.802
8034,3.211,0.802
8035,3.289,0.802
8036,3.412,0.802
8037,3.456,0.802
8038,3.436,0.802
8039,3.392,0.802
8040,3.289,0.802
8041,3.289,0.802
8042,3.294,0.802
8043,3.284,0.802
8044,3.314,0.802
8045,3.299,0.802
8046,3.265,0.802
8047,3.245,0.802
8048,3.240,0.802
8049,3.206,0.802
8050,3.201,0.802
8051,2.908,0.802
8052,3.446,0.802
8053,3.592,0.802
8054,3.543,0.802
8055,3.446,0.802
8056,3.372,0.802
8057,3.324,0.802
8058,3.299,0.802
8059,3.270,0.802
8060,3.265,0.802
8061,3.260,0.802
8062,3.270,0.802
8063,3.060,0.802
8064,3.001,0.802
8065,3.270,0.802
8066,4.086,0.802
8067,3.954,0.802
8068,3.519,0.806
8069,3.177,0.806
8070,3.016,0.806
8071,3.143,0.806
8072,3.284,0.806
8073,3.392,0.806
8074,3.392,0.806
8075,3.397,0.811
8076,3.338,0.811
8077,3.294,0.811
8078,3.240,0.811
8079,3.250,0.811
8080,3.001,0.811
8081,3.543,0.811
8082,3.568,0.816
8083,3.431,0.816
8084,3.250,0.816
8085,3.162,0.816
8086,3.118,0.816
8087,3.133,0.816
8088,3.143,0.816
8089,3.226,0.821
8090,3.319,0.821
8091,3.402,0.821
8092,3.397,0.821
8093,3.353,0.821
8094,3.304,0.821
8095,3.275,0.826
8096,3.240,0.826
8097,3.231,0.826
8098,3.240,0.826
8099,3.260,0.826
8100,3.211,0.826
8101,3.236,0.826
8102,3.226,0.826
8103,3.206,0.826
8104,3.172,0.826
8105,3.157,0.826
8106,3.152,0.826
8107,3.196,0.826
8108,2.996,0.826
8109,3.592,0.826
8110,3.700,0.826
8111,3.563,0.826
8112,3.377,0.826
8113,3.250,0.826
8114,3.221,0.831
8115,3.250,0.826
8116,3.284,0.826
8117,3.280,0.826
8118,3.260,0.826
8119,3.231,0.826
8120,3.201,0.826
8121,3.187,0.826
8122,3.162,0.826
8123,3.182,0.826
8124,3.162,0.826
8125,3.162,0.826
8126,2.996,0.826
8127,2.615,0.826
8128,4.301,0.826
8129,4.418,0.826
8130,4.013,0.826
8131,3.465,0.826
8132,3.138,0.826
8133,3.060,0.826
8134,3.113,0.831
8135,3.192,0.831
8136,3.250,0.831
8137,3.011,0.831
8138,3.524,0.831
8139,3.539,0.831
8140,3.368,0.831
8141,3.196,0.831
8142,3.113,0.831
8143,3.113,0.831
8144,3.187,0.831
8145,3.284,0.831
8146,3.358,0.831
8147,3.353,0.831
8148,3.333,0.836
8149,3.270,0.836
8150,3.231,0.836
8151,3.192,0.836
8152,3.211,0.836
8153,3.211,0.836
8154,3.250,0.836
8155,3.226,0.836
8156,3.206,0.836
8157,3.187,0.836
8158,3.177,0.836
8159,3.157,0.836
8160,3.143,0.836
8161,3.152,0.836
8162,3.196,0.836
8163,3.255,0.836
8164,3.319,0.836
8165,3.074,0.836
8166,3.563,0.836
8167,3.587,0.836
8168,3.412,0.841
8169,3.240,0.841
8170,3.192,0.841
8171,3.187,0.841
8172,3.196,0.841
8173,3.201,0.841
8174,3.201,0.841
8175,3.187,0.841
8176,3.172,0.841
8177,3.162,0.841
8178,3.152,0.841
8179,3.157,0.846
8180,3.152,0.846
8181,3.152,0.846
8182,3.211,0.846
8183,3.284,0.846
8184,3.333,0.846
8185,3.319,0.846
8186,3.314,0.846
8187,3.299,0.846
8188,2.766,0.846
8189,3.480,0.850
8190,3.514,0.850
8191,3.993,0.850
8192,3.773,0.850
8193,3.407,0.850
8194,2.937,0.850
8195,3.372,0.850
8196,3.431,0.855
8197,3.324,0.855
8198,3.196,0.855
8199,3.118,0.855
8200,3.094,0.855
8201,3.162,0.855
8202,3.240,0.855
8203,3.319,0.860
8204,3.343,0.860
8205,3.348,0.860
8206,3.319,0.860
8207,3.304,0.860
8208,3.245,0.860
8209,3.245,0.865
8210,3.231,0.865
8211,3.240,0.865
8212,3.231,0.865
8213,3.231,0.865
8214,3.196,0.865
8215,3.187,0.865
8216,3.172,0.870
8217,3.192,0.870
8218,3.187,0.870
8219,3.128,0.870
8220,3.138,0.870
8221,3.157,0.870
8222,2.947,0.870
8223,3.500,0.875
8224,3.631,0.875
8225,3.548,0.875
8226,3.392,0.875
8227,3.284,0.875
8228,3.231,0.875
8229,3.221,0.880
8230,3.236,0.880
8231,3.245,0.880
8232,3.245,0.880
8233,3.250,0.880
8234,3.236,0.880
8235,3.206,0.885
8236,3.192,0.885
8237,3.196,0.885
8238,3.172,0.885
8239,3.162,0.885
8240,3.148,0.885
8241,3.162,0.885
8242,3.192,0.890
8243,3.245,0.890
8244,3.309,0.890
8245,3.348,0.890
8246,3.338,0.890
8247,3.319,0.890
8248,3.289,0.890
8249,2.268,0.890
8250,3.465,0.890
8251,4.027,0.894
8252,3.671,0.894
8253,3.216,0.894
8254,3.666,0.894
8255,3.583,0.894
8256,3.382,0.894
8257,3.206,0.894
8258,3.123,0.899
8259,3.128,0.899
8260,3.148,0.899
8261,3.167,0.899
8262,3.206,0.899
8263,3.284,0.899
8264,3.368,0.899
8265,3.421,0.904
8266,3.397,0.904
8267,3.348,0.904
8268,3.314,0.904
8269,3.275,0.904
8270,3.260,0.904
8271,3.265,0.904
8272,3.255,0.904
8273,3.255,0.904
8274,3.245,0.904
8275,3.245,0.904
8276,3.226,0.904
8277,3.206,0.904
8278,3.192,0.904
8279,2.923,0.904
8280,3.475,0.899
8281,3.524,0.904
8282,3.382,0.899
8283,3.304,0.899
8284,3.299,0.899
8285,3.333,0.899
8286,3.358,0.899
8287,3.358,0.899
8288,3.343,0.899
8289,3.304,0.899
8290,3.275,0.899
8291,3.280,0.899
8292,3.284,0.899
8293,3.309,0.899
8294,3.319,0.894
8295,3.304,0.894
8296,3.299,0.894
8297,3.275,0.894
8298,3.236,0.894
8299,3.216,0.894
8300,3.211,0.894
8301,3.265,0.894
8302,3.368,0.890
8303,3.446,0.890
8304,3.480,0.890
8305,3.465,0.890
8306,3.426,0.890
8307,3.094,0.885
8308,3.558,0.885
8309,3.583,0.885
8310,2.986,0.885
8311,3.783,0.885
8312,3.837,0.885
8313,3.578,0.880
8314,3.328,0.880
8315,2.972,0.880
8316,2.942,0.880
8317,3.651,0.880
8318,3.695,0.880
8319,3.490,0.875
8320,3.343,0.875
8321,3.328,0.875
8322,3.372,0.875
8323,3.421,0.875
8324,3.426,0.875
8325,3.416,0.875
8326,3.363,0.875
8327,3.328,0.875
8328,3.324,0.875
8329,3.338,0.875
8330,3.314,0.875
8331,3.314,0.875
8332,3.289,0.870
8333,3.280,0.875
8334,3.260,0.870
8335,3.245,0.870
8336,3.006,0.870
8337,3.504,0.870
8338,3.548,0.870
8339,3.412,0.870
8340,3.397,0.870
8341,3.421,0.870
8342,3.426,0.875
8343,3.436,0.875
8344,3.431,0.875
8345,3.387,0.875
8346,3.333,0.875
8347,3.319,0.875
8348,3.309,0.875
8349,3.314,0.875
8350,3.314,0.875
8351,3.294,0.875
8352,3.289,0.875
8353,3.265,0.875
8354,3.236,0.875
8355,3.221,0.875
8356,3.211,0.880
8357,3.206,0.880
8358,3.201,0.880
8359,3.250,0.880
8360,3.377,0.880
8361,3.465,0.880
8362,3.470,0.880
8363,3.441,0.880
8364,3.143,0.880
8365,3.627,0.880
8366,3.651,0.885
8367,3.500,0.885
8368,3.363,0.885
8369,3.245,0.885
8370,3.260,0.885
8371,2.268,0.885
8372,3.475,0.885
8373,4.037,0.885
8374,3.851,0.885
8375,3.475,0.890
8376,3.182,0.890
8377,3.079,0.890
8378,2.937,0.890
8379,3.045,0.890
8380,3.900,0.890
8381,3.983,0.894
8382,3.719,0.894
8383,3.456,0.894
8384,3.275,0.894
8385,3.236,0.894
8386,3.250,0.894
8387,3.284,0.894
8388,3.314,0.894
8389,3.294,0.899
8390,3.275,0.899
8391,3.284,0.899
8392,3.250,0.899
8393,2.986,0.899
8394,3.500,0.899
8395,3.534,0.899
8396,3.377,0.904
8397,3.216,0.904
8398,3.138,0.904
8399,3.196,0.904
8400,3.338,0.904
8401,3.421,0.904
8402,3.431,0.904
8403,3.412,0.904
8404,3.372,0.909
8405,3.324,0.909
8406,3.289,0.909
8407,3.309,0.909
8408,3.319,0.909
8409,3.299,0.909
8410,3.275,0.909
8411,3.250,0.909
8412,3.226,0.914
8413,3.221,0.914
8414,3.216,0.914
8415,3.211,0.914
8416,3.196,0.914
8417,3.192,0.914
8418,3.162,0.914
8419,3.206,0.914
8420,3.299,0.914
8421,3.133,0.914
8422,3.690,0.914
8423,3.798,0.914
8424,3.617,0.914
8425,3.402,0.914
8426,3.280,0.914
8427,3.245,0.914
8428,3.260,0.914
8429,3.275,0.914
8430,3.309,0.914
8431,3.328,0.914
8432,2.737,0.909
8433,3.675,0.909
8434,3.793,0.909
8435,3.543,0.909
8436,3.289,0.909
8437,3.128,0.909
8438,3.109,0.909
8439,3.201,0.904
8440,3.363,0.904
8441,3.260,0.904
8442,3.216,0.904
8443,3.944,0.904
8444,3.930,0.904
8445,3.631,0.904
8446,3.358,0.904
8447,3.240,0.904
8448,3.236,0.899
8449,3.275,0.899
8450,3.040,0.899
8451,3.568,0.899
8452,3.602,0.899
8453,3.426,0.899
8454,3.284,0.899
8455,3.187,0.899
8456,3.133,0.899
8457,3.152,0.899
8458,3.157,0.899
8459,3.314,0.899
8460,3.431,0.899
8461,3.480,0.899
8462,3.460,0.899
8463,3.426,0.899
8464,3.368,0.899
8465,3.314,0.899
8466,3.294,0.899
8467,3.299,0.899
8468,3.304,0.899
8469,3.299,0.899
8470,3.299,0.899
8471,3.265,0.899
8472,3.245,0.899
8473,3.216,0.899
8474,3.192,0.899
8475,3.177,0.899
8476,3.172,0.899
8477,3.167,0.904
8478,2.937,0.899
8479,3.583,0.899
8480,3.749,0.904
8481,3.651,0.904
8482,3.500,0.904
8483,3.372,0.904
8484,3.309,0.904
8485,3.255,0.904
8486,3.270,0.904
8487,3.280,0.904
8488,3.284,0.909
8489,3.284,0.909
8490,3.270,0.909
8491,3.245,0.909
8492,3.211,0.909
8493,2.082,0.909
8494,3.353,0.909
8495,3.983,0.909
8496,3.812,0.909
8497,3.402,0.914
8498,3.148,0.914
8499,3.157,0.914
8500,3.270,0.914
8501,3.382,0.914
8502,3.431,0.914
8503,3.431,0.914
8504,3.148,0.914
8505,3.011,0.914
8506,3.754,0.919
8507,3.817,0.919
8508,3.592,0.919
8509,3.324,0.919
8510,3.152,0.919
8511,3.113,0.919
8512,3.109,0.924
8513,3.138,0.924
8514,3.157,0.924
8515,3.157,0.924
8516,3.128,0.924
8517,3.143,0.924
8518,3.069,0.924
8519,3.148,0.929
8520,3.245,0.929
8521,3.333,0.929
8522,3.382,0.929
8523,3.377,0.929
8524,3.324,0.929
8525,3.284,0.929
8526,3.231,0.929
8527,3.231,0.929
8528,3.211,0.934
8529,3.201,0.934
8530,3.211,0.934
8531,3.196,0.934
8532,3.157,0.934
8533,3.157,0.934
8534,3.152,0.934
8535,2.864,0.934
8536,3.382,0.934
8537,3.431,0.934
8538,3.280,0.938
8539,3.162,0.938
8540,3.172,0.938
8541,3.265,0.938
8542,3.309,0.938
8543,3.319,0.938
8544,3.280,0.943
8545,3.250,0.943
8546,3.196,0.943
8547,3.177,0.943
8548,3.128,0.943
8549,3.182,0.943
8550,3.187,0.943
8551,3.172,0.943
8552,3.143,0.943
8553,3.109,0.943
8554,2.542,0.943
8555,3.099,0.943
8556,3.587,0.943
8557,3.519,0.948
8558,3.260,0.948
8559,3.084,0.948
8560,3.069,0.948
8561,3.157,0.948
8562,3.226,0.948
8563,2.962,0.948
8564,3.490,0.948
8565,3.543,0.948
8566,3.372,0.953
8567,2.957,0.953
8568,2.810,0.953
8569,3.563,0.953
8570,3.612,0.953
8571,3.392,0.953
8572,3.128,0.953
8573,3.025,0.953
8574,3.001,0.953
8575,3.016,0.953
8576,3.035,0.953
8577,3.060,0.958
8578,3.011,0.958
8579,3.050,0.958
8580,3.079,0.958
8581,3.177,0.958
8582,3.206,0.958
8583,3.211,0.958
8584,3.182,0.958
8585,3.172,0.958
8586,3.143,0.958
8587,3.118,0.958
8588,3.104,0.958
8589,3.104,0.958
8590,3.113,0.958
8591,3.109,0.963
8592,2.849,0.958
8593,3.363,0.958
8594,3.397,0.958
8595,3.250,0.958
8596,3.104,0.958
8597,3.025,0.958
8598,3.001,0.958
8599,3.016,0.958
8600,3.021,0.958
8601,3.050,0.958
8602,3.104,0.958
8603,3.167,0.958
8604,3.192,0.953
8605,3.182,0.953
8606,3.157,0.953
8607,3.128,0.953
8608,3.065,0.953
8609,3.104,0.953
8610,3.104,0.948
8611,3.113,0.948
8612,3.109,0.948
8613,3.104,0.948
8614,3.089,0.948
8615,3.089,0.943
8616,2.366,0.943
8617,3.636,0.943
8618,3.851,0.938
8619,3.543,0.938
8620,2.874,0.938
8621,3.231,0.938
8622,3.314,0.938
8623,3.275,0.938
8624,3.211,0.938
8625,3.167,0.938
8626,3.143,0.934
8627,3.128,0.934
8628,3.143,0.934
8629,3.133,0.934
8630,2.942,0.934
8631,2.884,0.934
8632,3.587,0.934
8633,3.607,0.934
8634,3.372,0.934
8635,3.143,0.934
8636,3.050,0.934
8637,3.030,0.934
8638,3.040,0.934
8639,3.084,0.934
8640,3.109,0.934
8641,3.094,0.934
8642,3.109,0.934
8643,3.162,0.934
8644,3.245,0.934
8645,3.255,0.934
8646,3.236,0.934
8647,3.206,0.934
8648,3.196,0.934
8649,2.962,0.929
8650,3.446,0.934
8651,3.490,0.934
8652,3.368,0.934
8653,3.216,0.934
8654,3.133,0.934
8655,3.099,0.934
8656,3.118,0.934
8657,3.123,0.934
8658,3.143,0.934
8659,3.143,0.934
8660,3.148,0.934
8661,3.138,0.934
8662,3.118,0.934
8663,3.118,0.938
8664,3.187,0.938
8665,3.265,0.938
8666,3.319,0.938
8667,3.314,0.938
8668,3.280,0.938
8669,3.275,0.938
8670,3.250,0.938
8671,3.231,0.943
8672,3.221,0.943
8673,3.221,0.943
8674,3.231,0.943
8675,3.216,0.943
8676,2.752,0.943
8677,3.172,0.943
8678,3.949,0.943
8679,3.866,0.943
8680,3.500,0.948
8681,3.177,0.948
8682,3.030,0.948
8683,3.060,0.948
8684,3.196,0.948
8685,3.338,0.948
8686,3.416,0.948
8687,3.431,0.953
8688,3.392,0.953
8689,3.343,0.953
8690,3.319,0.953
8691,3.304,0.953
8692,3.324,0.953
8693,3.143,0.953
8694,3.099,0.953
8695,3.788,0.953
8696,3.783,0.958
8697,3.524,0.958
8698,3.284,0.958
8699,3.177,0.958
8700,3.177,0.958
8701,3.182,0.958
8702,3.211,0.958
8703,3.314,0.963
8704,3.441,0.963
8705,3.514,0.963
8706,3.299,0.963
8707,3.729,0.963
8708,3.783,0.963
8709,3.656,0.963
8710,3.509,0.963
8711,3.441,0.963
8712,3.416,0.963
8713,3.431,0.968
8714,3.416,0.968
8715,3.426,0.968
8716,3.392,0.968
8717,3.363,0.968
8718,3.338,0.968
8719,3.338,0.968
8720,3.304,0.968
8721,3.314,0.968
8722,3.348,0.968
8723,3.475,0.973
8724,3.583,0.973
8725,3.636,0.973
8726,3.622,0.973
8727,3.583,0.973
8728,3.519,0.973
8729,3.485,0.973
8730,3.460,0.973
8731,3.470,0.973
8732,3.465,0.973
8733,3.451,0.973
8734,3.206,0.973
8735,3.695,0.973
8736,3.690,0.978
8737,2.483,0.973
8738,3.524,0.973
8739,4.022,0.978
8740,3.851,0.978
8741,3.504,0.978
8742,3.319,0.978
8743,3.353,0.978
8744,3.465,0.978
8745,3.539,0.978
8746,3.563,0.978
8747,3.524,0.978
8748,3.456,0.982
8749,3.387,0.982
8750,3.382,0.982
8751,3.392,0.982
8752,3.397,0.982
8753,3.392,0.982
8754,3.363,0.982
8755,3.353,0.982
8756,3.128,0.982
8757,3.407,0.982
8758,3.480,0.982
8759,3.407,0.982
8760,3.304,0.982
8761,3.240,0.982
8762,3.284,0.982
8763,3.407,0.982
8764,3.485,0.982
8765,3.519,0.982
8766,3.524,0.982
8767,3.490,0.982
8768,3.431,0.982
8769,3.397,0.982
8770,3.377,0.982
8771,3.416,0.982
8772,3.431,0.982
8773,3.426,0.982
8774,3.421,0.982
8775,3.402,0.982
8776,3.358,0.982
8777,3.333,0.982
8778,3.319,0.982
8779,3.319,0.982
8780,3.289,0.982
8781,3.314,0.982
8782,3.416,0.982
8783,3.514,0.982
8784,3.553,0.982
8785,3.539,0.982
8786,3.500,0.982
8787,3.465,0.982
8788,3.387,0.982
8789,3.377,0.982
8790,3.372,0.982
8791,3.109,0.982
8792,3.636,0.982
8793,3.675,0.982
8794,3.514,0.982
8795,3.338,0.982
8796,3.226,0.982
8797,3.206,0.982
8798,3.236,0.982
8799,2.722,0.982
8800,3.710,0.982
8801,3.920,0.982
8802,3.832,0.982
8803,3.607,0.987
8804,3.441,0.987
8805,3.377,0.987
8806,3.372,0.987
8807,3.333,0.987
8808,3.343,0.987
8809,3.353,0.987
8810,3.363,0.987
8811,3.348,0.987
8812,3.324,0.987
8813,3.309,0.987
8814,3.275,0.987
8815,3.245,0.992
8816,3.231,0.992
8817,3.221,0.992
8818,3.206,0.992
8819,2.766,0.992
8820,3.353,0.992
8821,4.203,0.992
8822,4.150,0.992
8823,3.768,0.992
8824,3.436,0.992
8825,3.260,0.992
8826,3.226,0.992
8827,3.250,0.992
8828,3.299,0.997
8829,3.324,0.997
8830,3.319,0.997
8831,3.284,0.997
8832,3.260,0.997
8833,3.236,0.997
8834,3.221,0.997
8835,3.211,0.997
8836,3.192,0.997
8837,3.211,0.997
8838,3.275,0.997
8839,3.353,0.997
8840,3.397,0.997
8841,3.402,1.002
8842,3.397,1.002
8843,3.353,1.002
8844,3.294,0.997
8845,3.260,1.002
8846,3.255,1.002
8847,3.250,0.997
8848,2.991,0.997
8849,3.534,0.997
8850,3.587,0.997
8851,3.416,0.997
8852,3.226,0.997
8853,3.123,0.997
8854,3.099,0.997
8855,3.162,0.997
8856,3.265,0.997
8857,3.353,0.997
8858,3.382,0.997
8859,3.348,0.997
8860,2.253,0.992
8861,3.465,0.992
8862,4.027,0.992
8863,3.851,0.992
8864,3.480,0.992
8865,3.201,0.992
8866,3.109,0.992
8867,3.109,0.992
8868,3.143,0.992
8869,3.177,0.992
8870,3.172,0.992
8871,3.172,0.992
8872,3.187,0.992
8873,3.260,0.992
8874,3.324,0.992
8875,3.338,0.992
8876,3.025,0.992
8877,3.500,0.992
8878,3.563,0.992
8879,3.441,0.992
8880,3.270,0.992
8881,3.216,0.992
8882,2.986,0.992
8883,2.937,0.992
8884,3.666,0.992
8885,3.705,0.992
8886,3.446,0.992
8887,3.211,0.992
8888,3.089,0.992
8889,3.089,0.992
8890,3.157,0.992
8891,3.265,0.992
8892,3.328,0.992
8893,3.333,0.992
8894,3.299,0.992
8895,3.284,0.992
8896,3.245,0.992
8897,3.245,0.992
8898,3.226,0.992
8899,3.201,0.992
8900,3.201,0.992
8901,3.206,0.997
8902,3.177,0.997
8903,3.157,0.997
8904,3.138,0.997
8905,2.933,0.997
8906,3.446,0.997
8907,3.402,0.997
8908,3.309,0.997
8909,3.187,0.997
8910,3.192,0.997
8911,3.236,0.997
8912,3.265,0.997
8913,3.289,0.997
8914,3.280,0.997
8915,3.240,0.997
8916,3.201,0.997
8917,3.187,0.997
8918,3.177,0.992
8919,3.167,0.992
8920,3.187,0.992
8921,2.678,0.992
8922,3.578,0.987
8923,3.685,0.987
8924,3.470,0.987
8925,3.211,0.987
8926,3.050,0.982
8927,3.016,0.982
8928,3.069,0.982
8929,3.240,0.978
8930,3.304,0.978
8931,3.324,0.978
8932,3.309,0.973
8933,3.021,0.973
8934,3.475,0.968
8935,3.504,0.968
8936,3.372,0.968
8937,3.192,0.963
8938,3.157,0.963
8939,3.148,0.963
8940,3.167,0.958
8941,3.187,0.958
8942,3.177,0.958
8943,3.162,0.953
8944,3.152,0.953
8945,2.972,0.953
8946,2.923,0.948
8947,3.651,0.948
8948,3.744,0.948
8949,3.558,0.943
8950,3.343,0.943
8951,3.226,0.943
8952,3.201,0.943
8953,3.201,0.938
8954,3.201,0.938
8955,3.216,0.938
8956,3.231,0.938
8957,3.216,0.938
8958,3.216,0.938
8959,3.201,0.934
8960,3.201,0.934
8961,3.196,0.934
8962,2.761,0.929
8963,4.179,0.929
8964,4.262,0.929
8965,3.768,0.929
8966,3.304,0.934
8967,3.148,0.929
8968,3.177,0.929
8969,3.245,0.929
8970,3.299,0.929
8971,3.299,0.929
8972,3.294,0.929
8973,3.260,0.929
8974,3.260,0.929
8975,3.245,0.934
8976,3.265,0.934
8977,3.245,0.934
8978,3.231,0.934
8979,3.211,0.934
8980,3.226,0.934
8981,2.551,0.929
8982,3.778,0.929
8983,3.959,0.934
8984,3.646,0.934
8985,3.358,0.934
8986,3.250,0.934
8987,3.275,0.934
8988,3.324,0.938
8989,3.372,0.938
8990,3.133,0.938
8991,3.622,0.938
8992,3.636,0.938
8993,3.495,0.938
8994,3.333,0.938
8995,3.275,0.943
8996,3.201,0.943
8997,3.270,0.943
8998,3.275,0.943
8999,3.275,0.943
9000,3.240,0.943
9001,3.221,0.943
9002,3.206,0.943
9003,3.216,0.943
9004,3.221,0.943
9005,3.275,0.943
9006,3.368,0.943
9007,3.255,0.943
9008,3.583,0.943
9009,3.612,0.943
9010,3.504,0.943
9011,3.397,0.943
9012,3.328,0.943
9013,3.309,0.943
9014,3.309,0.943
9015,3.333,0.943
9016,3.319,0.938
9017,3.304,0.938
9018,3.280,0.938
9019,3.289,0.934
9020,3.265,0.934
9021,3.240,0.934
9022,3.211,0.934
9023,3.240,0.929
9024,3.280,0.929
9025,3.372,0.929
9026,3.441,0.924
9027,3.460,0.924
9028,3.441,0.924
9029,3.416,0.919
9030,3.392,0.919
9031,3.343,0.914
9032,3.314,0.914
9033,3.324,0.909
9034,3.314,0.909
9035,3.328,0.909
9036,3.319,0.904
9037,3.309,0.904
9038,3.280,0.899
9039,3.280,0.899
9040,3.260,0.894
9041,3.250,0.894
9042,2.752,0.890
9043,3.387,0.890
9044,3.930,0.885
9045,3.915,0.885
9046,3.666,0.885
9047,3.177,0.880
9048,3.597,0.880
9049,3.636,0.880
9050,3.509,0.875
9051,3.392,0.875
9052,3.319,0.875
9053,3.304,0.870
9054,3.299,0.870
9055,3.328,0.870
9056,3.275,0.870
9057,3.304,0.870
9058,3.284,0.865
9059,3.284,0.865
9060,3.260,0.865
9061,3.226,0.865
9062,3.221,0.865
9063,3.270,0.865
9064,3.372,0.865
9065,3.465,0.865
9066,3.490,0.865
9067,3.485,0.860
9068,3.456,0.865
9069,3.416,0.865
9070,3.016,0.860
9071,2.835,0.860
9072,3.773,0.860
9073,3.891,0.860
9074,3.666,0.865
9075,3.113,0.860
9076,3.504,0.865
9077,3.529,0.865
9078,3.421,0.865
9079,3.294,0.865
9080,3.231,0.865
9081,3.206,0.865
9082,3.231,0.870
9083,3.299,0.870
9084,3.402,0.870
9085,3.470,0.870
9086,3.456,0.870
9087,3.500,0.870
9088,3.480,0.875
9089,3.426,0.875
9090,3.368,0.875
9091,3.338,0.875
9092,3.343,0.875
9093,3.353,0.875
9094,3.348,0.880
9095,3.328,0.880
9096,3.309,0.880
9097,3.289,0.880
9098,3.275,0.880
9099,3.265,0.885
9100,3.250,0.885
9101,3.236,0.885
9102,3.236,0.885
9103,3.299,0.885
9104,2.923,0.885
9105,4.413,0.890
9106,4.418,0.890
9107,4.110,0.890
9108,3.587,0.890
9109,3.265,0.894
9110,3.192,0.894
9111,3.240,0.894
9112,3.328,0.894
9113,3.372,0.899
9114,3.368,0.899
9115,3.328,0.899
9116,3.255,0.899
9117,3.265,0.899
9118,3.275,0.904
9119,3.250,0.904
9120,3.250,0.904
9121,3.231,0.904
9122,3.294,0.904
9123,3.387,0.909
9124,3.480,0.909
9125,3.490,0.909
9126,3.490,0.909
9127,3.431,0.909
9128,3.392,0.914
9129,3.343,0.914
9130,3.343,0.914
9131,3.348,0.914
9132,3.094,0.914
9133,3.402,0.914
9134,3.363,0.914
9135,3.935,0.919
9136,3.822,0.919
9137,3.485,0.919
9138,3.236,0.919
9139,3.148,0.924
9140,3.201,0.924
9141,3.358,0.924
9142,3.495,0.924
9143,3.539,0.924
9144,3.509,0.924
9145,3.456,0.929
9146,3.382,0.929
9147,3.372,0.929
9148,3.358,0.929
9149,3.353,0.929
9150,3.363,0.929
9151,3.348,0.934
9152,3.328,0.934
9153,3.294,0.934
9154,3.265,0.934
9155,3.240,0.934
9156,3.240,0.934
9157,3.221,0.938
9158,3.236,0.938
9159,3.304,0.938
9160,3.412,0.938
9161,3.265,0.938
9162,3.827,0.938
9163,3.886,0.938
9164,3.045,0.938
9165,3.866,0.938
9166,3.900,0.943
9167,3.656,0.943
9168,3.412,0.943
9169,3.289,0.943
9170,3.231,0.943
9171,3.240,0.948
9172,3.260,0.948
9173,3.270,0.948
9174,3.260,0.948
9175,3.250,0.948
9176,3.196,0.948
9177,3.236,0.948
9178,3.338,0.948
9179,3.446,0.948
9180,3.509,0.953
9181,3.524,0.953
9182,3.495,0.953
9183,3.441,0.953
9184,3.363,0.953
9185,3.324,0.953
9186,3.304,0.953
9187,3.299,0.953
9188,3.294,0.958
9189,2.981,0.953
9190,3.519,0.958
9191,3.583,0.958
9192,3.416,0.958
9193,3.255,0.958
9194,3.148,0.958
9195,3.123,0.958
9196,2.928,0.958
9197,3.011,0.958
9198,3.900,0.958
9199,4.008,0.963
9200,3.754,0.963
9201,3.475,0.963
9202,3.299,0.963
9203,3.226,0.963
9204,3.206,0.963
9205,3.250,0.963
9206,3.260,0.963
9207,3.280,0.963
9208,3.255,0.963
9209,3.250,0.963
9210,3.201,0.968
9211,3.172,0.968
9212,3.148,0.968
9213,3.152,0.968
9214,3.148,0.968
9215,3.152,0.968
9216,3.211,0.968
9217,3.299,0.968
9218,3.089,0.968
9219,3.656,0.968
9220,3.685,0.968
9221,3.490,0.968
9222,3.270,0.968
9223,3.148,0.968
9224,3.138,0.968
9225,2.077,0.968
9226,3.358,0.968
9227,3.988,0.968
9228,3.832,0.973
9229,3.421,0.973
9230,3.118,0.973
9231,2.986,0.973
9232,2.996,0.973
9233,3.035,0.973
9234,3.084,0.973
9235,3.148,0.973
9236,3.216,0.973
9237,3.299,0.973
9238,3.319,0.973
9239,3.280,0.973
9240,3.250,0.973
9241,3.206,0.973
9242,3.167,0.973
9243,3.157,0.973
9244,3.152,0.978
9245,3.157,0.973
9246,2.874,0.973
9247,3.392,0.973
9248,3.451,0.973
9249,3.294,0.973
9250,3.118,0.973
9251,3.025,0.973
9252,3.011,0.973
9253,3.016,0.973
9254,3.040,0.973
9255,3.050,0.973
9256,3.118,0.973
9257,3.167,0.973
9258,3.201,0.973
9259,2.977,0.973
9260,2.908,0.973
9261,3.631,0.973
9262,3.646,0.973
9263,3.392,0.973
9264,3.167,0.973
9265,3.025,0.973
9266,3.021,0.973
9267,3.069,0.973
9268,3.094,0.973
9269,3.094,0.973
9270,3.084,0.973
9271,3.060,0.973
9272,3.074,0.973
9273,3.060,0.973
9274,3.040,0.978
9275,3.055,0.978
9276,3.089,0.978
9277,3.118,0.978
9278,3.152,0.978
9279,3.152,0.978
9280,3.148,0.978
9281,3.133,0.978
9282,3.138,0.978
9283,3.109,0.978
9284,3.113,0.978
9285,3.104,0.978
9286,2.576,0.978
9287,3.128,0.978
9288,3.612,0.978
9289,3.534,0.978
9290,3.284,0.978
9291,3.089,0.978
9292,3.011,0.978
9293,3.016,0.982
9294,3.040,0.982
9295,3.069,0.982
9296,3.118,0.982
9297,3.177,0.982
9298,3.187,0.982
9299,3.162,0.982
9300,3.152,0.982
9301,3.133,0.982
9302,3.133,0.982
9303,2.879,0.982
9304,3.392,0.982
9305,3.441,0.982
9306,3.319,0.987
9307,3.148,0.987
9308,3.089,0.987
9309,3.089,0.987
9310,3.079,0.987
9311,3.094,0.987
9312,3.113,0.987
9313,3.109,0.987
9314,3.104,0.987
9315,3.118,0.987
9316,3.152,0.992
9317,3.187,0.992
9318,3.192,0.992
9319,3.182,0.992
9320,3.187,0.992
9321,3.172,0.992
9322,2.805,0.992
9323,2.620,0.992
9324,3.539,0.992
9325,3.651,0.992
9326,3.446,0.992
9327,3.245,0.992
9328,3.109,0.997
9329,3.069,0.997
9330,3.094,0.997
9331,2.874,0.997
9332,3.392,0.997
9333,3.456,0.997
9334,3.328,0.997
9335,3.192,0.997
9336,3.143,0.997
9337,3.162,0.997
9338,3.196,1.002
9339,3.236,1.002
9340,3.255,1.002
9341,3.250,1.002
9342,3.226,1.002
9343,3.201,1.002
9344,3.196,1.002
9345,3.226,1.002
9346,3.236,1.002
9347,3.245,1.002
9348,2.590,1.002
9349,3.807,1.002
9350,3.978,1.002
9351,3.690,1.002
9352,3.333,1.002
9353,3.138,1.002
9354,3.089,1.002
9355,3.094,1.002
9356,3.270,1.002
9357,3.368,1.002
9358,3.392,1.002
9359,3.412,1.002
9360,3.177,0.997
9361,3.627,1.002
9362,3.631,0.997
9363,3.500,0.997
9364,3.363,0.997
9365,3.294,0.997
9366,3.255,0.997
9367,3.260,0.997
9368,3.280,0.992
9369,3.280,0.992
9370,3.265,0.992
9371,3.275,0.992
9372,3.270,0.992
9373,3.231,0.992
9374,3.216,0.987
9375,3.226,0.987
9376,3.284,0.987
9377,3.377,0.987
9378,3.446,0.987
9379,3.470,0.987
9380,3.460,0.982
9381,3.426,0.982
9382,3.392,0.982
9383,3.372,0.982
9384,3.353,0.982
9385,2.981,0.982
9386,2.825,0.978
9387,3.759,0.978
9388,3.553,0.978
9389,3.793,0.978
9390,3.622,0.978
9391,3.387,0.978
9392,3.221,0.978
9393,3.162,0.978
9394,3.162,0.978
9395,3.211,0.978
9396,3.284,0.978
9397,3.387,0.978
9398,3.475,0.978
9399,3.500,0.978
9400,3.460,0.978
9401,3.421,0.978
9402,3.353,0.978
9403,3.333,0.978
9404,3.328,0.978
9405,3.319,0.978
9406,3.309,0.978
9407,3.294,0.978
9408,2.796,0.973
9409,3.328,0.973
9410,3.768,0.973
9411,3.671,0.973
9412,3.412,0.973
9413,3.192,0.973
9414,3.123,0.973
9415,3.099,0.973
9416,3.211,0.973
9417,3.143,0.973
9418,3.754,0.973
9419,3.803,0.973
9420,3.617,0.973
9421,3.421,0.968
9422,3.299,0.968
9423,3.226,0.968
9424,3.245,0.968
9425,3.270,0.968
9426,3.309,0.968
9427,3.314,0.963
9428,3.284,0.963
9429,3.240,0.963
9430,3.221,0.958
9431,3.206,0.958
9432,3.211,0.958
9433,3.182,0.958
9434,3.231,0.953
9435,3.245,0.953
9436,3.280,0.953
9437,3.368,0.953
9438,3.436,0.948
9439,3.436,0.948
9440,3.412,0.948
9441,3.372,0.943
9442,3.324,0.943
9443,3.294,0.943
9444,3.284,0.938
9445,2.991,0.938
9446,3.563,0.934
9447,3.627,0.934
9448,3.250,0.934
9449,3.001,0.929
9450,3.661,0.929
9451,3.685,0.929
9452,3.456,0.929
9453,3.236,0.929
9454,3.148,0.924
9455,3.157,0.924
9456,3.294,0.924
9457,3.407,0.924
9458,3.460,0.924
9459,3.436,0.924
9460,3.412,0.919
9461,3.368,0.919
9462,3.324,0.919
9463,3.294,0.919
9464,3.299,0.919
9465,3.304,0.919
9466,3.324,0.919
9467,3.309,0.919
9468,3.275,0.919
9469,3.250,0.919
9470,2.493,0.914
9471,3.827,0.914
9472,4.022,0.914
9473,3.700,0.919
9474,3.045,0.914
9475,3.421,0.919
9476,3.568,0.919
9477,3.558,0.919
9478,3.480,0.919
9479,3.402,0.919
9480,3.363,0.919
9481,3.353,0.919
9482,3.333,0.919
9483,3.324,0.919
9484,3.314,0.919
9485,3.304,0.924
9486,3.294,0.924
9487,3.289,0.924
9488,3.260,0.924
9489,3.245,0.924
9490,3.236,0.924
9491,3.226,0.924
9492,3.201,0.929
9493,3.192,0.929
9494,3.177,0.929
9495,3.196,0.929
9496,3.255,0.929
9497,3.372,0.929
9498,3.456,0.934
9499,3.456,0.934
9500,3.421,0.934
9501,3.377,0.934
9502,3.065,0.934
9503,3.578,0.934
9504,3.631,0.934
9505,3.480,0.938
9506,3.353,0.938
9507,3.265,0.938
9508,3.221,0.938
9509,3.216,0.943
9510,3.216,0.943
9511,3.001,0.943
9512,2.933,0.943
9513,3.690,0.943
9514,3.719,0.943
9515,3.514,0.948
9516,3.348,0.948
9517,3.319,0.948
9518,3.348,0.948
9519,3.382,0.948
9520,3.372,0.953
9521,3.368,0.953
9522,3.328,0.953
9523,3.299,0.953
9524,3.304,0.953
9525,3.304,0.953
9526,3.280,0.958
9527,3.260,0.958
9528,3.231,0.958
9529,3.245,0.958
9530,2.341,0.958
9531,3.514,0.958
9532,4.106,0.958
9533,3.881,0.963
9534,3.407,0.963
9535,3.187,0.963
9536,3.192,0.963
9537,3.304,0.968
9538,3.377,0.968
9539,3.416,0.968
9540,3.412,0.968
9541,3.377,0.968
9542,3.319,0.968
9543,3.294,0.968
9544,3.270,0.973
9545,3.299,0.973
9546,3.275,0.973
9547,3.255,0.973
9548,3.240,0.973
9549,3.231,0.973
9550,3.201,0.973
9551,3.182,0.978
9552,3.167,0.978
9553,3.167,0.978
9554,3.157,0.978
9555,3.157,0.978
9556,3.177,0.978
9557,3.284,0.978
9558,3.377,0.978
9559,3.162,0.978
9560,3.705,0.982
9561,3.763,0.982
9562,3.558,0.982
9563,3.343,0.982
9564,3.231,0.982
9565,3.196,0.982
9566,3.231,0.982
9567,3.260,0.987
9568,3.240,0.987
9569,3.216,0.987
9570,3.192,0.987
9571,3.162,0.987
9572,3.162,0.987
9573,3.157,0.987
9574,2.757,0.987
9575,2.527,0.987
9576,3.548,0.987
9577,3.729,0.992
9578,3.607,0.992
9579,3.436,0.992
9580,3.328,0.992
9581,3.270,0.992
9582,3.280,0.992
9583,3.265,0.992
9584,3.265,0.997
9585,3.236,0.997
9586,3.226,0.997
9587,2.913,0.997
9588,3.470,0.997
9589,3.509,0.997
9590,3.353,0.997
9591,3.206,0.997
9592,2.322,0.997
9593,3.675,0.997
9594,3.900,0.997
9595,3.646,1.002
9596,3.245,1.002
9597,3.069,1.002
9598,3.118,1.002
9599,3.236,1.002
9600,3.319,1.002
9601,3.328,1.002
9602,3.284,1.002
9603,3.270,1.002
9604,3.206,1.002
9605,3.187,1.002
9606,3.187,1.002
9607,3.196,1.002
9608,3.192,1.002
9609,3.182,1.002
9610,3.143,1.002
9611,3.133,1.002
9612,3.128,1.002
9613,3.143,1.002
9614,3.104,1.002
9615,3.084,1.002
9616,2.835,1.002
9617,3.338,1.002
9618,3.548,1.002
9619,3.558,1.002
9620,3.509,1.002
9621,3.421,1.002
9622,3.382,1.002
9623,3.348,1.002
9624,3.299,1.007
9625,3.328,1.002
9626,3.338,1.002
9627,3.314,1.007
9628,3.309,1.002
9629,3.284,1.002
9630,3.270,1.007
9631,3.250,1.007
9632,3.240,1.007
9633,3.221,1.007
9634,3.206,1.007
9635,3.201,1.007
9636,3.201,1.007
9637,2.845,1.007
9638,2.683,1.007
9639,3.690,1.007
9640,3.900,1.007
9641,3.719,1.007
9642,3.475,1.007
9643,3.304,1.007
9644,2.986,1.007
9645,3.514,1.007
9646,3.558,1.007
9647,3.416,1.007
9648,3.255,1.007
9649,3.162,1.012
9650,3.148,1.012
9651,3.157,1.012
9652,2.620,1.012
9653,3.211,1.012
9654,3.627,1.012
9655,3.612,1.012
9656,3.363,1.012
9657,3.157,1.012
9658,3.035,1.012
9659,3.079,1.012
9660,3.211,1.012
9661,3.314,1.012
9662,3.333,1.017
9663,3.324,1.017
9664,3.280,1.017
9665,3.236,1.017
9666,3.221,1.017
9667,3.206,1.017
9668,3.206,1.017
9669,3.206,1.017
9670,3.196,1.017
9671,3.206,1.017
9672,3.196,1.017
9673,2.957,1.017
9674,3.441,1.017
9675,3.490,1.017
9676,3.343,1.017
9677,3.187,1.017
9678,3.109,1.017
9679,3.133,1.017
9680,3.206,1.017
9681,3.280,1.017
9682,3.314,1.017
9683,3.309,1.017
9684,3.245,1.012
9685,3.270,1.012
9686,3.245,1.012
9687,3.275,1.012
9688,3.260,1.012
9689,3.255,1.012
9690,3.236,1.012
9691,3.226,1.012
9692,3.211,1.012
9693,3.201,1.012
9694,3.192,1.012
9695,3.196,1.007
9696,3.192,1.007
9697,3.187,1.007
9698,3.187,1.007
9699,3.187,1.007
9700,2.854,1.007
9701,3.128,1.007
9702,3.744,1.007
9703,3.798,1.007
9704,3.578,1.007
9705,3.368,1.007
9706,3.245,1.007
9707,3.216,1.007
9708,3.226,1.002
9709,3.255,1.002
9710,3.265,1.002
9711,3.265,1.002
9712,3.255,1.002
9713,3.250,1.002
9714,2.243,1.002
9715,3.416,1.002
9716,3.969,1.002
9717,3.798,1.002
9718,3.436,1.002
9719,3.201,1.002
9720,3.104,1.002
9721,3.162,1.002
9722,3.280,1.002
9723,3.382,1.002
9724,3.392,1.007
9725,3.387,1.007
9726,3.358,1.007
9727,3.324,1.007
9728,3.304,1.007
9729,3.314,1.007
9730,3.118,1.007
9731,3.597,1.007
9732,3.631,1.007
9733,3.470,1.007
9734,3.314,1.007
9735,3.236,1.007
9736,3.221,1.007
9737,3.226,1.007
9738,3.231,1.007
9739,3.245,1.007
9740,3.250,1.007
9741,3.319,1.012
9742,3.407,1.012
9743,3.456,1.012
9744,3.412,1.012
9745,3.431,1.012
9746,3.412,1.012
9747,3.382,1.012
9748,3.343,1.012
9749,3.328,1.012
9750,3.358,1.012
9751,3.363,1.012
9752,3.353,1.017
9753,3.324,1.017
9754,3.299,1.017
9755,3.284,1.017
9756,3.270,1.017
9757,3.260,1.017
9758,3.030,1.017
9759,3.514,1.017
9760,3.573,1.017
9761,3.490,1.017
9762,3.456,1.022
9763,3.270,1.017
9764,3.250,1.017
9765,3.939,1.022
9766,3.964,1.022
9767,3.695,1.022
9768,3.441,1.022
9769,3.319,1.022
9770,3.294,1.022
9771,3.328,1.026
9772,3.363,1.026
9773,3.353,1.026
9774,3.324,1.026
9775,2.845,1.026
9776,3.744,1.026
9777,3.851,1.026
9778,3.602,1.026
9779,3.338,1.026
9780,3.187,1.026
9781,3.221,1.026
9782,3.372,1.026
9783,3.485,1.031
9784,3.539,1.031
9785,3.524,1.031
9786,3.509,1.031
9787,3.490,1.031
9788,3.412,1.031
9789,3.382,1.031
9790,3.372,1.031
9791,3.382,1.031
9792,3.382,1.036
9793,3.377,1.036
9794,3.343,1.036
9795,3.314,1.036
9796,3.294,1.036
9797,3.289,1.036
9798,3.289,1.036
9799,3.280,1.036
9800,3.275,1.036
9801,3.265,1.036
9802,3.270,1.036
9803,3.333,1.036
9804,3.397,1.036
9805,3.500,1.036
9806,3.524,1.036
9807,3.500,1.036
9808,3.456,1.036
9809,3.397,1.036
9810,3.372,1.036
9811,3.363,1.036
9812,3.382,1.036
9813,3.382,1.036
9814,3.382,1.036
9815,3.118,1.031
9816,3.602,1.031
9817,3.627,1.031
9818,3.465,1.031
9819,3.309,1.031
9820,3.221,1.031
9821,3.206,1.031
9822,3.226,1.031
9823,3.304,1.031
9824,3.421,1.031
9825,3.495,1.031
9826,3.148,1.031
9827,2.918,1.026
9828,3.847,1.026
9829,3.910,1.026
9830,3.671,1.026
9831,3.431,1.026
9832,3.289,1.026
9833,3.255,1.026
9834,3.245,1.026
9835,3.294,1.026
9836,3.333,1.026
9837,2.595,1.022
9838,3.881,1.022
9839,4.076,1.022
9840,3.739,1.022
9841,3.343,1.022
9842,3.113,1.022
9843,2.820,1.022
9844,3.480,1.022
9845,3.719,1.022
9846,3.661,1.022
9847,3.504,1.022
9848,3.392,1.022
9849,3.358,1.022
9850,3.324,1.022
9851,3.328,1.022
9852,3.328,1.022
9853,3.319,1.022
9854,3.319,1.022
9855,3.314,1.022
9856,3.294,1.022
9857,3.280,1.022
9858,3.265,1.022
9859,3.240,1.022
9860,3.216,1.026
9861,3.226,1.026
9862,3.211,1.022
9863,3.211,1.026
9864,3.192,1.026
9865,3.280,1.026
9866,3.353,1.026
9867,3.412,1.026
9868,3.416,1.026
9869,3.407,1.026
9870,3.372,1.026
9871,3.333,1.026
9872,3.055,1.026
9873,3.583,1.026
9874,3.622,1.026
9875,3.475,1.026
9876,3.319,1.026
9877,3.240,1.031
9878,3.201,1.031
9879,3.201,1.031
9880,3.201,1.031
9881,3.206,1.031
9882,3.201,1.031
9883,3.196,1.031
9884,3.187,1.031
9885,3.177,1.031
9886,3.187,1.031
9887,3.265,1.031
9888,3.338,1.031
9889,3.030,1.036
9890,2.810,1.031
9891,3.754,1.031
9892,3.851,1.036
9893,3.622,1.036
9894,3.338,1.036
9895,3.226,1.036
9896,3.201,1.036
9897,2.708,1.036
9898,3.304,1.036
9899,3.783,1.036
9900,3.387,1.036
9901,3.651,1.036
9902,3.524,1.041
9903,3.309,1.041
9904,3.172,1.041
9905,3.148,1.041
9906,3.221,1.041
9907,3.338,1.041
9908,3.421,1.041
9909,3.426,1.041
9910,3.368,1.041
9911,3.343,1.041
9912,3.319,1.041
9913,3.304,1.041
9914,3.299,1.046
9915,3.309,1.046
9916,3.294,1.046
9917,3.275,1.046
9918,3.265,1.046
9919,3.265,1.046
9920,3.240,1.046
9921,3.216,1.046
9922,3.201,1.046
9923,3.196,1.046
9924,3.196,1.046
9925,3.216,1.046
9926,3.245,1.046
9927,3.319,1.046
9928,3.387,1.046
9929,3.177,1.046
9930,3.700,1.046
9931,3.739,1.051
9932,3.563,1.051
9933,3.358,1.051
9934,3.250,1.051
9935,3.236,1.051
9936,3.270,1.051
9937,3.275,1.051
9938,3.275,1.051
9939,3.265,1.051
9940,3.314,1.051
9941,3.284,1.051
9942,3.260,1.051
9943,3.231,1.051
9944,3.226,1.051
9945,3.216,1.056
9946,3.211,1.056
9947,3.245,1.056
9948,3.333,1.056
9949,3.407,1.056
9950,3.441,1.056
9951,3.436,1.056
9952,3.055,1.056
9953,2.776,1.056
9954,3.734,1.056
9955,3.851,1.056
9956,3.636,1.056
9957,3.069,1.056
9958,2.502,1.051
9959,3.710,1.051
9960,4.159,1.051
9961,3.891,1.056
9962,3.446,1.056
9963,3.162,1.056
9964,3.089,1.056
9965,3.109,1.051
9966,3.162,1.051
9967,3.206,1.051
9968,3.231,1.051
9969,3.289,1.051
9970,3.382,1.051
9971,3.446,1.051
9972,3.456,1.046
9973,3.412,1.046
9974,3.353,1.046
9975,3.338,1.046
9976,3.353,1.041
9977,3.363,1.041
9978,3.358,1.041
9979,3.333,1.041
9980,3.299,1.036
9981,3.255,1.036
9982,3.221,1.036
9983,3.148,1.031
9984,3.196,1.031
9985,3.216,1.031
9986,3.050,1.026
9987,3.656,1.026
9988,3.759,1.026
9989,3.627,1.026
9990,3.456,1.026
9991,3.343,1.022
9992,3.231,1.022
9993,3.182,1.022
9994,3.167,1.022
9995,3.196,1.022
9996,3.231,1.017
9997,3.255,1.017
9998,3.250,1.017
9999,3.255,1.017
10000,3.226,1.017
10001,3.211,1.017
10002,3.192,1.017
10003,3.162,1.012
10004,3.143,1.012
10005,3.138,1.012
10006,3.167,1.012
10007,3.255,1.012
10008,3.324,1.012
10009,3.363,1.012
10010,3.353,1.012
10011,3.333,1.012
10012,3.294,1.012
10013,2.947,1.012
10014,3.514,1.012
10015,3.387,1.007
10016,3.157,1.007
10017,3.744,1.007
10018,3.719,1.007
10019,2.908,1.007
10020,3.675,1.007
10021,3.724,1.007
10022,3.480,1.007
10023,3.265,1.007
10024,3.162,1.007
10025,3.231,1.007
10026,3.328,1.002
10027,3.392,1.002
10028,3.402,1.002
10029,3.358,1.002
10030,3.299,0.997
10031,3.280,0.997
10032,3.250,0.992
10033,3.260,0.992
10034,3.270,0.987
10035,3.284,0.987
10036,3.240,0.982
10037,3.216,0.978
10038,3.216,0.978
10039,3.216,0.973
10040,2.928,0.968
10041,3.441,0.963
10042,3.500,0.958
10043,3.416,0.953
10044,3.353,0.948
10045,3.309,0.943
10046,3.284,0.943
10047,3.289,0.934
10048,3.289,0.929
10049,3.275,0.924
10050,3.250,0.919
10051,3.250,0.914
10052,3.245,0.909
10053,3.236,0.904
10054,3.240,0.899
10055,3.226,0.894
10056,3.206,0.890
10057,3.211,0.885
10058,3.192,0.880
10059,3.192,0.875
10060,3.226,0.870
10061,3.294,0.865
10062,3.372,0.860
10063,3.397,0.855
10064,3.377,0.850
10065,3.358,0.846
10066,3.333,0.841
10067,3.065,0.836
10068,3.573,0.831
10069,3.622,0.826
10070,3.490,0.821
10071,3.309,0.821
10072,3.221,0.816
10073,3.177,0.811
10074,3.221,0.806
10075,3.236,0.806
10076,3.221,0.802
10077,3.216,0.797
10078,3.069,0.792
10079,3.118,0.792
10080,2.972,0.787
10081,4.081,0.782
10082,4.374,0.777
10083,3.988,0.777
10084,3.514,0.772
10085,3.206,0.772
10086,3.128,0.772
10087,3.167,0.767
10088,3.236,0.767
10089,3.289,0.767
10090,3.328,0.762
10091,3.324,0.762
10092,3.265,0.762
10093,3.221,0.758
10094,2.991,0.758
10095,3.553,0.758
10096,3.680,0.758
10097,3.592,0.758
10098,3.465,0.753
10099,3.382,0.753
10100,3.363,0.753
10101,3.343,0.753
10102,3.289,0.753
10103,3.314,0.753
10104,3.338,0.748
10105,3.304,0.748
10106,3.299,0.748
10107,3.236,0.748
10108,3.216,0.748
10109,3.201,0.748
10110,3.216,0.748
10111,3.260,0.748
10112,3.363,0.748
10113,3.456,0.748
10114,3.519,0.748
10115,3.495,0.743
10116,3.465,0.743
10117,3.421,0.743
10118,3.372,0.743
10119,3.348,0.743
10120,3.372,0.743
10121,3.109,0.743
10122,3.641,0.743
10123,3.690,0.743
10124,3.529,0.743
10125,3.353,0.743
10126,3.265,0.743
10127,3.236,0.743
10128,3.270,0.743
10129,3.392,0.743
10130,3.509,0.743
10131,3.539,0.743
10132,3.509,0.743
10133,3.456,0.738
10134,3.416,0.743
10135,3.358,0.738
10136,3.319,0.738
10137,3.299,0.738
10138,3.319,0.738
10139,3.299,0.738
10140,3.284,0.738
10141,2.571,0.738
10142,3.079,0.738
10143,4.145,0.738
10144,4.106,0.738
10145,3.705,0.738
10146,3.407,0.738
10147,3.294,0.738
10148,3.060,0.738
10149,3.661,0.738
10150,3.783,0.738
10151,3.617,0.743
10152,3.407,0.743
10153,3.319,0.743
10154,3.284,0.743
10155,3.289,0.743
10156,3.309,0.743
10157,3.299,0.743
10158,3.284,0.748
10159,3.265,0.748
10160,3.226,0.748
10161,3.240,0.748
10162,3.240,0.748
10163,3.368,0.753
10164,3.446,0.753
10165,3.475,0.753
10166,3.446,0.753
10167,3.421,0.753
10168,3.372,0.758
10169,3.348,0.758
10170,3.324,0.758
10171,3.324,0.758
10172,3.299,0.762
10173,3.299,0.762
10174,3.270,0.762
10175,2.972,0.762
10176,3.529,0.767
10177,3.612,0.767
10178,3.456,0.767
10179,3.289,0.772
10180,3.245,0.772
10181,3.343,0.772
10182,3.426,0.772
10183,3.460,0.777
10184,3.436,0.777
10185,3.402,0.777
10186,3.333,0.777
10187,3.294,0.782
10188,3.304,0.782
10189,3.328,0.782
10190,3.304,0.782
10191,3.255,0.782
10192,3.138,0.787
10193,3.177,0.787
10194,3.152,0.787
10195,3.133,0.787
10196,3.138,0.787
10197,3.128,0.787
10198,3.157,0.787
10199,3.240,0.787
10200,3.314,0.787
10201,3.377,0.787
10202,3.109,0.787
10203,2.630,0.787
10204,3.744,0.787
10205,4.418,0.787
10206,4.286,0.787
10207,3.646,0.787
10208,3.201,0.782
10209,3.006,0.782
10210,3.001,0.782
10211,3.065,0.782
10212,3.109,0.782
10213,3.128,0.777
10214,3.118,0.777
10215,3.143,0.777
10216,3.245,0.777
10217,3.309,0.777
10218,3.319,0.772
10219,3.280,0.772
10220,3.245,0.772
10221,3.187,0.772
10222,3.143,0.767
10223,3.157,0.767
10224,3.201,0.767
10225,3.206,0.767
10226,3.201,0.767
10227,3.182,0.762
10228,3.182,0.762
10229,2.893,0.762
10230,3.426,0.762
10231,3.475,0.762
10232,3.358,0.762
10233,3.260,0.762
10234,3.231,0.758
10235,3.226,0.758
10236,3.226,0.758
10237,3.221,0.758
10238,3.206,0.758
10239,3.187,0.758
10240,3.192,0.758
10241,3.196,0.758
10242,3.177,0.758
10243,3.162,0.758
10244,3.167,0.758
10245,3.157,0.758
10246,3.143,0.762
10247,3.118,0.762
10248,3.113,0.762
10249,3.118,0.762
10250,3.162,0.762
10251,3.231,0.762
10252,3.255,0.762
10253,3.280,0.762
10254,3.255,0.767
10255,3.211,0.767
10256,2.942,0.767
10257,3.475,0.767
10258,3.514,0.767
10259,3.368,0.772
10260,3.192,0.772
10261,3.099,0.772
10262,3.069,0.772
10263,2.551,0.772
10264,3.152,0.777
10265,3.622,0.777
10266,3.187,0.777
10267,2.776,0.782
10268,3.622,0.782
10269,3.715,0.782
10270,3.485,0.782
10271,3.275,0.787
10272,3.143,0.787
10273,3.099,0.787
10274,3.133,0.787
10275,3.157,0.792
10276,3.201,0.792
10277,3.187,0.792
10278,3.157,0.797
10279,3.172,0.797
10280,3.152,0.797
10281,3.094,0.802
10282,3.128,0.802
10283,2.972,0.802
10284,3.568,0.802
10285,3.651,0.806
10286,3.490,0.806
10287,3.319,0.806
10288,3.206,0.806
10289,3.187,0.811
10290,3.177,0.811
10291,3.211,0.811
10292,3.231,0.811
10293,3.216,0.816
10294,3.201,0.816
10295,3.201,0.816
10296,3.187,0.816
10297,3.172,0.816
10298,3.157,0.816
10299,3.177,0.816
10300,3.245,0.816
10301,3.314,0.816
10302,3.338,0.821
10303,3.358,0.816
10304,3.328,0.821
10305,3.284,0.821
10306,3.236,0.821
10307,3.226,0.821
10308,3.231,0.821
10309,3.245,0.821
10310,3.021,0.821
10311,3.500,0.821
10312,3.563,0.821
10313,3.416,0.821
10314,3.231,0.821
10315,3.143,0.821
10316,3.157,0.821
10317,3.231,0.821
10318,3.343,0.821
10319,3.412,0.821
10320,3.412,0.821
10321,3.368,0.821
10322,3.324,0.821
10323,3.280,0.821
10324,3.280,0.821
10325,2.542,0.821
10326,3.891,0.821
10327,4.101,0.821
10328,3.768,0.821
10329,2.991,0.821
10330,2.551,0.821
10331,3.475,0.821
10332,3.641,0.826
10333,3.500,0.826
10334,3.299,0.826
10335,3.250,0.826
10336,3.275,0.826
10337,3.118,0.826
10338,3.675,0.826
10339,3.715,0.826
10340,3.534,0.831
10341,3.289,0.831
10342,3.250,0.831
10343,3.255,0.831
10344,3.245,0.831
10345,3.255,0.831
10346,3.255,0.831
10347,3.270,0.836
10348,3.245,0.836
10349,3.216,0.836
10350,3.221,0.836
10351,3.221,0.836
10352,3.221,0.836
10353,3.206,0.841
10354,3.231,0.841
10355,3.299,0.841
10356,3.363,0.841
10357,3.402,0.841
10358,3.431,0.841
10359,3.416,0.846
10360,3.368,0.846
10361,3.309,0.846
10362,3.289,0.846
10363,3.284,0.846
10364,3.060,0.846
10365,3.583,0.850
10366,3.636,0.850
10367,3.460,0.850
10368,3.284,0.850
10369,3.177,0.850
10370,3.167,0.855
10371,3.152,0.855
10372,3.192,0.855
10373,3.182,0.855
10374,3.211,0.855
10375,3.265,0.855
10376,3.368,0.860
10377,3.402,0.860
10378,3.426,0.860
10379,3.412,0.860
10380,3.348,0.860
10381,3.289,0.865
10382,3.284,0.865
10383,3.265,0.865
10384,3.260,0.865
10385,2.717,0.865
10386,3.289,0.865
10387,3.763,0.865
10388,3.661,0.865
10389,3.387,0.870
10390,3.211,0.870
10391,2.889,0.870
10392,3.221,0.870
10393,3.245,0.870
10394,3.842,0.870
10395,3.807,0.870
10396,3.587,0.870
10397,3.456,0.875
10398,3.377,0.875
10399,3.368,0.875
10400,3.358,0.875
10401,3.338,0.875
10402,3.338,0.875
10403,3.333,0.875
10404,3.333,0.880
10405,3.358,0.880
10406,3.343,0.880
10407,3.294,0.880
10408,3.265,0.880
10409,3.250,0.880
10410,3.240,0.880
10411,3.231,0.880
10412,3.226,0.885
10413,3.216,0.885
10414,3.206,0.885
10415,3.236,0.885
10416,3.328,0.885
10417,3.441,0.885
10418,3.250,0.885
10419,3.783,0.885
10420,3.798,0.885
10421,3.602,0.890
10422,3.387,0.890
10423,3.265,0.890
10424,3.245,0.890
10425,3.275,0.890
10426,3.294,0.890
10427,3.284,0.894
10428,3.270,0.894
10429,3.250,0.894
10430,3.221,0.894
10431,3.187,0.894
10432,3.196,0.894
10433,3.201,0.894
10434,3.187,0.894
10435,3.162,0.899
10436,3.206,0.899
10437,3.338,0.899
10438,3.431,0.899
10439,3.465,0.899
10440,3.431,0.899
10441,3.387,0.899
10442,3.338,0.899
10443,3.280,0.904
10444,3.275,0.904
10445,3.328,0.904
10446,3.363,0.904
10447,2.502,0.904
10448,3.881,0.904
10449,4.081,0.904
10450,3.739,0.904
10451,3.333,0.904
10452,3.099,0.904
10453,3.050,0.909
10454,3.079,0.909
10455,2.786,0.909
10456,2.688,0.909
10457,3.832,0.909
10458,4.047,0.909
10459,3.842,0.909
10460,3.524,0.909
10461,3.348,0.909
10462,3.260,0.909
10463,3.265,0.909
10464,3.265,0.909
10465,3.304,0.914
10466,3.289,0.914
10467,3.280,0.914
10468,3.255,0.914
10469,3.245,0.914
10470,3.216,0.914
10471,2.864,0.914
10472,3.431,0.914
10473,3.509,0.914
10474,3.372,0.914
10475,3.196,0.914
10476,3.099,0.914
10477,3.128,0.919
10478,3.270,0.919
10479,3.416,0.919
10480,3.519,0.919
10481,3.529,0.919
10482,3.490,0.919
10483,3.441,0.919
10484,3.407,0.919
10485,3.358,0.919
10486,3.333,0.919
10487,3.319,0.924
10488,3.309,0.924
10489,3.289,0.924
10490,3.260,0.924
10491,3.226,0.924
10492,3.221,0.924
10493,3.216,0.924
10494,3.192,0.924
10495,3.143,0.924
10496,3.133,0.924
10497,3.128,0.924
10498,2.805,0.924
10499,3.328,0.929
10500,3.578,0.929
10501,3.651,0.929
10502,3.641,0.929
10503,3.578,0.929
10504,3.529,0.929
10505,3.504,0.929
10506,3.470,0.929
10507,2.864,0.929
10508,3.456,0.929
10509,3.935,0.929
10510,3.861,0.929
10511,3.587,0.929
10512,3.353,0.929
10513,3.255,0.934
10514,3.250,0.934
10515,3.250,0.934
10516,3.289,0.934
10517,3.294,0.934
10518,2.893,0.934
10519,2.659,0.934
10520,3.573,0.934
10521,3.773,0.934
10522,3.627,0.934
10523,3.465,0.934
10524,3.441,0.934
10525,3.201,0.934
10526,3.783,0.934
10527,3.812,0.934
10528,3.631,0.934
10529,3.416,0.934
10530,3.299,0.938
10531,3.284,0.938
10532,3.314,0.938
10533,3.328,0.938
10534,3.328,0.938
10535,3.299,0.938
10536,3.289,0.938
10537,3.245,0.938
10538,3.221,0.938
10539,3.196,0.938
10540,3.206,0.938
10541,3.216,0.938
10542,3.211,0.943
10543,3.201,0.943
10544,3.187,0.943
10545,3.201,0.943
10546,3.304,0.943
10547,3.407,0.943
10548,3.475,0.943
10549,3.456,0.943
10550,3.412,0.943
10551,3.363,0.943
10552,3.030,0.943
10553,3.563,0.943
10554,3.636,0.943
10555,3.504,0.948
10556,3.363,0.948
10557,3.260,0.948
10558,3.231,0.948
10559,3.221,0.948
10560,3.231,0.948
10561,3.201,0.948
10562,3.196,0.948
10563,3.167,0.948
10564,3.182,0.948
10565,3.177,0.948
10566,3.167,0.953
10567,3.172,0.953
10568,3.270,0.953
10569,2.615,0.948
10570,4.076,0.953
10571,4.326,0.953
10572,3.964,0.953
10573,3.519,0.953
10574,3.231,0.953
10575,3.162,0.953
10576,3.187,0.953
10577,3.260,0.958
10578,3.304,0.958
10579,3.021,0.958
10580,3.539,0.958
10581,3.387,0.958
10582,3.558,0.958
10583,3.446,0.958
10584,3.275,0.958
10585,3.187,0.958
10586,3.148,0.958
10587,3.172,0.963
10588,3.157,0.963
10589,3.167,0.963
10590,3.211,0.963
10591,3.319,0.963
10592,3.392,0.963
10593,3.426,0.963
10594,3.412,0.963
10595,3.407,0.963
10596,3.363,0.963
10597,3.333,0.963
10598,3.294,0.968
10599,3.280,0.968
10600,3.275,0.968
10601,3.275,0.968
10602,3.260,0.968
10603,3.260,0.968
10604,3.240,0.968
10605,3.226,0.968
10606,2.908,0.968
10607,3.446,0.968
10608,3.500,0.968
10609,3.368,0.973
10610,3.177,0.973
10611,3.157,0.973
10612,3.138,0.973
10613,3.192,0.973
10614,3.294,0.973
10615,3.372,0.973
10616,3.407,0.973
10617,3.412,0.973
10618,3.382,0.973
10619,3.363,0.973
10620,3.328,0.973
10621,3.294,0.978
10622,3.280,0.978
10623,3.299,0.978
10624,3.294,0.978
10625,3.289,0.978
10626,3.255,0.978
10627,3.260,0.978
10628,3.236,0.978
10629,3.250,0.978
10630,2.664,0.978
10631,3.646,0.978
10632,3.763,0.978
10633,3.211,0.978
10634,3.524,0.978
10635,3.539,0.982
10636,3.470,0.982
10637,3.402,0.982
10638,3.372,0.982
10639,3.372,0.982
10640,3.343,0.982
10641,3.358,0.982
10642,3.328,0.982
10643,3.324,0.982
10644,3.084,0.982
10645,3.030,0.982
10646,3.778,0.982
10647,3.807,0.982
10648,3.553,0.987
10649,3.299,0.987
10650,3.157,0.987
10651,3.128,0.987
10652,3.162,0.987
10653,3.177,0.987
10654,3.221,0.987
10655,3.192,0.987
10656,3.187,0.987
10657,3.196,0.987
10658,3.304,0.987
10659,3.397,0.992
10660,3.182,0.987
10661,3.680,0.992
10662,3.724,0.992
10663,3.543,0.992
10664,3.377,0.992
10665,3.250,0.992
10666,3.255,0.992
10667,3.260,0.992
10668,3.280,0.992
10669,3.284,0.992
10670,3.255,0.992
10671,3.245,0.992
10672,3.240,0.992
10673,3.226,0.992
10674,3.221,0.992
10675,3.192,0.992
10676,3.206,0.997
10677,3.192,0.997
10678,3.177,0.997
10679,3.172,0.997
10680,3.206,0.997
10681,3.294,0.997
10682,3.397,0.997
10683,3.441,0.997
10684,3.426,0.997
10685,3.387,0.997
10686,3.363,0.997
10687,3.045,0.997
10688,3.563,0.997
10689,3.612,0.997
10690,3.504,0.997
10691,2.556,0.992
10692,3.881,0.992
10693,4.057,0.997
10694,3.739,0.997
10695,3.353,0.997
10696,3.143,0.997
10697,3.094,0.997
10698,3.157,0.997
10699,3.201,0.997
10700,3.211,0.997
10701,3.314,0.997
10702,3.412,0.997
10703,3.460,0.992
10704,3.460,0.992
10705,3.431,0.992
10706,3.421,0.992
10707,3.148,0.992
10708,3.065,0.992
10709,3.807,0.992
10710,3.851,0.992
10711,3.627,0.992
10712,3.377,0.992
10713,3.231,0.992
10714,2.928,0.992
10715,3.485,0.992
10716,3.578,0.992
10717,3.441,0.992
10718,3.275,0.987
10719,3.192,0.987
10720,3.162,0.987
10721,3.192,0.987
10722,3.196,0.987
10723,3.280,0.987
10724,3.387,0.987
10725,3.490,0.992
10726,3.500,0.987
10727,3.485,0.987
10728,3.441,0.992
10729,3.387,0.992
10730,3.363,0.987
10731,3.358,0.992
10732,3.368,0.987
10733,3.363,0.987
10734,3.333,0.992
10735,3.324,0.992
10736,3.299,0.992
10737,3.289,0.992
10738,3.255,0.992
10739,3.245,0.992
10740,3.236,0.992
10741,2.630,0.987
10742,4.247,0.987
10743,4.370,0.987
10744,3.866,0.992
10745,3.372,0.992
10746,3.221,0.992
10747,3.294,0.992
10748,3.402,0.992
10749,3.485,0.992
10750,2.933,0.992
10751,3.891,0.992
10752,3.978,0.992
10753,3.715,0.992
10754,3.436,0.992
10755,3.294,0.992
10756,3.255,0.997
10757,3.275,0.997
10758,3.284,0.997
10759,3.280,0.997
10760,3.319,0.997
10761,3.289,0.997
10762,3.245,0.997
10763,3.226,0.997
10764,3.216,0.997
10765,3.196,0.997
10766,3.226,0.997
10767,3.294,0.997
10768,2.879,0.997
10769,3.891,0.997
10770,4.076,1.002
10771,3.842,1.002
10772,3.548,1.002
10773,3.353,1.002
10774,3.260,1.002
10775,3.270,1.002
10776,3.314,1.002
10777,3.343,1.002
10778,3.343,1.002
10779,3.314,1.002
10780,3.275,1.007
10781,3.245,1.007
10782,3.226,1.007
10783,3.206,1.007
10784,3.221,1.007
10785,3.206,1.007
10786,3.182,1.007
10787,3.177,1.007
10788,3.167,1.007
10789,3.226,1.007
10790,3.363,1.007
10791,3.480,1.012
10792,3.519,1.012
10793,3.495,1.012
10794,3.456,1.012
10795,3.123,1.012
10796,3.631,1.012
10797,3.671,1.012
10798,3.509,1.012
10799,3.358,1.012
10800,3.294,1.012
10801,3.245,1.012
10802,3.245,1.012
10803,3.240,1.012
10804,3.231,1.017
10805,3.226,1.017
10806,3.216,1.017
10807,3.196,1.017
10808,3.192,1.017
10809,3.187,1.017
10810,3.187,1.017
10811,3.206,1.017
10812,2.537,1.017
10813,4.062,1.017
10814,4.335,1.017
10815,4.027,1.017
10816,3.583,1.017
10817,3.299,1.017
10818,3.152,1.022
10819,3.216,1.022
10820,3.260,1.022
10821,3.304,1.022
10822,3.055,1.022
10823,3.592,1.022
10824,3.612,1.022
10825,3.431,1.022
10826,3.250,1.022
10827,3.143,1.022
10828,3.123,1.022
10829,3.143,1.022
10830,3.177,1.022
10831,2.801,1.022
10832,2.586,1.022
10833,3.646,1.022
10834,3.910,1.026
10835,3.788,1.026
10836,3.534,1.026
10837,3.353,1.026
10838,3.289,1.026
10839,3.270,1.026
10840,3.260,1.026
10841,3.284,1.026
10842,3.284,1.026
10843,3.275,1.026
10844,3.265,1.026
10845,3.250,1.026
10846,3.221,1.026
10847,3.211,1.026
10848,3.143,1.031
10849,2.937,1.026
10850,3.495,1.031
10851,3.524,1.031
10852,3.343,1.031
10853,3.187,1.031
10854,3.201,1.031
10855,3.333,1.031
10856,3.426,1.031
10857,3.451,1.031
10858,3.412,1.031
10859,3.372,1.031
10860,3.324,1.031
10861,3.280,1.031
10862,3.270,1.031
10863,3.299,1.036
10864,3.284,1.036
10865,3.275,1.036
10866,3.250,1.036
10867,3.221,1.036
10868,3.211,1.036
10869,3.216,1.036
10870,3.196,1.036
10871,3.182,1.036
10872,2.625,1.036
10873,3.231,1.036
10874,3.847,1.036
10875,3.915,1.036
10876,3.456,1.036
10877,3.783,1.036
10878,3.729,1.036
10879,3.563,1.036
10880,3.387,1.036
10881,3.284,1.036
10882,3.280,1.041
10883,3.304,1.041
10884,3.324,1.041
10885,3.304,1.041
10886,3.319,1.041
10887,3.265,1.041
10888,3.240,1.041
10889,3.216,1.041
10890,3.231,1.041
10891,3.196,1.041
10892,3.192,1.041
10893,3.196,1.041
10894,2.962,1.041
10895,2.849,1.041
10896,3.925,1.041
10897,4.027,1.041
10898,3.744,1.041
10899,3.441,1.041
10900,3.245,1.046
10901,3.201,1.046
10902,3.226,1.046
10903,2.996,1.046
10904,3.568,1.041
10905,3.607,1.046
10906,3.426,1.046
10907,3.250,1.046
10908,3.148,1.046
10909,3.172,1.046
10910,3.201,1.046
10911,3.187,1.046
10912,3.216,1.046
10913,3.309,1.046
10914,3.397,1.046
10915,3.431,1.046
10916,3.441,1.046
10917,3.426,1.051
10918,3.421,1.046
10919,3.377,1.051
10920,3.338,1.051
10921,3.299,1.051
10922,3.270,1.051
10923,3.245,1.051
10924,3.231,1.051
10925,3.216,1.051
10926,3.236,1.051
10927,3.201,1.051
10928,3.187,1.051
10929,3.157,1.051
10930,2.884,1.051
10931,3.426,1.051
10932,3.514,1.051
10933,2.361,1.051
10934,3.587,1.051
10935,4.203,1.051
10936,4.042,1.051
10937,3.597,1.051
10938,3.284,1.051
10939,3.118,1.051
10940,3.118,1.051
10941,3.167,1.051
10942,3.201,1.051
10943,3.221,1.051
10944,3.216,1.051
10945,3.196,1.051
10946,3.187,1.051
10947,3.167,1.051
10948,3.138,1.051
10949,3.187,1.051
10950,3.172,1.051
10951,3.167,1.051
10952,3.187,1.051
10953,3.284,1.051
10954,3.372,1.051
10955,3.407,1.051
10956,3.387,1.051
10957,3.011,1.046
10958,2.708,1.046
10959,3.675,1.046
10960,3.783,1.041
10961,3.578,1.041
10962,3.314,1.041
10963,3.172,1.041
10964,3.123,1.041
10965,3.138,1.036
10966,3.148,1.036
10967,3.182,1.036
10968,3.148,1.036
10969,3.157,1.031
10970,3.138,1.031
10971,3.133,1.031
10972,3.157,1.031
10973,3.255,1.026
10974,3.343,1.026
10975,3.368,1.026
10976,3.363,1.026
10977,3.348,1.022
10978,3.324,1.022
10979,3.275,1.022
10980,3.221,1.022
10981,3.231,1.022
10982,3.231,1.017
10983,2.942,1.017
10984,3.475,1.017
10985,3.529,1.017
10986,3.377,1.012
10987,3.216,1.012
10988,3.113,1.012
10989,3.113,1.012
10990,3.104,1.012
10991,3.123,1.012
10992,3.162,1.012
10993,3.260,1.012
10994,2.805,1.007
10995,3.426,1.007
10996,3.900,1.007
10997,3.734,1.007
10998,3.495,1.007
10999,3.255,1.007
11000,3.143,1.007
11001,3.148,1.007
11002,3.192,1.007
11003,3.196,1.007
11004,3.177,1.007
11005,3.182,1.007
11006,3.167,1.007
11007,3.143,1.007
11008,3.138,1.007
11009,3.128,1.007
11010,2.820,1.007
11011,3.368,1.007
11012,3.460,1.007
11013,3.402,1.007
11014,3.333,1.007
11015,3.299,1.007
11016,3.284,1.007
11017,3.304,1.007
11018,3.275,1.007
11019,3.250,1.007
11020,2.869,1.007
11021,2.649,1.007
11022,3.641,1.007
11023,3.759,1.007
11024,3.543,1.007
11025,3.275,1.012
11026,3.123,1.012
11027,3.021,1.012
11028,3.099,1.012
11029,3.143,1.012
11030,3.182,1.012
11031,3.167,1.012
11032,3.152,1.012
11033,3.157,1.012
11034,3.216,1.017
11035,3.289,1.017
11036,3.353,1.017
11037,3.045,1.017
11038,3.597,1.017
11039,3.636,1.017
11040,3.460,1.017
11041,3.284,1.017
11042,3.187,1.017
11043,3.172,1.022
11044,3.221,1.022
11045,3.236,1.022
11046,3.236,1.022
11047,3.196,1.022
11048,3.192,1.022
11049,3.182,1.022
11050,3.167,1.022
11051,3.157,1.026
11052,3.182,1.026
11053,3.148,1.026
11054,3.152,1.026
11055,3.216,1.026
11056,2.590,1.026
11057,3.969,1.026
11058,4.223,1.026
11059,3.891,1.026
11060,3.460,1.031
11061,3.206,1.031
11062,3.143,1.031
11063,3.162,1.031
11064,2.981,1.031
11065,3.539,1.031
11066,3.612,1.031
11067,3.441,1.031
11068,3.289,1.031
11069,3.177,1.036
11070,3.167,1.036
11071,3.162,1.036
11072,3.201,1.036
11073,3.192,1.036
11074,3.187,1.036
11075,3.172,1.036
11076,3.231,1.036
11077,3.324,1.036
11078,3.397,1.036
11079,3.421,1.036
11080,3.421,1.041
11081,3.372,1.041
11082,3.333,1.041
11083,2.952,1.041
11084,2.752,1.041
11085,3.729,1.041
11086,3.866,1.041
11087,3.641,1.041
11088,3.382,1.041
11089,3.231,1.041
11090,3.187,1.041
11091,2.913,1.041
11092,3.465,1.041
11093,3.548,1.046
11094,3.402,1.046
11095,3.245,1.046
11096,3.148,1.046
11097,3.182,1.046
11098,3.299,1.046
11099,3.436,1.046
11100,3.470,1.046
11101,3.460,1.046
11102,3.416,1.051
11103,3.372,1.051
11104,3.333,1.051
11105,3.314,1.051
11106,3.314,1.051
11107,3.333,1.051
11108,3.314,1.051
11109,3.309,1.051
11110,3.280,1.051
11111,3.275,1.051
11112,3.260,1.051
11113,3.245,1.051
11114,3.236,1.051
11115,3.255,1.051
11116,2.674,1.051
11117,3.236,1.051
11118,3.563,1.051
11119,4.130,1.051
11120,4.027,1.051
11121,3.719,1.056
11122,3.456,1.056
11123,3.343,1.056
11124,3.309,1.056
11125,3.319,1.056
11126,3.324,1.056
11127,3.343,1.056
11128,3.333,1.056
11129,3.314,1.056
11130,3.280,1.056
11131,3.265,1.061
11132,3.250,1.061
11133,3.245,1.061
11134,3.236,1.061
11135,3.226,1.061
11136,3.201,1.061
11137,3.167,1.061
11138,3.206,1.061
11139,3.343,1.061
11140,3.456,1.061
11141,3.495,1.061
11142,3.465,1.061
11143,3.436,1.061
11144,3.368,1.061
11145,3.030,1.061
11146,3.353,1.061
11147,3.358,1.061
11148,3.998,1.061
11149,3.871,1.061
11150,3.539,1.065
11151,3.250,1.065
11152,3.128,1.065
11153,3.104,1.065
11154,3.143,1.065
11155,3.167,1.065
11156,3.187,1.065
11157,3.172,1.065
11158,3.192,1.065
11159,3.289,1.065
11160,3.392,1.065
11161,3.436,1.065
11162,3.441,1.065
11163,3.402,1.070
11164,3.338,1.070
11165,3.284,1.070
11166,3.260,1.070
11167,3.270,1.070
11168,3.260,1.070
11169,3.265,1.070
11170,3.275,1.070
11171,3.250,1.070
11172,2.947,1.070
11173,3.470,1.070
11174,3.534,1.070
11175,3.377,1.070
11176,3.182,1.070
11177,2.043,1.070
11178,3.485,1.070
11179,4.247,1.070
11180,4.135,1.070
11181,3.715,1.070
11182,3.363,1.070
11183,3.182,1.075
11184,3.157,1.075
11185,3.201,1.075
11186,3.260,1.075
11187,3.284,1.075
11188,3.284,1.075
11189,3.240,1.075
11190,3.221,1.075
11191,3.182,1.075
11192,3.177,1.075
11193,3.162,1.075
11194,3.167,1.075
11195,3.201,1.075
11196,3.314,1.075
11197,3.402,1.075
11198,3.475,1.075
11199,3.152,1.075
11200,3.680,1.075
11201,3.695,1.075
11202,3.524,1.080
11203,3.348,1.080
11204,3.260,1.080
11205,3.245,1.080
11206,3.216,1.080
11207,3.255,1.080
11208,3.255,1.080
11209,3.001,1.080
11210,2.928,1.080
11211,3.680,1.080
11212,3.719,1.080
11213,3.495,1.080
11214,3.338,1.080
11215,3.333,1.080
11216,3.382,1.080
11217,3.426,1.080
11218,3.446,1.080
11219,3.441,1.085
11220,3.372,1.080
11221,3.314,1.085
11222,3.299,1.085
11223,3.294,1.085
11224,3.299,1.085
11225,3.309,1.085
11226,2.986,1.085
11227,3.534,1.085
11228,3.578,1.085
11229,3.421,1.085
11230,3.245,1.085
11231,3.148,1.085
11232,3.118,1.085
11233,3.148,1.085
11234,3.226,1.085
11235,3.343,1.085
11236,3.387,1.085
11237,3.470,1.085
11238,2.845,1.085
11239,3.861,1.080
11240,3.944,1.080
11241,3.690,1.085
11242,3.382,1.080
11243,3.196,1.080
11244,3.177,1.080
11245,3.192,1.080
11246,3.211,1.080
11247,3.216,1.080
11248,3.226,1.080
11249,3.196,1.075
11250,3.172,1.075
11251,3.148,1.075
11252,3.118,1.075
11253,2.840,1.070
11254,3.436,1.070
11255,3.597,1.070
11256,3.534,1.070
11257,3.421,1.065
11258,3.324,1.065
11259,3.284,1.065
11260,3.255,1.065
11261,3.240,1.061
11262,3.211,1.061
11263,3.216,1.061
11264,3.206,1.061
11265,3.206,1.056
11266,3.182,1.056
11267,3.192,1.056
11268,3.162,1.056
11269,3.133,1.056
11270,3.113,1.051
11271,3.118,1.051
11272,2.874,1.051
11273,2.805,1.046
11274,3.685,1.046
11275,3.842,1.046
11276,3.666,1.046
11277,3.421,1.046
11278,3.245,1.046
11279,3.187,1.046
11280,2.913,1.041
11281,3.490,1.041
11282,3.553,1.041
11283,3.382,1.041
11284,3.216,1.041
11285,3.113,1.041
11286,3.084,1.041
11287,3.084,1.041
11288,3.118,1.041
11289,3.123,1.041
11290,3.123,1.041
11291,3.089,1.041
11292,3.099,1.041
11293,3.089,1.041
11294,3.157,1.041
11295,3.240,1.041
11296,3.284,1.041
11297,3.333,1.041
11298,3.309,1.041
11299,2.146,1.036
11300,3.387,1.036
11301,4.018,1.036
11302,3.847,1.041
11303,3.421,1.041
11304,3.148,1.041
11305,3.050,1.041
11306,3.025,1.041
11307,2.791,1.041
11308,3.387,1.041
11309,3.470,1.041
11310,3.309,1.041
11311,3.118,1.041
11312,3.035,1.041
11313,3.001,1.041
11314,3.025,1.041
11315,3.089,1.041
11316,3.192,1.046
11317,3.240,1.046
11318,3.245,1.046
11319,3.231,1.046
11320,3.226,1.046
11321,3.201,1.046
11322,3.172,1.046
11323,3.143,1.046
11324,3.138,1.046
11325,3.109,1.051
11326,3.143,1.051
11327,3.143,1.051
11328,3.133,1.051
11329,3.118,1.051
11330,3.099,1.051
11331,3.089,1.051
11332,3.099,1.051
11333,3.084,1.051
11334,2.507,1.051
11335,2.810,1.051
11336,3.822,1.051
11337,3.861,1.051
11338,3.568,1.051
11339,3.255,1.051
11340,3.128,1.051
11341,3.109,1.056
11342,3.123,1.056
11343,3.143,1.056
11344,3.162,1.056
11345,3.152,1.056
11346,3.148,1.056
11347,3.148,1.056
11348,3.143,1.056
11349,3.123,1.056
11350,3.109,1.056
11351,3.109,1.056
11352,3.109,1.056
11353,3.123,1.061
11354,3.104,1.061
11355,3.040,1.061
11356,3.099,1.061
11357,3.113,1.061
11358,3.143,1.061
11359,3.211,1.061
11360,2.713,1.061
11361,3.495,1.056
11362,3.993,1.056
11363,3.881,1.061
11364,3.539,1.061
11365,3.284,1.061
11366,3.192,1.061
11367,3.216,1.061
11368,3.255,1.061
11369,3.284,1.061
11370,3.289,1.061
11371,3.294,1.061
11372,3.289,1.061
11373,3.280,1.061
11374,3.255,1.061
11375,3.250,1.061
11376,3.255,1.061
11377,3.245,1.061
11378,3.260,1.065
11379,3.319,1.065
11380,3.377,1.065
11381,3.402,1.065
11382,3.397,1.065
11383,3.402,1.065
11384,3.363,1.065
11385,3.304,1.065
11386,3.324,1.065
11387,3.343,1.065
11388,3.162,1.065
11389,3.656,1.065
11390,3.651,1.065
11391,3.480,1.065
11392,3.299,1.065
11393,3.221,1.065
11394,3.211,1.065
11395,3.240,1.070
11396,3.255,1.070
11397,2.913,1.065
11398,3.358,1.070
11399,3.519,1.070
11400,3.534,1.070
11401,3.490,1.070
11402,3.431,1.070
11403,3.412,1.070
11404,3.397,1.070
11405,3.387,1.070
11406,3.358,1.070
11407,3.372,1.070
11408,3.372,1.070
11409,3.363,1.070
11410,3.358,1.070
11411,3.353,1.070
11412,3.333,1.070
11413,3.314,1.070
11414,3.304,1.070
11415,3.035,1.065
11416,3.587,1.065
11417,3.617,1.065
11418,3.485,1.065
11419,3.402,1.065
11420,3.392,1.065
11421,2.424,1.065
11422,3.680,1.065
11423,4.257,1.065
11424,4.066,1.065
11425,3.656,1.065
11426,3.368,1.061
11427,3.265,1.061
11428,3.284,1.061
11429,3.348,1.061
11430,3.368,1.061
11431,3.377,1.061
11432,3.372,1.061
11433,3.358,1.061
11434,3.358,1.061
11435,3.348,1.061
11436,3.319,1.061
11437,3.324,1.061
11438,3.397,1.061
11439,3.470,1.056
11440,3.504,1.056
11441,3.500,1.056
11442,3.265,1.056
11443,3.744,1.056
11444,3.749,1.056
11445,3.548,1.056
11446,3.431,1.056
11447,3.363,1.056
11448,3.343,1.056
11449,3.348,1.056
11450,3.343,1.056
11451,3.328,1.056
11452,3.314,1.056
11453,3.289,1.056
11454,3.333,1.056
11455,3.372,1.056
11456,3.490,1.056
11457,3.568,1.056
11458,3.592,1.056
11459,3.558,1.056
11460,3.167,1.056
11461,1.217,1.031
11462,4.409,1.026
11463,4.409,1.026
11464,4.409,1.026
11465,4.409,1.026
11466,4.413,1.026
11467,4.413,1.031
11468,4.413,1.036
11469,4.413,1.041
11470,4.413,1.046
11471,4.413,1.046
11472,3.773,1.051
11473,3.099,1.051
11474,2.977,1.051
11475,3.216,1.051
11476,3.485,1.051
11477,3.661,1.051
11478,3.705,1.051
11479,3.695,1.051
11480,2.991,1.046
11481,3.930,1.046
11482,4.003,1.046
11483,3.763,1.046
11484,3.500,1.046
11485,3.397,1.046
11486,3.402,1.046
11487,3.451,1.046
11488,3.436,1.041
11489,3.504,1.041
11490,3.480,1.041
11491,3.441,1.041
11492,3.451,1.041
11493,3.573,1.041
11494,3.685,1.041
11495,3.382,1.036
11496,3.920,1.036
11497,3.974,1.036
11498,3.768,1.036
11499,3.519,1.036
11500,3.372,1.036
11501,3.368,1.031
11502,3.397,1.031
11503,3.431,1.031
11504,3.446,1.031
11505,3.421,1.031
11506,3.368,1.031
11507,3.328,1.031
11508,3.289,1.031
11509,3.314,1.031
11510,3.377,1.031
11511,3.519,1.031
11512,3.602,1.026
11513,3.627,1.031
11514,3.597,1.026
11515,3.563,1.026
11516,3.485,1.026
11517,3.412,1.026
11518,3.309,1.026
11519,3.368,1.026
11520,3.377,1.026
11521,3.377,1.026
11522,3.001,1.026
11523,3.187,1.026
11524,2.991,1.026
11525,3.905,1.026
11526,3.915,1.026
11527,3.622,1.026
11528,3.465,1.026
11529,3.456,1.026
11530,3.524,1.031
11531,3.563,1.031
11532,3.573,1.031
11533,3.583,1.031
11534,3.495,1.031
11535,3.412,1.031
11536,3.377,1.031
11537,3.368,1.031
11538,3.358,1.031
11539,3.333,1.031
11540,3.319,1.031
11541,2.087,1.031
11542,3.421,1.031
11543,4.101,1.031
11544,3.964,1.031
11545,3.563,1.036
11546,3.382,1.036
11547,3.387,1.036
11548,3.426,1.036
11549,3.162,1.036
11550,3.803,1.036
11551,3.871,1.036
11552,3.675,1.036
11553,3.402,1.036
11554,3.275,1.036
11555,3.250,1.036
11556,3.275,1.036
11557,3.260,1.036
11558,3.250,1.036
11559,3.216,1.036
11560,3.216,1.036
11561,3.196,1.036
11562,3.177,1.036
11563,3.138,1.036
11564,3.138,1.036
11565,3.138,1.036
11566,3.206,1.036
11567,3.343,1.036
11568,3.446,1.036
11569,3.470,1.036
11570,3.460,1.036
11571,3.421,1.036
11572,3.392,1.036
11573,3.328,1.036
11574,3.294,1.036
11575,3.265,1.036
11576,2.933,1.036
11577,3.539,1.036
11578,3.602,1.036
11579,3.446,1.036
11580,3.270,1.036
11581,3.148,1.036
11582,3.123,1.036
11583,3.148,1.036
11584,3.172,1.036
11585,3.148,1.036
11586,2.771,1.036
11587,2.605,1.036
11588,3.788,1.036
11589,4.013,1.036
11590,3.798,1.036
11591,3.465,1.036
11592,3.255,1.036
11593,3.167,1.036
11594,3.152,1.036
11595,3.172,1.036
11596,3.236,1.036
11597,3.226,1.036
11598,3.192,1.041
11599,3.152,1.041
11600,3.113,1.041
11601,3.109,1.041
11602,2.444,1.036
11603,3.255,1.036
11604,3.949,1.041
11605,3.827,1.041
11606,3.441,1.041
11607,3.162,1.041
11608,3.133,1.041
11609,3.187,1.041
11610,3.211,1.041
11611,3.236,1.041
11612,3.206,1.046
11613,3.162,1.046
11614,3.133,1.046
11615,3.143,1.046
11616,3.133,1.046
11617,3.138,1.046
11618,3.133,1.046
11619,3.109,1.046
11620,3.089,1.046
11621,3.094,1.051
11622,3.065,1.051
11623,3.074,1.051
11624,3.065,1.051
11625,3.084,1.051
11626,3.099,1.051
11627,3.192,1.051
11628,3.226,1.051
11629,3.231,1.051
11630,2.903,1.051
11631,3.456,1.051
11632,3.509,1.056
11633,3.358,1.056
11634,3.187,1.056
11635,3.099,1.056
11636,3.079,1.056
11637,3.060,1.056
11638,3.099,1.056
11639,3.128,1.056
11640,3.109,1.061
11641,3.104,1.061
11642,3.084,1.061
11643,3.094,1.061
11644,3.079,1.061
11645,3.104,1.061
11646,3.152,1.061
11647,3.201,1.065
11648,3.211,1.065
11649,2.840,1.065
11650,2.571,1.065
11651,3.563,1.065
11652,3.695,1.065
11653,3.485,1.065
11654,3.216,1.065
11655,3.089,1.065
11656,3.060,1.065
11657,2.796,1.065
11658,3.372,1.070
11659,3.490,1.070
11660,3.338,1.070
11661,3.157,1.070
11662,3.069,1.070
11663,2.199,1.070
11664,3.622,1.070
11665,3.925,1.070
11666,3.705,1.070
11667,3.343,1.070
11668,3.182,1.075
11669,3.113,1.075
11670,3.143,1.075
11671,3.157,1.075
11672,3.182,1.075
11673,3.177,1.075
11674,3.196,1.075
11675,3.187,1.075
11676,3.172,1.075
11677,3.162,1.080
11678,3.172,1.080
11679,3.148,1.080
11680,3.152,1.080
11681,3.148,1.080
11682,3.143,1.080
11683,3.123,1.080
11684,2.849,1.080
11685,3.387,1.080
11686,3.509,1.080
11687,3.426,1.080
11688,3.319,1.080
11689,3.226,1.080
11690,3.245,1.085
11691,3.260,1.085
11692,3.255,1.085
11693,3.240,1.085
11694,3.221,1.085
11695,3.221,1.085
11696,3.231,1.085
11697,3.196,1.085
11698,3.236,1.085
11699,3.245,1.085
11700,3.231,1.085
11701,3.231,1.085
11702,3.211,1.085
11703,3.192,1.090
11704,3.187,1.090
11705,3.187,1.090
11706,3.226,1.090
11707,3.284,1.090
11708,3.343,1.090
11709,3.372,1.090
11710,3.382,1.090
11711,3.123,1.090
11712,3.431,1.090
11713,3.377,1.090
11714,3.959,1.090
11715,3.866,1.090
11716,3.568,1.090
11717,3.338,1.090
11718,3.226,1.095
11719,3.206,1.095
11720,3.231,1.095
11721,3.270,1.095
11722,3.294,1.095
11723,2.722,1.095
11724,3.284,1.095
11725,3.773,1.095
11726,3.675,1.095
11727,3.460,1.095
11728,3.372,1.095
11729,3.397,1.095
11730,3.446,1.095
11731,3.470,1.095
11732,3.465,1.100
11733,3.460,1.100
11734,3.421,1.100
11735,3.387,1.100
11736,3.382,1.100
11737,3.377,1.100
11738,3.118,1.100
11739,3.651,1.100
11740,3.695,1.100
11741,3.543,1.100
11742,3.343,1.100
11743,3.245,1.100
11744,3.216,1.100
11745,3.245,1.100
11746,3.250,1.100
11747,3.255,1.105
11748,3.289,1.105
11749,3.397,1.105
11750,3.509,1.105
11751,3.583,1.105
11752,3.563,1.105
11753,3.543,1.105
11754,3.509,1.105
11755,3.456,1.105
11756,3.407,1.105
11757,3.358,1.105
11758,3.392,1.105
11759,3.407,1.105
11760,3.387,1.105
11761,3.358,1.105
11762,3.338,1.105
11763,3.309,1.105
11764,3.304,1.105
11765,3.011,1.105
11766,3.548,1.105
11767,3.597,1.105
11768,3.421,1.109
11769,3.284,1.109
11770,3.289,1.109
11771,3.416,1.109
11772,3.519,1.109
11773,3.553,1.109
11774,3.539,1.109
11775,3.265,1.109
11776,3.133,1.109
11777,3.900,1.109
11778,3.920,1.109
11779,3.685,1.109
11780,3.431,1.109
11781,3.289,1.109
11782,3.240,1.109
11783,3.255,1.114
11784,3.280,1.114
11785,2.458,1.109
11786,3.827,1.109
11787,4.106,1.109
11788,3.788,1.109
11789,3.372,1.114
11790,3.201,1.114
11791,3.294,1.114
11792,3.172,1.114
11793,3.822,1.114
11794,3.876,1.114
11795,3.715,1.114
11796,3.456,1.114
11797,3.319,1.114
11798,3.270,1.114
11799,3.299,1.114
11800,3.333,1.114
11801,3.328,1.114
11802,3.314,1.119
11803,3.280,1.119
11804,3.250,1.119
11805,3.240,1.119
11806,3.216,1.119
11807,3.221,1.119
11808,3.216,1.119
11809,3.196,1.119
11810,3.206,1.119
11811,3.289,1.119
11812,3.416,1.119
11813,3.509,1.119
11814,3.504,1.119
11815,3.451,1.119
11816,3.402,1.124
11817,3.377,1.119
11818,3.343,1.119
11819,3.035,1.119
11820,3.612,1.119
11821,3.666,1.119
11822,3.495,1.124
11823,3.299,1.124
11824,3.196,1.124
11825,3.177,1.124
11826,3.177,1.124
11827,3.182,1.124
11828,3.196,1.124
11829,3.187,1.124
11830,3.182,1.124
11831,3.226,1.124
11832,3.353,1.124
11833,3.436,1.124
11834,3.456,1.124
11835,3.426,1.124
11836,3.377,1.124
11837,3.328,1.124
11838,3.045,1.124
11839,2.937,1.124
11840,3.763,1.124
11841,3.827,1.124
11842,3.573,1.124
11843,3.299,1.124
11844,3.167,1.129
11845,2.537,1.124
11846,3.050,1.124
11847,4.042,1.124
11848,4.008,1.124
11849,3.578,1.129
11850,3.187,1.129
11851,3.079,1.129
11852,3.192,1.129
11853,3.324,1.129
11854,3.407,1.129
11855,3.426,1.129
11856,3.387,1.129
11857,3.348,1.129
11858,3.289,1.129
11859,3.255,1.129
11860,3.231,1.129
11861,3.231,1.129
11862,3.221,1.129
11863,3.236,1.134
11864,3.206,1.134
11865,3.187,1.134
11866,3.162,1.134
11867,3.162,1.134
11868,3.157,1.134
11869,3.128,1.134
11870,3.138,1.134
11871,3.128,1.134
11872,3.177,1.134
11873,3.021,1.134
11874,3.651,1.134
11875,3.729,1.134
11876,3.500,1.134
11877,3.328,1.134
11878,3.206,1.134
11879,3.167,1.134
11880,3.182,1.134
11881,3.206,1.134
11882,3.211,1.134
11883,3.192,1.134
11884,3.177,1.139
11885,3.162,1.139
11886,3.157,1.139
11887,3.133,1.139
11888,3.138,1.139
11889,3.128,1.139
11890,3.118,1.139
11891,3.113,1.139
11892,3.143,1.139
11893,3.196,1.139
11894,3.260,1.139
11895,3.304,1.139
11896,3.304,1.139
11897,3.270,1.139
11898,3.231,1.139
11899,3.192,1.139
11900,2.561,1.139
11901,2.893,1.139
11902,3.935,1.139
11903,3.930,1.139
11904,3.543,1.139
11905,3.192,1.139
11906,1.862,1.139
11907,3.182,1.139
11908,3.905,1.139
11909,3.798,1.139
11910,3.436,1.139
11911,3.162,1.144
11912,3.089,1.144
11913,3.167,1.144
11914,3.245,1.144
11915,3.289,1.144
11916,3.270,1.144
11917,3.250,1.144
11918,3.211,1.144
11919,3.206,1.144
11920,3.177,1.144
11921,3.192,1.144
11922,3.177,1.144
11923,3.167,1.144
11924,3.143,1.144
11925,3.152,1.144
11926,3.128,1.144
11927,2.879,1.144
11928,3.412,1.144
11929,3.465,1.144
11930,3.304,1.144
11931,3.148,1.149
11932,3.113,1.149
11933,3.162,1.149
11934,3.245,1.149
11935,3.284,1.149
11936,3.265,1.149
11937,3.275,1.149
11938,3.260,1.149
11939,3.216,1.149
11940,3.177,1.149
11941,3.177,1.149
11942,3.172,1.149
11943,3.245,1.149
11944,3.226,1.149
11945,3.192,1.149
11946,3.152,1.149
11947,3.148,1.149
11948,3.143,1.149
11949,3.148,1.149
11950,3.133,1.149
11951,3.152,1.149
11952,3.148,1.153
11953,3.177,1.153
11954,3.011,1.149
11955,3.597,1.149
11956,3.651,1.153
11957,3.470,1.153
11958,3.289,1.153
11959,3.196,1.153
11960,3.172,1.153
11961,3.177,1.153
11962,3.196,1.153
11963,2.849,1.153
11964,2.654,1.153
11965,3.612,1.153
11966,3.744,1.153
11967,2.898,1.153
11968,3.666,1.153
11969,3.675,1.153
11970,3.446,1.153
11971,3.196,1.153
11972,3.079,1.153
11973,3.079,1.153
11974,3.177,1.153
11975,3.250,1.153
11976,3.294,1.153
11977,3.304,1.158
11978,3.284,1.158
11979,3.240,1.158
11980,3.221,1.158
11981,3.221,1.158
11982,3.240,1.158
11983,3.240,1.158
11984,3.216,1.158
11985,3.196,1.158
11986,3.187,1.158
11987,3.172,1.158
11988,3.157,1.158
11989,3.152,1.158
11990,3.177,1.153
11991,3.152,1.158
11992,3.157,1.158
11993,3.138,1.153
11994,3.157,1.153
11995,3.187,1.153
11996,3.260,1.153
11997,3.324,1.153
11998,3.348,1.153
11999,3.333,1.153
12000,3.299,1.153
12001,3.275,1.153
12002,3.250,1.153
12003,3.245,1.153
12004,3.250,1.153
12005,3.255,1.153
12006,3.275,1.153
12007,2.952,1.153
12008,3.465,1.153
12009,3.519,1.153
12010,3.397,1.153
12011,3.245,1.153
12012,3.167,1.153
12013,3.143,1.153
12014,3.187,1.153
12015,3.177,1.153
12016,3.206,1.153
12017,3.275,1.153
12018,3.377,1.153
12019,3.407,1.153
12020,3.397,1.153
12021,3.382,1.153
12022,3.392,1.153
12023,3.353,1.153
12024,3.328,1.153
12025,3.304,1.153
12026,3.314,1.153
12027,3.118,1.153
12028,3.065,1.153
12029,3.192,1.149
12030,4.404,1.149
12031,4.365,1.153
12032,3.812,1.153
12033,3.324,1.153
12034,2.786,1.153
12035,3.324,1.153
12036,3.475,1.153
12037,3.451,1.153
12038,3.402,1.153
12039,3.426,1.153
12040,3.431,1.153
12041,3.446,1.158
12042,3.431,1.158
12043,3.431,1.158
12044,3.377,1.158
12045,3.382,1.158
12046,3.348,1.158
12047,3.348,1.158
12048,3.348,1.158
12049,3.358,1.158
12050,3.324,1.158
12051,3.289,1.158
12052,3.275,1.158
12053,3.299,1.158
12054,3.275,1.158
12055,3.216,1.158
12056,3.260,1.158
12057,3.270,1.158
12058,3.250,1.158
12059,3.304,1.158
12060,3.402,1.158
12061,3.206,1.158
12062,3.763,1.158
12063,3.832,1.158
12064,3.671,1.163
12065,3.470,1.163
12066,3.324,1.163
12067,3.294,1.163
12068,3.314,1.163
12069,3.363,1.163
12070,3.368,1.163
12071,3.353,1.163
12072,3.314,1.163
12073,3.294,1.163
12074,3.265,1.163
12075,3.270,1.163
12076,3.250,1.163
12077,3.260,1.163
12078,3.240,1.163
12079,3.240,1.163
12080,3.309,1.168
12081,3.431,1.168
12082,3.500,1.168
12083,3.509,1.168
12084,3.490,1.168
12085,3.465,1.168
12086,3.412,1.168
12087,3.377,1.168
12088,3.040,1.168
12089,2.859,1.163
12090,3.270,1.163
12091,4.404,1.163
12092,4.335,1.168
12093,3.832,1.168
12094,3.353,1.168
12095,3.138,1.168
12096,3.123,1.168
12097,3.157,1.168
12098,3.206,1.168
12099,3.299,1.168
12100,3.407,1.168
12101,3.500,1.173
12102,3.524,1.173
12103,3.504,1.173
12104,3.465,1.173
12105,3.416,1.173
12106,3.372,1.173
12107,3.353,1.173
12108,3.353,1.173
12109,3.372,1.173
12110,3.348,1.173
12111,3.319,1.173
12112,3.289,1.173
12113,3.270,1.173
12114,3.255,1.173
12115,2.908,1.173
12116,3.529,1.173
12117,3.597,1.173
12118,3.495,1.173
12119,3.412,1.173
12120,3.412,1.173
12121,3.441,1.178
12122,3.436,1.178
12123,3.416,1.178
12124,3.397,1.178
12125,3.348,1.178
12126,3.333,1.178
12127,3.338,1.178
12128,3.328,1.178
12129,3.304,1.178
12130,3.294,1.178
12131,3.270,1.178
12132,3.280,1.178
12133,3.270,1.178
12134,3.240,1.178
12135,3.211,1.178
12136,3.206,1.178
12137,3.255,1.178
12138,3.358,1.178
12139,3.436,1.178
12140,3.475,1.178
12141,3.451,1.178
12142,3.069,1.178
12143,3.607,1.178
12144,3.656,1.178
12145,3.460,1.183
12146,3.348,1.183
12147,3.255,1.183
12148,3.255,1.183
12149,3.250,1.183
12150,3.236,1.183
12151,2.063,1.178
12152,3.055,1.178
12153,3.426,1.178
12154,4.233,1.178
12155,4.076,1.178
12156,3.710,1.183
12157,3.392,1.183
12158,3.260,1.183
12159,3.250,1.183
12160,3.280,1.183
12161,3.260,1.183
12162,3.284,1.183
12163,3.265,1.183
12164,3.265,1.183
12165,3.260,1.183
12166,3.240,1.183
12167,3.206,1.188
12168,3.192,1.188
12169,2.879,1.183
12170,3.446,1.183
12171,3.524,1.188
12172,3.412,1.188
12173,3.309,1.188
12174,3.294,1.188
12175,3.309,1.188
12176,3.338,1.188
12177,3.363,1.188
12178,3.304,1.188
12179,3.255,1.188
12180,3.240,1.188
12181,3.240,1.188
12182,3.245,1.188
12183,3.245,1.188
12184,3.231,1.188
12185,3.192,1.188
12186,3.172,1.188
12187,3.182,1.188
12188,3.182,1.188
12189,3.196,1.188
12190,3.240,1.188
12191,3.309,1.188
12192,3.338,1.188
12193,3.348,1.188
12194,3.328,1.188
12195,3.309,1.188
12196,2.977,1.188
12197,3.534,1.188
12198,3.578,1.188
12199,3.436,1.188
12200,3.280,1.188
12201,3.172,1.188
12202,3.157,1.188
12203,3.157,1.188
12204,3.172,1.188
12205,3.143,1.188
12206,3.148,1.183
12207,3.143,1.183
12208,3.138,1.183
12209,3.192,1.183
12210,3.289,1.178
12211,3.382,1.178
12212,2.752,1.173
12213,3.778,1.173
12214,3.895,1.168
12215,3.226,1.168
12216,2.630,1.163
12217,3.548,1.163
12218,3.695,1.163
12219,3.529,1.158
12220,3.280,1.158
12221,3.113,1.153
12222,3.055,1.153
12223,2.771,1.149
12224,3.324,1.149
12225,3.490,1.144
12226,3.421,1.144
12227,3.309,1.139
12228,3.216,1.139
12229,3.172,1.134
12230,3.192,1.134
12231,3.275,1.129
12232,3.353,1.129
12233,3.397,1.124
12234,3.348,1.124
12235,3.377,1.119
12236,3.358,1.119
12237,3.319,1.114
12238,3.284,1.114
12239,3.289,1.109
12240,3.280,1.109
12241,3.289,1.109
12242,3.265,1.105
12243,3.280,1.105
12244,3.265,1.100
12245,3.245,1.100
12246,3.226,1.100
12247,3.231,1.095
12248,3.211,1.095
12249,3.196,1.090
12250,2.933,1.090
12251,3.504,1.090
12252,3.543,1.085
12253,3.412,1.085
12254,3.309,1.085
12255,3.250,1.085
12256,3.240,1.080
12257,3.240,1.080
12258,3.236,1.080
12259,3.226,1.080
12260,3.206,1.075
12261,3.201,1.075
12262,3.201,1.075
12263,3.201,1.075
12264,3.201,1.070
12265,3.182,1.070
12266,3.187,1.070
12267,3.192,1.070
12268,3.172,1.070
12269,3.157,1.070
12270,3.143,1.065
12271,3.133,1.065
12272,3.128,1.065
12273,2.063,1.065
12274,3.377,1.061
12275,4.066,1.061
12276,3.949,1.061
12277,3.240,1.061
12278,3.294,1.061
12279,3.578,1.061
12280,3.490,1.061
12281,3.324,1.061
12282,3.216,1.056
12283,3.192,1.056
12284,3.182,1.056
12285,3.182,1.056
12286,3.192,1.056
12287,3.201,1.056
12288,3.182,1.056
12289,3.172,1.056
12290,3.177,1.051
12291,3.196,1.051
12292,3.182,1.051
12293,3.172,1.051
12294,3.128,1.051
12295,3.216,1.051
12296,3.304,1.051
12297,3.328,1.051
12298,3.324,1.051
12299,3.275,1.051
12300,3.255,1.051
12301,3.236,1.051
12302,3.221,1.051
12303,3.221,1.046
12304,3.001,1.046
12305,3.504,1.046
12306,3.587,1.046
12307,3.436,1.046
12308,3.270,1.046
12309,3.162,1.041
12310,3.152,1.041
12311,3.167,1.041
12312,3.192,1.041
12313,3.201,1.036
12314,3.231,1.036
12315,3.250,1.036
12316,3.299,1.036
12317,3.338,1.031
12318,3.353,1.031
12319,3.343,1.031
12320,3.319,1.031
12321,3.284,1.026
12322,3.284,1.026
12323,3.275,1.026
12324,3.255,1.026
12325,3.270,1.022
12326,3.309,1.022
12327,3.289,1.022
12328,3.275,1.017
12329,3.250,1.017
12330,3.255,1.017
12331,3.016,1.017
12332,3.509,1.012
12333,3.563,1.012
12334,2.884,1.012
12335,3.724,1.012
12336,3.871,1.012
12337,3.710,1.012
12338,3.509,1.012
12339,3.377,1.007
12340,3.324,1.007
12341,3.138,1.007
12342,3.104,1.007
12343,3.842,1.007
12344,3.881,1.007
12345,3.646,1.007
12346,3.402,1.007
12347,3.275,1.007
12348,3.245,1.007
12349,3.284,1.007
12350,3.289,1.007
12351,3.304,1.007
12352,3.280,1.007
12353,3.299,1.007
12354,3.260,1.007
12355,3.363,1.007
12356,3.456,1.007
12357,3.519,1.007
12358,3.314,1.007
12359,3.778,1.007
12360,3.788,1.007
12361,3.612,1.007
12362,3.441,1.007
12363,3.353,1.012
12364,3.353,1.012
12365,3.368,1.012
12366,3.372,1.012
12367,3.377,1.012
12368,3.353,1.012
12369,3.377,1.012
12370,3.358,1.012
12371,3.328,1.017
12372,3.304,1.017
12373,3.299,1.017
12374,3.314,1.017
12375,3.407,1.017
12376,3.509,1.017
12377,3.592,1.022
12378,3.587,1.022
12379,3.553,1.022
12380,3.514,1.022
12381,3.465,1.022
12382,3.441,1.022
12383,3.436,1.026
12384,3.377,1.026
12385,3.240,1.026
12386,3.749,1.026
12387,3.773,1.026
12388,3.587,1.031
12389,3.416,1.031
12390,3.314,1.031
12391,3.294,1.031
12392,3.304,1.031
12393,3.353,1.036
12394,3.460,1.036
12395,2.561,1.036
12396,3.871,1.036
12397,4.404,1.036
12398,4.282,1.036
12399,3.861,1.041
12400,3.519,1.041
12401,3.387,1.041
12402,3.392,1.046
12403,3.446,1.046
12404,3.284,1.046
12405,3.255,1.046
12406,3.969,1.046
12407,3.978,1.046
12408,3.685,1.051
12409,3.451,1.051
12410,3.299,1.051
12411,3.280,1.051
12412,3.084,1.051
12413,3.685,1.056
12414,3.856,1.056
12415,3.847,1.056
12416,3.773,1.056
12417,3.651,1.061
12418,3.602,1.061
12419,3.587,1.061
12420,3.558,1.061
12421,3.539,1.061
12422,3.543,1.061
12423,3.543,1.065
12424,3.563,1.065
12425,3.534,1.065
12426,3.495,1.065
12427,3.465,1.065
12428,3.431,1.070
12429,3.407,1.070
12430,3.402,1.070
12431,3.382,1.070
12432,3.397,1.070
12433,3.387,1.070
12434,3.416,1.070
12435,3.529,1.075
12436,3.641,1.075
12437,3.675,1.075
12438,3.661,1.075
12439,3.353,1.075
12440,3.891,1.075
12441,3.915,1.075
12442,3.705,1.080
12443,3.504,1.080
12444,3.412,1.080
12445,3.431,1.080
12446,3.431,1.080
12447,3.407,1.080
12448,3.421,1.080
12449,3.387,1.085
12450,3.358,1.085
12451,3.328,1.085
12452,3.319,1.085
12453,3.294,1.085
12454,3.304,1.085
12455,3.412,1.085
12456,2.967,1.085
12457,4.101,1.085
12458,4.267,1.085
12459,3.998,1.090
12460,3.656,1.090
12461,3.431,1.090
12462,3.348,1.090
12463,3.343,1.090
12464,3.412,1.090
12465,3.421,1.095
12466,2.820,1.090
12467,4.306,1.090
12468,4.404,1.090
12469,3.959,1.095
12470,3.470,1.095
12471,3.196,1.095
12472,3.123,1.095
12473,3.128,1.095
12474,3.265,1.100
12475,3.436,1.100
12476,3.553,1.100
12477,3.573,1.100
12478,3.553,1.100
12479,3.514,1.100
12480,3.460,1.100
12481,3.397,1.100
12482,3.353,1.100
12483,3.338,1.105
12484,3.358,1.105
12485,3.348,1.105
12486,3.333,1.105
12487,3.309,1.105
12488,3.284,1.105
12489,3.270,1.105
12490,3.245,1.105
12491,3.226,1.105
12492,3.216,1.105
12493,3.226,1.109
12494,3.206,1.109
12495,3.231,1.109
12496,3.333,1.109
12497,3.446,1.109
12498,3.504,1.109
12499,3.490,1.109
12500,3.451,1.109
12501,3.421,1.109
12502,3.377,1.109
12503,3.319,1.114
12504,3.314,1.109
12505,3.319,1.114
12506,3.294,1.114
12507,3.280,1.114
12508,3.260,1.114
12509,3.236,1.114
12510,3.211,1.114
12511,3.192,1.114
12512,3.182,1.114
12513,3.187,1.114
12514,3.167,1.114
12515,3.157,1.114
12516,3.157,1.114
12517,1.994,1.114
12518,3.431,1.114
12519,3.930,1.114
12520,4.340,1.114
12521,4.022,1.114
12522,3.563,1.119
12523,3.265,1.119
12524,3.148,1.119
12525,3.148,1.119
12526,3.196,1.119
12527,3.255,1.119
12528,3.275,1.119
12529,3.001,1.119
12530,3.338,1.119
12531,3.397,1.119
12532,3.289,1.124
12533,3.143,1.124
12534,3.123,1.124
12535,3.133,1.124
12536,3.133,1.124
12537,3.113,1.124
12538,3.104,1.124
12539,3.167,1.124
12540,3.270,1.124
12541,3.328,1.124
12542,3.338,1.124
12543,3.343,1.124
12544,3.289,1.124
12545,3.240,1.124
12546,2.859,1.124
12547,3.456,1.124
12548,3.534,1.124
12549,3.421,1.124
12550,3.250,1.124
12551,3.167,1.124
12552,3.118,1.129
12553,3.118,1.129
12554,3.118,1.129
12555,3.133,1.129
12556,3.118,1.129
12557,3.118,1.129
12558,3.104,1.129
12559,3.118,1.129
12560,3.109,1.129
12561,3.123,1.129
12562,3.187,1.129
12563,3.226,1.129
12564,3.314,1.129
12565,3.328,1.129
12566,3.294,1.129
12567,3.280,1.129
12568,3.226,1.129
12569,3.196,1.129
12570,3.182,1.129
12571,3.187,1.129
12572,3.177,1.129
12573,2.864,1.129
12574,3.421,1.129
12575,3.504,1.129
12576,3.353,1.134
12577,3.196,1.134
12578,2.468,1.129
12579,3.460,1.129
12580,3.646,1.129
12581,3.441,1.134
12582,3.211,1.134
12583,3.065,1.134
12584,3.104,1.134
12585,3.187,1.134
12586,3.260,1.134
12587,3.265,1.134
12588,3.255,1.134
12589,3.211,1.134
12590,3.206,1.134
12591,3.196,1.134
12592,2.967,1.134
12593,2.874,1.134
12594,3.666,1.134
12595,3.719,1.134
12596,3.460,1.134
12597,3.216,1.139
12598,3.089,1.139
12599,3.069,1.139
12600,2.801,1.139
12601,3.382,1.139
12602,3.465,1.139
12603,3.333,1.139
12604,3.182,1.139
12605,3.113,1.139
12606,3.177,1.139
12607,3.240,1.139
12608,3.280,1.139
12609,3.270,1.139
12610,3.255,1.139
12611,3.240,1.144
12612,3.216,1.144
12613,3.196,1.144
12614,3.206,1.144
12615,3.211,1.144
12616,3.201,1.144
12617,3.182,1.144
12618,3.182,1.144
12619,3.167,1.144
12620,3.177,1.144
12621,3.167,1.144
12622,3.187,1.144
12623,3.157,1.144
12624,3.182,1.144
12625,3.167,1.144
12626,3.187,1.144
12627,2.977,1.144
12628,3.578,1.144
12629,3.656,1.149
12630,3.509,1.149
12631,3.324,1.149
12632,3.231,1.149
12633,3.201,1.149
12634,3.211,1.149
12635,3.226,1.149
12636,3.245,1.149
12637,3.240,1.149
12638,3.250,1.149
12639,2.199,1.149
12640,3.407,1.149
12641,3.988,1.149
12642,3.851,1.149
12643,3.470,1.149
12644,3.182,1.149
12645,3.099,1.149
12646,3.099,1.153
12647,3.143,1.153
12648,3.240,1.153
12649,3.358,1.153
12650,3.412,1.153
12651,3.416,1.153
12652,3.387,1.153
12653,3.377,1.153
12654,2.786,1.153
12655,3.084,1.153
12656,4.037,1.153
12657,4.037,1.153
12658,3.680,1.153
12659,3.372,1.153
12660,3.226,1.153
12661,3.211,1.158
12662,3.236,1.158
12663,3.255,1.158
12664,3.265,1.158
12665,3.275,1.158
12666,3.236,1.158
12667,3.231,1.158
12668,3.226,1.158
12669,3.284,1.158
12670,3.377,1.158
12671,3.480,1.158
12672,3.504,1.158
12673,3.509,1.158
12674,3.470,1.158
12675,3.460,1.158
12676,3.412,1.158
12677,3.392,1.158
12678,3.382,1.163
12679,3.382,1.163
12680,3.363,1.163
12681,3.089,1.158
12682,3.543,1.163
12683,3.666,1.163
12684,3.514,1.163
12685,3.363,1.163
12686,3.240,1.163
12687,3.206,1.163
12688,3.216,1.163
12689,3.231,1.163
12690,3.299,1.163
12691,3.421,1.163
12692,3.524,1.163
12693,3.563,1.163
12694,3.524,1.163
12695,3.490,1.163
12696,3.451,1.168
12697,3.412,1.168
12698,3.377,1.168
12699,3.382,1.168
12700,2.869,1.163
12701,3.871,1.163
12702,3.988,1.163
12703,3.739,1.168
12704,3.441,1.168
12705,3.265,1.168
12706,3.221,1.168
12707,3.245,1.168
12708,3.016,1.168
12709,3.592,1.168
12710,3.749,1.168
12711,3.705,1.168
12712,3.578,1.168
12713,3.534,1.168
12714,3.495,1.168
12715,3.480,1.168
12716,3.470,1.168
12717,3.050,1.168
12718,2.830,1.168
12719,3.861,1.168
12720,3.998,1.168
12721,3.739,1.168
12722,3.470,1.168
12723,3.304,1.173
12724,3.265,1.173
12725,3.270,1.173
12726,3.284,1.173
12727,3.289,1.173
12728,3.294,1.173
12729,3.294,1.173
12730,3.382,1.173
12731,3.495,1.173
12732,3.607,1.173
12733,3.607,1.173
12734,3.583,1.173
12735,3.245,1.173
12736,3.778,1.173
12737,3.798,1.173
12738,3.617,1.173
12739,3.456,1.173
12740,3.387,1.178
12741,3.343,1.178
12742,3.324,1.178
12743,3.353,1.178
12744,3.338,1.178
12745,3.309,1.178
12746,3.304,1.178
12747,3.294,1.178
12748,3.289,1.178
12749,3.255,1.178
12750,3.284,1.178
12751,3.368,1.178
12752,3.490,1.178
12753,3.578,1.178
12754,3.578,1.178
12755,3.548,1.178
12756,3.514,1.178
12757,3.446,1.178
12758,3.402,1.178
12759,3.402,1.178
12760,3.392,1.178
12761,2.229,1.178
12762,3.456,1.178
12763,4.409,1.178
12764,4.365,1.178
12765,3.803,1.178
12766,3.319,1.178
12767,3.123,1.183
12768,3.099,1.183
12769,3.162,1.183
12770,3.221,1.183
12771,3.309,1.183
12772,3.407,1.183
12773,3.514,1.183
12774,3.529,1.183
12775,3.500,1.183
12776,3.451,1.183
12777,3.387,1.183
12778,3.328,1.183
12779,3.280,1.183
12780,2.854,1.183
12781,2.576,1.183
12782,3.646,1.183
12783,3.812,1.183
12784,3.602,1.183
12785,3.348,1.183
12786,3.206,1.183
12787,3.196,1.183
12788,3.206,1.188
12789,2.918,1.183
12790,3.514,1.183
12791,3.587,1.183
12792,3.500,1.183
12793,3.456,1.188
12794,3.426,1.188
12795,3.426,1.188
12796,3.407,1.188
12797,3.382,1.188
12798,3.348,1.188
12799,3.324,1.188
12800,3.309,1.188
12801,3.260,1.188
12802,3.265,1.188
12803,3.314,1.188
12804,3.284,1.188
12805,3.245,1.188
12806,3.206,1.188
12807,3.192,1.188
12808,3.172,1.188
12809,3.187,1.188
12810,3.172,1.188
12811,3.192,1.188
12812,3.245,1.188
12813,3.343,1.188
12814,3.421,1.188
12815,3.451,1.188
12816,3.128,1.188
12817,3.680,1.188
12818,3.715,1.188
12819,3.529,1.188
12820,3.324,1.193
12821,2.595,1.188
12822,3.221,1.188
12823,3.788,1.188
12824,3.724,1.188
12825,3.441,1.193
12826,3.231,1.193
12827,3.118,1.193
12828,3.099,1.193
12829,3.104,1.193
12830,3.133,1.193
12831,3.084,1.193
12832,3.152,1.193
12833,3.236,1.193
12834,3.348,1.193
12835,3.387,1.193
12836,3.382,1.193
12837,3.343,1.193
12838,3.314,1.193
12839,3.270,1.193
12840,3.236,1.193
12841,3.231,1.193
12842,3.245,1.193
12843,2.742,1.193
12844,3.221,1.193
12845,4.032,1.193
12846,3.905,1.193
12847,3.475,1.193
12848,3.157,1.193
12849,3.006,1.193
12850,3.016,1.193
12851,3.050,1.193
12852,3.089,1.193
12853,3.128,1.193
12854,3.187,1.193
12855,3.270,1.193
12856,3.333,1.193
12857,3.348,1.193
12858,3.324,1.188
12859,3.284,1.188
12860,3.240,1.188
12861,3.172,1.188
12862,3.221,1.183
12863,3.211,1.183
12864,3.192,1.183
12865,3.182,1.178
12866,3.192,1.178
12867,3.167,1.173
12868,3.143,1.173
12869,3.118,1.168
12870,2.830,1.168
12871,3.397,1.163
12872,3.460,1.163
12873,3.294,1.158
12874,3.133,1.158
12875,3.040,1.158
12876,3.060,1.153
12877,3.157,1.153
12878,3.240,1.149
12879,3.270,1.149
12880,3.275,1.144
12881,3.265,1.144
12882,3.265,1.139
12883,2.341,1.134
12884,3.773,1.134
12885,4.037,1.129
12886,3.734,1.129
12887,3.324,1.129
12888,3.084,1.124
12889,3.021,1.124
12890,3.060,1.124
12891,3.099,1.119
12892,3.167,1.119
12893,3.152,1.119
12894,3.138,1.114
12895,3.143,1.114
12896,3.211,1.114
12897,3.030,1.109
12898,3.607,1.109
12899,3.636,1.109
12900,3.451,1.105
12901,3.255,1.105
12902,3.128,1.105
12903,3.113,1.105
12904,3.128,1.105
12905,3.182,1.100
12906,2.977,1.100
12907,2.874,1.100
12908,3.622,1.100
12909,3.666,1.095
12910,3.402,1.095
12911,3.162,1.095
12912,3.030,1.095
12913,3.025,1.095
12914,3.050,1.095
12915,3.123,1.095
12916,3.221,1.095
12917,3.280,1.095
12918,3.299,1.095
12919,3.284,1.095
12920,3.250,1.090
12921,3.221,1.090
12922,3.216,1.090
12923,3.187,1.090
12924,2.957,1.090
12925,3.485,1.090
12926,3.524,1.090
12927,3.363,1.090
12928,3.211,1.090
12929,3.113,1.090
12930,3.089,1.090
12931,3.089,1.090
12932,3.118,1.090
12933,3.123,1.090
12934,3.138,1.090
12935,3.187,1.095
12936,3.250,1.095
12937,3.314,1.095
12938,3.314,1.095
12939,3.280,1.095
12940,3.240,1.095
12941,3.211,1.095
12942,3.201,1.095
12943,2.644,1.095
12944,3.216,1.095
12945,3.739,1.095
12946,3.646,1.095
12947,3.392,1.095
12948,3.177,1.095
12949,3.089,1.095
12950,3.089,1.095
12951,2.879,1.095
12952,3.480,1.095
12953,3.573,1.095
12954,3.470,1.090
12955,3.343,1.090
12956,3.289,1.090
12957,3.284,1.090
12958,3.280,1.090
12959,3.280,1.090
12960,3.265,1.090
12961,3.245,1.085
12962,3.226,1.085
12963,3.236,1.085
12964,3.245,1.085
12965,3.240,1.085
12966,3.231,1.080
12967,3.211,1.080
12968,3.226,1.080
12969,3.025,1.080
12970,2.947,1.075
12971,3.671,1.075
12972,3.729,1.075
12973,3.553,1.075
12974,3.392,1.070
12975,3.314,1.070
12976,3.324,1.070
12977,3.299,1.070
12978,3.060,1.065
12979,3.587,1.065
12980,3.578,1.065
12981,3.495,1.065
12982,3.338,1.065
12983,3.240,1.065
12984,3.226,1.065
12985,3.216,1.065
12986,3.216,1.065
12987,3.216,1.061
12988,3.216,1.061
12989,3.192,1.061
12990,3.177,1.061
12991,3.201,1.061
12992,3.314,1.061
12993,3.368,1.061
12994,3.382,1.061
12995,3.382,1.061
12996,3.358,1.061
12997,3.324,1.061
12998,3.289,1.061
12999,3.270,1.061
13000,3.304,1.061
13001,3.304,1.061
13002,3.289,1.061
13003,3.270,1.061
13004,3.284,1.061
13005,2.517,1.056
13006,3.876,1.056
13007,4.066,1.056
13008,3.754,1.061
13009,3.368,1.061
13010,3.177,1.061
13011,3.275,1.061
13012,3.377,1.061
13013,3.402,1.061
13014,3.392,1.061
13015,3.348,1.061
13016,3.328,1.065
13017,3.304,1.065
13018,3.319,1.065
13019,3.324,1.065
13020,3.324,1.065
13021,3.294,1.065
13022,3.280,1.065
13023,3.250,1.070
13024,3.255,1.070
13025,3.236,1.070
13026,3.226,1.070
13027,3.270,1.070
13028,3.377,1.070
13029,3.451,1.075
13030,3.490,1.075
13031,3.177,1.075
13032,3.504,1.075
13033,3.446,1.075
13034,4.032,1.075
13035,3.944,1.075
13036,3.636,1.080
13037,3.368,1.080
13038,3.250,1.080
13039,3.255,1.080
13040,3.240,1.085
13041,3.304,1.085
13042,3.324,1.085
13043,3.314,1.085
13044,3.319,1.090
13045,3.412,1.090
13046,3.509,1.090
13047,3.558,1.090
13048,3.558,1.090
13049,3.524,1.095
13050,3.490,1.095
13051,3.451,1.095
13052,3.407,1.095
13053,3.387,1.095
13054,3.397,1.100
13055,3.407,1.100
13056,3.392,1.100
13057,3.363,1.100
13058,3.030,1.100
13059,3.587,1.100
13060,3.651,1.100
13061,3.490,1.100
13062,3.358,1.105
13063,3.397,1.105
13064,3.470,1.105
13065,2.962,1.105
13066,3.563,1.105
13067,4.101,1.105
13068,3.998,1.105
13069,3.675,1.105
13070,3.382,1.105
13071,3.338,1.105
13072,3.348,1.105
13073,3.348,1.109
13074,3.348,1.109
13075,3.358,1.109
13076,3.319,1.109
13077,3.289,1.109
13078,3.265,1.109
13079,3.260,1.109
13080,3.265,1.109
13081,3.338,1.109
13082,3.426,1.109
13083,3.519,1.109
13084,3.568,1.109
13085,3.196,1.105
13086,3.675,1.105
13087,3.793,1.105
13088,3.690,1.105
13089,3.578,1.105
13090,3.480,1.100
13091,3.451,1.100
13092,3.426,1.100
13093,3.416,1.100
13094,3.416,1.095
13095,3.187,1.095
13096,3.094,1.090
13097,3.861,1.090
13098,3.891,1.090
13099,3.646,1.090
13100,3.407,1.085
13101,3.392,1.085
13102,3.490,1.080
13103,3.583,1.080
13104,3.607,1.080
13105,3.592,1.075
13106,3.548,1.075
13107,3.495,1.075
13108,3.456,1.070
13109,3.436,1.070
13110,3.431,1.065
13111,3.436,1.065
13112,3.118,1.061
13113,3.675,1.061
13114,3.695,1.061
13115,3.514,1.061
13116,3.319,1.056
13117,3.211,1.056
13118,3.172,1.056
13119,3.211,1.051
13120,3.280,1.051
13121,3.402,1.051
13122,3.470,1.046
13123,3.519,1.046
13124,3.485,1.046
13125,3.451,1.046
13126,3.412,1.041
13127,2.488,1.041
13128,3.949,1.036
13129,4.194,1.036
13130,3.881,1.036
13131,3.475,1.036
13132,3.211,1.036
13133,3.143,1.031
13134,3.187,1.031
13135,3.226,1.031
13136,3.255,1.026
13137,3.231,1.026
13138,3.236,1.026
13139,2.913,1.022
13140,3.578,1.017
13141,3.754,1.017
13142,3.651,1.017
13143,3.480,1.012
13144,3.363,1.012
13145,3.284,1.007
13146,3.280,1.007
13147,3.275,1.002
13148,3.289,1.002
13149,3.299,0.997
13150,3.299,0.997
13151,3.260,0.992
13152,3.245,0.992
13153,3.206,0.987
13154,3.211,0.982
13155,3.201,0.982
13156,3.177,0.978
13157,3.177,0.973
13158,2.957,0.973
13159,3.358,0.968
13160,3.465,0.968
13161,3.490,0.963
13162,3.456,0.958
13163,3.397,0.958
13164,3.353,0.953
13165,3.324,0.948
13166,2.986,0.948
13167,3.548,0.943
13168,3.617,0.938
13169,3.475,0.938
13170,3.319,0.934
13171,3.201,0.934
13172,3.167,0.929
13173,3.177,0.929
13174,3.201,0.924
13175,3.196,0.924
13176,3.192,0.919
13177,3.167,0.919
13178,3.182,0.914
13179,3.182,0.914
13180,3.231,0.914
13181,3.304,0.909
13182,3.353,0.909
13183,3.348,0.904
13184,3.324,0.904
13185,3.289,0.904
13186,3.265,0.899
13187,3.231,0.899
13188,2.634,0.894
13189,3.651,0.894
13190,3.817,0.890
13191,3.597,0.890
13192,3.309,0.890
13193,2.835,0.885
13194,3.363,0.885
13195,3.475,0.880
13196,3.363,0.880
13197,3.221,0.880
13198,3.133,0.875
13199,3.138,0.875
13200,3.206,0.870
13201,3.299,0.870
13202,3.328,0.870
13203,3.333,0.865
13204,3.304,0.865
13205,3.304,0.860
13206,3.284,0.860
13207,3.240,0.855
13208,3.226,0.855
13209,3.240,0.855
13210,3.245,0.850
13211,3.255,0.850
13212,3.245,0.846
13213,3.231,0.846
13214,3.206,0.846
13215,3.196,0.841
13216,3.192,0.841
13217,3.187,0.841
13218,3.192,0.836
13219,3.226,0.836
13220,2.698,0.831
13221,3.079,0.831
13222,4.081,0.831
13223,4.042,0.831
13224,3.656,0.831
13225,3.324,0.826
13226,3.152,0.826
13227,3.148,0.826
13228,3.211,0.826
13229,3.260,0.826
13230,3.280,0.826
13231,3.265,0.826
13232,3.250,0.826
13233,3.250,0.826
13234,3.236,0.826
13235,3.216,0.826
13236,3.216,0.826
13237,3.265,0.826
13238,3.338,0.826
13239,3.392,0.826
13240,3.382,0.826
13241,3.382,0.826
13242,3.348,0.826
13243,3.319,0.826
13244,3.284,0.831
13245,3.294,0.831
13246,3.289,0.831
13247,3.040,0.831
13248,3.568,0.831
13249,2.845,0.831
13250,4.081,0.831
13251,4.140,0.831
13252,3.739,0.836
13253,3.319,0.836
13254,3.123,0.836
13255,3.099,0.836
13256,3.211,0.836
13257,3.358,0.836
13258,3.451,0.836
13259,3.465,0.836
13260,3.436,0.836
13261,3.392,0.836
13262,3.368,0.836
13263,3.328,0.836
13264,3.328,0.831
13265,3.314,0.831
13266,3.319,0.831
13267,3.304,0.826
13268,3.304,0.826
13269,3.280,0.821
13270,3.270,0.821
13271,3.255,0.816
13272,3.250,0.816
13273,3.255,0.811
13274,3.011,0.806
13275,3.524,0.802
13276,3.592,0.802
13277,3.509,0.797
13278,3.441,0.792
13279,3.377,0.792
13280,3.431,0.787
13281,3.451,0.782
13282,3.436,0.777
13283,3.045,0.777
13284,2.820,0.772
13285,3.793,0.767
13286,3.910,0.762
13287,3.700,0.762
13288,3.446,0.758
13289,3.275,0.758
13290,3.231,0.753
13291,3.231,0.753
13292,3.265,0.748
13293,3.284,0.743
13294,3.289,0.743
13295,3.265,0.738
13296,3.265,0.738
13297,3.260,0.738
13298,3.343,0.733
13299,3.431,0.733
13300,3.504,0.728
13301,3.250,0.728
13302,3.768,0.723
13303,3.768,0.723
13304,3.573,0.723
13305,3.382,0.723
13306,3.309,0.718
13307,3.314,0.718
13308,3.343,0.718
13309,2.791,0.718
13310,3.382,0.714
13311,3.861,0.714
13312,3.773,0.714
13313,3.495,0.714
13314,3.265,0.714
13315,3.167,0.709
13316,3.182,0.709
13317,3.211,0.709
13318,3.284,0.709
13319,3.407,0.709
13320,3.485,0.709
13321,3.519,0.709
13322,3.504,0.709
13323,3.441,0.709
13324,3.402,0.709
13325,3.372,0.714
13326,3.338,0.714
13327,3.338,0.714
13328,3.109,0.714
13329,3.656,0.714
13330,3.690,0.714
13331,3.519,0.718
13332,3.343,0.718
13333,3.265,0.718
13334,3.221,0.723
13335,3.250,0.723
13336,3.265,0.723
13337,3.265,0.728
13338,3.280,0.728
13339,3.363,0.733
13340,3.470,0.733
13341,3.514,0.738
13342,3.504,0.738
13343,3.465,0.738
13344,3.421,0.743
13345,3.368,0.743
13346,2.967,0.748
13347,2.766,0.748
13348,3.773,0.753
13349,3.905,0.753
13350,3.671,0.758
13351,3.412,0.758
13352,3.260,0.762
13353,3.201,0.762
13354,3.221,0.767
13355,3.001,0.767
13356,3.558,0.772
13357,3.622,0.772
13358,3.524,0.777
13359,3.480,0.777
13360,3.470,0.782
13361,3.470,0.782
13362,3.460,0.782
13363,3.441,0.787
13364,3.407,0.787
13365,3.377,0.792
13366,3.368,0.792
13367,3.363,0.797
13368,3.363,0.797
13369,3.358,0.802
13370,3.372,0.802
13371,2.576,0.802
13372,3.930,0.806
13373,4.130,0.806
13374,3.807,0.811
13375,3.416,0.811
13376,3.187,0.811
13377,3.182,0.816
13378,3.338,0.816
13379,3.500,0.821
13380,3.573,0.821
13381,3.548,0.821
13382,3.255,0.826
13383,3.754,0.826
13384,3.759,0.826
13385,3.597,0.831
13386,3.431,0.831
13387,3.348,0.836
13388,3.338,0.836
13389,3.353,0.836
13390,3.343,0.836
13391,3.333,0.841
13392,3.309,0.841
13393,3.294,0.841
13394,3.265,0.846
13395,3.260,0.846
13396,3.260,0.846
13397,3.324,0.850
13398,3.407,0.850
13399,3.548,0.850
13400,3.587,0.855
13401,3.563,0.855
13402,3.504,0.855
13403,3.446,0.855
13404,3.387,0.860
13405,3.372,0.860
13406,3.363,0.860
13407,3.358,0.860
13408,3.328,0.865
13409,2.820,0.865
13410,3.309,0.865
13411,4.086,0.865
13412,3.988,0.870
13413,3.607,0.870
13414,3.309,0.870
13415,3.196,0.870
13416,3.284,0.875
13417,3.436,0.875
13418,3.548,0.875
13419,3.563,0.880
13420,3.548,0.880
13421,3.475,0.880
13422,3.421,0.880
13423,3.402,0.880
13424,3.392,0.885
13425,3.397,0.885
13426,3.416,0.885
13427,3.402,0.885
13428,3.324,0.890
13429,3.343,0.890
13430,3.324,0.890
13431,2.717,0.890
13432,3.304,0.890
13433,3.856,0.890
13434,3.891,0.894
13435,3.754,0.894
13436,3.319,0.894
13437,3.832,0.894
13438,3.856,0.894
13439,3.695,0.899
13440,3.495,0.899
13441,3.382,0.899
13442,3.392,0.899
13443,3.402,0.904
13444,3.412,0.904
13445,3.397,0.904
13446,3.368,0.904
13447,3.333,0.904
13448,3.314,0.909
13449,3.294,0.909
13450,3.289,0.909
13451,3.338,0.909
13452,3.416,0.909
13453,3.509,0.909
13454,3.578,0.914
13455,3.583,0.914
13456,3.558,0.914
13457,3.514,0.914
13458,3.470,0.914
13459,3.465,0.914
13460,3.426,0.919
13461,3.412,0.919
13462,3.402,0.919
13463,3.099,0.919
13464,3.661,0.919
13465,3.690,0.919
13466,3.519,0.924
13467,3.333,0.924
13468,3.226,0.924
13469,3.211,0.924
13470,3.255,0.924
13471,3.397,0.924
13472,3.255,0.924
13473,3.240,0.924
13474,4.057,0.924
13475,4.081,0.924
13476,3.773,0.929
13477,3.480,0.929
13478,3.289,0.929
13479,3.255,0.929
13480,3.275,0.929
13481,3.324,0.929
13482,3.309,0.924
13483,3.289,0.924
13484,3.245,0.924
13485,3.250,0.924
13486,3.231,0.924
13487,3.216,0.924
13488,3.162,0.924
13489,3.206,0.919
13490,2.913,0.919
13491,3.519,0.919
13492,2.488,0.914
13493,3.715,0.914
13494,4.296,0.909
13495,4.071,0.909
13496,3.636,0.909
13497,3.289,0.909
13498,3.133,0.904
13499,3.133,0.904
13500,3.177,0.904
13501,3.216,0.904
13502,3.245,0.899
13503,3.236,0.899
13504,3.201,0.899
13505,3.196,0.894
13506,3.167,0.894
13507,3.167,0.894
13508,3.138,0.890
13509,3.128,0.890
13510,3.099,0.890
13511,3.109,0.890
13512,3.123,0.890
13513,3.201,0.885
13514,3.260,0.885
13515,3.280,0.885
13516,3.265,0.885
13517,3.260,0.885
13518,3.221,0.885
13519,3.226,0.880
13520,3.187,0.880
13521,3.182,0.880
13522,3.187,0.880
13523,3.162,0.880
13524,3.162,0.880
13525,3.148,0.880
13526,3.133,0.880
13527,3.118,0.880
13528,3.109,0.875
13529,3.109,0.875
13530,3.099,0.875
13531,3.104,0.875
13532,3.094,0.875
13533,3.104,0.875
13534,3.109,0.875
13535,2.761,0.875
13536,2.566,0.875
13537,3.627,0.875
13538,3.778,0.875
13539,3.558,0.875
13540,3.304,0.875
13541,3.099,0.875
13542,3.065,0.875
13543,2.776,0.875
13544,3.392,0.875
13545,3.480,0.880
13546,3.363,0.880
13547,3.152,0.880
13548,3.089,0.880
13549,3.074,0.880
13550,3.094,0.880
13551,3.113,0.880
13552,3.138,0.880
13553,2.537,0.880
13554,3.138,0.880
13555,3.656,0.880
13556,3.631,0.880
13557,3.407,0.885
13558,3.221,0.885
13559,3.138,0.885
13560,3.128,0.885
13561,3.143,0.885
13562,3.152,0.885
13563,3.172,0.890
13564,3.177,0.890
13565,3.177,0.890
13566,3.182,0.890
13567,3.162,0.890
13568,3.162,0.890
13569,3.167,0.894
13570,2.854,0.894
13571,3.421,0.894
13572,3.480,0.894
13573,3.353,0.894
13574,3.216,0.894
13575,3.133,0.899
13576,3.143,0.899
13577,3.138,0.899
13578,3.240,0.899
13579,3.250,0.904
13580,3.240,0.904
13581,3.216,0.904
13582,3.211,0.904
13583,3.187,0.904
13584,3.206,0.904
13585,3.216,0.909
13586,3.211,0.909
13587,3.226,0.909
13588,3.211,0.909
13589,3.211,0.909
13590,3.206,0.914
13591,3.206,0.914
13592,3.206,0.914
13593,3.192,0.914
13594,3.192,0.914
13595,3.177,0.914
13596,3.196,0.919
13597,2.918,0.919
13598,3.289,0.919
13599,3.328,0.919
13600,3.949,0.919
13601,3.847,0.919
13602,3.539,0.924
13603,3.299,0.924
13604,3.201,0.924
13605,3.182,0.924
13606,3.226,0.924
13607,3.221,0.929
13608,3.294,0.929
13609,3.299,0.929
13610,3.270,0.929
13611,3.270,0.929
13612,3.265,0.929
13613,3.245,0.929
13614,3.255,0.934
13615,2.478,0.929
13616,3.822,0.929
13617,4.047,0.934
13618,3.744,0.934
13619,3.392,0.934
13620,3.236,0.934
13621,3.280,0.934
13622,3.338,0.934
13623,3.382,0.938
13624,3.133,0.938
13625,3.671,0.938
13626,3.715,0.938
13627,3.558,0.938
13628,3.402,0.938
13629,3.324,0.938
13630,3.304,0.938
13631,3.343,0.938
13632,3.338,0.943
13633,3.348,0.943
13634,3.304,0.943
13635,3.275,0.943
13636,3.255,0.943
13637,3.255,0.943
13638,3.275,0.943
13639,3.294,0.943
13640,3.299,0.943
13641,3.358,0.943
13642,3.436,0.943
13643,3.514,0.948
13644,3.514,0.948
13645,3.519,0.948
13646,3.465,0.948
13647,3.446,0.948
13648,3.412,0.948
13649,3.397,0.948
13650,3.392,0.948
13651,3.133,0.948
13652,3.646,0.948
13653,3.695,0.948
13654,3.514,0.953
13655,3.348,0.953
13656,3.236,0.953
13657,3.216,0.953
13658,3.221,0.953
13659,3.231,0.953
13660,3.255,0.953
13661,3.104,0.953
13662,3.192,0.953
13663,4.032,0.953
13664,4.086,0.953
13665,3.817,0.958
13666,3.548,0.958
13667,3.358,0.958
13668,3.324,0.958
13669,3.338,0.958
13670,3.377,0.958
13671,3.392,0.958
13672,3.382,0.963
13673,3.358,0.963
13674,3.343,0.963
13675,2.757,0.963
13676,3.333,0.963
13677,3.817,0.963
13678,3.397,0.963
13679,3.675,0.963
13680,3.597,0.963
13681,3.509,0.963
13682,3.490,0.968
13683,3.475,0.968
13684,3.490,0.968
13685,3.480,0.968
13686,3.470,0.968
13687,3.431,0.968
13688,3.392,0.968
13689,3.387,0.973
13690,3.377,0.973
13691,3.382,0.973
13692,3.363,0.973
13693,3.343,0.973
13694,3.343,0.973
13695,3.319,0.973
13696,3.289,0.973
13697,3.260,0.973
13698,3.265,0.978
13699,3.240,0.978
13700,3.250,0.978
13701,3.304,0.978
13702,3.431,0.978
13703,3.539,0.978
13704,3.568,0.978
13705,3.245,0.978
13706,3.773,0.978
13707,3.788,0.978
13708,3.617,0.978
13709,3.431,0.982
13710,3.363,0.982
13711,3.338,0.982
13712,3.348,0.982
13713,3.343,0.982
13714,3.343,0.982
13715,3.314,0.982
13716,3.294,0.982
13717,3.255,0.982
13718,3.255,0.982
13719,3.245,0.982
13720,3.240,0.982
13721,3.245,0.982
13722,3.314,0.982
13723,3.436,0.978
13724,3.284,0.978
13725,3.231,0.978
13726,3.998,0.978
13727,4.022,0.978
13728,3.744,0.978
13729,3.460,0.973
13730,3.314,0.973
13731,3.270,0.973
13732,3.011,0.973
13733,3.622,0.973
13734,3.695,0.973
13735,3.534,0.968
13736,2.170,0.968
13737,3.392,0.963
13738,4.052,0.963
13739,3.930,0.963
13740,3.534,0.963
13741,3.245,0.963
13742,3.236,0.963
13743,3.358,0.963
13744,3.470,0.963
13745,3.524,0.963
13746,3.490,0.963
13747,3.436,0.958
13748,3.387,0.958
13749,3.363,0.958
13750,3.338,0.958
13751,3.328,0.958
13752,3.328,0.958
13753,3.324,0.958
13754,3.314,0.958
13755,3.299,0.958
13756,3.216,0.958
13757,3.275,0.958
13758,3.265,0.958
13759,2.942,0.953
13760,3.504,0.953
13761,3.573,0.953
13762,3.456,0.953
13763,3.387,0.953
13764,3.397,0.953
13765,3.436,0.953
13766,3.436,0.953
13767,3.431,0.953
13768,3.392,0.953
13769,3.368,0.953
13770,3.338,0.953
13771,3.333,0.953
13772,3.328,0.953
13773,3.324,0.958
13774,3.289,0.958
13775,3.265,0.958
13776,3.245,0.958
13777,3.255,0.958
13778,3.236,0.958
13779,3.231,0.958
13780,3.201,0.958
13781,3.211,0.958
13782,3.260,0.958
13783,3.368,0.958
13784,3.460,0.958
13785,3.480,0.958
13786,2.742,0.958
13787,3.079,0.958
13788,4.135,0.958
13789,4.120,0.958
13790,3.749,0.963
13791,3.372,0.963
13792,3.196,0.963
13793,3.162,0.963
13794,3.196,0.963
13795,3.221,0.963
13796,3.265,0.968
13797,2.605,0.963
13798,3.661,0.968
13799,3.832,0.968
13800,3.602,0.968
13801,3.363,0.968
13802,3.304,0.968
13803,3.358,0.968
13804,3.431,0.973
13805,3.456,0.973
13806,3.436,0.973
13807,3.412,0.973
13808,3.338,0.973
13809,3.314,0.973
13810,3.299,0.973
13811,3.275,0.973
13812,3.270,0.978
13813,2.967,0.978
13814,3.558,0.978
13815,3.602,0.978
13816,3.431,0.978
13817,3.275,0.978
13818,3.157,0.978
13819,3.094,0.982
13820,3.196,0.982
13821,3.338,0.982
13822,3.441,0.982
13823,3.470,0.982
13824,3.436,0.982
13825,3.377,0.982
13826,3.309,0.982
13827,3.255,0.987
13828,3.250,0.987
13829,3.245,0.987
13830,3.265,0.987
13831,3.250,0.987
13832,3.240,0.987
13833,3.211,0.987
13834,3.201,0.987
13835,3.177,0.992
13836,3.177,0.992
13837,3.143,0.992
13838,3.148,0.992
13839,3.226,0.992
13840,3.065,0.992
13841,3.715,0.992
13842,3.798,0.992
13843,3.612,0.992
13844,3.387,0.992
13845,3.236,0.997
13846,3.152,0.997
13847,3.206,0.997
13848,3.255,0.997
13849,2.849,0.997
13850,2.556,0.997
13851,3.617,0.997
13852,3.793,0.997
13853,3.563,0.997
13854,3.270,0.997
13855,3.084,0.997
13856,3.045,0.997
13857,3.123,0.992
13858,2.097,0.992
13859,3.568,0.992
13860,4.291,0.992
13861,4.120,0.987
13862,3.661,0.987
13863,3.270,0.987
13864,3.084,0.987
13865,3.099,0.982
13866,3.177,0.982
13867,2.937,0.978
13868,3.543,0.978
13869,3.597,0.978
13870,3.372,0.973
13871,3.172,0.973
13872,3.065,0.968
13873,3.065,0.968
13874,3.069,0.968
13875,3.065,0.963
13876,3.206,0.963
13877,3.338,0.958
13878,3.368,0.958
13879,3.372,0.953
13880,3.328,0.953
13881,3.275,0.953
13882,3.216,0.948
13883,3.206,0.948
13884,3.211,0.948
13885,3.201,0.943
13886,3.187,0.943
13887,3.187,0.943
13888,3.162,0.938
13889,3.143,0.938
13890,3.123,0.938
13891,3.128,0.934
13892,3.099,0.934
13893,3.099,0.934
13894,2.840,0.929
13895,3.514,0.929
13896,3.675,0.929
13897,3.543,0.929
13898,3.348,0.929
13899,3.245,0.924
13900,3.177,0.924
13901,3.167,0.924
13902,3.157,0.924
13903,3.172,0.924
13904,3.157,0.924
13905,3.128,0.924
13906,3.138,0.919
13907,3.128,0.919
13908,3.118,0.919
13909,3.094,0.919
13910,3.089,0.919
13911,3.074,0.919
13912,2.664,0.919
13913,2.449,0.919
13914,3.587,0.919
13915,3.842,0.919
13916,3.646,0.919
13917,3.372,0.919
13918,3.192,0.919
13919,2.473,0.919
13920,3.553,0.914
13921,3.460,0.914
13922,3.842,0.919
13923,3.651,0.919
13924,3.314,0.919
13925,3.099,0.919
13926,3.030,0.919
13927,3.021,0.919
13928,3.065,0.919
13929,3.084,0.919
13930,3.109,0.919
13931,3.109,0.924
13932,3.157,0.924
13933,3.216,0.924
13934,3.250,0.924
13935,3.221,0.924
13936,3.245,0.924
13937,3.226,0.924
13938,3.206,0.924
13939,3.172,0.929
13940,3.143,0.929
13941,3.152,0.929
13942,3.152,0.929
13943,3.138,0.929
13944,3.143,0.929
13945,3.109,0.934
13946,3.123,0.934
13947,3.123,0.934
13948,2.859,0.934
13949,3.348,0.934
13950,3.485,0.934
13951,3.456,0.938
13952,3.402,0.938
13953,3.372,0.938
13954,3.372,0.938
13955,3.368,0.938
13956,3.363,0.938
13957,3.328,0.943
13958,3.314,0.943
13959,3.309,0.943
13960,3.309,0.943
13961,3.299,0.943
13962,3.382,0.948
13963,3.353,0.948
13964,3.338,0.948
13965,3.255,0.948
13966,3.314,0.948
13967,3.304,0.953
13968,3.289,0.953
13969,3.275,0.953
13970,3.309,0.953
13971,3.338,0.953
13972,3.397,0.953
13973,3.431,0.953
13974,3.436,0.958
13975,3.001,0.958
13976,3.822,0.958
13977,3.866,0.958
13978,3.622,0.958
13979,3.382,0.958
13980,2.165,0.958
13981,3.416,0.958
13982,4.076,0.958
13983,3.935,0.963
13984,3.563,0.963
13985,3.265,0.963
13986,3.177,0.963
13987,3.172,0.963
13988,3.216,0.963
13989,3.265,0.963
13990,3.299,0.963
13991,3.343,0.963
13992,3.402,0.963
13993,3.412,0.963
13994,3.436,0.963
13995,3.387,0.963
13996,3.402,0.963
13997,3.377,0.963
13998,3.377,0.963
13999,3.363,0.963
14000,3.372,0.963
14001,3.372,0.963
14002,3.152,0.963
14003,3.651,0.963
14004,3.680,0.963
14005,3.534,0.963
14006,3.358,0.963
14007,3.275,0.963
14008,3.270,0.963
14009,3.280,0.963
14010,3.377,0.963
14011,3.475,0.963
14012,3.539,0.963
14013,3.553,0.963
14014,3.553,0.963
14015,3.519,0.963
14016,3.475,0.963
14017,3.465,0.963
14018,3.451,0.963
14019,3.451,0.968
14020,3.431,0.968
14021,3.431,0.968
14022,3.426,0.968
14023,3.392,0.968
14024,3.358,0.968
14025,3.324,0.968
14026,3.348,0.968
14027,3.368,0.968
14028,3.328,0.968
14029,3.348,0.968
14030,3.402,0.968
14031,3.509,0.968
14032,3.592,0.968
14033,3.597,0.973
14034,3.592,0.973
14035,3.534,0.973
14036,3.480,0.973
14037,3.441,0.973
14038,3.069,0.973
14039,2.859,0.973
14040,3.876,0.973
14041,3.431,0.973
14042,3.719,0.973
14043,3.978,0.973
14044,3.744,0.973
14045,3.490,0.973
14046,3.280,0.978
14047,3.211,0.978
14048,3.240,0.978
14049,3.353,0.978
14050,3.480,0.978
14051,3.607,0.978
14052,3.636,0.978
14053,3.612,0.982
14054,3.558,0.982
14055,3.172,0.982
14056,3.719,0.982
14057,3.812,0.982
14058,3.651,0.982
14059,3.480,0.982
14060,3.368,0.982
14061,3.353,0.982
14062,3.348,0.987
14063,3.368,0.987
14064,3.348,0.987
14065,3.338,0.987
14066,3.319,0.987
14067,3.304,0.987
14068,3.299,0.987
14069,3.407,0.987
14070,3.543,0.992
14071,3.583,0.992
14072,3.587,0.992
14073,3.583,0.992
14074,3.524,0.992
14075,3.465,0.992
14076,3.421,0.992
14077,3.431,0.997
14078,3.416,0.997
14079,3.407,0.997
14080,3.392,0.997
14081,3.387,0.997
14082,3.060,0.997
14083,3.602,0.997
14084,3.661,0.997
14085,3.504,0.997
14086,3.353,0.997
14087,3.280,1.002
14088,3.368,1.002
14089,3.504,1.002
14090,3.607,1.002
14091,3.597,1.002
14092,3.539,1.002
14093,3.495,1.002
14094,3.426,1.002
14095,3.402,1.002
14096,3.382,1.007
14097,3.402,1.007
14098,3.392,1.007
14099,3.372,1.007
14100,3.333,1.007
14101,2.933,1.007
14102,2.688,1.007
14103,3.011,1.007
14104,4.404,1.007
14105,4.404,1.007
14106,3.954,1.007
14107,3.500,1.007
14108,3.382,1.007
14109,3.084,1.012
14110,3.739,1.012
14111,3.891,1.012
14112,3.759,1.012
14113,3.529,1.012
14114,3.328,1.012
14115,3.324,1.012
14116,3.382,1.012
14117,3.402,1.012
14118,3.368,1.017
14119,3.328,1.017
14120,3.328,1.017
14121,3.294,1.017
14122,3.275,1.017
14123,3.245,1.017
14124,3.265,1.017
14125,3.289,1.017
14126,3.377,1.017
14127,3.495,1.022
14128,3.558,1.022
14129,3.534,1.022
14130,3.509,1.022
14131,3.441,1.022
14132,3.402,1.022
14133,3.363,1.022
14134,3.333,1.022
14135,3.338,1.022
14136,3.030,1.022
14137,3.597,1.022
14138,3.661,1.022
14139,3.485,1.022
14140,3.333,1.022
14141,3.226,1.022
14142,3.196,1.026
14143,3.206,1.026
14144,3.211,1.026
14145,3.387,1.026
14146,3.490,1.026
14147,3.524,1.026
14148,3.509,1.026
14149,3.460,1.026
14150,3.397,1.026
14151,3.358,1.026
14152,3.338,1.026
14153,3.348,1.026
14154,3.338,1.026
14155,3.319,1.026
14156,3.309,1.026
14157,3.280,1.026
14158,3.265,1.026
14159,3.231,1.026
14160,3.245,1.026
14161,3.231,1.026
14162,3.216,1.026
14163,2.928,1.026
14164,2.972,1.022
14165,3.935,1.022
14166,4.409,1.026
14167,4.394,1.026
14168,3.807,1.026
14169,3.353,1.026
14170,3.157,1.026
14171,3.182,1.026
14172,3.245,1.026
14173,3.314,1.026
14174,3.299,1.026
14175,3.333,1.026
14176,3.280,1.026
14177,3.250,1.026
14178,3.206,1.026
14179,3.216,1.026
14180,3.196,1.026
14181,3.201,1.026
14182,3.216,1.026
14183,3.343,1.026
14184,3.412,1.031
14185,3.421,1.026
14186,3.397,1.031
14187,3.382,1.031
14188,3.338,1.031
14189,3.309,1.031
14190,2.370,1.026
14191,4.404,1.026
14192,4.404,1.026
14193,4.189,1.026
14194,3.504,1.031
14195,3.113,1.031
14196,3.021,1.031
14197,3.065,1.031
14198,3.177,1.031
14199,3.211,1.031
14200,3.226,1.031
14201,3.270,1.031
14202,3.372,1.031
14203,3.382,1.031
14204,3.407,1.031
14205,3.397,1.036
14206,3.377,1.036
14207,3.328,1.036
14208,3.270,1.036
14209,3.255,1.036
14210,3.275,1.036
14211,3.270,1.036
14212,3.250,1.036
14213,3.236,1.036
14214,3.240,1.036
14215,3.240,1.036
14216,3.221,1.036
14217,2.884,1.036
14218,3.465,1.036
14219,3.524,1.036
14220,3.431,1.041
14221,3.338,1.041
14222,3.343,1.041
14223,2.190,1.036
14224,3.504,1.036
14225,4.189,1.041
14226,3.749,1.041
14227,3.685,1.041
14228,3.421,1.041
14229,3.270,1.041
14230,3.216,1.041
14231,3.211,1.041
14232,3.201,1.046
14233,3.231,1.041
14234,3.231,1.041
14235,3.216,1.046
14236,3.206,1.046
14237,3.206,1.046
14238,3.192,1.046
14239,3.216,1.046
14240,3.289,1.046
14241,3.358,1.046
14242,3.372,1.046
14243,3.338,1.046
14244,3.006,1.046
14245,3.543,1.046
14246,3.612,1.046
14247,3.451,1.046
14248,3.280,1.046
14249,3.206,1.046
14250,3.177,1.051
14251,3.211,1.046
14252,3.211,1.051
14253,3.221,1.051
14254,3.211,1.051
14255,3.187,1.051
14256,3.177,1.051
14257,3.196,1.051
14258,3.270,1.051
14259,3.338,1.051
14260,3.338,1.051
14261,3.348,1.051
14262,3.319,1.051
14263,3.270,1.051
14264,3.255,1.051
14265,3.250,1.051
14266,3.250,1.051
14267,3.250,1.051
14268,3.260,1.056
14269,3.255,1.056
14270,3.245,1.056
14271,2.928,1.051
14272,3.470,1.056
14273,3.543,1.056
14274,3.397,1.056
14275,3.231,1.056
14276,3.187,1.056
14277,3.245,1.056
14278,3.309,1.056
14279,3.338,1.056
14280,3.343,1.056
14281,3.333,1.056
14282,3.284,1.056
14283,3.260,1.056
14284,2.654,1.056
14285,3.284,1.056
14286,3.788,1.056
14287,3.710,1.061
14288,3.446,1.061
14289,2.991,1.061
14290,2.845,1.056
14291,3.612,1.061
14292,3.666,1.061
14293,3.519,1.061
14294,3.294,1.061
14295,3.196,1.061
14296,3.240,1.061
14297,3.314,1.061
14298,3.089,1.061
14299,3.641,1.061
14300,3.710,1.061
14301,3.524,1.061
14302,3.333,1.061
14303,3.236,1.061
14304,3.231,1.061
14305,3.250,1.061
14306,3.270,1.061
14307,3.270,1.061
14308,3.275,1.061
14309,3.265,1.056
14310,3.245,1.056
14311,3.236,1.056
14312,3.231,1.056
14313,3.216,1.056
14314,3.231,1.051
14315,3.280,1.051
14316,3.353,1.051
14317,3.402,1.051
14318,3.397,1.046
14319,3.382,1.046
14320,3.368,1.046
14321,3.343,1.041
14322,3.275,1.041
14323,3.304,1.041
14324,3.348,1.036
14325,3.084,1.036
14326,3.627,1.031
14327,3.661,1.031
14328,3.500,1.031
14329,3.328,1.026
14330,3.236,1.026
14331,3.206,1.026
14332,3.255,1.022
14333,3.275,1.022
14334,3.284,1.022
14335,3.319,1.017
14336,3.407,1.017
14337,3.465,1.017
14338,3.470,1.012
14339,3.470,1.012
14340,3.451,1.012
14341,3.412,1.012
14342,3.392,1.007
14343,3.402,1.007
14344,3.402,1.007
14345,3.407,1.007
14346,2.600,1.002
14347,3.998,1.002
14348,4.238,1.002
14349,3.905,1.002
14350,3.480,1.002
14351,3.245,0.997
14352,2.796,0.997
14353,3.275,0.997
14354,4.106,0.997
14355,4.130,0.997
14356,3.832,0.997
14357,3.534,0.997
14358,3.412,0.997
14359,3.407,0.997
14360,3.431,0.997
14361,3.460,0.997
14362,3.441,0.997
14363,3.451,0.997
14364,3.441,0.992
14365,3.402,0.992
14366,3.392,0.992
14367,3.377,0.992
14368,3.358,0.992
14369,3.348,0.992
14370,3.343,0.992
14371,3.328,0.992
14372,3.333,0.997
14373,3.299,0.992
14374,3.280,0.997
14375,3.338,0.997
14376,3.436,0.997
14377,3.524,0.997
14378,3.548,0.997
14379,3.280,0.997
14380,3.817,0.997
14381,3.842,0.997
14382,3.631,0.997
14383,3.490,0.997
14384,3.387,0.997
14385,3.363,0.997
14386,3.353,0.997
14387,3.377,1.002
14388,3.368,1.002
14389,3.358,1.002
14390,3.328,1.002
14391,3.319,1.002
14392,3.284,1.002
14393,3.270,1.007
14394,3.260,1.007
14395,3.343,1.007
14396,3.441,1.007
14397,3.524,1.007
14398,3.534,1.007
14399,3.529,1.007
14400,3.495,1.007
14401,3.446,1.012
14402,3.402,1.012
14403,3.382,1.012
14404,3.368,1.012
14405,3.387,1.012
14406,2.683,1.012
14407,4.096,1.012
14408,4.252,1.012
14409,3.851,1.017
14410,3.412,1.017
14411,3.128,1.017
14412,3.133,1.017
14413,3.182,1.017
14414,2.835,1.017
14415,2.674,1.017
14416,3.822,1.017
14417,4.066,1.022
14418,3.910,1.022
14419,3.622,1.022
14420,3.407,1.022
14421,3.328,1.022
14422,3.304,1.026
14423,3.324,1.026
14424,3.363,1.026
14425,3.368,1.026
14426,3.387,1.026
14427,3.363,1.026
14428,3.319,1.026
14429,3.289,1.026
14430,3.270,1.031
14431,3.260,1.031
14432,3.250,1.031
14433,2.967,1.031
14434,3.568,1.031
14435,3.675,1.031
14436,3.607,1.031
14437,3.504,1.031
14438,3.441,1.036
14439,3.412,1.036
14440,3.397,1.036
14441,3.299,1.036
14442,3.368,1.036
14443,3.372,1.036
14444,3.358,1.036
14445,3.338,1.036
14446,3.333,1.041
14447,3.280,1.041
14448,3.260,1.041
14449,3.250,1.041
14450,3.255,1.041
14451,3.255,1.041
14452,3.245,1.041
14453,3.226,1.041
14454,3.201,1.041
14455,3.221,1.041
14456,3.309,1.041
14457,3.397,1.046
14458,3.485,1.046
14459,3.485,1.046
14460,3.152,1.046
14461,3.690,1.046
14462,3.719,1.046
14463,3.514,1.046
14464,3.338,1.046
14465,3.245,1.046
14466,3.284,1.046
14467,2.087,1.046
14468,3.421,1.046
14469,4.101,1.046
14470,3.954,1.046
14471,3.509,1.051
14472,3.216,1.051
14473,3.079,1.051
14474,3.104,1.051
14475,3.157,1.051
14476,3.280,1.051
14477,3.021,1.051
14478,2.801,1.051
14479,3.861,1.051
14480,3.998,1.051
14481,3.773,1.051
14482,3.446,1.056
14483,3.231,1.056
14484,3.201,1.056
14485,3.226,1.056
14486,3.265,1.056
14487,3.001,1.056
14488,3.587,1.056
14489,3.622,1.056
14490,3.446,1.056
14491,3.260,1.056
14492,3.162,1.056
14493,3.143,1.056
14494,3.157,1.061
14495,3.201,1.061
14496,3.294,1.061
14497,3.382,1.061
14498,3.402,1.061
14499,3.382,1.061
14500,3.353,1.061
14501,3.289,1.061
14502,3.284,1.061
14503,3.270,1.061
14504,3.260,1.061
14505,3.275,1.061
14506,3.265,1.065
14507,3.236,1.065
14508,3.216,1.065
14509,3.231,1.065
14510,3.192,1.065
14511,3.192,1.065
14512,3.187,1.065
14513,3.196,1.065
14514,2.937,1.065
14515,3.592,1.065
14516,3.734,1.065
14517,3.578,1.065
14518,3.392,1.065
14519,3.284,1.065
14520,3.216,1.065
14521,3.231,1.065
14522,3.226,1.065
14523,3.240,1.070
14524,3.245,1.070
14525,3.245,1.070
14526,3.201,1.070
14527,3.211,1.070
14528,2.556,1.070
14529,3.627,1.070
14530,3.783,1.070
14531,3.529,1.070
14532,3.280,1.070
14533,3.167,1.070
14534,3.216,1.070
14535,3.294,1.070
14536,3.328,1.070
14537,3.333,1.070
14538,3.319,1.075
14539,3.280,1.075
14540,2.830,1.075
14541,2.581,1.070
14542,3.651,1.070
14543,3.827,1.075
14544,3.587,1.075
14545,3.314,1.075
14546,3.128,1.075
14547,3.099,1.075
14548,3.109,1.075
14549,3.148,1.075
14550,3.167,1.075
14551,3.187,1.075
14552,3.245,1.075
14553,3.319,1.075
14554,3.338,1.075
14555,3.333,1.080
14556,3.299,1.080
14557,3.265,1.080
14558,3.231,1.080
14559,3.216,1.080
14560,3.211,1.080
14561,3.231,1.080
14562,3.245,1.080
14563,3.240,1.080
14564,3.201,1.080
14565,3.172,1.080
14566,3.167,1.080
14567,2.854,1.080
14568,3.426,1.080
14569,3.509,1.080
14570,3.407,1.080
14571,3.319,1.080
14572,3.299,1.080
14573,3.260,1.080
14574,3.275,1.080
14575,3.275,1.080
14576,3.260,1.080
14577,3.231,1.075
14578,3.231,1.075
14579,3.226,1.075
14580,3.211,1.075
14581,3.196,1.075
14582,3.196,1.075
14583,3.177,1.070
14584,3.196,1.070
14585,3.196,1.070
14586,3.192,1.070
14587,3.162,1.065
14588,3.206,1.065
14589,3.289,1.065
14590,2.458,1.061
14591,3.925,1.061
14592,4.159,1.061
14593,3.812,1.056
14594,3.021,1.056
14595,3.382,1.056
14596,3.446,1.056
14597,3.358,1.051
14598,3.260,1.051
14599,3.201,1.051
14600,3.192,1.051
14601,3.192,1.051
14602,3.201,1.046
14603,2.805,1.046
14604,2.571,1.046
14605,3.627,1.046
14606,3.847,1.041
14607,3.690,1.041
14608,3.436,1.041
14609,3.260,1.041
14610,3.216,1.041
14611,3.211,1.041
14612,3.231,1.041
14613,3.270,1.036
14614,3.270,1.036
14615,3.255,1.036
14616,3.270,1.036
14617,3.236,1.036
14618,3.211,1.036
14619,3.196,1.036
14620,3.138,1.036
14621,2.898,1.036
14622,3.480,1.031
14623,3.587,1.036
14624,3.490,1.036
14625,3.372,1.036
14626,3.299,1.036
14627,3.280,1.031
14628,3.284,1.031
14629,3.284,1.036
14630,3.250,1.031
14631,3.270,1.031
14632,3.275,1.031
14633,3.275,1.031
14634,3.245,1.031
14635,3.260,1.031
14636,3.216,1.031
14637,3.206,1.036
14638,3.211,1.036
14639,3.206,1.036
14640,3.216,1.036
14641,3.275,1.036
14642,3.338,1.036
14643,3.377,1.036
14644,3.382,1.036
14645,3.363,1.036
14646,3.333,1.036
14647,3.324,1.036
14648,3.021,1.036
14649,3.587,1.036
14650,3.030,1.036
14651,3.930,1.036
14652,3.915,1.036
14653,3.602,1.036
14654,3.294,1.041
14655,3.177,1.041
14656,3.148,1.041
14657,3.177,1.041
14658,3.250,1.041
14659,3.343,1.041
14660,3.421,1.041
14661,3.436,1.041
14662,3.426,1.046
14663,3.416,1.046
14664,3.387,1.046
14665,3.353,1.046
14666,2.962,1.046
14667,2.742,1.046
14668,3.744,1.046
14669,3.881,1.046
14670,3.641,1.046
14671,3.387,1.046
14672,3.211,1.051
14673,3.177,1.051
14674,3.177,1.051
14675,2.918,1.051
14676,3.519,1.051
14677,3.675,1.051
14678,3.627,1.051
14679,3.519,1.051
14680,3.402,1.051
14681,3.402,1.056
14682,3.387,1.056
14683,3.363,1.056
14684,3.324,1.056
14685,3.328,1.056
14686,3.328,1.056
14687,3.324,1.056
14688,3.319,1.056
14689,3.314,1.056
14690,3.294,1.056
14691,3.284,1.056
14692,3.280,1.056
14693,3.265,1.056
14694,3.260,1.056
14695,3.270,1.056
14696,3.280,1.056
14697,3.363,1.056
14698,3.446,1.056
14699,3.460,1.051
14700,3.446,1.051
14701,3.421,1.051
14702,3.084,1.046
14703,3.617,1.046
14704,3.680,1.046
14705,3.543,1.041
14706,3.387,1.041
14707,3.289,1.036
14708,3.270,1.036
14709,3.255,1.031
14710,3.265,1.031
14711,2.141,1.026
14712,3.441,1.022
14713,4.066,1.022
14714,3.910,1.017
14715,3.524,1.017
14716,3.314,1.012
14717,3.275,1.012
14718,3.387,1.007
14719,3.407,1.002
14720,3.407,1.002
14721,3.387,0.997
14722,3.343,0.997
14723,3.319,0.992
14724,3.314,0.992
14725,3.309,0.987
14726,3.319,0.982
14727,3.299,0.982
14728,3.280,0.978
14729,2.757,0.973
14730,3.226,0.968
14731,4.037,0.968
14732,3.935,0.968
14733,3.583,0.963
14734,3.358,0.963
14735,3.299,0.958
14736,3.343,0.958
14737,3.382,0.953
14738,3.397,0.953
14739,3.328,0.948
14740,3.358,0.948
14741,3.328,0.948
14742,3.333,0.943
14743,3.338,0.943
14744,3.324,0.943
14745,3.299,0.938
14746,3.275,0.938
14747,3.245,0.934
14748,3.245,0.934
14749,3.221,0.934
14750,3.206,0.929
14751,3.221,0.929
14752,3.294,0.929
14753,3.402,0.929
14754,3.460,0.924
14755,3.480,0.924
14756,3.143,0.924
14757,3.685,0.924
14758,3.715,0.924
14759,3.534,0.919
14760,3.353,0.919
14761,3.284,0.919
14762,3.265,0.919
14763,3.255,0.919
14764,3.270,0.919
14765,3.275,0.919
14766,3.250,0.919
14767,3.240,0.919
14768,3.221,0.919
14769,3.177,0.919
14770,3.324,0.919
14771,3.460,0.919
14772,2.884,0.919
14773,3.954,0.919
14774,4.076,0.919
14775,3.812,0.924
14776,3.451,0.924
14777,3.265,0.924
14778,3.206,0.924
14779,3.270,0.924
14780,3.304,0.924
14781,3.338,0.929
14782,3.304,0.929
14783,2.962,0.929
14784,3.543,0.929
14785,3.612,0.929
14786,3.431,0.934
14787,3.265,0.934
14788,3.231,0.934
14789,3.333,0.934
14790,3.416,0.934
14791,3.456,0.938
14792,3.187,0.938
14793,3.050,0.938
14794,3.837,0.938
14795,3.886,0.938
14796,3.661,0.943
14797,3.407,0.943
14798,3.245,0.943
14799,3.192,0.943
14800,3.231,0.948
14801,3.260,0.948
14802,3.260,0.948
14803,3.236,0.948
14804,3.216,0.948
14805,3.240,0.948
14806,3.284,0.948
14807,3.368,0.953
14808,3.421,0.953
14809,3.416,0.953
14810,3.094,0.953
14811,3.578,0.953
14812,3.710,0.953
14813,3.627,0.953
14814,3.509,0.953
14815,3.426,0.953
14816,3.402,0.953
14817,3.382,0.953
14818,3.387,0.953
14819,3.377,0.953
14820,3.377,0.953
14821,3.372,0.953
14822,3.353,0.958
14823,3.324,0.958
14824,3.338,0.958
14825,3.397,0.958
14826,3.480,0.958
14827,3.539,0.958
14828,3.543,0.958
14829,3.485,0.958
14830,3.465,0.958
14831,3.426,0.958
14832,3.407,0.958
14833,2.263,0.958
14834,3.587,0.958
14835,4.247,0.958
14836,4.110,0.958
14837,3.319,0.963
14838,3.622,0.963
14839,3.548,0.963
14840,3.382,0.963
14841,3.236,0.963
14842,3.211,0.963
14843,3.255,0.968
14844,3.387,0.968
14845,3.451,0.968
14846,3.470,0.968
14847,3.416,0.968
14848,3.358,0.968
14849,3.299,0.968
14850,3.289,0.973
14851,3.280,0.973
14852,3.319,0.973
14853,3.299,0.973
14854,3.294,0.973
14855,3.025,0.973
14856,3.377,0.973
14857,3.436,0.973
14858,3.343,0.973
14859,3.236,0.978
14860,3.231,0.978
14861,3.245,0.978
14862,3.324,0.978
14863,3.392,0.978
14864,3.148,0.978
14865,3.690,0.978
14866,3.719,0.978
14867,3.524,0.982
14868,3.348,0.982
14869,3.255,0.982
14870,3.236,0.982
14871,3.265,0.982
14872,3.275,0.982
14873,3.275,0.987
14874,3.255,0.987
14875,3.250,0.987
14876,3.236,0.987
14877,3.236,0.987
14878,3.211,0.987
14879,3.216,0.987
14880,3.280,0.992
14881,3.372,0.992
14882,3.416,0.992
14883,3.421,0.992
14884,3.412,0.992
14885,3.363,0.992
14886,3.314,0.992
14887,3.299,0.997
14888,3.304,0.997
14889,3.270,0.997
14890,3.309,0.997
14891,3.025,0.997
14892,3.602,0.997
14893,3.651,0.997
14894,2.815,0.997
14895,3.695,0.997
14896,3.778,0.997
14897,3.534,1.002
14898,3.284,1.002
14899,3.216,1.002
14900,3.255,1.002
14901,3.324,1.002
14902,3.358,1.002
14903,3.372,1.002
14904,3.358,1.002
14905,3.343,1.002
14906,3.299,1.002
14907,3.270,1.002
14908,3.275,1.007
14909,3.284,1.002
14910,3.275,1.007
14911,3.250,1.007
14912,3.240,1.007
14913,3.231,1.002
14914,3.236,1.002
14915,3.226,1.002
14916,3.206,1.007
14917,3.216,1.002
14918,2.820,1.002
14919,3.363,1.002
14920,4.174,1.002
14921,4.081,1.002
14922,3.671,1.002
14923,3.333,1.002
14924,3.192,1.002
14925,3.182,1.002
14926,3.211,0.997
14927,3.280,0.997
14928,3.304,0.997
14929,3.294,0.997
14930,3.275,0.997
14931,3.265,0.997
14932,3.231,0.997
14933,3.216,0.997
14934,3.216,0.997
14935,3.216,0.992
14936,3.226,0.992
14937,3.216,0.992
14938,3.231,0.992
14939,3.275,0.992
14940,3.328,0.992
14941,3.343,0.992
14942,3.338,0.992
14943,3.343,0.992
14944,3.328,0.992
14945,3.060,0.987
14946,3.592,0.987
14947,3.666,0.987
14948,3.436,0.992
14949,3.328,0.987
14950,3.236,0.987
14951,3.226,0.987
14952,3.226,0.987
14953,3.231,0.987
14954,3.250,0.987
14955,2.180,0.987
14956,3.426,0.987
14957,4.022,0.987
14958,3.881,0.987
14959,3.490,0.987
14960,3.231,0.987
14961,3.167,0.987
14962,3.255,0.987
14963,3.319,0.987
14964,3.358,0.987
14965,3.368,0.987
14966,3.358,0.987
14967,3.328,0.987
14968,3.314,0.992
14969,3.299,0.992
14970,3.343,0.992
14971,3.358,0.992
14972,3.128,0.992
14973,3.612,0.992
14974,3.666,0.992
14975,3.495,0.992
14976,3.324,0.992
14977,3.245,0.992
14978,3.211,0.992
14979,3.265,0.992
14980,2.933,0.992
14981,2.698,0.992
14982,3.705,0.992
14983,3.851,0.997
14984,3.700,0.997
14985,3.509,0.997
14986,3.412,0.997
14987,3.377,0.997
14988,3.377,0.997
14989,3.377,0.997
14990,3.431,0.997
14991,3.397,1.002
14992,3.377,1.002
14993,3.372,1.002
14994,3.392,1.002
14995,3.377,1.002
14996,3.358,1.002
14997,3.368,1.002
14998,3.368,1.002
14999,3.109,1.002
15000,3.636,1.002
15001,3.680,1.007
15002,3.519,1.007
15003,3.343,1.007
15004,3.265,1.007
15005,3.275,1.007
15006,3.372,1.007
15007,3.431,1.007
15008,3.465,1.007
15009,3.514,1.012
15010,3.519,1.012
15011,3.500,1.012
15012,3.480,1.012
15013,3.426,1.012
15014,3.431,1.012
15015,3.441,1.012
15016,2.889,1.012
15017,3.876,1.012
15018,4.018,1.012
15019,3.759,1.012
15020,3.451,1.017
15021,3.299,1.017
15022,3.275,1.017
15023,3.299,1.017
15024,3.333,1.017
15025,3.338,1.017
15026,3.118,1.017
15027,3.671,1.017
15028,3.778,1.017
15029,3.715,1.022
15030,3.612,1.022
15031,3.553,1.022
15032,3.539,1.022
15033,3.519,1.022
15034,3.495,1.022
15035,3.480,1.022
15036,3.460,1.022
15037,3.480,1.022
15038,3.460,1.026
15039,3.470,1.026
15040,3.446,1.026
15041,3.426,1.026
15042,3.397,1.026
15043,3.011,1.026
15044,2.761,1.026
15045,3.783,1.026
15046,3.905,1.026
15047,3.680,1.026
15048,3.407,1.026
15049,3.275,1.031
15050,3.270,1.031
15051,3.387,1.031
15052,3.524,1.031
15053,3.661,1.031
15054,3.641,1.031
15055,3.578,1.031
15056,3.519,1.031
15057,3.504,1.031
15058,3.470,1.031
15059,3.456,1.031
15060,3.446,1.036
15061,3.451,1.036
15062,3.431,1.036
15063,3.412,1.036
15064,3.392,1.036
15065,3.363,1.036
15066,3.343,1.036
15067,3.333,1.036
15068,3.304,1.036
15069,3.333,1.036
15070,3.319,1.036
15071,3.294,1.041
15072,3.280,1.041
15073,3.324,1.041
15074,3.416,1.041
15075,3.500,1.041
15076,3.543,1.041
15077,3.568,1.041
15078,2.678,1.041
15079,3.881,1.041
15080,4.399,1.041
15081,4.272,1.041
15082,3.749,1.041
15083,3.358,1.041
15084,3.216,1.041
15085,3.226,1.046
15086,3.280,1.046
15087,3.324,1.046
15088,3.324,1.046
15089,3.319,1.046
15090,3.284,1.046
15091,3.275,1.046
15092,3.265,1.046
15093,3.265,1.046
15094,3.289,1.046
15095,3.363,1.046
15096,3.456,1.051
15097,3.465,1.051
15098,3.509,1.051
15099,3.480,1.051
15100,3.426,1.051
15101,3.397,1.051
15102,3.377,1.051
15103,3.363,1.051
15104,3.368,1.051
15105,3.372,1.051
15106,2.688,1.051
15107,2.972,1.051
15108,4.062,1.051
15109,4.057,1.051
15110,3.680,1.051
15111,3.309,1.051
15112,3.162,1.051
15113,3.143,1.056
15114,3.226,1.056
15115,3.358,1.056
15116,3.509,1.056
15117,3.534,1.056
15118,3.485,1.056
15119,3.441,1.056
15120,3.426,1.056
15121,3.382,1.056
15122,3.328,1.056
15123,3.333,1.056
15124,3.343,1.056
15125,3.358,1.056
15126,3.328,1.061
15127,3.265,1.061
15128,3.304,1.061
15129,3.284,1.061
15130,3.270,1.061
15131,3.245,1.061
15132,3.255,1.061
15133,2.923,1.061
15134,3.519,1.061
15135,3.695,1.061
15136,3.666,1.061
15137,3.548,1.061
15138,2.820,1.061
15139,3.827,1.061
15140,3.983,1.061
15141,3.724,1.061
15142,3.416,1.061
15143,3.275,1.065
15144,3.270,1.065
15145,3.270,1.065
15146,3.275,1.065
15147,3.275,1.065
15148,3.275,1.065
15149,3.245,1.065
15150,3.236,1.065
15151,3.226,1.065
15152,3.231,1.065
15153,3.211,1.065
15154,3.250,1.065
15155,3.333,1.065
15156,3.407,1.065
15157,3.392,1.065
15158,3.412,1.065
15159,3.368,1.065
15160,3.025,1.065
15161,3.568,1.065
15162,3.636,1.065
15163,3.509,1.065
15164,3.343,1.065
15165,3.245,1.061
15166,3.206,1.061
15167,3.226,1.061
15168,3.236,1.061
15169,2.845,1.061
15170,2.581,1.056
15171,3.627,1.056
15172,3.798,1.056
15173,3.656,1.056
15174,3.451,1.051
15175,3.343,1.051
15176,3.299,1.051
15177,3.294,1.051
15178,3.275,1.051
15179,3.299,1.046
15180,3.280,1.046
15181,3.280,1.046
15182,3.284,1.046
15183,3.289,1.041
15184,3.255,1.041
15185,3.226,1.041
15186,3.221,1.041
15187,2.923,1.036
15188,3.509,1.036
15189,3.583,1.036
15190,3.436,1.036
15191,3.358,1.031
15192,3.338,1.031
15193,3.353,1.031
15194,3.358,1.031
15195,3.368,1.031
15196,3.328,1.031
15197,3.294,1.026
15198,3.284,1.026
15199,2.155,1.026
15200,3.470,1.022
15201,4.135,1.022
15202,3.954,1.022
15203,3.539,1.022
15204,3.221,1.022
15205,3.084,1.022
15206,3.123,1.022
15207,3.187,1.022
15208,3.245,1.022
15209,3.324,1.022
15210,3.382,1.022
15211,3.392,1.022
15212,3.368,1.022
15213,3.348,1.022
15214,3.040,1.022
15215,3.558,1.022
15216,3.568,1.022
15217,3.475,1.022
15218,3.353,1.022
15219,3.255,1.022
15220,3.211,1.022
15221,3.226,1.022
15222,3.236,1.022
15223,3.231,1.022
15224,3.221,1.022
15225,3.206,1.022
15226,3.216,1.022
15227,3.270,1.022
15228,3.348,1.022
15229,3.392,1.022
15230,3.397,1.022
15231,3.363,1.022
15232,2.967,1.022
15233,2.664,1.017
15234,3.690,1.017
15235,3.837,1.017
15236,3.622,1.017
15237,3.358,1.022
15238,3.211,1.022
15239,3.162,1.017
15240,3.157,1.017
15241,2.898,1.017
15242,3.500,1.017
15243,3.583,1.017
15244,3.416,1.017
15245,3.304,1.017
15246,3.265,1.017
15247,3.343,1.017
15248,3.372,1.017
15249,3.338,1.017
15250,3.314,1.017
15251,3.284,1.022
15252,3.245,1.017
15253,3.240,1.022
15254,3.240,1.022
15255,3.255,1.022
15256,3.236,1.022
15257,3.226,1.022
15258,3.226,1.022
15259,3.226,1.022
15260,2.625,1.017
15261,3.627,1.022
15262,3.842,1.017
15263,3.695,1.022
15264,3.490,1.022
15265,3.309,1.022
15266,3.280,1.022
15267,3.280,1.022
15268,3.021,1.022
15269,3.573,1.022
15270,3.636,1.022
15271,3.490,1.022
15272,3.319,1.022
15273,3.236,1.026
15274,3.231,1.026
15275,3.236,1.026
15276,3.206,1.026
15277,3.236,1.026
15278,3.250,1.026
15279,3.245,1.026
15280,3.309,1.026
15281,3.368,1.026
15282,3.421,1.026
15283,3.407,1.026
15284,3.402,1.031
15285,3.348,1.031
15286,3.299,1.031
15287,3.284,1.031
15288,3.284,1.031
15289,3.309,1.031
15290,3.309,1.031
15291,3.289,1.031
15292,3.270,1.031
15293,3.270,1.031
15294,3.275,1.036
15295,2.796,1.031
15296,3.240,1.031
15297,4.057,1.031
15298,4.057,1.036
15299,3.768,1.036
15300,3.480,1.036
15301,3.343,1.036
15302,3.299,1.036
15303,3.304,1.041
15304,3.324,1.041
15305,3.358,1.041
15306,3.338,1.041
15307,3.353,1.041
15308,3.348,1.041
15309,3.333,1.041
15310,3.304,1.041
15311,3.294,1.041
15312,3.270,1.046
15313,3.270,1.046
15314,3.260,1.046
15315,3.255,1.046
15316,3.319,1.046
15317,3.407,1.046
15318,3.460,1.046
15319,3.470,1.046
15320,3.456,1.046
15321,2.336,1.046
15322,3.504,1.046
15323,4.399,1.046
15324,4.360,1.046
15325,3.842,1.046
15326,3.377,1.046
15327,3.172,1.046
15328,3.172,1.046
15329,3.231,1.046
15330,3.275,1.046
15331,3.265,1.046
15332,3.270,1.046
15333,3.265,1.046
15334,3.270,1.046
15335,3.206,1.046
15336,3.328,1.046
15337,3.436,1.041
15338,3.490,1.041
15339,3.485,1.041
15340,3.456,1.041
15341,3.446,1.041
15342,3.407,1.036
15343,3.372,1.036
15344,3.358,1.036
15345,3.382,1.031
15346,3.358,1.031
15347,3.358,1.031
15348,3.343,1.026
15349,3.040,1.026
15350,3.592,1.022
15351,3.627,1.022
15352,3.485,1.022
15353,3.309,1.022
15354,3.196,1.017
15355,3.187,1.017
15356,3.260,1.017
15357,3.387,1.012
15358,3.245,1.012
15359,3.192,1.007
15360,3.964,1.007
15361,3.983,1.007
15362,3.729,1.007
15363,3.412,1.007
15364,3.284,1.002
15365,3.201,1.002
15366,3.299,1.002
15367,3.338,1.002
15368,3.363,0.997
15369,3.328,0.997
15370,3.299,0.997
15371,3.275,0.997
15372,3.280,0.997
15373,3.275,0.997
15374,3.260,0.997
15375,3.231,0.992
15376,3.001,0.992
15377,3.612,0.992
15378,3.773,0.992
15379,3.675,0.992
15380,3.524,0.992
15381,2.825,0.992
15382,3.407,0.987
15383,3.939,0.987
15384,3.876,0.987
15385,3.592,0.987
15386,3.368,0.987
15387,3.284,0.987
15388,3.280,0.987
15389,3.294,0.992
15390,3.304,0.987
15391,3.299,0.992
15392,3.284,0.992
15393,3.265,0.992
15394,3.245,0.992
15395,3.196,0.992
15396,3.255,0.992
15397,3.260,0.992
15398,3.275,0.992
15399,3.368,0.992
15400,3.465,0.992
15401,3.490,0.992
15402,3.475,0.992
15403,3.172,0.992
15404,3.719,0.992
15405,3.763,0.992
15406,3.587,0.997
15407,3.416,0.997
15408,3.324,0.997
15409,3.289,0.997
15410,3.289,0.997
15411,3.314,0.997
15412,3.314,0.997
15413,3.289,1.002
15414,3.245,1.002
15415,3.245,1.002
15416,3.236,1.002
15417,3.236,1.002
15418,3.221,1.002
15419,3.255,1.007
15420,3.363,1.007
15421,3.211,1.007
15422,3.206,1.007
15423,4.008,1.007
15424,4.071,1.007
15425,3.773,1.007
15426,3.495,1.007
15427,3.338,1.012
15428,3.289,1.012
15429,3.309,1.012
15430,3.065,1.012
15431,3.661,1.012
15432,3.675,1.012
15433,3.485,1.012
15434,3.284,1.017
15435,3.206,1.017
15436,3.177,1.017
15437,3.196,1.017
15438,3.201,1.017
15439,3.226,1.022
15440,3.284,1.022
15441,3.387,1.022
15442,3.465,1.022
15443,2.639,1.022
15444,4.101,1.022
15445,4.321,1.022
15446,3.949,1.022
15447,3.519,1.026
15448,3.236,1.026
15449,3.182,1.026
15450,3.231,1.026
15451,3.304,1.026
15452,3.309,1.026
15453,3.294,1.031
15454,3.265,1.031
15455,3.231,1.031
15456,3.245,1.031
15457,2.937,1.031
15458,3.543,1.031
15459,3.592,1.031
15460,3.456,1.031
15461,3.377,1.031
15462,3.392,1.036
15463,3.416,1.036
15464,3.431,1.036
15465,3.426,1.036
15466,3.397,1.036
15467,3.363,1.036
15468,3.324,1.036
15469,3.319,1.036
15470,3.338,1.036
15471,3.333,1.036
15472,3.304,1.036
15473,3.275,1.036
15474,3.289,1.041
15475,3.289,1.041
15476,3.270,1.041
15477,3.240,1.041
15478,3.236,1.041
15479,3.226,1.041
15480,3.216,1.041
15481,3.265,1.041
15482,3.363,1.041
15483,3.456,1.046
15484,3.055,1.046
15485,3.500,1.041
15486,4.296,1.041
15487,4.145,1.046
15488,3.695,1.046
15489,3.328,1.046
15490,3.211,1.046
15491,3.187,1.046
15492,3.231,1.046
15493,3.304,1.046
15494,3.299,1.046
15495,3.245,1.046
15496,3.245,1.046
15497,3.216,1.046
15498,3.211,1.046
15499,3.196,1.046
15500,3.240,1.046
15501,3.314,1.046
15502,3.412,1.046
15503,2.825,1.046
15504,3.456,1.046
15505,3.969,1.046
15506,3.881,1.051
15507,3.539,1.051
15508,3.294,1.051
15509,3.196,1.051
15510,3.240,1.056
15511,2.972,1.056
15512,3.602,1.056
15513,3.656,1.056
15514,3.426,1.056
15515,3.299,1.061
15516,3.172,1.061
15517,3.162,1.061
15518,3.167,1.061
15519,3.182,1.065
15520,3.270,1.065
15521,3.387,1.065
15522,3.451,1.065
15523,3.456,1.065
15524,3.431,1.065
15525,3.407,1.070
15526,3.368,1.070
15527,3.328,1.070
15528,3.314,1.070
15529,3.314,1.070
15530,3.314,1.070
15531,3.309,1.070
15532,3.299,1.070
15533,3.275,1.070
15534,3.255,1.070
15535,3.231,1.070
15536,3.221,1.070
15537,3.216,1.070
15538,2.933,1.065
15539,3.539,1.065
15540,3.671,1.070
15541,3.602,1.065
15542,3.475,1.065
15543,3.387,1.065
15544,3.284,1.065
15545,3.348,1.065
15546,2.942,1.065
15547,2.639,1.065
15548,3.705,1.061
15549,3.891,1.061
15550,3.656,1.061
15551,3.372,1.061
15552,3.192,1.061
15553,3.152,1.061
15554,3.157,1.056
15555,3.187,1.056
15556,3.211,1.056
15557,3.206,1.056
15558,3.177,1.056
15559,3.221,1.056
15560,3.314,1.056
15561,3.397,1.056
15562,3.412,1.051
15563,3.412,1.051
15564,3.387,1.051
15565,2.444,1.046
15566,3.949,1.046
15567,4.233,1.046
15568,3.900,1.046
15569,3.465,1.046
15570,3.192,1.046
15571,3.113,1.046
15572,3.138,1.046
15573,3.201,1.041
15574,3.196,1.041
15575,3.221,1.041
15576,3.226,1.041
15577,3.211,1.041
15578,3.206,1.041
15579,3.304,1.036
15580,3.407,1.036
15581,3.431,1.036
15582,3.426,1.036
15583,3.372,1.036
15584,3.348,1.036
15585,3.304,1.031
15586,3.284,1.031
15587,3.289,1.031
15588,3.275,1.031
15589,3.299,1.031
15590,3.265,1.031
15591,2.898,1.031
15592,3.465,1.031
15593,3.553,1.031
15594,3.407,1.026
15595,3.240,1.026
15596,3.138,1.026
15597,3.143,1.026
15598,3.192,1.026
15599,3.314,1.026
15600,3.412,1.026
15601,3.475,1.026
15602,3.436,1.026
15603,3.372,1.026
15604,3.304,1.026
15605,3.309,1.026
15606,3.280,1.026
15607,3.280,1.026
15608,3.265,1.026
15609,3.275,1.026
15610,3.021,1.026
15611,2.893,1.026
15612,3.715,1.026
15613,3.773,1.026
15614,3.529,1.026
15615,3.255,1.026
15616,3.118,1.026
15617,3.074,1.026
15618,2.810,1.026
15619,3.558,1.026
15620,3.768,1.026
15621,3.636,1.031
15622,3.470,1.031
15623,3.348,1.031
15624,3.309,1.031
15625,2.644,1.031
15626,3.280,1.031
15627,3.842,1.031
15628,3.803,1.031
15629,3.519,1.031
15630,3.294,1.031
15631,3.152,1.036
15632,3.138,1.036
15633,3.118,1.036
15634,3.162,1.036
15635,3.201,1.036
15636,3.206,1.036
15637,3.172,1.036
15638,3.157,1.036
15639,3.148,1.036
15640,3.250,1.041
15641,3.343,1.041
15642,3.412,1.041
15643,3.421,1.041
15644,3.377,1.041
15645,2.986,1.041
15646,3.548,1.041
15647,3.627,1.041
15648,3.480,1.041
15649,3.289,1.046
15650,3.192,1.046
15651,3.182,1.046
15652,3.182,1.046
15653,3.182,1.046
15654,3.172,1.046
15655,3.152,1.046
15656,3.162,1.046
15657,3.152,1.051
15658,3.138,1.051
15659,3.138,1.051
15660,3.138,1.051
15661,3.167,1.051
15662,3.275,1.051
15663,3.358,1.056
15664,3.397,1.051
15665,3.392,1.056
15666,3.338,1.056
15667,3.299,1.056
15668,3.260,1.056
15669,3.226,1.056
15670,3.211,1.056
15671,3.206,1.056
15672,2.537,1.056
15673,2.835,1.056
15674,3.954,1.056
15675,4.047,1.056
15676,3.700,1.056
15677,3.372,1.061
15678,3.201,1.061
15679,3.187,1.061
15680,3.216,1.061
15681,3.250,1.061
15682,3.348,1.061
15683,3.441,1.061
15684,3.509,1.061
15685,3.524,1.065
15686,3.504,1.065
15687,2.605,1.061
15688,4.008,1.061
15689,4.238,1.065
15690,3.891,1.065
15691,3.514,1.065
15692,3.284,1.065
15693,3.216,1.065
15694,3.270,1.065
15695,3.324,1.070
15696,3.338,1.070
15697,3.314,1.070
15698,3.294,1.070
15699,2.981,1.070
15700,3.539,1.070
15701,3.602,1.070
15702,3.460,1.070
15703,3.387,1.070
15704,3.382,1.075
15705,3.397,1.075
15706,3.407,1.075
15707,3.382,1.075
15708,3.353,1.075
15709,3.333,1.075
15710,3.304,1.075
15711,3.309,1.075
15712,3.304,1.075
15713,3.309,1.075
15714,3.299,1.080
15715,3.289,1.075
15716,3.260,1.080
15717,3.250,1.080
15718,3.221,1.080
15719,3.226,1.080
15720,3.236,1.080
15721,3.216,1.080
15722,3.206,1.080
15723,3.201,1.080
15724,3.353,1.080
15725,3.441,1.085
15726,3.152,1.080
15727,3.695,1.080
15728,3.724,1.085
15729,3.548,1.085
15730,3.353,1.085
15731,3.245,1.085
15732,3.231,1.085
15733,3.270,1.085
15734,3.289,1.085
15735,2.918,1.085
15736,3.392,1.085
15737,3.485,1.085
15738,3.402,1.085
15739,3.309,1.085
15740,3.231,1.090
15741,3.206,1.090
15742,3.221,1.090
15743,3.284,1.090
15744,3.377,1.090
15745,3.470,1.090
15746,3.465,1.090
15747,3.431,1.090
15748,2.796,1.090
15749,3.788,1.090
15750,3.920,1.090
15751,3.695,1.090
15752,3.426,1.090
15753,2.947,1.090
15754,3.539,1.090
15755,3.617,1.090
15756,3.485,1.090
15757,3.314,1.090
15758,3.245,1.090
15759,3.216,1.095
15760,3.211,1.095
15761,3.255,1.095
15762,3.363,1.095
15763,3.456,1.095
15764,3.504,1.095
15765,3.475,1.095
15766,3.451,1.095
15767,3.407,1.095
15768,3.353,1.095
15769,3.328,1.095
15770,3.338,1.095
15771,3.338,1.100
15772,3.338,1.100
15773,3.328,1.095
15774,3.338,1.100
15775,3.289,1.100
15776,3.265,1.100
15777,3.260,1.100
15778,3.270,1.100
15779,3.255,1.100
15780,2.962,1.100
15781,3.578,1.100
15782,3.778,1.100
15783,3.675,1.100
15784,3.563,1.100
15785,3.456,1.100
15786,3.397,1.100
15787,3.372,1.100
15788,3.348,1.100
15789,3.353,1.100
15790,3.363,1.100
15791,3.348,1.100
15792,3.328,1.100
15793,3.324,1.100
15794,3.309,1.100
15795,3.280,1.100
15796,3.270,1.100
15797,3.260,1.100
15798,2.884,1.100
15799,0.293,1.070
15800,4.399,1.056
15801,4.399,1.046
15802,4.394,1.041
15803,4.394,1.031
15804,4.399,1.022
15805,4.399,1.026
15806,4.399,1.026
15807,4.399,1.026
15808,4.399,1.026
15809,4.399,1.026
15810,4.027,1.026
15811,3.353,1.026
15812,3.099,1.026
15813,3.143,1.026
15814,3.265,1.026
15815,3.348,1.022
15816,3.377,1.022
15817,3.363,1.022
15818,3.333,1.017
15819,3.289,1.017
15820,3.280,1.012
15821,3.270,1.012
15822,3.270,1.012
15823,3.328,1.007
15824,3.431,1.007
15825,3.480,1.007
15826,3.470,1.002
15827,3.480,1.002
15828,3.451,1.002
15829,3.382,1.002
15830,3.343,0.997
15831,3.333,0.997
15832,3.343,0.997
15833,3.343,0.997
15834,3.060,0.992
15835,3.602,0.992
15836,3.666,0.992
15837,3.504,0.992
15838,3.314,0.987
15839,3.216,0.987
15840,3.216,0.987
15841,3.236,0.987
15842,3.299,0.987
15843,3.392,0.987
15844,3.495,0.987
15845,3.524,0.987
15846,3.524,0.982
15847,3.490,0.982
15848,3.460,0.982
15849,3.407,0.982
15850,3.387,0.982
15851,3.372,0.982
15852,3.368,0.982
15853,3.368,0.982
15854,3.333,0.982
15855,3.309,0.982
15856,3.270,0.982
15857,3.299,0.982
15858,3.299,0.982
15859,3.284,0.982
15860,3.280,0.982
15861,2.786,0.982
15862,3.299,0.982
15863,4.189,0.982
15864,4.203,0.982
15865,3.886,0.982
15866,3.558,0.982
15867,2.761,0.982
15868,3.783,0.982
15869,3.964,0.982
15870,3.759,0.982
15871,3.495,0.982
15872,3.324,0.982
15873,3.294,0.982
15874,3.309,0.982
15875,3.328,0.982
15876,3.333,0.982
15877,3.319,0.982
15878,3.299,0.982
15879,3.289,0.982
15880,3.275,0.978
15881,3.270,0.978
15882,3.270,0.978
15883,3.348,0.978
15884,3.460,0.978
15885,3.495,0.978
15886,3.495,0.973
15887,3.524,0.973
15888,3.206,0.973
15889,3.734,0.973
15890,3.744,0.968
15891,3.578,0.968
15892,3.412,0.968
15893,3.333,0.968
15894,3.299,0.968
15895,3.299,0.963
15896,3.314,0.963
15897,3.314,0.963
15898,3.294,0.963
15899,3.299,0.963
15900,3.270,0.958
15901,3.240,0.958
15902,3.245,0.958
15903,3.319,0.958
15904,3.421,0.958
15905,3.495,0.958
15906,3.495,0.958
15907,3.490,0.953
15908,3.456,0.953
15909,3.412,0.953
15910,3.368,0.953
15911,3.358,0.953
15912,3.358,0.953
15913,3.363,0.948
15914,3.338,0.948
15915,2.825,0.948
15916,4.115,0.948
15917,4.218,0.948
15918,3.803,0.948
15919,3.377,0.948
15920,3.138,0.948
15921,3.099,0.948
15922,3.187,0.948
15923,3.104,0.943
15924,3.607,0.948
15925,3.729,0.943
15926,3.636,0.943
15927,3.514,0.948
15928,2.546,0.943
15929,3.959,0.943
15930,4.223,0.943
15931,3.900,0.943
15932,3.509,0.943
15933,3.284,0.943
15934,3.201,0.943
15935,3.221,0.943
15936,3.275,0.943
15937,3.280,0.943
15938,3.280,0.943
15939,3.275,0.943
15940,3.240,0.943
15941,3.255,0.943
15942,3.123,0.943
15943,3.793,0.943
15944,3.895,0.943
15945,3.715,0.943
15946,3.563,0.943
15947,3.416,0.948
15948,3.353,0.948
15949,3.338,0.948
15950,3.348,0.948
15951,3.363,0.948
15952,3.368,0.948
15953,3.353,0.948
15954,3.333,0.948
15955,3.304,0.948
15956,3.275,0.948
15957,3.265,0.948
15958,3.280,0.948
15959,3.265,0.953
15960,3.250,0.953
15961,3.250,0.953
15962,3.416,0.953
15963,3.490,0.953
15964,3.548,0.953
15965,3.568,0.953
15966,3.548,0.953
15967,3.514,0.958
15968,3.460,0.958
15969,3.133,0.958
15970,3.729,0.958
15971,3.778,0.958
15972,3.607,0.958
15973,3.426,0.963
15974,3.319,0.963
15975,3.270,0.963
15976,3.304,0.963
15977,3.314,0.963
15978,3.324,0.963
15979,3.284,0.968
15980,3.280,0.968
15981,3.265,0.968
15982,3.284,0.968
15983,3.353,0.968
15984,3.451,0.973
15985,3.524,0.973
15986,3.304,0.973
15987,3.167,0.973
15988,3.426,0.973
15989,3.944,0.973
15990,4.189,0.973
15991,3.886,0.978
15992,3.514,0.978
15993,3.309,0.978
15994,3.240,0.982
15995,3.255,0.982
15996,3.025,0.982
15997,3.631,0.982
15998,3.690,0.982
15999,3.514,0.987
16000,3.304,0.987
16001,3.216,0.987
16002,3.245,0.987
16003,3.343,0.992
16004,3.407,0.992
16005,3.504,0.992
16006,3.504,0.992
16007,3.441,0.992
16008,3.402,0.992
16009,3.392,0.997
16010,3.368,0.997
16011,3.358,0.997
16012,3.358,0.997
16013,3.348,0.997
16014,3.328,1.002
16015,3.328,1.002
16016,3.309,1.002
16017,3.294,1.002
16018,3.275,1.002
16019,3.260,1.002
16020,3.245,1.007
16021,3.289,1.007
16022,3.372,1.007
16023,3.182,1.007
16024,3.793,1.007
16025,3.881,1.007
16026,3.661,1.012
16027,3.446,1.012
16028,3.294,1.012
16029,3.275,1.012
16030,3.299,1.012
16031,3.338,1.017
16032,3.348,1.017
16033,3.358,1.017
16034,3.289,1.017
16035,3.299,1.017
16036,3.314,1.017
16037,3.289,1.017
16038,3.270,1.022
16039,3.265,1.022
16040,3.324,1.022
16041,3.436,1.022
16042,3.490,1.022
16043,3.509,1.026
16044,3.480,1.026
16045,3.451,1.026
16046,3.402,1.026
16047,3.363,1.026
16048,3.363,1.026
16049,3.138,1.026
16050,2.742,1.026
16051,4.399,1.026
16052,4.399,1.026
16053,4.262,1.026
16054,3.592,1.031
16055,3.162,1.031
16056,3.079,1.031
16057,3.123,1.031
16058,3.250,1.031
16059,3.402,1.036
16060,3.504,1.036
16061,3.529,1.036
16062,3.534,1.036
16063,3.475,1.036
16064,3.426,1.036
16065,3.421,1.036
16066,3.392,1.036
16067,3.372,1.036
16068,3.382,1.036
16069,3.372,1.036
16070,3.338,1.036
16071,3.314,1.036
16072,3.338,1.036
16073,3.319,1.036
16074,3.304,1.036
16075,3.289,1.036
16076,3.260,1.036
16077,3.289,1.036
16078,3.270,1.036
16079,3.299,1.036
16080,3.397,1.031
16081,3.475,1.031
16082,3.485,1.031
16083,3.460,1.031
16084,3.436,1.031
16085,3.402,1.031
16086,3.372,1.026
16087,3.343,1.026
16088,3.368,1.026
16089,3.353,1.026
16090,3.338,1.022
16091,3.324,1.022
16092,3.304,1.022
16093,3.280,1.022
16094,3.192,1.017
16095,3.240,1.017
16096,3.260,1.017
16097,3.255,1.012
16098,3.236,1.012
16099,3.231,1.012
16100,3.289,1.012
16101,3.392,1.007
16102,3.446,1.007
16103,3.123,1.007
16104,3.734,1.002
16105,3.773,1.002
16106,3.602,1.002
16107,3.387,1.002
16108,3.289,1.002
16109,3.265,1.002
16110,3.289,0.997
16111,2.669,0.997
16112,3.065,0.997
16113,3.539,0.992
16114,4.238,0.992
16115,4.008,0.992
16116,3.568,0.992
16117,3.216,0.992
16118,3.069,0.992
16119,3.104,0.992
16120,3.265,0.992
16121,3.392,0.992
16122,3.490,0.992
16123,3.456,0.992
16124,3.397,0.992
16125,3.392,0.992
16126,3.372,0.992
16127,3.324,0.992
16128,3.328,0.992
16129,3.299,0.992
16130,2.957,0.992
16131,3.553,0.992
16132,3.636,0.992
16133,3.470,0.992
16134,3.299,0.992
16135,3.211,0.992
16136,3.206,0.992
16137,3.196,0.992
16138,3.226,0.992
16139,3.250,0.992
16140,3.353,0.992
16141,3.412,0.992
16142,3.426,0.992
16143,3.387,0.997
16144,3.377,0.997
16145,3.319,0.997
16146,3.284,0.997
16147,3.275,0.997
16148,3.284,0.997
16149,3.275,0.997
16150,3.275,0.997
16151,3.260,0.997
16152,3.265,1.002
16153,3.255,1.002
16154,3.231,1.002
16155,3.231,1.002
16156,3.240,1.002
16157,2.879,1.002
16158,3.460,1.002
16159,3.617,1.002
16160,3.573,1.007
16161,3.470,1.007
16162,3.387,1.007
16163,3.353,1.007
16164,3.348,1.007
16165,3.333,1.012
16166,3.309,1.012
16167,3.304,1.012
16168,3.294,1.012
16169,3.294,1.012
16170,3.275,1.012
16171,3.265,1.012
16172,3.260,1.017
16173,2.317,1.012
16174,3.793,1.012
16175,3.837,1.017
16176,3.368,1.017
16177,3.827,1.017
16178,3.690,1.017
16179,3.480,1.022
16180,3.343,1.022
16181,3.324,1.022
16182,3.338,1.022
16183,3.328,1.026
16184,3.065,1.022
16185,3.641,1.026
16186,3.671,1.026
16187,3.509,1.026
16188,3.338,1.026
16189,3.231,1.026
16190,3.206,1.031
16191,3.231,1.031
16192,3.221,1.031
16193,3.231,1.031
16194,3.216,1.031
16195,3.221,1.031
16196,3.192,1.031
16197,3.196,1.036
16198,3.187,1.036
16199,3.211,1.036
16200,3.280,1.036
16201,3.372,1.036
16202,3.402,1.036
16203,3.412,1.036
16204,3.382,1.036
16205,3.343,1.041
16206,3.299,1.041
16207,3.299,1.041
16208,3.280,1.041
16209,3.275,1.041
16210,3.284,1.041
16211,2.962,1.041
16212,3.548,1.041
16213,3.543,1.046
16214,3.470,1.041
16215,3.333,1.046
16216,3.236,1.046
16217,3.182,1.046
16218,3.187,1.046
16219,3.196,1.046
16220,3.236,1.046
16221,3.319,1.046
16222,3.412,1.046
16223,3.446,1.051
16224,3.431,1.051
16225,3.402,1.051
16226,3.353,1.051
16227,3.324,1.051
16228,3.309,1.051
16229,3.304,1.051
16230,3.314,1.051
16231,3.314,1.051
16232,3.314,1.056
16233,2.683,1.051
16234,3.289,1.051
16235,3.812,1.051
16236,3.719,1.056
16237,3.465,1.056
16238,2.742,1.056
16239,3.128,1.056
16240,3.983,1.056
16241,4.013,1.056
16242,3.773,1.056
16243,3.490,1.056
16244,3.382,1.061
16245,3.348,1.061
16246,3.368,1.061
16247,3.387,1.061
16248,3.377,1.061
16249,3.338,1.061
16250,3.358,1.061
16251,3.343,1.061
16252,3.333,1.061
16253,3.309,1.065
16254,3.314,1.061
16255,3.280,1.065
16256,3.270,1.065
16257,3.265,1.065
16258,3.265,1.065
16259,3.236,1.065
16260,3.236,1.065
16261,3.265,1.065
16262,3.382,1.065
16263,3.475,1.065
16264,3.509,1.065
16265,3.187,1.065
16266,3.763,1.065
16267,3.807,1.065
16268,3.622,1.070
16269,3.421,1.070
16270,3.324,1.070
16271,3.328,1.070
16272,3.338,1.070
16273,3.324,1.070
16274,3.358,1.070
16275,3.353,1.070
16276,3.309,1.070
16277,3.284,1.070
16278,3.324,1.070
16279,3.304,1.075
16280,3.289,1.075
16281,3.265,1.075
16282,3.265,1.075
16283,3.333,1.075
16284,3.436,1.075
16285,3.514,1.075
16286,3.539,1.075
16287,3.504,1.075
16288,3.465,1.075
16289,3.412,1.075
16290,3.392,1.075
16291,3.382,1.075
16292,3.089,1.075
16293,3.690,1.075
16294,2.590,1.075
16295,3.724,1.075
16296,4.223,1.075
16297,3.993,1.075
16298,3.543,1.080
16299,3.236,1.080
16300,2.742,1.080
16301,2.517,1.080
16302,3.587,1.080
16303,3.871,1.080
16304,3.798,1.080
16305,3.636,1.080
16306,3.500,1.080
16307,3.436,1.080
16308,3.407,1.085
16309,3.431,1.085
16310,3.421,1.085
16311,3.397,1.085
16312,3.392,1.085
16313,3.387,1.085
16314,3.372,1.085
16315,3.348,1.085
16316,3.328,1.085
16317,3.314,1.085
16318,3.309,1.085
16319,2.991,1.085
16320,3.563,1.085
16321,3.627,1.085
16322,3.470,1.085
16323,3.304,1.090
16324,3.221,1.090
16325,3.299,1.090
16326,3.426,1.090
16327,3.504,1.090
16328,3.524,1.090
16329,3.519,1.090
16330,3.475,1.090
16331,3.421,1.090
16332,3.372,1.090
16333,3.353,1.090
16334,3.397,1.090
16335,3.387,1.090
16336,3.382,1.090
16337,3.363,1.090
16338,3.353,1.095
16339,3.314,1.095
16340,3.294,1.095
16341,3.304,1.095
16342,3.309,1.095
16343,3.284,1.095
16344,3.275,1.095
16345,3.265,1.095
16346,3.006,1.095
16347,3.695,1.095
16348,3.871,1.095
16349,3.749,1.095
16350,3.563,1.095
16351,3.421,1.095
16352,3.358,1.095
16353,3.338,1.095
16354,3.377,1.100
16355,2.708,1.095
16356,3.842,1.095
16357,4.008,1.095
16358,3.773,1.100
16359,3.446,1.100
16360,3.231,1.100
16361,3.177,1.100
16362,3.143,1.100
16363,2.810,1.100
16364,2.605,1.100
16365,3.705,1.100
16366,3.886,1.100
16367,3.700,1.100
16368,3.529,1.100
16369,3.436,1.100
16370,3.416,1.100
16371,3.407,1.100
16372,3.426,1.100
16373,3.118,1.100
16374,3.680,1.105
16375,3.754,1.100
16376,3.607,1.105
16377,3.426,1.105
16378,3.314,1.105
16379,3.280,1.105
16380,3.284,1.105
16381,3.294,1.105
16382,3.299,1.105
16383,3.280,1.105
16384,3.260,1.105
16385,3.245,1.105
16386,3.299,1.105
16387,3.397,1.105
16388,3.495,1.109
16389,3.534,1.105
16390,3.509,1.109
16391,3.451,1.109
16392,3.372,1.109
16393,3.382,1.109
16394,3.363,1.109
16395,3.358,1.109
16396,3.358,1.109
16397,3.348,1.109
16398,3.319,1.109
16399,3.284,1.109
16400,2.947,1.109
16401,3.558,1.109
16402,3.627,1.109
16403,3.436,1.109
16404,3.309,1.109
16405,3.221,1.109
16406,3.182,1.109
16407,3.265,1.109
16408,3.392,1.109
16409,3.485,1.114
16410,3.514,1.114
16411,3.485,1.114
16412,3.460,1.114
16413,3.426,1.114
16414,3.363,1.114
16415,3.343,1.114
16416,2.077,1.114
16417,3.490,1.109
16418,4.228,1.114
16419,4.096,1.114
16420,3.646,1.114
16421,3.289,1.114
16422,3.089,1.114
16423,3.118,1.114
16424,3.162,1.114
16425,3.196,1.114
16426,2.786,1.114
16427,2.678,1.114
16428,4.125,1.114
16429,4.379,1.114
16430,4.086,1.114
16431,3.641,1.114
16432,3.363,1.114
16433,3.236,1.119
16434,3.226,1.119
16435,3.284,1.114
16436,3.343,1.119
16437,3.343,1.119
16438,3.314,1.119
16439,3.294,1.119
16440,3.265,1.114
16441,3.231,1.114
16442,3.216,1.114
16443,3.226,1.114
16444,3.211,1.114
16445,3.206,1.114
16446,3.182,1.114
16447,3.187,1.114
16448,3.231,1.114
16449,3.333,1.109
16450,3.426,1.109
16451,3.470,1.109
16452,3.441,1.109
16453,3.412,1.109
16454,3.030,1.105
16455,3.627,1.105
16456,3.675,1.105
16457,3.495,1.105
16458,3.314,1.105
16459,3.211,1.105
16460,3.172,1.105
16461,3.177,1.100
16462,3.182,1.100
16463,3.196,1.100
16464,3.201,1.100
16465,3.167,1.100
16466,3.143,1.095
16467,3.196,1.095
16468,3.192,1.095
16469,3.240,1.095
16470,3.338,1.095
16471,3.402,1.095
16472,3.412,1.095
16473,3.397,1.090
16474,3.348,1.090
16475,3.328,1.090
16476,3.314,1.090
16477,2.566,1.090
16478,3.724,1.090
16479,3.910,1.090
16480,3.680,1.085
16481,2.962,1.085
16482,3.480,1.085
16483,3.524,1.085
16484,3.372,1.085
16485,3.211,1.085
16486,3.133,1.085
16487,3.094,1.085
16488,3.128,1.085
16489,2.898,1.085
16490,2.908,1.085
16491,3.881,1.085
16492,4.008,1.085
16493,3.759,1.085
16494,3.451,1.085
16495,3.240,1.085
16496,3.177,1.085
16497,3.162,1.085
16498,3.236,1.085
16499,3.294,1.085
16500,3.255,1.085
16501,3.240,1.085
16502,3.216,1.085
16503,3.192,1.085
16504,3.177,1.090
16505,3.172,1.085
16506,3.157,1.090
16507,3.148,1.090
16508,2.854,1.085
16509,3.456,1.085
16510,3.543,1.090
16511,3.387,1.090
16512,3.377,1.090
16513,3.328,1.090
16514,3.319,1.090
16515,3.299,1.090
16516,3.265,1.090
16517,3.250,1.090
16518,3.231,1.090
16519,3.216,1.095
16520,3.221,1.095
16521,3.221,1.095
16522,3.211,1.095
16523,3.177,1.095
16524,3.162,1.095
16525,3.152,1.095
16526,3.148,1.095
16527,3.128,1.095
16528,3.133,1.095
16529,3.118,1.095
16530,3.148,1.100
16531,3.216,1.100
16532,3.284,1.100
16533,3.324,1.100
16534,3.314,1.100
16535,3.001,1.100
16536,3.514,1.100
16537,3.651,1.100
16538,2.654,1.100
16539,4.042,1.100
16540,4.242,1.100
16541,3.861,1.100
16542,3.490,1.100
16543,3.280,1.100
16544,3.206,1.105
16545,3.231,1.105
16546,3.284,1.105
16547,3.328,1.105
16548,3.309,1.105
16549,3.304,1.105
16550,3.265,1.105
16551,3.299,1.105
16552,3.109,1.105
16553,3.138,1.105
16554,3.983,1.105
16555,4.042,1.105
16556,3.768,1.109
16557,3.509,1.109
16558,3.348,1.109
16559,3.299,1.109
16560,3.299,1.109
16561,3.372,1.109
16562,3.167,1.109
16563,3.724,1.109
16564,3.724,1.109
16565,3.480,1.109
16566,3.265,1.114
16567,3.187,1.114
16568,3.167,1.114
16569,3.216,1.114
16570,3.236,1.114
16571,3.221,1.114
16572,3.304,1.114
16573,3.363,1.114
16574,3.402,1.114
16575,3.412,1.119
16576,3.387,1.119
16577,3.377,1.119
16578,3.353,1.119
16579,3.304,1.119
16580,3.294,1.119
16581,3.299,1.119
16582,3.304,1.119
16583,3.309,1.119
16584,3.294,1.119
16585,3.294,1.119
16586,3.255,1.124
16587,3.270,1.119
16588,3.250,1.124
16589,3.284,1.124
16590,3.216,1.124
16591,3.231,1.124
16592,3.280,1.124
16593,3.392,1.124
16594,3.456,1.124
16595,3.446,1.124
16596,3.397,1.124
16597,3.372,1.124
16598,3.353,1.124
16599,2.727,1.124
16600,3.773,1.124
16601,3.905,1.124
16602,3.715,1.124
16603,3.436,1.124
16604,3.250,1.129
16605,3.201,1.129
16606,3.226,1.129
16607,3.265,1.129
16608,3.265,1.129
16609,3.289,1.129
16610,3.289,1.129
16611,3.333,1.129
16612,3.387,1.129
16613,3.456,1.129
16614,3.460,1.129
16615,2.923,1.129
16616,3.793,1.129
16617,3.910,1.129
16618,3.700,1.129
16619,3.456,1.129
16620,3.333,1.134
16621,3.289,1.129
16622,3.294,1.134
16623,3.309,1.134
16624,3.319,1.134
16625,3.348,1.134
16626,3.328,1.134
16627,3.314,1.134
16628,3.284,1.134
16629,3.270,1.134
16630,3.284,1.134
16631,3.304,1.134
16632,3.441,1.134
16633,3.504,1.134
16634,3.514,1.134
16635,3.485,1.134
16636,3.431,1.134
16637,3.407,1.134
16638,3.392,1.134
16639,3.382,1.134
16640,3.397,1.134
16641,3.431,1.134
16642,3.104,1.129
16643,3.666,1.129
16644,3.715,1.129
16645,3.543,1.124
16646,3.368,1.124
16647,3.284,1.124
16648,3.275,1.124
16649,3.275,1.124
16650,3.333,1.119
16651,3.426,1.119
16652,3.509,1.114
16653,3.543,1.114
16654,3.543,1.109
16655,3.490,1.109
16656,3.490,1.105
16657,3.485,1.105
16658,3.451,1.105
16659,3.436,1.100
16660,3.451,1.100
16661,2.551,1.090
16662,4.037,1.090
16663,4.272,1.085
16664,3.959,1.085
16665,3.539,1.080
16666,3.284,1.080
16667,3.231,1.075
16668,3.260,1.075
16669,3.060,1.070
16670,3.763,1.070
16671,3.895,1.070
16672,3.798,1.065
16673,3.607,1.065
16674,3.480,1.061
16675,3.412,1.061
16676,3.387,1.061
16677,3.421,1.056
16678,3.201,1.056
16679,3.113,1.051
16680,3.930,1.051
16681,3.949,1.046
16682,3.680,1.046
16683,3.416,1.046
16684,3.280,1.046
16685,3.236,1.041
16686,3.260,1.041
16687,3.314,1.041
16688,3.402,1.041
16689,3.500,1.036
16690,3.558,1.036
16691,3.568,1.036
16692,3.558,1.036
16693,3.534,1.036
16694,3.485,1.031
16695,3.421,1.031
16696,3.109,1.031
16697,3.695,1.031
16698,3.803,1.031
16699,3.631,1.031
16700,3.456,1.031
16701,3.328,1.031
16702,3.294,1.026
16703,3.319,1.026
16704,3.343,1.026
16705,3.338,1.026
16706,3.333,1.026
16707,3.309,1.026
16708,3.333,1.026
16709,3.421,1.026
16710,3.529,1.026
16711,3.578,1.026
16712,3.553,1.026
16713,3.524,1.026
16714,3.485,1.026
16715,3.431,1.026
16716,3.407,1.026
16717,3.407,1.026
16718,3.412,1.026
16719,3.436,1.026
16720,3.456,1.031
16721,2.791,1.031
16722,3.407,1.031
16723,3.612,1.031
16724,4.066,1.031
16725,3.891,1.031
16726,3.529,1.031
16727,3.284,1.031
16728,3.221,1.036
16729,3.324,1.036
16730,3.451,1.036
16731,3.539,1.036
16732,3.539,1.036
16733,3.514,1.036
16734,3.441,1.041
16735,3.436,1.041
16736,3.392,1.041
16737,3.392,1.041
16738,3.377,1.041
16739,3.372,1.046
16740,3.368,1.046
16741,3.109,1.046
16742,2.996,1.046
16743,3.837,1.046
16744,3.895,1.046
16745,3.622,1.051
16746,3.363,1.051
16747,3.221,1.051
16748,3.265,1.051
16749,3.368,1.051
16750,3.148,1.051
16751,3.837,1.056
16752,3.900,1.056
16753,3.700,1.056
16754,3.475,1.056
16755,3.343,1.056
16756,3.314,1.061
16757,3.348,1.061
16758,3.372,1.061
16759,3.377,1.061
16760,3.368,1.061
16761,3.358,1.061
16762,3.314,1.065
16763,3.289,1.065
16764,3.270,1.065
16765,3.270,1.065
16766,3.284,1.065
16767,3.343,1.070
16768,3.407,1.070
16769,3.504,1.070
16770,3.529,1.070
16771,3.519,1.070
16772,3.470,1.070
16773,3.431,1.070
16774,3.402,1.075
16775,3.368,1.075
16776,3.377,1.075
16777,3.065,1.075
16778,3.671,1.075
16779,3.734,1.075
16780,3.500,1.075
16781,3.363,1.075
16782,2.097,1.075
16783,3.431,1.075
16784,4.150,1.075
16785,4.018,1.080
16786,3.627,1.080
16787,3.372,1.080
16788,3.358,1.080
16789,3.416,1.080
16790,3.470,1.085
16791,3.475,1.085
16792,3.456,1.085
16793,3.407,1.085
16794,3.377,1.085
16795,3.377,1.085
16796,3.382,1.085
16797,3.363,1.090
16798,3.377,1.090
16799,3.338,1.090
16800,3.333,1.090
16801,3.319,1.090
16802,3.284,1.090
16803,3.289,1.090
16804,2.791,1.090
16805,3.265,1.090
16806,4.203,1.090
16807,4.208,1.090
16808,3.891,1.090
16809,3.534,1.090
16810,3.348,1.095
16811,3.328,1.095
16812,3.328,1.095
16813,3.368,1.095
16814,3.416,1.095
16815,3.402,1.095
16816,3.392,1.095
16817,3.368,1.095
16818,3.324,1.095
16819,3.304,1.095
16820,3.299,1.095
16821,3.284,1.095
16822,3.304,1.095
16823,3.275,1.095
16824,3.284,1.095
16825,3.324,1.095
16826,3.421,1.095
16827,3.465,1.095
16828,3.500,1.095
16829,3.446,1.095
16830,3.431,1.095
16831,3.060,1.095
16832,3.666,1.095
16833,3.759,1.095
16834,3.592,1.095
16835,3.412,1.095
16836,3.275,1.095
16837,3.270,1.095
16838,3.275,1.095
16839,3.284,1.095
16840,3.265,1.095
16841,3.289,1.095
16842,3.304,1.095
16843,2.664,1.095
16844,3.851,1.095
16845,4.150,1.095
16846,3.949,1.095
16847,3.636,1.095
16848,3.392,1.095
16849,3.294,1.100
16850,3.289,1.100
16851,3.348,1.100
16852,3.353,1.100
16853,3.377,1.100
16854,3.348,1.100
16855,3.328,1.100
16856,3.299,1.100
16857,3.294,1.100
16858,2.962,1.100
16859,3.558,1.100
16860,3.636,1.100
16861,3.485,1.100
16862,3.343,1.100
16863,3.328,1.100
16864,3.407,1.100
16865,3.465,1.100
16866,3.050,1.100
16867,2.786,1.100
16868,3.847,1.100
16869,3.930,1.105
16870,3.763,1.100
16871,3.485,1.105
16872,3.304,1.105
16873,3.255,1.105
16874,3.260,1.105
16875,3.275,1.105
16876,3.294,1.105
16877,3.314,1.105
16878,3.299,1.105
16879,3.270,1.105
16880,3.245,1.105
16881,3.240,1.105
16882,3.299,1.105
16883,3.392,1.105
16884,3.465,1.105
16885,3.182,1.105
16886,3.759,1.105
16887,3.768,1.105
16888,3.558,1.105
16889,3.372,1.105
16890,3.265,1.105
16891,3.270,1.105
16892,3.299,1.105
16893,3.319,1.105
16894,3.309,1.100
16895,3.294,1.100
16896,3.265,1.100
16897,3.245,1.100
16898,3.240,1.100
16899,3.152,1.100
16900,3.206,1.095
16901,3.284,1.095
16902,3.368,1.095
16903,3.426,1.095
16904,2.219,1.090
16905,3.568,1.090
16906,4.252,1.090
16907,4.081,1.085
16908,3.675,1.085
16909,3.328,1.085
16910,3.206,1.085
16911,3.182,1.085
16912,2.933,1.080
16913,3.583,1.080
16914,3.646,1.080
16915,3.480,1.080
16916,3.289,1.080
16917,3.177,1.075
16918,3.172,1.075
16919,3.187,1.075
16920,3.275,1.075
16921,3.382,1.075
16922,3.421,1.075
16923,3.426,1.075
16924,3.412,1.075
16925,3.377,1.070
16926,3.319,1.070
16927,3.299,1.070
16928,3.299,1.070
16929,2.840,1.070
16930,2.620,1.070
16931,3.715,1.070
16932,3.871,1.065
16933,3.627,1.065
16934,3.348,1.070
16935,3.167,1.070
16936,3.123,1.065
16937,3.128,1.070
16938,3.167,1.065
16939,2.928,1.065
16940,3.597,1.065
16941,3.724,1.065
16942,3.627,1.065
16943,3.451,1.065
16944,3.338,1.065
16945,3.299,1.065
16946,3.284,1.070
16947,3.280,1.065
16948,3.299,1.065
16949,3.294,1.070
16950,3.284,1.070
16951,3.265,1.070
16952,3.260,1.070
16953,3.226,1.070
16954,3.226,1.070
16955,3.240,1.070
16956,3.226,1.070
16957,3.211,1.070
16958,3.216,1.070
16959,3.167,1.070
16960,3.182,1.070
16961,3.226,1.070
16962,3.280,1.070
16963,3.358,1.070
16964,3.416,1.070
16965,2.727,1.070
16966,3.587,1.065
16967,4.223,1.065
16968,4.022,1.065
16969,3.573,1.065
16970,3.265,1.065
16971,3.216,1.065
16972,3.211,1.065
16973,3.236,1.065
16974,3.250,1.065
16975,3.265,1.065
16976,3.245,1.061
16977,3.216,1.061
16978,3.201,1.061
16979,3.206,1.061
16980,3.201,1.061
16981,3.231,1.056
16982,3.275,1.056
16983,3.358,1.056
16984,3.392,1.056
16985,3.392,1.051
16986,3.372,1.051
16987,3.368,1.051
16988,3.319,1.051
16989,3.270,1.051
16990,3.304,1.046
16991,3.324,1.046
16992,2.903,1.046
16993,2.771,1.041
16994,4.008,1.041
16995,4.145,1.041
16996,3.768,1.041
16997,3.377,1.041
16998,3.143,1.041
16999,3.109,1.041
17000,3.152,1.036
17001,3.270,1.036
17002,3.372,1.036
17003,3.456,1.036
17004,3.431,1.036
17005,3.397,1.036
17006,3.363,1.036
17007,3.328,1.036
17008,3.284,1.036
17009,3.275,1.036
17010,3.280,1.036
17011,3.309,1.036
17012,3.319,1.031
17013,3.275,1.031
17014,3.245,1.031
17015,3.250,1.031
17016,3.236,1.031
17017,3.240,1.031
17018,3.236,1.031
17019,3.226,1.031
17020,3.006,1.031
17021,3.612,1.031
17022,3.754,1.031
17023,3.622,1.036
17024,3.465,1.036
17025,3.372,1.036
17026,2.444,1.031
17027,3.895,1.031
17028,4.179,1.036
17029,3.881,1.036
17030,3.490,1.036
17031,3.255,1.036
17032,3.182,1.036
17033,3.187,1.036
17034,3.294,1.041
17035,3.319,1.041
17036,3.289,1.041
17037,3.275,1.041
17038,3.250,1.041
17039,3.245,1.041
17040,3.221,1.041
17041,3.270,1.046
17042,3.368,1.046
17043,3.446,1.046
17044,3.470,1.046
17045,3.446,1.046
17046,3.416,1.046
17047,3.109,1.046
17048,3.592,1.051
17049,3.710,1.051
17050,3.578,1.051
17051,3.407,1.051
17052,3.299,1.051
17053,3.255,1.056
17054,3.284,1.056
17055,3.040,1.056
17056,2.952,1.056
17057,3.778,1.056
17058,3.827,1.056
17059,3.578,1.061
17060,3.372,1.061
17061,3.328,1.061
17062,3.392,1.061
17063,3.407,1.061
17064,3.436,1.065
17065,3.436,1.065
17066,3.412,1.065
17067,3.358,1.065
17068,3.363,1.065
17069,3.348,1.065
17070,3.372,1.070
17071,3.348,1.070
17072,3.324,1.070
17073,3.304,1.070
17074,3.060,1.070
17075,3.631,1.070
17076,3.656,1.070
17077,3.480,1.075
17078,3.275,1.075
17079,3.226,1.075
17080,3.245,1.075
17081,3.353,1.075
17082,3.441,1.075
17083,3.504,1.075
17084,3.485,1.080
17085,3.456,1.080
17086,2.801,1.080
17087,3.416,1.080
17088,3.939,1.080
17089,3.881,1.080
17090,3.612,1.080
17091,3.377,1.080
17092,3.260,1.085
17093,3.270,1.085
17094,3.280,1.085
17095,3.289,1.085
17096,3.304,1.085
17097,3.338,1.085
17098,3.304,1.085
17099,3.289,1.085
17100,3.324,1.085
17101,3.436,1.090
17102,3.500,1.090
17103,3.480,1.090
17104,3.446,1.090
17105,3.426,1.090
17106,3.387,1.090
17107,3.372,1.090
17108,3.309,1.090
17109,3.368,1.095
17110,3.372,1.095
17111,3.358,1.095
17112,3.333,1.095
17113,3.319,1.095
17114,3.284,1.095
17115,3.270,1.095
17116,3.260,1.095
17117,3.265,1.095
17118,2.854,1.100
17119,2.644,1.100
17120,3.803,1.095
17121,4.052,1.100
17122,3.866,1.100
17123,3.573,1.100
17124,3.372,1.100
17125,3.309,1.100
17126,3.299,1.100
17127,2.996,1.100
17128,3.627,1.100
17129,3.754,1.100
17130,3.592,1.105
17131,3.402,1.105
17132,3.275,1.105
17133,3.265,1.105
17134,3.255,1.105
17135,3.280,1.105
17136,3.284,1.105
17137,3.304,1.105
17138,3.319,1.105
17139,3.397,1.105
17140,3.441,1.109
17141,3.460,1.109
17142,3.426,1.109
17143,3.412,1.109
17144,3.377,1.109
17145,3.368,1.109
17146,3.363,1.109
17147,3.368,1.109
17148,2.141,1.109
17149,3.485,1.109
17150,4.174,1.109
17151,4.018,1.109
17152,3.607,1.109
17153,3.294,1.109
17154,2.801,1.109
17155,3.412,1.109
17156,3.617,1.114
17157,3.607,1.114
17158,3.509,1.114
17159,3.416,1.114
17160,3.426,1.114
17161,3.402,1.114
17162,3.372,1.114
17163,3.343,1.114
17164,3.338,1.114
17165,3.348,1.119
17166,3.333,1.119
17167,3.324,1.119
17168,3.299,1.119
17169,3.304,1.119
17170,3.304,1.119
17171,3.270,1.119
17172,3.265,1.119
17173,3.255,1.119
17174,3.299,1.119
17175,3.382,1.119
17176,3.451,1.119
17177,3.456,1.119
17178,3.412,1.119
17179,3.382,1.124
17180,3.353,1.124
17181,2.747,1.119
17182,3.260,1.119
17183,4.145,1.119
17184,4.081,1.119
17185,3.690,1.124
17186,3.338,1.124
17187,3.157,1.124
17188,3.138,1.124
17189,3.177,1.124
17190,3.216,1.124
17191,3.236,1.124
17192,3.328,1.124
17193,3.372,1.124
17194,3.426,1.124
17195,3.416,1.124
17196,3.412,1.124
17197,3.368,1.124
17198,3.348,1.124
17199,3.333,1.124
17200,3.368,1.124
17201,3.382,1.124
17202,3.363,1.124
17203,3.338,1.124
17204,3.353,1.124
17205,3.319,1.124
17206,3.324,1.124
17207,3.319,1.124
17208,2.493,1.119
17209,3.661,1.119
17210,4.311,1.119
17211,4.213,1.119
17212,3.812,1.119
17213,3.470,1.119
17214,3.309,1.119
17215,3.260,1.119
17216,3.299,1.119
17217,3.338,1.119
17218,3.348,1.119
17219,3.333,1.119
17220,3.338,1.119
17221,3.275,1.119
17222,3.240,1.119
17223,3.260,1.114
17224,3.260,1.114
17225,3.236,1.114
17226,3.221,1.114
17227,3.143,1.114
17228,3.294,1.114
17229,3.382,1.114
17230,3.426,1.114
17231,3.426,1.114
17232,3.372,1.114
17233,3.338,1.114
17234,3.289,1.114
17235,2.947,1.109
17236,3.573,1.109
17237,3.656,1.109
17238,3.519,1.109
17239,3.333,1.109
17240,3.236,1.109
17241,3.192,1.109
17242,3.182,1.109
17243,3.216,1.109
17244,2.981,1.109
17245,2.889,1.109
17246,3.778,1.109
17247,3.939,1.109
17248,3.729,1.109
17249,3.475,1.109
17250,3.294,1.109
17251,3.231,1.109
17252,3.201,1.114
17253,3.240,1.109
17254,3.265,1.109
17255,3.294,1.114
17256,3.275,1.114
17257,3.196,1.109
17258,3.221,1.114
17259,3.236,1.109
17260,3.216,1.109
17261,3.182,1.114
17262,2.830,1.109
17263,3.470,1.109
17264,3.646,1.109
17265,3.568,1.109
17266,3.421,1.109
17267,3.314,1.109
17268,3.260,1.109
17269,3.250,1.109
17270,2.322,1.105
17271,3.817,1.105
17272,4.130,1.105
17273,3.837,1.105
17274,3.441,1.105
17275,3.162,1.105
17276,3.084,1.100
17277,3.099,1.100
17278,3.128,1.100
17279,3.182,1.095
17280,3.172,1.095
17281,3.167,1.095
17282,3.211,1.090
17283,3.299,1.090
17284,3.324,1.090
17285,3.338,1.085
17286,3.314,1.085
17287,3.299,1.085
17288,3.280,1.080
17289,2.942,1.080
17290,3.519,1.075
17291,3.622,1.075
17292,3.460,1.075
17293,3.284,1.075
17294,3.192,1.070
17295,3.143,1.070
17296,3.148,1.070
17297,3.196,1.065
17298,3.216,1.065
17299,3.206,1.065
17300,3.182,1.061
17301,3.211,1.061
17302,3.270,1.061
17303,3.333,1.061
17304,3.328,1.056
17305,3.319,1.056
17306,3.314,1.056
17307,3.040,1.051
17308,2.928,1.051
17309,3.724,1.051
17310,3.793,1.046
17311,3.543,1.046
17312,3.299,1.046
17313,3.182,1.046
17314,3.177,1.046
17315,3.177,1.041
17316,2.903,1.041
17317,3.475,1.036
17318,3.583,1.036
17319,3.451,1.036
17320,3.328,1.036
17321,3.265,1.036
17322,3.265,1.031
17323,3.245,1.031
17324,3.231,1.031
17325,3.201,1.026
17326,3.196,1.026
17327,3.201,1.026
17328,3.187,1.026
17329,3.177,1.026
17330,2.341,1.022
17331,3.294,1.022
17332,3.876,1.022
17333,3.783,1.017
17334,3.426,1.022
17335,3.187,1.017
17336,3.074,1.017
17337,3.113,1.017
17338,3.201,1.017
17339,3.309,1.017
17340,3.368,1.017
17341,3.333,1.017
17342,3.333,1.012
17343,2.986,1.012
17344,3.543,1.012
17345,3.607,1.012
17346,3.397,1.012
17347,3.299,1.012
17348,3.231,1.012
17349,3.226,1.012
17350,3.250,1.012
17351,3.240,1.012
17352,3.231,1.012
17353,3.211,1.012
17354,3.221,1.012
17355,3.245,1.012
17356,3.314,1.012
17357,3.392,1.012
17358,3.402,1.012
17359,3.392,1.012
17360,3.372,1.012
17361,3.343,1.012
17362,3.309,1.012
17363,3.260,1.012
17364,3.284,1.012
17365,3.299,1.012
17366,3.309,1.012
17367,3.289,1.012
17368,3.265,1.012
17369,3.270,1.012
17370,2.830,1.012
17371,3.260,1.012
17372,4.052,1.012
17373,3.998,1.012
17374,3.705,1.017
17375,3.446,1.017
17376,3.304,1.017
17377,3.343,1.017
17378,3.358,1.022
17379,3.372,1.022
17380,3.358,1.022
17381,3.363,1.022
17382,3.358,1.022
17383,3.333,1.022
17384,3.304,1.022
17385,3.294,1.026
17386,3.280,1.026
17387,3.275,1.026
17388,3.260,1.026
17389,3.255,1.026
17390,3.245,1.026
17391,3.250,1.031
17392,2.454,1.026
17393,4.003,1.026
17394,4.311,1.031
17395,4.032,1.031
17396,3.607,1.031
17397,3.050,1.031
17398,3.480,1.036
17399,3.641,1.036
17400,3.636,1.036
17401,3.548,1.036
17402,3.470,1.036
17403,3.426,1.036
17404,3.421,1.036
17405,3.431,1.036
17406,3.412,1.041
17407,3.426,1.036
17408,3.431,1.041
17409,3.387,1.041
17410,3.382,1.041
17411,3.431,1.041
17412,3.548,1.041
17413,3.631,1.041
17414,3.631,1.041
17415,3.602,1.036
17416,3.558,1.036
17417,3.524,1.036
17418,3.500,1.036
17419,3.490,1.036
17420,3.500,1.036
17421,3.500,1.031
17422,3.485,1.031
17423,3.475,1.031
17424,3.211,1.031
17425,3.773,1.026
17426,3.773,1.026
17427,3.578,1.026
17428,3.397,1.026
17429,3.309,1.026
17430,3.363,1.026
17431,3.475,1.022
17432,3.192,1.022
17433,3.675,1.022
17434,3.773,1.022
17435,3.651,1.022
17436,3.504,1.017
17437,3.446,1.017
17438,3.421,1.017
17439,3.441,1.017
17440,3.441,1.017
17441,3.416,1.012
17442,3.426,1.012
17443,3.402,1.012
17444,3.387,1.012
17445,3.382,1.012
17446,3.363,1.012
17447,3.348,1.012
17448,3.412,1.007
17449,3.519,1.007
17450,3.573,1.007
17451,3.309,1.007
17452,3.333,1.007
17453,3.886,1.007
17454,4.228,1.007
17455,3.974,1.007
17456,3.646,1.007
17457,3.421,1.007
17458,3.372,1.007
17459,3.372,1.007
17460,3.412,1.007
17461,3.446,1.007
17462,3.431,1.007
17463,3.392,1.007
17464,3.368,1.007
17465,3.358,1.007
17466,3.407,1.007
17467,3.553,1.007
17468,3.636,1.007
17469,3.641,1.012
17470,3.612,1.007
17471,3.563,1.012
17472,3.509,1.012
17473,3.480,1.012
17474,3.475,1.012
17475,3.480,1.012
17476,3.524,1.012
17477,3.490,1.012
17478,3.187,1.012
17479,3.739,1.012
17480,3.788,1.012
17481,3.602,1.017
17482,3.426,1.017
17483,3.314,1.017
17484,3.324,1.017
17485,3.412,1.022
17486,3.553,1.022
17487,3.617,1.022
17488,3.622,1.022
17489,3.568,1.022
17490,3.534,1.026
17491,3.480,1.026
17492,3.451,1.026
17493,3.441,1.026
17494,3.451,1.026
17495,3.016,1.026
17496,2.742,1.026
17497,3.866,1.026
17498,4.003,1.031
17499,3.778,1.031
17500,3.451,1.031
17501,3.284,1.031
17502,3.240,1.036
17503,3.265,1.036
17504,3.299,1.036
17505,3.172,1.036
17506,3.866,1.036
17507,4.018,1.041
17508,3.832,1.041
17509,3.622,1.041
17510,3.451,1.041
17511,3.387,1.041
17512,3.368,1.046
17513,3.421,1.046
17514,2.507,1.046
17515,4.013,1.046
17516,4.277,1.046
17517,3.949,1.046
17518,3.514,1.051
17519,3.250,1.051
17520,3.177,1.051
17521,3.221,1.051
17522,3.260,1.051
17523,3.294,1.056
17524,3.338,1.056
17525,3.363,1.056
17526,3.504,1.056
17527,3.553,1.056
17528,3.504,1.056
17529,3.465,1.056
17530,3.416,1.056
17531,3.397,1.061
17532,3.074,1.056
17533,3.675,1.061
17534,3.749,1.061
17535,3.568,1.061
17536,3.372,1.061
17537,3.275,1.061
17538,3.240,1.061
17539,3.280,1.065
17540,3.280,1.065
17541,3.275,1.065
17542,3.275,1.065
17543,3.289,1.065
17544,3.353,1.065
17545,3.446,1.065
17546,3.480,1.065
17547,3.495,1.065
17548,3.446,1.065
17549,3.416,1.070
17550,3.368,1.070
17551,3.343,1.070
17552,3.319,1.070
17553,3.338,1.070
17554,3.328,1.070
17555,3.275,1.070
17556,3.299,1.070
17557,3.294,1.070
17558,2.854,1.070
17559,2.737,1.070
17560,4.018,1.070
17561,4.135,1.070
17562,3.773,1.075
17563,3.368,1.075
17564,3.245,1.075
17565,3.280,1.075
17566,3.372,1.075
17567,3.436,1.075
17568,3.460,1.075
17569,3.412,1.080
17570,3.392,1.080
17571,3.368,1.080
17572,3.338,1.080
17573,3.319,1.080
17574,2.669,1.080
17575,3.299,1.080
17576,3.856,1.080
17577,3.803,1.080
17578,3.509,1.080
17579,3.255,1.080
17580,3.157,1.085
17581,3.162,1.085
17582,3.206,1.085
17583,3.240,1.085
17584,3.338,1.085
17585,3.368,1.085
17586,3.172,1.085
17587,3.749,1.085
17588,3.763,1.085
17589,3.543,1.085
17590,3.348,1.085
17591,3.231,1.085
17592,3.226,1.085
17593,3.250,1.085
17594,3.289,1.085
17595,3.284,1.085
17596,3.275,1.085
17597,3.255,1.085
17598,3.231,1.085
17599,3.221,1.085
17600,3.231,1.085
17601,3.211,1.085
17602,3.236,1.085
17603,3.250,1.085
17604,3.328,1.085
17605,3.368,1.080
17606,3.382,1.085
17607,3.358,1.080
17608,3.338,1.080
17609,3.304,1.080
17610,3.289,1.080
17611,3.260,1.080
17612,3.275,1.080
17613,3.304,1.075
17614,3.270,1.075
17615,3.192,1.075
17616,3.231,1.075
17617,3.226,1.075
17618,3.236,1.070
17619,3.221,1.070
17620,3.206,1.070
17621,2.810,1.070
17622,2.551,1.065
17623,3.627,1.065
17624,3.856,1.065
17625,3.705,1.065
17626,3.480,1.065
17627,3.333,1.065
17628,3.294,1.065
17629,3.260,1.065
17630,3.275,1.065
17631,3.289,1.065
17632,3.309,1.061
17633,3.294,1.061
17634,3.309,1.061
17635,3.280,1.061
17636,2.092,1.061
17637,3.392,1.061
17638,4.062,1.061
17639,2.913,1.056
17640,4.379,1.056
17641,4.384,1.056
17642,3.861,1.056
17643,3.392,1.056
17644,3.177,1.061
17645,3.231,1.061
17646,3.343,1.061
17647,3.382,1.061
17648,3.416,1.061
17649,3.397,1.061
17650,3.343,1.061
17651,3.324,1.061
17652,3.304,1.061
17653,3.289,1.061
17654,3.294,1.061
17655,3.294,1.061
17656,3.294,1.061
17657,3.280,1.061
17658,3.284,1.061
17659,3.270,1.065
17660,3.255,1.065
17661,3.231,1.061
17662,3.250,1.065
17663,3.260,1.065
17664,3.338,1.065
17665,3.387,1.065
17666,3.128,1.065
17667,3.695,1.065
17668,3.768,1.065
17669,3.587,1.065
17670,3.421,1.065
17671,3.304,1.070
17672,3.304,1.070
17673,3.319,1.070
17674,3.333,1.070
17675,3.363,1.070
17676,3.353,1.070
17677,3.314,1.070
17678,3.309,1.070
17679,3.289,1.070
17680,3.284,1.075
17681,3.284,1.075
17682,3.284,1.075
17683,2.893,1.075
17684,3.436,1.075
17685,3.627,1.075
17686,3.627,1.075
17687,3.534,1.080
17688,3.465,1.080
17689,3.407,1.080
17690,3.387,1.080
17691,3.368,1.080
17692,3.368,1.080
17693,3.079,1.080
17694,3.651,1.080
17695,3.123,1.080
17696,3.583,1.080
17697,3.939,1.080
17698,3.768,1.085
17699,3.480,1.085
17700,3.270,1.085
17701,3.201,1.085
17702,3.240,1.085
17703,3.314,1.090
17704,3.431,1.090
17705,3.524,1.090
17706,3.534,1.090
17707,3.504,1.090
17708,3.460,1.090
17709,3.416,1.090
17710,3.392,1.090
17711,3.382,1.090
17712,3.421,1.095
17713,3.407,1.095
17714,3.392,1.095
17715,3.363,1.095
17716,3.338,1.095
17717,3.324,1.095
17718,3.309,1.095
17719,3.314,1.095
17720,3.016,1.095
17721,3.578,1.095
17722,3.685,1.100
17723,3.627,1.100
17724,3.558,1.100
17725,3.529,1.100
17726,3.504,1.100
17727,3.539,1.100
17728,3.519,1.100
17729,3.485,1.100
17730,3.446,1.105
17731,3.451,1.105
17732,3.465,1.105
17733,3.504,1.105
17734,3.500,1.105
17735,3.504,1.105
17736,3.451,1.105
17737,3.426,1.105
17738,3.421,1.105
17739,3.421,1.109
17740,3.372,1.105
17741,3.343,1.105
17742,3.319,1.109
17743,3.416,1.109
17744,3.509,1.109
17745,3.583,1.109
17746,3.196,1.109
17747,3.045,1.109
17748,4.277,1.109
17749,4.365,1.109
17750,3.988,1.109
17751,3.587,1.109
17752,3.324,1.109
17753,3.245,1.109
17754,3.260,1.109
17755,3.294,1.114
17756,3.363,1.114
17757,2.400,1.109
17758,3.866,1.109
17759,4.154,1.109
17760,3.856,1.109
17761,3.470,1.114
17762,3.304,1.114
17763,3.304,1.114
17764,3.460,1.114
17765,3.568,1.114
17766,3.578,1.114
17767,3.519,1.114
17768,3.451,1.114
17769,3.397,1.114
17770,3.412,1.114
17771,3.387,1.114
17772,3.397,1.114
17773,3.382,1.109
17774,3.050,1.109
17775,3.627,1.109
17776,3.700,1.109
17777,3.529,1.109
17778,3.358,1.109
17779,3.245,1.109
17780,3.221,1.109
17781,3.275,1.109
17782,3.353,1.109
17783,3.456,1.109
17784,3.524,1.109
17785,3.524,1.109
17786,3.475,1.109
17787,3.441,1.109
17788,3.416,1.109
17789,3.382,1.109
17790,3.412,1.109
17791,3.397,1.109
17792,3.387,1.105
17793,3.324,1.109
17794,3.353,1.105
17795,3.343,1.105
17796,3.333,1.109
17797,3.314,1.105
17798,3.314,1.105
17799,3.275,1.105
17800,3.265,1.105
17801,2.967,1.105
17802,3.631,1.105
17803,3.812,1.105
17804,3.724,1.105
17805,3.548,1.109
17806,3.441,1.109
17807,3.382,1.105
17808,3.387,1.109
17809,3.118,1.109
17810,3.055,1.105
17811,3.886,1.105
17812,3.949,1.105
17813,3.680,1.109
17814,3.402,1.109
17815,3.255,1.109
17816,3.226,1.109
17817,2.586,1.109
17818,3.275,1.105
17819,3.866,1.109
17820,3.798,1.109
17821,3.509,1.109
17822,3.319,1.109
17823,3.314,1.109
17824,3.412,1.109
17825,3.465,1.109
17826,3.465,1.109
17827,3.460,1.109
17828,3.104,1.109
17829,3.675,1.114
17830,3.724,1.114
17831,3.568,1.114
17832,3.392,1.114
17833,3.299,1.114
17834,3.250,1.114
17835,3.275,1.114
17836,3.275,1.114
17837,3.299,1.114
17838,3.289,1.114
17839,3.275,1.114
17840,3.240,1.119
17841,3.240,1.119
17842,3.231,1.119
17843,3.289,1.119
