timestamp,PPG_signal,GSR_signal
1,4.374,2.713
2,4.374,2.713
3,4.370,2.713
4,4.374,2.713
5,4.370,2.717
6,4.370,2.713
7,4.370,2.717
8,4.370,2.717
9,4.370,2.717
10,4.370,2.717
11,4.370,2.717
12,4.370,2.717
13,4.370,2.717
14,4.370,2.722
15,4.370,2.717
16,4.370,2.722
17,4.370,2.722
18,4.370,2.722
19,4.370,2.722
20,4.370,2.722
21,4.370,2.722
22,4.370,2.722
23,4.370,2.722
24,4.370,2.727
25,4.370,2.722
26,4.370,2.727
27,4.370,2.722
28,4.370,2.727
29,4.370,2.727
30,4.370,2.727
31,4.370,2.727
32,4.370,2.727
33,4.370,2.727
34,4.370,2.727
35,4.370,2.727
36,4.370,2.727
37,4.370,2.727
38,4.370,2.727
39,4.370,2.727
40,4.370,2.727
41,4.370,2.732
42,4.370,2.727
43,4.370,2.732
44,4.370,2.732
45,4.370,2.732
46,4.370,2.732
47,4.370,2.732
48,4.370,2.732
49,4.370,2.732
50,4.370,2.732
51,4.370,2.732
52,4.370,2.732
53,4.370,2.732
54,4.370,2.737
55,4.370,2.737
56,4.370,2.737
57,4.370,2.732
58,4.370,2.737
59,4.370,2.737
60,4.370,2.737
61,4.370,2.737
62,4.370,2.737
63,4.370,2.737
64,4.370,2.737
65,4.370,2.737
66,4.370,2.737
67,4.370,2.737
68,4.370,2.742
69,4.370,2.737
70,4.370,2.742
71,4.370,2.742
72,4.370,2.742
73,4.370,2.742
74,4.370,2.742
75,4.370,2.742
76,4.370,2.742
77,4.370,2.742
78,4.370,2.742
79,4.370,2.742
80,4.370,2.742
81,4.370,2.742
82,4.370,2.742
83,4.370,2.747
84,4.370,2.742
85,4.370,2.747
86,4.370,2.747
87,4.370,2.747
88,4.370,2.747
89,4.370,2.747
90,4.370,2.747
91,4.370,2.747
92,4.370,2.747
93,4.370,2.747
94,4.370,2.747
95,4.370,2.747
96,4.370,2.747
97,4.370,2.747
98,4.370,2.752
99,4.370,2.747
100,4.370,2.752
101,4.370,2.747
102,4.370,2.752
103,4.370,2.747
104,4.370,2.752
105,4.370,2.752
106,4.370,2.752
107,4.370,2.752
108,4.370,2.752
109,4.370,2.752
110,4.370,2.752
111,4.370,2.752
112,4.370,2.752
113,4.370,2.752
114,4.370,2.752
115,4.370,2.752
116,4.370,2.752
117,4.370,2.752
118,4.370,2.757
119,4.370,2.757
120,4.370,2.757
121,4.370,2.757
122,3.631,2.757
123,2.761,2.752
124,2.356,2.757
125,2.302,2.757
126,2.405,2.757
127,2.517,2.757
128,2.581,2.757
129,2.586,2.757
130,2.566,2.757
131,2.527,2.757
132,2.498,2.757
133,2.473,2.757
134,2.444,2.757
135,2.429,2.757
136,2.419,2.757
137,2.410,2.757
138,2.400,2.757
139,2.405,2.761
140,2.458,2.757
141,2.595,2.761
142,2.732,2.757
143,2.801,2.761
144,2.801,2.757
145,2.752,2.761
146,2.708,2.761
147,2.678,2.761
148,2.649,2.761
149,2.620,2.761
150,2.605,2.761
151,2.600,2.761
152,2.595,2.761
153,2.586,2.761
154,2.566,2.761
155,2.551,2.761
156,2.532,2.761
157,2.502,2.761
158,2.478,2.766
159,2.463,2.761
160,2.449,2.766
161,2.444,2.766
162,2.434,2.766
163,2.419,2.766
164,2.405,2.766
165,2.400,2.766
166,2.395,2.766
167,2.410,2.766
168,2.507,2.766
169,2.669,2.766
170,2.825,2.766
171,2.879,2.766
172,2.854,2.766
173,2.796,2.766
174,2.737,2.766
175,2.693,2.771
176,2.654,2.766
177,2.630,2.771
178,2.615,2.766
179,2.625,2.771
180,2.634,2.766
181,2.625,2.771
182,2.600,2.771
183,2.566,2.771
184,2.537,2.771
185,2.512,2.771
186,2.493,2.771
187,2.483,2.771
188,2.473,2.771
189,2.463,2.771
190,2.458,2.771
191,2.449,2.771
192,2.444,2.771
193,2.429,2.771
194,2.439,2.776
195,2.532,2.771
196,2.708,2.776
197,2.864,2.776
198,2.937,2.776
199,2.923,2.776
200,2.859,2.776
201,2.791,2.776
202,2.727,2.776
203,2.678,2.776
204,2.654,2.776
205,2.659,2.776
206,2.674,2.776
207,2.678,2.776
208,2.669,2.776
209,2.659,2.776
210,2.649,2.776
211,2.634,2.776
212,2.605,2.776
213,2.566,2.776
214,2.517,2.781
215,2.493,2.776
216,2.468,2.781
217,2.458,2.776
218,2.458,2.781
219,2.463,2.781
220,2.473,2.781
221,2.473,2.781
222,2.468,2.781
223,2.502,2.781
224,2.654,2.781
225,2.874,2.781
226,3.030,2.781
227,3.079,2.781
228,3.025,2.781
229,2.918,2.781
230,2.849,2.781
231,2.791,2.781
232,2.747,2.786
233,2.722,2.781
234,2.727,2.786
235,2.722,2.781
236,2.698,2.786
237,2.659,2.781
238,2.610,2.781
239,2.571,2.786
240,2.537,2.781
241,2.512,2.786
242,2.488,2.786
243,2.468,2.786
244,2.444,2.786
245,2.434,2.786
246,2.414,2.786
247,2.405,2.786
248,2.390,2.786
249,2.370,2.786
250,2.366,2.786
251,2.395,2.786
252,2.551,2.786
253,2.796,2.786
254,2.977,2.786
255,3.030,2.786
256,2.962,2.786
257,2.849,2.786
258,2.766,2.786
259,2.703,2.786
260,2.654,2.786
261,2.630,2.786
262,2.625,2.786
263,2.634,2.791
264,2.639,2.786
265,2.625,2.791
266,2.595,2.786
267,2.556,2.791
268,2.517,2.786
269,2.498,2.791
270,2.473,2.791
271,2.458,2.791
272,2.454,2.791
273,2.468,2.791
274,2.488,2.791
275,2.517,2.791
276,2.537,2.791
277,2.537,2.791
278,2.537,2.791
279,2.649,2.791
280,2.859,2.791
281,3.035,2.791
282,3.109,2.791
283,3.065,2.791
284,2.967,2.791
285,2.869,2.791
286,2.791,2.796
287,2.727,2.791
288,2.698,2.796
289,2.693,2.796
290,2.703,2.796
291,2.698,2.796
292,2.669,2.796
293,2.625,2.796
294,2.571,2.796
295,2.542,2.796
296,2.517,2.796
297,2.493,2.796
298,2.463,2.796
299,2.444,2.796
300,2.429,2.796
301,2.419,2.796
302,2.405,2.796
303,2.405,2.796
304,2.395,2.796
305,2.395,2.796
306,2.507,2.796
307,2.752,2.796
308,3.001,2.796
309,3.113,2.801
310,3.084,2.796
311,2.972,2.801
312,2.864,2.796
313,2.776,2.801
314,2.703,2.796
315,2.664,2.801
316,2.644,2.801
317,2.649,2.801
318,2.659,2.801
319,2.654,2.796
320,2.630,2.801
321,2.590,2.796
322,2.551,2.801
323,2.522,2.796
324,2.488,2.801
325,2.458,2.801
326,2.439,2.801
327,2.419,2.801
328,2.395,2.801
329,2.375,2.801
330,2.366,2.801
331,2.351,2.801
332,2.341,2.801
333,2.326,2.801
334,2.351,2.801
335,2.517,2.801
336,2.776,2.801
337,2.986,2.801
338,3.055,2.801
339,2.996,2.801
340,2.869,2.801
341,2.757,2.801
342,2.683,2.796
343,2.625,2.801
344,2.586,2.796
345,2.581,2.801
346,2.590,2.796
347,2.605,2.801
348,2.590,2.801
349,2.542,2.801
350,2.498,2.801
351,2.458,2.801
352,2.434,2.801
353,2.410,2.801
354,2.390,2.801
355,2.366,2.801
356,2.351,2.801
357,2.341,2.801
358,2.341,2.801
359,2.341,2.801
360,2.331,2.801
361,2.341,2.801
362,2.468,2.801
363,2.752,2.801
364,3.035,2.801
365,3.167,2.801
366,3.123,2.801
367,2.967,2.801
368,2.791,2.801
369,2.644,2.801
370,2.542,2.801
371,2.507,2.801
372,2.537,2.801
373,2.595,2.801
374,2.630,2.801
375,2.620,2.801
376,2.566,2.801
377,2.502,2.801
378,2.454,2.801
379,2.424,2.801
380,2.405,2.801
381,2.390,2.801
382,2.390,2.801
383,2.385,2.801
384,2.366,2.805
385,2.351,2.801
386,2.370,2.805
387,2.532,2.801
388,2.810,2.805
389,3.045,2.801
390,3.123,2.805
391,3.050,2.801
392,2.918,2.805
393,2.791,2.805
394,2.703,2.805
395,2.634,2.805
396,2.586,2.805
397,2.586,2.805
398,2.610,2.805
399,2.620,2.805
400,2.610,2.805
401,2.571,2.805
402,2.527,2.805
403,2.473,2.805
404,2.434,2.805
405,2.419,2.805
406,2.410,2.805
407,2.400,2.805
408,2.380,2.805
409,2.351,2.805
410,2.331,2.805
411,2.346,2.805
412,2.493,2.810
413,2.781,2.805
414,3.040,2.810
415,3.133,2.810
416,3.069,2.810
417,2.928,2.810
418,2.805,2.810
419,2.722,2.810
420,2.649,2.810
421,2.610,2.810
422,2.605,2.810
423,2.630,2.810
424,2.649,2.810
425,2.634,2.810
426,2.581,2.810
427,2.502,2.810
428,2.439,2.810
429,2.395,2.810
430,2.361,2.810
431,2.341,2.810
432,2.331,2.810
433,2.317,2.810
434,2.312,2.810
435,2.297,2.810
436,2.292,2.810
437,2.278,2.810
438,2.278,2.810
439,2.405,2.810
440,2.683,2.810
441,2.962,2.810
442,3.089,2.810
443,3.035,2.810
444,2.898,2.810
445,2.766,2.810
446,2.664,2.810
447,2.581,2.810
448,2.527,2.810
449,2.527,2.810
450,2.551,2.810
451,2.571,2.810
452,2.561,2.810
453,2.522,2.810
454,2.468,2.810
455,2.414,2.810
456,2.370,2.810
457,2.351,2.805
458,2.336,2.810
459,2.317,2.805
460,2.302,2.810
461,2.287,2.805
462,2.287,2.810
463,2.283,2.805
464,2.283,2.810
465,2.273,2.805
466,2.268,2.805
467,2.326,2.805
468,2.546,2.805
469,2.820,2.805
470,3.011,2.805
471,2.996,2.810
472,2.869,2.805
473,2.722,2.810
474,2.610,2.805
475,2.527,2.810
476,2.483,2.805
477,2.488,2.810
478,2.517,2.805
479,2.537,2.810
480,2.527,2.805
481,2.483,2.810
482,2.419,2.810
483,2.366,2.810
484,2.336,2.810
485,2.326,2.810
486,2.312,2.810
487,2.302,2.810
488,2.283,2.810
489,2.263,2.810
490,2.243,2.810
491,2.219,2.810
492,2.224,2.810
493,2.278,2.810
494,2.463,2.810
495,2.703,2.810
496,2.859,2.810
497,2.879,2.810
498,2.805,2.810
499,2.698,2.810
500,2.581,2.810
501,2.498,2.815
502,2.414,2.810
503,2.356,2.815
504,2.322,2.810
505,2.317,2.815
506,2.312,2.810
507,2.307,2.815
508,2.292,2.815
509,2.283,2.815
510,2.263,2.815
511,2.234,2.815
512,2.214,2.815
513,2.204,2.815
514,2.185,2.815
515,2.175,2.815
516,2.170,2.815
517,2.190,2.815
518,2.283,2.815
519,2.429,2.815
520,2.546,2.815
521,2.571,2.815
522,2.522,2.815
523,2.434,2.815
524,2.356,2.815
525,2.297,2.815
526,2.273,2.815
527,2.278,2.815
528,2.307,2.815
529,2.326,2.815
530,2.326,2.815
531,2.302,2.815
532,2.278,2.815
533,2.258,2.815
534,2.239,2.815
535,2.234,2.815
536,2.224,2.815
537,2.219,2.820
538,2.224,2.815
539,2.273,2.820
540,2.380,2.815
541,2.488,2.820
542,2.532,2.815
543,2.507,2.820
544,2.449,2.820
545,2.390,2.820
546,2.346,2.820
547,2.322,2.820
548,2.326,2.820
549,2.341,2.820
550,2.356,2.820
551,2.356,2.820
552,2.341,2.820
553,2.326,2.820
554,2.312,2.820
555,2.302,2.820
556,2.292,2.820
557,2.292,2.820
558,2.283,2.820
559,2.278,2.820
560,2.331,2.820
561,2.434,2.820
562,2.542,2.820
563,2.581,2.820
564,2.561,2.820
565,2.512,2.820
566,2.458,2.820
567,2.424,2.820
568,2.390,2.820
569,2.370,2.820
570,2.380,2.820
571,2.400,2.825
572,2.414,2.820
573,2.405,2.820
574,2.390,2.820
575,2.370,2.825
576,2.346,2.820
577,2.336,2.825
578,2.331,2.820
579,2.326,2.825
580,2.317,2.820
581,2.322,2.825
582,2.390,2.820
583,2.483,2.825
584,2.566,2.820
585,2.576,2.825
586,2.551,2.825
587,2.512,2.825
588,2.478,2.825
589,2.458,2.825
590,2.434,2.825
591,2.424,2.825
592,2.424,2.825
593,2.424,2.825
594,2.419,2.825
595,2.410,2.825
596,2.395,2.825
597,2.380,2.825
598,2.375,2.825
599,2.361,2.825
600,2.351,2.825
601,2.346,2.825
602,2.341,2.825
603,2.331,2.825
604,2.336,2.825
605,2.370,2.825
606,2.468,2.825
607,2.571,2.825
608,2.610,2.825
609,2.586,2.830
610,2.546,2.825
611,2.517,2.830
612,2.478,2.830
613,2.454,2.830
614,2.444,2.830
615,2.449,2.830
616,2.463,2.830
617,2.458,2.830
618,2.449,2.830
619,2.429,2.830
620,2.414,2.830
621,2.410,2.830
622,2.400,2.830
623,2.390,2.830
624,2.380,2.830
625,2.370,2.830
626,2.356,2.830
627,2.351,2.830
628,2.351,2.830
629,2.346,2.830
630,2.346,2.830
631,2.346,2.830
632,2.346,2.830
633,2.361,2.830
634,2.439,2.830
635,2.566,2.835
636,2.649,2.830
637,2.674,2.835
638,2.639,2.830
639,2.600,2.835
640,2.576,2.835
641,2.561,2.835
642,2.546,2.835
643,2.546,2.835
644,2.556,2.835
645,2.561,2.835
646,2.551,2.835
647,2.527,2.835
648,2.493,2.835
649,2.468,2.835
650,2.449,2.835
651,2.444,2.835
652,2.429,2.835
653,2.424,2.835
654,2.414,2.835
655,2.410,2.835
656,2.405,2.835
657,2.400,2.835
658,2.390,2.840
659,2.385,2.835
660,2.414,2.840
661,2.522,2.835
662,2.659,2.835
663,2.761,2.835
664,2.781,2.840
665,2.742,2.835
666,2.683,2.840
667,2.630,2.835
668,2.586,2.840
669,2.556,2.840
670,2.566,2.840
671,2.581,2.840
672,2.595,2.840
673,2.595,2.840
674,2.566,2.840
675,2.537,2.840
676,2.512,2.840
677,2.488,2.840
678,2.478,2.840
679,2.463,2.840
680,2.458,2.840
681,2.449,2.840
682,2.434,2.840
683,2.424,2.840
684,2.419,2.840
685,2.414,2.840
686,2.410,2.840
687,2.419,2.840
688,2.488,2.840
689,2.664,2.840
690,2.849,2.840
691,2.952,2.840
692,2.937,2.845
693,2.854,2.840
694,2.752,2.845
695,2.678,2.840
696,2.625,2.845
697,2.590,2.840
698,2.590,2.845
699,2.615,2.840
700,2.625,2.845
701,2.610,2.840
702,2.581,2.845
703,2.546,2.845
704,2.512,2.845
705,2.488,2.845
706,2.473,2.845
707,2.468,2.845
708,2.449,2.845
709,2.434,2.845
710,2.419,2.845
711,2.410,2.845
712,2.405,2.845
713,2.400,2.845
714,2.390,2.845
715,2.385,2.845
716,2.385,2.845
717,2.439,2.845
718,2.605,2.845
719,2.805,2.845
720,2.937,2.845
721,2.947,2.845
722,2.864,2.845
723,2.761,2.845
724,2.678,2.845
725,2.610,2.845
726,2.586,2.845
727,2.595,2.849
728,2.625,2.845
729,2.639,2.849
730,2.634,2.845
731,2.605,2.849
732,2.566,2.845
733,2.527,2.849
734,2.502,2.845
735,2.478,2.849
736,2.463,2.849
737,2.458,2.849
738,2.444,2.849
739,2.434,2.849
740,2.424,2.849
741,2.414,2.849
742,2.405,2.849
743,2.405,2.849
744,2.454,2.849
745,2.634,2.849
746,2.869,2.849
747,3.025,2.849
748,3.055,2.849
749,2.977,2.849
750,2.859,2.849
751,2.757,2.849
752,2.688,2.849
753,2.649,2.849
754,2.654,2.849
755,2.678,2.849
756,2.698,2.849
757,2.688,2.849
758,2.644,2.849
759,2.595,2.849
760,2.551,2.849
761,2.527,2.849
762,2.512,2.849
763,2.493,2.849
764,2.478,2.849
765,2.463,2.849
766,2.439,2.849
767,2.419,2.849
768,2.410,2.849
769,2.405,2.849
770,2.390,2.849
771,2.444,2.849
772,2.630,2.849
773,2.893,2.849
774,3.079,2.849
775,3.104,2.849
776,3.016,2.849
777,2.889,2.849
778,2.786,2.849
779,2.717,2.849
780,2.669,2.849
781,2.659,2.849
782,2.669,2.849
783,2.688,2.849
784,2.688,2.849
785,2.659,2.854
786,2.610,2.849
787,2.571,2.854
788,2.537,2.849
789,2.512,2.854
790,2.493,2.849
791,2.473,2.854
792,2.454,2.849
793,2.439,2.854
794,2.429,2.854
795,2.414,2.854
796,2.400,2.854
797,2.395,2.854
798,2.390,2.854
799,2.410,2.854
800,2.571,2.854
801,2.923,2.854
802,3.196,2.854
803,3.304,2.854
804,3.236,2.854
805,3.089,2.854
806,2.952,2.854
807,2.845,2.854
808,2.766,2.854
809,2.747,2.854
810,2.761,2.854
811,2.776,2.854
812,2.766,2.854
813,2.722,2.854
814,2.669,2.854
815,2.625,2.854
816,2.590,2.854
817,2.556,2.854
818,2.522,2.854
819,2.502,2.854
820,2.473,2.854
821,2.454,2.859
822,2.434,2.854
823,2.405,2.859
824,2.385,2.854
825,2.361,2.859
826,2.351,2.854
827,2.429,2.859
828,2.649,2.854
829,2.908,2.859
830,3.060,2.854
831,3.055,2.854
832,2.933,2.859
833,2.791,2.854
834,2.678,2.854
835,2.615,2.854
836,2.595,2.854
837,2.620,2.854
838,2.639,2.854
839,2.649,2.854
840,2.620,2.854
841,2.571,2.859
842,2.522,2.874
843,2.483,2.889
844,2.454,2.903
845,2.419,2.913
846,2.395,2.928
847,2.370,2.933
848,2.356,2.937
849,2.341,2.942
850,2.331,2.942
851,2.331,2.942
852,2.322,2.942
853,2.346,2.942
854,2.493,2.937
855,2.713,2.942
856,2.869,2.937
857,2.884,2.937
858,2.796,2.933
859,2.678,2.933
860,2.581,2.928
861,2.483,2.923
862,2.449,2.923
863,2.449,2.923
864,2.454,2.923
865,2.458,2.923
866,2.434,2.928
867,2.410,2.928
868,2.375,2.933
869,2.356,2.928
870,2.351,2.933
871,2.341,2.933
872,2.341,2.933
873,2.336,2.928
874,2.326,2.928
875,2.312,2.928
876,2.326,2.928
877,2.454,2.928
878,2.674,2.928
879,2.864,2.928
880,2.898,2.928
881,2.815,2.928
882,2.678,2.923
883,2.561,2.923
884,2.483,2.918
885,2.434,2.918
886,2.434,2.908
887,2.458,2.898
888,2.478,2.889
889,2.478,2.884
890,2.454,2.879
891,2.419,2.874
892,2.400,2.869
893,2.380,2.869
894,2.380,2.864
895,2.390,2.864
896,2.395,2.864
897,2.375,2.859
898,2.356,2.859
899,2.341,2.859
900,2.439,2.859
901,2.639,2.859
902,2.805,2.859
903,2.869,2.859
904,2.830,2.859
905,2.732,2.859
906,2.649,2.859
907,2.581,2.859
908,2.537,2.859
909,2.493,2.859
910,2.458,2.859
911,2.439,2.854
912,2.429,2.859
913,2.419,2.854
914,2.410,2.854
915,2.400,2.854
916,2.395,2.854
917,2.390,2.854
918,2.375,2.854
919,2.366,2.854
920,2.356,2.854
921,2.341,2.854
922,2.410,2.854
923,2.561,2.854
924,2.713,2.854
925,2.786,2.854
926,2.761,2.854
927,2.693,2.854
928,2.625,2.854
929,2.571,2.854
930,2.517,2.854
931,2.468,2.854
932,2.444,2.854
933,2.444,2.854
934,2.449,2.854
935,2.444,2.854
936,2.419,2.854
937,2.395,2.854
938,2.375,2.859
939,2.351,2.854
940,2.331,2.859
941,2.322,2.854
942,2.312,2.859
943,2.307,2.859
944,2.351,2.859
945,2.473,2.859
946,2.615,2.859
947,2.683,2.859
948,2.674,2.859
949,2.615,2.859
950,2.551,2.859
951,2.488,2.859
952,2.439,2.859
953,2.405,2.859
954,2.400,2.859
955,2.405,2.859
956,2.414,2.859
957,2.405,2.859
958,2.385,2.854
959,2.366,2.854
960,2.351,2.854
961,2.346,2.854
962,2.331,2.854
963,2.317,2.854
964,2.312,2.854
965,2.307,2.854
966,2.307,2.854
967,2.302,2.854
968,2.287,2.854
969,2.283,2.854
970,2.302,2.854
971,2.385,2.854
972,2.522,2.854
973,2.615,2.854
974,2.630,2.854
975,2.590,2.854
976,2.537,2.854
977,2.493,2.854
978,2.458,2.854
979,2.419,2.854
980,2.400,2.854
981,2.395,2.854
982,2.400,2.854
983,2.400,2.854
984,2.385,2.854
985,2.361,2.854
986,2.336,2.854
987,2.317,2.854
988,2.312,2.854
989,2.312,2.854
990,2.317,2.854
991,2.312,2.854
992,2.307,2.854
993,2.302,2.849
994,2.331,2.849
995,2.419,2.849
996,2.517,2.849
997,2.566,2.849
998,2.566,2.849
999,2.546,2.849
1000,2.512,2.849
1001,2.483,2.849
1002,2.449,2.854
1003,2.414,2.849
1004,2.405,2.854
1005,2.414,2.849
1006,2.424,2.854
1007,2.429,2.849
1008,2.414,2.854
1009,2.405,2.849
1010,2.400,2.854
1011,2.400,2.854
1012,2.405,2.849
1013,2.414,2.854
1014,2.414,2.849
1015,2.405,2.854
1016,2.400,2.849
1017,2.400,2.854
1018,2.458,2.849
1019,2.576,2.854
1020,2.669,2.849
1021,2.703,2.854
1022,2.698,2.849
1023,2.664,2.854
1024,2.630,2.849
1025,2.605,2.849
1026,2.576,2.849
1027,2.556,2.849
1028,2.551,2.849
1029,2.566,2.849
1030,2.586,2.849
1031,2.595,2.849
1032,2.581,2.849
1033,2.571,2.849
1034,2.551,2.849
1035,2.537,2.849
1036,2.517,2.849
1037,2.493,2.849
1038,2.478,2.849
1039,2.468,2.849
1040,2.468,2.849
1041,2.463,2.849
1042,2.458,2.849
1043,2.439,2.849
1044,2.434,2.849
1045,2.478,2.849
1046,2.630,2.849
1047,2.801,2.849
1048,2.908,2.849
1049,2.933,2.849
1050,2.893,2.849
1051,2.820,2.849
1052,2.752,2.849
1053,2.713,2.849
1054,2.664,2.849
1055,2.600,2.849
1056,2.551,2.849
1057,2.517,2.849
1058,2.488,2.849
1059,2.468,2.849
1060,2.444,2.849
1061,2.414,2.849
1062,2.390,2.849
1063,2.375,2.849
1064,2.375,2.849
1065,2.361,2.849
1066,2.351,2.849
1067,2.351,2.849
1068,2.341,2.849
1069,2.331,2.849
1070,2.322,2.849
1071,2.322,2.849
1072,2.312,2.849
1073,2.317,2.845
1074,2.326,2.849
1075,2.400,2.845
1076,2.561,2.849
1077,2.732,2.845
1078,2.805,2.849
1079,2.786,2.845
1080,2.713,2.849
1081,2.639,2.845
1082,2.581,2.849
1083,2.522,2.849
1084,2.478,2.849
1085,2.439,2.849
1086,2.429,2.854
1087,2.414,2.854
1088,2.410,2.854
1089,2.390,2.854
1090,2.361,2.854
1091,2.336,2.859
1092,2.326,2.859
1093,2.322,2.859
1094,2.312,2.859
1095,2.302,2.859
1096,2.307,2.859
1097,2.312,2.859
1098,2.307,2.859
1099,2.292,2.859
1100,2.283,2.859
1101,2.283,2.859
1102,2.283,2.859
1103,2.312,2.859
1104,2.419,2.859
1105,2.600,2.859
1106,2.757,2.859
1107,2.815,2.859
1108,2.771,2.859
1109,2.693,2.859
1110,2.615,2.859
1111,2.566,2.854
1112,2.512,2.859
1113,2.468,2.854
1114,2.449,2.854
1115,2.444,2.859
1116,2.449,2.854
1117,2.458,2.859
1118,2.444,2.854
1119,2.424,2.859
1120,2.400,2.854
1121,2.366,2.859
1122,2.341,2.854
1123,2.331,2.859
1124,2.326,2.854
1125,2.317,2.859
1126,2.312,2.859
1127,2.297,2.854
1128,2.283,2.854
1129,2.283,2.854
1130,2.283,2.854
1131,2.292,2.854
1132,2.361,2.854
1133,2.512,2.849
1134,2.688,2.854
1135,2.805,2.849
1136,2.820,2.854
1137,2.752,2.849
1138,2.649,2.854
1139,2.566,2.849
1140,2.502,2.854
1141,2.454,2.854
1142,2.444,2.854
1143,2.449,2.849
1144,2.458,2.854
1145,2.463,2.854
1146,2.449,2.854
1147,2.429,2.849
1148,2.410,2.854
1149,2.390,2.854
1150,2.370,2.849
1151,2.356,2.854
1152,2.356,2.849
1153,2.361,2.854
1154,2.351,2.849
1155,2.346,2.854
1156,2.331,2.849
1157,2.356,2.849
1158,2.488,2.849
1159,2.688,2.849
1160,2.849,2.849
1161,2.898,2.849
1162,2.845,2.849
1163,2.732,2.849
1164,2.630,2.849
1165,2.556,2.849
1166,2.493,2.854
1167,2.463,2.849
1168,2.463,2.854
1169,2.478,2.849
1170,2.488,2.854
1171,2.473,2.849
1172,2.444,2.854
1173,2.410,2.849
1174,2.390,2.854
1175,2.375,2.849
1176,2.366,2.849
1177,2.356,2.849
1178,2.346,2.849
1179,2.331,2.849
1180,2.326,2.849
1181,2.317,2.849
1182,2.312,2.849
1183,2.341,2.849
1184,2.473,2.849
1185,2.708,2.849
1186,2.898,2.849
1187,2.972,2.849
1188,2.918,2.849
1189,2.805,2.849
1190,2.688,2.849
1191,2.600,2.849
1192,2.542,2.849
1193,2.498,2.849
1194,2.488,2.849
1195,2.507,2.849
1196,2.532,2.849
1197,2.546,2.849
1198,2.537,2.849
1199,2.527,2.849
1200,2.502,2.849
1201,2.478,2.849
1202,2.444,2.849
1203,2.410,2.849
1204,2.380,2.845
1205,2.366,2.849
1206,2.341,2.845
1207,2.331,2.845
1208,2.331,2.845
1209,2.346,2.845
1210,2.468,2.845
1211,2.708,2.840
1212,2.947,2.845
1213,3.065,2.840
1214,3.035,2.845
1215,2.898,2.840
1216,2.757,2.840
1217,2.654,2.840
1218,2.590,2.840
1219,2.566,2.840
1220,2.576,2.845
1221,2.595,2.845
1222,2.605,2.845
1223,2.590,2.845
1224,2.561,2.845
1225,2.527,2.845
1226,2.498,2.845
1227,2.473,2.845
1228,2.458,2.840
1229,2.439,2.845
1230,2.419,2.840
1231,2.405,2.840
1232,2.390,2.840
1233,2.390,2.840
1234,2.458,2.840
1235,2.669,2.840
1236,2.913,2.840
1237,3.069,2.840
1238,3.069,2.840
1239,2.913,2.835
1240,2.771,2.835
1241,2.654,2.835
1242,2.566,2.840
1243,2.517,2.840
1244,2.512,2.845
1245,2.532,2.849
1246,2.546,2.854
1247,2.542,2.859
1248,2.512,2.859
1249,2.473,2.859
1250,2.434,2.854
1251,2.410,2.849
1252,2.385,2.845
1253,2.361,2.845
1254,2.346,2.840
1255,2.341,2.845
1256,2.346,2.840
1257,2.444,2.840
1258,2.659,2.840
1259,2.884,2.840
1260,2.991,2.835
1261,2.952,2.835
1262,2.835,2.835
1263,2.698,2.830
1264,2.581,2.830
1265,2.498,2.835
1266,2.463,2.835
1267,2.478,2.835
1268,2.507,2.835
1269,2.522,2.835
1270,2.507,2.835
1271,2.473,2.830
1272,2.439,2.830
1273,2.410,2.825
1274,2.385,2.825
1275,2.370,2.825
1276,2.351,2.820
1277,2.351,2.820
1278,2.385,2.820
1279,2.537,2.815
1280,2.761,2.815
1281,2.933,2.815
1282,2.981,2.815
1283,2.903,2.810
1284,2.776,2.810
1285,2.659,2.810
1286,2.561,2.810
1287,2.502,2.810
1288,2.493,2.810
1289,2.512,2.810
1290,2.537,2.805
1291,2.537,2.810
1292,2.517,2.805
1293,2.478,2.810
1294,2.449,2.805
1295,2.429,2.805
1296,2.419,2.805
1297,2.410,2.805
1298,2.419,2.801
1299,2.512,2.801
1300,2.727,2.796
1301,2.937,2.796
1302,3.030,2.796
1303,2.972,2.796
1304,2.840,2.796
1305,2.698,2.796
1306,2.586,2.796
1307,2.517,2.791
1308,2.478,2.796
1309,2.493,2.791
1310,2.512,2.791
1311,2.527,2.791
1312,2.512,2.791
1313,2.473,2.791
1314,2.429,2.791
1315,2.400,2.791
1316,2.380,2.791
1317,2.370,2.791
1318,2.366,2.791
1319,2.410,2.791
1320,2.581,2.791
1321,2.801,2.791
1322,2.952,2.791
1323,2.967,2.791
1324,2.849,2.791
1325,2.717,2.791
1326,2.610,2.786
1327,2.512,2.791
1328,2.468,2.786
1329,2.468,2.786
1330,2.498,2.786
1331,2.512,2.786
1332,2.493,2.786
1333,2.468,2.786
1334,2.434,2.786
1335,2.395,2.786
1336,2.375,2.781
1337,2.366,2.781
1338,2.356,2.781
1339,2.351,2.781
1340,2.385,2.781
1341,2.556,2.776
1342,2.791,2.776
1343,2.967,2.776
1344,3.001,2.776
1345,2.923,2.771
1346,2.786,2.776
1347,2.664,2.771
1348,2.566,2.771
1349,2.512,2.771
1350,2.502,2.771
1351,2.522,2.766
1352,2.537,2.766
1353,2.527,2.766
1354,2.493,2.761
1355,2.449,2.761
1356,2.419,2.761
1357,2.395,2.761
1358,2.385,2.757
1359,2.370,2.757
1360,2.356,2.757
1361,2.346,2.757
1362,2.336,2.757
1363,2.419,2.757
1364,2.620,2.752
1365,2.815,2.752
1366,2.884,2.757
1367,2.820,2.752
1368,2.708,2.752
1369,2.605,2.752
1370,2.527,2.752
1371,2.473,2.752
1372,2.458,2.752
1373,2.463,2.752
1374,2.473,2.752
1375,2.468,2.752
1376,2.454,2.752
1377,2.424,2.752
1378,2.395,2.752
1379,2.370,2.752
1380,2.346,2.747
1381,2.336,2.752
1382,2.326,2.747
1383,2.317,2.752
1384,2.307,2.747
1385,2.312,2.747
1386,2.385,2.747
1387,2.556,2.747
1388,2.722,2.747
1389,2.791,2.747
1390,2.757,2.747
1391,2.669,2.747
1392,2.586,2.747
1393,2.512,2.747
1394,2.458,2.752
1395,2.444,2.752
1396,2.444,2.752
1397,2.449,2.752
1398,2.444,2.752
1399,2.434,2.752
1400,2.410,2.752
1401,2.385,2.752
1402,2.366,2.752
1403,2.351,2.752
1404,2.341,2.752
1405,2.331,2.752
1406,2.322,2.752
1407,2.317,2.752
1408,2.312,2.752
1409,2.297,2.752
1410,2.322,2.752
1411,2.434,2.752
1412,2.600,2.752
1413,2.713,2.757
1414,2.722,2.752
1415,2.659,2.757
1416,2.576,2.752
1417,2.507,2.757
1418,2.454,2.757
1419,2.424,2.757
1420,2.429,2.757
1421,2.449,2.757
1422,2.458,2.757
1423,2.454,2.757
1424,2.429,2.757
1425,2.395,2.757
1426,2.375,2.757
1427,2.361,2.757
1428,2.351,2.757
1429,2.356,2.757
1430,2.346,2.757
1431,2.331,2.757
1432,2.322,2.761
1433,2.356,2.757
1434,2.468,2.761
1435,2.610,2.757
1436,2.698,2.761
1437,2.703,2.761
1438,2.644,2.761
1439,2.586,2.761
1440,2.527,2.761
1441,2.473,2.761
1442,2.444,2.761
1443,2.444,2.761
1444,2.454,2.761
1445,2.458,2.761
1446,2.444,2.761
1447,2.419,2.761
1448,2.395,2.761
1449,2.370,2.761
1450,2.361,2.761
1451,2.356,2.761
1452,2.356,2.761
1453,2.356,2.761
1454,2.351,2.761
1455,2.356,2.761
1456,2.356,2.761
1457,2.351,2.761
1458,2.385,2.766
1459,2.517,2.761
1460,2.674,2.766
1461,2.766,2.761
1462,2.761,2.766
1463,2.703,2.761
1464,2.634,2.766
1465,2.581,2.766
1466,2.532,2.766
1467,2.512,2.766
1468,2.512,2.766
1469,2.527,2.766
1470,2.532,2.766
1471,2.522,2.766
1472,2.502,2.766
1473,2.468,2.771
1474,2.444,2.766
1475,2.424,2.771
1476,2.395,2.766
1477,2.385,2.771
1478,2.375,2.771
1479,2.366,2.771
1480,2.356,2.771
1481,2.346,2.771
1482,2.346,2.771
1483,2.341,2.771
1484,2.361,2.771
1485,2.458,2.771
1486,2.639,2.771
1487,2.791,2.771
1488,2.845,2.771
1489,2.815,2.771
1490,2.747,2.771
1491,2.669,2.771
1492,2.625,2.776
1493,2.586,2.771
1494,2.571,2.776
1495,2.561,2.776
1496,2.556,2.771
1497,2.551,2.776
1498,2.537,2.771
1499,2.512,2.776
1500,2.488,2.776
1501,2.468,2.776
1502,2.454,2.776
1503,2.439,2.776
1504,2.424,2.776
1505,2.410,2.776
1506,2.390,2.776
1507,2.380,2.776
1508,2.370,2.776
1509,2.361,2.776
1510,2.370,2.776
1511,2.463,2.776
1512,2.639,2.776
1513,2.801,2.776
1514,2.874,2.776
1515,2.854,2.776
1516,2.781,2.776
1517,2.703,2.776
1518,2.649,2.781
1519,2.605,2.776
1520,2.600,2.781
1521,2.620,2.781
1522,2.644,2.781
1523,2.649,2.781
1524,2.620,2.781
1525,2.571,2.781
1526,2.517,2.781
1527,2.468,2.781
1528,2.434,2.781
1529,2.414,2.781
1530,2.400,2.781
1531,2.395,2.781
1532,2.385,2.781
1533,2.380,2.781
1534,2.375,2.781
1535,2.366,2.781
1536,2.366,2.781
1537,2.361,2.786
1538,2.361,2.781
1539,2.361,2.786
1540,2.439,2.781
1541,2.630,2.786
1542,2.825,2.781
1543,2.923,2.786
1544,2.908,2.786
1545,2.830,2.786
1546,2.761,2.786
1547,2.713,2.786
1548,2.669,2.786
1549,2.644,2.786
1550,2.644,2.786
1551,2.644,2.786
1552,2.644,2.786
1553,2.625,2.786
1554,2.595,2.786
1555,2.556,2.786
1556,2.522,2.786
1557,2.498,2.786
1558,2.483,2.786
1559,2.473,2.786
1560,2.458,2.786
1561,2.444,2.786
1562,2.434,2.786
1563,2.424,2.786
1564,2.449,2.786
1565,2.600,2.786
1566,2.825,2.786
1567,2.991,2.786
1568,3.040,2.786
1569,2.986,2.786
1570,2.884,2.786
1571,2.786,2.786
1572,2.703,2.786
1573,2.634,2.786
1574,2.610,2.786
1575,2.615,2.791
1576,2.620,2.791
1577,2.615,2.791
1578,2.595,2.791
1579,2.556,2.791
1580,2.512,2.791
1581,2.483,2.791
1582,2.463,2.791
1583,2.449,2.791
1584,2.424,2.791
1585,2.410,2.791
1586,2.395,2.791
1587,2.380,2.791
1588,2.370,2.791
1589,2.356,2.791
1590,2.385,2.796
1591,2.542,2.791
1592,2.801,2.796
1593,2.996,2.791
1594,3.055,2.796
1595,3.001,2.791
1596,2.893,2.796
1597,2.801,2.796
1598,2.742,2.796
1599,2.683,2.796
1600,2.659,2.796
1601,2.659,2.796
1602,2.654,2.796
1603,2.639,2.796
1604,2.610,2.796
1605,2.566,2.796
1606,2.522,2.796
1607,2.488,2.796
1608,2.458,2.796
1609,2.449,2.796
1610,2.439,2.796
1611,2.419,2.796
1612,2.410,2.796
1613,2.400,2.796
1614,2.395,2.796
1615,2.380,2.796
1616,2.405,2.796
1617,2.581,2.796
1618,2.884,2.801
1619,3.074,2.796
1620,3.104,2.801
1621,3.011,2.796
1622,2.874,2.801
1623,2.766,2.801
1624,2.683,2.801
1625,2.630,2.801
1626,2.610,2.801
1627,2.615,2.801
1628,2.630,2.801
1629,2.620,2.801
1630,2.586,2.801
1631,2.537,2.801
1632,2.498,2.801
1633,2.454,2.801
1634,2.429,2.801
1635,2.400,2.801
1636,2.380,2.801
1637,2.366,2.801
1638,2.361,2.801
1639,2.341,2.801
1640,2.331,2.801
1641,2.322,2.801
1642,2.326,2.805
1643,2.424,2.801
1644,2.664,2.805
1645,2.908,2.801
1646,3.016,2.805
1647,2.977,2.805
1648,2.849,2.805
1649,2.727,2.805
1650,2.639,2.805
1651,2.566,2.805
1652,2.527,2.805
1653,2.522,2.805
1654,2.542,2.805
1655,2.546,2.805
1656,2.527,2.805
1657,2.493,2.805
1658,2.458,2.805
1659,2.424,2.805
1660,2.400,2.805
1661,2.375,2.805
1662,2.361,2.805
1663,2.341,2.805
1664,2.326,2.805
1665,2.312,2.810
1666,2.307,2.805
1667,2.302,2.810
1668,2.297,2.805
1669,2.375,2.810
1670,2.586,2.810
1671,2.825,2.810
1672,2.942,2.810
1673,2.918,2.810
1674,2.810,2.810
1675,2.678,2.810
1676,2.581,2.810
1677,2.512,2.810
1678,2.478,2.810
1679,2.483,2.810
1680,2.507,2.810
1681,2.522,2.810
1682,2.512,2.810
1683,2.478,2.810
1684,2.444,2.810
1685,2.414,2.810
1686,2.390,2.815
1687,2.375,2.810
1688,2.375,2.810
1689,2.366,2.810
1690,2.351,2.815
1691,2.331,2.810
1692,2.351,2.815
1693,2.498,2.810
1694,2.761,2.810
1695,2.908,2.815
1696,2.918,2.810
1697,2.815,2.815
1698,2.703,2.815
1699,2.600,2.815
1700,2.527,2.815
1701,2.483,2.815
1702,2.478,2.815
1703,2.498,2.815
1704,2.498,2.815
1705,2.488,2.815
1706,2.454,2.815
1707,2.419,2.815
1708,2.380,2.815
1709,2.346,2.815
1710,2.341,2.815
1711,2.331,2.815
1712,2.317,2.815
1713,2.317,2.815
1714,2.302,2.815
1715,2.287,2.815
1716,2.302,2.815
1717,2.429,2.815
1718,2.654,2.815
1719,2.835,2.815
1720,2.879,2.815
1721,2.825,2.815
1722,2.717,2.815
1723,2.634,2.820
1724,2.576,2.815
1725,2.527,2.820
1726,2.502,2.815
1727,2.488,2.820
1728,2.478,2.820
1729,2.473,2.820
1730,2.468,2.820
1731,2.454,2.820
1732,2.439,2.820
1733,2.419,2.820
1734,2.405,2.820
1735,2.385,2.820
1736,2.370,2.820
1737,2.351,2.820
1738,2.331,2.820
1739,2.317,2.820
1740,2.302,2.820
1741,2.322,2.820
1742,2.444,2.820
1743,2.654,2.820
1744,2.810,2.825
1745,2.830,2.820
1746,2.761,2.825
1747,2.669,2.820
1748,2.595,2.825
1749,2.537,2.825
1750,2.488,2.825
1751,2.449,2.825
1752,2.449,2.825
1753,2.439,2.825
1754,2.434,2.825
1755,2.410,2.825
1756,2.375,2.825
1757,2.346,2.825
1758,2.322,2.825
1759,2.312,2.825
1760,2.297,2.825
1761,2.292,2.825
1762,2.283,2.825
1763,2.268,2.825
1764,2.258,2.825
1765,2.253,2.825
1766,2.243,2.825
1767,2.239,2.825
1768,2.307,2.830
1769,2.449,2.825
1770,2.600,2.830
1771,2.664,2.825
1772,2.625,2.830
1773,2.551,2.825
1774,2.483,2.830
1775,2.429,2.830
1776,2.390,2.830
1777,2.361,2.830
1778,2.351,2.830
1779,2.351,2.830
1780,2.351,2.830
1781,2.336,2.830
1782,2.322,2.830
1783,2.302,2.830
1784,2.283,2.830
1785,2.273,2.830
1786,2.258,2.830
1787,2.248,2.835
1788,2.239,2.830
1789,2.234,2.835
1790,2.229,2.830
1791,2.224,2.835
1792,2.219,2.835
1793,2.234,2.835
1794,2.302,2.835
1795,2.410,2.835
1796,2.488,2.835
1797,2.502,2.835
1798,2.473,2.835
1799,2.439,2.835
1800,2.400,2.835
1801,2.375,2.835
1802,2.346,2.835
1803,2.331,2.835
1804,2.336,2.835
1805,2.351,2.835
1806,2.356,2.835
1807,2.341,2.835
1808,2.336,2.840
1809,2.322,2.835
1810,2.312,2.840
1811,2.307,2.835
1812,2.302,2.840
1813,2.302,2.835
1814,2.302,2.840
1815,2.297,2.840
1816,2.287,2.840
1817,2.287,2.840
1818,2.297,2.840
1819,2.346,2.840
1820,2.434,2.840
1821,2.483,2.840
1822,2.478,2.840
1823,2.449,2.840
1824,2.419,2.840
1825,2.395,2.840
1826,2.380,2.840
1827,2.366,2.845
1828,2.366,2.840
1829,2.375,2.845
1830,2.380,2.840
1831,2.375,2.845
1832,2.361,2.845
1833,2.346,2.845
1834,2.341,2.845
1835,2.336,2.845
1836,2.331,2.845
1837,2.326,2.845
1838,2.326,2.845
1839,2.331,2.845
1840,2.322,2.845
1841,2.317,2.845
1842,2.346,2.849
1843,2.414,2.845
1844,2.493,2.849
1845,2.527,2.845
1846,2.527,2.849
1847,2.507,2.845
1848,2.498,2.849
1849,2.502,2.845
1850,2.498,2.849
1851,2.488,2.845
1852,2.478,2.849
1853,2.463,2.849
1854,2.454,2.849
1855,2.449,2.849
1856,2.444,2.849
1857,2.439,2.849
1858,2.424,2.849
1859,2.414,2.849
1860,2.405,2.849
1861,2.400,2.849
1862,2.400,2.849
1863,2.395,2.849
1864,2.380,2.849
1865,2.375,2.849
1866,2.361,2.849
1867,2.356,2.845
1868,2.356,2.849
1869,2.400,2.845
1870,2.522,2.849
1871,2.600,2.849
1872,2.630,2.849
1873,2.625,2.849
1874,2.605,2.849
1875,2.595,2.849
1876,2.590,2.849
1877,2.581,2.849
1878,2.571,2.849
1879,2.566,2.849
1880,2.561,2.849
1881,2.566,2.849
1882,2.571,2.849
1883,2.571,2.849
1884,2.571,2.849
1885,2.556,2.849
1886,2.537,2.849
1887,2.512,2.849
1888,2.493,2.849
1889,2.473,2.849
1890,2.458,2.849
1891,2.439,2.854
1892,2.449,2.849
1893,2.551,2.849
1894,2.683,2.854
1895,2.781,2.849
1896,2.805,2.854
1897,2.776,2.849
1898,2.732,2.854
1899,2.693,2.854
1900,2.654,2.854
1901,2.615,2.854
1902,2.595,2.854
1903,2.595,2.854
1904,2.590,2.854
1905,2.576,2.854
1906,2.556,2.854
1907,2.532,2.854
1908,2.517,2.854
1909,2.488,2.854
1910,2.478,2.854
1911,2.468,2.854
1912,2.454,2.854
1913,2.444,2.854
1914,2.439,2.854
1915,2.444,2.859
1916,2.434,2.854
1917,2.424,2.859
1918,2.410,2.854
1919,2.419,2.859
1920,2.512,2.854
1921,2.688,2.859
1922,2.825,2.859
1923,2.869,2.859
1924,2.845,2.859
1925,2.791,2.859
1926,2.747,2.859
1927,2.713,2.859
1928,2.683,2.859
1929,2.669,2.859
1930,2.664,2.859
1931,2.674,2.859
1932,2.664,2.859
1933,2.634,2.859
1934,2.600,2.859
1935,2.566,2.859
1936,2.537,2.859
1937,2.517,2.859
1938,2.498,2.859
1939,2.483,2.859
1940,2.478,2.859
1941,2.473,2.859
1942,2.468,2.859
1943,2.454,2.859
1944,2.454,2.859
1945,2.522,2.859
1946,2.693,2.859
1947,2.869,2.864
1948,2.957,2.859
1949,2.947,2.864
1950,2.874,2.864
1951,2.815,2.864
1952,2.771,2.864
1953,2.732,2.864
1954,2.693,2.864
1955,2.674,2.864
1956,2.659,2.864
1957,2.654,2.864
1958,2.644,2.864
1959,2.620,2.864
1960,2.595,2.864
1961,2.571,2.864
1962,2.537,2.864
1963,2.517,2.864
1964,2.498,2.864
1965,2.483,2.864
1966,2.473,2.869
1967,2.463,2.864
1968,2.454,2.869
1969,2.444,2.864
1970,2.439,2.869
1971,2.424,2.864
1972,2.419,2.869
1973,2.429,2.864
1974,2.537,2.869
1975,2.742,2.869
1976,2.923,2.869
1977,2.996,2.869
1978,2.967,2.869
1979,2.889,2.869
1980,2.810,2.869
1981,2.761,2.869
1982,2.727,2.869
1983,2.688,2.869
1984,2.664,2.869
1985,2.664,2.869
1986,2.664,2.869
1987,2.659,2.869
1988,2.634,2.869
1989,2.600,2.869
1990,2.566,2.869
1991,2.542,2.869
1992,2.522,2.869
1993,2.507,2.869
1994,2.493,2.874
1995,2.483,2.869
1996,2.468,2.874
1997,2.458,2.874
1998,2.439,2.874
1999,2.419,2.874
2000,2.410,2.874
2001,2.405,2.874
2002,2.405,2.874
2003,2.390,2.874
2004,2.390,2.874
2005,2.498,2.874
2006,2.708,2.874
2007,2.928,2.874
2008,2.986,2.874
2009,2.942,2.874
2010,2.854,2.874
2011,2.776,2.874
2012,2.722,2.874
2013,2.674,2.874
2014,2.639,2.874
2015,2.630,2.874
2016,2.634,2.874
2017,2.634,2.874
2018,2.620,2.874
2019,2.590,2.874
2020,2.561,2.879
2021,2.532,2.874
2022,2.498,2.879
2023,2.473,2.879
2024,2.449,2.879
2025,2.429,2.879
2026,2.414,2.879
2027,2.400,2.879
2028,2.385,2.879
2029,2.375,2.879
2030,2.370,2.879
2031,2.366,2.879
2032,2.356,2.879
2033,2.351,2.879
2034,2.380,2.879
2035,2.542,2.879
2036,2.757,2.879
2037,2.908,2.879
2038,2.947,2.879
2039,2.889,2.879
2040,2.786,2.879
2041,2.703,2.879
2042,2.644,2.879
2043,2.595,2.879
2044,2.571,2.879
2045,2.571,2.879
2046,2.581,2.879
2047,2.576,2.879
2048,2.561,2.884
2049,2.542,2.884
2050,2.512,2.884
2051,2.488,2.884
2052,2.463,2.884
2053,2.439,2.884
2054,2.424,2.884
2055,2.414,2.884
2056,2.400,2.884
2057,2.390,2.884
2058,2.385,2.884
2059,2.375,2.884
2060,2.366,2.884
2061,2.400,2.884
2062,2.537,2.884
2063,2.742,2.884
2064,2.893,2.884
2065,2.937,2.884
2066,2.884,2.884
2067,2.786,2.884
2068,2.698,2.889
2069,2.630,2.884
2070,2.576,2.889
2071,2.556,2.884
2072,2.571,2.889
2073,2.590,2.889
2074,2.590,2.889
2075,2.571,2.889
2076,2.537,2.889
2077,2.498,2.889
2078,2.478,2.889
2079,2.458,2.889
2080,2.444,2.889
2081,2.434,2.889
2082,2.419,2.889
2083,2.405,2.889
2084,2.385,2.889
2085,2.395,2.889
2086,2.493,2.889
2087,2.678,2.889
2088,2.859,2.889
2089,2.923,2.889
2090,2.893,2.889
2091,2.815,2.889
2092,2.703,2.889
2093,2.634,2.889
2094,2.586,2.893
2095,2.576,2.889
2096,2.586,2.893
2097,2.595,2.889
2098,2.590,2.893
2099,2.571,2.889
2100,2.551,2.893
2101,2.522,2.893
2102,2.493,2.893
2103,2.468,2.893
2104,2.449,2.893
2105,2.419,2.893
2106,2.405,2.893
2107,2.439,2.893
2108,2.590,2.893
2109,2.815,2.893
2110,2.967,2.893
2111,3.006,2.893
2112,2.933,2.893
2113,2.830,2.893
2114,2.747,2.893
2115,2.674,2.893
2116,2.620,2.893
2117,2.605,2.893
2118,2.615,2.893
2119,2.630,2.893
2120,2.625,2.893
2121,2.590,2.898
2122,2.551,2.893
2123,2.498,2.898
2124,2.458,2.898
2125,2.434,2.898
2126,2.429,2.898
2127,2.419,2.898
2128,2.410,2.898
2129,2.468,2.898
2130,2.654,2.898
2131,2.889,2.898
2132,3.035,2.898
2133,3.035,2.898
2134,2.947,2.898
2135,2.845,2.898
2136,2.771,2.898
2137,2.693,2.898
2138,2.625,2.898
2139,2.595,2.898
2140,2.605,2.898
2141,2.615,2.898
2142,2.605,2.898
2143,2.566,2.898
2144,2.512,2.898
2145,2.478,2.898
2146,2.449,2.903
2147,2.434,2.903
2148,2.410,2.903
2149,2.380,2.903
2150,2.414,2.903
2151,2.586,2.903
2152,2.805,2.903
2153,2.947,2.903
2154,2.947,2.903
2155,2.864,2.903
2156,2.761,2.903
2157,2.674,2.903
2158,2.590,2.903
2159,2.532,2.903
2160,2.498,2.903
2161,2.493,2.903
2162,2.498,2.903
2163,2.488,2.903
2164,2.463,2.903
2165,2.434,2.903
2166,2.405,2.903
2167,2.380,2.903
2168,2.351,2.903
2169,2.331,2.903
2170,2.346,2.908
2171,2.473,2.903
2172,2.654,2.908
2173,2.786,2.903
2174,2.801,2.908
2175,2.737,2.903
2176,2.654,2.908
2177,2.571,2.908
2178,2.507,2.908
2179,2.458,2.908
2180,2.449,2.908
2181,2.454,2.908
2182,2.449,2.908
2183,2.429,2.908
2184,2.395,2.908
2185,2.361,2.908
2186,2.336,2.908
2187,2.312,2.908
2188,2.287,2.908
2189,2.278,2.908
2190,2.307,2.908
2191,2.414,2.908
2192,2.571,2.908
2193,2.669,2.908
2194,2.669,2.908
2195,2.610,2.908
2196,2.537,2.908
2197,2.478,2.908
2198,2.419,2.908
2199,2.385,2.908
2200,2.380,2.908
2201,2.380,2.908
2202,2.375,2.913
2203,2.366,2.913
2204,2.346,2.913
2205,2.326,2.913
2206,2.307,2.913
2207,2.292,2.913
2208,2.273,2.913
2209,2.258,2.913
2210,2.248,2.913
2211,2.229,2.913
2212,2.224,2.913
2213,2.214,2.913
2214,2.209,2.913
2215,2.224,2.913
2216,2.307,2.913
2217,2.424,2.913
2218,2.507,2.913
2219,2.517,2.913
2220,2.493,2.913
2221,2.454,2.913
2222,2.429,2.913
2223,2.405,2.918
2224,2.375,2.913
2225,2.346,2.918
2226,2.331,2.913
2227,2.331,2.918
2228,2.322,2.913
2229,2.322,2.918
2230,2.307,2.918
2231,2.287,2.918
2232,2.283,2.918
2233,2.278,2.918
2234,2.268,2.918
2235,2.268,2.918
2236,2.268,2.918
2237,2.263,2.918
2238,2.253,2.918
2239,2.243,2.918
2240,2.239,2.918
2241,2.239,2.918
2242,2.234,2.918
2243,2.239,2.918
2244,2.239,2.918
2245,2.239,2.918
2246,2.248,2.918
2247,2.307,2.918
2248,2.395,2.918
2249,2.439,2.918
2250,2.444,2.918
2251,2.414,2.923
2252,2.395,2.918
2253,2.380,2.923
2254,2.380,2.918
2255,2.366,2.923
2256,2.346,2.918
2257,2.346,2.923
2258,2.346,2.923
2259,2.346,2.923
2260,2.341,2.923
2261,2.336,2.923
2262,2.326,2.923
2263,2.322,2.923
2264,2.317,2.923
2265,2.307,2.923
2266,2.297,2.923
2267,2.292,2.923
2268,2.287,2.923
2269,2.283,2.923
2270,2.278,2.923
2271,2.283,2.923
2272,2.283,2.923
2273,2.287,2.923
2274,2.278,2.923
2275,2.283,2.923
2276,2.317,2.923
2277,2.380,2.923
2278,2.439,2.923
2279,2.463,2.928
2280,2.444,2.923
2281,2.419,2.928
2282,2.400,2.923
2283,2.385,2.928
2284,2.385,2.923
2285,2.380,2.928
2286,2.370,2.928
2287,2.380,2.928
2288,2.380,2.928
2289,2.380,2.928
2290,2.375,2.928
2291,2.375,2.928
2292,2.370,2.928
2293,2.356,2.928
2294,2.361,2.928
2295,2.346,2.928
2296,2.341,2.928
2297,2.341,2.928
2298,2.341,2.928
2299,2.336,2.928
2300,2.331,2.928
2301,2.326,2.928
2302,2.322,2.933
2303,2.322,2.928
2304,2.341,2.933
2305,2.395,2.928
2306,2.468,2.933
2307,2.507,2.928
2308,2.507,2.933
2309,2.488,2.933
2310,2.463,2.933
2311,2.449,2.933
2312,2.444,2.933
2313,2.429,2.933
2314,2.419,2.933
2315,2.424,2.933
2316,2.439,2.933
2317,2.434,2.933
2318,2.424,2.933
2319,2.414,2.933
2320,2.405,2.933
2321,2.395,2.933
2322,2.390,2.933
2323,2.395,2.933
2324,2.395,2.933
2325,2.385,2.933
2326,2.370,2.933
2327,2.361,2.933
2328,2.351,2.933
2329,2.341,2.933
2330,2.336,2.933
2331,2.336,2.937
2332,2.341,2.933
2333,2.336,2.937
2334,2.356,2.937
2335,2.429,2.937
2336,2.527,2.933
2337,2.590,2.937
2338,2.600,2.937
2339,2.571,2.937
2340,2.532,2.937
2341,2.507,2.937
2342,2.488,2.937
2343,2.478,2.937
2344,2.468,2.937
2345,2.473,2.937
2346,2.483,2.937
2347,2.488,2.937
2348,2.483,2.937
2349,2.483,2.937
2350,2.468,2.937
2351,2.468,2.937
2352,2.463,2.937
2353,2.458,2.937
2354,2.454,2.937
2355,2.449,2.942
2356,2.439,2.937
2357,2.429,2.942
2358,2.449,2.937
2359,2.537,2.942
2360,2.659,2.937
2361,2.752,2.942
2362,2.776,2.937
2363,2.737,2.942
2364,2.683,2.937
2365,2.634,2.942
2366,2.590,2.942
2367,2.561,2.942
2368,2.556,2.942
2369,2.566,2.942
2370,2.576,2.942
2371,2.576,2.942
2372,2.561,2.942
2373,2.527,2.942
2374,2.498,2.942
2375,2.483,2.942
2376,2.473,2.942
2377,2.458,2.942
2378,2.449,2.942
2379,2.444,2.942
2380,2.434,2.942
2381,2.419,2.942
2382,2.424,2.942
2383,2.522,2.942
2384,2.683,2.942
2385,2.825,2.942
2386,2.884,2.942
2387,2.869,2.947
2388,2.815,2.942
2389,2.766,2.947
2390,2.727,2.942
2391,2.698,2.947
2392,2.674,2.947
2393,2.659,2.947
2394,2.664,2.947
2395,2.664,2.947
2396,2.649,2.947
2397,2.625,2.947
2398,2.586,2.947
2399,2.556,2.947
2400,2.537,2.947
2401,2.522,2.947
2402,2.512,2.947
2403,2.507,2.947
2404,2.498,2.947
2405,2.483,2.947
2406,2.468,2.947
2407,2.454,2.947
2408,2.502,2.947
2409,2.659,2.947
2410,2.859,2.947
2411,2.981,2.947
2412,3.001,2.947
2413,2.947,2.947
2414,2.874,2.947
2415,2.820,2.947
2416,2.776,2.947
2417,2.732,2.952
2418,2.708,2.947
2419,2.703,2.952
2420,2.713,2.947
2421,2.713,2.952
2422,2.698,2.947
2423,2.669,2.952
2424,2.630,2.952
2425,2.595,2.952
2426,2.571,2.952
2427,2.551,2.952
2428,2.537,2.952
2429,2.517,2.952
2430,2.498,2.952
2431,2.478,2.952
2432,2.458,2.952
2433,2.449,2.952
2434,2.444,2.952
2435,2.498,2.952
2436,2.674,2.952
2437,2.913,2.952
2438,3.074,2.952
2439,3.104,2.952
2440,3.030,2.952
2441,2.933,2.952
2442,2.854,2.957
2443,2.796,2.952
2444,2.752,2.952
2445,2.732,2.952
2446,2.727,2.952
2447,2.732,2.952
2448,2.722,2.952
2449,2.698,2.952
2450,2.664,2.957
2451,2.620,2.957
2452,2.581,2.952
2453,2.556,2.957
2454,2.542,2.952
2455,2.527,2.957
2456,2.502,2.957
2457,2.478,2.957
2458,2.458,2.957
2459,2.444,2.957
2460,2.429,2.957
2461,2.410,2.957
2462,2.458,2.957
2463,2.649,2.957
2464,2.879,2.957
2465,3.021,2.957
2466,3.016,2.957
2467,2.918,2.957
2468,2.820,2.957
2469,2.752,2.957
2470,2.693,2.957
2471,2.654,2.957
2472,2.630,2.957
2473,2.644,2.957
2474,2.644,2.957
2475,2.634,2.957
2476,2.610,2.957
2477,2.566,2.957
2478,2.532,2.957
2479,2.498,2.957
2480,2.488,2.962
2481,2.468,2.957
2482,2.449,2.957
2483,2.439,2.962
2484,2.424,2.957
2485,2.414,2.962
2486,2.410,2.957
2487,2.400,2.962
2488,2.390,2.962
2489,2.380,2.962
2490,2.405,2.962
2491,2.551,2.962
2492,2.786,2.962
2493,2.972,2.962
2494,3.011,2.962
2495,2.928,2.962
2496,2.801,2.962
2497,2.703,2.962
2498,2.634,2.962
2499,2.595,2.962
2500,2.595,2.962
2501,2.615,2.962
2502,2.625,2.962
2503,2.620,2.962
2504,2.595,2.962
2505,2.551,2.962
2506,2.507,2.962
2507,2.473,2.962
2508,2.458,2.962
2509,2.444,2.962
2510,2.439,2.962
2511,2.434,2.962
2512,2.414,2.962
2513,2.400,2.962
2514,2.414,2.962
2515,2.537,2.962
2516,2.766,2.962
2517,2.957,2.967
2518,3.011,2.962
2519,2.933,2.967
2520,2.825,2.962
2521,2.732,2.962
2522,2.654,2.967
2523,2.595,2.967
2524,2.581,2.967
2525,2.590,2.962
2526,2.615,2.967
2527,2.610,2.962
2528,2.581,2.967
2529,2.542,2.967
2530,2.493,2.967
2531,2.463,2.967
2532,2.449,2.967
2533,2.434,2.967
2534,2.419,2.967
2535,2.410,2.967
2536,2.395,2.967
2537,2.375,2.967
2538,2.400,2.967
2539,2.561,2.967
2540,2.820,2.967
2541,3.021,2.967
2542,3.060,2.967
2543,2.996,2.967
2544,2.903,2.967
2545,2.830,2.967
2546,2.766,2.967
2547,2.703,2.967
2548,2.664,2.967
2549,2.649,2.967
2550,2.649,2.967
2551,2.649,2.967
2552,2.634,2.967
2553,2.595,2.972
2554,2.556,2.967
2555,2.522,2.972
2556,2.483,2.972
2557,2.458,2.972
2558,2.439,2.972
2559,2.414,2.972
2560,2.400,2.972
2561,2.390,2.972
2562,2.424,2.972
2563,2.605,2.972
2564,2.864,2.972
2565,3.040,2.972
2566,3.065,2.972
2567,2.981,2.972
2568,2.864,2.972
2569,2.781,2.972
2570,2.722,2.972
2571,2.664,2.972
2572,2.630,2.972
2573,2.615,2.972
2574,2.620,2.972
2575,2.615,2.972
2576,2.595,2.972
2577,2.546,2.972
2578,2.498,2.972
2579,2.454,2.972
2580,2.419,2.972
2581,2.405,2.972
2582,2.390,2.972
2583,2.375,2.972
2584,2.366,2.972
2585,2.356,2.972
2586,2.341,2.972
2587,2.336,2.972
2588,2.322,2.972
2589,2.322,2.972
2590,2.419,2.972
2591,2.659,2.972
2592,2.918,2.972
2593,3.050,2.977
2594,3.021,2.972
2595,2.903,2.977
2596,2.791,2.972
2597,2.717,2.977
2598,2.654,2.972
2599,2.610,2.977
2600,2.586,2.972
2601,2.586,2.977
2602,2.586,2.977
2603,2.571,2.977
2604,2.527,2.977
2605,2.483,2.977
2606,2.454,2.977
2607,2.429,2.977
2608,2.405,2.977
2609,2.390,2.977
2610,2.375,2.977
2611,2.356,2.977
2612,2.336,2.977
2613,2.331,2.977
2614,2.322,2.977
2615,2.307,2.977
2616,2.287,2.977
2617,2.361,2.977
2618,2.571,2.977
2619,2.825,2.977
2620,2.962,2.977
2621,2.942,2.977
2622,2.830,2.977
2623,2.713,2.977
2624,2.630,2.977
2625,2.561,2.977
2626,2.498,2.977
2627,2.478,2.977
2628,2.483,2.977
2629,2.488,2.977
2630,2.478,2.977
2631,2.458,2.977
2632,2.419,2.981
2633,2.390,2.977
2634,2.361,2.981
2635,2.336,2.977
2636,2.322,2.981
2637,2.307,2.977
2638,2.287,2.981
2639,2.273,2.977
2640,2.258,2.981
2641,2.248,2.977
2642,2.243,2.981
2643,2.292,2.981
2644,2.454,2.981
2645,2.664,2.981
2646,2.781,2.981
2647,2.766,2.981
2648,2.678,2.981
2649,2.581,2.981
2650,2.507,2.981
2651,2.444,2.981
2652,2.410,2.981
2653,2.395,2.981
2654,2.400,2.981
2655,2.400,2.981
2656,2.380,2.981
2657,2.351,2.981
2658,2.322,2.981
2659,2.287,2.981
2660,2.268,2.981
2661,2.258,2.981
2662,2.248,2.981
2663,2.239,2.981
2664,2.229,2.981
2665,2.219,2.981
2666,2.239,2.981
2667,2.346,2.981
2668,2.498,2.981
2669,2.590,2.981
2670,2.595,2.981
2671,2.537,2.981
2672,2.463,2.986
2673,2.400,2.981
2674,2.341,2.986
2675,2.317,2.981
2676,2.326,2.986
2677,2.356,2.981
2678,2.370,2.986
2679,2.366,2.981
2680,2.346,2.986
2681,2.326,2.986
2682,2.317,2.986
2683,2.317,2.986
2684,2.322,2.986
2685,2.312,2.986
2686,2.302,2.986
2687,2.326,2.986
2688,2.424,2.986
2689,2.542,2.986
2690,2.600,2.986
2691,2.586,2.986
2692,2.522,2.986
2693,2.458,2.986
2694,2.405,2.986
2695,2.375,2.986
2696,2.375,2.986
2697,2.385,2.986
2698,2.385,2.986
2699,2.380,2.986
2700,2.361,2.986
2701,2.341,2.986
2702,2.326,2.986
2703,2.307,2.986
2704,2.302,2.986
2705,2.297,2.986
2706,2.287,2.986
2707,2.273,2.986
2708,2.283,2.986
2709,2.336,2.986
2710,2.444,2.986
2711,2.532,2.986
2712,2.576,2.986
2713,2.556,2.986
2714,2.517,2.986
2715,2.473,2.986
2716,2.444,2.986
2717,2.424,2.986
2718,2.410,2.986
2719,2.400,2.991
2720,2.395,2.986
2721,2.390,2.991
2722,2.385,2.986
2723,2.375,2.991
2724,2.351,2.986
2725,2.336,2.991
2726,2.322,2.986
2727,2.322,2.991
2728,2.312,2.991
2729,2.307,2.991
2730,2.307,2.991
2731,2.302,2.991
2732,2.336,2.991
2733,2.419,2.991
2734,2.498,2.991
2735,2.532,2.991
2736,2.537,2.991
2737,2.512,2.991
2738,2.483,2.991
2739,2.463,2.991
2740,2.449,2.991
2741,2.424,2.991
2742,2.419,2.991
2743,2.414,2.991
2744,2.405,2.991
2745,2.405,2.991
2746,2.395,2.991
2747,2.380,2.991
2748,2.366,2.991
2749,2.346,2.991
2750,2.336,2.991
2751,2.326,2.991
2752,2.322,2.991
2753,2.326,2.991
2754,2.317,2.991
2755,2.312,2.991
2756,2.307,2.991
2757,2.307,2.991
2758,2.336,2.991
2759,2.410,2.991
2760,2.483,2.991
2761,2.512,2.991
2762,2.498,2.991
2763,2.473,2.991
2764,2.449,2.996
2765,2.434,2.991
2766,2.429,2.996
2767,2.419,2.991
2768,2.410,2.996
2769,2.405,2.991
2770,2.405,2.996
2771,2.395,2.991
2772,2.375,2.996
2773,2.361,2.991
2774,2.356,2.996
2775,2.341,2.996
2776,2.341,2.996
2777,2.351,2.996
2778,2.351,2.991
2779,2.346,2.996
2780,2.341,2.996
2781,2.341,2.996
2782,2.336,2.996
2783,2.331,2.996
2784,2.331,2.996
2785,2.351,2.996
2786,2.419,2.996
2787,2.507,2.996
2788,2.556,2.996
2789,2.561,2.996
2790,2.537,2.996
2791,2.517,2.996
2792,2.498,2.996
2793,2.473,2.996
2794,2.458,2.996
2795,2.458,2.996
2796,2.463,2.996
2797,2.468,2.996
2798,2.468,2.996
2799,2.458,2.996
2800,2.449,2.996
2801,2.434,2.996
2802,2.419,2.996
2803,2.405,2.996
2804,2.395,2.996
2805,2.390,2.996
2806,2.385,2.996
2807,2.385,2.996
2808,2.380,2.996
2809,2.370,2.996
2810,2.361,2.996
2811,2.356,2.996
2812,2.361,2.996
2813,2.405,3.001
2814,2.498,2.996
2815,2.595,2.996
2816,2.644,2.996
2817,2.649,3.001
2818,2.634,2.996
2819,2.605,3.001
2820,2.581,2.996
2821,2.566,3.001
2822,2.551,2.996
2823,2.551,3.001
2824,2.561,3.001
2825,2.561,3.001
2826,2.561,3.001
2827,2.551,3.001
2828,2.532,3.001
2829,2.512,3.001
2830,2.493,3.001
2831,2.468,3.001
2832,2.458,3.001
2833,2.454,3.001
2834,2.444,3.001
2835,2.434,3.001
2836,2.419,3.001
2837,2.410,3.001
2838,2.400,3.001
2839,2.395,3.001
2840,2.414,3.001
2841,2.498,3.001
2842,2.644,3.001
2843,2.766,3.001
2844,2.815,3.001
2845,2.796,3.001
2846,2.747,3.001
2847,2.698,3.001
2848,2.659,3.001
2849,2.625,3.001
2850,2.610,3.001
2851,2.600,3.001
2852,2.610,3.001
2853,2.610,3.001
2854,2.595,3.001
2855,2.571,3.001
2856,2.546,3.001
2857,2.517,3.001
2858,2.498,3.006
2859,2.488,3.001
2860,2.463,3.001
2861,2.449,3.006
2862,2.439,3.001
2863,2.429,3.006
2864,2.419,3.001
2865,2.410,3.006
2866,2.400,3.001
2867,2.424,3.006
2868,2.542,3.001
2869,2.717,3.006
2870,2.854,3.006
2871,2.893,3.006
2872,2.854,3.006
2873,2.771,3.006
2874,2.703,3.006
2875,2.649,3.006
2876,2.610,3.006
2877,2.595,3.006
2878,2.605,3.006
2879,2.620,3.006
2880,2.615,3.006
2881,2.600,3.006
2882,2.566,3.006
2883,2.542,3.006
2884,2.517,3.006
2885,2.498,3.006
2886,2.488,3.006
2887,2.473,3.006
2888,2.458,3.006
2889,2.439,3.006
2890,2.429,3.006
2891,2.414,3.006
2892,2.410,3.006
2893,2.400,3.006
2894,2.414,3.006
2895,2.527,3.006
2896,2.732,3.006
2897,2.913,3.006
2898,2.977,3.006
2899,2.937,3.006
2900,2.845,3.006
2901,2.757,3.006
2902,2.693,3.006
2903,2.649,3.006
2904,2.625,3.006
2905,2.634,3.006
2906,2.644,3.006
2907,2.649,3.006
2908,2.634,3.006
2909,2.605,3.006
2910,2.581,3.011
2911,2.542,3.006
2912,2.517,3.011
2913,2.507,3.006
2914,2.488,3.011
2915,2.478,3.006
2916,2.463,3.011
2917,2.444,3.011
2918,2.439,3.006
2919,2.429,3.011
2920,2.463,3.011
2921,2.620,3.011
2922,2.830,3.006
2923,2.977,3.011
2924,3.001,3.011
2925,2.933,3.011
2926,2.835,3.011
2927,2.752,3.011
2928,2.674,3.011
2929,2.634,3.011
2930,2.634,3.011
2931,2.659,3.011
2932,2.669,3.011
2933,2.664,3.011
2934,2.630,3.011
2935,2.590,3.011
2936,2.556,3.011
2937,2.527,3.011
2938,2.507,3.011
2939,2.493,3.011
2940,2.483,3.011
2941,2.473,3.011
2942,2.449,3.011
2943,2.434,3.011
2944,2.424,3.011
2945,2.488,3.011
2946,2.683,3.011
2947,2.908,3.011
2948,3.045,3.011
2949,3.060,3.011
2950,2.986,3.011
2951,2.893,3.011
2952,2.820,3.011
2953,2.757,3.011
2954,2.708,3.011
2955,2.688,3.011
2956,2.688,3.011
2957,2.683,3.011
2958,2.659,3.011
2959,2.634,3.011
2960,2.600,3.011
2961,2.566,3.011
2962,2.542,3.011
2963,2.517,3.011
2964,2.498,3.011
2965,2.478,3.016
2966,2.463,3.011
2967,2.449,3.016
2968,2.429,3.011
2969,2.419,3.016
2970,2.483,3.011
2971,2.678,3.016
2972,2.908,3.016
2973,3.035,3.016
2974,3.021,3.016
2975,2.937,3.016
2976,2.845,3.016
2977,2.776,3.016
2978,2.717,3.016
2979,2.678,3.016
2980,2.669,3.016
2981,2.664,3.016
2982,2.669,3.016
2983,2.654,3.016
2984,2.625,3.016
2985,2.581,3.016
2986,2.556,3.016
2987,2.532,3.016
2988,2.517,3.016
2989,2.498,3.016
2990,2.478,3.016
2991,2.458,3.016
2992,2.458,3.016
2993,2.571,3.016
2994,2.776,3.016
2995,2.952,3.016
2996,3.016,3.016
2997,2.981,3.016
2998,2.893,3.016
2999,2.805,3.016
3000,2.727,3.016
3001,2.659,3.016
3002,2.625,3.016
3003,2.630,3.016
3004,2.649,3.016
3005,2.634,3.016
3006,2.600,3.016
3007,2.566,3.016
3008,2.532,3.016
3009,2.493,3.016
3010,2.463,3.016
3011,2.444,3.016
3012,2.434,3.016
3013,2.414,3.016
3014,2.405,3.016
3015,2.380,3.016
3016,2.380,3.016
3017,2.458,3.021
3018,2.669,3.016
3019,2.898,3.016
3020,3.016,3.016
3021,3.001,3.016
3022,2.913,3.021
3023,2.830,3.016
3024,2.761,3.021
3025,2.698,3.016
3026,2.649,3.021
3027,2.620,3.016
3028,2.610,3.021
3029,2.600,3.016
3030,2.581,3.016
3031,2.542,3.021
3032,2.507,3.016
3033,2.478,3.021
3034,2.458,3.021
3035,2.434,3.021
3036,2.410,3.021
3037,2.395,3.021
3038,2.380,3.021
3039,2.366,3.021
3040,2.341,3.021
3041,2.326,3.021
3042,2.322,3.021
3043,2.400,3.021
3044,2.595,3.021
3045,2.810,3.021
3046,2.923,3.021
3047,2.918,3.021
3048,2.835,3.021
3049,2.742,3.021
3050,2.674,3.021
3051,2.615,3.021
3052,2.561,3.021
3053,2.532,3.021
3054,2.522,3.021
3055,2.517,3.021
3056,2.507,3.021
3057,2.483,3.021
3058,2.454,3.021
3059,2.424,3.021
3060,2.400,3.021
3061,2.380,3.021
3062,2.356,3.021
3063,2.341,3.021
3064,2.326,3.021
3065,2.317,3.021
3066,2.302,3.021
3067,2.287,3.021
3068,2.273,3.021
3069,2.287,3.021
3070,2.385,3.021
3071,2.571,3.021
3072,2.747,3.021
3073,2.830,3.021
3074,2.801,3.021
3075,2.727,3.021
3076,2.659,3.021
3077,2.600,3.021
3078,2.542,3.021
3079,2.502,3.021
3080,2.493,3.025
3081,2.493,3.021
3082,2.488,3.025
3083,2.478,3.021
3084,2.449,3.025
3085,2.414,3.021
3086,2.380,3.025
3087,2.356,3.021
3088,2.336,3.025
3089,2.322,3.025
3090,2.312,3.025
3091,2.297,3.025
3092,2.292,3.025
3093,2.283,3.025
3094,2.278,3.025
3095,2.278,3.025
3096,2.346,3.025
3097,2.512,3.025
3098,2.674,3.025
3099,2.747,3.025
3100,2.737,3.025
3101,2.678,3.025
3102,2.620,3.025
3103,2.571,3.025
3104,2.522,3.025
3105,2.473,3.025
3106,2.449,3.025
3107,2.449,3.025
3108,2.449,3.025
3109,2.444,3.025
3110,2.419,3.025
3111,2.405,3.025
3112,2.375,3.025
3113,2.346,3.025
3114,2.331,3.025
3115,2.317,3.025
3116,2.302,3.025
3117,2.287,3.025
3118,2.278,3.025
3119,2.273,3.025
3120,2.268,3.025
3121,2.258,3.025
3122,2.263,3.025
3123,2.258,3.025
3124,2.278,3.025
3125,2.361,3.025
3126,2.507,3.025
3127,2.630,3.025
3128,2.678,3.025
3129,2.659,3.025
3130,2.586,3.025
3131,2.542,3.030
3132,2.507,3.025
3133,2.463,3.030
3134,2.439,3.025
3135,2.429,3.030
3136,2.424,3.025
3137,2.424,3.030
3138,2.414,3.025
3139,2.390,3.030
3140,2.370,3.025
3141,2.351,3.030
3142,2.331,3.030
3143,2.322,3.030
3144,2.312,3.030
3145,2.307,3.030
3146,2.302,3.030
3147,2.297,3.030
3148,2.283,3.030
3149,2.283,3.030
3150,2.283,3.030
3151,2.278,3.030
3152,2.263,3.030
3153,2.263,3.030
3154,2.312,3.030
3155,2.419,3.030
3156,2.522,3.030
3157,2.576,3.030
3158,2.566,3.030
3159,2.522,3.030
3160,2.483,3.030
3161,2.458,3.030
3162,2.434,3.030
3163,2.414,3.030
3164,2.419,3.030
3165,2.419,3.030
3166,2.419,3.030
3167,2.405,3.030
3168,2.390,3.030
3169,2.375,3.030
3170,2.370,3.030
3171,2.356,3.030
3172,2.346,3.030
3173,2.331,3.030
3174,2.326,3.030
3175,2.322,3.030
3176,2.312,3.030
3177,2.307,3.030
3178,2.307,3.030
3179,2.302,3.030
3180,2.312,3.035
3181,2.356,3.030
3182,2.444,3.035
3183,2.532,3.030
3184,2.561,3.030
3185,2.551,3.030
3186,2.517,3.035
3187,2.478,3.030
3188,2.449,3.035
3189,2.419,3.030
3190,2.419,3.035
3191,2.429,3.030
3192,2.434,3.035
3193,2.439,3.035
3194,2.429,3.035
3195,2.414,3.035
3196,2.400,3.035
3197,2.385,3.035
3198,2.370,3.030
3199,2.361,3.035
3200,2.346,3.035
3201,2.341,3.035
3202,2.336,3.035
3203,2.336,3.035
3204,2.331,3.035
3205,2.326,3.035
3206,2.361,3.035
3207,2.444,3.035
3208,2.546,3.035
3209,2.600,3.035
3210,2.610,3.035
3211,2.576,3.035
3212,2.542,3.035
3213,2.522,3.035
3214,2.502,3.035
3215,2.483,3.035
3216,2.473,3.035
3217,2.483,3.035
3218,2.498,3.035
3219,2.498,3.035
3220,2.488,3.035
3221,2.468,3.035
3222,2.449,3.035
3223,2.434,3.035
3224,2.414,3.035
3225,2.410,3.035
3226,2.405,3.035
3227,2.400,3.035
3228,2.390,3.035
3229,2.380,3.035
3230,2.366,3.035
3231,2.390,3.035
3232,2.483,3.035
3233,2.605,3.035
3234,2.683,3.035
3235,2.698,3.035
3236,2.659,3.035
3237,2.615,3.035
3238,2.586,3.035
3239,2.561,3.035
3240,2.532,3.035
3241,2.527,3.035
3242,2.527,3.035
3243,2.532,3.035
3244,2.527,3.035
3245,2.512,3.040
3246,2.493,3.035
3247,2.473,3.040
3248,2.463,3.035
3249,2.454,3.040
3250,2.444,3.035
3251,2.434,3.040
3252,2.419,3.040
3253,2.414,3.040
3254,2.400,3.040
3255,2.395,3.035
3256,2.390,3.040
3257,2.405,3.040
3258,2.498,3.040
3259,2.644,3.040
3260,2.766,3.040
3261,2.801,3.040
3262,2.771,3.040
3263,2.703,3.040
3264,2.654,3.040
3265,2.610,3.040
3266,2.576,3.040
3267,2.556,3.040
3268,2.556,3.040
3269,2.561,3.040
3270,2.551,3.040
3271,2.542,3.040
3272,2.522,3.040
3273,2.493,3.040
3274,2.473,3.040
3275,2.454,3.040
3276,2.454,3.040
3277,2.449,3.040
3278,2.449,3.040
3279,2.434,3.040
3280,2.419,3.040
3281,2.405,3.040
3282,2.395,3.040
3283,2.395,3.040
3284,2.385,3.040
3285,2.405,3.040
3286,2.512,3.040
3287,2.698,3.040
3288,2.815,3.040
3289,2.845,3.040
3290,2.796,3.040
3291,2.717,3.040
3292,2.669,3.040
3293,2.630,3.040
3294,2.600,3.040
3295,2.571,3.040
3296,2.576,3.040
3297,2.586,3.040
3298,2.590,3.040
3299,2.576,3.040
3300,2.546,3.040
3301,2.507,3.040
3302,2.473,3.040
3303,2.454,3.045
3304,2.444,3.040
3305,2.434,3.045
3306,2.424,3.040
3307,2.414,3.045
3308,2.400,3.040
3309,2.395,3.045
3310,2.385,3.040
3311,2.375,3.045
3312,2.375,3.040
3313,2.405,3.045
3314,2.542,3.040
3315,2.737,3.045
3316,2.849,3.045
3317,2.845,3.045
3318,2.776,3.045
3319,2.698,3.045
3320,2.634,3.045
3321,2.590,3.045
3322,2.556,3.045
3323,2.542,3.045
3324,2.546,3.045
3325,2.561,3.045
3326,2.561,3.045
3327,2.537,3.045
3328,2.502,3.045
3329,2.478,3.045
3330,2.463,3.045
3331,2.449,3.045
3332,2.434,3.045
3333,2.424,3.045
3334,2.410,3.045
3335,2.395,3.045
3336,2.385,3.045
3337,2.385,3.045
3338,2.380,3.045
3339,2.380,3.045
3340,2.449,3.045
3341,2.605,3.045
3342,2.766,3.045
3343,2.854,3.045
3344,2.845,3.045
3345,2.776,3.045
3346,2.698,3.045
3347,2.634,3.045
3348,2.595,3.045
3349,2.566,3.045
3350,2.566,3.045
3351,2.586,3.045
3352,2.600,3.045
3353,2.595,3.045
3354,2.566,3.045
3355,2.532,3.045
3356,2.498,3.045
3357,2.468,3.045
3358,2.454,3.045
3359,2.439,3.045
3360,2.424,3.045
3361,2.405,3.045
3362,2.390,3.045
3363,2.375,3.045
3364,2.370,3.045
3365,2.444,3.045
3366,2.615,3.045
3367,2.810,3.045
3368,2.918,3.050
3369,2.903,3.045
3370,2.825,3.050
3371,2.737,3.045
3372,2.659,3.050
3373,2.610,3.050
3374,2.576,3.050
3375,2.571,3.050
3376,2.571,3.045
3377,2.586,3.050
3378,2.576,3.045
3379,2.546,3.050
3380,2.522,3.050
3381,2.483,3.050
3382,2.458,3.050
3383,2.444,3.050
3384,2.429,3.050
3385,2.414,3.050
3386,2.405,3.050
3387,2.395,3.050
3388,2.385,3.050
3389,2.370,3.050
3390,2.375,3.050
3391,2.473,3.050
3392,2.678,3.050
3393,2.874,3.050
3394,2.957,3.050
3395,2.923,3.050
3396,2.835,3.050
3397,2.742,3.050
3398,2.678,3.050
3399,2.625,3.050
3400,2.590,3.050
3401,2.590,3.050
3402,2.595,3.050
3403,2.600,3.050
3404,2.581,3.050
3405,2.551,3.050
3406,2.517,3.050
3407,2.488,3.050
3408,2.463,3.050
3409,2.444,3.050
3410,2.429,3.050
3411,2.410,3.050
3412,2.400,3.050
3413,2.380,3.050
3414,2.366,3.050
3415,2.361,3.050
3416,2.346,3.050
3417,2.405,3.050
3418,2.571,3.050
3419,2.781,3.050
3420,2.913,3.050
3421,2.928,3.050
3422,2.845,3.050
3423,2.737,3.050
3424,2.664,3.050
3425,2.595,3.050
3426,2.551,3.050
3427,2.542,3.050
3428,2.556,3.050
3429,2.576,3.050
3430,2.571,3.050
3431,2.532,3.050
3432,2.493,3.055
3433,2.468,3.050
3434,2.454,3.055
3435,2.454,3.050
3436,2.449,3.050
3437,2.444,3.050
3438,2.429,3.050
3439,2.414,3.055
3440,2.395,3.050
3441,2.390,3.055
3442,2.473,3.050
3443,2.654,3.055
3444,2.849,3.050
3445,2.947,3.055
3446,2.928,3.050
3447,2.835,3.055
3448,2.737,3.050
3449,2.634,3.055
3450,2.556,3.050
3451,2.542,3.050
3452,2.571,3.050
3453,2.620,3.050
3454,2.654,3.050
3455,2.644,3.050
3456,2.586,3.050
3457,2.512,3.050
3458,2.458,3.055
3459,2.414,3.050
3460,2.400,3.055
3461,2.405,3.050
3462,2.405,3.055
3463,2.414,3.050
3464,2.493,3.055
3465,2.664,3.050
3466,2.845,3.055
3467,2.952,3.050
3468,2.933,3.055
3469,2.840,3.055
3470,2.732,3.055
3471,2.654,3.055
3472,2.590,3.055
3473,2.556,3.055
3474,2.561,3.055
3475,2.571,3.055
3476,2.581,3.055
3477,2.571,3.055
3478,2.537,3.055
3479,2.488,3.055
3480,2.454,3.055
3481,2.424,3.055
3482,2.410,3.055
3483,2.400,3.055
3484,2.385,3.055
3485,2.380,3.055
3486,2.463,3.055
3487,2.659,3.055
3488,2.864,3.055
3489,2.972,3.055
3490,2.947,3.055
3491,2.849,3.055
3492,2.747,3.055
3493,2.664,3.055
3494,2.605,3.055
3495,2.566,3.055
3496,2.556,3.055
3497,2.571,3.055
3498,2.571,3.060
3499,2.546,3.055
3500,2.517,3.060
3501,2.483,3.055
3502,2.454,3.060
3503,2.424,3.055
3504,2.405,3.060
3505,2.390,3.055
3506,2.370,3.060
3507,2.395,3.060
3508,2.537,3.055
3509,2.747,3.060
3510,2.903,3.055
3511,2.933,3.060
3512,2.864,3.055
3513,2.761,3.060
3514,2.669,3.060
3515,2.600,3.055
3516,2.551,3.060
3517,2.537,3.055
3518,2.542,3.060
3519,2.551,3.055
3520,2.551,3.060
3521,2.527,3.055
3522,2.493,3.060
3523,2.458,3.055
3524,2.424,3.060
3525,2.410,3.055
3526,2.385,3.060
3527,2.375,3.055
3528,2.429,3.060
3529,2.605,3.055
3530,2.815,3.055
3531,2.947,3.055
3532,2.947,3.055
3533,2.869,3.055
3534,2.766,3.060
3535,2.678,3.060
3536,2.605,3.060
3537,2.561,3.060
3538,2.542,3.060
3539,2.551,3.060
3540,2.556,3.060
3541,2.542,3.060
3542,2.502,3.060
3543,2.444,3.065
3544,2.405,3.060
3545,2.385,3.065
3546,2.370,3.065
3547,2.370,3.065
3548,2.356,3.065
3549,2.341,3.060
3550,2.395,3.065
3551,2.595,3.060
3552,2.854,3.065
3553,3.021,3.060
3554,3.055,3.065
3555,2.991,3.065
3556,2.889,3.065
3557,2.796,3.065
3558,2.708,3.065
3559,2.620,3.065
3560,2.571,3.065
3561,2.556,3.065
3562,2.566,3.065
3563,2.561,3.065
3564,2.537,3.065
3565,2.493,3.065
3566,2.458,3.065
3567,2.434,3.065
3568,2.414,3.065
3569,2.405,3.065
3570,2.390,3.065
3571,2.366,3.065
3572,2.326,3.065
3573,2.356,3.069
3574,2.507,3.065
3575,2.752,3.069
3576,2.937,3.065
3577,2.972,3.069
3578,2.898,3.065
3579,2.791,3.069
3580,2.703,3.065
3581,2.625,3.065
3582,2.561,3.065
3583,2.517,3.065
3584,2.512,3.065
3585,2.517,3.065
3586,2.502,3.065
3587,2.458,3.065
3588,2.419,3.069
3589,2.375,3.065
3590,2.346,3.069
3591,2.317,3.065
3592,2.302,3.069
3593,2.302,3.065
3594,2.292,3.069
3595,2.278,3.065
3596,2.263,3.069
3597,2.312,3.065
3598,2.488,3.069
3599,2.717,3.065
3600,2.849,3.069
3601,2.859,3.065
3602,2.781,3.069
3603,2.674,3.069
3604,2.590,3.069
3605,2.522,3.069
3606,2.468,3.069
3607,2.444,3.069
3608,2.449,3.069
3609,2.449,3.069
3610,2.444,3.069
3611,2.419,3.069
3612,2.390,3.069
3613,2.361,3.069
3614,2.336,3.069
3615,2.322,3.069
3616,2.302,3.069
3617,2.292,3.069
3618,2.283,3.069
3619,2.273,3.069
3620,2.258,3.069
3621,2.248,3.069
3622,2.307,3.069
3623,2.483,3.069
3624,2.693,3.069
3625,2.801,3.069
3626,2.791,3.069
3627,2.693,3.069
3628,2.590,3.069
3629,2.522,3.069
3630,2.468,3.069
3631,2.434,3.069
3632,2.424,3.069
3633,2.429,3.069
3634,2.429,3.069
3635,2.414,3.069
3636,2.385,3.069
3637,2.351,3.069
3638,2.322,3.069
3639,2.297,3.069
3640,2.283,3.069
3641,2.278,3.069
3642,2.268,3.069
3643,2.263,3.069
3644,2.248,3.069
3645,2.283,3.069
3646,2.410,3.069
3647,2.590,3.069
3648,2.717,3.069
3649,2.742,3.069
3650,2.683,3.069
3651,2.605,3.069
3652,2.532,3.069
3653,2.473,3.069
3654,2.424,3.069
3655,2.405,3.069
3656,2.405,3.074
3657,2.410,3.069
3658,2.400,3.074
3659,2.385,3.069
3660,2.356,3.074
3661,2.336,3.069
3662,2.326,3.074
3663,2.322,3.069
3664,2.302,3.074
3665,2.292,3.069
3666,2.273,3.074
3667,2.258,3.069
3668,2.253,3.074
3669,2.248,3.069
3670,2.263,3.069
3671,2.361,3.069
3672,2.512,3.069
3673,2.639,3.074
3674,2.674,3.069
3675,2.625,3.074
3676,2.551,3.069
3677,2.493,3.074
3678,2.444,3.069
3679,2.400,3.074
3680,2.375,3.069
3681,2.366,3.074
3682,2.361,3.069
3683,2.361,3.074
3684,2.351,3.069
3685,2.331,3.074
3686,2.312,3.074
3687,2.297,3.074
3688,2.283,3.074
3689,2.283,3.069
3690,2.273,3.074
3691,2.268,3.069
3692,2.263,3.074
3693,2.253,3.074
3694,2.239,3.074
3695,2.239,3.074
3696,2.258,3.074
3697,2.346,3.074
3698,2.483,3.074
3699,2.581,3.074
3700,2.590,3.074
3701,2.556,3.074
3702,2.502,3.074
3703,2.463,3.074
3704,2.429,3.074
3705,2.400,3.074
3706,2.385,3.074
3707,2.385,3.074
3708,2.395,3.074
3709,2.395,3.074
3710,2.385,3.074
3711,2.375,3.074
3712,2.361,3.074
3713,2.356,3.074
3714,2.341,3.074
3715,2.336,3.074
3716,2.317,3.074
3717,2.317,3.074
3718,2.297,3.074
3719,2.287,3.074
3720,2.307,3.074
3721,2.395,3.074
3722,2.522,3.074
3723,2.615,3.074
3724,2.630,3.074
3725,2.590,3.074
3726,2.537,3.074
3727,2.483,3.074
3728,2.449,3.074
3729,2.424,3.074
3730,2.419,3.079
3731,2.424,3.074
3732,2.434,3.079
3733,2.434,3.074
3734,2.424,3.074
3735,2.405,3.074
3736,2.380,3.079
3737,2.366,3.074
3738,2.351,3.074
3739,2.346,3.074
3740,2.341,3.074
3741,2.341,3.074
3742,2.336,3.074
3743,2.331,3.079
3744,2.346,3.074
3745,2.424,3.079
3746,2.561,3.074
3747,2.659,3.079
3748,2.698,3.074
3749,2.664,3.079
3750,2.610,3.074
3751,2.566,3.079
3752,2.527,3.079
3753,2.493,3.079
3754,2.483,3.079
3755,2.488,3.079
3756,2.493,3.079
3757,2.498,3.079
3758,2.478,3.079
3759,2.454,3.079
3760,2.429,3.079
3761,2.414,3.079
3762,2.410,3.079
3763,2.400,3.079
3764,2.385,3.079
3765,2.370,3.079
3766,2.361,3.079
3767,2.346,3.079
3768,2.356,3.079
3769,2.434,3.079
3770,2.595,3.079
3771,2.708,3.079
3772,2.732,3.079
3773,2.693,3.079
3774,2.630,3.079
3775,2.581,3.079
3776,2.537,3.079
3777,2.507,3.079
3778,2.498,3.079
3779,2.502,3.079
3780,2.507,3.079
3781,2.498,3.079
3782,2.483,3.079
3783,2.463,3.079
3784,2.444,3.079
3785,2.429,3.079
3786,2.414,3.079
3787,2.410,3.079
3788,2.405,3.079
3789,2.400,3.079
3790,2.390,3.079
3791,2.405,3.079
3792,2.498,3.079
3793,2.664,3.079
3794,2.810,3.079
3795,2.864,3.079
3796,2.825,3.079
3797,2.742,3.079
3798,2.674,3.079
3799,2.610,3.079
3800,2.566,3.079
3801,2.556,3.079
3802,2.566,3.079
3803,2.581,3.079
3804,2.576,3.079
3805,2.546,3.079
3806,2.512,3.079
3807,2.478,3.079
3808,2.449,3.079
3809,2.429,3.079
3810,2.414,3.079
3811,2.405,3.079
3812,2.400,3.079
3813,2.390,3.079
3814,2.375,3.079
3815,2.405,3.079
3816,2.546,3.079
3817,2.752,3.079
3818,2.889,3.079
3819,2.903,3.079
3820,2.830,3.079
3821,2.742,3.079
3822,2.669,3.079
3823,2.615,3.079
3824,2.571,3.079
3825,2.561,3.079
3826,2.561,3.079
3827,2.571,3.079
3828,2.566,3.079
3829,2.537,3.079
3830,2.502,3.079
3831,2.473,3.084
3832,2.449,3.079
3833,2.439,3.084
3834,2.434,3.079
3835,2.424,3.084
3836,2.410,3.079
3837,2.405,3.084
3838,2.444,3.079
3839,2.590,3.079
3840,2.796,3.079
3841,2.933,3.084
3842,2.937,3.079
3843,2.854,3.084
3844,2.752,3.079
3845,2.669,3.079
3846,2.600,3.079
3847,2.566,3.084
3848,2.556,3.079
3849,2.576,3.079
3850,2.590,3.084
3851,2.581,3.079
3852,2.546,3.084
3853,2.512,3.079
3854,2.473,3.084
3855,2.449,3.079
3856,2.444,3.084
3857,2.439,3.079
3858,2.429,3.084
3859,2.414,3.079
3860,2.449,3.084
3861,2.610,3.079
3862,2.830,3.084
3863,2.967,3.079
3864,2.962,3.084
3865,2.864,3.079
3866,2.752,3.084
3867,2.659,3.079
3868,2.590,3.084
3869,2.561,3.079
3870,2.571,3.084
3871,2.595,3.079
3872,2.605,3.084
3873,2.590,3.084
3874,2.556,3.084
3875,2.517,3.084
3876,2.488,3.084
3877,2.463,3.084
3878,2.458,3.084
3879,2.444,3.084
3880,2.429,3.079
3881,2.419,3.084
3882,2.468,3.084
3883,2.649,3.084
3884,2.923,3.084
3885,3.060,3.084
3886,3.025,3.084
3887,2.918,3.084
3888,2.815,3.084
3889,2.737,3.084
3890,2.669,3.084
3891,2.634,3.084
3892,2.644,3.084
3893,2.659,3.084
3894,2.654,3.084
3895,2.639,3.084
3896,2.610,3.084
3897,2.586,3.084
3898,2.561,3.084
3899,2.532,3.084
3900,2.507,3.084
3901,2.478,3.084
3902,2.449,3.084
3903,2.419,3.084
3904,2.454,3.084
3905,2.644,3.084
3906,2.908,3.084
3907,3.094,3.084
3908,3.123,3.084
3909,3.035,3.084
3910,2.923,3.084
3911,2.835,3.084
3912,2.752,3.084
3913,2.688,3.084
3914,2.659,3.084
3915,2.654,3.084
3916,2.649,3.084
3917,2.630,3.084
3918,2.581,3.084
3919,2.532,3.084
3920,2.493,3.084
3921,2.458,3.084
3922,2.434,3.084
3923,2.414,3.084
3924,2.395,3.084
3925,2.375,3.084
3926,2.366,3.084
3927,2.444,3.084
3928,2.683,3.084
3929,2.952,3.084
3930,3.079,3.084
3931,3.040,3.084
3932,2.923,3.084
3933,2.815,3.089
3934,2.727,3.084
3935,2.649,3.084
3936,2.595,3.084
3937,2.576,3.084
3938,2.571,3.084
3939,2.561,3.084
3940,2.546,3.089
3941,2.498,3.084
3942,2.468,3.084
3943,2.434,3.084
3944,2.414,3.084
3945,2.395,3.089
3946,2.375,3.084
3947,2.361,3.089
3948,2.341,3.084
3949,2.322,3.089
3950,2.307,3.084
3951,2.346,3.089
3952,2.517,3.084
3953,2.781,3.089
3954,2.967,3.084
3955,2.981,3.089
3956,2.889,3.084
3957,2.771,3.089
3958,2.678,3.084
3959,2.610,3.089
3960,2.561,3.084
3961,2.532,3.089
3962,2.527,3.089
3963,2.537,3.089
3964,2.517,3.089
3965,2.493,3.089
3966,2.458,3.089
3967,2.429,3.089
3968,2.410,3.089
3969,2.395,3.084
3970,2.375,3.089
3971,2.356,3.084
3972,2.341,3.089
3973,2.322,3.089
3974,2.307,3.089
3975,2.341,3.089
3976,2.502,3.089
3977,2.737,3.089
3978,2.889,3.089
3979,2.903,3.089
3980,2.815,3.089
3981,2.703,3.089
3982,2.615,3.089
3983,2.546,3.089
3984,2.502,3.089
3985,2.488,3.089
3986,2.502,3.089
3987,2.507,3.089
3988,2.498,3.089
3989,2.458,3.089
3990,2.419,3.089
3991,2.380,3.089
3992,2.351,3.089
3993,2.331,3.089
3994,2.322,3.089
3995,2.317,3.089
3996,2.307,3.089
3997,2.297,3.089
3998,2.283,3.089
3999,2.287,3.089
4000,2.400,3.089
4001,2.615,3.089
4002,2.805,3.089
4003,2.874,3.089
4004,2.820,3.089
4005,2.727,3.089
4006,2.644,3.089
4007,2.581,3.089
4008,2.522,3.089
4009,2.478,3.089
4010,2.463,3.089
4011,2.468,3.089
4012,2.478,3.089
4013,2.458,3.089
4014,2.434,3.089
4015,2.395,3.089
4016,2.370,3.089
4017,2.346,3.089
4018,2.336,3.089
4019,2.322,3.089
4020,2.312,3.089
4021,2.312,3.089
4022,2.292,3.089
4023,2.278,3.089
4024,2.263,3.089
4025,2.253,3.089
4026,2.258,3.094
4027,2.361,3.089
4028,2.566,3.089
4029,2.757,3.089
4030,2.835,3.094
4031,2.801,3.089
4032,2.713,3.094
4033,2.630,3.089
4034,2.581,3.094
4035,2.537,3.089
4036,2.493,3.094
4037,2.463,3.089
4038,2.454,3.094
4039,2.454,3.089
4040,2.449,3.094
4041,2.424,3.089
4042,2.395,3.094
4043,2.375,3.089
4044,2.356,3.094
4045,2.341,3.094
4046,2.317,3.089
4047,2.307,3.094
4048,2.297,3.089
4049,2.292,3.094
4050,2.287,3.089
4051,2.278,3.094
4052,2.273,3.089
4053,2.278,3.094
4054,2.380,3.089
4055,2.595,3.094
4056,2.742,3.094
4057,2.781,3.094
4058,2.727,3.094
4059,2.644,3.089
4060,2.581,3.094
4061,2.542,3.089
4062,2.493,3.094
4063,2.468,3.094
4064,2.454,3.094
4065,2.454,3.089
4066,2.454,3.094
4067,2.434,3.094
4068,2.410,3.094
4069,2.390,3.094
4070,2.375,3.094
4071,2.366,3.094
4072,2.351,3.094
4073,2.336,3.094
4074,2.326,3.094
4075,2.322,3.094
4076,2.312,3.094
4077,2.307,3.094
4078,2.292,3.094
4079,2.331,3.094
4080,2.473,3.094
4081,2.649,3.094
4082,2.761,3.094
4083,2.761,3.094
4084,2.693,3.094
4085,2.630,3.094
4086,2.586,3.094
4087,2.542,3.094
4088,2.493,3.094
4089,2.468,3.094
4090,2.468,3.094
4091,2.468,3.094
4092,2.463,3.094
4093,2.449,3.094
4094,2.424,3.094
4095,2.400,3.094
4096,2.385,3.094
4097,2.366,3.094
4098,2.356,3.094
4099,2.346,3.094
4100,2.336,3.094
4101,2.322,3.094
4102,2.312,3.094
4103,2.297,3.094
4104,2.292,3.094
4105,2.297,3.094
4106,2.351,3.094
4107,2.512,3.094
4108,2.688,3.094
4109,2.786,3.094
4110,2.781,3.094
4111,2.722,3.094
4112,2.659,3.094
4113,2.610,3.094
4114,2.576,3.094
4115,2.537,3.094
4116,2.512,3.094
4117,2.502,3.094
4118,2.507,3.094
4119,2.502,3.094
4120,2.483,3.094
4121,2.463,3.094
4122,2.434,3.094
4123,2.414,3.094
4124,2.390,3.094
4125,2.380,3.094
4126,2.361,3.094
4127,2.351,3.094
4128,2.341,3.094
4129,2.341,3.099
4130,2.331,3.094
4131,2.326,3.094
4132,2.322,3.094
4133,2.312,3.099
4134,2.351,3.094
4135,2.493,3.099
4136,2.678,3.094
4137,2.810,3.099
4138,2.664,3.099
4139,2.620,3.094
4140,2.571,3.094
4141,2.542,3.099
4142,2.522,3.094
4143,2.522,3.099
4144,2.527,3.094
4145,2.522,3.099
4146,2.498,3.094
4147,2.463,3.099
4148,2.434,3.094
4149,2.405,3.099
4150,2.400,3.094
4151,2.385,3.099
4152,2.380,3.099
4153,2.370,3.099
4154,2.356,3.099
4155,2.351,3.099
4156,2.341,3.099
4157,2.326,3.099
4158,2.326,3.099
4159,2.385,3.094
4160,2.542,3.099
4161,2.742,3.094
4162,2.854,3.099
4163,2.859,3.094
4164,2.791,3.099
4165,2.703,3.094
4166,2.649,3.099
4167,2.600,3.094
4168,2.561,3.099
4169,2.546,3.099
4170,2.556,3.099
4171,2.571,3.099
4172,2.566,3.099
4173,2.542,3.099
4174,2.507,3.099
4175,2.483,3.099
4176,2.458,3.099
4177,2.439,3.099
4178,2.434,3.099
4179,2.424,3.099
4180,2.429,3.099
4181,2.419,3.099
4182,2.414,3.099
4183,2.444,3.099
4184,2.581,3.094
4185,2.810,3.099
4186,3.006,3.099
4187,3.069,3.099
4188,3.016,3.099
4189,2.903,3.099
4190,2.786,3.099
4191,2.683,3.099
4192,2.610,3.099
4193,2.576,3.099
4194,2.581,3.099
4195,2.590,3.099
4196,2.586,3.099
4197,2.542,3.099
4198,2.498,3.099
4199,2.468,3.099
4200,2.444,3.099
4201,2.434,3.099
4202,2.414,3.099
4203,2.400,3.099
4204,2.385,3.099
4205,2.375,3.099
4206,2.370,3.099
4207,2.356,3.099
4208,2.361,3.099
4209,2.478,3.099
4210,2.703,3.099
4211,2.908,3.099
4212,2.991,3.099
4213,2.952,3.099
4214,2.869,3.099
4215,2.791,3.099
4216,2.732,3.099
4217,2.669,3.099
4218,2.630,3.099
4219,2.610,3.099
4220,2.605,3.099
4221,2.615,3.099
4222,2.605,3.099
4223,2.600,3.099
4224,2.590,3.099
4225,2.581,3.099
4226,2.551,3.099
4227,2.512,3.099
4228,2.463,3.099
4229,2.429,3.099
4230,2.414,3.099
4231,2.405,3.099
4232,2.410,3.099
4233,2.507,3.099
4234,2.727,3.099
4235,2.957,3.099
4236,3.055,3.104
4237,3.030,3.099
4238,2.942,3.104
4239,2.854,3.099
4240,2.781,3.099
4241,2.703,3.099
4242,2.634,3.099
4243,2.600,3.099
4244,2.590,3.104
4245,2.576,3.104
4246,2.561,3.104
4247,2.512,3.109
4248,2.463,3.109
4249,2.429,3.109
4250,2.414,3.113
4251,2.405,3.113
4252,2.390,3.113
4253,2.375,3.118
4254,2.351,3.118
4255,2.346,3.118
4256,2.405,3.118
4257,2.581,3.118
4258,2.801,3.118
4259,2.933,3.118
4260,2.928,3.123
4261,2.835,3.118
4262,2.722,3.123
4263,2.493,3.123
4264,2.473,3.118
4265,2.478,3.118
4266,2.473,3.118
4267,2.458,3.118
4268,2.424,3.118
4269,2.390,3.118
4270,2.361,3.118
4271,2.341,3.118
4272,2.331,3.118
4273,2.322,3.118
4274,2.307,3.118
4275,2.302,3.118
4276,2.341,3.118
4277,2.512,3.118
4278,2.732,3.118
4279,2.884,3.118
4280,2.893,3.118
4281,2.815,3.118
4282,2.713,3.118
4283,2.634,3.118
4284,2.561,3.118
4285,2.507,3.118
4286,2.488,3.118
4287,2.498,3.118
4288,2.502,3.118
4289,2.498,3.118
4290,2.478,3.118
4291,2.449,3.118
4292,2.419,3.118
4293,2.390,3.118
4294,2.375,3.118
4295,2.356,3.118
4296,2.341,3.118
4297,2.361,3.118
4298,2.488,3.118
4299,2.713,3.118
4300,2.884,3.118
4301,2.923,3.118
4302,2.859,3.118
4303,2.761,3.118
4304,2.678,3.118
4305,2.610,3.118
4306,2.546,3.118
4307,2.512,3.118
4308,2.502,3.118
4309,2.517,3.118
4310,2.512,3.118
4311,2.473,3.118
4312,2.434,3.123
4313,2.410,3.118
4314,2.385,3.123
4315,2.375,3.118
4316,2.366,3.123
4317,2.341,3.118
4318,2.322,3.118
4319,2.351,3.118
4320,2.507,3.118
4321,2.737,3.118
4322,2.903,3.118
4323,2.923,3.118
4324,2.854,3.118
4325,2.752,3.118
4326,2.674,3.118
4327,2.615,3.118
4328,2.546,3.118
4329,2.488,3.123
4330,2.473,3.118
4331,2.483,3.123
4332,2.483,3.118
4333,2.468,3.123
4334,2.429,3.118
4335,2.405,3.123
4336,2.375,3.118
4337,2.346,3.123
4338,2.331,3.118
4339,2.326,3.118
4340,2.322,3.123
4341,2.307,3.118
4342,2.278,3.123
4343,2.307,3.118
4344,2.463,3.123
4345,2.708,3.118
4346,2.889,3.123
4347,2.928,3.118
4348,2.849,3.123
4349,2.737,3.118
4350,2.664,3.123
4351,2.605,3.118
4352,2.546,3.123
4353,2.498,3.123
4354,2.473,3.123
4355,2.468,3.123
4356,2.458,3.123
4357,2.444,3.123
4358,2.414,3.123
4359,2.390,3.123
4360,2.361,3.123
4361,2.341,3.123
4362,2.317,3.123
4363,2.307,3.123
4364,2.297,3.118
4365,2.287,3.123
4366,2.278,3.118
4367,2.273,3.123
4368,2.258,3.118
4369,2.263,3.123
4370,2.380,3.118
4371,2.615,3.123
4372,2.815,3.118
4373,2.869,3.123
4374,2.801,3.118
4375,2.698,3.123
4376,2.620,3.118
4377,2.566,3.118
4378,2.507,3.118
4379,2.463,3.123
4380,2.444,3.118
4381,2.454,3.123
4382,2.458,3.118
4383,2.449,3.123
4384,2.429,3.118
4385,2.400,3.123
4386,2.375,3.118
4387,2.346,3.118
4388,2.331,3.123
4389,2.317,3.118
4390,2.297,3.118
4391,2.292,3.123
4392,2.302,3.118
4393,2.414,3.123
4394,2.615,3.118
4395,2.776,3.123
4396,2.805,3.118
4397,2.737,3.123
4398,2.649,3.118
4399,2.581,3.123
4400,2.517,3.118
4401,2.463,3.123
4402,2.434,3.123
4403,2.439,3.123
4404,2.439,3.123
4405,2.434,3.118
4406,2.419,3.123
4407,2.390,3.118
4408,2.361,3.123
4409,2.336,3.118
4410,2.322,3.123
4411,2.312,3.118
4412,2.302,3.123
4413,2.283,3.118
4414,2.273,3.123
4415,2.263,3.118
4416,2.263,3.123
4417,2.253,3.118
4418,2.243,3.123
4419,2.273,3.123
4420,2.424,3.123
4421,2.649,3.123
4422,2.815,3.123
4423,2.854,3.123
4424,2.791,3.123
4425,2.703,3.123
4426,2.630,3.123
4427,2.571,3.123
4428,2.517,3.118
4429,2.478,3.123
4430,2.458,3.123
4431,2.458,3.123
4432,2.458,3.123
4433,2.444,3.123
4434,2.429,3.123
4435,2.410,3.123
4436,2.395,3.123
4437,2.370,3.123
4438,2.351,3.123
4439,2.326,3.123
4440,2.302,3.123
4441,2.292,3.123
4442,2.287,3.123
4443,2.273,3.123
4444,2.268,3.123
4445,2.292,3.123
4446,2.424,3.123
4447,2.625,3.123
4448,2.766,3.123
4449,2.801,3.123
4450,2.747,3.123
4451,2.659,3.123
4452,2.576,3.123
4453,2.498,3.123
4454,2.439,3.123
4455,2.405,3.123
4456,2.395,3.123
4457,2.395,3.123
4458,2.395,3.123
4459,2.395,3.123
4460,2.380,3.123
4461,2.361,3.123
4462,2.336,3.123
4463,2.317,3.123
4464,2.302,3.123
4465,2.292,3.123
4466,2.287,3.123
4467,2.273,3.123
4468,2.263,3.123
4469,2.268,3.123
4470,2.346,3.123
4471,2.522,3.123
4472,2.678,3.123
4473,2.742,3.123
4474,2.703,3.123
4475,2.630,3.123
4476,2.556,3.123
4477,2.507,3.123
4478,2.458,3.128
4479,2.424,3.123
4480,2.419,3.128
4481,2.439,3.123
4482,2.449,3.128
4483,2.449,3.123
4484,2.419,3.128
4485,2.390,3.123
4486,2.366,3.128
4487,2.341,3.123
4488,2.326,3.128
4489,2.317,3.123
4490,2.312,3.123
4491,2.302,3.128
4492,2.326,3.123
4493,2.444,3.128
4494,2.615,3.123
4495,2.727,3.128
4496,2.742,3.123
4497,2.693,3.128
4498,2.620,3.123
4499,2.566,3.128
4500,2.512,3.123
4501,2.468,3.128
4502,2.458,3.123
4503,2.458,3.128
4504,2.463,3.123
4505,2.458,3.128
4506,2.444,3.123
4507,2.419,3.128
4508,2.400,3.123
4509,2.380,3.128
4510,2.366,3.128
4511,2.361,3.123
4512,2.351,3.128
4513,2.331,3.123
4514,2.346,3.128
4515,2.522,3.128
4516,2.722,3.123
4517,2.835,3.128
4518,2.845,3.123
4519,2.781,3.128
4520,2.703,3.123
4521,2.639,3.128
4522,2.590,3.123
4523,2.546,3.128
4524,2.522,3.123
4525,2.517,3.128
4526,2.522,3.123
4527,2.517,3.128
4528,2.483,3.128
4529,2.454,3.128
4530,2.424,3.128
4531,2.414,3.123
4532,2.395,3.128
4533,2.375,3.128
4534,2.361,3.128
4535,2.356,3.123
4536,2.341,3.128
4537,2.356,3.123
4538,2.507,3.128
4539,2.727,3.123
4540,2.884,3.128
4541,2.933,3.128
4542,2.898,3.128
4543,2.820,3.128
4544,2.752,3.128
4545,2.678,3.128
4546,2.615,3.128
4547,2.571,3.128
4548,2.551,3.128
4549,2.542,3.128
4550,2.537,3.123
4551,2.522,3.128
4552,2.502,3.123
4553,2.502,3.128
4554,2.522,3.123
4555,2.561,3.128
4556,2.620,3.123
4557,2.678,3.128
4558,2.732,3.123
4559,2.752,3.128
4560,2.727,3.123
4561,2.732,3.128
4562,2.845,3.128
4563,2.991,3.128
4564,3.060,3.128
4565,3.016,3.128
4566,2.903,3.128
4567,2.776,3.128
4568,2.717,3.128
4569,2.703,3.123
4570,2.737,3.128
4571,2.815,3.123
4572,2.854,3.128
4573,2.820,3.128
4574,2.708,3.128
4575,2.551,3.128
4576,2.410,3.128
4577,2.356,3.128
4578,2.400,3.128
4579,2.468,3.128
4580,2.498,3.128
4581,2.434,3.128
4582,2.351,3.128
4583,2.336,3.128
4584,2.478,3.128
4585,2.688,3.128
4586,2.815,3.128
4587,2.791,3.128
4588,2.678,3.128
4589,2.556,3.128
4590,2.454,3.128
4591,2.385,3.128
4592,2.380,3.128
4593,2.410,3.128
4594,2.444,3.128
4595,2.458,3.128
4596,2.439,3.128
4597,2.410,3.128
4598,2.385,3.128
4599,2.380,3.128
4600,2.395,3.128
4601,2.400,3.128
4602,2.424,3.128
4603,2.517,3.123
4604,2.693,3.128
4605,2.854,3.123
4606,2.908,3.128
4607,2.864,3.123
4608,2.766,3.128
4609,2.674,3.123
4610,2.605,3.128
4611,2.551,3.123
4612,2.527,3.128
4613,2.537,3.123
4614,2.561,3.123
4615,2.566,3.123
4616,2.542,3.123
4617,2.493,3.123
4618,2.439,3.123
4619,2.385,3.123
4620,2.356,3.118
4621,2.336,3.118
4622,2.326,3.118
4623,2.400,3.118
4624,2.581,3.113
4625,2.801,3.113
4626,2.937,3.113
4627,2.952,3.113
4628,2.879,3.113
4629,2.786,3.113
4630,2.703,3.109
4631,2.620,3.109
4632,2.551,3.104
4633,2.522,3.104
4634,2.537,3.104
4635,2.546,3.104
4636,2.542,3.099
4637,2.512,3.099
4638,2.473,3.099
4639,2.434,3.099
4640,2.405,3.094
4641,2.361,3.094
4642,2.801,3.089
4643,2.913,3.089
4644,2.918,3.089
4645,2.835,3.089
4646,2.747,3.084
4647,2.669,3.084
4648,2.595,3.079
4649,2.532,3.084
4650,2.512,3.079
4651,2.517,3.079
4652,2.512,3.079
4653,2.488,3.074
4654,2.449,3.079
4655,2.400,3.074
4656,2.361,3.074
4657,2.336,3.069
4658,2.317,3.069
4659,2.307,3.065
4660,2.287,3.069
4661,2.307,3.065
4662,2.444,3.065
4663,2.664,3.060
4664,2.830,3.060
4665,2.859,3.055
4666,2.791,3.055
4667,2.693,3.055
4668,2.615,3.055
4669,2.551,3.050
4670,2.498,3.050
4671,2.463,3.050
4672,2.463,3.045
4673,2.463,3.045
4674,2.454,3.045
4675,2.429,3.040
4676,2.400,3.040
4677,2.366,3.040
4678,2.341,3.035
4679,2.326,3.035
4680,2.317,3.030
4681,2.307,3.030
4682,2.292,3.025
4683,2.317,3.025
4684,2.444,3.025
4685,2.634,3.021
4686,2.766,3.021
4687,2.791,3.021
4688,2.737,3.016
4689,2.669,3.016
4690,2.581,3.011
4691,2.507,3.011
4692,2.468,3.011
4693,2.463,3.006
4694,2.483,3.006
4695,2.493,3.001
4696,2.478,3.001
4697,2.439,2.996
4698,2.410,2.996
4699,2.395,2.991
4700,2.380,2.996
4701,2.366,2.991
4702,2.351,2.991
4703,2.336,2.991
4704,2.366,2.991
4705,2.507,2.986
4706,2.708,2.991
4707,2.849,2.986
4708,2.864,2.991
4709,2.776,2.991
4710,2.678,2.986
4711,2.595,2.986
4712,2.517,2.986
4713,2.468,2.986
4714,2.454,2.986
4715,2.468,2.986
4716,2.473,2.986
4717,2.454,2.986
4718,2.429,2.986
4719,2.400,2.986
4720,2.375,2.986
4721,2.370,2.986
4722,2.370,2.986
4723,2.351,2.986
4724,2.322,2.986
4725,2.302,2.986
4726,2.341,2.986
4727,2.502,2.986
4728,2.708,2.991
4729,2.835,2.986
4730,2.840,2.991
4731,2.776,2.986
4732,2.674,2.991
4733,2.576,2.986
4734,2.488,2.991
4735,2.458,2.986
4736,2.463,2.991
4737,2.483,2.991
4738,2.483,2.991
4739,2.458,2.991
4740,2.424,2.991
4741,2.390,2.991
4742,2.361,2.991
4743,2.346,2.991
4744,2.341,2.991
4745,2.322,2.996
4746,2.307,2.991
4747,2.356,2.996
4748,2.493,2.991
4749,2.683,2.996
4750,2.801,2.991
4751,2.810,2.996
4752,2.732,2.991
4753,2.620,2.996
4754,2.517,2.991
4755,2.439,2.996
4756,2.410,2.991
4757,2.414,2.991
4758,2.449,2.991
4759,2.463,2.991
4760,2.454,2.991
4761,2.424,2.991
4762,2.385,2.991
4763,2.356,2.991
4764,2.331,2.996
4765,2.322,2.991
4766,2.307,2.996
4767,2.366,2.996
4768,2.542,2.991
4769,2.722,2.996
4770,2.825,2.991
4771,2.815,2.996
4772,2.717,2.991
4773,2.605,2.996
4774,2.502,2.991
4775,2.429,2.996
4776,2.419,2.991
4777,2.454,2.991
4778,2.473,2.991
4779,2.473,2.991
4780,2.449,2.991
4781,2.419,2.991
4782,2.385,2.991
4783,2.361,2.991
4784,2.341,2.991
4785,2.331,2.986
4786,2.317,2.991
4787,2.341,2.986
4788,2.468,2.986
4789,2.674,2.986
4790,2.830,2.986
4791,2.864,2.981
4792,2.786,2.986
4793,2.664,2.981
4794,2.537,2.981
4795,2.449,2.981
4796,2.414,2.981
4797,2.419,2.981
4798,2.444,2.981
4799,2.454,2.981
4800,2.429,2.977
4801,2.390,2.977
4802,2.366,2.977
4803,2.341,2.977
4804,2.317,2.972
4805,2.307,2.977
4806,2.297,2.972
4807,2.283,2.977
4808,2.263,2.972
4809,2.263,2.972
4810,2.361,2.972
4811,2.551,2.972
4812,2.713,2.967
4813,2.766,2.972
4814,2.708,2.967
4815,2.590,2.972
4816,2.473,2.967
4817,2.395,2.967
4818,2.346,2.967
4819,2.351,2.967
4820,2.380,2.967
4821,2.400,2.967
4822,2.395,2.967
4823,2.366,2.962
4824,2.341,2.967
4825,2.317,2.962
4826,2.302,2.962
4827,2.292,2.957
4828,2.287,2.957
4829,2.273,2.957
4830,2.253,2.957
4831,2.243,2.957
4832,2.297,2.957
4833,2.434,2.957
4834,2.576,2.952
4835,2.649,2.957
4836,2.630,2.952
4837,2.546,2.957
4838,2.454,2.952
4839,2.385,2.952
4840,2.341,2.952
4841,2.331,2.947
4842,2.351,2.952
4843,2.361,2.947
4844,2.356,2.947
4845,2.326,2.942
4846,2.292,2.947
4847,2.273,2.942
4848,2.258,2.947
4849,2.248,2.942
4850,2.248,2.942
4851,2.239,2.947
4852,2.229,2.942
4853,2.224,2.942
4854,2.214,2.942
4855,2.214,2.942
4856,2.253,2.942
4857,2.356,2.942
4858,2.483,2.942
4859,2.556,2.942
4860,2.542,2.942
4861,2.478,2.937
4862,2.414,2.937
4863,2.366,2.937
4864,2.336,2.937
4865,2.322,2.937
4866,2.322,2.937
4867,2.341,2.937
4868,2.356,2.937
4869,2.351,2.937
4870,2.331,2.937
4871,2.312,2.937
4872,2.297,2.937
4873,2.292,2.937
4874,2.287,2.937
4875,2.283,2.937
4876,2.278,2.937
4877,2.273,2.937
4878,2.273,2.937
4879,2.273,2.937
4880,2.292,2.937
4881,2.366,2.937
4882,2.458,2.937
4883,2.517,2.937
4884,2.522,2.937
4885,2.483,2.937
4886,2.429,2.937
4887,2.380,2.937
4888,2.341,2.933
4889,2.336,2.937
4890,2.351,2.933
4891,2.366,2.937
4892,2.375,2.933
4893,2.375,2.937
4894,2.356,2.937
4895,2.351,2.933
4896,2.336,2.937
4897,2.326,2.933
4898,2.322,2.937
4899,2.317,2.933
4900,2.317,2.937
4901,2.317,2.933
4902,2.317,2.933
4903,2.346,2.933
4904,2.429,2.933
4905,2.507,2.928
4906,2.546,2.933
4907,2.537,2.928
4908,2.483,2.928
4909,2.434,2.933
4910,2.395,2.928
4911,2.370,2.928
4912,2.366,2.928
4913,2.370,2.928
4914,2.395,2.923
4915,2.405,2.928
4916,2.405,2.923
4917,2.395,2.928
4918,2.385,2.923
4919,2.380,2.923
4920,2.380,2.923
4921,2.375,2.923
4922,2.370,2.918
4923,2.361,2.923
4924,2.346,2.918
4925,2.346,2.918
4926,2.356,2.918
4927,2.410,2.918
4928,2.498,2.918
4929,2.571,2.918
4930,2.586,2.918
4931,2.556,2.913
4932,2.498,2.918
4933,2.454,2.913
4934,2.419,2.918
4935,2.410,2.913
4936,2.410,2.918
4937,2.429,2.913
4938,2.444,2.913
4939,2.439,2.913
4940,2.429,2.913
4941,2.410,2.913
4942,2.400,2.913
4943,2.390,2.913
4944,2.390,2.913
4945,2.390,2.913
4946,2.390,2.913
4947,2.385,2.918
4948,2.375,2.913
4949,2.385,2.918
4950,2.439,2.918
4951,2.532,2.918
4952,2.615,2.918
4953,2.639,2.918
4954,2.615,2.918
4955,2.571,2.918
4956,2.527,2.918
4957,2.488,2.923
4958,2.468,2.918
4959,2.473,2.923
4960,2.488,2.923
4961,2.502,2.923
4962,2.502,2.923
4963,2.483,2.923
4964,2.463,2.923
4965,2.449,2.923
4966,2.439,2.928
4967,2.424,2.928
4968,2.424,2.928
4969,2.419,2.928
4970,2.419,2.928
4971,2.410,2.928
4972,2.444,2.933
4973,2.537,2.928
4974,2.664,2.933
4975,2.732,2.933
4976,2.742,2.933
4977,2.703,2.933
4978,2.654,2.933
4979,2.600,2.933
4980,2.561,2.933
4981,2.546,2.937
4982,2.556,2.933
4983,2.571,2.937
4984,2.576,2.933
4985,2.566,2.937
4986,2.537,2.937
4987,2.522,2.937
4988,2.498,2.937
4989,2.473,2.937
4990,2.458,2.937
4991,2.454,2.937
4992,2.444,2.937
4993,2.434,2.937
4994,2.419,2.942
4995,2.414,2.937
4996,2.458,2.942
4997,2.581,2.937
4998,2.737,2.942
4999,2.835,2.942
5000,2.849,2.942
5001,2.796,2.942
5002,2.732,2.942
5003,2.669,2.942
5004,2.625,2.942
5005,2.600,2.942
5006,2.600,2.942
5007,2.620,2.942
5008,2.625,2.942
5009,2.610,2.942
5010,2.586,2.942
5011,2.561,2.942
5012,2.537,2.947
5013,2.522,2.947
5014,2.512,2.942
5015,2.493,2.947
5016,2.488,2.947
5017,2.483,2.947
5018,2.468,2.947
5019,2.463,2.947
5020,2.581,2.947
5021,2.781,2.947
5022,2.967,2.947
5023,3.016,2.947
5024,2.972,2.947
5025,2.893,2.947
5026,2.820,2.947
5027,2.757,2.947
5028,2.708,2.942
5029,2.708,2.942
5030,2.732,2.942
5031,2.752,2.942
5032,2.737,2.942
5033,2.703,2.942
5034,2.644,2.942
5035,2.586,2.942
5036,2.546,2.947
5037,2.527,2.942
5038,2.517,2.947
5039,2.512,2.947
5040,2.502,2.947
5041,2.483,2.947
5042,2.468,2.947
5043,2.498,2.947
5044,2.644,2.947
5045,2.854,2.947
5046,3.021,2.947
5047,3.074,2.947
5048,3.030,2.947
5049,2.942,2.947
5050,2.840,2.947
5051,2.757,2.947
5052,2.708,2.947
5053,2.693,2.947
5054,2.703,2.952
5055,2.708,2.947
5056,2.703,2.952
5057,2.674,2.952
5058,2.634,2.952
5059,2.595,2.947
5060,2.566,2.952
5061,2.537,2.952
5062,2.512,2.952
5063,2.493,2.952
5064,2.473,2.952
5065,2.449,2.952
5066,2.439,2.952
5067,2.527,2.952
5068,2.737,2.952
5069,2.962,2.952
5070,3.084,2.952
5071,3.099,2.952
5072,3.065,2.952
5073,3.025,2.952
5074,2.972,2.952
5075,2.903,2.952
5076,2.830,2.952
5077,2.786,2.952
5078,2.752,2.947
5079,2.717,2.947
5080,2.674,2.947
5081,2.625,2.947
5082,2.590,2.947
5083,2.561,2.942
5084,2.542,2.947
5085,2.517,2.942
5086,2.502,2.942
5087,2.488,2.937
5088,2.468,2.942
5089,2.463,2.937
5090,2.581,2.937
5091,2.830,2.933
5092,3.069,2.933
5093,3.177,2.928
5094,3.143,2.928
5095,3.021,2.928
5096,2.898,2.928
5097,2.781,2.923
5098,2.693,2.923
5099,2.639,2.918
5100,2.639,2.918
5101,2.649,2.913
5102,2.649,2.913
5103,2.634,2.913
5104,2.600,2.908
5105,2.571,2.908
5106,2.551,2.903
5107,2.571,2.903
5108,2.600,2.898
5109,2.610,2.898
5110,2.581,2.893
5111,2.537,2.893
5112,2.493,2.893
5113,2.488,2.889
5114,2.605,2.889
5115,2.835,2.884
5116,3.030,2.884
5117,3.094,2.884
5118,3.040,2.884
5119,2.942,2.879
5120,2.854,2.879
5121,2.786,2.879
5122,2.722,2.879
5123,2.693,2.874
5124,2.688,2.879
5125,2.669,2.874
5126,2.649,2.874
5127,2.615,2.874
5128,2.586,2.874
5129,2.556,2.874
5130,2.537,2.874
5131,2.512,2.869
5132,2.488,2.874
5133,2.458,2.874
5134,2.434,2.874
5135,2.400,2.874
5136,2.375,2.874
5137,2.366,2.869
5138,2.444,2.874
5139,2.644,2.869
5140,2.845,2.874
5141,2.947,2.874
5142,2.923,2.874
5143,2.830,2.874
5144,2.727,2.874
5145,2.639,2.874
5146,2.566,2.874
5147,2.566,2.874
5148,2.581,2.874
5149,2.586,2.874
5150,2.576,2.874
5151,2.551,2.874
5152,2.517,2.874
5153,2.488,2.874
5154,2.488,2.879
5155,2.498,2.874
5156,2.517,2.879
5157,2.532,2.874
5158,2.517,2.879
5159,2.473,2.879
5160,2.434,2.879
5161,2.468,2.879
5162,2.634,2.879
5163,2.815,2.879
5164,2.898,2.879
5165,2.849,2.879
5166,2.742,2.879
5167,2.644,2.879
5168,2.571,2.879
5169,2.517,2.879
5170,2.502,2.879
5171,2.507,2.884
5172,2.517,2.879
5173,2.512,2.884
5174,2.483,2.879
5175,2.444,2.884
5176,2.414,2.879
5177,2.400,2.879
5178,2.390,2.879
5179,2.375,2.879
5180,2.361,2.879
5181,2.346,2.879
5182,2.331,2.879
5183,2.312,2.879
5184,2.341,2.879
5185,2.502,2.879
5186,2.727,2.879
5187,2.889,2.879
5188,2.933,2.884
5189,2.864,2.879
5190,2.761,2.884
5191,2.674,2.879
5192,2.595,2.884
5193,2.546,2.884
5194,2.537,2.884
5195,2.546,2.884
5196,2.551,2.884
5197,2.546,2.884
5198,2.517,2.884
5199,2.473,2.889
5200,2.434,2.889
5201,2.395,2.889
5202,2.385,2.889
5203,2.375,2.889
5204,2.370,2.889
5205,2.356,2.889
5206,2.336,2.889
5207,2.312,2.889
5208,2.341,2.889
5209,2.488,2.889
5210,2.722,2.889
5211,2.893,2.889
5212,2.947,2.884
5213,2.893,2.889
5214,2.796,2.884
5215,2.703,2.889
5216,2.615,2.884
5217,2.551,2.884
5218,2.532,2.884
5219,2.537,2.884
5220,2.546,2.879
5221,2.532,2.874
5222,2.502,2.874
5223,2.468,2.874
5224,2.439,2.874
5225,2.405,2.869
5226,2.380,2.864
5227,2.370,2.859
5228,2.361,2.859
5229,2.356,2.854
5230,2.336,2.849
5231,2.331,2.845
5232,2.434,2.845
5233,2.664,2.840
5234,2.903,2.840
5235,3.016,2.835
5236,2.996,2.835
5237,2.898,2.835
5238,2.796,2.830
5239,2.698,2.830
5240,2.615,2.825
5241,2.576,2.825
5242,2.571,2.820
5243,2.576,2.825
5244,2.561,2.820
5245,2.542,2.820
5246,2.512,2.815
5247,2.468,2.820
5248,2.424,2.815
5249,2.390,2.815
5250,2.375,2.815
5251,2.370,2.815
5252,2.361,2.815
5253,2.351,2.815
5254,2.400,2.815
5255,2.595,2.810
5256,2.859,2.815
5257,3.016,2.810
5258,3.021,2.815
5259,2.928,2.810
5260,2.810,2.815
5261,2.722,2.815
5262,2.639,2.815
5263,2.556,2.815
5264,2.498,2.815
5265,2.478,2.815
5266,2.488,2.815
5267,2.488,2.815
5268,2.463,2.820
5269,2.424,2.820
5270,2.380,2.820
5271,2.336,2.820
5272,2.283,2.820
5273,2.268,2.820
5274,2.253,2.825
5275,2.239,2.820
5276,2.243,2.825
5277,2.351,2.825
5278,2.639,2.820
5279,2.864,2.825
5280,2.942,2.825
5281,2.869,2.825
5282,2.732,2.825
5283,2.620,2.830
5284,2.532,2.825
5285,2.468,2.830
5286,2.439,2.830
5287,2.434,2.830
5288,2.444,2.830
5289,2.454,2.830
5290,2.439,2.830
5291,2.405,2.830
5292,2.366,2.830
5293,2.331,2.830
5294,2.302,2.830
5295,2.292,2.830
5296,2.283,2.835
5297,2.263,2.830
5298,2.239,2.835
5299,2.229,2.830
5300,2.302,2.835
5301,2.488,2.835
5302,2.703,2.835
5303,2.815,2.835
5304,2.805,2.840
5305,2.717,2.835
5306,2.600,2.840
5307,2.512,2.840
5308,2.439,2.840
5309,2.400,2.840
5310,2.390,2.840
5311,2.395,2.840
5312,2.400,2.840
5313,2.390,2.845
5314,2.361,2.840
5315,2.317,2.845
5316,2.283,2.840
5317,2.263,2.845
5318,2.248,2.845
5319,2.243,2.845
5320,2.229,2.845
5321,2.214,2.845
5322,2.204,2.845
5323,2.195,2.845
5324,2.190,2.845
5325,2.180,2.849
5326,2.185,2.845
5327,2.195,2.849
5328,2.278,2.849
5329,2.444,2.849
5330,2.595,2.849
5331,2.664,2.849
5332,2.649,2.849
5333,2.566,2.849
5334,2.483,2.849
5335,2.419,2.849
5336,2.390,2.849
5337,2.370,2.849
5338,2.366,2.849
5339,2.375,2.849
5340,2.375,2.854
5341,2.366,2.854
5342,2.346,2.849
5343,2.326,2.854
5344,2.302,2.854
5345,2.283,2.854
5346,2.273,2.854
5347,2.263,2.854
5348,2.253,2.854
5349,2.243,2.854
5350,2.243,2.854
5351,2.243,2.854
5352,2.243,2.854
5353,2.239,2.854
5354,2.234,2.854
5355,2.248,2.854
5356,2.326,2.854
5357,2.444,2.854
5358,2.537,2.854
5359,2.566,2.854
5360,2.537,2.854
5361,2.478,2.854
5362,2.429,2.854
5363,2.390,2.854
5364,2.366,2.854
5365,2.361,2.854
5366,2.370,2.854
5367,2.380,2.854
5368,2.375,2.854
5369,2.366,2.849
5370,2.346,2.854
5371,2.331,2.849
5372,2.326,2.854
5373,2.317,2.849
5374,2.307,2.854
5375,2.287,2.849
5376,2.283,2.854
5377,2.283,2.849
5378,2.283,2.849
5379,2.287,2.849
5380,2.297,2.849
5381,2.302,2.854
5382,2.312,2.849
5383,2.351,2.854
5384,2.434,2.849
5385,2.527,2.854
5386,2.581,2.849
5387,2.586,2.854
5388,2.561,2.849
5389,2.532,2.854
5390,2.507,2.849
5391,2.468,2.854
5392,2.449,2.854
5393,2.429,2.854
5394,2.439,2.854
5395,2.449,2.854
5396,2.444,2.854
5397,2.429,2.854
5398,2.414,2.854
5399,2.405,2.854
5400,2.400,2.854
5401,2.380,2.854
5402,2.366,2.854
5403,2.356,2.854
5404,2.351,2.854
5405,2.341,2.854
5406,2.331,2.854
5407,2.326,2.854
5408,2.326,2.854
5409,2.326,2.854
5410,2.351,2.854
5411,2.434,2.854
5412,2.546,2.854
5413,2.625,2.854
5414,2.639,2.854
5415,2.605,2.859
5416,2.556,2.854
5417,2.517,2.859
5418,2.478,2.854
5419,2.449,2.859
5420,2.429,2.859
5421,2.429,2.859
5422,2.439,2.859
5423,2.444,2.859
5424,2.434,2.859
5425,2.419,2.859
5426,2.400,2.859
5427,2.385,2.859
5428,2.370,2.859
5429,2.361,2.859
5430,2.356,2.859
5431,2.341,2.859
5432,2.336,2.859
5433,2.331,2.859
5434,2.331,2.859
5435,2.322,2.859
5436,2.322,2.859
5437,2.385,2.859
5438,2.512,2.859
5439,2.630,2.859
5440,2.693,2.859
5441,2.683,2.859
5442,2.630,2.859
5443,2.566,2.859
5444,2.517,2.859
5445,2.478,2.859
5446,2.458,2.859
5447,2.458,2.864
5448,2.473,2.859
5449,2.483,2.864
5450,2.473,2.859
5451,2.449,2.864
5452,2.419,2.859
5453,2.400,2.864
5454,2.385,2.859
5455,2.380,2.864
5456,2.375,2.864
5457,2.370,2.864
5458,2.366,2.864
5459,2.356,2.864
5460,2.356,2.864
5461,2.370,2.864
5462,2.463,2.864
5463,2.610,2.864
5464,2.732,2.864
5465,2.786,2.864
5466,2.757,2.864
5467,2.698,2.864
5468,2.634,2.864
5469,2.576,2.864
5470,2.527,2.864
5471,2.512,2.864
5472,2.517,2.864
5473,2.542,2.864
5474,2.542,2.864
5475,2.527,2.864
5476,2.502,2.864
5477,2.468,2.864
5478,2.444,2.864
5479,2.429,2.864
5480,2.429,2.864
5481,2.419,2.869
5482,2.410,2.864
5483,2.390,2.869
5484,2.400,2.864
5485,2.488,2.869
5486,2.659,2.864
5487,2.820,2.869
5488,2.898,2.864
5489,2.874,2.869
5490,2.801,2.864
5491,2.727,2.869
5492,2.664,2.864
5493,2.610,2.869
5494,2.586,2.864
5495,2.586,2.869
5496,2.600,2.864
5497,2.615,2.864
5498,2.600,2.869
5499,2.566,2.864
5500,2.532,2.869
5501,2.502,2.864
5502,2.483,2.869
5503,2.463,2.864
5504,2.449,2.869
5505,2.439,2.869
5506,2.429,2.869
5507,2.410,2.869
5508,2.395,2.869
5509,2.390,2.869
5510,2.439,2.869
5511,2.600,2.869
5512,2.810,2.869
5513,2.962,2.869
5514,2.986,2.869
5515,2.928,2.869
5516,2.830,2.869
5517,2.752,2.869
5518,2.688,2.869
5519,2.649,2.869
5520,2.630,2.869
5521,2.634,2.869
5522,2.659,2.869
5523,2.664,2.869
5524,2.630,2.869
5525,2.595,2.869
5526,2.566,2.869
5527,2.527,2.869
5528,2.512,2.869
5529,2.493,2.869
5530,2.478,2.869
5531,2.463,2.869
5532,2.454,2.869
5533,2.434,2.869
5534,2.414,2.869
5535,2.414,2.869
5536,2.493,2.869
5537,2.698,2.874
5538,2.918,2.869
5539,3.030,2.874
5540,3.021,2.869
5541,2.942,2.874
5542,2.845,2.869
5543,2.766,2.874
5544,2.698,2.874
5545,2.659,2.874
5546,2.654,2.874
5547,2.664,2.874
5548,2.674,2.874
5549,2.659,2.874
5550,2.630,2.874
5551,2.590,2.874
5552,2.556,2.874
5553,2.527,2.874
5554,2.498,2.874
5555,2.473,2.874
5556,2.454,2.874
5557,2.439,2.874
5558,2.434,2.874
5559,2.414,2.874
5560,2.400,2.874
5561,2.390,2.874
5562,2.478,2.874
5563,2.678,2.874
5564,2.889,2.874
5565,3.001,2.874
5566,2.981,2.874
5567,2.889,2.879
5568,2.791,2.874
5569,2.708,2.879
5570,2.634,2.874
5571,2.595,2.879
5572,2.586,2.874
5573,2.605,2.879
5574,2.605,2.874
5575,2.600,2.879
5576,2.571,2.874
5577,2.527,2.879
5578,2.488,2.879
5579,2.463,2.879
5580,2.439,2.879
5581,2.429,2.879
5582,2.414,2.879
5583,2.400,2.879
5584,2.390,2.879
5585,2.375,2.879
5586,2.370,2.879
5587,2.400,2.879
5588,2.546,2.879
5589,2.761,2.879
5590,2.928,2.879
5591,2.977,2.879
5592,2.908,2.879
5593,2.805,2.879
5594,2.713,2.879
5595,2.639,2.879
5596,2.590,2.879
5597,2.571,2.879
5598,2.586,2.879
5599,2.605,2.879
5600,2.605,2.879
5601,2.571,2.879
5602,2.532,2.879
5603,2.493,2.884
5604,2.458,2.879
5605,2.444,2.884
5606,2.434,2.879
5607,2.419,2.884
5608,2.405,2.879
5609,2.395,2.884
5610,2.385,2.879
5611,2.395,2.884
5612,2.517,2.879
5613,2.732,2.884
5614,2.933,2.879
5615,3.021,2.884
5616,2.986,2.879
5617,2.889,2.884
5618,2.796,2.884
5619,2.713,2.879
5620,2.644,2.884
5621,2.610,2.879
5622,2.600,2.884
5623,2.615,2.879
5624,2.615,2.884
5625,2.581,2.884
5626,2.546,2.884
5627,2.507,2.879
5628,2.473,2.884
5629,2.458,2.884
5630,2.444,2.884
5631,2.424,2.884
5632,2.405,2.884
5633,2.395,2.884
5634,2.385,2.884
5635,2.370,2.884
5636,2.356,2.884
5637,2.361,2.884
5638,2.468,2.884
5639,2.693,2.884
5640,2.913,2.884
5641,3.025,2.884
5642,2.996,2.879
5643,2.903,2.884
5644,2.801,2.884
5645,2.722,2.884
5646,2.649,2.884
5647,2.605,2.884
5648,2.581,2.884
5649,2.576,2.884
5650,2.586,2.884
5651,2.586,2.884
5652,2.561,2.884
5653,2.512,2.884
5654,2.468,2.884
5655,2.434,2.884
5656,2.414,2.884
5657,2.395,2.884
5658,2.370,2.884
5659,2.366,2.884
5660,2.356,2.884
5661,2.346,2.884
5662,2.341,2.884
5663,2.331,2.884
5664,2.356,2.884
5665,2.493,2.884
5666,2.737,2.884
5667,2.942,2.884
5668,3.011,2.884
5669,2.957,2.884
5670,2.845,2.884
5671,2.752,2.884
5672,2.683,2.884
5673,2.625,2.884
5674,2.595,2.884
5675,2.600,2.884
5676,2.615,2.884
5677,2.615,2.884
5678,2.590,2.884
5679,2.556,2.884
5680,2.507,2.884
5681,2.473,2.884
5682,2.449,2.884
5683,2.434,2.884
5684,2.419,2.884
5685,2.400,2.879
5686,2.395,2.884
5687,2.380,2.879
5688,2.361,2.884
5689,2.341,2.879
5690,2.351,2.884
5691,2.458,2.879
5692,2.703,2.884
5693,2.937,2.879
5694,3.050,2.884
5695,3.021,2.879
5696,2.913,2.884
5697,2.801,2.884
5698,2.708,2.884
5699,2.634,2.884
5700,2.586,2.884
5701,2.566,2.884
5702,2.566,2.884
5703,2.566,2.884
5704,2.537,2.879
5705,2.502,2.884
5706,2.463,2.884
5707,2.429,2.884
5708,2.400,2.884
5709,2.366,2.884
5710,2.331,2.884
5711,2.312,2.884
5712,2.297,2.884
5713,2.287,2.884
5714,2.273,2.884
5715,2.268,2.884
5716,2.268,2.884
5717,2.258,2.884
5718,2.253,2.884
5719,2.307,2.884
5720,2.493,2.884
5721,2.752,2.884
5722,2.923,2.884
5723,2.952,2.884
5724,2.859,2.884
5725,2.727,2.884
5726,2.630,2.884
5727,2.551,2.884
5728,2.498,2.884
5729,2.488,2.884
5730,2.498,2.889
5731,2.512,2.884
5732,2.512,2.889
5733,2.483,2.884
5734,2.454,2.884
5735,2.424,2.884
5736,2.390,2.884
5737,2.356,2.889
5738,2.331,2.884
5739,2.317,2.889
5740,2.297,2.884
5741,2.287,2.889
5742,2.273,2.884
5743,2.268,2.889
5744,2.263,2.889
5745,2.258,2.884
5746,2.263,2.889
5747,2.356,2.884
5748,2.581,2.889
5749,2.815,2.884
5750,2.928,2.889
5751,2.898,2.884
5752,2.786,2.889
5753,2.659,2.889
5754,2.561,2.889
5755,2.483,2.889
5756,2.454,2.889
5757,2.463,2.889
5758,2.483,2.889
5759,2.483,2.889
5760,2.463,2.889
5761,2.429,2.889
5762,2.390,2.889
5763,2.361,2.889
5764,2.331,2.889
5765,2.317,2.889
5766,2.302,2.889
5767,2.283,2.889
5768,2.258,2.889
5769,2.248,2.889
5770,2.243,2.889
5771,2.243,2.889
5772,2.234,2.889
5773,2.234,2.889
5774,2.229,2.889
5775,2.278,2.889
5776,2.854,2.889
5777,2.805,2.889
5778,2.703,2.889
5779,2.610,2.889
5780,2.546,2.889
5781,2.488,2.889
5782,2.449,2.893
5783,2.410,2.889
5784,2.390,2.893
5785,2.380,2.889
5786,2.366,2.893
5787,2.370,2.889
5788,2.370,2.893
5789,2.346,2.889
5790,2.322,2.889
5791,2.297,2.893
5792,2.273,2.889
5793,2.263,2.893
5794,2.253,2.889
5795,2.239,2.893
5796,2.219,2.889
5797,2.209,2.893
5798,2.199,2.889
5799,2.199,2.893
5800,2.199,2.893
5801,2.204,2.893
5802,2.258,2.893
5803,2.390,2.893
5804,2.571,2.893
5805,2.678,2.893
5806,2.698,2.893
5807,2.639,2.893
5808,2.561,2.893
5809,2.502,2.893
5810,2.454,2.893
5811,2.419,2.893
5812,2.400,2.893
5813,2.390,2.893
5814,2.390,2.893
5815,2.395,2.893
5816,2.390,2.893
5817,2.370,2.893
5818,2.351,2.893
5819,2.341,2.893
5820,2.331,2.893
5821,2.317,2.893
5822,2.312,2.893
5823,2.312,2.898
5824,2.302,2.893
5825,2.302,2.898
5826,2.297,2.893
5827,2.297,2.898
5828,2.341,2.893
5829,2.458,2.898
5830,2.590,2.893
5831,2.664,2.898
5832,2.659,2.893
5833,2.600,2.898
5834,2.527,2.893
5835,2.473,2.898
5836,2.424,2.898
5837,2.405,2.898
5838,2.410,2.898
5839,2.424,2.898
5840,2.434,2.898
5841,2.429,2.898
5842,2.414,2.898
5843,2.400,2.898
5844,2.380,2.898
5845,2.366,2.898
5846,2.361,2.898
5847,2.356,2.898
5848,2.351,2.898
5849,2.341,2.898
5850,2.336,2.898
5851,2.331,2.898
5852,2.331,2.898
5853,2.322,2.898
5854,2.361,2.898
5855,2.454,2.898
5856,2.576,2.898
5857,2.644,2.898
5858,2.644,2.898
5859,2.600,2.898
5860,2.542,2.898
5861,2.502,2.898
5862,2.478,2.898
5863,2.458,2.903
5864,2.454,2.898
5865,2.458,2.903
5866,2.468,2.898
5867,2.473,2.903
5868,2.463,2.898
5869,2.449,2.903
5870,2.424,2.898
5871,2.405,2.903
5872,2.400,2.903
5873,2.385,2.903
5874,2.385,2.903
5875,2.385,2.903
5876,2.380,2.903
5877,2.370,2.903
5878,2.366,2.903
5879,2.405,2.903
5880,2.502,2.903
5881,2.610,2.903
5882,2.674,2.903
5883,2.669,2.903
5884,2.625,2.903
5885,2.561,2.903
5886,2.522,2.903
5887,2.493,2.903
5888,2.478,2.903
5889,2.483,2.903
5890,2.502,2.903
5891,2.517,2.903
5892,2.522,2.903
5893,2.502,2.903
5894,2.478,2.903
5895,2.458,2.903
5896,2.444,2.903
5897,2.434,2.903
5898,2.419,2.903
5899,2.410,2.903
5900,2.405,2.903
5901,2.395,2.908
5902,2.380,2.908
5903,2.380,2.903
5904,2.410,2.908
5905,2.512,2.903
5906,2.649,2.908
5907,2.737,2.903
5908,2.747,2.908
5909,2.703,2.903
5910,2.644,2.908
5911,2.600,2.903
5912,2.576,2.908
5913,2.551,2.903
5914,2.542,2.908
5915,2.546,2.903
5916,2.551,2.908
5917,2.551,2.903
5918,2.537,2.908
5919,2.512,2.908
5920,2.488,2.908
5921,2.468,2.908
5922,2.463,2.908
5923,2.454,2.908
5924,2.449,2.908
5925,2.439,2.908
5926,2.434,2.908
5927,2.429,2.908
5928,2.424,2.908
5929,2.414,2.908
5930,2.424,2.908
5931,2.488,2.908
5932,2.639,2.908
5933,2.752,2.908
5934,2.776,2.908
5935,2.747,2.908
5936,2.693,2.908
5937,2.649,2.908
5938,2.615,2.908
5939,2.590,2.908
5940,2.571,2.908
5941,2.576,2.908
5942,2.590,2.908
5943,2.595,2.908
5944,2.576,2.913
5945,2.556,2.908
5946,2.527,2.913
5947,2.488,2.908
5948,2.468,2.913
5949,2.454,2.908
5950,2.444,2.913
5951,2.429,2.908
5952,2.414,2.913
5953,2.405,2.908
5954,2.395,2.913
5955,2.429,2.913
5956,2.546,2.913
5957,2.688,2.908
5958,2.796,2.913
5959,2.820,2.913
5960,2.757,2.913
5961,2.698,2.913
5962,2.639,2.913
5963,2.600,2.913
5964,2.571,2.913
5965,2.566,2.913
5966,2.576,2.913
5967,2.586,2.913
5968,2.586,2.913
5969,2.571,2.913
5970,2.546,2.913
5971,2.522,2.913
5972,2.502,2.913
5973,2.483,2.913
5974,2.478,2.913
5975,2.473,2.913
5976,2.473,2.913
5977,2.463,2.913
5978,2.449,2.913
5979,2.439,2.913
5980,2.424,2.913
5981,2.410,2.913
5982,2.424,2.913
5983,2.527,2.913
5984,2.708,2.918
5985,2.859,2.913
5986,2.908,2.918
5987,2.869,2.913
5988,2.781,2.918
5989,2.698,2.918
5990,2.644,2.918
5991,2.610,2.918
5992,2.586,2.918
5993,2.581,2.918
5994,2.581,2.918
5995,2.581,2.918
5996,2.561,2.918
5997,2.532,2.918
5998,2.502,2.918
5999,2.478,2.918
6000,2.458,2.918
6001,2.439,2.918
6002,2.424,2.918
6003,2.414,2.918
6004,2.410,2.918
6005,2.405,2.918
6006,2.395,2.918
6007,2.395,2.918
6008,2.395,2.918
6009,2.414,2.918
6010,2.527,2.918
6011,2.713,2.918
6012,2.854,2.918
6013,2.884,2.918
6014,2.830,2.918
6015,2.752,2.918
6016,2.678,2.923
6017,2.625,2.918
6018,2.586,2.923
6019,2.581,2.918
6020,2.610,2.923
6021,2.634,2.918
6022,2.644,2.923
6023,2.630,2.923
6024,2.595,2.923
6025,2.556,2.923
6026,2.532,2.923
6027,2.512,2.923
6028,2.502,2.923
6029,2.498,2.923
6030,2.478,2.923
6031,2.449,2.923
6032,2.473,2.923
6033,2.605,2.923
6034,2.805,2.923
6035,2.952,2.923
6036,2.981,2.923
6037,2.918,2.923
6038,2.825,2.923
6039,2.752,2.923
6040,2.693,2.923
6041,2.644,2.923
6042,2.625,2.923
6043,2.630,2.923
6044,2.644,2.923
6045,2.634,2.923
6046,2.595,2.923
6047,2.556,2.923
6048,2.517,2.923
6049,2.483,2.923
6050,2.468,2.923
6051,2.454,2.923
6052,2.444,2.923
6053,2.429,2.928
6054,2.419,2.923
6055,2.400,2.923
6056,2.385,2.923
6057,2.449,2.923
6058,2.654,2.923
6059,2.879,2.928
6060,3.001,2.923
6061,2.996,2.928
6062,2.913,2.923
6063,2.820,2.928
6064,2.771,2.928
6065,2.722,2.928
6066,2.683,2.928
6067,2.654,2.923
6068,2.644,2.928
6069,2.644,2.928
6070,2.625,2.928
6071,2.595,2.928
6072,2.551,2.928
6073,2.512,2.928
6074,2.478,2.928
6075,2.468,2.928
6076,2.458,2.928
6077,2.444,2.928
6078,2.419,2.928
6079,2.410,2.928
6080,2.400,2.928
6081,2.385,2.928
6082,2.370,2.928
6083,2.400,2.928
6084,2.546,2.928
6085,2.781,2.928
6086,2.967,2.928
6087,3.021,2.928
6088,2.957,2.928
6089,2.859,2.928
6090,2.771,2.928
6091,2.708,2.933
6092,2.659,2.928
6093,2.630,2.933
6094,2.620,2.928
6095,2.625,2.933
6096,2.620,2.928
6097,2.590,2.933
6098,2.556,2.928
6099,2.517,2.933
6100,2.483,2.933
6101,2.463,2.933
6102,2.444,2.933
6103,2.419,2.928
6104,2.414,2.933
6105,2.395,2.928
6106,2.375,2.933
6107,2.361,2.933
6108,2.346,2.933
6109,2.336,2.933
6110,2.390,2.933
6111,2.566,2.933
6112,2.805,2.933
6113,2.981,2.933
6114,3.006,2.933
6115,2.918,2.933
6116,2.801,2.933
6117,2.708,2.933
6118,2.639,2.933
6119,2.595,2.933
6120,2.576,2.933
6121,2.581,2.933
6122,2.605,2.933
6123,2.610,2.933
6124,2.581,2.933
6125,2.542,2.933
6126,2.498,2.933
6127,2.458,2.937
6128,2.434,2.933
6129,2.414,2.937
6130,2.405,2.933
6131,2.400,2.933
6132,2.385,2.933
6133,2.366,2.933
6134,2.356,2.937
6135,2.405,2.933
6136,2.571,2.937
6137,2.810,2.933
6138,2.977,2.937
6139,3.006,2.933
6140,2.918,2.937
6141,2.815,2.933
6142,2.727,2.937
6143,2.654,2.933
6144,2.595,2.937
6145,2.566,2.933
6146,2.581,2.937
6147,2.595,2.937
6148,2.600,2.937
6149,2.566,2.937
6150,2.522,2.937
6151,2.473,2.937
6152,2.439,2.937
6153,2.410,2.937
6154,2.395,2.937
6155,2.390,2.937
6156,2.380,2.937
6157,2.361,2.937
6158,2.341,2.937
6159,2.366,2.937
6160,2.512,2.937
6161,2.766,2.937
6162,2.977,2.937
6163,3.050,2.937
6164,2.991,2.937
6165,2.874,2.937
6166,2.781,2.937
6167,2.703,2.937
6168,2.634,2.937
6169,2.590,2.937
6170,2.581,2.942
6171,2.590,2.937
6172,2.595,2.942
6173,2.581,2.937
6174,2.556,2.942
6175,2.512,2.937
6176,2.478,2.942
6177,2.444,2.937
6178,2.419,2.942
6179,2.400,2.937
6180,2.385,2.942
6181,2.370,2.942
6182,2.356,2.942
6183,2.341,2.942
6184,2.326,2.942
6185,2.322,2.942
6186,2.370,2.942
6187,2.566,2.942
6188,2.889,2.937
6189,3.060,2.942
6190,3.065,2.937
6191,2.952,2.942
6192,2.825,2.937
6193,2.732,2.942
6194,2.669,2.937
6195,2.610,2.942
6196,2.571,2.937
6197,2.561,2.937
6198,2.556,2.937
6199,2.551,2.937
6200,2.522,2.937
6201,2.483,2.937
6202,2.434,2.937
6203,2.395,2.933
6204,2.366,2.937
6205,2.336,2.933
6206,2.326,2.933
6207,2.322,2.933
6208,2.312,2.933
6209,2.292,2.928
6210,2.283,2.933
6211,2.268,2.928
6212,2.297,2.928
6213,2.444,2.928
6214,2.708,2.928
6215,2.923,2.923
6216,2.986,2.923
6217,2.913,2.923
6218,2.786,2.923
6219,2.678,2.923
6220,2.600,2.918
6221,2.537,2.923
6222,2.502,2.918
6223,2.502,2.918
6224,2.522,2.918
6225,2.527,2.918
6226,2.507,2.913
6227,2.463,2.918
6228,2.419,2.913
6229,2.390,2.913
6230,2.356,2.913
6231,2.341,2.913
6232,2.326,2.913
6233,2.322,2.913
6234,2.312,2.908
6235,2.302,2.913
6236,2.297,2.908
6237,2.375,2.908
6238,2.586,2.908
6239,2.820,2.908
6240,2.957,2.908
6241,2.952,2.908
6242,2.884,2.908
6243,2.810,2.908
6244,2.737,2.908
6245,2.659,2.908
6246,2.586,2.908
6247,2.537,2.908
6248,2.517,2.908
6249,2.527,2.908
6250,2.537,2.903
6251,2.527,2.903
6252,2.502,2.903
6253,2.468,2.908
6254,2.434,2.903
6255,2.405,2.903
6256,2.375,2.903
6257,2.346,2.903
6258,2.322,2.903
6259,2.307,2.903
6260,2.287,2.898
6261,2.273,2.903
6262,2.243,2.898
6263,2.258,2.898
6264,2.405,2.898
6265,2.634,2.898
6266,2.805,2.893
6267,2.840,2.898
6268,2.766,2.893
6269,2.649,2.898
6270,2.551,2.893
6271,2.488,2.898
6272,2.439,2.898
6273,2.400,2.898
6274,2.395,2.898
6275,2.405,2.898
6276,2.419,2.898
6277,2.400,2.898
6278,2.366,2.898
6279,2.322,2.898
6280,2.283,2.898
6281,2.268,2.903
6282,2.253,2.898
6283,2.239,2.903
6284,2.224,2.898
6285,2.204,2.903
6286,2.185,2.903
6287,2.175,2.903
6288,2.170,2.903
6289,2.175,2.903
6290,2.170,2.903
6291,2.185,2.903
6292,2.278,2.903
6293,2.458,2.903
6294,2.615,2.903
6295,2.669,2.903
6296,2.620,2.903
6297,2.542,2.903
6298,2.458,2.903
6299,2.400,2.903
6300,2.346,2.903
6301,2.312,2.903
6302,2.302,2.903
6303,2.322,2.903
6304,2.331,2.903
6305,2.326,2.903
6306,2.302,2.903
6307,2.283,2.903
6308,2.263,2.903
6309,2.258,2.903
6310,2.253,2.903
6311,2.243,2.903
6312,2.229,2.903
6313,2.219,2.903
6314,2.214,2.903
6315,2.214,2.903
6316,2.209,2.903
6317,2.199,2.903
6318,2.219,2.903
6319,2.307,2.903
6320,2.434,2.903
6321,2.542,2.903
6322,2.576,2.903
6323,2.546,2.903
6324,2.488,2.903
6325,2.439,2.903
6326,2.400,2.903
6327,2.370,2.903
6328,2.361,2.903
6329,2.361,2.903
6330,2.370,2.908
6331,2.375,2.903
6332,2.366,2.908
6333,2.346,2.903
6334,2.326,2.908
6335,2.312,2.903
6336,2.297,2.908
6337,2.287,2.903
6338,2.283,2.908
6339,2.273,2.903
6340,2.273,2.908
6341,2.268,2.908
6342,2.278,2.908
6343,2.356,2.908
6344,2.468,2.908
6345,2.561,2.908
6346,2.595,2.908
6347,2.561,2.908
6348,2.517,2.908
6349,2.468,2.908
6350,2.439,2.908
6351,2.410,2.908
6352,2.390,2.908
6353,2.385,2.908
6354,2.395,2.908
6355,2.410,2.908
6356,2.400,2.908
6357,2.385,2.913
6358,2.366,2.908
6359,2.346,2.908
6360,2.341,2.913
6361,2.331,2.908
6362,2.326,2.913
6363,2.322,2.908
6364,2.312,2.913
6365,2.307,2.908
6366,2.302,2.913
6367,2.302,2.908
6368,2.336,2.913
6369,2.444,2.913
6370,2.566,2.913
6371,2.639,2.913
6372,2.639,2.913
6373,2.590,2.913
6374,2.542,2.913
6375,2.507,2.913
6376,2.473,2.913
6377,2.458,2.913
6378,2.458,2.913
6379,2.468,2.913
6380,2.478,2.913
6381,2.473,2.913
6382,2.458,2.913
6383,2.434,2.913
6384,2.405,2.913
6385,2.400,2.918
6386,2.390,2.913
6387,2.385,2.918
6388,2.380,2.913
6389,2.370,2.918
6390,2.361,2.913
6391,2.351,2.918
6392,2.346,2.918
6393,2.346,2.918
6394,2.400,2.918
6395,2.537,2.918
6396,2.674,2.918
6397,2.761,2.918
6398,2.757,2.918
6399,2.703,2.918
6400,2.639,2.918
6401,2.590,2.918
6402,2.561,2.918
6403,2.532,2.918
6404,2.527,2.918
6405,2.532,2.918
6406,2.542,2.918
6407,2.532,2.918
6408,2.502,2.918
6409,2.473,2.918
6410,2.458,2.918
6411,2.434,2.918
6412,2.414,2.918
6413,2.410,2.918
6414,2.405,2.918
6415,2.400,2.923
6416,2.390,2.918
6417,2.380,2.923
6418,2.380,2.918
6419,2.454,2.923
6420,2.620,2.918
6421,2.781,2.923
6422,2.869,2.923
6423,2.845,2.923
6424,2.771,2.918
6425,2.688,2.923
6426,2.634,2.923
6427,2.586,2.923
6428,2.571,2.923
6429,2.571,2.923
6430,2.595,2.923
6431,2.600,2.923
6432,2.590,2.923
6433,2.566,2.923
6434,2.542,2.923
6435,2.507,2.923
6436,2.483,2.923
6437,2.468,2.923
6438,2.458,2.923
6439,2.449,2.923
6440,2.429,2.923
6441,2.410,2.923
6442,2.424,2.923
6443,2.556,2.923
6444,2.791,2.923
6445,2.937,2.923
6446,2.977,2.923
6447,2.913,2.923
6448,2.815,2.923
6449,2.742,2.928
6450,2.678,2.923
6451,2.630,2.923
6452,2.620,2.923
6453,2.630,2.928
6454,2.639,2.923
6455,2.639,2.928
6456,2.605,2.923
6457,2.566,2.928
6458,2.522,2.923
6459,2.498,2.928
6460,2.483,2.928
6461,2.468,2.928
6462,2.449,2.928
6463,2.434,2.928
6464,2.424,2.928
6465,2.410,2.928
6466,2.390,2.928
6467,2.405,2.923
6468,2.546,2.928
6469,2.791,2.923
6470,2.991,2.928
6471,3.050,2.928
6472,2.986,2.928
6473,2.889,2.928
6474,2.815,2.928
6475,2.761,2.928
6476,2.713,2.928
6477,2.683,2.928
6478,2.678,2.928
6479,2.678,2.928
6480,2.678,2.928
6481,2.644,2.928
6482,2.595,2.928
6483,2.556,2.928
6484,2.527,2.928
6485,2.498,2.928
6486,2.483,2.928
6487,2.463,2.928
6488,2.449,2.928
6489,2.424,2.928
6490,2.410,2.928
6491,2.385,2.928
6492,2.375,2.928
6493,2.434,2.928
6494,2.630,2.928
6495,2.879,2.928
6496,3.030,2.928
6497,3.030,2.933
6498,2.952,2.928
6499,2.859,2.928
6500,2.781,2.928
6501,2.713,2.928
6502,2.669,2.933
6503,2.654,2.928
6504,2.654,2.933
6505,2.649,2.933
6506,2.620,2.933
6507,2.576,2.933
6508,2.542,2.933
6509,2.512,2.933
6510,2.493,2.933
6511,2.473,2.933
6512,2.458,2.933
6513,2.449,2.933
6514,2.434,2.933
6515,2.414,2.937
6516,2.400,2.933
6517,2.454,2.937
6518,2.644,2.933
6519,2.869,2.937
6520,2.996,2.937
6521,2.986,2.937
6522,2.898,2.937
6523,2.796,2.937
6524,2.698,2.937
6525,2.615,2.937
6526,2.561,2.937
6527,2.561,2.937
6528,2.581,2.937
6529,2.595,2.937
6530,2.581,2.937
6531,2.542,2.937
6532,2.424,2.937
6533,2.405,2.937
6534,2.385,2.937
6535,2.370,2.937
6536,2.356,2.937
6537,2.346,2.937
6538,2.336,2.937
6539,2.326,2.937
6540,2.351,2.937
6541,2.493,2.937
6542,2.742,2.937
6543,2.947,2.937
6544,3.006,2.937
6545,2.942,2.937
6546,2.830,2.937
6547,2.717,2.937
6548,2.634,2.937
6549,2.576,2.937
6550,2.537,2.937
6551,2.537,2.937
6552,2.556,2.937
6553,2.571,2.933
6554,2.556,2.937
6555,2.517,2.933
6556,2.483,2.937
6557,2.454,2.933
6558,2.434,2.933
6559,2.419,2.937
6560,2.410,2.933
6561,2.395,2.937
6562,2.385,2.933
6563,2.375,2.937
6564,2.366,2.933
6565,2.356,2.937
6566,2.341,2.933
6567,2.326,2.933
6568,2.385,2.933
6569,2.576,2.933
6570,2.805,2.933
6571,2.947,2.933
6572,2.947,2.933
6573,2.849,2.933
6574,2.737,2.933
6575,2.649,2.933
6576,2.586,2.933
6577,2.537,2.933
6578,2.517,2.933
6579,2.522,2.933
6580,2.532,2.937
6581,2.532,2.933
6582,2.517,2.937
6583,2.493,2.937
6584,2.454,2.937
6585,2.424,2.933
6586,2.400,2.937
6587,2.390,2.937
6588,2.375,2.937
6589,2.361,2.937
6590,2.341,2.937
6591,2.341,2.937
6592,2.414,2.937
6593,2.610,2.937
6594,2.830,2.937
6595,2.942,2.937
6596,2.918,2.937
6597,2.820,2.937
6598,2.717,2.937
6599,2.630,2.937
6600,2.551,2.937
6601,2.498,2.937
6602,2.498,2.937
6603,2.522,2.937
6604,2.537,2.937
6605,2.522,2.937
6606,2.483,2.937
6607,2.434,2.937
6608,2.400,2.937
6609,2.375,2.937
6610,2.366,2.937
6611,2.361,2.937
6612,2.336,2.937
6613,2.322,2.937
6614,2.341,2.937
6615,2.527,2.937
6616,2.766,2.942
6617,2.937,2.937
6618,2.962,2.942
6619,2.874,2.937
6620,2.752,2.942
6621,2.659,2.937
6622,2.581,2.942
6623,2.517,2.937
6624,2.478,2.942
6625,2.473,2.942
6626,2.507,2.942
6627,2.537,2.942
6628,2.537,2.942
6629,2.507,2.942
6630,2.458,2.942
6631,2.410,2.942
6632,2.375,2.942
6633,2.361,2.942
6634,2.346,2.942
6635,2.341,2.942
6636,2.322,2.942
6637,2.307,2.942
6638,2.385,2.942
6639,2.600,2.942
6640,2.835,2.942
6641,2.957,2.942
6642,2.933,2.942
6643,2.805,2.942
6644,2.683,2.942
6645,2.605,2.942
6646,2.556,2.942
6647,2.512,2.942
6648,2.502,2.942
6649,2.512,2.942
6650,2.517,2.942
6651,2.498,2.942
6652,2.463,2.942
6653,2.429,2.942
6654,2.400,2.942
6655,2.370,2.942
6656,2.346,2.942
6657,2.322,2.942
6658,2.307,2.942
6659,2.302,2.942
6660,2.292,2.942
6661,2.361,2.942
6662,2.566,2.942
6663,2.791,2.942
6664,2.903,2.942
6665,2.879,2.942
6666,2.771,2.942
6667,2.664,2.942
6668,2.576,2.942
6669,2.507,2.942
6670,2.463,2.942
6671,2.473,2.947
6672,2.493,2.942
6673,2.498,2.947
6674,2.478,2.942
6675,2.449,2.947
6676,2.414,2.942
6677,2.375,2.947
6678,2.351,2.942
6679,2.331,2.947
6680,2.326,2.942
6681,2.312,2.947
6682,2.297,2.942
6683,2.287,2.947
6684,2.375,2.942
6685,2.586,2.947
6686,2.815,2.942
6687,2.928,2.947
6688,2.889,2.942
6689,2.781,2.947
6690,2.669,2.942
6691,2.586,2.942
6692,2.522,2.942
6693,2.478,2.947
6694,2.473,2.947
6695,2.478,2.942
6696,2.488,2.947
6697,2.473,2.942
6698,2.439,2.947
6699,2.395,2.942
6700,2.356,2.947
6701,2.331,2.942
6702,2.322,2.947
6703,2.307,2.947
6704,2.297,2.947
6705,2.283,2.947
6706,2.278,2.947
6707,2.273,2.947
6708,2.258,2.947
6709,2.258,2.947
6710,2.346,2.947
6711,2.581,2.947
6712,2.815,2.942
6713,2.928,2.947
6714,2.893,2.947
6715,2.786,2.947
6716,2.669,2.942
6717,2.590,2.947
6718,2.532,2.947
6719,2.478,2.947
6720,2.454,2.947
6721,2.449,2.947
6722,2.449,2.947
6723,2.444,2.947
6724,2.414,2.947
6725,2.375,2.947
6726,2.346,2.947
6727,2.326,2.947
6728,2.312,2.947
6729,2.302,2.947
6730,2.287,2.947
6731,2.273,2.947
6732,2.253,2.947
6733,2.248,2.947
6734,2.312,2.947
6735,2.488,2.947
6736,2.693,2.947
6737,2.805,2.947
6738,2.791,2.952
6739,2.703,2.947
6740,2.605,2.952
6741,2.527,2.947
6742,2.463,2.952
6743,2.424,2.952
6744,2.410,2.952
6745,2.419,2.952
6746,2.434,2.952
6747,2.439,2.952
6748,2.419,2.952
6749,2.390,2.952
6750,2.356,2.952
6751,2.317,2.952
6752,2.302,2.952
6753,2.297,2.952
6754,2.287,2.952
6755,2.278,2.952
6756,2.273,2.952
6757,2.351,2.952
6758,2.542,2.952
6759,2.727,2.952
6760,2.801,2.952
6761,2.781,2.952
6762,2.698,2.952
6763,2.615,2.952
6764,2.546,2.952
6765,2.483,2.952
6766,2.444,2.952
6767,2.439,2.952
6768,2.439,2.957
6769,2.444,2.952
6770,2.434,2.952
6771,2.405,2.952
6772,2.375,2.952
6773,2.351,2.952
6774,2.326,2.952
6775,2.307,2.952
6776,2.292,2.952
6777,2.287,2.957
6778,2.273,2.952
6779,2.273,2.957
6780,2.263,2.952
6781,2.268,2.957
6782,2.366,2.952
6783,2.566,2.957
6784,2.776,2.957
6785,2.830,2.957
6786,2.771,2.957
6787,2.683,2.957
6788,2.605,2.957
6789,2.551,2.957
6790,2.498,2.957
6791,2.458,2.957
6792,2.444,2.957
6793,2.449,2.957
6794,2.449,2.957
6795,2.424,2.957
6796,2.400,2.957
6797,2.375,2.957
6798,2.356,2.957
6799,2.331,2.957
6800,2.322,2.957
6801,2.307,2.957
6802,2.302,2.957
6803,2.292,2.957
6804,2.287,2.957
6805,2.278,2.957
6806,2.278,2.957
6807,2.366,2.962
6808,2.551,2.957
6809,2.727,2.962
6810,2.805,2.957
6811,2.776,2.962
6812,2.688,2.957
6813,2.600,2.962
6814,2.532,2.957
6815,2.483,2.957
6816,2.444,2.962
6817,2.444,2.957
6818,2.449,2.962
6819,2.449,2.957
6820,2.444,2.962
6821,2.419,2.957
6822,2.400,2.962
6823,2.375,2.962
6824,2.356,2.962
6825,2.336,2.962
6826,2.322,2.962
6827,2.307,2.962
6828,2.297,2.962
6829,2.297,2.962
6830,2.287,2.962
6831,2.312,2.962
6832,2.439,2.962
6833,2.620,2.962
6834,2.747,2.962
6835,2.757,2.962
6836,2.698,2.962
6837,2.620,2.962
6838,2.556,2.962
6839,2.502,2.962
6840,2.468,2.962
6841,2.458,2.962
6842,2.478,2.962
6843,2.493,2.962
6844,2.493,2.962
6845,2.473,2.962
6846,2.449,2.962
6847,2.414,2.962
6848,2.390,2.962
6849,2.375,2.962
6850,2.366,2.967
6851,2.356,2.962
6852,2.341,2.967
6853,2.380,2.962
6854,2.517,2.967
6855,2.703,2.962
6856,2.815,2.967
6857,2.825,2.962
6858,2.757,2.967
6859,2.683,2.962
6860,2.625,2.967
6861,2.566,2.962
6862,2.532,2.967
6863,2.512,2.967
6864,2.517,2.967
6865,2.522,2.967
6866,2.507,2.967
6867,2.483,2.967
6868,2.454,2.967
6869,2.424,2.967
6870,2.405,2.967
6871,2.380,2.967
6872,2.370,2.967
6873,2.356,2.967
6874,2.336,2.967
6875,2.351,2.967
6876,2.478,2.967
6877,2.693,2.967
6878,2.869,2.967
6879,2.933,2.967
6880,2.898,2.967
6881,2.825,2.967
6882,2.757,2.967
6883,2.698,2.967
6884,2.634,2.967
6885,2.581,2.967
6886,2.566,2.967
6887,2.566,2.967
6888,2.571,2.967
6889,2.561,2.967
6890,2.532,2.967
6891,2.498,2.972
6892,2.468,2.967
6893,2.439,2.972
6894,2.424,2.967
6895,2.414,2.972
6896,2.400,2.967
6897,2.380,2.972
6898,2.370,2.967
6899,2.512,2.967
6900,2.757,2.972
6901,2.957,2.967
6902,3.030,2.972
6903,2.977,2.967
6904,2.879,2.972
6905,2.791,2.967
6906,2.727,2.972
6907,2.659,2.967
6908,2.600,2.972
6909,2.581,2.972
6910,2.595,2.972
6911,2.600,2.972
6912,2.581,2.972
6913,2.542,2.972
6914,2.498,2.972
6915,2.458,2.972
6916,2.434,2.972
6917,2.424,2.972
6918,2.424,2.972
6919,2.405,2.972
6920,2.380,2.972
6921,2.361,2.972
6922,2.410,2.972
6923,2.610,2.972
6924,2.869,2.972
6925,3.030,2.972
6926,3.030,2.972
6927,2.942,2.972
6928,2.849,2.972
6929,2.766,2.972
6930,2.688,2.972
6931,2.615,2.972
6932,2.576,2.972
6933,2.576,2.972
6934,2.581,2.972
6935,2.576,2.972
6936,2.551,2.972
6937,2.512,2.972
6938,2.468,2.972
6939,2.429,2.972
6940,2.405,2.972
6941,2.395,2.972
6942,2.385,2.972
6943,2.375,2.972
6944,2.366,2.972
6945,2.458,2.972
6946,2.678,2.972
6947,2.879,2.977
6948,2.947,2.972
6949,2.898,2.977
6950,2.801,2.972
6951,2.713,2.977
6952,2.639,2.972
6953,2.566,2.977
6954,2.527,2.972
6955,2.522,2.977
6956,2.522,2.977
6957,2.502,2.972
6958,2.473,2.972
6959,2.449,2.972
6960,2.434,2.972
6961,2.424,2.972
6962,2.410,2.972
6963,2.405,2.972
6964,2.390,2.972
6965,2.390,2.972
6966,2.454,2.972
6967,2.639,2.972
6968,2.854,2.972
6969,2.952,2.972
6970,2.918,2.977
6971,2.820,2.972
6972,2.727,2.977
6973,2.644,2.972
6974,2.566,2.977
6975,2.527,2.977
6976,2.522,2.977
6977,2.556,2.981
6978,2.581,2.981
6979,2.576,2.986
6980,2.551,2.986
6981,2.517,2.991
6982,2.468,2.991
6983,2.439,2.991
6984,2.410,2.991
6985,2.400,2.996
6986,2.463,2.996
6987,2.659,3.001
6988,2.854,3.001
6989,2.952,3.001
6990,2.913,3.001
6991,2.815,3.001
6992,2.717,3.001
6993,2.620,3.001
6994,2.532,3.001
6995,2.493,3.001
6996,2.517,3.001
6997,2.532,3.001
6998,2.527,3.001
6999,2.498,3.001
7000,2.458,3.006
7001,2.424,3.001
7002,2.395,3.001
7003,2.370,2.996
7004,2.366,3.001
7005,2.366,2.996
7006,2.356,3.001
7007,2.336,3.001
7008,2.331,3.006
7009,2.458,3.006
7010,2.727,3.011
7011,2.962,3.011
7012,3.055,3.011
7013,2.981,3.016
7014,2.874,3.011
7015,2.786,3.011
7016,2.717,3.006
7017,2.634,3.006
7018,2.576,3.001
7019,2.556,3.001
7020,2.566,2.996
7021,2.576,2.996
7022,2.551,2.996
7023,2.507,2.996
7024,2.454,2.996
7025,2.410,2.996
7026,2.380,2.996
7027,2.356,2.996
7028,2.341,2.996
7029,2.326,2.996
7030,2.322,3.001
7031,2.312,3.001
7032,2.317,3.001
7033,2.424,3.001
7034,2.674,3.001
7035,2.952,3.006
7036,3.016,3.001
7037,2.952,3.006
7038,2.845,3.001
7039,2.761,3.001
7040,2.698,2.996
7041,2.615,2.996
7042,2.542,2.996
7043,2.498,2.996
7044,2.488,2.991
7045,2.488,2.991
7046,2.473,2.991
7047,2.439,2.991
7048,2.405,2.991
7049,2.361,2.991
7050,2.322,2.991
7051,2.307,2.991
7052,2.287,2.991
7053,2.287,2.991
7054,2.292,2.991
7055,2.283,2.991
7056,2.258,2.991
7057,2.248,2.991
7058,2.341,2.991
7059,2.576,2.986
7060,2.835,2.991
7061,2.952,2.986
7062,2.918,2.991
7063,2.825,2.986
7064,2.727,2.986
7065,2.669,2.986
7066,2.605,2.986
7067,2.537,2.981
7068,2.488,2.981
7069,2.478,2.981
7070,2.478,2.981
7071,2.463,2.986
7072,2.444,2.981
7073,2.419,2.981
7074,2.395,2.981
7075,2.366,2.981
7076,2.331,2.981
7077,2.292,2.981
7078,2.268,2.981
7079,2.253,2.981
7080,2.248,2.981
7081,2.239,2.981
7082,2.229,2.981
7083,2.219,2.981
7084,2.273,2.981
7085,2.463,2.981
7086,2.688,2.981
7087,2.815,2.981
7088,2.805,2.981
7089,2.713,2.981
7090,2.625,2.981
7091,2.566,2.981
7092,2.512,2.981
7093,2.463,2.981
7094,2.434,2.981
7095,2.419,2.981
7096,2.424,2.981
7097,2.429,2.977
7098,2.414,2.977
7099,2.385,2.981
7100,2.351,2.977
7101,2.326,2.981
7102,2.297,2.977
7103,2.278,2.981
7104,2.268,2.977
7105,2.263,2.977
7106,2.248,2.977
7107,2.243,2.977
7108,2.312,2.977
7109,2.493,2.977
7110,2.698,2.977
7111,2.801,2.977
7112,2.786,2.977
7113,2.703,2.977
7114,2.610,2.977
7115,2.537,2.977
7116,2.463,2.977
7117,2.419,2.977
7118,2.405,2.977
7119,2.410,2.977
7120,2.414,2.977
7121,2.405,2.977
7122,2.380,2.977
7123,2.356,2.972
7124,2.326,2.977
7125,2.312,2.972
7126,2.297,2.977
7127,2.283,2.972
7128,2.273,2.972
7129,2.263,2.972
7130,2.258,2.972
7131,2.317,2.972
7132,2.493,2.972
7133,2.688,2.972
7134,2.786,2.972
7135,2.771,2.972
7136,2.693,2.972
7137,2.610,2.972
7138,2.537,2.967
7139,2.478,2.972
7140,2.434,2.967
7141,2.419,2.972
7142,2.419,2.967
7143,2.429,2.972
7144,2.429,2.967
7145,2.410,2.972
7146,2.380,2.972
7147,2.346,2.972
7148,2.317,2.972
7149,2.297,2.972
7150,2.283,2.972
7151,2.268,2.972
7152,2.258,2.972
7153,2.253,2.967
7154,2.253,2.972
7155,2.243,2.967
7156,2.292,2.972
7157,2.449,2.972
7158,2.644,2.972
7159,2.771,2.972
7160,2.771,2.972
7161,2.683,2.972
7162,2.605,2.972
7163,2.546,2.972
7164,2.498,2.972
7165,2.458,2.972
7166,2.429,2.972
7167,2.419,2.972
7168,2.424,2.972
7169,2.419,2.972
7170,2.410,2.972
7171,2.390,2.972
7172,2.356,2.977
7173,2.331,2.972
7174,2.307,2.977
7175,2.292,2.972
7176,2.283,2.977
7177,2.278,2.972
7178,2.273,2.977
7179,2.263,2.972
7180,2.253,2.977
7181,2.253,2.972
7182,2.312,2.977
7183,2.468,2.972
7184,2.639,2.977
7185,2.752,2.972
7186,2.752,2.977
7187,2.683,2.972
7188,2.605,2.977
7189,2.546,2.972
7190,2.493,2.977
7191,2.454,2.977
7192,2.439,2.977
7193,2.449,2.977
7194,2.458,2.977
7195,2.449,2.977
7196,2.434,2.977
7197,2.405,2.977
7198,2.380,2.977
7199,2.361,2.977
7200,2.346,2.977
7201,2.341,2.977
7202,2.326,2.972
7203,2.312,2.977
7204,2.302,2.972
7205,2.307,2.977
7206,2.390,2.972
7207,2.576,2.977
7208,2.752,2.972
7209,2.820,2.977
7210,2.786,2.972
7211,2.708,2.972
7212,2.625,2.972
7213,2.576,2.972
7214,2.522,2.972
7215,2.483,2.972
7216,2.473,2.972
7217,2.478,2.972
7218,2.483,2.972
7219,2.473,2.972
7220,2.449,2.972
7221,2.419,2.972
7222,2.400,2.972
7223,2.370,2.972
7224,2.351,2.972
7225,2.336,2.972
7226,2.331,2.972
7227,2.331,2.972
7228,2.322,2.972
7229,2.317,2.972
7230,2.331,2.972
7231,2.454,2.972
7232,2.669,2.972
7233,2.835,2.972
7234,2.879,2.972
7235,2.815,2.972
7236,2.727,2.967
7237,2.644,2.972
7238,2.586,2.967
7239,2.542,2.972
7240,2.507,2.967
7241,2.502,2.972
7242,2.502,2.967
7243,2.507,2.972
7244,2.493,2.972
7245,2.473,2.972
7246,2.444,2.972
7247,2.410,2.972
7248,2.385,2.972
7249,2.375,2.972
7250,2.366,2.972
7251,2.361,2.967
7252,2.346,2.972
7253,2.336,2.967
7254,2.341,2.972
7255,2.458,2.967
7256,2.674,2.972
7257,2.859,2.967
7258,2.918,2.972
7259,2.869,2.967
7260,2.776,2.972
7261,2.688,2.967
7262,2.620,2.972
7263,2.561,2.967
7264,2.517,2.972
7265,2.507,2.972
7266,2.517,2.972
7267,2.522,2.972
7268,2.507,2.972
7269,2.478,2.972
7270,2.449,2.967
7271,2.419,2.972
7272,2.385,2.972
7273,2.370,2.972
7274,2.356,2.972
7275,2.346,2.972
7276,2.336,2.972
7277,2.341,2.972
7278,2.419,2.972
7279,2.615,2.967
7280,2.820,2.972
7281,2.913,2.967
7282,2.884,2.972
7283,2.786,2.967
7284,2.693,2.967
7285,2.620,2.967
7286,2.561,2.967
7287,2.517,2.967
7288,2.522,2.967
7289,2.542,2.967
7290,2.546,2.967
7291,2.537,2.967
7292,2.502,2.967
7293,2.468,2.967
7294,2.444,2.967
7295,2.424,2.967
7296,2.410,2.967
7297,2.395,2.967
7298,2.380,2.967
7299,2.395,2.967
7300,2.512,2.967
7301,2.737,2.967
7302,2.923,2.967
7303,2.981,2.967
7304,2.928,2.972
7305,2.825,2.967
7306,2.727,2.967
7307,2.639,2.967
7308,2.571,2.967
7309,2.537,2.967
7310,2.542,2.967
7311,2.561,2.967
7312,2.576,2.967
7313,2.551,2.967
7314,2.512,2.967
7315,2.473,2.967
7316,2.439,2.967
7317,2.419,2.967
7318,2.400,2.967
7319,2.390,2.967
7320,2.385,2.967
7321,2.366,2.967
7322,2.346,2.967
7323,2.385,2.967
7324,2.561,2.967
7325,2.820,2.967
7326,3.021,2.967
7327,3.030,2.967
7328,2.942,2.967
7329,2.845,2.967
7330,2.761,2.967
7331,2.698,2.967
7332,2.639,2.967
7333,2.600,2.967
7334,2.595,2.967
7335,2.605,2.967
7336,2.605,2.967
7337,2.581,2.967
7338,2.532,2.967
7339,2.488,2.967
7340,2.449,2.967
7341,2.419,2.967
7342,2.405,2.967
7343,2.390,2.967
7344,2.375,2.967
7345,2.361,2.967
7346,2.419,2.967
7347,2.620,2.967
7348,2.869,2.967
7349,3.011,2.967
7350,3.006,2.967
7351,2.923,2.967
7352,2.825,2.967
7353,2.742,2.967
7354,2.674,2.967
7355,2.605,2.972
7356,2.566,2.967
7357,2.571,2.972
7358,2.586,2.967
7359,2.576,2.972
7360,2.551,2.967
7361,2.512,2.972
7362,2.473,2.972
7363,2.439,2.972
7364,2.414,2.972
7365,2.405,2.972
7366,2.390,2.972
7367,2.375,2.972
7368,2.405,2.972
7369,2.566,2.972
7370,2.820,2.972
7371,3.011,2.972
7372,3.050,2.972
7373,2.972,2.972
7374,2.854,2.972
7375,2.747,2.972
7376,2.659,2.972
7377,2.590,2.972
7378,2.571,2.972
7379,2.576,2.972
7380,2.581,2.972
7381,2.571,2.972
7382,2.537,2.972
7383,2.493,2.972
7384,2.449,2.972
7385,2.419,2.972
7386,2.400,2.972
7387,2.375,2.972
7388,2.370,2.972
7389,2.361,2.972
7390,2.341,2.972
7391,2.331,2.972
7392,2.331,2.972
7393,2.444,2.972
7394,2.713,2.972
7395,2.972,2.972
7396,3.079,2.972
7397,3.040,2.972
7398,2.918,2.972
7399,2.815,2.972
7400,2.742,2.972
7401,2.674,2.972
7402,2.615,2.972
7403,2.581,2.972
7404,2.576,2.972
7405,2.586,2.972
7406,2.571,2.977
7407,2.546,2.972
7408,2.502,2.977
7409,2.458,2.972
7410,2.414,2.977
7411,2.375,2.972
7412,2.356,2.977
7413,2.322,2.972
7414,2.336,2.977
7415,2.502,2.972
7416,2.781,2.977
7417,2.991,2.977
7418,3.040,2.977
7419,2.962,2.977
7420,2.854,2.977
7421,2.761,2.977
7422,2.688,2.977
7423,2.605,2.977
7424,2.551,2.977
7425,2.537,2.977
7426,2.542,2.977
7427,2.546,2.977
7428,2.527,2.977
7429,2.488,2.977
7430,2.439,2.977
7431,2.395,2.977
7432,2.361,2.977
7433,2.326,2.977
7434,2.307,2.977
7435,2.292,2.977
7436,2.287,2.977
7437,2.278,2.977
7438,2.273,2.977
7439,2.258,2.977
7440,2.263,2.977
7441,2.336,2.977
7442,2.566,2.977
7443,2.840,2.977
7444,2.996,2.977
7445,2.996,2.977
7446,2.893,2.977
7447,2.771,2.977
7448,2.688,2.977
7449,2.620,2.977
7450,2.556,2.977
7451,2.522,2.977
7452,2.507,2.977
7453,2.512,2.977
7454,2.502,2.977
7455,2.478,2.977
7456,2.434,2.981
7457,2.395,2.977
7458,2.356,2.981
7459,2.322,2.977
7460,2.302,2.981
7461,2.287,2.977
7462,2.283,2.981
7463,2.278,2.977
7464,2.268,2.981
7465,2.258,2.977
7466,2.248,2.981
7467,2.326,2.977
7468,2.595,2.981
7469,2.835,2.981
7470,2.928,2.981
7471,2.879,2.981
7472,2.761,2.977
7473,2.649,2.981
7474,2.571,2.977
7475,2.498,2.981
7476,2.458,2.981
7477,2.458,2.981
7478,2.483,2.981
7479,2.502,2.981
7480,2.493,2.981
7481,2.468,2.981
7482,2.424,2.981
7483,2.380,2.981
7484,2.346,2.981
7485,2.322,2.981
7486,2.302,2.981
7487,2.292,2.981
7488,2.283,2.981
7489,2.263,2.981
7490,2.268,2.981
7491,2.385,2.981
7492,2.625,2.981
7493,2.830,2.981
7494,2.898,2.981
7495,2.840,2.981
7496,2.717,2.981
7497,2.625,2.981
7498,2.542,2.981
7499,2.463,2.981
7500,2.424,2.981
7501,2.419,2.981
7502,2.439,2.981
7503,2.439,2.981
7504,2.419,2.981
7505,2.395,2.981
7506,2.361,2.981
7507,2.331,2.986
7508,2.307,2.981
7509,2.278,2.986
7510,2.263,2.981
7511,2.248,2.986
7512,2.243,2.981
7513,2.234,2.986
7514,2.229,2.981
7515,2.214,2.986
7516,2.204,2.981
7517,2.268,2.986
7518,2.468,2.981
7519,2.708,2.986
7520,2.845,2.986
7521,2.835,2.986
7522,2.747,2.986
7523,2.644,2.986
7524,2.581,2.986
7525,2.517,2.981
7526,2.473,2.986
7527,2.444,2.986
7528,2.439,2.986
7529,2.439,2.986
7530,2.429,2.986
7531,2.405,2.986
7532,2.361,2.986
7533,2.322,2.986
7534,2.287,2.986
7535,2.268,2.986
7536,2.258,2.986
7537,2.253,2.986
7538,2.258,2.986
7539,2.248,2.986
7540,2.243,2.986
7541,2.229,2.986
7542,2.229,2.986
7543,2.302,2.986
7544,2.483,2.986
7545,2.669,2.986
7546,2.752,2.986
7547,2.732,2.986
7548,2.639,2.986
7549,2.556,2.986
7550,2.502,2.986
7551,2.458,2.986
7552,2.424,2.986
7553,2.414,2.986
7554,2.414,2.986
7555,2.414,2.986
7556,2.410,2.986
7557,2.390,2.986
7558,2.370,2.986
7559,2.341,2.991
7560,2.317,2.986
7561,2.297,2.991
7562,2.283,2.986
7563,2.278,2.991
7564,2.268,2.986
7565,2.258,2.991
7566,2.263,2.986
7567,2.351,2.986
7568,2.517,2.991
7569,2.649,2.986
7570,2.683,2.991
7571,2.639,2.986
7572,2.571,2.991
7573,2.498,2.991
7574,2.439,2.991
7575,2.400,2.991
7576,2.395,2.991
7577,2.410,2.991
7578,2.419,2.991
7579,2.419,2.991
7580,2.410,2.991
7581,2.380,2.991
7582,2.346,2.991
7583,2.326,2.991
7584,2.312,2.991
7585,2.302,2.991
7586,2.292,2.991
7587,2.283,2.991
7588,2.273,2.991
7589,2.322,2.991
7590,2.463,2.991
7591,2.625,2.991
7592,2.722,2.991
7593,2.727,2.991
7594,2.669,2.991
7595,2.600,2.991
7596,2.551,2.991
7597,2.502,2.991
7598,2.463,2.991
7599,2.449,2.991
7600,2.458,2.991
7601,2.468,2.991
7602,2.468,2.991
7603,2.449,2.991
7604,2.424,2.991
7605,2.390,2.991
7606,2.380,2.991
7607,2.361,2.991
7608,2.346,2.991
7609,2.341,2.991
7610,2.331,2.991
7611,2.322,2.991
7612,2.317,2.991
7613,2.307,2.991
7614,2.297,2.991
7615,2.322,2.991
7616,2.463,2.991
7617,2.649,2.991
7618,2.766,2.991
7619,2.776,2.991
7620,2.722,2.991
7621,2.664,2.991
7622,2.630,2.991
7623,2.605,2.991
7624,2.566,2.996
7625,2.532,2.991
7626,2.512,2.996
7627,2.517,2.991
7628,2.517,2.996
7629,2.502,2.991
7630,2.483,2.996
7631,2.449,2.991
7632,2.424,2.996
7633,2.390,2.991
7634,2.370,2.996
7635,2.361,2.996
7636,2.356,2.996
7637,2.361,2.996
7638,2.356,2.996
7639,2.341,2.996
7640,2.331,2.991
7641,2.351,2.996
7642,2.478,2.996
7643,2.683,2.996
7644,2.825,2.996
7645,2.849,2.996
7646,2.801,2.996
7647,2.727,2.996
7648,2.674,2.996
7649,2.639,2.996
7650,2.595,2.996
7651,2.561,2.996
7652,2.542,2.996
7653,2.551,2.996
7654,2.551,2.996
7655,2.542,2.996
7656,2.512,2.996
7657,2.478,2.996
7658,2.449,2.996
7659,2.419,2.996
7660,2.400,2.996
7661,2.390,2.996
7662,2.380,2.996
7663,2.366,2.996
7664,2.356,2.996
7665,2.361,2.996
7666,2.478,2.996
7667,2.703,2.996
7668,2.854,2.996
7669,2.903,2.996
7670,2.859,2.996
7671,2.781,2.996
7672,2.713,2.996
7673,2.649,2.996
7674,2.590,2.996
7675,2.556,2.996
7676,2.566,2.996
7677,2.590,2.996
7678,2.595,2.996
7679,2.571,2.996
7680,2.537,2.996
7681,2.507,2.996
7682,2.468,2.996
7683,2.439,2.996
7684,2.419,2.996
7685,2.410,2.996
7686,2.400,2.996
7687,2.385,2.996
7688,2.380,2.996
7689,2.434,2.996
7690,2.630,2.996
7691,2.864,2.996
7692,3.006,2.996
7693,3.006,3.001
7694,2.928,2.996
7695,2.840,3.001
7696,2.776,2.996
7697,2.713,2.996
7698,2.649,2.996
7699,2.605,3.001
7700,2.600,2.996
7701,2.605,3.001
7702,2.610,2.996
7703,2.590,3.001
7704,2.561,2.996
7705,2.517,3.001
7706,2.473,2.996
7707,2.444,3.001
7708,2.424,2.996
7709,2.414,3.001
7710,2.410,2.996
7711,2.405,3.001
7712,2.390,3.001
7713,2.375,3.001
7714,2.380,3.001
7715,2.512,3.001
7716,2.776,3.001
7717,3.001,3.001
7718,3.084,3.001
7719,3.030,2.996
7720,2.928,3.001
7721,2.840,3.001
7722,2.771,3.001
7723,2.698,3.001
7724,2.634,3.001
7725,2.625,3.001
7726,2.625,3.001
7727,2.630,3.001
7728,2.620,3.001
7729,2.586,3.001
7730,2.546,3.001
7731,2.502,3.001
7732,2.458,3.001
7733,2.429,3.001
7734,2.405,3.001
7735,2.385,3.001
7736,2.375,3.001
7737,2.370,3.001
7738,2.356,3.001
7739,2.341,3.001
7740,2.346,3.001
7741,2.473,3.001
7742,2.742,3.001
7743,2.977,3.001
7744,3.065,3.001
7745,3.006,3.001
7746,2.893,3.001
7747,2.805,3.001
7748,2.737,3.001
7749,2.669,3.001
7750,2.615,3.001
7751,2.590,3.001
7752,2.600,3.006
7753,2.605,3.001
7754,2.590,3.006
7755,2.556,3.001
7756,2.522,3.001
7757,2.483,3.001
7758,2.454,3.006
7759,2.429,3.001
7760,2.405,3.006
7761,2.380,3.001
7762,2.361,3.006
7763,2.370,3.006
7764,2.512,3.001
7765,2.761,3.006
7766,2.967,3.001
7767,3.021,3.006
7768,2.962,3.001
7769,2.859,3.006
7770,2.766,3.001
7771,2.693,3.006
7772,2.615,3.001
7773,2.571,3.006
7774,2.576,3.001
7775,2.586,3.006
7776,2.581,3.006
7777,2.556,3.006
7778,2.507,3.006
7779,2.463,3.006
7780,2.429,3.006
7781,2.405,3.006
7782,2.385,3.006
7783,2.375,3.006
7784,2.361,3.006
7785,2.346,3.006
7786,2.331,3.006
7787,2.370,3.006
7788,2.581,3.006
7789,2.864,3.006
7790,3.050,3.006
7791,3.035,3.006
7792,2.933,3.006
7793,2.835,3.006
7794,2.757,3.006
7795,2.693,3.006
7796,2.625,3.006
7797,2.586,3.006
7798,2.581,3.006
7799,2.586,3.006
7800,2.581,3.006
7801,2.551,3.006
7802,2.512,3.006
7803,2.468,3.006
7804,2.429,3.006
7805,2.400,3.006
7806,2.375,3.011
7807,2.356,3.006
7808,2.346,3.006
7809,2.326,3.006
7810,2.312,3.006
7811,2.361,3.006
7812,2.551,3.006
7813,2.820,3.006
7814,2.986,3.006
7815,2.996,3.011
7816,2.908,3.006
7817,2.805,3.011
7818,2.732,3.006
7819,2.674,3.011
7820,2.605,3.006
7821,2.556,3.011
7822,2.546,3.006
7823,2.537,3.011
7824,2.527,3.006
7825,2.488,3.011
7826,2.449,3.006
7827,2.419,3.011
7828,2.385,3.006
7829,2.361,3.011
7830,2.331,3.011
7831,2.312,3.011
7832,2.297,3.011
7833,2.283,3.011
7834,2.268,3.011
7835,2.258,3.011
7836,2.248,3.011
7837,2.312,3.011
7838,2.551,3.011
7839,2.805,3.011
7840,2.937,3.011
7841,2.918,3.011
7842,2.820,3.011
7843,2.727,3.011
7844,2.659,3.011
7845,2.590,3.011
7846,2.527,3.011
7847,2.488,3.011
7848,2.483,3.011
7849,2.488,3.011
7850,2.483,3.011
7851,2.458,3.011
7852,2.424,3.011
7853,2.385,3.011
7854,2.346,3.011
7855,2.317,3.011
7856,2.302,3.011
7857,2.297,3.011
7858,2.287,3.011
7859,2.273,3.011
7860,2.263,3.011
7861,2.283,3.011
7862,2.424,3.011
7863,2.669,3.011
7864,2.849,3.011
7865,2.879,3.011
7866,2.791,3.011
7867,2.693,3.011
7868,2.620,3.011
7869,2.551,3.011
7870,2.483,3.016
7871,2.454,3.011
7872,2.454,3.016
7873,2.468,3.011
7874,2.458,3.016
7875,2.434,3.011
7876,2.400,3.016
7877,2.356,3.011
7878,2.326,3.011
7879,2.302,3.016
7880,2.287,3.011
7881,2.283,3.016
7882,2.273,3.011
7883,2.263,3.016
7884,2.253,3.011
7885,2.248,3.016
7886,2.356,3.011
7887,2.581,3.016
7888,2.791,3.011
7889,2.874,3.016
7890,2.825,3.016
7891,2.722,3.016
7892,2.630,3.016
7893,2.576,3.016
7894,2.517,3.016
7895,2.449,3.016
7896,2.419,3.016
7897,2.429,3.016
7898,2.449,3.016
7899,2.454,3.016
7900,2.434,3.016
7901,2.410,3.016
7902,2.375,3.016
7903,2.346,3.016
7904,2.312,3.016
7905,2.287,3.016
7906,2.278,3.016
7907,2.268,3.016
7908,2.258,3.016
7909,2.258,3.016
7910,2.258,3.016
7911,2.239,3.016
7912,2.224,3.016
7913,2.248,3.016
7914,2.395,3.016
7915,2.605,3.016
7916,2.737,3.016
7917,2.708,3.016
7918,2.625,3.016
7919,2.542,3.016
7920,2.488,3.016
7921,2.439,3.016
7922,2.395,3.016
7923,2.370,3.016
7924,2.370,3.016
7925,2.380,3.016
7926,2.380,3.016
7927,2.356,3.016
7928,2.322,3.016
7929,2.287,3.016
7930,2.268,3.016
7931,2.258,3.016
7932,2.243,3.016
7933,2.239,3.016
7934,2.234,3.016
7935,2.234,3.016
7936,2.224,3.016
7937,2.273,3.016
7938,2.410,3.016
7939,2.581,3.016
7940,2.669,3.016
7941,2.654,3.016
7942,2.586,3.016
7943,2.522,3.016
7944,2.463,3.016
7945,2.410,3.016
7946,2.375,3.016
7947,2.366,3.016
7948,2.375,3.016
7949,2.380,3.016
7950,2.375,3.016
7951,2.361,3.016
7952,2.351,3.016
7953,2.322,3.016
7954,2.302,3.016
7955,2.287,3.016
7956,2.278,3.016
7957,2.268,3.016
7958,2.258,3.016
7959,2.263,3.016
7960,2.351,3.016
7961,2.512,3.016
7962,2.654,3.016
7963,2.698,3.021
7964,2.669,3.016
7965,2.600,3.016
7966,2.546,3.016
7967,2.498,3.021
7968,2.444,3.021
7969,2.414,3.021
7970,2.410,3.021
7971,2.419,3.021
7972,2.424,3.021
7973,2.410,3.021
7974,2.380,3.021
7975,2.351,3.021
7976,2.331,3.021
7977,2.317,3.021
7978,2.302,3.021
7979,2.292,3.021
7980,2.278,3.021
7981,2.273,3.021
7982,2.268,3.021
7983,2.258,3.021
7984,2.292,3.021
7985,2.439,3.021
7986,2.615,3.021
7987,2.722,3.021
7988,2.727,3.021
7989,2.678,3.021
7990,2.610,3.021
7991,2.556,3.021
7992,2.512,3.021
7993,2.473,3.021
7994,2.444,3.021
7995,2.449,3.021
7996,2.458,3.021
7997,2.449,3.021
7998,2.434,3.021
7999,2.400,3.021
8000,2.370,3.021
8001,2.351,3.021
8002,2.336,3.021
8003,2.331,3.021
8004,2.331,3.021
8005,2.331,3.021
8006,2.331,3.021
8007,2.317,3.021
8008,2.312,3.021
8009,2.395,3.021
8010,2.566,3.021
8011,2.722,3.021
8012,2.786,3.021
8013,2.747,3.021
8014,2.669,3.021
8015,2.595,3.021
8016,2.561,3.021
8017,2.522,3.021
8018,2.483,3.021
8019,2.478,3.021
8020,2.488,3.021
8021,2.507,3.021
8022,2.502,3.021
8023,2.473,3.021
8024,2.429,3.025
8025,2.410,3.021
8026,2.390,3.025
8027,2.390,3.021
8028,2.380,3.025
8029,2.370,3.021
8030,2.356,3.025
8031,2.390,3.021
8032,2.537,3.021
8033,2.727,3.021
8034,2.849,3.021
8035,2.854,3.021
8036,2.791,3.021
8037,2.703,3.021
8038,2.654,3.021
8039,2.605,3.021
8040,2.566,3.021
8041,2.551,3.021
8042,2.571,3.021
8043,2.517,3.021
8044,2.468,3.025
8045,2.439,3.021
8046,2.419,3.025
8047,2.405,3.025
8048,2.400,3.025
8049,2.385,3.025
8050,2.370,3.025
8051,2.356,3.025
8052,2.341,3.025
8053,2.385,3.025
8054,2.566,3.025
8055,2.796,3.025
8056,2.933,3.021
8057,2.947,3.025
8058,2.884,3.025
8059,2.805,3.025
8060,2.747,3.025
8061,2.703,3.025
8062,2.644,3.025
8063,2.615,3.025
8064,2.605,3.025
8065,2.615,3.025
8066,2.630,3.025
8067,2.615,3.025
8068,2.576,3.025
8069,2.532,3.025
8070,2.488,3.025
8071,2.449,3.025
8072,2.419,3.025
8073,2.400,3.025
8074,2.390,3.025
8075,2.375,3.025
8076,2.361,3.025
8077,2.351,3.025
8078,2.395,3.025
8079,2.556,3.025
8080,2.801,3.025
8081,2.977,3.025
8082,3.011,3.025
8083,2.937,3.025
8084,2.820,3.025
8085,2.742,3.025
8086,2.674,3.025
8087,2.615,3.025
8088,2.581,3.025
8089,2.581,3.025
8090,2.595,3.025
8091,2.595,3.025
8092,2.571,3.025
8093,2.542,3.025
8094,2.488,3.025
8095,2.458,3.025
8096,2.429,3.025
8097,2.410,3.025
8098,2.395,3.025
8099,2.385,3.025
8100,2.375,3.025
8101,2.361,3.025
8102,2.341,3.025
8103,2.390,3.025
8104,2.576,3.025
8105,2.815,3.025
8106,2.957,3.025
8107,2.947,3.025
8108,2.854,3.025
8109,2.742,3.025
8110,2.664,3.025
8111,2.595,3.025
8112,2.551,3.025
8113,2.546,3.030
8114,2.576,3.025
8115,2.605,3.030
8116,2.600,3.025
8117,2.566,3.030
8118,2.517,3.025
8119,2.468,3.030
8120,2.434,3.025
8121,2.419,3.030
8122,2.410,3.030
8123,2.405,3.025
8124,2.375,3.030
8125,2.366,3.025
8126,2.449,3.030
8127,2.688,3.025
8128,2.933,3.030
8129,3.045,3.025
8130,3.006,3.030
8131,2.893,3.030
8132,2.776,3.030
8133,2.693,3.030
8134,2.620,3.030
8135,2.576,3.030
8136,2.566,3.030
8137,2.581,3.030
8138,2.595,3.030
8139,2.581,3.030
8140,2.542,3.030
8141,2.488,3.030
8142,2.454,3.030
8143,2.419,3.030
8144,2.400,3.030
8145,2.390,3.030
8146,2.366,3.030
8147,2.351,3.030
8148,2.336,3.030
8149,2.326,3.030
8150,2.419,3.030
8151,2.703,3.030
8152,2.937,3.030
8153,3.016,3.030
8154,2.947,3.030
8155,2.810,3.030
8156,2.693,3.030
8157,2.610,3.030
8158,2.546,3.030
8159,2.498,3.030
8160,2.493,3.030
8161,2.512,3.030
8162,2.522,3.030
8163,2.517,3.030
8164,2.478,3.030
8165,2.434,3.030
8166,2.400,3.030
8167,2.370,3.030
8168,2.351,3.030
8169,2.326,3.030
8170,2.326,3.030
8171,2.317,3.030
8172,2.302,3.030
8173,2.336,3.030
8174,2.527,3.030
8175,2.781,3.030
8176,2.942,3.030
8177,2.952,3.030
8178,2.854,3.035
8179,2.717,3.030
8180,2.620,3.030
8181,2.527,3.030
8182,2.473,3.035
8183,2.473,3.030
8184,2.507,3.030
8185,2.537,3.030
8186,2.537,3.030
8187,2.488,3.035
8188,2.439,3.030
8189,2.400,3.035
8190,2.375,3.030
8191,2.361,3.035
8192,2.351,3.030
8193,2.341,3.035
8194,2.326,3.030
8195,2.400,3.035
8196,2.620,3.030
8197,2.854,3.035
8198,2.962,3.030
8199,2.913,3.035
8200,2.786,3.035
8201,2.664,3.035
8202,2.566,3.035
8203,2.493,3.035
8204,2.458,3.035
8205,2.473,3.035
8206,2.502,3.035
8207,2.512,3.035
8208,2.498,3.035
8209,2.454,3.035
8210,2.405,3.035
8211,2.366,3.035
8212,2.341,3.035
8213,2.331,3.035
8214,2.317,3.035
8215,2.297,3.035
8216,2.292,3.035
8217,2.390,3.035
8218,2.630,3.035
8219,2.889,3.035
8220,3.001,3.035
8221,2.957,3.035
8222,2.830,3.035
8223,2.693,3.035
8224,2.595,3.035
8225,2.527,3.035
8226,2.502,3.035
8227,2.517,3.035
8228,2.542,3.035
8229,2.551,3.035
8230,2.532,3.035
8231,2.483,3.035
8232,2.434,3.035
8233,2.405,3.035
8234,2.385,3.035
8235,2.361,3.035
8236,2.322,3.035
8237,2.302,3.035
8238,2.351,3.035
8239,2.571,3.035
8240,2.840,3.035
8241,2.991,3.035
8242,2.986,3.035
8243,2.864,3.035
8244,2.727,3.035
8245,2.615,3.035
8246,2.527,3.035
8247,2.488,3.035
8248,2.498,3.040
8249,2.532,3.035
8250,2.532,3.035
8251,2.498,3.035
8252,2.458,3.040
8253,2.419,3.035
8254,2.390,3.040
8255,2.361,3.035
8256,2.336,3.035
8257,2.312,3.035
8258,2.302,3.035
8259,2.400,3.035
8260,2.639,3.035
8261,2.859,3.035
8262,2.942,3.035
8263,2.879,3.040
8264,2.737,3.035
8265,2.615,3.040
8266,2.512,3.035
8267,2.463,3.040
8268,2.454,3.035
8269,2.478,3.040
8270,2.502,3.035
8271,2.502,3.040
8272,2.473,3.040
8273,2.434,3.040
8274,2.395,3.040
8275,2.361,3.040
8276,2.336,3.040
8277,2.307,3.035
8278,2.326,3.040
8279,2.488,3.040
8280,2.713,3.040
8281,2.849,3.035
8282,2.845,3.040
8283,2.737,3.035
8284,2.605,3.040
8285,2.493,3.040
8286,2.414,3.040
8287,2.400,3.040
8288,2.434,3.040
8289,2.478,3.040
8290,2.498,3.040
8291,2.473,3.040
8292,2.424,3.040
8293,2.366,3.040
8294,2.331,3.040
8295,2.297,3.040
8296,2.292,3.040
8297,2.361,3.040
8298,2.551,3.040
8299,2.742,3.040
8300,2.810,3.040
8301,2.757,3.040
8302,2.649,3.040
8303,2.551,3.040
8304,2.454,3.040
8305,2.395,3.040
8306,2.390,3.040
8307,2.414,3.040
8308,2.434,3.040
8309,2.429,3.040
8310,2.395,3.040
8311,2.346,3.040
8312,2.302,3.040
8313,2.283,3.040
8314,2.273,3.040
8315,2.268,3.040
8316,2.253,3.040
8317,2.258,3.040
8318,2.366,3.040
8319,2.566,3.040
8320,2.727,3.040
8321,2.766,3.040
8322,2.698,3.040
8323,2.600,3.040
8324,2.507,3.040
8325,2.439,3.040
8326,2.395,3.040
8327,2.390,3.040
8328,2.405,3.040
8329,2.419,3.040
8330,2.405,3.040
8331,2.366,3.040
8332,2.331,3.040
8333,2.302,3.040
8334,2.268,3.040
8335,2.248,3.040
8336,2.234,3.040
8337,2.214,3.040
8338,2.204,3.040
8339,2.253,3.040
8340,2.390,3.040
8341,2.556,3.035
8342,2.634,3.035
8343,2.615,3.035
8344,2.546,3.040
8345,2.473,3.040
8346,2.414,3.040
8347,2.366,3.045
8348,2.341,3.050
8349,2.341,3.055
8350,2.346,3.060
8351,2.346,3.060
8352,2.331,3.065
8353,2.307,3.065
8354,2.287,3.069
8355,2.268,3.069
8356,2.258,3.069
8357,2.243,3.069
8358,2.234,3.069
8359,2.234,3.069
8360,2.287,3.069
8361,2.414,3.069
8362,2.537,3.069
8363,2.571,3.069
8364,2.542,3.069
8365,2.483,3.065
8366,2.419,3.069
8367,2.366,3.065
8368,2.336,3.065
8369,2.326,3.065
8370,2.336,3.065
8371,2.351,3.060
8372,2.346,3.060
8373,2.322,3.060
8374,2.302,3.060
8375,2.283,3.060
8376,2.273,3.060
8377,2.268,3.060
8378,2.258,3.055
8379,2.253,3.060
8380,2.243,3.055
8381,2.297,3.060
8382,2.410,3.055
8383,2.512,3.055
8384,2.551,3.055
8385,2.527,3.055
8386,2.473,3.055
8387,2.424,3.055
8388,2.380,3.055
8389,2.346,3.055
8390,2.346,3.055
8391,2.361,3.055
8392,2.366,3.055
8393,2.366,3.055
8394,2.351,3.055
8395,2.336,3.055
8396,2.307,3.055
8397,2.292,3.055
8398,2.283,3.055
8399,2.278,3.055
8400,2.278,3.055
8401,2.268,3.055
8402,2.258,3.055
8403,2.263,3.055
8404,2.253,3.055
8405,2.278,3.055
8406,2.366,3.055
8407,2.507,3.055
8408,2.586,3.055
8409,2.581,3.055
8410,2.542,3.055
8411,2.488,3.055
8412,2.458,3.055
8413,2.424,3.055
8414,2.405,3.055
8415,2.400,3.055
8416,2.410,3.055
8417,2.414,3.055
8418,2.405,3.055
8419,2.390,3.055
8420,2.366,3.055
8421,2.336,3.055
8422,2.317,3.055
8423,2.302,3.055
8424,2.292,3.055
8425,2.292,3.055
8426,2.292,3.055
8427,2.292,3.055
8428,2.292,3.055
8429,2.297,3.055
8430,2.366,3.055
8431,2.493,3.055
8432,2.615,3.055
8433,2.659,3.055
8434,2.634,3.055
8435,2.576,3.055
8436,2.532,3.055
8437,2.498,3.055
8438,2.478,3.055
8439,2.458,3.055
8440,2.463,3.055
8441,2.473,3.055
8442,2.483,3.055
8443,2.473,3.055
8444,2.439,3.055
8445,2.424,3.055
8446,2.414,3.055
8447,2.400,3.055
8448,2.390,3.055
8449,2.375,3.055
8450,2.366,3.055
8451,2.346,3.055
8452,2.346,3.055
8453,2.336,3.055
8454,2.336,3.055
8455,2.385,3.055
8456,2.517,3.055
8457,2.674,3.055
8458,2.757,3.055
8459,2.757,3.055
8460,2.698,3.055
8461,2.630,3.055
8462,2.581,3.055
8463,2.537,3.055
8464,2.522,3.055
8465,2.532,3.055
8466,2.551,3.055
8467,2.556,3.055
8468,2.537,3.055
8469,2.507,3.055
8470,2.478,3.055
8471,2.454,3.055
8472,2.439,3.055
8473,2.429,3.055
8474,2.419,3.055
8475,2.405,3.055
8476,2.395,3.055
8477,2.380,3.055
8478,2.370,3.055
8479,2.370,3.055
8480,2.424,3.055
8481,2.590,3.055
8482,2.791,3.055
8483,2.903,3.055
8484,2.893,3.055
8485,2.820,3.055
8486,2.727,3.055
8487,2.654,3.055
8488,2.600,3.055
8489,2.566,3.055
8490,2.571,3.055
8491,2.590,3.055
8492,2.605,3.055
8493,2.595,3.055
8494,2.566,3.055
8495,2.537,3.055
8496,2.502,3.055
8497,2.483,3.055
8498,2.468,3.055
8499,2.454,3.055
8500,2.444,3.055
8501,2.434,3.060
8502,2.410,3.055
8503,2.385,3.055
8504,2.366,3.055
8505,2.346,3.055
8506,2.366,3.055
8507,2.502,3.055
8508,2.732,3.055
8509,2.923,3.055
8510,2.977,3.055
8511,2.918,3.055
8512,2.815,3.055
8513,2.713,3.055
8514,2.639,3.055
8515,2.595,3.055
8516,2.586,3.055
8517,2.615,3.055
8518,2.644,3.055
8519,2.659,3.055
8520,2.654,3.060
8521,2.634,3.055
8522,2.605,3.060
8523,2.571,3.055
8524,2.532,3.055
8525,2.507,3.055
8526,2.483,3.060
8527,2.468,3.060
8528,2.463,3.060
8529,2.468,3.060
8530,2.542,3.055
8531,2.757,3.060
8532,2.981,3.055
8533,3.089,3.060
8534,3.065,3.055
8535,2.972,3.060
8536,2.854,3.055
8537,2.747,3.060
8538,2.674,3.055
8539,2.639,3.060
8540,2.659,3.055
8541,2.698,3.060
8542,2.722,3.055
8543,2.698,3.060
8544,2.649,3.055
8545,2.581,3.060
8546,2.522,3.060
8547,2.473,3.060
8548,2.444,3.060
8549,2.424,3.060
8550,2.410,3.060
8551,2.390,3.060
8552,2.370,3.060
8553,2.395,3.060
8554,2.551,3.060
8555,2.796,3.060
8556,2.977,3.060
8557,3.016,3.060
8558,2.947,3.060
8559,2.815,3.060
8560,2.708,3.060
8561,2.630,3.060
8562,2.595,3.060
8563,2.600,3.060
8564,2.620,3.060
8565,2.634,3.060
8566,2.620,3.060
8567,2.581,3.060
8568,2.537,3.060
8569,2.502,3.060
8570,2.468,3.060
8571,2.449,3.060
8572,2.439,3.060
8573,2.424,3.060
8574,2.414,3.060
8575,2.390,3.060
8576,2.385,3.060
8577,2.473,3.060
8578,2.717,3.060
8579,3.001,3.060
8580,3.167,3.060
8581,3.143,3.060
8582,3.011,3.060
8583,2.845,3.060
8584,2.708,3.060
8585,2.630,3.060
8586,2.605,3.060
8587,2.620,3.060
8588,2.634,3.060
8589,2.630,3.060
8590,2.600,3.060
8591,2.551,3.060
8592,2.493,3.060
8593,2.444,3.060
8594,2.410,3.060
8595,2.395,3.060
8596,2.390,3.060
8597,2.380,3.060
8598,2.366,3.060
8599,2.356,3.060
8600,2.419,3.060
8601,2.610,3.060
8602,2.835,3.055
8603,2.947,3.060
8604,2.923,3.060
8605,2.820,3.060
8606,2.678,3.055
8607,2.581,3.060
8608,2.522,3.055
8609,2.507,3.055
8610,2.537,3.060
8611,2.566,3.055
8612,2.566,3.060
8613,2.537,3.055
8614,2.493,3.060
8615,2.458,3.055
8616,2.434,3.060
8617,2.410,3.060
8618,2.390,3.060
8619,2.380,3.055
8620,2.356,3.060
8621,2.341,3.060
8622,2.410,3.060
8623,2.605,3.055
8624,2.815,3.060
8625,2.908,3.060
8626,2.874,3.060
8627,2.757,3.055
8628,2.639,3.060
8629,2.542,3.060
8630,2.478,3.060
8631,2.468,3.060
8632,2.493,3.055
8633,2.522,3.060
8634,2.527,3.060
8635,2.502,3.055
8636,2.473,3.060
8637,2.439,3.060
8638,2.414,3.060
8639,2.395,3.055
8640,2.370,3.060
8641,2.356,3.055
8642,2.346,3.060
8643,2.419,3.055
8644,2.610,3.060
8645,2.805,3.055
8646,2.893,3.060
8647,2.859,3.055
8648,2.757,3.060
8649,2.649,3.055
8650,2.556,3.060
8651,2.498,3.060
8652,2.483,3.060
8653,2.517,3.060
8654,2.551,3.060
8655,2.546,3.060
8656,2.517,3.060
8657,2.468,3.060
8658,2.439,3.060
8659,2.410,3.060
8660,2.395,3.060
8661,2.385,3.060
8662,2.375,3.060
8663,2.356,3.060
8664,2.439,3.060
8665,2.649,3.060
8666,2.854,3.060
8667,2.942,3.060
8668,2.903,3.060
8669,2.801,3.060
8670,2.703,3.060
8671,2.620,3.060
8672,2.561,3.060
8673,2.566,3.060
8674,2.551,3.060
8675,2.522,3.060
8676,2.488,3.060
8677,2.449,3.060
8678,2.419,3.060
8679,2.400,3.060
8680,2.390,3.060
8681,2.370,3.060
8682,2.346,3.060
8683,2.331,3.060
8684,2.395,3.060
8685,2.595,3.055
8686,2.801,3.060
8687,2.903,3.060
8688,2.874,3.060
8689,2.776,3.060
8690,2.669,3.060
8691,2.595,3.060
8692,2.537,3.060
8693,2.517,3.060
8694,2.517,3.060
8695,2.527,3.060
8696,2.517,3.060
8697,2.483,3.060
8698,2.444,3.060
8699,2.400,3.060
8700,2.375,3.060
8701,2.366,3.060
8702,2.351,3.060
8703,2.341,3.060
8704,2.336,3.060
8705,2.326,3.060
8706,2.307,3.060
8707,2.336,3.060
8708,2.488,3.060
8709,2.698,3.060
8710,2.830,3.060
8711,2.830,3.060
8712,2.737,3.060
8713,2.634,3.060
8714,2.561,3.060
8715,2.507,3.060
8716,2.473,3.060
8717,2.488,3.060
8718,2.512,3.060
8719,2.537,3.060
8720,2.522,3.060
8721,2.483,3.060
8722,2.439,3.060
8723,2.414,3.060
8724,2.395,3.060
8725,2.390,3.060
8726,2.385,3.060
8727,2.370,3.060
8728,2.351,3.060
8729,2.331,3.060
8730,2.385,3.060
8731,2.556,3.060
8732,2.752,3.060
8733,2.849,3.060
8734,2.825,3.060
8735,2.732,3.060
8736,2.634,3.060
8737,2.561,3.060
8738,2.493,3.060
8739,2.454,3.060
8740,2.439,3.060
8741,2.454,3.060
8742,2.458,3.060
8743,2.439,3.060
8744,2.405,3.060
8745,2.356,3.060
8746,2.336,3.060
8747,2.317,3.060
8748,2.312,3.060
8749,2.317,3.060
8750,2.317,3.060
8751,2.307,3.060
8752,2.283,3.060
8753,2.273,3.060
8754,2.356,3.060
8755,2.542,3.060
8756,2.713,3.060
8757,2.786,3.060
8758,2.747,3.060
8759,2.664,3.060
8760,2.581,3.060
8761,2.512,3.060
8762,2.463,3.060
8763,2.439,3.060
8764,2.444,3.060
8765,2.454,3.060
8766,2.449,3.060
8767,2.424,3.060
8768,2.395,3.060
8769,2.370,3.060
8770,2.351,3.060
8771,2.336,3.060
8772,2.312,3.060
8773,2.297,3.060
8774,2.292,3.060
8775,2.287,3.060
8776,2.287,3.060
8777,2.283,3.060
8778,2.268,3.060
8779,2.273,3.060
8780,2.361,3.060
8781,2.527,3.060
8782,2.678,3.060
8783,2.732,3.060
8784,2.693,3.060
8785,2.610,3.060
8786,2.537,3.060
8787,2.478,3.065
8788,2.439,3.060
8789,2.410,3.065
8790,2.414,3.060
8791,2.424,3.065
8792,2.429,3.060
8793,2.410,3.065
8794,2.390,3.060
8795,2.375,3.065
8796,2.361,3.065
8797,2.346,3.065
8798,2.341,3.065
8799,2.331,3.065
8800,2.322,3.065
8801,2.322,3.065
8802,2.307,3.065
8803,2.292,3.065
8804,2.341,3.065
8805,2.502,3.065
8806,2.644,3.065
8807,2.708,3.060
8808,2.678,3.065
8809,2.610,3.060
8810,2.542,3.065
8811,2.483,3.065
8812,2.439,3.065
8813,2.424,3.060
8814,2.444,3.065
8815,2.449,3.065
8816,2.439,3.065
8817,2.419,3.065
8818,2.395,3.065
8819,2.370,3.065
8820,2.361,3.065
8821,2.351,3.065
8822,2.341,3.065
8823,2.331,3.065
8824,2.322,3.065
8825,2.317,3.065
8826,2.312,3.065
8827,2.322,3.065
8828,2.414,3.065
8829,2.586,3.065
8830,2.737,3.065
8831,2.781,3.065
8832,2.742,3.065
8833,2.664,3.065
8834,2.600,3.065
8835,2.542,3.065
8836,2.498,3.065
8837,2.478,3.065
8838,2.488,3.065
8839,2.502,3.065
8840,2.498,3.065
8841,2.483,3.065
8842,2.454,3.065
8843,2.419,3.065
8844,2.395,3.065
8845,2.375,3.065
8846,2.366,3.065
8847,2.361,3.065
8848,2.351,3.065
8849,2.341,3.065
8850,2.331,3.065
8851,2.322,3.065
8852,2.312,3.065
8853,2.331,3.065
8854,2.449,3.065
8855,2.664,3.065
8856,2.830,3.065
8857,2.884,3.065
8858,2.830,3.065
8859,2.742,3.065
8860,2.664,3.065
8861,2.605,3.065
8862,2.546,3.065
8863,2.522,3.065
8864,2.522,3.065
8865,2.527,3.065
8866,2.527,3.065
8867,2.502,3.065
8868,2.478,3.065
8869,2.449,3.065
8870,2.414,3.065
8871,2.395,3.065
8872,2.375,3.065
8873,2.361,3.065
8874,2.356,3.065
8875,2.351,3.065
8876,2.336,3.065
8877,2.326,3.065
8878,2.317,3.065
8879,2.312,3.065
8880,2.312,3.069
8881,2.390,3.065
8882,2.581,3.069
8883,2.781,3.065
8884,2.884,3.065
8885,2.854,3.065
8886,2.752,3.069
8887,2.654,3.065
8888,2.581,3.069
8889,2.527,3.065
8890,2.502,3.065
8891,2.512,3.069
8892,2.532,3.065
8893,2.537,3.069
8894,2.522,3.065
8895,2.493,3.069
8896,2.463,3.065
8897,2.434,3.069
8898,2.410,3.065
8899,2.410,3.069
8900,2.405,3.065
8901,2.395,3.069
8902,2.375,3.065
8903,2.361,3.069
8904,2.351,3.065
8905,2.346,3.069
8906,2.419,3.069
8907,2.620,3.069
8908,2.845,3.069
8909,2.957,3.069
8910,2.933,3.069
8911,2.835,3.065
8912,2.717,3.069
8913,2.630,3.065
8914,2.571,3.069
8915,2.542,3.065
8916,2.546,3.069
8917,2.571,3.065
8918,2.581,3.069
8919,2.556,3.069
8920,2.517,3.069
8921,2.478,3.069
8922,2.444,3.069
8923,2.414,3.069
8924,2.405,3.069
8925,2.356,3.069
8926,2.336,3.069
8927,2.322,3.069
8928,2.317,3.069
8929,2.380,3.069
8930,2.576,3.069
8931,2.805,3.069
8932,2.947,3.069
8933,2.942,3.069
8934,2.840,3.069
8935,2.722,3.069
8936,2.634,3.069
8937,2.581,3.069
8938,2.537,3.069
8939,2.527,3.069
8940,2.546,3.069
8941,2.561,3.069
8942,2.561,3.069
8943,2.532,3.069
8944,2.483,3.069
8945,2.439,3.069
8946,2.419,3.069
8947,2.400,3.069
8948,2.390,3.069
8949,2.380,3.069
8950,2.361,3.069
8951,2.356,3.069
8952,2.341,3.069
8953,2.361,3.069
8954,2.478,3.069
8955,2.703,3.069
8956,2.884,3.069
8957,2.937,3.069
8958,2.869,3.069
8959,2.757,3.069
8960,2.664,3.069
8961,2.595,3.069
8962,2.546,3.069
8963,2.542,3.069
8964,2.566,3.069
8965,2.586,3.069
8966,2.586,3.069
8967,2.551,3.069
8968,2.512,3.069
8969,2.468,3.069
8970,2.439,3.069
8971,2.424,3.069
8972,2.419,3.069
8973,2.419,3.069
8974,2.419,3.069
8975,2.463,3.069
8976,2.634,3.069
8977,2.908,3.069
8978,3.099,3.069
8979,3.094,3.069
8980,2.957,3.069
8981,2.805,3.069
8982,2.678,3.069
8983,2.605,3.069
8984,2.561,3.069
8985,2.571,3.074
8986,2.610,3.069
8987,2.634,3.074
8988,2.625,3.069
8989,2.590,3.069
8990,2.546,3.069
8991,2.507,3.074
8992,2.478,3.069
8993,2.454,3.074
8994,2.439,3.069
8995,2.424,3.069
8996,2.410,3.069
8997,2.429,3.069
8998,2.581,3.069
8999,2.815,3.069
9000,2.986,3.074
9001,3.021,3.069
9002,2.937,3.074
9003,2.840,3.069
9004,2.737,3.074
9005,2.669,3.069
9006,2.620,3.074
9007,2.610,3.069
9008,2.634,3.074
9009,2.654,3.074
9010,2.639,3.069
9011,2.605,3.074
9012,2.556,3.069
9013,2.517,3.074
9014,2.478,3.069
9015,2.458,3.074
9016,2.449,3.069
9017,2.439,3.074
9018,2.419,3.074
9019,2.405,3.074
9020,2.473,3.069
9021,2.678,3.074
9022,2.918,3.069
9023,3.050,3.074
9024,3.030,3.069
9025,2.937,3.074
9026,2.840,3.074
9027,2.766,3.074
9028,2.698,3.074
9029,2.639,3.074
9030,2.620,3.074
9031,2.620,3.074
9032,2.625,3.074
9033,2.600,3.069
9034,2.556,3.074
9035,2.507,3.069
9036,2.468,3.074
9037,2.444,3.074
9038,2.429,3.074
9039,2.405,3.074
9040,2.390,3.074
9041,2.380,3.074
9042,2.375,3.074
9043,2.346,3.074
9044,2.341,3.074
9045,2.424,3.074
9046,2.644,3.074
9047,2.879,3.074
9048,2.986,3.074
9049,2.952,3.074
9050,2.840,3.074
9051,2.737,3.074
9052,2.659,3.074
9053,2.605,3.074
9054,2.576,3.074
9055,2.571,3.074
9056,2.581,3.074
9057,2.566,3.074
9058,2.537,3.074
9059,2.483,3.074
9060,2.444,3.074
9061,2.414,3.074
9062,2.395,3.074
9063,2.385,3.074
9064,2.375,3.074
9065,2.356,3.074
9066,2.346,3.074
9067,2.361,3.074
9068,2.502,3.074
9069,2.717,3.074
9070,2.869,3.074
9071,2.889,3.074
9072,2.820,3.074
9073,2.722,3.074
9074,2.649,3.074
9075,2.576,3.074
9076,2.507,3.074
9077,2.483,3.074
9078,2.488,3.074
9079,2.493,3.074
9080,2.483,3.074
9081,2.454,3.074
9082,2.419,3.074
9083,2.390,3.074
9084,2.375,3.074
9085,2.366,3.074
9086,2.351,3.074
9087,2.331,3.074
9088,2.317,3.074
9089,2.307,3.074
9090,2.302,3.074
9091,2.297,3.074
9092,2.287,3.074
9093,2.283,3.074
9094,2.287,3.074
9095,2.370,3.074
9096,2.561,3.074
9097,2.737,3.074
9098,2.805,3.074
9099,2.766,3.074
9100,2.683,3.074
9101,2.610,3.074
9102,2.556,3.074
9103,2.507,3.074
9104,2.473,3.074
9105,2.454,3.074
9106,2.454,3.074
9107,2.458,3.079
9108,2.454,3.074
9109,2.434,3.079
9110,2.405,3.074
9111,2.380,3.079
9112,2.356,3.074
9113,2.336,3.079
9114,2.317,3.074
9115,2.302,3.079
9116,2.287,3.074
9117,2.268,3.079
9118,2.253,3.079
9119,2.253,3.074
9120,2.248,3.079
9121,2.248,3.074
9122,2.248,3.079
9123,2.292,3.074
9124,2.414,3.079
9125,2.571,3.074
9126,2.659,3.079
9127,2.659,3.074
9128,2.600,3.079
9129,2.532,3.074
9130,2.483,3.079
9131,2.444,3.074
9132,2.410,3.079
9133,2.395,3.079
9134,2.400,3.079
9135,2.405,3.079
9136,2.405,3.079
9137,2.395,3.079
9138,2.366,3.079
9139,2.341,3.079
9140,2.322,3.079
9141,2.317,3.079
9142,2.312,3.074
9143,2.302,3.079
9144,2.287,3.074
9145,2.283,3.079
9146,2.273,3.079
9147,2.263,3.079
9148,2.253,3.079
9149,2.283,3.079
9150,2.375,3.079
9151,2.488,3.079
9152,2.551,3.079
9153,2.532,3.079
9154,2.478,3.079
9155,2.429,3.079
9156,2.400,3.079
9157,2.380,3.079
9158,2.366,3.079
9159,2.375,3.079
9160,2.395,3.079
9161,2.400,3.079
9162,2.395,3.079
9163,2.380,3.079
9164,2.370,3.079
9165,2.361,3.079
9166,2.351,3.079
9167,2.341,3.079
9168,2.331,3.079
9169,2.322,3.079
9170,2.317,3.079
9171,2.302,3.079
9172,2.292,3.079
9173,2.331,3.079
9174,2.439,3.079
9175,2.561,3.079
9176,2.605,3.079
9177,2.571,3.079
9178,2.527,3.079
9179,2.483,3.079
9180,2.444,3.079
9181,2.405,3.079
9182,2.390,3.079
9183,2.395,3.079
9184,2.414,3.079
9185,2.424,3.079
9186,2.419,3.079
9187,2.410,3.079
9188,2.400,3.079
9189,2.380,3.079
9190,2.361,3.079
9191,2.351,3.079
9192,2.346,3.079
9193,2.341,3.079
9194,2.336,3.079
9195,2.331,3.079
9196,2.326,3.079
9197,2.346,3.084
9198,2.419,3.079
9199,2.532,3.079
9200,2.610,3.079
9201,2.625,3.084
9202,2.595,3.079
9203,2.561,3.079
9204,2.522,3.079
9205,2.483,3.084
9206,2.454,3.084
9207,2.434,3.079
9208,2.429,3.084
9209,2.429,3.079
9210,2.424,3.084
9211,2.414,3.079
9212,2.400,3.084
9213,2.395,3.079
9214,2.395,3.084
9215,2.385,3.079
9216,2.370,3.084
9217,2.361,3.079
9218,2.351,3.084
9219,2.336,3.079
9220,2.331,3.084
9221,2.336,3.079
9222,2.375,3.084
9223,2.478,3.079
9224,2.595,3.084
9225,2.664,3.079
9226,2.674,3.079
9227,2.639,3.079
9228,2.595,3.079
9229,2.561,3.079
9230,2.532,3.079
9231,2.498,3.079
9232,2.478,3.079
9233,2.473,3.079
9234,2.478,3.079
9235,2.478,3.079
9236,2.483,3.079
9237,2.483,3.084
9238,2.463,3.079
9239,2.439,3.084
9240,2.419,3.079
9241,2.390,3.084
9242,2.380,3.079
9243,2.380,3.084
9244,2.366,3.079
9245,2.361,3.084
9246,2.414,3.084
9247,2.546,3.089
9248,2.693,3.084
9249,2.757,3.089
9250,2.742,3.089
9251,2.674,3.089
9252,2.610,3.089
9253,2.561,3.094
9254,2.527,3.094
9255,2.512,3.094
9256,2.502,3.094
9257,2.507,3.094
9258,2.507,3.094
9259,2.488,3.094
9260,2.473,3.094
9261,2.454,3.094
9262,2.439,3.094
9263,2.424,3.094
9264,2.410,3.094
9265,2.395,3.094
9266,2.390,3.099
9267,2.390,3.099
9268,2.414,3.099
9269,2.502,3.099
9270,2.649,3.099
9271,2.757,3.099
9272,2.786,3.099
9273,2.747,3.099
9274,2.683,3.099
9275,2.630,3.104
9276,2.586,3.099
9277,2.561,3.104
9278,2.551,3.099
9279,2.551,3.104
9280,2.551,3.099
9281,2.532,3.104
9282,2.498,3.099
9283,2.468,3.104
9284,2.449,3.099
9285,2.434,3.104
9286,2.419,3.104
9287,2.414,3.104
9288,2.405,3.104
9289,2.390,3.104
9290,2.370,3.104
9291,2.395,3.099
9292,2.532,3.104
9293,2.717,3.099
9294,2.840,3.104
9295,2.854,3.099
9296,2.796,3.104
9297,2.713,3.104
9298,2.644,3.104
9299,2.590,3.104
9300,2.551,3.104
9301,2.532,3.104
9302,2.527,3.104
9303,2.532,3.104
9304,2.522,3.104
9305,2.512,3.104
9306,2.478,3.104
9307,2.444,3.104
9308,2.419,3.104
9309,2.405,3.104
9310,2.390,3.104
9311,2.385,3.104
9312,2.375,3.104
9313,2.390,3.104
9314,2.493,3.104
9315,2.683,3.104
9316,2.845,3.109
9317,2.893,3.104
9318,2.840,3.104
9319,2.747,3.104
9320,2.674,3.104
9321,2.610,3.104
9322,2.556,3.104
9323,2.532,3.109
9324,2.532,3.104
9325,2.537,3.109
9326,2.532,3.104
9327,2.512,3.109
9328,2.483,3.104
9329,2.454,3.109
9330,2.429,3.104
9331,2.414,3.109
9332,2.400,3.104
9333,2.385,3.109
9334,2.375,3.104
9335,2.366,3.109
9336,2.429,3.104
9337,2.610,3.109
9338,2.801,3.104
9339,2.898,3.109
9340,2.874,3.104
9341,2.786,3.109
9342,2.688,3.109
9343,2.615,3.109
9344,2.571,3.109
9345,2.576,3.104
9346,2.605,3.109
9347,2.644,3.104
9348,2.654,3.109
9349,2.630,3.104
9350,2.581,3.109
9351,2.527,3.104
9352,2.488,3.109
9353,2.454,3.109
9354,2.429,3.109
9355,2.410,3.109
9356,2.395,3.109
9357,2.434,3.109
9358,2.600,3.109
9359,2.830,3.109
9360,2.981,3.109
9361,3.001,3.109
9362,2.933,3.109
9363,2.820,3.109
9364,2.727,3.109
9365,2.654,3.109
9366,2.595,3.109
9367,2.586,3.109
9368,2.610,3.109
9369,2.634,3.109
9370,2.625,3.109
9371,2.586,3.109
9372,2.532,3.109
9373,2.483,3.109
9374,2.439,3.109
9375,2.419,3.109
9376,2.405,3.109
9377,2.395,3.109
9378,2.385,3.109
9379,2.390,3.109
9380,2.512,3.109
9381,2.761,3.109
9382,2.991,3.109
9383,3.094,3.109
9384,3.069,3.109
9385,2.962,3.109
9386,2.854,3.109
9387,2.757,3.109
9388,2.683,3.109
9389,2.639,3.109
9390,2.625,3.109
9391,2.615,3.109
9392,2.595,3.109
9393,2.571,3.109
9394,2.542,3.109
9395,2.512,3.109
9396,2.483,3.109
9397,2.468,3.109
9398,2.458,3.109
9399,2.444,3.109
9400,2.424,3.109
9401,2.424,3.109
9402,2.571,3.109
9403,2.796,3.109
9404,2.952,3.109
9405,2.962,3.109
9406,2.884,3.109
9407,2.791,3.109
9408,2.717,3.109
9409,2.644,3.109
9410,2.595,3.109
9411,2.566,3.109
9412,2.556,3.109
9413,2.566,3.109
9414,2.556,3.109
9415,2.532,3.109
9416,2.483,3.109
9417,2.434,3.109
9418,2.395,3.109
9419,2.370,3.109
9420,2.346,3.109
9421,2.336,3.109
9422,2.322,3.109
9423,2.341,3.109
9424,2.468,3.109
9425,2.688,3.109
9426,2.869,3.109
9427,2.923,3.109
9428,2.859,3.109
9429,2.742,3.109
9430,2.634,3.109
9431,2.556,3.109
9432,2.522,3.109
9433,2.512,3.109
9434,2.512,3.109
9435,2.522,3.109
9436,2.512,3.109
9437,2.493,3.109
9438,2.463,3.109
9439,2.434,3.109
9440,2.414,3.109
9441,2.410,3.109
9442,2.410,3.109
9443,2.405,3.109
9444,2.400,3.109
9445,2.478,3.109
9446,2.678,3.109
9447,2.879,3.109
9448,2.981,3.109
9449,2.957,3.109
9450,2.859,3.113
9451,2.742,3.109
9452,2.639,3.109
9453,2.566,3.109
9454,2.527,3.109
9455,2.537,3.109
9456,2.556,3.109
9457,2.576,3.109
9458,2.561,3.109
9459,2.517,3.113
9460,2.468,3.109
9461,2.434,3.113
9462,2.405,3.109
9463,2.390,3.113
9464,2.380,3.109
9465,2.370,3.113
9466,2.375,3.109
9467,2.488,3.113
9468,2.732,3.109
9469,2.947,3.113
9470,3.025,3.109
9471,2.972,3.113
9472,2.859,3.109
9473,2.761,3.109
9474,2.688,3.109
9475,2.630,3.109
9476,2.586,3.113
9477,2.571,3.109
9478,2.566,3.113
9479,2.551,3.109
9480,2.542,3.113
9481,2.507,3.109
9482,2.458,3.113
9483,2.424,3.109
9484,2.400,3.113
9485,2.385,3.109
9486,2.380,3.113
9487,2.366,3.109
9488,2.351,3.113
9489,2.375,3.109
9490,2.542,3.113
9491,2.791,3.109
9492,2.972,3.113
9493,3.006,3.109
9494,2.903,3.113
9495,2.781,3.109
9496,2.678,3.113
9497,2.605,3.109
9498,2.546,3.113
9499,2.522,3.113
9500,2.522,3.109
9501,2.527,3.113
9502,2.522,3.113
9503,2.493,3.113
9504,2.458,3.109
9505,2.419,3.113
9506,2.380,3.109
9507,2.351,3.113
9508,2.341,3.109
9509,2.326,3.113
9510,2.312,3.109
9511,2.297,3.113
9512,2.278,3.109
9513,2.287,3.113
9514,2.414,3.109
9515,2.659,3.113
9516,2.889,3.113
9517,2.933,3.109
9518,2.849,3.113
9519,2.727,3.109
9520,2.620,3.113
9521,2.546,3.109
9522,2.493,3.113
9523,2.473,3.113
9524,2.478,3.113
9525,2.488,3.113
9526,2.483,3.113
9527,2.463,3.113
9528,2.434,3.113
9529,2.395,3.113
9530,2.370,3.113
9531,2.346,3.113
9532,2.341,3.113
9533,2.336,3.113
9534,2.331,3.113
9535,2.312,3.113
9536,2.302,3.113
9537,2.375,3.113
9538,2.586,3.109
9539,2.810,3.113
9540,2.923,3.113
9541,2.908,3.113
9542,2.796,3.109
9543,2.674,3.113
9544,2.576,3.113
9545,2.507,3.113
9546,2.463,3.113
9547,2.463,3.113
9548,2.473,3.113
9549,2.463,3.113
9550,2.429,3.113
9551,2.385,3.113
9552,2.351,3.113
9553,2.322,3.113
9554,2.302,3.113
9555,2.287,3.113
9556,2.283,3.113
9557,2.278,3.113
9558,2.258,3.113
9559,2.243,3.113
9560,2.292,3.113
9561,2.478,3.113
9562,2.732,3.113
9563,2.893,3.113
9564,2.898,3.113
9565,2.805,3.113
9566,2.683,3.113
9567,2.590,3.113
9568,2.522,3.113
9569,2.463,3.113
9570,2.429,3.113
9571,2.429,3.113
9572,2.434,3.113
9573,2.414,3.113
9574,2.380,3.113
9575,2.351,3.113
9576,2.307,3.113
9577,2.273,3.113
9578,2.248,3.113
9579,2.234,3.113
9580,2.229,3.113
9581,2.219,3.113
9582,2.209,3.113
9583,2.209,3.113
9584,2.199,3.113
9585,2.224,3.113
9586,2.346,3.113
9587,2.556,3.113
9588,2.717,3.113
9589,2.761,3.113
9590,2.698,3.113
9591,2.600,3.113
9592,2.507,3.113
9593,2.449,3.113
9594,2.400,3.113
9595,2.370,3.113
9596,2.370,3.113
9597,2.366,3.113
9598,2.361,3.113
9599,2.341,3.113
9600,2.322,3.113
9601,2.287,3.113
9602,2.263,3.113
9603,2.253,3.113
9604,2.239,3.113
9605,2.234,3.118
9606,2.234,3.113
9607,2.229,3.113
9608,2.224,3.113
9609,2.214,3.113
9610,2.253,3.113
9611,2.366,3.118
9612,2.522,3.113
9613,2.620,3.113
9614,2.620,3.113
9615,2.566,3.113
9616,2.488,3.113
9617,2.424,3.113
9618,2.370,3.113
9619,2.341,3.113
9620,2.341,3.118
9621,2.356,3.113
9622,2.356,3.118
9623,2.346,3.113
9624,2.326,3.118
9625,2.307,3.113
9626,2.287,3.118
9627,2.273,3.113
9628,2.263,3.118
9629,2.253,3.113
9630,2.243,3.113
9631,2.239,3.118
9632,2.253,3.113
9633,2.341,3.118
9634,2.478,3.113
9635,2.576,3.118
9636,2.590,3.113
9637,2.551,3.118
9638,2.483,3.113
9639,2.429,3.118
9640,2.390,3.113
9641,2.356,3.118
9642,2.351,3.113
9643,2.370,3.118
9644,2.375,3.118
9645,2.370,3.118
9646,2.351,3.118
9647,2.331,3.118
9648,2.312,3.118
9649,2.297,3.118
9650,2.287,3.118
9651,2.278,3.118
9652,2.268,3.118
9653,2.273,3.113
9654,2.268,3.118
9655,2.273,3.113
9656,2.312,3.118
9657,2.429,3.113
9658,2.581,3.118
9659,2.654,3.118
9660,2.649,3.118
9661,2.605,3.118
9662,2.551,3.118
9663,2.517,3.118
9664,2.498,3.118
9665,2.493,3.118
9666,2.498,3.118
9667,2.493,3.118
9668,2.478,3.118
9669,2.444,3.118
9670,2.400,3.118
9671,2.366,3.118
9672,2.341,3.118
9673,2.326,3.118
9674,2.331,3.118
9675,2.336,3.118
9676,2.336,3.118
9677,2.322,3.118
9678,2.302,3.118
9679,2.346,3.118
9680,2.458,3.118
9681,2.590,3.118
9682,2.664,3.118
9683,2.654,3.118
9684,2.600,3.118
9685,2.546,3.118
9686,2.498,3.118
9687,2.454,3.118
9688,2.444,3.113
9689,2.439,3.118
9690,2.439,3.113
9691,2.439,3.113
9692,2.429,3.113
9693,2.419,3.113
9694,2.395,3.113
9695,2.375,3.113
9696,2.356,3.113
9697,2.346,3.113
9698,2.341,3.113
9699,2.331,3.113
9700,2.317,3.113
9701,2.307,3.113
9702,2.341,3.113
9703,2.458,3.113
9704,2.615,3.113
9705,2.708,3.113
9706,2.717,3.113
9707,2.669,3.113
9708,2.610,3.113
9709,2.561,3.113
9710,2.512,3.113
9711,2.483,3.113
9712,2.483,3.113
9713,2.498,3.113
9714,2.512,3.113
9715,2.512,3.113
9716,2.493,3.113
9717,2.458,3.113
9718,2.424,3.113
9719,2.410,3.113
9720,2.400,3.113
9721,2.395,3.113
9722,2.390,3.113
9723,2.370,3.113
9724,2.390,3.113
9725,2.507,3.113
9726,2.669,3.113
9727,2.791,3.113
9728,2.815,3.113
9729,2.771,3.113
9730,2.698,3.113
9731,2.630,3.113
9732,2.571,3.113
9733,2.537,3.113
9734,2.527,3.113
9735,2.546,3.113
9736,2.556,3.113
9737,2.546,3.113
9738,2.517,3.113
9739,2.488,3.113
9740,2.463,3.113
9741,2.449,3.113
9742,2.429,3.113
9743,2.414,3.113
9744,2.405,3.113
9745,2.395,3.113
9746,2.385,3.113
9747,2.380,3.113
9748,2.375,3.113
9749,2.366,3.113
9750,2.390,3.113
9751,2.527,3.113
9752,2.727,3.113
9753,2.884,3.113
9754,2.928,3.113
9755,2.874,3.113
9756,2.786,3.113
9757,2.722,3.113
9758,2.678,3.113
9759,2.644,3.113
9760,2.615,3.113
9761,2.615,3.113
9762,2.630,3.113
9763,2.639,3.113
9764,2.605,3.113
9765,2.556,3.113
9766,2.512,3.113
9767,2.478,3.118
9768,2.454,3.113
9769,2.429,3.113
9770,2.410,3.113
9771,2.405,3.113
9772,2.390,3.113
9773,2.385,3.113
9774,2.385,3.118
9775,2.375,3.113
9776,2.370,3.113
9777,2.419,3.113
9778,2.581,3.113
9779,2.791,3.113
9780,2.923,3.113
9781,2.937,3.113
9782,2.859,3.113
9783,2.761,3.113
9784,2.688,3.113
9785,2.625,3.113
9786,2.586,3.113
9787,2.581,3.113
9788,2.600,3.113
9789,2.610,3.113
9790,2.610,3.113
9791,2.581,3.113
9792,2.542,3.113
9793,2.512,3.113
9794,2.488,3.113
9795,2.473,3.118
9796,2.454,3.113
9797,2.439,3.118
9798,2.429,3.113
9799,2.405,3.118
9800,2.405,3.113
9801,2.483,3.113
9802,2.674,3.113
9803,2.864,3.113
9804,2.952,3.118
9805,2.918,3.113
9806,2.820,3.118
9807,2.717,3.113
9808,2.566,3.113
9809,2.595,3.118
9810,2.610,3.113
9811,2.610,3.118
9812,2.581,3.113
9813,2.537,3.113
9814,2.502,3.113
9815,2.478,3.118
9816,2.463,3.118
9817,2.444,3.118
9818,2.429,3.118
9819,2.419,3.113
9820,2.405,3.118
9821,2.405,3.113
9822,2.390,3.118
9823,2.385,3.113
9824,2.434,3.118
9825,2.610,3.113
9826,2.849,3.118
9827,3.016,3.113
9828,3.025,3.118
9829,2.923,3.118
9830,2.825,3.113
9831,2.747,3.118
9832,2.688,3.113
9833,2.659,3.118
9834,2.644,3.113
9835,2.654,3.118
9836,2.664,3.113
9837,2.649,3.118
9838,2.620,3.113
9839,2.576,3.118
9840,2.537,3.113
9841,2.517,3.118
9842,2.498,3.118
9843,2.473,3.118
9844,2.458,3.118
9845,2.449,3.118
9846,2.429,3.118
9847,2.414,3.118
9848,2.400,3.118
9849,2.390,3.118
9850,2.414,3.118
9851,2.556,3.118
9852,2.791,3.118
9853,2.977,3.118
9854,3.025,3.118
9855,2.962,3.118
9856,2.845,3.118
9857,2.737,3.118
9858,2.669,3.118
9859,2.615,3.118
9860,2.595,3.118
9861,2.610,3.118
9862,2.620,3.118
9863,2.625,3.118
9864,2.600,3.118
9865,2.556,3.118
9866,2.512,3.118
9867,2.468,3.118
9868,2.439,3.118
9869,2.424,3.118
9870,2.410,3.118
9871,2.400,3.118
9872,2.385,3.118
9873,2.380,3.118
9874,2.370,3.118
9875,2.366,3.118
9876,2.419,3.118
9877,2.586,3.118
9878,2.815,3.118
9879,2.972,3.118
9880,2.977,3.118
9881,2.879,3.118
9882,2.761,3.118
9883,2.669,3.118
9884,2.600,3.118
9885,2.556,3.118
9886,2.546,3.118
9887,2.576,3.118
9888,2.590,3.118
9889,2.590,3.118
9890,2.556,3.118
9891,2.522,3.118
9892,2.483,3.118
9893,2.444,3.118
9894,2.419,3.118
9895,2.395,3.118
9896,2.375,3.118
9897,2.366,3.118
9898,2.351,3.118
9899,2.346,3.118
9900,2.336,3.118
9901,2.336,3.118
9902,2.414,3.118
9903,2.610,3.118
9904,2.825,3.118
9905,2.933,3.118
9906,2.903,3.118
9907,2.796,3.118
9908,2.683,3.118
9909,2.595,3.118
9910,2.542,3.118
9911,2.517,3.118
9912,2.527,3.118
9913,2.551,3.118
9914,2.571,3.118
9915,2.551,3.118
9916,2.507,3.118
9917,2.468,3.118
9918,2.424,3.123
9919,2.400,3.118
9920,2.385,3.118
9921,2.380,3.118
9922,2.366,3.118
9923,2.351,3.118
9924,2.336,3.118
9925,2.331,3.118
9926,2.410,3.118
9927,2.615,3.118
9928,2.830,3.118
9929,2.952,3.118
9930,2.918,3.118
9931,2.801,3.118
9932,2.674,3.118
9933,2.571,3.123
9934,2.537,3.118
9935,2.561,3.118
9936,2.556,3.118
9937,2.522,3.118
9938,2.473,3.118
9939,2.434,3.123
9940,2.405,3.118
9941,2.385,3.123
9942,2.366,3.118
9943,2.346,3.123
9944,2.341,3.118
9945,2.336,3.118
9946,2.410,3.118
9947,2.605,3.118
9948,2.835,3.123
9949,2.957,3.118
9950,2.942,3.123
9951,2.840,3.118
9952,2.727,3.123
9953,2.634,3.118
9954,2.566,3.123
9955,2.542,3.118
9956,2.566,3.123
9957,2.605,3.118
9958,2.615,3.123
9959,2.581,3.118
9960,2.527,3.123
9961,2.473,3.118
9962,2.434,3.123
9963,2.410,3.118
9964,2.395,3.123
9965,2.385,3.123
9966,2.370,3.123
9967,2.346,3.123
9968,2.322,3.123
9969,2.361,3.123
9970,2.532,3.118
9971,2.810,3.123
9972,2.962,3.118
9973,2.957,3.123
9974,2.854,3.118
9975,2.727,3.123
9976,2.634,3.118
9977,2.566,3.123
9978,2.527,3.118
9979,2.522,3.123
9980,2.546,3.123
9981,2.561,3.123
9982,2.551,3.123
9983,2.502,3.123
9984,2.454,3.123
9985,2.419,3.123
9986,2.400,3.123
9987,2.385,3.123
9988,2.370,3.123
9989,2.346,3.123
9990,2.326,3.123
9991,2.346,3.123
9992,2.502,3.123
9993,2.752,3.118
9994,2.928,3.123
9995,2.957,3.123
9996,2.874,3.123
9997,2.761,3.123
9998,2.678,3.123
9999,2.600,3.123
10000,2.551,3.123
10001,2.542,3.123
10002,2.561,3.123
10003,2.576,3.123
10004,2.566,3.123
10005,2.532,3.123
10006,2.493,3.123
10007,2.454,3.123
10008,2.429,3.123
10009,2.410,3.123
10010,2.385,3.123
10011,2.356,3.123
10012,2.341,3.123
10013,2.385,3.123
10014,2.566,3.123
10015,2.801,3.123
10016,2.937,3.123
10017,2.928,3.123
10018,2.820,3.123
10019,2.713,3.123
10020,2.615,3.123
10021,2.542,3.123
10022,2.498,3.123
10023,2.493,3.123
10024,2.507,3.123
10025,2.522,3.123
10026,2.498,3.123
10027,2.458,3.123
10028,2.405,3.123
10029,2.361,3.123
10030,2.331,3.123
10031,2.322,3.123
10032,2.307,3.123
10033,2.292,3.123
10034,2.278,3.123
10035,2.263,3.123
10036,2.302,3.123
10037,2.463,3.123
10038,2.683,3.123
10039,2.815,3.123
10040,2.810,3.123
10041,2.713,3.123
10042,2.600,3.123
10043,2.512,3.123
10044,2.444,3.123
10045,2.395,3.123
10046,2.395,3.123
10047,2.414,3.123
10048,2.429,3.123
10049,2.414,3.123
10050,2.385,3.123
10051,2.356,3.123
10052,2.317,3.123
10053,2.297,3.123
10054,2.297,3.123
10055,2.283,3.123
10056,2.263,3.123
10057,2.253,3.123
10058,2.239,3.123
10059,2.283,3.123
10060,2.488,3.123
10061,2.664,3.123
10062,2.727,3.123
10063,2.669,3.123
10064,2.566,3.123
10065,2.473,3.123
10066,2.410,3.123
10067,2.370,3.128
10068,2.366,3.123
10069,2.380,3.128
10070,2.395,3.123
10071,2.390,3.128
10072,2.366,3.123
10073,2.336,3.128
10074,2.312,3.123
10075,2.292,3.128
10076,2.278,3.123
10077,2.268,3.123
10078,2.263,3.123
10079,2.258,3.128
10080,2.253,3.128
10081,2.243,3.123
10082,2.253,3.128
10083,2.336,3.123
10084,2.502,3.128
10085,2.634,3.123
10086,2.674,3.128
10087,2.620,3.123
10088,2.542,3.128
10089,2.473,3.123
10090,2.419,3.128
10091,2.385,3.123
10092,2.370,3.128
10093,2.385,3.128
10094,2.400,3.128
10095,2.395,3.128
10096,2.370,3.128
10097,2.336,3.128
10098,2.312,3.123
10099,2.292,3.128
10100,2.283,3.123
10101,2.278,3.128
10102,2.273,3.123
10103,2.263,3.128
10104,2.258,3.123
10105,2.258,3.128
10106,2.243,3.123
10107,2.229,3.123
10108,2.268,3.128
10109,2.375,3.123
10110,2.527,3.128
10111,2.600,3.123
10112,2.595,3.128
10113,2.542,3.123
10114,2.478,3.128
10115,2.434,3.123
10116,2.400,3.128
10117,2.380,3.128
10118,2.375,3.128
10119,2.380,3.128
10120,2.385,3.128
10121,2.375,3.128
10122,2.356,3.128
10123,2.331,3.128
10124,2.317,3.128
10125,2.307,3.128
10126,2.302,3.128
10127,2.292,3.128
10128,2.283,3.128
10129,2.278,3.128
10130,2.273,3.128
10131,2.273,3.128
10132,2.273,3.128
10133,2.273,3.128
10134,2.283,3.128
10135,2.336,3.128
10136,2.444,3.128
10137,2.542,3.128
10138,2.566,3.128
10139,2.532,3.128
10140,2.483,3.128
10141,2.439,3.128
10142,2.419,3.128
10143,2.405,3.128
10144,2.400,3.128
10145,2.410,3.128
10146,2.424,3.128
10147,2.429,3.128
10148,2.424,3.128
10149,2.410,3.128
10150,2.395,3.128
10151,2.380,3.128
10152,2.370,3.128
10153,2.370,3.128
10154,2.366,3.128
10155,2.356,3.128
10156,2.346,3.128
10157,2.341,3.128
10158,2.336,3.128
10159,2.336,3.128
10160,2.385,3.128
10161,2.512,3.128
10162,2.610,3.128
10163,2.649,3.128
10164,2.620,3.128
10165,2.576,3.128
10166,2.532,3.128
10167,2.498,3.128
10168,2.478,3.128
10169,2.468,3.128
10170,2.473,3.128
10171,2.478,3.128
10172,2.473,3.128
10173,2.454,3.128
10174,2.429,3.128
10175,2.410,3.128
10176,2.400,3.128
10177,2.390,3.128
10178,2.385,3.128
10179,2.380,3.128
10180,2.370,3.128
10181,2.356,3.128
10182,2.346,3.128
10183,2.341,3.128
10184,2.341,3.128
10185,2.385,3.128
10186,2.537,3.128
10187,2.664,3.128
10188,2.713,3.128
10189,2.678,3.128
10190,2.620,3.128
10191,2.581,3.128
10192,2.542,3.128
10193,2.517,3.128
10194,2.512,3.128
10195,2.522,3.128
10196,2.532,3.128
10197,2.532,3.128
10198,2.512,3.128
10199,2.483,3.128
10200,2.463,3.128
10201,2.449,3.128
10202,2.434,3.128
10203,2.419,3.128
10204,2.410,3.128
10205,2.405,3.128
10206,2.395,3.128
10207,2.385,3.128
10208,2.385,3.128
10209,2.380,3.128
10210,2.370,3.128
10211,2.370,3.128
10212,2.410,3.128
10213,2.537,3.128
10214,2.698,3.128
10215,2.810,3.128
10216,2.810,3.128
10217,2.752,3.128
10218,2.683,3.128
10219,2.630,3.128
10220,2.586,3.128
10221,2.566,3.128
10222,2.576,3.128
10223,2.586,3.128
10224,2.595,3.128
10225,2.586,3.128
10226,2.566,3.128
10227,2.527,3.128
10228,2.507,3.128
10229,2.483,3.128
10230,2.463,3.128
10231,2.454,3.128
10232,2.449,3.128
10233,2.439,3.128
10234,2.434,3.128
10235,2.424,3.128
10236,2.414,3.128
10237,2.400,3.128
10238,2.424,3.128
10239,2.546,3.128
10240,2.752,3.128
10241,2.918,3.128
10242,2.986,3.128
10243,2.933,3.128
10244,2.840,3.128
10245,2.752,3.128
10246,2.678,3.128
10247,2.630,3.128
10248,2.630,3.128
10249,2.659,3.128
10250,2.688,3.133
10251,2.693,3.128
10252,2.664,3.133
10253,2.620,3.128
10254,2.576,3.133
10255,2.546,3.128
10256,2.517,3.133
10257,2.498,3.128
10258,2.473,3.133
10259,2.458,3.128
10260,2.449,3.133
10261,2.439,3.128
10262,2.429,3.133
10263,2.429,3.128
10264,2.507,3.128
10265,2.693,3.128
10266,2.898,3.133
10267,2.996,3.128
10268,2.972,3.133
10269,2.849,3.133
10270,2.757,3.128
10271,2.688,3.133
10272,2.639,3.128
10273,2.615,3.133
10274,2.625,3.133
10275,2.654,3.128
10276,2.659,3.133
10277,2.639,3.128
10278,2.590,3.133
10279,2.537,3.128
10280,2.498,3.133
10281,2.473,3.133
10282,2.454,3.133
10283,2.439,3.133
10284,2.424,3.133
10285,2.405,3.133
10286,2.390,3.128
10287,2.390,3.133
10288,2.400,3.128
10289,2.473,3.133
10290,2.659,3.128
10291,2.859,3.133
10292,2.957,3.133
10293,2.942,3.133
10294,2.854,3.133
10295,2.757,3.128
10296,2.659,3.133
10297,2.600,3.133
10298,2.586,3.133
10299,2.600,3.133
10300,2.634,3.133
10301,2.634,3.133
10302,2.610,3.133
10303,2.576,3.133
10304,2.542,3.128
10305,2.507,3.133
10306,2.478,3.133
10307,2.454,3.133
10308,2.439,3.128
10309,2.434,3.133
10310,2.424,3.128
10311,2.410,3.133
10312,2.395,3.133
10313,2.463,3.128
10314,2.644,3.133
10315,2.849,3.128
10316,2.957,3.133
10317,2.952,3.128
10318,2.859,3.133
10319,2.757,3.128
10320,2.674,3.133
10321,2.615,3.128
10322,2.595,3.128
10323,2.620,3.128
10324,2.649,3.128
10325,2.649,3.128
10326,2.630,3.128
10327,2.586,3.128
10328,2.537,3.128
10329,2.498,3.128
10330,2.473,3.128
10331,2.454,3.128
10332,2.439,3.128
10333,2.424,3.128
10334,2.410,3.128
10335,2.468,3.128
10336,2.639,3.128
10337,2.849,3.128
10338,2.977,3.128
10339,2.977,3.128
10340,2.889,3.128
10341,2.796,3.128
10342,2.713,3.128
10343,2.639,3.128
10344,2.600,3.128
10345,2.605,3.123
10346,2.625,3.128
10347,2.634,3.123
10348,2.615,3.128
10349,2.581,3.123
10350,2.532,3.128
10351,2.493,3.128
10352,2.473,3.128
10353,2.458,3.128
10354,2.454,3.128
10355,2.439,3.128
10356,2.419,3.128
10357,2.395,3.128
10358,2.395,3.123
10359,2.493,3.128
10360,2.717,3.123
10361,2.928,3.128
10362,3.011,3.123
10363,2.972,3.128
10364,2.874,3.123
10365,2.786,3.128
10366,2.717,3.123
10367,2.664,3.123
10368,2.639,3.123
10369,2.639,3.123
10370,2.644,3.123
10371,2.634,3.123
10372,2.600,3.123
10373,2.561,3.123
10374,2.522,3.123
10375,2.488,3.123
10376,2.463,3.123
10377,2.444,3.123
10378,2.419,3.123
10379,2.395,3.123
10380,2.380,3.123
10381,2.370,3.123
10382,2.366,3.123
10383,2.346,3.123
10384,2.341,3.123
10385,2.400,3.123
10386,2.586,3.123
10387,2.825,3.123
10388,2.962,3.118
10389,2.957,3.123
10390,2.859,3.118
10391,2.752,3.123
10392,2.674,3.118
10393,2.615,3.118
10394,2.581,3.118
10395,2.581,3.123
10396,2.590,3.118
10397,2.595,3.123
10398,2.590,3.118
10399,2.556,3.118
10400,2.522,3.118
10401,2.493,3.118
10402,2.468,3.118
10403,2.439,3.118
10404,2.429,3.123
10405,2.414,3.118
10406,2.400,3.123
10407,2.380,3.118
10408,2.405,3.123
10409,2.537,3.118
10410,2.747,3.118
10411,2.898,3.118
10412,2.928,3.118
10413,2.864,3.118
10414,2.766,3.118
10415,2.688,3.118
10416,2.620,3.118
10417,2.576,3.118
10418,2.561,3.118
10419,2.566,3.118
10420,2.561,3.118
10421,2.551,3.118
10422,2.522,3.118
10423,2.483,3.118
10424,2.454,3.118
10425,2.429,3.118
10426,2.410,3.118
10427,2.400,3.118
10428,2.380,3.118
10429,2.366,3.118
10430,2.351,3.118
10431,2.336,3.118
10432,2.322,3.118
10433,2.312,3.118
10434,2.380,3.118
10435,2.576,3.118
10436,2.791,3.118
10437,2.908,3.118
10438,2.879,3.118
10439,2.796,3.118
10440,2.717,3.118
10441,2.659,3.118
10442,2.595,3.118
10443,2.551,3.118
10444,2.542,3.118
10445,2.551,3.118
10446,2.551,3.118
10447,2.517,3.118
10448,2.473,3.118
10449,2.429,3.118
10450,2.400,3.118
10451,2.375,3.118
10452,2.366,3.118
10453,2.351,3.118
10454,2.326,3.118
10455,2.312,3.118
10456,2.307,3.118
10457,2.307,3.118
10458,2.307,3.118
10459,2.307,3.118
10460,2.326,3.118
10461,2.434,3.118
10462,2.639,3.118
10463,2.825,3.118
10464,2.893,3.118
10465,2.854,3.118
10466,2.757,3.118
10467,2.669,3.118
10468,2.605,3.113
10469,2.546,3.118
10470,2.502,3.113
10471,2.493,3.118
10472,2.493,3.113
10473,2.493,3.118
10474,2.478,3.113
10475,2.454,3.118
10476,2.419,3.113
10477,2.390,3.118
10478,2.370,3.113
10479,2.346,3.118
10480,2.341,3.113
10481,2.331,3.118
10482,2.322,3.113
10483,2.312,3.113
10484,2.307,3.113
10485,2.287,3.118
10486,2.283,3.113
10487,2.283,3.118
10488,2.346,3.113
10489,2.522,3.113
10490,2.713,3.113
10491,2.810,3.113
10492,2.791,3.113
10493,2.703,3.113
10494,2.625,3.113
10495,2.566,3.113
10496,2.517,3.113
10497,2.473,3.113
10498,2.458,3.113
10499,2.463,3.113
10500,2.468,3.113
10501,2.454,3.113
10502,2.429,3.113
10503,2.395,3.113
10504,2.366,3.113
10505,2.336,3.113
10506,2.312,3.113
10507,2.302,3.113
10508,2.302,3.113
10509,2.297,3.113
10510,2.287,3.113
10511,2.283,3.113
10512,2.268,3.113
10513,2.283,3.113
10514,2.370,3.113
10515,2.551,3.113
10516,2.703,3.113
10517,2.757,3.113
10518,2.708,3.113
10519,2.625,3.113
10520,2.556,3.113
10521,2.498,3.113
10522,2.458,3.113
10523,2.429,3.113
10524,2.434,3.113
10525,2.449,3.113
10526,2.449,3.113
10527,2.434,3.113
10528,2.410,3.113
10529,2.380,3.113
10530,2.356,3.113
10531,2.336,3.113
10532,2.322,3.113
10533,2.312,3.113
10534,2.297,3.113
10535,2.292,3.113
10536,2.292,3.113
10537,2.278,3.113
10538,2.278,3.113
10539,2.268,3.113
10540,2.258,3.113
10541,2.258,3.113
10542,2.312,3.113
10543,2.468,3.113
10544,2.630,3.113
10545,2.717,3.113
10546,2.708,3.113
10547,2.644,3.113
10548,2.581,3.113
10549,2.542,3.113
10550,2.512,3.113
10551,2.478,3.113
10552,2.463,3.113
10553,2.454,3.113
10554,2.454,3.113
10555,2.454,3.113
10556,2.439,3.113
10557,2.419,3.113
10558,2.410,3.113
10559,2.395,3.113
10560,2.380,3.113
10561,2.370,3.113
10562,2.356,3.113
10563,2.341,3.113
10564,2.336,3.118
10565,2.326,3.113
10566,2.322,3.113
10567,2.317,3.113
10568,2.312,3.113
10569,2.307,3.113
10570,2.312,3.113
10571,2.385,3.113
10572,2.532,3.113
10573,2.659,3.113
10574,2.708,3.113
10575,2.678,3.113
10576,2.615,3.113
10577,2.556,3.113
10578,2.517,3.113
10579,2.488,3.113
10580,2.468,3.113
10581,2.458,3.113
10582,2.454,3.113
10583,2.449,3.113
10584,2.449,3.113
10585,2.434,3.113
10586,2.414,3.113
10587,2.380,3.113
10588,2.361,3.113
10589,2.341,3.113
10590,2.326,3.113
10591,2.322,3.113
10592,2.312,3.113
10593,2.312,3.113
10594,2.302,3.113
10595,2.297,3.113
10596,2.283,3.113
10597,2.292,3.113
10598,2.380,3.113
10599,2.532,3.113
10600,2.664,3.113
10601,2.713,3.113
10602,2.683,3.113
10603,2.620,3.113
10604,2.546,3.113
10605,2.498,3.113
10606,2.458,3.113
10607,2.444,3.113
10608,2.458,3.113
10609,2.483,3.113
10610,2.498,3.113
10611,2.493,3.113
10612,2.468,3.113
10613,2.444,3.113
10614,2.434,3.113
10615,2.429,3.113
10616,2.424,3.113
10617,2.414,3.113
10618,2.410,3.113
10619,2.414,3.113
10620,2.419,3.113
10621,2.414,3.113
10622,2.429,3.113
10623,2.542,3.113
10624,2.708,3.113
10625,2.825,3.113
10626,2.845,3.113
10627,2.805,3.118
10628,2.752,3.118
10629,2.703,3.118
10630,2.654,3.118
10631,2.605,3.118
10632,2.576,3.118
10633,2.581,3.118
10634,2.576,3.118
10635,2.561,3.118
10636,2.542,3.118
10637,2.522,3.118
10638,2.507,3.118
10639,2.502,3.118
10640,2.512,3.118
10641,2.507,3.118
10642,2.498,3.118
10643,2.483,3.118
10644,2.498,3.118
10645,2.600,3.118
10646,2.791,3.118
10647,2.913,3.118
10648,2.937,3.118
10649,2.874,3.118
10650,2.805,3.118
10651,2.737,3.118
10652,2.674,3.118
10653,2.620,3.118
10654,2.595,3.118
10655,2.615,3.118
10656,2.649,3.118
10657,2.674,3.118
10658,2.669,3.118
10659,2.634,3.118
10660,2.590,3.118
10661,2.561,3.118
10662,2.546,3.118
10663,2.546,3.118
10664,2.542,3.118
10665,2.532,3.118
10666,2.512,3.118
10667,2.522,3.118
10668,2.649,3.118
10669,2.849,3.118
10670,2.986,3.113
10671,3.001,3.118
10672,2.937,3.113
10673,2.830,3.113
10674,2.761,3.113
10675,2.693,3.113
10676,2.630,3.113
10677,2.581,3.109
10678,2.576,3.113
10679,2.581,3.109
10680,2.586,3.113
10681,2.566,3.109
10682,2.532,3.109
10683,2.488,3.109
10684,2.444,3.109
10685,2.385,3.109
10686,2.346,3.109
10687,2.326,3.109
10688,2.268,3.109
10689,2.263,3.109
10690,2.258,3.109
10691,2.312,3.109
10692,2.498,3.109
10693,2.747,3.109
10694,2.908,3.109
10695,2.933,3.109
10696,2.869,3.109
10697,2.761,3.109
10698,2.678,3.109
10699,2.615,3.109
10700,2.556,3.109
10701,2.522,3.109
10702,2.512,3.104
10703,2.522,3.109
10704,2.522,3.104
10705,2.498,3.109
10706,2.468,3.104
10707,2.434,3.109
10708,2.400,3.104
10709,2.380,3.109
10710,2.370,3.104
10711,2.375,3.104
10712,2.380,3.104
10713,2.370,3.104
10714,2.361,3.104
10715,2.405,3.104
10716,2.571,3.104
10717,2.776,3.104
10718,2.903,3.104
10719,2.918,3.104
10720,2.845,3.104
10721,2.752,3.104
10722,2.688,3.104
10723,2.639,3.104
10724,2.590,3.104
10725,2.561,3.104
10726,2.561,3.104
10727,2.561,3.104
10728,2.546,3.104
10729,2.502,3.104
10730,2.463,3.104
10731,2.439,3.104
10732,2.414,3.104
10733,2.385,3.104
10734,2.361,3.104
10735,2.351,3.109
10736,2.351,3.104
10737,2.346,3.109
10738,2.331,3.104
10739,2.307,3.104
10740,2.331,3.104
10741,2.488,3.104
10742,2.732,3.104
10743,2.903,3.104
10744,2.937,3.104
10745,2.854,3.104
10746,2.727,3.104
10747,2.625,3.104
10748,2.561,3.104
10749,2.507,3.104
10750,2.458,3.104
10751,2.444,3.104
10752,2.458,3.104
10753,2.473,3.104
10754,2.468,3.104
10755,2.449,3.104
10756,2.414,3.104
10757,2.375,3.104
10758,2.351,3.104
10759,2.331,3.104
10760,2.317,3.104
10761,2.312,3.104
10762,2.302,3.104
10763,2.302,3.104
10764,2.297,3.104
10765,2.351,3.104
10766,2.517,3.099
10767,2.717,3.104
10768,2.845,3.104
10769,2.845,3.104
10770,2.766,3.104
10771,2.669,3.104
10772,2.590,3.104
10773,2.527,3.104
10774,2.478,3.104
10775,2.463,3.104
10776,2.473,3.104
10777,2.483,3.104
10778,2.488,3.104
10779,2.468,3.104
10780,2.444,3.104
10781,2.405,3.104
10782,2.375,3.104
10783,2.351,3.099
10784,2.336,3.104
10785,2.331,3.104
10786,2.326,3.104
10787,2.317,3.104
10788,2.307,3.104
10789,2.326,3.104
10790,2.454,3.099
10791,2.664,3.104
10792,2.825,3.099
10793,2.864,3.104
10794,2.805,3.099
10795,2.708,3.104
10796,2.630,3.099
10797,2.561,3.104
10798,2.507,3.099
10799,2.483,3.104
10800,2.488,3.099
10801,2.507,3.099
10802,2.507,3.099
10803,2.498,3.104
10804,2.468,3.099
10805,2.434,3.099
10806,2.410,3.099
10807,2.385,3.099
10808,2.361,3.104
10809,2.356,3.099
10810,2.336,3.104
10811,2.322,3.099
10812,2.317,3.099
10813,2.307,3.099
10814,2.351,3.099
10815,2.522,3.099
10816,2.747,3.099
10817,2.893,3.099
10818,2.913,3.099
10819,2.835,3.099
10820,2.737,3.099
10821,2.659,3.099
10822,2.600,3.099
10823,2.556,3.099
10824,2.527,3.099
10825,2.522,3.099
10826,2.532,3.099
10827,2.537,3.099
10828,2.522,3.099
10829,2.483,3.099
10830,2.449,3.099
10831,2.414,3.099
10832,2.390,3.099
10833,2.370,3.094
10834,2.351,3.099
10835,2.336,3.094
10836,2.331,3.094
10837,2.322,3.094
10838,2.317,3.094
10839,2.312,3.094
10840,2.322,3.094
10841,2.424,3.094
10842,2.649,3.094
10843,2.849,3.094
10844,2.937,3.094
10845,2.898,3.094
10846,2.796,3.094
10847,2.698,3.094
10848,2.630,3.094
10849,2.576,3.094
10850,2.537,3.094
10851,2.527,3.094
10852,2.537,3.094
10853,2.542,3.094
10854,2.522,3.094
10855,2.493,3.094
10856,2.463,3.094
10857,2.424,3.094
10858,2.395,3.094
10859,2.370,3.094
10860,2.356,3.094
10861,2.346,3.094
10862,2.346,3.094
10863,2.336,3.094
10864,2.326,3.094
10865,2.312,3.094
10866,2.312,3.094
10867,2.410,3.094
10868,2.620,3.094
10869,2.854,3.094
10870,2.977,3.094
10871,2.957,3.094
10872,2.864,3.094
10873,2.757,3.094
10874,2.688,3.094
10875,2.644,3.094
10876,2.610,3.094
10877,2.590,3.094
10878,2.590,3.094
10879,2.590,3.094
10880,2.576,3.094
10881,2.551,3.094
10882,2.517,3.089
10883,2.483,3.094
10884,2.449,3.094
10885,2.414,3.094
10886,2.390,3.094
10887,2.380,3.094
10888,2.366,3.094
10889,2.351,3.094
10890,2.341,3.094
10891,2.336,3.094
10892,2.326,3.094
10893,2.336,3.094
10894,2.429,3.094
10895,2.644,3.094
10896,2.854,3.094
10897,2.962,3.094
10898,2.942,3.094
10899,2.840,3.094
10900,2.727,3.094
10901,2.644,3.094
10902,2.586,3.094
10903,2.546,3.094
10904,2.537,3.094
10905,2.532,3.094
10906,2.537,3.094
10907,2.527,3.094
10908,2.498,3.094
10909,2.458,3.094
10910,2.419,3.094
10911,2.380,3.094
10912,2.356,3.094
10913,2.336,3.094
10914,2.326,3.094
10915,2.312,3.094
10916,2.302,3.094
10917,2.297,3.094
10918,2.292,3.094
10919,2.283,3.094
10920,2.326,3.094
10921,2.493,3.094
10922,2.713,3.094
10923,2.859,3.094
10924,2.884,3.094
10925,2.801,3.094
10926,2.688,3.094
10927,2.595,3.094
10928,2.522,3.094
10929,2.463,3.094
10930,2.444,3.094
10931,2.458,3.094
10932,2.483,3.094
10933,2.493,3.094
10934,2.478,3.094
10935,2.444,3.094
10936,2.410,3.094
10937,2.366,3.094
10938,2.331,3.094
10939,2.317,3.094
10940,2.297,3.094
10941,2.302,3.094
10942,2.297,3.094
10943,2.283,3.094
10944,2.273,3.094
10945,2.302,3.094
10946,2.434,3.094
10947,2.654,3.094
10948,2.825,3.094
10949,2.874,3.094
10950,2.815,3.094
10951,2.713,3.094
10952,2.605,3.094
10953,2.532,3.094
10954,2.478,3.094
10955,2.463,3.094
10956,2.478,3.094
10957,2.507,3.094
10958,2.502,3.094
10959,2.478,3.094
10960,2.444,3.094
10961,2.410,3.094
10962,2.375,3.094
10963,2.346,3.094
10964,2.341,3.094
10965,2.336,3.094
10966,2.331,3.094
10967,2.317,3.094
10968,2.307,3.094
10969,2.370,3.094
10970,2.586,3.094
10971,2.796,3.094
10972,2.898,3.094
10973,2.879,3.094
10974,2.786,3.094
10975,2.678,3.094
10976,2.590,3.094
10977,2.532,3.094
10978,2.493,3.094
10979,2.493,3.094
10980,2.512,3.094
10981,2.532,3.094
10982,2.517,3.094
10983,2.493,3.094
10984,2.458,3.094
10985,2.419,3.094
10986,2.390,3.094
10987,2.366,3.094
10988,2.366,3.094
10989,2.351,3.094
10990,2.346,3.094
10991,2.336,3.094
10992,2.326,3.094
10993,2.370,3.094
10994,2.542,3.094
10995,2.776,3.094
10996,2.933,3.094
10997,2.952,3.094
10998,2.854,3.094
10999,2.737,3.094
11000,2.644,3.094
11001,2.571,3.094
11002,2.537,3.094
11003,2.527,3.094
11004,2.537,3.094
11005,2.551,3.094
11006,2.542,3.094
11007,2.507,3.094
11008,2.473,3.094
11009,2.434,3.094
11010,2.405,3.094
11011,2.380,3.094
11012,2.366,3.094
11013,2.356,3.094
11014,2.346,3.094
11015,2.331,3.094
11016,2.317,3.094
11017,2.307,3.094
11018,2.361,3.094
11019,2.556,3.094
11020,2.796,3.094
11021,2.952,3.094
11022,2.967,3.094
11023,2.869,3.094
11024,2.742,3.094
11025,2.654,3.094
11026,2.586,3.094
11027,2.542,3.094
11028,2.532,3.094
11029,2.537,3.094
11030,2.546,3.094
11031,2.537,3.094
11032,2.512,3.094
11033,2.468,3.094
11034,2.434,3.094
11035,2.410,3.094
11036,2.390,3.094
11037,2.380,3.094
11038,2.366,3.094
11039,2.356,3.094
11040,2.351,3.094
11041,2.351,3.094
11042,2.356,3.094
11043,2.356,3.094
11044,2.414,3.094
11045,2.590,3.094
11046,2.815,3.094
11047,2.937,3.094
11048,2.928,3.094
11049,2.835,3.094
11050,2.708,3.094
11051,2.620,3.094
11052,2.551,3.094
11053,2.512,3.094
11054,2.502,3.094
11055,2.517,3.094
11056,2.542,3.094
11057,2.537,3.094
11058,2.517,3.094
11059,2.493,3.094
11060,2.458,3.094
11061,2.429,3.094
11062,2.410,3.094
11063,2.390,3.094
11064,2.375,3.094
11065,2.361,3.094
11066,2.351,3.094
11067,2.341,3.094
11068,2.322,3.094
11069,2.326,3.094
11070,2.439,3.094
11071,2.644,3.094
11072,2.835,3.094
11073,2.908,3.094
11074,2.854,3.094
11075,2.742,3.094
11076,2.620,3.094
11077,2.537,3.094
11078,2.483,3.094
11079,2.458,3.094
11080,2.458,3.094
11081,2.473,3.094
11082,2.483,3.094
11083,2.463,3.094
11084,2.439,3.094
11085,2.414,3.094
11086,2.380,3.094
11087,2.361,3.094
11088,2.346,3.094
11089,2.336,3.094
11090,2.331,3.094
11091,2.322,3.094
11092,2.317,3.094
11093,2.307,3.094
11094,2.292,3.094
11095,2.312,3.094
11096,2.429,3.094
11097,2.630,3.094
11098,2.796,3.094
11099,2.835,3.094
11100,2.786,3.094
11101,2.688,3.094
11102,2.605,3.094
11103,2.542,3.094
11104,2.488,3.094
11105,2.473,3.094
11106,2.483,3.094
11107,2.498,3.094
11108,2.498,3.094
11109,2.473,3.094
11110,2.439,3.094
11111,2.414,3.094
11112,2.405,3.094
11113,2.380,3.094
11114,2.366,3.094
11115,2.356,3.094
11116,2.346,3.094
11117,2.331,3.094
11118,2.336,3.094
11119,2.405,3.094
11120,2.566,3.094
11121,2.742,3.094
11122,2.815,3.094
11123,2.791,3.094
11124,2.698,3.094
11125,2.605,3.094
11126,2.537,3.094
11127,2.488,3.094
11128,2.463,3.094
11129,2.463,3.094
11130,2.478,3.094
11131,2.483,3.094
11132,2.463,3.094
11133,2.429,3.094
11134,2.395,3.094
11135,2.370,3.094
11136,2.351,3.094
11137,2.346,3.094
11138,2.341,3.094
11139,2.336,3.094
11140,2.322,3.094
11141,2.312,3.094
11142,2.307,3.094
11143,2.385,3.094
11144,2.551,3.094
11145,2.722,3.094
11146,2.781,3.094
11147,2.742,3.094
11148,2.664,3.094
11149,2.605,3.094
11150,2.551,3.094
11151,2.522,3.094
11152,2.488,3.094
11153,2.478,3.094
11154,2.488,3.094
11155,2.488,3.094
11156,2.478,3.094
11157,2.454,3.094
11158,2.419,3.094
11159,2.395,3.094
11160,2.375,3.094
11161,2.356,3.094
11162,2.341,3.094
11163,2.336,3.094
11164,2.331,3.094
11165,2.326,3.094
11166,2.322,3.094
11167,2.312,3.094
11168,2.331,3.094
11169,2.439,3.094
11170,2.610,3.094
11171,2.742,3.094
11172,2.776,3.094
11173,2.727,3.094
11174,2.649,3.094
11175,2.590,3.094
11176,2.556,3.094
11177,2.522,3.094
11178,2.498,3.094
11179,2.488,3.094
11180,2.483,3.094
11181,2.478,3.094
11182,2.463,3.094
11183,2.434,3.094
11184,2.410,3.094
11185,2.390,3.094
11186,2.375,3.094
11187,2.361,3.094
11188,2.346,3.094
11189,2.336,3.094
11190,2.326,3.094
11191,2.322,3.094
11192,2.317,3.094
11193,2.307,3.094
11194,2.312,3.094
11195,2.370,3.094
11196,2.507,3.094
11197,2.669,3.094
11198,2.766,3.094
11199,2.761,3.094
11200,2.703,3.094
11201,2.634,3.094
11202,2.590,3.094
11203,2.551,3.094
11204,2.512,3.094
11205,2.502,3.094
11206,2.502,3.094
11207,2.507,3.094
11208,2.498,3.094
11209,2.483,3.094
11210,2.458,3.094
11211,2.439,3.094
11212,2.419,3.094
11213,2.400,3.094
11214,2.385,3.094
11215,2.370,3.094
11216,2.356,3.094
11217,2.351,3.094
11218,2.346,3.094
11219,2.336,3.094
11220,2.331,3.094
11221,2.331,3.094
11222,2.331,3.094
11223,2.326,3.094
11224,2.326,3.094
11225,2.390,3.094
11226,2.542,3.094
11227,2.708,3.094
11228,2.801,3.094
11229,2.791,3.094
11230,2.722,3.094
11231,2.654,3.094
11232,2.615,3.094
11233,2.576,3.094
11234,2.546,3.094
11235,2.537,3.094
11236,2.542,3.094
11237,2.537,3.094
11238,2.532,3.094
11239,2.507,3.094
11240,2.483,3.094
11241,2.458,3.094
11242,2.444,3.094
11243,2.424,3.094
11244,2.410,3.094
11245,2.390,3.094
11246,2.375,3.094
11247,2.370,3.094
11248,2.375,3.094
11249,2.370,3.094
11250,2.356,3.094
11251,2.356,3.094
11252,2.375,3.099
11253,2.488,3.094
11254,2.678,3.094
11255,2.815,3.094
11256,2.854,3.094
11257,2.805,3.094
11258,2.727,3.094
11259,2.659,3.094
11260,2.615,3.094
11261,2.581,3.094
11262,2.566,3.094
11263,2.576,3.094
11264,2.586,3.094
11265,2.590,3.094
11266,2.571,3.094
11267,2.532,3.094
11268,2.498,3.094
11269,2.468,3.099
11270,2.439,3.094
11271,2.424,3.099
11272,2.410,3.094
11273,2.410,3.099
11274,2.395,3.094
11275,2.385,3.094
11276,2.375,3.094
11277,2.370,3.094
11278,2.361,3.094
11279,2.380,3.094
11280,2.488,3.099
11281,2.698,3.094
11282,2.889,3.099
11283,2.977,3.094
11284,2.947,3.099
11285,2.859,3.094
11286,2.776,3.099
11287,2.722,3.094
11288,2.669,3.099
11289,2.639,3.094
11290,2.630,3.099
11291,2.634,3.094
11292,2.639,3.094
11293,2.620,3.099
11294,2.595,3.094
11295,2.561,3.099
11296,2.527,3.094
11297,2.498,3.099
11298,2.468,3.094
11299,2.454,3.099
11300,2.439,3.094
11301,2.429,3.099
11302,2.419,3.094
11303,2.405,3.099
11304,2.395,3.099
11305,2.390,3.094
11306,2.390,3.094
11307,2.370,3.094
11308,2.361,3.099
11309,2.390,3.094
11310,2.537,3.099
11311,2.786,3.094
11312,2.981,3.099
11313,3.040,3.094
11314,2.981,3.099
11315,2.874,3.094
11316,2.796,3.099
11317,2.732,3.099
11318,2.698,3.094
11319,2.674,3.099
11320,2.659,3.094
11321,2.664,3.094
11322,2.649,3.094
11323,2.620,3.094
11324,2.586,3.099
11325,2.542,3.094
11326,2.493,3.099
11327,2.463,3.094
11328,2.444,3.099
11329,2.434,3.094
11330,2.429,3.099
11331,2.419,3.094
11332,2.410,3.099
11333,2.390,3.094
11334,2.385,3.099
11335,2.375,3.094
11336,2.370,3.099
11337,2.366,3.094
11338,2.361,3.099
11339,2.414,3.094
11340,2.590,3.099
11341,2.820,3.099
11342,2.972,3.099
11343,3.001,3.099
11344,2.918,3.094
11345,2.805,3.099
11346,2.717,3.094
11347,2.659,3.099
11348,2.620,3.094
11349,2.615,3.099
11350,2.630,3.099
11351,2.639,3.099
11352,2.634,3.099
11353,2.615,3.099
11354,2.576,3.099
11355,2.527,3.094
11356,2.488,3.099
11357,2.458,3.099
11358,2.439,3.099
11359,2.429,3.094
11360,2.424,3.099
11361,2.429,3.094
11362,2.434,3.099
11363,2.429,3.094
11364,2.429,3.099
11365,2.429,3.099
11366,2.507,3.099
11367,2.703,3.094
11368,2.908,3.099
11369,3.011,3.099
11370,3.001,3.099
11371,2.913,3.099
11372,2.820,3.099
11373,2.757,3.099
11374,2.713,3.099
11375,2.669,3.099
11376,2.634,3.099
11377,2.630,3.099
11378,2.625,3.094
11379,2.620,3.099
11380,2.590,3.099
11381,2.551,3.099
11382,2.517,3.099
11383,2.483,3.099
11384,2.458,3.099
11385,2.434,3.099
11386,2.414,3.099
11387,2.390,3.099
11388,2.366,3.099
11389,2.341,3.099
11390,2.326,3.099
11391,2.326,3.099
11392,2.322,3.099
11393,2.351,3.099
11394,2.498,3.099
11395,2.727,3.094
11396,2.913,3.099
11397,2.967,3.099
11398,2.908,3.099
11399,2.805,3.099
11400,2.722,3.099
11401,2.678,3.099
11402,2.634,3.099
11403,2.600,3.099
11404,2.581,3.099
11405,2.581,3.099
11406,2.581,3.099
11407,2.556,3.099
11408,2.522,3.099
11409,2.483,3.099
11410,2.449,3.099
11411,2.414,3.099
11412,2.385,3.099
11413,2.370,3.099
11414,2.356,3.099
11415,2.351,3.099
11416,2.341,3.099
11417,2.331,3.099
11418,2.326,3.099
11419,2.317,3.099
11420,2.312,3.099
11421,2.370,3.099
11422,2.556,3.099
11423,2.781,3.099
11424,2.913,3.104
11425,2.908,3.099
11426,2.825,3.104
11427,2.727,3.104
11428,2.654,3.104
11429,2.600,3.109
11430,2.561,3.109
11431,2.542,3.113
11432,2.551,3.113
11433,2.566,3.118
11434,2.566,3.118
11435,2.542,3.123
11436,2.498,3.118
11437,2.458,3.123
11438,2.419,3.123
11439,2.390,3.123
11440,2.375,3.123
11441,2.361,3.123
11442,2.356,3.123
11443,2.366,3.128
11444,2.478,3.128
11445,2.683,3.128
11446,2.859,3.128
11447,2.918,3.128
11448,2.864,3.128
11449,2.761,3.133
11450,2.674,3.128
11451,2.610,3.133
11452,2.561,3.133
11453,2.522,3.133
11454,2.527,3.133
11455,2.527,3.133
11456,2.527,3.138
11457,2.512,3.133
11458,2.473,3.138
11459,2.444,3.138
11460,2.414,3.138
11461,2.390,3.138
11462,2.380,3.138
11463,2.366,3.138
11464,2.356,3.138
11465,2.341,3.138
11466,2.331,3.138
11467,2.326,3.138
11468,2.414,3.138
11469,2.620,3.138
11470,2.830,3.138
11471,2.928,3.138
11472,2.898,3.138
11473,2.815,3.138
11474,2.737,3.138
11475,2.674,3.143
11476,2.610,3.138
11477,2.561,3.138
11478,2.532,3.138
11479,2.537,3.143
11480,2.542,3.138
11481,2.532,3.138
11482,2.498,3.143
11483,2.458,3.138
11484,2.414,3.143
11485,2.385,3.138
11486,2.356,3.143
11487,2.331,3.138
11488,2.326,3.143
11489,2.312,3.138
11490,2.302,3.143
11491,2.287,3.138
11492,2.283,3.143
11493,2.273,3.138
11494,2.312,3.143
11495,2.463,3.143
11496,2.683,3.143
11497,2.840,3.143
11498,2.859,3.143
11499,2.791,3.143
11500,2.693,3.138
11501,2.615,3.143
11502,2.561,3.138
11503,2.512,3.143
11504,2.478,3.138
11505,2.478,3.143
11506,2.493,3.138
11507,2.498,3.143
11508,2.483,3.138
11509,2.444,3.138
11510,2.414,3.138
11511,2.380,3.128
11512,2.361,3.133
11513,2.341,3.128
11514,2.326,3.128
11515,2.307,3.123
11516,2.283,3.123
11517,2.292,3.118
11518,2.405,3.118
11519,2.605,3.118
11520,2.761,3.118
11521,2.810,3.113
11522,2.757,3.118
11523,2.683,3.113
11524,2.620,3.113
11525,2.566,3.113
11526,2.522,3.113
11527,2.498,3.118
11528,2.498,3.113
11529,2.502,3.123
11530,2.502,3.128
11531,2.483,3.138
11532,2.449,3.138
11533,2.419,3.148
11534,2.395,3.148
11535,2.375,3.157
11536,2.366,3.157
11537,2.346,3.162
11538,2.331,3.167
11539,2.351,3.167
11540,2.493,3.172
11541,2.703,3.172
11542,2.849,3.177
11543,2.874,3.177
11544,2.801,3.177
11545,2.727,3.172
11546,2.674,3.172
11547,2.630,3.157
11548,2.576,3.157
11549,2.532,3.152
11550,2.517,3.152
11551,2.527,3.152
11552,2.527,3.157
11553,2.502,3.162
11554,2.468,3.167
11555,2.439,3.172
11556,2.405,3.177
11557,2.380,3.177
11558,2.366,3.177
11559,2.361,3.182
11560,2.351,3.177
11561,2.336,3.182
11562,2.331,3.177
11563,2.414,3.182
11564,2.615,3.177
11565,2.796,3.182
11566,2.869,3.177
11567,2.825,3.182
11568,2.732,3.182
11569,2.527,3.182
11570,2.488,3.182
11571,2.483,3.182
11572,2.488,3.182
11573,2.483,3.182
11574,2.468,3.182
11575,2.434,3.182
11576,2.405,3.177
11577,2.375,3.182
11578,2.356,3.177
11579,2.336,3.182
11580,2.326,3.177
11581,2.322,3.182
11582,2.322,3.177
11583,2.307,3.182
11584,2.292,3.177
11585,2.287,3.177
11586,2.356,3.177
11587,2.542,3.177
11588,2.727,3.172
11589,2.810,3.167
11590,2.776,3.167
11591,2.693,3.162
11592,2.630,3.162
11593,2.581,3.157
11594,2.522,3.157
11595,2.473,3.157
11596,2.434,3.157
11597,2.414,3.157
11598,2.405,3.162
11599,2.390,3.162
11600,2.385,3.162
11601,2.385,3.167
11602,2.400,3.167
11603,2.414,3.172
11604,2.419,3.172
11605,2.390,3.172
11606,2.346,3.172
11607,2.297,3.177
11608,2.253,3.172
11609,2.229,3.177
11610,2.234,3.172
11611,2.253,3.177
11612,2.312,3.172
11613,2.458,3.177
11614,2.664,3.172
11615,2.791,3.177
11616,2.801,3.177
11617,2.737,3.172
11618,2.659,3.177
11619,2.605,3.172
11620,2.556,3.177
11621,2.502,3.172
11622,2.468,3.177
11623,2.473,3.172
11624,2.478,3.177
11625,2.488,3.172
11626,2.463,3.177
11627,2.429,3.172
11628,2.395,3.177
11629,2.380,3.172
11630,2.351,3.177
11631,2.331,3.172
11632,2.322,3.172
11633,2.322,3.172
11634,2.322,3.172
11635,2.312,3.172
11636,2.307,3.172
11637,2.370,3.172
11638,2.527,3.172
11639,2.693,3.172
11640,2.771,3.172
11641,2.757,3.172
11642,2.693,3.172
11643,2.615,3.172
11644,2.566,3.172
11645,2.522,3.172
11646,2.483,3.172
11647,2.493,3.172
11648,2.498,3.172
11649,2.507,3.172
11650,2.488,3.172
11651,2.458,3.172
11652,2.439,3.172
11653,2.424,3.172
11654,2.410,3.172
11655,2.400,3.172
11656,2.380,3.172
11657,2.375,3.172
11658,2.361,3.172
11659,2.351,3.172
11660,2.385,3.172
11661,2.527,3.167
11662,2.698,3.172
11663,2.796,3.172
11664,2.796,3.172
11665,2.742,3.172
11666,2.674,3.172
11667,2.615,3.172
11668,2.556,3.167
11669,2.502,3.172
11670,2.488,3.167
11671,2.502,3.172
11672,2.517,3.167
11673,2.502,3.167
11674,2.478,3.167
11675,2.449,3.172
11676,2.424,3.167
11677,2.410,3.167
11678,2.390,3.167
11679,2.380,3.167
11680,2.370,3.167
11681,2.361,3.167
11682,2.356,3.172
11683,2.341,3.167
11684,2.351,3.172
11685,2.468,3.167
11686,2.669,3.172
11687,2.830,3.167
11688,2.879,3.172
11689,2.835,3.167
11690,2.752,3.167
11691,2.674,3.167
11692,2.625,3.167
11693,2.586,3.167
11694,2.566,3.167
11695,2.590,3.167
11696,2.634,3.167
11697,2.644,3.167
11698,2.625,3.172
11699,2.581,3.167
11700,2.537,3.172
11701,2.488,3.167
11702,2.449,3.172
11703,2.414,3.167
11704,2.405,3.167
11705,2.400,3.167
11706,2.390,3.167
11707,2.385,3.167
11708,2.410,3.167
11709,2.556,3.167
11710,2.757,3.167
11711,2.884,3.167
11712,2.889,3.162
11713,2.810,3.162
11714,2.722,3.162
11715,2.669,3.162
11716,2.625,3.157
11717,2.571,3.162
11718,2.522,3.157
11719,2.493,3.162
11720,2.483,3.157
11721,2.473,3.162
11722,2.454,3.157
11723,2.419,3.162
11724,2.380,3.162
11725,2.356,3.157
11726,2.341,3.162
11727,2.326,3.157
11728,2.322,3.162
11729,2.307,3.157
11730,2.297,3.162
11731,2.326,3.157
11732,2.458,3.162
11733,2.674,3.157
11734,2.825,3.162
11735,2.854,3.157
11736,2.791,3.162
11737,2.688,3.157
11738,2.610,3.162
11739,2.551,3.157
11740,2.502,3.162
11741,2.473,3.162
11742,2.468,3.162
11743,2.483,3.162
11744,2.493,3.162
11745,2.478,3.162
11746,2.449,3.162
11747,2.419,3.162
11748,2.390,3.157
11749,2.370,3.162
11750,2.356,3.157
11751,2.336,3.162
11752,2.331,3.162
11753,2.326,3.162
11754,2.385,3.162
11755,2.556,3.162
11756,2.771,3.162
11757,2.893,3.162
11758,2.889,3.162
11759,2.801,3.157
11760,2.698,3.162
11761,2.625,3.157
11762,2.566,3.162
11763,2.522,3.157
11764,2.507,3.162
11765,2.517,3.157
11766,2.527,3.162
11767,2.527,3.157
11768,2.493,3.162
11769,2.449,3.162
11770,2.414,3.162
11771,2.385,3.162
11772,2.366,3.162
11773,2.351,3.162
11774,2.341,3.162
11775,2.326,3.162
11776,2.375,3.162
11777,2.542,3.162
11778,2.786,3.157
11779,2.903,3.162
11780,2.889,3.162
11781,2.801,3.162
11782,2.693,3.162
11783,2.615,3.162
11784,2.556,3.162
11785,2.512,3.162
11786,2.493,3.162
11787,2.498,3.162
11788,2.507,3.162
11789,2.502,3.162
11790,2.478,3.162
11791,2.444,3.162
11792,2.410,3.162
11793,2.385,3.162
11794,2.370,3.167
11795,2.356,3.162
11796,2.346,3.167
11797,2.336,3.162
11798,2.322,3.167
11799,2.331,3.162
11800,2.454,3.162
11801,2.683,3.162
11802,2.874,3.162
11803,2.942,3.162
11804,2.889,3.162
11805,2.766,3.167
11806,2.669,3.162
11807,2.600,3.167
11808,2.537,3.162
11809,2.493,3.167
11810,2.483,3.162
11811,2.493,3.167
11812,2.502,3.162
11813,2.483,3.162
11814,2.454,3.162
11815,2.414,3.162
11816,2.385,3.162
11817,2.361,3.162
11818,2.341,3.167
11819,2.331,3.162
11820,2.317,3.162
11821,2.317,3.167
11822,2.302,3.162
11823,2.287,3.167
11824,2.292,3.162
11825,2.366,3.167
11826,2.561,3.162
11827,2.786,3.167
11828,2.903,3.162
11829,2.889,3.167
11830,2.791,3.162
11831,2.683,3.167
11832,2.605,3.162
11833,2.546,3.162
11834,2.507,3.162
11835,2.488,3.162
11836,2.488,3.167
11837,2.498,3.162
11838,2.493,3.167
11839,2.468,3.162
11840,2.434,3.167
11841,2.395,3.162
11842,2.375,3.167
11843,2.361,3.162
11844,2.351,3.167
11845,2.346,3.162
11846,2.331,3.167
11847,2.317,3.162
11848,2.317,3.167
11849,2.390,3.162
11850,2.571,3.167
11851,2.781,3.162
11852,2.893,3.167
11853,2.874,3.162
11854,2.781,3.167
11855,2.674,3.162
11856,2.590,3.162
11857,2.517,3.167
11858,2.468,3.162
11859,2.463,3.167
11860,2.478,3.162
11861,2.488,3.167
11862,2.473,3.162
11863,2.439,3.167
11864,2.405,3.167
11865,2.375,3.167
11866,2.361,3.167
11867,2.341,3.167
11868,2.331,3.167
11869,2.326,3.162
11870,2.317,3.167
11871,2.307,3.162
11872,2.297,3.167
11873,2.287,3.162
11874,2.302,3.167
11875,2.429,3.162
11876,2.659,3.167
11877,2.854,3.162
11878,2.923,3.167
11879,2.864,3.162
11880,2.752,3.167
11881,2.644,3.162
11882,2.556,3.167
11883,2.498,3.167
11884,2.454,3.167
11885,2.454,3.167
11886,2.463,3.162
11887,2.468,3.167
11888,2.473,3.162
11889,2.444,3.167
11890,2.419,3.162
11891,2.395,3.167
11892,2.380,3.162
11893,2.375,3.167
11894,2.375,3.162
11895,2.361,3.167
11896,2.356,3.167
11897,2.361,3.167
11898,2.361,3.167
11899,2.395,3.167
11900,2.537,3.167
11901,2.752,3.162
11902,2.913,3.167
11903,2.962,3.162
11904,2.893,3.167
11905,2.781,3.162
11906,2.683,3.167
11907,2.600,3.162
11908,2.532,3.167
11909,2.498,3.162
11910,2.498,3.167
11911,2.522,3.162
11912,2.537,3.167
11913,2.507,3.167
11914,2.473,3.162
11915,2.429,3.167
11916,2.400,3.162
11917,2.375,3.167
11918,2.351,3.162
11919,2.336,3.167
11920,2.322,3.167
11921,2.317,3.167
11922,2.302,3.167
11923,2.302,3.167
11924,2.307,3.167
11925,2.395,3.167
11926,2.590,3.167
11927,2.810,3.167
11928,2.923,3.167
11929,2.913,3.167
11930,2.815,3.167
11931,2.703,3.167
11932,2.620,3.167
11933,2.551,3.162
11934,2.502,3.167
11935,2.483,3.162
11936,2.493,3.167
11937,2.512,3.162
11938,2.512,3.167
11939,2.483,3.167
11940,2.449,3.167
11941,2.410,3.167
11942,2.380,3.167
11943,2.361,3.167
11944,2.346,3.167
11945,2.331,3.167
11946,2.322,3.167
11947,2.322,3.167
11948,2.312,3.167
11949,2.331,3.167
11950,2.473,3.167
11951,2.693,3.167
11952,2.874,3.167
11953,2.928,3.167
11954,2.874,3.167
11955,2.771,3.167
11956,2.674,3.167
11957,2.590,3.167
11958,2.527,3.167
11959,2.502,3.167
11960,2.507,3.167
11961,2.522,3.167
11962,2.532,3.167
11963,2.512,3.167
11964,2.473,3.167
11965,2.429,3.167
11966,2.395,3.167
11967,2.366,3.167
11968,2.356,3.167
11969,2.346,3.167
11970,2.341,3.167
11971,2.331,3.167
11972,2.312,3.167
11973,2.312,3.167
11974,2.400,3.167
11975,2.595,3.167
11976,2.810,3.167
11977,2.928,3.167
11978,2.903,3.167
11979,2.801,3.167
11980,2.688,3.167
11981,2.595,3.167
11982,2.527,3.167
11983,2.488,3.167
11984,2.488,3.172
11985,2.507,3.167
11986,2.527,3.167
11987,2.517,3.167
11988,2.483,3.172
11989,2.439,3.167
11990,2.405,3.172
11991,2.375,3.167
11992,2.366,3.172
11993,2.356,3.167
11994,2.361,3.167
11995,2.341,3.167
11996,2.351,3.167
11997,2.473,3.172
11998,2.688,3.167
11999,2.859,3.172
12000,2.903,3.167
12001,2.840,3.167
12002,2.732,3.167
12003,2.639,3.167
12004,2.561,3.167
12005,2.507,3.167
12006,2.488,3.172
12007,2.498,3.167
12008,2.512,3.172
12009,2.512,3.167
12010,2.478,3.172
12011,2.444,3.167
12012,2.410,3.172
12013,2.380,3.167
12014,2.361,3.167
12015,2.356,3.172
12016,2.341,3.167
12017,2.322,3.172
12018,2.326,3.167
12019,2.414,3.172
12020,2.620,3.167
12021,2.849,3.167
12022,2.913,3.172
12023,2.859,3.167
12024,2.757,3.172
12025,2.674,3.167
12026,2.595,3.172
12027,2.527,3.167
12028,2.483,3.172
12029,2.488,3.167
12030,2.507,3.172
12031,2.522,3.167
12032,2.502,3.172
12033,2.463,3.167
12034,2.424,3.172
12035,2.395,3.167
12036,2.380,3.172
12037,2.366,3.172
12038,2.356,3.167
12039,2.346,3.172
12040,2.331,3.167
12041,2.322,3.172
12042,2.312,3.167
12043,2.351,3.172
12044,2.512,3.167
12045,2.742,3.172
12046,2.898,3.167
12047,2.913,3.172
12048,2.825,3.167
12049,2.708,3.172
12050,2.630,3.172
12051,2.556,3.172
12052,2.493,3.172
12053,2.468,3.167
12054,2.458,3.172
12055,2.458,3.167
12056,2.449,3.172
12057,2.424,3.167
12058,2.380,3.172
12059,2.346,3.167
12060,2.322,3.172
12061,2.302,3.167
12062,2.302,3.167
12063,2.297,3.167
12064,2.292,3.167
12065,2.287,3.167
12066,2.278,3.167
12067,2.268,3.167
12068,2.258,3.167
12069,2.287,3.167
12070,2.424,3.167
12071,2.630,3.167
12072,2.786,3.167
12073,2.776,3.167
12074,2.688,3.167
12075,2.595,3.167
12076,2.512,3.167
12077,2.463,3.167
12078,2.434,3.167
12079,2.429,3.167
12080,2.449,3.167
12081,2.468,3.162
12082,2.468,3.167
12083,2.454,3.162
12084,2.419,3.167
12085,2.395,3.162
12086,2.380,3.167
12087,2.385,3.162
12088,2.400,3.167
12089,2.395,3.162
12090,2.405,3.162
12091,2.458,3.157
12092,2.615,3.162
12093,2.791,3.157
12094,2.879,3.157
12095,2.859,3.152
12096,2.766,3.152
12097,2.644,3.152
12098,2.517,3.152
12099,2.434,3.152
12100,2.419,3.152
12101,2.463,3.152
12102,2.512,3.148
12103,2.512,3.152
12104,2.468,3.148
12105,2.405,3.152
12106,2.356,3.148
12107,2.322,3.152
12108,2.317,3.148
12109,2.326,3.152
12110,2.341,3.148
12111,2.331,3.152
12112,2.341,3.148
12113,2.444,3.148
12114,2.615,3.148
12115,2.747,3.148
12116,2.766,3.148
12117,2.703,3.148
12118,2.610,3.148
12119,2.537,3.148
12120,2.463,3.152
12121,2.410,3.148
12122,2.405,3.152
12123,2.439,3.148
12124,2.478,3.152
12125,2.507,3.148
12126,2.498,3.152
12127,2.463,3.148
12128,2.405,3.148
12129,2.361,3.148
12130,2.331,3.148
12131,2.331,3.148
12132,2.341,3.148
12133,2.346,3.148
12134,2.395,3.148
12135,2.546,3.148
12136,2.732,3.148
12137,2.835,3.148
12138,2.801,3.148
12139,2.678,3.152
12140,2.551,3.148
12141,2.493,3.152
12142,2.463,3.148
12143,2.449,3.152
12144,2.429,3.148
12145,2.419,3.152
12146,2.419,3.148
12147,2.410,3.152
12148,2.375,3.148
12149,2.341,3.152
12150,2.302,3.148
12151,2.278,3.148
12152,2.268,3.148
12153,2.268,3.148
12154,2.263,3.148
12155,2.263,3.148
12156,2.326,3.152
12157,2.488,3.148
12158,2.664,3.148
12159,2.757,3.148
12160,2.752,3.148
12161,2.688,3.148
12162,2.634,3.148
12163,2.600,3.148
12164,2.576,3.148
12165,2.551,3.148
12166,2.556,3.148
12167,2.581,3.148
12168,2.600,3.148
12169,2.600,3.148
12170,2.581,3.148
12171,2.537,3.148
12172,2.493,3.148
12173,2.454,3.148
12174,2.439,3.148
12175,2.419,3.152
12176,2.410,3.148
12177,2.483,3.152
12178,2.669,3.148
12179,2.854,3.148
12180,2.933,3.148
12181,2.893,3.148
12182,2.786,3.148
12183,2.698,3.148
12184,2.639,3.148
12185,2.590,3.148
12186,2.537,3.148
12187,2.522,3.148
12188,2.517,3.148
12189,2.512,3.148
12190,2.507,3.148
12191,2.473,3.148
12192,2.449,3.148
12193,2.419,3.148
12194,2.390,3.148
12195,2.375,3.148
12196,2.366,3.148
12197,2.346,3.148
12198,2.375,3.148
12199,2.532,3.148
12200,2.766,3.148
12201,2.937,3.148
12202,2.981,3.148
12203,2.913,3.148
12204,2.815,3.148
12205,2.727,3.148
12206,2.664,3.148
12207,2.605,3.148
12208,2.561,3.148
12209,2.532,3.148
12210,2.532,3.148
12211,2.522,3.148
12212,2.502,3.148
12213,2.473,3.148
12214,2.434,3.148
12215,2.400,3.148
12216,2.375,3.148
12217,2.356,3.148
12218,2.341,3.148
12219,2.331,3.148
12220,2.322,3.148
12221,2.336,3.152
12222,2.463,3.148
12223,2.717,3.152
12224,2.937,3.148
12225,3.016,3.152
12226,2.957,3.148
12227,2.825,3.152
12228,2.708,3.148
12229,2.625,3.152
12230,2.556,3.148
12231,2.498,3.152
12232,2.478,3.148
12233,2.478,3.148
12234,2.478,3.148
12235,2.463,3.148
12236,2.434,3.152
12237,2.405,3.148
12238,2.370,3.152
12239,2.331,3.148
12240,2.302,3.152
12241,2.283,3.148
12242,2.278,3.152
12243,2.278,3.148
12244,2.278,3.152
12245,2.278,3.148
12246,2.287,3.152
12247,2.395,3.148
12248,2.649,3.148
12249,2.903,3.148
12250,3.016,3.148
12251,2.986,3.148
12252,2.879,3.148
12253,2.776,3.152
12254,2.708,3.148
12255,2.630,3.152
12256,2.576,3.148
12257,2.542,3.152
12258,2.527,3.148
12259,2.522,3.152
12260,2.512,3.148
12261,2.488,3.152
12262,2.468,3.148
12263,2.454,3.152
12264,2.439,3.152
12265,2.419,3.148
12266,2.400,3.152
12267,2.370,3.148
12268,2.356,3.152
12269,2.361,3.148
12270,2.488,3.152
12271,2.747,3.148
12272,2.977,3.152
12273,3.060,3.148
12274,2.996,3.152
12275,2.859,3.148
12276,2.737,3.152
12277,2.639,3.148
12278,2.571,3.152
12279,2.527,3.148
12280,2.512,3.152
12281,2.517,3.148
12282,2.522,3.152
12283,2.512,3.148
12284,2.478,3.152
12285,2.439,3.152
12286,2.400,3.148
12287,2.375,3.152
12288,2.366,3.148
12289,2.351,3.152
12290,2.341,3.148
12291,2.331,3.152
12292,2.317,3.148
12293,2.351,3.152
12294,2.532,3.148
12295,2.805,3.152
12296,3.011,3.152
12297,3.050,3.152
12298,2.962,3.152
12299,2.835,3.152
12300,2.722,3.152
12301,2.634,3.148
12302,2.561,3.152
12303,2.517,3.148
12304,2.512,3.152
12305,2.522,3.148
12306,2.517,3.152
12307,2.498,3.148
12308,2.454,3.152
12309,2.414,3.148
12310,2.385,3.152
12311,2.356,3.148
12312,2.336,3.152
12313,2.331,3.148
12314,2.322,3.152
12315,2.302,3.152
12316,2.292,3.152
12317,2.287,3.152
12318,2.390,3.148
12319,2.630,3.152
12320,2.879,3.148
12321,2.996,3.152
12322,2.962,3.148
12323,2.805,3.148
12324,2.703,3.152
12325,2.620,3.148
12326,2.546,3.152
12327,2.498,3.152
12328,2.493,3.152
12329,2.517,3.148
12330,2.527,3.152
12331,2.517,3.152
12332,2.483,3.152
12333,2.444,3.152
12334,2.414,3.152
12335,2.390,3.152
12336,2.380,3.152
12337,2.375,3.152
12338,2.370,3.148
12339,2.356,3.152
12340,2.390,3.148
12341,2.566,3.152
12342,2.815,3.148
12343,2.977,3.152
12344,2.991,3.152
12345,2.908,3.152
12346,2.786,3.152
12347,2.678,3.152
12348,2.600,3.152
12349,2.546,3.152
12350,2.532,3.152
12351,2.546,3.152
12352,2.556,3.152
12353,2.546,3.152
12354,2.512,3.152
12355,2.473,3.152
12356,2.439,3.152
12357,2.414,3.152
12358,2.395,3.152
12359,2.385,3.152
12360,2.380,3.152
12361,2.370,3.152
12362,2.356,3.152
12363,2.380,3.152
12364,2.532,3.152
12365,2.796,3.152
12366,3.001,3.152
12367,3.060,3.152
12368,2.981,3.152
12369,2.864,3.152
12370,2.771,3.152
12371,2.683,3.152
12372,2.625,3.152
12373,2.586,3.152
12374,2.576,3.148
12375,2.571,3.152
12376,2.571,3.152
12377,2.546,3.152
12378,2.507,3.152
12379,2.468,3.152
12380,2.439,3.152
12381,2.419,3.152
12382,2.410,3.152
12383,2.390,3.152
12384,2.380,3.152
12385,2.370,3.152
12386,2.346,3.152
12387,2.346,3.152
12388,2.444,3.152
12389,2.683,3.152
12390,2.923,3.152
12391,3.030,3.152
12392,3.001,3.152
12393,2.903,3.152
12394,2.801,3.152
12395,2.722,3.152
12396,2.654,3.152
12397,2.595,3.152
12398,2.556,3.152
12399,2.551,3.152
12400,2.551,3.152
12401,2.542,3.152
12402,2.517,3.152
12403,2.473,3.152
12404,2.434,3.152
12405,2.395,3.152
12406,2.375,3.152
12407,2.361,3.152
12408,2.346,3.152
12409,2.336,3.152
12410,2.336,3.152
12411,2.322,3.152
12412,2.302,3.152
12413,2.326,3.152
12414,2.488,3.152
12415,2.747,3.152
12416,2.947,3.152
12417,2.996,3.152
12418,2.913,3.152
12419,2.796,3.152
12420,2.698,3.152
12421,2.625,3.152
12422,2.561,3.152
12423,2.517,3.152
12424,2.507,3.152
12425,2.507,3.152
12426,2.512,3.152
12427,2.498,3.152
12428,2.473,3.152
12429,2.444,3.152
12430,2.414,3.152
12431,2.405,3.152
12432,2.395,3.152
12433,2.390,3.152
12434,2.380,3.152
12435,2.380,3.152
12436,2.429,3.152
12437,2.590,3.152
12438,2.801,3.152
12439,2.923,3.152
12440,2.928,3.152
12441,2.845,3.152
12442,2.747,3.152
12443,2.664,3.152
12444,2.590,3.152
12445,2.532,3.152
12446,2.517,3.152
12447,2.517,3.152
12448,2.522,3.152
12449,2.414,3.157
12450,2.380,3.152
12451,2.361,3.157
12452,2.356,3.152
12453,2.351,3.157
12454,2.346,3.152
12455,2.336,3.152
12456,2.331,3.152
12457,2.326,3.152
12458,2.400,3.152
12459,2.610,3.152
12460,2.845,3.152
12461,2.967,3.152
12462,2.957,3.152
12463,2.869,3.152
12464,2.771,3.152
12465,2.703,3.152
12466,2.639,3.157
12467,2.576,3.152
12468,2.527,3.157
12469,2.507,3.152
12470,2.498,3.157
12471,2.493,3.152
12472,2.478,3.157
12473,2.449,3.152
12474,2.419,3.157
12475,2.390,3.152
12476,2.375,3.157
12477,2.361,3.152
12478,2.351,3.157
12479,2.336,3.157
12480,2.322,3.152
12481,2.312,3.157
12482,2.351,3.152
12483,2.517,3.157
12484,2.747,3.152
12485,2.903,3.157
12486,2.933,3.152
12487,2.849,3.157
12488,2.752,3.152
12489,2.674,3.157
12490,2.610,3.152
12491,2.537,3.152
12492,2.488,3.152
12493,2.473,3.157
12494,2.468,3.152
12495,2.468,3.152
12496,2.463,3.157
12497,2.429,3.152
12498,2.400,3.157
12499,2.370,3.152
12500,2.356,3.157
12501,2.351,3.152
12502,2.336,3.157
12503,2.326,3.152
12504,2.317,3.157
12505,2.307,3.152
12506,2.302,3.157
12507,2.292,3.152
12508,2.283,3.157
12509,2.331,3.152
12510,2.527,3.152
12511,2.757,3.152
12512,2.889,3.152
12513,2.884,3.157
12514,2.791,3.152
12515,2.683,3.157
12516,2.615,3.152
12517,2.561,3.157
12518,2.512,3.152
12519,2.473,3.157
12520,2.468,3.152
12521,2.478,3.157
12522,2.468,3.152
12523,2.449,3.157
12524,2.424,3.152
12525,2.400,3.157
12526,2.380,3.152
12527,2.370,3.157
12528,2.366,3.152
12529,2.361,3.157
12530,2.351,3.152
12531,2.331,3.157
12532,2.317,3.157
12533,2.356,3.152
12534,2.522,3.157
12535,2.742,3.152
12536,2.869,3.157
12537,2.869,3.152
12538,2.776,3.157
12539,2.669,3.152
12540,2.590,3.157
12541,2.527,3.152
12542,2.473,3.157
12543,2.444,3.157
12544,2.444,3.157
12545,2.458,3.157
12546,2.454,3.157
12547,2.439,3.157
12548,2.414,3.152
12549,2.370,3.157
12550,2.346,3.152
12551,2.331,3.157
12552,2.326,3.152
12553,2.326,3.157
12554,2.312,3.152
12555,2.297,3.157
12556,2.283,3.152
12557,2.273,3.157
12558,2.268,3.157
12559,2.283,3.157
12560,2.424,3.157
12561,2.659,3.152
12562,2.845,3.157
12563,2.893,3.152
12564,2.835,3.157
12565,2.717,3.152
12566,2.630,3.157
12567,2.576,3.152
12568,2.517,3.157
12569,2.478,3.152
12570,2.463,3.157
12571,2.468,3.157
12572,2.463,3.157
12573,2.449,3.157
12574,2.429,3.157
12575,2.361,3.157
12576,2.336,3.157
12577,2.317,3.157
12578,2.312,3.157
12579,2.302,3.157
12580,2.297,3.152
12581,2.287,3.157
12582,2.283,3.152
12583,2.278,3.157
12584,2.331,3.152
12585,2.512,3.157
12586,2.727,3.152
12587,2.845,3.157
12588,2.854,3.152
12589,2.776,3.157
12590,2.678,3.152
12591,2.610,3.157
12592,2.556,3.157
12593,2.502,3.157
12594,2.463,3.157
12595,2.454,3.157
12596,2.454,3.157
12597,2.454,3.157
12598,2.439,3.157
12599,2.414,3.157
12600,2.385,3.157
12601,2.370,3.157
12602,2.351,3.157
12603,2.336,3.157
12604,2.322,3.157
12605,2.317,3.157
12606,2.312,3.157
12607,2.302,3.157
12608,2.297,3.157
12609,2.302,3.157
12610,2.356,3.157
12611,2.527,3.157
12612,2.727,3.157
12613,2.840,3.157
12614,2.815,3.157
12615,2.722,3.157
12616,2.639,3.157
12617,2.566,3.157
12618,2.502,3.152
12619,2.468,3.157
12620,2.458,3.157
12621,2.478,3.157
12622,2.498,3.157
12623,2.493,3.157
12624,2.478,3.157
12625,2.458,3.157
12626,2.449,3.157
12627,2.454,3.157
12628,2.458,3.157
12629,2.468,3.157
12630,2.458,3.157
12631,2.434,3.157
12632,2.400,3.157
12633,2.370,3.157
12634,2.410,3.157
12635,2.581,3.157
12636,2.776,3.157
12637,2.869,3.157
12638,2.849,3.157
12639,2.771,3.157
12640,2.688,3.157
12641,2.634,3.157
12642,2.586,3.157
12643,2.532,3.157
12644,2.498,3.157
12645,2.498,3.157
12646,2.502,3.157
12647,2.502,3.157
12648,2.483,3.157
12649,2.463,3.157
12650,2.429,3.157
12651,2.405,3.157
12652,2.385,3.157
12653,2.375,3.157
12654,2.366,3.157
12655,2.361,3.157
12656,2.351,3.157
12657,2.336,3.157
12658,2.346,3.157
12659,2.458,3.157
12660,2.674,3.157
12661,2.874,3.157
12662,2.942,3.157
12663,2.893,3.157
12664,2.801,3.157
12665,2.722,3.157
12666,2.669,3.157
12667,2.586,3.157
12668,2.532,3.157
12669,2.512,3.157
12670,2.517,3.157
12671,2.517,3.157
12672,2.507,3.157
12673,2.483,3.157
12674,2.449,3.157
12675,2.419,3.157
12676,2.400,3.157
12677,2.380,3.157
12678,2.375,3.157
12679,2.366,3.157
12680,2.356,3.157
12681,2.336,3.157
12682,2.322,3.157
12683,2.351,3.157
12684,2.512,3.157
12685,2.742,3.157
12686,2.918,3.157
12687,2.952,3.157
12688,2.889,3.157
12689,2.791,3.157
12690,2.708,3.157
12691,2.644,3.157
12692,2.586,3.157
12693,2.551,3.157
12694,2.546,3.157
12695,2.561,3.157
12696,2.566,3.157
12697,2.556,3.157
12698,2.537,3.157
12699,2.517,3.157
12700,2.498,3.162
12701,2.463,3.157
12702,2.444,3.162
12703,2.410,3.157
12704,2.414,3.157
12705,2.561,3.157
12706,2.801,3.157
12707,2.977,3.157
12708,3.025,3.157
12709,2.957,3.157
12710,2.849,3.157
12711,2.771,3.157
12712,2.713,3.157
12713,2.639,3.157
12714,2.576,3.157
12715,2.556,3.157
12716,2.561,3.157
12717,2.561,3.162
12718,2.542,3.157
12719,2.507,3.162
12720,2.468,3.157
12721,2.424,3.157
12722,2.400,3.157
12723,2.390,3.157
12724,2.375,3.157
12725,2.370,3.157
12726,2.361,3.162
12727,2.351,3.157
12728,2.341,3.162
12729,2.380,3.157
12730,2.581,3.162
12731,2.898,3.157
12732,3.118,3.162
12733,3.152,3.157
12734,3.055,3.162
12735,2.918,3.157
12736,2.815,3.162
12737,2.747,3.157
12738,2.683,3.157
12739,2.630,3.152
12740,2.605,3.152
12741,2.600,3.152
12742,2.595,3.152
12743,2.576,3.152
12744,2.542,3.152
12745,2.507,3.152
12746,2.458,3.152
12747,2.414,3.152
12748,2.370,3.152
12749,2.351,3.157
12750,2.331,3.152
12751,2.322,3.157
12752,2.317,3.152
12753,2.307,3.157
12754,2.292,3.152
12755,2.346,3.152
12756,2.556,3.152
12757,2.825,3.157
12758,2.996,3.157
12759,3.011,3.157
12760,2.913,3.157
12761,2.786,3.157
12762,2.693,3.162
12763,2.620,3.162
12764,2.542,3.167
12765,2.488,3.167
12766,2.478,3.177
12767,2.493,3.172
12768,2.493,3.177
12769,2.483,3.177
12770,2.449,3.182
12771,2.405,3.177
12772,2.380,3.182
12773,2.361,3.177
12774,2.336,3.182
12775,2.317,3.182
12776,2.307,3.177
12777,2.283,3.182
12778,2.283,3.177
12779,2.366,3.182
12780,2.586,3.177
12781,2.830,3.182
12782,2.967,3.177
12783,2.947,3.182
12784,2.840,3.177
12785,2.727,3.182
12786,2.639,3.177
12787,2.566,3.182
12788,2.502,3.182
12789,2.468,3.182
12790,2.483,3.182
12791,2.502,3.182
12792,2.502,3.182
12793,2.483,3.182
12794,2.439,3.182
12795,2.405,3.182
12796,2.375,3.182
12797,2.361,3.177
12798,2.351,3.182
12799,2.331,3.177
12800,2.331,3.182
12801,2.424,3.177
12802,2.683,3.177
12803,2.893,3.177
12804,2.981,3.177
12805,2.942,3.177
12806,2.849,3.177
12807,2.742,3.177
12808,2.654,3.177
12809,2.556,3.182
12810,2.493,3.177
12811,2.478,3.182
12812,2.483,3.177
12813,2.493,3.182
12814,2.483,3.177
12815,2.449,3.182
12816,2.414,3.177
12817,2.385,3.182
12818,2.361,3.177
12819,2.356,3.182
12820,2.351,3.177
12821,2.331,3.182
12822,2.297,3.182
12823,2.302,3.182
12824,2.454,3.182
12825,2.722,3.182
12826,2.937,3.182
12827,2.810,3.182
12828,2.722,3.182
12829,2.630,3.182
12830,2.551,3.182
12831,2.488,3.182
12832,2.468,3.182
12833,2.468,3.182
12834,2.473,3.182
12835,2.468,3.182
12836,2.449,3.182
12837,2.410,3.182
12838,2.366,3.182
12839,2.336,3.182
12840,2.312,3.182
12841,2.302,3.182
12842,2.287,3.182
12843,2.283,3.182
12844,2.268,3.182
12845,2.253,3.182
12846,2.302,3.182
12847,2.507,3.182
12848,2.771,3.182
12849,2.933,3.182
12850,2.942,3.182
12851,2.845,3.182
12852,2.717,3.182
12853,2.630,3.182
12854,2.561,3.182
12855,2.493,3.182
12856,2.454,3.182
12857,2.449,3.182
12858,2.458,3.182
12859,2.449,3.182
12860,2.434,3.182
12861,2.405,3.182
12862,2.380,3.182
12863,2.346,3.182
12864,2.322,3.182
12865,2.312,3.182
12866,2.307,3.182
12867,2.292,3.182
12868,2.278,3.182
12869,2.307,3.182
12870,2.473,3.182
12871,2.722,3.182
12872,2.893,3.182
12873,2.908,3.182
12874,2.815,3.182
12875,2.693,3.182
12876,2.595,3.182
12877,2.512,3.182
12878,2.444,3.182
12879,2.414,3.182
12880,2.429,3.182
12881,2.439,3.182
12882,2.429,3.187
12883,2.395,3.182
12884,2.366,3.182
12885,2.326,3.182
12886,2.292,3.182
12887,2.278,3.187
12888,2.268,3.182
12889,2.273,3.187
12890,2.268,3.182
12891,2.263,3.187
12892,2.258,3.182
12893,2.302,3.187
12894,2.488,3.187
12895,2.737,3.187
12896,2.893,3.187
12897,2.893,3.192
12898,2.791,3.192
12899,2.644,3.192
12900,2.546,3.192
12901,2.488,3.192
12902,2.439,3.196
12903,2.400,3.196
12904,2.395,3.196
12905,2.405,3.196
12906,2.405,3.201
12907,2.390,3.196
12908,2.356,3.201
12909,2.322,3.201
12910,2.292,3.206
12911,2.278,3.206
12912,2.273,3.206
12913,2.273,3.206
12914,2.273,3.211
12915,2.268,3.211
12916,2.263,3.211
12917,2.248,3.211
12918,2.234,3.211
12919,2.302,3.211
12920,2.517,3.206
12921,2.761,3.211
12922,2.893,3.206
12923,2.874,3.206
12924,2.761,3.201
12925,2.649,3.206
12926,2.566,3.201
12927,2.493,3.201
12928,2.434,3.201
12929,2.400,3.201
12930,2.400,3.201
12931,2.410,3.201
12932,2.400,3.201
12933,2.375,3.201
12934,2.331,3.201
12935,2.297,3.196
12936,2.278,3.201
12937,2.268,3.196
12938,2.268,3.196
12939,2.253,3.196
12940,2.243,3.196
12941,2.243,3.196
12942,2.302,3.196
12943,2.458,3.196
12944,2.703,3.196
12945,2.879,3.196
12946,2.918,3.196
12947,2.835,3.196
12948,2.722,3.192
12949,2.610,3.196
12950,2.527,3.192
12951,2.444,3.196
12952,2.400,3.187
12953,2.400,3.187
12954,2.380,3.187
12955,2.341,3.187
12956,2.307,3.187
12957,2.278,3.187
12958,2.253,3.187
12959,2.239,3.187
12960,2.234,3.187
12961,2.229,3.187
12962,2.214,3.192
12963,2.195,3.187
12964,2.185,3.192
12965,2.234,3.192
12966,2.414,3.192
12967,2.654,3.192
12968,2.815,3.196
12969,2.830,3.192
12970,2.732,3.196
12971,2.610,3.196
12972,2.517,3.196
12973,2.449,3.196
12974,2.400,3.196
12975,2.370,3.196
12976,2.366,3.196
12977,2.375,3.196
12978,2.366,3.196
12979,2.356,3.196
12980,2.331,3.196
12981,2.312,3.196
12982,2.287,3.196
12983,2.268,3.196
12984,2.258,3.196
12985,2.248,3.201
12986,2.234,3.196
12987,2.224,3.201
12988,2.224,3.196
12989,2.224,3.196
12990,2.268,3.196
12991,2.463,3.196
12992,2.683,3.201
12993,2.815,3.196
12994,2.810,3.201
12995,2.717,3.196
12996,2.610,3.201
12997,2.527,3.196
12998,2.458,3.201
12999,2.414,3.196
13000,2.390,3.201
13001,2.395,3.196
13002,2.405,3.201
13003,2.405,3.196
13004,2.375,3.201
13005,2.351,3.196
13006,2.322,3.201
13007,2.307,3.201
13008,2.297,3.196
13009,2.292,3.201
13010,2.273,3.196
13011,2.268,3.201
13012,2.253,3.196
13013,2.243,3.201
13014,2.243,3.196
13015,2.307,3.201
13016,2.488,3.196
13017,2.717,3.201
13018,2.859,3.196
13019,2.835,3.201
13020,2.722,3.201
13021,2.620,3.201
13022,2.546,3.201
13023,2.478,3.201
13024,2.429,3.201
13025,2.414,3.201
13026,2.414,3.201
13027,2.424,3.201
13028,2.424,3.201
13029,2.410,3.201
13030,2.380,3.201
13031,2.356,3.201
13032,2.317,3.201
13033,2.292,3.201
13034,2.278,3.201
13035,2.278,3.201
13036,2.268,3.201
13037,2.268,3.201
13038,2.258,3.201
13039,2.253,3.201
13040,2.243,3.201
13041,2.258,3.201
13042,2.375,3.201
13043,2.595,3.201
13044,2.796,3.201
13045,2.874,3.201
13046,2.810,3.201
13047,2.693,3.201
13048,2.590,3.201
13049,2.517,3.201
13050,2.468,3.201
13051,2.439,3.201
13052,2.444,3.201
13053,2.468,3.201
13054,2.493,3.201
13055,2.512,3.201
13056,2.498,3.201
13057,2.458,3.201
13058,2.419,3.201
13059,2.380,3.201
13060,2.336,3.201
13061,2.322,3.201
13062,2.307,3.201
13063,2.297,3.201
13064,2.312,3.201
13065,2.424,3.201
13066,2.659,3.201
13067,2.879,3.201
13068,2.977,3.201
13069,2.937,3.201
13070,2.835,3.201
13071,2.722,3.201
13072,2.610,3.201
13073,2.537,3.201
13074,2.488,3.201
13075,2.493,3.201
13076,2.512,3.201
13077,2.507,3.201
13078,2.449,3.201
13079,2.410,3.201
13080,2.366,3.201
13081,2.336,3.201
13082,2.322,3.206
13083,2.317,3.201
13084,2.312,3.201
13085,2.312,3.201
13086,2.302,3.201
13087,2.287,3.201
13088,2.302,3.201
13089,2.419,3.201
13090,2.678,3.201
13091,2.913,3.201
13092,3.006,3.201
13093,2.952,3.201
13094,2.825,3.201
13095,2.703,3.201
13096,2.615,3.201
13097,2.556,3.201
13098,2.527,3.201
13099,2.532,3.201
13100,2.566,3.201
13101,2.595,3.201
13102,2.590,3.201
13103,2.546,3.201
13104,2.488,3.201
13105,2.439,3.206
13106,2.405,3.201
13107,2.380,3.206
13108,2.366,3.201
13109,2.356,3.206
13110,2.336,3.201
13111,2.336,3.206
13112,2.434,3.201
13113,2.669,3.206
13114,2.923,3.201
13115,3.045,3.206
13116,3.011,3.201
13117,2.889,3.201
13118,2.757,3.201
13119,2.654,3.201
13120,2.581,3.201
13121,2.532,3.201
13122,2.522,3.201
13123,2.532,3.201
13124,2.546,3.206
13125,2.527,3.201
13126,2.507,3.206
13127,2.483,3.201
13128,2.468,3.206
13129,2.463,3.201
13130,2.473,3.206
13131,2.468,3.201
13132,2.444,3.206
13133,2.400,3.201
13134,2.370,3.201
13135,2.439,3.206
13136,2.669,3.201
13137,2.923,3.201
13138,3.045,3.201
13139,2.996,3.206
13140,2.854,3.201
13141,2.708,3.201
13142,2.600,3.201
13143,2.532,3.206
13144,2.493,3.201
13145,2.478,3.206
13146,2.502,3.201
13147,2.522,3.201
13148,2.527,3.201
13149,2.502,3.201
13150,2.458,3.201
13151,2.410,3.201
13152,2.370,3.201
13153,2.361,3.201
13154,2.346,3.201
13155,2.341,3.201
13156,2.341,3.201
13157,2.331,3.196
13158,2.375,3.201
13159,2.571,3.196
13160,2.835,3.201
13161,3.006,3.196
13162,3.011,3.201
13163,2.893,3.201
13164,2.752,3.201
13165,2.630,3.201
13166,2.532,3.201
13167,2.478,3.201
13168,2.473,3.201
13169,2.493,3.201
13170,2.502,3.196
13171,2.493,3.201
13172,2.468,3.196
13173,2.429,3.201
13174,2.390,3.196
13175,2.366,3.201
13176,2.351,3.196
13177,2.336,3.201
13178,2.322,3.196
13179,2.336,3.201
13180,2.463,3.201
13181,2.713,3.201
13182,2.918,3.201
13183,2.977,3.201
13184,2.903,3.201
13185,2.761,3.201
13186,2.634,3.201
13187,2.546,3.201
13188,2.478,3.206
13189,2.468,3.201
13190,2.493,3.206
13191,2.522,3.201
13192,2.522,3.206
13193,2.488,3.201
13194,2.439,3.206
13195,2.395,3.201
13196,2.370,3.206
13197,2.361,3.201
13198,2.356,3.206
13199,2.336,3.206
13200,2.331,3.206
13201,2.424,3.206
13202,2.664,3.206
13203,2.908,3.206
13204,2.801,3.206
13205,2.683,3.206
13206,2.586,3.206
13207,2.527,3.206
13208,2.498,3.201
13209,2.507,3.206
13210,2.527,3.201
13211,2.517,3.201
13212,2.483,3.196
13213,2.439,3.201
13214,2.395,3.196
13215,2.370,3.196
13216,2.351,3.196
13217,2.346,3.196
13218,2.341,3.192
13219,2.346,3.196
13220,2.429,3.192
13221,2.664,3.192
13222,2.923,3.187
13223,3.055,3.187
13224,3.035,3.182
13225,2.918,3.182
13226,2.791,3.182
13227,2.688,3.182
13228,2.615,3.182
13229,2.561,3.182
13230,2.542,3.182
13231,2.551,3.177
13232,2.561,3.182
13233,2.546,3.177
13234,2.512,3.177
13235,2.458,3.177
13236,2.405,3.177
13237,2.361,3.177
13238,2.331,3.177
13239,2.322,3.177
13240,2.317,3.177
13241,2.307,3.177
13242,2.297,3.172
13243,2.346,3.177
13244,2.546,3.172
13245,2.840,3.177
13246,3.030,3.172
13247,3.055,3.177
13248,2.947,3.172
13249,2.801,3.172
13250,2.688,3.172
13251,2.600,3.172
13252,2.527,3.172
13253,2.493,3.172
13254,2.488,3.172
13255,2.507,3.172
13256,2.498,3.172
13257,2.468,3.172
13258,2.429,3.172
13259,2.390,3.172
13260,2.356,3.172
13261,2.336,3.172
13262,2.326,3.172
13263,2.317,3.172
13264,2.312,3.172
13265,2.307,3.172
13266,2.292,3.172
13267,2.287,3.172
13268,2.370,3.172
13269,2.605,3.172
13270,2.869,3.172
13271,3.001,3.172
13272,2.977,3.172
13273,2.849,3.172
13274,2.713,3.172
13275,2.600,3.172
13276,2.517,3.167
13277,2.458,3.172
13278,2.449,3.167
13279,2.468,3.172
13280,2.493,3.167
13281,2.483,3.172
13282,2.458,3.167
13283,2.419,3.172
13284,2.375,3.167
13285,2.346,3.172
13286,2.317,3.167
13287,2.297,3.167
13288,2.278,3.167
13289,2.268,3.167
13290,2.258,3.167
13291,2.248,3.167
13292,2.239,3.167
13293,2.239,3.167
13294,2.302,3.167
13295,2.517,3.162
13296,2.786,3.167
13297,2.947,3.167
13298,2.947,3.167
13299,2.820,3.167
13300,2.678,3.167
13301,2.571,3.167
13302,2.488,3.172
13303,2.444,3.172
13304,2.439,3.172
13305,2.458,3.172
13306,2.478,3.172
13307,2.473,3.177
13308,2.439,3.172
13309,2.395,3.177
13310,2.351,3.177
13311,2.322,3.177
13312,2.307,3.177
13313,2.302,3.177
13314,2.292,3.177
13315,2.283,3.177
13316,2.273,3.177
13317,2.258,3.177
13318,2.297,3.177
13319,2.473,3.177
13320,2.742,3.177
13321,2.942,3.177
13322,2.986,3.177
13323,2.893,3.177
13324,2.752,3.182
13325,2.634,3.177
13326,2.551,3.182
13327,2.488,3.177
13328,2.473,3.182
13329,2.483,3.177
13330,2.512,3.177
13331,2.512,3.182
13332,2.478,3.177
13333,2.424,3.182
13334,2.375,3.177
13335,2.346,3.182
13336,2.331,3.177
13337,2.317,3.182
13338,2.307,3.177
13339,2.307,3.182
13340,2.292,3.177
13341,2.268,3.177
13342,2.248,3.182
13343,2.239,3.177
13344,2.253,3.182
13345,2.390,3.177
13346,2.644,3.182
13347,2.874,3.177
13348,2.957,3.182
13349,2.898,3.177
13350,2.761,3.182
13351,2.630,3.177
13352,2.527,3.182
13353,2.463,3.182
13354,2.434,3.182
13355,2.444,3.182
13356,2.468,3.182
13357,2.478,3.182
13358,2.468,3.182
13359,2.429,3.182
13360,2.395,3.182
13361,2.361,3.182
13362,2.326,3.182
13363,2.312,3.182
13364,2.307,3.177
13365,2.297,3.182
13366,2.292,3.177
13367,2.283,3.182
13368,2.273,3.182
13369,2.273,3.182
13370,2.361,3.182
13371,2.571,3.182
13372,2.805,3.182
13373,2.933,3.182
13374,2.913,3.182
13375,2.801,3.182
13376,2.659,3.182
13377,2.551,3.182
13378,2.468,3.182
13379,2.434,3.182
13380,2.444,3.182
13381,2.473,3.182
13382,2.493,3.182
13383,2.478,3.182
13384,2.434,3.182
13385,2.400,3.182
13386,2.375,3.182
13387,2.361,3.182
13388,2.351,3.182
13389,2.331,3.182
13390,2.312,3.182
13391,2.302,3.182
13392,2.287,3.182
13393,2.278,3.182
13394,2.268,3.182
13395,2.341,3.182
13396,2.561,3.177
13397,2.810,3.182
13398,2.957,3.182
13399,2.957,3.182
13400,2.845,3.182
13401,2.708,3.182
13402,2.615,3.182
13403,2.551,3.182
13404,2.527,3.182
13405,2.522,3.182
13406,2.542,3.182
13407,2.556,3.182
13408,2.551,3.182
13409,2.512,3.182
13410,2.468,3.182
13411,2.414,3.182
13412,2.361,3.182
13413,2.317,3.182
13414,2.297,3.182
13415,2.283,3.182
13416,2.283,3.182
13417,2.287,3.182
13418,2.287,3.182
13419,2.312,3.182
13420,2.449,3.182
13421,2.678,3.182
13422,2.869,3.182
13423,2.893,3.182
13424,2.810,3.182
13425,2.688,3.182
13426,2.595,3.182
13427,2.522,3.182
13428,2.468,3.182
13429,2.449,3.182
13430,2.454,3.182
13431,2.473,3.182
13432,2.473,3.182
13433,2.444,3.182
13434,2.395,3.182
13435,2.351,3.182
13436,2.322,3.182
13437,2.302,3.182
13438,2.297,3.182
13439,2.292,3.182
13440,2.287,3.182
13441,2.273,3.182
13442,2.263,3.182
13443,2.292,3.182
13444,2.434,3.182
13445,2.664,3.182
13446,2.845,3.182
13447,2.893,3.182
13448,2.810,3.182
13449,2.644,3.177
13450,2.522,3.182
13451,2.424,3.182
13452,2.366,3.182
13453,2.366,3.182
13454,2.405,3.182
13455,2.444,3.182
13456,2.444,3.182
13457,2.410,3.182
13458,2.361,3.182
13459,2.322,3.182
13460,2.307,3.182
13461,2.302,3.182
13462,2.307,3.182
13463,2.307,3.182
13464,2.312,3.182
13465,2.375,3.182
13466,2.571,3.182
13467,2.805,3.182
13468,2.928,3.182
13469,2.908,3.182
13470,2.781,3.182
13471,2.644,3.182
13472,2.537,3.182
13473,2.463,3.182
13474,2.429,3.182
13475,2.444,3.182
13476,2.483,3.182
13477,2.507,3.182
13478,2.493,3.182
13479,2.449,3.182
13480,2.405,3.182
13481,2.361,3.182
13482,2.331,3.182
13483,2.326,3.182
13484,2.331,3.182
13485,2.341,3.182
13486,2.336,3.182
13487,2.326,3.182
13488,2.341,3.182
13489,2.488,3.182
13490,2.732,3.182
13491,2.937,3.182
13492,2.996,3.182
13493,2.933,3.182
13494,2.801,3.182
13495,2.678,3.182
13496,2.581,3.182
13497,2.507,3.182
13498,2.468,3.182
13499,2.478,3.182
13500,2.498,3.182
13501,2.517,3.182
13502,2.507,3.182
13503,2.449,3.182
13504,2.410,3.182
13505,2.366,3.182
13506,2.331,3.182
13507,2.312,3.182
13508,2.302,3.182
13509,2.292,3.182
13510,2.283,3.182
13511,2.278,3.182
13512,2.273,3.182
13513,2.322,3.182
13514,2.507,3.182
13515,2.776,3.182
13516,2.977,3.182
13517,2.996,3.182
13518,2.898,3.182
13519,2.761,3.182
13520,2.644,3.182
13521,2.551,3.182
13522,2.493,3.182
13523,2.478,3.182
13524,2.502,3.182
13525,2.537,3.182
13526,2.542,3.182
13527,2.512,3.182
13528,2.468,3.182
13529,2.424,3.182
13530,2.385,3.182
13531,2.366,3.182
13532,2.351,3.182
13533,2.341,3.182
13534,2.341,3.182
13535,2.326,3.182
13536,2.322,3.182
13537,2.400,3.182
13538,2.630,3.182
13539,2.893,3.182
13540,3.021,3.182
13541,2.991,3.182
13542,2.864,3.182
13543,2.727,3.182
13544,2.610,3.182
13545,2.527,3.182
13546,2.488,3.182
13547,2.488,3.182
13548,2.527,3.182
13549,2.551,3.182
13550,2.542,3.182
13551,2.498,3.182
13552,2.449,3.182
13553,2.405,3.182
13554,2.380,3.182
13555,2.366,3.182
13556,2.356,3.182
13557,2.336,3.182
13558,2.326,3.182
13559,2.312,3.182
13560,2.302,3.182
13561,2.283,3.182
13562,2.287,3.182
13563,2.390,3.182
13564,2.664,3.182
13565,2.962,3.182
13566,3.113,3.182
13567,3.079,3.182
13568,2.942,3.182
13569,2.791,3.182
13570,2.683,3.182
13571,2.595,3.182
13572,2.546,3.182
13573,2.537,3.182
13574,2.556,3.182
13575,2.571,3.182
13576,2.571,3.182
13577,2.532,3.182
13578,2.483,3.182
13579,2.434,3.182
13580,2.395,3.182
13581,2.366,3.182
13582,2.366,3.182
13583,2.356,3.182
13584,2.336,3.182
13585,2.322,3.182
13586,2.302,3.182
13587,2.287,3.182
13588,2.287,3.182
13589,2.361,3.182
13590,2.590,3.182
13591,2.889,3.182
13592,3.069,3.182
13593,3.084,3.182
13594,2.972,3.182
13595,2.815,3.182
13596,2.693,3.182
13597,2.600,3.182
13598,2.537,3.182
13599,2.517,3.182
13600,2.537,3.182
13601,2.561,3.182
13602,2.551,3.182
13603,2.522,3.182
13604,2.468,3.182
13605,2.429,3.182
13606,2.395,3.182
13607,2.370,3.182
13608,2.356,3.182
13609,2.346,3.182
13610,2.336,3.182
13611,2.331,3.182
13612,2.317,3.182
13613,2.312,3.182
13614,2.287,3.182
13615,2.317,3.182
13616,2.483,3.182
13617,2.771,3.182
13618,3.001,3.182
13619,3.060,3.182
13620,2.967,3.182
13621,2.815,3.182
13622,2.688,3.182
13623,2.581,3.182
13624,2.517,3.182
13625,2.507,3.182
13626,2.527,3.182
13627,2.556,3.182
13628,2.566,3.182
13629,2.542,3.182
13630,2.493,3.182
13631,2.444,3.182
13632,2.405,3.182
13633,2.375,3.182
13634,2.361,3.182
13635,2.351,3.182
13636,2.346,3.182
13637,2.326,3.182
13638,2.312,3.182
13639,2.302,3.182
13640,2.341,3.182
13641,2.527,3.182
13642,2.810,3.182
13643,3.025,3.182
13644,3.069,3.182
13645,2.981,3.182
13646,2.845,3.182
13647,2.722,3.182
13648,2.620,3.182
13649,2.556,3.182
13650,2.527,3.182
13651,2.546,3.182
13652,2.566,3.182
13653,2.576,3.182
13654,2.537,3.182
13655,2.488,3.182
13656,2.444,3.182
13657,2.405,3.182
13658,2.375,3.182
13659,2.361,3.182
13660,2.351,3.182
13661,2.336,3.182
13662,2.322,3.182
13663,2.312,3.182
13664,2.307,3.182
13665,2.292,3.182
13666,2.283,3.182
13667,2.317,3.182
13668,2.498,3.182
13669,2.786,3.182
13670,3.021,3.182
13671,3.079,3.182
13672,2.986,3.182
13673,2.845,3.182
13674,2.722,3.182
13675,2.634,3.182
13676,2.571,3.182
13677,2.532,3.182
13678,2.532,3.182
13679,2.546,3.182
13680,2.551,3.182
13681,2.537,3.182
13682,2.502,3.182
13683,2.454,3.187
13684,2.410,3.182
13685,2.380,3.182
13686,2.361,3.182
13687,2.346,3.182
13688,2.326,3.182
13689,2.317,3.182
13690,2.302,3.182
13691,2.292,3.182
13692,2.287,3.182
13693,2.287,3.182
13694,2.366,3.182
13695,2.590,3.182
13696,2.859,3.182
13697,3.011,3.182
13698,3.001,3.182
13699,2.893,3.182
13700,2.761,3.182
13701,2.654,3.182
13702,2.581,3.182
13703,2.522,3.182
13704,2.512,3.182
13705,2.532,3.182
13706,2.556,3.182
13707,2.542,3.182
13708,2.507,3.182
13709,2.468,3.182
13710,2.414,3.182
13711,2.385,3.182
13712,2.370,3.182
13713,2.361,3.182
13714,2.351,3.187
13715,2.351,3.182
13716,2.331,3.187
13717,2.312,3.182
13718,2.317,3.182
13719,2.449,3.182
13720,2.713,3.182
13721,2.937,3.182
13722,3.011,3.182
13723,2.947,3.182
13724,2.815,3.182
13725,2.678,3.187
13726,2.581,3.182
13727,2.512,3.182
13728,2.478,3.182
13729,2.502,3.182
13730,2.527,3.182
13731,2.532,3.182
13732,2.498,3.187
13733,2.449,3.182
13734,2.410,3.187
13735,2.385,3.182
13736,2.370,3.187
13737,2.351,3.182
13738,2.341,3.187
13739,2.326,3.182
13740,2.317,3.187
13741,2.297,3.187
13742,2.287,3.187
13743,2.283,3.187
13744,2.273,3.182
13745,2.273,3.187
13746,2.375,3.182
13747,2.620,3.187
13748,2.884,3.182
13749,3.030,3.187
13750,3.006,3.187
13751,2.879,3.187
13752,2.737,3.182
13753,2.639,3.182
13754,2.571,3.182
13755,2.522,3.182
13756,2.512,3.187
13757,2.537,3.182
13758,2.556,3.187
13759,2.551,3.182
13760,2.512,3.187
13761,2.458,3.187
13762,2.414,3.187
13763,2.380,3.182
13764,2.356,3.187
13765,2.341,3.182
13766,2.326,3.187
13767,2.317,3.182
13768,2.307,3.187
13769,2.292,3.182
13770,2.287,3.187
13771,2.278,3.187
13772,2.263,3.187
13773,2.297,3.187
13774,2.463,3.187
13775,2.717,3.187
13776,2.913,3.182
13777,2.962,3.187
13778,2.884,3.182
13779,2.757,3.187
13780,2.644,3.182
13781,2.576,3.187
13782,2.512,3.182
13783,2.478,3.187
13784,2.473,3.187
13785,2.483,3.187
13786,2.488,3.187
13787,2.468,3.187
13788,2.429,3.187
13789,2.395,3.187
13790,2.366,3.187
13791,2.346,3.187
13792,2.336,3.187
13793,2.331,3.187
13794,2.322,3.187
13795,2.312,3.187
13796,2.292,3.187
13797,2.283,3.187
13798,2.268,3.187
13799,2.258,3.187
13800,2.273,3.187
13801,2.370,3.187
13802,2.586,3.187
13803,2.791,3.187
13804,2.874,3.187
13805,2.825,3.187
13806,2.703,3.187
13807,2.595,3.187
13808,2.522,3.187
13809,2.463,3.187
13810,2.439,3.187
13811,2.444,3.187
13812,2.468,3.187
13813,2.488,3.187
13814,2.483,3.187
13815,2.454,3.187
13816,2.414,3.187
13817,2.370,3.187
13818,2.341,3.187
13819,2.326,3.187
13820,2.326,3.187
13821,2.322,3.187
13822,2.312,3.187
13823,2.307,3.187
13824,2.292,3.187
13825,2.283,3.187
13826,2.351,3.187
13827,2.542,3.187
13828,2.742,3.187
13829,2.859,3.187
13830,2.854,3.187
13831,2.776,3.187
13832,2.664,3.187
13833,2.561,3.187
13834,2.507,3.187
13835,2.473,3.187
13836,2.468,3.187
13837,2.498,3.187
13838,2.512,3.187
13839,2.512,3.187
13840,2.488,3.187
13841,2.458,3.187
13842,2.444,3.187
13843,2.429,3.187
13844,2.414,3.187
13845,2.414,3.187
13846,2.405,3.187
13847,2.380,3.187
13848,2.361,3.187
13849,2.341,3.187
13850,2.307,3.187
13851,2.287,3.187
13852,2.273,3.187
13853,2.326,3.187
13854,2.512,3.187
13855,2.737,3.187
13856,2.864,3.187
13857,2.869,3.187
13858,2.781,3.187
13859,2.683,3.187
13860,2.610,3.187
13861,2.561,3.187
13862,2.522,3.187
13863,2.512,3.187
13864,2.517,3.187
13865,2.537,3.187
13866,2.532,3.187
13867,2.507,3.187
13868,2.458,3.187
13869,2.414,3.187
13870,2.385,3.187
13871,2.370,3.187
13872,2.351,3.187
13873,2.346,3.187
13874,2.336,3.187
13875,2.322,3.187
13876,2.312,3.187
13877,2.307,3.187
13878,2.307,3.187
13879,2.302,3.187
13880,2.366,3.187
13881,2.542,3.187
13882,2.766,3.187
13883,2.893,3.187
13884,2.889,3.187
13885,2.791,3.187
13886,2.674,3.187
13887,2.590,3.187
13888,2.542,3.187
13889,2.493,3.187
13890,2.483,3.187
13891,2.488,3.187
13892,2.498,3.187
13893,2.488,3.187
13894,2.463,3.187
13895,2.429,3.187
13896,2.395,3.187
13897,2.361,3.187
13898,2.336,3.187
13899,2.326,3.187
13900,2.322,3.187
13901,2.322,3.187
13902,2.317,3.187
13903,2.302,3.187
13904,2.292,3.187
13905,2.292,3.187
13906,2.283,3.187
13907,2.331,3.187
13908,2.493,3.187
13909,2.698,3.187
13910,2.830,3.187
13911,2.835,3.187
13912,2.752,3.187
13913,2.644,3.187
13914,2.561,3.187
13915,2.493,3.187
13916,2.449,3.187
13917,2.449,3.192
13918,2.473,3.187
13919,2.488,3.192
13920,2.498,3.187
13921,2.473,3.192
13922,2.444,3.187
13923,2.410,3.192
13924,2.380,3.187
13925,2.366,3.192
13926,2.356,3.187
13927,2.351,3.192
13928,2.341,3.187
13929,2.331,3.192
13930,2.326,3.187
13931,2.370,3.192
13932,2.522,3.187
13933,2.698,3.192
13934,2.815,3.187
13935,2.776,3.192
13936,2.678,3.187
13937,2.590,3.192
13938,2.507,3.187
13939,2.454,3.192
13940,2.439,3.187
13941,2.458,3.192
13942,2.488,3.187
13943,2.493,3.192
13944,2.478,3.187
13945,2.444,3.192
13946,2.410,3.192
13947,2.385,3.192
13948,2.370,3.192
13949,2.361,3.192
13950,2.346,3.192
13951,2.336,3.187
13952,2.322,3.192
13953,2.361,3.187
13954,2.512,3.192
13955,2.727,3.187
13956,2.879,3.192
13957,2.898,3.187
13958,2.796,3.187
13959,2.693,3.192
13960,2.600,3.187
13961,2.517,3.192
13962,2.488,3.192
13963,2.507,3.192
13964,2.542,3.192
13965,2.551,3.187
13966,2.527,3.192
13967,2.483,3.187
13968,2.439,3.192
13969,2.400,3.187
13970,2.380,3.192
13971,2.375,3.187
13972,2.366,3.192
13973,2.361,3.187
13974,2.346,3.192
13975,2.331,3.192
13976,2.326,3.192
13977,2.385,3.192
13978,2.576,3.192
13979,2.820,3.187
13980,2.967,3.192
13981,2.977,3.192
13982,2.889,3.192
13983,2.766,3.192
13984,2.669,3.192
13985,2.586,3.192
13986,2.532,3.192
13987,2.522,3.192
13988,2.546,3.187
13989,2.566,3.192
13990,2.546,3.187
13991,2.502,3.192
13992,2.458,3.192
13993,2.419,3.192
13994,2.395,3.192
13995,2.380,3.192
13996,2.375,3.192
13997,2.366,3.192
13998,2.351,3.192
13999,2.341,3.192
14000,2.331,3.192
14001,2.322,3.192
14002,2.312,3.192
14003,2.312,3.192
14004,2.400,3.192
14005,2.639,3.192
14006,2.908,3.192
14007,3.050,3.192
14008,3.040,3.192
14009,2.918,3.192
14010,2.786,3.192
14011,2.688,3.192
14012,2.610,3.192
14013,2.566,3.192
14014,2.556,3.192
14015,2.571,3.192
14016,2.590,3.192
14017,2.576,3.192
14018,2.527,3.192
14019,2.478,3.192
14020,2.444,3.192
14021,2.410,3.192
14022,2.390,3.192
14023,2.375,3.192
14024,2.370,3.192
14025,2.351,3.192
14026,2.341,3.192
14027,2.331,3.192
14028,2.317,3.192
14029,2.307,3.192
14030,2.292,3.192
14031,2.283,3.192
14032,2.326,3.192
14033,2.532,3.192
14034,2.859,3.192
14035,3.099,3.192
14036,3.167,3.192
14037,3.050,3.192
14038,2.864,3.192
14039,2.688,3.192
14040,2.546,3.192
14041,2.444,3.192
14042,2.414,3.192
14043,2.449,3.192
14044,2.517,3.192
14045,2.566,3.192
14046,2.561,3.192
14047,2.512,3.192
14048,2.449,3.192
14049,2.400,3.192
14050,2.361,3.192
14051,2.331,3.192
14052,2.322,3.192
14053,2.312,3.192
14054,2.302,3.192
14055,2.287,3.196
14056,2.273,3.192
14057,2.258,3.196
14058,2.253,3.192
14059,2.263,3.196
14060,2.346,3.192
14061,2.586,3.196
14062,2.854,3.192
14063,3.011,3.196
14064,2.981,3.192
14065,2.864,3.196
14066,2.732,3.192
14067,2.644,3.192
14068,2.600,3.192
14069,2.586,3.192
14070,2.610,3.192
14071,2.634,3.192
14072,2.630,3.196
14073,2.595,3.192
14074,2.542,3.196
14075,2.493,3.192
14076,2.468,3.196
14077,2.458,3.192
14078,2.473,3.192
14079,2.488,3.196
14080,2.498,3.192
14081,2.498,3.192
14082,2.473,3.192
14083,3.065,3.192
14084,3.236,3.187
14085,3.226,3.187
14086,3.079,3.187
14087,2.879,3.187
14088,2.713,3.187
14089,2.581,3.187
14090,2.478,3.182
14091,2.439,3.187
14092,2.463,3.182
14093,2.507,3.182
14094,2.512,3.182
14095,2.468,3.182
14096,2.400,3.182
14097,2.326,3.182
14098,2.263,3.182
14099,2.234,3.182
14100,2.224,3.187
14101,2.224,3.187
14102,2.229,3.187
14103,2.229,3.187
14104,2.248,3.187
14105,2.366,3.187
14106,2.581,3.187
14107,2.776,3.187
14108,2.845,3.187
14109,2.786,3.182
14110,2.674,3.182
14111,2.556,3.182
14112,2.458,3.182
14113,2.410,3.182
14114,2.429,3.182
14115,2.483,3.177
14116,2.532,3.182
14117,2.546,3.177
14118,2.532,3.177
14119,2.498,3.177
14120,2.458,3.177
14121,2.434,3.177
14122,2.414,3.177
14123,2.405,3.177
14124,2.385,3.177
14125,2.473,3.177
14126,2.708,3.177
14127,2.942,3.172
14128,3.045,3.172
14129,2.996,3.172
14130,2.864,3.172
14131,2.732,3.172
14132,2.615,3.172
14133,2.532,3.172
14134,2.473,3.172
14135,2.468,3.172
14136,2.507,3.172
14137,2.527,3.172
14138,2.527,3.172
14139,2.493,3.177
14140,2.454,3.177
14141,2.424,3.177
14142,2.400,3.177
14143,2.380,3.177
14144,2.366,3.177
14145,2.419,3.177
14146,2.605,3.172
14147,2.874,3.177
14148,3.079,3.172
14149,3.128,3.172
14150,3.025,3.172
14151,2.918,3.172
14152,2.859,3.172
14153,2.805,3.172
14154,2.727,3.172
14155,2.610,3.167
14156,2.507,3.167
14157,2.424,3.167
14158,2.380,3.167
14159,2.361,3.167
14160,2.361,3.167
14161,2.361,3.167
14162,2.346,3.167
14163,2.312,3.167
14164,2.283,3.167
14165,2.312,3.167
14166,2.483,3.162
14167,2.766,3.167
14168,2.977,3.162
14169,3.021,3.167
14170,2.928,3.167
14171,2.791,3.172
14172,2.683,3.172
14173,2.605,3.177
14174,2.522,3.182
14175,2.463,3.187
14176,2.444,3.192
14177,2.454,3.192
14178,2.449,3.196
14179,2.410,3.201
14180,2.366,3.206
14181,2.326,3.206
14182,2.307,3.211
14183,2.302,3.211
14184,2.292,3.221
14185,2.278,3.221
14186,2.302,3.226
14187,2.468,3.226
14188,2.752,3.231
14189,2.952,3.226
14190,2.991,3.231
14191,2.889,3.226
14192,2.742,3.226
14193,2.644,3.226
14194,2.566,3.226
14195,2.493,3.226
14196,2.449,3.226
14197,2.439,3.226
14198,2.449,3.226
14199,2.458,3.226
14200,2.454,3.226
14201,2.439,3.226
14202,2.410,3.226
14203,2.351,3.226
14204,2.312,3.226
14205,2.283,3.226
14206,2.292,3.226
14207,2.410,3.226
14208,2.664,3.221
14209,2.967,3.226
14210,2.835,3.226
14211,2.713,3.226
14212,2.615,3.226
14213,2.537,3.221
14214,2.488,3.226
14215,2.478,3.226
14216,2.478,3.226
14217,2.478,3.226
14218,2.458,3.221
14219,2.419,3.221
14220,2.380,3.221
14221,2.351,3.221
14222,2.336,3.221
14223,2.322,3.221
14224,2.302,3.221
14225,2.283,3.221
14226,2.322,3.221
14227,2.498,3.221
14228,2.747,3.221
14229,2.923,3.221
14230,2.937,3.216
14231,2.835,3.216
14232,2.698,3.216
14233,2.600,3.216
14234,2.512,3.216
14235,2.449,3.216
14236,2.429,3.216
14237,2.439,3.216
14238,2.454,3.216
14239,2.449,3.216
14240,2.419,3.216
14241,2.375,3.216
14242,2.341,3.216
14243,2.317,3.211
14244,2.297,3.216
14245,2.287,3.211
14246,2.273,3.211
14247,2.263,3.211
14248,2.248,3.211
14249,2.234,3.211
14250,2.273,3.211
14251,2.454,3.211
14252,2.698,3.211
14253,2.864,3.211
14254,2.884,3.211
14255,2.781,3.211
14256,2.649,3.206
14257,2.537,3.211
14258,2.473,3.206
14259,2.419,3.211
14260,2.405,3.206
14261,2.410,3.206
14262,2.419,3.206
14263,2.410,3.206
14264,2.380,3.206
14265,2.341,3.206
14266,2.312,3.206
14267,2.292,3.206
14268,2.283,3.206
14269,2.283,3.206
14270,2.278,3.206
14271,2.258,3.206
14272,2.248,3.206
14273,2.234,3.206
14274,2.224,3.206
14275,2.229,3.206
14276,2.331,3.206
14277,2.546,3.201
14278,2.737,3.206
14279,2.815,3.201
14280,2.761,3.206
14281,2.649,3.206
14282,2.542,3.206
14283,2.463,3.206
14284,2.405,3.206
14285,2.375,3.206
14286,2.380,3.201
14287,2.395,3.201
14288,2.400,3.201
14289,2.385,3.201
14290,2.361,3.201
14291,2.331,3.201
14292,2.307,3.196
14293,2.287,3.201
14294,2.283,3.196
14295,2.283,3.196
14296,2.283,3.196
14297,2.273,3.196
14298,2.258,3.196
14299,2.243,3.196
14300,2.239,3.196
14301,2.302,3.196
14302,2.468,3.196
14303,2.659,3.196
14304,2.766,3.196
14305,2.761,3.196
14306,2.669,3.196
14307,2.561,3.196
14308,2.478,3.196
14309,2.414,3.196
14310,2.380,3.196
14311,2.390,3.196
14312,2.424,3.196
14313,2.439,3.196
14314,2.429,3.196
14315,2.400,3.196
14316,2.356,3.196
14317,2.326,3.196
14318,2.307,3.192
14319,2.307,3.196
14320,2.307,3.192
14321,2.307,3.196
14322,2.302,3.192
14323,2.292,3.196
14324,2.287,3.192
14325,2.351,3.196
14326,2.517,3.192
14327,2.713,3.192
14328,2.805,3.192
14329,2.791,3.192
14330,2.693,3.192
14331,2.590,3.192
14332,2.507,3.192
14333,2.444,3.192
14334,2.419,3.196
14335,2.473,3.192
14336,2.454,3.196
14337,2.424,3.192
14338,2.395,3.192
14339,2.366,3.192
14340,2.351,3.192
14341,2.336,3.192
14342,2.326,3.192
14343,2.322,3.196
14344,2.317,3.192
14345,2.307,3.196
14346,2.297,3.192
14347,2.297,3.196
14348,2.385,3.192
14349,2.590,3.192
14350,2.791,3.192
14351,2.893,3.196
14352,2.869,3.192
14353,2.771,3.192
14354,2.669,3.192
14355,2.590,3.192
14356,2.532,3.192
14357,2.507,3.192
14358,2.498,3.192
14359,2.502,3.192
14360,2.507,3.192
14361,2.498,3.192
14362,2.463,3.192
14363,2.429,3.192
14364,2.395,3.192
14365,2.366,3.192
14366,2.361,3.192
14367,2.346,3.192
14368,2.346,3.192
14369,2.336,3.192
14370,2.326,3.192
14371,2.317,3.192
14372,2.302,3.192
14373,2.341,3.192
14374,2.493,3.192
14375,2.722,3.192
14376,2.903,3.192
14377,2.942,3.192
14378,2.869,3.192
14379,2.761,3.192
14380,2.664,3.192
14381,2.595,3.192
14382,2.537,3.192
14383,2.507,3.192
14384,2.512,3.192
14385,2.517,3.192
14386,2.522,3.192
14387,2.502,3.192
14388,2.463,3.192
14389,2.429,3.192
14390,2.400,3.192
14391,2.380,3.192
14392,2.366,3.192
14393,2.356,3.192
14394,2.346,3.192
14395,2.336,3.192
14396,2.326,3.192
14397,2.317,3.192
14398,2.312,3.192
14399,2.351,3.192
14400,2.512,3.192
14401,2.752,3.192
14402,2.933,3.192
14403,2.977,3.192
14404,2.903,3.192
14405,2.771,3.192
14406,2.659,3.192
14407,2.576,3.192
14408,2.522,3.192
14409,2.507,3.192
14410,2.527,3.192
14411,2.556,3.192
14412,2.556,3.192
14413,2.532,3.192
14414,2.493,3.192
14415,2.458,3.192
14416,2.434,3.187
14417,2.410,3.187
14418,2.405,3.182
14419,2.395,3.177
14420,2.380,3.177
14421,2.375,3.177
14422,2.444,3.177
14423,2.649,3.172
14424,2.869,3.172
14425,3.001,3.172
14426,2.991,3.172
14427,2.889,3.167
14428,2.761,3.167
14429,2.649,3.162
14430,2.561,3.162
14431,2.527,3.162
14432,2.537,3.162
14433,2.561,3.162
14434,2.581,3.162
14435,2.566,3.162
14436,2.532,3.157
14437,2.488,3.162
14438,2.449,3.157
14439,2.414,3.162
14440,2.400,3.157
14441,2.390,3.162
14442,2.380,3.157
14443,2.375,3.162
14444,2.370,3.157
14445,2.366,3.162
14446,2.493,3.157
14447,2.757,3.157
14448,3.016,3.157
14449,3.148,3.157
14450,3.104,3.157
14451,2.962,3.157
14452,2.825,3.157
14453,2.717,3.157
14454,2.634,3.157
14455,2.590,3.157
14456,2.581,3.157
14457,2.590,3.152
14458,2.600,3.157
14459,2.586,3.152
14460,2.537,3.152
14461,2.405,3.152
14462,2.390,3.152
14463,2.370,3.152
14464,2.356,3.152
14465,2.341,3.152
14466,2.366,3.152
14467,2.522,3.152
14468,2.801,3.152
14469,3.035,3.152
14470,3.099,3.152
14471,3.011,3.152
14472,2.864,3.152
14473,2.713,3.152
14474,2.620,3.152
14475,2.551,3.148
14476,2.532,3.148
14477,2.551,3.148
14478,2.576,3.148
14479,2.581,3.148
14480,2.556,3.148
14481,2.502,3.143
14482,2.444,3.148
14483,2.395,3.148
14484,2.366,3.148
14485,2.351,3.143
14486,2.341,3.148
14487,2.326,3.143
14488,2.346,3.148
14489,2.478,3.143
14490,2.737,3.143
14491,2.967,3.143
14492,3.030,3.143
14493,2.952,3.143
14494,2.810,3.143
14495,2.683,3.143
14496,2.595,3.143
14497,2.532,3.143
14498,2.522,3.143
14499,2.537,3.143
14500,2.561,3.143
14501,2.542,3.143
14502,2.517,3.143
14503,2.473,3.143
14504,2.434,3.143
14505,2.400,3.143
14506,2.385,3.143
14507,2.356,3.143
14508,2.331,3.143
14509,2.322,3.143
14510,2.424,3.143
14511,2.674,3.143
14512,2.923,3.143
14513,3.045,3.143
14514,3.011,3.143
14515,2.884,3.143
14516,2.752,3.143
14517,2.644,3.143
14518,2.561,3.143
14519,2.512,3.143
14520,2.512,3.143
14521,2.527,3.143
14522,2.532,3.143
14523,2.507,3.143
14524,2.458,3.143
14525,2.414,3.143
14526,2.380,3.143
14527,2.341,3.143
14528,2.331,3.143
14529,2.312,3.143
14530,2.297,3.143
14531,2.273,3.143
14532,2.258,3.143
14533,2.253,3.143
14534,2.366,3.143
14535,2.644,3.143
14536,2.923,3.143
14537,3.055,3.143
14538,3.016,3.143
14539,2.884,3.143
14540,2.761,3.143
14541,2.669,3.143
14542,2.586,3.143
14543,2.522,3.138
14544,2.502,3.143
14545,2.512,3.138
14546,2.522,3.143
14547,2.507,3.138
14548,2.468,3.143
14549,2.419,3.138
14550,2.385,3.143
14551,2.351,3.138
14552,2.312,3.143
14553,2.292,3.138
14554,2.287,3.138
14555,2.283,3.143
14556,2.278,3.138
14557,2.268,3.143
14558,2.258,3.138
14559,2.239,3.143
14560,2.278,3.138
14561,2.449,3.143
14562,2.693,3.138
14563,2.874,3.143
14564,2.908,3.138
14565,2.820,3.143
14566,2.693,3.143
14567,2.600,3.143
14568,2.532,3.138
14569,2.478,3.143
14570,2.449,3.143
14571,2.444,3.143
14572,2.458,3.143
14573,2.454,3.143
14574,2.434,3.143
14575,2.400,3.143
14576,2.366,3.143
14577,2.331,3.138
14578,2.302,3.143
14579,2.292,3.138
14580,2.287,3.143
14581,2.287,3.143
14582,2.278,3.143
14583,2.268,3.143
14584,2.258,3.143
14585,2.258,3.143
14586,2.761,3.143
14587,2.825,3.143
14588,2.766,3.143
14589,2.659,3.143
14590,2.576,3.143
14591,2.507,3.143
14592,2.454,3.143
14593,2.434,3.143
14594,2.439,3.143
14595,2.449,3.143
14596,2.439,3.143
14597,2.429,3.143
14598,2.405,3.143
14599,2.370,3.143
14600,2.341,3.143
14601,2.322,3.143
14602,2.312,3.143
14603,2.307,3.143
14604,2.302,3.143
14605,2.287,3.143
14606,2.273,3.143
14607,2.263,3.143
14608,2.307,3.143
14609,2.463,3.143
14610,2.674,3.143
14611,2.810,3.143
14612,2.820,3.143
14613,2.742,3.143
14614,2.649,3.143
14615,2.581,3.143
14616,2.527,3.143
14617,2.478,3.143
14618,2.454,3.143
14619,2.458,3.143
14620,2.463,3.143
14621,2.463,3.138
14622,2.439,3.143
14623,2.410,3.143
14624,2.380,3.143
14625,2.366,3.143
14626,2.351,3.143
14627,2.341,3.143
14628,2.326,3.143
14629,2.312,3.138
14630,2.302,3.138
14631,2.297,3.143
14632,2.283,3.138
14633,2.273,3.138
14634,2.268,3.138
14635,2.268,3.138
14636,2.263,3.138
14637,2.312,3.138
14638,2.473,3.138
14639,2.674,3.138
14640,2.810,3.138
14641,2.830,3.138
14642,2.776,3.138
14643,2.688,3.138
14644,2.625,3.138
14645,2.576,3.138
14646,2.527,3.138
14647,2.502,3.138
14648,2.507,3.138
14649,2.517,3.138
14650,2.512,3.138
14651,2.493,3.138
14652,2.454,3.138
14653,2.419,3.138
14654,2.380,3.138
14655,2.361,3.138
14656,2.356,3.138
14657,2.346,3.138
14658,2.341,3.138
14659,2.331,3.138
14660,2.317,3.138
14661,2.336,3.138
14662,2.473,3.138
14663,2.683,3.138
14664,2.840,3.138
14665,2.889,3.138
14666,2.835,3.138
14667,2.737,3.138
14668,2.659,3.138
14669,2.586,3.138
14670,2.537,3.138
14671,2.507,3.138
14672,2.502,3.138
14673,2.512,3.138
14674,2.512,3.138
14675,2.502,3.138
14676,2.478,3.138
14677,2.449,3.138
14678,2.419,3.138
14679,2.400,3.138
14680,2.385,3.138
14681,2.375,3.138
14682,2.351,3.138
14683,2.341,3.138
14684,2.434,3.138
14685,2.634,3.138
14686,2.835,3.138
14687,2.913,3.138
14688,2.869,3.138
14689,2.771,3.138
14690,2.683,3.138
14691,2.615,3.138
14692,2.561,3.138
14693,2.532,3.138
14694,2.522,3.138
14695,2.522,3.138
14696,2.527,3.138
14697,2.512,3.138
14698,2.473,3.138
14699,2.429,3.138
14700,2.395,3.138
14701,2.375,3.138
14702,2.366,3.138
14703,2.361,3.138
14704,2.361,3.138
14705,2.341,3.138
14706,2.326,3.138
14707,2.385,3.138
14708,2.566,3.138
14709,2.781,3.138
14710,2.908,3.138
14711,2.908,3.138
14712,2.805,3.138
14713,2.678,3.138
14714,2.590,3.138
14715,2.517,3.138
14716,2.507,3.138
14717,2.532,3.138
14718,2.571,3.138
14719,2.595,3.138
14720,2.581,3.138
14721,2.532,3.138
14722,2.478,3.138
14723,2.439,3.138
14724,2.414,3.138
14725,2.405,3.138
14726,2.405,3.138
14727,2.395,3.138
14728,2.390,3.138
14729,2.454,3.138
14730,2.649,3.138
14731,2.849,3.138
14732,2.947,3.138
14733,2.918,3.138
14734,2.820,3.138
14735,2.713,3.143
14736,2.620,3.143
14737,2.551,3.143
14738,2.527,3.143
14739,2.537,3.143
14740,2.551,3.143
14741,2.551,3.148
14742,2.537,3.143
14743,2.498,3.148
14744,2.458,3.148
14745,2.424,3.148
14746,2.400,3.148
14747,2.380,3.148
14748,2.370,3.152
14749,2.366,3.152
14750,2.356,3.152
14751,2.341,3.157
14752,2.361,3.157
14753,2.488,3.157
14754,2.742,3.162
14755,2.967,3.162
14756,3.040,3.162
14757,2.977,3.162
14758,2.854,3.167
14759,2.747,3.167
14760,2.678,3.167
14761,2.620,3.167
14762,2.586,3.167
14763,2.586,3.167
14764,2.595,3.172
14765,2.595,3.172
14766,2.576,3.172
14767,2.542,3.172
14768,2.502,3.172
14769,2.449,3.172
14770,2.424,3.172
14771,2.405,3.172
14772,2.390,3.172
14773,2.390,3.172
14774,2.366,3.172
14775,2.346,3.172
14776,2.341,3.172
14777,2.439,3.172
14778,2.678,3.172
14779,2.928,3.172
14780,3.045,3.172
14781,3.016,3.172
14782,2.893,3.177
14783,2.771,3.172
14784,2.688,3.177
14785,2.620,3.172
14786,2.581,3.172
14787,2.566,3.172
14788,2.576,3.177
14789,2.581,3.172
14790,2.571,3.177
14791,2.537,3.172
14792,2.488,3.177
14793,2.444,3.177
14794,2.410,3.177
14795,2.385,3.177
14796,2.370,3.172
14797,2.361,3.177
14798,2.336,3.172
14799,2.331,3.177
14800,2.322,3.172
14801,2.297,3.177
14802,2.297,3.177
14803,2.380,3.177
14804,2.620,3.177
14805,2.889,3.177
14806,3.035,3.177
14807,3.016,3.177
14808,2.893,3.177
14809,2.766,3.172
14810,2.674,3.177
14811,2.605,3.172
14812,2.556,3.177
14813,2.542,3.172
14814,2.551,3.177
14815,2.551,3.172
14816,2.542,3.177
14817,2.512,3.172
14818,2.468,3.177
14819,2.424,3.177
14820,2.385,3.177
14821,2.366,3.177
14822,2.351,3.177
14823,2.341,3.177
14824,2.341,3.172
14825,2.331,3.177
14826,2.312,3.172
14827,2.346,3.177
14828,2.532,3.172
14829,2.801,3.177
14830,2.991,3.177
14831,3.006,3.177
14832,2.898,3.177
14833,2.757,3.177
14834,2.639,3.177
14835,2.551,3.177
14836,2.498,3.177
14837,2.488,3.177
14838,2.517,3.177
14839,2.546,3.177
14840,2.532,3.177
14841,2.483,3.177
14842,2.444,3.177
14843,2.400,3.177
14844,2.370,3.177
14845,2.346,3.177
14846,2.331,3.177
14847,2.312,3.177
14848,2.302,3.177
14849,2.297,3.177
14850,2.287,3.177
14851,2.283,3.177
14852,2.292,3.177
14853,2.419,3.177
14854,2.683,3.177
14855,2.947,3.177
14856,3.065,3.177
14857,3.006,3.177
14858,2.864,3.177
14859,2.732,3.177
14860,2.639,3.177
14861,2.576,3.177
14862,2.537,3.177
14863,2.532,3.177
14864,2.546,3.177
14865,2.551,3.177
14866,2.542,3.177
14867,2.507,3.177
14868,2.454,3.177
14869,2.419,3.177
14870,2.380,3.177
14871,2.351,3.177
14872,2.331,3.177
14873,2.322,3.177
14874,2.312,3.177
14875,2.307,3.177
14876,2.302,3.177
14877,2.283,3.177
14878,2.278,3.177
14879,2.351,3.177
14880,2.566,3.177
14881,2.849,3.177
14882,3.025,3.177
14883,3.021,3.177
14884,2.898,3.177
14885,2.757,3.177
14886,2.649,3.177
14887,2.571,3.177
14888,2.517,3.177
14889,2.512,3.177
14890,2.527,3.177
14891,2.546,3.177
14892,2.537,3.177
14893,2.498,3.177
14894,2.458,3.177
14895,2.414,3.177
14896,2.385,3.177
14897,2.356,3.177
14898,2.336,3.177
14899,2.322,3.177
14900,2.307,3.177
14901,2.302,3.177
14902,2.292,3.177
14903,2.287,3.177
14904,2.283,3.177
14905,2.283,3.177
14906,2.336,3.177
14907,2.537,3.177
14908,2.810,3.177
14909,2.996,3.177
14910,3.001,3.177
14911,2.879,3.177
14912,2.732,3.177
14913,2.634,3.177
14914,2.556,3.177
14915,2.498,3.177
14916,2.478,3.177
14917,2.502,3.177
14918,2.522,3.177
14919,2.522,3.177
14920,2.488,3.177
14921,2.449,3.177
14922,2.414,3.177
14923,2.375,3.177
14924,2.356,3.177
14925,2.351,3.177
14926,2.336,3.177
14927,2.322,3.177
14928,2.317,3.177
14929,2.312,3.177
14930,2.292,3.177
14931,2.278,3.177
14932,2.331,3.177
14933,2.527,3.177
14934,2.786,3.177
14935,2.947,3.177
14936,2.947,3.177
14937,2.835,3.177
14938,2.698,3.177
14939,2.590,3.177
14940,2.522,3.177
14941,2.478,3.177
14942,2.488,3.177
14943,2.517,3.177
14944,2.542,3.177
14945,2.532,3.177
14946,2.498,3.177
14947,2.454,3.177
14948,2.414,3.177
14949,2.380,3.177
14950,2.361,3.177
14951,2.341,3.177
14952,2.326,3.177
14953,2.312,3.177
14954,2.292,3.177
14955,2.278,3.177
14956,2.366,3.177
14957,2.595,3.177
14958,2.854,3.172
14959,2.947,3.177
14960,2.908,3.177
14961,2.786,3.177
14962,2.664,3.177
14963,2.576,3.177
14964,2.493,3.177
14965,2.473,3.177
14966,2.478,3.177
14967,2.498,3.177
14968,2.502,3.172
14969,2.483,3.177
14970,2.439,3.172
14971,2.400,3.177
14972,2.375,3.172
14973,2.356,3.177
14974,2.341,3.172
14975,2.322,3.177
14976,2.312,3.172
14977,2.297,3.177
14978,2.292,3.172
14979,2.278,3.177
14980,2.273,3.172
14981,2.263,3.177
14982,2.302,3.172
14983,2.473,3.177
14984,2.742,3.172
14985,2.952,3.172
14986,2.962,3.177
14987,2.854,3.172
14988,2.732,3.177
14989,2.639,3.172
14990,2.576,3.177
14991,2.527,3.172
14992,2.507,3.172
14993,2.498,3.172
14994,2.512,3.172
14995,2.517,3.172
14996,2.493,3.177
14997,2.458,3.177
14998,2.419,3.172
14999,2.380,3.177
15000,2.356,3.172
15001,2.346,3.177
15002,2.336,3.172
15003,2.322,3.177
15004,2.317,3.172
15005,2.312,3.177
15006,2.302,3.172
15007,2.292,3.177
15008,2.278,3.172
15009,2.283,3.177
15010,2.375,3.172
15011,2.600,3.172
15012,2.840,3.177
15013,2.918,3.172
15014,2.864,3.177
15015,2.752,3.172
15016,2.649,3.177
15017,2.586,3.172
15018,2.537,3.177
15019,2.502,3.172
15020,2.488,3.177
15021,2.488,3.172
15022,2.493,3.177
15023,2.493,3.172
15024,2.468,3.177
15025,2.424,3.172
15026,2.390,3.177
15027,2.356,3.172
15028,2.341,3.172
15029,2.326,3.172
15030,2.326,3.172
15031,2.322,3.177
15032,2.312,3.172
15033,2.297,3.177
15034,2.287,3.172
15035,2.273,3.177
15036,2.326,3.172
15037,2.493,3.177
15038,2.708,3.172
15039,2.849,3.172
15040,2.815,3.177
15041,2.717,3.172
15042,2.625,3.177
15043,2.556,3.172
15044,2.507,3.177
15045,2.473,3.172
15046,2.468,3.177
15047,2.478,3.172
15048,2.488,3.177
15049,2.478,3.172
15050,2.458,3.177
15051,2.424,3.172
15052,2.395,3.177
15053,2.366,3.172
15054,2.351,3.177
15055,2.341,3.172
15056,2.336,3.172
15057,2.322,3.172
15058,2.307,3.172
15059,2.287,3.177
15060,2.273,3.172
15061,2.312,3.177
15062,2.458,3.172
15063,2.674,3.172
15064,2.835,3.172
15065,2.864,3.177
15066,2.776,3.172
15067,2.688,3.172
15068,2.630,3.172
15069,2.576,3.172
15070,2.522,3.172
15071,2.493,3.172
15072,2.493,3.177
15073,2.512,3.172
15074,2.512,3.172
15075,2.483,3.172
15076,2.444,3.177
15077,2.419,3.172
15078,2.395,3.177
15079,2.375,3.172
15080,2.366,3.177
15081,2.356,3.172
15082,2.341,3.177
15083,2.331,3.172
15084,2.317,3.172
15085,2.312,3.172
15086,2.302,3.172
15087,2.302,3.172
15088,2.297,3.172
15089,2.297,3.177
15090,2.395,3.172
15091,2.610,3.172
15092,2.805,3.172
15093,2.884,3.172
15094,2.840,3.177
15095,2.752,3.172
15096,2.669,3.172
15097,2.615,3.172
15098,2.571,3.172
15099,2.537,3.172
15100,2.522,3.172
15101,2.532,3.172
15102,2.532,3.172
15103,2.517,3.177
15104,2.488,3.172
15105,2.454,3.177
15106,2.429,3.172
15107,2.410,3.177
15108,2.390,3.172
15109,2.375,3.177
15110,2.361,3.172
15111,2.346,3.177
15112,2.331,3.172
15113,2.322,3.177
15114,2.317,3.172
15115,2.312,3.177
15116,2.302,3.172
15117,2.307,3.172
15118,2.336,3.172
15119,2.483,3.172
15120,2.717,3.172
15121,2.854,3.172
15122,2.869,3.177
15123,2.796,3.172
15124,2.703,3.177
15125,2.639,3.172
15126,2.590,3.172
15127,2.546,3.172
15128,2.522,3.172
15129,2.522,3.172
15130,2.542,3.172
15131,2.546,3.172
15132,2.527,3.172
15133,2.493,3.172
15134,2.458,3.172
15135,2.429,3.177
15136,2.410,3.172
15137,2.405,3.177
15138,2.400,3.172
15139,2.390,3.177
15140,2.380,3.172
15141,2.361,3.177
15142,2.346,3.172
15143,2.395,3.177
15144,2.561,3.172
15145,2.761,3.177
15146,2.879,3.172
15147,2.879,3.177
15148,2.805,3.172
15149,2.703,3.177
15150,2.634,3.172
15151,2.586,3.177
15152,2.546,3.172
15153,2.532,3.177
15154,2.546,3.172
15155,2.561,3.172
15156,2.546,3.177
15157,2.512,3.172
15158,2.468,3.177
15159,2.439,3.172
15160,2.419,3.177
15161,2.400,3.172
15162,2.395,3.177
15163,2.390,3.172
15164,2.370,3.177
15165,2.351,3.172
15166,2.341,3.177
15167,2.336,3.172
15168,2.331,3.177
15169,2.322,3.172
15170,2.331,3.177
15171,2.454,3.172
15172,2.683,3.172
15173,2.928,3.177
15174,2.986,3.172
15175,2.928,3.177
15176,2.830,3.172
15177,2.747,3.177
15178,2.703,3.172
15179,2.659,3.177
15180,2.620,3.172
15181,2.600,3.177
15182,2.595,3.172
15183,2.600,3.177
15184,2.581,3.177
15185,2.546,3.172
15186,2.517,3.177
15187,2.478,3.172
15188,2.449,3.177
15189,2.429,3.172
15190,2.414,3.177
15191,2.400,3.172
15192,2.385,3.177
15193,2.370,3.172
15194,2.361,3.177
15195,2.361,3.172
15196,2.351,3.177
15197,2.336,3.172
15198,2.326,3.177
15199,2.380,3.177
15200,2.595,3.172
15201,2.825,3.177
15202,2.947,3.172
15203,2.947,3.177
15204,2.859,3.172
15205,2.766,3.177
15206,2.713,3.172
15207,2.659,3.177
15208,2.610,3.172
15209,2.576,3.177
15210,2.571,3.172
15211,2.576,3.177
15212,2.566,3.172
15213,2.546,3.177
15214,2.502,3.177
15215,2.468,3.172
15216,2.434,3.177
15217,2.414,3.177
15218,2.395,3.177
15219,2.385,3.177
15220,2.361,3.172
15221,2.351,3.177
15222,2.346,3.172
15223,2.336,3.177
15224,2.326,3.172
15225,2.331,3.177
15226,2.424,3.172
15227,2.649,3.177
15228,2.835,3.177
15229,2.903,3.172
15230,2.859,3.177
15231,2.776,3.172
15232,2.698,3.177
15233,2.639,3.172
15234,2.581,3.177
15235,2.546,3.172
15236,2.546,3.177
15237,2.556,3.172
15238,2.556,3.177
15239,2.537,3.172
15240,2.498,3.177
15241,2.458,3.177
15242,2.424,3.177
15243,2.405,3.177
15244,2.395,3.177
15245,2.390,3.177
15246,2.390,3.177
15247,2.375,3.177
15248,2.361,3.177
15249,2.366,3.177
15250,2.478,3.172
15251,2.683,3.177
15252,2.864,3.172
15253,2.908,3.177
15254,2.859,3.172
15255,2.786,3.177
15256,2.727,3.177
15257,2.678,3.177
15258,2.610,3.177
15259,2.561,3.177
15260,2.542,3.177
15261,2.546,3.172
15262,2.546,3.177
15263,2.527,3.172
15264,2.488,3.177
15265,2.454,3.172
15266,2.419,3.177
15267,2.400,3.172
15268,2.385,3.177
15269,2.375,3.172
15270,2.361,3.177
15271,2.346,3.172
15272,2.341,3.177
15273,2.331,3.177
15274,2.322,3.177
15275,2.312,3.177
15276,2.302,3.177
15277,2.302,3.177
15278,2.297,3.177
15279,2.346,3.177
15280,2.527,3.172
15281,2.786,3.177
15282,2.903,3.177
15283,2.889,3.177
15284,2.801,3.177
15285,2.713,3.177
15286,2.664,3.177
15287,2.620,3.177
15288,2.576,3.177
15289,2.546,3.177
15290,2.527,3.177
15291,2.532,3.177
15292,2.522,3.177
15293,2.493,3.172
15294,2.458,3.177
15295,2.424,3.177
15296,2.400,3.177
15297,2.385,3.177
15298,2.370,3.177
15299,2.370,3.177
15300,2.361,3.177
15301,2.341,3.177
15302,2.326,3.177
15303,2.317,3.177
15304,2.312,3.177
15305,2.307,3.177
15306,2.302,3.177
15307,2.302,3.177
15308,2.287,3.172
15309,2.273,3.177
15310,2.312,3.172
15311,2.478,3.177
15312,2.698,3.172
15313,2.835,3.177
15314,2.840,3.177
15315,2.766,3.177
15316,2.688,3.177
15317,2.639,3.177
15318,2.595,3.177
15319,2.546,3.177
15320,2.517,3.177
15321,2.512,3.172
15322,2.522,3.177
15323,2.527,3.172
15324,2.507,3.177
15325,2.478,3.177
15326,2.444,3.177
15327,2.414,3.172
15328,2.390,3.177
15329,2.375,3.177
15330,2.370,3.177
15331,2.361,3.177
15332,2.351,3.177
15333,2.341,3.177
15334,2.331,3.177
15335,2.322,3.177
15336,2.317,3.172
15337,2.326,3.177
15338,2.444,3.177
15339,2.644,3.177
15340,2.801,3.177
15341,2.830,3.177
15342,2.776,3.177
15343,2.688,3.177
15344,2.620,3.177
15345,2.561,3.177
15346,2.507,3.177
15347,2.488,3.177
15348,2.512,3.177
15349,2.527,3.177
15350,2.522,3.177
15351,2.493,3.177
15352,2.449,3.177
15353,2.419,3.177
15354,2.390,3.172
15355,2.370,3.177
15356,2.356,3.172
15357,2.341,3.177
15358,2.341,3.177
15359,2.336,3.177
15360,2.326,3.177
15361,2.317,3.177
15362,2.312,3.177
15363,2.312,3.177
15364,2.312,3.177
15365,2.331,3.177
15366,2.424,3.177
15367,2.630,3.172
15368,2.830,3.177
15369,2.923,3.172
15370,2.884,3.177
15371,2.796,3.172
15372,2.717,3.177
15373,2.678,3.172
15374,2.639,3.177
15375,2.600,3.177
15376,2.566,3.177
15377,2.556,3.177
15378,2.561,3.177
15379,2.561,3.177
15380,2.537,3.177
15381,2.502,3.177
15382,2.458,3.177
15383,2.424,3.177
15384,2.410,3.177
15385,2.395,3.177
15386,2.385,3.177
15387,2.380,3.177
15388,2.366,3.177
15389,2.351,3.177
15390,2.336,3.177
15391,2.331,3.177
15392,2.326,3.177
15393,2.317,3.177
15394,2.317,3.177
15395,2.312,3.177
15396,2.307,3.177
15397,2.317,3.177
15398,2.419,3.177
15399,2.634,3.177
15400,2.854,3.177
15401,2.952,3.177
15402,2.918,3.177
15403,2.810,3.177
15404,2.717,3.177
15405,2.654,3.177
15406,2.605,3.177
15407,2.566,3.177
15408,2.546,3.177
15409,2.551,3.177
15410,2.551,3.177
15411,2.542,3.177
15412,2.512,3.177
15413,2.478,3.177
15414,2.439,3.177
15415,2.410,3.177
15416,2.400,3.177
15417,2.395,3.177
15418,2.380,3.177
15419,2.361,3.177
15420,2.341,3.177
15421,2.331,3.177
15422,2.317,3.177
15423,2.307,3.177
15424,2.307,3.177
15425,2.302,3.177
15426,2.297,3.177
15427,2.326,3.177
15428,2.468,3.177
15429,2.678,3.177
15430,2.815,3.177
15431,2.825,3.177
15432,2.757,3.177
15433,2.664,3.177
15434,2.595,3.177
15435,2.546,3.177
15436,2.517,3.177
15437,2.493,3.177
15438,2.498,3.177
15439,2.527,3.177
15440,2.532,3.177
15441,2.522,3.172
15442,2.493,3.177
15443,2.458,3.177
15444,2.434,3.172
15445,2.410,3.172
15446,2.395,3.172
15447,2.385,3.172
15448,2.370,3.172
15449,2.361,3.172
15450,2.346,3.172
15451,2.346,3.167
15452,2.395,3.172
15453,2.556,3.167
15454,2.747,3.167
15455,2.840,3.167
15456,2.825,3.167
15457,2.747,3.167
15458,2.669,3.167
15459,2.610,3.167
15460,2.556,3.167
15461,2.517,3.167
15462,2.502,3.167
15463,2.512,3.167
15464,2.517,3.167
15465,2.507,3.167
15466,2.483,3.167
15467,2.395,3.167
15468,2.366,3.167
15469,2.346,3.167
15470,2.336,3.167
15471,2.336,3.167
15472,2.336,3.167
15473,2.336,3.167
15474,2.326,3.167
15475,2.322,3.167
15476,2.380,3.167
15477,2.551,3.162
15478,2.747,3.167
15479,2.849,3.167
15480,2.845,3.167
15481,2.771,3.167
15482,2.698,3.167
15483,2.649,3.167
15484,2.605,3.167
15485,2.551,3.167
15486,2.507,3.167
15487,2.488,3.167
15488,2.488,3.167
15489,2.493,3.167
15490,2.488,3.167
15491,2.473,3.167
15492,2.444,3.167
15493,2.410,3.167
15494,2.380,3.167
15495,2.356,3.167
15496,2.346,3.167
15497,2.331,3.167
15498,2.331,3.167
15499,2.326,3.167
15500,2.317,3.167
15501,2.307,3.167
15502,2.297,3.167
15503,2.287,3.167
15504,2.317,3.167
15505,2.434,3.167
15506,2.625,3.167
15507,2.771,3.162
15508,2.815,3.167
15509,2.771,3.167
15510,2.698,3.167
15511,2.644,3.167
15512,2.605,3.167
15513,2.556,3.167
15514,2.512,3.167
15515,2.483,3.167
15516,2.488,3.167
15517,2.493,3.167
15518,2.483,3.167
15519,2.458,3.167
15520,2.429,3.167
15521,2.400,3.167
15522,2.385,3.167
15523,2.380,3.167
15524,2.380,3.167
15525,2.366,3.167
15526,2.361,3.167
15527,2.366,3.167
15528,2.463,3.167
15529,2.649,3.167
15530,2.805,3.167
15531,2.854,3.167
15532,2.825,3.167
15533,2.747,3.167
15534,2.678,3.167
15535,2.620,3.167
15536,2.571,3.167
15537,2.522,3.167
15538,2.507,3.167
15539,2.512,3.167
15540,2.522,3.167
15541,2.512,3.167
15542,2.483,3.167
15543,2.454,3.167
15544,2.424,3.167
15545,2.405,3.167
15546,2.380,3.167
15547,2.361,3.167
15548,2.346,3.167
15549,2.331,3.167
15550,2.326,3.167
15551,2.317,3.167
15552,2.307,3.167
15553,2.312,3.167
15554,2.405,3.167
15555,2.600,3.167
15556,2.796,3.167
15557,2.889,3.167
15558,2.869,3.167
15559,2.791,3.167
15560,2.703,3.167
15561,2.654,3.167
15562,2.605,3.167
15563,2.571,3.167
15564,2.546,3.167
15565,2.542,3.167
15566,2.542,3.167
15567,2.527,3.167
15568,2.502,3.167
15569,2.468,3.167
15570,2.434,3.167
15571,2.419,3.167
15572,2.395,3.167
15573,2.380,3.167
15574,2.370,3.167
15575,2.356,3.167
15576,2.346,3.167
15577,2.331,3.167
15578,2.322,3.167
15579,2.312,3.167
15580,2.297,3.167
15581,2.292,3.167
15582,2.297,3.167
15583,2.400,3.167
15584,2.605,3.167
15585,2.810,3.167
15586,2.898,3.167
15587,2.879,3.167
15588,2.786,3.167
15589,2.708,3.167
15590,2.659,3.167
15591,2.610,3.167
15592,2.556,3.167
15593,2.522,3.167
15594,2.537,3.167
15595,2.542,3.167
15596,2.527,3.167
15597,2.493,3.167
15598,2.458,3.167
15599,2.424,3.167
15600,2.400,3.167
15601,2.385,3.167
15602,2.375,3.167
15603,2.356,3.167
15604,2.341,3.167
15605,2.322,3.167
15606,2.312,3.167
15607,2.302,3.167
15608,2.312,3.167
15609,2.414,3.167
15610,2.630,3.167
15611,2.830,3.167
15612,2.913,3.167
15613,2.889,3.167
15614,2.810,3.167
15615,2.727,3.167
15616,2.664,3.167
15617,2.600,3.167
15618,2.556,3.167
15619,2.537,3.167
15620,2.546,3.167
15621,2.561,3.167
15622,2.556,3.167
15623,2.537,3.167
15624,2.498,3.167
15625,2.454,3.167
15626,2.419,3.167
15627,2.400,3.167
15628,2.390,3.167
15629,2.390,3.167
15630,2.380,3.167
15631,2.366,3.167
15632,2.385,3.167
15633,2.507,3.167
15634,2.717,3.167
15635,2.884,3.167
15636,2.937,3.167
15637,2.893,3.167
15638,2.810,3.167
15639,2.727,3.167
15640,2.669,3.167
15641,2.610,3.167
15642,2.561,3.167
15643,2.551,3.167
15644,2.561,3.167
15645,2.561,3.167
15646,2.551,3.167
15647,2.512,3.167
15648,2.473,3.167
15649,2.444,3.167
15650,2.414,3.167
15651,2.400,3.167
15652,2.385,3.167
15653,2.370,3.167
15654,2.356,3.167
15655,2.351,3.167
15656,2.341,3.167
15657,2.331,3.167
15658,2.326,3.167
15659,2.312,3.167
15660,2.312,3.167
15661,2.385,3.167
15662,2.581,3.167
15663,2.810,3.167
15664,2.947,3.167
15665,2.952,3.167
15666,2.869,3.167
15667,2.761,3.167
15668,2.693,3.167
15669,2.639,3.167
15670,2.600,3.167
15671,2.576,3.167
15672,2.566,3.167
15673,2.576,3.167
15674,2.576,3.167
15675,2.542,3.167
15676,2.512,3.167
15677,2.473,3.167
15678,2.439,3.167
15679,2.419,3.167
15680,2.400,3.167
15681,2.385,3.167
15682,2.370,3.167
15683,2.356,3.167
15684,2.351,3.167
15685,2.336,3.167
15686,2.331,3.167
15687,2.336,3.167
15688,2.326,3.167
15689,2.307,3.167
15690,2.302,3.167
15691,2.366,3.167
15692,2.556,3.167
15693,2.786,3.167
15694,2.923,3.167
15695,2.933,3.167
15696,2.849,3.167
15697,2.742,3.167
15698,2.659,3.167
15699,2.605,3.167
15700,2.561,3.167
15701,2.542,3.167
15702,2.546,3.167
15703,2.561,3.167
15704,2.556,3.167
15705,2.537,3.167
15706,2.498,3.167
15707,2.463,3.167
15708,2.419,3.167
15709,2.400,3.167
15710,2.385,3.167
15711,2.370,3.167
15712,2.361,3.167
15713,2.351,3.167
15714,2.341,3.167
15715,2.336,3.167
15716,2.331,3.167
15717,2.322,3.167
15718,2.326,3.167
15719,2.454,3.167
15720,2.683,3.167
15721,2.879,3.167
15722,2.942,3.167
15723,2.893,3.167
15724,2.796,3.167
15725,2.698,3.167
15726,2.630,3.167
15727,2.566,3.167
15728,2.527,3.167
15729,2.527,3.167
15730,2.551,3.167
15731,2.571,3.167
15732,2.566,3.167
15733,2.527,3.167
15734,2.483,3.167
15735,2.449,3.167
15736,2.434,3.167
15737,2.424,3.167
15738,2.414,3.167
15739,2.405,3.167
15740,2.400,3.167
15741,2.385,3.167
15742,2.370,3.167
15743,2.356,3.167
15744,2.351,3.167
15745,2.346,3.167
15746,2.366,3.167
15747,2.473,3.167
15748,2.698,3.167
15749,2.903,3.167
15750,3.006,3.167
15751,2.972,3.167
15752,2.879,3.167
15753,2.771,3.167
15754,2.703,3.167
15755,2.639,3.167
15756,2.595,3.167
15757,2.566,3.167
15758,2.576,3.167
15759,2.576,3.167
15760,2.566,3.167
15761,2.542,3.167
15762,2.502,3.167
15763,2.463,3.167
15764,2.439,3.167
15765,2.414,3.167
15766,2.390,3.167
15767,2.385,3.167
15768,2.370,3.167
15769,2.351,3.167
15770,2.326,3.167
15771,2.312,3.167
15772,2.297,3.167
15773,2.287,3.167
15774,2.307,3.167
15775,2.419,3.167
15776,2.639,3.167
15777,2.840,3.167
15778,2.928,3.167
15779,2.884,3.167
15780,2.776,3.167
15781,2.659,3.167
15782,2.566,3.167
15783,2.507,3.167
15784,2.483,3.167
15785,2.488,3.167
15786,2.517,3.167
15787,2.532,3.167
15788,2.532,3.167
15789,2.498,3.167
15790,2.458,3.167
15791,2.419,3.167
15792,2.400,3.167
15793,2.385,3.167
15794,2.375,3.172
15795,2.370,3.167
15796,2.361,3.167
15797,2.351,3.167
15798,2.341,3.167
15799,2.410,3.167
15800,2.595,3.167
15801,2.815,3.167
15802,2.933,3.167
15803,2.923,3.167
15804,2.830,3.167
15805,2.722,3.167
15806,2.630,3.167
15807,2.566,3.167
15808,2.522,3.167
15809,2.522,3.167
15810,2.542,3.167
15811,2.566,3.172
15812,2.556,3.167
15813,2.517,3.167
15814,2.473,3.167
15815,2.434,3.167
15816,2.400,3.167
15817,2.385,3.167
15818,2.370,3.167
15819,2.366,3.167
15820,2.356,3.172
15821,2.341,3.167
15822,2.341,3.172
15823,2.444,3.167
15824,2.669,3.167
15825,2.889,3.167
15826,2.981,3.172
15827,2.957,3.167
15828,2.849,3.172
15829,2.737,3.167
15830,2.664,3.172
15831,2.600,3.167
15832,2.561,3.167
15833,2.551,3.167
15834,2.566,3.167
15835,2.571,3.167
15836,2.561,3.167
15837,2.532,3.167
15838,2.488,3.167
15839,2.444,3.172
15840,2.414,3.167
15841,2.385,3.167
15842,2.370,3.167
15843,2.356,3.172
15844,2.351,3.167
15845,2.341,3.167
15846,2.336,3.172
15847,2.351,3.167
15848,2.502,3.167
15849,2.742,3.167
15850,2.923,3.167
15851,2.977,3.167
15852,2.918,3.167
15853,2.810,3.172
15854,2.713,3.167
15855,2.634,3.172
15856,2.566,3.167
15857,2.532,3.172
15858,2.532,3.167
15859,2.542,3.167
15860,2.546,3.167
15861,2.522,3.172
15862,2.488,3.167
15863,2.444,3.172
15864,2.405,3.167
15865,2.385,3.172
15866,2.361,3.167
15867,2.351,3.172
15868,2.336,3.167
15869,2.322,3.172
15870,2.312,3.172
15871,2.297,3.172
15872,2.287,3.167
15873,2.312,3.172
15874,2.478,3.172
15875,2.717,3.167
15876,2.893,3.172
15877,2.923,3.167
15878,2.849,3.172
15879,2.737,3.167
15880,2.639,3.172
15881,2.571,3.167
15882,2.522,3.172
15883,2.502,3.167
15884,2.498,3.172
15885,2.512,3.167
15886,2.517,3.167
15887,2.493,3.172
15888,2.454,3.172
15889,2.419,3.172
15890,2.390,3.172
15891,2.370,3.172
15892,2.356,3.167
15893,2.336,3.172
15894,2.326,3.167
15895,2.317,3.172
15896,2.302,3.172
15897,2.287,3.172
15898,2.287,3.167
15899,2.366,3.172
15900,2.566,3.167
15901,2.801,3.167
15902,2.884,3.172
15903,2.825,3.167
15904,2.717,3.172
15905,2.620,3.167
15906,2.546,3.172
15907,2.493,3.172
15908,2.473,3.172
15909,2.493,3.172
15910,2.517,3.172
15911,2.532,3.167
15912,2.507,3.167
15913,2.463,3.172
15914,2.419,3.172
15915,2.385,3.172
15916,2.366,3.172
15917,2.351,3.172
15918,2.331,3.172
15919,2.317,3.172
15920,2.307,3.167
15921,2.297,3.172
15922,2.287,3.167
15923,2.331,3.172
15924,2.493,3.167
15925,2.727,3.172
15926,2.874,3.167
15927,2.893,3.172
15928,2.801,3.172
15929,2.683,3.167
15930,2.590,3.172
15931,2.517,3.167
15932,2.468,3.172
15933,2.468,3.172
15934,2.488,3.172
15935,2.507,3.167
15936,2.493,3.172
15937,2.454,3.167
15938,2.414,3.172
15939,2.380,3.167
15940,2.356,3.172
15941,2.341,3.172
15942,2.326,3.172
15943,2.317,3.172
15944,2.307,3.172
15945,2.302,3.172
15946,2.292,3.172
15947,2.278,3.172
15948,2.287,3.172
15949,2.395,3.172
15950,2.610,3.167
15951,2.825,3.172
15952,2.913,3.167
15953,2.869,3.172
15954,2.757,3.172
15955,2.644,3.172
15956,2.561,3.172
15957,2.498,3.172
15958,2.468,3.172
15959,2.468,3.172
15960,2.488,3.172
15961,2.502,3.167
15962,2.483,3.172
15963,2.449,3.167
15964,2.405,3.172
15965,2.380,3.172
15966,2.366,3.172
15967,2.346,3.167
15968,2.336,3.172
15969,2.326,3.172
15970,2.302,3.172
15971,2.297,3.172
15972,2.287,3.172
15973,2.292,3.172
15974,2.370,3.172
15975,2.566,3.172
15976,2.776,3.172
15977,2.874,3.172
15978,2.845,3.172
15979,2.737,3.172
15980,2.634,3.172
15981,2.546,3.172
15982,2.473,3.172
15983,2.444,3.172
15984,2.454,3.172
15985,2.468,3.172
15986,2.473,3.172
15987,2.458,3.172
15988,2.424,3.172
15989,2.390,3.172
15990,2.366,3.172
15991,2.341,3.172
15992,2.331,3.172
15993,2.317,3.172
15994,2.307,3.172
15995,2.297,3.172
15996,2.292,3.172
15997,2.278,3.172
15998,2.278,3.172
15999,2.346,3.172
16000,2.537,3.167
16001,2.732,3.172
16002,2.835,3.167
16003,2.805,3.172
16004,2.703,3.172
16005,2.595,3.172
16006,2.522,3.172
16007,2.458,3.172
16008,2.434,3.172
16009,2.454,3.172
16010,2.493,3.172
16011,2.512,3.172
16012,2.498,3.172
16013,2.463,3.172
16014,2.429,3.172
16015,2.405,3.172
16016,2.380,3.172
16017,2.361,3.172
16018,2.351,3.172
16019,2.346,3.172
16020,2.331,3.172
16021,2.336,3.172
16022,2.410,3.172
16023,2.600,3.172
16024,2.776,3.172
16025,2.849,3.172
16026,2.815,3.172
16027,2.717,3.172
16028,2.625,3.172
16029,2.551,3.172
16030,2.493,3.172
16031,2.473,3.172
16032,2.488,3.172
16033,2.512,3.172
16034,2.517,3.172
16035,2.493,3.172
16036,2.458,3.172
16037,2.419,3.172
16038,2.400,3.172
16039,2.375,3.172
16040,2.361,3.172
16041,2.341,3.172
16042,2.331,3.172
16043,2.317,3.172
16044,2.307,3.172
16045,2.287,3.172
16046,2.312,3.172
16047,2.458,3.172
16048,2.683,3.172
16049,2.835,3.172
16050,2.849,3.172
16051,2.776,3.172
16052,2.674,3.172
16053,2.576,3.172
16054,2.507,3.172
16055,2.463,3.172
16056,2.449,3.172
16057,2.468,3.172
16058,2.488,3.172
16059,2.493,3.172
16060,2.473,3.172
16061,2.449,3.172
16062,2.414,3.172
16063,2.380,3.172
16064,2.366,3.172
16065,2.361,3.172
16066,2.356,3.172
16067,2.336,3.172
16068,2.331,3.172
16069,2.405,3.172
16070,2.600,3.172
16071,2.781,3.172
16072,2.859,3.172
16073,2.820,3.172
16074,2.727,3.172
16075,2.639,3.172
16076,2.556,3.172
16077,2.493,3.172
16078,2.468,3.172
16079,2.478,3.172
16080,2.507,3.172
16081,2.517,3.172
16082,2.498,3.172
16083,2.458,3.172
16084,2.414,3.172
16085,2.385,3.172
16086,2.370,3.172
16087,2.361,3.172
16088,2.341,3.172
16089,2.326,3.172
16090,2.312,3.172
16091,2.307,3.172
16092,2.326,3.172
16093,2.468,3.172
16094,2.703,3.172
16095,2.889,3.172
16096,2.908,3.172
16097,2.815,3.172
16098,2.713,3.172
16099,2.630,3.172
16100,2.561,3.172
16101,2.517,3.172
16102,2.512,3.172
16103,2.522,3.172
16104,2.537,3.172
16105,2.532,3.172
16106,2.502,3.172
16107,2.463,3.172
16108,2.429,3.172
16109,2.395,3.172
16110,2.380,3.172
16111,2.366,3.172
16112,2.356,3.172
16113,2.341,3.172
16114,2.317,3.172
16115,2.356,3.172
16116,2.517,3.172
16117,2.776,3.172
16118,2.918,3.172
16119,2.923,3.172
16120,2.835,3.172
16121,2.732,3.172
16122,2.644,3.172
16123,2.561,3.172
16124,2.512,3.172
16125,2.507,3.172
16126,2.537,3.172
16127,2.561,3.172
16128,2.546,3.172
16129,2.512,3.172
16130,2.463,3.172
16131,2.419,3.172
16132,2.395,3.172
16133,2.380,3.172
16134,2.370,3.172
16135,2.361,3.172
16136,2.366,3.172
16137,2.478,3.172
16138,2.717,3.172
16139,2.937,3.172
16140,3.035,3.172
16141,3.001,3.172
16142,2.884,3.172
16143,2.747,3.172
16144,2.590,3.172
16145,2.502,3.172
16146,2.488,3.172
16147,2.522,3.172
16148,2.542,3.172
16149,2.542,3.172
16150,2.512,3.172
16151,2.473,3.172
16152,2.444,3.172
16153,2.434,3.172
16154,2.419,3.172
16155,2.370,3.172
16156,2.341,3.172
16157,2.366,3.172
16158,2.532,3.172
16159,2.801,3.172
16160,2.996,3.172
16161,3.040,3.172
16162,2.962,3.172
16163,2.830,3.172
16164,2.708,3.172
16165,2.615,3.172
16166,2.566,3.172
16167,2.571,3.172
16168,2.595,3.172
16169,2.595,3.172
16170,2.581,3.172
16171,2.546,3.172
16172,2.507,3.172
16173,2.468,3.172
16174,2.439,3.172
16175,2.414,3.172
16176,2.380,3.172
16177,2.346,3.172
16178,2.336,3.172
16179,2.410,3.172
16180,2.605,3.172
16181,2.796,3.172
16182,2.859,3.172
16183,2.796,3.172
16184,2.678,3.172
16185,2.561,3.172
16186,2.468,3.172
16187,2.414,3.172
16188,2.405,3.172
16189,2.429,3.172
16190,2.449,3.172
16191,2.458,3.172
16192,2.439,3.172
16193,2.414,3.172
16194,2.395,3.172
16195,2.375,3.172
16196,2.361,3.172
16197,2.341,3.172
16198,2.326,3.172
16199,2.341,3.172
16200,2.468,3.172
16201,2.708,3.172
16202,2.879,3.172
16203,2.918,3.172
16204,2.845,3.172
16205,2.722,3.172
16206,2.605,3.172
16207,2.507,3.172
16208,2.458,3.172
16209,2.468,3.177
16210,2.507,3.172
16211,2.532,3.172
16212,2.512,3.172
16213,2.463,3.177
16214,2.419,3.172
16215,2.395,3.172
16216,2.380,3.172
16217,2.375,3.172
16218,2.361,3.172
16219,2.356,3.172
16220,2.454,3.172
16221,2.688,3.172
16222,2.957,3.172
16223,3.011,3.172
16224,2.923,3.172
16225,2.786,3.172
16226,2.669,3.172
16227,2.586,3.172
16228,2.522,3.172
16229,2.502,3.172
16230,2.527,3.172
16231,2.551,3.172
16232,2.546,3.172
16233,2.517,3.172
16234,2.473,3.172
16235,2.434,3.172
16236,2.405,3.172
16237,2.385,3.172
16238,2.346,3.172
16239,2.331,3.172
16240,2.395,3.177
16241,2.610,3.172
16242,2.859,3.177
16243,3.006,3.172
16244,2.991,3.177
16245,2.879,3.172
16246,2.752,3.177
16247,2.649,3.172
16248,2.561,3.177
16249,2.512,3.172
16250,2.502,3.172
16251,2.517,3.177
16252,2.527,3.172
16253,2.522,3.177
16254,2.488,3.172
16255,2.449,3.177
16256,2.405,3.172
16257,2.370,3.177
16258,2.346,3.172
16259,2.331,3.177
16260,2.317,3.172
16261,2.307,3.177
16262,2.292,3.172
16263,2.307,3.177
16264,2.463,3.172
16265,2.742,3.172
16266,2.962,3.172
16267,3.016,3.172
16268,2.933,3.172
16269,2.791,3.172
16270,2.664,3.177
16271,2.571,3.172
16272,2.507,3.177
16273,2.488,3.172
16274,2.488,3.177
16275,2.502,3.172
16276,2.512,3.177
16277,2.498,3.172
16278,2.463,3.177
16279,2.429,3.172
16280,2.385,3.172
16281,2.351,3.172
16282,2.326,3.172
16283,2.307,3.177
16284,2.297,3.172
16285,2.287,3.177
16286,2.273,3.172
16287,2.258,3.177
16288,2.263,3.172
16289,2.361,3.177
16290,2.605,3.172
16291,2.859,3.177
16292,2.981,3.172
16293,2.947,3.177
16294,2.815,3.172
16295,2.678,3.177
16296,2.581,3.172
16297,2.502,3.177
16298,2.458,3.172
16299,2.463,3.177
16300,2.483,3.172
16301,2.488,3.177
16302,2.478,3.172
16303,2.454,3.177
16304,2.414,3.172
16305,2.380,3.172
16306,2.361,3.177
16307,2.341,3.172
16308,2.326,3.177
16309,2.317,3.172
16310,2.307,3.172
16311,2.322,3.177
16312,2.463,3.172
16313,2.698,3.177
16314,2.874,3.172
16315,2.908,3.177
16316,2.825,3.172
16317,2.693,3.177
16318,2.586,3.172
16319,2.498,3.177
16320,2.449,3.177
16321,2.444,3.172
16322,2.468,3.177
16323,2.483,3.172
16324,2.478,3.177
16325,2.444,3.172
16326,2.400,3.177
16327,2.370,3.172
16328,2.346,3.172
16329,2.331,3.177
16330,2.317,3.172
16331,2.307,3.177
16332,2.297,3.172
16333,2.287,3.177
16334,2.273,3.177
16335,2.351,3.177
16336,2.566,3.172
16337,2.825,3.172
16338,2.972,3.177
16339,2.957,3.172
16340,2.845,3.177
16341,2.713,3.172
16342,2.620,3.177
16343,2.556,3.172
16344,2.527,3.177
16345,2.522,3.172
16346,2.542,3.177
16347,2.546,3.172
16348,2.429,3.177
16349,2.390,3.172
16350,2.370,3.177
16351,2.351,3.172
16352,2.341,3.177
16353,2.331,3.172
16354,2.317,3.177
16355,2.307,3.172
16356,2.302,3.177
16357,2.326,3.172
16358,2.478,3.177
16359,2.771,3.177
16360,2.952,3.172
16361,2.972,3.177
16362,2.879,3.172
16363,2.752,3.177
16364,2.639,3.172
16365,2.566,3.177
16366,2.507,3.172
16367,2.478,3.177
16368,2.473,3.177
16369,2.483,3.177
16370,2.478,3.177
16371,2.454,3.177
16372,2.419,3.177
16373,2.380,3.177
16374,2.346,3.177
16375,2.322,3.177
16376,2.307,3.177
16377,2.297,3.177
16378,2.287,3.177
16379,2.268,3.172
16380,2.258,3.177
16381,2.253,3.177
16382,2.248,3.177
16383,2.292,3.177
16384,2.463,3.177
16385,2.727,3.177
16386,2.933,3.177
16387,2.952,3.177
16388,2.859,3.177
16389,2.732,3.177
16390,2.634,3.177
16391,2.561,3.177
16392,2.512,3.177
16393,2.483,3.177
16394,2.493,3.177
16395,2.517,3.177
16396,2.512,3.172
16397,2.493,3.177
16398,2.454,3.177
16399,2.414,3.177
16400,2.390,3.177
16401,2.380,3.177
16402,2.375,3.177
16403,2.366,3.177
16404,2.346,3.177
16405,2.322,3.177
16406,2.312,3.177
16407,2.400,3.177
16408,2.615,3.177
16409,2.820,3.177
16410,2.908,3.177
16411,2.859,3.177
16412,2.732,3.177
16413,2.595,3.177
16414,2.502,3.177
16415,2.449,3.177
16416,2.439,3.177
16417,2.468,3.177
16418,2.498,3.177
16419,2.507,3.177
16420,2.473,3.177
16421,2.424,3.177
16422,2.385,3.177
16423,2.351,3.177
16424,2.331,3.177
16425,2.312,3.177
16426,2.297,3.177
16427,2.287,3.177
16428,2.283,3.177
16429,2.287,3.177
16430,2.283,3.177
16431,2.278,3.177
16432,2.336,3.177
16433,2.522,3.177
16434,2.757,3.177
16435,2.893,3.177
16436,2.893,3.177
16437,2.791,3.177
16438,2.669,3.177
16439,2.576,3.177
16440,2.498,3.177
16441,2.458,3.177
16442,2.454,3.177
16443,2.468,3.177
16444,2.478,3.177
16445,2.454,3.177
16446,2.429,3.177
16447,2.400,3.177
16448,2.380,3.177
16449,2.356,3.177
16450,2.336,3.177
16451,2.322,3.177
16452,2.307,3.177
16453,2.287,3.177
16454,2.283,3.177
16455,2.268,3.177
16456,2.263,3.177
16457,2.253,3.177
16458,2.283,3.177
16459,2.434,3.177
16460,2.659,3.177
16461,2.815,3.177
16462,2.835,3.177
16463,2.752,3.177
16464,2.644,3.177
16465,2.551,3.177
16466,2.488,3.177
16467,2.434,3.177
16468,2.424,3.177
16469,2.434,3.177
16470,2.449,3.177
16471,2.449,3.177
16472,2.419,3.177
16473,2.375,3.177
16474,2.361,3.177
16475,2.341,3.177
16476,2.322,3.177
16477,2.302,3.177
16478,2.292,3.177
16479,2.283,3.177
16480,2.283,3.177
16481,2.273,3.177
16482,2.263,3.177
16483,2.283,3.177
16484,2.400,3.177
16485,2.590,3.177
16486,2.742,3.177
16487,2.786,3.177
16488,2.722,3.177
16489,2.620,3.177
16490,2.527,3.177
16491,2.463,3.177
16492,2.424,3.177
16493,2.414,3.177
16494,2.429,3.177
16495,2.449,3.177
16496,2.439,3.177
16497,2.424,3.177
16498,2.395,3.177
16499,2.370,3.177
16500,2.356,3.177
16501,2.336,3.177
16502,2.317,3.177
16503,2.302,3.177
16504,2.297,3.177
16505,2.292,3.177
16506,2.287,3.177
16507,2.273,3.177
16508,2.302,3.177
16509,2.429,3.177
16510,2.600,3.177
16511,2.713,3.177
16512,2.727,3.177
16513,2.669,3.177
16514,2.586,3.177
16515,2.512,3.177
16516,2.463,3.177
16517,2.439,3.177
16518,2.439,3.177
16519,2.454,3.177
16520,2.478,3.177
16521,2.458,3.177
16522,2.429,3.177
16523,2.400,3.177
16524,2.370,3.177
16525,2.346,3.177
16526,2.336,3.177
16527,2.326,3.177
16528,2.322,3.177
16529,2.312,3.177
16530,2.307,3.177
16531,2.302,3.177
16532,2.292,3.177
16533,2.322,3.177
16534,2.424,3.177
16535,2.586,3.177
16536,2.693,3.177
16537,2.713,3.177
16538,2.654,3.177
16539,2.586,3.177
16540,2.522,3.177
16541,2.478,3.177
16542,2.444,3.177
16543,2.439,3.177
16544,2.449,3.177
16545,2.458,3.177
16546,2.458,3.177
16547,2.444,3.177
16548,2.419,3.177
16549,2.400,3.177
16550,2.385,3.177
16551,2.375,3.177
16552,2.361,3.177
16553,2.346,3.177
16554,2.341,3.177
16555,2.336,3.177
16556,2.322,3.177
16557,2.317,3.177
16558,2.351,3.177
16559,2.478,3.177
16560,2.630,3.177
16561,2.722,3.177
16562,2.732,3.177
16563,2.678,3.177
16564,2.615,3.177
16565,2.561,3.177
16566,2.507,3.177
16567,2.478,3.177
16568,2.483,3.177
16569,2.498,3.177
16570,2.507,3.177
16571,2.498,3.177
16572,2.473,3.177
16573,2.454,3.177
16574,2.439,3.177
16575,2.410,3.177
16576,2.390,3.177
16577,2.375,3.177
16578,2.370,3.177
16579,2.370,3.177
16580,2.361,3.177
16581,2.356,3.177
16582,2.390,3.177
16583,2.527,3.177
16584,2.698,3.177
16585,2.805,3.177
16586,2.820,3.177
16587,2.766,3.177
16588,2.698,3.177
16589,2.639,3.177
16590,2.586,3.177
16591,2.546,3.177
16592,2.532,3.177
16593,2.542,3.177
16594,2.556,3.177
16595,2.556,3.177
16596,2.527,3.177
16597,2.498,3.177
16598,2.463,3.177
16599,2.429,3.177
16600,2.429,3.177
16601,2.419,3.177
16602,2.414,3.177
16603,2.395,3.177
16604,2.390,3.177
16605,2.380,3.177
16606,2.366,3.177
16607,2.400,3.177
16608,2.546,3.177
16609,2.742,3.177
16610,2.889,3.177
16611,2.918,3.177
16612,2.859,3.177
16613,2.781,3.177
16614,2.717,3.177
16615,2.669,3.177
16616,2.615,3.177
16617,2.586,3.177
16618,2.590,3.177
16619,2.595,3.177
16620,2.586,3.177
16621,2.571,3.177
16622,2.546,3.177
16623,2.517,3.177
16624,2.488,3.177
16625,2.468,3.177
16626,2.449,3.182
16627,2.429,3.177
16628,2.419,3.177
16629,2.400,3.177
16630,2.395,3.177
16631,2.385,3.177
16632,2.366,3.177
16633,2.366,3.177
16634,2.439,3.177
16635,2.639,3.177
16636,2.849,3.177
16637,2.962,3.182
16638,2.957,3.177
16639,2.879,3.182
16640,2.796,3.177
16641,2.727,3.177
16642,2.674,3.177
16643,2.630,3.177
16644,2.620,3.177
16645,2.620,3.177
16646,2.620,3.177
16647,2.600,3.177
16648,2.576,3.177
16649,2.542,3.177
16650,2.507,3.177
16651,2.473,3.177
16652,2.449,3.177
16653,2.439,3.177
16654,2.429,3.177
16655,2.410,3.177
16656,2.390,3.177
16657,2.375,3.177
16658,2.361,3.177
16659,2.361,3.177
16660,2.405,3.177
16661,2.576,3.177
16662,2.801,3.177
16663,2.952,3.177
16664,2.977,3.177
16665,2.898,3.177
16666,2.805,3.177
16667,2.722,3.177
16668,2.644,3.177
16669,2.590,3.177
16670,2.576,3.177
16671,2.590,3.177
16672,2.605,3.177
16673,2.590,3.177
16674,2.561,3.177
16675,2.522,3.177
16676,2.493,3.182
16677,2.468,3.177
16678,2.449,3.177
16679,2.429,3.177
16680,2.410,3.177
16681,2.395,3.177
16682,2.380,3.182
16683,2.370,3.182
16684,2.361,3.182
16685,2.419,3.177
16686,2.605,3.177
16687,2.815,3.177
16688,2.937,3.182
16689,2.933,3.177
16690,2.849,3.182
16691,2.757,3.177
16692,2.674,3.177
16693,2.605,3.177
16694,2.571,3.177
16695,2.571,3.177
16696,2.590,3.182
16697,2.595,3.177
16698,2.586,3.177
16699,2.551,3.177
16700,2.507,3.177
16701,2.478,3.182
16702,2.449,3.182
16703,2.439,3.182
16704,2.429,3.182
16705,2.414,3.182
16706,2.395,3.182
16707,2.380,3.182
16708,2.400,3.177
16709,2.566,3.177
16710,2.791,3.177
16711,2.957,3.182
16712,2.996,3.182
16713,2.928,3.177
16714,2.820,3.182
16715,2.727,3.177
16716,2.654,3.182
16717,2.590,3.177
16718,2.571,3.177
16719,2.581,3.177
16720,2.590,3.177
16721,2.581,3.177
16722,2.551,3.177
16723,2.517,3.177
16724,2.493,3.182
16725,2.454,3.182
16726,2.439,3.182
16727,2.424,3.182
16728,2.414,3.182
16729,2.400,3.182
16730,2.390,3.182
16731,2.375,3.182
16732,2.356,3.182
16733,2.375,3.182
16734,2.512,3.177
16735,2.747,3.177
16736,2.937,3.182
16737,2.991,3.182
16738,2.928,3.182
16739,2.825,3.177
16740,2.742,3.182
16741,2.674,3.177
16742,2.615,3.182
16743,2.595,3.182
16744,2.595,3.182
16745,2.600,3.182
16746,2.600,3.182
16747,2.571,3.182
16748,2.537,3.182
16749,2.493,3.182
16750,2.458,3.182
16751,2.434,3.182
16752,2.414,3.182
16753,2.405,3.182
16754,2.405,3.182
16755,2.395,3.182
16756,2.380,3.182
16757,2.366,3.182
16758,2.351,3.182
16759,2.400,3.182
16760,2.576,3.182
16761,2.796,3.182
16762,2.933,3.182
16763,2.937,3.182
16764,2.864,3.182
16765,2.766,3.182
16766,2.688,3.182
16767,2.610,3.182
16768,2.566,3.182
16769,2.556,3.182
16770,2.576,3.182
16771,2.576,3.182
16772,2.556,3.182
16773,2.512,3.182
16774,2.468,3.182
16775,2.429,3.182
16776,2.400,3.182
16777,2.380,3.182
16778,2.370,3.182
16779,2.361,3.182
16780,2.351,3.182
16781,2.346,3.182
16782,2.341,3.182
16783,2.326,3.182
16784,2.351,3.182
16785,2.488,3.182
16786,2.688,3.182
16787,2.849,3.182
16788,2.884,3.182
16789,2.830,3.182
16790,2.727,3.182
16791,2.654,3.182
16792,2.571,3.182
16793,2.512,3.182
16794,2.493,3.182
16795,2.507,3.182
16796,2.517,3.182
16797,2.517,3.182
16798,2.493,3.182
16799,2.458,3.182
16800,2.429,3.182
16801,2.405,3.182
16802,2.385,3.182
16803,2.380,3.182
16804,2.370,3.182
16805,2.356,3.182
16806,2.336,3.182
16807,2.356,3.182
16808,2.468,3.182
16809,2.659,3.182
16810,2.801,3.182
16811,2.845,3.182
16812,2.796,3.182
16813,2.708,3.182
16814,2.620,3.182
16815,2.546,3.182
16816,2.488,3.182
16817,2.473,3.182
16818,2.488,3.182
16819,2.507,3.182
16820,2.493,3.182
16821,2.463,3.182
16822,2.429,3.182
16823,2.405,3.182
16824,2.385,3.182
16825,2.366,3.182
16826,2.351,3.182
16827,2.346,3.182
16828,2.336,3.182
16829,2.322,3.182
16830,2.302,3.182
16831,2.302,3.182
16832,2.361,3.182
16833,2.542,3.182
16834,2.732,3.182
16835,2.845,3.182
16836,2.840,3.182
16837,2.766,3.182
16838,2.678,3.182
16839,2.615,3.182
16840,2.566,3.182
16841,2.512,3.182
16842,2.493,3.182
16843,2.493,3.182
16844,2.502,3.182
16845,2.493,3.182
16846,2.468,3.182
16847,2.444,3.182
16848,2.414,3.182
16849,2.390,3.182
16850,2.370,3.182
16851,2.356,3.182
16852,2.361,3.182
16853,2.356,3.182
16854,2.341,3.182
16855,2.322,3.182
16856,2.307,3.182
16857,2.370,3.182
16858,2.537,3.182
16859,2.713,3.182
16860,2.796,3.182
16861,2.766,3.182
16862,2.688,3.182
16863,2.610,3.182
16864,2.546,3.182
16865,2.502,3.182
16866,2.468,3.182
16867,2.454,3.182
16868,2.463,3.182
16869,2.463,3.182
16870,2.454,3.182
16871,2.424,3.182
16872,2.395,3.182
16873,2.370,3.182
16874,2.351,3.182
16875,2.341,3.182
16876,2.336,3.182
16877,2.326,3.182
16878,2.322,3.182
16879,2.312,3.182
16880,2.292,3.182
16881,2.287,3.182
16882,2.341,3.182
16883,2.473,3.182
16884,2.639,3.182
16885,2.722,3.182
16886,2.717,3.182
16887,2.644,3.182
16888,2.566,3.182
16889,2.517,3.182
16890,2.473,3.182
16891,2.434,3.182
16892,2.434,3.182
16893,2.449,3.182
16894,2.463,3.182
16895,2.458,3.182
16896,2.429,3.182
16897,2.405,3.182
16898,2.395,3.182
16899,2.380,3.182
16900,2.380,3.182
16901,2.375,3.182
16902,2.366,3.182
16903,2.341,3.182
16904,2.326,3.182
16905,2.370,3.182
16906,2.502,3.182
16907,2.639,3.182
16908,2.708,3.182
16909,2.688,3.182
16910,2.625,3.182
16911,2.561,3.182
16912,2.502,3.182
16913,2.458,3.182
16914,2.434,3.182
16915,2.424,3.182
16916,2.444,3.182
16917,2.444,3.182
16918,2.434,3.182
16919,2.414,3.182
16920,2.395,3.182
16921,2.375,3.182
16922,2.370,3.182
16923,2.361,3.182
16924,2.356,3.182
16925,2.341,3.182
16926,2.326,3.182
16927,2.317,3.182
16928,2.307,3.182
16929,2.297,3.182
16930,2.331,3.182
16931,2.463,3.182
16932,2.625,3.182
16933,2.727,3.182
16934,2.737,3.182
16935,2.688,3.182
16936,2.630,3.182
16937,2.586,3.182
16938,2.542,3.182
16939,2.502,3.182
16940,2.483,3.182
16941,2.488,3.182
16942,2.498,3.182
16943,2.498,3.182
16944,2.473,3.182
16945,2.444,3.182
16946,2.414,3.182
16947,2.395,3.182
16948,2.390,3.182
16949,2.380,3.182
16950,2.370,3.182
16951,2.366,3.182
16952,2.351,3.182
16953,2.336,3.182
16954,2.336,3.182
16955,2.400,3.182
16956,2.546,3.182
16957,2.698,3.182
16958,2.771,3.182
16959,2.747,3.182
16960,2.688,3.182
16961,2.639,3.182
16962,2.595,3.182
16963,2.551,3.182
16964,2.527,3.182
16965,2.512,3.182
16966,2.517,3.182
16967,2.512,3.182
16968,2.507,3.182
16969,2.488,3.182
16970,2.458,3.182
16971,2.429,3.182
16972,2.405,3.182
16973,2.395,3.182
16974,2.380,3.182
16975,2.375,3.182
16976,2.370,3.182
16977,2.370,3.182
16978,2.361,3.182
16979,2.341,3.182
16980,2.346,3.182
16981,2.449,3.182
16982,2.615,3.182
16983,2.747,3.182
16984,2.796,3.182
16985,2.766,3.182
16986,2.713,3.182
16987,2.664,3.182
16988,2.610,3.182
16989,2.561,3.182
16990,2.551,3.182
16991,2.561,3.182
16992,2.576,3.182
16993,2.576,3.182
16994,2.566,3.182
16995,2.542,3.182
16996,2.512,3.182
16997,2.488,3.182
16998,2.468,3.182
16999,2.454,3.182
17000,2.434,3.182
17001,2.414,3.182
17002,2.414,3.182
17003,2.483,3.182
17004,2.649,3.182
17005,2.801,3.182
17006,2.874,3.182
17007,2.849,3.182
17008,2.791,3.182
17009,2.732,3.182
17010,2.669,3.182
17011,2.600,3.182
17012,2.561,3.182
17013,2.561,3.182
17014,2.566,3.182
17015,2.571,3.182
17016,2.556,3.182
17017,2.532,3.182
17018,2.502,3.182
17019,2.478,3.182
17020,2.463,3.182
17021,2.439,3.182
17022,2.419,3.182
17023,2.405,3.182
17024,2.380,3.182
17025,2.370,3.182
17026,2.414,3.182
17027,2.581,3.182
17028,2.791,3.182
17029,2.923,3.182
17030,2.937,3.182
17031,2.864,3.182
17032,2.781,3.182
17033,2.693,3.182
17034,2.639,3.182
17035,2.600,3.182
17036,2.581,3.182
17037,2.586,3.182
17038,2.586,3.182
17039,2.571,3.182
17040,2.532,3.182
17041,2.493,3.182
17042,2.454,3.182
17043,2.434,3.182
17044,2.414,3.182
17045,2.400,3.182
17046,2.385,3.182
17047,2.370,3.182
17048,2.356,3.182
17049,2.341,3.182
17050,2.370,3.182
17051,2.517,3.182
17052,2.742,3.182
17053,2.898,3.182
17054,2.928,3.182
17055,2.859,3.182
17056,2.776,3.182
17057,2.703,3.182
17058,2.649,3.182
17059,2.590,3.182
17060,2.556,3.182
17061,2.556,3.182
17062,2.566,3.182
17063,2.571,3.182
17064,2.551,3.182
17065,2.507,3.182
17066,2.463,3.187
17067,2.434,3.182
17068,2.419,3.182
17069,2.414,3.182
17070,2.400,3.187
17071,2.390,3.182
17072,2.375,3.182
17073,2.395,3.182
17074,2.522,3.182
17075,2.732,3.182
17076,2.889,3.182
17077,2.918,3.182
17078,2.854,3.182
17079,2.752,3.182
17080,2.674,3.182
17081,2.600,3.182
17082,2.542,3.182
17083,2.527,3.182
17084,2.546,3.182
17085,2.571,3.187
17086,2.566,3.182
17087,2.527,3.182
17088,2.488,3.187
17089,2.454,3.187
17090,2.424,3.187
17091,2.405,3.187
17092,2.390,3.187
17093,2.385,3.187
17094,2.375,3.187
17095,2.356,3.182
17096,2.336,3.187
17097,2.346,3.182
17098,2.468,3.187
17099,2.688,3.182
17100,2.874,3.187
17101,2.933,3.187
17102,2.703,3.187
17103,2.625,3.182
17104,2.556,3.182
17105,2.537,3.187
17106,2.556,3.187
17107,2.571,3.187
17108,2.551,3.182
17109,2.507,3.187
17110,2.458,3.187
17111,2.429,3.187
17112,2.410,3.187
17113,2.380,3.187
17114,2.361,3.187
17115,2.341,3.187
17116,2.331,3.187
17117,2.312,3.187
17118,2.302,3.187
17119,2.292,3.187
17120,2.307,3.187
17121,2.424,3.187
17122,2.649,3.187
17123,2.845,3.187
17124,2.908,3.187
17125,2.849,3.187
17126,2.737,3.187
17127,2.639,3.187
17128,2.571,3.187
17129,2.522,3.187
17130,2.493,3.187
17131,2.488,3.187
17132,2.498,3.187
17133,2.493,3.187
17134,2.473,3.187
17135,2.449,3.187
17136,2.414,3.187
17137,2.380,3.187
17138,2.356,3.187
17139,2.341,3.187
17140,2.336,3.187
17141,2.336,3.187
17142,2.336,3.187
17143,2.331,3.187
17144,2.361,3.187
17145,2.498,3.187
17146,2.703,3.187
17147,2.849,3.187
17148,2.879,3.187
17149,2.805,3.187
17150,2.708,3.187
17151,2.615,3.187
17152,2.542,3.187
17153,2.498,3.187
17154,2.488,3.187
17155,2.507,3.187
17156,2.527,3.187
17157,2.522,3.187
17158,2.493,3.187
17159,2.444,3.187
17160,2.405,3.187
17161,2.370,3.187
17162,2.361,3.187
17163,2.356,3.187
17164,2.346,3.187
17165,2.336,3.187
17166,2.326,3.187
17167,2.307,3.187
17168,2.297,3.187
17169,2.370,3.187
17170,2.561,3.187
17171,2.781,3.187
17172,2.893,3.187
17173,2.879,3.187
17174,2.776,3.187
17175,2.678,3.187
17176,2.610,3.187
17177,2.561,3.187
17178,2.532,3.187
17179,2.527,3.187
17180,2.542,3.187
17181,2.542,3.187
17182,2.517,3.187
17183,2.478,3.187
17184,2.434,3.187
17185,2.405,3.187
17186,2.395,3.187
17187,2.380,3.187
17188,2.375,3.187
17189,2.356,3.187
17190,2.346,3.187
17191,2.336,3.187
17192,2.326,3.187
17193,2.312,3.187
17194,2.297,3.187
17195,2.341,3.187
17196,2.502,3.187
17197,2.732,3.187
17198,2.884,3.187
17199,2.908,3.187
17200,2.825,3.187
17201,2.713,3.187
17202,2.630,3.187
17203,2.566,3.187
17204,2.527,3.187
17205,2.507,3.187
17206,2.512,3.187
17207,2.522,3.187
17208,2.517,3.187
17209,2.478,3.187
17210,2.444,3.187
17211,2.410,3.187
17212,2.375,3.187
17213,2.356,3.187
17214,2.341,3.187
17215,2.326,3.187
17216,2.317,3.187
17217,2.317,3.187
17218,2.307,3.187
17219,2.302,3.187
17220,2.292,3.187
17221,2.283,3.187
17222,2.312,3.187
17223,2.434,3.187
17224,2.639,3.187
17225,2.810,3.187
17226,2.859,3.187
17227,2.801,3.187
17228,2.654,3.187
17229,2.581,3.187
17230,2.522,3.187
17231,2.483,3.187
17232,2.478,3.187
17233,2.498,3.187
17234,2.522,3.187
17235,2.507,3.187
17236,2.478,3.187
17237,2.449,3.187
17238,2.419,3.187
17239,2.400,3.187
17240,2.380,3.187
17241,2.370,3.187
17242,2.356,3.187
17243,2.346,3.187
17244,2.331,3.187
17245,2.341,3.187
17246,2.444,3.187
17247,2.639,3.187
17248,2.815,3.187
17249,2.859,3.187
17250,2.801,3.187
17251,2.703,3.187
17252,2.610,3.187
17253,2.542,3.187
17254,2.498,3.187
17255,2.493,3.187
17256,2.507,3.187
17257,2.527,3.187
17258,2.517,3.187
17259,2.488,3.187
17260,2.444,3.187
17261,2.410,3.187
17262,2.380,3.187
17263,2.370,3.187
17264,2.356,3.187
17265,2.346,3.187
17266,2.336,3.187
17267,2.322,3.187
17268,2.307,3.187
17269,2.307,3.187
17270,2.375,3.187
17271,2.566,3.187
17272,2.781,3.187
17273,2.893,3.187
17274,2.884,3.187
17275,2.771,3.187
17276,2.678,3.187
17277,2.615,3.187
17278,2.561,3.187
17279,2.537,3.187
17280,2.542,3.187
17281,2.546,3.187
17282,2.542,3.187
17283,2.522,3.187
17284,2.483,3.187
17285,2.449,3.187
17286,2.419,3.187
17287,2.400,3.187
17288,2.380,3.187
17289,2.366,3.187
17290,2.361,3.187
17291,2.346,3.187
17292,2.336,3.187
17293,2.322,3.187
17294,2.390,3.187
17295,2.581,3.187
17296,2.786,3.187
17297,2.889,3.187
17298,2.869,3.187
17299,2.776,3.187
17300,2.678,3.187
17301,2.600,3.187
17302,2.546,3.187
17303,2.527,3.187
17304,2.532,3.187
17305,2.551,3.187
17306,2.566,3.187
17307,2.546,3.187
17308,2.522,3.187
17309,2.473,3.187
17310,2.434,3.187
17311,2.405,3.187
17312,2.390,3.187
17313,2.380,3.187
17314,2.361,3.187
17315,2.346,3.187
17316,2.370,3.187
17317,2.512,3.187
17318,2.717,3.187
17319,2.874,3.187
17320,2.903,3.187
17321,2.840,3.187
17322,2.737,3.187
17323,2.654,3.187
17324,2.586,3.187
17325,2.537,3.187
17326,2.532,3.187
17327,2.556,3.187
17328,2.566,3.187
17329,2.546,3.187
17330,2.502,3.187
17331,2.454,3.187
17332,2.414,3.187
17333,2.390,3.192
17334,2.375,3.187
17335,2.375,3.192
17336,2.366,3.187
17337,2.351,3.192
17338,2.351,3.187
17339,2.434,3.192
17340,2.630,3.187
17341,2.830,3.187
17342,2.933,3.187
17343,2.903,3.187
17344,2.810,3.187
17345,2.713,3.187
17346,2.634,3.187
17347,2.576,3.187
17348,2.537,3.187
17349,2.537,3.187
17350,2.551,3.187
17351,2.561,3.187
17352,2.527,3.187
17353,2.483,3.187
17354,2.414,3.187
17355,2.385,3.187
17356,2.361,3.187
17357,2.351,3.192
17358,2.341,3.187
17359,2.326,3.187
17360,2.317,3.187
17361,2.302,3.187
17362,2.322,3.187
17363,2.458,3.187
17364,2.678,3.187
17365,2.835,3.187
17366,2.859,3.187
17367,2.791,3.187
17368,2.703,3.187
17369,2.625,3.187
17370,2.556,3.187
17371,2.512,3.187
17372,2.493,3.187
17373,2.517,3.187
17374,2.532,3.187
17375,2.532,3.187
17376,2.507,3.187
17377,2.468,3.187
17378,2.434,3.187
17379,2.414,3.187
17380,2.385,3.187
17381,2.370,3.187
17382,2.351,3.187
17383,2.351,3.187
17384,2.449,3.187
17385,2.630,3.187
17386,2.786,3.187
17387,2.845,3.187
17388,2.801,3.187
17389,2.713,3.187
17390,2.630,3.187
17391,2.551,3.187
17392,2.493,3.192
17393,2.473,3.187
17394,2.483,3.192
17395,2.498,3.187
17396,2.488,3.192
17397,2.463,3.187
17398,2.424,3.187
17399,2.390,3.187
17400,2.366,3.187
17401,2.351,3.187
17402,2.351,3.187
17403,2.341,3.187
17404,2.331,3.187
17405,2.322,3.187
17406,2.312,3.187
17407,2.297,3.187
17408,2.297,3.187
17409,2.385,3.187
17410,2.615,3.187
17411,2.786,3.187
17412,2.859,3.187
17413,2.820,3.187
17414,2.732,3.187
17415,2.659,3.187
17416,2.610,3.187
17417,2.556,3.187
17418,2.507,3.187
17419,2.488,3.187
17420,2.493,3.192
17421,2.493,3.187
17422,2.473,3.192
17423,2.444,3.187
17424,2.414,3.192
17425,2.390,3.187
17426,2.366,3.192
17427,2.341,3.187
17428,2.331,3.192
17429,2.326,3.187
17430,2.317,3.192
17431,2.312,3.187
17432,2.297,3.187
17433,2.283,3.187
17434,2.302,3.192
17435,2.424,3.192
17436,2.630,3.187
17437,2.781,3.192
17438,2.805,3.187
17439,2.752,3.187
17440,2.669,3.187
17441,2.600,3.187
17442,2.542,3.187
17443,2.493,3.187
17444,2.458,3.192
17445,2.444,3.192
17446,2.454,3.187
17447,2.454,3.192
17448,2.444,3.192
17449,2.424,3.192
17450,2.400,3.192
17451,2.375,3.192
17452,2.351,3.192
17453,2.326,3.187
17454,2.317,3.187
17455,2.312,3.187
17456,2.322,3.192
17457,2.322,3.187
17458,2.307,3.192
17459,2.292,3.187
17460,2.278,3.192
17461,2.287,3.187
17462,2.400,3.187
17463,2.581,3.187
17464,2.732,3.187
17465,2.766,3.192
17466,2.717,3.187
17467,2.634,3.192
17468,2.566,3.187
17469,2.517,3.192
17470,2.478,3.187
17471,2.463,3.192
17472,2.468,3.187
17473,2.483,3.192
17474,2.473,3.187
17475,2.454,3.192
17476,2.434,3.192
17477,2.405,3.192
17478,2.375,3.192
17479,2.351,3.192
17480,2.351,3.192
17481,2.341,3.192
17482,2.326,3.192
17483,2.312,3.187
17484,2.302,3.192
17485,2.336,3.192
17486,2.478,3.192
17487,2.659,3.187
17488,2.776,3.192
17489,2.791,3.187
17490,2.737,3.192
17491,2.639,3.192
17492,2.571,3.192
17493,2.512,3.187
17494,2.473,3.192
17495,2.468,3.192
17496,2.478,3.192
17497,2.483,3.192
17498,2.463,3.192
17499,2.439,3.192
17500,2.410,3.187
17501,2.380,3.192
17502,2.366,3.187
17503,2.346,3.192
17504,2.341,3.187
17505,2.331,3.192
17506,2.317,3.187
17507,2.302,3.192
17508,2.297,3.192
17509,2.292,3.192
17510,2.287,3.192
17511,2.283,3.192
17512,2.283,3.192
17513,2.307,3.192
17514,2.424,3.192
17515,2.625,3.192
17516,2.781,3.192
17517,2.825,3.192
17518,2.776,3.192
17519,2.688,3.187
17520,2.620,3.192
17521,2.586,3.187
17522,2.546,3.192
17523,2.517,3.187
17524,2.502,3.192
17525,2.507,3.187
17526,2.498,3.192
17527,2.478,3.192
17528,2.449,3.192
17529,2.424,3.192
17530,2.400,3.192
17531,2.380,3.192
17532,2.361,3.192
17533,2.346,3.192
17534,2.336,3.187
17535,2.326,3.192
17536,2.322,3.192
17537,2.312,3.192
17538,2.302,3.192
17539,2.292,3.192
17540,2.287,3.187
17541,2.278,3.192
17542,2.312,3.192
17543,2.444,3.192
17544,2.630,3.187
17545,2.791,3.192
17546,2.820,3.192
17547,2.761,3.187
17548,2.674,3.192
17549,2.605,3.187
17550,2.542,3.192
17551,2.493,3.192
17552,2.483,3.192
17553,2.498,3.192
17554,2.512,3.192
17555,2.512,3.187
17556,2.498,3.192
17557,2.473,3.192
17558,2.454,3.192
17559,2.449,3.192
17560,2.444,3.192
17561,2.439,3.192
17562,2.419,3.192
17563,2.400,3.192
17564,2.375,3.192
17565,2.361,3.192
17566,2.346,3.192
17567,2.361,3.192
17568,2.473,3.192
17569,2.659,3.192
17570,2.820,3.192
17571,2.879,3.192
17572,2.840,3.192
17573,2.747,3.192
17574,2.664,3.192
17575,2.595,3.192
17576,2.546,3.192
17577,2.522,3.192
17578,2.527,3.192
17579,2.551,3.192
17580,2.556,3.192
17581,2.532,3.192
17582,2.498,3.192
17583,2.463,3.192
17584,2.429,3.192
17585,2.410,3.192
17586,2.395,3.192
17587,2.375,3.192
17588,2.370,3.192
17589,2.361,3.192
17590,2.356,3.192
17591,2.346,3.192
17592,2.331,3.192
17593,2.326,3.192
17594,2.361,3.192
17595,2.517,3.192
17596,2.742,3.192
17597,2.903,3.192
17598,2.933,3.192
17599,2.854,3.192
17600,2.757,3.192
17601,2.683,3.192
17602,2.625,3.192
17603,2.581,3.192
17604,2.546,3.192
17605,2.561,3.192
17606,2.571,3.192
17607,2.561,3.192
17608,2.537,3.192
17609,2.498,3.192
17610,2.458,3.192
17611,2.424,3.192
17612,2.400,3.192
17613,2.390,3.192
17614,2.375,3.192
17615,2.366,3.192
17616,2.346,3.192
17617,2.341,3.192
17618,2.326,3.192
17619,2.322,3.192
17620,2.312,3.192
17621,2.341,3.192
17622,2.468,3.192
17623,2.698,3.192
17624,2.879,3.192
17625,2.942,3.192
17626,2.889,3.192
17627,2.791,3.192
17628,2.693,3.192
17629,2.630,3.192
17630,2.576,3.192
17631,2.546,3.192
17632,2.546,3.192
17633,2.561,3.192
17634,2.566,3.192
17635,2.546,3.187
17636,2.512,3.192
17637,2.478,3.192
17638,2.449,3.192
17639,2.424,3.192
17640,2.414,3.192
17641,2.395,3.192
17642,2.380,3.192
17643,2.370,3.192
17644,2.366,3.192
17645,2.351,3.192
17646,2.346,3.192
17647,2.331,3.192
17648,2.336,3.192
17649,2.419,3.192
17650,2.615,3.192
17651,2.830,3.192
17652,2.947,3.192
17653,2.918,3.192
17654,2.815,3.192
17655,2.708,3.192
17656,2.620,3.192
17657,2.566,3.192
17658,2.537,3.192
17659,2.542,3.192
17660,2.551,3.192
17661,2.561,3.192
17662,2.551,3.192
17663,2.517,3.192
17664,2.478,3.192
17665,2.439,3.192
17666,2.414,3.192
17667,2.400,3.192
17668,2.385,3.192
17669,2.380,3.192
17670,2.370,3.192
17671,2.356,3.192
17672,2.341,3.192
17673,2.331,3.192
17674,2.317,3.192
17675,2.326,3.192
17676,2.424,3.192
17677,2.625,3.192
17678,2.820,3.192
17679,2.918,3.192
17680,2.884,3.192
17681,2.776,3.192
17682,2.669,3.192
17683,2.581,3.192
17684,2.532,3.192
17685,2.512,3.192
17686,2.532,3.192
17687,2.551,3.192
17688,2.556,3.192
17689,2.542,3.192
17690,2.507,3.192
17691,2.463,3.192
17692,2.444,3.192
17693,2.424,3.192
17694,2.410,3.192
17695,2.405,3.192
17696,2.400,3.192
17697,2.395,3.192
17698,2.380,3.192
17699,2.380,3.192
17700,2.458,3.192
17701,2.649,3.192
17702,2.845,3.192
17703,2.937,3.192
17704,2.918,3.192
17705,2.820,3.192
17706,2.713,3.192
17707,2.639,3.192
17708,2.590,3.192
17709,2.581,3.192
17710,2.610,3.192
17711,2.630,3.192
17712,2.625,3.192
17713,2.590,3.192
17714,2.537,3.192
17715,2.493,3.192
17716,2.463,3.192
17717,2.449,3.192
17718,2.434,3.192
17719,2.429,3.192
17720,2.410,3.192
17721,2.390,3.192
17722,2.366,3.192
17723,2.356,3.192
17724,2.390,3.192
17725,2.542,3.192
17726,2.761,3.192
17727,2.937,3.196
17728,2.981,3.192
17729,2.928,3.196
17730,2.815,3.196
17731,2.571,3.196
17732,2.551,3.196
17733,2.566,3.196
17734,2.571,3.196
17735,2.556,3.196
17736,2.522,3.196
17737,2.483,3.196
17738,2.439,3.196
17739,2.414,3.196
17740,2.400,3.196
17741,2.380,3.196
17742,2.375,3.196
17743,2.366,3.196
17744,2.356,3.196
17745,2.356,3.196
17746,2.429,3.196
17747,2.625,3.196
17748,2.825,3.196
17749,2.942,3.196
17750,2.928,3.196
17751,2.840,3.196
17752,2.742,3.196
17753,2.659,3.196
17754,2.595,3.196
17755,2.546,3.196
17756,2.542,3.196
17757,2.561,3.196
17758,2.561,3.196
17759,2.542,3.196
17760,2.507,3.196
17761,2.478,3.196
17762,2.449,3.196
17763,2.434,3.196
17764,2.419,3.196
17765,2.405,3.196
17766,2.390,3.196
17767,2.380,3.196
17768,2.424,3.196
17769,2.586,3.196
17770,2.801,3.196
17771,2.928,3.196
17772,2.928,3.196
17773,2.854,3.196
17774,2.752,3.196
17775,2.664,3.196
17776,2.590,3.196
17777,2.542,3.196
17778,2.532,3.196
17779,2.556,3.196
17780,2.576,3.196
17781,2.566,3.196
17782,2.527,3.196
17783,2.483,3.196
17784,2.444,3.196
17785,2.419,3.196
17786,2.410,3.196
17787,2.395,3.196
17788,2.390,3.196
17789,2.375,3.196
17790,2.356,3.196
17791,2.410,3.196
17792,2.595,3.196
17793,2.820,3.196
17794,2.957,3.196
17795,2.967,3.196
17796,2.898,3.196
17797,2.805,3.196
17798,2.732,3.196
17799,2.664,3.196
17800,2.605,3.196
17801,2.571,3.196
17802,2.556,3.196
17803,2.571,3.196
17804,2.566,3.196
17805,2.542,3.196
17806,2.507,3.196
17807,2.468,3.196
17808,2.434,3.196
17809,2.410,3.196
17810,2.385,3.196
17811,2.366,3.196
17812,2.351,3.196
17813,2.341,3.196
17814,2.336,3.196
17815,2.322,3.196
17816,2.336,3.196
17817,2.449,3.196
17818,2.674,3.196
17819,2.884,3.196
17820,2.972,3.196
17821,2.952,3.196
17822,2.864,3.196
17823,2.771,3.196
17824,2.708,3.196
17825,2.639,3.196
17826,2.586,3.196
17827,2.566,3.196
17828,2.566,3.196
17829,2.571,3.196
17830,2.561,3.196
17831,2.532,3.196
17832,2.488,3.196
17833,2.449,3.196
17834,2.414,3.196
17835,2.400,3.196
17836,2.380,3.196
17837,2.370,3.196
17838,2.361,3.196
17839,2.346,3.196
17840,2.331,3.196
17841,2.317,3.196
17842,2.390,3.196
17843,2.590,3.196
17844,2.810,3.196
17845,2.928,3.196
17846,2.918,3.196
17847,2.830,3.196
17848,2.737,3.196
17849,2.674,3.196
17850,2.610,3.196
17851,2.551,3.196
17852,2.517,3.196
17853,2.517,3.196
17854,2.522,3.196
17855,2.517,3.196
17856,2.478,3.196
17857,2.458,3.196
17858,2.419,3.196
17859,2.390,3.196
17860,2.370,3.196
17861,2.361,3.196
17862,2.351,3.196
17863,2.336,3.196
17864,2.317,3.196
17865,2.351,3.196
17866,2.502,3.196
17867,2.722,3.196
17868,2.874,3.196
17869,2.884,3.196
17870,2.815,3.196
17871,2.722,3.196
17872,2.644,3.196
17873,2.561,3.196
17874,2.512,3.196
17875,2.498,3.196
17876,2.517,3.196
17877,2.532,3.196
17878,2.527,3.196
17879,2.502,3.196
17880,2.458,3.196
17881,2.424,3.196
17882,2.390,3.196
17883,2.366,3.196
17884,2.356,3.196
17885,2.346,3.196
17886,2.336,3.196
17887,2.336,3.196
17888,2.405,3.196
17889,2.600,3.196
17890,2.810,3.196
17891,2.918,3.196
17892,2.913,3.196
17893,2.825,3.196
17894,2.727,3.196
17895,2.639,3.196
17896,2.581,3.196
17897,2.537,3.196
17898,2.522,3.196
17899,2.527,3.196
17900,2.522,3.196
17901,2.512,3.196
17902,2.478,3.196
17903,2.439,3.196
17904,2.405,3.196
17905,2.380,3.196
17906,2.366,3.196
17907,2.341,3.196
17908,2.331,3.196
17909,2.331,3.196
17910,2.307,3.196
17911,2.297,3.196
17912,2.287,3.196
17913,2.356,3.196
17914,2.556,3.196
17915,2.781,3.196
17916,2.898,3.196
17917,2.893,3.196
17918,2.815,3.196
17919,2.737,3.196
17920,2.674,3.196
17921,2.620,3.196
17922,2.551,3.196
17923,2.517,3.196
17924,2.522,3.196
17925,2.532,3.196
17926,2.532,3.196
17927,2.507,3.196
17928,2.458,3.196
17929,2.419,3.196
17930,2.375,3.196
17931,2.351,3.196
17932,2.341,3.196
17933,2.331,3.196
17934,2.317,3.196
17935,2.307,3.196
17936,2.292,3.196
17937,2.292,3.196
17938,2.292,3.196
17939,2.283,3.196
17940,2.273,3.196
17941,2.307,3.196
17942,2.468,3.196
17943,2.688,3.196
17944,2.835,3.196
17945,2.859,3.196
17946,2.791,3.196
17947,2.703,3.196
17948,2.634,3.196
17949,2.566,3.196
17950,2.522,3.196
17951,2.493,3.196
17952,2.493,3.201
17953,2.493,3.196
17954,2.488,3.201
17955,2.458,3.196
17956,2.424,3.201
17957,2.400,3.196
17958,2.385,3.196
17959,2.370,3.196
17960,2.351,3.196
17961,2.326,3.196
17962,2.312,3.196
17963,2.297,3.196
17964,2.292,3.196
17965,2.283,3.196
17966,2.278,3.196
17967,2.273,3.201
17968,2.273,3.196
17969,2.268,3.201
17970,2.273,3.196
17971,2.336,3.201
17972,2.522,3.196
17973,2.727,3.201
17974,2.835,3.196
17975,2.840,3.201
17976,2.761,3.196
17977,2.688,3.196
17978,2.620,3.196
17979,2.556,3.196
17980,2.502,3.196
17981,2.473,3.196
17982,2.463,3.196
17983,2.468,3.201
17984,2.449,3.196
17985,2.424,3.201
17986,2.395,3.196
17987,2.370,3.201
17988,2.346,3.196
17989,2.341,3.201
17990,2.322,3.196
17991,2.312,3.201
17992,2.292,3.196
17993,2.278,3.201
17994,2.268,3.196
17995,2.258,3.201
17996,2.258,3.196
17997,2.273,3.196
17998,2.351,3.196
17999,2.527,3.196
18000,2.674,3.196
18001,2.727,3.196
18002,2.693,3.196
18003,2.610,3.196
18004,2.546,3.201
18005,2.502,3.196
18006,2.463,3.201
18007,2.434,3.196
18008,2.424,3.201
18009,2.434,3.196
18010,2.434,3.201
18011,2.414,3.196
18012,2.395,3.201
18013,2.370,3.196
18014,2.356,3.196
18015,2.336,3.196
18016,2.326,3.196
18017,2.307,3.201
18018,2.302,3.196
18019,2.297,3.201
18020,2.297,3.196
18021,2.292,3.201
18022,2.287,3.196
18023,2.278,3.201
18024,2.278,3.196
18025,2.326,3.201
18026,2.463,3.196
18027,2.625,3.201
18028,2.722,3.196
18029,2.717,3.201
18030,2.644,3.196
18031,2.571,3.196
18032,2.512,3.201
18033,2.473,3.196
18034,2.449,3.201
18035,2.454,3.196
18036,2.468,3.201
18037,2.483,3.196
18038,2.473,3.201
18039,2.444,3.196
18040,2.419,3.201
18041,2.395,3.201
18042,2.375,3.196
18043,2.361,3.201
18044,2.356,3.196
18045,2.346,3.201
18046,2.341,3.196
18047,2.336,3.201
18048,2.341,3.196
18049,2.424,3.201
18050,2.595,3.196
18051,2.747,3.196
18052,2.796,3.201
18053,2.757,3.196
18054,2.693,3.201
18055,2.625,3.196
18056,2.571,3.201
18057,2.517,3.201
18058,2.502,3.196
18059,2.517,3.201
18060,2.527,3.196
18061,2.527,3.201
18062,2.507,3.196
18063,2.478,3.201
18064,2.454,3.196
18065,2.434,3.201
18066,2.410,3.196
18067,2.395,3.201
18068,2.385,3.196
18069,2.380,3.201
18070,2.370,3.201
18071,2.361,3.201
18072,2.346,3.201
18073,2.336,3.201
18074,2.351,3.201
18075,2.473,3.201
18076,2.669,3.201
18077,2.840,3.201
18078,2.908,3.201
18079,2.869,3.196
18080,2.786,3.201
18081,2.717,3.196
18082,2.674,3.201
18083,2.630,3.196
18084,2.590,3.201
18085,2.581,3.201
18086,2.590,3.201
18087,2.595,3.201
18088,2.586,3.201
18089,2.566,3.201
18090,2.551,3.196
18091,2.532,3.201
18092,2.502,3.196
18093,2.478,3.201
18094,2.454,3.196
18095,2.434,3.201
18096,2.419,3.196
18097,2.410,3.201
18098,2.395,3.196
18099,2.390,3.201
18100,2.380,3.201
18101,2.370,3.201
18102,2.356,3.201
18103,2.405,3.201
18104,2.576,3.201
18105,2.791,3.201
18106,2.918,3.201
18107,2.913,3.196
18108,2.810,3.201
18109,2.722,3.201
18110,2.674,3.201
18111,2.630,3.201
18112,2.595,3.201
18113,2.571,3.201
18114,2.561,3.201
18115,2.566,3.201
18116,2.561,3.196
18117,2.537,3.196
18118,2.502,3.196
18119,2.454,3.201
18120,2.419,3.201
18121,2.390,3.196
18122,2.366,3.201
18123,2.361,3.196
18124,2.361,3.201
18125,2.351,3.196
18126,2.341,3.201
18127,2.322,3.196
18128,2.312,3.201
18129,2.395,3.196
18130,2.581,3.201
18131,2.776,3.196
18132,2.874,3.201
18133,2.859,3.196
18134,2.776,3.201
18135,2.678,3.196
18136,2.625,3.201
18137,2.566,3.201
18138,2.527,3.196
18139,2.517,3.201
18140,2.537,3.196
18141,2.542,3.201
18142,2.527,3.196
18143,2.498,3.201
18144,2.463,3.201
18145,2.429,3.201
18146,2.405,3.201
18147,2.390,3.201
18148,2.380,3.201
18149,2.370,3.201
18150,2.356,3.201
18151,2.351,3.201
18152,2.390,3.201
18153,2.542,3.201
18154,2.732,3.201
18155,2.854,3.201
18156,2.854,3.201
18157,2.791,3.196
18158,2.713,3.201
18159,2.649,3.196
18160,2.581,3.201
18161,2.537,3.196
18162,2.527,3.201
18163,2.537,3.196
18164,2.551,3.201
18165,2.542,3.201
18166,2.512,3.196
18167,2.478,3.201
18168,2.434,3.201
18169,2.410,3.201
18170,2.390,3.201
18171,2.375,3.201
18172,2.366,3.201
18173,2.361,3.201
18174,2.341,3.201
18175,2.331,3.201
18176,2.366,3.201
18177,2.517,3.201
18178,2.732,3.201
18179,2.889,3.201
18180,2.928,3.201
18181,2.879,3.201
18182,2.796,3.201
18183,2.727,3.201
18184,2.674,3.201
18185,2.620,3.196
18186,2.571,3.201
18187,2.556,3.201
18188,2.551,3.201
18189,2.542,3.201
18190,2.517,3.201
18191,2.473,3.201
18192,2.429,3.201
18193,2.400,3.201
18194,2.375,3.201
18195,2.356,3.201
18196,2.346,3.201
18197,2.336,3.201
18198,2.322,3.201
18199,2.307,3.201
18200,2.297,3.201
18201,2.317,3.201
18202,2.454,3.201
18203,2.674,3.201
18204,2.845,3.201
18205,2.884,3.201
18206,2.815,3.201
18207,2.732,3.201
18208,2.659,3.201
18209,2.610,3.201
18210,2.556,3.201
18211,2.522,3.201
18212,2.512,3.201
18213,2.517,3.201
18214,2.522,3.201
18215,2.502,3.201
18216,2.473,3.201
18217,2.434,3.201
18218,2.400,3.201
18219,2.375,3.201
18220,2.351,3.201
18221,2.351,3.201
18222,2.346,3.201
18223,2.336,3.201
18224,2.322,3.201
18225,2.351,3.201
18226,2.478,3.201
18227,2.693,3.201
18228,2.854,3.201
18229,2.893,3.201
18230,2.840,3.206
18231,2.742,3.201
18232,2.669,3.206
18233,2.595,3.206
18234,2.532,3.211
18235,2.532,3.211
18236,2.522,3.211
18237,2.498,3.211
18238,2.468,3.211
18239,2.444,3.211
18240,2.419,3.216
18241,2.405,3.211
18242,2.390,3.216
18243,2.380,3.211
18244,2.370,3.216
18245,2.400,3.216
18246,2.532,3.216
18247,2.732,3.216
18248,2.884,3.216
18249,2.918,3.216
18250,2.869,3.216
18251,2.801,3.216
18252,2.742,3.216
18253,2.674,3.221
18254,2.595,3.221
18255,2.537,3.221
18256,2.512,3.221
18257,2.512,3.221
18258,2.517,3.221
18259,2.512,3.221
18260,2.493,3.221
18261,2.468,3.221
18262,2.439,3.221
18263,2.419,3.221
18264,2.400,3.221
18265,2.385,3.221
18266,2.370,3.221
18267,2.356,3.221
18268,2.336,3.221
18269,2.380,3.221
18270,2.546,3.221
18271,2.757,3.221
18272,2.893,3.221
18273,2.898,3.221
18274,2.835,3.221
18275,2.757,3.221
18276,2.698,3.216
18277,2.630,3.221
18278,2.581,3.216
18279,2.556,3.221
18280,2.556,3.216
18281,2.556,3.216
18282,2.546,3.216
18283,2.522,3.216
18284,2.488,3.216
18285,2.454,3.216
18286,2.429,3.216
18287,2.410,3.216
18288,2.385,3.216
18289,2.370,3.216
18290,2.356,3.216
18291,2.346,3.216
18292,2.346,3.216
18293,2.341,3.216
18294,2.326,3.216
18295,2.312,3.216
18296,2.326,3.216
18297,2.439,3.216
18298,2.644,3.216
18299,2.849,3.216
18300,2.893,3.216
18301,2.830,3.216
18302,2.747,3.216
18303,2.678,3.216
18304,2.625,3.216
18305,2.566,3.216
18306,2.527,3.216
18307,2.522,3.216
18308,2.532,3.216
18309,2.527,3.216
18310,2.507,3.216
18311,2.488,3.216
18312,2.454,3.216
18313,2.419,3.216
18314,2.390,3.216
18315,2.370,3.216
18316,2.361,3.216
18317,2.361,3.216
18318,2.356,3.216
18319,2.351,3.216
18320,2.346,3.216
18321,2.331,3.216
18322,2.361,3.216
18323,2.507,3.216
18324,2.703,3.216
18325,2.840,3.216
18326,2.859,3.216
18327,2.791,3.216
18328,2.698,3.216
18329,2.625,3.216
18330,2.561,3.216
18331,2.522,3.216
18332,2.512,3.216
18333,2.517,3.216
18334,2.517,3.216
18335,2.502,3.216
18336,2.468,3.216
18337,2.439,3.216
18338,2.405,3.216
18339,2.375,3.216
18340,2.361,3.216
18341,2.356,3.216
18342,2.346,3.216
18343,2.336,3.216
18344,2.331,3.216
18345,2.322,3.216
18346,2.317,3.216
18347,2.312,3.216
18348,2.356,3.216
18349,2.512,3.216
18350,2.722,3.216
18351,2.874,3.216
18352,2.898,3.216
18353,2.815,3.216
18354,2.727,3.216
18355,2.674,3.216
18356,2.610,3.216
18357,2.556,3.216
18358,2.527,3.216
18359,2.522,3.216
18360,2.532,3.216
18361,2.527,3.216
18362,2.498,3.216
18363,2.458,3.216
18364,2.414,3.216
18365,2.385,3.216
18366,2.366,3.216
18367,2.351,3.216
18368,2.336,3.216
18369,2.322,3.216
18370,2.317,3.216
18371,2.312,3.216
18372,2.312,3.216
18373,2.312,3.216
18374,2.366,3.216
18375,2.522,3.211
18376,2.717,3.216
18377,2.849,3.216
18378,2.859,3.216
18379,2.786,3.216
18380,2.693,3.216
18381,2.625,3.216
18382,2.571,3.216
18383,2.527,3.216
18384,2.517,3.216
18385,2.527,3.216
18386,2.532,3.216
18387,2.532,3.216
18388,2.502,3.216
18389,2.473,3.216
18390,2.439,3.216
18391,2.410,3.216
18392,2.385,3.216
18393,2.375,3.216
18394,2.366,3.216
18395,2.356,3.216
18396,2.341,3.216
18397,2.351,3.216
18398,2.463,3.216
18399,2.664,3.216
18400,2.825,3.216
18401,2.879,3.216
18402,2.830,3.216
18403,2.742,3.216
18404,2.659,3.216
18405,2.595,3.216
18406,2.537,3.216
18407,2.507,3.216
18408,2.512,3.216
18409,2.527,3.216
18410,2.522,3.216
18411,2.498,3.216
18412,2.458,3.216
18413,2.424,3.216
18414,2.405,3.216
18415,2.405,3.216
18416,2.414,3.216
18417,2.414,3.216
18418,2.410,3.211
18419,2.390,3.216
18420,2.366,3.211
18421,2.326,3.216
18422,2.307,3.216
18423,2.385,3.216
18424,2.595,3.211
18425,2.825,3.216
18426,2.952,3.211
18427,2.942,3.211
18428,2.849,3.211
18429,2.752,3.211
18430,2.678,3.211
18431,2.620,3.211
18432,2.590,3.211
18433,2.581,3.206
18434,2.571,3.211
18435,2.556,3.206
18436,2.512,3.211
18437,2.458,3.211
18438,2.424,3.211
18439,2.400,3.211
18440,2.400,3.211
18441,2.400,3.211
18442,2.400,3.211
18443,2.375,3.211
18444,2.351,3.211
18445,2.336,3.211
18446,2.370,3.211
18447,2.512,3.211
18448,2.727,3.211
18449,2.893,3.211
18450,2.923,3.211
18451,2.854,3.211
18452,2.752,3.211
18453,2.664,3.211
18454,2.600,3.211
18455,2.556,3.211
18456,2.532,3.211
18457,2.527,3.211
18458,2.522,3.206
18459,2.512,3.206
18460,2.483,3.211
18461,2.444,3.206
18462,2.410,3.211
18463,2.375,3.206
18464,2.351,3.211
18465,2.331,3.206
18466,2.312,3.206
18467,2.292,3.206
18468,2.297,3.206
18469,2.380,3.206
18470,2.581,3.206
18471,2.781,3.206
18472,2.869,3.206
18473,2.845,3.206
18474,2.752,3.206
18475,2.654,3.206
18476,2.561,3.206
18477,2.493,3.206
18478,2.463,3.206
18479,2.473,3.206
18480,2.493,3.206
18481,2.493,3.206
18482,2.473,3.206
18483,2.434,3.206
18484,2.390,3.206
18485,2.351,3.206
18486,2.336,3.206
18487,2.322,3.206
18488,2.292,3.206
18489,2.307,3.206
18490,2.429,3.206
18491,2.644,3.206
18492,2.810,3.206
18493,2.849,3.206
18494,2.776,3.206
18495,2.664,3.206
18496,2.561,3.201
18497,2.478,3.206
18498,2.424,3.201
18499,2.429,3.206
18500,2.454,3.201
18501,2.488,3.206
18502,2.493,3.201
18503,2.473,3.201
18504,2.424,3.201
18505,2.380,3.201
18506,2.346,3.201
18507,2.326,3.201
18508,2.312,3.201
18509,2.302,3.201
18510,2.307,3.201
18511,2.380,3.201
18512,2.566,3.201
18513,2.752,3.201
18514,2.830,3.201
18515,2.786,3.201
18516,2.683,3.201
18517,2.581,3.201
18518,2.502,3.201
18519,2.439,3.201
18520,2.410,3.201
18521,2.410,3.201
18522,2.419,3.201
18523,2.424,3.201
18524,2.414,3.201
18525,2.390,3.201
18526,2.351,3.201
18527,2.317,3.201
18528,2.292,3.196
18529,2.268,3.201
18530,2.253,3.196
18531,2.253,3.201
18532,2.317,3.196
18533,2.478,3.201
18534,2.674,3.196
18535,2.776,3.196
18536,2.766,3.196
18537,2.678,3.196
18538,2.581,3.196
18539,2.502,3.196
18540,2.444,3.196
18541,2.410,3.196
18542,2.400,3.196
18543,2.414,3.196
18544,2.419,3.196
18545,2.405,3.196
18546,2.366,3.196
18547,2.331,3.196
18548,2.317,3.196
18549,2.302,3.196
18550,2.297,3.196
18551,2.292,3.196
18552,2.283,3.196
18553,2.302,3.196
18554,2.419,3.196
18555,2.600,3.196
18556,2.722,3.196
18557,2.742,3.196
18558,2.683,3.196
18559,2.581,3.196
18560,2.498,3.196
18561,2.439,3.196
18562,2.405,3.196
18563,2.395,3.196
18564,2.405,3.196
18565,2.414,3.196
18566,2.414,3.196
18567,2.390,3.196
18568,2.361,3.196
18569,2.317,3.196
18570,2.297,3.196
18571,2.292,3.196
18572,2.283,3.196
18573,2.283,3.196
18574,2.278,3.196
18575,2.322,3.196
18576,2.458,3.196
18577,2.625,3.196
18578,2.727,3.196
18579,2.717,3.196
18580,2.649,3.196
18581,2.561,3.196
18582,2.483,3.196
18583,2.434,3.196
18584,2.405,3.196
18585,2.405,3.196
18586,2.414,3.196
18587,2.419,3.196
18588,2.410,3.196
18589,2.390,3.196
18590,2.361,3.196
18591,2.336,3.196
18592,2.326,3.196
18593,2.317,3.196
18594,2.307,3.196
18595,2.297,3.196
18596,2.283,3.196
18597,2.278,3.196
18598,2.336,3.196
18599,2.493,3.196
18600,2.654,3.196
18601,2.742,3.192
18602,2.717,3.196
18603,2.644,3.196
18604,2.561,3.196
18605,2.507,3.196
18606,2.458,3.196
18607,2.434,3.196
18608,2.434,3.196
18609,2.444,3.196
18610,2.444,3.196
18611,2.370,3.196
18612,2.346,3.196
18613,2.326,3.196
18614,2.317,3.196
18615,2.312,3.196
18616,2.302,3.196
18617,2.302,3.196
18618,2.297,3.196
18619,2.283,3.196
18620,2.287,3.196
18621,2.370,3.196
18622,2.537,3.196
18623,2.713,3.196
18624,2.766,3.196
18625,2.722,3.196
18626,2.644,3.196
18627,2.566,3.196
18628,2.512,3.196
18629,2.473,3.196
18630,2.444,3.196
18631,2.449,3.196
18632,2.458,3.196
18633,2.458,3.196
18634,2.434,3.196
18635,2.410,3.196
18636,2.385,3.196
18637,2.366,3.196
18638,2.341,3.196
18639,2.326,3.196
18640,2.317,3.196
18641,2.312,3.196
18642,2.302,3.196
18643,2.297,3.196
18644,2.297,3.196
18645,2.297,3.196
18646,2.302,3.196
18647,2.375,3.196
18648,2.542,3.196
18649,2.703,3.196
18650,2.771,3.196
18651,2.742,3.196
18652,2.674,3.192
18653,2.595,3.196
18654,2.542,3.192
18655,2.498,3.196
18656,2.478,3.196
18657,2.488,3.196
18658,2.502,3.196
18659,2.502,3.196
18660,2.483,3.196
18661,2.454,3.196
18662,2.429,3.196
18663,2.400,3.196
18664,2.380,3.196
18665,2.370,3.196
18666,2.361,3.196
18667,2.356,3.196
18668,2.341,3.196
18669,2.331,3.196
18670,2.351,3.196
18671,2.463,3.192
18672,2.654,3.196
18673,2.820,3.192
18674,2.889,3.196
18675,2.859,3.192
18676,2.786,3.196
18677,2.698,3.196
18678,2.630,3.196
18679,2.586,3.196
18680,2.581,3.192
18681,2.590,3.196
18682,2.605,3.192
18683,2.595,3.196
18684,2.571,3.192
18685,2.537,3.196
18686,2.502,3.196
18687,2.478,3.196
18688,2.463,3.196
18689,2.449,3.196
18690,2.429,3.196
18691,2.410,3.196
18692,2.385,3.196
18693,2.375,3.196
18694,2.414,3.196
18695,2.551,3.196
18696,2.752,3.196
18697,2.893,3.196
18698,2.923,3.196
18699,2.869,3.196
18700,2.781,3.196
18701,2.698,3.196
18702,2.634,3.196
18703,2.586,3.196
18704,2.561,3.196
18705,2.571,3.196
18706,2.576,3.196
18707,2.566,3.196
18708,2.542,3.196
18709,2.507,3.196
18710,2.483,3.196
18711,2.454,3.196
18712,2.434,3.196
18713,2.419,3.196
18714,2.414,3.196
18715,2.400,3.196
18716,2.390,3.196
18717,2.390,3.196
18718,2.463,3.196
18719,2.630,3.196
18720,2.810,3.196
18721,2.918,3.196
18722,2.903,3.196
18723,2.825,3.196
18724,2.722,3.196
18725,2.639,3.196
18726,2.581,3.196
18727,2.566,3.196
18728,2.576,3.196
18729,2.590,3.196
18730,2.595,3.196
18731,2.586,3.196
18732,2.546,3.196
18733,2.507,3.196
18734,2.478,3.196
18735,2.458,3.196
18736,2.439,3.196
18737,2.424,3.196
18738,2.449,3.196
18739,2.571,3.196
18740,2.761,3.196
18741,2.918,3.196
18742,2.962,3.196
18743,2.893,3.196
18744,2.786,3.196
18745,2.683,3.196
18746,2.600,3.196
18747,2.556,3.196
18748,2.556,3.196
18749,2.571,3.196
18750,2.586,3.196
18751,2.586,3.196
18752,2.556,3.196
18753,2.517,3.196
18754,2.478,3.196
18755,2.454,3.196
18756,2.434,3.196
18757,2.410,3.196
18758,2.395,3.196
18759,2.380,3.196
18760,2.361,3.196
18761,2.366,3.196
18762,2.449,3.196
18763,2.659,3.196
18764,2.869,3.196
18765,2.981,3.196
18766,2.957,3.196
18767,2.859,3.196
18768,2.752,3.196
18769,2.664,3.196
18770,2.595,3.196
18771,2.561,3.196
18772,2.561,3.196
18773,2.576,3.196
18774,2.571,3.196
18775,2.561,3.196
18776,2.532,3.196
18777,2.502,3.196
18778,2.468,3.196
18779,2.434,3.196
18780,2.414,3.196
18781,2.400,3.196
18782,2.380,3.196
18783,2.366,3.196
18784,2.341,3.196
18785,2.366,3.196
18786,2.502,3.196
18787,2.722,3.196
18788,2.903,3.196
18789,2.962,3.196
18790,2.898,3.196
18791,2.796,3.196
18792,2.693,3.196
18793,2.620,3.196
18794,2.556,3.196
18795,2.527,3.196
18796,2.532,3.196
18797,2.542,3.196
18798,2.537,3.196
18799,2.522,3.196
18800,2.483,3.196
18801,2.439,3.196
18802,2.400,3.196
18803,2.375,3.196
18804,2.361,3.196
18805,2.356,3.196
18806,2.346,3.196
18807,2.336,3.196
18808,2.366,3.196
18809,2.507,3.196
18810,2.747,3.196
18811,2.967,3.196
18812,3.016,3.196
18813,2.937,3.196
18814,2.820,3.196
18815,2.708,3.196
18816,2.605,3.196
18817,2.542,3.196
18818,2.537,3.196
18819,2.561,3.196
18820,2.581,3.196
18821,2.571,3.196
18822,2.532,3.196
18823,2.493,3.196
18824,2.458,3.196
18825,2.429,3.196
18826,2.405,3.196
18827,2.390,3.196
18828,2.380,3.196
18829,2.370,3.196
18830,2.434,3.196
18831,2.639,3.196
18832,2.879,3.196
18833,3.006,3.196
18834,2.986,3.196
18835,2.874,3.196
18836,2.742,3.196
18837,2.654,3.196
18838,2.576,3.196
18839,2.537,3.196
18840,2.537,3.196
18841,2.566,3.196
18842,2.566,3.196
18843,2.542,3.196
18844,2.493,3.196
18845,2.439,3.196
18846,2.395,3.196
18847,2.366,3.196
18848,2.346,3.196
18849,2.336,3.196
18850,2.336,3.196
18851,2.317,3.196
18852,2.307,3.196
18853,2.370,3.196
18854,2.571,3.196
18855,2.825,3.196
18856,2.981,3.196
18857,2.981,3.196
18858,2.879,3.196
18859,2.752,3.196
18860,2.644,3.196
18861,2.566,3.196
18862,2.527,3.196
18863,2.546,3.196
18864,2.527,3.196
18865,2.488,3.196
18866,2.454,3.196
18867,2.414,3.196
18868,2.380,3.196
18869,2.370,3.196
18870,2.361,3.196
18871,2.351,3.196
18872,2.336,3.196
18873,2.361,3.196
18874,2.522,3.196
18875,2.776,3.196
18876,2.967,3.196
18877,3.006,3.196
18878,2.923,3.196
18879,2.801,3.196
18880,2.693,3.196
18881,2.595,3.196
18882,2.542,3.196
18883,2.542,3.196
18884,2.571,3.196
18885,2.576,3.196
18886,2.551,3.196
18887,2.507,3.196
18888,2.468,3.196
18889,2.424,3.196
18890,2.395,3.196
18891,2.380,3.196
18892,2.375,3.196
18893,2.366,3.196
18894,2.351,3.196
18895,2.366,3.196
18896,2.502,3.196
18897,2.766,3.196
18898,2.991,3.196
18899,3.065,3.196
18900,2.996,3.196
18901,2.869,3.196
18902,2.737,3.196
18903,2.644,3.196
18904,2.571,3.196
18905,2.537,3.196
18906,2.546,3.196
18907,2.561,3.196
18908,2.556,3.196
18909,2.522,3.196
18910,2.468,3.196
18911,2.424,3.196
18912,2.390,3.196
18913,2.370,3.196
18914,2.351,3.196
18915,2.346,3.196
18916,2.341,3.196
18917,2.326,3.196
18918,2.302,3.196
18919,2.351,3.196
18920,2.571,3.196
18921,2.864,3.196
18922,3.050,3.196
18923,3.069,3.196
18924,2.972,3.196
18925,2.854,3.196
18926,2.766,3.196
18927,2.683,3.196
18928,2.600,3.196
18929,2.556,3.196
18930,2.537,3.196
18931,2.532,3.196
18932,2.517,3.196
18933,2.478,3.196
18934,2.434,3.196
18935,2.390,3.196
18936,2.356,3.196
18937,2.326,3.201
18938,2.302,3.196
18939,2.287,3.201
18940,2.278,3.196
18941,2.263,3.196
18942,2.253,3.196
18943,2.243,3.201
18944,2.287,3.196
18945,2.488,3.196
18946,2.805,3.196
18947,2.991,3.196
18948,3.001,3.201
18949,2.903,3.196
18950,2.781,3.201
18951,2.683,3.196
18952,2.600,3.201
18953,2.542,3.196
18954,2.512,3.196
18955,2.532,3.196
18956,2.542,3.196
18957,2.527,3.196
18958,2.488,3.201
18959,2.439,3.196
18960,2.400,3.196
18961,2.366,3.196
18962,2.341,3.196
18963,2.326,3.196
18964,2.317,3.196
18965,2.297,3.201
18966,2.283,3.196
18967,2.278,3.201
18968,2.395,3.196
18969,2.674,3.196
18970,2.933,3.196
18971,3.040,3.201
18972,2.986,3.196
18973,2.830,3.196
18974,2.708,3.196
18975,2.610,3.196
18976,2.522,3.196
18977,2.493,3.196
18978,2.498,3.201
18979,2.522,3.196
18980,2.517,3.201
18981,2.488,3.196
18982,2.439,3.201
18983,2.395,3.196
18984,2.361,3.201
18985,2.331,3.196
18986,2.312,3.201
18987,2.297,3.196
18988,2.292,3.196
18989,2.302,3.196
18990,2.312,3.196
18991,2.322,3.201
18992,2.331,3.196
18993,2.439,3.201
18994,2.698,3.196
18995,2.957,3.201
18996,3.065,3.196
18997,3.001,3.201
18998,2.849,3.196
18999,2.703,3.201
19000,2.610,3.196
19001,2.546,3.196
19002,2.498,3.201
19003,2.468,3.196
19004,2.468,3.201
19005,2.468,3.196
19006,2.458,3.201
19007,2.419,3.196
19008,2.375,3.201
19009,2.336,3.196
19010,2.307,3.201
19011,2.283,3.196
19012,2.278,3.201
19013,2.278,3.196
19014,2.273,3.201
19015,2.273,3.196
19016,2.273,3.201
19017,2.278,3.196
19018,2.278,3.201
19019,2.273,3.196
19020,2.312,3.201
19021,2.493,3.196
19022,2.742,3.196
19023,2.908,3.196
19024,2.918,3.196
19025,2.810,3.201
19026,2.669,3.196
19027,2.537,3.201
19028,2.458,3.196
19029,2.405,3.201
19030,2.395,3.196
19031,2.414,3.201
19032,2.434,3.196
19033,2.424,3.201
19034,2.385,3.196
19035,2.336,3.201
19036,2.307,3.201
19037,2.283,3.196
19038,2.263,3.201
19039,2.258,3.196
19040,2.248,3.201
19041,2.234,3.196
19042,2.224,3.201
19043,2.204,3.196
19044,2.180,3.201
19045,2.160,3.196
19046,2.170,3.201
19047,2.287,3.196
19048,2.507,3.201
19049,2.708,3.196
19050,2.781,3.196
19051,2.737,3.196
19052,2.639,3.196
19053,2.551,3.196
19054,2.473,3.196
19055,2.414,3.201
19056,2.390,3.196
19057,2.390,3.201
19058,2.395,3.201
19059,2.385,3.201
19060,2.356,3.201
19061,2.326,3.206
19062,2.292,3.201
19063,2.263,3.206
19064,2.248,3.201
19065,2.239,3.206
19066,2.224,3.206
19067,2.219,3.206
19068,2.214,3.206
19069,2.204,3.206
19070,2.224,3.206
19071,2.346,3.206
19072,2.537,3.206
19073,2.674,3.206
19074,2.698,3.206
19075,2.634,3.206
19076,2.551,3.206
19077,2.473,3.206
19078,2.405,3.211
19079,2.361,3.206
19080,2.356,3.206
19081,2.375,3.206
19082,2.395,3.206
19083,2.395,3.211
19084,2.380,3.206
19085,2.346,3.211
19086,2.317,3.206
19087,2.302,3.211
19088,2.297,3.206
19089,2.292,3.211
19090,2.278,3.206
19091,2.273,3.211
19092,2.312,3.211
19093,2.463,3.211
19094,2.644,3.211
19095,2.752,3.211
19096,2.742,3.211
19097,2.664,3.211
19098,2.576,3.211
19099,2.507,3.211
19100,2.454,3.211
19101,2.429,3.211
19102,2.424,3.211
19103,2.429,3.211
19104,2.434,3.211
19105,2.410,3.211
19106,2.375,3.211
19107,2.351,3.211
19108,2.326,3.211
19109,2.312,3.211
19110,2.292,3.211
19111,2.278,3.211
19112,2.268,3.211
19113,2.253,3.211
19114,2.253,3.211
19115,2.346,3.211
19116,2.532,3.211
19117,2.713,3.211
19118,2.786,3.211
19119,2.757,3.211
19120,2.674,3.211
19121,2.595,3.211
19122,2.537,3.211
19123,2.478,3.211
19124,2.444,3.211
19125,2.429,3.211
19126,2.429,3.211
19127,2.439,3.211
19128,2.429,3.211
19129,2.400,3.211
19130,2.366,3.211
19131,2.341,3.211
19132,2.317,3.211
19133,2.307,3.211
19134,2.307,3.211
19135,2.292,3.211
19136,2.283,3.211
19137,2.268,3.211
19138,2.292,3.211
19139,2.414,3.211
19140,2.605,3.211
19141,2.752,3.211
19142,2.791,3.211
19143,2.737,3.211
19144,2.654,3.211
19145,2.581,3.211
19146,2.517,3.211
19147,2.473,3.211
19148,2.463,3.211
19149,2.478,3.211
19150,2.498,3.211
19151,2.507,3.211
19152,2.483,3.211
19153,2.454,3.211
19154,2.419,3.211
19155,2.385,3.211
19156,2.361,3.211
19157,2.346,3.211
19158,2.331,3.211
19159,2.322,3.211
19160,2.351,3.211
19161,2.498,3.211
19162,2.722,3.211
19163,2.874,3.211
19164,2.898,3.211
19165,2.840,3.211
19166,2.742,3.211
19167,2.654,3.211
19168,2.586,3.211
19169,2.537,3.211
19170,2.517,3.211
19171,2.527,3.211
19172,2.537,3.211
19173,2.522,3.211
19174,2.493,3.211
19175,2.458,3.211
19176,2.434,3.211
19177,2.414,3.211
19178,2.390,3.211
19179,2.366,3.211
19180,2.336,3.211
19181,2.317,3.211
19182,2.297,3.211
19183,2.283,3.211
19184,2.336,3.211
19185,2.542,3.211
19186,2.786,3.211
19187,2.933,3.211
19188,2.942,3.211
19189,2.849,3.211
19190,2.761,3.211
19191,2.688,3.211
19192,2.630,3.211
19193,2.581,3.211
19194,2.561,3.211
19195,2.571,3.211
19196,2.590,3.211
19197,2.586,3.211
19198,2.551,3.211
19199,2.502,3.211
19200,2.449,3.211
19201,2.419,3.211
19202,2.405,3.211
19203,2.405,3.211
19204,2.395,3.211
19205,2.385,3.211
19206,2.385,3.211
19207,2.488,3.211
19208,2.713,3.211
19209,2.923,3.211
19210,3.011,3.211
19211,2.962,3.211
19212,2.864,3.211
19213,2.766,3.211
19214,2.678,3.211
19215,2.615,3.211
19216,2.586,3.211
19217,2.586,3.211
19218,2.600,3.211
19219,2.605,3.211
19220,2.586,3.211
19221,2.551,3.211
19222,2.507,3.211
19223,2.478,3.211
19224,2.463,3.211
19225,2.439,3.211
19226,2.429,3.211
19227,2.400,3.211
19228,2.405,3.211
19229,2.537,3.211
19230,2.781,3.211
19231,2.991,3.211
19232,3.060,3.211
19233,3.006,3.211
19234,2.893,3.211
19235,2.781,3.211
19236,2.688,3.211
19237,2.615,3.211
19238,2.610,3.211
19239,2.630,3.211
19240,2.595,3.211
19241,2.498,3.211
19242,2.429,3.211
19243,2.390,3.211
19244,2.375,3.211
19245,2.375,3.211
19246,2.375,3.211
19247,2.366,3.211
19248,2.351,3.211
19249,2.380,3.211
19250,2.551,3.211
19251,2.820,3.211
19252,3.040,3.211
19253,3.109,3.211
19254,3.055,3.211
19255,2.952,3.211
19256,2.884,3.211
19257,2.845,3.211
19258,2.801,3.211
19259,2.732,3.211
19260,2.644,3.211
19261,2.566,3.211
19262,2.537,3.211
19263,2.537,3.211
19264,2.542,3.211
19265,2.517,3.211
19266,2.483,3.211
19267,2.444,3.211
19268,2.405,3.211
19269,2.385,3.211
19270,2.400,3.211
19271,2.410,3.211
19272,2.410,3.211
19273,2.419,3.211
19274,2.512,3.211
19275,2.747,3.211
19276,2.981,3.211
19277,3.089,3.211
19278,3.045,3.211
19279,2.908,3.211
19280,2.757,3.211
19281,2.630,3.211
19282,2.542,3.211
19283,2.512,3.211
19284,2.527,3.211
19285,2.556,3.211
19286,2.576,3.211
19287,2.566,3.211
19288,2.537,3.211
19289,2.498,3.211
19290,2.468,3.211
19291,2.449,3.211
19292,2.434,3.211
19293,2.419,3.211
19294,2.410,3.211
19295,2.390,3.216
19296,2.385,3.211
19297,2.458,3.211
19298,2.664,3.211
19299,2.898,3.211
19300,3.040,3.211
19301,3.021,3.211
19302,2.908,3.211
19303,2.786,3.211
19304,2.678,3.211
19305,2.595,3.211
19306,2.566,3.211
19307,2.581,3.211
19308,2.615,3.211
19309,2.630,3.211
19310,2.600,3.211
19311,2.561,3.211
19312,2.507,3.211
19313,2.463,3.211
19314,2.434,3.211
19315,2.419,3.211
19316,2.400,3.211
19317,2.380,3.211
19318,2.366,3.211
19319,2.410,3.211
19320,2.581,3.211
19321,2.815,3.211
19322,2.972,3.211
19323,2.981,3.211
19324,2.889,3.211
19325,2.781,3.211
19326,2.693,3.211
19327,2.634,3.211
19328,2.644,3.211
19329,2.708,3.211
19330,2.776,3.211
19331,2.805,3.211
19332,2.776,3.211
19333,2.708,3.211
19334,2.620,3.211
19335,2.542,3.211
19336,2.468,3.216
19337,2.400,3.211
19338,2.351,3.216
19339,2.307,3.211
19340,2.278,3.216
19341,2.258,3.211
19342,2.283,3.211
19343,2.444,3.211
19344,2.703,3.211
19345,2.898,3.211
19346,2.952,3.211
19347,2.884,3.211
19348,2.766,3.211
19349,2.659,3.211
19350,2.576,3.211
19351,2.546,3.211
19352,2.532,3.211
19353,2.512,3.211
19354,2.507,3.211
19355,2.498,3.216
19356,2.478,3.211
19357,2.449,3.211
19358,2.414,3.211
19359,2.380,3.211
19360,2.356,3.211
19361,2.336,3.211
19362,2.322,3.211
19363,2.322,3.211
19364,2.326,3.211
19365,2.312,3.211
19366,2.625,3.211
19367,2.859,3.211
19368,2.991,3.216
19369,2.977,3.211
19370,2.874,3.211
19371,2.752,3.211
19372,2.634,3.211
19373,2.542,3.211
19374,2.488,3.211
19375,2.493,3.211
19376,2.517,3.211
19377,2.537,3.216
19378,2.532,3.211
19379,2.493,3.216
19380,2.444,3.211
19381,2.410,3.216
19382,2.375,3.211
19383,2.346,3.211
19384,2.326,3.211
19385,2.322,3.211
19386,2.317,3.211
19387,2.307,3.211
19388,2.302,3.211
19389,2.375,3.211
19390,2.586,3.211
19391,2.805,3.211
19392,2.918,3.211
19393,2.893,3.211
19394,2.776,3.211
19395,2.654,3.206
19396,2.546,3.211
19397,2.468,3.211
19398,2.444,3.211
19399,2.468,3.206
19400,2.507,3.206
19401,2.507,3.206
19402,2.483,3.206
19403,2.439,3.206
19404,2.395,3.206
19405,2.346,3.206
19406,2.312,3.206
19407,2.292,3.206
19408,2.283,3.206
19409,2.263,3.206
19410,2.248,3.206
19411,2.312,3.206
19412,2.507,3.206
19413,2.742,3.206
19414,2.889,3.206
19415,2.889,3.206
19416,2.786,3.206
19417,2.659,3.206
19418,2.546,3.206
19419,2.458,3.206
19420,2.419,3.206
19421,2.419,3.206
19422,2.454,3.211
19423,2.473,3.211
19424,2.463,3.211
19425,2.429,3.211
19426,2.385,3.211
19427,2.341,3.206
19428,2.307,3.211
19429,2.287,3.206
19430,2.273,3.211
19431,2.258,3.211
19432,2.258,3.211
19433,2.248,3.211
19434,2.248,3.206
19435,2.331,3.206
19436,2.571,3.206
19437,2.840,3.206
19438,3.001,3.206
19439,2.986,3.206
19440,2.864,3.206
19441,2.727,3.206
19442,2.615,3.206
19443,2.532,3.206
19444,2.478,3.206
19445,2.468,3.206
19446,2.478,3.206
19447,2.488,3.206
19448,2.493,3.206
19449,2.473,3.206
19450,2.444,3.206
19451,2.395,3.206
19452,2.351,3.206
19453,2.322,3.206
19454,2.307,3.206
19455,2.292,3.206
19456,2.278,3.206
19457,2.263,3.206
19458,2.253,3.206
19459,2.263,3.201
19460,2.385,3.206
19461,2.659,3.201
19462,2.933,3.206
19463,3.060,3.206
19464,3.016,3.206
19465,2.869,3.206
19466,2.722,3.201
19467,2.615,3.206
