timestamp,PPG_signal,GSR_signal
1,4.360,2.986
2,4.360,2.986
3,4.360,2.991
4,4.360,2.991
5,4.360,2.996
6,4.360,3.001
7,4.360,3.001
8,4.360,3.006
9,4.360,3.006
10,4.360,3.006
11,4.360,3.006
12,4.360,3.011
13,4.360,3.006
14,4.360,3.011
15,4.360,3.011
16,4.360,3.016
17,4.360,3.011
18,4.360,3.016
19,4.360,3.011
20,4.360,3.021
21,4.360,3.016
22,4.360,3.016
23,4.360,3.016
24,4.360,3.016
25,4.360,3.016
26,4.360,3.016
27,4.360,3.016
28,4.360,3.016
29,4.360,3.021
30,4.360,3.016
31,4.360,3.021
32,4.360,3.016
33,4.360,3.021
34,4.360,3.016
35,4.360,3.021
36,4.360,3.016
37,4.360,3.021
38,4.360,3.016
39,4.360,3.021
40,4.360,3.016
41,4.360,3.021
42,4.360,3.016
43,4.360,3.021
44,4.360,3.016
45,4.360,3.016
46,4.360,3.016
47,4.360,3.016
48,4.360,3.016
49,4.360,3.016
50,4.360,3.016
51,4.360,3.016
52,4.360,3.016
53,4.360,3.011
54,4.360,3.016
55,4.360,3.011
56,4.360,3.016
57,4.360,3.011
58,4.360,3.016
59,4.360,3.011
60,4.360,3.011
61,4.360,3.011
62,4.360,3.011
63,4.360,3.011
64,4.360,3.011
65,4.360,3.011
66,4.360,3.011
67,4.360,3.011
68,4.360,3.006
69,4.360,3.011
70,4.360,3.006
71,4.360,3.011
72,4.360,3.006
73,4.360,3.011
74,4.360,3.006
75,4.360,3.011
76,4.360,3.006
77,4.360,3.011
78,4.360,3.001
79,4.360,3.006
80,4.360,3.001
81,4.360,3.006
82,4.360,3.001
83,4.360,3.006
84,4.360,3.001
85,4.360,3.001
86,4.360,3.006
87,4.360,3.001
88,4.360,3.001
89,4.360,3.001
90,4.360,2.996
91,4.360,3.001
92,4.360,2.996
93,4.360,2.996
94,4.360,2.991
95,4.360,2.996
96,4.360,2.991
97,4.360,2.996
98,4.360,2.986
99,4.360,2.991
100,4.360,2.986
101,4.360,2.991
102,4.360,2.986
103,4.360,2.991
104,4.360,2.986
105,4.360,2.991
106,4.360,2.986
107,4.360,2.991
108,3.978,2.986
109,2.874,2.986
110,2.268,2.986
111,2.092,2.986
112,2.165,2.986
113,2.302,2.986
114,2.439,2.986
115,2.639,2.981
116,2.947,2.986
117,3.133,2.981
118,3.162,2.986
119,3.065,2.981
120,2.908,2.981
121,2.771,2.981
122,2.674,2.981
123,2.634,2.981
124,2.634,2.981
125,2.659,2.981
126,2.669,2.981
127,2.649,2.981
128,2.610,2.977
129,2.561,2.977
130,2.512,2.977
131,2.473,2.977
132,2.439,2.977
133,2.419,2.977
134,2.410,2.977
135,2.400,2.977
136,2.390,2.977
137,2.380,2.977
138,2.380,2.972
139,2.454,2.977
140,2.664,2.972
141,2.913,2.977
142,3.055,2.972
143,3.035,2.977
144,2.913,2.972
145,2.766,2.977
146,2.620,2.972
147,2.546,2.972
148,2.532,2.972
149,2.551,2.972
150,2.581,2.972
151,2.590,2.972
152,2.571,2.972
153,2.542,2.967
154,2.507,2.972
155,2.483,2.972
156,2.473,2.972
157,2.458,2.972
158,2.424,2.972
159,2.410,2.972
160,2.400,2.967
161,2.395,2.972
162,2.385,2.967
163,2.390,2.972
164,2.493,2.967
165,2.722,2.967
166,2.952,2.967
167,3.035,2.967
168,2.957,2.967
169,2.796,2.967
170,2.639,2.967
171,2.527,2.962
172,2.468,2.967
173,2.468,2.962
174,2.502,2.967
175,2.532,2.962
176,2.527,2.962
177,2.498,2.967
178,2.454,2.962
179,2.410,2.967
180,2.375,2.962
181,2.346,2.967
182,2.326,2.962
183,2.322,2.962
184,2.317,2.962
185,2.312,2.962
186,2.307,2.962
187,2.302,2.962
188,2.336,2.962
189,2.493,2.962
190,2.737,2.962
191,2.918,2.962
192,2.952,2.962
193,2.849,2.957
194,2.693,2.962
195,2.561,2.957
196,2.463,2.962
197,2.429,2.957
198,2.449,2.962
199,2.488,2.957
200,2.512,2.962
201,2.507,2.957
202,2.478,2.962
203,2.439,2.957
204,2.395,2.962
205,2.361,2.957
206,2.341,2.957
207,2.326,2.957
208,2.317,2.957
209,2.312,2.957
210,2.307,2.957
211,2.297,2.957
212,2.312,2.957
213,2.918,2.957
214,2.933,2.957
215,2.825,2.957
216,2.674,2.957
217,2.527,2.957
218,2.439,2.957
219,2.410,2.957
220,2.434,2.957
221,2.478,2.957
222,2.502,2.957
223,2.498,2.957
224,2.463,2.957
225,2.410,2.957
226,2.370,2.952
227,2.346,2.957
228,2.336,2.952
229,2.341,2.957
230,2.336,2.952
231,2.322,2.957
232,2.307,2.952
233,2.307,2.957
234,2.361,2.952
235,2.561,2.957
236,2.859,2.957
237,3.011,2.957
238,2.991,2.957
239,2.849,2.952
240,2.678,2.957
241,2.542,2.952
242,2.454,2.957
243,2.429,2.952
244,2.449,2.957
245,2.493,2.952
246,2.517,2.957
247,2.522,2.952
248,2.493,2.957
249,2.454,2.952
250,2.410,2.957
251,2.375,2.952
252,2.356,2.957
253,2.346,2.957
254,2.356,2.957
255,2.356,2.957
256,2.351,2.957
257,2.361,2.957
258,2.473,2.957
259,2.698,2.957
260,2.908,2.952
261,2.991,2.957
262,2.923,2.952
263,2.766,2.957
264,2.610,2.952
265,2.483,2.957
266,2.424,2.952
267,2.429,2.957
268,2.458,2.952
269,2.498,2.957
270,2.507,2.952
271,2.488,2.957
272,2.454,2.957
273,2.414,2.957
274,2.380,2.957
275,2.346,2.952
276,2.326,2.957
277,2.312,2.952
278,2.302,2.957
279,2.312,2.952
280,2.317,2.957
281,2.385,2.952
282,2.581,2.957
283,2.815,2.952
284,2.957,2.957
285,2.952,2.952
286,2.830,2.957
287,2.669,2.952
288,2.537,2.957
289,2.468,2.952
290,2.454,2.957
291,2.483,2.952
292,2.522,2.957
293,2.542,2.952
294,2.532,2.957
295,2.498,2.952
296,2.458,2.952
297,2.419,2.957
298,2.390,2.952
299,2.380,2.957
300,2.366,2.952
301,2.356,2.957
302,2.370,2.952
303,2.488,2.957
304,2.698,2.952
305,2.874,2.952
306,2.928,2.952
307,2.859,2.952
308,2.732,2.952
309,2.595,2.952
310,2.483,2.957
311,2.429,2.952
312,2.434,2.957
313,2.463,2.952
314,2.488,2.957
315,2.498,2.952
316,2.488,2.957
317,2.468,2.952
318,2.439,2.957
319,2.419,2.952
320,2.390,2.957
321,2.366,2.952
322,2.351,2.957
323,2.341,2.952
324,2.366,2.957
325,2.507,2.952
326,2.747,2.952
327,2.962,2.957
328,3.006,2.952
329,2.918,2.957
330,2.761,2.952
331,2.610,2.957
332,2.522,2.952
333,2.488,2.957
334,2.502,2.952
335,2.542,2.957
336,2.566,2.952
337,2.561,2.957
338,2.537,2.952
339,2.483,2.952
340,2.449,2.957
341,2.414,2.952
342,2.395,2.957
343,2.380,2.952
344,2.370,2.957
345,2.361,2.952
346,2.414,2.957
347,2.605,2.952
348,2.849,2.952
349,3.011,2.952
350,3.016,2.952
351,2.898,2.952
352,2.742,2.952
353,2.610,2.952
354,2.532,2.952
355,2.517,2.957
356,2.542,2.952
357,2.576,2.952
358,2.586,2.952
359,2.571,2.952
360,2.532,2.952
361,2.488,2.952
362,2.444,2.952
363,2.414,2.952
364,2.390,2.952
365,2.375,2.952
366,2.361,2.952
367,2.356,2.952
368,2.385,2.952
369,2.527,2.952
370,2.766,2.952
371,2.967,2.952
372,3.021,2.952
373,2.942,2.947
374,2.791,2.952
375,2.649,2.947
376,2.542,2.952
377,2.507,2.947
378,2.517,2.952
379,2.551,2.947
380,2.581,2.952
381,2.581,2.947
382,2.551,2.952
383,2.512,2.947
384,2.473,2.952
385,2.439,2.947
386,2.410,2.952
387,2.390,2.952
388,2.375,2.947
389,2.361,2.952
390,2.390,2.947
391,2.546,2.952
392,2.796,2.947
393,2.981,2.952
394,3.011,2.947
395,2.908,2.947
396,2.747,2.947
397,2.595,2.947
398,2.493,2.947
399,2.478,2.947
400,2.512,2.947
401,2.556,2.947
402,2.571,2.947
403,2.556,2.942
404,2.527,2.947
405,2.473,2.942
406,2.429,2.947
407,2.385,2.942
408,2.346,2.947
409,2.331,2.942
410,2.331,2.947
411,2.341,2.942
412,2.419,2.947
413,2.639,2.942
414,2.884,2.947
415,3.011,2.942
416,2.981,2.947
417,2.820,2.947
418,2.669,2.942
419,2.542,2.947
420,2.473,2.942
421,2.468,2.947
422,2.507,2.942
423,2.546,2.942
424,2.556,2.937
425,2.542,2.947
426,2.498,2.942
427,2.444,2.947
428,2.405,2.942
429,2.370,2.942
430,2.361,2.942
431,2.361,2.942
432,2.351,2.942
433,2.351,2.942
434,2.434,2.942
435,2.669,2.942
436,2.918,2.942
437,3.040,2.942
438,2.981,2.942
439,2.825,2.942
440,2.654,2.942
441,2.512,2.937
442,2.454,2.942
443,2.468,2.937
444,2.512,2.942
445,2.556,2.937
446,2.556,2.942
447,2.522,2.937
448,2.478,2.942
449,2.424,2.942
450,2.380,2.942
451,2.346,2.942
452,2.326,2.942
453,2.312,2.942
454,2.312,2.942
455,2.370,2.942
456,2.576,2.937
457,2.830,2.942
458,2.986,2.937
459,2.972,2.942
460,2.840,2.937
461,2.683,2.942
462,2.546,2.937
463,2.463,2.942
464,2.449,2.937
465,2.483,2.937
466,2.517,2.942
467,2.522,2.937
468,2.502,2.942
469,2.454,2.937
470,2.405,2.942
471,2.366,2.937
472,2.346,2.942
473,2.322,2.937
474,2.312,2.942
475,2.317,2.937
476,2.434,2.942
477,2.722,2.942
478,2.928,2.937
479,2.972,2.942
480,2.874,2.937
481,2.722,2.942
482,2.576,2.937
483,2.468,2.942
484,2.429,2.937
485,2.439,2.942
486,2.478,2.937
487,2.507,2.937
488,2.507,2.937
489,2.468,2.942
490,2.424,2.937
491,2.385,2.937
492,2.351,2.942
493,2.331,2.937
494,2.317,2.942
495,2.307,2.937
496,2.317,2.942
497,2.419,2.937
498,2.649,2.942
499,2.869,2.937
500,2.962,2.942
501,2.908,2.937
502,2.757,2.942
503,2.600,2.937
504,2.478,2.942
505,2.424,2.937
506,2.429,2.942
507,2.463,2.937
508,2.493,2.942
509,2.507,2.937
510,2.483,2.942
511,2.439,2.937
512,2.390,2.942
513,2.361,2.937
514,2.331,2.942
515,2.312,2.937
516,2.302,2.942
517,2.297,2.937
518,2.292,2.937
519,2.297,2.937
520,2.390,2.937
521,2.625,2.937
522,2.874,2.937
523,2.991,2.942
524,2.933,2.937
525,2.781,2.942
526,2.615,2.937
527,2.488,2.942
528,2.424,2.937
529,2.429,2.942
530,2.468,2.937
531,2.507,2.942
532,2.512,2.937
533,2.488,2.942
534,2.444,2.937
535,2.405,2.942
536,2.370,2.937
537,2.341,2.937
538,2.326,2.937
539,2.326,2.937
540,2.322,2.937
541,2.317,2.937
542,2.331,2.937
543,2.463,2.937
544,2.713,2.937
545,2.913,2.933
546,2.957,2.937
547,2.849,2.933
548,2.683,2.937
549,2.532,2.933
550,2.429,2.937
551,2.410,2.933
552,2.444,2.937
553,2.483,2.933
554,2.502,2.933
555,2.502,2.933
556,2.468,2.933
557,2.419,2.933
558,2.380,2.933
559,2.351,2.933
560,2.336,2.928
561,2.322,2.933
562,2.317,2.928
563,2.302,2.933
564,2.322,2.928
565,2.463,2.933
566,2.717,2.928
567,2.923,2.933
568,2.957,2.933
569,2.845,2.928
570,2.683,2.933
571,2.527,2.928
572,2.434,2.933
573,2.410,2.928
574,2.434,2.933
575,2.478,2.928
576,2.498,2.933
577,2.488,2.928
578,2.458,2.933
579,2.414,2.928
580,2.375,2.933
581,2.346,2.928
582,2.322,2.933
583,2.317,2.928
584,2.307,2.933
585,2.302,2.928
586,2.297,2.933
587,2.283,2.928
588,2.307,2.933
589,2.463,2.933
590,2.732,2.933
591,2.991,2.933
592,3.021,2.933
593,2.898,2.933
594,2.722,2.933
595,2.566,2.928
596,2.458,2.933
597,2.429,2.933
598,2.463,2.933
599,2.507,2.928
600,2.537,2.933
601,2.522,2.928
602,2.483,2.933
603,2.439,2.933
604,2.390,2.933
605,2.356,2.933
606,2.331,2.933
607,2.322,2.933
608,2.312,2.933
609,2.317,2.933
610,2.312,2.933
611,2.307,2.933
612,2.297,2.933
613,2.302,2.933
614,2.419,2.933
615,2.674,2.933
616,2.933,2.933
617,3.030,2.933
618,2.957,2.933
619,2.801,2.933
620,2.639,2.933
621,2.512,2.933
622,2.449,2.933
623,2.449,2.937
624,2.478,2.933
625,2.512,2.933
626,2.532,2.933
627,2.507,2.933
628,2.454,2.933
629,2.405,2.933
630,2.370,2.937
631,2.346,2.933
632,2.331,2.937
633,2.322,2.933
634,2.307,2.937
635,2.307,2.933
636,2.297,2.937
637,2.292,2.933
638,2.283,2.937
639,2.287,2.933
640,2.375,2.933
641,2.605,2.933
642,2.859,2.933
643,2.986,2.933
644,2.937,2.933
645,2.796,2.933
646,2.630,2.933
647,2.502,2.933
648,2.439,2.933
649,2.439,2.933
650,2.478,2.933
651,2.522,2.933
652,2.537,2.933
653,2.517,2.937
654,2.483,2.933
655,2.434,2.937
656,2.395,2.933
657,2.366,2.937
658,2.346,2.933
659,2.336,2.933
660,2.331,2.933
661,2.326,2.933
662,2.326,2.933
663,2.322,2.933
664,2.400,2.933
665,2.605,2.933
666,2.830,2.933
667,2.947,2.933
668,2.893,2.937
669,2.757,2.933
670,2.605,2.937
671,2.483,2.933
672,2.419,2.937
673,2.419,2.933
674,2.458,2.937
675,2.498,2.933
676,2.507,2.937
677,2.488,2.933
678,2.454,2.937
679,2.414,2.933
680,2.380,2.937
681,2.351,2.933
682,2.326,2.937
683,2.312,2.933
684,2.302,2.937
685,2.297,2.933
686,2.292,2.933
687,2.287,2.937
688,2.356,2.933
689,2.566,2.937
690,2.825,2.933
691,2.977,2.937
692,2.977,2.933
693,2.849,2.937
694,2.693,2.933
695,2.566,2.937
696,2.488,2.933
697,2.488,2.937
698,2.512,2.933
699,2.542,2.933
700,2.542,2.937
701,2.517,2.933
702,2.473,2.937
703,2.424,2.933
704,2.390,2.937
705,2.356,2.933
706,2.336,2.937
707,2.317,2.933
708,2.312,2.937
709,2.307,2.933
710,2.302,2.937
711,2.297,2.933
712,2.292,2.937
713,2.326,2.933
714,2.493,2.937
715,2.757,2.933
716,2.967,2.937
717,2.991,2.937
718,2.835,2.937
719,2.683,2.933
720,2.546,2.937
721,2.468,2.933
722,2.449,2.937
723,2.478,2.933
724,2.517,2.937
725,2.542,2.933
726,2.532,2.937
727,2.498,2.933
728,2.458,2.937
729,2.414,2.933
730,2.380,2.937
731,2.356,2.933
732,2.341,2.937
733,2.336,2.933
734,2.331,2.937
735,2.322,2.933
736,2.317,2.937
737,2.366,2.937
738,2.542,2.937
739,2.786,2.937
740,2.952,2.937
741,2.952,2.937
742,2.835,2.937
743,2.683,2.937
744,2.546,2.933
745,2.458,2.937
746,2.439,2.933
747,2.468,2.937
748,2.517,2.933
749,2.537,2.937
750,2.527,2.937
751,2.493,2.937
752,2.444,2.937
753,2.405,2.937
754,2.370,2.937
755,2.361,2.937
756,2.346,2.937
757,2.336,2.933
758,2.326,2.937
759,2.326,2.933
760,2.434,2.937
761,2.664,2.933
762,2.889,2.937
763,2.981,2.933
764,2.928,2.937
765,2.786,2.933
766,2.630,2.937
767,2.507,2.933
768,2.444,2.937
769,2.449,2.933
770,2.488,2.937
771,2.522,2.933
772,2.532,2.937
773,2.512,2.937
774,2.473,2.937
775,2.434,2.937
776,2.395,2.937
777,2.370,2.937
778,2.351,2.937
779,2.346,2.942
780,2.336,2.933
781,2.331,2.942
782,2.322,2.933
783,2.317,2.937
784,2.400,2.937
785,2.620,2.937
786,2.884,2.937
787,3.030,2.937
788,3.006,2.937
789,2.869,2.937
790,2.708,2.937
791,2.581,2.937
792,2.507,2.937
793,2.502,2.937
794,2.532,2.937
795,2.566,2.937
796,2.600,2.937
797,2.620,2.937
798,2.630,2.942
799,2.610,2.937
800,2.561,2.942
801,2.498,2.937
802,2.429,2.942
803,2.380,2.937
804,2.351,2.942
805,2.341,2.937
806,2.341,2.942
807,2.341,2.937
808,2.341,2.937
809,2.498,2.937
810,2.781,2.933
811,3.021,2.937
812,3.113,2.933
813,3.040,2.942
814,2.893,2.937
815,2.757,2.942
816,2.659,2.937
817,2.610,2.942
818,2.610,2.937
819,2.634,2.937
820,2.649,2.937
821,2.630,2.937
822,2.576,2.937
823,2.517,2.937
824,2.449,2.937
825,2.410,2.937
826,2.375,2.937
827,2.356,2.937
828,2.341,2.937
829,2.346,2.937
830,2.336,2.942
831,2.326,2.937
832,2.322,2.942
833,2.380,2.937
834,2.566,2.942
835,2.801,2.933
836,2.947,2.942
837,2.942,2.937
838,2.825,2.942
839,2.664,2.937
840,2.546,2.937
841,2.473,2.942
842,2.454,2.937
843,2.483,2.937
844,2.517,2.937
845,2.527,2.937
846,2.498,2.942
847,2.454,2.937
848,2.414,2.942
849,2.380,2.937
850,2.361,2.942
851,2.341,2.937
852,2.341,2.942
853,2.331,2.937
854,2.326,2.942
855,2.322,2.937
856,2.356,2.942
857,2.502,2.937
858,2.737,2.942
859,2.928,2.937
860,2.967,2.942
861,2.874,2.937
862,2.727,2.942
863,2.600,2.937
864,2.517,2.942
865,2.483,2.937
866,2.483,2.942
867,2.512,2.937
868,2.532,2.937
869,2.537,2.942
870,2.551,2.937
871,2.537,2.942
872,2.522,2.937
873,2.507,2.942
874,2.498,2.937
875,2.507,2.942
876,2.527,2.942
877,2.522,2.942
878,2.468,2.942
879,2.439,2.942
880,2.527,2.947
881,2.693,2.942
882,2.825,2.947
883,2.835,2.942
884,2.752,2.947
885,2.644,2.942
886,2.546,2.947
887,2.478,2.942
888,2.454,2.947
889,2.478,2.942
890,2.517,2.947
891,2.537,2.942
892,2.527,2.947
893,2.483,2.942
894,2.429,2.947
895,2.380,2.942
896,2.351,2.947
897,2.322,2.942
898,2.317,2.947
899,2.312,2.942
900,2.307,2.942
901,2.317,2.942
902,2.424,2.942
903,2.644,2.942
904,2.840,2.937
905,2.908,2.942
906,2.849,2.937
907,2.722,2.942
908,2.581,2.937
909,2.473,2.942
910,2.429,2.937
911,2.444,2.942
912,2.493,2.937
913,2.532,2.942
914,2.527,2.937
915,2.502,2.942
916,2.449,2.937
917,2.410,2.942
918,2.370,2.937
919,2.361,2.942
920,2.356,2.942
921,2.351,2.937
922,2.341,2.942
923,2.380,2.937
924,2.551,2.942
925,2.776,2.937
926,2.913,2.942
927,2.908,2.937
928,2.796,2.942
929,2.639,2.937
930,2.522,2.937
931,2.449,2.937
932,2.434,2.937
933,2.463,2.937
934,2.493,2.937
935,2.507,2.937
936,2.493,2.937
937,2.468,2.942
938,2.429,2.933
939,2.380,2.942
940,2.341,2.933
941,2.322,2.937
942,2.312,2.933
943,2.307,2.937
944,2.302,2.933
945,2.312,2.937
946,2.444,2.933
947,2.693,2.937
948,2.908,2.933
949,2.977,2.937
950,2.889,2.933
951,2.747,2.937
952,2.615,2.933
953,2.517,2.933
954,2.463,2.933
955,2.468,2.933
956,2.488,2.937
957,2.512,2.933
958,2.517,2.933
959,2.493,2.928
960,2.454,2.933
961,2.410,2.928
962,2.375,2.933
963,2.351,2.928
964,2.336,2.933
965,2.331,2.928
966,2.322,2.928
967,2.312,2.928
968,2.297,2.928
969,2.869,2.923
970,2.957,2.928
971,2.893,2.923
972,2.757,2.928
973,2.615,2.923
974,2.507,2.923
975,2.454,2.923
976,2.458,2.923
977,2.488,2.923
978,2.522,2.918
979,2.522,2.923
980,2.493,2.918
981,2.454,2.923
982,2.414,2.913
983,2.385,2.918
984,2.356,2.913
985,2.336,2.918
986,2.322,2.913
987,2.312,2.918
988,2.307,2.908
989,2.331,2.913
990,2.463,2.913
991,2.698,2.908
992,2.893,2.913
993,2.942,2.908
994,2.854,2.908
995,2.708,2.903
996,2.566,2.908
997,2.463,2.903
998,2.424,2.908
999,2.434,2.903
1000,2.468,2.908
1001,2.488,2.898
1002,2.488,2.903
1003,2.463,2.898
1004,2.419,2.903
1005,2.380,2.898
1006,2.346,2.903
1007,2.331,2.898
1008,2.322,2.898
1009,2.307,2.893
1010,2.302,2.898
1011,2.292,2.893
1012,2.292,2.893
1013,2.292,2.893
1014,2.336,2.893
1015,2.522,2.893
1016,2.776,2.889
1017,2.952,2.889
1018,2.952,2.884
1019,2.835,2.884
1020,2.678,2.879
1021,2.551,2.879
1022,2.468,2.874
1023,2.444,2.879
1024,2.473,2.874
1025,2.507,2.874
1026,2.522,2.874
1027,2.502,2.874
1028,2.473,2.874
1029,2.424,2.869
1030,2.380,2.874
1031,2.356,2.869
1032,2.336,2.874
1033,2.326,2.869
1034,2.322,2.874
1035,2.322,2.864
1036,2.317,2.869
1037,2.302,2.864
1038,2.292,2.869
1039,2.297,2.864
1040,2.395,2.869
1041,2.625,2.864
1042,2.859,2.869
1043,2.981,2.864
1044,2.937,2.864
1045,2.796,2.859
1046,2.644,2.864
1047,2.507,2.864
1048,2.458,2.854
1049,2.463,2.859
1050,2.488,2.854
1051,2.507,2.859
1052,2.517,2.854
1053,2.498,2.859
1054,2.458,2.854
1055,2.410,2.859
1056,2.375,2.854
1057,2.346,2.859
1058,2.326,2.859
1059,2.312,2.859
1060,2.307,2.859
1061,2.302,2.854
1062,2.302,2.859
1063,2.292,2.854
1064,2.283,2.859
1065,2.302,2.854
1066,2.429,2.859
1067,2.669,2.854
1068,2.879,2.864
1069,2.942,2.854
1070,2.854,2.864
1071,2.703,2.859
1072,2.556,2.864
1073,2.458,2.859
1074,2.419,2.864
1075,2.449,2.864
1076,2.498,2.859
1077,2.522,2.864
1078,2.517,2.859
1079,2.478,2.864
1080,2.439,2.859
1081,2.405,2.864
1082,2.375,2.859
1083,2.351,2.864
1084,2.341,2.859
1085,2.336,2.864
1086,2.331,2.859
1087,2.322,2.864
1088,2.317,2.859
1089,2.361,2.864
1090,2.537,2.859
1091,2.771,2.864
1092,2.923,2.864
1093,2.928,2.864
1094,2.815,2.864
1095,2.630,2.859
1096,2.512,2.864
1097,2.454,2.864
1098,2.449,2.864
1099,2.483,2.864
1100,2.512,2.864
1101,2.522,2.864
1102,2.502,2.869
1103,2.468,2.869
1104,2.424,2.869
1105,2.390,2.874
1106,2.366,2.874
1107,2.356,2.874
1108,2.346,2.879
1109,2.346,2.879
1110,2.341,2.884
1111,2.336,2.884
1112,2.366,2.889
1113,2.532,2.884
1114,2.766,2.889
1115,2.947,2.889
1116,2.967,2.893
1117,2.854,2.893
1118,2.703,2.893
1119,2.561,2.893
1120,2.473,2.893
1121,2.454,2.898
1122,2.478,2.893
1123,2.512,2.898
1124,2.537,2.893
1125,2.532,2.898
1126,2.498,2.893
1127,2.458,2.898
1128,2.424,2.893
1129,2.400,2.898
1130,2.375,2.898
1131,2.366,2.893
1132,2.361,2.898
1133,2.351,2.893
1134,2.351,2.898
1135,2.429,2.893
1136,2.620,2.898
1137,2.840,2.893
1138,2.957,2.898
1139,2.928,2.893
1140,2.820,2.898
1141,2.678,2.893
1142,2.556,2.893
1143,2.478,2.898
1144,2.458,2.893
1145,2.483,2.898
1146,2.542,2.893
1147,2.576,2.893
1148,2.586,2.893
1149,2.561,2.893
1150,2.512,2.889
1151,2.468,2.893
1152,2.444,2.889
1153,2.419,2.893
1154,2.390,2.889
1155,2.361,2.893
1156,2.341,2.889
1157,2.395,2.893
1158,2.586,2.889
1159,2.801,2.893
1160,2.923,2.889
1161,2.903,2.889
1162,2.786,2.893
1163,2.654,2.884
1164,2.537,2.889
1165,2.463,2.884
1166,2.454,2.889
1167,2.468,2.884
1168,2.498,2.889
1169,2.512,2.884
1170,2.512,2.889
1171,2.493,2.884
1172,2.458,2.889
1173,2.419,2.884
1174,2.385,2.889
1175,2.366,2.889
1176,2.351,2.889
1177,2.346,2.889
1178,2.336,2.889
1179,2.356,2.889
1180,2.507,2.884
1181,2.766,2.889
1182,2.952,2.884
1183,2.972,2.889
1184,2.854,2.884
1185,2.703,2.889
1186,2.571,2.884
1187,2.473,2.889
1188,2.444,2.884
1189,2.473,2.889
1190,2.507,2.884
1191,2.527,2.884
1192,2.507,2.884
1193,2.458,2.884
1194,2.414,2.884
1195,2.385,2.884
1196,2.370,2.884
1197,2.361,2.879
1198,2.361,2.884
1199,2.351,2.879
1200,2.346,2.884
1201,2.439,2.879
1202,2.659,2.884
1203,2.884,2.879
1204,2.972,2.884
1205,2.903,2.879
1206,2.766,2.884
1207,2.620,2.879
1208,2.502,2.884
1209,2.458,2.884
1210,2.493,2.884
1211,2.537,2.884
1212,2.571,2.884
1213,2.571,2.884
1214,2.542,2.884
1215,2.493,2.884
1216,2.444,2.879
1217,2.405,2.884
1218,2.375,2.879
1219,2.366,2.884
1220,2.380,2.884
1221,2.537,2.879
1222,2.776,2.884
1223,2.952,2.879
1224,2.977,2.884
1225,2.869,2.879
1226,2.713,2.879
1227,2.571,2.879
1228,2.478,2.879
1229,2.454,2.879
1230,2.473,2.879
1231,2.507,2.879
1232,2.522,2.879
1233,2.512,2.879
1234,2.483,2.879
1235,2.444,2.884
1236,2.414,2.879
1237,2.390,2.879
1238,2.366,2.874
1239,2.351,2.879
1240,2.385,2.874
1241,2.546,2.879
1242,2.805,2.874
1243,2.986,2.879
1244,3.011,2.874
1245,2.913,2.879
1246,2.747,2.879
1247,2.620,2.874
1248,2.537,2.879
1249,2.502,2.874
1250,2.507,2.879
1251,2.532,2.874
1252,2.537,2.879
1253,2.502,2.874
1254,2.458,2.879
1255,2.429,2.874
1256,2.400,2.879
1257,2.380,2.869
1258,2.366,2.879
1259,2.351,2.874
1260,2.395,2.874
1261,2.595,2.874
1262,2.849,2.874
1263,3.011,2.874
1264,3.006,2.874
1265,2.879,2.874
1266,2.732,2.874
1267,2.605,2.874
1268,2.522,2.874
1269,2.498,2.874
1270,2.522,2.874
1271,2.551,2.874
1272,2.551,2.869
1273,2.527,2.874
1274,2.478,2.869
1275,2.434,2.874
1276,2.410,2.874
1277,2.375,2.874
1278,2.356,2.874
1279,2.366,2.874
1280,2.493,2.874
1281,2.757,2.869
1282,2.977,2.874
1283,3.035,2.869
1284,2.947,2.874
1285,2.796,2.869
1286,2.649,2.874
1287,2.537,2.869
1288,2.493,2.874
1289,2.502,2.869
1290,2.527,2.874
1291,2.542,2.869
1292,2.537,2.874
1293,2.502,2.869
1294,2.454,2.874
1295,2.414,2.869
1296,2.385,2.874
1297,2.375,2.869
1298,2.366,2.874
1299,2.405,2.874
1300,2.590,2.874
1301,2.849,2.874
1302,3.016,2.874
1303,3.011,2.874
1304,2.884,2.869
1305,2.722,2.874
1306,2.590,2.869
1307,2.507,2.874
1308,2.488,2.869
1309,2.507,2.874
1310,2.532,2.869
1311,2.532,2.874
1312,2.502,2.869
1313,2.454,2.874
1314,2.400,2.874
1315,2.366,2.874
1316,2.346,2.874
1317,2.341,2.874
1318,2.326,2.874
1319,2.312,2.874
1320,2.302,2.874
1321,2.405,2.869
1322,2.664,2.874
1323,2.923,2.869
1324,3.025,2.874
1325,2.962,2.869
1326,2.796,2.874
1327,2.634,2.869
1328,2.512,2.874
1329,2.449,2.869
1330,2.454,2.874
1331,2.488,2.874
1332,2.512,2.869
1333,2.502,2.874
1334,2.473,2.869
1335,2.429,2.874
1336,2.395,2.869
1337,2.361,2.874
1338,2.331,2.869
1339,2.317,2.874
1340,2.302,2.869
1341,2.287,2.874
1342,2.322,2.874
1343,2.502,2.874
1344,2.761,2.874
1345,2.937,2.874
1346,2.918,2.874
1347,2.757,2.874
1348,2.610,2.874
1349,2.493,2.874
1350,2.434,2.874
1351,2.434,2.874
1352,2.473,2.874
1353,2.502,2.874
1354,2.502,2.874
1355,2.473,2.874
1356,2.429,2.874
1357,2.385,2.879
1358,2.341,2.874
1359,2.317,2.879
1360,2.297,2.874
1361,2.287,2.879
1362,2.283,2.874
1363,2.361,2.879
1364,2.595,2.874
1365,2.854,2.879
1366,2.972,2.874
1367,2.923,2.879
1368,2.771,2.874
1369,2.610,2.874
1370,2.488,2.879
1371,2.419,2.874
1372,2.419,2.879
1373,2.449,2.874
1374,2.473,2.879
1375,2.473,2.874
1376,2.444,2.879
1377,2.395,2.874
1378,2.356,2.879
1379,2.322,2.874
1380,2.297,2.879
1381,2.283,2.874
1382,2.283,2.879
1383,2.278,2.874
1384,2.273,2.879
1385,2.273,2.874
1386,2.331,2.879
1387,2.561,2.874
1388,2.884,2.874
1389,3.021,2.879
1390,2.981,2.874
1391,2.830,2.879
1392,2.664,2.874
1393,2.537,2.879
1394,2.458,2.874
1395,2.439,2.879
1396,2.454,2.874
1397,2.488,2.879
1398,2.493,2.874
1399,2.463,2.879
1400,2.419,2.874
1401,2.380,2.879
1402,2.346,2.874
1403,2.312,2.879
1404,2.287,2.874
1405,2.283,2.874
1406,2.278,2.879
1407,2.278,2.874
1408,2.273,2.879
1409,2.268,2.874
1410,2.263,2.879
1411,2.351,2.874
1412,2.605,2.879
1413,2.869,2.874
1414,2.986,2.879
1415,2.913,2.874
1416,2.752,2.879
1417,2.590,2.879
1418,2.478,2.879
1419,2.424,2.879
1420,2.419,2.879
1421,2.434,2.879
1422,2.463,2.879
1423,2.458,2.879
1424,2.429,2.879
1425,2.395,2.879
1426,2.366,2.874
1427,2.326,2.879
1428,2.302,2.874
1429,2.283,2.884
1430,2.273,2.874
1431,2.258,2.879
1432,2.258,2.874
1433,2.253,2.879
1434,2.253,2.879
1435,2.248,2.879
1436,2.248,2.879
1437,2.312,2.879
1438,2.517,2.879
1439,2.791,2.879
1440,2.947,2.879
1441,2.923,2.879
1442,2.776,2.879
1443,2.615,2.879
1444,2.488,2.879
1445,2.414,2.879
1446,2.410,2.884
1447,2.439,2.879
1448,2.478,2.884
1449,2.488,2.879
1450,2.468,2.884
1451,2.424,2.879
1452,2.380,2.879
1453,2.346,2.879
1454,2.322,2.879
1455,2.312,2.879
1456,2.302,2.879
1457,2.302,2.884
1458,2.297,2.879
1459,2.287,2.884
1460,2.302,2.879
1461,2.449,2.884
1462,2.688,2.879
1463,2.879,2.884
1464,2.908,2.879
1465,2.801,2.884
1466,2.639,2.879
1467,2.507,2.884
1468,2.419,2.879
1469,2.390,2.884
1470,2.405,2.879
1471,2.439,2.884
1472,2.468,2.884
1473,2.454,2.884
1474,2.419,2.879
1475,2.375,2.884
1476,2.331,2.879
1477,2.302,2.884
1478,2.283,2.879
1479,2.273,2.884
1480,2.273,2.879
1481,2.268,2.884
1482,2.268,2.879
1483,2.268,2.884
1484,2.331,2.879
1485,2.537,2.884
1486,2.791,2.879
1487,2.942,2.884
1488,2.923,2.879
1489,2.796,2.884
1490,2.644,2.884
1491,2.522,2.884
1492,2.449,2.884
1493,2.434,2.884
1494,2.449,2.884
1495,2.473,2.884
1496,2.483,2.884
1497,2.473,2.884
1498,2.439,2.884
1499,2.405,2.884
1500,2.370,2.884
1501,2.341,2.879
1502,2.317,2.884
1503,2.307,2.884
1504,2.287,2.884
1505,2.283,2.884
1506,2.278,2.884
1507,2.273,2.884
1508,2.297,2.884
1509,2.444,2.884
1510,2.708,2.884
1511,2.923,2.884
1512,2.981,2.879
1513,2.884,2.884
1514,2.727,2.879
1515,2.581,2.884
1516,2.478,2.879
1517,2.439,2.884
1518,2.444,2.879
1519,2.483,2.884
1520,2.512,2.879
1521,2.512,2.884
1522,2.488,2.879
1523,2.444,2.884
1524,2.400,2.879
1525,2.370,2.884
1526,2.351,2.879
1527,2.331,2.884
1528,2.322,2.879
1529,2.317,2.884
1530,2.312,2.884
1531,2.336,2.879
1532,2.463,2.884
1533,2.703,2.879
1534,2.908,2.884
1535,2.972,2.879
1536,2.884,2.884
1537,2.742,2.879
1538,2.595,2.884
1539,2.483,2.879
1540,2.444,2.884
1541,2.458,2.879
1542,2.502,2.884
1543,2.517,2.879
1544,2.517,2.884
1545,2.483,2.884
1546,2.444,2.884
1547,2.410,2.884
1548,2.385,2.879
1549,2.366,2.884
1550,2.356,2.879
1551,2.341,2.884
1552,2.331,2.879
1553,2.322,2.884
1554,2.331,2.879
1555,2.458,2.884
1556,2.713,2.879
1557,2.942,2.884
1558,3.025,2.879
1559,2.923,2.884
1560,2.766,2.884
1561,2.625,2.879
1562,2.522,2.884
1563,2.478,2.879
1564,2.483,2.884
1565,2.522,2.879
1566,2.546,2.884
1567,2.551,2.879
1568,2.527,2.884
1569,2.488,2.879
1570,2.439,2.884
1571,2.405,2.884
1572,2.380,2.884
1573,2.361,2.884
1574,2.351,2.884
1575,2.336,2.884
1576,2.331,2.884
1577,2.351,2.884
1578,2.507,2.884
1579,2.761,2.884
1580,2.967,2.884
1581,3.011,2.884
1582,2.918,2.884
1583,2.761,2.884
1584,2.615,2.884
1585,2.512,2.884
1586,2.478,2.884
1587,2.502,2.884
1588,2.542,2.884
1589,2.551,2.884
1590,2.542,2.884
1591,2.502,2.884
1592,2.454,2.884
1593,2.400,2.884
1594,2.366,2.884
1595,2.351,2.884
1596,2.336,2.884
1597,2.326,2.884
1598,2.532,2.879
1599,2.776,2.884
1600,2.952,2.884
1601,2.977,2.884
1602,2.869,2.884
1603,2.717,2.884
1604,2.581,2.884
1605,2.483,2.884
1606,2.449,2.884
1607,2.463,2.884
1608,2.498,2.884
1609,2.522,2.884
1610,2.532,2.884
1611,2.512,2.884
1612,2.473,2.884
1613,2.429,2.884
1614,2.405,2.884
1615,2.380,2.884
1616,2.356,2.884
1617,2.341,2.884
1618,2.385,2.884
1619,2.556,2.884
1620,2.791,2.884
1621,2.942,2.884
1622,2.937,2.884
1623,2.810,2.884
1624,2.654,2.884
1625,2.522,2.884
1626,2.454,2.884
1627,2.449,2.889
1628,2.493,2.884
1629,2.522,2.884
1630,2.532,2.879
1631,2.517,2.889
1632,2.483,2.884
1633,2.439,2.889
1634,2.400,2.884
1635,2.366,2.889
1636,2.346,2.884
1637,2.326,2.889
1638,2.312,2.884
1639,2.351,2.884
1640,2.532,2.884
1641,2.791,2.884
1642,2.967,2.884
1643,2.986,2.884
1644,2.869,2.889
1645,2.727,2.884
1646,2.600,2.889
1647,2.507,2.884
1648,2.473,2.889
1649,2.488,2.884
1650,2.512,2.889
1651,2.522,2.884
1652,2.507,2.889
1653,2.483,2.884
1654,2.458,2.889
1655,2.429,2.884
1656,2.395,2.889
1657,2.361,2.884
1658,2.331,2.884
1659,2.326,2.884
1660,2.395,2.884
1661,2.605,2.884
1662,2.845,2.884
1663,2.991,2.889
1664,2.967,2.884
1665,2.845,2.889
1666,2.708,2.884
1667,2.590,2.889
1668,2.517,2.884
1669,2.498,2.889
1670,2.512,2.884
1671,2.546,2.889
1672,2.551,2.884
1673,2.532,2.884
1674,2.493,2.889
1675,2.454,2.884
1676,2.419,2.889
1677,2.395,2.884
1678,2.375,2.889
1679,2.370,2.884
1680,2.410,2.889
1681,2.590,2.884
1682,2.864,2.889
1683,3.060,2.884
1684,3.099,2.889
1685,3.001,2.884
1686,2.849,2.889
1687,2.722,2.884
1688,2.630,2.889
1689,2.590,2.884
1690,2.595,2.884
1691,2.615,2.884
1692,2.615,2.884
1693,2.600,2.884
1694,2.571,2.884
1695,2.537,2.884
1696,2.498,2.884
1697,2.463,2.889
1698,2.439,2.884
1699,2.410,2.889
1700,2.400,2.884
1701,2.473,2.889
1702,2.698,2.884
1703,2.962,2.889
1704,3.079,2.884
1705,3.030,2.889
1706,2.884,2.889
1707,2.732,2.889
1708,2.595,2.889
1709,2.498,2.889
1710,2.458,2.889
1711,2.454,2.889
1712,2.463,2.889
1713,2.463,2.884
1714,2.449,2.889
1715,2.414,2.884
1716,2.366,2.889
1717,2.317,2.884
1718,2.278,2.889
1719,2.253,2.884
1720,2.239,2.889
1721,2.234,2.884
1722,2.243,2.889
1723,2.351,2.889
1724,2.644,2.884
1725,2.869,2.889
1726,2.933,2.889
1727,2.845,2.889
1728,2.688,2.889
1729,2.522,2.889
1730,2.395,2.893
1731,2.366,2.884
1732,2.380,2.893
1733,2.419,2.889
1734,2.449,2.893
1735,2.449,2.889
1736,2.429,2.893
1737,2.395,2.889
1738,2.341,2.893
1739,2.307,2.889
1740,2.292,2.889
1741,2.283,2.889
1742,2.297,2.889
1743,2.424,2.889
1744,2.649,2.889
1745,2.835,2.889
1746,2.889,2.889
1747,2.815,2.889
1748,2.674,2.889
1749,2.532,2.889
1750,2.419,2.889
1751,2.375,2.893
1752,2.395,2.889
1753,2.434,2.893
1754,2.463,2.889
1755,2.468,2.893
1756,2.439,2.884
1757,2.395,2.893
1758,2.356,2.889
1759,2.331,2.889
1760,2.317,2.889
1761,2.312,2.889
1762,2.390,2.889
1763,2.600,2.889
1764,2.810,2.889
1765,2.898,2.889
1766,2.840,2.889
1767,2.698,2.884
1768,2.542,2.889
1769,2.419,2.884
1770,2.375,2.893
1771,2.405,2.884
1772,2.458,2.889
1773,2.488,2.884
1774,2.483,2.889
1775,2.458,2.884
1776,2.419,2.889
1777,2.380,2.884
1778,2.346,2.889
1779,2.322,2.884
1780,2.322,2.889
1781,2.444,2.889
1782,2.693,2.889
1783,2.893,2.889
1784,2.937,2.884
1785,2.840,2.889
1786,2.649,2.884
1787,2.498,2.889
1788,2.405,2.884
1789,2.410,2.889
1790,2.463,2.884
1791,2.522,2.884
1792,2.546,2.884
1793,2.542,2.884
1794,2.498,2.884
1795,2.449,2.884
1796,2.405,2.884
1797,2.361,2.884
1798,2.341,2.889
1799,2.400,2.884
1800,2.615,2.889
1801,2.889,2.884
1802,3.025,2.889
1803,2.986,2.884
1804,2.835,2.889
1805,2.674,2.884
1806,2.532,2.889
1807,2.439,2.884
1808,2.429,2.889
1809,2.458,2.884
1810,2.493,2.889
1811,2.502,2.884
1812,2.483,2.884
1813,2.434,2.884
1814,2.385,2.884
1815,2.336,2.884
1816,2.312,2.879
1817,2.297,2.884
1818,2.370,2.879
1819,2.600,2.884
1820,2.874,2.879
1821,3.016,2.884
1822,2.986,2.879
1823,2.840,2.884
1824,2.683,2.879
1825,2.561,2.879
1826,2.473,2.879
1827,2.458,2.879
1828,2.488,2.879
1829,2.527,2.879
1830,2.532,2.879
1831,2.498,2.879
1832,2.458,2.879
1833,2.405,2.879
1834,2.366,2.879
1835,2.336,2.874
1836,2.312,2.879
1837,2.312,2.874
1838,2.424,2.879
1839,2.698,2.874
1840,2.937,2.879
1841,3.011,2.874
1842,2.913,2.874
1843,2.722,2.874
1844,2.576,2.874
1845,2.468,2.874
1846,2.429,2.874
1847,2.439,2.874
1848,2.473,2.869
1849,2.488,2.874
1850,2.380,2.874
1851,2.346,2.869
1852,2.312,2.869
1853,2.297,2.869
1854,2.356,2.869
1855,2.600,2.869
1856,2.864,2.864
1857,2.972,2.864
1858,2.913,2.864
1859,2.761,2.864
1860,2.610,2.864
1861,2.478,2.864
1862,2.419,2.859
1863,2.424,2.864
1864,2.468,2.859
1865,2.493,2.864
1866,2.483,2.859
1867,2.454,2.864
1868,2.410,2.859
1869,2.370,2.864
1870,2.336,2.859
1871,2.312,2.864
1872,2.336,2.864
1873,2.507,2.859
1874,2.786,2.864
1875,2.967,2.859
1876,2.962,2.864
1877,2.835,2.859
1878,2.669,2.864
1879,2.527,2.859
1880,2.429,2.864
1881,2.410,2.859
1882,2.429,2.864
1883,2.463,2.859
1884,2.478,2.859
1885,2.454,2.854
1886,2.410,2.859
1887,2.375,2.854
1888,2.336,2.859
1889,2.317,2.854
1890,2.297,2.859
1891,2.283,2.859
1892,2.366,2.859
1893,2.630,2.859
1894,2.918,2.859
1895,3.060,2.859
1896,3.006,2.854
1897,2.840,2.859
1898,2.659,2.854
1899,2.517,2.859
1900,2.434,2.854
1901,2.434,2.859
1902,2.463,2.854
1903,2.483,2.859
1904,2.473,2.854
1905,2.444,2.859
1906,2.390,2.859
1907,2.336,2.859
1908,2.292,2.859
1909,2.268,2.859
1910,2.263,2.859
1911,2.263,2.859
1912,2.292,2.859
1913,2.458,2.859
1914,2.761,2.859
1915,3.006,2.859
1916,3.069,2.859
1917,2.952,2.854
1918,2.776,2.859
1919,2.620,2.854
1920,2.512,2.859
1921,2.463,2.854
1922,2.468,2.859
1923,2.488,2.854
1924,2.493,2.859
1925,2.473,2.854
1926,2.439,2.859
1927,2.395,2.854
1928,2.356,2.859
1929,2.312,2.859
1930,2.283,2.854
1931,2.258,2.859
1932,2.253,2.854
1933,2.248,2.859
1934,2.243,2.849
1935,2.243,2.854
1936,2.239,2.849
1937,2.278,2.854
1938,2.502,2.849
1939,2.840,2.854
1940,3.055,2.849
1941,3.050,2.854
1942,2.898,2.849
1943,2.713,2.849
1944,2.566,2.849
1945,2.468,2.849
1946,2.424,2.849
1947,2.434,2.849
1948,2.463,2.849
1949,2.478,2.845
1950,2.458,2.849
1951,2.414,2.845
1952,2.366,2.849
1953,2.317,2.845
1954,2.283,2.849
1955,2.268,2.840
1956,2.243,2.845
1957,2.234,2.845
1958,2.229,2.845
1959,2.234,2.845
1960,2.229,2.840
1961,2.214,2.845
1962,2.234,2.840
1963,2.400,2.845
1964,2.708,2.840
1965,2.952,2.845
1966,3.011,2.840
1967,2.893,2.845
1968,2.703,2.840
1969,2.537,2.845
1970,2.419,2.840
1971,2.375,2.845
1972,2.400,2.840
1973,2.444,2.840
1974,2.468,2.840
1975,2.454,2.840
1976,2.287,2.840
1977,2.273,2.840
1978,2.263,2.840
1979,2.258,2.835
1980,2.258,2.840
1981,2.263,2.835
1982,2.263,2.840
1983,2.336,2.835
1984,2.571,2.840
1985,2.849,2.835
1986,2.996,2.840
1987,2.942,2.840
1988,2.766,2.840
1989,2.581,2.840
1990,2.434,2.840
1991,2.370,2.840
1992,2.370,2.840
1993,2.405,2.840
1994,2.434,2.840
1995,2.439,2.840
1996,2.424,2.840
1997,2.390,2.840
1998,2.346,2.840
1999,2.297,2.840
2000,2.258,2.835
2001,2.239,2.835
2002,2.248,2.830
2003,2.253,2.830
2004,2.258,2.820
2005,2.253,2.820
2006,2.253,2.810
2007,2.331,2.805
2008,2.566,2.791
2009,2.835,2.781
2010,2.957,2.761
2011,2.884,2.747
2012,2.717,2.722
2013,2.561,2.708
2014,2.414,2.674
2015,2.341,2.634
2016,2.336,2.595
2017,2.390,2.546
2018,2.439,2.507
2019,2.444,2.463
2020,2.419,2.419
2021,2.380,2.390
2022,2.336,2.361
2023,2.307,2.336
2024,2.263,2.322
2025,2.234,2.307
2026,2.224,2.297
2027,2.224,2.287
2028,2.219,2.283
2029,2.219,2.278
2030,2.283,2.273
2031,2.507,2.273
2032,2.781,2.268
2033,2.908,2.263
2034,2.854,2.263
2035,2.698,2.263
2036,2.537,2.258
2037,2.410,2.258
2038,2.336,2.258
2039,2.326,2.258
2040,2.366,2.258
2041,2.405,2.258
2042,2.410,2.258
2043,2.390,2.258
2044,2.380,2.258
2045,2.351,2.258
2046,2.317,2.258
2047,2.292,2.263
2048,2.287,2.263
2049,2.297,2.263
2050,2.322,2.263
2051,2.385,2.263
2052,2.595,2.263
2053,2.893,2.263
2054,3.079,2.263
2055,3.040,2.263
2056,2.849,2.263
2057,2.669,2.263
2058,2.537,2.263
2059,2.434,2.263
2060,2.410,2.263
2061,2.439,2.263
2062,2.493,2.263
2063,2.517,2.263
2064,2.488,2.263
2065,2.434,2.263
2066,2.366,2.268
2067,2.307,2.263
2068,2.273,2.263
2069,2.263,2.263
2070,2.268,2.263
2071,2.263,2.263
2072,2.292,2.263
2073,2.449,2.263
2074,2.737,2.263
2075,2.972,2.263
2076,3.016,2.263
2077,2.893,2.263
2078,2.708,2.263
2079,2.537,2.263
2080,2.424,2.263
2081,2.380,2.263
2082,2.400,2.263
2083,2.444,2.263
2084,2.473,2.263
2085,2.468,2.263
2086,2.439,2.263
2087,2.395,2.263
2088,2.341,2.263
2089,2.307,2.263
2090,2.297,2.263
2091,2.297,2.263
2092,2.292,2.263
2093,2.326,2.258
2094,2.498,2.258
2095,2.781,2.258
2096,2.981,2.258
2097,3.016,2.253
2098,2.893,2.253
2099,2.713,2.253
2100,2.542,2.253
2101,2.424,2.253
2102,2.434,2.248
2103,2.483,2.248
2104,2.537,2.248
2105,2.561,2.248
2106,2.546,2.243
2107,2.512,2.243
2108,2.488,2.243
2109,2.458,2.243
2110,2.449,2.243
2111,2.439,2.239
2112,2.419,2.239
2113,2.488,2.239
2114,2.727,2.239
2115,2.991,2.234
2116,3.118,2.234
2117,3.055,2.234
2118,2.884,2.234
2119,2.698,2.229
2120,2.542,2.229
2121,2.454,2.229
2122,2.454,2.229
2123,2.517,2.224
2124,2.571,2.224
2125,2.581,2.224
2126,2.542,2.224
2127,2.468,2.224
2128,2.390,2.224
2129,2.341,2.224
2130,2.302,2.219
2131,2.278,2.219
2132,2.283,2.219
2133,2.434,2.219
2134,2.713,2.214
2135,2.937,2.219
2136,2.996,2.214
2137,2.884,2.214
2138,2.708,2.214
2139,2.542,2.214
2140,2.419,2.214
2141,2.380,2.214
2142,2.395,2.214
2143,2.439,2.209
2144,2.478,2.214
2145,2.478,2.214
2146,2.439,2.214
2147,2.395,2.214
2148,2.351,2.214
2149,2.322,2.214
2150,2.302,2.219
2151,2.287,2.219
2152,2.351,2.224
2153,2.581,2.224
2154,2.849,2.229
2155,2.986,2.234
2156,2.928,2.239
2157,2.761,2.248
2158,2.590,2.253
2159,2.449,2.263
2160,2.395,2.268
2161,2.410,2.273
2162,2.458,2.278
2163,2.498,2.283
2164,2.502,2.283
2165,2.473,2.292
2166,2.429,2.292
2167,2.385,2.302
2168,2.351,2.302
2169,2.326,2.312
2170,2.312,2.312
2171,2.390,2.317
2172,2.620,2.322
2173,2.874,2.322
2174,2.986,2.326
2175,2.923,2.326
2176,2.757,2.331
2177,2.581,2.331
2178,2.449,2.331
2179,2.390,2.331
2180,2.395,2.336
2181,2.434,2.336
2182,2.473,2.341
2183,2.483,2.341
2184,2.454,2.341
2185,2.405,2.346
2186,2.366,2.346
2187,2.331,2.346
2188,2.307,2.346
2189,2.292,2.351
2190,2.322,2.351
2191,2.493,2.351
2192,2.781,2.351
2193,2.981,2.356
2194,3.001,2.356
2195,2.869,2.361
2196,2.693,2.356
2197,2.537,2.361
2198,2.434,2.361
2199,2.410,2.366
2200,2.434,2.361
2201,2.473,2.366
2202,2.493,2.366
2203,2.483,2.366
2204,2.444,2.366
2205,2.390,2.366
2206,2.351,2.366
2207,2.331,2.366
2208,2.317,2.366
2209,2.307,2.366
2210,2.292,2.370
2211,2.326,2.366
2212,2.527,2.370
2213,2.854,2.366
2214,3.030,2.370
2215,3.001,2.370
2216,2.840,2.370
2217,2.659,2.370
2218,2.517,2.370
2219,2.429,2.370
2220,2.414,2.370
2221,2.449,2.370
2222,2.483,2.370
2223,2.502,2.370
2224,2.483,2.370
2225,2.444,2.375
2226,2.405,2.370
2227,2.351,2.370
2228,2.326,2.375
2229,2.317,2.370
2230,2.307,2.375
2231,2.302,2.370
2232,2.322,2.375
2233,2.488,2.370
2234,2.781,2.375
2235,2.991,2.370
2236,3.011,2.375
2237,2.879,2.370
2238,2.693,2.375
2239,2.532,2.375
2240,2.429,2.375
2241,2.400,2.375
2242,2.424,2.375
2243,2.458,2.375
2244,2.488,2.370
2245,2.478,2.375
2246,2.454,2.370
2247,2.410,2.370
2248,2.361,2.370
2249,2.326,2.370
2250,2.302,2.366
2251,2.283,2.366
2252,2.283,2.366
2253,2.273,2.366
2254,2.283,2.361
2255,2.410,2.361
2256,2.688,2.361
2257,2.957,2.356
2258,3.050,2.356
2259,2.952,2.356
2260,2.766,2.356
2261,2.595,2.351
2262,2.468,2.351
2263,2.414,2.346
2264,2.424,2.351
2265,2.454,2.346
2266,2.483,2.346
2267,2.463,2.346
2268,2.429,2.351
2269,2.400,2.346
2270,2.380,2.351
2271,2.375,2.351
2272,2.346,2.351
2273,2.322,2.356
2274,2.297,2.356
2275,2.283,2.356
2276,2.283,2.361
2277,2.312,2.361
2278,2.454,2.361
2279,2.717,2.366
2280,2.942,2.366
2281,3.001,2.370
2282,2.893,2.375
2283,2.717,2.380
2284,2.556,2.380
2285,2.439,2.385
2286,2.405,2.385
2287,2.429,2.390
2288,2.478,2.390
2289,2.507,2.400
2290,2.502,2.400
2291,2.468,2.410
2292,2.429,2.414
2293,2.385,2.429
2294,2.351,2.439
2295,2.322,2.449
2296,2.307,2.463
2297,2.302,2.473
2298,2.283,2.488
2299,2.283,2.498
2300,2.385,2.512
2301,2.615,2.522
2302,2.830,2.532
2303,2.893,2.542
2304,2.805,2.546
2305,2.649,2.551
2306,2.502,2.556
2307,2.385,2.561
2308,2.346,2.561
2309,2.361,2.566
2310,2.400,2.566
2311,2.424,2.571
2312,2.429,2.566
2313,2.410,2.571
2314,2.375,2.571
2315,2.341,2.571
2316,2.312,2.571
2317,2.292,2.571
2318,2.283,2.566
2319,2.278,2.571
2320,2.326,2.566
2321,2.488,2.571
2322,2.708,2.566
2323,2.849,2.566
2324,2.854,2.566
2325,2.766,2.566
2326,2.634,2.566
2327,2.507,2.566
2328,2.439,2.566
2329,2.454,2.561
2330,2.512,2.566
2331,2.566,2.561
2332,2.586,2.566
2333,2.571,2.561
2334,2.532,2.561
2335,2.488,2.561
2336,2.458,2.561
2337,2.434,2.561
2338,2.419,2.561
2339,2.463,2.561
2340,2.654,2.556
2341,2.913,2.556
2342,3.055,2.556
2343,3.040,2.556
2344,2.918,2.556
2345,2.766,2.556
2346,2.630,2.556
2347,2.527,2.556
2348,2.483,2.551
2349,2.493,2.556
2350,2.527,2.551
2351,2.566,2.556
2352,2.571,2.551
2353,2.527,2.551
2354,2.478,2.556
2355,2.424,2.551
2356,2.395,2.551
2357,2.361,2.551
2358,2.405,2.551
2359,2.620,2.551
2360,2.913,2.551
2361,3.089,2.551
2362,3.079,2.551
2363,2.937,2.551
2364,2.766,2.546
2365,2.630,2.551
2366,2.532,2.546
2367,2.498,2.551
2368,2.507,2.546
2369,2.527,2.551
2370,2.551,2.546
2371,2.551,2.546
2372,2.527,2.546
2373,2.478,2.546
2374,2.434,2.546
2375,2.400,2.546
2376,2.375,2.546
2377,2.375,2.546
2378,2.527,2.546
2379,2.810,2.542
2380,3.035,2.546
2381,3.069,2.542
2382,2.952,2.546
2383,2.771,2.542
2384,2.600,2.546
2385,2.502,2.542
2386,2.478,2.546
2387,2.502,2.542
2388,2.542,2.542
2389,2.551,2.542
2390,2.522,2.542
2391,2.483,2.542
2392,2.449,2.537
2393,2.414,2.542
2394,2.375,2.537
2395,2.356,2.537
2396,2.341,2.537
2397,2.341,2.537
2398,2.419,2.532
2399,2.659,2.537
2400,2.923,2.532
2401,3.045,2.537
2402,2.977,2.532
2403,2.820,2.532
2404,2.664,2.527
2405,2.532,2.532
2406,2.454,2.527
2407,2.454,2.527
2408,2.488,2.527
2409,2.527,2.527
2410,2.532,2.522
2411,2.512,2.522
2412,2.454,2.522
2413,2.410,2.517
2414,2.361,2.517
2415,2.336,2.517
2416,2.331,2.517
2417,2.322,2.512
2418,2.341,2.517
2419,2.502,2.512
2420,2.766,2.512
2421,2.957,2.512
2422,2.967,2.512
2423,2.830,2.512
2424,2.644,2.512
2425,2.488,2.512
2426,2.395,2.507
2427,2.385,2.512
2428,2.439,2.507
2429,2.493,2.507
2430,2.512,2.507
2431,2.483,2.507
2432,2.444,2.507
2433,2.390,2.507
2434,2.346,2.502
2435,2.322,2.507
2436,2.297,2.502
2437,2.292,2.507
2438,2.297,2.502
2439,2.390,2.507
2440,2.630,2.502
2441,2.889,2.502
2442,2.962,2.507
2443,2.864,2.502
2444,2.688,2.507
2445,2.517,2.502
2446,2.385,2.507
2447,2.346,2.502
2448,2.366,2.507
2449,2.414,2.502
2450,2.458,2.507
2451,2.458,2.507
2452,2.429,2.507
2453,2.395,2.507
2454,2.361,2.507
2455,2.326,2.507
2456,2.297,2.507
2457,2.283,2.507
2458,2.297,2.507
2459,2.454,2.507
2460,2.703,2.507
2461,2.889,2.512
2462,2.908,2.507
2463,2.781,2.512
2464,2.595,2.512
2465,2.439,2.512
2466,2.351,2.512
2467,2.336,2.512
2468,2.366,2.512
2469,2.414,2.512
2470,2.434,2.512
2471,2.424,2.512
2472,2.395,2.517
2473,2.361,2.512
2474,2.326,2.517
2475,2.302,2.512
2476,2.292,2.517
2477,2.283,2.512
2478,2.385,2.517
2479,2.674,2.517
2480,2.893,2.512
2481,2.942,2.517
2482,2.835,2.512
2483,2.659,2.517
2484,2.483,2.517
2485,2.375,2.517
2486,2.346,2.517
2487,2.380,2.522
2488,2.434,2.517
2489,2.473,2.522
2490,2.473,2.522
2491,2.439,2.522
2492,2.395,2.522
2493,2.351,2.522
2494,2.317,2.522
2495,2.297,2.522
2496,2.287,2.522
2497,2.278,2.522
2498,2.356,2.527
2499,2.586,2.522
2500,2.849,2.527
2501,2.991,2.522
2502,2.942,2.527
2503,2.776,2.522
2504,2.586,2.527
2505,2.449,2.527
2506,2.380,2.527
2507,2.395,2.527
2508,2.439,2.527
2509,2.483,2.527
2510,2.488,2.527
2511,2.463,2.527
2512,2.419,2.527
2513,2.375,2.527
2514,2.351,2.527
2515,2.322,2.527
2516,2.307,2.527
2517,2.297,2.527
2518,2.287,2.527
2519,2.341,2.532
2520,2.561,2.527
2521,2.845,2.532
2522,3.011,2.527
2523,2.986,2.532
2524,2.825,2.527
2525,2.644,2.532
2526,2.468,2.532
2527,2.400,2.532
2528,2.414,2.532
2529,2.463,2.532
2530,2.502,2.532
2531,2.512,2.532
2532,2.483,2.537
2533,2.439,2.532
2534,2.395,2.537
2535,2.361,2.532
2536,2.336,2.537
2537,2.322,2.532
2538,2.307,2.537
2539,2.326,2.532
2540,2.483,2.537
2541,2.761,2.537
2542,2.981,2.537
2543,3.025,2.537
2544,2.903,2.537
2545,2.717,2.537
2546,2.551,2.537
2547,2.444,2.542
2548,2.410,2.537
2549,2.424,2.542
2550,2.473,2.537
2551,2.502,2.542
2552,2.493,2.537
2553,2.458,2.542
2554,2.419,2.542
2555,2.375,2.542
2556,2.341,2.542
2557,2.322,2.542
2558,2.307,2.542
2559,2.287,2.542
2560,2.297,2.542
2561,2.400,2.542
2562,2.669,2.542
2563,2.952,2.542
2564,3.065,2.546
2565,2.996,2.542
2566,2.815,2.546
2567,2.644,2.542
2568,2.507,2.546
2569,2.449,2.542
2570,2.454,2.546
2571,2.488,2.542
2572,2.522,2.546
2573,2.522,2.546
2574,2.493,2.546
2575,2.458,2.546
2576,2.410,2.546
2577,2.366,2.546
2578,2.336,2.546
2579,2.322,2.546
2580,2.322,2.546
2581,2.307,2.551
2582,2.302,2.546
2583,2.307,2.551
2584,2.400,2.546
2585,2.669,2.551
2586,2.962,2.551
2587,3.099,2.551
2588,3.030,2.551
2589,2.849,2.551
2590,2.669,2.551
2591,2.537,2.551
2592,2.468,2.551
2593,2.473,2.551
2594,2.512,2.551
2595,2.571,2.551
2596,2.615,2.556
2597,2.610,2.551
2598,2.556,2.556
2599,2.502,2.551
2600,2.454,2.556
2601,2.419,2.551
2602,2.395,2.556
2603,2.370,2.551
2604,2.361,2.551
2605,2.351,2.556
2606,2.341,2.551
2607,2.380,2.556
2608,2.590,2.556
2609,2.884,2.556
2610,3.060,2.556
2611,3.040,2.556
2612,2.879,2.556
2613,2.698,2.556
2614,2.551,2.556
2615,2.463,2.556
2616,2.439,2.561
2617,2.468,2.556
2618,2.507,2.561
2619,2.522,2.556
2620,2.507,2.561
2621,2.463,2.556
2622,2.419,2.561
2623,2.375,2.561
2624,2.341,2.561
2625,2.322,2.561
2626,2.307,2.561
2627,2.302,2.561
2628,2.292,2.561
2629,2.292,2.561
2630,2.297,2.561
2631,2.414,2.561
2632,2.683,2.561
2633,2.957,2.561
2634,3.065,2.561
2635,2.991,2.566
2636,2.825,2.561
2637,2.669,2.566
2638,2.556,2.561
2639,2.502,2.566
2640,2.502,2.561
2641,2.546,2.566
2642,2.566,2.566
2643,2.566,2.561
2644,2.532,2.566
2645,2.483,2.566
2646,2.429,2.566
2647,2.390,2.566
2648,2.346,2.566
2649,2.317,2.566
2650,2.302,2.566
2651,2.292,2.566
2652,2.292,2.566
2653,2.287,2.566
2654,2.341,2.566
2655,2.551,2.566
2656,2.840,2.566
2657,3.016,2.566
2658,3.001,2.571
2659,2.849,2.566
2660,2.664,2.566
2661,2.512,2.566
2662,2.424,2.571
2663,2.410,2.571
2664,2.434,2.571
2665,2.463,2.571
2666,2.483,2.571
2667,2.468,2.571
2668,2.434,2.566
2669,2.395,2.571
2670,2.356,2.571
2671,2.331,2.571
2672,2.307,2.571
2673,2.297,2.571
2674,2.283,2.571
2675,2.287,2.571
2676,2.283,2.571
2677,2.273,2.571
2678,2.268,2.571
2679,2.380,2.571
2680,2.644,2.571
2681,2.913,2.571
2682,3.025,2.576
2683,2.957,2.571
2684,2.771,2.576
2685,2.595,2.571
2686,2.463,2.576
2687,2.405,2.571
2688,2.414,2.576
2689,2.468,2.571
2690,2.512,2.576
2691,2.527,2.571
2692,2.502,2.576
2693,2.454,2.576
2694,2.405,2.576
2695,2.366,2.576
2696,2.341,2.576
2697,2.317,2.576
2698,2.307,2.576
2699,2.312,2.576
2700,2.297,2.576
2701,2.297,2.576
2702,2.400,2.576
2703,2.649,2.576
2704,2.903,2.576
2705,3.001,2.576
2706,2.928,2.576
2707,2.761,2.576
2708,2.586,2.576
2709,2.463,2.576
2710,2.405,2.581
2711,2.410,2.576
2712,2.444,2.581
2713,2.483,2.576
2714,2.493,2.581
2715,2.468,2.576
2716,2.429,2.581
2717,2.380,2.576
2718,2.341,2.581
2719,2.322,2.576
2720,2.307,2.581
2721,2.297,2.581
2722,2.283,2.581
2723,2.268,2.581
2724,2.292,2.581
2725,2.478,2.581
2726,2.766,2.581
2727,2.991,2.581
2728,3.030,2.581
2729,2.898,2.581
2730,2.678,2.581
2731,2.551,2.581
2732,2.458,2.581
2733,2.439,2.581
2734,2.454,2.586
2735,2.483,2.581
2736,2.507,2.586
2737,2.493,2.581
2738,2.468,2.586
2739,2.429,2.581
2740,2.385,2.586
2741,2.346,2.581
2742,2.317,2.586
2743,2.302,2.581
2744,2.297,2.586
2745,2.287,2.586
2746,2.287,2.586
2747,2.317,2.586
2748,2.488,2.586
2749,2.776,2.586
2750,3.001,2.586
2751,3.035,2.586
2752,2.923,2.586
2753,2.747,2.586
2754,2.576,2.586
2755,2.478,2.586
2756,2.439,2.586
2757,2.458,2.586
2758,2.502,2.586
2759,2.527,2.586
2760,2.522,2.586
2761,2.488,2.586
2762,2.444,2.586
2763,2.395,2.586
2764,2.351,2.586
2765,2.317,2.586
2766,2.292,2.586
2767,2.283,2.586
2768,2.283,2.590
2769,2.287,2.586
2770,2.287,2.590
2771,2.331,2.586
2772,2.517,2.590
2773,2.801,2.586
2774,3.001,2.590
2775,3.016,2.586
2776,2.889,2.590
2777,2.708,2.586
2778,2.561,2.590
2779,2.463,2.586
2780,2.449,2.590
2781,2.468,2.590
2782,2.512,2.586
2783,2.527,2.590
2784,2.517,2.586
2785,2.473,2.590
2786,2.429,2.586
2787,2.390,2.590
2788,2.370,2.586
2789,2.346,2.590
2790,2.331,2.586
2791,2.317,2.590
2792,2.312,2.590
2793,2.307,2.590
2794,2.361,2.590
2795,2.556,2.590
2796,2.810,2.590
2797,2.972,2.590
2798,2.967,2.590
2799,2.830,2.590
2800,2.659,2.590
2801,2.522,2.590
2802,2.439,2.590
2803,2.424,2.590
2804,2.449,2.590
2805,2.488,2.590
2806,2.512,2.590
2807,2.502,2.590
2808,2.463,2.590
2809,2.419,2.590
2810,2.375,2.590
2811,2.346,2.590
2812,2.326,2.590
2813,2.312,2.590
2814,2.302,2.590
2815,2.292,2.590
2816,2.287,2.590
2817,2.302,2.590
2818,2.419,2.590
2819,2.678,2.590
2820,2.933,2.590
2821,3.030,2.590
2822,2.962,2.590
2823,2.796,2.590
2824,2.639,2.590
2825,2.522,2.590
2826,2.454,2.590
2827,2.458,2.590
2828,2.488,2.590
2829,2.522,2.590
2830,2.532,2.595
2831,2.502,2.590
2832,2.463,2.595
2833,2.424,2.590
2834,2.385,2.595
2835,2.370,2.590
2836,2.361,2.595
2837,2.361,2.590
2838,2.346,2.595
2839,2.336,2.595
2840,2.322,2.595
2841,2.322,2.595
2842,2.405,2.595
2843,2.644,2.595
2844,2.903,2.595
2845,3.025,2.595
2846,2.981,2.595
2847,2.835,2.595
2848,2.678,2.595
2849,2.561,2.595
2850,2.502,2.595
2851,2.498,2.595
2852,2.517,2.595
2853,2.532,2.595
2854,2.537,2.595
2855,2.517,2.595
2856,2.429,2.595
2857,2.405,2.600
2858,2.375,2.595
2859,2.361,2.600
2860,2.356,2.595
2861,2.356,2.600
2862,2.341,2.595
2863,2.366,2.600
2864,2.502,2.595
2865,2.737,2.600
2866,2.923,2.595
2867,2.977,2.595
2868,2.898,2.600
2869,2.796,2.595
2870,2.678,2.600
2871,2.581,2.595
2872,2.517,2.600
2873,2.517,2.595
2874,2.537,2.600
2875,2.542,2.595
2876,2.532,2.600
2877,2.502,2.595
2878,2.458,2.600
2879,2.414,2.595
2880,2.395,2.595
2881,2.375,2.595
2882,2.351,2.595
2883,2.326,2.595
2884,2.307,2.595
2885,2.297,2.600
2886,2.297,2.595
2887,2.370,2.600
2888,2.586,2.595
2889,2.854,2.600
2890,3.016,2.600
2891,2.996,2.600
2892,2.859,2.600
2893,2.698,2.605
2894,2.581,2.600
2895,2.507,2.605
2896,2.483,2.600
2897,2.507,2.600
2898,2.542,2.600
2899,2.551,2.600
2900,2.532,2.605
2901,2.488,2.600
2902,2.434,2.605
2903,2.390,2.600
2904,2.370,2.605
2905,2.356,2.600
2906,2.341,2.605
2907,2.331,2.600
2908,2.317,2.605
2909,2.307,2.600
2910,2.317,2.605
2911,2.424,2.600
2912,2.674,2.605
2913,2.928,2.605
2914,3.025,2.605
2915,2.962,2.605
2916,2.801,2.605
2917,2.644,2.605
2918,2.532,2.605
2919,2.468,2.605
2920,2.463,2.605
2921,2.488,2.605
2922,2.517,2.605
2923,2.522,2.605
2924,2.493,2.605
2925,2.458,2.610
2926,2.419,2.605
2927,2.380,2.610
2928,2.351,2.605
2929,2.331,2.610
2930,2.326,2.610
2931,2.322,2.605
2932,2.312,2.610
2933,2.361,2.605
2934,2.542,2.610
2935,2.796,2.605
2936,2.937,2.610
2937,2.908,2.605
2938,2.766,2.610
2939,2.610,2.610
2940,2.483,2.610
2941,2.429,2.610
2942,2.434,2.610
2943,2.478,2.610
2944,2.517,2.605
2945,2.527,2.610
2946,2.502,2.610
2947,2.454,2.610
2948,2.405,2.610
2949,2.366,2.610
2950,2.341,2.610
2951,2.336,2.610
2952,2.326,2.610
2953,2.312,2.610
2954,2.326,2.610
2955,2.458,2.610
2956,2.713,2.610
2957,2.928,2.610
2958,3.006,2.610
2959,2.918,2.610
2960,2.766,2.610
2961,2.625,2.610
2962,2.517,2.610
2963,2.463,2.615
2964,2.463,2.610
2965,2.493,2.615
2966,2.512,2.610
2967,2.517,2.615
2968,2.488,2.610
2969,2.449,2.615
2970,2.410,2.610
2971,2.380,2.615
2972,2.356,2.615
2973,2.346,2.615
2974,2.326,2.615
2975,2.322,2.615
2976,2.414,2.615
2977,2.654,2.615
2978,2.908,2.615
2979,3.025,2.615
2980,2.972,2.615
2981,2.761,2.615
2982,2.605,2.615
2983,2.507,2.615
2984,2.468,2.615
2985,2.478,2.620
2986,2.512,2.615
2987,2.532,2.620
2988,2.537,2.615
2989,2.498,2.620
2990,2.449,2.615
2991,2.405,2.620
2992,2.380,2.615
2993,2.356,2.620
2994,2.336,2.620
2995,2.317,2.620
2996,2.312,2.620
2997,2.400,2.620
2998,2.644,2.620
2999,2.918,2.615
3000,3.050,2.620
3001,3.006,2.620
3002,2.859,2.620
3003,2.698,2.620
3004,2.576,2.620
3005,2.507,2.620
3006,2.483,2.620
3007,2.507,2.620
3008,2.527,2.620
3009,2.522,2.620
3010,2.493,2.620
3011,2.454,2.620
3012,2.419,2.620
3013,2.390,2.620
3014,2.370,2.620
3015,2.341,2.620
3016,2.336,2.620
3017,2.326,2.620
3018,2.312,2.620
3019,2.336,2.620
3020,2.512,2.620
3021,2.791,2.625
3022,2.991,2.620
3023,3.025,2.625
3024,2.918,2.620
3025,2.757,2.625
3026,2.605,2.620
3027,2.502,2.625
3028,2.473,2.620
3029,2.498,2.625
3030,2.537,2.620
3031,2.561,2.620
3032,2.551,2.620
3033,2.512,2.620
3034,2.458,2.625
3035,2.419,2.620
3036,2.390,2.625
3037,2.356,2.620
3038,2.331,2.625
3039,2.336,2.620
3040,2.375,2.625
3041,2.561,2.620
3042,2.830,2.625
3043,3.001,2.625
3044,3.001,2.625
3045,2.879,2.625
3046,2.713,2.625
3047,2.566,2.625
3048,2.468,2.625
3049,2.449,2.625
3050,2.478,2.625
3051,2.512,2.625
3052,2.522,2.620
3053,2.502,2.625
3054,2.463,2.625
3055,2.414,2.625
3056,2.370,2.625
3057,2.336,2.625
3058,2.312,2.625
3059,2.312,2.625
3060,2.302,2.625
3061,2.297,2.625
3062,2.312,2.625
3063,2.449,2.625
3064,2.737,2.625
3065,3.001,2.625
3066,3.084,2.625
3067,2.981,2.625
3068,2.805,2.625
3069,2.644,2.625
3070,2.532,2.630
3071,2.478,2.625
3072,2.483,2.630
3073,2.512,2.625
3074,2.537,2.630
3075,2.527,2.625
3076,2.493,2.630
3077,2.449,2.625
3078,2.410,2.630
3079,2.370,2.630
3080,2.346,2.625
3081,2.326,2.630
3082,2.322,2.625
3083,2.312,2.630
3084,2.312,2.625
3085,2.370,2.630
3086,2.595,2.625
3087,2.903,2.630
3088,3.084,2.625
3089,3.065,2.630
3090,2.913,2.630
3091,2.747,2.630
3092,2.605,2.630
3093,2.517,2.630
3094,2.488,2.630
3095,2.512,2.630
3096,2.537,2.630
3097,2.542,2.630
3098,2.517,2.630
3099,2.468,2.630
3100,2.414,2.630
3101,2.375,2.630
3102,2.341,2.630
3103,2.317,2.630
3104,2.317,2.634
3105,2.317,2.630
3106,2.307,2.630
3107,2.287,2.634
3108,2.317,2.630
3109,2.488,2.630
3110,2.796,2.630
3111,3.040,2.630
3112,3.079,2.630
3113,2.952,2.630
3114,2.771,2.634
3115,2.610,2.630
3116,2.507,2.634
3117,2.463,2.630
3118,2.473,2.634
3119,2.517,2.630
3120,2.542,2.634
3121,2.527,2.630
3122,2.483,2.634
3123,2.434,2.630
3124,2.390,2.634
3125,2.356,2.634
3126,2.331,2.634
3127,2.322,2.634
3128,2.317,2.634
3129,2.307,2.634
3130,2.297,2.634
3131,2.307,2.634
3132,2.463,2.634
3133,2.747,2.634
3134,2.977,2.634
3135,3.025,2.634
3136,2.913,2.634
3137,2.737,2.634
3138,2.581,2.634
3139,2.454,2.634
3140,2.395,2.634
3141,2.414,2.634
3142,2.473,2.634
3143,2.512,2.634
3144,2.507,2.634
3145,2.463,2.639
3146,2.424,2.634
3147,2.380,2.634
3148,2.331,2.634
3149,2.292,2.634
3150,2.253,2.634
3151,2.248,2.634
3152,2.287,2.634
3153,2.287,2.639
3154,2.302,2.634
3155,2.449,2.639
3156,2.742,2.634
3157,2.996,2.639
3158,3.060,2.639
3159,2.947,2.639
3160,2.761,2.634
3161,2.586,2.639
3162,2.468,2.639
3163,2.419,2.639
3164,2.424,2.639
3165,2.454,2.634
3166,2.483,2.639
3167,2.468,2.634
3168,2.429,2.639
3169,2.380,2.634
3170,2.336,2.639
3171,2.302,2.634
3172,2.287,2.639
3173,2.283,2.634
3174,2.263,2.639
3175,2.248,2.639
3176,2.239,2.639
3177,2.224,2.639
3178,2.278,2.639
3179,2.512,2.639
3180,2.845,2.639
3181,3.021,2.639
3182,2.986,2.639
3183,2.820,2.639
3184,2.644,2.639
3185,2.507,2.639
3186,2.429,2.639
3187,2.400,2.639
3188,2.429,2.639
3189,2.463,2.639
3190,2.483,2.639
3191,2.458,2.639
3192,2.400,2.639
3193,2.341,2.639
3194,2.297,2.639
3195,2.278,2.639
3196,2.273,2.639
3197,2.283,2.639
3198,2.287,2.639
3199,2.287,2.639
3200,2.278,2.639
3201,2.370,2.639
3202,2.625,2.639
3203,2.879,2.639
3204,2.981,2.639
3205,2.903,2.639
3206,2.732,2.644
3207,2.576,2.639
3208,2.458,2.644
3209,2.395,2.639
3210,2.410,2.639
3211,2.449,2.639
3212,2.483,2.639
3213,2.478,2.639
3214,2.439,2.639
3215,2.370,2.639
3216,2.317,2.639
3217,2.283,2.639
3218,2.278,2.639
3219,2.273,2.639
3220,2.283,2.639
3221,2.268,2.639
3222,2.258,2.639
3223,2.307,2.639
3224,2.512,2.639
3225,2.786,2.639
3226,2.957,2.639
3227,2.947,2.639
3228,2.810,2.639
3229,2.639,2.639
3230,2.502,2.639
3231,2.410,2.639
3232,2.380,2.639
3233,2.410,2.639
3234,2.444,2.639
3235,2.444,2.639
3236,2.419,2.639
3237,2.385,2.639
3238,2.341,2.634
3239,2.307,2.639
3240,2.283,2.634
3241,2.263,2.639
3242,2.253,2.634
3243,2.243,2.639
3244,2.258,2.634
3245,2.278,2.639
3246,2.287,2.639
3247,2.375,2.639
3248,2.620,2.639
3249,2.889,2.639
3250,3.011,2.639
3251,2.957,2.639
3252,2.801,2.639
3253,2.639,2.634
3254,2.522,2.639
3255,2.449,2.634
3256,2.424,2.639
3257,2.439,2.634
3258,2.463,2.639
3259,2.473,2.634
3260,2.454,2.639
3261,2.405,2.634
3262,2.361,2.639
3263,2.322,2.634
3264,2.287,2.639
3265,2.268,2.634
3266,2.248,2.639
3267,2.248,2.639
3268,2.253,2.639
3269,2.268,2.639
3270,2.400,2.639
3271,2.674,2.639
3272,2.908,2.639
3273,2.972,2.639
3274,2.869,2.639
3275,2.708,2.639
3276,2.556,2.639
3277,2.449,2.644
3278,2.419,2.639
3279,2.424,2.639
3280,2.458,2.639
3281,2.488,2.639
3282,2.493,2.639
3283,2.463,2.639
3284,2.429,2.639
3285,2.390,2.639
3286,2.346,2.639
3287,2.322,2.639
3288,2.312,2.644
3289,2.302,2.639
3290,2.287,2.644
3291,2.307,2.639
3292,2.458,2.644
3293,2.713,2.639
3294,2.942,2.644
3295,2.972,2.644
3296,2.854,2.644
3297,2.703,2.644
3298,2.561,2.644
3299,2.468,2.644
3300,2.434,2.644
3301,2.458,2.644
3302,2.493,2.644
3303,2.522,2.644
3304,2.522,2.644
3305,2.502,2.644
3306,2.454,2.644
3307,2.419,2.644
3308,2.395,2.644
3309,2.375,2.649
3310,2.361,2.644
3311,2.346,2.649
3312,2.380,2.644
3313,2.561,2.649
3314,2.815,2.644
3315,2.996,2.649
3316,3.001,2.649
3317,2.874,2.649
3318,2.717,2.649
3319,2.590,2.649
3320,2.512,2.649
3321,2.502,2.649
3322,2.542,2.649
3323,2.581,2.649
3324,2.586,2.649
3325,2.566,2.649
3326,2.532,2.649
3327,2.478,2.649
3328,2.444,2.649
3329,2.429,2.649
3330,2.410,2.649
3331,2.400,2.649
3332,2.380,2.649
3333,2.370,2.649
3334,2.449,2.649
3335,2.688,2.649
3336,2.962,2.649
3337,3.104,2.654
3338,3.069,2.649
3339,2.933,2.654
3340,2.796,2.649
3341,2.678,2.654
3342,2.615,2.649
3343,2.595,2.654
3344,2.605,2.649
3345,2.615,2.654
3346,2.610,2.649
3347,2.571,2.654
3348,2.527,2.649
3349,2.483,2.654
3350,2.458,2.654
3351,2.439,2.654
3352,2.414,2.654
3353,2.405,2.654
3354,2.390,2.654
3355,2.380,2.654
3356,2.400,2.654
3357,2.546,2.649
3358,3.035,2.654
3359,2.908,2.654
3360,2.771,2.654
3361,2.659,2.654
3362,2.600,2.654
3363,2.615,2.654
3364,2.693,2.659
3365,2.737,2.654
3366,2.708,2.659
3367,2.644,2.654
3368,2.581,2.659
3369,2.522,2.654
3370,2.478,2.659
3371,2.463,2.654
3372,2.454,2.659
3373,2.444,2.654
3374,2.434,2.659
3375,2.419,2.654
3376,2.400,2.659
3377,2.454,2.654
3378,2.659,2.659
3379,2.928,2.659
3380,3.025,2.654
3381,2.967,2.659
3382,2.835,2.654
3383,2.713,2.659
3384,2.605,2.654
3385,2.532,2.659
3386,2.493,2.654
3387,2.493,2.659
3388,2.507,2.654
3389,2.498,2.659
3390,2.473,2.654
3391,2.444,2.659
3392,2.414,2.659
3393,2.390,2.659
3394,2.370,2.659
3395,2.351,2.659
3396,2.341,2.659
3397,2.331,2.659
3398,2.317,2.664
3399,2.302,2.664
3400,2.331,2.664
3401,2.483,2.664
3402,2.727,2.669
3403,2.898,2.664
3404,2.918,2.669
3405,2.825,2.664
3406,2.713,2.669
3407,2.600,2.664
3408,2.502,2.669
3409,2.463,2.664
3410,2.458,2.669
3411,2.478,2.669
3412,2.478,2.669
3413,2.468,2.669
3414,2.434,2.669
3415,2.395,2.669
3416,2.361,2.669
3417,2.331,2.669
3418,2.307,2.669
3419,2.287,2.669
3420,2.292,2.669
3421,2.307,2.669
3422,2.312,2.669
3423,2.307,2.669
3424,2.385,2.669
3425,2.600,2.669
3426,2.815,2.669
3427,2.884,2.669
3428,2.815,2.669
3429,2.688,2.669
3430,2.581,2.669
3431,2.483,2.674
3432,2.429,2.669
3433,2.419,2.669
3434,2.434,2.674
3435,2.449,2.674
3436,2.454,2.674
3437,2.434,2.674
3438,2.395,2.678
3439,2.361,2.674
3440,2.326,2.678
3441,2.317,2.678
3442,2.317,2.678
3443,2.317,2.678
3444,2.312,2.678
3445,2.341,2.678
3446,2.493,2.674
3447,2.708,2.678
3448,2.840,2.678
3449,2.840,2.678
3450,2.742,2.678
3451,2.625,2.678
3452,2.517,2.674
3453,2.444,2.678
3454,2.419,2.674
3455,2.444,2.678
3456,2.483,2.674
3457,2.512,2.678
3458,2.498,2.678
3459,2.468,2.683
3460,2.439,2.683
3461,2.410,2.683
3462,2.385,2.688
3463,2.370,2.688
3464,2.361,2.693
3465,2.346,2.693
3466,2.336,2.703
3467,2.356,2.703
3468,2.493,2.708
3469,2.732,2.713
3470,2.923,2.722
3471,2.967,2.727
3472,2.889,2.737
3473,2.757,2.742
3474,2.639,2.752
3475,2.542,2.761
3476,2.488,2.776
3477,2.483,2.796
3478,2.502,2.810
3479,2.522,2.825
3480,2.517,2.830
3481,2.488,2.840
3482,2.449,2.845
3483,2.410,2.854
3484,2.356,2.859
3485,2.341,2.859
3486,2.341,2.869
3487,2.346,2.864
3488,2.356,2.874
3489,2.405,2.869
3490,2.586,2.874
3491,2.810,2.874
3492,2.937,2.879
3493,2.913,2.879
3494,2.805,2.874
3495,2.693,2.879
3496,2.600,2.874
3497,2.517,2.879
3498,2.478,2.874
3499,2.468,2.879
3500,2.478,2.874
3501,2.498,2.879
3502,2.488,2.874
3503,2.468,2.879
3504,2.439,2.874
3505,2.405,2.879
3506,2.370,2.874
3507,2.326,2.879
3508,2.297,2.874
3509,2.292,2.879
3510,2.375,2.874
3511,2.590,2.874
3512,2.830,2.874
3513,2.928,2.874
3514,2.889,2.874
3515,2.771,2.874
3516,2.654,2.874
3517,2.551,2.874
3518,2.488,2.874
3519,2.468,2.869
3520,2.488,2.874
3521,2.507,2.869
3522,2.502,2.874
3523,2.468,2.869
3524,2.429,2.874
3525,2.395,2.869
3526,2.370,2.869
3527,2.351,2.869
3528,2.331,2.869
3529,2.312,2.864
3530,2.366,2.864
3531,2.561,2.859
3532,2.796,2.854
3533,2.933,2.854
3534,2.918,2.845
3535,2.805,2.840
3536,2.674,2.820
3537,2.561,2.810
3538,2.493,2.791
3539,2.463,2.781
3540,2.458,2.766
3541,2.473,2.757
3542,2.483,2.742
3543,2.458,2.737
3544,2.419,2.727
3545,2.375,2.717
3546,2.322,2.703
3547,2.297,2.693
3548,2.283,2.678
3549,2.283,2.674
3550,2.268,2.664
3551,2.283,2.659
3552,2.434,2.659
3553,2.717,2.649
3554,2.947,2.649
3555,3.011,2.644
3556,2.928,2.649
3557,2.791,2.644
3558,2.659,2.644
3559,2.566,2.639
3560,2.498,2.644
3561,2.463,2.639
3562,2.468,2.644
3563,2.483,2.639
3564,2.483,2.639
3565,2.444,2.639
3566,2.405,2.634
3567,2.351,2.634
3568,2.312,2.634
3569,2.292,2.634
3570,2.278,2.634
3571,2.268,2.634
3572,2.263,2.634
3573,2.263,2.634
3574,2.258,2.634
3575,2.248,2.634
3576,2.273,2.634
3577,2.463,2.639
3578,2.805,2.634
3579,3.025,2.634
3580,3.045,2.634
3581,2.928,2.639
3582,2.776,2.639
3583,2.649,2.634
3584,2.556,2.639
3585,2.512,2.639
3586,2.493,2.639
3587,2.507,2.639
3588,2.507,2.639
3589,2.502,2.639
3590,2.478,2.644
3591,2.429,2.639
3592,2.380,2.644
3593,2.346,2.644
3594,2.322,2.644
3595,2.302,2.644
3596,2.302,2.649
3597,2.292,2.644
3598,2.292,2.649
3599,2.283,2.644
3600,2.268,2.649
3601,2.322,2.649
3602,2.556,2.649
3603,2.859,2.649
3604,3.030,2.644
3605,3.011,2.649
3606,2.869,2.644
3607,2.693,2.649
3608,2.586,2.644
3609,2.502,2.639
3610,2.478,2.644
3611,2.493,2.639
3612,2.507,2.639
3613,2.498,2.639
3614,2.468,2.639
3615,2.424,2.639
3616,2.380,2.639
3617,2.336,2.639
3618,2.312,2.639
3619,2.292,2.639
3620,2.292,2.634
3621,2.292,2.634
3622,2.283,2.634
3623,2.258,2.634
3624,2.234,2.630
3625,2.229,2.634
3626,2.287,2.630
3627,2.502,2.634
3628,2.805,2.630
3629,3.021,2.634
3630,3.035,2.630
3631,2.908,2.630
3632,2.747,2.625
3633,2.625,2.630
3634,2.532,2.625
3635,2.473,2.625
3636,2.473,2.625
3637,2.488,2.625
3638,2.498,2.625
3639,2.478,2.625
3640,2.444,2.625
3641,2.405,2.620
3642,2.366,2.625
3643,2.331,2.620
3644,2.307,2.625
3645,2.287,2.620
3646,2.278,2.625
3647,2.268,2.620
3648,2.263,2.625
3649,2.258,2.620
3650,2.253,2.620
3651,2.248,2.620
3652,2.243,2.620
3653,2.297,2.620
3654,2.517,2.620
3655,2.796,2.620
3656,2.977,2.620
3657,2.972,2.620
3658,2.849,2.620
3659,2.693,2.620
3660,2.566,2.620
3661,2.483,2.620
3662,2.454,2.615
3663,2.458,2.620
3664,2.488,2.615
3665,2.502,2.620
3666,2.478,2.615
3667,2.434,2.615
3668,2.380,2.615
3669,2.346,2.615
3670,2.322,2.615
3671,2.307,2.615
3672,2.292,2.615
3673,2.273,2.615
3674,2.253,2.615
3675,2.253,2.615
3676,2.268,2.615
3677,2.268,2.615
3678,2.331,2.615
3679,2.522,2.615
3680,2.786,2.615
3681,2.947,2.615
3682,2.933,2.615
3683,2.805,2.615
3684,2.654,2.615
3685,2.527,2.615
3686,2.439,2.615
3687,2.410,2.615
3688,2.429,2.615
3689,2.463,2.615
3690,2.483,2.615
3691,2.473,2.615
3692,2.434,2.615
3693,2.400,2.620
3694,2.356,2.615
3695,2.326,2.620
3696,2.292,2.615
3697,2.263,2.620
3698,2.234,2.615
3699,2.229,2.620
3700,2.253,2.615
3701,2.273,2.620
3702,2.273,2.615
3703,2.297,2.615
3704,2.454,2.615
3705,2.737,2.620
3706,2.947,2.620
3707,2.981,2.620
3708,2.864,2.620
3709,2.703,2.620
3710,2.566,2.620
3711,2.483,2.620
3712,2.449,2.620
3713,2.458,2.615
3714,2.488,2.620
3715,2.502,2.615
3716,2.478,2.620
3717,2.439,2.615
3718,2.395,2.620
3719,2.361,2.615
3720,2.351,2.620
3721,2.336,2.620
3722,2.322,2.615
3723,2.307,2.620
3724,2.292,2.615
3725,2.273,2.620
3726,2.268,2.615
3727,2.253,2.620
3728,2.273,2.620
3729,2.439,2.625
3730,2.717,2.620
3731,2.923,2.625
3732,2.962,2.620
3733,2.864,2.625
3734,2.713,2.625
3735,2.561,2.625
3736,2.473,2.630
3737,2.444,2.630
3738,2.463,2.630
3739,2.498,2.630
3740,2.498,2.634
3741,2.463,2.630
3742,2.424,2.630
3743,2.390,2.630
3744,2.361,2.630
3745,2.326,2.630
3746,2.302,2.630
3747,2.283,2.630
3748,2.297,2.625
3749,2.307,2.625
3750,2.317,2.620
3751,2.366,2.615
3752,2.546,2.605
3753,2.771,2.600
3754,2.908,2.590
3755,2.893,2.590
3756,2.776,2.581
3757,2.654,2.581
3758,2.556,2.576
3759,2.488,2.576
3760,2.488,2.576
3761,2.517,2.576
3762,2.537,2.576
3763,2.546,2.571
3764,2.522,2.576
3765,2.473,2.571
3766,2.424,2.576
3767,2.380,2.571
3768,2.351,2.571
3769,2.336,2.571
3770,2.322,2.571
3771,2.322,2.566
3772,2.317,2.571
3773,2.361,2.566
3774,2.537,2.571
3775,2.766,2.566
3776,2.918,2.571
3777,2.918,2.571
3778,2.766,2.571
3779,2.620,2.576
3780,2.507,2.576
3781,2.429,2.581
3782,2.414,2.576
3783,2.429,2.581
3784,2.468,2.576
3785,2.478,2.581
3786,2.478,2.576
3787,2.449,2.581
3788,2.410,2.581
3789,2.375,2.586
3790,2.346,2.590
3791,2.326,2.590
3792,2.317,2.590
3793,2.312,2.595
3794,2.312,2.600
3795,2.395,2.600
3796,2.610,2.600
3797,2.830,2.600
3798,2.923,2.605
3799,2.869,2.605
3800,2.732,2.605
3801,2.581,2.605
3802,2.463,2.610
3803,2.400,2.605
3804,2.419,2.610
3805,2.473,2.605
3806,2.517,2.605
3807,2.522,2.605
3808,2.478,2.605
3809,2.410,2.605
3810,2.385,2.610
3811,2.375,2.610
3812,2.366,2.615
3813,2.351,2.620
3814,2.331,2.625
3815,2.307,2.634
3816,2.341,2.644
3817,2.532,2.654
3818,2.771,2.664
3819,2.918,2.683
3820,2.889,2.703
3821,2.752,2.722
3822,2.600,2.737
3823,2.473,2.757
3824,2.434,2.761
3825,2.458,2.776
3826,2.507,2.781
3827,2.556,2.791
3828,2.571,2.791
3829,2.527,2.801
3830,2.458,2.801
3831,2.414,2.805
3832,2.380,2.801
3833,2.370,2.805
3834,2.361,2.805
3835,2.346,2.801
3836,2.395,2.805
3837,2.566,2.801
3838,2.781,2.805
3839,2.903,2.801
3840,2.859,2.801
3841,2.722,2.801
3842,2.566,2.796
3843,2.454,2.801
3844,2.410,2.791
3845,2.429,2.796
3846,2.483,2.791
3847,2.507,2.791
3848,2.493,2.786
3849,2.454,2.786
3850,2.414,2.781
3851,2.380,2.776
3852,2.356,2.776
3853,2.341,2.771
3854,2.326,2.771
3855,2.356,2.761
3856,2.512,2.761
3857,2.717,2.757
3858,2.830,2.757
3859,2.815,2.752
3860,2.708,2.757
3861,2.542,2.757
3862,2.429,2.752
3863,2.395,2.747
3864,2.419,2.752
3865,2.468,2.747
3866,2.498,2.747
3867,2.483,2.742
3868,2.449,2.747
3869,2.410,2.742
3870,2.370,2.742
3871,2.336,2.737
3872,2.312,2.742
3873,2.307,2.737
3874,2.380,2.742
3875,2.595,2.737
3876,2.815,2.737
3877,2.908,2.737
3878,2.835,2.737
3879,2.688,2.732
3880,2.546,2.732
3881,2.449,2.732
3882,2.405,2.732
3883,2.410,2.732
3884,2.444,2.732
3885,2.473,2.732
3886,2.483,2.732
3887,2.458,2.732
3888,2.419,2.727
3889,2.375,2.732
3890,2.341,2.727
3891,2.317,2.732
3892,2.307,2.727
3893,2.405,2.727
3894,2.630,2.727
3895,2.825,2.727
3896,2.879,2.727
3897,2.791,2.727
3898,2.659,2.727
3899,2.527,2.727
3900,2.439,2.732
3901,2.400,2.727
3902,2.414,2.732
3903,2.449,2.727
3904,2.468,2.727
3905,2.458,2.727
3906,2.429,2.727
3907,2.390,2.722
3908,2.356,2.727
3909,2.331,2.722
3910,2.317,2.727
3911,2.312,2.722
3912,2.370,2.727
3913,2.581,2.722
3914,2.796,2.722
3915,2.874,2.722
3916,2.820,2.722
3917,2.698,2.722
3918,2.576,2.722
3919,2.458,2.722
3920,2.410,2.717
3921,2.424,2.722
3922,2.463,2.717
3923,2.493,2.717
3924,2.478,2.713
3925,2.454,2.717
3926,2.419,2.713
3927,2.375,2.717
3928,2.351,2.713
3929,2.336,2.717
3930,2.312,2.713
3931,2.302,2.717
3932,2.375,2.713
3933,2.595,2.713
3934,2.820,2.713
3935,2.893,2.713
3936,2.815,2.713
3937,2.664,2.708
3938,2.532,2.708
3939,2.424,2.708
3940,2.395,2.708
3941,2.429,2.703
3942,2.473,2.708
3943,2.493,2.703
3944,2.493,2.708
3945,2.463,2.703
3946,2.424,2.703
3947,2.390,2.698
3948,2.366,2.703
3949,2.346,2.703
3950,2.341,2.703
3951,2.380,2.703
3952,2.546,2.698
3953,2.766,2.703
3954,2.874,2.698
3955,2.840,2.703
3956,2.708,2.698
3957,2.571,2.703
3958,2.458,2.698
3959,2.400,2.703
3960,2.410,2.698
3961,2.444,2.703
3962,2.478,2.698
3963,2.478,2.703
3964,2.454,2.698
3965,2.410,2.703
3966,2.370,2.698
3967,2.336,2.703
3968,2.322,2.698
3969,2.312,2.698
3970,2.302,2.698
3971,2.302,2.698
3972,2.410,2.703
3973,2.669,2.698
3974,2.898,2.703
3975,2.962,2.698
3976,2.859,2.703
3977,2.688,2.698
3978,2.546,2.703
3979,2.454,2.703
3980,2.419,2.703
3981,2.444,2.703
3982,2.483,2.703
3983,2.507,2.703
3984,2.498,2.708
3985,2.463,2.703
3986,2.419,2.703
3987,2.375,2.708
3988,2.356,2.708
3989,2.336,2.708
3990,2.326,2.708
3991,2.322,2.708
3992,2.317,2.708
3993,2.312,2.708
3994,2.341,2.708
3995,2.537,2.708
3996,2.830,2.713
3997,3.016,2.708
3998,3.006,2.713
3999,2.849,2.708
4000,2.674,2.713
4001,2.532,2.708
4002,2.449,2.713
4003,2.434,2.713
4004,2.458,2.713
4005,2.507,2.713
4006,2.517,2.713
4007,2.493,2.713
4008,2.454,2.713
4009,2.410,2.713
4010,2.375,2.713
4011,2.346,2.717
4012,2.326,2.713
4013,2.312,2.717
4014,2.307,2.713
4015,2.312,2.717
4016,2.322,2.713
4017,2.317,2.717
4018,2.400,2.713
4019,2.659,2.717
4020,2.937,2.713
4021,3.045,2.717
4022,2.957,2.713
4023,2.776,2.713
4024,2.610,2.713
4025,2.488,2.713
4026,2.434,2.713
4027,2.454,2.713
4028,2.512,2.708
4029,2.561,2.708
4030,2.566,2.708
4031,2.527,2.708
4032,2.473,2.708
4033,2.424,2.703
4034,2.390,2.708
4035,2.375,2.703
4036,2.361,2.703
4037,2.356,2.698
4038,2.351,2.703
4039,2.356,2.698
4040,2.483,2.703
4041,2.766,2.698
4042,3.016,2.698
4043,3.079,2.698
4044,2.962,2.698
4045,2.776,2.698
4046,2.615,2.698
4047,2.493,2.698
4048,2.454,2.693
4049,2.483,2.693
4050,2.537,2.693
4051,2.566,2.693
4052,2.546,2.688
4053,2.502,2.693
4054,2.463,2.688
4055,2.424,2.688
4056,2.410,2.683
4057,2.390,2.683
4058,2.380,2.683
4059,2.370,2.683
4060,2.356,2.683
4061,2.351,2.683
4062,2.527,2.683
4063,2.859,2.683
4064,3.133,2.683
4065,3.196,2.683
4066,3.069,2.688
4067,2.874,2.688
4068,2.698,2.688
4069,2.571,2.688
4070,2.517,2.688
4071,2.527,2.688
4072,2.566,2.688
4073,2.586,2.688
4074,2.551,2.683
4075,2.502,2.683
4076,2.444,2.683
4077,2.410,2.683
4078,2.380,2.683
4079,2.361,2.683
4080,2.346,2.683
4081,2.341,2.683
4082,2.331,2.683
4083,2.317,2.683
4084,2.336,2.683
4085,2.542,2.683
4086,2.898,2.683
4087,3.148,2.678
4088,3.172,2.674
4089,3.001,2.674
4090,2.761,2.664
4091,2.586,2.664
4092,2.473,2.659
4093,2.449,2.654
4094,2.483,2.649
4095,2.527,2.649
4096,2.566,2.644
4097,2.546,2.639
4098,2.493,2.634
4099,2.429,2.630
4100,2.375,2.620
4101,2.336,2.610
4102,2.312,2.605
4103,2.302,2.595
4104,2.302,2.595
4105,2.302,2.590
4106,2.380,2.590
4107,2.659,2.590
4108,2.981,2.590
4109,3.133,2.590
4110,3.050,2.590
4111,2.845,2.590
4112,2.625,2.586
4113,2.444,2.532
4114,2.512,2.522
4115,2.561,2.507
4116,2.551,2.493
4117,2.493,2.473
4118,2.424,2.449
4119,2.370,2.419
4120,2.351,2.400
4121,2.336,2.375
4122,2.331,2.351
4123,2.351,2.331
4124,2.561,2.317
4125,2.913,2.302
4126,3.162,2.283
4127,3.196,2.253
4128,3.045,2.243
4129,2.825,2.239
4130,2.610,2.180
4131,2.473,2.180
4132,2.449,2.175
4133,2.493,2.170
4134,2.542,2.165
4135,2.556,2.160
4136,2.522,2.160
4137,2.468,2.160
4138,2.419,2.160
4139,2.380,2.160
4140,2.341,2.160
4141,2.317,2.151
4142,2.297,2.126
4143,2.361,2.097
4144,2.644,2.107
4145,3.021,2.121
4146,3.236,2.126
4147,3.187,2.136
4148,2.981,2.141
4149,2.757,2.141
4150,2.566,2.141
4151,2.458,2.146
4152,2.434,2.146
4153,2.468,2.146
4154,2.507,2.146
4155,2.527,2.141
4156,2.507,2.141
4157,2.468,2.141
4158,2.419,2.136
4159,2.380,2.136
4160,2.341,2.141
4161,2.302,2.141
4162,2.297,2.141
4163,2.463,2.043
4164,2.815,2.038
4165,3.099,2.048
4166,3.162,2.072
4167,3.021,2.087
4168,2.805,2.102
4169,2.615,2.111
4170,2.483,2.116
4171,2.434,2.121
4172,2.454,2.126
4173,2.498,2.126
4174,2.517,2.126
4175,2.478,2.131
4176,2.429,2.131
4177,2.390,2.131
4178,2.351,2.131
4179,2.322,2.131
4180,2.297,2.131
4181,2.287,2.126
4182,2.283,2.126
4183,2.263,2.126
4184,2.317,2.126
4185,2.581,2.121
4186,2.928,2.121
4187,3.113,2.121
4188,3.065,2.121
4189,2.874,2.116
4190,2.664,2.116
4191,2.493,2.111
4192,2.400,2.111
4193,2.395,2.107
4194,2.434,2.107
4195,2.478,2.107
4196,2.493,2.107
4197,2.458,2.102
4198,2.400,2.102
4199,2.346,2.102
4200,2.292,2.102
4201,2.263,2.097
4202,2.243,2.097
4203,2.243,2.097
4204,2.234,2.092
4205,2.219,2.097
4206,2.224,2.092
4207,2.341,2.092
4208,2.649,2.092
4209,2.942,2.092
4210,3.040,2.092
4211,2.937,2.092
4212,2.722,2.087
4213,2.512,2.087
4214,2.361,2.087
4215,2.312,2.087
4216,2.356,2.087
4217,2.439,2.087
4218,2.488,2.087
4219,2.493,2.087
4220,2.444,2.087
4221,2.375,2.082
4222,2.317,2.087
4223,2.268,2.082
4224,2.239,2.082
4225,2.243,2.082
4226,2.263,2.087
4227,2.283,2.082
4228,2.292,2.082
4229,2.326,2.082
4230,2.522,2.087
4231,2.825,2.087
4232,3.030,2.092
4233,2.996,2.097
4234,2.810,2.102
4235,2.600,2.111
4236,2.424,2.116
4237,2.356,2.126
4238,2.385,2.136
4239,2.458,2.141
4240,2.498,2.146
4241,2.493,2.151
4242,2.444,2.155
4243,2.390,2.160
4244,2.346,2.170
4245,2.312,2.170
4246,2.292,2.180
4247,2.273,2.185
4248,2.258,2.190
4249,2.253,2.195
4250,2.248,2.199
4251,2.263,2.199
4252,2.424,2.204
4253,2.727,2.204
4254,2.977,2.209
4255,3.021,2.214
4256,2.879,2.214
4257,2.664,2.219
4258,2.473,2.219
4259,2.366,2.224
4260,2.356,2.224
4261,2.414,2.229
4262,2.473,2.229
4263,2.498,2.234
4264,2.483,2.234
4265,2.439,2.239
4266,2.390,2.239
4267,2.351,2.243
4268,2.331,2.243
4269,2.322,2.248
4270,2.312,2.248
4271,2.302,2.253
4272,2.292,2.253
4273,2.307,2.253
4274,2.468,2.258
4275,2.752,2.258
4276,2.972,2.258
4277,3.001,2.258
4278,2.864,2.263
4279,2.659,2.263
4280,2.488,2.268
4281,2.395,2.268
4282,2.395,2.268
4283,2.458,2.268
4284,2.517,2.273
4285,2.537,2.273
4286,2.522,2.278
4287,2.473,2.278
4288,2.414,2.278
4289,2.366,2.278
4290,2.326,2.278
4291,2.317,2.283
4292,2.307,2.278
4293,2.292,2.283
4294,2.307,2.283
4295,2.444,2.283
4296,2.752,2.283
4297,2.991,2.283
4298,3.040,2.283
4299,2.913,2.287
4300,2.717,2.283
4301,2.532,2.287
4302,2.414,2.283
4303,2.390,2.283
4304,2.434,2.278
4305,2.507,2.278
4306,2.542,2.273
4307,2.527,2.273
4308,2.478,2.268
4309,2.429,2.268
4310,2.385,2.263
4311,2.351,2.263
4312,2.331,2.258
4313,2.307,2.258
4314,2.292,2.258
4315,2.287,2.253
4316,2.307,2.253
4317,2.483,2.253
4318,2.835,2.253
4319,3.055,2.253
4320,3.065,2.253
4321,2.903,2.253
4322,2.703,2.253
4323,2.542,2.253
4324,2.449,2.258
4325,2.439,2.253
4326,2.488,2.258
4327,2.542,2.253
4328,2.566,2.253
4329,2.546,2.253
4330,2.498,2.253
4331,2.449,2.258
4332,2.414,2.253
4333,2.385,2.258
4334,2.370,2.253
4335,2.356,2.253
4336,2.346,2.253
4337,2.336,2.253
4338,2.414,2.253
4339,2.678,2.253
4340,2.947,2.253
4341,3.050,2.258
4342,2.977,2.253
4343,2.801,2.253
4344,2.625,2.248
4345,2.493,2.253
4346,2.439,2.248
4347,2.478,2.248
4348,2.527,2.248
4349,2.556,2.243
4350,2.542,2.243
4351,2.498,2.243
4352,2.439,2.243
4353,2.395,2.239
4354,2.361,2.243
4355,2.341,2.239
4356,2.326,2.243
4357,2.317,2.239
4358,2.307,2.243
4359,2.346,2.243
4360,2.571,2.248
4361,2.898,2.248
4362,3.104,2.253
4363,3.089,2.258
4364,2.898,2.258
4365,2.693,2.263
4366,2.561,2.263
4367,2.488,2.268
4368,2.488,2.268
4369,2.522,2.268
4370,2.561,2.268
4371,2.561,2.268
4372,2.527,2.268
4373,2.473,2.268
4374,2.419,2.268
4375,2.385,2.268
4376,2.366,2.268
4377,2.351,2.268
4378,2.336,2.268
4379,2.326,2.263
4380,2.322,2.268
4381,2.317,2.263
4382,2.434,2.268
4383,2.727,2.263
4384,2.996,2.263
4385,3.079,2.263
4386,2.977,2.263
4387,2.786,2.263
4388,2.615,2.263
4389,2.493,2.263
4390,2.449,2.258
4391,2.468,2.258
4392,2.517,2.258
4393,2.556,2.258
4394,2.542,2.258
4395,2.493,2.258
4396,2.439,2.253
4397,2.390,2.258
4398,2.351,2.253
4399,2.331,2.258
4400,2.317,2.253
4401,2.317,2.258
4402,2.322,2.253
4403,2.307,2.258
4404,2.322,2.258
4405,2.473,2.258
4406,2.752,2.258
4407,2.977,2.253
4408,3.006,2.258
4409,2.884,2.253
4410,2.713,2.253
4411,2.566,2.253
4412,2.458,2.253
4413,2.424,2.253
4414,2.449,2.253
4415,2.488,2.253
4416,2.512,2.253
4417,2.498,2.253
4418,2.458,2.258
4419,2.410,2.253
4420,2.366,2.253
4421,2.341,2.253
4422,2.326,2.253
4423,2.322,2.253
4424,2.307,2.253
4425,2.312,2.253
4426,2.419,2.253
4427,2.669,2.253
4428,2.908,2.253
4429,3.001,2.258
4430,2.923,2.258
4431,2.742,2.258
4432,2.566,2.253
4433,2.449,2.258
4434,2.405,2.253
4435,2.429,2.258
4436,2.483,2.258
4437,2.507,2.258
4438,2.493,2.258
4439,2.458,2.263
4440,2.414,2.258
4441,2.370,2.263
4442,2.341,2.263
4443,2.322,2.263
4444,2.297,2.263
4445,2.292,2.263
4446,2.326,2.263
4447,2.517,2.263
4448,2.791,2.263
4449,2.952,2.263
4450,2.933,2.268
4451,2.796,2.263
4452,2.620,2.268
4453,2.468,2.263
4454,2.390,2.268
4455,2.395,2.263
4456,2.449,2.263
4457,2.498,2.263
4458,2.507,2.263
4459,2.488,2.263
4460,2.434,2.263
4461,2.390,2.268
4462,2.366,2.263
4463,2.341,2.268
4464,2.326,2.263
4465,2.307,2.268
4466,2.317,2.263
4467,2.463,2.268
4468,2.732,2.263
4469,2.942,2.268
4470,2.977,2.268
4471,2.849,2.268
4472,2.664,2.268
4473,2.502,2.268
4474,2.405,2.268
4475,2.405,2.273
4476,2.454,2.268
4477,2.512,2.273
4478,2.522,2.268
4479,2.498,2.273
4480,2.449,2.273
4481,2.400,2.273
4482,2.356,2.273
4483,2.331,2.273
4484,2.322,2.278
4485,2.317,2.278
4486,2.312,2.283
4487,2.356,2.283
4488,2.566,2.287
4489,2.923,2.287
4490,3.094,2.292
4491,3.021,2.297
4492,2.825,2.297
4493,2.644,2.302
4494,2.507,2.307
4495,2.468,2.312
4496,2.488,2.312
4497,2.542,2.317
4498,2.571,2.317
4499,2.551,2.322
4500,2.502,2.322
4501,2.454,2.322
4502,2.405,2.322
4503,2.370,2.326
4504,2.356,2.326
4505,2.351,2.326
4506,2.336,2.326
4507,2.322,2.326
4508,2.366,2.326
4509,2.590,2.326
4510,2.893,2.326
4511,3.074,2.326
4512,3.055,2.326
4513,2.889,2.326
4514,2.698,2.326
4515,2.551,2.326
4516,2.458,2.326
4517,2.458,2.326
4518,2.512,2.326
4519,2.561,2.326
4520,2.556,2.326
4521,2.522,2.326
4522,2.468,2.326
4523,2.414,2.326
4524,2.385,2.326
4525,2.366,2.326
4526,2.351,2.326
4527,2.341,2.326
4528,2.336,2.326
4529,2.336,2.326
4530,2.370,2.326
4531,2.571,2.326
4532,2.898,2.326
4533,3.109,2.326
4534,3.099,2.326
4535,2.933,2.326
4536,2.742,2.326
4537,2.586,2.326
4538,2.488,2.326
4539,2.483,2.326
4540,2.532,2.326
4541,2.581,2.326
4542,2.590,2.326
4543,2.561,2.326
4544,2.507,2.326
4545,2.449,2.331
4546,2.405,2.331
4547,2.380,2.331
4548,2.366,2.331
4549,2.361,2.331
4550,2.341,2.336
4551,2.351,2.331
4552,2.488,2.336
4553,2.801,2.331
4554,3.069,2.336
4555,3.138,2.336
4556,3.025,2.336
4557,2.835,2.336
4558,2.659,2.336
4559,2.532,2.336
4560,2.488,2.336
4561,2.512,2.336
4562,2.566,2.336
4563,2.600,2.336
4564,2.581,2.336
4565,2.527,2.336
4566,2.463,2.336
4567,2.414,2.336
4568,2.380,2.336
4569,2.361,2.336
4570,2.346,2.336
4571,2.341,2.336
4572,2.331,2.336
4573,2.322,2.336
4574,2.390,2.336
4575,2.669,2.336
4576,3.011,2.336
4577,3.206,2.336
4578,3.172,2.336
4579,2.991,2.336
4580,2.801,2.341
4581,2.654,2.336
4582,2.561,2.341
4583,2.532,2.336
4584,2.546,2.341
4585,2.581,2.336
4586,2.576,2.341
4587,2.546,2.336
4588,2.493,2.341
4589,2.439,2.336
4590,2.395,2.341
4591,2.361,2.336
4592,2.331,2.341
4593,2.326,2.341
4594,2.322,2.341
4595,2.317,2.341
4596,2.297,2.341
4597,2.312,2.341
4598,2.488,2.341
4599,2.830,2.341
4600,3.099,2.341
4601,3.152,2.341
4602,3.006,2.336
4603,2.815,2.341
4604,2.644,2.341
4605,2.532,2.341
4606,2.498,2.341
4607,2.527,2.341
4608,2.561,2.341
4609,2.576,2.341
4610,2.556,2.341
4611,2.493,2.341
4612,2.434,2.341
4613,2.380,2.341
4614,2.341,2.341
4615,2.312,2.341
4616,2.302,2.341
4617,2.312,2.341
4618,2.312,2.341
4619,2.297,2.341
4620,2.287,2.341
4621,2.380,2.341
4622,2.664,2.341
4623,2.972,2.341
4624,3.109,2.341
4625,3.045,2.341
4626,2.864,2.341
4627,2.678,2.341
4628,2.532,2.336
4629,2.449,2.341
4630,2.439,2.336
4631,2.488,2.336
4632,2.522,2.336
4633,2.522,2.336
4634,2.478,2.336
4635,2.419,2.336
4636,2.380,2.336
4637,2.331,2.336
4638,2.302,2.336
4639,2.283,2.336
4640,2.268,2.336
4641,2.258,2.336
4642,2.258,2.336
4643,2.253,2.331
4644,2.243,2.336
4645,2.302,2.331
4646,2.542,2.336
4647,2.869,2.331
4648,3.074,2.336
4649,3.065,2.331
4650,2.913,2.331
4651,2.722,2.331
4652,2.561,2.331
4653,2.458,2.331
4654,2.429,2.331
4655,2.458,2.331
4656,2.498,2.331
4657,2.507,2.331
4658,2.478,2.331
4659,2.429,2.336
4660,2.375,2.331
4661,2.326,2.336
4662,2.297,2.331
4663,2.273,2.336
4664,2.268,2.331
4665,2.268,2.336
4666,2.268,2.331
4667,2.268,2.336
4668,2.263,2.336
4669,2.263,2.336
4670,2.395,2.336
4671,2.688,2.336
4672,2.952,2.336
4673,3.030,2.336
4674,2.918,2.336
4675,2.727,2.336
4676,2.561,2.336
4677,2.449,2.336
4678,2.405,2.336
4679,2.424,2.336
4680,2.473,2.336
4681,2.517,2.336
4682,2.551,2.336
4683,2.546,2.336
4684,2.493,2.341
4685,2.414,2.341
4686,2.331,2.341
4687,2.268,2.341
4688,2.229,2.341
4689,2.214,2.346
4690,2.224,2.346
4691,2.229,2.346
4692,2.243,2.346
4693,2.273,2.346
4694,2.395,2.341
4695,2.678,2.346
4696,2.962,2.341
4697,3.050,2.346
4698,2.942,2.341
4699,2.752,2.346
4700,2.566,2.346
4701,2.449,2.346
4702,2.380,2.346
4703,2.385,2.351
4704,2.429,2.351
4705,2.463,2.356
4706,2.473,2.356
4707,2.449,2.366
4708,2.400,2.375
4709,2.351,2.385
4710,2.317,2.390
4711,2.292,2.395
4712,2.268,2.400
4713,2.253,2.405
4714,2.253,2.405
4715,2.258,2.410
4716,2.258,2.410
4717,2.243,2.410
4718,2.248,2.414
4719,2.410,2.414
4720,2.722,2.419
4721,2.957,2.419
4722,3.001,2.419
4723,2.879,2.419
4724,2.698,2.424
4725,2.542,2.419
4726,2.439,2.424
4727,2.414,2.424
4728,2.439,2.424
4729,2.488,2.424
4730,2.522,2.424
4731,2.512,2.424
4732,2.483,2.424
4733,2.429,2.424
4734,2.390,2.424
4735,2.356,2.424
4736,2.326,2.424
4737,2.312,2.424
4738,2.297,2.424
4739,2.287,2.424
4740,2.356,2.424
4741,2.590,2.424
4742,2.864,2.419
4743,2.698,2.414
4744,2.546,2.414
4745,2.429,2.414
4746,2.400,2.410
4747,2.424,2.414
4748,2.463,2.410
4749,2.473,2.414
4750,2.454,2.410
4751,2.419,2.414
4752,2.375,2.414
4753,2.331,2.414
4754,2.297,2.414
4755,2.273,2.414
4756,2.258,2.414
4757,2.248,2.410
4758,2.268,2.414
4759,2.405,2.414
4760,2.693,2.414
4761,2.937,2.414
4762,2.991,2.414
4763,2.884,2.414
4764,2.713,2.414
4765,2.566,2.414
4766,2.463,2.414
4767,2.429,2.414
4768,2.439,2.414
4769,2.463,2.414
4770,2.478,2.410
4771,2.463,2.414
4772,2.424,2.410
4773,2.375,2.414
4774,2.331,2.414
4775,2.312,2.410
4776,2.292,2.414
4777,2.283,2.410
4778,2.273,2.414
4779,2.258,2.414
4780,2.287,2.419
4781,2.454,2.419
4782,2.737,2.419
4783,2.947,2.419
4784,2.986,2.424
4785,2.879,2.424
4786,2.722,2.424
4787,2.600,2.424
4788,2.517,2.424
4789,2.512,2.424
4790,2.566,2.424
4791,2.625,2.424
4792,2.639,2.424
4793,2.581,2.424
4794,2.507,2.419
4795,2.444,2.410
4796,2.405,2.390
4797,2.375,2.366
4798,2.341,2.336
4799,2.317,2.302
4800,2.292,2.268
4801,2.336,2.239
4802,2.581,2.204
4803,2.825,2.175
4804,2.937,2.151
4805,2.884,2.126
4806,2.747,2.102
4807,2.615,2.087
4808,2.502,2.072
4809,2.444,2.063
4810,2.429,2.053
4811,2.454,2.048
4812,2.493,2.043
4813,2.493,2.038
4814,2.463,2.038
4815,2.424,2.033
4816,2.395,2.033
4817,2.361,2.028
4818,2.331,2.028
4819,2.312,2.028
4820,2.292,2.028
4821,2.283,2.023
4822,2.331,2.028
4823,2.522,2.023
4824,2.796,2.023
4825,2.962,2.023
4826,2.937,2.023
4827,2.801,2.023
4828,2.634,2.023
4829,2.502,2.023
4830,2.424,2.023
4831,2.424,2.023
4832,2.458,2.023
4833,2.483,2.023
4834,2.488,2.023
4835,2.458,2.023
4836,2.414,2.023
4837,2.375,2.023
4838,2.351,2.023
4839,2.326,2.023
4840,2.317,2.023
4841,2.312,2.028
4842,2.297,2.023
4843,2.283,2.028
4844,2.336,2.023
4845,2.556,2.023
4846,2.825,2.023
4847,2.977,2.023
4848,2.928,2.023
4849,2.781,2.023
4850,2.610,2.023
4851,2.483,2.023
4852,2.419,2.023
4853,2.414,2.023
4854,2.454,2.023
4855,2.483,2.023
4856,2.483,2.023
4857,2.449,2.023
4858,2.400,2.023
4859,2.356,2.023
4860,2.326,2.023
4861,2.307,2.023
4862,2.287,2.023
4863,2.278,2.023
4864,2.268,2.023
4865,2.278,2.023
4866,2.400,2.023
4867,2.693,2.023
4868,2.898,2.023
4869,2.913,2.023
4870,2.791,2.023
4871,2.630,2.023
4872,2.483,2.023
4873,2.400,2.023
4874,2.390,2.023
4875,2.429,2.019
4876,2.468,2.023
4877,2.483,2.019
4878,2.473,2.023
4879,2.439,2.019
4880,2.390,2.019
4881,2.356,2.019
4882,2.326,2.019
4883,2.307,2.014
4884,2.297,2.014
4885,2.287,2.014
4886,2.312,2.014
4887,2.488,2.009
4888,2.747,2.009
4889,2.923,2.009
4890,2.937,2.004
4891,2.820,2.004
4892,2.664,2.004
4893,2.527,2.004
4894,2.434,1.999
4895,2.410,1.999
4896,2.439,1.999
4897,2.473,1.999
4898,2.488,1.994
4899,2.468,1.994
4900,2.429,1.989
4901,2.385,1.989
4902,2.356,1.989
4903,2.341,1.989
4904,2.336,1.984
4905,2.336,1.984
4906,2.317,1.984
4907,2.297,1.979
4908,2.351,1.979
4909,2.571,1.979
4910,2.849,1.979
4911,2.996,1.975
4912,2.957,1.975
4913,2.815,1.970
4914,2.669,1.975
4915,2.517,1.970
4916,2.449,1.970
4917,2.434,1.970
4918,2.458,1.970
4919,2.483,1.970
4920,2.483,1.965
4921,2.468,1.965
4922,2.434,1.965
4923,2.400,1.965
4924,2.375,1.965
4925,2.356,1.965
4926,2.331,1.960
4927,2.322,1.960
4928,2.307,1.960
4929,2.297,1.960
4930,2.336,1.960
4931,2.527,1.960
4932,2.815,1.955
4933,2.996,1.960
4934,2.986,1.955
4935,2.859,1.960
4936,2.698,1.955
4937,2.571,1.955
4938,2.478,1.955
4939,2.454,1.955
4940,2.473,1.955
4941,2.502,1.955
4942,2.507,1.955
4943,2.493,1.955
4944,2.454,1.955
4945,2.410,1.955
4946,2.375,1.955
4947,2.346,1.955
4948,2.326,1.955
4949,2.312,1.955
4950,2.302,1.955
4951,2.302,1.955
4952,2.292,1.960
4953,2.307,1.955
4954,2.429,1.960
4955,2.703,1.955
4956,2.947,1.960
4957,3.021,1.960
4958,2.928,1.960
4959,2.766,1.960
4960,2.605,1.960
4961,2.512,1.960
4962,2.463,1.960
4963,2.468,1.965
4964,2.493,1.960
4965,2.512,1.965
4966,2.507,1.960
4967,2.473,1.965
4968,2.434,1.965
4969,2.390,1.965
4970,2.351,1.965
4971,2.322,1.965
4972,2.297,1.965
4973,2.292,1.965
4974,2.287,1.970
4975,2.287,1.965
4976,2.278,1.970
4977,2.292,1.970
4978,2.439,1.970
4979,2.717,1.970
4980,2.937,1.970
4981,2.981,1.970
4982,2.864,1.970
4983,2.698,1.970
4984,2.561,1.970
4985,2.454,1.970
4986,2.414,1.975
4987,2.439,1.970
4988,2.473,1.975
4989,2.498,1.975
4990,2.488,1.975
4991,2.449,1.975
4992,2.414,1.975
4993,2.370,1.975
4994,2.346,1.975
4995,2.331,1.979
4996,2.322,1.979
4997,2.317,1.979
4998,2.307,1.979
4999,2.297,1.979
5000,2.341,1.979
5001,2.551,1.979
5002,2.805,1.979
5003,2.947,1.979
5004,2.903,1.984
5005,2.766,1.979
5006,2.620,1.984
5007,2.502,1.979
5008,2.434,1.984
5009,2.429,1.984
5010,2.454,1.984
5011,2.488,1.984
5012,2.502,1.984
5013,2.483,1.984
5014,2.434,1.984
5015,2.385,1.984
5016,2.356,1.989
5017,2.331,1.989
5018,2.312,1.989
5019,2.297,1.989
5020,2.287,1.989
5021,2.278,1.989
5022,2.268,1.989
5023,2.287,1.989
5024,2.454,1.989
5025,2.742,1.989
5026,2.962,1.989
5027,3.001,1.994
5028,2.889,1.994
5029,2.693,1.994
5030,2.561,1.994
5031,2.473,1.994
5032,2.449,1.994
5033,2.478,1.994
5034,2.512,1.994
5035,2.537,1.994
5036,2.556,1.994
5037,2.566,1.994
5038,2.537,1.999
5039,2.502,1.994
5040,2.454,1.999
5041,2.410,1.999
5042,2.375,1.999
5043,2.361,1.999
5044,2.351,1.999
5045,2.341,1.999
5046,2.366,1.999
5047,2.517,1.999
5048,2.791,1.999
5049,3.006,1.999
5050,3.045,1.999
5051,2.942,1.999
5052,2.791,1.999
5053,2.664,1.999
5054,2.571,1.999
5055,2.522,1.999
5056,2.542,1.999
5057,2.571,2.004
5058,2.586,1.999
5059,2.571,2.004
5060,2.527,1.999
5061,2.473,2.004
5062,2.429,1.999
5063,2.405,2.004
5064,2.390,2.004
5065,2.375,2.004
5066,2.366,2.004
5067,2.361,2.004
5068,2.351,2.004
5069,2.341,2.004
5070,2.385,2.004
5071,2.595,2.004
5072,2.879,2.004
5073,3.050,2.004
5074,3.035,2.004
5075,2.893,2.004
5076,2.737,2.004
5077,2.610,2.004
5078,2.522,2.004
5079,2.493,2.004
5080,2.512,2.004
5081,2.532,2.004
5082,2.532,2.004
5083,2.507,2.004
5084,2.458,2.009
5085,2.405,2.004
5086,2.346,2.004
5087,2.312,2.009
5088,2.292,2.004
5089,2.268,2.009
5090,2.258,2.009
5091,2.263,2.009
5092,2.258,2.009
5093,2.248,2.009
5094,2.268,2.009
5095,2.419,2.009
5096,2.693,2.009
5097,2.898,2.009
5098,2.933,2.009
5099,2.815,2.009
5100,2.659,2.009
5101,2.517,2.009
5102,2.424,2.009
5103,2.390,2.014
5104,2.414,2.014
5105,2.449,2.014
5106,2.463,2.014
5107,2.454,2.014
5108,2.424,2.014
5109,2.385,2.014
5110,2.346,2.014
5111,2.317,2.014
5112,2.297,2.014
5113,2.292,2.014
5114,2.287,2.014
5115,2.287,2.014
5116,2.287,2.014
5117,2.283,2.014
5118,2.351,2.014
5119,2.630,2.019
5120,2.864,2.019
5121,2.928,2.019
5122,2.830,2.019
5123,2.669,2.019
5124,2.527,2.019
5125,2.424,2.019
5126,2.390,2.019
5127,2.405,2.019
5128,2.449,2.019
5129,2.473,2.019
5130,2.468,2.019
5131,2.439,2.019
5132,2.395,2.023
5133,2.356,2.019
5134,2.331,2.023
5135,2.307,2.019
5136,2.297,2.023
5137,2.292,2.023
5138,2.278,2.023
5139,2.273,2.023
5140,2.312,2.023
5141,2.493,2.023
5142,2.747,2.023
5143,2.923,2.023
5144,2.898,2.023
5145,2.752,2.023
5146,2.595,2.023
5147,2.478,2.028
5148,2.400,2.023
5149,2.395,2.028
5150,2.424,2.023
5151,2.454,2.028
5152,2.468,2.028
5153,2.454,2.028
5154,2.419,2.028
5155,2.370,2.028
5156,2.341,2.028
5157,2.307,2.028
5158,2.292,2.028
5159,2.287,2.028
5160,2.283,2.028
5161,2.273,2.028
5162,2.248,2.028
5163,2.229,2.028
5164,2.351,2.028
5165,2.669,2.028
5166,2.967,2.033
5167,3.084,2.033
5168,3.001,2.033
5169,2.825,2.033
5170,2.649,2.033
5171,2.507,2.033
5172,2.454,2.033
5173,2.458,2.033
5174,2.488,2.033
5175,2.507,2.033
5176,2.498,2.033
5177,2.454,2.033
5178,2.410,2.033
5179,2.366,2.033
5180,2.331,2.033
5181,2.302,2.033
5182,2.287,2.033
5183,2.278,2.033
5184,2.268,2.033
5185,2.268,2.033
5186,2.278,2.033
5187,2.380,2.038
5188,2.615,2.033
5189,2.849,2.038
5190,2.947,2.033
5191,2.874,2.038
5192,2.727,2.033
5193,2.581,2.038
5194,2.468,2.033
5195,2.414,2.038
5196,2.405,2.033
5197,2.439,2.038
5198,2.458,2.033
5199,2.454,2.038
5200,2.429,2.038
5201,2.410,2.038
5202,2.370,2.038
5203,2.341,2.038
5204,2.317,2.043
5205,2.302,2.043
5206,2.292,2.043
5207,2.283,2.048
5208,2.273,2.048
5209,2.268,2.048
5210,2.346,2.053
5211,2.561,2.053
5212,2.796,2.063
5213,2.898,2.067
5214,2.859,2.082
5215,2.727,2.092
5216,2.586,2.111
5217,2.473,2.126
5218,2.419,2.146
5219,2.424,2.165
5220,2.458,2.180
5221,2.493,2.204
5222,2.502,2.219
5223,2.478,2.234
5224,2.444,2.243
5225,2.400,2.258
5226,2.375,2.263
5227,2.356,2.273
5228,2.346,2.278
5229,2.341,2.287
5230,2.326,2.287
5231,2.346,2.292
5232,2.478,2.292
5233,2.713,2.297
5234,2.889,2.297
5235,2.918,2.302
5236,2.820,2.302
5237,2.674,2.302
5238,2.546,2.307
5239,2.463,2.307
5240,2.444,2.307
5241,2.468,2.307
5242,2.507,2.312
5243,2.522,2.307
5244,2.507,2.312
5245,2.380,2.312
5246,2.361,2.317
5247,2.351,2.312
5248,2.346,2.317
5249,2.341,2.317
5250,2.341,2.317
5251,2.449,2.317
5252,2.698,2.317
5253,2.933,2.312
5254,3.025,2.317
5255,2.962,2.312
5256,2.815,2.317
5257,2.659,2.317
5258,2.561,2.312
5259,2.502,2.312
5260,2.502,2.312
5261,2.532,2.317
5262,2.561,2.317
5263,2.571,2.322
5264,2.546,2.322
5265,2.512,2.326
5266,2.468,2.326
5267,2.439,2.331
5268,2.410,2.331
5269,2.400,2.336
5270,2.390,2.336
5271,2.385,2.346
5272,2.375,2.346
5273,2.429,2.351
5274,2.649,2.356
5275,2.991,2.361
5276,3.255,2.366
5277,3.309,2.370
5278,3.216,2.375
5279,3.069,2.380
5280,2.923,2.385
5281,2.801,2.390
5282,2.713,2.395
5283,2.674,2.405
5284,2.688,2.414
5285,2.713,2.419
5286,2.688,2.434
5287,2.625,2.439
5288,2.546,2.449
5289,2.473,2.454
5290,2.419,2.458
5291,2.385,2.463
5292,2.366,2.478
5293,2.356,2.488
5294,2.341,2.498
5295,2.361,2.507
5296,2.507,2.512
5297,2.737,2.522
5298,2.908,2.532
5299,2.933,2.542
5300,2.840,2.556
5301,2.717,2.581
5302,2.600,2.600
5303,2.517,2.625
5304,2.488,2.639
5305,2.507,2.659
5306,2.532,2.669
5307,2.546,2.683
5308,2.537,2.688
5309,2.493,2.698
5310,2.439,2.698
5311,2.400,2.703
5312,2.361,2.703
5313,2.346,2.708
5314,2.331,2.708
5315,2.307,2.703
5316,2.312,2.708
5317,2.414,2.703
5318,2.639,2.703
5319,2.835,2.698
5320,2.893,2.698
5321,2.830,2.693
5322,2.703,2.698
5323,2.571,2.688
5324,2.468,2.693
5325,2.419,2.683
5326,2.439,2.688
5327,2.478,2.678
5328,2.502,2.683
5329,2.498,2.678
5330,2.473,2.678
5331,2.419,2.674
5332,2.375,2.674
5333,2.351,2.674
5334,2.331,2.669
5335,2.322,2.669
5336,2.312,2.669
5337,2.322,2.669
5338,2.454,2.664
5339,2.688,2.664
5340,2.874,2.659
5341,2.918,2.664
5342,2.820,2.659
5343,2.683,2.659
5344,2.546,2.659
5345,2.449,2.659
5346,2.424,2.659
5347,2.449,2.659
5348,2.478,2.659
5349,2.493,2.659
5350,2.478,2.659
5351,2.444,2.659
5352,2.400,2.659
5353,2.361,2.659
5354,2.341,2.659
5355,2.322,2.654
5356,2.302,2.659
5357,2.292,2.654
5358,2.346,2.659
5359,2.546,2.659
5360,2.796,2.659
5361,2.933,2.659
5362,2.913,2.664
5363,2.786,2.659
5364,2.649,2.659
5365,2.542,2.659
5366,2.488,2.659
5367,2.483,2.659
5368,2.493,2.659
5369,2.507,2.654
5370,2.493,2.659
5371,2.356,2.654
5372,2.322,2.654
5373,2.297,2.654
5374,2.283,2.654
5375,2.273,2.654
5376,2.312,2.654
5377,2.488,2.654
5378,2.732,2.654
5379,2.869,2.654
5380,2.854,2.649
5381,2.727,2.654
5382,2.586,2.649
5383,2.458,2.654
5384,2.390,2.649
5385,2.370,2.654
5386,2.405,2.649
5387,2.444,2.654
5388,2.449,2.649
5389,2.434,2.654
5390,2.405,2.649
5391,2.380,2.654
5392,2.356,2.649
5393,2.331,2.654
5394,2.312,2.649
5395,2.302,2.654
5396,2.341,2.649
5397,2.517,2.649
5398,2.747,2.649
5399,2.874,2.649
5400,2.840,2.649
5401,2.708,2.649
5402,2.571,2.649
5403,2.463,2.644
5404,2.400,2.649
5405,2.395,2.644
5406,2.429,2.644
5407,2.463,2.639
5408,2.468,2.644
5409,2.444,2.639
5410,2.410,2.639
5411,2.370,2.634
5412,2.336,2.639
5413,2.307,2.634
5414,2.283,2.634
5415,2.273,2.634
5416,2.366,2.634
5417,2.600,2.634
5418,2.854,2.630
5419,2.957,2.630
5420,2.889,2.630
5421,2.732,2.630
5422,2.576,2.625
5423,2.454,2.630
5424,2.400,2.625
5425,2.410,2.630
5426,2.449,2.625
5427,2.483,2.625
5428,2.478,2.625
5429,2.444,2.625
5430,2.400,2.625
5431,2.370,2.620
5432,2.346,2.620
5433,2.346,2.620
5434,2.341,2.620
5435,2.400,2.615
5436,2.625,2.620
5437,2.879,2.615
5438,3.001,2.615
5439,2.952,2.610
5440,2.801,2.615
5441,2.639,2.610
5442,2.507,2.615
5443,2.439,2.610
5444,2.434,2.615
5445,2.458,2.610
5446,2.483,2.610
5447,2.488,2.605
5448,2.463,2.610
5449,2.419,2.605
5450,2.380,2.605
5451,2.341,2.600
5452,2.312,2.595
5453,2.297,2.595
5454,2.341,2.590
5455,2.546,2.590
5456,2.825,2.586
5457,2.942,2.586
5458,2.893,2.581
5459,2.747,2.586
5460,2.595,2.581
5461,2.478,2.586
5462,2.414,2.581
5463,2.414,2.586
5464,2.454,2.581
5465,2.483,2.586
5466,2.483,2.581
5467,2.458,2.586
5468,2.414,2.586
5469,2.366,2.586
5470,2.331,2.586
5471,2.312,2.586
5472,2.287,2.586
5473,2.292,2.586
5474,2.429,2.586
5475,2.703,2.581
5476,2.928,2.586
5477,2.986,2.581
5478,2.864,2.586
5479,2.678,2.581
5480,2.512,2.586
5481,2.405,2.586
5482,2.380,2.590
5483,2.410,2.586
5484,2.468,2.586
5485,2.488,2.590
5486,2.473,2.586
5487,2.434,2.590
5488,2.385,2.586
5489,2.346,2.590
5490,2.317,2.590
5491,2.302,2.595
5492,2.297,2.595
5493,2.283,2.600
5494,2.278,2.595
5495,2.385,2.600
5496,2.703,2.600
5497,2.962,2.600
5498,2.991,2.605
5499,2.859,2.600
5500,2.664,2.605
5501,2.512,2.600
5502,2.410,2.605
5503,2.400,2.600
5504,2.449,2.605
5505,2.507,2.605
5506,2.537,2.605
5507,2.527,2.605
5508,2.493,2.605
5509,2.454,2.605
5510,2.405,2.605
5511,2.375,2.610
5512,2.351,2.610
5513,2.326,2.610
5514,2.331,2.605
5515,2.454,2.610
5516,2.727,2.610
5517,2.967,2.615
5518,3.025,2.610
5519,2.918,2.615
5520,2.737,2.610
5521,2.576,2.615
5522,2.463,2.610
5523,2.439,2.615
5524,2.468,2.615
5525,2.512,2.615
5526,2.532,2.615
5527,2.517,2.615
5528,2.473,2.615
5529,2.419,2.615
5530,2.370,2.620
5531,2.331,2.615
5532,2.317,2.620
5533,2.302,2.615
5534,2.297,2.620
5535,2.380,2.620
5536,2.664,2.620
5537,2.957,2.620
5538,3.079,2.625
5539,3.001,2.620
5540,2.815,2.625
5541,2.600,2.625
5542,2.473,2.625
5543,2.424,2.625
5544,2.439,2.625
5545,2.488,2.625
5546,2.522,2.625
5547,2.522,2.630
5548,2.488,2.625
5549,2.434,2.630
5550,2.385,2.625
5551,2.341,2.630
5552,2.312,2.625
5553,2.297,2.630
5554,2.283,2.625
5555,2.283,2.630
5556,2.419,2.630
5557,2.727,2.634
5558,2.991,2.630
5559,3.050,2.634
5560,2.933,2.630
5561,2.747,2.634
5562,2.576,2.630
5563,2.449,2.634
5564,2.414,2.634
5565,2.429,2.634
5566,2.483,2.634
5567,2.522,2.634
5568,2.512,2.634
5569,2.473,2.634
5570,2.419,2.639
5571,2.370,2.634
5572,2.336,2.639
5573,2.312,2.634
5574,2.307,2.639
5575,2.297,2.634
5576,2.287,2.639
5577,2.322,2.639
5578,2.512,2.639
5579,2.820,2.639
5580,3.021,2.639
5581,3.025,2.639
5582,2.879,2.639
5583,2.683,2.639
5584,2.522,2.639
5585,2.419,2.639
5586,2.410,2.634
5587,2.449,2.639
5588,2.493,2.634
5589,2.517,2.639
5590,2.493,2.634
5591,2.458,2.639
5592,2.414,2.634
5593,2.375,2.639
5594,2.341,2.634
5595,2.317,2.639
5596,2.292,2.634
5597,2.283,2.634
5598,2.273,2.634
5599,2.297,2.634
5600,2.478,2.634
5601,2.776,2.634
5602,2.981,2.634
5603,3.001,2.634
5604,2.854,2.639
5605,2.669,2.634
5606,2.507,2.639
5607,2.410,2.634
5608,2.390,2.639
5609,2.439,2.634
5610,2.498,2.639
5611,2.522,2.634
5612,2.507,2.639
5613,2.458,2.639
5614,2.405,2.639
5615,2.361,2.639
5616,2.341,2.639
5617,2.326,2.639
5618,2.312,2.639
5619,2.307,2.639
5620,2.302,2.639
5621,2.297,2.639
5622,2.414,2.639
5623,2.717,2.639
5624,2.957,2.639
5625,3.016,2.639
5626,2.879,2.644
5627,2.693,2.639
5628,2.532,2.644
5629,2.424,2.639
5630,2.410,2.644
5631,2.449,2.639
5632,2.498,2.644
5633,2.537,2.639
5634,2.522,2.644
5635,2.478,2.639
5636,2.424,2.644
5637,2.375,2.639
5638,2.336,2.644
5639,2.302,2.639
5640,2.292,2.639
5641,2.297,2.639
5642,2.302,2.639
5643,2.356,2.639
5644,2.566,2.639
5645,2.845,2.644
5646,3.021,2.639
5647,3.011,2.644
5648,2.854,2.639
5649,2.664,2.644
5650,2.512,2.639
5651,2.419,2.644
5652,2.410,2.639
5653,2.454,2.644
5654,2.507,2.639
5655,2.527,2.644
5656,2.502,2.644
5657,2.458,2.644
5658,2.405,2.644
5659,2.361,2.644
5660,2.336,2.644
5661,2.317,2.644
5662,2.307,2.649
5663,2.302,2.644
5664,2.307,2.649
5665,2.380,2.644
5666,2.634,2.644
5667,2.918,2.644
5668,3.045,2.644
5669,2.972,2.649
5670,2.801,2.644
5671,2.625,2.649
5672,2.498,2.644
5673,2.444,2.649
5674,2.458,2.644
5675,2.498,2.649
5676,2.532,2.644
5677,2.527,2.649
5678,2.488,2.649
5679,2.444,2.644
5680,2.395,2.649
5681,2.361,2.644
5682,2.341,2.649
5683,2.326,2.644
5684,2.322,2.649
5685,2.312,2.644
5686,2.307,2.649
5687,2.346,2.649
5688,2.542,2.649
5689,2.820,2.649
5690,2.991,2.649
5691,2.986,2.649
5692,2.849,2.649
5693,2.683,2.649
5694,2.551,2.644
5695,2.478,2.649
5696,2.468,2.644
5697,2.498,2.649
5698,2.537,2.644
5699,2.556,2.649
5700,2.532,2.644
5701,2.488,2.649
5702,2.439,2.644
5703,2.400,2.649
5704,2.375,2.644
5705,2.356,2.649
5706,2.341,2.644
5707,2.331,2.644
5708,2.322,2.639
5709,2.405,2.644
5710,2.644,2.639
5711,2.893,2.639
5712,3.001,2.639
5713,2.918,2.634
5714,2.757,2.639
5715,2.600,2.634
5716,2.488,2.639
5717,2.424,2.634
5718,2.434,2.639
5719,2.473,2.634
5720,2.507,2.639
5721,2.507,2.634
5722,2.483,2.639
5723,2.439,2.634
5724,2.390,2.634
5725,2.351,2.634
5726,2.336,2.634
5727,2.331,2.634
5728,2.326,2.634
5729,2.322,2.630
5730,2.317,2.625
5731,2.331,2.625
5732,2.483,2.620
5733,2.766,2.620
5734,2.991,2.615
5735,3.030,2.620
5736,2.918,2.615
5737,2.752,2.620
5738,2.615,2.615
5739,2.522,2.620
5740,2.488,2.615
5741,2.498,2.615
5742,2.532,2.615
5743,2.551,2.615
5744,2.542,2.615
5745,2.512,2.615
5746,2.458,2.620
5747,2.410,2.615
5748,2.312,2.615
5749,2.307,2.620
5750,2.297,2.615
5751,2.287,2.620
5752,2.312,2.620
5753,2.493,2.620
5754,2.761,2.620
5755,2.942,2.620
5756,2.952,2.625
5757,2.825,2.625
5758,2.683,2.630
5759,2.556,2.630
5760,2.468,2.634
5761,2.444,2.630
5762,2.458,2.634
5763,2.488,2.634
5764,2.502,2.639
5765,2.488,2.634
5766,2.444,2.639
5767,2.395,2.634
5768,2.351,2.639
5769,2.317,2.639
5770,2.302,2.639
5771,2.287,2.639
5772,2.278,2.639
5773,2.273,2.644
5774,2.273,2.639
5775,2.278,2.644
5776,2.346,2.639
5777,2.566,2.644
5778,2.825,2.639
5779,2.947,2.644
5780,2.898,2.639
5781,2.752,2.644
5782,2.595,2.639
5783,2.483,2.644
5784,2.424,2.639
5785,2.434,2.644
5786,2.478,2.639
5787,2.517,2.639
5788,2.517,2.639
5789,2.493,2.639
5790,2.454,2.639
5791,2.410,2.639
5792,2.380,2.639
5793,2.361,2.639
5794,2.351,2.639
5795,2.336,2.639
5796,2.326,2.639
5797,2.326,2.634
5798,2.361,2.639
5799,2.546,2.634
5800,2.796,2.639
5801,2.937,2.634
5802,2.918,2.639
5803,2.791,2.634
5804,2.634,2.639
5805,2.507,2.634
5806,2.439,2.639
5807,2.439,2.634
5808,2.473,2.634
5809,2.502,2.634
5810,2.507,2.634
5811,2.473,2.634
5812,2.429,2.634
5813,2.390,2.634
5814,2.361,2.634
5815,2.336,2.639
5816,2.331,2.634
5817,2.331,2.639
5818,2.331,2.634
5819,2.317,2.639
5820,2.331,2.634
5821,2.463,2.639
5822,2.727,2.634
5823,2.928,2.639
5824,2.972,2.639
5825,2.859,2.644
5826,2.678,2.644
5827,2.556,2.639
5828,2.478,2.644
5829,2.449,2.644
5830,2.468,2.649
5831,2.502,2.644
5832,2.517,2.649
5833,2.512,2.644
5834,2.478,2.654
5835,2.439,2.649
5836,2.400,2.654
5837,2.366,2.649
5838,2.351,2.654
5839,2.336,2.649
5840,2.326,2.654
5841,2.331,2.649
5842,2.341,2.649
5843,2.439,2.649
5844,2.678,2.644
5845,2.918,2.644
5846,3.001,2.639
5847,2.918,2.644
5848,2.781,2.644
5849,2.659,2.654
5850,2.556,2.659
5851,2.498,2.664
5852,2.502,2.669
5853,2.532,2.678
5854,2.566,2.683
5855,2.571,2.693
5856,2.571,2.703
5857,2.537,2.717
5858,2.507,2.722
5859,2.478,2.737
5860,2.449,2.752
5861,2.439,2.761
5862,2.424,2.776
5863,2.410,2.786
5864,2.395,2.796
5865,2.449,2.801
5866,2.634,2.810
5867,2.859,2.810
5868,2.972,2.820
5869,2.918,2.815
5870,2.766,2.825
5871,2.595,2.820
5872,2.478,2.830
5873,2.419,2.825
5874,2.449,2.825
5875,2.527,2.830
5876,2.546,2.825
5877,2.522,2.830
5878,2.478,2.825
5879,2.424,2.835
5880,2.385,2.830
5881,2.351,2.835
5882,2.336,2.830
5883,2.336,2.830
5884,2.336,2.830
5885,2.405,2.825
5886,2.625,2.830
5887,2.849,2.825
5888,2.937,2.830
5889,2.879,2.825
5890,2.747,2.835
5891,2.620,2.825
5892,2.512,2.830
5893,2.458,2.825
5894,2.458,2.830
5895,2.493,2.825
5896,2.517,2.830
5897,2.522,2.825
5898,2.493,2.835
5899,2.449,2.830
5900,2.405,2.835
5901,2.370,2.835
5902,2.351,2.835
5903,2.341,2.835
5904,2.331,2.840
5905,2.331,2.840
5906,2.429,2.840
5907,2.678,2.840
5908,2.913,2.840
5909,2.986,2.845
5910,2.923,2.840
5911,2.771,2.849
5912,2.630,2.845
5913,2.537,2.849
5914,2.473,2.849
5915,2.458,2.854
5916,2.478,2.854
5917,2.502,2.854
5918,2.507,2.854
5919,2.488,2.859
5920,2.444,2.859
5921,2.400,2.859
5922,2.361,2.864
5923,2.341,2.859
5924,2.331,2.864
5925,2.326,2.859
5926,2.346,2.864
5927,2.502,2.859
5928,2.742,2.869
5929,2.908,2.864
5930,2.918,2.869
5931,2.805,2.864
5932,2.664,2.869
5933,2.546,2.864
5934,2.468,2.869
5935,2.454,2.864
5936,2.488,2.869
5937,2.542,2.864
5938,2.586,2.869
5939,2.571,2.869
5940,2.527,2.864
5941,2.468,2.869
5942,2.414,2.864
5943,2.370,2.869
5944,2.346,2.864
5945,2.341,2.869
5946,2.341,2.864
5947,2.326,2.869
5948,2.336,2.864
5949,2.493,2.869
5950,2.761,2.864
5951,2.962,2.864
5952,2.996,2.864
5953,2.889,2.864
5954,2.737,2.864
5955,2.610,2.864
5956,2.517,2.864
5957,2.473,2.864
5958,2.473,2.864
5959,2.493,2.859
5960,2.507,2.864
5961,2.507,2.859
5962,2.478,2.864
5963,2.449,2.854
5964,2.419,2.859
5965,2.385,2.854
5966,2.346,2.859
5967,2.336,2.854
5968,2.331,2.859
5969,2.326,2.854
5970,2.351,2.854
5971,2.517,2.854
5972,2.786,2.854
5973,2.977,2.854
5974,2.996,2.854
5975,2.884,2.854
5976,2.742,2.854
5977,2.615,2.854
5978,2.522,2.854
5979,2.483,2.854
5980,2.478,2.849
5981,2.498,2.849
5982,2.507,2.845
5983,2.488,2.845
5984,2.449,2.845
5985,2.414,2.845
5986,2.385,2.840
5987,2.356,2.845
5988,2.331,2.840
5989,2.307,2.845
5990,2.302,2.840
5991,2.317,2.845
5992,2.454,2.840
5993,2.713,2.840
5994,2.898,2.840
5995,2.933,2.840
5996,2.801,2.840
5997,2.659,2.835
5998,2.537,2.840
5999,2.439,2.840
6000,2.414,2.835
6001,2.444,2.840
6002,2.468,2.835
6003,2.478,2.840
6004,2.454,2.835
6005,2.414,2.840
6006,2.370,2.835
6007,2.331,2.840
6008,2.307,2.835
6009,2.292,2.840
6010,2.287,2.835
6011,2.273,2.835
6012,2.268,2.835
6013,2.297,2.835
6014,2.468,2.835
6015,2.761,2.835
6016,2.957,2.835
6017,2.972,2.835
6018,2.845,2.835
6019,2.674,2.835
6020,2.542,2.835
6021,2.458,2.835
6022,2.414,2.835
6023,2.414,2.835
6024,2.439,2.835
6025,2.463,2.835
6026,2.463,2.835
6027,2.429,2.830
6028,2.375,2.835
6029,2.302,2.830
6030,2.263,2.835
6031,2.253,2.835
6032,2.263,2.835
6033,2.273,2.835
6034,2.273,2.835
6035,2.263,2.835
6036,2.312,2.835
6037,2.522,2.835
6038,2.801,2.835
6039,2.967,2.835
6040,2.937,2.830
6041,2.786,2.835
6042,2.620,2.830
6043,2.488,2.835
6044,2.410,2.830
6045,2.380,2.835
6046,2.385,2.830
6047,2.424,2.840
6048,2.444,2.830
6049,2.429,2.840
6050,2.395,2.830
6051,2.356,2.840
6052,2.331,2.835
6053,2.302,2.835
6054,2.297,2.835
6055,2.297,2.835
6056,2.278,2.840
6057,2.273,2.835
6058,2.317,2.840
6059,2.507,2.835
6060,2.761,2.840
6061,2.908,2.830
6062,2.884,2.835
6063,2.742,2.830
6064,2.586,2.835
6065,2.454,2.825
6066,2.375,2.830
6067,2.361,2.825
6068,2.385,2.830
6069,2.429,2.825
6070,2.444,2.830
6071,2.434,2.825
6072,2.405,2.825
6073,2.366,2.825
6074,2.341,2.825
6075,2.317,2.830
6076,2.307,2.825
6077,2.297,2.830
6078,2.297,2.825
6079,2.317,2.830
6080,2.473,2.830
6081,2.757,2.830
6082,2.991,2.830
6083,3.011,2.830
6084,2.893,2.830
6085,2.722,2.830
6086,2.566,2.830
6087,2.468,2.830
6088,2.429,2.830
6089,2.444,2.830
6090,2.488,2.825
6091,2.517,2.815
6092,2.507,2.805
6093,2.454,2.796
6094,2.400,2.786
6095,2.346,2.771
6096,2.307,2.761
6097,2.273,2.742
6098,2.248,2.727
6099,2.219,2.703
6100,2.209,2.678
6101,2.317,2.639
6102,2.615,2.595
6103,2.908,2.537
6104,3.045,2.488
6105,2.996,2.434
6106,2.815,2.390
6107,2.615,2.351
6108,2.458,2.326
6109,2.366,2.312
6110,2.351,2.302
6111,2.400,2.297
6112,2.454,2.287
6113,2.498,2.268
6114,2.488,2.243
6115,2.458,2.219
6116,2.429,2.195
6117,2.395,2.180
6118,2.370,2.160
6119,2.331,2.151
6120,2.292,2.136
6121,2.263,2.131
6122,2.351,2.126
6123,2.620,2.126
6124,2.879,2.126
6125,2.972,2.126
6126,2.864,2.126
6127,2.717,2.126
6128,2.576,2.131
6129,2.463,2.131
6130,2.410,2.136
6131,2.419,2.136
6132,2.454,2.136
6133,2.473,2.136
6134,2.473,2.136
6135,2.444,2.141
6136,2.400,2.136
6137,2.351,2.141
6138,2.297,2.136
6139,2.248,2.087
6140,2.190,2.072
6141,2.146,2.092
6142,2.190,2.107
6143,2.419,2.121
6144,2.747,2.126
6145,2.937,2.141
6146,2.937,2.151
6147,2.801,2.160
6148,2.630,2.170
6149,2.493,2.175
6150,2.410,2.180
6151,2.385,2.185
6152,2.419,2.185
6153,2.454,2.190
6154,2.468,2.190
6155,2.444,2.190
6156,2.405,2.195
6157,2.366,2.190
6158,2.322,2.195
6159,2.278,2.195
6160,2.248,2.195
6161,2.214,2.195
6162,2.224,2.199
6163,2.385,2.195
6164,2.703,2.199
6165,2.972,2.199
6166,3.030,2.204
6167,2.903,2.209
6168,2.737,2.219
6169,2.581,2.224
6170,2.458,2.234
6171,2.405,2.243
6172,2.405,2.253
6173,2.444,2.268
6174,2.468,2.278
6175,2.458,2.287
6176,2.419,2.297
6177,2.361,2.307
6178,2.322,2.312
6179,2.287,2.322
6180,2.268,2.326
6181,2.248,2.336
6182,2.234,2.341
6183,2.297,2.351
6184,2.532,2.356
6185,2.840,2.361
6186,3.001,2.361
6187,2.962,2.366
6188,2.796,2.370
6189,2.615,2.370
6190,2.478,2.370
6191,2.395,2.370
6192,2.370,2.375
6193,2.385,2.375
6194,2.414,2.375
6195,2.429,2.370
6196,2.419,2.375
6197,2.390,2.375
6198,2.346,2.380
6199,2.302,2.380
6200,2.268,2.385
6201,2.248,2.385
6202,2.243,2.390
6203,2.278,2.385
6204,2.478,2.390
6205,2.776,2.390
6206,2.972,2.390
6207,2.967,2.395
6208,2.820,2.395
6209,2.634,2.395
6210,2.473,2.400
6211,2.380,2.400
6212,2.361,2.400
6213,2.395,2.405
6214,2.444,2.405
6215,2.458,2.410
6216,2.449,2.405
6217,2.400,2.410
6218,2.356,2.405
6219,2.317,2.410
6220,2.292,2.405
6221,2.273,2.410
6222,2.268,2.405
6223,2.370,2.405
6224,2.659,2.405
6225,2.884,2.405
6226,2.947,2.405
6227,2.849,2.405
6228,2.674,2.405
6229,2.507,2.400
6230,2.395,2.405
6231,2.351,2.400
6232,2.370,2.405
6233,2.410,2.400
6234,2.434,2.400
6235,2.424,2.400
6236,2.400,2.400
6237,2.361,2.400
6238,2.317,2.400
6239,2.287,2.395
6240,2.273,2.400
6241,2.258,2.395
6242,2.263,2.400
6243,2.400,2.395
6244,2.678,2.395
6245,2.913,2.395
6246,2.977,2.395
6247,2.874,2.395
6248,2.698,2.395
6249,2.537,2.395
6250,2.410,2.395
6251,2.356,2.395
6252,2.449,2.395
6253,2.434,2.395
6254,2.400,2.395
6255,2.351,2.395
6256,2.322,2.395
6257,2.287,2.395
6258,2.263,2.395
6259,2.243,2.395
6260,2.239,2.395
6261,2.224,2.395
6262,2.287,2.395
6263,2.498,2.400
6264,2.786,2.395
6265,2.967,2.400
6266,2.957,2.395
6267,2.805,2.400
6268,2.625,2.395
6269,2.468,2.400
6270,2.385,2.395
6271,2.370,2.400
6272,2.410,2.395
6273,2.458,2.400
6274,2.483,2.400
6275,2.458,2.400
6276,2.419,2.400
6277,2.380,2.400
6278,2.346,2.400
6279,2.322,2.400
6280,2.302,2.400
6281,2.302,2.400
6282,2.312,2.405
6283,2.405,2.400
6284,2.620,2.400
6285,2.845,2.400
6286,2.933,2.405
6287,2.854,2.400
6288,2.693,2.405
6289,2.527,2.405
6290,2.400,2.405
6291,2.346,2.405
6292,2.356,2.410
6293,2.385,2.410
6294,2.414,2.414
6295,2.439,2.419
6296,2.444,2.419
6297,2.434,2.424
6298,2.424,2.424
6299,2.424,2.434
6300,2.419,2.429
6301,2.410,2.439
6302,2.405,2.434
6303,2.498,2.439
6304,2.717,2.439
6305,2.898,2.444
6306,2.952,2.444
6307,2.869,2.444
6308,2.722,2.444
6309,2.556,2.444
6310,2.449,2.449
6311,2.424,2.449
6312,2.449,2.449
6313,2.493,2.454
6314,2.507,2.463
6315,2.498,2.478
6316,2.473,2.512
6317,2.444,2.546
6318,2.424,2.581
6319,2.400,2.605
6320,2.385,2.639
6321,2.380,2.664
6322,2.493,2.688
6323,2.757,2.708
6324,2.977,2.727
6325,3.045,2.737
6326,2.957,2.752
6327,2.796,2.757
6328,2.639,2.761
6329,2.517,2.766
6330,2.468,2.771
6331,2.478,2.771
6332,2.522,2.771
6333,2.546,2.771
6334,2.546,2.771
6335,2.517,2.776
6336,2.483,2.771
6337,2.449,2.776
6338,2.410,2.771
6339,2.380,2.771
6340,2.375,2.771
6341,2.498,2.771
6342,2.722,2.771
6343,2.918,2.771
6344,2.962,2.771
6345,2.874,2.766
6346,2.722,2.771
6347,2.590,2.766
6348,2.493,2.771
6349,2.473,2.766
6350,2.507,2.771
6351,2.556,2.766
6352,2.571,2.771
6353,2.551,2.766
6354,2.527,2.771
6355,2.493,2.766
6356,2.463,2.766
6357,2.429,2.766
6358,2.405,2.766
6359,2.390,2.761
6360,2.473,2.766
6361,2.693,2.761
6362,2.918,2.766
6363,3.006,2.761
6364,2.942,2.766
6365,2.796,2.761
6366,2.630,2.761
6367,2.527,2.766
6368,2.483,2.761
6369,2.512,2.766
6370,2.561,2.761
6371,2.586,2.766
6372,2.576,2.761
6373,2.551,2.766
6374,2.512,2.757
6375,2.468,2.761
6376,2.429,2.761
6377,2.400,2.757
6378,2.400,2.761
6379,2.439,2.757
6380,2.610,2.757
6381,2.825,2.757
6382,2.947,2.757
6383,2.913,2.752
6384,2.786,2.757
6385,2.634,2.752
6386,2.507,2.752
6387,2.449,2.752
6388,2.458,2.752
6389,2.507,2.752
6390,2.546,2.747
6391,2.546,2.752
6392,2.517,2.747
6393,2.473,2.747
6394,2.424,2.742
6395,2.400,2.747
6396,2.380,2.742
6397,2.361,2.747
6398,2.346,2.742
6399,2.424,2.747
6400,2.644,2.747
6401,2.864,2.742
6402,2.952,2.747
6403,2.879,2.742
6404,2.722,2.742
6405,2.556,2.742
6406,2.429,2.742
6407,2.385,2.737
6408,2.414,2.742
6409,2.478,2.732
6410,2.517,2.737
6411,2.507,2.732
6412,2.473,2.737
6413,2.434,2.732
6414,2.395,2.737
6415,2.366,2.727
6416,2.341,2.732
6417,2.322,2.727
6418,2.317,2.732
6419,2.370,2.727
6420,2.561,2.732
6421,2.805,2.727
6422,2.933,2.732
6423,2.874,2.732
6424,2.722,2.727
6425,2.556,2.727
6426,2.429,2.722
6427,2.380,2.727
6428,2.414,2.722
6429,2.468,2.722
6430,2.507,2.717
6431,2.498,2.722
6432,2.468,2.717
6433,2.429,2.722
6434,2.400,2.717
6435,2.366,2.722
6436,2.356,2.717
6437,2.346,2.722
6438,2.356,2.717
6439,2.493,2.717
6440,2.752,2.717
6441,2.957,2.717
6442,3.001,2.717
6443,2.889,2.717
6444,2.708,2.717
6445,2.537,2.717
6446,2.429,2.717
6447,2.410,2.717
6448,2.444,2.717
6449,2.488,2.717
6450,2.502,2.717
6451,2.478,2.717
6452,2.429,2.717
6453,2.385,2.717
6454,2.346,2.717
6455,2.326,2.717
6456,2.307,2.717
6457,2.302,2.717
6458,2.414,2.717
6459,2.669,2.717
6460,2.913,2.717
6461,2.996,2.722
6462,2.903,2.717
6463,2.732,2.722
6464,2.566,2.717
6465,2.444,2.722
6466,2.395,2.717
6467,2.419,2.722
6468,2.463,2.717
6469,2.507,2.722
6470,2.502,2.717
6471,2.468,2.722
6472,2.424,2.717
6473,2.380,2.722
6474,2.346,2.717
6475,2.331,2.722
6476,2.312,2.722
6477,2.317,2.722
6478,2.458,2.722
6479,2.742,2.722
6480,2.981,2.722
6481,3.006,2.717
6482,2.874,2.722
6483,2.688,2.717
6484,2.532,2.722
6485,2.424,2.717
6486,2.410,2.722
6487,2.449,2.717
6488,2.498,2.722
6489,2.512,2.717
6490,2.483,2.722
6491,2.434,2.722
6492,2.385,2.722
6493,2.356,2.722
6494,2.336,2.722
6495,2.331,2.722
6496,2.336,2.722
6497,2.410,2.722
6498,2.639,2.722
6499,2.918,2.722
6500,3.069,2.722
6501,3.030,2.722
6502,2.869,2.717
6503,2.664,2.722
6504,2.542,2.722
6505,2.488,2.722
6506,2.488,2.722
6507,2.527,2.717
6508,2.542,2.722
6509,2.512,2.722
6510,2.458,2.722
6511,2.410,2.722
6512,2.361,2.727
6513,2.326,2.732
6514,2.317,2.737
6515,2.331,2.742
6516,2.341,2.742
6517,2.385,2.747
6518,2.600,2.747
6519,2.903,2.752
6520,3.079,2.752
6521,3.069,2.757
6522,2.923,2.757
6523,2.747,2.757
6524,2.605,2.757
6525,2.502,2.761
6526,2.463,2.757
6527,2.473,2.761
6528,2.512,2.757
6529,2.527,2.761
6530,2.507,2.757
6531,2.463,2.761
6532,2.419,2.757
6533,2.375,2.761
6534,2.346,2.761
6535,2.331,2.761
6536,2.307,2.757
6537,2.278,2.757
6538,2.292,2.761
6539,2.473,2.757
6540,2.791,2.757
6541,3.030,2.757
6542,3.074,2.752
6543,2.962,2.747
6544,2.791,2.742
6545,2.644,2.732
6546,2.546,2.727
6547,2.468,2.722
6548,2.454,2.717
6549,2.458,2.708
6550,2.458,2.703
6551,2.439,2.698
6552,2.395,2.693
6553,2.356,2.688
6554,2.336,2.688
6555,2.317,2.683
6556,2.302,2.683
6557,2.302,2.678
6558,2.297,2.678
6559,2.302,2.678
6560,2.312,2.678
6561,2.331,2.674
6562,2.449,2.674
6563,2.727,2.674
6564,2.977,2.674
6565,3.045,2.674
6566,2.928,2.674
6567,2.742,2.674
6568,2.586,2.674
6569,2.473,2.674
6570,2.429,2.674
6571,2.454,2.669
6572,2.493,2.669
6573,2.512,2.669
6574,2.498,2.669
6575,2.458,2.669
6576,2.400,2.669
6577,2.351,2.669
6578,2.317,2.669
6579,2.302,2.664
6580,2.297,2.664
6581,2.297,2.669
6582,2.297,2.664
6583,2.278,2.669
6584,2.258,2.664
6585,2.307,2.664
6586,2.527,2.659
6587,2.801,2.664
6588,2.933,2.659
6589,2.874,2.664
6590,2.717,2.664
6591,2.576,2.659
6592,2.454,2.659
6593,2.390,2.659
6594,2.400,2.659
6595,2.434,2.654
6596,2.463,2.659
6597,2.468,2.654
6598,2.444,2.654
6599,2.410,2.644
6600,2.385,2.639
6601,2.380,2.630
6602,2.390,2.615
6603,2.390,2.605
6604,2.385,2.590
6605,2.375,2.581
6606,2.478,2.561
6607,2.717,2.546
6608,2.933,2.532
6609,2.991,2.522
6610,2.908,2.507
6611,2.761,2.502
6612,2.625,2.493
6613,2.512,2.488
6614,2.444,2.483
6615,2.449,2.483
6616,2.483,2.483
6617,2.527,2.483
6618,2.522,2.483
6619,2.483,2.483
6620,2.419,2.483
6621,2.375,2.478
6622,2.341,2.478
6623,2.336,2.473
6624,2.307,2.473
6625,2.278,2.468
6626,2.312,2.468
6627,2.517,2.468
6628,2.830,2.468
6629,2.967,2.473
6630,2.923,2.468
6631,2.786,2.468
6632,2.649,2.458
6633,2.542,2.458
6634,2.463,2.454
6635,2.434,2.458
6636,2.439,2.454
6637,2.463,2.454
6638,2.463,2.454
6639,2.434,2.454
6640,2.390,2.454
6641,2.351,2.454
6642,2.322,2.454
6643,2.302,2.454
6644,2.287,2.458
6645,2.283,2.458
6646,2.273,2.458
6647,2.268,2.458
6648,2.351,2.458
6649,2.590,2.458
6650,2.864,2.463
6651,2.942,2.458
6652,2.854,2.463
6653,2.698,2.458
6654,2.551,2.463
6655,2.434,2.463
6656,2.380,2.468
6657,2.385,2.468
6658,2.414,2.468
6659,2.434,2.468
6660,2.429,2.468
6661,2.400,2.468
6662,2.361,2.473
6663,2.326,2.473
6664,2.302,2.473
6665,2.283,2.478
6666,2.273,2.478
6667,2.253,2.478
6668,2.253,2.478
6669,2.243,2.483
6670,2.229,2.483
6671,2.273,2.488
6672,2.473,2.488
6673,2.752,2.493
6674,2.913,2.493
6675,2.884,2.502
6676,2.742,2.502
6677,2.581,2.507
6678,2.458,2.507
6679,2.380,2.507
6680,2.385,2.512
6681,2.419,2.512
6682,2.449,2.517
6683,2.444,2.517
6684,2.410,2.522
6685,2.361,2.527
6686,2.322,2.532
6687,2.297,2.532
6688,2.268,2.532
6689,2.253,2.527
6690,2.239,2.522
6691,2.243,2.512
6692,2.243,2.512
6693,2.234,2.507
6694,2.234,2.502
6695,2.331,2.498
6696,2.576,2.502
6697,2.815,2.498
6698,2.893,2.498
6699,2.796,2.502
6700,2.634,2.502
6701,2.478,2.502
6702,2.380,2.502
6703,2.351,2.507
6704,2.380,2.507
6705,2.439,2.507
6706,2.488,2.507
6707,2.488,2.507
6708,2.458,2.502
6709,2.405,2.507
6710,2.356,2.502
6711,2.322,2.507
6712,2.292,2.502
6713,2.273,2.502
6714,2.268,2.502
6715,2.268,2.502
6716,2.287,2.502
6717,2.429,2.498
6718,2.688,2.498
6719,2.889,2.493
6720,2.893,2.493
6721,2.766,2.493
6722,2.600,2.493
6723,2.458,2.488
6724,2.370,2.493
6725,2.361,2.488
6726,2.400,2.493
6727,2.449,2.488
6728,2.473,2.493
6729,2.458,2.488
6730,2.419,2.493
6731,2.380,2.488
6732,2.341,2.488
6733,2.312,2.488
6734,2.292,2.488
6735,2.287,2.488
6736,2.273,2.483
6737,2.273,2.488
6738,2.263,2.483
6739,2.312,2.488
6740,2.542,2.483
6741,2.830,2.488
6742,2.996,2.483
6743,2.962,2.488
6744,2.801,2.483
6745,2.630,2.488
6746,2.493,2.483
6747,2.424,2.483
6748,2.419,2.483
6749,2.454,2.483
6750,2.507,2.483
6751,2.517,2.483
6752,2.493,2.483
6753,2.454,2.483
6754,2.390,2.483
6755,2.346,2.478
6756,2.312,2.478
6757,2.292,2.478
6758,2.283,2.478
6759,2.283,2.478
6760,2.283,2.473
6761,2.278,2.473
6762,2.346,2.473
6763,2.581,2.473
6764,2.884,2.473
6765,3.011,2.473
6766,2.952,2.468
6767,2.796,2.473
6768,2.630,2.468
6769,2.507,2.473
6770,2.444,2.468
6771,2.449,2.468
6772,2.478,2.468
6773,2.507,2.468
6774,2.517,2.468
6775,2.483,2.463
6776,2.434,2.463
6777,2.395,2.463
6778,2.366,2.463
6779,2.346,2.463
6780,2.341,2.463
6781,2.336,2.458
6782,2.326,2.463
6783,2.312,2.458
6784,2.370,2.458
6785,2.595,2.454
6786,2.864,2.458
6787,2.996,2.454
6788,2.952,2.458
6789,2.810,2.454
6790,2.649,2.458
6791,2.512,2.454
6792,2.449,2.458
6793,2.478,2.454
6794,2.522,2.454
6795,2.542,2.454
6796,2.517,2.454
6797,2.478,2.454
6798,2.434,2.454
6799,2.410,2.454
6800,2.405,2.454
6801,2.385,2.454
6802,2.375,2.454
6803,2.361,2.454
6804,2.341,2.454
6805,2.346,2.454
6806,2.488,2.454
6807,2.781,2.454
6808,3.021,2.454
6809,3.074,2.454
6810,2.967,2.454
6811,2.796,2.454
6812,2.659,2.454
6813,2.566,2.454
6814,2.527,2.454
6815,2.551,2.454
6816,2.595,2.454
6817,2.610,2.454
6818,2.595,2.449
6819,2.556,2.449
6820,2.502,2.449
6821,2.463,2.449
6822,2.439,2.449
6823,2.419,2.449
6824,2.400,2.449
6825,2.380,2.449
6826,2.366,2.449
6827,2.351,2.449
6828,2.361,2.449
6829,2.512,2.444
6830,2.796,2.449
6831,3.021,2.444
6832,3.065,2.449
6833,2.962,2.444
6834,2.805,2.449
6835,2.664,2.444
6836,2.571,2.449
6837,2.537,2.444
6838,2.551,2.449
6839,2.590,2.449
6840,2.605,2.449
6841,2.590,2.449
6842,2.546,2.454
6843,2.493,2.449
6844,2.444,2.454
6845,2.414,2.449
6846,2.390,2.454
6847,2.370,2.454
6848,2.361,2.454
6849,2.361,2.454
6850,2.346,2.449
6851,2.375,2.454
6852,2.576,2.454
6853,2.854,2.458
6854,3.025,2.454
6855,3.021,2.458
6856,2.893,2.454
6857,2.727,2.458
6858,2.595,2.458
6859,2.522,2.458
6860,2.507,2.458
6861,2.537,2.458
6862,2.566,2.458
6863,2.571,2.458
6864,2.546,2.463
6865,2.507,2.463
6866,2.463,2.463
6867,2.424,2.463
6868,2.400,2.468
6869,2.390,2.463
6870,2.375,2.468
6871,2.370,2.468
6872,2.361,2.473
6873,2.405,2.468
6874,2.595,2.473
6875,2.854,2.473
6876,3.006,2.478
6877,2.986,2.473
6878,2.830,2.478
6879,2.654,2.478
6880,2.551,2.478
6881,2.507,2.478
6882,2.517,2.478
6883,2.556,2.478
6884,2.581,2.483
6885,2.566,2.483
6886,2.527,2.483
6887,2.468,2.483
6888,2.429,2.488
6889,2.405,2.488
6890,2.400,2.493
6891,2.385,2.493
6892,2.366,2.502
6893,2.341,2.507
6894,2.380,2.512
6895,2.586,2.517
6896,2.854,2.527
6897,3.006,2.527
6898,2.986,2.532
6899,2.849,2.532
6900,2.698,2.542
6901,2.571,2.542
6902,2.498,2.542
6903,2.483,2.542
6904,2.507,2.546
6905,2.532,2.546
6906,2.522,2.546
6907,2.488,2.546
6908,2.444,2.546
6909,2.410,2.546
6910,2.380,2.546
6911,2.351,2.551
6912,2.326,2.546
6913,2.322,2.551
6914,2.322,2.546
6915,2.307,2.551
6916,2.322,2.546
6917,2.483,2.551
6918,2.766,2.551
6919,2.972,2.551
6920,3.001,2.556
6921,2.893,2.556
6922,2.737,2.556
6923,2.600,2.556
6924,2.512,2.561
6925,2.478,2.556
6926,2.488,2.561
6927,2.512,2.556
6928,2.522,2.561
6929,2.507,2.556
6930,2.473,2.561
6931,2.424,2.556
6932,2.380,2.556
6933,2.356,2.556
6934,2.346,2.556
6935,2.336,2.556
6936,2.322,2.556
6937,2.317,2.556
6938,2.312,2.556
6939,2.307,2.556
6940,2.356,2.551
6941,2.556,2.556
6942,2.830,2.551
6943,2.991,2.556
6944,2.977,2.551
6945,2.840,2.556
6946,2.688,2.551
6947,2.566,2.556
6948,2.493,2.551
6949,2.478,2.556
6950,2.507,2.556
6951,2.532,2.556
6952,2.532,2.556
6953,2.512,2.556
6954,2.468,2.556
6955,2.429,2.556
6956,2.390,2.556
6957,2.361,2.556
6958,2.336,2.556
6959,2.322,2.556
6960,2.322,2.556
6961,2.317,2.556
6962,2.317,2.561
6963,2.307,2.556
6964,2.331,2.561
6965,2.488,2.556
6966,2.757,2.561
6967,2.937,2.561
6968,2.957,2.561
6969,2.845,2.561
6970,2.678,2.556
6971,2.556,2.556
6972,2.483,2.551
6973,2.468,2.556
6974,2.498,2.551
6975,2.527,2.556
6976,2.542,2.551
6977,2.522,2.556
6978,2.473,2.551
6979,2.429,2.551
6980,2.385,2.546
6981,2.356,2.546
6982,2.341,2.542
6983,2.326,2.537
6984,2.312,2.527
6985,2.307,2.522
6986,2.307,2.517
6987,2.385,2.517
6988,2.610,2.512
6989,2.845,2.512
6990,2.942,2.512
6991,2.884,2.512
6992,2.722,2.512
6993,2.581,2.512
6994,2.468,2.517
6995,2.419,2.512
6996,2.439,2.517
6997,2.473,2.512
6998,2.498,2.512
6999,2.493,2.507
7000,2.454,2.507
7001,2.419,2.502
7002,2.385,2.502
7003,2.356,2.502
7004,2.326,2.502
7005,2.326,2.502
7006,2.454,2.498
7007,2.708,2.493
7008,2.903,2.493
7009,2.952,2.488
7010,2.854,2.488
7011,2.703,2.488
7012,2.561,2.488
7013,2.458,2.488
7014,2.414,2.488
7015,2.434,2.488
7016,2.473,2.488
7017,2.493,2.488
7018,2.478,2.488
7019,2.444,2.488
7020,2.390,2.488
7021,2.356,2.488
7022,2.317,2.483
7023,2.297,2.488
7024,2.292,2.483
7025,2.292,2.483
7026,2.292,2.483
7027,2.326,2.488
7028,2.502,2.488
7029,2.752,2.488
7030,2.918,2.488
7031,2.918,2.488
7032,2.791,2.493
7033,2.625,2.493
7034,2.493,2.498
7035,2.419,2.498
7036,2.414,2.498
7037,2.449,2.498
7038,2.483,2.502
7039,2.502,2.498
7040,2.493,2.502
7041,2.454,2.502
7042,2.410,2.507
7043,2.366,2.502
7044,2.336,2.507
7045,2.322,2.502
7046,2.312,2.507
7047,2.307,2.502
7048,2.317,2.507
7049,2.419,2.507
7050,2.664,2.507
7051,2.908,2.507
7052,2.996,2.507
7053,2.908,2.507
7054,2.732,2.507
7055,2.556,2.512
7056,2.429,2.507
7057,2.375,2.512
7058,2.395,2.507
7059,2.444,2.512
7060,2.478,2.512
7061,2.488,2.512
7062,2.473,2.512
7063,2.439,2.512
7064,2.405,2.512
7065,2.361,2.512
7066,2.322,2.507
7067,2.297,2.507
7068,2.273,2.502
7069,2.263,2.502
7070,2.273,2.502
7071,2.414,2.502
7072,2.693,2.502
7073,2.918,2.502
7074,2.981,2.502
7075,2.879,2.502
7076,2.698,2.502
7077,2.532,2.498
7078,2.434,2.502
7079,2.410,2.498
7080,2.434,2.498
7081,2.478,2.498
7082,2.498,2.498
7083,2.473,2.498
7084,2.439,2.498
7085,2.400,2.498
7086,2.361,2.498
7087,2.331,2.498
7088,2.312,2.493
7089,2.297,2.498
7090,2.292,2.493
7091,2.278,2.498
7092,2.312,2.493
7093,2.488,2.493
7094,2.757,2.488
7095,2.937,2.493
7096,2.942,2.488
7097,2.810,2.493
7098,2.644,2.488
7099,2.498,2.493
7100,2.419,2.488
7101,2.410,2.493
7102,2.454,2.488
7103,2.498,2.488
7104,2.517,2.488
7105,2.498,2.488
7106,2.444,2.493
7107,2.405,2.488
7108,2.370,2.493
7109,2.341,2.488
7110,2.331,2.493
7111,2.322,2.488
7112,2.312,2.493
7113,2.385,2.488
7114,2.605,2.493
7115,2.849,2.488
7116,2.952,2.493
7117,2.893,2.488
7118,2.737,2.493
7119,2.581,2.493
7120,2.458,2.493
7121,2.400,2.493
7122,2.410,2.493
7123,2.449,2.493
7124,2.483,2.493
7125,2.493,2.493
7126,2.463,2.493
7127,2.419,2.493
7128,2.370,2.488
7129,2.331,2.493
7130,2.312,2.488
7131,2.287,2.488
7132,2.375,2.493
7133,2.625,2.488
7134,2.918,2.488
7135,3.001,2.493
7136,2.908,2.488
7137,2.742,2.493
7138,2.595,2.488
7139,2.488,2.493
7140,2.434,2.488
7141,2.444,2.488
7142,2.478,2.488
7143,2.493,2.488
7144,2.493,2.488
7145,2.463,2.488
7146,2.424,2.483
7147,2.385,2.488
7148,2.351,2.483
7149,2.322,2.488
7150,2.307,2.483
7151,2.292,2.483
7152,2.287,2.483
7153,2.287,2.483
7154,2.336,2.483
7155,2.551,2.483
7156,2.835,2.483
7157,3.001,2.478
7158,2.972,2.483
7159,2.820,2.478
7160,2.654,2.483
7161,2.522,2.478
7162,2.444,2.483
7163,2.434,2.478
7164,2.468,2.478
7165,2.498,2.478
7166,2.498,2.478
7167,2.478,2.478
7168,2.439,2.478
7169,2.405,2.478
7170,2.366,2.478
7171,2.341,2.478
7172,2.322,2.478
7173,2.302,2.478
7174,2.297,2.478
7175,2.302,2.478
7176,2.292,2.473
7177,2.307,2.478
7178,2.454,2.473
7179,2.737,2.478
7180,2.957,2.473
7181,2.986,2.478
7182,2.864,2.473
7183,2.683,2.478
7184,2.532,2.473
7185,2.434,2.478
7186,2.405,2.473
7187,2.444,2.473
7188,2.488,2.473
7189,2.507,2.473
7190,2.483,2.473
7191,2.429,2.468
7192,2.380,2.473
7193,2.346,2.468
7194,2.326,2.473
7195,2.312,2.468
7196,2.297,2.473
7197,2.287,2.468
7198,2.283,2.473
7199,2.278,2.468
7200,2.273,2.473
7201,2.273,2.468
7202,2.385,2.473
7203,2.659,2.473
7204,2.923,2.473
7205,3.021,2.473
7206,2.933,2.473
7207,2.757,2.473
7208,2.600,2.473
7209,2.483,2.473
7210,2.424,2.473
7211,2.434,2.473
7212,2.478,2.473
7213,2.512,2.473
7214,2.507,2.473
7215,2.473,2.473
7216,2.424,2.473
7217,2.375,2.478
7218,2.336,2.473
7219,2.317,2.473
7220,2.307,2.473
7221,2.302,2.473
7222,2.292,2.473
7223,2.292,2.473
7224,2.283,2.478
7225,2.273,2.473
7226,2.297,2.478
7227,2.458,2.473
7228,2.752,2.478
7229,2.972,2.473
7230,3.011,2.478
7231,2.893,2.473
7232,2.713,2.478
7233,2.551,2.478
7234,2.454,2.478
7235,2.429,2.478
7236,2.458,2.478
7237,2.512,2.478
7238,2.527,2.478
7239,2.512,2.478
7240,2.473,2.483
7241,2.414,2.478
7242,2.370,2.483
7243,2.341,2.478
7244,2.322,2.483
7245,2.307,2.483
7246,2.297,2.483
7247,2.287,2.483
7248,2.278,2.478
7249,2.273,2.483
7250,2.263,2.483
7251,2.258,2.483
7252,2.317,2.483
7253,2.542,2.483
7254,2.825,2.483
7255,2.996,2.483
7256,2.962,2.488
7257,2.776,2.483
7258,2.605,2.483
7259,2.478,2.483
7260,2.424,2.483
7261,2.434,2.488
7262,2.468,2.483
7263,2.502,2.488
7264,2.512,2.483
7265,2.483,2.488
7266,2.444,2.483
7267,2.395,2.488
7268,2.356,2.483
7269,2.331,2.488
7270,2.307,2.483
7271,2.292,2.488
7272,2.283,2.488
7273,2.273,2.488
7274,2.273,2.488
7275,2.273,2.488
7276,2.268,2.488
7277,2.287,2.488
7278,2.439,2.488
7279,2.708,2.488
7280,2.933,2.488
7281,2.972,2.488
7282,2.864,2.493
7283,2.698,2.488
7284,2.546,2.493
7285,2.444,2.488
7286,2.410,2.493
7287,2.434,2.488
7288,2.478,2.493
7289,2.512,2.488
7290,2.512,2.493
7291,2.473,2.493
7292,2.429,2.493
7293,2.395,2.493
7294,2.366,2.493
7295,2.341,2.493
7296,2.322,2.493
7297,2.312,2.493
7298,2.312,2.493
7299,2.312,2.493
7300,2.312,2.493
7301,2.400,2.493
7302,2.634,2.493
7303,2.859,2.493
7304,2.947,2.493
7305,2.854,2.498
7306,2.693,2.493
7307,2.537,2.498
7308,2.419,2.493
7309,2.385,2.498
7310,2.419,2.493
7311,2.468,2.498
7312,2.502,2.493
7313,2.498,2.498
7314,2.458,2.498
7315,2.419,2.498
7316,2.375,2.498
7317,2.346,2.498
7318,2.326,2.498
7319,2.317,2.498
7320,2.297,2.498
7321,2.297,2.498
7322,2.287,2.498
7323,2.297,2.498
7324,2.419,2.502
7325,2.664,2.498
7326,2.903,2.502
7327,2.986,2.498
7328,2.908,2.502
7329,2.747,2.498
7330,2.590,2.502
7331,2.478,2.498
7332,2.439,2.502
7333,2.454,2.502
7334,2.493,2.502
7335,2.537,2.502
7336,2.532,2.498
7337,2.498,2.502
7338,2.458,2.498
7339,2.419,2.502
7340,2.380,2.498
7341,2.361,2.502
7342,2.346,2.498
7343,2.336,2.502
7344,2.331,2.498
7345,2.326,2.502
7346,2.346,2.498
7347,2.488,2.507
7348,2.747,2.502
7349,2.952,2.502
7350,2.996,2.502
7351,2.898,2.502
7352,2.737,2.502
7353,2.600,2.507
7354,2.502,2.502
7355,2.463,2.507
7356,2.488,2.502
7357,2.537,2.502
7358,2.561,2.507
7359,2.556,2.502
7360,2.522,2.507
7361,2.478,2.502
7362,2.434,2.507
7363,2.405,2.502
7364,2.380,2.507
7365,2.370,2.502
7366,2.361,2.507
7367,2.346,2.507
7368,2.375,2.507
7369,2.517,2.507
7370,2.761,2.507
7371,2.952,2.507
7372,2.981,2.502
7373,2.884,2.507
7374,2.737,2.502
7375,2.595,2.507
7376,2.502,2.502
7377,2.473,2.507
7378,2.493,2.502
7379,2.537,2.507
7380,2.556,2.502
7381,2.551,2.507
7382,2.502,2.502
7383,2.380,2.507
7384,2.370,2.502
7385,2.356,2.507
7386,2.346,2.502
7387,2.346,2.507
7388,2.434,2.502
7389,2.654,2.507
7390,2.913,2.502
7391,3.006,2.502
7392,2.937,2.502
7393,2.791,2.502
7394,2.649,2.502
7395,2.542,2.502
7396,2.483,2.502
7397,2.498,2.502
7398,2.532,2.502
7399,2.556,2.502
7400,2.556,2.507
7401,2.532,2.502
7402,2.478,2.507
7403,2.434,2.502
7404,2.400,2.507
7405,2.385,2.502
7406,2.370,2.507
7407,2.370,2.502
7408,2.361,2.507
7409,2.356,2.502
7410,2.385,2.507
7411,2.566,2.502
7412,2.825,2.507
7413,2.996,2.502
7414,2.991,2.507
7415,2.864,2.502
7416,2.713,2.507
7417,2.581,2.502
7418,2.488,2.502
7419,2.483,2.507
7420,2.517,2.502
7421,2.556,2.507
7422,2.561,2.502
7423,2.532,2.507
7424,2.493,2.502
7425,2.449,2.507
7426,2.414,2.502
7427,2.390,2.507
7428,2.370,2.502
7429,2.351,2.507
7430,2.346,2.502
7431,2.336,2.507
7432,2.375,2.507
7433,2.556,2.507
7434,2.820,2.507
7435,2.986,2.507
7436,2.986,2.507
7437,2.859,2.507
7438,2.698,2.507
7439,2.561,2.507
7440,2.488,2.507
7441,2.478,2.507
7442,2.517,2.507
7443,2.556,2.507
7444,2.556,2.512
7445,2.537,2.507
7446,2.488,2.512
7447,2.444,2.507
7448,2.400,2.507
7449,2.380,2.507
7450,2.366,2.507
7451,2.361,2.507
7452,2.351,2.507
7453,2.346,2.512
7454,2.346,2.507
7455,2.434,2.512
7456,2.683,2.507
7457,2.923,2.512
7458,3.021,2.507
7459,2.942,2.512
7460,2.786,2.507
7461,2.634,2.512
7462,2.522,2.507
7463,2.468,2.512
7464,2.478,2.507
7465,2.512,2.512
7466,2.537,2.507
7467,2.537,2.512
7468,2.507,2.507
7469,2.458,2.512
7470,2.414,2.512
7471,2.380,2.512
7472,2.361,2.512
7473,2.346,2.512
7474,2.336,2.512
7475,2.331,2.512
7476,2.322,2.517
7477,2.341,2.512
7478,2.527,2.517
7479,2.805,2.512
7480,2.981,2.512
7481,2.977,2.512
7482,2.840,2.512
7483,2.669,2.512
7484,2.527,2.512
7485,2.449,2.517
7486,2.444,2.512
7487,2.483,2.517
7488,2.522,2.512
7489,2.517,2.517
7490,2.483,2.512
7491,2.434,2.517
7492,2.390,2.512
7493,2.370,2.517
7494,2.351,2.517
7495,2.331,2.512
7496,2.317,2.517
7497,2.312,2.512
7498,2.302,2.517
7499,2.307,2.512
7500,2.341,2.517
7501,2.527,2.517
7502,2.815,2.517
7503,2.996,2.517
7504,2.981,2.517
7505,2.825,2.522
7506,2.654,2.517
7507,2.512,2.522
7508,2.439,2.522
7509,2.463,2.517
7510,2.502,2.522
7511,2.532,2.517
7512,2.522,2.522
7513,2.488,2.517
7514,2.444,2.522
7515,2.410,2.517
7516,2.380,2.522
7517,2.356,2.517
7518,2.346,2.522
7519,2.331,2.522
7520,2.331,2.522
7521,2.317,2.522
7522,2.307,2.522
7523,2.400,2.522
7524,2.644,2.522
7525,2.893,2.522
7526,2.991,2.522
7527,2.918,2.522
7528,2.757,2.522
7529,2.605,2.522
7530,2.493,2.522
7531,2.449,2.522
7532,2.463,2.522
7533,2.512,2.522
7534,2.537,2.522
7535,2.517,2.522
7536,2.473,2.522
7537,2.424,2.522
7538,2.390,2.522
7539,2.375,2.522
7540,2.361,2.527
7541,2.351,2.522
7542,2.336,2.527
7543,2.322,2.522
7544,2.317,2.527
7545,2.312,2.522
7546,2.370,2.527
7547,2.590,2.522
7548,2.869,2.527
7549,3.011,2.522
7550,2.981,2.527
7551,2.835,2.522
7552,2.678,2.527
7553,2.551,2.522
7554,2.488,2.527
7555,2.478,2.522
7556,2.512,2.527
7557,2.542,2.527
7558,2.546,2.527
7559,2.517,2.527
7560,2.473,2.527
7561,2.424,2.527
7562,2.390,2.527
7563,2.370,2.527
7564,2.351,2.527
7565,2.341,2.532
7566,2.331,2.527
7567,2.331,2.532
7568,2.326,2.527
7569,2.366,2.532
7570,2.551,2.527
7571,2.825,2.532
7572,2.991,2.527
7573,2.981,2.532
7574,2.849,2.527
7575,2.688,2.532
7576,2.566,2.527
7577,2.488,2.532
7578,2.478,2.532
7579,2.517,2.527
7580,2.551,2.532
7581,2.561,2.527
7582,2.542,2.532
7583,2.502,2.527
7584,2.454,2.532
7585,2.419,2.527
7586,2.390,2.532
7587,2.370,2.527
7588,2.366,2.532
7589,2.346,2.532
7590,2.351,2.532
7591,2.439,2.532
7592,2.674,2.532
7593,2.893,2.532
7594,2.977,2.532
7595,2.903,2.532
7596,2.757,2.532
7597,2.610,2.532
7598,2.517,2.527
7599,2.468,2.532
7600,2.488,2.532
7601,2.522,2.532
7602,2.546,2.532
7603,2.546,2.532
7604,2.507,2.532
7605,2.458,2.532
7606,2.419,2.532
7607,2.385,2.532
7608,2.361,2.532
7609,2.346,2.537
7610,2.341,2.532
7611,2.336,2.537
7612,2.331,2.532
7613,2.341,2.537
7614,2.463,2.537
7615,2.713,2.532
7616,2.947,2.537
7617,3.025,2.532
7618,2.937,2.537
7619,2.781,2.532
7620,2.644,2.537
7621,2.542,2.537
7622,2.507,2.537
7623,2.522,2.537
7624,2.556,2.537
7625,2.571,2.537
7626,2.561,2.537
7627,2.517,2.537
7628,2.468,2.537
7629,2.434,2.537
7630,2.410,2.537
7631,2.390,2.542
7632,2.380,2.537
7633,2.375,2.542
7634,2.370,2.542
7635,2.366,2.537
7636,2.400,2.542
7637,2.600,2.537
7638,2.854,2.542
7639,3.001,2.537
7640,2.981,2.542
7641,2.854,2.537
7642,2.713,2.542
7643,2.600,2.537
7644,2.527,2.542
7645,2.512,2.537
7646,2.542,2.542
7647,2.566,2.542
7648,2.561,2.542
7649,2.527,2.542
7650,2.478,2.542
7651,2.439,2.542
7652,2.405,2.542
7653,2.375,2.542
7654,2.361,2.542
7655,2.351,2.542
7656,2.341,2.542
7657,2.341,2.546
7658,2.366,2.542
7659,2.454,2.546
7660,2.678,2.542
7661,2.962,2.546
7662,3.133,2.542
7663,3.118,2.546
7664,2.991,2.546
7665,2.830,2.551
7666,2.698,2.546
7667,2.605,2.551
7668,2.576,2.546
7669,2.590,2.551
7670,2.615,2.551
7671,2.625,2.551
7672,2.600,2.551
7673,2.546,2.546
7674,2.483,2.551
7675,2.424,2.546
7676,2.380,2.551
7677,2.356,2.546
7678,2.346,2.551
7679,2.326,2.546
7680,2.307,2.551
7681,2.292,2.546
7682,2.278,2.546
7683,2.273,2.542
7684,2.341,2.546
7685,2.561,2.542
7686,2.825,2.542
7687,2.962,2.542
7688,2.918,2.542
7689,2.781,2.546
7690,2.644,2.542
7691,2.542,2.546
7692,2.463,2.542
7693,2.449,2.546
7694,2.468,2.542
7695,2.488,2.546
7696,2.488,2.542
7697,2.473,2.546
7698,2.439,2.542
7699,2.395,2.546
7700,2.361,2.542
7701,2.331,2.546
7702,2.312,2.542
7703,2.302,2.542
7704,2.292,2.546
7705,2.292,2.542
7706,2.287,2.546
7707,2.292,2.542
7708,2.273,2.546
7709,2.312,2.542
7710,2.473,2.546
7711,2.742,2.542
7712,2.913,2.546
7713,2.908,2.542
7714,2.781,2.546
7715,2.639,2.542
7716,2.527,2.546
7717,2.463,2.546
7718,2.478,2.546
7719,2.556,2.546
7720,2.634,2.546
7721,2.654,2.546
7722,2.600,2.546
7723,2.517,2.546
7724,2.439,2.546
7725,2.375,2.546
7726,2.341,2.546
7727,2.326,2.546
7728,2.322,2.546
7729,2.317,2.546
7730,2.302,2.546
7731,2.302,2.546
7732,2.410,2.546
7733,2.654,2.546
7734,2.864,2.546
7735,2.913,2.546
7736,2.825,2.546
7737,2.674,2.546
7738,2.546,2.546
7739,2.454,2.546
7740,2.419,2.546
7741,2.429,2.546
7742,2.458,2.546
7743,2.483,2.546
7744,2.473,2.546
7745,2.439,2.542
7746,2.395,2.546
7747,2.356,2.542
7748,2.322,2.546
7749,2.302,2.542
7750,2.292,2.546
7751,2.292,2.542
7752,2.287,2.546
7753,2.283,2.546
7754,2.268,2.546
7755,2.287,2.546
7756,2.429,2.546
7757,2.698,2.546
7758,2.908,2.546
7759,2.952,2.546
7760,2.786,2.546
7761,2.644,2.546
7762,2.532,2.551
7763,2.454,2.546
7764,2.434,2.551
7765,2.458,2.546
7766,2.483,2.551
7767,2.483,2.546
7768,2.468,2.551
7769,2.439,2.546
7770,2.390,2.551
7771,2.351,2.546
7772,2.326,2.551
7773,2.307,2.546
7774,2.287,2.551
7775,2.283,2.546
7776,2.273,2.546
7777,2.268,2.551
7778,2.273,2.546
7779,2.268,2.551
7780,2.263,2.546
7781,2.322,2.551
7782,2.537,2.546
7783,2.810,2.551
7784,2.947,2.546
7785,2.913,2.551
7786,2.766,2.546
7787,2.610,2.551
7788,2.498,2.551
7789,2.439,2.551
7790,2.449,2.551
7791,2.478,2.551
7792,2.502,2.551
7793,2.507,2.551
7794,2.478,2.551
7795,2.429,2.551
7796,2.385,2.551
7797,2.346,2.551
7798,2.326,2.551
7799,2.312,2.551
7800,2.302,2.551
7801,2.302,2.551
7802,2.302,2.551
7803,2.297,2.551
7804,2.287,2.551
7805,2.356,2.551
7806,2.571,2.551
7807,2.820,2.551
7808,2.928,2.551
7809,2.859,2.551
7810,2.703,2.551
7811,2.556,2.551
7812,2.454,2.551
7813,2.410,2.551
7814,2.429,2.551
7815,2.488,2.551
7816,2.532,2.551
7817,2.532,2.551
7818,2.493,2.551
7819,2.449,2.551
7820,2.405,2.551
7821,2.385,2.551
7822,2.375,2.551
7823,2.375,2.551
7824,2.375,2.551
7825,2.370,2.551
7826,2.341,2.551
7827,2.312,2.551
7828,2.341,2.551
7829,2.532,2.551
7830,2.825,2.551
7831,3.011,2.551
7832,3.011,2.551
7833,2.879,2.551
7834,2.713,2.551
7835,2.590,2.551
7836,2.502,2.551
7837,2.468,2.551
7838,2.483,2.551
7839,2.527,2.546
7840,2.556,2.551
7841,2.542,2.546
7842,2.488,2.551
7843,2.429,2.551
7844,2.375,2.551
7845,2.346,2.551
7846,2.331,2.551
7847,2.317,2.551
7848,2.307,2.551
7849,2.312,2.551
7850,2.307,2.551
7851,2.297,2.551
7852,2.336,2.551
7853,2.517,2.551
7854,2.791,2.551
7855,2.977,2.551
7856,2.981,2.551
7857,2.840,2.551
7858,2.664,2.551
7859,2.532,2.551
7860,2.454,2.551
7861,2.439,2.551
7862,2.468,2.551
7863,2.502,2.551
7864,2.517,2.551
7865,2.493,2.551
7866,2.449,2.551
7867,2.400,2.551
7868,2.361,2.556
7869,2.331,2.551
7870,2.317,2.556
7871,2.307,2.551
7872,2.292,2.556
7873,2.287,2.551
7874,2.283,2.556
7875,2.283,2.556
7876,2.322,2.556
7877,2.507,2.556
7878,2.786,2.556
7879,2.962,2.556
7880,2.962,2.556
7881,2.820,2.556
7882,2.649,2.556
7883,2.517,2.561
7884,2.439,2.556
7885,2.434,2.561
7886,2.517,2.561
7887,2.483,2.556
7888,2.439,2.561
7889,2.400,2.561
7890,2.366,2.561
7891,2.346,2.561
7892,2.331,2.561
7893,2.322,2.561
7894,2.312,2.561
7895,2.302,2.561
7896,2.326,2.561
7897,2.478,2.561
7898,2.727,2.561
7899,2.908,2.561
7900,2.933,2.561
7901,2.825,2.561
7902,2.639,2.561
7903,2.498,2.561
7904,2.419,2.561
7905,2.414,2.561
7906,2.454,2.561
7907,2.493,2.561
7908,2.512,2.561
7909,2.488,2.561
7910,2.449,2.566
7911,2.400,2.561
7912,2.370,2.566
7913,2.346,2.561
7914,2.322,2.566
7915,2.312,2.561
7916,2.302,2.566
7917,2.287,2.561
7918,2.322,2.566
7919,2.507,2.561
7920,2.791,2.566
7921,2.977,2.561
7922,2.986,2.566
7923,2.864,2.561
7924,2.693,2.566
7925,2.556,2.566
7926,2.468,2.566
7927,2.444,2.566
7928,2.478,2.566
7929,2.517,2.566
7930,2.537,2.566
7931,2.512,2.571
7932,2.468,2.566
7933,2.419,2.571
7934,2.380,2.566
7935,2.351,2.571
7936,2.336,2.566
7937,2.326,2.571
7938,2.322,2.566
7939,2.317,2.571
7940,2.312,2.571
7941,2.356,2.571
7942,2.551,2.571
7943,2.840,2.571
7944,3.025,2.571
7945,3.016,2.571
7946,2.874,2.571
7947,2.717,2.571
7948,2.586,2.571
7949,2.512,2.571
7950,2.488,2.571
7951,2.517,2.571
7952,2.542,2.576
7953,2.556,2.571
7954,2.527,2.576
7955,2.488,2.571
7956,2.439,2.576
7957,2.405,2.571
7958,2.375,2.576
7959,2.356,2.576
7960,2.341,2.576
7961,2.326,2.576
7962,2.322,2.571
7963,2.317,2.576
7964,2.322,2.571
7965,2.312,2.576
7966,2.341,2.571
7967,2.517,2.576
7968,2.805,2.571
7969,3.011,2.576
7970,3.025,2.571
7971,2.903,2.576
7972,2.732,2.571
7973,2.600,2.576
7974,2.522,2.576
7975,2.493,2.576
7976,2.512,2.576
7977,2.537,2.576
7978,2.546,2.576
7979,2.532,2.576
7980,2.493,2.576
7981,2.454,2.576
7982,2.410,2.576
7983,2.385,2.576
7984,2.366,2.576
7985,2.351,2.576
7986,2.341,2.581
7987,2.341,2.576
7988,2.336,2.581
7989,2.326,2.576
7990,2.322,2.576
7991,2.410,2.576
7992,2.654,2.576
7993,2.898,2.576
7994,2.991,2.576
7995,2.923,2.581
7996,2.771,2.576
7997,2.630,2.581
7998,2.522,2.576
7999,2.468,2.581
8000,2.473,2.576
8001,2.512,2.581
8002,2.546,2.576
8003,2.542,2.581
8004,2.507,2.576
8005,2.458,2.581
8006,2.414,2.576
8007,2.385,2.581
8008,2.361,2.576
8009,2.351,2.581
8010,2.336,2.576
8011,2.322,2.576
8012,2.317,2.581
8013,2.322,2.581
8014,2.312,2.581
8015,2.336,2.581
8016,2.502,2.576
8017,2.766,2.581
8018,2.947,2.581
8019,2.967,2.581
8020,2.849,2.581
8021,2.703,2.581
8022,2.576,2.581
8023,2.488,2.581
8024,2.463,2.581
8025,2.483,2.581
8026,2.522,2.581
8027,2.537,2.581
8028,2.522,2.581
8029,2.473,2.586
8030,2.434,2.581
8031,2.395,2.586
8032,2.375,2.581
8033,2.356,2.581
8034,2.336,2.581
8035,2.322,2.581
8036,2.317,2.581
8037,2.312,2.581
8038,2.302,2.586
8039,2.307,2.581
8040,2.312,2.586
8041,2.424,2.581
8042,2.669,2.586
8043,2.898,2.581
8044,2.972,2.586
8045,2.884,2.581
8046,2.732,2.586
8047,2.595,2.586
8048,2.512,2.586
8049,2.493,2.586
8050,2.542,2.586
8051,2.610,2.586
8052,2.630,2.586
8053,2.610,2.586
8054,2.556,2.586
8055,2.498,2.586
8056,2.454,2.586
8057,2.424,2.590
8058,2.405,2.586
8059,2.390,2.590
8060,2.375,2.586
8061,2.351,2.590
8062,2.336,2.586
8063,2.312,2.590
8064,2.292,2.586
8065,2.283,2.590
8066,2.326,2.586
8067,2.517,2.590
8068,2.771,2.586
8069,2.918,2.590
8070,2.913,2.586
8071,2.786,2.590
8072,2.644,2.590
8073,2.512,2.586
8074,2.449,2.590
8075,2.449,2.586
8076,2.478,2.590
8077,2.502,2.586
8078,2.517,2.590
8079,2.493,2.586
8080,2.454,2.590
8081,2.405,2.590
8082,2.366,2.590
8083,2.346,2.590
8084,2.336,2.590
8085,2.331,2.590
8086,2.322,2.590
8087,2.317,2.590
8088,2.307,2.590
8089,2.307,2.590
8090,2.302,2.590
8091,2.292,2.595
8092,2.370,2.590
8093,2.586,2.595
8094,2.825,2.590
8095,2.947,2.595
8096,2.903,2.590
8097,2.757,2.595
8098,2.615,2.590
8099,2.498,2.595
8100,2.449,2.590
8101,2.468,2.595
8102,2.512,2.595
8103,2.532,2.595
8104,2.522,2.595
8105,2.488,2.595
8106,2.449,2.595
8107,2.410,2.595
8108,2.380,2.595
8109,2.356,2.595
8110,2.341,2.600
8111,2.331,2.595
8112,2.326,2.600
8113,2.317,2.595
8114,2.307,2.600
8115,2.366,2.595
8116,2.551,2.600
8117,2.786,2.595
8118,2.913,2.600
8119,2.893,2.595
8120,2.766,2.595
8121,2.620,2.600
8122,2.498,2.595
8123,2.434,2.600
8124,2.434,2.595
8125,2.473,2.600
8126,2.512,2.595
8127,2.512,2.600
8128,2.488,2.595
8129,2.449,2.600
8130,2.405,2.595
8131,2.375,2.600
8132,2.346,2.595
8133,2.336,2.600
8134,2.331,2.600
8135,2.322,2.600
8136,2.322,2.600
8137,2.312,2.600
8138,2.307,2.600
8139,2.312,2.600
8140,2.419,2.600
8141,2.664,2.600
8142,2.893,2.600
8143,2.991,2.600
8144,2.923,2.600
8145,2.781,2.600
8146,2.634,2.600
8147,2.527,2.605
8148,2.473,2.600
8149,2.483,2.605
8150,2.527,2.600
8151,2.556,2.605
8152,2.551,2.600
8153,2.527,2.605
8154,2.478,2.600
8155,2.434,2.605
8156,2.405,2.600
8157,2.385,2.605
8158,2.361,2.605
8159,2.346,2.600
8160,2.341,2.605
8161,2.341,2.600
8162,2.336,2.605
8163,2.322,2.600
8164,2.322,2.605
8165,2.414,2.600
8166,2.649,2.605
8167,2.893,2.600
8168,2.996,2.605
8169,2.942,2.605
8170,2.805,2.605
8171,2.654,2.605
8172,2.551,2.605
8173,2.498,2.605
8174,2.502,2.605
8175,2.527,2.605
8176,2.556,2.605
8177,2.561,2.605
8178,2.542,2.605
8179,2.493,2.605
8180,2.449,2.605
8181,2.410,2.605
8182,2.390,2.605
8183,2.370,2.605
8184,2.361,2.605
8185,2.361,2.605
8186,2.351,2.600
8187,2.351,2.605
8188,2.336,2.605
8189,2.326,2.605
8190,2.356,2.605
8191,2.512,2.605
8192,2.766,2.605
8193,2.962,2.605
8194,2.996,2.605
8195,2.898,2.605
8196,2.752,2.605
8197,2.625,2.605
8198,2.546,2.605
8199,2.522,2.600
8200,2.537,2.605
8201,2.571,2.600
8202,2.581,2.605
8203,2.556,2.600
8204,2.512,2.605
8205,2.473,2.600
8206,2.444,2.605
8207,2.410,2.600
8208,2.380,2.605
8209,2.366,2.600
8210,2.356,2.605
8211,2.356,2.600
8212,2.356,2.600
8213,2.351,2.600
8214,2.341,2.600
8215,2.356,2.600
8216,2.522,2.600
8217,2.786,2.600
8218,2.967,2.600
8219,2.991,2.600
8220,2.884,2.600
8221,2.747,2.600
8222,2.625,2.600
8223,2.542,2.600
8224,2.522,2.600
8225,2.546,2.600
8226,2.586,2.600
8227,2.600,2.600
8228,2.586,2.600
8229,2.561,2.600
8230,2.532,2.600
8231,2.512,2.600
8232,2.488,2.600
8233,2.454,2.600
8234,2.434,2.600
8235,2.424,2.600
8236,2.424,2.605
8237,2.419,2.600
8238,2.405,2.605
8239,2.385,2.600
8240,2.419,2.605
8241,2.620,2.600
8242,2.859,2.605
8243,2.991,2.600
8244,2.952,2.600
8245,2.825,2.600
8246,2.693,2.600
8247,2.595,2.605
8248,2.537,2.600
8249,2.522,2.605
8250,2.556,2.600
8251,2.576,2.605
8252,2.571,2.600
8253,2.542,2.605
8254,2.498,2.600
8255,2.449,2.605
8256,2.414,2.605
8257,2.395,2.605
8258,2.390,2.605
8259,2.380,2.605
8260,2.370,2.605
8261,2.361,2.610
8262,2.346,2.605
8263,2.361,2.605
8264,2.502,2.610
8265,2.742,2.605
8266,2.937,2.610
8267,2.981,2.605
8268,2.889,2.610
8269,2.747,2.605
8270,2.625,2.610
8271,2.537,2.610
8272,2.507,2.605
8273,2.532,2.610
8274,2.566,2.605
8275,2.576,2.610
8276,2.556,2.605
8277,2.522,2.610
8278,2.478,2.610
8279,2.439,2.610
8280,2.414,2.610
8281,2.400,2.610
8282,2.390,2.610
8283,2.375,2.610
8284,2.366,2.610
8285,2.390,2.610
8286,2.537,2.610
8287,2.771,2.610
8288,2.937,2.615
8289,2.942,2.610
8290,2.835,2.615
8291,2.698,2.610
8292,2.571,2.615
8293,2.498,2.610
8294,2.483,2.615
8295,2.512,2.610
8296,2.551,2.615
8297,2.551,2.610
8298,2.527,2.615
8299,2.483,2.610
8300,2.434,2.615
8301,2.405,2.615
8302,2.375,2.615
8303,2.361,2.615
8304,2.341,2.615
8305,2.326,2.615
8306,2.322,2.615
8307,2.336,2.620
8308,2.429,2.615
8309,2.678,2.620
8310,2.913,2.615
8311,3.006,2.620
8312,2.942,2.615
8313,2.801,2.620
8314,2.664,2.615
8315,2.571,2.620
8316,2.512,2.615
8317,2.517,2.620
8318,2.546,2.615
8319,2.561,2.620
8320,2.551,2.615
8321,2.522,2.620
8322,2.478,2.620
8323,2.429,2.620
8324,2.400,2.620
8325,2.370,2.620
8326,2.351,2.620
8327,2.351,2.620
8328,2.351,2.620
8329,2.336,2.615
8330,2.346,2.620
8331,2.458,2.620
8332,2.717,2.620
8333,2.952,2.620
8334,3.021,2.620
8335,2.937,2.620
8336,2.786,2.620
8337,2.649,2.620
8338,2.551,2.620
8339,2.507,2.620
8340,2.507,2.620
8341,2.532,2.620
8342,2.556,2.620
8343,2.542,2.625
8344,2.507,2.620
8345,2.458,2.625
8346,2.419,2.620
8347,2.380,2.625
8348,2.361,2.620
8349,2.351,2.625
8350,2.336,2.620
8351,2.336,2.625
8352,2.331,2.620
8353,2.322,2.625
8354,2.370,2.620
8355,2.581,2.625
8356,2.845,2.625
8357,3.001,2.620
8358,2.962,2.625
8359,2.825,2.620
8360,2.683,2.625
8361,2.571,2.620
8362,2.507,2.625
8363,2.512,2.620
8364,2.537,2.625
8365,2.561,2.620
8366,2.561,2.625
8367,2.532,2.625
8368,2.493,2.630
8369,2.449,2.625
8370,2.405,2.630
8371,2.390,2.625
8372,2.380,2.630
8373,2.370,2.625
8374,2.361,2.625
8375,2.351,2.625
8376,2.351,2.625
8377,2.458,2.625
8378,2.713,2.625
8379,2.937,2.625
8380,3.011,2.625
8381,2.923,2.625
8382,2.776,2.620
8383,2.639,2.625
8384,2.546,2.620
8385,2.498,2.625
8386,2.512,2.620
8387,2.546,2.620
8388,2.551,2.625
8389,2.517,2.620
8390,2.473,2.620
8391,2.434,2.620
8392,2.395,2.620
8393,2.370,2.620
8394,2.351,2.620
8395,2.346,2.625
8396,2.351,2.620
8397,2.341,2.620
8398,2.331,2.620
8399,2.336,2.620
8400,2.454,2.620
8401,2.717,2.620
8402,2.957,2.620
8403,3.021,2.620
8404,2.937,2.620
8405,2.796,2.615
8406,2.664,2.620
8407,2.561,2.615
8408,2.507,2.620
8409,2.498,2.615
8410,2.512,2.620
8411,2.527,2.615
8412,2.512,2.615
8413,2.473,2.615
8414,2.429,2.615
8415,2.395,2.620
8416,2.361,2.615
8417,2.336,2.620
8418,2.326,2.615
8419,2.312,2.620
8420,2.317,2.615
8421,2.312,2.620
8422,2.302,2.615
8423,2.307,2.620
8424,2.434,2.615
8425,2.698,2.615
8426,2.913,2.615
8427,2.967,2.615
8428,2.874,2.615
8429,2.742,2.615
8430,2.634,2.615
8431,2.537,2.615
8432,2.478,2.615
8433,2.473,2.615
8434,2.478,2.615
8435,2.488,2.615
8436,2.468,2.615
8437,2.434,2.615
8438,2.380,2.615
8439,2.351,2.610
8440,2.326,2.615
8441,2.317,2.610
8442,2.302,2.615
8443,2.297,2.615
8444,2.297,2.615
8445,2.292,2.615
8446,2.283,2.615
8447,2.307,2.615
8448,2.458,2.615
8449,2.722,2.615
8450,2.903,2.615
8451,2.908,2.615
8452,2.796,2.615
8453,2.659,2.620
8454,2.542,2.615
8455,2.458,2.620
8456,2.429,2.615
8457,2.449,2.620
8458,2.473,2.615
8459,2.483,2.620
8460,2.463,2.615
8461,2.424,2.620
8462,2.366,2.615
8463,2.331,2.620
8464,2.312,2.615
8465,2.297,2.620
8466,2.297,2.615
8467,2.292,2.620
8468,2.283,2.615
8469,2.278,2.620
8470,2.312,2.620
8471,2.522,2.615
8472,2.776,2.620
8473,2.903,2.615
8474,2.864,2.620
8475,2.737,2.615
8476,2.610,2.620
8477,2.507,2.615
8478,2.424,2.620
8479,2.400,2.615
8480,2.419,2.620
8481,2.439,2.620
8482,2.439,2.620
8483,2.419,2.620
8484,2.380,2.620
8485,2.341,2.620
8486,2.312,2.620
8487,2.287,2.620
8488,2.273,2.620
8489,2.268,2.620
8490,2.268,2.620
8491,2.268,2.620
8492,2.263,2.620
8493,2.253,2.625
8494,2.248,2.620
8495,2.346,2.625
8496,2.605,2.620
8497,2.854,2.625
8498,2.933,2.620
8499,2.840,2.625
8500,2.698,2.625
8501,2.571,2.620
8502,2.483,2.625
8503,2.434,2.620
8504,2.434,2.625
8505,2.454,2.620
8506,2.463,2.625
8507,2.449,2.620
8508,2.414,2.625
8509,2.375,2.620
8510,2.336,2.625
8511,2.307,2.620
8512,2.297,2.625
8513,2.283,2.620
8514,2.278,2.625
8515,2.273,2.625
8516,2.278,2.625
8517,2.273,2.630
8518,2.263,2.625
8519,2.248,2.625
8520,2.283,2.625
8521,2.473,2.630
8522,2.761,2.625
8523,2.942,2.625
8524,2.942,2.625
8525,2.815,2.625
8526,2.674,2.625
8527,2.561,2.625
8528,2.488,2.625
8529,2.463,2.620
8530,2.478,2.625
8531,2.502,2.620
8532,2.522,2.625
8533,2.498,2.620
8534,2.454,2.625
8535,2.405,2.620
8536,2.370,2.625
8537,2.341,2.620
8538,2.322,2.620
8539,2.312,2.620
8540,2.317,2.620
8541,2.317,2.620
8542,2.322,2.620
8543,2.312,2.620
8544,2.297,2.620
8545,2.341,2.620
8546,2.546,2.620
8547,2.810,2.620
8548,2.967,2.615
8549,2.947,2.620
8550,2.820,2.615
8551,2.674,2.620
8552,2.561,2.615
8553,2.483,2.620
8554,2.478,2.615
8555,2.512,2.615
8556,2.546,2.615
8557,2.551,2.615
8558,2.522,2.615
8559,2.478,2.615
8560,2.429,2.615
8561,2.390,2.615
8562,2.361,2.615
8563,2.341,2.615
8564,2.341,2.615
8565,2.336,2.610
8566,2.326,2.615
8567,2.322,2.610
8568,2.424,2.615
8569,2.678,2.610
8570,2.918,2.615
8571,3.011,2.610
8572,2.942,2.615
8573,2.801,2.610
8574,2.669,2.615
8575,2.561,2.610
8576,2.502,2.615
8577,2.498,2.610
8578,2.522,2.615
8579,2.546,2.610
8580,2.537,2.615
8581,2.498,2.610
8582,2.458,2.615
8583,2.414,2.615
8584,2.375,2.615
8585,2.341,2.615
8586,2.326,2.610
8587,2.326,2.615
8588,2.326,2.610
8589,2.326,2.615
8590,2.317,2.610
8591,2.336,2.615
8592,2.488,2.610
8593,2.766,2.615
8594,2.981,2.610
8595,3.016,2.615
8596,2.908,2.615
8597,2.757,2.620
8598,2.649,2.615
8599,2.610,2.620
8600,2.644,2.620
8601,2.713,2.620
8602,2.752,2.620
8603,2.747,2.620
8604,2.698,2.620
8605,2.630,2.620
8606,2.566,2.625
8607,2.507,2.620
8608,2.473,2.625
8609,2.449,2.625
8610,2.424,2.630
8611,2.400,2.630
8612,2.414,2.634
8613,2.610,2.634
8614,2.893,2.634
8615,3.069,2.634
8616,3.084,2.634
8617,2.972,2.639
8618,2.825,2.634
8619,2.688,2.639
8620,2.595,2.634
8621,2.551,2.639
8622,2.556,2.634
8623,2.571,2.639
8624,2.581,2.634
8625,2.561,2.639
8626,2.517,2.634
8627,2.458,2.639
8628,2.410,2.634
8629,2.361,2.639
8630,2.331,2.639
8631,2.317,2.644
8632,2.302,2.639
8633,2.287,2.644
8634,2.336,2.639
8635,2.551,2.644
8636,2.820,2.644
8637,2.986,2.644
8638,2.972,2.644
8639,2.835,2.644
8640,2.654,2.644
8641,2.449,2.644
8642,2.483,2.644
8643,2.502,2.644
8644,2.488,2.644
8645,2.458,2.644
8646,2.429,2.644
8647,2.395,2.644
8648,2.375,2.644
8649,2.410,2.644
8650,2.483,2.649
8651,2.527,2.644
8652,2.522,2.649
8653,2.488,2.644
8654,2.566,2.644
8655,2.781,2.634
8656,2.952,2.630
8657,3.001,2.620
8658,2.928,2.615
8659,2.805,2.605
8660,2.678,2.610
8661,2.576,2.600
8662,2.542,2.600
8663,2.546,2.595
8664,2.556,2.595
8665,2.566,2.586
8666,2.537,2.586
8667,2.488,2.581
8668,2.434,2.581
8669,2.385,2.576
8670,2.331,2.571
8671,2.297,2.576
8672,2.268,2.571
8673,2.248,2.571
8674,2.243,2.571
8675,2.253,2.571
8676,2.400,2.571
8677,2.664,2.571
8678,2.874,2.571
8679,2.918,2.571
8680,2.830,2.571
8681,2.688,2.571
8682,2.571,2.571
8683,2.478,2.576
8684,2.439,2.576
8685,2.449,2.576
8686,2.473,2.576
8687,2.478,2.576
8688,2.458,2.581
8689,2.429,2.576
8690,2.390,2.581
8691,2.346,2.576
8692,2.326,2.581
8693,2.312,2.576
8694,2.292,2.581
8695,2.292,2.576
8696,2.283,2.581
8697,2.283,2.576
8698,2.375,2.581
8699,2.610,2.576
8700,2.840,2.576
8701,2.918,2.576
8702,2.854,2.576
8703,2.717,2.576
8704,2.595,2.576
8705,2.498,2.576
8706,2.449,2.576
8707,2.449,2.576
8708,2.478,2.571
8709,2.498,2.576
8710,2.493,2.571
8711,2.463,2.576
8712,2.424,2.571
8713,2.380,2.576
8714,2.346,2.571
8715,2.322,2.576
8716,2.302,2.571
8717,2.292,2.571
8718,2.283,2.571
8719,2.283,2.571
8720,2.312,2.571
8721,2.478,2.571
8722,2.717,2.571
8723,2.879,2.571
8724,2.874,2.571
8725,2.757,2.566
8726,2.620,2.571
8727,2.488,2.566
8728,2.414,2.571
8729,2.400,2.566
8730,2.405,2.566
8731,2.419,2.561
8732,2.424,2.561
8733,2.405,2.556
8734,2.380,2.546
8735,2.346,2.537
8736,2.322,2.517
8737,2.297,2.498
8738,2.278,2.478
8739,2.273,2.458
8740,2.263,2.429
8741,2.253,2.410
8742,2.273,2.380
8743,2.410,2.361
8744,2.659,2.336
8745,2.835,2.322
8746,2.854,2.302
8747,2.761,2.287
8748,2.634,2.273
8749,2.527,2.268
8750,2.439,2.258
8751,2.424,2.253
8752,2.454,2.243
8753,2.478,2.239
8754,2.483,2.234
8755,2.458,2.234
8756,2.419,2.234
8757,2.380,2.229
8758,2.351,2.229
8759,2.326,2.224
8760,2.317,2.224
8761,2.317,2.219
8762,2.326,2.219
8763,2.458,2.219
8764,2.693,2.219
8765,2.884,2.214
8766,2.879,2.214
8767,2.766,2.214
8768,2.634,2.214
8769,2.522,2.214
8770,2.444,2.209
8771,2.429,2.214
8772,2.449,2.209
8773,2.468,2.209
8774,2.458,2.209
8775,2.449,2.209
8776,2.429,2.209
8777,2.414,2.209
8778,2.395,2.204
8779,2.385,2.204
8780,2.370,2.204
8781,2.336,2.204
8782,2.322,2.204
8783,2.424,2.204
8784,2.708,2.204
8785,2.898,2.204
8786,2.933,2.204
8787,2.835,2.204
8788,2.693,2.204
8789,2.571,2.204
8790,2.483,2.204
8791,2.444,2.204
8792,2.458,2.204
8793,2.498,2.204
8794,2.537,2.204
8795,2.532,2.204
8796,2.483,2.204
8797,2.419,2.204
8798,2.366,2.204
8799,2.326,2.204
8800,2.297,2.199
8801,2.268,2.199
8802,2.243,2.199
8803,2.268,2.199
8804,2.444,2.199
8805,2.698,2.199
8806,2.854,2.199
8807,2.849,2.199
8808,2.742,2.199
8809,2.615,2.199
8810,2.502,2.199
8811,2.449,2.199
8812,2.454,2.199
8813,2.478,2.199
8814,2.507,2.199
8815,2.507,2.199
8816,2.483,2.199
8817,2.444,2.199
8818,2.405,2.199
8819,2.366,2.199
8820,2.341,2.199
8821,2.317,2.195
8822,2.322,2.195
8823,2.458,2.195
8824,2.698,2.195
8825,2.879,2.195
8826,2.908,2.195
8827,2.805,2.190
8828,2.659,2.190
8829,2.532,2.190
8830,2.434,2.185
8831,2.400,2.185
8832,2.424,2.185
8833,2.458,2.180
8834,2.483,2.180
8835,2.478,2.180
8836,2.434,2.175
8837,2.395,2.175
8838,2.361,2.170
8839,2.346,2.170
8840,2.326,2.165
8841,2.297,2.165
8842,2.366,2.160
8843,2.586,2.160
8844,2.825,2.155
8845,2.933,2.155
8846,2.893,2.155
8847,2.781,2.151
8848,2.669,2.151
8849,2.576,2.146
8850,2.493,2.146
8851,2.463,2.141
8852,2.468,2.141
8853,2.468,2.136
8854,2.468,2.136
8855,2.449,2.131
8856,2.419,2.131
8857,2.390,2.126
8858,2.361,2.121
8859,2.341,2.121
8860,2.322,2.116
8861,2.346,2.116
8862,2.527,2.111
8863,2.781,2.111
8864,2.937,2.111
8865,2.923,2.107
8866,2.796,2.107
8867,2.674,2.102
8868,2.571,2.102
8869,2.498,2.102
8870,2.473,2.097
8871,2.473,2.097
8872,2.478,2.097
8873,2.478,2.092
8874,2.463,2.092
8875,2.434,2.092
8876,2.395,2.092
8877,2.346,2.092
8878,2.312,2.092
8879,2.287,2.092
8880,2.312,2.092
8881,2.478,2.092
8882,2.742,2.092
8883,2.928,2.097
8884,2.942,2.097
8885,2.840,2.097
8886,2.703,2.097
8887,2.590,2.102
8888,2.507,2.102
8889,2.463,2.107
8890,2.463,2.107
8891,2.488,2.111
8892,2.483,2.111
8893,2.458,2.111
8894,2.419,2.116
8895,2.380,2.116
8896,2.351,2.116
8897,2.331,2.121
8898,2.317,2.121
8899,2.370,2.121
8900,2.566,2.116
8901,2.786,2.116
8902,2.889,2.116
8903,2.845,2.116
8904,2.727,2.116
8905,2.610,2.116
8906,2.512,2.116
8907,2.458,2.116
8908,2.454,2.116
8909,2.473,2.116
8910,2.478,2.116
8911,2.463,2.116
8912,2.439,2.116
8913,2.410,2.116
8914,2.380,2.116
8915,2.356,2.116
8916,2.326,2.121
8917,2.322,2.121
8918,2.444,2.116
8919,2.688,2.116
8920,2.859,2.116
8921,2.879,2.111
8922,2.786,2.111
8923,2.664,2.107
8924,2.542,2.107
8925,2.454,2.102
8926,2.424,2.097
8927,2.434,2.097
8928,2.458,2.092
8929,2.463,2.087
8930,2.439,2.087
8931,2.400,2.082
8932,2.361,2.082
8933,2.331,2.077
8934,2.307,2.077
8935,2.312,2.072
8936,2.419,2.072
8937,2.664,2.067
8938,2.869,2.067
8939,2.889,2.067
8940,2.786,2.067
8941,2.664,2.067
8942,2.566,2.067
8943,2.478,2.067
8944,2.424,2.067
8945,2.429,2.067
8946,2.473,2.067
8947,2.498,2.067
8948,2.493,2.063
8949,2.463,2.063
8950,2.419,2.058
8951,2.375,2.058
8952,2.341,2.053
8953,2.312,2.048
8954,2.405,2.048
8955,2.625,2.043
8956,2.810,2.038
8957,2.820,2.038
8958,2.708,2.038
8959,2.615,2.033
8960,2.542,2.033
8961,2.463,2.033
8962,2.444,2.028
8963,2.458,2.028
8964,2.488,2.028
8965,2.493,2.023
8966,2.463,2.023
8967,2.410,2.023
8968,2.370,2.023
8969,2.341,2.023
8970,2.312,2.019
8971,2.307,2.019
8972,2.370,2.019
8973,2.590,2.019
8974,2.820,2.019
8975,2.893,2.019
8976,2.825,2.014
8977,2.693,2.014
8978,2.571,2.014
8979,2.463,2.014
8980,2.405,2.014
8981,2.395,2.014
8982,2.424,2.014
8983,2.454,2.009
8984,2.449,2.009
8985,2.414,2.009
8986,2.375,2.004
8987,2.341,2.004
8988,2.312,2.004
8989,2.287,2.004
8990,2.336,2.004
8991,2.542,2.004
8992,2.791,2.004
8993,2.893,2.004
8994,2.840,1.999
8995,2.703,1.999
8996,2.561,1.999
8997,2.449,1.999
8998,2.390,1.999
8999,2.375,1.994
9000,2.390,1.994
9001,2.414,1.994
9002,2.410,1.994
9003,2.370,1.994
9004,2.331,1.994
9005,2.302,1.994
9006,2.278,1.994
9007,2.263,1.994
9008,2.263,1.994
9009,2.248,1.994
9010,2.322,1.994
9011,2.600,1.994
9012,2.854,1.994
9013,2.928,1.994
9014,2.840,1.994
9015,2.688,1.994
9016,2.542,1.994
9017,2.424,1.994
9018,2.375,1.994
9019,2.380,1.994
9020,2.400,1.994
9021,2.405,1.994
9022,2.390,1.994
9023,2.361,1.994
9024,2.326,1.994
9025,2.297,1.994
9026,2.268,1.994
9027,2.248,1.994
9028,2.234,1.994
9029,2.219,1.994
9030,2.209,1.994
9031,2.214,1.994
9032,2.297,1.994
9033,2.542,1.994
9034,2.796,1.994
9035,2.898,1.994
9036,2.830,1.994
9037,2.678,1.994
9038,2.532,1.994
9039,2.414,1.994
9040,2.351,1.994
9041,2.341,1.999
9042,2.366,1.999
9043,2.395,1.999
9044,2.390,1.999
9045,2.370,1.999
9046,2.341,1.999
9047,2.302,1.999
9048,2.273,1.999
9049,2.248,1.999
9050,2.234,1.999
9051,2.239,1.999
9052,2.239,1.999
9053,2.234,1.999
9054,2.258,1.999
9055,2.400,1.999
9056,2.669,1.999
9057,2.859,1.999
9058,2.874,1.999
9059,2.747,1.999
9060,2.586,1.999
9061,2.454,1.999
9062,2.370,1.999
9063,2.341,1.994
9064,2.375,1.994
9065,2.429,1.994
9066,2.458,1.994
9067,2.458,1.994
9068,2.429,1.994
9069,2.400,1.994
9070,2.370,1.994
9071,2.351,1.994
9072,2.331,1.994
9073,2.322,1.994
9074,2.307,1.994
9075,2.361,1.994
9076,2.576,1.994
9077,2.805,1.994
9078,2.898,1.994
9079,2.849,1.994
9080,2.713,1.994
9081,2.566,1.994
9082,2.439,1.994
9083,2.380,1.994
9084,2.390,1.994
9085,2.419,1.994
9086,2.434,1.994
9087,2.414,1.994
9088,2.380,1.994
9089,2.351,1.994
9090,2.312,1.994
9091,2.283,1.994
9092,2.268,1.994
9093,2.253,1.999
9094,2.234,1.999
9095,2.224,1.999
9096,2.253,1.999
9097,2.419,1.999
9098,2.698,1.999
9099,2.884,2.004
9100,2.898,2.004
9101,2.781,2.004
9102,2.625,2.004
9103,2.483,2.004
9104,2.390,2.004
9105,2.366,2.004
9106,2.380,2.004
9107,2.405,2.009
9108,2.429,2.009
9109,2.424,2.009
9110,2.400,2.009
9111,2.361,2.009
9112,2.317,2.009
9113,2.292,2.009
9114,2.273,2.014
9115,2.258,2.014
9116,2.253,2.014
9117,2.253,2.014
9118,2.292,2.019
9119,2.463,2.019
9120,2.732,2.019
9121,2.908,2.023
9122,2.903,2.023
9123,2.766,2.023
9124,2.595,2.023
9125,2.444,2.028
9126,2.375,2.028
9127,2.370,2.033
9128,2.410,2.033
9129,2.439,2.033
9130,2.449,2.033
9131,2.439,2.038
9132,2.405,2.038
9133,2.356,2.038
9134,2.326,2.038
9135,2.307,2.043
9136,2.297,2.043
9137,2.292,2.043
9138,2.287,2.043
9139,2.375,2.048
9140,2.605,2.048
9141,2.835,2.048
9142,2.918,2.048
9143,2.815,2.048
9144,2.649,2.053
9145,2.507,2.053
9146,2.405,2.053
9147,2.370,2.053
9148,2.395,2.053
9149,2.439,2.053
9150,2.463,2.058
9151,2.458,2.058
9152,2.424,2.058
9153,2.380,2.058
9154,2.336,2.058
9155,2.312,2.058
9156,2.302,2.058
9157,2.287,2.058
9158,2.307,2.058
9159,2.449,2.058
9160,2.713,2.053
9161,2.923,2.053
9162,2.962,2.053
9163,2.859,2.053
9164,2.703,2.053
9165,2.556,2.053
9166,2.449,2.053
9167,2.410,2.053
9168,2.414,2.053
9169,2.439,2.053
9170,2.458,2.053
9171,2.458,2.048
9172,2.424,2.048
9173,2.380,2.048
9174,2.336,2.048
9175,2.312,2.048
9176,2.297,2.048
9177,2.287,2.048
9178,2.278,2.048
9179,2.283,2.043
9180,2.400,2.043
9181,2.678,2.043
9182,2.986,2.043
9183,3.060,2.043
9184,2.962,2.043
9185,2.786,2.043
9186,2.625,2.043
9187,2.512,2.043
9188,2.454,2.043
9189,2.458,2.043
9190,2.493,2.043
9191,2.527,2.043
9192,2.532,2.043
9193,2.498,2.043
9194,2.449,2.043
9195,2.400,2.043
9196,2.370,2.043
9197,2.346,2.043
9198,2.331,2.043
9199,2.326,2.043
9200,2.322,2.038
9201,2.341,2.038
9202,2.512,2.038
9203,2.805,2.043
9204,3.025,2.043
9205,3.050,2.043
9206,2.928,2.043
9207,2.761,2.043
9208,2.610,2.043
9209,2.502,2.043
9210,2.449,2.043
9211,2.463,2.043
9212,2.493,2.043
9213,2.507,2.043
9214,2.502,2.043
9215,2.478,2.043
9216,2.439,2.043
9217,2.405,2.043
9218,2.370,2.043
9219,2.331,2.043
9220,2.297,2.048
9221,2.283,2.048
9222,2.297,2.048
9223,2.400,2.048
9224,2.659,2.048
9225,2.913,2.048
9226,2.991,2.048
9227,2.903,2.053
9228,2.727,2.053
9229,2.566,2.053
9230,2.458,2.053
9231,2.390,2.053
9232,2.405,2.053
9233,2.458,2.058
9234,2.493,2.058
9235,2.527,2.058
9236,2.517,2.058
9237,2.463,2.058
9238,2.410,2.058
9239,2.380,2.063
9240,2.366,2.063
9241,2.366,2.063
9242,2.390,2.063
9243,2.561,2.063
9244,2.840,2.063
9245,3.040,2.063
9246,3.060,2.067
9247,2.952,2.067
9248,2.781,2.067
9249,2.615,2.067
9250,2.493,2.067
9251,2.454,2.067
9252,2.478,2.067
9253,2.522,2.067
9254,2.532,2.067
9255,2.512,2.063
9256,2.458,2.063
9257,2.405,2.063
9258,2.356,2.063
9259,2.326,2.063
9260,2.317,2.063
9261,2.307,2.063
9262,2.361,2.067
9263,2.561,2.067
9264,2.840,2.067
9265,3.006,2.067
9266,3.006,2.067
9267,2.864,2.067
9268,2.688,2.067
9269,2.512,2.067
9270,2.449,2.072
9271,2.434,2.072
9272,2.454,2.072
9273,2.493,2.072
9274,2.507,2.072
9275,2.483,2.072
9276,2.444,2.072
9277,2.400,2.072
9278,2.361,2.072
9279,2.336,2.072
9280,2.322,2.072
9281,2.312,2.072
9282,2.380,2.072
9283,2.605,2.072
9284,2.879,2.072
9285,3.011,2.072
9286,2.967,2.072
9287,2.810,2.072
9288,2.644,2.072
9289,2.517,2.072
9290,2.444,2.077
9291,2.434,2.077
9292,2.449,2.077
9293,2.468,2.077
9294,2.463,2.077
9295,2.419,2.077
9296,2.336,2.077
9297,2.292,2.077
9298,2.273,2.077
9299,2.283,2.077
9300,2.292,2.077
9301,2.283,2.077
9302,2.292,2.077
9303,2.449,2.077
9304,2.737,2.077
9305,2.952,2.077
9306,2.981,2.077
9307,2.849,2.077
9308,2.659,2.077
9309,2.498,2.077
9310,2.400,2.077
9311,2.375,2.077
9312,2.405,2.077
9313,2.444,2.077
9314,2.458,2.077
9315,2.454,2.077
9316,2.419,2.077
9317,2.375,2.072
9318,2.346,2.072
9319,2.326,2.072
9320,2.312,2.072
9321,2.302,2.072
9322,2.297,2.072
9323,2.395,2.072
9324,2.678,2.067
9325,2.908,2.067
9326,2.977,2.067
9327,2.874,2.067
9328,2.693,2.067
9329,2.522,2.067
9330,2.414,2.067
9331,2.380,2.067
9332,2.400,2.063
9333,2.439,2.063
9334,2.468,2.063
9335,2.463,2.063
9336,2.434,2.063
9337,2.400,2.058
9338,2.361,2.058
9339,2.331,2.058
9340,2.317,2.058
9341,2.307,2.053
9342,2.312,2.053
9343,2.405,2.053
9344,2.649,2.053
9345,2.893,2.053
9346,2.981,2.048
9347,2.898,2.048
9348,2.727,2.048
9349,2.556,2.048
9350,2.429,2.048
9351,2.380,2.048
9352,2.400,2.043
9353,2.454,2.043
9354,2.493,2.043
9355,2.483,2.043
9356,2.454,2.043
9357,2.419,2.043
9358,2.385,2.043
9359,2.351,2.043
9360,2.331,2.038
9361,2.322,2.038
9362,2.366,2.038
9363,2.566,2.038
9364,2.825,2.038
9365,2.981,2.038
9366,2.947,2.038
9367,2.781,2.038
9368,2.620,2.038
9369,2.483,2.038
9370,2.414,2.038
9371,2.405,2.038
9372,2.439,2.038
9373,2.468,2.038
9374,2.478,2.038
9375,2.454,2.038
9376,2.424,2.038
9377,2.390,2.038
9378,2.361,2.038
9379,2.331,2.038
9380,2.317,2.038
9381,2.331,2.038
9382,2.454,2.038
9383,2.722,2.038
9384,2.981,2.038
9385,3.055,2.038
9386,2.957,2.043
9387,2.771,2.043
9388,2.600,2.043
9389,2.478,2.043
9390,2.424,2.043
9391,2.434,2.043
9392,2.473,2.048
9393,2.507,2.048
9394,2.507,2.048
9395,2.463,2.048
9396,2.419,2.048
9397,2.380,2.048
9398,2.361,2.048
9399,2.336,2.053
9400,2.346,2.053
9401,2.478,2.053
9402,2.761,2.053
9403,2.986,2.053
9404,3.030,2.053
9405,2.908,2.053
9406,2.722,2.058
9407,2.566,2.058
9408,2.458,2.058
9409,2.424,2.058
9410,2.454,2.063
9411,2.507,2.063
9412,2.527,2.063
9413,2.517,2.063
9414,2.478,2.063
9415,2.434,2.063
9416,2.395,2.067
9417,2.361,2.067
9418,2.346,2.067
9419,2.410,2.067
9420,2.644,2.067
9421,2.918,2.067
9422,3.050,2.067
9423,3.001,2.072
9424,2.840,2.072
9425,2.669,2.072
9426,2.532,2.072
9427,2.463,2.072
9428,2.468,2.072
9429,2.507,2.072
9430,2.537,2.072
9431,2.537,2.072
9432,2.512,2.072
9433,2.463,2.077
9434,2.434,2.077
9435,2.410,2.077
9436,2.385,2.077
9437,2.400,2.077
9438,2.590,2.077
9439,2.859,2.077
9440,3.025,2.077
9441,3.006,2.077
9442,2.869,2.072
9443,2.703,2.072
9444,2.561,2.072
9445,2.478,2.072
9446,2.458,2.072
9447,2.483,2.072
9448,2.522,2.072
9449,2.527,2.072
9450,2.502,2.072
9451,2.458,2.072
9452,2.429,2.072
9453,2.390,2.072
9454,2.356,2.072
9455,2.370,2.072
9456,2.532,2.067
9457,2.810,2.067
9458,3.011,2.067
9459,3.016,2.067
9460,2.884,2.067
9461,2.717,2.067
9462,2.561,2.067
9463,2.473,2.067
9464,2.454,2.067
9465,2.483,2.067
9466,2.512,2.067
9467,2.517,2.063
9468,2.488,2.063
9469,2.449,2.063
9470,2.410,2.063
9471,2.375,2.063
9472,2.346,2.063
9473,2.380,2.063
9474,2.576,2.063
9475,2.845,2.063
9476,2.996,2.063
9477,2.962,2.058
9478,2.820,2.058
9479,2.664,2.058
9480,2.522,2.058
9481,2.444,2.058
9482,2.444,2.058
9483,2.483,2.058
9484,2.522,2.053
9485,2.522,2.053
9486,2.483,2.053
9487,2.444,2.053
9488,2.405,2.048
9489,2.370,2.048
9490,2.346,2.048
9491,2.419,2.043
9492,2.659,2.043
9493,2.898,2.043
9494,2.977,2.038
9495,2.884,2.033
9496,2.732,2.028
9497,2.576,2.023
9498,2.454,2.019
9499,2.400,2.014
9500,2.410,2.014
9501,2.454,2.009
9502,2.473,2.004
9503,2.473,2.004
9504,2.444,2.004
9505,2.400,2.004
9506,2.366,1.999
9507,2.351,1.999
9508,2.390,1.994
9509,2.571,1.994
9510,2.810,1.989
9511,2.962,1.989
9512,2.937,1.984
9513,2.810,1.984
9514,2.659,1.979
9515,2.537,1.979
9516,2.463,1.979
9517,2.449,1.975
9518,2.458,1.975
9519,2.478,1.970
9520,2.478,1.970
9521,2.370,1.965
9522,2.336,1.965
9523,2.410,1.965
9524,2.659,1.965
9525,2.913,1.965
9526,2.996,1.965
9527,2.903,1.965
9528,2.732,1.965
9529,2.561,1.965
9530,2.434,1.965
9531,2.390,1.965
9532,2.410,1.965
9533,2.444,1.965
9534,2.458,1.965
9535,2.458,1.965
9536,2.419,1.965
9537,2.375,1.965
9538,2.331,1.970
9539,2.302,1.970
9540,2.351,1.970
9541,2.561,1.970
9542,2.815,1.975
9543,2.952,1.975
9544,2.893,1.975
9545,2.747,1.975
9546,2.586,1.975
9547,2.458,1.979
9548,2.405,1.979
9549,2.410,1.979
9550,2.434,1.979
9551,2.449,1.979
9552,2.449,1.979
9553,2.429,1.984
9554,2.385,1.984
9555,2.346,1.984
9556,2.312,1.984
9557,2.356,1.984
9558,2.576,1.984
9559,2.849,1.989
9560,2.981,1.989
9561,2.923,1.989
9562,2.776,1.989
9563,2.610,1.994
9564,2.478,1.994
9565,2.414,1.994
9566,2.410,1.994
9567,2.434,1.994
9568,2.463,1.999
9569,2.468,1.999
9570,2.449,1.999
9571,2.410,1.999
9572,2.366,1.999
9573,2.336,2.004
9574,2.395,2.004
9575,2.615,2.004
9576,2.854,2.004
9577,2.977,2.004
9578,2.928,2.009
9579,2.771,2.009
9580,2.586,2.009
9581,2.463,2.009
9582,2.419,2.009
9583,2.429,2.009
9584,2.454,2.014
9585,2.458,2.014
9586,2.429,2.014
9587,2.385,2.014
9588,2.361,2.014
9589,2.351,2.014
9590,2.361,2.019
9591,2.488,2.019
9592,2.752,2.019
9593,2.972,2.019
9594,3.025,2.019
9595,2.937,2.019
9596,2.786,2.023
9597,2.620,2.023
9598,2.488,2.023
9599,2.429,2.023
9600,2.444,2.023
9601,2.483,2.023
9602,2.512,2.023
9603,2.522,2.023
9604,2.507,2.023
9605,2.454,2.023
9606,2.395,2.023
9607,2.400,2.023
9608,2.600,2.023
9609,2.933,2.023
9610,3.084,2.023
9611,3.055,2.023
9612,2.928,2.023
9613,2.737,2.023
9614,2.571,2.023
9615,2.463,2.023
9616,2.454,2.023
9617,2.493,2.023
9618,2.537,2.023
9619,2.542,2.023
9620,2.502,2.019
9621,2.444,2.019
9622,2.370,2.019
9623,2.351,2.019
9624,2.473,2.019
9625,2.752,2.019
9626,2.991,2.019
9627,3.040,2.014
9628,2.933,2.014
9629,2.766,2.014
9630,2.600,2.014
9631,2.463,2.014
9632,2.429,2.014
9633,2.439,2.009
9634,2.439,2.009
9635,2.444,2.009
9636,2.429,2.009
9637,2.380,2.009
9638,2.356,2.004
9639,2.346,2.004
9640,2.410,2.004
9641,2.625,1.999
9642,2.849,1.999
9643,2.933,1.999
9644,2.859,1.999
9645,2.713,1.994
9646,2.507,1.989
9647,2.341,1.989
9648,2.297,1.989
9649,2.341,1.984
9650,2.400,1.984
9651,2.454,1.984
9652,2.454,1.984
9653,2.414,1.984
9654,2.351,1.984
9655,2.297,1.984
9656,2.336,1.984
9657,2.546,1.984
9658,2.805,1.989
9659,2.889,1.989
9660,2.771,1.989
9661,2.556,1.994
9662,2.336,1.994
9663,2.224,1.994
9664,2.248,1.994
9665,2.346,1.994
9666,2.439,1.994
9667,2.468,1.994
9668,2.449,1.999
9669,2.395,1.999
9670,2.336,1.999
9671,2.283,1.999
9672,2.346,1.999
9673,2.595,1.999
9674,2.835,1.999
9675,2.893,2.004
9676,2.776,2.004
9677,2.586,2.004
9678,2.400,2.004
9679,2.283,2.004
9680,2.268,2.009
9681,2.317,2.009
9682,2.380,2.009
9683,2.400,2.009
9684,2.380,2.009
9685,2.331,2.009
9686,2.287,2.009
9687,2.239,2.009
9688,2.273,2.009
9689,2.483,2.009
9690,2.737,2.009
9691,2.835,2.009
9692,2.761,2.009
9693,2.581,2.009
9694,2.346,2.009
9695,2.234,2.009
9696,2.234,2.009
9697,2.283,2.004
9698,2.326,2.004
9699,2.341,2.004
9700,2.317,2.004
9701,2.278,2.004
9702,2.219,2.004
9703,2.170,2.004
9704,2.146,2.004
9705,2.151,2.004
9706,2.278,2.009
9707,2.522,2.009
9708,2.698,2.009
9709,2.669,2.014
9710,2.493,2.014
9711,2.273,2.019
9712,2.097,2.019
9713,2.028,2.019
9714,2.053,2.023
9715,2.121,2.023
9716,2.180,2.023
9717,2.199,2.023
9718,2.180,2.023
9719,2.151,2.023
9720,2.136,2.028
9721,2.126,2.028
9722,2.121,2.028
9723,2.165,2.028
9724,2.322,2.033
9725,2.483,2.033
9726,2.537,2.038
9727,2.454,2.038
9728,2.302,2.043
9729,2.151,2.043
9730,2.072,2.048
9731,2.077,2.048
9732,2.136,2.053
9733,2.199,2.053
9734,2.239,2.058
9735,2.243,2.058
9736,2.234,2.063
9737,2.209,2.063
9738,2.190,2.063
9739,2.180,2.067
9740,2.195,2.067
9741,2.297,2.067
9742,2.439,2.072
9743,2.522,2.072
9744,2.498,2.072
9745,2.380,2.072
9746,2.263,2.077
9747,2.185,2.077
9748,2.170,2.077
9749,2.199,2.082
9750,2.248,2.082
9751,2.287,2.087
9752,2.297,2.087
9753,2.292,2.092
9754,2.268,2.092
9755,2.253,2.092
9756,2.248,2.092
9757,2.307,2.092
9758,2.454,2.097
9759,2.586,2.097
9760,2.605,2.097
9761,2.517,2.097
9762,2.380,2.102
9763,2.268,2.102
9764,2.219,2.102
9765,2.243,2.107
9766,2.292,2.107
9767,2.351,2.107
9768,2.390,2.107
9769,2.390,2.107
9770,2.385,2.107
9771,2.366,2.111
9772,2.370,2.107
9773,2.801,2.107
9774,2.752,2.111
9775,2.605,2.111
9776,2.419,2.116
9777,2.283,2.121
9778,2.234,2.121
9779,2.268,2.126
9780,2.341,2.126
9781,2.400,2.131
9782,2.439,2.131
9783,2.449,2.131
9784,2.444,2.131
9785,2.434,2.136
9786,2.444,2.131
9787,2.546,2.126
9788,2.737,2.111
9789,2.849,2.102
9790,2.796,2.092
9791,2.634,2.087
9792,2.454,2.082
9793,2.297,2.092
9794,2.224,2.102
9795,2.224,2.111
9796,2.292,2.121
9797,2.341,2.136
9798,2.375,2.151
9799,2.390,2.160
9800,2.375,2.170
9801,2.331,2.180
9802,2.273,2.190
9803,2.248,2.204
9804,2.351,2.219
9805,2.542,2.234
9806,2.674,2.248
9807,2.659,2.258
9808,2.502,2.273
9809,2.351,2.283
9810,2.268,2.292
9811,2.239,2.297
9812,2.283,2.307
9813,2.341,2.312
9814,2.395,2.312
9815,2.410,2.312
9816,2.395,2.302
9817,2.351,2.297
9818,2.302,2.287
9819,2.317,2.283
9820,2.454,2.273
9821,2.644,2.268
9822,2.732,2.258
9823,2.688,2.253
9824,2.542,2.243
9825,2.375,2.234
9826,2.253,2.224
9827,2.204,2.214
9828,2.209,2.209
9829,2.253,2.204
9830,2.302,2.204
9831,2.331,2.199
9832,2.346,2.199
9833,2.341,2.199
9834,2.326,2.199
9835,2.356,2.199
9836,2.507,2.199
9837,2.683,2.199
9838,2.771,2.199
9839,2.722,2.199
9840,2.581,2.204
9841,2.414,2.204
9842,2.307,2.204
9843,2.263,2.204
9844,2.278,2.204
9845,2.331,2.204
9846,2.375,2.204
9847,2.400,2.204
9848,2.395,2.204
9849,2.375,2.209
9850,2.356,2.204
9851,2.375,2.209
9852,2.498,2.209
9853,2.669,2.209
9854,2.771,2.209
9855,2.752,2.209
9856,2.644,2.209
9857,2.502,2.209
9858,2.400,2.209
9859,2.356,2.209
9860,2.370,2.209
9861,2.419,2.214
9862,2.458,2.214
9863,2.473,2.214
9864,2.463,2.214
9865,2.434,2.209
9866,2.410,2.214
9867,2.468,2.209
9868,2.639,2.214
9869,2.820,2.209
9870,2.889,2.209
9871,2.820,2.209
9872,2.678,2.214
9873,2.532,2.209
9874,2.424,2.214
9875,2.390,2.209
9876,2.400,2.209
9877,2.454,2.214
9878,2.493,2.209
9879,2.507,2.209
9880,2.483,2.209
9881,2.449,2.214
9882,2.429,2.209
9883,2.517,2.209
9884,2.727,2.209
9885,2.918,2.214
9886,2.981,2.209
9887,2.903,2.214
9888,2.752,2.209
9889,2.600,2.214
9890,2.493,2.214
9891,2.449,2.214
9892,2.463,2.214
9893,2.517,2.214
9894,2.542,2.214
9895,2.542,2.214
9896,2.522,2.214
9897,2.483,2.214
9898,2.454,2.214
9899,2.527,2.214
9900,2.737,2.214
9901,2.952,2.214
9902,3.035,2.214
9903,2.972,2.214
9904,2.835,2.214
9905,2.683,2.219
9906,2.566,2.214
9907,2.522,2.219
9908,2.522,2.214
9909,2.556,2.219
9910,2.595,2.214
9911,2.600,2.219
9912,2.571,2.219
9913,2.532,2.219
9914,2.488,2.219
9915,2.458,2.219
9916,2.468,2.219
9917,2.625,2.219
9918,2.884,2.219
9919,3.074,2.219
9920,3.099,2.219
9921,3.001,2.219
9922,2.810,2.219
9923,2.669,2.219
9924,2.581,2.219
9925,2.561,2.219
9926,2.595,2.219
9927,2.625,2.219
9928,2.639,2.219
9929,2.615,2.219
9930,2.571,2.219
9931,2.532,2.219
9932,2.493,2.219
9933,2.498,2.219
9934,2.669,2.219
9935,2.942,2.219
9936,3.138,2.219
9937,3.152,2.219
9938,3.021,2.219
9939,2.845,2.219
9940,2.683,2.219
9941,2.590,2.219
9942,2.571,2.219
9943,2.600,2.219
9944,2.639,2.219
9945,2.654,2.219
9946,2.630,2.214
9947,2.581,2.219
9948,2.537,2.214
9949,2.493,2.219
9950,2.463,2.219
9951,2.542,2.214
9952,2.796,2.214
9953,3.074,2.214
9954,3.206,2.214
9955,3.138,2.214
9956,2.957,2.214
9957,2.776,2.214
9958,2.634,2.214
9959,2.571,2.214
9960,2.586,2.214
9961,2.620,2.214
9962,2.639,2.214
9963,2.634,2.209
9964,2.595,2.214
9965,2.551,2.209
9966,2.498,2.214
9967,2.458,2.209
9968,2.429,2.209
9969,2.414,2.209
9970,2.400,2.209
9971,2.419,2.209
9972,2.615,2.209
9973,2.957,2.209
9974,3.226,2.209
9975,3.270,2.209
9976,3.123,2.209
9977,2.903,2.209
9978,2.678,2.209
9979,2.571,2.209
9980,2.546,2.209
9981,2.581,2.209
9982,2.620,2.209
9983,2.639,2.209
9984,2.620,2.209
9985,2.561,2.209
9986,2.502,2.209
9987,2.454,2.209
9988,2.419,2.209
9989,2.395,2.209
9990,2.375,2.209
9991,2.366,2.209
9992,2.366,2.209
9993,2.361,2.209
9994,2.483,2.209
9995,2.815,2.209
9996,3.167,2.209
9997,3.304,2.209
9998,3.196,2.209
9999,2.962,2.209
10000,2.737,2.209
10001,2.581,2.209
10002,2.507,2.209
10003,2.527,2.209
10004,2.590,2.209
10005,2.625,2.214
10006,2.610,2.209
10007,2.556,2.214
10008,2.493,2.209
10009,2.439,2.214
10010,2.395,2.214
10011,2.370,2.214
10012,2.351,2.214
10013,2.341,2.214
10014,2.336,2.214
10015,2.331,2.214
10016,2.322,2.214
10017,2.336,2.214
10018,2.532,2.214
10019,2.913,2.214
10020,3.226,2.214
10021,3.299,2.214
10022,3.138,2.219
10023,2.864,2.214
10024,2.615,2.214
10025,2.488,2.219
10026,2.463,2.214
10027,2.507,2.219
10028,2.561,2.214
10029,2.586,2.219
10030,2.561,2.214
10031,2.512,2.219
10032,2.454,2.219
10033,2.400,2.219
10034,2.361,2.219
10035,2.336,2.219
10036,2.317,2.219
10037,2.312,2.219
10038,2.297,2.219
10039,2.287,2.219
10040,2.283,2.219
10041,2.283,2.224
10042,2.283,2.219
10043,2.395,2.224
10044,2.727,2.219
10045,3.099,2.224
10046,3.265,2.224
10047,3.162,2.224
10048,2.913,2.224
10049,2.669,2.224
10050,2.502,2.224
10051,2.429,2.224
10052,2.439,2.224
10053,2.493,2.224
10054,2.542,2.224
10055,2.542,2.224
10056,2.507,2.224
10057,2.449,2.224
10058,2.400,2.224
10059,2.356,2.224
10060,2.322,2.224
10061,2.307,2.229
10062,2.287,2.224
10063,2.283,2.229
10064,2.273,2.224
10065,2.263,2.229
10066,2.263,2.224
10067,2.263,2.229
10068,2.268,2.229
10069,2.400,2.229
10070,2.742,2.229
10071,3.084,2.229
10072,3.201,2.229
10073,3.079,2.229
10074,2.840,2.229
10075,2.615,2.229
10076,2.468,2.229
10077,2.410,2.229
10078,2.434,2.229
10079,2.488,2.229
10080,2.532,2.229
10081,2.522,2.229
10082,2.478,2.234
10083,2.419,2.229
10084,2.370,2.234
10085,2.336,2.229
10086,2.317,2.234
10087,2.297,2.234
10088,2.283,2.234
10089,2.268,2.234
10090,2.263,2.234
10091,2.258,2.234
10092,2.263,2.234
10093,2.268,2.234
10094,2.268,2.234
10095,2.326,2.234
10096,2.576,2.234
10097,2.937,2.234
10098,3.162,2.234
10099,3.133,2.234
10100,2.933,2.234
10101,2.688,2.234
10102,2.507,2.234
10103,2.410,2.239
10104,2.405,2.234
10105,2.458,2.239
10106,2.512,2.239
10107,2.532,2.234
10108,2.507,2.239
10109,2.454,2.239
10110,2.400,2.239
10111,2.351,2.239
10112,2.317,2.239
10113,2.302,2.239
10114,2.292,2.239
10115,2.287,2.239
10116,2.283,2.239
10117,2.268,2.239
10118,2.263,2.239
10119,2.263,2.239
10120,2.258,2.239
10121,2.263,2.239
10122,2.346,2.239
10123,2.634,2.239
10124,2.991,2.239
10125,3.177,2.243
10126,3.109,2.239
10127,2.893,2.243
10128,2.664,2.239
10129,2.498,2.243
10130,2.419,2.243
10131,2.424,2.243
10132,2.478,2.243
10133,2.527,2.243
10134,2.542,2.243
10135,2.517,2.243
10136,2.463,2.243
10137,2.414,2.243
10138,2.370,2.243
10139,2.336,2.243
10140,2.317,2.243
10141,2.307,2.243
10142,2.297,2.243
10143,2.292,2.243
10144,2.287,2.243
10145,2.283,2.243
10146,2.283,2.243
10147,2.283,2.243
10148,2.273,2.243
10149,2.322,2.248
10150,2.722,2.248
10151,3.065,2.243
10152,3.211,2.248
10153,3.109,2.243
10154,2.884,2.248
10155,2.654,2.243
10156,2.498,2.248
10157,2.429,2.248
10158,2.444,2.248
10159,2.502,2.248
10160,2.561,2.248
10161,2.576,2.248
10162,2.542,2.248
10163,2.478,2.248
10164,2.419,2.248
10165,2.375,2.248
10166,2.346,2.248
10167,2.331,2.248
10168,2.317,2.248
10169,2.312,2.248
10170,2.307,2.248
10171,2.297,2.248
10172,2.292,2.248
10173,2.292,2.248
10174,2.287,2.248
10175,2.287,2.248
10176,2.331,2.248
10177,2.566,2.248
10178,2.933,2.248
10179,3.196,2.248
10180,3.211,2.248
10181,3.040,2.248
10182,2.801,2.248
10183,2.610,2.248
10184,2.493,2.253
10185,2.463,2.248
10186,2.502,2.253
10187,2.551,2.248
10188,2.586,2.253
10189,2.581,2.248
10190,2.537,2.253
10191,2.478,2.248
10192,2.429,2.253
10193,2.395,2.253
10194,2.366,2.253
10195,2.346,2.253
10196,2.331,2.253
10197,2.322,2.253
10198,2.317,2.253
10199,2.312,2.253
10200,2.317,2.253
10201,2.307,2.253
10202,2.302,2.253
10203,2.341,2.253
10204,2.576,2.253
10205,2.967,2.253
10206,3.240,2.253
10207,3.245,2.253
10208,3.050,2.253
10209,2.801,2.253
10210,2.610,2.253
10211,2.502,2.253
10212,2.488,2.258
10213,2.537,2.253
10214,2.595,2.253
10215,2.620,2.258
10216,2.610,2.253
10217,2.556,2.258
10218,2.488,2.253
10219,2.434,2.258
10220,2.400,2.258
10221,2.375,2.258
10222,2.351,2.258
10223,2.346,2.258
10224,2.331,2.258
10225,2.326,2.258
10226,2.322,2.258
10227,2.322,2.258
10228,2.317,2.258
10229,2.307,2.258
10230,2.395,2.258
10231,2.708,2.258
10232,3.099,2.258
10233,3.309,2.258
10234,3.255,2.258
10235,3.030,2.258
10236,2.796,2.258
10237,2.615,2.258
10238,2.522,2.258
10239,2.517,2.263
10240,2.571,2.258
10241,2.620,2.263
10242,2.630,2.258
10243,2.605,2.263
10244,2.546,2.258
10245,2.488,2.263
10246,2.434,2.263
10247,2.395,2.263
10248,2.366,2.263
10249,2.346,2.263
10250,2.336,2.263
10251,2.331,2.263
10252,2.326,2.263
10253,2.322,2.263
10254,2.322,2.263
10255,2.317,2.263
10256,2.307,2.263
10257,2.361,2.263
10258,2.630,2.263
10259,3.025,2.263
10260,3.275,2.263
10261,3.255,2.263
10262,3.050,2.268
10263,2.805,2.263
10264,2.615,2.268
10265,2.502,2.263
10266,2.488,2.268
10267,2.542,2.268
10268,2.605,2.268
10269,2.630,2.268
10270,2.620,2.268
10271,2.566,2.268
10272,2.493,2.268
10273,2.429,2.268
10274,2.385,2.268
10275,2.356,2.268
10276,2.341,2.268
10277,2.336,2.268
10278,2.326,2.268
10279,2.317,2.268
10280,2.307,2.268
10281,2.302,2.268
10282,2.302,2.268
10283,2.385,2.268
10284,2.698,2.268
10285,3.060,2.268
10286,3.255,2.268
10287,3.206,2.268
10288,2.986,2.273
10289,2.757,2.268
10290,2.581,2.273
10291,2.488,2.273
10292,2.478,2.273
10293,2.522,2.273
10294,2.581,2.273
10295,2.595,2.273
10296,2.571,2.273
10297,2.512,2.273
10298,2.454,2.273
10299,2.400,2.273
10300,2.366,2.273
10301,2.336,2.273
10302,2.317,2.273
10303,2.307,2.273
10304,2.297,2.273
10305,2.292,2.273
10306,2.283,2.273
10307,2.278,2.273
10308,2.273,2.273
10309,2.268,2.273
10310,2.312,2.278
10311,2.566,2.273
10312,2.962,2.278
10313,3.240,2.273
10314,3.275,2.278
10315,3.094,2.273
10316,2.854,2.278
10317,2.664,2.273
10318,2.551,2.278
10319,2.507,2.278
10320,2.537,2.278
10321,2.581,2.278
10322,2.605,2.278
10323,2.590,2.278
10324,2.537,2.278
10325,2.478,2.278
10326,2.424,2.278
10327,2.380,2.278
10328,2.351,2.278
10329,2.331,2.278
10330,2.317,2.278
10331,2.312,2.278
10332,2.312,2.278
10333,2.302,2.278
10334,2.297,2.278
10335,2.292,2.278
10336,2.287,2.278
10337,2.287,2.278
10338,2.439,2.278
10339,2.776,2.278
10340,3.109,2.278
10341,3.231,2.278
10342,3.113,2.283
10343,2.889,2.278
10344,2.688,2.283
10345,2.561,2.278
10346,2.512,2.278
10347,2.522,2.278
10348,2.566,2.278
10349,2.605,2.278
10350,2.605,2.278
10351,2.561,2.278
10352,2.502,2.278
10353,2.444,2.278
10354,2.395,2.278
10355,2.356,2.278
10356,2.341,2.278
10357,2.326,2.278
10358,2.317,2.278
10359,2.317,2.278
10360,2.312,2.278
10361,2.307,2.278
10362,2.307,2.278
10363,2.405,2.278
10364,2.708,2.273
10365,3.030,2.278
10366,3.182,2.278
10367,3.109,2.278
10368,2.903,2.273
10369,2.703,2.278
10370,2.566,2.273
10371,2.488,2.278
10372,2.478,2.273
10373,2.532,2.273
10374,2.630,2.273
10375,2.708,2.273
10376,2.742,2.273
10377,2.688,2.273
10378,2.595,2.273
10379,2.493,2.273
10380,2.424,2.273
10381,2.395,2.273
10382,2.400,2.273
10383,2.400,2.273
10384,2.375,2.273
10385,2.356,2.273
10386,2.356,2.273
10387,2.361,2.273
10388,2.370,2.273
10389,2.527,2.273
10390,2.874,2.273
10391,3.187,2.273
10392,3.294,2.273
10393,3.177,2.273
10394,2.972,2.273
10395,2.761,2.273
10396,2.615,2.273
10397,2.527,2.273
10398,2.493,2.273
10399,2.517,2.273
10400,2.542,2.273
10401,2.537,2.273
10402,2.502,2.278
10403,2.454,2.273
10404,2.400,2.278
10405,2.346,2.273
10406,2.302,2.278
10407,2.283,2.273
10408,2.273,2.278
10409,2.263,2.273
10410,2.253,2.278
10411,2.253,2.278
10412,2.248,2.278
10413,2.239,2.278
10414,2.219,2.278
10415,2.283,2.278
10416,2.551,2.278
10417,2.913,2.278
10418,3.138,2.278
10419,3.128,2.278
10420,2.957,2.278
10421,2.752,2.278
10422,2.610,2.278
10423,2.512,2.278
10424,2.473,2.278
10425,2.493,2.278
10426,2.522,2.278
10427,2.532,2.278
10428,2.512,2.278
10429,2.468,2.278
10430,2.419,2.278
10431,2.370,2.278
10432,2.341,2.278
10433,2.317,2.283
10434,2.292,2.278
10435,2.292,2.283
10436,2.278,2.278
10437,2.268,2.283
10438,2.258,2.283
10439,2.253,2.283
10440,2.239,2.283
10441,2.219,2.283
10442,2.214,2.283
10443,2.346,2.283
10444,2.678,2.283
10445,3.016,2.283
10446,3.162,2.287
10447,3.084,2.287
10448,2.889,2.283
10449,2.678,2.278
10450,2.512,2.273
10451,2.429,2.268
10452,2.439,2.263
10453,2.488,2.258
10454,2.532,2.258
10455,2.537,2.253
10456,2.498,2.253
10457,2.419,2.253
10458,2.346,2.253
10459,2.307,2.253
10460,2.287,2.253
10461,2.278,2.253
10462,2.283,2.253
10463,2.273,2.258
10464,2.273,2.258
10465,2.258,2.258
10466,2.253,2.258
10467,2.253,2.263
10468,2.248,2.263
10469,2.253,2.263
10470,2.336,2.263
10471,2.600,2.268
10472,2.908,2.268
10473,3.065,2.268
10474,3.021,2.273
10475,2.849,2.273
10476,2.659,2.273
10477,2.522,2.273
10478,2.454,2.278
10479,2.444,2.273
10480,2.493,2.278
10481,2.537,2.278
10482,2.556,2.278
10483,2.527,2.278
10484,2.468,2.278
10485,2.414,2.278
10486,2.366,2.278
10487,2.336,2.278
10488,2.302,2.278
10489,2.287,2.278
10490,2.287,2.283
10491,2.287,2.283
10492,2.273,2.278
10493,2.278,2.283
10494,2.361,2.278
10495,2.610,2.283
10496,2.898,2.278
10497,3.045,2.283
10498,3.006,2.283
10499,2.835,2.283
10500,2.649,2.283
10501,2.502,2.283
10502,2.414,2.283
10503,2.405,2.283
10504,2.444,2.283
10505,2.493,2.283
10506,2.527,2.287
10507,2.502,2.283
10508,2.444,2.287
10509,2.380,2.283
10510,2.331,2.287
10511,2.302,2.283
10512,2.287,2.287
10513,2.278,2.283
10514,2.268,2.287
10515,2.268,2.287
10516,2.263,2.287
10517,2.258,2.287
10518,2.307,2.287
10519,2.546,2.287
10520,2.859,2.287
10521,3.065,2.287
10522,3.074,2.287
10523,2.928,2.287
10524,2.737,2.287
10525,2.571,2.287
10526,2.463,2.287
10527,2.439,2.287
10528,2.458,2.292
10529,2.488,2.287
10530,2.502,2.292
10531,2.483,2.287
10532,2.439,2.292
10533,2.385,2.287
10534,2.351,2.292
10535,2.322,2.287
10536,2.297,2.292
10537,2.263,2.287
10538,2.209,2.292
10539,2.170,2.287
10540,2.155,2.287
10541,2.170,2.287
10542,2.219,2.287
10543,2.400,2.287
10544,2.722,2.287
10545,2.996,2.287
10546,3.079,2.287
10547,2.977,2.287
10548,2.786,2.287
10549,2.605,2.287
10550,2.473,2.287
10551,2.419,2.287
10552,2.444,2.287
10553,2.498,2.287
10554,2.532,2.287
10555,2.532,2.287
10556,2.493,2.287
10557,2.444,2.287
10558,2.390,2.287
10559,2.346,2.287
10560,2.317,2.287
10561,2.297,2.287
10562,2.292,2.287
10563,2.297,2.287
10564,2.302,2.287
10565,2.297,2.287
10566,2.307,2.287
10567,2.429,2.287
10568,2.708,2.287
10569,2.981,2.287
10570,3.084,2.287
10571,2.986,2.287
10572,2.761,2.287
10573,2.590,2.283
10574,2.473,2.287
10575,2.439,2.283
10576,2.483,2.287
10577,2.537,2.283
10578,2.571,2.287
10579,2.566,2.283
10580,2.517,2.283
10581,2.463,2.287
10582,2.410,2.283
10583,2.375,2.287
10584,2.361,2.283
10585,2.351,2.287
10586,2.341,2.283
10587,2.322,2.287
10588,2.341,2.283
10589,2.507,2.287
10590,2.805,2.283
10591,3.040,2.287
10592,3.084,2.283
10593,2.957,2.287
10594,2.766,2.283
10595,2.600,2.283
10596,2.483,2.283
10597,2.434,2.287
10598,2.458,2.283
10599,2.512,2.283
10600,2.532,2.283
10601,2.517,2.283
10602,2.473,2.287
10603,2.424,2.283
10604,2.380,2.287
10605,2.346,2.283
10606,2.326,2.287
10607,2.322,2.283
10608,2.326,2.287
10609,2.322,2.283
10610,2.317,2.287
10611,2.375,2.287
10612,2.625,2.287
10613,2.937,2.287
10614,3.109,2.287
10615,3.065,2.287
10616,2.889,2.287
10617,2.693,2.287
10618,2.546,2.287
10619,2.458,2.287
10620,2.454,2.287
10621,2.498,2.292
10622,2.551,2.287
10623,2.561,2.287
10624,2.537,2.287
10625,2.483,2.292
10626,2.419,2.292
10627,2.380,2.287
10628,2.366,2.292
10629,2.361,2.287
10630,2.346,2.292
10631,2.336,2.287
10632,2.356,2.292
10633,2.546,2.287
10634,2.869,2.292
10635,3.099,2.287
10636,3.123,2.292
10637,2.981,2.287
10638,2.781,2.292
10639,2.615,2.287
10640,2.502,2.287
10641,2.458,2.287
10642,2.478,2.287
10643,2.517,2.287
10644,2.542,2.287
10645,2.517,2.287
10646,2.468,2.287
10647,2.414,2.287
10648,2.361,2.287
10649,2.317,2.287
10650,2.292,2.283
10651,2.283,2.287
10652,2.268,2.287
10653,2.258,2.283
10654,2.336,2.287
10655,2.615,2.283
10656,2.947,2.287
10657,3.123,2.283
10658,3.084,2.283
10659,2.908,2.283
10660,2.713,2.283
10661,2.561,2.283
10662,2.473,2.283
10663,2.463,2.283
10664,2.498,2.283
10665,2.542,2.278
10666,2.546,2.278
10667,2.512,2.283
10668,2.449,2.278
10669,2.385,2.283
10670,2.331,2.278
10671,2.302,2.278
10672,2.287,2.278
10673,2.278,2.278
10674,2.273,2.278
10675,2.258,2.278
10676,2.258,2.273
10677,2.263,2.278
10678,2.248,2.273
10679,2.263,2.278
10680,2.493,2.278
10681,2.864,2.273
10682,3.138,2.278
10683,3.177,2.273
10684,3.011,2.278
10685,2.791,2.273
10686,2.615,2.278
10687,2.493,2.273
10688,2.454,2.278
10689,2.473,2.273
10690,2.502,2.273
10691,2.522,2.273
10692,2.493,2.273
10693,2.449,2.273
10694,2.390,2.273
10695,2.346,2.273
10696,2.307,2.273
10697,2.283,2.273
10698,2.268,2.273
10699,2.258,2.273
10700,2.258,2.273
10701,2.248,2.273
10702,2.243,2.273
10703,2.239,2.273
10704,2.234,2.268
10705,2.234,2.273
10706,2.253,2.268
10707,2.498,2.273
10708,2.864,2.273
10709,3.118,2.273
10710,3.133,2.273
10711,2.957,2.273
10712,2.727,2.273
10713,2.537,2.273
10714,2.419,2.273
10715,2.395,2.273
10716,2.424,2.278
10717,2.473,2.273
10718,2.498,2.278
10719,2.473,2.273
10720,2.434,2.278
10721,2.370,2.273
10722,2.322,2.273
10723,2.292,2.273
10724,2.273,2.273
10725,2.268,2.273
10726,2.268,2.273
10727,2.253,2.278
10728,2.258,2.273
10729,2.253,2.278
10730,2.248,2.273
10731,2.248,2.278
10732,2.243,2.273
10733,2.287,2.278
10734,2.581,2.278
10735,2.918,2.278
10736,3.099,2.278
10737,3.050,2.278
10738,2.845,2.278
10739,2.630,2.278
10740,2.454,2.283
10741,2.370,2.278
10742,2.361,2.283
10743,2.414,2.278
10744,2.468,2.283
10745,2.488,2.278
10746,2.458,2.283
10747,2.410,2.278
10748,2.351,2.283
10749,2.312,2.278
10750,2.283,2.283
10751,2.263,2.278
10752,2.248,2.283
10753,2.248,2.283
10754,2.239,2.283
10755,2.229,2.283
10756,2.224,2.283
10757,2.219,2.283
10758,2.234,2.283
10759,2.385,2.283
10760,2.708,2.283
10761,3.025,2.283
10762,3.084,2.283
10763,2.952,2.283
10764,2.737,2.283
10765,2.556,2.283
10766,2.429,2.287
10767,2.375,2.287
10768,2.400,2.287
10769,2.454,2.287
10770,2.483,2.287
10771,2.483,2.287
10772,2.449,2.287
10773,2.395,2.287
10774,2.341,2.287
10775,2.312,2.287
10776,2.292,2.292
10777,2.268,2.287
10778,2.258,2.287
10779,2.253,2.292
10780,2.258,2.287
10781,2.248,2.292
10782,2.243,2.287
10783,2.229,2.292
10784,2.278,2.287
10785,2.493,2.292
10786,2.820,2.287
10787,3.065,2.292
10788,3.060,2.292
10789,2.879,2.292
10790,2.659,2.292
10791,2.493,2.292
10792,2.410,2.292
10793,2.400,2.292
10794,2.444,2.297
10795,2.488,2.292
10796,2.502,2.297
10797,2.478,2.292
10798,2.434,2.297
10799,2.385,2.292
10800,2.341,2.297
10801,2.312,2.292
10802,2.297,2.297
10803,2.283,2.297
10804,2.283,2.297
10805,2.278,2.297
10806,2.268,2.297
10807,2.268,2.297
10808,2.268,2.297
10809,2.258,2.297
10810,2.297,2.297
10811,2.493,2.297
10812,2.825,2.297
10813,3.084,2.302
10814,3.128,2.297
10815,2.981,2.302
10816,2.776,2.297
10817,2.605,2.302
10818,2.483,2.297
10819,2.439,2.302
10820,2.468,2.302
10821,2.522,2.302
10822,2.551,2.302
10823,2.537,2.302
10824,2.478,2.302
10825,2.410,2.302
10826,2.356,2.302
10827,2.322,2.302
10828,2.302,2.302
10829,2.287,2.302
10830,2.278,2.302
10831,2.273,2.302
10832,2.268,2.307
10833,2.258,2.302
10834,2.258,2.307
10835,2.317,2.302
10836,2.546,2.307
10837,2.849,2.302
10838,3.025,2.307
10839,3.001,2.302
10840,2.830,2.307
10841,2.634,2.307
10842,2.458,2.302
10843,2.390,2.307
10844,2.395,2.307
10845,2.454,2.307
10846,2.502,2.307
10847,2.517,2.307
10848,2.493,2.307
10849,2.439,2.307
10850,2.390,2.307
10851,2.351,2.307
10852,2.317,2.307
10853,2.307,2.307
10854,2.307,2.307
10855,2.307,2.307
10856,2.302,2.312
10857,2.297,2.307
10858,2.356,2.312
10859,2.576,2.307
10860,2.854,2.312
10861,3.011,2.307
10862,2.977,2.312
10863,2.805,2.307
10864,2.615,2.312
10865,2.473,2.312
10866,2.405,2.312
10867,2.414,2.312
10868,2.468,2.312
10869,2.522,2.312
10870,2.532,2.312
10871,2.502,2.312
10872,2.454,2.312
10873,2.405,2.317
10874,2.366,2.312
10875,2.336,2.317
10876,2.326,2.312
10877,2.322,2.317
10878,2.312,2.312
10879,2.307,2.317
10880,2.400,2.312
10881,2.649,2.317
10882,2.923,2.312
10883,3.045,2.317
10884,2.981,2.317
10885,2.820,2.317
10886,2.639,2.317
10887,2.502,2.317
10888,2.434,2.317
10889,2.444,2.317
10890,2.498,2.317
10891,2.537,2.317
10892,2.537,2.317
10893,2.502,2.317
10894,2.454,2.322
10895,2.410,2.317
10896,2.366,2.317
10897,2.346,2.317
10898,2.336,2.317
10899,2.317,2.322
10900,2.312,2.317
10901,2.307,2.322
10902,2.317,2.317
10903,2.478,2.322
10904,2.791,2.322
10905,3.045,2.317
10906,3.104,2.322
10907,2.996,2.322
10908,2.815,2.322
10909,2.659,2.317
10910,2.542,2.322
10911,2.488,2.322
10912,2.498,2.322
10913,2.542,2.322
10914,2.576,2.322
10915,2.566,2.322
10916,2.527,2.322
10917,2.473,2.322
10918,2.429,2.322
10919,2.390,2.322
10920,2.351,2.322
10921,2.331,2.322
10922,2.326,2.326
10923,2.331,2.326
10924,2.326,2.322
10925,2.312,2.326
10926,2.375,2.322
10927,2.610,2.326
10928,2.913,2.322
10929,3.089,2.326
10930,3.069,2.322
10931,2.918,2.326
10932,2.737,2.322
10933,2.595,2.326
10934,2.512,2.326
10935,2.498,2.326
10936,2.522,2.326
10937,2.561,2.326
10938,2.571,2.326
10939,2.542,2.326
10940,2.493,2.326
10941,2.439,2.326
10942,2.395,2.331
10943,2.366,2.326
10944,2.351,2.331
10945,2.341,2.326
10946,2.326,2.331
10947,2.322,2.326
10948,2.317,2.331
10949,2.307,2.326
10950,2.317,2.326
10951,2.449,2.331
10952,2.737,2.326
10953,2.991,2.331
10954,3.060,2.326
10955,2.962,2.331
10956,2.781,2.331
10957,2.625,2.331
10958,2.517,2.331
10959,2.473,2.331
10960,2.488,2.331
10961,2.532,2.331
10962,2.556,2.331
10963,2.546,2.331
10964,2.502,2.331
10965,2.458,2.331
10966,2.419,2.331
10967,2.390,2.331
10968,2.366,2.331
10969,2.351,2.331
10970,2.336,2.336
10971,2.326,2.331
10972,2.317,2.336
10973,2.307,2.331
10974,2.317,2.336
10975,2.410,2.331
10976,2.664,2.336
10977,2.933,2.331
10978,3.021,2.336
10979,2.937,2.336
10980,2.776,2.336
10981,2.620,2.336
10982,2.502,2.336
10983,2.449,2.336
10984,2.463,2.336
10985,2.498,2.336
10986,2.527,2.336
10987,2.522,2.336
10988,2.488,2.336
10989,2.434,2.336
10990,2.385,2.336
10991,2.356,2.341
10992,2.336,2.336
10993,2.322,2.341
10994,2.312,2.336
10995,2.297,2.341
10996,2.292,2.336
10997,2.292,2.341
10998,2.278,2.336
10999,2.322,2.341
11000,2.517,2.336
11001,2.815,2.336
11002,3.006,2.341
11003,3.021,2.336
11004,2.854,2.341
11005,2.688,2.336
11006,2.551,2.341
11007,2.468,2.341
11008,2.454,2.341
11009,2.488,2.341
11010,2.527,2.341
11011,2.532,2.341
11012,2.512,2.341
11013,2.463,2.341
11014,2.414,2.341
11015,2.375,2.341
11016,2.341,2.341
11017,2.326,2.341
11018,2.317,2.341
11019,2.312,2.341
11020,2.302,2.341
11021,2.302,2.346
11022,2.292,2.341
11023,2.287,2.346
11024,2.366,2.341
11025,2.600,2.341
11026,2.874,2.341
11027,3.025,2.346
11028,2.986,2.341
11029,2.805,2.341
11030,2.659,2.346
11031,2.537,2.341
11032,2.483,2.346
11033,2.483,2.346
11034,2.517,2.346
11035,2.537,2.346
11036,2.537,2.346
11037,2.502,2.346
11038,2.468,2.346
11039,2.439,2.346
11040,2.414,2.346
11041,2.390,2.346
11042,2.375,2.346
11043,2.366,2.346
11044,2.361,2.346
11045,2.361,2.351
11046,2.346,2.346
11047,2.331,2.351
11048,2.380,2.346
11049,2.590,2.351
11050,2.854,2.346
11051,3.006,2.351
11052,2.972,2.346
11053,2.825,2.351
11054,2.659,2.346
11055,2.532,2.351
11056,2.458,2.346
11057,2.434,2.351
11058,2.454,2.346
11059,2.483,2.351
11060,2.493,2.346
11061,2.473,2.351
11062,2.424,2.351
11063,2.380,2.346
11064,2.336,2.351
11065,2.312,2.346
11066,2.302,2.351
11067,2.297,2.346
11068,2.297,2.351
11069,2.297,2.351
11070,2.302,2.351
11071,2.297,2.351
11072,2.380,2.351
11073,2.659,2.351
11074,2.981,2.351
11075,3.143,2.351
11076,3.084,2.351
11077,2.879,2.351
11078,2.678,2.351
11079,2.522,2.351
11080,2.449,2.351
11081,2.444,2.351
11082,2.483,2.356
11083,2.527,2.351
11084,2.546,2.351
11085,2.537,2.351
11086,2.507,2.351
11087,2.468,2.351
11088,2.429,2.351
11089,2.405,2.356
11090,2.370,2.351
11091,2.336,2.356
11092,2.312,2.351
11093,2.292,2.356
11094,2.287,2.351
11095,2.326,2.356
11096,2.498,2.351
11097,2.757,2.356
11098,2.923,2.351
11099,2.933,2.356
11100,2.815,2.351
11101,2.649,2.356
11102,2.512,2.356
11103,2.419,2.356
11104,2.405,2.356
11105,2.439,2.356
11106,2.478,2.356
11107,2.498,2.356
11108,2.483,2.356
11109,2.454,2.356
11110,2.405,2.356
11111,2.361,2.356
11112,2.331,2.361
11113,2.312,2.356
11114,2.307,2.361
11115,2.312,2.356
11116,2.302,2.361
11117,2.297,2.356
11118,2.312,2.361
11119,2.444,2.361
11120,2.703,2.361
11121,2.923,2.361
11122,2.977,2.361
11123,2.879,2.361
11124,2.717,2.361
11125,2.571,2.361
11126,2.473,2.361
11127,2.439,2.361
11128,2.463,2.361
11129,2.502,2.361
11130,2.532,2.361
11131,2.527,2.361
11132,2.483,2.361
11133,2.429,2.361
11134,2.385,2.361
11135,2.351,2.361
11136,2.336,2.361
11137,2.336,2.361
11138,2.326,2.366
11139,2.322,2.361
11140,2.405,2.366
11141,2.639,2.361
11142,2.874,2.366
11143,2.981,2.361
11144,2.913,2.366
11145,2.757,2.366
11146,2.605,2.366
11147,2.488,2.366
11148,2.434,2.366
11149,2.444,2.366
11150,2.473,2.366
11151,2.498,2.366
11152,2.502,2.361
11153,2.468,2.366
11154,2.414,2.366
11155,2.366,2.366
11156,2.341,2.366
11157,2.322,2.366
11158,2.317,2.366
11159,2.307,2.366
11160,2.297,2.366
11161,2.297,2.366
11162,2.380,2.370
11163,2.625,2.366
11164,2.893,2.370
11165,3.016,2.366
11166,2.952,2.366
11167,2.796,2.366
11168,2.630,2.366
11169,2.507,2.366
11170,2.444,2.366
11171,2.449,2.370
11172,2.483,2.366
11173,2.517,2.370
11174,2.522,2.366
11175,2.488,2.370
11176,2.439,2.366
11177,2.395,2.370
11178,2.351,2.366
11179,2.331,2.370
11180,2.317,2.366
11181,2.312,2.370
11182,2.312,2.366
11183,2.307,2.370
11184,2.302,2.370
11185,2.312,2.370
11186,2.468,2.370
11187,2.752,2.370
11188,2.986,2.370
11189,3.040,2.370
11190,2.933,2.370
11191,2.761,2.370
11192,2.590,2.370
11193,2.498,2.370
11194,2.463,2.370
11195,2.483,2.370
11196,2.512,2.370
11197,2.532,2.370
11198,2.507,2.370
11199,2.468,2.370
11200,2.424,2.370
11201,2.380,2.375
11202,2.341,2.370
11203,2.322,2.375
11204,2.317,2.370
11205,2.307,2.375
11206,2.307,2.370
11207,2.302,2.375
11208,2.292,2.370
11209,2.292,2.375
11210,2.410,2.370
11211,2.683,2.375
11212,2.942,2.370
11213,3.040,2.375
11214,2.952,2.375
11215,2.786,2.375
11216,2.620,2.375
11217,2.507,2.375
11218,2.449,2.375
11219,2.458,2.375
11220,2.502,2.375
11221,2.527,2.370
11222,2.517,2.375
11223,2.478,2.375
11224,2.429,2.375
11225,2.390,2.375
11226,2.356,2.375
11227,2.331,2.375
11228,2.322,2.375
11229,2.317,2.375
11230,2.317,2.375
11231,2.312,2.375
11232,2.307,2.375
11233,2.302,2.375
11234,2.317,2.375
11235,2.468,2.375
11236,2.747,2.375
11237,2.977,2.375
11238,3.030,2.375
11239,2.913,2.375
11240,2.737,2.375
11241,2.581,2.375
11242,2.468,2.375
11243,2.434,2.375
11244,2.458,2.375
11245,2.498,2.375
11246,2.512,2.375
11247,2.498,2.375
11248,2.454,2.375
11249,2.410,2.375
11250,2.366,2.380
11251,2.336,2.375
11252,2.322,2.380
11253,2.312,2.375
11254,2.307,2.380
11255,2.302,2.375
11256,2.287,2.375
11257,2.283,2.375
11258,2.278,2.375
11259,2.283,2.375
11260,2.336,2.375
11261,2.561,2.375
11262,2.854,2.375
11263,3.045,2.380
11264,3.025,2.375
11265,2.869,2.380
11266,2.693,2.375
11267,2.551,2.380
11268,2.468,2.375
11269,2.444,2.380
11270,2.478,2.375
11271,2.517,2.380
11272,2.532,2.375
11273,2.507,2.380
11274,2.458,2.380
11275,2.410,2.380
11276,2.370,2.380
11277,2.341,2.380
11278,2.322,2.380
11279,2.312,2.380
11280,2.302,2.380
11281,2.302,2.380
11282,2.287,2.380
11283,2.283,2.380
11284,2.292,2.380
11285,2.287,2.380
11286,2.375,2.380
11287,2.615,2.380
11288,2.898,2.380
11289,3.040,2.380
11290,2.996,2.380
11291,2.845,2.385
11292,2.674,2.380
11293,2.532,2.385
11294,2.458,2.380
11295,2.454,2.385
11296,2.488,2.380
11297,2.522,2.385
11298,2.532,2.380
11299,2.507,2.385
11300,2.454,2.385
11301,2.410,2.380
11302,2.361,2.385
11303,2.336,2.380
11304,2.317,2.385
11305,2.312,2.385
11306,2.302,2.385
11307,2.302,2.385
11308,2.292,2.385
11309,2.297,2.385
11310,2.287,2.385
11311,2.292,2.385
11312,2.322,2.385
11313,2.507,2.385
11314,2.840,2.385
11315,3.109,2.385
11316,3.167,2.385
11317,3.055,2.390
11318,2.854,2.385
11319,2.669,2.390
11320,2.546,2.385
11321,2.478,2.390
11322,2.478,2.385
11323,2.498,2.390
11324,2.522,2.385
11325,2.507,2.390
11326,2.468,2.385
11327,2.424,2.390
11328,2.385,2.390
11329,2.341,2.390
11330,2.322,2.390
11331,2.307,2.390
11332,2.297,2.390
11333,2.297,2.390
11334,2.292,2.390
11335,2.292,2.390
11336,2.283,2.390
11337,2.273,2.390
11338,2.317,2.390
11339,2.517,2.390
11340,2.805,2.390
11341,3.006,2.390
11342,3.021,2.395
11343,2.889,2.390
11344,2.708,2.395
11345,2.561,2.390
11346,2.468,2.395
11347,2.454,2.395
11348,2.483,2.395
11349,2.527,2.395
11350,2.542,2.390
11351,2.532,2.395
11352,2.493,2.390
11353,2.444,2.395
11354,2.405,2.395
11355,2.380,2.395
11356,2.361,2.395
11357,2.361,2.395
11358,2.356,2.395
11359,2.356,2.395
11360,2.341,2.395
11361,2.331,2.395
11362,2.336,2.395
11363,2.454,2.395
11364,2.717,2.395
11365,2.952,2.395
11366,3.040,2.400
11367,2.952,2.395
11368,2.781,2.400
11369,2.620,2.395
11370,2.502,2.400
11371,2.458,2.395
11372,2.478,2.400
11373,2.527,2.395
11374,2.556,2.400
11375,2.551,2.400
11376,2.517,2.400
11377,2.458,2.400
11378,2.414,2.400
11379,2.380,2.400
11380,2.366,2.400
11381,2.346,2.400
11382,2.336,2.395
11383,2.326,2.400
11384,2.322,2.400
11385,2.312,2.400
11386,2.307,2.400
11387,2.366,2.400
11388,2.590,2.400
11389,2.893,2.400
11390,3.084,2.400
11391,3.079,2.400
11392,2.937,2.400
11393,2.757,2.400
11394,2.610,2.405
11395,2.512,2.400
11396,2.493,2.405
11397,2.532,2.400
11398,2.576,2.405
11399,2.590,2.400
11400,2.561,2.405
11401,2.517,2.400
11402,2.463,2.405
11403,2.414,2.400
11404,2.385,2.405
11405,2.366,2.405
11406,2.361,2.405
11407,2.351,2.405
11408,2.341,2.405
11409,2.341,2.405
11410,2.326,2.405
11411,2.307,2.405
11412,2.361,2.405
11413,2.576,2.405
11414,2.884,2.405
11415,3.084,2.405
11416,3.099,2.410
11417,2.952,2.405
11418,2.766,2.410
11419,2.620,2.405
11420,2.527,2.410
11421,2.498,2.405
11422,2.522,2.410
11423,2.556,2.405
11424,2.566,2.410
11425,2.551,2.405
11426,2.507,2.410
11427,2.458,2.405
11428,2.414,2.410
11429,2.375,2.410
11430,2.351,2.410
11431,2.336,2.410
11432,2.326,2.410
11433,2.322,2.410
11434,2.326,2.405
11435,2.317,2.410
11436,2.307,2.405
11437,2.302,2.410
11438,2.361,2.410
11439,2.586,2.410
11440,2.874,2.410
11441,3.055,2.410
11442,3.040,2.410
11443,2.898,2.410
11444,2.722,2.410
11445,2.581,2.410
11446,2.498,2.414
11447,2.493,2.410
11448,2.532,2.414
11449,2.581,2.410
11450,2.590,2.414
11451,2.566,2.410
11452,2.507,2.414
11453,2.463,2.410
11454,2.419,2.414
11455,2.395,2.410
11456,2.375,2.414
11457,2.361,2.410
11458,2.351,2.414
11459,2.346,2.410
11460,2.331,2.414
11461,2.341,2.414
11462,2.502,2.410
11463,2.776,2.414
11464,3.001,2.410
11465,3.055,2.414
11466,2.952,2.410
11467,2.796,2.414
11468,2.639,2.414
11469,2.537,2.414
11470,2.498,2.414
11471,2.517,2.414
11472,2.551,2.414
11473,2.576,2.414
11474,2.561,2.414
11475,2.522,2.414
11476,2.473,2.419
11477,2.424,2.414
11478,2.385,2.419
11479,2.356,2.414
11480,2.341,2.419
11481,2.331,2.414
11482,2.331,2.419
11483,2.331,2.414
11484,2.322,2.419
11485,2.312,2.414
11486,2.331,2.419
11487,2.483,2.414
11488,2.786,2.419
11489,3.069,2.419
11490,3.138,2.414
11491,3.030,2.419
11492,2.845,2.414
11493,2.693,2.419
11494,2.581,2.414
11495,2.537,2.419
11496,2.551,2.414
11497,2.586,2.419
11498,2.615,2.419
11499,2.615,2.419
11500,2.576,2.419
11501,2.527,2.419
11502,2.483,2.419
11503,2.454,2.419
11504,2.429,2.419
11505,2.410,2.419
11506,2.390,2.419
11507,2.380,2.419
11508,2.366,2.424
11509,2.366,2.419
11510,2.361,2.424
11511,2.429,2.419
11512,2.664,2.424
11513,2.952,2.419
11514,3.113,2.424
11515,3.079,2.419
11516,2.889,2.419
11517,2.713,2.424
11518,2.581,2.419
11519,2.507,2.424
11520,2.488,2.419
11521,2.512,2.424
11522,2.527,2.419
11523,2.532,2.424
11524,2.512,2.419
11525,2.468,2.424
11526,2.419,2.424
11527,2.375,2.424
11528,2.341,2.424
11529,2.322,2.424
11530,2.312,2.424
11531,2.307,2.424
11532,2.307,2.424
11533,2.307,2.424
11534,2.302,2.424
11535,2.312,2.424
11536,2.458,2.429
11537,2.732,2.424
11538,2.967,2.424
11539,3.045,2.424
11540,2.947,2.424
11541,2.791,2.424
11542,2.644,2.424
11543,2.527,2.429
11544,2.488,2.424
11545,2.507,2.429
11546,2.551,2.424
11547,2.576,2.429
11548,2.566,2.424
11549,2.512,2.429
11550,2.463,2.429
11551,2.419,2.429
11552,2.385,2.429
11553,2.366,2.429
11554,2.351,2.429
11555,2.346,2.429
11556,2.341,2.429
11557,2.326,2.429
11558,2.346,2.429
11559,2.512,2.429
11560,2.771,2.429
11561,2.962,2.429
11562,2.981,2.429
11563,2.869,2.429
11564,2.708,2.434
11565,2.571,2.429
11566,2.478,2.434
11567,2.454,2.429
11568,2.478,2.434
11569,2.517,2.429
11570,2.532,2.434
11571,2.512,2.429
11572,2.458,2.434
11573,2.405,2.429
11574,2.366,2.434
11575,2.331,2.429
11576,2.312,2.434
11577,2.297,2.434
11578,2.292,2.434
11579,2.297,2.434
11580,2.287,2.434
11581,2.307,2.434
11582,2.458,2.434
11583,2.732,2.434
11584,2.972,2.429
11585,3.040,2.434
11586,2.947,2.434
11587,2.781,2.434
11588,2.634,2.434
11589,2.522,2.434
11590,2.473,2.434
11591,2.478,2.439
11592,2.512,2.434
11593,2.532,2.434
11594,2.527,2.434
11595,2.488,2.439
11596,2.429,2.439
11597,2.390,2.434
11598,2.361,2.439
11599,2.351,2.434
11600,2.351,2.439
11601,2.356,2.434
11602,2.341,2.439
11603,2.326,2.434
11604,2.317,2.439
11605,2.400,2.439
11606,2.639,2.439
11607,2.903,2.439
11608,3.030,2.439
11609,2.981,2.439
11610,2.825,2.439
11611,2.678,2.444
11612,2.566,2.439
11613,2.498,2.444
11614,2.498,2.444
11615,2.527,2.444
11616,2.556,2.439
11617,2.556,2.444
11618,2.512,2.444
11619,2.439,2.444
11620,2.366,2.444
11621,2.322,2.444
11622,2.292,2.444
11623,2.283,2.444
11624,2.278,2.444
11625,2.273,2.444
11626,2.273,2.444
11627,2.268,2.444
11628,2.287,2.449
11629,2.434,2.444
11630,2.722,2.449
11631,2.952,2.444
11632,3.006,2.449
11633,2.908,2.444
11634,2.742,2.449
11635,2.600,2.444
11636,2.493,2.449
11637,2.449,2.449
11638,2.473,2.449
11639,2.507,2.449
11640,2.537,2.449
11641,2.527,2.449
11642,2.483,2.444
11643,2.424,2.449
11644,2.380,2.444
11645,2.341,2.449
11646,2.336,2.444
11647,2.336,2.449
11648,2.331,2.444
11649,2.317,2.449
11650,2.346,2.449
11651,2.537,2.449
11652,2.805,2.449
11653,2.981,2.449
11654,2.986,2.449
11655,2.869,2.449
11656,2.722,2.449
11657,2.590,2.449
11658,2.478,2.449
11659,2.463,2.449
11660,2.488,2.449
11661,2.512,2.449
11662,2.512,2.449
11663,2.483,2.454
11664,2.439,2.449
11665,2.390,2.454
11666,2.356,2.449
11667,2.326,2.454
11668,2.312,2.449
11669,2.302,2.454
11670,2.302,2.449
11671,2.287,2.454
11672,2.302,2.449
11673,2.463,2.454
11674,2.747,2.449
11675,2.991,2.454
11676,3.065,2.454
11677,2.952,2.449
11678,2.791,2.454
11679,2.644,2.449
11680,2.537,2.454
11681,2.483,2.449
11682,2.478,2.454
11683,2.502,2.449
11684,2.517,2.454
11685,2.507,2.449
11686,2.468,2.454
11687,2.419,2.454
11688,2.370,2.454
11689,2.336,2.454
11690,2.317,2.454
11691,2.307,2.454
11692,2.292,2.454
11693,2.287,2.454
11694,2.287,2.454
11695,2.273,2.454
11696,2.273,2.454
11697,2.385,2.454
11698,2.669,2.449
11699,2.957,2.454
11700,3.089,2.449
11701,3.025,2.454
11702,2.859,2.449
11703,2.693,2.454
11704,2.556,2.454
11705,2.493,2.449
11706,2.478,2.454
11707,2.498,2.449
11708,2.517,2.454
11709,2.512,2.449
11710,2.478,2.454
11711,2.424,2.449
11712,2.385,2.454
11713,2.351,2.449
11714,2.322,2.454
11715,2.307,2.449
11716,2.292,2.449
11717,2.283,2.449
11718,2.278,2.449
11719,2.268,2.449
11720,2.268,2.449
11721,2.258,2.449
11722,2.273,2.449
11723,2.395,2.449
11724,2.683,2.444
11725,2.962,2.449
11726,3.079,2.444
11727,2.996,2.449
11728,2.815,2.444
11729,2.654,2.449
11730,2.527,2.444
11731,2.468,2.444
11732,2.478,2.444
11733,2.517,2.444
11734,2.542,2.444
11735,2.527,2.444
11736,2.493,2.444
11737,2.444,2.444
11738,2.395,2.444
11739,2.356,2.444
11740,2.336,2.444
11741,2.326,2.444
11742,2.317,2.444
11743,2.312,2.439
11744,2.307,2.444
11745,2.292,2.439
11746,2.292,2.444
11747,2.414,2.439
11748,2.698,2.444
11749,2.967,2.439
11750,3.065,2.444
11751,2.967,2.444
11752,2.791,2.444
11753,2.620,2.444
11754,2.493,2.439
11755,2.434,2.444
11756,2.444,2.439
11757,2.478,2.444
11758,2.512,2.439
11759,2.493,2.444
11760,2.454,2.439
11761,2.400,2.444
11762,2.351,2.439
11763,2.317,2.439
11764,2.292,2.439
11765,2.278,2.439
11766,2.268,2.444
11767,2.268,2.439
11768,2.268,2.444
11769,2.263,2.439
11770,2.268,2.444
11771,2.405,2.439
11772,2.703,2.444
11773,2.991,2.439
11774,3.109,2.444
11775,3.016,2.439
11776,2.830,2.444
11777,2.649,2.439
11778,2.517,2.444
11779,2.454,2.444
11780,2.454,2.444
11781,2.483,2.444
11782,2.507,2.444
11783,2.507,2.444
11784,2.458,2.444
11785,2.410,2.444
11786,2.361,2.444
11787,2.322,2.444
11788,2.302,2.444
11789,2.292,2.444
11790,2.283,2.444
11791,2.273,2.444
11792,2.268,2.444
11793,2.263,2.444
11794,2.258,2.444
11795,2.258,2.444
11796,2.331,2.449
11797,2.590,2.444
11798,2.923,2.449
11799,3.113,2.444
11800,3.089,2.449
11801,2.913,2.444
11802,2.717,2.449
11803,2.566,2.444
11804,2.468,2.449
11805,2.449,2.449
11806,2.468,2.449
11807,2.507,2.449
11808,2.522,2.444
11809,2.498,2.449
11810,2.449,2.444
11811,2.395,2.449
11812,2.341,2.449
11813,2.312,2.449
11814,2.297,2.449
11815,2.287,2.449
11816,2.273,2.449
11817,2.268,2.449
11818,2.263,2.449
11819,2.258,2.449
11820,2.253,2.449
11821,2.248,2.449
11822,2.297,2.449
11823,2.517,2.449
11824,2.849,2.454
11825,3.079,2.449
11826,3.099,2.454
11827,2.942,2.449
11828,2.732,2.454
11829,2.556,2.449
11830,2.454,2.454
11831,2.429,2.449
11832,2.458,2.454
11833,2.507,2.449
11834,2.532,2.454
11835,2.517,2.454
11836,2.468,2.454
11837,2.414,2.454
11838,2.366,2.454
11839,2.326,2.454
11840,2.297,2.454
11841,2.292,2.454
11842,2.283,2.454
11843,2.273,2.454
11844,2.278,2.454
11845,2.268,2.454
11846,2.263,2.454
11847,2.273,2.454
11848,2.400,2.454
11849,2.698,2.454
11850,2.991,2.454
11851,3.104,2.454
11852,3.011,2.458
11853,2.815,2.454
11854,2.620,2.458
11855,2.468,2.454
11856,2.400,2.458
11857,2.419,2.454
11858,2.468,2.458
11859,2.502,2.454
11860,2.507,2.458
11861,2.473,2.454
11862,2.424,2.458
11863,2.370,2.458
11864,2.336,2.458
11865,2.302,2.458
11866,2.287,2.458
11867,2.278,2.458
11868,2.273,2.458
11869,2.263,2.458
11870,2.263,2.458
11871,2.258,2.463
11872,2.253,2.458
11873,2.356,2.463
11874,2.639,2.458
11875,2.967,2.458
11876,3.128,2.458
11877,3.065,2.463
11878,2.879,2.463
11879,2.674,2.458
11880,2.512,2.463
11881,2.434,2.458
11882,2.434,2.463
11883,2.483,2.458
11884,2.522,2.463
11885,2.532,2.458
11886,2.493,2.463
11887,2.439,2.463
11888,2.390,2.463
11889,2.341,2.463
11890,2.322,2.463
11891,2.302,2.463
11892,2.292,2.463
11893,2.287,2.463
11894,2.278,2.463
11895,2.268,2.468
11896,2.268,2.463
11897,2.268,2.468
11898,2.361,2.463
11899,2.649,2.468
11900,2.977,2.463
11901,3.138,2.468
11902,3.079,2.463
11903,2.893,2.468
11904,2.678,2.463
11905,2.517,2.468
11906,2.434,2.463
11907,2.434,2.468
11908,2.483,2.468
11909,2.532,2.468
11910,2.537,2.468
11911,2.507,2.463
11912,2.454,2.468
11913,2.395,2.468
11914,2.351,2.468
11915,2.322,2.468
11916,2.297,2.468
11917,2.287,2.468
11918,2.278,2.468
11919,2.278,2.468
11920,2.278,2.468
11921,2.268,2.473
11922,2.278,2.468
11923,2.405,2.473
11924,2.722,2.468
11925,3.035,2.473
11926,3.143,2.468
11927,3.030,2.468
11928,2.815,2.473
11929,2.615,2.468
11930,2.473,2.473
11931,2.419,2.468
11932,2.439,2.473
11933,2.493,2.468
11934,2.527,2.473
11935,2.512,2.468
11936,2.468,2.473
11937,2.414,2.473
11938,2.366,2.473
11939,2.331,2.473
11940,2.307,2.473
11941,2.283,2.473
11942,2.278,2.473
11943,2.273,2.473
11944,2.273,2.473
11945,2.263,2.473
11946,2.258,2.473
11947,2.253,2.473
11948,2.370,2.478
11949,2.664,2.473
11950,2.981,2.478
11951,3.118,2.473
11952,3.035,2.478
11953,2.835,2.473
11954,2.625,2.478
11955,2.463,2.473
11956,2.405,2.478
11957,2.429,2.473
11958,2.498,2.478
11959,2.551,2.473
11960,2.561,2.478
11961,2.522,2.478
11962,2.458,2.478
11963,2.410,2.478
11964,2.395,2.478
11965,2.414,2.478
11966,2.478,2.478
11967,2.542,2.478
11968,2.551,2.478
11969,2.498,2.478
11970,2.537,2.478
11971,2.747,2.478
11972,3.001,2.478
11973,3.123,2.483
11974,3.055,2.478
11975,2.874,2.478
11976,2.678,2.478
11977,2.527,2.478
11978,2.439,2.483
11979,2.454,2.478
11980,2.512,2.483
11981,2.556,2.478
11982,2.566,2.483
11983,2.512,2.478
11984,2.434,2.483
11985,2.361,2.478
11986,2.312,2.483
11987,2.283,2.478
11988,2.258,2.483
11989,2.239,2.478
11990,2.224,2.483
11991,2.224,2.483
11992,2.317,2.483
11993,2.610,2.483
11994,2.996,2.483
11995,3.245,2.483
11996,3.280,2.483
11997,3.148,2.483
11998,2.957,2.483
11999,2.761,2.483
12000,2.639,2.483
12001,2.605,2.483
12002,2.644,2.400
12003,2.674,2.317
12004,2.639,2.283
12005,2.571,2.283
12006,2.502,2.336
12007,2.439,2.370
12008,2.380,2.400
12009,2.331,2.419
12010,2.302,2.439
12011,2.278,2.449
12012,2.258,2.458
12013,2.243,2.463
12014,2.253,2.473
12015,2.400,2.473
12016,2.708,2.478
12017,2.972,2.478
12018,3.069,2.483
12019,2.977,2.478
12020,2.801,2.483
12021,2.615,2.483
12022,2.488,2.483
12023,2.424,2.483
12024,2.429,2.483
12025,2.463,2.483
12026,2.483,2.483
12027,2.478,2.488
12028,2.434,2.483
12029,2.380,2.488
12030,2.331,2.483
12031,2.292,2.488
12032,2.268,2.483
12033,2.258,2.488
12034,2.258,2.488
12035,2.253,2.483
12036,2.273,2.488
12037,2.424,2.483
12038,2.717,2.488
12039,2.952,2.483
12040,3.006,2.488
12041,2.898,2.483
12042,2.717,2.488
12043,2.551,2.483
12044,2.429,2.488
12045,2.395,2.429
12046,2.434,2.351
12047,2.498,2.326
12048,2.532,2.356
12049,2.527,2.390
12050,2.478,2.414
12051,2.414,2.434
12052,2.361,2.444
12053,2.322,2.458
12054,2.297,2.463
12055,2.287,2.468
12056,2.278,2.473
12057,2.356,2.478
12058,2.600,2.478
12059,2.889,2.478
12060,3.050,2.478
12061,3.011,2.483
12062,2.849,2.483
12063,2.664,2.483
12064,2.493,2.483
12065,2.395,2.483
12066,2.380,2.488
12067,2.419,2.483
12068,2.468,2.488
12069,2.483,2.483
12070,2.458,2.488
12071,2.410,2.483
12072,2.361,2.488
12073,2.322,2.483
12074,2.297,2.488
12075,2.292,2.483
12076,2.278,2.488
12077,2.268,2.483
12078,2.361,2.488
12079,2.644,2.483
12080,2.967,2.488
12081,3.118,2.483
12082,3.074,2.488
12083,2.903,2.483
12084,2.703,2.488
12085,2.546,2.483
12086,2.463,2.488
12087,2.473,2.483
12088,2.542,2.483
12089,2.595,2.483
12090,2.620,2.483
12091,2.595,2.483
12092,2.546,2.483
12093,2.478,2.483
12094,2.410,2.483
12095,2.351,2.483
12096,2.307,2.483
12097,2.273,2.483
12098,2.302,2.483
12099,2.498,2.483
12100,2.825,2.478
12101,3.050,2.478
12102,3.079,2.478
12103,2.942,2.478
12104,2.761,2.473
12105,2.595,2.473
12106,2.478,2.473
12107,2.424,2.473
12108,2.449,2.473
12109,2.483,2.473
12110,2.493,2.473
12111,2.473,2.468
12112,2.424,2.473
12113,2.370,2.468
12114,2.326,2.468
12115,2.302,2.468
12116,2.283,2.468
12117,2.278,2.463
12118,2.346,2.463
12119,2.586,2.463
12120,2.903,2.463
12121,3.099,2.463
12122,3.074,2.463
12123,2.879,2.463
12124,2.634,2.458
12125,2.434,2.458
12126,2.326,2.458
12127,2.322,2.458
12128,2.366,2.458
12129,2.419,2.458
12130,2.449,2.454
12131,2.434,2.454
12132,2.395,2.454
12133,2.346,2.454
12134,2.317,2.454
12135,2.292,2.449
12136,2.283,2.449
12137,2.312,2.449
12138,2.488,2.449
12139,2.805,2.449
12140,3.065,2.449
12141,3.133,2.444
12142,3.021,2.444
12143,2.840,2.444
12144,2.664,2.444
12145,2.532,2.439
12146,2.468,2.444
12147,2.458,2.439
12148,2.468,2.439
12149,2.478,2.439
12150,2.449,2.439
12151,2.410,2.439
12152,2.366,2.439
12153,2.322,2.434
12154,2.287,2.434
12155,2.263,2.434
12156,2.253,2.434
12157,2.322,2.434
12158,2.600,2.429
12159,2.947,2.429
12160,3.152,2.429
12161,3.128,2.429
12162,2.903,2.429
12163,2.717,2.424
12164,2.571,2.424
12165,2.488,2.424
12166,2.478,2.424
12167,2.517,2.419
12168,2.551,2.419
12169,2.546,2.419
12170,2.507,2.419
12171,2.454,2.414
12172,2.410,2.414
12173,2.380,2.414
12174,2.361,2.414
12175,2.361,2.410
12176,2.385,2.410
12177,2.571,2.410
12178,2.889,2.405
12179,3.109,2.405
12180,3.133,2.405
12181,2.991,2.405
12182,2.801,2.400
12183,2.630,2.400
12184,2.517,2.395
12185,2.478,2.400
12186,2.502,2.395
12187,2.532,2.395
12188,2.546,2.390
12189,2.517,2.390
12190,2.473,2.390
12191,2.410,2.390
12192,2.356,2.390
12193,2.312,2.385
12194,2.292,2.385
12195,2.283,2.380
12196,2.278,2.380
12197,2.322,2.380
12198,2.546,2.380
12199,2.889,2.375
12200,3.089,2.380
12201,3.069,2.375
12202,2.893,2.375
12203,2.693,2.370
12204,2.532,2.370
12205,2.429,2.366
12206,2.400,2.366
12207,2.434,2.361
12208,2.468,2.361
12209,2.488,2.361
12210,2.458,2.356
12211,2.405,2.356
12212,2.356,2.351
12213,2.307,2.351
12214,2.273,2.346
12215,2.248,2.346
12216,2.239,2.341
12217,2.229,2.341
12218,2.224,2.336
12219,2.224,2.331
12220,2.375,2.331
12221,2.688,2.326
12222,2.962,2.326
12223,3.021,2.322
12224,2.893,2.322
12225,2.698,2.317
12226,2.512,2.317
12227,2.380,2.312
12228,2.346,2.312
12229,2.380,2.307
12230,2.429,2.307
12231,2.454,2.302
12232,2.444,2.302
12233,2.400,2.297
12234,2.336,2.297
12235,2.283,2.287
12236,2.248,2.287
12237,2.234,2.283
12238,2.229,2.283
12239,2.229,2.278
12240,2.224,2.278
12241,2.234,2.273
12242,2.366,2.273
12243,2.698,2.273
12244,2.952,2.263
12245,3.011,2.268
12246,2.879,2.258
12247,2.674,2.258
12248,2.473,2.253
12249,2.351,2.253
12250,2.322,2.248
12251,2.375,2.248
12252,2.439,2.243
12253,2.468,2.239
12254,2.449,2.234
12255,2.400,2.234
12256,2.341,2.229
12257,2.292,2.224
12258,2.263,2.224
12259,2.248,2.219
12260,2.248,2.219
12261,2.243,2.209
12262,2.248,2.209
12263,2.395,2.204
12264,2.713,2.204
12265,3.001,2.195
12266,3.084,2.195
12267,2.967,2.190
12268,2.757,2.185
12269,2.561,2.180
12270,2.410,2.175
12271,2.370,2.175
12272,2.395,2.165
12273,2.439,2.165
12274,2.454,2.160
12275,2.439,2.155
12276,2.385,2.151
12277,2.336,2.151
12278,2.287,2.146
12279,2.253,2.141
12280,2.243,2.136
12281,2.234,2.136
12282,2.239,2.126
12283,2.229,2.126
12284,2.229,2.121
12285,2.317,2.116
12286,2.605,2.111
12287,2.967,2.107
12288,3.084,2.107
12289,2.991,2.102
12290,2.786,2.102
12291,2.586,2.097
12292,2.444,2.097
12293,2.390,2.092
12294,2.410,2.092
12295,2.473,2.087
12296,2.507,2.082
12297,2.502,2.082
12298,2.454,2.077
12299,2.390,2.077
12300,2.336,2.072
12301,2.302,2.077
12302,2.278,2.072
12303,2.278,2.072
12304,2.263,2.067
12305,2.253,2.072
12306,2.258,2.067
12307,2.400,2.067
12308,2.713,2.063
12309,3.001,2.063
12310,3.094,2.063
12311,2.986,2.063
12312,2.771,2.063
12313,2.566,2.058
12314,2.419,2.058
12315,2.366,2.058
12316,2.385,2.058
12317,2.434,2.053
12318,2.478,2.053
12319,2.478,2.053
12320,2.439,2.053
12321,2.375,2.048
12322,2.322,2.048
12323,2.278,2.048
12324,2.258,2.048
12325,2.253,2.048
12326,2.253,2.048
12327,2.248,2.048
12328,2.239,2.048
12329,2.273,2.048
12330,2.483,2.048
12331,2.840,2.053
12332,3.109,2.048
12333,3.138,2.053
12334,2.977,2.053
12335,2.757,2.053
12336,2.561,2.053
12337,2.434,2.058
12338,2.405,2.053
12339,2.439,2.058
12340,2.488,2.058
12341,2.512,2.058
12342,2.493,2.058
12343,2.449,2.058
12344,2.395,2.058
12345,2.341,2.063
12346,2.302,2.063
12347,2.283,2.063
12348,2.268,2.063
12349,2.258,2.063
12350,2.253,2.067
12351,2.248,2.067
12352,2.268,2.067
12353,2.449,2.067
12354,2.796,2.072
12355,3.094,2.072
12356,3.162,2.072
12357,3.021,2.077
12358,2.796,2.077
12359,2.590,2.077
12360,2.449,2.077
12361,2.400,2.082
12362,2.439,2.082
12363,2.498,2.082
12364,2.532,2.082
12365,2.517,2.087
12366,2.458,2.087
12367,2.400,2.092
12368,2.341,2.087
12369,2.302,2.092
12370,2.278,2.092
12371,2.263,2.097
12372,2.248,2.092
12373,2.243,2.097
12374,2.234,2.097
12375,2.224,2.102
12376,2.273,2.097
12377,2.507,2.102
12378,2.898,2.102
12379,3.084,2.102
12380,3.050,2.107
12381,2.864,2.102
12382,2.659,2.107
12383,2.493,2.107
12384,2.405,2.107
12385,2.419,2.107
12386,2.483,2.111
12387,2.532,2.107
12388,2.546,2.111
12389,2.527,2.111
12390,2.468,2.111
12391,2.405,2.111
12392,2.366,2.111
12393,2.341,2.116
12394,2.322,2.111
12395,2.317,2.116
12396,2.317,2.116
12397,2.307,2.116
12398,2.317,2.116
12399,2.444,2.121
12400,2.757,2.116
12401,3.045,2.121
12402,3.143,2.121
12403,3.035,2.121
12404,2.835,2.121
12405,2.620,2.121
12406,2.483,2.126
12407,2.419,2.126
12408,2.434,2.126
12409,2.498,2.126
12410,2.532,2.126
12411,2.522,2.126
12412,2.473,2.131
12413,2.414,2.131
12414,2.361,2.131
12415,2.322,2.131
12416,2.302,2.131
12417,2.297,2.131
12418,2.287,2.131
12419,2.278,2.136
12420,2.263,2.136
12421,2.253,2.136
12422,2.297,2.136
12423,2.537,2.136
12424,2.903,2.136
12425,3.167,2.141
12426,3.182,2.136
12427,3.006,2.141
12428,2.776,2.136
12429,2.586,2.141
12430,2.463,2.141
12431,2.429,2.141
12432,2.468,2.141
12433,2.517,2.141
12434,2.537,2.141
12435,2.507,2.141
12436,2.458,2.146
12437,2.400,2.141
12438,2.351,2.146
12439,2.322,2.146
12440,2.292,2.146
12441,2.292,2.146
12442,2.287,2.146
12443,2.278,2.146
12444,2.273,2.146
12445,2.302,2.146
12446,2.507,2.151
12447,2.864,2.151
12448,3.128,2.151
12449,3.162,2.151
12450,3.001,2.151
12451,2.766,2.151
12452,2.571,2.151
12453,2.449,2.155
12454,2.424,2.151
12455,2.468,2.155
12456,2.527,2.151
12457,2.546,2.155
12458,2.522,2.155
12459,2.463,2.155
12460,2.410,2.155
12461,2.356,2.155
12462,2.317,2.155
12463,2.307,2.155
12464,2.297,2.155
12465,2.287,2.155
12466,2.273,2.160
12467,2.317,2.155
12468,2.546,2.160
12469,2.898,2.155
12470,3.138,2.160
12471,3.148,2.160
12472,2.977,2.160
12473,2.771,2.160
12474,2.586,2.160
12475,2.478,2.160
12476,2.454,2.165
12477,2.498,2.160
12478,2.556,2.165
12479,2.576,2.160
12480,2.551,2.165
12481,2.483,2.165
12482,2.410,2.165
12483,2.351,2.165
12484,2.317,2.165
12485,2.302,2.165
12486,2.292,2.165
12487,2.292,2.165
12488,2.283,2.165
12489,2.292,2.165
12490,2.454,2.165
12491,2.810,2.165
12492,3.157,2.165
12493,3.284,2.165
12494,3.172,2.165
12495,2.947,2.165
12496,2.737,2.165
12497,2.586,2.165
12498,2.512,2.165
12499,2.512,2.165
12500,2.561,2.165
12501,2.595,2.165
12502,2.586,2.165
12503,2.537,2.165
12504,2.468,2.170
12505,2.410,2.165
12506,2.366,2.170
12507,2.336,2.165
12508,2.322,2.170
12509,2.317,2.165
12510,2.307,2.170
12511,2.297,2.165
12512,2.317,2.165
12513,2.542,2.170
12514,2.928,2.165
12515,3.231,2.170
12516,3.284,2.165
12517,3.128,2.170
12518,2.903,2.165
12519,2.698,2.170
12520,2.556,2.170
12521,2.507,2.170
12522,2.542,2.170
12523,2.586,2.170
12524,2.605,2.170
12525,2.576,2.170
12526,2.517,2.170
12527,2.458,2.170
12528,2.400,2.170
12529,2.370,2.170
12530,2.351,2.170
12531,2.346,2.170
12532,2.346,2.175
12533,2.341,2.170
12534,2.322,2.175
12535,2.380,2.175
12536,2.664,2.175
12537,3.040,2.175
12538,3.260,2.175
12539,3.211,2.175
12540,2.972,2.175
12541,2.752,2.175
12542,2.581,2.175
12543,2.493,2.175
12544,2.488,2.175
12545,2.537,2.175
12546,2.576,2.175
12547,2.566,2.175
12548,2.517,2.175
12549,2.449,2.175
12550,2.375,2.175
12551,2.326,2.175
12552,2.297,2.175
12553,2.292,2.175
12554,2.287,2.180
12555,2.273,2.175
12556,2.248,2.180
12557,2.248,2.175
12558,2.414,2.180
12559,2.801,2.175
12560,3.167,2.180
12561,3.294,2.175
12562,3.177,2.180
12563,2.942,2.175
12564,2.722,2.180
12565,2.556,2.175
12566,2.478,2.180
12567,2.478,2.180
12568,2.522,2.175
12569,2.551,2.180
12570,2.546,2.175
12571,2.488,2.180
12572,2.424,2.175
12573,2.356,2.180
12574,2.302,2.175
12575,2.273,2.180
12576,2.268,2.175
12577,2.263,2.175
12578,2.258,2.175
12579,2.248,2.175
12580,2.322,2.175
12581,2.625,2.175
12582,3.016,2.175
12583,3.236,2.175
12584,3.201,2.175
12585,2.996,2.175
12586,2.766,2.175
12587,2.590,2.175
12588,2.478,2.175
12589,2.468,2.175
12590,2.512,2.175
12591,2.556,2.170
12592,2.561,2.175
12593,2.527,2.170
12594,2.463,2.175
12595,2.400,2.175
12596,2.346,2.175
12597,2.317,2.170
12598,2.292,2.175
12599,2.263,2.170
12600,2.243,2.175
12601,2.287,2.170
12602,2.551,2.175
12603,2.933,2.175
12604,3.177,2.175
12605,3.167,2.175
12606,2.981,2.170
12607,2.761,2.175
12608,2.571,2.170
12609,2.444,2.175
12610,2.400,2.170
12611,2.419,2.175
12612,2.458,2.170
12613,2.468,2.175
12614,2.439,2.170
12615,2.385,2.175
12616,2.317,2.170
12617,2.258,2.175
12618,2.224,2.170
12619,2.199,2.175
12620,2.190,2.175
12621,2.185,2.170
12622,2.175,2.175
12623,2.209,2.170
12624,2.434,2.175
12625,2.820,2.170
12626,3.109,2.175
12627,3.133,2.175
12628,2.962,2.175
12629,2.742,2.175
12630,2.576,2.175
12631,2.458,2.175
12632,2.414,2.175
12633,2.434,2.175
12634,2.498,2.175
12635,2.556,2.175
12636,2.590,2.170
12637,2.581,2.175
12638,2.522,2.170
12639,2.434,2.175
12640,2.351,2.170
12641,2.297,2.175
12642,2.273,2.170
12643,2.263,2.175
12644,2.253,2.170
12645,2.253,2.175
12646,2.400,2.170
12647,2.805,2.170
12648,3.109,2.170
12649,3.187,2.170
12650,3.045,2.170
12651,2.835,2.170
12652,2.659,2.170
12653,2.522,2.170
12654,2.449,2.175
12655,2.454,2.170
12656,2.502,2.175
12657,2.537,2.170
12658,2.522,2.175
12659,2.478,2.175
12660,2.410,2.175
12661,2.336,2.170
12662,2.283,2.170
12663,2.243,2.170
12664,2.209,2.170
12665,2.190,2.170
12666,2.190,2.165
12667,2.175,2.170
12668,2.195,2.165
12669,2.405,2.170
12670,2.781,2.165
12671,3.065,2.165
12672,3.113,2.160
12673,2.952,2.165
12674,2.683,2.165
12675,2.507,2.160
12676,2.390,2.165
12677,2.341,2.160
12678,2.351,2.160
12679,2.385,2.160
12680,2.400,2.160
12681,2.380,2.160
12682,2.341,2.165
12683,2.287,2.160
12684,2.239,2.165
12685,2.204,2.160
12686,2.180,2.165
12687,2.170,2.165
12688,2.175,2.165
12689,2.175,2.165
12690,2.170,2.165
12691,2.165,2.165
12692,2.160,2.165
12693,2.317,2.165
12694,2.659,2.165
12695,2.962,2.170
12696,3.040,2.165
12697,2.913,2.170
12698,2.693,2.170
12699,2.507,2.170
12700,2.366,2.170
12701,2.307,2.175
12702,2.336,2.175
12703,2.380,2.175
12704,2.410,2.175
12705,2.400,2.175
12706,2.351,2.175
12707,2.297,2.175
12708,2.243,2.180
12709,2.209,2.180
12710,2.190,2.185
12711,2.180,2.185
12712,2.175,2.190
12713,2.175,2.190
12714,2.180,2.195
12715,2.165,2.195
12716,2.155,2.199
12717,2.253,2.199
12718,2.542,2.204
12719,2.864,2.204
12720,3.006,2.209
12721,2.928,2.209
12722,2.717,2.214
12723,2.512,2.214
12724,2.366,2.219
12725,2.302,2.224
12726,2.322,2.229
12727,2.385,2.229
12728,2.439,2.229
12729,2.434,2.239
12730,2.395,2.234
12731,2.346,2.239
12732,2.292,2.239
12733,2.253,2.243
12734,2.239,2.243
12735,2.234,2.243
12736,2.224,2.243
12737,2.219,2.248
12738,2.214,2.248
12739,2.248,2.248
12740,2.444,2.248
12741,2.752,2.248
12742,2.957,2.248
12743,2.952,2.248
12744,2.781,2.248
12745,2.576,2.248
12746,2.395,2.253
12747,2.297,2.248
12748,2.297,2.253
12749,2.351,2.248
12750,2.400,2.248
12751,2.419,2.248
12752,2.400,2.248
12753,2.361,2.248
12754,2.307,2.248
12755,2.263,2.248
12756,2.239,2.243
12757,2.219,2.243
12758,2.214,2.243
12759,2.214,2.243
12760,2.214,2.239
12761,2.209,2.239
12762,2.234,2.239
12763,2.429,2.239
12764,2.771,2.234
12765,3.035,2.234
12766,3.069,2.234
12767,2.918,2.234
12768,2.703,2.229
12769,2.507,2.229
12770,2.380,2.224
12771,2.351,2.224
12772,2.385,2.224
12773,2.444,2.224
12774,2.478,2.219
12775,2.468,2.219
12776,2.429,2.219
12777,2.380,2.214
12778,2.326,2.214
12779,2.287,2.209
12780,2.268,2.209
12781,2.253,2.209
12782,2.248,2.209
12783,2.243,2.204
12784,2.234,2.204
12785,2.224,2.204
12786,2.341,2.199
12787,2.664,2.199
12788,2.986,2.195
12789,3.099,2.199
12790,2.952,2.195
12791,2.737,2.195
12792,2.546,2.195
12793,2.419,2.190
12794,2.385,2.195
12795,2.424,2.190
12796,2.478,2.190
12797,2.512,2.185
12798,2.502,2.185
12799,2.458,2.185
12800,2.400,2.185
12801,2.341,2.185
12802,2.302,2.185
12803,2.273,2.185
12804,2.258,2.180
12805,2.253,2.180
12806,2.258,2.180
12807,2.248,2.180
12808,2.253,2.180
12809,2.405,2.175
12810,2.737,2.180
12811,3.045,2.175
12812,3.138,2.175
12813,3.016,2.175
12814,2.801,2.175
12815,2.600,2.170
12816,2.463,2.175
12817,2.405,2.170
12818,2.419,2.170
12819,2.468,2.170
12820,2.507,2.170
12821,2.507,2.165
12822,2.468,2.165
12823,2.419,2.165
12824,2.361,2.165
12825,2.326,2.165
12826,2.297,2.160
12827,2.278,2.160
12828,2.273,2.160
12829,2.268,2.160
12830,2.268,2.160
12831,2.258,2.160
12832,2.292,2.155
12833,2.498,2.160
12834,2.849,2.155
12835,3.099,2.155
12836,3.104,2.155
12837,2.923,2.155
12838,2.708,2.155
12839,2.522,2.155
12840,2.410,2.155
12841,2.405,2.155
12842,2.454,2.155
12843,2.517,2.151
12844,2.542,2.155
12845,2.512,2.151
12846,2.458,2.155
12847,2.400,2.151
12848,2.351,2.155
12849,2.312,2.151
12850,2.297,2.155
12851,2.287,2.155
12852,2.287,2.155
12853,2.278,2.155
12854,2.273,2.155
12855,2.297,2.155
12856,2.517,2.155
12857,2.859,2.155
12858,3.109,2.155
12859,3.128,2.155
12860,2.967,2.155
12861,2.742,2.155
12862,2.566,2.155
12863,2.439,2.160
12864,2.419,2.155
12865,2.454,2.160
12866,2.512,2.155
12867,2.537,2.160
12868,2.512,2.160
12869,2.463,2.160
12870,2.410,2.160
12871,2.361,2.160
12872,2.326,2.160
12873,2.302,2.160
12874,2.287,2.165
12875,2.283,2.160
12876,2.278,2.165
12877,2.268,2.165
12878,2.268,2.165
12879,2.278,2.165
12880,2.405,2.170
12881,2.732,2.165
12882,3.055,2.170
12883,3.172,2.170
12884,3.069,2.170
12885,2.854,2.170
12886,2.649,2.175
12887,2.488,2.175
12888,2.424,2.175
12889,2.439,2.175
12890,2.498,2.175
12891,2.537,2.175
12892,2.532,2.175
12893,2.493,2.180
12894,2.434,2.175
12895,2.385,2.180
12896,2.341,2.180
12897,2.312,2.180
12898,2.292,2.180
12899,2.283,2.180
12900,2.283,2.180
12901,2.278,2.180
12902,2.268,2.185
12903,2.263,2.180
12904,2.351,2.185
12905,2.630,2.185
12906,2.957,2.185
12907,3.123,2.185
12908,3.069,2.190
12909,2.879,2.185
12910,2.669,2.190
12911,2.502,2.185
12912,2.419,2.190
12913,2.424,2.190
12914,2.473,2.190
12915,2.527,2.190
12916,2.537,2.190
12917,2.502,2.195
12918,2.449,2.195
12919,2.390,2.195
12920,2.351,2.195
12921,2.331,2.195
12922,2.312,2.195
12923,2.302,2.199
12924,2.302,2.199
12925,2.297,2.199
12926,2.312,2.199
12927,2.483,2.199
12928,2.796,2.199
12929,3.030,2.199
12930,3.074,2.204
12931,2.942,2.199
12932,2.742,2.204
12933,2.556,2.199
12934,2.429,2.204
12935,2.390,2.204
12936,2.429,2.204
12937,2.488,2.204
12938,2.517,2.204
12939,2.507,2.204
12940,2.468,2.209
12941,2.410,2.209
12942,2.356,2.209
12943,2.322,2.209
12944,2.292,2.209
12945,2.283,2.209
12946,2.278,2.209
12947,2.268,2.209
12948,2.268,2.209
12949,2.283,2.214
12950,2.419,2.209
12951,2.737,2.214
12952,3.045,2.214
12953,3.157,2.214
12954,3.060,2.214
12955,2.859,2.214
12956,2.659,2.214
12957,2.507,2.214
12958,2.434,2.214
12959,2.449,2.214
12960,2.502,2.219
12961,2.542,2.214
12962,2.542,2.219
12963,2.502,2.214
12964,2.449,2.219
12965,2.400,2.219
12966,2.356,2.219
12967,2.331,2.219
12968,2.317,2.219
12969,2.302,2.219
12970,2.297,2.224
12971,2.287,2.219
12972,2.283,2.219
12973,2.292,2.224
12974,2.424,2.224
12975,2.737,2.224
12976,3.060,2.224
12977,3.182,2.224
12978,3.089,2.224
12979,2.884,2.224
12980,2.688,2.224
12981,2.542,2.224
12982,2.473,2.224
12983,2.478,2.229
12984,2.532,2.224
12985,2.571,2.229
12986,2.566,2.224
12987,2.527,2.229
12988,2.473,2.229
12989,2.414,2.229
12990,2.370,2.229
12991,2.351,2.229
12992,2.331,2.229
12993,2.326,2.229
12994,2.317,2.229
12995,2.307,2.229
12996,2.292,2.229
12997,2.292,2.229
12998,2.351,2.229
12999,2.605,2.229
13000,2.957,2.234
13001,3.177,2.234
13002,3.172,2.234
13003,2.991,2.234
13004,2.776,2.234
13005,2.600,2.234
13006,2.498,2.234
13007,2.478,2.234
13008,2.522,2.229
13009,2.566,2.234
13010,2.586,2.229
13011,2.561,2.234
13012,2.512,2.234
13013,2.454,2.234
13014,2.410,2.234
13015,2.366,2.234
13016,2.341,2.234
13017,2.322,2.234
13018,2.326,2.234
13019,2.322,2.234
13020,2.312,2.234
13021,2.297,2.234
13022,2.307,2.234
13023,2.468,2.234
13024,2.796,2.239
13025,3.113,2.234
13026,3.187,2.239
13027,3.055,2.234
13028,2.835,2.239
13029,2.639,2.234
13030,2.507,2.239
13031,2.458,2.234
13032,2.483,2.239
13033,2.542,2.239
13034,2.576,2.239
13035,2.561,2.239
13036,2.507,2.239
13037,2.449,2.239
13038,2.400,2.239
13039,2.366,2.239
13040,2.331,2.239
13041,2.317,2.239
13042,2.307,2.239
13043,2.302,2.239
13044,2.297,2.239
13045,2.283,2.239
13046,2.287,2.239
13047,2.400,2.239
13048,2.703,2.239
13049,3.040,2.239
13050,3.187,2.243
13051,3.118,2.239
13052,2.879,2.243
13053,2.674,2.243
13054,2.517,2.243
13055,2.449,2.243
13056,2.463,2.243
13057,2.517,2.243
13058,2.556,2.243
13059,2.551,2.243
13060,2.507,2.243
13061,2.454,2.243
13062,2.400,2.243
13063,2.356,2.243
13064,2.326,2.243
13065,2.307,2.248
13066,2.297,2.243
13067,2.292,2.248
13068,2.287,2.243
13069,2.283,2.248
13070,2.273,2.243
13071,2.307,2.248
13072,2.527,2.243
13073,2.889,2.248
13074,3.138,2.248
13075,3.162,2.248
13076,3.001,2.248
13077,2.781,2.248
13078,2.595,2.248
13079,2.463,2.248
13080,2.444,2.253
13081,2.493,2.248
13082,2.551,2.253
13083,2.571,2.248
13084,2.542,2.253
13085,2.478,2.248
13086,2.419,2.253
13087,2.370,2.253
13088,2.341,2.253
13089,2.322,2.253
13090,2.312,2.253
13091,2.307,2.253
13092,2.297,2.253
13093,2.287,2.253
13094,2.278,2.253
13095,2.346,2.253
13096,2.605,2.253
13097,2.947,2.253
13098,3.143,2.253
13099,3.109,2.258
13100,2.918,2.253
13101,2.703,2.258
13102,2.527,2.253
13103,2.434,2.258
13104,2.439,2.253
13105,2.493,2.258
13106,2.542,2.253
13107,2.566,2.258
13108,2.546,2.253
13109,2.493,2.258
13110,2.434,2.258
13111,2.385,2.258
13112,2.351,2.258
13113,2.336,2.258
13114,2.326,2.258
13115,2.312,2.258
13116,2.307,2.258
13117,2.385,2.258
13118,2.654,2.258
13119,2.972,2.258
13120,3.128,2.263
13121,3.084,2.258
13122,2.889,2.263
13123,2.683,2.258
13124,2.507,2.263
13125,2.419,2.263
13126,2.419,2.263
13127,2.483,2.263
13128,2.537,2.263
13129,2.542,2.263
13130,2.507,2.263
13131,2.444,2.263
13132,2.380,2.263
13133,2.346,2.263
13134,2.317,2.263
13135,2.297,2.268
13136,2.283,2.263
13137,2.278,2.268
13138,2.273,2.263
13139,2.292,2.268
13140,2.488,2.268
13141,2.864,2.268
13142,3.162,2.268
13143,3.226,2.268
13144,3.089,2.268
13145,2.864,2.268
13146,2.664,2.268
13147,2.522,2.268
13148,2.468,2.268
13149,2.493,2.268
13150,2.546,2.268
13151,2.581,2.268
13152,2.571,2.268
13153,2.527,2.268
13154,2.458,2.273
13155,2.390,2.268
13156,2.351,2.273
13157,2.322,2.273
13158,2.307,2.273
13159,2.307,2.273
13160,2.302,2.273
13161,2.292,2.273
13162,2.287,2.273
13163,2.351,2.273
13164,2.634,2.273
13165,3.016,2.273
13166,3.236,2.273
13167,3.206,2.278
13168,2.986,2.278
13169,2.766,2.273
13170,2.600,2.278
13171,2.507,2.273
13172,2.478,2.278
13173,2.517,2.273
13174,2.556,2.278
13175,2.571,2.273
13176,2.542,2.278
13177,2.483,2.273
13178,2.419,2.278
13179,2.366,2.278
13180,2.326,2.278
13181,2.307,2.278
13182,2.292,2.278
13183,2.292,2.278
13184,2.292,2.278
13185,2.278,2.278
13186,2.292,2.278
13187,2.483,2.278
13188,2.845,2.278
13189,3.133,2.278
13190,3.196,2.278
13191,3.045,2.278
13192,2.820,2.278
13193,2.630,2.278
13194,2.502,2.278
13195,2.454,2.278
13196,2.478,2.278
13197,2.542,2.278
13198,2.581,2.278
13199,2.556,2.278
13200,2.493,2.278
13201,2.429,2.278
13202,2.380,2.278
13203,2.341,2.278
13204,2.317,2.278
13205,2.302,2.278
13206,2.297,2.278
13207,2.287,2.278
13208,2.278,2.278
13209,2.361,2.278
13210,2.659,2.278
13211,3.006,2.278
13212,3.182,2.278
13213,3.109,2.278
13214,2.898,2.278
13215,2.693,2.278
13216,2.532,2.278
13217,2.444,2.278
13218,2.434,2.278
13219,2.478,2.283
13220,2.512,2.278
13221,2.512,2.278
13222,2.478,2.278
13223,2.424,2.283
13224,2.370,2.278
13225,2.326,2.283
13226,2.297,2.278
13227,2.268,2.283
13228,2.258,2.278
13229,2.243,2.283
13230,2.239,2.278
13231,2.234,2.283
13232,2.234,2.278
13233,2.302,2.283
13234,2.590,2.283
13235,2.986,2.283
13236,3.216,2.283
13237,3.196,2.283
13238,3.006,2.283
13239,2.771,2.283
13240,2.556,2.283
13241,2.458,2.283
13242,2.439,2.283
13243,2.468,2.283
13244,2.512,2.283
13245,2.522,2.283
13246,2.493,2.283
13247,2.439,2.283
13248,2.380,2.283
13249,2.331,2.287
13250,2.302,2.283
13251,2.273,2.287
13252,2.263,2.283
13253,2.263,2.287
13254,2.253,2.283
13255,2.253,2.287
13256,2.248,2.283
13257,2.234,2.287
13258,2.239,2.287
13259,2.395,2.287
13260,2.761,2.287
13261,3.113,2.287
13262,3.231,2.287
13263,3.109,2.287
13264,2.869,2.287
13265,2.649,2.287
13266,2.493,2.287
13267,2.424,2.287
13268,2.444,2.292
13269,2.488,2.287
13270,2.517,2.292
13271,2.512,2.287
13272,2.454,2.292
13273,2.400,2.292
13274,2.336,2.292
13275,2.302,2.292
13276,2.268,2.292
13277,2.258,2.292
13278,2.258,2.292
13279,2.253,2.292
13280,2.243,2.292
13281,2.239,2.292
13282,2.224,2.292
13283,2.219,2.297
13284,2.229,2.292
13285,2.395,2.297
13286,2.761,2.292
13287,3.094,2.297
13288,3.182,2.297
13289,3.045,2.297
13290,2.825,2.297
13291,2.625,2.297
13292,2.483,2.297
13293,2.410,2.297
13294,2.449,2.302
13295,2.498,2.297
13296,2.522,2.297
13297,2.498,2.297
13298,2.434,2.302
13299,2.380,2.302
13300,2.341,2.302
13301,2.307,2.302
13302,2.283,2.302
13303,2.273,2.302
13304,2.268,2.302
13305,2.268,2.302
13306,2.263,2.302
13307,2.253,2.302
13308,2.278,2.302
13309,2.483,2.302
13310,2.825,2.302
13311,3.079,2.302
13312,3.094,2.302
13313,2.937,2.307
13314,2.717,2.302
13315,2.532,2.307
13316,2.405,2.302
13317,2.375,2.307
13318,2.414,2.302
13319,2.473,2.307
13320,2.507,2.302
13321,2.483,2.302
13322,2.429,2.307
13323,2.366,2.307
13324,2.317,2.307
13325,2.278,2.307
13326,2.258,2.307
13327,2.248,2.307
13328,2.248,2.307
13329,2.239,2.307
13330,2.234,2.307
13331,2.268,2.307
13332,2.473,2.312
13333,2.835,2.307
13334,3.109,2.312
13335,3.143,2.307
13336,2.981,2.312
13337,2.761,2.312
13338,2.566,2.307
13339,2.439,2.312
13340,2.395,2.312
13341,2.424,2.312
13342,2.473,2.312
13343,2.507,2.312
13344,2.498,2.312
13345,2.454,2.312
13346,2.395,2.312
13347,2.331,2.312
13348,2.283,2.312
13349,2.258,2.312
13350,2.253,2.312
13351,2.253,2.312
13352,2.248,2.312
13353,2.234,2.312
13354,2.287,2.317
13355,2.537,2.312
13356,2.898,2.317
13357,3.128,2.312
13358,3.118,2.317
13359,2.937,2.312
13360,2.717,2.317
13361,2.537,2.312
13362,2.424,2.317
13363,2.400,2.317
13364,2.444,2.317
13365,2.502,2.317
13366,2.522,2.317
13367,2.488,2.317
13368,2.444,2.317
13369,2.385,2.317
13370,2.336,2.317
13371,2.302,2.317
13372,2.287,2.317
13373,2.278,2.317
13374,2.273,2.317
13375,2.273,2.317
13376,2.283,2.317
13377,2.439,2.317
13378,2.786,2.317
13379,3.065,2.317
13380,3.128,2.322
13381,2.996,2.317
13382,2.786,2.322
13383,2.600,2.317
13384,2.463,2.322
13385,2.434,2.317
13386,2.468,2.322
13387,2.537,2.317
13388,2.576,2.322
13389,2.556,2.322
13390,2.502,2.322
13391,2.439,2.322
13392,2.385,2.322
13393,2.356,2.322
13394,2.336,2.322
13395,2.322,2.322
13396,2.317,2.322
13397,2.312,2.322
13398,2.424,2.322
13399,2.737,2.326
13400,3.045,2.322
13401,3.148,2.326
13402,3.025,2.326
13403,2.825,2.326
13404,2.630,2.326
13405,2.493,2.326
13406,2.444,2.326
13407,2.478,2.326
13408,2.537,2.326
13409,2.556,2.326
13410,2.546,2.326
13411,2.493,2.326
13412,2.429,2.326
13413,2.380,2.326
13414,2.336,2.331
13415,2.312,2.326
13416,2.307,2.331
13417,2.302,2.326
13418,2.302,2.331
13419,2.336,2.326
13420,2.561,2.326
13421,2.942,2.331
13422,3.206,2.326
13423,3.236,2.331
13424,3.079,2.326
13425,2.874,2.331
13426,2.708,2.326
13427,2.581,2.331
13428,2.527,2.326
13429,2.542,2.331
13430,2.581,2.326
13431,2.595,2.331
13432,2.566,2.331
13433,2.512,2.331
13434,2.458,2.331
13435,2.400,2.331
13436,2.366,2.331
13437,2.336,2.331
13438,2.322,2.331
13439,2.312,2.326
13440,2.297,2.331
13441,2.341,2.326
13442,2.581,2.331
13443,2.947,2.331
13444,3.187,2.331
13445,3.182,2.331
13446,3.021,2.331
13447,2.825,2.331
13448,2.654,2.331
13449,2.527,2.331
13450,2.473,2.331
13451,2.493,2.331
13452,2.532,2.331
13453,2.551,2.331
13454,2.527,2.331
13455,2.473,2.331
13456,2.405,2.331
13457,2.366,2.331
13458,2.336,2.331
13459,2.317,2.331
13460,2.307,2.331
13461,2.287,2.331
13462,2.273,2.331
13463,2.283,2.331
13464,2.468,2.331
13465,2.815,2.331
13466,3.089,2.331
13467,3.143,2.331
13468,2.996,2.331
13469,2.786,2.331
13470,2.615,2.331
13471,2.498,2.331
13472,2.454,2.331
13473,2.478,2.331
13474,2.546,2.331
13475,2.576,2.331
13476,2.546,2.331
13477,2.488,2.331
13478,2.429,2.331
13479,2.375,2.331
13480,2.341,2.331
13481,2.322,2.331
13482,2.307,2.331
13483,2.297,2.331
13484,2.331,2.331
13485,2.546,2.331
13486,2.874,2.331
13487,3.084,2.331
13488,3.084,2.331
13489,2.933,2.331
13490,2.732,2.331
13491,2.566,2.331
13492,2.454,2.331
13493,2.424,2.331
13494,2.458,2.331
13495,2.502,2.331
13496,2.512,2.331
13497,2.478,2.331
13498,2.419,2.331
13499,2.351,2.331
13500,2.302,2.331
13501,2.278,2.331
13502,2.263,2.331
13503,2.268,2.331
13504,2.268,2.331
13505,2.258,2.331
13506,2.336,2.331
13507,2.620,2.331
13508,2.986,2.336
13509,3.167,2.331
13510,3.089,2.331
13511,2.898,2.331
13512,2.713,2.331
13513,2.566,2.331
13514,2.493,2.331
13515,2.498,2.336
13516,2.546,2.331
13517,2.581,2.336
13518,2.586,2.331
13519,2.551,2.336
13520,2.507,2.331
13521,2.463,2.336
13522,2.434,2.336
13523,2.395,2.341
13524,2.375,2.341
13525,2.346,2.346
13526,2.297,2.346
13527,2.243,2.346
13528,2.199,2.346
13529,2.273,2.351
13530,2.581,2.346
13531,2.937,2.351
13532,3.109,2.351
13533,3.055,2.351
13534,2.864,2.351
13535,2.674,2.351
13536,2.522,2.351
13537,2.419,2.351
13538,2.405,2.351
13539,2.429,2.351
13540,2.458,2.351
13541,2.454,2.351
13542,2.419,2.351
13543,2.366,2.351
13544,2.307,2.351
13545,2.263,2.356
13546,2.239,2.351
13547,2.234,2.356
13548,2.234,2.351
13549,2.234,2.356
13550,2.224,2.351
13551,2.219,2.356
13552,2.346,2.356
13553,2.664,2.351
13554,2.972,2.356
13555,3.069,2.356
13556,2.957,2.356
13557,2.761,2.351
13558,2.590,2.356
13559,2.463,2.351
13560,2.400,2.356
13561,2.390,2.351
13562,2.419,2.356
13563,2.444,2.351
13564,2.434,2.351
13565,2.400,2.351
13566,2.346,2.351
13567,2.297,2.351
13568,2.263,2.351
13569,2.243,2.351
13570,2.229,2.351
13571,2.224,2.356
13572,2.224,2.351
13573,2.219,2.351
13574,2.219,2.351
13575,2.287,2.356
13576,2.561,2.351
13577,2.884,2.351
13578,3.035,2.351
13579,2.977,2.356
13580,2.796,2.351
13581,2.615,2.351
13582,2.478,2.351
13583,2.414,2.351
13584,2.414,2.351
13585,2.458,2.351
13586,2.488,2.351
13587,2.488,2.351
13588,2.449,2.356
13589,2.395,2.351
13590,2.341,2.356
13591,2.302,2.351
13592,2.283,2.356
13593,2.278,2.351
13594,2.273,2.356
13595,2.258,2.351
13596,2.297,2.356
13597,2.527,2.351
13598,2.849,2.356
13599,3.035,2.356
13600,3.011,2.356
13601,2.854,2.356
13602,2.678,2.356
13603,2.527,2.356
13604,2.429,2.356
13605,2.400,2.356
13606,2.429,2.356
13607,2.468,2.356
13608,2.483,2.356
13609,2.454,2.356
13610,2.400,2.356
13611,2.341,2.356
13612,2.297,2.356
13613,2.273,2.356
13614,2.263,2.356
13615,2.253,2.356
13616,2.248,2.356
13617,2.239,2.356
13618,2.253,2.356
13619,2.405,2.361
13620,2.757,2.356
13621,3.065,2.361
13622,3.162,2.356
13623,3.050,2.361
13624,2.854,2.356
13625,2.678,2.361
13626,2.561,2.356
13627,2.483,2.361
13628,2.468,2.361
13629,2.498,2.361
13630,2.517,2.361
13631,2.507,2.361
13632,2.468,2.361
13633,2.419,2.361
13634,2.366,2.361
13635,2.326,2.361
13636,2.302,2.361
13637,2.283,2.361
13638,2.268,2.361
13639,2.268,2.361
13640,2.263,2.361
13641,2.248,2.361
13642,2.341,2.366
13643,2.649,2.361
13644,3.040,2.361
13645,3.167,2.366
13646,3.065,2.361
13647,2.854,2.366
13648,2.669,2.361
13649,2.542,2.366
13650,2.468,2.366
13651,2.468,2.366
13652,2.502,2.366
13653,2.532,2.361
13654,2.532,2.366
13655,2.512,2.361
13656,2.478,2.366
13657,2.439,2.366
13658,2.410,2.366
13659,2.400,2.366
13660,2.385,2.366
13661,2.361,2.366
13662,2.341,2.366
13663,2.317,2.366
13664,2.366,2.366
13665,2.639,2.370
13666,2.981,2.366
13667,3.148,2.370
13668,3.099,2.370
13669,2.923,2.370
13670,2.742,2.370
13671,2.566,2.370
13672,2.488,2.370
13673,2.473,2.370
13674,2.502,2.370
13675,2.527,2.370
13676,2.522,2.370
13677,2.483,2.375
13678,2.414,2.375
13679,2.356,2.375
13680,2.307,2.375
13681,2.283,2.375
13682,2.283,2.375
13683,2.297,2.375
13684,2.317,2.375
13685,2.322,2.375
13686,2.336,2.375
13687,2.478,2.380
13688,2.776,2.375
13689,3.035,2.380
13690,3.104,2.375
13691,2.981,2.380
13692,2.786,2.375
13693,2.610,2.380
13694,2.483,2.380
13695,2.419,2.380
13696,2.439,2.380
13697,2.502,2.380
13698,2.551,2.380
13699,2.532,2.380
13700,2.444,2.380
13701,2.351,2.380
13702,2.278,2.380
13703,2.243,2.380
13704,2.214,2.380
13705,2.204,2.380
13706,2.204,2.380
13707,2.204,2.380
13708,2.199,2.380
13709,2.224,2.380
13710,2.410,2.380
13711,2.742,2.385
13712,2.991,2.380
13713,3.025,2.385
13714,2.879,2.380
13715,2.669,2.385
13716,2.488,2.380
13717,2.366,2.385
13718,2.326,2.380
13719,2.361,2.385
13720,2.414,2.380
13721,2.439,2.385
13722,2.419,2.380
13723,2.370,2.385
13724,2.326,2.380
13725,2.273,2.385
13726,2.248,2.385
13727,2.229,2.385
13728,2.224,2.385
13729,2.224,2.385
13730,2.243,2.385
13731,2.400,2.385
13732,2.776,2.390
13733,3.133,2.385
13734,3.270,2.390
13735,3.152,2.385
13736,2.893,2.390
13737,2.644,2.385
13738,2.458,2.390
13739,2.385,2.385
13740,2.419,2.390
13741,2.493,2.385
13742,2.537,2.390
13743,2.532,2.385
13744,2.488,2.390
13745,2.419,2.390
13746,2.361,2.390
13747,2.312,2.390
13748,2.268,2.390
13749,2.239,2.390
13750,2.229,2.390
13751,2.248,2.390
13752,2.488,2.390
13753,2.830,2.390
13754,3.060,2.390
13755,3.060,2.390
13756,2.884,2.395
13757,2.674,2.390
13758,2.502,2.395
13759,2.390,2.390
13760,2.351,2.395
13761,2.370,2.390
13762,2.414,2.395
13763,2.439,2.390
13764,2.419,2.395
13765,2.375,2.390
13766,2.312,2.395
13767,2.268,2.390
13768,2.234,2.395
13769,2.214,2.395
13770,2.199,2.395
13771,2.190,2.395
13772,2.199,2.395
13773,2.370,2.395
13774,2.703,2.395
13775,2.972,2.395
13776,3.025,2.395
13777,2.879,2.395
13778,2.669,2.395
13779,2.473,2.400
13780,2.361,2.395
13781,2.331,2.400
13782,2.361,2.395
13783,2.405,2.400
13784,2.429,2.395
13785,2.419,2.400
13786,2.385,2.395
13787,2.331,2.400
13788,2.287,2.395
13789,2.263,2.395
13790,2.243,2.395
13791,2.234,2.395
13792,2.229,2.400
13793,2.224,2.395
13794,2.326,2.395
13795,2.620,2.395
13796,2.928,2.395
13797,3.021,2.395
13798,2.889,2.395
13799,2.669,2.395
13800,2.478,2.395
13801,2.351,2.395
13802,2.326,2.390
13803,2.370,2.395
13804,2.463,2.390
13805,2.561,2.390
13806,2.659,2.385
13807,2.683,2.390
13808,2.634,2.385
13809,2.542,2.385
13810,2.468,2.385
13811,2.424,2.385
13812,2.390,2.385
13813,2.410,2.385
13814,2.615,2.385
13815,2.937,2.380
13816,3.167,2.380
13817,3.177,2.380
13818,3.016,2.385
13819,2.810,2.385
13820,2.620,2.385
13821,2.493,2.385
13822,2.463,2.385
13823,2.517,2.385
13824,2.586,2.385
13825,2.610,2.380
13826,2.571,2.380
13827,2.493,2.375
13828,2.410,2.370
13829,2.341,2.366
13830,2.292,2.366
13831,2.263,2.361
13832,2.243,2.361
13833,2.239,2.356
13834,2.380,2.356
13835,2.717,2.356
13836,3.011,2.356
13837,3.094,2.356
13838,2.967,2.351
13839,2.737,2.351
13840,2.532,2.351
13841,2.380,2.351
13842,2.326,2.346
13843,2.341,2.346
13844,2.385,2.346
13845,2.424,2.346
13846,2.429,2.341
13847,2.395,2.341
13848,2.341,2.341
13849,2.283,2.341
13850,2.239,2.341
13851,2.209,2.336
13852,2.185,2.336
13853,2.170,2.336
13854,2.165,2.336
13855,2.253,2.336
13856,2.532,2.336
13857,2.869,2.331
13858,3.045,2.331
13859,3.001,2.331
13860,2.698,2.331
13861,2.502,2.331
13862,2.366,2.331
13863,2.322,2.331
13864,2.346,2.331
13865,2.395,2.331
13866,2.424,2.331
13867,2.410,2.326
13868,2.366,2.331
13869,2.326,2.326
13870,2.297,2.331
13871,2.268,2.326
13872,2.239,2.331
13873,2.214,2.326
13874,2.204,2.331
13875,2.278,2.326
13876,2.546,2.326
13877,2.864,2.326
13878,3.006,2.326
13879,2.933,2.326
13880,2.737,2.326
13881,2.532,2.326
13882,2.370,2.326
13883,2.302,2.326
13884,2.336,2.322
13885,2.400,2.322
13886,2.444,2.322
13887,2.444,2.322
13888,2.400,2.317
13889,2.346,2.317
13890,2.297,2.317
13891,2.258,2.317
13892,2.243,2.312
13893,2.224,2.312
13894,2.224,2.312
13895,2.361,2.307
13896,2.674,2.307
13897,2.962,2.307
13898,3.045,2.302
13899,2.918,2.302
13900,2.708,2.302
13901,2.507,2.297
13902,2.370,2.297
13903,2.322,2.292
13904,2.356,2.292
13905,2.424,2.287
13906,2.463,2.287
13907,2.454,2.283
13908,2.400,2.283
13909,2.346,2.278
13910,2.302,2.278
13911,2.268,2.278
13912,2.248,2.273
13913,2.234,2.268
13914,2.234,2.268
13915,2.390,2.268
13916,2.727,2.263
13917,3.021,2.258
13918,3.089,2.253
13919,2.952,2.253
13920,2.732,2.248
13921,2.502,2.243
13922,2.385,2.243
13923,2.351,2.234
13924,2.380,2.234
13925,2.439,2.229
13926,2.468,2.229
13927,2.449,2.224
13928,2.400,2.224
13929,2.351,2.219
13930,2.307,2.219
13931,2.278,2.214
13932,2.263,2.214
13933,2.253,2.209
13934,2.243,2.209
13935,2.312,2.204
13936,2.590,2.199
13937,2.918,2.199
13938,3.065,2.195
13939,2.991,2.195
13940,2.791,2.190
13941,2.571,2.190
13942,2.419,2.185
13943,2.361,2.185
13944,2.390,2.180
13945,2.454,2.180
13946,2.488,2.175
13947,2.483,2.175
13948,2.429,2.170
13949,2.375,2.165
13950,2.331,2.165
13951,2.302,2.160
13952,2.287,2.155
13953,2.273,2.151
13954,2.268,2.146
13955,2.380,2.141
13956,2.669,2.136
13957,2.942,2.131
13958,3.021,2.131
13959,2.918,2.121
13960,2.732,2.121
13961,2.551,2.111
13962,2.424,2.111
13963,2.380,2.102
13964,2.424,2.102
13965,2.512,2.097
13966,2.566,2.092
13967,2.561,2.087
13968,2.488,2.082
13969,2.419,2.077
13970,2.366,2.072
13971,2.336,2.072
13972,2.317,2.067
13973,2.307,2.063
13974,2.458,2.058
13975,2.771,2.053
13976,3.040,2.048
13977,3.099,2.048
13978,2.967,2.043
13979,2.771,2.038
13980,2.586,2.038
13981,2.454,2.033
13982,2.410,2.033
13983,2.444,2.028
13984,2.488,2.028
13985,2.498,2.028
13986,2.478,2.023
13987,2.439,2.023
13988,2.380,2.019
13989,2.326,2.014
13990,2.292,2.014
13991,2.263,2.009
13992,2.258,2.009
13993,2.375,2.004
13994,2.708,2.004
13995,3.035,1.999
13996,3.109,1.999
13997,2.986,1.999
13998,2.776,1.999
13999,2.586,1.994
14000,2.444,1.994
14001,2.390,1.989
14002,2.410,1.989
14003,2.478,1.989
14004,2.512,1.984
14005,2.488,1.989
14006,2.434,1.984
14007,2.380,1.984
14008,2.336,1.984
14009,2.312,1.984
14010,2.292,1.979
14011,2.278,1.979
14012,2.268,1.975
14013,2.370,1.979
14014,2.674,1.975
14015,2.991,1.975
14016,3.104,1.975
14017,2.996,1.975
14018,2.786,1.975
14019,2.590,1.975
14020,2.449,1.975
14021,2.380,1.975
14022,2.395,1.975
14023,2.454,1.970
14024,2.478,1.970
14025,2.468,1.970
14026,2.419,1.970
14027,2.361,1.970
14028,2.317,1.970
14029,2.287,1.970
14030,2.273,1.970
14031,2.258,1.970
14032,2.248,1.970
14033,2.253,1.970
14034,2.278,1.965
14035,2.488,1.970
14036,2.845,1.965
14037,3.074,1.970
14038,3.065,1.965
14039,2.889,1.965
14040,2.678,1.965
14041,2.493,1.965
14042,2.390,1.965
14043,2.385,1.965
14044,2.439,1.965
14045,2.498,1.965
14046,2.502,1.960
14047,2.463,1.960
14048,2.405,1.960
14049,2.341,1.960
14050,2.312,1.960
14051,2.287,1.955
14052,2.278,1.960
14053,2.273,1.955
14054,2.268,1.955
14055,2.253,1.955
14056,2.248,1.955
14057,2.336,1.950
14058,2.644,1.950
14059,2.972,1.950
14060,3.109,1.950
14061,3.021,1.950
14062,2.805,1.945
14063,2.595,1.945
14064,2.429,1.945
14065,2.366,1.945
14066,2.390,1.945
14067,2.458,1.945
14068,2.498,1.945
14069,2.498,1.945
14070,2.458,1.945
14071,2.395,1.945
14072,2.341,1.940
14073,2.307,1.945
14074,2.283,1.940
14075,2.273,1.945
14076,2.258,1.945
14077,2.248,1.940
14078,2.243,1.945
14079,2.234,1.940
14080,2.322,1.945
14081,2.615,1.940
14082,2.952,1.945
14083,3.118,1.945
14084,3.050,1.945
14085,2.830,1.945
14086,2.590,1.945
14087,2.410,1.945
14088,2.341,1.950
14089,2.375,1.950
14090,2.458,1.950
14091,2.522,1.950
14092,2.522,1.950
14093,2.483,1.950
14094,2.419,1.950
14095,2.366,1.950
14096,2.331,1.950
14097,2.302,1.955
14098,2.297,1.955
14099,2.297,1.955
14100,2.292,1.955
14101,2.278,1.955
14102,2.361,1.955
14103,2.669,1.955
14104,2.991,1.960
14105,3.128,1.960
14106,3.021,1.960
14107,2.805,1.960
14108,2.581,1.960
14109,2.419,1.960
14110,2.356,1.965
14111,2.390,1.965
14112,2.458,1.965
14113,2.502,1.965
14114,2.498,1.965
14115,2.454,1.965
14116,2.390,1.965
14117,2.336,1.965
14118,2.302,1.965
14119,2.283,1.965
14120,2.268,1.970
14121,2.258,1.965
14122,2.253,1.970
14123,2.248,1.970
14124,2.307,1.970
14125,2.576,1.970
14126,2.952,1.975
14127,3.182,1.975
14128,3.152,1.975
14129,2.952,1.979
14130,2.732,1.979
14131,2.542,1.979
14132,2.424,1.984
14133,2.410,1.984
14134,2.458,1.984
14135,2.522,1.984
14136,2.542,1.989
14137,2.517,1.989
14138,2.458,1.989
14139,2.405,1.994
14140,2.356,1.994
14141,2.322,1.994
14142,2.302,1.994
14143,2.287,1.999
14144,2.278,1.999
14145,2.273,1.999
14146,2.263,1.999
14147,2.258,2.004
14148,2.346,2.004
14149,2.659,2.004
14150,3.040,2.004
14151,3.236,2.009
14152,3.177,2.009
14153,2.962,2.009
14154,2.717,2.009
14155,2.537,2.009
14156,2.444,2.014
14157,2.463,2.014
14158,2.517,2.019
14159,2.551,2.014
14160,2.561,2.019
14161,2.517,2.014
14162,2.454,2.009
14163,2.390,2.004
14164,2.346,1.999
14165,2.317,1.994
14166,2.302,1.989
14167,2.292,1.989
14168,2.292,1.984
14169,2.287,1.984
14170,2.287,1.979
14171,2.268,1.979
14172,2.283,1.979
14173,2.546,1.984
14174,2.942,1.984
14175,3.206,1.989
14176,3.216,1.989
14177,3.030,1.989
14178,2.786,1.994
14179,2.586,1.994
14180,2.458,1.994
14181,2.434,1.994
14182,2.478,1.999
14183,2.537,1.999
14184,2.551,1.999
14185,2.527,1.999
14186,2.473,2.004
14187,2.414,2.004
14188,2.366,2.004
14189,2.331,2.004
14190,2.312,2.009
14191,2.302,2.009
14192,2.302,2.009
14193,2.292,2.009
14194,2.292,2.009
14195,2.283,2.009
14196,2.341,2.009
14197,2.610,2.009
14198,2.977,2.009
14199,3.177,2.014
14200,3.133,2.009
14201,2.923,2.014
14202,2.693,2.014
14203,2.512,2.014
14204,2.419,2.014
14205,2.419,2.014
14206,2.478,2.014
14207,2.542,2.014
14208,2.556,2.014
14209,2.517,2.014
14210,2.444,2.019
14211,2.385,2.014
14212,2.341,2.019
14213,2.312,2.019
14214,2.297,2.019
14215,2.278,2.019
14216,2.273,2.019
14217,2.268,2.019
14218,2.263,2.019
14219,2.263,2.019
14220,2.395,2.019
14221,2.757,2.019
14222,3.099,2.023
14223,3.216,2.023
14224,3.099,2.023
14225,2.864,2.023
14226,2.639,2.023
14227,2.483,2.023
14228,2.419,2.023
14229,2.444,2.023
14230,2.502,2.023
14231,2.551,2.028
14232,2.546,2.028
14233,2.502,2.028
14234,2.434,2.028
14235,2.375,2.028
14236,2.336,2.028
14237,2.307,2.033
14238,2.292,2.033
14239,2.283,2.033
14240,2.278,2.033
14241,2.273,2.033
14242,2.263,2.033
14243,2.253,2.033
14244,2.292,2.038
14245,2.537,2.038
14246,2.928,2.038
14247,3.201,2.038
14248,3.221,2.038
14249,3.030,2.038
14250,2.786,2.043
14251,2.581,2.038
14252,2.463,2.043
14253,2.434,2.043
14254,2.473,2.043
14255,2.532,2.043
14256,2.561,2.043
14257,2.542,2.043
14258,2.478,2.048
14259,2.424,2.043
14260,2.375,2.048
14261,2.336,2.048
14262,2.307,2.048
14263,2.297,2.048
14264,2.273,2.048
14265,2.273,2.048
14266,2.268,2.048
14267,2.268,2.048
14268,2.258,2.048
14269,2.312,2.048
14270,2.595,2.048
14271,2.981,2.053
14272,3.201,2.048
14273,3.177,2.053
14274,2.972,2.053
14275,2.732,2.053
14276,2.542,2.053
14277,2.434,2.053
14278,2.424,2.053
14279,2.483,2.053
14280,2.537,2.053
14281,2.556,2.053
14282,2.527,2.053
14283,2.468,2.053
14284,2.414,2.053
14285,2.370,2.053
14286,2.331,2.053
14287,2.307,2.053
14288,2.292,2.053
14289,2.287,2.053
14290,2.283,2.053
14291,2.273,2.053
14292,2.268,2.053
14293,2.322,2.058
14294,2.586,2.053
14295,2.947,2.058
14296,3.167,2.058
14297,3.133,2.058
14298,2.923,2.058
14299,2.664,2.058
14300,2.493,2.058
14301,2.405,2.058
14302,2.414,2.058
14303,2.468,2.058
14304,2.517,2.058
14305,2.532,2.058
14306,2.502,2.063
14307,2.444,2.058
14308,2.380,2.063
14309,2.336,2.063
14310,2.307,2.063
14311,2.287,2.063
14312,2.278,2.063
14313,2.273,2.063
14314,2.268,2.063
14315,2.268,2.063
14316,2.263,2.063
14317,2.297,2.063
14318,2.605,2.063
14319,2.991,2.067
14320,3.221,2.067
14321,3.182,2.067
14322,2.977,2.067
14323,2.732,2.072
14324,2.551,2.072
14325,2.434,2.077
14326,2.414,2.077
14327,2.463,2.077
14328,2.522,2.082
14329,2.532,2.082
14330,2.502,2.082
14331,2.439,2.087
14332,2.375,2.087
14333,2.326,2.087
14334,2.302,2.087
14335,2.287,2.087
14336,2.283,2.087
14337,2.268,2.092
14338,2.258,2.092
14339,2.243,2.092
14340,2.234,2.092
14341,2.297,2.092
14342,2.571,2.092
14343,2.937,2.092
14344,3.133,2.097
14345,3.065,2.097
14346,2.845,2.097
14347,2.630,2.097
14348,2.463,2.097
14349,2.385,2.097
14350,2.405,2.097
14351,2.473,2.097
14352,2.537,2.097
14353,2.551,2.097
14354,2.522,2.102
14355,2.463,2.102
14356,2.405,2.102
14357,2.361,2.102
14358,2.326,2.102
14359,2.312,2.102
14360,2.307,2.102
14361,2.297,2.102
14362,2.307,2.102
14363,2.478,2.107
14364,2.815,2.107
14365,3.074,2.107
14366,3.104,2.107
14367,2.947,2.107
14368,2.727,2.107
14369,2.537,2.107
14370,2.405,2.107
14371,2.385,2.107
14372,2.439,2.111
14373,2.498,2.111
14374,2.517,2.111
14375,2.493,2.111
14376,2.439,2.111
14377,2.380,2.111
14378,2.336,2.111
14379,2.307,2.111
14380,2.287,2.111
14381,2.283,2.111
14382,2.283,2.111
14383,2.273,2.111
14384,2.307,2.116
14385,2.532,2.116
14386,2.913,2.116
14387,3.177,2.116
14388,3.187,2.116
14389,3.001,2.116
14390,2.771,2.116
14391,2.571,2.121
14392,2.444,2.121
14393,2.419,2.121
14394,2.463,2.121
14395,2.517,2.126
14396,2.537,2.126
14397,2.512,2.126
14398,2.463,2.131
14399,2.375,2.131
14400,2.287,2.131
14401,2.224,2.136
14402,2.209,2.136
14403,2.214,2.141
14404,2.224,2.141
14405,2.219,2.146
14406,2.263,2.146
14407,2.542,2.146
14408,2.928,2.146
14409,3.138,2.146
14410,3.104,2.146
14411,2.942,2.146
14412,2.742,2.146
14413,2.566,2.141
14414,2.468,2.136
14415,2.483,2.131
14416,2.566,2.121
14417,2.649,2.116
14418,2.669,2.111
14419,2.625,2.107
14420,2.551,2.102
14421,2.473,2.097
14422,2.410,2.097
14423,2.375,2.092
14424,2.366,2.087
14425,2.375,2.087
14426,2.424,2.082
14427,2.644,2.082
14428,2.991,2.082
14429,3.245,2.077
14430,3.270,2.077
14431,3.138,2.077
14432,2.947,2.077
14433,2.766,2.077
14434,2.625,2.077
14435,2.571,2.077
14436,2.590,2.072
14437,2.615,2.072
14438,2.620,2.072
14439,2.576,2.072
14440,2.493,2.072
14441,2.400,2.072
14442,2.341,2.072
14443,2.312,2.072
14444,2.292,2.072
14445,2.273,2.072
14446,2.258,2.067
14447,2.370,2.067
14448,2.713,2.067
14449,3.069,2.067
14450,3.211,2.067
14451,3.128,2.067
14452,2.923,2.067
14453,2.703,2.067
14454,2.551,2.063
14455,2.449,2.063
14456,2.434,2.063
14457,2.463,2.063
14458,2.498,2.063
14459,2.498,2.063
14460,2.458,2.063
14461,2.400,2.063
14462,2.341,2.063
14463,2.297,2.058
14464,2.268,2.058
14465,2.253,2.058
14466,2.253,2.058
14467,2.414,2.058
14468,2.771,2.058
14469,3.065,2.058
14470,3.138,2.058
14471,3.006,2.058
14472,2.796,2.058
14473,2.615,2.053
14474,2.468,2.053
14475,2.400,2.053
14476,2.405,2.053
14477,2.439,2.053
14478,2.463,2.053
14479,2.449,2.053
14480,2.400,2.053
14481,2.351,2.053
14482,2.307,2.053
14483,2.268,2.053
14484,2.248,2.053
14485,2.243,2.048
14486,2.219,2.048
14487,2.283,2.048
14488,2.561,2.048
14489,2.918,2.048
14490,3.099,2.048
14491,3.050,2.043
14492,2.854,2.043
14493,2.654,2.043
14494,2.493,2.043
14495,2.400,2.043
14496,2.395,2.043
14497,2.429,2.038
14498,2.458,2.038
14499,2.463,2.038
14500,2.434,2.038
14501,2.395,2.033
14502,2.341,2.033
14503,2.283,2.033
14504,2.243,2.033
14505,2.219,2.033
14506,2.204,2.033
14507,2.209,2.028
14508,2.380,2.028
14509,2.722,2.028
14510,2.991,2.028
14511,3.021,2.028
14512,2.859,2.023
14513,2.644,2.023
14514,2.458,2.023
14515,2.356,2.023
14516,2.346,2.023
14517,2.405,2.019
14518,2.468,2.019
14519,2.488,2.019
14520,2.468,2.023
14521,2.424,2.023
14522,2.366,2.019
14523,2.326,2.019
14524,2.302,2.023
14525,2.283,2.019
14526,2.278,2.023
14527,2.390,2.019
14528,2.683,2.019
14529,2.962,2.023
14530,3.040,2.023
14531,2.913,2.023
14532,2.703,2.023
14533,2.507,2.023
14534,2.370,2.028
14535,2.351,2.028
14536,2.414,2.028
14537,2.473,2.033
14538,2.488,2.033
14539,2.439,2.033
14540,2.370,2.033
14541,2.307,2.033
14542,2.268,2.038
14543,2.243,2.038
14544,2.229,2.038
14545,2.224,2.038
14546,2.219,2.043
14547,2.263,2.038
14548,2.512,2.043
14549,2.869,2.043
14550,3.089,2.043
14551,3.021,2.043
14552,2.825,2.043
14553,2.620,2.043
14554,2.454,2.043
14555,2.366,2.048
14556,2.356,2.043
14557,2.400,2.048
14558,2.444,2.048
14559,2.449,2.048
14560,2.414,2.048
14561,2.370,2.048
14562,2.317,2.048
14563,2.278,2.048
14564,2.258,2.048
14565,2.253,2.048
14566,2.248,2.053
14567,2.243,2.053
14568,2.370,2.053
14569,2.683,2.053
14570,2.957,2.053
14571,3.035,2.053
14572,2.908,2.058
14573,2.703,2.053
14574,2.517,2.058
14575,2.390,2.058
14576,2.351,2.058
14577,2.375,2.058
14578,2.424,2.058
14579,2.444,2.058
14580,2.429,2.063
14581,2.385,2.063
14582,2.326,2.063
14583,2.278,2.063
14584,2.258,2.063
14585,2.239,2.063
14586,2.234,2.067
14587,2.224,2.067
14588,2.209,2.067
14589,2.287,2.067
14590,2.566,2.067
14591,2.889,2.067
14592,3.045,2.067
14593,2.981,2.072
14594,2.791,2.072
14595,2.600,2.072
14596,2.463,2.072
14597,2.380,2.072
14598,2.370,2.077
14599,2.410,2.077
14600,2.449,2.077
14601,2.458,2.077
14602,2.429,2.077
14603,2.380,2.077
14604,2.326,2.082
14605,2.283,2.077
14606,2.263,2.082
14607,2.243,2.082
14608,2.229,2.082
14609,2.219,2.082
14610,2.209,2.087
14611,2.204,2.082
14612,2.209,2.087
14613,2.307,2.087
14614,2.595,2.087
14615,2.952,2.087
14616,3.069,2.087
14617,2.967,2.092
14618,2.771,2.092
14619,2.586,2.092
14620,2.454,2.092
14621,2.390,2.092
14622,2.390,2.092
14623,2.424,2.097
14624,2.458,2.092
14625,2.454,2.097
14626,2.414,2.097
14627,2.366,2.097
14628,2.322,2.097
14629,2.283,2.097
14630,2.258,2.097
14631,2.253,2.102
14632,2.243,2.097
14633,2.243,2.102
14634,2.243,2.102
14635,2.234,2.102
14636,2.224,2.102
14637,2.219,2.102
14638,2.224,2.102
14639,2.366,2.102
14640,2.698,2.107
14641,2.977,2.107
14642,3.045,2.107
14643,2.923,2.107
14644,2.717,2.107
14645,2.551,2.107
14646,2.439,2.107
14647,2.390,2.107
14648,2.400,2.111
14649,2.434,2.107
14650,2.458,2.111
14651,2.458,2.111
14652,2.429,2.111
14653,2.380,2.111
14654,2.331,2.111
14655,2.292,2.111
14656,2.273,2.111
14657,2.258,2.111
14658,2.248,2.116
14659,2.248,2.116
14660,2.243,2.116
14661,2.239,2.116
14662,2.234,2.116
14663,2.239,2.116
14664,2.229,2.116
14665,2.283,2.116
14666,2.527,2.116
14667,2.854,2.121
14668,3.040,2.116
14669,2.967,2.121
14670,2.776,2.121
14671,2.595,2.121
14672,2.458,2.121
14673,2.395,2.121
14674,2.395,2.121
14675,2.434,2.121
14676,2.473,2.126
14677,2.478,2.121
14678,2.449,2.126
14679,2.400,2.126
14680,2.351,2.126
14681,2.317,2.126
14682,2.292,2.126
14683,2.278,2.126
14684,2.268,2.126
14685,2.258,2.126
14686,2.258,2.126
14687,2.253,2.126
14688,2.248,2.126
14689,2.239,2.131
14690,2.243,2.131
14691,2.361,2.131
14692,2.639,2.126
14693,2.908,2.131
14694,2.996,2.131
14695,2.879,2.131
14696,2.688,2.131
14697,2.522,2.131
14698,2.414,2.131
14699,2.380,2.136
14700,2.405,2.131
14701,2.458,2.136
14702,2.498,2.136
14703,2.493,2.136
14704,2.454,2.136
14705,2.414,2.136
14706,2.370,2.136
14707,2.331,2.136
14708,2.307,2.136
14709,2.297,2.136
14710,2.292,2.141
14711,2.292,2.136
14712,2.287,2.141
14713,2.302,2.136
14714,2.449,2.141
14715,2.727,2.136
14716,2.942,2.141
14717,2.977,2.141
14718,2.859,2.141
14719,2.678,2.141
14720,2.522,2.141
14721,2.405,2.141
14722,2.375,2.141
14723,2.414,2.146
14724,2.473,2.141
14725,2.498,2.146
14726,2.478,2.141
14727,2.434,2.146
14728,2.380,2.141
14729,2.336,2.146
14730,2.312,2.146
14731,2.297,2.146
14732,2.287,2.146
14733,2.283,2.146
14734,2.278,2.146
14735,2.273,2.146
14736,2.283,2.146
14737,2.439,2.146
14738,2.761,2.146
14739,3.035,2.146
14740,3.099,2.151
14741,2.977,2.151
14742,2.786,2.151
14743,2.615,2.151
14744,2.498,2.151
14745,2.444,2.151
14746,2.458,2.151
14747,2.502,2.151
14748,2.542,2.151
14749,2.537,2.151
14750,2.507,2.151
14751,2.454,2.151
14752,2.410,2.151
14753,2.370,2.151
14754,2.346,2.155
14755,2.326,2.155
14756,2.322,2.155
14757,2.317,2.155
14758,2.307,2.155
14759,2.297,2.155
14760,2.346,2.155
14761,2.586,2.155
14762,2.923,2.155
14763,3.133,2.155
14764,3.128,2.155
14765,2.967,2.155
14766,2.776,2.155
14767,2.625,2.155
14768,2.527,2.155
14769,2.498,2.160
14770,2.527,2.155
14771,2.561,2.155
14772,2.581,2.155
14773,2.566,2.160
14774,2.517,2.160
14775,2.463,2.160
14776,2.410,2.160
14777,2.380,2.160
14778,2.366,2.160
14779,2.356,2.160
14780,2.346,2.160
14781,2.336,2.160
14782,2.322,2.160
14783,2.331,2.160
14784,2.493,2.160
14785,2.830,2.160
14786,3.113,2.160
14787,3.192,2.160
14788,3.069,2.160
14789,2.864,2.160
14790,2.678,2.160
14791,2.551,2.160
14792,2.502,2.160
14793,2.532,2.165
14794,2.581,2.160
14795,2.610,2.165
14796,2.600,2.160
14797,2.546,2.165
14798,2.483,2.165
14799,2.424,2.165
14800,2.385,2.165
14801,2.356,2.165
14802,2.341,2.165
14803,2.341,2.165
14804,2.336,2.165
14805,2.326,2.165
14806,2.331,2.165
14807,2.493,2.165
14808,2.825,2.165
14809,3.104,2.165
14810,3.177,2.165
14811,3.060,2.165
14812,2.859,2.165
14813,2.674,2.165
14814,2.542,2.165
14815,2.488,2.165
14816,2.498,2.165
14817,2.542,2.165
14818,2.576,2.165
14819,2.566,2.165
14820,2.522,2.165
14821,2.468,2.165
14822,2.410,2.165
14823,2.375,2.170
14824,2.341,2.165
14825,2.317,2.170
14826,2.307,2.165
14827,2.302,2.170
14828,2.297,2.170
14829,2.287,2.170
14830,2.273,2.170
14831,2.351,2.170
14832,2.644,2.170
14833,3.006,2.170
14834,3.201,2.170
14835,3.152,2.170
14836,2.952,2.175
14837,2.737,2.170
14838,2.571,2.175
14839,2.483,2.170
14840,2.473,2.175
14841,2.512,2.170
14842,2.551,2.175
14843,2.556,2.175
14844,2.532,2.175
14845,2.478,2.175
14846,2.424,2.175
14847,2.375,2.175
14848,2.336,2.175
14849,2.317,2.175
14850,2.297,2.175
14851,2.278,2.175
14852,2.273,2.175
14853,2.273,2.180
14854,2.263,2.180
14855,2.258,2.180
14856,2.258,2.180
14857,2.419,2.180
14858,2.761,2.180
14859,3.074,2.180
14860,3.157,2.180
14861,3.035,2.185
14862,2.815,2.180
14863,2.610,2.185
14864,2.483,2.185
14865,2.424,2.185
14866,2.449,2.185
14867,2.502,2.185
14868,2.542,2.185
14869,2.537,2.185
14870,2.502,2.185
14871,2.444,2.185
14872,2.400,2.185
14873,2.346,2.185
14874,2.317,2.185
14875,2.297,2.185
14876,2.283,2.185
14877,2.283,2.185
14878,2.278,2.185
14879,2.273,2.185
14880,2.273,2.185
14881,2.268,2.185
14882,2.395,2.185
14883,2.708,2.185
14884,3.035,2.185
14885,3.104,2.190
14886,2.972,2.185
14887,2.761,2.190
14888,2.576,2.185
14889,2.444,2.190
14890,2.400,2.190
14891,2.429,2.190
14892,2.478,2.190
14893,2.512,2.190
14894,2.507,2.190
14895,2.468,2.190
14896,2.414,2.190
14897,2.366,2.190
14898,2.326,2.190
14899,2.302,2.190
14900,2.287,2.195
14901,2.278,2.190
14902,2.273,2.195
14903,2.268,2.190
14904,2.263,2.195
14905,2.253,2.195
14906,2.258,2.195
14907,2.351,2.195
14908,2.649,2.195
14909,2.972,2.195
14910,3.123,2.195
14911,3.035,2.195
14912,2.830,2.195
14913,2.639,2.195
14914,2.512,2.195
14915,2.429,2.195
14916,2.424,2.195
14917,2.473,2.195
14918,2.527,2.195
14919,2.537,2.199
14920,2.502,2.195
14921,2.449,2.199
14922,2.390,2.195
14923,2.351,2.199
14924,2.317,2.199
14925,2.302,2.199
14926,2.297,2.199
14927,2.287,2.199
14928,2.283,2.199
14929,2.283,2.199
14930,2.278,2.199
14931,2.268,2.199
14932,2.297,2.199
14933,2.507,2.199
14934,2.849,2.199
14935,3.089,2.199
14936,3.104,2.204
14937,2.947,2.199
14938,2.717,2.199
14939,2.561,2.204
14940,2.458,2.204
14941,2.434,2.204
14942,2.468,2.204
14943,2.522,2.204
14944,2.546,2.204
14945,2.527,2.209
14946,2.478,2.209
14947,2.429,2.209
14948,2.380,2.209
14949,2.341,2.214
14950,2.326,2.214
14951,2.312,2.214
14952,2.307,2.214
14953,2.307,2.214
14954,2.297,2.214
14955,2.292,2.214
14956,2.292,2.214
14957,2.317,2.214
14958,2.517,2.214
14959,2.840,2.214
14960,3.069,2.219
14961,3.094,2.214
14962,2.947,2.219
14963,2.742,2.214
14964,2.586,2.219
14965,2.478,2.219
14966,2.458,2.219
14967,2.498,2.219
14968,2.551,2.219
14969,2.571,2.219
14970,2.561,2.219
14971,2.517,2.219
14972,2.458,2.219
14973,2.410,2.224
14974,2.370,2.219
14975,2.351,2.224
14976,2.341,2.219
14977,2.331,2.224
14978,2.326,2.219
14979,2.317,2.224
14980,2.312,2.224
14981,2.390,2.224
14982,2.659,2.224
14983,2.957,2.224
14984,3.099,2.224
14985,3.035,2.224
14986,2.854,2.224
14987,2.669,2.224
14988,2.532,2.224
14989,2.454,2.224
14990,2.449,2.224
14991,2.493,2.224
14992,2.542,2.224
14993,2.556,2.224
14994,2.527,2.229
14995,2.473,2.224
14996,2.410,2.229
14997,2.366,2.224
14998,2.336,2.229
14999,2.326,2.229
15000,2.322,2.229
15001,2.317,2.229
15002,2.312,2.229
15003,2.302,2.229
15004,2.292,2.229
15005,2.341,2.229
15006,2.595,2.229
15007,2.933,2.229
15008,3.128,2.229
15009,3.109,2.234
15010,2.947,2.234
15011,2.752,2.234
15012,2.595,2.234
15013,2.498,2.234
15014,2.473,2.234
15015,2.512,2.234
15016,2.561,2.234
15017,2.581,2.234
15018,2.571,2.234
15019,2.517,2.234
15020,2.468,2.234
15021,2.429,2.234
15022,2.395,2.234
15023,2.370,2.234
15024,2.361,2.234
15025,2.351,2.234
15026,2.341,2.234
15027,2.336,2.234
15028,2.336,2.234
15029,2.439,2.234
15030,2.732,2.234
15031,3.035,2.234
15032,3.162,2.234
15033,3.089,2.234
15034,2.903,2.234
15035,2.717,2.234
15036,2.576,2.234
15037,2.507,2.234
15038,2.532,2.234
15039,2.586,2.234
15040,2.610,2.234
15041,2.605,2.234
15042,2.566,2.234
15043,2.512,2.234
15044,2.458,2.234
15045,2.414,2.234
15046,2.375,2.234
15047,2.351,2.234
15048,2.341,2.234
15049,2.331,2.234
15050,2.326,2.229
15051,2.322,2.229
15052,2.444,2.229
15053,2.801,2.229
15054,3.045,2.229
15055,3.089,2.224
15056,2.942,2.229
15057,2.757,2.224
15058,2.600,2.224
15059,2.507,2.224
15060,2.473,2.224
15061,2.493,2.219
15062,2.537,2.219
15063,2.571,2.219
15064,2.571,2.219
15065,2.527,2.219
15066,2.468,2.214
15067,2.410,2.214
15068,2.380,2.214
15069,2.375,2.214
15070,2.370,2.214
15071,2.366,2.214
15072,2.400,2.209
15073,2.610,2.209
15074,2.903,2.209
15075,3.079,2.209
15076,3.069,2.209
15077,2.923,2.209
15078,2.737,2.209
15079,2.581,2.209
15080,2.483,2.209
15081,2.463,2.209
15082,2.498,2.209
15083,2.551,2.209
15084,2.566,2.209
15085,2.546,2.204
15086,2.493,2.209
15087,2.429,2.204
15088,2.380,2.209
15089,2.356,2.209
15090,2.351,2.209
15091,2.346,2.204
15092,2.346,2.209
15093,2.419,2.209
15094,2.708,2.209
15095,3.055,2.209
15096,3.221,2.209
15097,3.172,2.209
15098,2.996,2.209
15099,2.815,2.209
15100,2.654,2.204
15101,2.566,2.209
15102,2.522,2.209
15103,2.512,2.209
15104,2.517,2.209
15105,2.522,2.209
15106,2.507,2.209
15107,2.468,2.209
15108,2.434,2.209
15109,2.400,2.209
15110,2.370,2.209
15111,2.341,2.209
15112,2.322,2.209
15113,2.351,2.204
15114,2.566,2.199
15115,2.884,2.195
15116,3.079,2.190
15117,3.084,2.185
15118,2.937,2.180
15119,2.757,2.180
15120,2.620,2.180
15121,2.532,2.175
15122,2.502,2.175
15123,2.532,2.175
15124,2.581,2.175
15125,2.595,2.175
15126,2.571,2.175
15127,2.502,2.175
15128,2.444,2.175
15129,2.395,2.175
15130,2.356,2.175
15131,2.336,2.175
15132,2.331,2.170
15133,2.356,2.170
15134,2.537,2.170
15135,2.840,2.170
15136,3.040,2.170
15137,3.069,2.170
15138,2.962,2.170
15139,2.815,2.170
15140,2.669,2.170
15141,2.571,2.170
15142,2.556,2.170
15143,2.581,2.170
15144,2.620,2.165
15145,2.625,2.170
15146,2.595,2.165
15147,2.546,2.165
15148,2.483,2.165
15149,2.414,2.165
15150,2.366,2.165
15151,2.341,2.160
15152,2.341,2.160
15153,2.419,2.160
15154,2.649,2.155
15155,2.933,2.155
15156,3.065,2.151
15157,3.006,2.151
15158,2.840,2.151
15159,2.654,2.146
15160,2.498,2.146
15161,2.405,2.146
15162,2.390,2.141
15163,2.419,2.141
15164,2.458,2.141
15165,2.468,2.136
15166,2.439,2.136
15167,2.395,2.131
15168,2.356,2.131
15169,2.312,2.131
15170,2.283,2.131
15171,2.258,2.126
15172,2.239,2.126
15173,2.224,2.126
15174,2.258,2.126
15175,2.468,2.126
15176,2.810,2.126
15177,3.040,2.126
15178,3.074,2.126
15179,2.923,2.126
15180,2.688,2.121
15181,2.532,2.121
15182,2.439,2.121
15183,2.405,2.121
15184,2.424,2.121
15185,2.458,2.121
15186,2.473,2.121
15187,2.444,2.121
15188,2.390,2.121
15189,2.326,2.116
15190,2.273,2.121
15191,2.234,2.116
15192,2.209,2.121
15193,2.185,2.121
15194,2.170,2.126
15195,2.195,2.136
15196,2.390,2.146
15197,2.717,2.151
15198,2.967,2.160
15199,2.996,2.165
15200,2.849,2.175
15201,2.634,2.180
15202,2.458,2.185
15203,2.346,2.185
15204,2.292,2.190
15205,2.278,2.190
15206,2.292,2.185
15207,2.317,2.180
15208,2.346,2.170
15209,2.341,2.160
15210,2.312,2.146
15211,2.268,2.131
15212,2.229,2.121
15213,2.195,2.111
15214,2.175,2.107
15215,2.175,2.097
15216,2.292,2.092
15217,2.586,2.082
15218,2.854,2.077
15219,2.947,2.067
15220,2.859,2.063
15221,2.669,2.053
15222,2.498,2.053
15223,2.361,2.043
15224,2.287,2.043
15225,2.297,2.038
15226,2.346,2.038
15227,2.390,2.033
15228,2.405,2.033
15229,2.375,2.028
15230,2.331,2.023
15231,2.278,2.019
15232,2.248,2.014
15233,2.239,2.009
15234,2.224,2.004
15235,2.234,1.999
15236,2.370,1.994
15237,2.674,1.999
15238,2.937,1.999
15239,3.001,2.004
15240,2.893,2.004
15241,2.717,2.009
15242,2.566,2.009
15243,2.429,2.009
15244,2.361,2.004
15245,2.361,2.004
15246,2.405,2.004
15247,2.439,1.999
15248,2.444,1.999
15249,2.405,1.994
15250,2.346,1.994
15251,2.297,1.989
15252,2.263,1.989
15253,2.243,1.984
15254,2.239,1.984
15255,2.292,1.984
15256,2.527,1.979
15257,2.835,1.979
15258,3.001,1.979
15259,2.962,1.975
15260,2.805,1.975
15261,2.610,1.975
15262,2.473,1.975
15263,2.380,1.970
15264,2.346,1.970
15265,2.361,1.970
15266,2.400,1.970
15267,2.414,1.970
15268,2.395,1.965
15269,2.341,1.965
15270,2.292,1.965
15271,2.243,1.965
15272,2.209,1.960
15273,2.195,1.965
15274,2.185,1.960
15275,2.229,1.960
15276,2.454,1.960
15277,2.776,1.960
15278,2.962,1.960
15279,2.952,1.960
15280,2.805,1.960
15281,2.625,1.960
15282,2.483,1.960
15283,2.385,1.965
15284,2.341,1.965
15285,2.351,1.965
15286,2.380,1.965
15287,2.400,1.965
15288,2.380,1.965
15289,2.351,1.965
15290,2.312,1.965
15291,2.278,1.965
15292,2.253,1.965
15293,2.239,1.970
15294,2.234,1.970
15295,2.234,1.970
15296,2.312,1.970
15297,2.571,1.970
15298,2.859,1.965
15299,2.991,1.970
15300,2.928,1.965
15301,2.752,1.970
15302,2.595,1.965
15303,2.468,1.970
15304,2.390,1.965
15305,2.366,1.965
15306,2.400,1.965
15307,2.439,1.960
15308,2.449,1.960
15309,2.424,1.960
15310,2.390,1.960
15311,2.361,1.955
15312,2.336,1.955
15313,2.307,1.955
15314,2.283,1.950
15315,2.268,1.950
15316,2.346,1.950
15317,2.605,1.945
15318,2.889,1.945
15319,2.996,1.945
15320,2.923,1.940
15321,2.742,1.940
15322,2.561,1.940
15323,2.419,1.940
15324,2.351,1.935
15325,2.346,1.935
15326,2.380,1.935
15327,2.419,1.935
15328,2.419,1.931
15329,2.400,1.931
15330,2.356,1.931
15331,2.307,1.931
15332,2.268,1.926
15333,2.248,1.926
15334,2.234,1.926
15335,2.239,1.926
15336,2.243,1.921
15337,2.341,1.926
15338,2.634,1.921
15339,2.913,1.921
15340,3.025,1.921
15341,2.928,1.921
15342,2.708,1.921
15343,2.537,1.916
15344,2.414,1.921
15345,2.366,1.916
15346,2.380,1.921
15347,2.424,1.916
15348,2.454,1.921
15349,2.444,1.916
15350,2.405,1.921
15351,2.351,1.916
15352,2.307,1.921
15353,2.268,1.916
15354,2.248,1.921
15355,2.234,1.916
15356,2.229,1.921
15357,2.229,1.921
15358,2.229,1.921
15359,2.326,1.921
15360,2.595,1.921
15361,2.893,1.921
15362,3.021,1.921
15363,2.942,1.921
15364,2.766,1.921
15365,2.595,1.926
15366,2.463,1.921
15367,2.385,1.926
15368,2.385,1.921
15369,2.439,1.926
15370,2.483,1.926
15371,2.488,1.926
15372,2.449,1.926
15373,2.395,1.926
15374,2.351,1.931
15375,2.322,1.931
15376,2.297,1.931
15377,2.278,1.931
15378,2.268,1.931
15379,2.263,1.931
15380,2.263,1.935
15381,2.278,1.935
15382,2.434,1.935
15383,2.717,1.935
15384,2.957,1.935
15385,3.006,1.935
15386,2.884,1.935
15387,2.678,1.935
15388,2.502,1.935
15389,2.395,1.935
15390,2.375,1.935
15391,2.414,1.940
15392,2.468,1.940
15393,2.493,1.940
15394,2.478,1.940
15395,2.439,1.940
15396,2.375,1.940
15397,2.331,1.940
15398,2.302,1.940
15399,2.287,1.940
15400,2.283,1.940
15401,2.268,1.940
15402,2.268,1.935
15403,2.361,1.940
15404,2.630,1.935
15405,2.898,1.940
15406,3.001,1.935
15407,2.923,1.935
15408,2.737,1.935
15409,2.542,1.935
15410,2.390,1.935
15411,2.322,1.935
15412,2.341,1.931
15413,2.400,1.931
15414,2.434,1.931
15415,2.419,1.931
15416,2.361,1.931
15417,2.297,1.931
15418,2.268,1.931
15419,2.268,1.931
15420,2.278,1.931
15421,2.287,1.926
15422,2.283,1.931
15423,2.263,1.931
15424,2.243,1.931
15425,2.312,1.931
15426,2.581,1.931
15427,2.913,1.931
15428,3.104,1.931
15429,3.060,1.931
15430,2.845,1.931
15431,2.590,1.931
15432,2.424,1.931
15433,2.351,1.931
15434,2.375,1.931
15435,2.434,1.931
15436,2.478,1.935
15437,2.483,1.935
15438,2.463,1.940
15439,2.414,1.940
15440,2.370,1.940
15441,2.322,1.940
15442,2.292,1.945
15443,2.273,1.945
15444,2.268,1.945
15445,2.263,1.945
15446,2.258,1.950
15447,2.292,1.950
15448,2.483,1.950
15449,2.796,1.950
15450,3.055,1.955
15451,3.060,1.955
15452,2.889,1.955
15453,2.674,1.960
15454,2.493,1.960
15455,2.390,1.960
15456,2.380,1.960
15457,2.434,1.965
15458,2.498,1.965
15459,2.517,1.965
15460,2.502,1.965
15461,2.454,1.970
15462,2.395,1.970
15463,2.341,1.975
15464,2.307,1.975
15465,2.287,1.975
15466,2.278,1.975
15467,2.273,1.979
15468,2.302,1.979
15469,2.488,1.979
15470,2.805,1.979
15471,3.055,1.984
15472,3.084,1.984
15473,2.933,1.984
15474,2.713,1.989
15475,2.512,1.989
15476,2.385,1.989
15477,2.351,1.989
15478,2.400,1.994
15479,2.458,1.994
15480,2.483,1.999
15481,2.478,1.994
15482,2.444,1.999
15483,2.395,1.999
15484,2.346,1.999
15485,2.312,2.004
15486,2.292,2.004
15487,2.283,2.004
15488,2.273,2.004
15489,2.263,2.004
15490,2.287,2.004
15491,2.473,2.009
15492,2.830,2.004
15493,3.123,2.009
15494,3.187,2.009
15495,3.030,2.014
15496,2.786,2.009
15497,2.571,2.014
15498,2.434,2.009
15499,2.395,2.014
15500,2.434,2.014
15501,2.498,2.014
15502,2.532,2.014
15503,2.527,2.014
15504,2.483,2.019
15505,2.419,2.014
15506,2.370,2.019
15507,2.336,2.014
15508,2.312,2.019
15509,2.292,2.019
15510,2.292,2.019
15511,2.292,2.019
15512,2.287,2.019
15513,2.400,2.019
15514,2.717,2.019
15515,3.065,2.019
15516,3.206,2.019
15517,3.113,2.023
15518,2.893,2.019
15519,2.654,2.023
15520,2.468,2.023
15521,2.380,2.023
15522,2.385,2.019
15523,2.454,2.023
15524,2.522,2.019
15525,2.537,2.023
15526,2.502,2.019
15527,2.444,2.023
15528,2.390,2.023
15529,2.341,2.023
15530,2.312,2.023
15531,2.283,2.023
15532,2.268,2.023
15533,2.258,2.023
15534,2.253,2.023
15535,2.326,2.023
15536,2.615,2.023
15537,2.977,2.023
15538,3.162,2.023
15539,3.099,2.023
15540,2.879,2.023
15541,2.639,2.023
15542,2.458,2.023
15543,2.356,2.023
15544,2.370,2.023
15545,2.449,2.023
15546,2.522,2.023
15547,2.537,2.023
15548,2.507,2.023
15549,2.454,2.023
15550,2.395,2.023
15551,2.341,2.023
15552,2.322,2.023
15553,2.312,2.023
15554,2.307,2.023
15555,2.302,2.028
15556,2.341,2.028
15557,2.586,2.033
15558,2.972,2.043
15559,3.138,2.043
15560,3.074,2.048
15561,2.874,2.053
15562,2.654,2.053
15563,2.493,2.058
15564,2.400,2.058
15565,2.395,2.058
15566,2.458,2.063
15567,2.522,2.063
15568,2.546,2.063
15569,2.522,2.063
15570,2.473,2.063
15571,2.410,2.067
15572,2.356,2.067
15573,2.331,2.067
15574,2.307,2.067
15575,2.292,2.067
15576,2.326,2.067
15577,2.532,2.072
15578,2.864,2.067
15579,3.099,2.072
15580,3.118,2.072
15581,2.942,2.077
15582,2.703,2.072
15583,2.493,2.077
15584,2.375,2.077
15585,2.370,2.077
15586,2.444,2.077
15587,2.507,2.077
15588,2.532,2.077
15589,2.512,2.077
15590,2.458,2.082
15591,2.395,2.077
15592,2.341,2.082
15593,2.317,2.082
15594,2.302,2.082
15595,2.292,2.082
15596,2.317,2.087
15597,2.542,2.082
15598,2.903,2.087
15599,3.167,2.082
15600,3.177,2.087
15601,2.986,2.087
15602,2.747,2.087
15603,2.546,2.087
15604,2.419,2.087
15605,2.400,2.092
15606,2.444,2.092
15607,2.512,2.092
15608,2.542,2.092
15609,2.527,2.092
15610,2.473,2.092
15611,2.419,2.097
15612,2.366,2.092
15613,2.341,2.097
15614,2.331,2.097
15615,2.331,2.097
15616,2.390,2.097
15617,2.664,2.097
15618,3.060,2.102
15619,3.333,2.102
15620,3.333,2.102
15621,3.094,2.102
15622,2.771,2.102
15623,2.537,2.102
15624,2.410,2.107
15625,2.361,2.102
15626,2.449,2.107
15627,2.542,2.102
15628,2.581,2.107
15629,2.561,2.107
15630,2.502,2.107
15631,2.424,2.107
15632,2.341,2.111
15633,2.268,2.111
15634,2.239,2.111
15635,2.263,2.111
15636,2.463,2.111
15637,2.859,2.111
15638,3.167,2.111
15639,3.221,2.116
15640,3.055,2.111
15641,2.820,2.116
15642,2.634,2.111
15643,2.507,2.116
15644,2.473,2.116
15645,2.502,2.116
15646,2.551,2.116
15647,2.581,2.116
15648,2.551,2.116
15649,2.483,2.116
15650,2.429,2.116
15651,2.390,2.116
15652,2.356,2.121
15653,2.336,2.121
15654,2.322,2.121
15655,2.405,2.121
15656,2.713,2.126
15657,3.069,2.121
15658,3.255,2.126
15659,3.216,2.126
15660,3.011,2.126
15661,2.801,2.126
15662,2.620,2.126
15663,2.512,2.126
15664,2.478,2.126
15665,2.502,2.126
15666,2.532,2.131
15667,2.542,2.126
15668,2.527,2.131
15669,2.473,2.126
15670,2.429,2.131
15671,2.385,2.126
15672,2.341,2.131
15673,2.302,2.131
15674,2.268,2.131
15675,2.366,2.131
15676,2.722,2.126
15677,3.113,2.131
15678,3.280,2.131
15679,3.201,2.131
15680,2.962,2.131
15681,2.654,2.131
15682,2.400,2.131
15683,2.312,2.131
15684,2.346,2.131
15685,2.424,2.131
15686,2.463,2.131
15687,2.454,2.131
15688,2.410,2.131
15689,2.370,2.131
15690,2.326,2.131
15691,2.287,2.131
15692,2.268,2.131
15693,2.253,2.131
15694,2.229,2.131
15695,2.322,2.131
15696,2.639,2.131
15697,2.996,2.136
15698,3.148,2.131
15699,3.035,2.136
15700,2.810,2.131
15701,2.590,2.136
15702,2.414,2.131
15703,2.322,2.136
15704,2.326,2.131
15705,2.390,2.131
15706,2.444,2.131
15707,2.454,2.131
15708,2.419,2.131
15709,2.351,2.131
15710,2.297,2.131
15711,2.263,2.131
15712,2.258,2.131
15713,2.253,2.131
15714,2.268,2.131
15715,2.419,2.131
15716,2.781,2.131
15717,3.084,2.131
15718,3.152,2.131
15719,2.977,2.126
15720,2.747,2.131
15721,2.542,2.126
15722,2.405,2.131
15723,2.375,2.126
15724,2.419,2.126
15725,2.478,2.126
15726,2.502,2.126
15727,2.478,2.126
15728,2.419,2.121
15729,2.356,2.121
15730,2.302,2.121
15731,2.263,2.121
15732,2.239,2.121
15733,2.234,2.121
15734,2.322,2.116
15735,2.649,2.121
15736,3.025,2.116
15737,3.182,2.116
15738,3.084,2.116
15739,2.845,2.116
15740,2.610,2.111
15741,2.439,2.116
15742,2.351,2.111
15743,2.346,2.111
15744,2.395,2.111
15745,2.439,2.111
15746,2.434,2.111
15747,2.395,2.107
15748,2.331,2.111
15749,2.268,2.107
15750,2.229,2.111
15751,2.204,2.107
15752,2.190,2.107
15753,2.190,2.107
15754,2.312,2.107
15755,2.669,2.107
15756,3.006,2.107
15757,3.113,2.107
15758,2.977,2.107
15759,2.742,2.107
15760,2.522,2.107
15761,2.366,2.107
15762,2.297,2.102
15763,2.317,2.107
15764,2.370,2.102
15765,2.414,2.107
15766,2.410,2.102
15767,2.366,2.107
15768,2.307,2.102
15769,2.253,2.102
15770,2.214,2.102
15771,2.190,2.102
15772,2.185,2.102
15773,2.180,2.102
15774,2.180,2.102
15775,2.170,2.097
15776,2.165,2.102
15777,2.273,2.097
15778,2.620,2.097
15779,2.986,2.097
15780,3.118,2.097
15781,3.001,2.092
15782,2.752,2.097
15783,2.517,2.092
15784,2.351,2.097
15785,2.283,2.092
15786,2.302,2.092
15787,2.361,2.092
15788,2.410,2.092
15789,2.414,2.087
15790,2.380,2.087
15791,2.326,2.087
15792,2.268,2.087
15793,2.234,2.087
15794,2.204,2.082
15795,2.185,2.082
15796,2.175,2.082
15797,2.180,2.082
15798,2.185,2.077
15799,2.185,2.082
15800,2.185,2.077
15801,2.185,2.077
15802,2.263,2.077
15803,2.576,2.072
15804,2.928,2.077
15805,3.079,2.072
15806,2.981,2.072
15807,2.737,2.072
15808,2.454,2.072
15809,2.307,2.072
15810,2.248,2.067
15811,2.278,2.072
15812,2.356,2.067
15813,2.410,2.067
15814,2.410,2.067
15815,2.375,2.067
15816,2.317,2.067
15817,2.258,2.067
15818,2.219,2.063
15819,2.209,2.067
15820,2.190,2.063
15821,2.185,2.067
15822,2.180,2.063
15823,2.180,2.063
15824,2.180,2.063
15825,2.180,2.063
15826,2.180,2.063
15827,2.204,2.063
15828,2.405,2.063
15829,2.771,2.063
15830,3.025,2.063
15831,3.025,2.058
15832,2.840,2.063
15833,2.590,2.058
15834,2.390,2.063
15835,2.283,2.058
15836,2.273,2.063
15837,2.336,2.058
15838,2.405,2.063
15839,2.429,2.058
15840,2.414,2.063
15841,2.375,2.058
15842,2.312,2.063
15843,2.263,2.058
15844,2.239,2.058
15845,2.219,2.058
15846,2.209,2.058
15847,2.195,2.058
15848,2.185,2.058
15849,2.195,2.063
15850,2.190,2.058
15851,2.185,2.063
15852,2.224,2.058
15853,2.444,2.063
15854,2.830,2.063
15855,3.001,2.063
15856,2.942,2.063
15857,2.732,2.063
15858,2.507,2.063
15859,2.336,2.063
15860,2.263,2.067
15861,2.292,2.063
15862,2.370,2.067
15863,2.434,2.063
15864,2.454,2.067
15865,2.429,2.067
15866,2.380,2.067
15867,2.326,2.067
15868,2.283,2.072
15869,2.253,2.067
15870,2.239,2.072
15871,2.229,2.067
15872,2.224,2.072
15873,2.229,2.072
15874,2.224,2.072
15875,2.253,2.072
15876,2.449,2.072
15877,2.791,2.077
15878,3.025,2.077
15879,3.030,2.077
15880,2.864,2.077
15881,2.615,2.077
15882,2.424,2.077
15883,2.312,2.082
15884,2.302,2.077
15885,2.361,2.082
15886,2.434,2.082
15887,2.478,2.082
15888,2.468,2.082
15889,2.424,2.087
15890,2.366,2.087
15891,2.322,2.087
15892,2.292,2.087
15893,2.263,2.087
15894,2.248,2.092
15895,2.243,2.087
15896,2.239,2.092
15897,2.239,2.087
15898,2.239,2.092
15899,2.322,2.092
15900,2.615,2.092
15901,2.981,2.092
15902,3.157,2.097
15903,3.099,2.097
15904,2.889,2.097
15905,2.659,2.097
15906,2.483,2.097
15907,2.390,2.097
15908,2.400,2.097
15909,2.463,2.102
15910,2.522,2.097
15911,2.542,2.102
15912,2.512,2.102
15913,2.454,2.107
15914,2.400,2.102
15915,2.351,2.107
15916,2.312,2.107
15917,2.292,2.107
15918,2.283,2.107
15919,2.278,2.107
15920,2.273,2.107
15921,2.278,2.107
15922,2.273,2.111
15923,2.317,2.111
15924,2.561,2.111
15925,2.937,2.111
15926,3.177,2.111
15927,3.167,2.111
15928,2.977,2.116
15929,2.737,2.111
15930,2.551,2.116
15931,2.439,2.111
15932,2.429,2.116
15933,2.488,2.116
15934,2.566,2.116
15935,2.590,2.121
15936,2.566,2.116
15937,2.507,2.121
15938,2.444,2.121
15939,2.385,2.121
15940,2.346,2.121
15941,2.336,2.121
15942,2.326,2.121
15943,2.317,2.121
15944,2.322,2.126
15945,2.312,2.121
15946,2.366,2.126
15947,2.615,2.121
15948,2.962,2.126
15949,3.167,2.126
15950,3.133,2.126
15951,2.942,2.126
15952,2.722,2.131
15953,2.546,2.126
15954,2.449,2.131
15955,2.444,2.126
15956,2.488,2.131
15957,2.556,2.131
15958,2.586,2.131
15959,2.561,2.131
15960,2.507,2.131
15961,2.444,2.131
15962,2.385,2.131
15963,2.351,2.136
15964,2.331,2.131
15965,2.326,2.136
15966,2.317,2.136
15967,2.307,2.136
15968,2.297,2.136
15969,2.302,2.136
15970,2.463,2.136
15971,2.820,2.136
15972,3.133,2.136
15973,3.231,2.141
15974,3.094,2.141
15975,2.859,2.141
15976,2.649,2.141
15977,2.507,2.141
15978,2.449,2.141
15979,2.473,2.141
15980,2.522,2.141
15981,2.571,2.141
15982,2.581,2.146
15983,2.546,2.141
15984,2.488,2.146
15985,2.424,2.141
15986,2.375,2.146
15987,2.341,2.146
15988,2.322,2.146
15989,2.317,2.146
15990,2.322,2.146
15991,2.312,2.146
15992,2.302,2.146
15993,2.385,2.151
15994,2.654,2.146
15995,3.001,2.151
15996,3.187,2.146
15997,3.133,2.151
15998,2.937,2.146
15999,2.722,2.151
16000,2.561,2.151
16001,2.473,2.151
16002,2.468,2.151
16003,2.522,2.151
16004,2.586,2.151
16005,2.605,2.151
16006,2.581,2.151
16007,2.532,2.151
16008,2.458,2.155
16009,2.410,2.151
16010,2.375,2.155
16011,2.351,2.151
16012,2.336,2.155
16013,2.331,2.155
16014,2.322,2.155
16015,2.390,2.155
16016,2.693,2.155
16017,3.011,2.155
16018,3.138,2.155
16019,3.069,2.155
16020,2.884,2.155
16021,2.693,2.155
16022,2.542,2.155
16023,2.473,2.160
16024,2.478,2.155
16025,2.527,2.160
16026,2.556,2.155
16027,2.561,2.160
16028,2.537,2.155
16029,2.488,2.160
16030,2.434,2.160
16031,2.380,2.160
16032,2.346,2.160
16033,2.322,2.160
16034,2.317,2.160
16035,2.312,2.160
16036,2.312,2.160
16037,2.312,2.160
16038,2.312,2.160
16039,2.458,2.160
16040,2.791,2.165
16041,3.113,2.160
16042,3.211,2.165
16043,3.079,2.160
16044,2.864,2.165
16045,2.678,2.160
16046,2.566,2.165
16047,2.517,2.160
16048,2.532,2.165
16049,2.571,2.165
16050,2.600,2.165
16051,2.590,2.165
16052,2.542,2.165
16053,2.493,2.165
16054,2.439,2.165
16055,2.395,2.165
16056,2.361,2.165
16057,2.341,2.170
16058,2.336,2.165
16059,2.326,2.170
16060,2.331,2.170
16061,2.322,2.165
16062,2.312,2.170
16063,2.380,2.170
16064,2.644,2.170
16065,2.977,2.170
16066,3.157,2.170
16067,3.118,2.170
16068,2.937,2.170
16069,2.742,2.170
16070,2.576,2.170
16071,2.507,2.170
16072,2.507,2.170
16073,2.546,2.175
16074,2.590,2.170
16075,2.595,2.175
16076,2.561,2.170
16077,2.507,2.175
16078,2.454,2.170
16079,2.410,2.175
16080,2.375,2.170
16081,2.361,2.175
16082,2.346,2.175
16083,2.341,2.175
16084,2.341,2.175
16085,2.326,2.175
16086,2.346,2.175
16087,2.532,2.175
16088,2.849,2.175
16089,3.065,2.175
16090,3.079,2.180
16091,2.933,2.175
16092,2.752,2.180
16093,2.590,2.175
16094,2.488,2.180
16095,2.449,2.175
16096,2.473,2.180
16097,2.527,2.175
16098,2.551,2.180
16099,2.537,2.180
16100,2.488,2.180
16101,2.429,2.180
16102,2.385,2.180
16103,2.351,2.180
16104,2.326,2.180
16105,2.312,2.180
16106,2.297,2.180
16107,2.302,2.180
16108,2.307,2.180
16109,2.302,2.185
16110,2.297,2.180
16111,2.356,2.185
16112,2.615,2.180
16113,2.947,2.185
16114,3.123,2.180
16115,3.084,2.185
16116,2.908,2.185
16117,2.713,2.185
16118,2.566,2.185
16119,2.478,2.185
16120,2.458,2.185
16121,2.488,2.185
16122,2.522,2.185
16123,2.537,2.185
16124,2.512,2.190
16125,2.468,2.185
16126,2.410,2.190
16127,2.366,2.185
16128,2.341,2.190
16129,2.326,2.185
16130,2.312,2.190
16131,2.307,2.190
16132,2.307,2.190
16133,2.302,2.190
16134,2.297,2.190
16135,2.297,2.190
16136,2.341,2.190
16137,2.590,2.190
16138,2.923,2.190
16139,3.104,2.190
16140,3.069,2.190
16141,2.893,2.195
16142,2.698,2.190
16143,2.551,2.195
16144,2.468,2.190
16145,2.458,2.195
16146,2.493,2.190
16147,2.537,2.195
16148,2.551,2.190
16149,2.532,2.195
16150,2.473,2.195
16151,2.410,2.195
16152,2.366,2.195
16153,2.336,2.195
16154,2.322,2.195
16155,2.312,2.195
16156,2.312,2.195
16157,2.302,2.195
16158,2.292,2.199
16159,2.297,2.195
16160,2.439,2.199
16161,2.742,2.195
16162,2.996,2.199
16163,3.065,2.195
16164,2.957,2.199
16165,2.776,2.195
16166,2.620,2.195
16167,2.498,2.199
16168,2.444,2.195
16169,2.454,2.199
16170,2.507,2.195
16171,2.561,2.199
16172,2.605,2.195
16173,2.634,2.199
16174,2.669,2.195
16175,2.678,2.199
16176,2.664,2.195
16177,2.615,2.199
16178,2.542,2.195
16179,2.439,2.199
16180,2.326,2.195
16181,2.243,2.199
16182,2.199,2.195
16183,2.185,2.199
16184,2.224,2.195
16185,2.449,2.195
16186,2.830,2.199
16187,3.045,2.195
16188,3.045,2.199
16189,2.898,2.195
16190,2.708,2.199
16191,2.561,2.195
16192,2.454,2.199
16193,2.424,2.199
16194,2.449,2.199
16195,2.493,2.199
16196,2.517,2.199
16197,2.502,2.199
16198,2.463,2.199
16199,2.414,2.199
16200,2.375,2.199
16201,2.341,2.199
16202,2.312,2.199
16203,2.297,2.204
16204,2.287,2.199
16205,2.287,2.204
16206,2.283,2.199
16207,2.317,2.204
16208,2.522,2.199
16209,2.835,2.204
16210,3.065,2.204
16211,3.089,2.204
16212,2.957,2.204
16213,2.786,2.204
16214,2.639,2.204
16215,2.532,2.204
16216,2.488,2.204
16217,2.502,2.204
16218,2.537,2.204
16219,2.546,2.204
16220,2.527,2.204
16221,2.473,2.204
16222,2.419,2.209
16223,2.375,2.204
16224,2.336,2.209
16225,2.312,2.204
16226,2.297,2.209
16227,2.292,2.204
16228,2.287,2.209
16229,2.287,2.204
16230,2.351,2.209
16231,2.630,2.209
16232,2.937,2.209
16233,3.079,2.209
16234,3.021,2.209
16235,2.845,2.209
16236,2.659,2.209
16237,2.507,2.209
16238,2.429,2.209
16239,2.429,2.209
16240,2.468,2.209
16241,2.507,2.209
16242,2.522,2.214
16243,2.493,2.209
16244,2.444,2.214
16245,2.395,2.209
16246,2.351,2.214
16247,2.326,2.209
16248,2.317,2.214
16249,2.312,2.214
16250,2.297,2.214
16251,2.287,2.214
16252,2.302,2.214
16253,2.463,2.214
16254,2.781,2.214
16255,3.025,2.219
16256,3.065,2.214
16257,2.928,2.214
16258,2.688,2.214
16259,2.537,2.214
16260,2.439,2.219
16261,2.419,2.214
16262,2.458,2.219
16263,2.507,2.214
16264,2.537,2.214
16265,2.527,2.214
16266,2.483,2.219
16267,2.419,2.214
16268,2.370,2.214
16269,2.336,2.214
16270,2.307,2.214
16271,2.292,2.214
16272,2.287,2.214
16273,2.312,2.214
16274,2.473,2.214
16275,2.776,2.214
16276,2.996,2.214
16277,3.016,2.214
16278,2.884,2.214
16279,2.693,2.214
16280,2.532,2.209
16281,2.419,2.214
16282,2.390,2.214
16283,2.424,2.214
16284,2.483,2.214
16285,2.522,2.214
16286,2.502,2.214
16287,2.449,2.214
16288,2.400,2.214
16289,2.351,2.214
16290,2.317,2.214
16291,2.297,2.209
16292,2.287,2.214
16293,2.283,2.209
16294,2.273,2.214
16295,2.356,2.209
16296,2.644,2.214
16297,2.957,2.209
16298,3.099,2.214
16299,3.035,2.209
16300,2.849,2.214
16301,2.664,2.209
16302,2.532,2.214
16303,2.444,2.214
16304,2.429,2.214
16305,2.468,2.214
16306,2.502,2.214
16307,2.517,2.214
16308,2.488,2.214
16309,2.434,2.214
16310,2.380,2.214
16311,2.336,2.214
16312,2.297,2.214
16313,2.287,2.214
16314,2.283,2.214
16315,2.273,2.214
16316,2.268,2.214
16317,2.331,2.214
16318,2.600,2.214
16319,2.937,2.214
16320,3.128,2.219
16321,3.094,2.214
16322,2.918,2.219
16323,2.727,2.214
16324,2.571,2.214
16325,2.473,2.214
16326,2.444,2.219
16327,2.468,2.219
16328,2.507,2.214
16329,2.522,2.219
16330,2.507,2.214
16331,2.463,2.219
16332,2.405,2.214
16333,2.351,2.219
16334,2.307,2.214
16335,2.287,2.219
16336,2.273,2.219
16337,2.263,2.219
16338,2.253,2.219
16339,2.253,2.219
16340,2.253,2.219
16341,2.341,2.219
16342,2.639,2.219
16343,2.986,2.219
16344,3.148,2.224
16345,3.069,2.219
16346,2.869,2.224
16347,2.669,2.219
16348,2.522,2.224
16349,2.434,2.219
16350,2.424,2.224
16351,2.458,2.219
16352,2.507,2.224
16353,2.527,2.219
16354,2.502,2.224
16355,2.444,2.224
16356,2.395,2.224
16357,2.346,2.224
16358,2.312,2.224
16359,2.292,2.224
16360,2.283,2.224
16361,2.283,2.224
16362,2.278,2.224
16363,2.268,2.224
16364,2.278,2.224
16365,2.449,2.229
16366,2.840,2.224
16367,3.074,2.229
16368,3.084,2.224
16369,2.923,2.229
16370,2.713,2.224
16371,2.542,2.229
16372,2.434,2.229
16373,2.414,2.229
16374,2.454,2.229
16375,2.517,2.229
16376,2.551,2.229
16377,2.542,2.229
16378,2.493,2.229
16379,2.434,2.229
16380,2.390,2.229
16381,2.346,2.229
16382,2.326,2.234
16383,2.307,2.229
16384,2.297,2.234
16385,2.283,2.229
16386,2.317,2.234
16387,2.546,2.229
16388,2.889,2.234
16389,3.104,2.229
16390,3.089,2.234
16391,2.923,2.234
16392,2.717,2.234
16393,2.537,2.234
16394,2.429,2.234
16395,2.414,2.234
16396,2.449,2.234
16397,2.502,2.234
16398,2.522,2.234
16399,2.493,2.239
16400,2.434,2.234
16401,2.375,2.239
16402,2.326,2.234
16403,2.302,2.239
16404,2.287,2.234
16405,2.278,2.239
16406,2.273,2.239
16407,2.258,2.239
16408,2.258,2.239
16409,2.380,2.239
16410,2.708,2.239
16411,3.050,2.239
16412,3.187,2.239
16413,3.094,2.239
16414,2.893,2.243
16415,2.693,2.239
16416,2.551,2.243
16417,2.468,2.239
16418,2.463,2.243
16419,2.507,2.239
16420,2.546,2.239
16421,2.551,2.243
16422,2.512,2.243
16423,2.449,2.243
16424,2.395,2.243
16425,2.351,2.243
16426,2.312,2.243
16427,2.287,2.243
16428,2.278,2.243
16429,2.273,2.243
16430,2.263,2.243
16431,2.258,2.243
16432,2.341,2.243
16433,2.639,2.248
16434,3.006,2.243
16435,3.187,2.248
16436,3.133,2.243
16437,2.893,2.243
16438,2.698,2.248
16439,2.556,2.243
16440,2.468,2.248
16441,2.454,2.243
16442,2.488,2.248
16443,2.532,2.243
16444,2.546,2.248
16445,2.522,2.243
16446,2.463,2.248
16447,2.400,2.248
16448,2.351,2.243
16449,2.312,2.248
16450,2.292,2.243
16451,2.283,2.248
16452,2.287,2.243
16453,2.278,2.248
16454,2.268,2.243
16455,2.317,2.248
16456,2.571,2.243
16457,2.937,2.248
16458,3.152,2.243
16459,3.123,2.248
16460,2.933,2.243
16461,2.727,2.248
16462,2.556,2.243
16463,2.454,2.248
16464,2.429,2.243
16465,2.478,2.243
16466,2.532,2.243
16467,2.556,2.243
16468,2.532,2.243
16469,2.483,2.243
16470,2.414,2.248
16471,2.366,2.243
16472,2.326,2.248
16473,2.302,2.243
16474,2.292,2.243
16475,2.287,2.243
16476,2.278,2.243
16477,2.268,2.243
16478,2.390,2.243
16479,2.708,2.248
16480,3.035,2.243
16481,3.172,2.248
16482,3.079,2.243
16483,2.874,2.248
16484,2.669,2.243
16485,2.517,2.248
16486,2.439,2.243
16487,2.449,2.248
16488,2.493,2.243
16489,2.532,2.248
16490,2.542,2.243
16491,2.502,2.248
16492,2.449,2.243
16493,2.390,2.248
16494,2.341,2.243
16495,2.312,2.248
16496,2.292,2.248
16497,2.292,2.248
16498,2.283,2.248
16499,2.278,2.248
16500,2.263,2.248
16501,2.317,2.243
16502,2.571,2.248
16503,2.937,2.243
16504,3.162,2.248
16505,3.162,2.248
16506,2.986,2.248
16507,2.776,2.248
16508,2.615,2.248
16509,2.507,2.248
16510,2.463,2.248
16511,2.478,2.248
16512,2.517,2.248
16513,2.546,2.248
16514,2.522,2.248
16515,2.473,2.253
16516,2.410,2.248
16517,2.356,2.253
16518,2.312,2.248
16519,2.287,2.253
16520,2.273,2.248
16521,2.263,2.253
16522,2.263,2.248
16523,2.263,2.253
16524,2.258,2.253
16525,2.341,2.253
16526,2.630,2.253
16527,2.972,2.253
16528,3.138,2.258
16529,3.050,2.253
16530,2.854,2.258
16531,2.654,2.253
16532,2.502,2.258
16533,2.429,2.253
16534,2.434,2.258
16535,2.483,2.258
16536,2.522,2.258
16537,2.522,2.258
16538,2.488,2.258
16539,2.429,2.258
16540,2.370,2.258
16541,2.322,2.258
16542,2.297,2.258
16543,2.287,2.258
16544,2.278,2.258
16545,2.273,2.263
16546,2.263,2.258
16547,2.278,2.263
16548,2.439,2.258
16549,2.752,2.263
16550,3.016,2.258
16551,3.069,2.263
16552,2.942,2.258
16553,2.752,2.263
16554,2.571,2.263
16555,2.444,2.263
16556,2.390,2.263
16557,2.424,2.263
16558,2.473,2.263
16559,2.507,2.263
16560,2.498,2.268
16561,2.454,2.263
16562,2.395,2.268
16563,2.336,2.263
16564,2.302,2.268
16565,2.283,2.268
16566,2.273,2.263
16567,2.263,2.268
16568,2.253,2.263
16569,2.258,2.268
16570,2.248,2.268
16571,2.278,2.268
16572,2.483,2.268
16573,2.830,2.268
16574,3.094,2.268
16575,3.118,2.273
16576,2.957,2.268
16577,2.752,2.273
16578,2.576,2.268
16579,2.454,2.273
16580,2.405,2.268
16581,2.434,2.273
16582,2.488,2.273
16583,2.512,2.268
16584,2.502,2.273
16585,2.454,2.268
16586,2.390,2.273
16587,2.336,2.268
16588,2.302,2.273
16589,2.283,2.273
16590,2.268,2.273
16591,2.263,2.273
16592,2.258,2.273
16593,2.258,2.273
16594,2.248,2.273
16595,2.263,2.273
16596,2.410,2.273
16597,2.732,2.273
16598,3.021,2.273
16599,3.099,2.278
16600,2.986,2.273
16601,2.781,2.278
16602,2.600,2.273
16603,2.478,2.278
16604,2.414,2.278
16605,2.419,2.278
16606,2.463,2.278
16607,2.502,2.278
16608,2.507,2.278
16609,2.468,2.278
16610,2.410,2.278
16611,2.356,2.278
16612,2.312,2.278
16613,2.283,2.278
16614,2.273,2.283
16615,2.268,2.278
16616,2.268,2.283
16617,2.268,2.278
16618,2.258,2.283
16619,2.287,2.278
16620,2.473,2.283
16621,2.796,2.278
16622,3.025,2.283
16623,3.040,2.278
16624,2.893,2.283
16625,2.703,2.283
16626,2.537,2.283
16627,2.429,2.283
16628,2.395,2.283
16629,2.429,2.283
16630,2.488,2.283
16631,2.522,2.283
16632,2.502,2.283
16633,2.458,2.287
16634,2.400,2.283
16635,2.356,2.287
16636,2.322,2.283
16637,2.302,2.287
16638,2.292,2.283
16639,2.292,2.287
16640,2.283,2.287
16641,2.273,2.287
16642,2.283,2.287
16643,2.429,2.287
16644,2.747,2.287
16645,3.006,2.287
16646,3.069,2.287
16647,2.952,2.287
16648,2.757,2.292
16649,2.590,2.287
16650,2.468,2.292
16651,2.410,2.287
16652,2.419,2.292
16653,2.468,2.287
16654,2.498,2.292
16655,2.502,2.287
16656,2.458,2.292
16657,2.405,2.287
16658,2.346,2.292
16659,2.302,2.287
16660,2.278,2.292
16661,2.268,2.287
16662,2.263,2.287
16663,2.258,2.292
16664,2.258,2.287
16665,2.258,2.292
16666,2.336,2.287
16667,2.590,2.287
16668,2.913,2.287
16669,3.079,2.292
16670,3.035,2.287
16671,2.835,2.292
16672,2.634,2.287
16673,2.473,2.292
16674,2.390,2.292
16675,2.390,2.292
16676,2.434,2.292
16677,2.498,2.292
16678,2.522,2.292
16679,2.502,2.292
16680,2.449,2.292
16681,2.400,2.292
16682,2.361,2.292
16683,2.341,2.292
16684,2.326,2.292
16685,2.322,2.292
16686,2.312,2.297
16687,2.395,2.292
16688,2.659,2.297
16689,2.952,2.297
16690,3.035,2.297
16691,2.962,2.292
16692,2.796,2.297
16693,2.620,2.297
16694,2.478,2.297
16695,2.414,2.297
16696,2.414,2.297
16697,2.463,2.297
16698,2.512,2.297
16699,2.517,2.297
16700,2.488,2.297
16701,2.439,2.297
16702,2.395,2.297
16703,2.361,2.297
16704,2.341,2.297
16705,2.322,2.302
16706,2.302,2.297
16707,2.341,2.302
16708,2.561,2.297
16709,2.889,2.302
16710,3.094,2.297
16711,3.089,2.302
16712,2.942,2.297
16713,2.761,2.302
16714,2.610,2.302
16715,2.498,2.302
16716,2.458,2.302
16717,2.483,2.302
16718,2.522,2.302
16719,2.532,2.297
16720,2.502,2.302
16721,2.454,2.302
16722,2.390,2.302
16723,2.341,2.302
16724,2.307,2.302
16725,2.292,2.302
16726,2.278,2.302
16727,2.268,2.302
16728,2.346,2.302
16729,2.625,2.302
16730,2.957,2.297
16731,3.118,2.297
16732,3.060,2.297
16733,2.879,2.297
16734,2.693,2.287
16735,2.566,2.287
16736,2.532,2.278
16737,2.620,2.278
16738,2.801,2.273
16739,2.937,2.273
16740,2.937,2.268
16741,2.810,2.268
16742,2.649,2.263
16743,2.502,2.258
16744,2.424,2.248
16745,2.380,2.243
16746,2.366,2.234
16747,2.375,2.229
16748,2.498,2.219
16749,2.801,2.214
16750,3.109,2.209
16751,3.226,2.204
16752,3.128,2.199
16753,2.947,2.195
16754,2.771,2.195
16755,2.639,2.195
16756,2.556,2.195
16757,2.532,2.190
16758,2.551,2.195
16759,2.581,2.190
16760,2.581,2.190
16761,2.546,2.185
16762,2.488,2.180
16763,2.419,2.175
16764,2.375,2.165
16765,2.351,2.155
16766,2.346,2.151
16767,2.331,2.146
16768,2.336,2.141
16769,2.458,2.131
16770,2.820,2.126
16771,3.094,2.121
16772,3.157,2.116
16773,3.016,2.116
16774,2.791,2.111
16775,2.590,2.107
16776,2.449,2.107
16777,2.395,2.102
16778,2.405,2.097
16779,2.439,2.092
16780,2.454,2.092
16781,2.434,2.087
16782,2.400,2.087
16783,2.375,2.082
16784,2.356,2.082
16785,2.336,2.082
16786,2.317,2.082
16787,2.312,2.082
16788,2.302,2.082
16789,2.278,2.082
16790,2.351,2.082
16791,2.610,2.077
16792,2.903,2.072
16793,3.021,2.067
16794,2.933,2.063
16795,2.732,2.058
16796,2.527,2.053
16797,2.370,2.048
16798,2.317,2.043
16799,2.356,2.043
16800,2.410,2.038
16801,2.434,2.038
16802,2.410,2.033
16803,2.351,2.038
16804,2.278,2.038
16805,2.224,2.038
16806,2.199,2.038
16807,2.195,2.038
16808,2.195,2.038
16809,2.180,2.043
16810,2.170,2.043
16811,2.209,2.048
16812,2.424,2.053
16813,2.742,2.053
16814,2.942,2.058
16815,2.898,2.058
16816,2.732,2.058
16817,2.546,2.058
16818,2.375,2.063
16819,2.283,2.058
16820,2.287,2.058
16821,2.336,2.058
16822,2.390,2.053
16823,2.400,2.048
16824,2.370,2.038
16825,2.331,2.033
16826,2.287,2.023
16827,2.263,2.019
16828,2.253,2.009
16829,2.248,2.004
16830,2.263,1.994
16831,2.366,1.989
16832,2.625,1.984
16833,2.889,1.984
16834,2.972,1.979
16835,2.884,1.975
16836,2.683,1.975
16837,2.488,1.970
16838,2.346,1.970
16839,2.302,1.965
16840,2.336,1.960
16841,2.395,1.955
16842,2.439,1.955
16843,2.439,1.950
16844,2.410,1.945
16845,2.356,1.940
16846,2.292,1.940
16847,2.239,1.935
16848,2.199,1.931
16849,2.185,1.931
16850,2.199,1.926
16851,2.405,1.926
16852,2.722,1.921
16853,2.937,1.916
16854,2.942,1.916
16855,2.796,1.911
16856,2.595,1.911
16857,2.414,1.906
16858,2.302,1.906
16859,2.278,1.901
16860,2.322,1.901
16861,2.380,1.896
16862,2.405,1.896
16863,2.385,1.891
16864,2.351,1.891
16865,2.302,1.891
16866,2.263,1.887
16867,2.229,1.887
16868,2.214,1.882
16869,2.195,1.882
16870,2.229,1.877
16871,2.444,1.877
16872,2.771,1.872
16873,2.967,1.872
16874,2.947,1.872
16875,2.791,1.867
16876,2.590,1.867
16877,2.429,1.867
16878,2.326,1.862
16879,2.331,1.862
16880,2.375,1.857
16881,2.419,1.857
16882,2.434,1.852
16883,2.405,1.852
16884,2.361,1.848
16885,2.312,1.848
16886,2.278,1.843
16887,2.253,1.843
16888,2.239,1.838
16889,2.224,1.838
16890,2.248,1.833
16891,2.449,1.833
16892,2.766,1.828
16893,2.972,1.828
16894,2.967,1.823
16895,2.801,1.823
16896,2.605,1.823
16897,2.434,1.818
16898,2.341,1.818
16899,2.331,1.813
16900,2.385,1.813
16901,2.434,1.808
16902,2.449,1.808
16903,2.424,1.804
16904,2.380,1.804
16905,2.336,1.804
16906,2.302,1.804
16907,2.278,1.799
16908,2.263,1.799
16909,2.248,1.794
16910,2.243,1.794
16911,2.336,1.794
16912,2.615,1.789
16913,2.918,1.789
16914,3.035,1.789
16915,2.947,1.784
16916,2.747,1.784
16917,2.551,1.784
16918,2.414,1.784
16919,2.366,1.779
16920,2.385,1.779
16921,2.463,1.779
16922,2.517,1.774
16923,2.527,1.774
16924,2.502,1.774
16925,2.483,1.774
16926,2.458,1.769
16927,2.473,1.774
16928,2.522,1.769
16929,2.581,1.769
16930,2.644,1.769
16931,2.747,1.769
16932,3.045,1.769
16933,3.319,1.764
16934,3.431,1.764
16935,3.358,1.760
16936,3.192,1.760
16937,3.021,1.750
16938,2.874,1.745
16939,2.761,1.740
16940,2.722,1.730
16941,2.698,1.725
16942,2.610,1.711
16943,2.473,1.706
16944,2.331,1.691
16945,2.234,1.681
16946,2.185,1.672
16947,2.170,1.667
16948,2.165,1.657
16949,2.165,1.647
16950,2.170,1.642
16951,2.204,1.632
16952,2.375,1.623
16953,2.713,1.613
16954,2.937,1.608
16955,2.923,1.603
16956,2.761,1.598
16957,2.566,1.593
16958,2.410,1.593
16959,2.312,1.593
16960,2.312,1.593
16961,2.361,1.593
16962,2.405,1.593
16963,2.429,1.593
16964,2.410,1.593
16965,2.375,1.593
16966,2.322,1.593
16967,2.268,1.588
16968,2.248,1.588
16969,2.243,1.588
16970,2.243,1.588
16971,2.248,1.584
16972,2.361,1.584
16973,2.649,1.579
16974,2.913,1.579
16975,2.986,1.574
16976,2.893,1.574
16977,2.717,1.574
16978,2.551,1.569
16979,2.439,1.569
16980,2.400,1.574
16981,2.419,1.574
16982,2.468,1.574
16983,2.502,1.549
16984,2.483,1.520
16985,2.434,1.505
16986,2.370,1.500
16987,2.326,1.496
16988,2.292,1.496
16989,2.263,1.496
16990,2.243,1.515
16991,2.258,1.540
16992,2.429,1.564
16993,2.747,1.579
16994,2.986,1.593
16995,3.016,1.608
16996,2.893,1.623
16997,2.717,1.618
16998,2.561,1.618
16999,2.439,1.632
17000,2.400,1.652
17001,2.439,1.662
17002,2.507,1.676
17003,2.561,1.686
17004,2.581,1.696
17005,2.556,1.706
17006,2.498,1.716
17007,2.370,1.720
17008,2.307,1.730
17009,2.292,1.740
17010,2.312,1.745
17011,2.385,1.755
17012,2.674,1.760
17013,3.084,1.764
17014,3.192,1.769
17015,3.104,1.774
17016,2.830,1.779
17017,2.649,1.784
17018,2.551,1.784
17019,2.512,1.789
17020,2.527,1.789
17021,2.605,1.789
17022,2.669,1.789
17023,2.634,1.794
17024,2.610,1.794
17025,2.561,1.794
17026,2.605,1.794
17027,2.659,1.799
17028,2.674,1.799
17029,2.674,1.799
17030,2.859,1.799
17031,3.172,1.799
17032,3.348,1.804
17033,3.372,1.804
17034,3.201,1.804
17035,2.977,1.804
17036,2.757,1.804
17037,2.566,1.808
17038,2.449,1.808
17039,2.473,1.808
17040,2.546,1.808
17041,2.576,1.808
17042,2.522,1.804
17043,2.444,1.804
17044,2.439,1.799
17045,2.449,1.794
17046,2.419,1.789
17047,2.341,1.784
17048,2.263,1.779
17049,2.317,1.769
17050,2.620,1.760
17051,2.986,1.750
17052,3.206,1.740
17053,3.162,1.730
17054,2.962,1.725
17055,2.630,1.720
17056,2.346,1.716
17057,2.258,1.711
17058,2.326,1.711
17059,2.434,1.706
17060,2.483,1.706
17061,2.444,1.701
17062,2.400,1.701
17063,2.370,1.701
17064,2.351,1.701
17065,2.312,1.696
17066,2.229,1.696
17067,2.229,1.696
17068,2.429,1.696
17069,2.761,1.696
17070,2.996,1.696
17071,3.016,1.696
17072,2.908,1.696
17073,2.752,1.701
17074,2.590,1.696
17075,2.424,1.696
17076,2.297,1.696
17077,2.273,1.696
17078,2.356,1.696
17079,2.454,1.696
17080,2.483,1.696
17081,2.439,1.696
17082,2.375,1.696
17083,2.346,1.696
17084,2.331,1.696
17085,2.302,1.691
17086,2.322,1.691
17087,2.498,1.691
17088,2.776,1.691
17089,2.977,1.691
17090,2.991,1.691
17091,2.845,1.691
17092,2.639,1.691
17093,2.458,1.691
17094,2.356,1.691
17095,2.385,1.691
17096,2.449,1.691
17097,2.488,1.691
17098,2.478,1.691
17099,2.478,1.691
17100,2.478,1.691
17101,2.468,1.691
17102,2.414,1.691
17103,2.346,1.691
17104,2.370,1.691
17105,2.644,1.691
17106,2.967,1.691
17107,3.104,1.696
17108,3.001,1.696
17109,2.796,1.701
17110,2.639,1.701
17111,2.546,1.706
17112,2.483,1.716
17113,2.410,1.720
17114,2.361,1.725
17115,2.307,1.735
17116,2.243,1.740
17117,2.209,1.750
17118,2.180,1.755
17119,2.141,1.760
17120,2.097,1.760
17121,2.048,1.764
17122,2.058,1.764
17123,2.243,1.769
17124,2.512,1.769
17125,2.674,1.774
17126,2.634,1.779
17127,2.468,1.779
17128,2.278,1.784
17129,2.131,1.784
17130,2.067,1.789
17131,2.092,1.789
17132,2.170,1.794
17133,2.258,1.794
17134,2.326,1.804
17135,2.341,1.804
17136,2.287,1.804
17137,2.214,1.804
17138,2.165,1.804
17139,2.121,1.804
17140,2.126,1.808
17141,2.263,1.808
17142,2.468,1.808
17143,2.590,1.808
17144,2.561,1.808
17145,2.429,1.813
17146,2.283,1.813
17147,2.170,1.813
17148,2.151,1.818
17149,2.239,1.818
17150,2.361,1.823
17151,2.454,1.823
17152,2.502,1.823
17153,2.488,1.828
17154,2.444,1.828
17155,2.390,1.833
17156,2.356,1.843
17157,2.434,1.843
17158,2.717,1.852
17159,3.030,1.852
17160,3.152,1.862
17161,3.060,1.862
17162,2.859,1.872
17163,2.669,1.872
17164,2.522,1.877
17165,2.444,1.877
17166,2.449,1.882
17167,2.493,1.882
17168,2.542,1.877
17169,2.546,1.877
17170,2.502,1.872
17171,2.419,1.867
17172,2.346,1.862
17173,2.292,1.862
17174,2.317,1.852
17175,2.610,1.852
17176,2.972,1.843
17177,3.157,1.843
17178,3.113,1.843
17179,2.908,1.843
17180,2.688,1.838
17181,2.522,1.838
17182,2.410,1.838
17183,2.361,1.838
17184,2.370,1.843
17185,2.370,1.843
17186,2.341,1.848
17187,2.283,1.848
17188,2.209,1.848
17189,2.146,1.848
17190,2.097,1.852
17191,2.067,1.848
17192,2.190,1.848
17193,2.507,1.848
17194,2.801,1.843
17195,2.859,1.843
17196,2.727,1.843
17197,2.517,1.843
17198,2.322,1.843
17199,2.180,1.843
17200,2.126,1.838
17201,2.146,1.843
17202,2.195,1.843
17203,2.263,1.843
17204,2.317,1.843
17205,2.317,1.843
17206,2.273,1.843
17207,2.224,1.848
17208,2.180,1.848
17209,2.165,1.857
17210,2.278,1.862
17211,2.566,1.872
17212,2.840,1.891
17213,2.923,1.921
17214,2.810,1.945
17215,2.600,1.975
17216,2.400,2.004
17217,2.253,2.033
17218,2.185,2.063
17219,2.199,2.087
17220,2.258,2.111
17221,2.312,2.126
17222,2.326,2.141
17223,2.307,2.151
17224,2.268,2.160
17225,2.224,2.165
17226,2.195,2.180
17227,2.170,2.180
17228,2.253,2.190
17229,2.532,2.195
17230,2.845,2.195
17231,3.001,2.199
17232,2.937,2.199
17233,2.757,2.204
17234,2.561,2.204
17235,2.405,2.209
17236,2.322,2.209
17237,2.317,2.214
17238,2.366,2.214
17239,2.414,2.219
17240,2.424,2.219
17241,2.400,2.224
17242,2.356,2.229
17243,2.302,2.234
17244,2.263,2.239
17245,2.239,2.248
17246,2.287,2.248
17247,2.527,2.253
17248,2.849,2.258
17249,3.025,2.263
17250,2.986,2.268
17251,2.801,2.268
17252,2.590,2.268
17253,2.410,2.268
17254,2.322,2.273
17255,2.322,2.278
17256,2.375,2.283
17257,2.429,2.283
17258,2.439,2.287
17259,2.410,2.292
17260,2.361,2.297
17261,2.312,2.297
17262,2.273,2.297
17263,2.253,2.297
17264,2.243,2.297
17265,2.322,2.302
17266,2.615,2.302
17267,2.942,2.307
17268,3.084,2.302
17269,3.011,2.307
17270,2.801,2.307
17271,2.571,2.312
17272,2.390,2.307
17273,2.312,2.312
17274,2.326,2.312
17275,2.395,2.317
17276,2.439,2.317
17277,2.449,2.322
17278,2.424,2.322
17279,2.385,2.326
17280,2.341,2.326
17281,2.297,2.326
17282,2.263,2.331
17283,2.243,2.331
17284,2.297,2.336
17285,2.546,2.336
17286,2.903,2.341
17287,3.109,2.341
17288,3.069,2.346
17289,2.879,2.346
17290,2.649,2.356
17291,2.454,2.366
17292,2.346,2.380
17293,2.341,2.395
17294,2.400,2.405
17295,2.463,2.414
17296,2.488,2.424
17297,2.458,2.434
17298,2.414,2.439
17299,2.361,2.449
17300,2.317,2.449
17301,2.292,2.458
17302,2.278,2.454
17303,2.258,2.458
17304,2.297,2.458
17305,2.551,2.463
17306,2.903,2.463
17307,3.104,2.468
17308,3.069,2.463
17309,2.766,2.468
17310,2.551,2.463
17311,2.395,2.468
17312,2.331,2.463
17313,2.361,2.468
17314,2.414,2.463
17315,2.458,2.468
17316,2.458,2.468
17317,2.414,2.468
17318,2.366,2.468
17319,2.312,2.468
17320,2.283,2.468
17321,2.263,2.468
17322,2.253,2.468
17323,2.248,2.463
17324,2.268,2.468
17325,2.463,2.468
17326,2.810,2.468
17327,3.055,2.468
17328,3.060,2.468
17329,2.889,2.468
17330,2.664,2.468
17331,2.463,2.468
17332,2.341,2.468
17333,2.312,2.468
17334,2.361,2.468
17335,2.424,2.473
17336,2.458,2.468
17337,2.439,2.473
17338,2.390,2.473
17339,2.341,2.473
17340,2.307,2.473
17341,2.278,2.478
17342,2.263,2.478
17343,2.258,2.478
17344,2.248,2.478
17345,2.287,2.478
17346,2.507,2.478
17347,2.840,2.478
17348,3.045,2.483
17349,3.025,2.483
17350,2.845,2.488
17351,2.620,2.483
17352,2.444,2.488
17353,2.341,2.483
17354,2.341,2.488
17355,2.405,2.488
17356,2.468,2.493
17357,2.493,2.493
17358,2.468,2.498
17359,2.419,2.498
17360,2.366,2.498
17361,2.326,2.498
17362,2.297,2.498
17363,2.283,2.502
17364,2.292,2.498
17365,2.424,2.502
17366,2.717,2.498
17367,2.986,2.507
17368,3.050,2.502
17369,2.928,2.507
17370,2.727,2.507
17371,2.532,2.512
17372,2.395,2.512
17373,2.351,2.522
17374,2.395,2.527
17375,2.454,2.537
17376,2.493,2.551
17377,2.493,2.571
17378,2.449,2.586
17379,2.395,2.595
17380,2.361,2.610
17381,2.331,2.610
17382,2.312,2.620
17383,2.307,2.625
17384,2.307,2.630
17385,2.473,2.630
17386,2.815,2.639
17387,3.079,2.634
17388,3.113,2.644
17389,2.962,2.639
17390,2.722,2.644
17391,2.551,2.649
17392,2.434,2.644
17393,2.405,2.649
17394,2.439,2.649
17395,2.493,2.654
17396,2.537,2.649
17397,2.522,2.654
17398,2.473,2.654
17399,2.414,2.659
17400,2.370,2.654
17401,2.331,2.659
17402,2.312,2.659
17403,2.312,2.659
17404,2.307,2.659
17405,2.385,2.659
17406,2.674,2.664
17407,2.991,2.659
17408,3.123,2.664
17409,3.040,2.664
17410,2.845,2.669
17411,2.654,2.664
17412,2.502,2.669
17413,2.429,2.664
17414,2.434,2.669
17415,2.493,2.664
17416,2.542,2.669
17417,2.551,2.669
17418,2.522,2.669
17419,2.468,2.674
17420,2.419,2.669
17421,2.370,2.674
17422,2.351,2.674
17423,2.326,2.678
17424,2.322,2.674
17425,2.380,2.678
17426,2.639,2.674
17427,2.957,2.678
17428,3.109,2.678
17429,3.050,2.678
17430,2.874,2.678
17431,2.678,2.678
17432,2.532,2.678
17433,2.454,2.683
17434,2.449,2.683
17435,2.498,2.683
17436,2.551,2.683
17437,2.561,2.683
17438,2.532,2.688
17439,2.478,2.683
17440,2.419,2.688
17441,2.380,2.683
17442,2.351,2.688
17443,2.346,2.688
17444,2.336,2.683
17445,2.322,2.688
17446,2.356,2.688
17447,2.576,2.693
17448,2.933,2.688
17449,3.167,2.693
17450,3.167,2.688
17451,3.006,2.693
17452,2.810,2.693
17453,2.649,2.693
17454,2.546,2.693
17455,2.507,2.693
17456,2.527,2.698
17457,2.571,2.693
17458,2.595,2.698
17459,2.571,2.693
17460,2.522,2.698
17461,2.458,2.698
17462,2.410,2.703
17463,2.375,2.698
17464,2.346,2.703
17465,2.336,2.698
17466,2.326,2.703
17467,2.317,2.698
17468,2.302,2.703
17469,2.326,2.703
17470,2.551,2.703
17471,2.952,2.703
17472,3.206,2.703
17473,3.211,2.708
17474,3.045,2.703
17475,2.840,2.708
17476,2.683,2.703
17477,2.576,2.708
17478,2.532,2.703
17479,2.537,2.708
17480,2.571,2.708
17481,2.590,2.713
17482,2.581,2.708
17483,2.542,2.713
17484,2.483,2.708
17485,2.429,2.713
17486,2.390,2.713
17487,2.361,2.713
17488,2.346,2.713
17489,2.336,2.713
17490,2.326,2.713
17491,2.326,2.713
17492,2.322,2.717
17493,2.322,2.713
17494,2.405,2.717
17495,2.722,2.713
17496,3.074,2.717
17497,3.240,2.713
17498,3.143,2.717
17499,2.937,2.717
17500,2.747,2.717
17501,2.610,2.722
17502,2.537,2.717
17503,2.527,2.722
17504,2.561,2.717
17505,2.605,2.722
17506,2.610,2.717
17507,2.566,2.722
17508,2.507,2.717
17509,2.454,2.722
17510,2.400,2.722
17511,2.366,2.722
17512,2.346,2.722
17513,2.336,2.722
17514,2.336,2.722
17515,2.331,2.722
17516,2.326,2.727
17517,2.312,2.722
17518,2.424,2.727
17519,2.747,2.722
17520,3.079,2.727
17521,3.216,2.722
17522,3.133,2.727
17523,2.942,2.727
17524,2.752,2.732
17525,2.600,2.727
17526,2.517,2.727
17527,2.498,2.727
17528,2.532,2.727
17529,2.576,2.732
17530,2.581,2.727
17531,2.546,2.732
17532,2.483,2.732
17533,2.429,2.732
17534,2.375,2.732
17535,2.346,2.737
17536,2.331,2.732
17537,2.317,2.737
17538,2.307,2.732
17539,2.297,2.737
17540,2.297,2.732
17541,2.283,2.737
17542,2.283,2.732
17543,2.419,2.737
17544,2.766,2.737
17545,3.094,2.737
17546,3.216,2.737
17547,3.128,2.737
17548,2.937,2.737
17549,2.757,2.737
17550,2.620,2.742
17551,2.537,2.737
17552,2.512,2.742
17553,2.532,2.737
17554,2.561,2.742
17555,2.561,2.742
17556,2.522,2.737
17557,2.468,2.742
17558,2.410,2.742
17559,2.361,2.742
17560,2.331,2.742
17561,2.312,2.742
17562,2.302,2.742
17563,2.292,2.747
17564,2.292,2.742
17565,2.287,2.747
17566,2.283,2.742
17567,2.268,2.747
17568,2.297,2.747
17569,2.537,2.742
17570,2.903,2.747
17571,3.148,2.742
17572,3.167,2.747
17573,3.011,2.742
17574,2.815,2.747
17575,2.659,2.747
17576,2.551,2.747
17577,2.498,2.747
17578,2.498,2.752
17579,2.537,2.747
17580,2.556,2.747
17581,2.546,2.752
17582,2.507,2.747
17583,2.444,2.752
17584,2.395,2.747
17585,2.346,2.752
17586,2.326,2.747
17587,2.307,2.752
17588,2.292,2.747
17589,2.287,2.752
17590,2.287,2.752
17591,2.283,2.757
17592,2.273,2.752
17593,2.263,2.757
17594,2.380,2.752
17595,2.698,2.757
17596,3.011,2.752
17597,3.138,2.757
17598,3.069,2.757
17599,2.908,2.757
17600,2.742,2.757
17601,2.610,2.757
17602,2.517,2.757
17603,2.478,2.757
17604,2.488,2.757
17605,2.517,2.757
17606,2.517,2.757
17607,2.488,2.757
17608,2.429,2.757
17609,2.375,2.757
17610,2.336,2.757
17611,2.307,2.761
17612,2.287,2.757
17613,2.283,2.761
17614,2.268,2.757
17615,2.263,2.761
17616,2.258,2.757
17617,2.258,2.761
17618,2.248,2.757
17619,2.243,2.761
17620,2.366,2.761
17621,2.678,2.761
17622,3.006,2.761
17623,3.133,2.761
17624,3.055,2.761
17625,2.869,2.766
17626,2.703,2.761
17627,2.586,2.761
17628,2.502,2.766
17629,2.478,2.766
17630,2.488,2.766
17631,2.527,2.766
17632,2.537,2.766
17633,2.502,2.766
17634,2.449,2.771
17635,2.395,2.766
17636,2.351,2.771
17637,2.322,2.766
17638,2.302,2.771
17639,2.287,2.771
17640,2.292,2.771
17641,2.287,2.771
17642,2.278,2.771
17643,2.268,2.771
17644,2.312,2.771
17645,2.532,2.776
17646,2.849,2.771
17647,3.045,2.776
17648,3.040,2.771
17649,2.889,2.776
17650,2.703,2.771
17651,2.571,2.776
17652,2.473,2.776
17653,2.444,2.781
17654,2.468,2.776
17655,2.502,2.781
17656,2.522,2.776
17657,2.507,2.781
17658,2.458,2.781
17659,2.405,2.781
17660,2.351,2.781
17661,2.322,2.776
17662,2.297,2.781
17663,2.283,2.776
17664,2.273,2.781
17665,2.263,2.781
17666,2.253,2.781
17667,2.331,2.781
17668,2.590,2.781
17669,2.879,2.786
17670,3.016,2.786
17671,2.952,2.786
17672,2.801,2.791
17673,2.659,2.796
17674,2.546,2.805
17675,2.468,2.815
17676,2.454,2.825
17677,2.512,2.835
17678,2.586,2.845
17679,2.620,2.854
17680,2.625,2.864
17681,2.610,2.874
17682,2.581,2.879
17683,2.551,2.884
17684,2.527,2.889
17685,2.517,2.893
17686,2.507,2.898
17687,2.468,2.898
17688,2.458,2.903
17689,2.620,2.903
17690,2.913,2.908
17691,3.138,2.903
17692,3.177,2.908
17693,3.060,2.908
17694,2.869,2.908
17695,2.737,2.908
17696,2.625,2.903
17697,2.551,2.908
17698,2.537,2.903
17699,2.571,2.908
17700,2.605,2.903
17701,2.605,2.908
17702,2.571,2.903
17703,2.507,2.908
17704,2.434,2.908
17705,2.380,2.908
17706,2.356,2.908
17707,2.341,2.908
17708,2.331,2.908
17709,2.346,2.908
17710,2.517,2.908
17711,2.835,2.908
17712,3.089,2.913
17713,3.143,2.908
17714,3.025,2.913
17715,2.854,2.908
17716,2.708,2.913
17717,2.595,2.908
17718,2.522,2.913
17719,2.493,2.908
17720,2.512,2.913
17721,2.546,2.908
17722,2.561,2.913
17723,2.527,2.908
17724,2.468,2.913
17725,2.405,2.908
17726,2.361,2.913
17727,2.336,2.908
17728,2.322,2.913
17729,2.317,2.913
17730,2.297,2.913
17731,2.287,2.913
17732,2.380,2.913
17733,2.708,2.913
17734,3.035,2.913
17735,3.177,2.913
17736,3.094,2.913
17737,2.898,2.913
17738,2.722,2.913
17739,2.595,2.913
17740,2.498,2.913
17741,2.478,2.913
17742,2.498,2.913
17743,2.527,2.913
17744,2.542,2.913
17745,2.517,2.913
17746,2.463,2.913
17747,2.400,2.913
17748,2.346,2.913
17749,2.326,2.908
17750,2.331,2.913
17751,2.336,2.908
17752,2.322,2.913
17753,2.312,2.908
17754,2.410,2.913
17755,2.722,2.908
17756,3.035,2.913
17757,3.148,2.908
17758,3.050,2.908
17759,2.859,2.908
17760,2.693,2.908
17761,2.576,2.908
17762,2.488,2.908
17763,2.458,2.908
17764,2.478,2.903
17765,2.512,2.903
17766,2.517,2.903
17767,2.478,2.908
17768,2.405,2.908
17769,2.331,2.918
17770,2.287,2.918
17771,2.278,2.928
17772,2.297,2.928
17773,2.317,2.933
17774,2.322,2.928
17775,2.312,2.928
17776,2.380,2.918
17777,2.639,2.908
17778,2.933,2.898
17779,3.050,2.889
17780,2.981,2.879
17781,2.815,2.869
17782,2.669,2.864
17783,2.561,2.854
17784,2.458,2.845
17785,2.405,2.840
17786,2.405,2.830
17787,2.434,2.825
17788,2.449,2.820
17789,2.434,2.820
17790,2.400,2.815
17791,2.361,2.820
17792,2.317,2.820
17793,2.287,2.820
17794,2.268,2.825
17795,2.268,2.830
17796,2.268,2.835
17797,2.292,2.840
17798,2.483,2.845
17799,2.835,2.849
17800,3.099,2.854
17801,3.152,2.859
17802,3.030,2.864
17803,2.849,2.864
17804,2.698,2.869
17805,2.576,2.869
17806,2.478,2.869
17807,2.458,2.869
17808,2.483,2.869
17809,2.512,2.864
17810,2.512,2.864
17811,2.473,2.864
17812,2.410,2.859
17813,2.351,2.859
17814,2.307,2.854
17815,2.273,2.854
17816,2.248,2.854
17817,2.248,2.849
17818,2.370,2.849
17819,2.693,2.849
17820,3.040,2.849
17821,3.099,2.849
17822,2.962,2.849
17823,2.776,2.849
17824,2.620,2.849
17825,2.502,2.849
17826,2.424,2.849
17827,2.414,2.849
17828,2.434,2.849
17829,2.454,2.849
17830,2.444,2.849
17831,2.410,2.849
17832,2.356,2.849
17833,2.297,2.849
17834,2.258,2.849
17835,2.239,2.849
17836,2.219,2.849
17837,2.204,2.849
17838,2.278,2.854
17839,2.542,2.849
17840,2.889,2.854
17841,3.074,2.854
17842,3.045,2.854
17843,2.869,2.854
17844,2.683,2.854
17845,2.542,2.854
17846,2.434,2.854
17847,2.390,2.854
17848,2.395,2.854
17849,2.429,2.854
17850,2.449,2.854
17851,2.429,2.854
17852,2.385,2.854
17853,2.317,2.854
17854,2.263,2.854
17855,2.234,2.854
17856,2.219,2.854
17857,2.204,2.854
17858,2.195,2.854
17859,2.243,2.854
17860,2.498,2.854
17861,2.849,2.854
17862,3.055,2.854
17863,3.021,2.854
17864,2.845,2.854
17865,2.659,2.854
17866,2.522,2.854
17867,2.400,2.854
17868,2.341,2.854
17869,2.336,2.859
17870,2.366,2.859
17871,2.390,2.864
17872,2.395,2.869
17873,2.380,2.869
17874,2.351,2.874
17875,2.292,2.874
17876,2.253,2.874
17877,2.214,2.869
17878,2.185,2.864
17879,2.165,2.859
17880,2.160,2.854
17881,2.263,2.849
17882,2.566,2.840
17883,2.869,2.830
17884,2.977,2.820
17885,2.869,2.805
17886,2.659,2.791
17887,2.473,2.781
17888,2.351,2.766
17889,2.263,2.757
17890,2.234,2.752
17891,2.258,2.742
17892,2.302,2.737
17893,2.322,2.732
17894,2.312,2.727
17895,2.278,2.722
17896,2.224,2.717
17897,2.165,2.713
17898,2.121,2.708
17899,2.107,2.703
17900,2.107,2.703
17901,2.107,2.698
17902,2.111,2.693
17903,2.219,2.688
17904,2.517,2.678
17905,2.830,2.674
17906,2.967,2.664
17907,2.884,2.659
17908,2.708,2.649
17909,2.537,2.649
17910,2.395,2.644
17911,2.302,2.644
17912,2.278,2.639
17913,2.312,2.644
17914,2.356,2.639
17915,2.370,2.644
17916,2.346,2.639
17917,2.302,2.644
17918,2.253,2.644
17919,2.214,2.644
17920,2.199,2.644
17921,2.190,2.644
17922,2.170,2.649
17923,2.185,2.644
17924,2.351,2.649
17925,2.678,2.649
17926,2.947,2.649
17927,3.006,2.649
17928,2.869,2.649
17929,2.664,2.649
17930,2.512,2.649
17931,2.395,2.649
17932,2.331,2.649
17933,2.326,2.649
17934,2.356,2.649
17935,2.380,2.649
17936,2.375,2.649
17937,2.346,2.649
17938,2.297,2.644
17939,2.248,2.644
17940,2.209,2.639
17941,2.185,2.639
17942,2.175,2.634
17943,2.170,2.639
17944,2.160,2.634
17945,2.175,2.639
17946,2.400,2.639
17947,2.737,2.639
17948,2.972,2.639
17949,3.006,2.639
17950,2.874,2.639
17951,2.683,2.639
17952,2.527,2.639
17953,2.419,2.639
17954,2.370,2.639
17955,2.366,2.639
17956,2.405,2.639
17957,2.429,2.639
17958,2.429,2.639
17959,2.390,2.639
17960,2.336,2.639
17961,2.292,2.639
17962,2.268,2.639
17963,2.243,2.639
17964,2.229,2.639
17965,2.224,2.639
17966,2.219,2.639
17967,2.214,2.639
17968,2.331,2.639
17969,2.634,2.634
17970,2.933,2.639
17971,3.040,2.634
17972,2.942,2.634
17973,2.761,2.630
17974,2.595,2.630
17975,2.478,2.625
17976,2.410,2.625
17977,2.400,2.620
17978,2.429,2.620
17979,2.454,2.620
17980,2.458,2.615
17981,2.419,2.620
17982,2.370,2.610
17983,2.322,2.615
17984,2.297,2.610
17985,2.268,2.610
17986,2.253,2.610
17987,2.234,2.610
17988,2.258,2.610
17989,2.444,2.605
17990,2.752,2.605
17991,2.967,2.605
17992,2.986,2.605
17993,2.854,2.600
17994,2.683,2.600
17995,2.537,2.595
17996,2.429,2.595
17997,2.380,2.590
17998,2.390,2.590
17999,2.429,2.586
18000,2.458,2.586
18001,2.449,2.586
18002,2.414,2.586
18003,2.375,2.581
18004,2.322,2.581
18005,2.287,2.581
18006,2.268,2.581
18007,2.263,2.581
18008,2.253,2.576
18009,2.239,2.581
18010,2.287,2.576
18011,2.517,2.581
18012,2.845,2.576
18013,3.055,2.581
18014,3.065,2.576
18015,2.913,2.581
18016,2.722,2.576
18017,2.561,2.576
18018,2.449,2.576
18019,2.410,2.576
18020,2.424,2.576
18021,2.458,2.576
18022,2.473,2.576
18023,2.458,2.576
18024,2.429,2.576
18025,2.380,2.576
18026,2.331,2.576
18027,2.297,2.576
18028,2.273,2.576
18029,2.258,2.576
18030,2.248,2.576
18031,2.239,2.576
18032,2.229,2.576
18033,2.317,2.576
18034,2.590,2.576
18035,2.913,2.576
18036,3.084,2.576
18037,3.030,2.571
18038,2.859,2.566
18039,2.678,2.566
18040,2.546,2.561
18041,2.483,2.561
18042,2.522,2.556
18043,2.625,2.561
18044,2.717,2.556
18045,2.766,2.561
18046,2.737,2.561
18047,2.664,2.561
18048,2.590,2.561
18049,2.546,2.556
18050,2.517,2.556
18051,2.507,2.546
18052,2.493,2.532
18053,2.478,2.517
18054,2.444,2.502
18055,2.429,2.483
18056,2.595,2.468
18057,2.908,2.449
18058,3.148,2.439
18059,3.187,2.429
18060,3.050,2.419
18061,2.825,2.414
18062,2.620,2.405
18063,2.454,2.400
18064,2.326,2.395
18065,2.302,2.390
18066,2.317,2.385
18067,2.356,2.380
18068,2.370,2.380
18069,2.356,2.380
18070,2.317,2.380
18071,2.258,2.385
18072,2.224,2.390
18073,2.199,2.395
18074,2.185,2.405
18075,2.175,2.414
18076,2.170,2.424
18077,2.175,2.439
18078,2.234,2.458
18079,2.463,2.473
18080,2.776,2.493
18081,2.962,2.512
18082,2.952,2.527
18083,2.801,2.537
18084,2.600,2.542
18085,2.439,2.542
18086,2.351,2.546
18087,2.326,2.542
18088,2.356,2.542
18089,2.390,2.537
18090,2.410,2.532
18091,2.395,2.532
18092,2.351,2.527
18093,2.292,2.527
18094,2.243,2.522
18095,2.204,2.522
18096,2.185,2.517
18097,2.170,2.522
18098,2.175,2.517
18099,2.253,2.522
18100,2.493,2.522
18101,2.776,2.522
18102,2.923,2.522
18103,2.889,2.522
18104,2.747,2.517
18105,2.595,2.517
18106,2.478,2.517
18107,2.444,2.512
18108,2.468,2.512
18109,2.527,2.512
18110,2.551,2.512
18111,2.542,2.507
18112,2.502,2.507
18113,2.454,2.498
18114,2.429,2.493
18115,2.414,2.488
18116,2.380,2.483
18117,2.312,2.473
18118,2.312,2.473
18119,2.561,2.468
18120,2.913,2.463
18121,3.123,2.458
18122,3.109,2.458
18123,2.933,2.454
18124,2.717,2.454
18125,2.527,2.454
18126,2.400,2.449
18127,2.370,2.449
18128,2.410,2.449
18129,2.478,2.449
18130,2.517,2.444
18131,2.493,2.449
18132,2.434,2.444
18133,2.380,2.449
18134,2.336,2.444
18135,2.302,2.444
18136,2.278,2.444
18137,2.278,2.444
18138,2.414,2.444
18139,2.713,2.444
18140,2.952,2.444
18141,3.006,2.439
18142,2.903,2.444
18143,2.727,2.439
18144,2.551,2.439
18145,2.410,2.439
18146,2.361,2.439
18147,2.390,2.439
18148,2.458,2.439
18149,2.493,2.439
18150,2.483,2.439
18151,2.434,2.439
18152,2.370,2.439
18153,2.317,2.439
18154,2.283,2.439
18155,2.273,2.439
18156,2.263,2.439
18157,2.322,2.439
18158,2.551,2.434
18159,2.835,2.434
18160,2.962,2.434
18161,2.913,2.434
18162,2.747,2.434
18163,2.561,2.434
18164,2.405,2.434
18165,2.336,2.434
18166,2.346,2.429
18167,2.414,2.434
18168,2.478,2.429
18169,2.493,2.434
18170,2.454,2.429
18171,2.405,2.434
18172,2.356,2.434
18173,2.331,2.429
18174,2.297,2.434
18175,2.239,2.429
18176,2.214,2.434
18177,2.351,2.429
18178,2.649,2.429
18179,2.884,2.429
18180,2.928,2.434
18181,2.810,2.434
18182,2.625,2.434
18183,2.454,2.439
18184,2.336,2.439
18185,2.292,2.444
18186,2.336,2.444
18187,2.390,2.454
18188,2.410,2.454
18189,2.395,2.458
18190,2.366,2.458
18191,2.326,2.468
18192,2.297,2.463
18193,2.268,2.468
18194,2.243,2.463
18195,2.224,2.468
18196,2.224,2.463
18197,2.405,2.458
18198,2.664,2.458
18199,2.830,2.454
18200,2.786,2.454
18201,2.620,2.449
18202,2.405,2.449
18203,2.243,2.444
18204,2.175,2.444
18205,2.185,2.439
18206,2.253,2.439
18207,2.317,2.439
18208,2.361,2.434
18209,2.351,2.434
18210,2.322,2.434
18211,2.278,2.434
18212,2.243,2.429
18213,2.219,2.434
18214,2.204,2.429
18215,2.195,2.429
18216,2.214,2.424
18217,2.356,2.429
18218,2.610,2.424
18219,2.771,2.424
18220,2.771,2.424
18221,2.625,2.424
18222,2.429,2.419
18223,2.263,2.424
18224,2.195,2.419
18225,2.219,2.419
18226,2.278,2.414
18227,2.346,2.419
18228,2.375,2.414
18229,2.361,2.414
18230,2.331,2.414
18231,2.292,2.414
18232,2.263,2.410
18233,2.248,2.410
18234,2.234,2.410
18235,2.268,2.405
18236,2.434,2.405
18237,2.698,2.405
18238,2.845,2.405
18239,2.810,2.400
18240,2.649,2.400
18241,2.454,2.395
18242,2.297,2.395
18243,2.234,2.390
18244,2.268,2.395
18245,2.341,2.390
18246,2.395,2.390
18247,2.410,2.385
18248,2.395,2.390
18249,2.361,2.385
18250,2.326,2.385
18251,2.297,2.380
18252,2.273,2.380
18253,2.278,2.380
18254,2.424,2.375
18255,2.722,2.380
18256,2.957,2.375
18257,2.986,2.375
18258,2.849,2.370
18259,2.639,2.375
18260,2.458,2.370
18261,2.341,2.370
18262,2.317,2.370
18263,2.375,2.370
18264,2.449,2.366
18265,2.478,2.366
18266,2.468,2.366
18267,2.434,2.361
18268,2.400,2.366
18269,2.356,2.361
18270,2.326,2.361
18271,2.302,2.356
18272,2.302,2.361
18273,2.454,2.356
18274,2.781,2.361
18275,3.045,2.356
18276,3.104,2.361
18277,2.967,2.356
18278,2.742,2.356
18279,2.532,2.356
18280,2.414,2.356
18281,2.390,2.356
18282,2.454,2.351
18283,2.522,2.356
18284,2.546,2.351
18285,2.537,2.356
18286,2.483,2.351
18287,2.439,2.356
18288,2.395,2.351
18289,2.366,2.356
18290,2.351,2.351
18291,2.336,2.356
18292,2.400,2.351
18293,2.674,2.351
18294,3.016,2.351
18295,3.187,2.351
18296,3.133,2.351
18297,2.947,2.351
18298,2.732,2.351
18299,2.561,2.351
18300,2.483,2.351
18301,2.498,2.346
18302,2.566,2.351
18303,2.620,2.346
18304,2.625,2.351
18305,2.586,2.346
18306,2.522,2.351
18307,2.468,2.351
18308,2.419,2.351
18309,2.395,2.351
18310,2.380,2.351
18311,2.488,2.351
18312,2.801,2.346
18313,3.113,2.351
18314,3.231,2.346
18315,3.123,2.351
18316,2.908,2.346
18317,2.688,2.351
18318,2.532,2.346
18319,2.473,2.351
18320,2.512,2.346
18321,2.581,2.351
18322,2.630,2.346
18323,2.620,2.346
18324,2.561,2.351
18325,2.493,2.351
18326,2.429,2.351
18327,2.370,2.351
18328,2.322,2.356
18329,2.253,2.351
18330,2.248,2.356
18331,2.590,2.356
18332,3.109,2.361
18333,3.421,2.361
18334,3.387,2.366
18335,3.172,2.366
18336,2.913,2.366
18337,2.683,2.366
18338,2.566,2.366
18339,2.576,2.366
18340,2.669,2.361
18341,2.761,2.366
18342,2.781,2.361
18343,2.717,2.361
18344,2.639,2.351
18345,2.566,2.351
18346,2.522,2.346
18347,2.483,2.346
18348,2.380,2.346
18349,2.248,2.346
18350,2.336,2.341
18351,2.737,2.346
18352,3.148,2.346
18353,3.284,2.346
18354,3.143,2.346
18355,2.884,2.351
18356,2.664,2.351
18357,2.507,2.351
18358,2.439,2.356
18359,2.458,2.356
18360,2.522,2.356
18361,2.546,2.356
18362,2.512,2.361
18363,2.478,2.361
18364,2.483,2.366
18365,2.546,2.370
18366,2.620,2.370
18367,2.654,2.375
18368,2.634,2.375
18369,2.595,2.375
18370,2.620,2.375
18371,2.864,2.380
18372,3.255,2.380
18373,3.519,2.385
18374,3.519,2.385
18375,3.319,2.390
18376,3.065,2.390
18377,2.845,2.395
18378,2.678,2.395
18379,2.600,2.400
18380,2.595,2.400
18381,2.625,2.405
18382,2.625,2.405
18383,2.581,2.410
18384,2.522,2.410
18385,2.458,2.419
18386,2.400,2.424
18387,2.351,2.434
18388,2.326,2.439
18389,2.312,2.444
18390,2.307,2.449
18391,2.292,2.449
18392,2.380,2.449
18393,2.698,2.449
18394,3.050,2.454
18395,3.206,2.449
18396,3.123,2.454
18397,2.918,2.454
18398,2.703,2.454
18399,2.546,2.454
18400,2.458,2.454
18401,2.454,2.454
18402,2.502,2.458
18403,2.546,2.458
18404,2.532,2.458
18405,2.493,2.458
18406,2.429,2.458
18407,2.366,2.458
18408,2.322,2.458
18409,2.312,2.458
18410,2.307,2.458
18411,2.302,2.458
18412,2.287,2.458
18413,2.322,2.458
18414,2.600,2.458
18415,2.928,2.458
18416,3.089,2.458
18417,3.021,2.454
18418,2.820,2.458
18419,2.605,2.454
18420,2.439,2.458
18421,2.356,2.454
18422,2.370,2.454
18423,2.429,2.454
18424,2.473,2.454
18425,2.468,2.449
18426,2.429,2.454
18427,2.370,2.449
18428,2.322,2.449
18429,2.287,2.449
18430,2.263,2.449
18431,2.248,2.444
18432,2.234,2.444
18433,2.239,2.444
18434,2.390,2.444
18435,2.727,2.444
18436,3.011,2.439
18437,3.065,2.439
18438,2.918,2.434
18439,2.717,2.439
18440,2.542,2.434
18441,2.444,2.434
18442,2.493,2.434
18443,2.620,2.434
18444,2.727,2.434
18445,2.761,2.434
18446,2.708,2.434
18447,2.600,2.434
18448,2.478,2.434
18449,2.370,2.429
18450,2.307,2.424
18451,2.273,2.414
18452,2.263,2.410
18453,2.278,2.405
18454,2.292,2.400
18455,2.370,2.400
18456,2.649,2.395
18457,3.006,2.395
18458,3.177,2.395
18459,3.099,2.400
18460,2.869,2.395
18461,2.639,2.395
18462,2.463,2.395
18463,2.361,2.400
18464,2.322,2.400
18465,2.336,2.400
18466,2.385,2.400
18467,2.414,2.410
18468,2.390,2.414
18469,2.346,2.419
18470,2.302,2.424
18471,2.258,2.424
18472,2.219,2.429
18473,2.180,2.429
18474,2.165,2.434
18475,2.151,2.434
18476,2.151,2.439
18477,2.146,2.434
18478,2.170,2.439
18479,2.390,2.434
18480,2.776,2.439
18481,3.055,2.434
18482,3.084,2.434
18483,2.903,2.434
18484,2.664,2.434
18485,2.468,2.434
18486,2.346,2.434
18487,2.312,2.434
18488,2.341,2.434
18489,2.395,2.434
18490,2.439,2.434
18491,2.424,2.434
18492,2.370,2.434
18493,2.317,2.439
18494,2.263,2.434
18495,2.234,2.439
18496,2.219,2.434
18497,2.214,2.434
18498,2.204,2.434
18499,2.209,2.434
18500,2.302,2.434
18501,2.595,2.434
18502,2.928,2.434
18503,3.069,2.434
18504,2.986,2.434
18505,2.771,2.434
18506,2.561,2.434
18507,2.405,2.434
18508,2.331,2.439
18509,2.336,2.434
18510,2.390,2.439
18511,2.434,2.434
18512,2.434,2.439
18513,2.390,2.434
18514,2.326,2.439
18515,2.278,2.434
18516,2.239,2.439
18517,2.219,2.434
18518,2.209,2.439
18519,2.199,2.434
18520,2.190,2.439
18521,2.199,2.439
18522,2.439,2.434
18523,2.801,2.439
18524,3.040,2.434
18525,3.035,2.439
18526,2.849,2.434
18527,2.620,2.439
18528,2.439,2.434
18529,2.317,2.439
18530,2.283,2.434
18531,2.326,2.434
18532,2.380,2.434
18533,2.419,2.434
18534,2.405,2.434
18535,2.346,2.434
18536,2.283,2.434
18537,2.239,2.434
18538,2.209,2.439
18539,2.199,2.434
18540,2.195,2.439
18541,2.185,2.434
18542,2.180,2.439
18543,2.234,2.439
18544,2.502,2.439
18545,2.864,2.439
18546,3.040,2.444
18547,2.986,2.439
18548,2.796,2.444
18549,2.556,2.444
18550,2.400,2.444
18551,2.326,2.444
18552,2.341,2.444
18553,2.405,2.444
18554,2.454,2.444
18555,2.468,2.449
18556,2.429,2.444
18557,2.375,2.449
18558,2.317,2.444
18559,2.268,2.449
18560,2.248,2.444
18561,2.239,2.449
18562,2.234,2.449
18563,2.219,2.449
18564,2.297,2.449
18565,2.586,2.449
18566,2.923,2.449
18567,3.079,2.449
18568,3.011,2.449
18569,2.815,2.449
18570,2.610,2.449
18571,2.449,2.449
18572,2.356,2.449
18573,2.370,2.449
18574,2.424,2.454
18575,2.478,2.449
18576,2.488,2.439
18577,2.439,2.429
18578,2.370,2.395
18579,2.307,2.351
18580,2.263,2.297
18581,2.239,2.239
18582,2.214,2.185
18583,2.195,2.146
18584,2.170,2.111
18585,2.175,2.082
18586,2.356,2.063
18587,2.747,2.043
18588,3.113,2.033
18589,3.284,2.023
18590,3.270,2.019
18591,3.133,2.014
18592,2.933,2.014
18593,2.722,2.009
18594,2.586,2.014
18595,2.556,2.009
18596,2.610,2.009
18597,2.664,2.009
18598,2.674,2.014
18599,2.644,2.014
18600,2.581,2.014
18601,2.517,2.014
18602,2.483,2.019
18603,2.463,2.014
18604,2.454,2.014
18605,2.439,2.009
18606,2.429,2.009
18607,2.581,2.004
18608,2.918,1.999
18609,3.187,1.999
18610,3.240,1.994
18611,3.113,1.994
18612,2.918,1.994
18613,2.757,1.994
18614,2.649,1.989
18615,2.610,1.994
18616,2.634,1.994
18617,2.688,1.994
18618,2.703,1.994
18619,2.644,1.994
18620,2.532,1.994
18621,2.405,1.994
18622,2.317,1.994
18623,2.283,1.994
18624,2.273,1.994
18625,2.268,1.999
18626,2.253,1.999
18627,2.234,1.999
18628,2.287,1.999
18629,2.561,1.999
18630,2.967,1.999
18631,3.123,1.999
18632,3.040,2.004
18633,2.815,1.999
18634,2.595,2.004
18635,2.439,2.004
18636,2.385,2.004
18637,2.478,2.004
18638,2.659,2.004
18639,2.791,2.004
18640,2.815,2.004
18641,2.732,2.009
18642,2.590,2.009
18643,2.458,2.009
18644,2.356,2.009
18645,2.307,2.009
18646,2.307,2.009
18647,2.317,2.014
18648,2.312,2.009
18649,2.317,2.014
18650,2.517,2.009
18651,2.889,2.014
18652,3.172,2.014
18653,3.226,2.014
18654,3.055,2.014
18655,2.805,2.014
18656,2.600,2.014
18657,2.454,2.014
18658,2.414,2.014
18659,2.449,2.014
18660,2.488,2.014
18661,2.512,2.009
18662,2.498,2.009
18663,2.444,2.009
18664,2.390,2.009
18665,2.336,2.009
18666,2.292,2.004
18667,2.263,2.004
18668,2.243,1.999
18669,2.224,1.999
18670,2.234,1.999
18671,2.419,1.994
18672,2.796,1.989
18673,3.089,1.989
18674,3.109,1.984
18675,2.884,1.984
18676,2.595,1.979
18677,2.370,1.979
18678,2.248,1.975
18679,2.224,1.970
18680,2.287,1.965
18681,2.375,1.965
18682,2.424,1.960
18683,2.429,1.960
18684,2.380,1.955
18685,2.331,1.950
18686,2.278,1.945
18687,2.239,1.940
18688,2.209,1.940
18689,2.190,1.935
18690,2.175,1.931
18691,2.199,1.926
18692,2.385,1.926
18693,2.713,1.921
18694,2.947,1.916
18695,2.977,1.911
18696,2.815,1.911
18697,2.600,1.906
18698,2.414,1.906
18699,2.287,1.901
18700,2.258,1.896
18701,2.317,1.896
18702,2.375,1.891
18703,2.400,1.891
18704,2.385,1.887
18705,2.351,1.882
18706,2.317,1.877
18707,2.278,1.877
18708,2.243,1.872
18709,2.214,1.872
18710,2.185,1.872
18711,2.165,1.867
18712,2.214,1.867
18713,2.468,1.862
18714,2.791,1.862
18715,2.962,1.862
18716,2.913,1.862
18717,2.717,1.857
18718,2.502,1.857
18719,2.336,1.852
18720,2.243,1.852
18721,2.243,1.852
18722,2.302,1.852
18723,2.361,1.848
18724,2.380,1.848
18725,2.366,1.848
18726,2.317,1.848
18727,2.278,1.843
18728,2.248,1.843
18729,2.229,1.843
18730,2.214,1.843
18731,2.204,1.838
18732,2.219,1.838
18733,2.356,1.838
18734,2.669,1.838
18735,2.952,1.838
18736,3.040,1.838
18737,2.923,1.838
18738,2.732,1.833
18739,2.537,1.833
18740,2.395,1.833
18741,2.341,1.833
18742,2.375,1.833
18743,2.444,1.833
18744,2.488,1.833
18745,2.473,1.833
18746,2.429,1.833
18747,2.370,1.833
18748,2.317,1.833
18749,2.278,1.833
18750,2.258,1.833
18751,2.243,1.833
18752,2.248,1.833
18753,2.351,1.833
18754,2.659,1.833
18755,2.986,1.833
18756,3.123,1.833
18757,3.030,1.833
18758,2.820,1.838
18759,2.610,1.838
18760,2.454,1.838
18761,2.370,1.838
18762,2.380,1.838
18763,2.434,1.838
18764,2.478,1.843
18765,2.478,1.843
18766,2.444,1.843
18767,2.385,1.848
18768,2.336,1.848
18769,2.302,1.852
18770,2.278,1.852
18771,2.258,1.852
18772,2.239,1.852
18773,2.234,1.857
18774,2.361,1.857
18775,2.688,1.857
18776,3.001,1.857
18777,3.099,1.862
18778,2.986,1.862
18779,2.776,1.862
18780,2.595,1.862
18781,2.454,1.867
18782,2.385,1.867
18783,2.400,1.867
18784,2.454,1.872
18785,2.498,1.872
18786,2.493,1.872
18787,2.458,1.872
18788,2.410,1.872
18789,2.366,1.877
18790,2.326,1.877
18791,2.312,1.877
18792,2.307,1.882
18793,2.302,1.882
18794,2.307,1.882
18795,2.454,1.882
18796,2.791,1.887
18797,3.094,1.887
18798,3.201,1.887
18799,3.113,1.887
18800,2.923,1.887
18801,2.737,1.891
18802,2.605,1.891
18803,2.537,1.891
18804,2.542,1.891
18805,2.581,1.896
18806,2.605,1.896
18807,2.586,1.896
18808,2.537,1.896
18809,2.478,1.901
18810,2.429,1.901
18811,2.395,1.901
18812,2.370,1.901
18813,2.366,1.906
18814,2.351,1.901
18815,2.346,1.906
18816,2.527,1.906
18817,2.869,1.906
18818,3.152,1.911
18819,3.148,1.911
18820,2.977,1.911
18821,2.766,1.911
18822,2.595,1.911
18823,2.483,1.911
18824,2.454,1.916
18825,2.488,1.916
18826,2.522,1.916
18827,2.527,1.916
18828,2.493,1.916
18829,2.449,1.916
18830,2.395,1.916
18831,2.346,1.921
18832,2.317,1.921
18833,2.297,1.921
18834,2.287,1.921
18835,2.273,1.921
18836,2.322,1.926
18837,2.561,1.926
18838,2.908,1.926
18839,3.118,1.926
18840,3.099,1.931
18841,2.928,1.931
18842,2.742,1.931
18843,2.581,1.931
18844,2.473,1.935
18845,2.444,1.935
18846,2.473,1.935
18847,2.507,1.935
18848,2.522,1.935
18849,2.498,1.940
18850,2.454,1.940
18851,2.395,1.940
18852,2.336,1.940
18853,2.302,1.940
18854,2.283,1.945
18855,2.273,1.945
18856,2.263,1.945
18857,2.258,1.945
18858,2.258,1.950
18859,2.361,1.945
18860,2.659,1.950
18861,2.981,1.950
18862,3.123,1.950
18863,3.040,1.950
18864,2.835,1.955
18865,2.630,1.950
18866,2.478,1.955
18867,2.405,1.955
18868,2.405,1.955
18869,2.458,1.955
18870,2.498,1.955
18871,2.493,1.955
18872,2.444,1.955
18873,2.390,1.960
18874,2.346,1.955
18875,2.307,1.960
18876,2.287,1.955
18877,2.287,1.960
18878,2.287,1.960
18879,2.278,1.960
18880,2.263,1.960
18881,2.263,1.960
18882,2.405,1.960
18883,2.722,1.960
18884,3.011,1.960
18885,3.084,1.960
18886,2.977,1.960
18887,2.776,1.960
18888,2.590,1.960
18889,2.458,1.960
18890,2.410,1.960
18891,2.434,1.955
18892,2.488,1.955
18893,2.517,1.955
18894,2.502,1.955
18895,2.458,1.955
18896,2.405,1.955
18897,2.356,1.950
18898,2.331,1.955
18899,2.331,1.950
18900,2.322,1.950
18901,2.307,1.950
18902,2.287,1.950
18903,2.273,1.950
18904,2.400,1.945
18905,2.717,1.950
18906,3.021,1.945
18907,3.123,1.945
18908,3.021,1.945
18909,2.820,1.945
18910,2.634,1.940
18911,2.502,1.945
18912,2.434,1.940
18913,2.439,1.940
18914,2.483,1.940
18915,2.522,1.940
18916,2.517,1.940
18917,2.478,1.940
18918,2.429,1.940
18919,2.390,1.935
18920,2.366,1.935
18921,2.346,1.935
18922,2.336,1.935
18923,2.317,1.931
18924,2.292,1.931
18925,2.278,1.926
18926,2.405,1.926
18927,2.708,1.926
18928,2.972,1.926
18929,3.045,1.926
18930,2.928,1.921
18931,2.732,1.921
18932,2.556,1.921
18933,2.424,1.921
18934,2.370,1.916
18935,2.395,1.916
18936,2.454,1.911
18937,2.493,1.911
18938,2.498,1.911
18939,2.463,1.911
18940,2.410,1.906
18941,2.341,1.906
18942,2.287,1.857
18943,2.263,1.813
18944,2.253,1.779
18945,2.253,1.760
18946,2.248,1.745
18947,2.263,1.735
18948,2.390,1.725
18949,2.688,1.720
18950,2.937,1.720
18951,3.016,1.716
18952,2.874,1.711
18953,2.664,1.711
18954,2.488,1.706
18955,2.375,1.701
18956,2.341,1.701
18957,2.375,1.696
18958,2.434,1.696
18959,2.458,1.691
18960,2.449,1.686
18961,2.410,1.681
18962,2.361,1.681
18963,2.317,1.681
18964,2.283,1.676
18965,2.263,1.676
18966,2.253,1.676
18967,2.239,1.676
18968,2.234,1.672
18969,2.283,1.706
18970,2.498,1.730
18971,2.791,1.750
18972,2.957,1.764
18973,2.923,1.774
18974,2.766,1.779
18975,2.581,1.784
18976,2.419,1.789
18977,2.322,1.789
18978,2.302,1.789
18979,2.341,1.789
18980,2.390,1.789
18981,2.395,1.789
18982,2.375,1.789
18983,2.331,1.730
18984,2.278,1.706
18985,2.229,1.686
18986,2.195,1.672
18987,2.165,1.662
18988,2.151,1.657
18989,2.155,1.652
18990,2.239,1.652
18991,2.473,1.686
18992,2.766,1.696
18993,2.918,1.672
18994,2.889,1.662
18995,2.732,1.652
18996,2.571,1.647
18997,2.473,1.647
18998,2.468,1.642
18999,2.532,1.642
19000,2.586,1.637
19001,2.595,1.637
19002,2.556,1.637
19003,2.483,1.637
19004,2.410,1.637
19005,2.351,1.637
19006,2.297,1.637
19007,2.268,1.637
19008,2.258,1.637
19009,2.263,1.637
19010,2.375,1.667
19011,2.659,1.691
19012,2.933,1.711
19013,3.040,1.725
19014,2.962,1.740
19015,2.796,1.745
19016,2.620,1.755
19017,2.488,1.760
19018,2.424,1.764
19019,2.434,1.769
19020,2.478,1.769
19021,2.517,1.774
19022,2.517,1.774
19023,2.483,1.779
19024,2.439,1.779
19025,2.390,1.779
19026,2.361,1.779
19027,2.326,1.779
19028,2.292,1.779
19029,2.292,1.779
19030,2.410,1.779
19031,2.688,1.779
19032,2.898,1.779
19033,2.933,1.779
19034,2.761,1.779
19035,2.561,1.779
19036,2.385,1.779
19037,2.283,1.774
19038,2.258,1.774
19039,2.292,1.774
19040,2.341,1.769
19041,2.380,1.769
19042,2.380,1.769
19043,2.346,1.764
19044,2.302,1.764
19045,2.258,1.760
19046,2.219,1.760
19047,2.190,1.755
19048,2.180,1.750
19049,2.258,1.750
19050,2.527,1.745
19051,2.830,1.745
19052,2.981,1.740
19053,2.918,1.735
19054,2.737,1.735
19055,2.551,1.730
19056,2.410,1.730
19057,2.331,1.725
19058,2.326,1.725
19059,2.366,1.720
19060,2.414,1.716
19061,2.449,1.716
19062,2.454,1.711
19063,2.429,1.711
19064,2.390,1.706
19065,2.361,1.701
19066,2.326,1.701
19067,2.302,1.701
19068,2.346,1.696
19069,2.581,1.691
19070,2.923,1.691
19071,3.143,1.691
19072,3.118,1.686
19073,2.928,1.686
19074,2.708,1.681
19075,2.537,1.681
19076,2.424,1.676
19077,2.375,1.676
19078,2.410,1.672
19079,2.458,1.672
19080,2.473,1.672
19081,2.458,1.672
19082,2.419,1.667
19083,2.385,1.667
19084,2.361,1.662
19085,2.336,1.662
19086,2.312,1.662
19087,2.341,1.662
19088,2.610,1.657
19089,2.962,1.657
19090,3.182,1.657
19091,3.167,1.652
19092,2.981,1.652
19093,2.761,1.652
19094,2.590,1.652
19095,2.473,1.647
19096,2.424,1.647
19097,2.429,1.647
19098,2.454,1.647
19099,2.473,1.642
19100,2.473,1.642
19101,2.434,1.642
19102,2.390,1.642
19103,2.341,1.637
19104,2.297,1.637
19105,2.268,1.637
19106,2.268,1.637
19107,2.410,1.637
19108,2.742,1.637
19109,3.060,1.637
19110,3.172,1.637
19111,3.060,1.642
19112,2.854,1.642
19113,2.678,1.642
19114,2.546,1.642
19115,2.468,1.642
19116,2.463,1.642
19117,2.498,1.642
19118,2.527,1.637
19119,2.512,1.637
19120,2.463,1.637
19121,2.400,1.637
19122,2.351,1.637
19123,2.317,1.637
19124,2.283,1.637
19125,2.278,1.632
19126,2.410,1.632
19127,2.742,1.632
19128,3.079,1.632
19129,3.196,1.632
19130,3.079,1.632
19131,2.864,1.632
19132,2.674,1.632
19133,2.532,1.628
19134,2.449,1.632
19135,2.429,1.628
19136,2.463,1.632
19137,2.493,1.628
19138,2.493,1.632
19139,2.463,1.628
19140,2.414,1.632
19141,2.370,1.628
19142,2.317,1.628
19143,2.283,1.628
19144,2.268,1.628
19145,2.375,1.628
19146,2.713,1.628
19147,3.084,1.632
19148,3.245,1.632
19149,3.148,1.632
19150,2.928,1.632
19151,2.717,1.632
19152,2.566,1.632
19153,2.473,1.632
19154,2.439,1.632
19155,2.454,1.632
19156,2.488,1.632
19157,2.512,1.632
19158,2.483,1.637
19159,2.434,1.632
19160,2.375,1.637
19161,2.322,1.637
19162,2.292,1.637
19163,2.273,1.637
19164,2.258,1.637
19165,2.356,1.637
19166,2.674,1.637
19167,3.045,1.637
19168,3.216,1.642
19169,3.123,1.642
19170,2.898,1.642
19171,2.688,1.642
19172,2.542,1.647
19173,2.444,1.647
19174,2.414,1.647
19175,2.424,1.652
19176,2.449,1.652
19177,2.444,1.652
19178,2.419,1.652
19179,2.370,1.657
19180,2.307,1.657
19181,2.273,1.662
19182,2.243,1.662
19183,2.229,1.662
19184,2.219,1.667
19185,2.243,1.667
19186,2.434,1.672
19187,2.815,1.672
19188,3.109,1.672
19189,3.152,1.676
19190,2.996,1.676
19191,2.771,1.681
19192,2.581,1.681
19193,2.449,1.686
19194,2.395,1.686
19195,2.410,1.691
19196,2.454,1.691
19197,2.478,1.691
19198,2.458,1.696
19199,2.410,1.701
19200,2.346,1.701
19201,2.292,1.701
19202,2.253,1.706
19203,2.229,1.706
19204,2.219,1.711
19205,2.214,1.711
19206,2.322,1.716
19207,2.634,1.716
19208,2.996,1.720
19209,3.187,1.720
19210,3.118,1.720
19211,2.898,1.725
19212,2.669,1.725
19213,2.493,1.730
19214,2.400,1.730
19215,2.366,1.730
19216,2.385,1.735
19217,2.414,1.735
19218,2.410,1.740
19219,2.380,1.740
19220,2.317,1.740
19221,2.243,1.740
19222,2.190,1.745
19223,2.155,1.745
19224,2.141,1.750
19225,2.126,1.750
19226,2.121,1.750
19227,2.111,1.755
19228,2.131,1.755
19229,2.312,1.760
19230,2.664,1.760
19231,2.957,1.760
19232,3.021,1.764
19233,2.874,1.764
19234,2.644,1.764
19235,2.454,1.769
19236,2.331,1.769
19237,2.292,1.774
19238,2.307,1.774
19239,2.356,1.774
19240,2.405,1.774
19241,2.405,1.779
19242,2.380,1.779
19243,2.356,1.784
19244,2.322,1.784
19245,2.302,1.784
19246,2.292,1.784
19247,2.283,1.789
19248,2.283,1.789
19249,2.273,1.789
19250,2.273,1.789
19251,2.414,1.794
19252,2.717,1.794
19253,2.962,1.794
19254,3.011,1.794
19255,2.864,1.799
19256,2.639,1.799
19257,2.458,1.799
19258,2.336,1.804
19259,2.287,1.804
19260,2.312,1.804
19261,2.361,1.804
19262,2.405,1.808
19263,2.410,1.808
19264,2.366,1.808
19265,2.322,1.808
19266,2.268,1.813
19267,2.234,1.813
19268,2.214,1.813
19269,2.204,1.813
19270,2.195,1.818
19271,2.190,1.818
19272,2.175,1.818
19273,2.204,1.818
19274,2.410,1.823
19275,2.732,1.823
19276,2.991,1.823
19277,2.986,1.823
19278,2.815,1.823
19279,2.600,1.828
19280,2.439,1.828
19281,2.346,1.828
19282,2.322,1.833
19283,2.341,1.833
19284,2.385,1.833
19285,2.414,1.833
19286,2.405,1.838
19287,2.370,1.838
19288,2.317,1.838
19289,2.268,1.838
19290,2.234,1.838
19291,2.204,1.838
19292,2.199,1.843
19293,2.199,1.843
19294,2.199,1.843
19295,2.312,1.843
19296,2.595,1.848
19297,2.879,1.848
19298,2.986,1.848
19299,2.893,1.848
19300,2.708,1.848
19301,2.522,1.852
19302,2.385,1.852
19303,2.331,1.852
19304,2.351,1.852
19305,2.400,1.857
19306,2.434,1.852
19307,2.429,1.857
19308,2.400,1.857
19309,2.351,1.857
19310,2.302,1.857
19311,2.268,1.862
19312,2.253,1.862
19313,2.248,1.862
19314,2.248,1.862
19315,2.302,1.862
19316,2.537,1.862
19317,2.825,1.862
19318,3.011,1.867
19319,2.991,1.867
19320,2.835,1.867
19321,2.639,1.867
19322,2.488,1.867
19323,2.395,1.867
19324,2.370,1.867
19325,2.410,1.867
19326,2.458,1.867
19327,2.483,1.867
19328,2.463,1.867
19329,2.414,1.867
19330,2.361,1.867
19331,2.326,1.867
19332,2.302,1.867
19333,2.283,1.867
19334,2.273,1.862
19335,2.278,1.862
19336,2.429,1.862
19337,2.727,1.862
19338,2.986,1.862
19339,3.065,1.862
19340,2.952,1.862
19341,2.766,1.857
19342,2.595,1.857
19343,2.473,1.857
19344,2.419,1.857
19345,2.439,1.857
19346,2.488,1.857
19347,2.522,1.852
19348,2.522,1.852
19349,2.478,1.852
19350,2.434,1.852
19351,2.380,1.848
19352,2.346,1.852
19353,2.322,1.848
19354,2.312,1.848
19355,2.307,1.848
19356,2.302,1.848
19357,2.361,1.848
19358,2.600,1.843
19359,2.903,1.848
19360,3.060,1.843
19361,3.016,1.843
19362,2.845,1.843
19363,2.649,1.843
19364,2.507,1.843
19365,2.434,1.843
19366,2.444,1.838
19367,2.493,1.843
19368,2.537,1.838
19369,2.542,1.838
19370,2.507,1.838
19371,2.458,1.838
19372,2.414,1.838
19373,2.380,1.838
19374,2.361,1.838
19375,2.346,1.838
19376,2.331,1.838
19377,2.331,1.838
19378,2.419,1.838
19379,2.669,1.833
19380,2.923,1.838
19381,3.021,1.838
19382,2.937,1.838
19383,2.752,1.838
19384,2.542,1.838
19385,2.414,1.838
19386,2.380,1.838
19387,2.414,1.838
19388,2.473,1.838
19389,2.502,1.838
19390,2.498,1.838
19391,2.468,1.838
19392,2.424,1.838
19393,2.370,1.838
19394,2.341,1.838
19395,2.322,1.838
19396,2.312,1.838
19397,2.302,1.843
19398,2.307,1.838
19399,2.439,1.843
19400,2.742,1.843
19401,2.996,1.843
19402,3.060,1.843
19403,2.942,1.843
19404,2.757,1.843
19405,2.581,1.843
19406,2.449,1.848
19407,2.400,1.848
19408,2.419,1.848
19409,2.473,1.848
19410,2.502,1.848
19411,2.493,1.848
19412,2.458,1.852
19413,2.405,1.848
19414,2.366,1.852
19415,2.326,1.852
19416,2.312,1.852
19417,2.307,1.852
19418,2.297,1.852
19419,2.292,1.852
19420,2.331,1.852
19421,2.556,1.857
19422,2.879,1.857
19423,3.069,1.857
19424,3.065,1.857
19425,2.923,1.857
19426,2.771,1.857
19427,2.669,1.862
19428,2.586,1.857
19429,2.566,1.862
19430,2.605,1.862
19431,2.644,1.862
19432,2.649,1.862
19433,2.600,1.862
19434,2.546,1.862
19435,2.478,1.862
19436,2.429,1.862
19437,2.400,1.862
19438,2.366,1.862
19439,2.346,1.862
19440,2.331,1.862
19441,2.385,1.862
19442,2.630,1.862
19443,2.952,1.857
19444,3.143,1.862
19445,3.104,1.857
19446,2.937,1.857
19447,2.747,1.857
19448,2.595,1.857
19449,2.493,1.857
19450,2.473,1.852
19451,2.512,1.852
19452,2.556,1.852
19453,2.571,1.848
19454,2.546,1.848
19455,2.473,1.848
19456,2.405,1.843
19457,2.351,1.843
19458,2.317,1.843
19459,2.302,1.838
19460,2.292,1.838
19461,2.278,1.838
19462,2.263,1.838
19463,2.292,1.833
19464,2.527,1.833
19465,2.908,1.828
19466,3.089,1.828
19467,3.050,1.828
19468,2.859,1.828
19469,2.664,1.823
19470,2.522,1.823
19471,2.424,1.823
19472,2.405,1.823
19473,2.444,1.818
19474,2.483,1.818
19475,2.502,1.818
19476,2.478,1.813
19477,2.429,1.813
19478,2.366,1.813
19479,2.312,1.813
19480,2.268,1.808
19481,2.253,1.813
19482,2.243,1.808
19483,2.243,1.808
19484,2.239,1.808
19485,2.239,1.808
19486,2.234,1.804
19487,2.317,1.808
19488,2.590,1.804
19489,2.913,1.808
19490,3.069,1.804
19491,3.001,1.804
19492,2.771,1.804
19493,2.586,1.804
19494,2.458,1.804
19495,2.400,1.804
19496,2.410,1.804
19497,2.463,1.804
19498,2.502,1.804
19499,2.498,1.804
19500,2.463,1.808
19501,2.410,1.804
19502,2.361,1.804
19503,2.331,1.804
19504,2.307,1.808
19505,2.297,1.808
19506,2.297,1.808
19507,2.297,1.808
19508,2.292,1.808
19509,2.292,1.808
