timestamp,PPG_signal,GSR_signal
1,2.522,2.273
2,2.439,2.273
3,2.39,2.278
4,2.405,2.278
5,2.4,2.273
6,2.38,2.278
7,2.312,2.278
8,2.243,2.278
9,2.195,2.278
10,2.185,2.278
11,2.136,2.278
12,2.111,2.278
13,2.116,2.283
14,2.136,2.278
15,2.116,2.283
16,2.121,2.278
17,2.087,2.278
18,2.239,2.283
19,3.113,2.278
20,3.216,2.283
21,3.138,2.283
22,2.947,2.283
23,2.766,2.283
24,2.649,2.283
25,2.542,2.283
26,2.463,2.283
27,2.424,2.283
28,2.478,2.283
29,2.449,2.283
30,2.414,2.283
31,2.38,2.283
32,2.326,2.287
33,2.248,2.283
34,2.258,2.287
35,2.204,2.287
36,2.195,2.287
37,2.199,2.287
38,2.18,2.287
39,2.165,2.287
40,2.165,2.287
41,2.141,2.287
42,2.263,2.287
43,2.561,2.287
44,2.942,2.287
45,3.177,2.287
46,3.06,2.287
47,2.864,2.287
48,2.708,2.283
49,2.586,2.287
50,2.507,2.283
51,2.444,2.287
52,2.458,2.283
53,2.483,2.287
54,2.502,2.287
55,2.454,2.287
56,2.39,2.287
57,2.331,2.287
58,2.283,2.287
59,2.258,2.287
60,2.219,2.287
61,2.224,2.287
62,2.224,2.287
63,2.234,2.287
64,2.219,2.287
65,2.356,2.292
66,2.683,2.292
67,3.055,2.292
68,3.216,2.292
69,3.201,2.292
70,3.05,2.292
71,2.908,2.292
72,2.634,2.292
73,2.532,2.292
74,2.493,2.287
75,2.493,2.292
76,2.512,2.292
77,2.512,2.292
78,2.498,2.292
79,2.473,2.292
80,2.419,2.292
81,2.322,2.292
82,2.248,2.292
83,2.258,2.292
84,2.243,2.292
85,2.239,2.292
86,2.234,2.287
87,2.273,2.287
88,2.512,2.287
89,2.918,2.287
90,3.28,2.287
91,3.109,2.287
92,2.928,2.287
93,2.791,2.287
94,2.639,2.292
95,2.517,2.287
96,2.507,2.292
97,2.527,2.292
98,2.537,2.292
99,2.571,2.292
100,2.507,2.292
101,2.458,2.292
102,2.38,2.292
103,2.331,2.292
104,2.317,2.297
105,2.302,2.292
106,2.307,2.297
107,2.278,2.292
108,2.576,2.292
109,2.923,2.297
110,3.192,2.292
111,3.245,2.297
112,3.201,2.292
113,3.06,2.297
114,2.923,2.297
115,2.781,2.297
116,2.649,2.297
117,2.576,2.297
118,2.561,2.297
119,2.537,2.297
120,2.507,2.297
121,2.463,2.297
122,2.375,2.297
123,2.37,2.297
124,2.317,2.297
125,2.287,2.297
126,2.248,2.297
127,2.229,2.297
128,2.229,2.297
129,2.204,2.297
130,2.204,2.297
131,2.273,2.297
132,2.595,2.297
133,2.981,2.297
134,3.348,2.302
135,3.221,2.302
136,3.069,2.297
137,2.967,2.302
138,2.84,2.302
139,2.722,2.302
140,2.595,2.302
141,2.512,2.302
142,2.542,2.302
143,2.507,2.302
144,2.458,2.302
145,2.405,2.302
146,2.361,2.302
147,2.287,2.302
148,2.224,2.302
149,2.224,2.302
150,2.229,2.302
151,2.199,2.302
152,2.248,2.302
153,2.199,2.302
154,2.214,2.302
155,2.449,2.302
156,2.815,2.302
157,3.138,2.302
158,3.284,2.302
159,3.24,2.297
160,3.113,2.302
161,2.845,2.297
162,2.708,2.297
163,2.542,2.297
164,2.517,2.292
165,2.478,2.297
166,2.458,2.292
167,2.463,2.292
168,2.439,2.292
169,2.4,2.287
170,2.312,2.287
171,2.258,2.287
172,2.219,2.283
173,2.19,2.283
174,2.19,2.283
175,2.204,2.283
176,2.209,2.278
177,2.18,2.278
178,2.17,2.278
179,2.556,2.273
180,2.972,2.273
181,3.167,2.268
182,3.236,2.273
183,3.128,2.268
184,2.991,2.268
185,2.849,2.268
186,2.766,2.263
187,2.59,2.263
188,2.546,2.258
189,2.517,2.263
190,2.498,2.258
191,2.419,2.258
192,2.424,2.258
193,2.38,2.258
194,2.317,2.258
195,2.273,2.253
196,2.219,2.253
197,2.219,2.253
198,2.219,2.253
199,2.214,2.253
200,2.199,2.248
201,2.229,2.248
202,2.419,2.248
203,2.737,2.248
204,2.986,2.248
205,3.06,2.248
206,2.908,2.248
207,2.776,2.248
208,2.669,2.248
209,2.517,2.248
210,2.444,2.248
211,2.424,2.248
212,2.444,2.248
213,2.458,2.248
214,2.424,2.248
215,2.385,2.248
216,2.317,2.248
217,2.258,2.248
218,2.243,2.248
219,2.239,2.248
220,2.224,2.248
221,2.155,2.248
222,2.204,2.248
223,3.045,2.248
224,2.967,2.253
225,2.82,2.248
226,2.703,2.253
227,2.571,2.253
228,2.507,2.253
229,2.468,2.253
230,2.483,2.253
231,2.507,2.258
232,2.488,2.253
233,2.444,2.258
234,2.4,2.258
235,2.326,2.258
236,2.273,2.258
237,2.229,2.258
238,2.185,2.258
239,2.199,2.258
240,2.219,2.263
241,2.224,2.263
242,2.39,2.263
243,2.732,2.263
244,3.05,2.263
245,3.201,2.263
246,3.206,2.263
247,3.109,2.268
248,3.006,2.268
249,2.898,2.268
250,2.786,2.268
251,2.683,2.268
252,2.581,2.268
253,2.512,2.268
254,2.522,2.268
255,2.473,2.268
256,2.473,2.268
257,2.439,2.273
258,2.375,2.273
259,2.336,2.273
260,2.307,2.273
261,2.268,2.273
262,2.214,2.273
263,2.239,2.273
264,2.224,2.273
265,2.214,2.273
266,2.234,2.273
267,2.336,2.278
268,2.639,2.278
269,3.001,2.278
270,3.172,2.278
271,3.167,2.278
272,3.079,2.278
273,2.942,2.278
274,2.83,2.278
275,2.688,2.278
276,2.537,2.278
277,2.458,2.278
278,2.4,2.273
279,2.38,2.273
280,2.38,2.273
281,2.385,2.273
282,2.375,2.273
283,2.326,2.273
284,2.278,2.273
285,2.234,2.268
286,2.195,2.268
287,2.126,2.268
288,2.209,2.268
289,2.195,2.263
290,2.199,2.263
291,2.18,2.263
292,2.248,2.263
293,2.517,2.258
294,2.791,2.258
295,2.991,2.258
296,3.04,2.253
297,2.957,2.253
298,2.854,2.253
299,2.766,2.253
300,2.649,2.248
301,2.537,2.248
302,2.488,2.248
303,2.463,2.243
304,2.463,2.243
305,2.434,2.239
306,2.434,2.239
307,2.419,2.239
308,2.361,2.239
309,2.322,2.234
310,2.273,2.234
311,2.224,2.234
312,2.219,2.229
313,2.204,2.229
314,2.204,2.229
315,2.253,2.229
316,2.493,2.224
317,2.801,2.224
318,3.006,2.224
319,3.084,2.224
320,3.006,2.219
321,2.913,2.219
322,2.786,2.219
323,2.674,2.219
324,2.542,2.214
325,2.454,2.214
326,2.429,2.214
327,2.444,2.214
328,2.439,2.214
329,2.439,2.214
330,2.385,2.214
331,2.336,2.209
332,2.287,2.209
333,2.239,2.209
334,2.195,2.209
335,2.175,2.209
336,2.155,2.209
337,2.16,2.209
338,2.165,2.209
339,2.199,2.209
340,2.111,2.209
341,2.18,2.209
342,2.39,2.209
343,2.722,2.209
344,3.006,2.209
345,3.133,2.209
346,3.079,2.209
347,2.991,2.209
348,2.898,2.209
349,2.835,2.209
350,2.732,2.209
351,2.644,2.209
352,2.502,2.209
353,2.434,2.214
354,2.395,2.214
355,2.37,2.214
356,2.361,2.214
357,2.341,2.214
358,2.307,2.214
359,2.278,2.214
360,2.224,2.214
361,2.19,2.214
362,2.175,2.219
363,2.18,2.214
364,2.175,2.219
365,2.19,2.214
366,2.209,2.219
367,2.18,2.219
368,2.175,2.219
369,2.155,2.219
370,2.151,2.219
371,2.258,2.219
372,2.566,2.219
373,2.874,2.219
374,3.079,2.219
375,3.089,2.219
376,3.021,2.219
377,2.918,2.224
378,2.766,2.224
379,2.625,2.224
380,2.507,2.224
381,2.444,2.224
382,2.41,2.224
383,2.419,2.224
384,2.41,2.224
385,2.37,2.224
386,2.336,2.224
387,2.297,2.229
388,2.263,2.229
389,2.219,2.229
390,2.199,2.229
391,2.214,2.229
392,2.19,2.229
393,2.126,2.229
394,2.155,2.229
395,2.165,2.229
396,2.155,2.234
397,2.16,2.229
398,2.278,2.234
399,2.576,2.234
400,2.879,2.234
401,3.001,2.234
402,2.991,2.234
403,2.913,2.234
404,2.801,2.234
405,2.693,2.234
406,2.581,2.234
407,2.493,2.239
408,2.449,2.239
409,2.458,2.239
410,2.493,2.239
411,2.478,2.239
412,2.473,2.239
413,2.424,2.239
414,2.375,2.239
415,2.302,2.239
416,2.273,2.239
417,2.253,2.239
418,2.234,2.239
419,2.229,2.243
420,2.209,2.239
421,2.229,2.243
422,2.439,2.239
423,2.771,2.243
424,3.025,2.243
425,3.143,2.243
426,3.099,2.243
427,2.981,2.243
428,2.859,2.243
429,2.727,2.243
430,2.6,2.243
431,2.537,2.248
432,2.493,2.243
433,2.424,2.248
434,2.439,2.248
435,2.449,2.248
436,2.429,2.248
437,2.38,2.248
438,2.326,2.248
439,2.278,2.248
440,2.239,2.248
441,2.219,2.248
442,2.146,2.248
443,2.175,2.248
444,2.17,2.253
445,2.17,2.253
446,2.165,2.258
447,2.16,2.263
448,2.155,2.263
449,2.17,2.273
450,2.405,2.283
451,2.849,2.292
452,3.157,2.302
453,3.24,2.312
454,3.172,2.322
455,3.04,2.331
456,2.908,2.341
457,2.81,2.356
458,2.674,2.366
459,2.61,2.375
460,2.546,2.39
461,2.522,2.395
462,2.532,2.4
463,2.498,2.41
464,2.463,2.41
465,2.4,2.414
466,2.366,2.414
467,2.312,2.41
468,2.278,2.405
469,2.243,2.405
470,2.234,2.4
471,2.195,2.395
472,2.18,2.395
473,2.18,2.39
474,2.199,2.385
475,2.16,2.385
476,2.18,2.38
477,2.175,2.38
478,2.248,2.375
479,2.522,2.375
480,2.928,2.37
481,3.187,2.37
482,3.211,2.366
483,3.094,2.366
484,2.942,2.361
485,2.82,2.361
486,2.713,2.356
487,2.63,2.356
488,2.542,2.356
489,2.502,2.351
490,2.493,2.351
491,2.444,2.351
492,2.478,2.346
493,2.419,2.346
494,2.395,2.341
495,2.326,2.346
496,2.263,2.341
497,2.239,2.341
498,2.214,2.341
499,2.195,2.336
500,2.175,2.336
501,2.151,2.336
502,2.175,2.336
503,2.18,2.336
504,2.185,2.336
505,2.234,2.336
506,2.502,2.331
507,2.869,2.331
508,3.138,2.331
509,3.187,2.331
510,3.104,2.331
511,2.972,2.326
512,2.82,2.326
513,2.717,2.326
514,2.61,2.326
515,2.556,2.326
516,2.512,2.331
517,2.532,2.326
518,2.551,2.326
519,2.512,2.326
520,2.468,2.326
521,2.429,2.331
522,2.341,2.326
523,2.331,2.331
524,2.292,2.331
525,2.273,2.331
526,2.234,2.331
527,2.234,2.331
528,2.214,2.331
529,2.243,2.331
530,2.468,2.331
531,2.825,2.331
532,3.104,2.331
533,3.216,2.336
534,3.177,2.336
535,3.045,2.336
536,2.898,2.336
537,2.766,2.336
538,2.674,2.336
539,2.571,2.336
540,2.522,2.336
541,2.507,2.336
542,2.502,2.336
543,2.507,2.336
544,2.468,2.341
545,2.41,2.336
546,2.361,2.341
547,2.297,2.341
548,2.253,2.341
549,2.219,2.341
550,2.195,2.341
551,2.209,2.341
552,2.234,2.341
553,2.204,2.346
554,2.199,2.346
555,2.19,2.346
556,2.224,2.346
557,2.478,2.346
558,2.854,2.346
559,3.192,2.346
560,3.265,2.346
561,3.206,2.346
562,3.055,2.346
563,2.898,2.346
564,2.786,2.346
565,2.688,2.351
566,2.566,2.346
567,2.517,2.351
568,2.522,2.346
569,2.551,2.351
570,2.522,2.351
571,2.478,2.351
572,2.434,2.351
573,2.366,2.351
574,2.287,2.351
575,2.263,2.351
576,2.234,2.351
577,2.18,2.351
578,2.209,2.351
579,2.224,2.351
580,2.209,2.351
581,2.195,2.356
582,2.17,2.351
583,2.16,2.356
584,2.155,2.356
585,2.302,2.356
586,2.639,2.356
587,2.957,2.356
588,3.172,2.356
589,3.148,2.356
590,3.025,2.356
591,2.869,2.351
592,2.717,2.351
593,2.61,2.351
594,2.517,2.351
595,2.444,2.351
596,2.434,2.351
597,2.449,2.356
598,2.449,2.351
599,2.419,2.351
600,2.39,2.351
601,2.346,2.351
602,2.292,2.351
603,2.248,2.351
604,2.243,2.351
605,2.234,2.351
606,2.214,2.351
607,2.204,2.351
608,2.18,2.351
609,2.165,2.351
610,2.18,2.351
611,2.361,2.351
612,2.703,2.351
613,2.977,2.356
614,3.099,2.351
615,3.025,2.356
616,2.889,2.356
617,2.747,2.356
618,2.639,2.356
619,2.532,2.356
620,2.463,2.356
621,2.424,2.356
622,2.463,2.356
623,2.488,2.356
624,2.488,2.356
625,2.449,2.356
626,2.414,2.361
627,2.38,2.356
628,2.336,2.361
629,2.292,2.361
630,2.229,2.361
631,2.243,2.361
632,2.229,2.361
633,2.419,2.361
634,2.752,2.361
635,3.079,2.361
636,3.182,2.361
637,3.133,2.361
638,2.962,2.361
639,2.854,2.361
640,2.737,2.361
641,2.615,2.361
642,2.498,2.361
643,2.458,2.361
644,2.454,2.366
645,2.444,2.366
646,2.454,2.366
647,2.439,2.366
648,2.395,2.366
649,2.37,2.366
650,2.331,2.366
651,2.283,2.366
652,2.224,2.366
653,2.214,2.366
654,2.18,2.361
655,2.16,2.361
656,2.209,2.361
657,2.341,2.361
658,2.62,2.361
659,2.967,2.361
660,3.177,2.366
661,3.192,2.366
662,3.065,2.366
663,2.937,2.366
664,2.815,2.366
665,2.693,2.366
666,2.59,2.366
667,2.542,2.366
668,2.483,2.366
669,2.532,2.366
670,2.546,2.366
671,2.527,2.366
672,2.473,2.366
673,2.429,2.366
674,2.366,2.366
675,2.297,2.366
676,2.268,2.366
677,2.234,2.366
678,2.224,2.366
679,2.199,2.366
680,2.195,2.366
681,2.199,2.366
682,2.17,2.366
683,2.234,2.366
684,2.483,2.37
685,2.835,2.37
686,3.094,2.37
687,3.187,2.37
688,3.123,2.37
689,2.996,2.37
690,2.889,2.37
691,2.771,2.37
692,2.6,2.366
693,2.522,2.366
694,2.488,2.37
695,2.502,2.37
696,2.483,2.37
697,2.429,2.37
698,2.424,2.37
699,2.4,2.37
700,2.326,2.37
701,2.292,2.37
702,2.278,2.37
703,2.234,2.37
704,2.243,2.37
705,2.248,2.37
706,2.253,2.375
707,2.248,2.37
708,2.234,2.375
709,2.287,2.375
710,2.522,2.375
711,2.913,2.375
712,3.128,2.375
713,3.177,2.375
714,3.074,2.375
715,2.918,2.375
716,2.835,2.375
717,2.708,2.375
718,2.576,2.375
719,2.517,2.375
720,2.502,2.375
721,2.498,2.38
722,2.507,2.38
723,2.444,2.38
724,2.395,2.375
725,2.375,2.38
726,2.336,2.375
727,2.287,2.375
728,2.253,2.375
729,2.239,2.375
730,2.209,2.375
731,2.214,2.375
732,2.209,2.375
733,2.195,2.375
734,2.361,2.375
735,2.678,2.375
736,2.996,2.375
737,3.138,2.375
738,3.128,2.375
739,3.025,2.375
740,2.893,2.37
741,2.791,2.37
742,2.678,2.366
743,2.571,2.366
744,2.493,2.366
745,2.473,2.361
746,2.468,2.361
747,2.458,2.361
748,2.439,2.356
749,2.375,2.356
750,2.336,2.351
751,2.283,2.351
752,2.243,2.346
753,2.224,2.346
754,2.19,2.341
755,2.204,2.341
756,2.19,2.336
757,2.155,2.331
758,2.151,2.326
759,2.195,2.326
760,2.292,2.322
761,2.63,2.317
762,2.947,2.317
763,3.099,2.312
764,3.079,2.312
765,2.977,2.307
766,2.864,2.302
767,2.757,2.297
768,2.669,2.297
769,2.532,2.292
770,2.458,2.292
771,2.414,2.287
772,2.405,2.283
773,2.41,2.283
774,2.395,2.278
775,2.375,2.278
776,2.287,2.273
777,2.273,2.273
778,2.219,2.268
779,2.175,2.268
780,2.17,2.263
781,2.146,2.263
782,2.16,2.263
783,2.16,2.258
784,2.17,2.258
785,2.16,2.258
786,2.16,2.253
787,2.209,2.253
788,2.473,2.253
789,2.791,2.253
790,3.016,2.248
791,3.03,2.248
792,2.942,2.248
793,2.805,2.243
794,2.717,2.243
795,2.644,2.243
796,2.537,2.243
797,2.488,2.243
798,2.434,2.243
799,2.429,2.239
800,2.444,2.239
801,2.424,2.239
802,2.405,2.239
803,2.366,2.239
804,2.307,2.239
805,2.278,2.239
806,2.253,2.239
807,2.185,2.239
808,2.209,2.239
809,2.19,2.239
810,2.16,2.239
811,2.17,2.239
812,2.283,2.239
813,2.581,2.239
814,2.874,2.239
815,3.035,2.239
816,3.03,2.243
817,2.933,2.243
818,2.801,2.243
819,2.698,2.243
820,2.566,2.243
821,2.463,2.248
822,2.419,2.248
823,2.405,2.248
824,2.429,2.248
825,2.419,2.248
826,2.39,2.253
827,2.361,2.248
828,2.341,2.253
829,2.273,2.253
830,2.258,2.253
831,2.224,2.258
832,2.204,2.258
833,2.185,2.258
834,2.19,2.258
835,2.18,2.258
836,2.18,2.263
837,2.16,2.263
838,2.17,2.263
839,2.263,2.263
840,2.551,2.263
841,2.893,2.263
842,3.099,2.268
843,3.128,2.268
844,3.025,2.268
845,2.884,2.268
846,2.815,2.268
847,2.742,2.273
848,2.644,2.273
849,2.561,2.273
850,2.522,2.273
851,2.498,2.273
852,2.473,2.273
853,2.439,2.278
854,2.424,2.278
855,2.361,2.278
856,2.302,2.278
857,2.263,2.278
858,2.258,2.283
859,2.214,2.283
860,2.195,2.283
861,2.209,2.283
862,2.209,2.283
863,2.209,2.283
864,2.199,2.283
865,2.17,2.287
866,2.175,2.287
867,2.292,2.287
868,2.615,2.287
869,2.947,2.287
870,3.128,2.292
871,3.148,2.287
872,3.05,2.292
873,2.889,2.292
874,2.761,2.292
875,2.683,2.292
876,2.561,2.292
877,2.454,2.292
878,2.454,2.292
879,2.449,2.297
880,2.463,2.292
881,2.444,2.297
882,2.424,2.297
883,2.312,2.297
884,2.273,2.297
885,2.243,2.297
886,2.199,2.297
887,2.19,2.302
888,2.19,2.302
889,2.209,2.302
890,2.19,2.302
891,2.175,2.302
892,2.165,2.302
893,2.151,2.302
894,2.116,2.302
895,2.229,2.302
896,2.507,2.307
897,2.854,2.307
898,3.094,2.307
899,3.143,2.307
900,3.055,2.307
901,2.845,2.307
902,2.737,2.307
903,2.659,2.307
904,2.522,2.307
905,2.532,2.307
906,2.493,2.312
907,2.502,2.312
908,2.532,2.312
909,2.502,2.312
910,2.473,2.312
911,2.405,2.312
912,2.37,2.312
913,2.273,2.312
914,2.273,2.312
915,2.253,2.317
916,2.234,2.312
917,2.234,2.317
918,2.214,2.317
919,2.199,2.317
920,2.214,2.317
921,2.209,2.317
922,2.19,2.317
923,2.434,2.317
924,2.776,2.317
925,3.021,2.317
926,3.162,2.322
927,3.099,2.322
928,2.972,2.317
929,2.835,2.322
930,2.737,2.322
931,2.639,2.322
932,2.542,2.322
933,2.493,2.322
934,2.488,2.322
935,2.488,2.322
936,2.473,2.322
937,2.463,2.322
938,2.41,2.322
939,2.322,2.322
940,2.331,2.326
941,2.253,2.322
942,2.229,2.326
943,2.204,2.326
944,2.19,2.322
945,2.185,2.326
946,2.195,2.326
947,2.175,2.326
948,2.185,2.326
949,2.199,2.326
950,2.199,2.326
951,2.16,2.326
952,2.302,2.326
953,2.654,2.326
954,2.996,2.331
955,3.211,2.326
956,3.221,2.331
957,3.123,2.331
958,2.972,2.326
959,2.84,2.331
960,2.732,2.331
961,2.644,2.331
962,2.581,2.331
963,2.566,2.331
964,2.556,2.331
965,2.556,2.331
966,2.532,2.331
967,2.473,2.331
968,2.439,2.331
969,2.375,2.331
970,2.356,2.331
971,2.297,2.331
972,2.219,2.331
973,2.224,2.331
974,2.248,2.326
975,2.248,2.326
976,2.234,2.326
977,2.204,2.331
978,2.224,2.326
979,2.204,2.331
980,2.185,2.331
981,2.219,2.331
982,2.395,2.331
983,2.766,2.331
984,3.099,2.331
985,3.265,2.331
986,3.226,2.336
987,3.099,2.331
988,2.947,2.331
989,2.815,2.331
990,2.713,2.331
991,2.61,2.331
992,2.576,2.331
993,2.542,2.336
994,2.556,2.331
995,2.527,2.336
996,2.512,2.336
997,2.458,2.336
998,2.38,2.336
999,2.361,2.336
1000,2.297,2.336
1001,2.268,2.336
1002,2.219,2.341
1003,2.229,2.336
1004,2.229,2.341
1005,2.224,2.341
1006,2.214,2.341
1007,2.209,2.341
1008,2.199,2.341
1009,2.19,2.341
1010,2.19,2.341
1011,2.434,2.341
1012,2.825,2.341
1013,3.113,2.341
1014,3.245,2.341
1015,3.133,2.341
1016,3.011,2.341
1017,2.854,2.341
1018,2.766,2.341
1019,2.644,2.341
1020,2.561,2.341
1021,2.522,2.341
1022,2.542,2.346
1023,2.581,2.341
1024,2.537,2.346
1025,2.502,2.346
1026,2.473,2.346
1027,2.405,2.346
1028,2.37,2.346
1029,2.331,2.346
1030,2.297,2.346
1031,2.248,2.346
1032,2.258,2.346
1033,2.258,2.346
1034,2.243,2.346
1035,2.219,2.346
1036,2.248,2.346
1037,2.424,2.346
1038,2.766,2.346
1039,3.069,2.346
1040,3.226,2.346
1041,3.162,2.346
1042,3.021,2.346
1043,2.849,2.351
1044,2.732,2.346
1045,2.59,2.351
1046,2.522,2.351
1047,2.463,2.351
1048,2.488,2.351
1049,2.507,2.351
1050,2.512,2.351
1051,2.468,2.351
1052,2.434,2.351
1053,2.336,2.351
1054,2.326,2.351
1055,2.287,2.351
1056,2.253,2.351
1057,2.199,2.351
1058,2.18,2.351
1059,2.19,2.356
1060,2.151,2.351
1061,2.199,2.356
1062,2.214,2.351
1063,2.204,2.356
1064,2.234,2.351
1065,2.449,2.356
1066,2.825,2.356
1067,3.138,2.356
1068,3.26,2.356
1069,3.211,2.356
1070,3.084,2.356
1071,2.942,2.356
1072,2.835,2.356
1073,2.737,2.356
1074,2.625,2.356
1075,2.566,2.356
1076,2.566,2.356
1077,2.556,2.356
1078,2.546,2.356
1079,2.493,2.356
1080,2.454,2.356
1081,2.405,2.356
1082,2.341,2.356
1083,2.268,2.356
1084,2.253,2.356
1085,2.253,2.356
1086,2.224,2.361
1087,2.214,2.361
1088,2.234,2.361
1089,2.204,2.361
1090,2.209,2.361
1091,2.195,2.361
1092,2.17,2.361
1093,2.248,2.361
1094,2.542,2.361
1095,2.933,2.361
1096,3.172,2.361
1097,3.24,2.361
1098,3.143,2.361
1099,2.991,2.361
1100,2.859,2.361
1101,2.732,2.361
1102,2.644,2.361
1103,2.542,2.361
1104,2.527,2.361
1105,2.527,2.366
1106,2.522,2.361
1107,2.507,2.366
1108,2.449,2.366
1109,2.4,2.366
1110,2.346,2.361
1111,2.268,2.366
1112,2.224,2.366
1113,2.214,2.366
1114,2.199,2.366
1115,2.199,2.366
1116,2.195,2.366
1117,2.199,2.361
1118,2.199,2.366
1119,2.155,2.361
1120,2.185,2.361
1121,2.239,2.361
1122,2.507,2.361
1123,2.869,2.361
1124,3.099,2.361
1125,3.143,2.361
1126,3.045,2.361
1127,2.889,2.361
1128,2.732,2.361
1129,2.674,2.361
1130,2.571,2.361
1131,2.507,2.361
1132,2.493,2.361
1133,2.517,2.361
1134,2.527,2.361
1135,2.507,2.361
1136,2.41,2.361
1137,2.375,2.361
1138,2.307,2.361
1139,2.248,2.361
1140,2.219,2.366
1141,2.243,2.361
1142,2.243,2.366
1143,2.234,2.361
1144,2.214,2.361
1145,2.224,2.366
1146,2.37,2.361
1147,2.688,2.366
1148,2.986,2.361
1149,3.118,2.366
1150,3.118,2.366
1151,3.006,2.366
1152,2.854,2.366
1153,2.708,2.366
1154,2.576,2.366
1155,2.498,2.366
1156,2.468,2.366
1157,2.473,2.366
1158,2.488,2.366
1159,2.502,2.366
1160,2.463,2.366
1161,2.4,2.366
1162,2.385,2.366
1163,2.297,2.37
1164,2.283,2.366
1165,2.243,2.366
1166,2.209,2.37
1167,2.199,2.366
1168,2.18,2.37
1169,2.195,2.37
1170,2.18,2.37
1171,2.18,2.37
1172,2.214,2.37
1173,2.444,2.37
1174,2.81,2.37
1175,3.109,2.37
1176,3.216,2.37
1177,3.172,2.37
1178,3.045,2.375
1179,2.913,2.37
1180,2.835,2.375
1181,2.737,2.375
1182,2.639,2.375
1183,2.561,2.375
1184,2.556,2.375
1185,2.546,2.375
1186,2.537,2.375
1187,2.517,2.375
1188,2.463,2.375
1189,2.419,2.375
1190,2.361,2.375
1191,2.297,2.375
1192,2.268,2.38
1193,2.263,2.38
1194,2.253,2.375
1195,2.248,2.38
1196,2.243,2.38
1197,2.239,2.375
1198,2.219,2.38
1199,2.204,2.38
1200,2.263,2.38
1201,2.532,2.38
1202,2.898,2.38
1203,3.172,2.38
1204,3.221,2.38
1205,3.143,2.38
1206,2.972,2.38
1207,2.864,2.38
1208,2.766,2.38
1209,2.688,2.38
1210,2.586,2.38
1211,2.512,2.38
1212,2.493,2.38
1213,2.483,2.38
1214,2.454,2.385
1215,2.385,2.38
1216,2.39,2.38
1217,2.331,2.385
1218,2.297,2.38
1219,2.258,2.385
1220,2.234,2.38
1221,2.204,2.385
1222,2.199,2.38
1223,2.19,2.385
1224,2.185,2.385
1225,2.224,2.385
1226,2.195,2.385
1227,2.165,2.385
1228,2.312,2.385
1229,2.615,2.385
1230,2.937,2.385
1231,3.138,2.385
1232,3.104,2.385
1233,2.967,2.385
1234,2.835,2.385
1235,2.717,2.385
1236,2.63,2.38
1237,2.532,2.385
1238,2.483,2.38
1239,2.473,2.385
1240,2.493,2.385
1241,2.517,2.385
1242,2.527,2.385
1243,2.473,2.385
1244,2.439,2.385
1245,2.37,2.385
1246,2.312,2.385
1247,2.287,2.385
1248,2.234,2.385
1249,2.234,2.385
1250,2.248,2.385
1251,2.253,2.385
1252,2.341,2.385
1253,2.654,2.385
1254,2.962,2.385
1255,3.138,2.385
1256,3.148,2.385
1257,3.035,2.385
1258,2.942,2.385
1259,2.825,2.385
1260,2.698,2.385
1261,2.542,2.385
1262,2.498,2.385
1263,2.473,2.385
1264,2.483,2.385
1265,2.488,2.385
1266,2.434,2.385
1267,2.38,2.385
1268,2.283,2.385
1269,2.273,2.385
1270,2.258,2.385
1271,2.248,2.385
1272,2.204,2.385
1273,2.19,2.385
1274,2.17,2.38
1275,2.185,2.38
1276,2.195,2.38
1277,2.199,2.385
1278,2.361,2.385
1279,2.717,2.385
1280,3.06,2.385
1281,3.216,2.385
1282,3.201,2.385
1283,3.099,2.385
1284,2.947,2.385
1285,2.84,2.385
1286,2.771,2.385
1287,2.63,2.385
1288,2.546,2.385
1289,2.507,2.385
1290,2.502,2.385
1291,2.502,2.385
1292,2.468,2.39
1293,2.4,2.39
1294,2.366,2.39
1295,2.317,2.39
1296,2.258,2.39
1297,2.209,2.39
1298,2.17,2.39
1299,2.17,2.39
1300,2.195,2.39
1301,2.185,2.39
1302,2.19,2.39
1303,2.18,2.39
1304,2.16,2.39
1305,2.331,2.39
1306,2.688,2.39
1307,3.025,2.39
1308,3.128,2.39
1309,3.074,2.39
1310,2.972,2.395
1311,2.825,2.39
1312,2.727,2.39
1313,2.62,2.39
1314,2.512,2.39
1315,2.454,2.39
1316,2.424,2.385
1317,2.458,2.385
1318,2.468,2.385
1319,2.463,2.385
1320,2.38,2.385
1321,2.356,2.385
1322,2.317,2.39
1323,2.278,2.39
1324,2.243,2.39
1325,2.204,2.39
1326,2.214,2.39
1327,2.214,2.39
1328,2.204,2.39
1329,2.243,2.39
1330,2.439,2.39
1331,2.791,2.39
1332,3.069,2.39
1333,3.133,2.39
1334,3.069,2.39
1335,2.918,2.39
1336,2.752,2.39
1337,2.664,2.39
1338,2.522,2.39
1339,2.439,2.39
1340,2.424,2.39
1341,2.444,2.39
1342,2.41,2.39
1343,2.419,2.39
1344,2.385,2.39
1345,2.326,2.39
1346,2.312,2.395
1347,2.253,2.395
1348,2.209,2.395
1349,2.204,2.395
1350,2.195,2.395
1351,2.175,2.395
1352,2.165,2.395
1353,2.17,2.395
1354,2.292,2.395
1355,2.654,2.395
1356,2.981,2.395
1357,3.177,2.395
1358,3.192,2.395
1359,3.074,2.395
1360,2.977,2.395
1361,2.84,2.395
1362,2.747,2.395
1363,2.62,2.395
1364,2.498,2.395
1365,2.468,2.395
1366,2.439,2.395
1367,2.454,2.395
1368,2.414,2.395
1369,2.41,2.395
1370,2.356,2.395
1371,2.312,2.395
1372,2.239,2.395
1373,2.204,2.395
1374,2.19,2.395
1375,2.155,2.395
1376,2.175,2.395
1377,2.16,2.395
1378,2.229,2.395
1379,2.493,2.395
1380,2.815,2.395
1381,3.074,2.395
1382,3.133,2.395
1383,3.065,2.395
1384,2.913,2.395
1385,2.805,2.395
1386,2.703,2.395
1387,2.478,2.395
1388,2.424,2.395
1389,2.375,2.395
1390,2.4,2.395
1391,2.41,2.395
1392,2.37,2.395
1393,2.322,2.395
1394,2.273,2.395
1395,2.214,2.395
1396,2.195,2.395
1397,2.141,2.395
1398,2.165,2.395
1399,2.165,2.395
1400,2.165,2.395
1401,2.155,2.395
1402,2.185,2.395
1403,2.419,2.395
1404,2.771,2.395
1405,3.016,2.395
1406,3.094,2.395
1407,3.021,2.4
1408,2.884,2.395
1409,2.752,2.4
1410,2.659,2.395
1411,2.478,2.4
1412,2.424,2.395
1413,2.395,2.395
1414,2.424,2.4
1415,2.434,2.395
1416,2.424,2.4
1417,2.419,2.4
1418,2.375,2.4
1419,2.322,2.4
1420,2.268,2.4
1421,2.229,2.405
1422,2.209,2.4
1423,2.219,2.405
1424,2.199,2.405
1425,2.224,2.405
1426,2.434,2.405
1427,2.771,2.405
1428,3.055,2.405
1429,3.123,2.405
1430,3.06,2.405
1431,2.898,2.405
1432,2.757,2.405
1433,2.674,2.405
1434,2.532,2.405
1435,2.468,2.405
1436,2.429,2.405
1437,2.4,2.405
1438,2.439,2.405
1439,2.454,2.405
1440,2.439,2.405
1441,2.366,2.405
1442,2.312,2.405
1443,2.239,2.405
1444,2.204,2.405
1445,2.185,2.405
1446,2.165,2.405
1447,2.165,2.405
1448,2.175,2.405
1449,2.19,2.405
1450,2.278,2.405
1451,2.6,2.405
1452,2.957,2.405
1453,3.172,2.41
1454,3.187,2.405
1455,3.099,2.41
1456,2.977,2.41
1457,2.874,2.41
1458,2.766,2.41
1459,2.634,2.405
1460,2.522,2.41
1461,2.488,2.41
1462,2.463,2.41
1463,2.498,2.41
1464,2.488,2.405
1465,2.405,2.405
1466,2.41,2.405
1467,2.302,2.405
1468,2.302,2.405
1469,2.258,2.405
1470,2.214,2.405
1471,2.199,2.405
1472,2.195,2.405
1473,2.195,2.405
1474,2.18,2.405
1475,2.185,2.405
1476,2.17,2.405
1477,2.356,2.405
1478,2.693,2.405
1479,3.035,2.405
1480,3.226,2.405
1481,3.211,2.405
1482,3.084,2.405
1483,2.933,2.405
1484,2.81,2.405
1485,2.698,2.405
1486,2.586,2.405
1487,2.502,2.405
1488,2.468,2.405
1489,2.473,2.405
1490,2.463,2.405
1491,2.458,2.405
1492,2.366,2.405
1493,2.341,2.405
1494,2.287,2.405
1495,2.258,2.405
1496,2.219,2.405
1497,2.195,2.405
1498,2.185,2.405
1499,2.195,2.405
1500,2.175,2.405
1501,2.155,2.405
1502,2.165,2.405
1503,2.165,2.405
1504,2.331,2.41
1505,2.669,2.405
1506,3.055,2.405
1507,3.172,2.405
1508,3.123,2.405
1509,2.977,2.405
1510,2.84,2.41
1511,2.703,2.405
1512,2.605,2.41
1513,2.493,2.41
1514,2.449,2.41
1515,2.449,2.41
1516,2.454,2.41
1517,2.449,2.41
1518,2.429,2.41
1519,2.395,2.41
1520,2.336,2.41
1521,2.302,2.41
1522,2.258,2.41
1523,2.253,2.41
1524,2.243,2.41
1525,2.239,2.414
1526,2.199,2.41
1527,2.268,2.414
1528,2.517,2.41
1529,2.889,2.414
1530,3.104,2.414
1531,3.162,2.414
1532,3.113,2.414
1533,2.977,2.414
1534,2.766,2.414
1535,2.634,2.414
1536,2.498,2.414
1537,2.449,2.414
1538,2.483,2.414
1539,2.488,2.414
1540,2.473,2.414
1541,2.458,2.414
1542,2.4,2.414
1543,2.341,2.41
1544,2.273,2.414
1545,2.248,2.41
1546,2.209,2.414
1547,2.199,2.414
1548,2.185,2.414
1549,2.195,2.414
1550,2.17,2.414
1551,2.151,2.414
1552,2.19,2.414
1553,2.385,2.414
1554,2.766,2.414
1555,3.094,2.414
1556,3.28,2.414
1557,3.255,2.414
1558,3.118,2.419
1559,2.972,2.414
1560,2.849,2.419
1561,2.742,2.414
1562,2.6,2.414
1563,2.527,2.419
1564,2.488,2.419
1565,2.493,2.419
1566,2.473,2.419
1567,2.444,2.419
1568,2.414,2.419
1569,2.351,2.419
1570,2.283,2.419
1571,2.248,2.419
1572,2.204,2.419
1573,2.195,2.419
1574,2.18,2.419
1575,2.17,2.419
1576,2.199,2.419
1577,2.195,2.419
1578,2.175,2.419
1579,2.151,2.419
1580,2.165,2.419
1581,2.37,2.419
1582,2.722,2.419
1583,3.06,2.419
1584,3.216,2.419
1585,3.172,2.419
1586,2.981,2.419
1587,2.879,2.419
1588,2.742,2.419
1589,2.634,2.419
1590,2.527,2.424
1591,2.463,2.419
1592,2.419,2.424
1593,2.444,2.424
1594,2.458,2.424
1595,2.429,2.424
1596,2.39,2.424
1597,2.351,2.424
1598,2.302,2.424
1599,2.263,2.424
1600,2.209,2.424
1601,2.195,2.424
1602,2.18,2.424
1603,2.18,2.424
1604,2.185,2.424
1605,2.16,2.424
1606,2.146,2.424
1607,2.243,2.424
1608,2.527,2.424
1609,2.83,2.424
1610,3.089,2.424
1611,3.104,2.424
1612,2.996,2.424
1613,2.854,2.429
1614,2.717,2.424
1615,2.61,2.429
1616,2.478,2.429
1617,2.424,2.429
1618,2.41,2.429
1619,2.429,2.429
1620,2.454,2.429
1621,2.444,2.429
1622,2.429,2.429
1623,2.361,2.429
1624,2.312,2.429
1625,2.248,2.429
1626,2.219,2.429
1627,2.224,2.429
1628,2.19,2.429
1629,2.19,2.429
1630,2.199,2.429
1631,2.243,2.429
1632,2.537,2.429
1633,2.849,2.429
1634,3.084,2.429
1635,3.128,2.429
1636,3.03,2.434
1637,2.889,2.429
1638,2.664,2.429
1639,2.522,2.434
1640,2.463,2.434
1641,2.439,2.434
1642,2.449,2.434
1643,2.419,2.434
1644,2.444,2.434
1645,2.395,2.434
1646,2.356,2.434
1647,2.307,2.434
1648,2.258,2.434
1649,2.234,2.434
1650,2.195,2.434
1651,2.18,2.434
1652,2.155,2.434
1653,2.19,2.434
1654,2.185,2.434
1655,2.175,2.434
1656,2.146,2.434
1657,2.283,2.434
1658,2.615,2.434
1659,2.933,2.434
1660,3.123,2.434
1661,3.148,2.434
1662,3.025,2.429
1663,2.898,2.429
1664,2.791,2.429
1665,2.698,2.429
1666,2.6,2.429
1667,2.537,2.429
1668,2.473,2.429
1669,2.512,2.429
1670,2.532,2.429
1671,2.502,2.429
1672,2.468,2.429
1673,2.449,2.429
1674,2.361,2.429
1675,2.317,2.429
1676,2.278,2.429
1677,2.248,2.429
1678,2.209,2.429
1679,2.224,2.429
1680,2.214,2.429
1681,2.199,2.429
1682,2.199,2.429
1683,2.258,2.429
1684,2.532,2.429
1685,2.869,2.434
1686,3.128,2.434
1687,3.196,2.434
1688,3.113,2.434
1689,2.967,2.434
1690,2.805,2.434
1691,2.688,2.434
1692,2.6,2.434
1693,2.488,2.434
1694,2.468,2.434
1695,2.473,2.434
1696,2.468,2.434
1697,2.458,2.434
1698,2.454,2.434
1699,2.419,2.434
1700,2.346,2.434
1701,2.326,2.434
1702,2.253,2.434
1703,2.219,2.434
1704,2.185,2.434
1705,2.175,2.434
1706,2.175,2.434
1707,2.18,2.434
1708,2.18,2.439
1709,2.18,2.439
1710,2.175,2.439
1711,2.121,2.439
1712,2.253,2.439
1713,2.581,2.439
1714,2.898,2.439
1715,3.069,2.439
1716,3.055,2.439
1717,2.947,2.439
1718,2.801,2.439
1719,2.674,2.439
1720,2.576,2.439
1721,2.488,2.439
1722,2.439,2.444
1723,2.468,2.444
1724,2.473,2.439
1725,2.473,2.444
1726,2.473,2.444
1727,2.434,2.444
1728,2.395,2.444
1729,2.331,2.444
1730,2.278,2.444
1731,2.239,2.444
1732,2.219,2.444
1733,2.224,2.444
1734,2.229,2.444
1735,2.195,2.444
1736,2.229,2.444
1737,2.434,2.444
1738,2.766,2.444
1739,3.05,2.444
1740,3.162,2.444
1741,3.094,2.444
1742,2.967,2.444
1743,2.845,2.444
1744,2.732,2.444
1745,2.61,2.444
1746,2.532,2.444
1747,2.493,2.444
1748,2.488,2.444
1749,2.502,2.444
1750,2.498,2.444
1751,2.444,2.444
1752,2.405,2.444
1753,2.366,2.444
1754,2.307,2.444
1755,2.278,2.444
1756,2.229,2.444
1757,2.204,2.444
1758,2.204,2.444
1759,2.199,2.444
1760,2.199,2.444
1761,2.151,2.444
1762,2.214,2.439
1763,2.405,2.439
1764,2.952,2.439
1765,3.187,2.439
1766,3.255,2.439
1767,3.133,2.434
1768,3.011,2.434
1769,2.845,2.434
1770,2.776,2.429
1771,2.659,2.434
1772,2.546,2.429
1773,2.488,2.429
1774,2.493,2.429
1775,2.458,2.429
1776,2.483,2.429
1777,2.454,2.424
1778,2.414,2.424
1779,2.351,2.424
1780,2.278,2.424
1781,2.243,2.424
1782,2.195,2.419
1783,2.209,2.419
1784,2.229,2.419
1785,2.204,2.419
1786,2.219,2.419
1787,2.195,2.419
1788,2.199,2.414
1789,2.302,2.414
1790,2.664,2.414
1791,3.011,2.414
1792,3.187,2.414
1793,3.192,2.41
1794,3.074,2.414
1795,2.908,2.41
1796,2.82,2.41
1797,2.693,2.41
1798,2.581,2.405
1799,2.478,2.405
1800,2.414,2.405
1801,2.454,2.405
1802,2.449,2.405
1803,2.424,2.405
1804,2.39,2.4
1805,2.366,2.4
1806,2.287,2.4
1807,2.219,2.4
1808,2.195,2.4
1809,2.195,2.4
1810,2.19,2.4
1811,2.165,2.395
1812,2.19,2.395
1813,2.185,2.395
1814,2.16,2.395
1815,2.243,2.39
1816,2.537,2.39
1817,2.893,2.39
1818,3.074,2.385
1819,3.123,2.385
1820,2.991,2.385
1821,2.854,2.38
1822,2.737,2.38
1823,2.615,2.375
1824,2.498,2.375
1825,2.454,2.37
1826,2.458,2.37
1827,2.463,2.366
1828,2.449,2.366
1829,2.458,2.361
1830,2.424,2.361
1831,2.419,2.361
1832,2.351,2.356
1833,2.287,2.356
1834,2.243,2.356
1835,2.219,2.361
1836,2.19,2.361
1837,2.219,2.366
1838,2.385,2.37
1839,2.713,2.37
1840,3.001,2.375
1841,3.152,2.375
1842,3.113,2.38
1843,2.981,2.385
1844,2.859,2.385
1845,2.747,2.39
1846,2.6,2.395
1847,2.493,2.4
1848,2.458,2.4
1849,2.483,2.405
1850,2.454,2.405
1851,2.444,2.41
1852,2.39,2.414
1853,2.356,2.414
1854,2.331,2.419
1855,2.312,2.424
1856,2.268,2.429
1857,2.243,2.429
1858,2.209,2.434
1859,2.185,2.434
1860,2.199,2.439
1861,2.317,2.439
1862,2.654,2.439
1863,3.011,2.444
1864,3.216,2.444
1865,3.236,2.444
1866,3.148,2.444
1867,3.006,2.444
1868,2.884,2.444
1869,2.771,2.444
1870,2.625,2.444
1871,2.551,2.444
1872,2.493,2.444
1873,2.468,2.444
1874,2.454,2.444
1875,2.449,2.444
1876,2.419,2.444
1877,2.38,2.444
1878,2.341,2.444
1879,2.283,2.444
1880,2.239,2.444
1881,2.214,2.444
1882,2.199,2.444
1883,2.224,2.444
1884,2.444,2.444
1885,2.796,2.444
1886,3.104,2.444
1887,3.216,2.449
1888,3.157,2.449
1889,3.021,2.449
1890,2.786,2.449
1891,2.639,2.449
1892,2.532,2.449
1893,2.458,2.449
1894,2.444,2.449
1895,2.439,2.449
1896,2.444,2.454
1897,2.385,2.449
1898,2.351,2.454
1899,2.297,2.454
1900,2.268,2.454
1901,2.253,2.454
1902,2.214,2.454
1903,2.219,2.454
1904,2.224,2.454
1905,2.463,2.454
1906,2.815,2.454
1907,3.065,2.454
1908,3.172,2.454
1909,3.084,2.458
1910,2.962,2.458
1911,2.82,2.454
1912,2.678,2.458
1913,2.532,2.458
1914,2.434,2.458
1915,2.424,2.458
1916,2.41,2.458
1917,2.424,2.458
1918,2.366,2.458
1919,2.341,2.463
1920,2.341,2.463
1921,2.292,2.463
1922,2.248,2.463
1923,2.229,2.463
1924,2.19,2.463
1925,2.204,2.463
1926,2.434,2.463
1927,2.747,2.463
1928,3.05,2.463
1929,3.109,2.463
1930,3.069,2.463
1931,2.942,2.463
1932,2.786,2.463
1933,2.649,2.463
1934,2.488,2.463
1935,2.424,2.463
1936,2.366,2.463
1937,2.449,2.463
1938,2.444,2.463
1939,2.429,2.463
1940,2.414,2.468
1941,2.361,2.463
1942,2.322,2.468
1943,2.268,2.463
1944,2.239,2.468
1945,2.195,2.468
1946,2.283,2.463
1947,2.6,2.468
1948,2.937,2.468
1949,3.123,2.468
1950,3.148,2.468
1951,3.06,2.468
1952,2.923,2.468
1953,2.757,2.468
1954,2.61,2.468
1955,2.439,2.468
1956,2.414,2.468
1957,2.395,2.468
1958,2.424,2.468
1959,2.414,2.468
1960,2.375,2.468
1961,2.322,2.468
1962,2.263,2.468
1963,2.234,2.468
1964,2.175,2.468
1965,2.141,2.468
1966,2.121,2.468
1967,2.175,2.468
1968,2.41,2.468
1969,2.815,2.468
1970,3.118,2.468
1971,3.24,2.468
1972,3.201,2.468
1973,3.065,2.468
1974,2.933,2.468
1975,2.796,2.468
1976,2.576,2.468
1977,2.493,2.468
1978,2.41,2.473
1979,2.419,2.473
1980,2.405,2.473
1981,2.39,2.473
1982,2.341,2.473
1983,2.292,2.473
1984,2.224,2.473
1985,2.18,2.473
1986,2.165,2.473
1987,2.146,2.473
1988,2.111,2.473
1989,2.126,2.473
1990,2.312,2.473
1991,2.683,2.473
1992,3.04,2.478
1993,3.167,2.478
1994,3.148,2.478
1995,3.016,2.478
1996,2.898,2.478
1997,2.761,2.478
1998,2.581,2.478
1999,2.449,2.478
2000,2.375,2.478
2001,2.366,2.478
2002,2.37,2.478
2003,2.366,2.478
2004,2.351,2.478
2005,2.331,2.478
2006,2.278,2.478
2007,2.219,2.478
2008,2.195,2.478
2009,2.185,2.478
2010,2.165,2.478
2011,2.146,2.478
2012,2.175,2.478
2013,2.405,2.478
2014,2.761,2.478
2015,3.05,2.478
2016,3.138,2.478
2017,2.957,2.483
2018,2.781,2.483
2019,2.63,2.483
2020,2.458,2.483
2021,2.366,2.483
2022,2.346,2.483
2023,2.346,2.483
2024,2.356,2.483
2025,2.351,2.483
2026,2.331,2.483
2027,2.287,2.483
2028,2.224,2.483
2029,2.199,2.483
2030,2.141,2.483
2031,2.141,2.483
2032,2.136,2.483
2033,2.111,2.478
2034,2.146,2.478
2035,2.454,2.478
2036,2.825,2.478
2037,3.089,2.478
2038,3.123,2.478
2039,3.035,2.478
2040,2.903,2.473
2041,2.776,2.473
2042,2.649,2.473
2043,2.507,2.473
2044,2.4,2.468
2045,2.38,2.468
2046,2.341,2.468
2047,2.346,2.468
2048,2.307,2.463
2049,2.283,2.463
2050,2.229,2.463
2051,2.19,2.458
2052,2.136,2.458
2053,2.116,2.458
2054,2.092,2.454
2055,2.082,2.454
2056,2.087,2.454
2057,2.082,2.449
2058,2.063,2.449
2059,2.072,2.449
2060,2.067,2.444
2061,2.048,2.444
2062,2.146,2.444
2063,2.458,2.439
2064,2.845,2.439
2065,2.996,2.439
2066,3.069,2.434
2067,2.933,2.434
2068,2.781,2.434
2069,2.664,2.429
2070,2.546,2.429
2071,2.439,2.429
2072,2.361,2.429
2073,2.375,2.424
2074,2.346,2.424
2075,2.37,2.424
2076,2.336,2.424
2077,2.302,2.419
2078,2.263,2.419
2079,2.204,2.419
2080,2.155,2.419
2081,2.131,2.419
2082,2.102,2.414
2083,2.107,2.414
2084,2.048,2.414
2085,2.087,2.414
2086,2.087,2.414
2087,2.072,2.414
2088,2.097,2.41
2089,2.292,2.41
2090,2.625,2.41
2091,2.889,2.41
2092,2.967,2.41
2093,2.898,2.41
2094,2.757,2.41
2095,2.605,2.41
2096,2.507,2.41
2097,2.405,2.405
2098,2.336,2.405
2099,2.292,2.405
2100,2.287,2.405
2101,2.322,2.405
2102,2.317,2.405
2103,2.312,2.405
2104,2.292,2.405
2105,2.248,2.405
2106,2.195,2.405
2107,2.165,2.405
2108,2.141,2.405
2109,2.136,2.405
2110,2.131,2.405
2111,2.111,2.405
2112,2.102,2.405
2113,2.111,2.405
2114,2.151,2.405
2115,2.37,2.405
2116,2.678,2.405
2117,2.908,2.405
2118,2.972,2.405
2119,2.884,2.405
2120,2.761,2.405
2121,2.62,2.405
2122,2.502,2.405
2123,2.366,2.405
2124,2.331,2.405
2125,2.312,2.41
2126,2.361,2.41
2127,2.356,2.41
2128,2.351,2.41
2129,2.322,2.41
2130,2.297,2.41
2131,2.248,2.41
2132,2.214,2.41
2133,2.195,2.41
2134,2.17,2.41
2135,2.16,2.41
2136,2.151,2.41
2137,2.146,2.41
2138,2.141,2.41
2139,2.209,2.41
2140,2.493,2.41
2141,2.81,2.41
2142,3.089,2.41
2143,3.011,2.41
2144,2.884,2.41
2145,2.781,2.405
2146,2.654,2.405
2147,2.537,2.405
2148,2.463,2.405
2149,2.458,2.405
2150,2.439,2.405
2151,2.444,2.405
2152,2.429,2.405
2153,2.429,2.405
2154,2.375,2.4
2155,2.317,2.4
2156,2.273,2.4
2157,2.268,2.4
2158,2.234,2.4
2159,2.219,2.395
2160,2.199,2.4
2161,2.195,2.395
2162,2.18,2.395
2163,2.199,2.395
2164,2.204,2.395
2165,2.18,2.395
2166,2.18,2.395
2167,2.292,2.395
2168,2.571,2.39
2169,2.903,2.395
2170,3.128,2.39
2171,3.143,2.39
2172,3.055,2.39
2173,2.913,2.39
2174,2.766,2.39
2175,2.659,2.39
2176,2.566,2.39
2177,2.507,2.39
2178,2.488,2.39
2179,2.502,2.39
2180,2.498,2.39
2181,2.517,2.39
2182,2.502,2.39
2183,2.458,2.39
2184,2.375,2.39
2185,2.356,2.39
2186,2.326,2.39
2187,2.283,2.39
2188,2.273,2.39
2189,2.248,2.39
2190,2.219,2.39
2191,2.209,2.39
2192,2.204,2.39
2193,2.195,2.39
2194,2.204,2.39
2195,2.195,2.39
2196,2.263,2.39
2197,2.561,2.39
2198,2.893,2.39
2199,3.113,2.39
2200,3.162,2.395
2201,3.069,2.39
2202,2.928,2.395
2203,2.796,2.395
2204,2.649,2.395
2205,2.512,2.395
2206,2.463,2.395
2207,2.434,2.395
2208,2.458,2.395
2209,2.483,2.395
2210,2.468,2.4
2211,2.478,2.395
2212,2.444,2.4
2213,2.366,2.4
2214,2.356,2.4
2215,2.336,2.4
2216,2.302,2.4
2217,2.292,2.4
2218,2.283,2.405
2219,2.292,2.405
2220,2.331,2.405
2221,2.586,2.405
2222,2.923,2.405
2223,3.152,2.405
2224,3.196,2.405
2225,3.089,2.41
2226,2.937,2.41
2227,2.781,2.41
2228,2.61,2.41
2229,2.493,2.41
2230,2.444,2.41
2231,2.458,2.41
2232,2.478,2.414
2233,2.468,2.414
2234,2.478,2.414
2235,2.439,2.414
2236,2.4,2.414
2237,2.317,2.414
2238,2.307,2.414
2239,2.307,2.414
2240,2.258,2.419
2241,2.239,2.419
2242,2.219,2.419
2243,2.219,2.419
2244,2.414,2.419
2245,2.84,2.419
2246,3.177,2.419
2247,3.304,2.419
2248,3.26,2.424
2249,3.143,2.424
2250,2.957,2.424
2251,2.81,2.424
2252,2.664,2.424
2253,2.566,2.424
2254,2.502,2.424
2255,2.483,2.424
2256,2.493,2.424
2257,2.498,2.424
2258,2.498,2.429
2259,2.483,2.424
2260,2.434,2.429
2261,2.366,2.429
2262,2.312,2.429
2263,2.263,2.429
2264,2.239,2.429
2265,2.229,2.429
2266,2.234,2.429
2267,2.214,2.429
2268,2.258,2.429
2269,2.889,2.429
2270,3.206,2.429
2271,3.324,2.434
2272,3.26,2.429
2273,3.113,2.434
2274,2.874,2.434
2275,2.766,2.434
2276,2.639,2.434
2277,2.532,2.434
2278,2.488,2.434
2279,2.478,2.434
2280,2.493,2.434
2281,2.507,2.434
2282,2.483,2.434
2283,2.454,2.434
2284,2.419,2.434
2285,2.351,2.434
2286,2.302,2.434
2287,2.268,2.434
2288,2.234,2.429
2289,2.209,2.434
2290,2.204,2.429
2291,2.195,2.434
2292,2.195,2.434
2293,2.185,2.434
2294,2.38,2.434
2295,2.747,2.429
2296,3.128,2.434
2297,3.294,2.429
2298,3.255,2.434
2299,3.079,2.434
2300,2.908,2.434
2301,2.742,2.434
2302,2.581,2.434
2303,2.488,2.434
2304,2.468,2.434
2305,2.473,2.434
2306,2.493,2.434
2307,2.493,2.434
2308,2.424,2.434
2309,2.4,2.434
2310,2.361,2.434
2311,2.297,2.434
2312,2.287,2.434
2313,2.253,2.434
2314,2.229,2.434
2315,2.224,2.434
2316,2.204,2.434
2317,2.199,2.434
2318,2.18,2.434
2319,2.209,2.434
2320,2.478,2.434
2321,2.869,2.439
2322,3.148,2.434
2323,3.221,2.439
2324,3.128,2.439
2325,2.942,2.439
2326,2.752,2.439
2327,2.605,2.439
2328,2.493,2.439
2329,2.424,2.439
2330,2.419,2.439
2331,2.488,2.439
2332,2.498,2.439
2333,2.502,2.439
2334,2.458,2.439
2335,2.424,2.439
2336,2.385,2.439
2337,2.307,2.444
2338,2.312,2.444
2339,2.258,2.444
2340,2.243,2.444
2341,2.214,2.444
2342,2.18,2.444
2343,2.165,2.444
2344,2.234,2.444
2345,2.527,2.444
2346,2.908,2.444
2347,3.201,2.444
2348,3.24,2.444
2349,3.157,2.444
2350,2.972,2.444
2351,2.815,2.444
2352,2.688,2.444
2353,2.576,2.444
2354,2.483,2.449
2355,2.454,2.449
2356,2.458,2.449
2357,2.483,2.449
2358,2.468,2.449
2359,2.449,2.449
2360,2.385,2.449
2361,2.37,2.449
2362,2.292,2.449
2363,2.263,2.454
2364,2.234,2.454
2365,2.224,2.454
2366,2.204,2.454
2367,2.195,2.454
2368,2.195,2.454
2369,2.204,2.454
2370,2.312,2.454
2371,2.625,2.454
2372,3.016,2.454
2373,3.245,2.458
2374,3.289,2.458
2375,3.162,2.458
2376,2.986,2.458
2377,2.84,2.458
2378,2.761,2.458
2379,2.625,2.458
2380,2.532,2.458
2381,2.507,2.458
2382,2.488,2.458
2383,2.498,2.458
2384,2.507,2.458
2385,2.478,2.458
2386,2.449,2.458
2387,2.405,2.458
2388,2.312,2.458
2389,2.292,2.458
2390,2.253,2.458
2391,2.243,2.458
2392,2.229,2.458
2393,2.234,2.458
2394,2.175,2.463
2395,2.185,2.458
2396,2.19,2.463
2397,2.175,2.463
2398,2.185,2.463
2399,2.414,2.463
2400,2.796,2.463
2401,3.143,2.463
2402,3.284,2.463
2403,3.24,2.463
2404,3.06,2.463
2405,2.864,2.468
2406,2.727,2.463
2407,2.63,2.468
2408,2.527,2.468
2409,2.478,2.468
2410,2.454,2.468
2411,2.478,2.468
2412,2.463,2.468
2413,2.444,2.468
2414,2.41,2.468
2415,2.341,2.468
2416,2.248,2.468
2417,2.219,2.468
2418,2.214,2.468
2419,2.229,2.468
2420,2.258,2.468
2421,2.239,2.468
2422,2.229,2.468
2423,2.199,2.468
2424,2.17,2.468
2425,2.204,2.468
2426,2.385,2.473
2427,2.771,2.468
2428,3.079,2.473
2429,3.192,2.473
2430,3.133,2.473
2431,2.967,2.473
2432,2.82,2.473
2433,2.693,2.473
2434,2.566,2.473
2435,2.444,2.473
2436,2.439,2.473
2437,2.458,2.473
2438,2.468,2.473
2439,2.488,2.473
2440,2.454,2.473
2441,2.385,2.473
2442,2.341,2.473
2443,2.273,2.473
2444,2.243,2.473
2445,2.219,2.473
2446,2.214,2.473
2447,2.195,2.473
2448,2.204,2.473
2449,2.195,2.473
2450,2.199,2.473
2451,2.322,2.478
2452,2.659,2.473
2453,3.025,2.473
2454,3.226,2.478
2455,3.226,2.478
2456,3.104,2.478
2457,2.962,2.478
2458,2.845,2.478
2459,2.722,2.478
2460,2.605,2.478
2461,2.532,2.478
2462,2.507,2.478
2463,2.502,2.478
2464,2.488,2.478
2465,2.468,2.478
2466,2.4,2.478
2467,2.38,2.478
2468,2.356,2.478
2469,2.292,2.478
2470,2.258,2.478
2471,2.214,2.478
2472,2.219,2.478
2473,2.214,2.478
2474,2.224,2.478
2475,2.229,2.478
2476,2.19,2.478
2477,2.136,2.483
2478,2.175,2.483
2479,2.16,2.483
2480,2.214,2.483
2481,2.517,2.483
2482,2.903,2.483
2483,3.226,2.483
2484,3.309,2.483
2485,3.216,2.483
2486,3.025,2.483
2487,2.884,2.483
2488,2.761,2.483
2489,2.654,2.483
2490,2.59,2.483
2491,2.527,2.483
2492,2.512,2.483
2493,2.517,2.483
2494,2.502,2.488
2495,2.493,2.488
2496,2.439,2.488
2497,2.375,2.488
2498,2.331,2.488
2499,2.253,2.488
2500,2.214,2.483
2501,2.209,2.488
2502,2.219,2.488
2503,2.229,2.488
2504,2.209,2.488
2505,2.18,2.488
2506,2.17,2.488
2507,2.185,2.488
2508,2.16,2.488
2509,2.17,2.488
2510,2.278,2.488
2511,2.581,2.488
2512,2.957,2.488
2513,3.187,2.488
2514,3.221,2.488
2515,3.113,2.488
2516,2.903,2.488
2517,2.761,2.488
2518,2.678,2.488
2519,2.566,2.488
2520,2.507,2.488
2521,2.478,2.488
2522,2.498,2.493
2523,2.498,2.493
2524,2.463,2.493
2525,2.434,2.493
2526,2.346,2.493
2527,2.307,2.493
2528,2.268,2.493
2529,2.229,2.493
2530,2.204,2.493
2531,2.204,2.493
2532,2.204,2.493
2533,2.204,2.493
2534,2.19,2.493
2535,2.18,2.493
2536,2.116,2.498
2537,2.151,2.493
2538,2.199,2.493
2539,2.429,2.498
2540,2.781,2.498
2541,3.06,2.498
2542,3.148,2.498
2543,3.069,2.498
2544,2.918,2.498
2545,2.747,2.498
2546,2.63,2.498
2547,2.512,2.498
2548,2.424,2.498
2549,2.419,2.498
2550,2.434,2.502
2551,2.478,2.498
2552,2.468,2.498
2553,2.434,2.502
2554,2.4,2.498
2555,2.351,2.502
2556,2.297,2.498
2557,2.273,2.502
2558,2.239,2.502
2559,2.243,2.502
2560,2.234,2.502
2561,2.219,2.502
2562,2.229,2.502
2563,2.224,2.502
2564,2.312,2.502
2565,2.6,2.502
2566,2.957,2.502
2567,3.133,2.502
2568,3.177,2.502
2569,3.06,2.502
2570,2.908,2.502
2571,2.727,2.502
2572,2.62,2.502
2573,2.517,2.507
2574,2.463,2.502
2575,2.429,2.507
2576,2.449,2.507
2577,2.473,2.502
2578,2.449,2.507
2579,2.424,2.507
2580,2.331,2.507
2581,2.326,2.507
2582,2.302,2.507
2583,2.263,2.507
2584,2.248,2.507
2585,2.195,2.507
2586,2.185,2.507
2587,2.175,2.507
2588,2.195,2.507
2589,2.199,2.507
2590,2.165,2.507
2591,2.195,2.507
2592,2.346,2.507
2593,2.664,2.507
2594,3.055,2.507
2595,3.255,2.507
2596,3.25,2.507
2597,3.109,2.507
2598,2.942,2.512
2599,2.82,2.507
2600,2.708,2.512
2601,2.581,2.512
2602,2.517,2.512
2603,2.498,2.512
2604,2.517,2.512
2605,2.512,2.512
2606,2.478,2.512
2607,2.424,2.512
2608,2.395,2.512
2609,2.351,2.512
2610,2.302,2.512
2611,2.258,2.512
2612,2.248,2.512
2613,2.214,2.512
2614,2.204,2.512
2615,2.209,2.512
2616,2.195,2.512
2617,2.18,2.512
2618,2.19,2.512
2619,2.175,2.512
2620,2.165,2.512
2621,2.18,2.517
2622,2.39,2.512
2623,2.766,2.517
2624,3.109,2.517
2625,3.27,2.517
2626,3.236,2.517
2627,3.079,2.517
2628,2.893,2.517
2629,2.722,2.517
2630,2.625,2.517
2631,2.517,2.517
2632,2.483,2.517
2633,2.483,2.517
2634,2.493,2.517
2635,2.473,2.517
2636,2.493,2.517
2637,2.454,2.517
2638,2.414,2.517
2639,2.366,2.517
2640,2.322,2.517
2641,2.258,2.517
2642,2.229,2.522
2643,2.229,2.517
2644,2.204,2.522
2645,2.209,2.517
2646,2.195,2.522
2647,2.18,2.517
2648,2.19,2.522
2649,2.175,2.522
2650,2.209,2.522
2651,2.434,2.522
2652,2.825,2.522
2653,3.133,2.522
2654,3.24,2.522
2655,3.162,2.522
2656,2.977,2.522
2657,2.835,2.522
2658,2.688,2.522
2659,2.6,2.522
2660,2.507,2.522
2661,2.458,2.522
2662,2.458,2.522
2663,2.488,2.522
2664,2.502,2.522
2665,2.454,2.527
2666,2.454,2.522
2667,2.4,2.527
2668,2.351,2.522
2669,2.297,2.527
2670,2.273,2.527
2671,2.248,2.522
2672,2.243,2.527
2673,2.248,2.527
2674,2.214,2.527
2675,2.19,2.527
2676,2.195,2.527
2677,2.204,2.527
2678,2.283,2.527
2679,2.566,2.527
2680,2.908,2.527
2681,3.133,2.527
2682,3.167,2.527
2683,3.045,2.527
2684,2.854,2.527
2685,2.698,2.527
2686,2.581,2.527
2687,2.473,2.527
2688,2.439,2.527
2689,2.444,2.527
2690,2.498,2.532
2691,2.483,2.527
2692,2.458,2.527
2693,2.434,2.527
2694,2.385,2.527
2695,2.341,2.532
2696,2.287,2.527
2697,2.268,2.532
2698,2.224,2.527
2699,2.214,2.532
2700,2.195,2.527
2701,2.199,2.527
2702,2.18,2.532
2703,2.195,2.527
2704,2.185,2.532
2705,2.263,2.527
2706,2.561,2.532
2707,2.942,2.527
2708,3.226,2.527
2709,3.299,2.532
2710,3.187,2.527
2711,3.03,2.532
2712,2.884,2.527
2713,2.757,2.532
2714,2.644,2.527
2715,2.561,2.527
2716,2.512,2.532
2717,2.507,2.527
2718,2.542,2.532
2719,2.532,2.527
2720,2.493,2.532
2721,2.439,2.527
2722,2.361,2.527
2723,2.322,2.532
2724,2.273,2.527
2725,2.263,2.532
2726,2.253,2.527
2727,2.239,2.532
2728,2.219,2.527
2729,2.199,2.532
2730,2.175,2.527
2731,2.199,2.527
2732,2.175,2.527
2733,2.155,2.527
2734,2.219,2.527
2735,2.498,2.527
2736,2.879,2.532
2737,3.196,2.527
2738,3.294,2.527
2739,3.221,2.532
2740,3.06,2.527
2741,2.903,2.532
2742,2.786,2.527
2743,2.674,2.532
2744,2.6,2.527
2745,2.532,2.532
2746,2.483,2.532
2747,2.507,2.527
2748,2.502,2.527
2749,2.468,2.527
2750,2.444,2.532
2751,2.395,2.527
2752,2.331,2.532
2753,2.283,2.527
2754,2.248,2.527
2755,2.229,2.527
2756,2.204,2.527
2757,2.209,2.527
2758,2.204,2.527
2759,2.19,2.532
2760,2.17,2.527
2761,2.17,2.532
2762,2.239,2.532
2763,2.537,2.537
2764,2.942,2.542
2765,3.216,2.542
2766,3.27,2.546
2767,3.152,2.546
2768,3.006,2.546
2769,2.84,2.551
2770,2.698,2.556
2771,2.615,2.561
2772,2.522,2.561
2773,2.439,2.576
2774,2.424,2.581
2775,2.493,2.59
2776,2.458,2.6
2777,2.429,2.605
2778,2.405,2.615
2779,2.326,2.62
2780,2.273,2.63
2781,2.268,2.634
2782,2.234,2.644
2783,2.243,2.649
2784,2.199,2.659
2785,2.214,2.669
2786,2.312,2.678
2787,2.595,2.688
2788,2.937,2.693
2789,3.157,2.703
2790,3.172,2.703
2791,3.016,2.713
2792,2.893,2.717
2793,2.771,2.717
2794,2.61,2.722
2795,2.537,2.727
2796,2.468,2.732
2797,2.488,2.732
2798,2.507,2.737
2799,2.522,2.742
2800,2.502,2.742
2801,2.473,2.747
2802,2.458,2.747
2803,2.37,2.747
2804,2.331,2.742
2805,2.263,2.747
2806,2.258,2.742
2807,2.234,2.742
2808,2.214,2.742
2809,2.317,2.742
2810,2.625,2.742
2811,3.011,2.742
2812,3.245,2.742
2813,3.28,2.742
2814,3.167,2.742
2815,2.991,2.737
2816,2.859,2.737
2817,2.708,2.732
2818,2.6,2.727
2819,2.537,2.727
2820,2.517,2.722
2821,2.502,2.717
2822,2.483,2.713
2823,2.478,2.713
2824,2.439,2.708
2825,2.4,2.708
2826,2.38,2.708
2827,2.307,2.703
2828,2.273,2.703
2829,2.229,2.703
2830,2.229,2.703
2831,2.199,2.698
2832,2.204,2.698
2833,2.214,2.698
2834,2.258,2.698
2835,2.566,2.698
2836,2.962,2.698
2837,3.255,2.698
2838,3.348,2.698
2839,3.27,2.693
2840,3.128,2.693
2841,2.972,2.693
2842,2.845,2.693
2843,2.717,2.693
2844,2.605,2.693
2845,2.556,2.688
2846,2.502,2.693
2847,2.502,2.693
2848,2.473,2.693
2849,2.478,2.693
2850,2.444,2.693
2851,2.341,2.693
2852,2.322,2.688
2853,2.263,2.693
2854,2.219,2.688
2855,2.199,2.693
2856,2.209,2.688
2857,2.195,2.688
2858,2.18,2.693
2859,2.17,2.688
2860,2.16,2.693
2861,2.18,2.688
2862,2.414,2.693
2863,2.805,2.693
2864,3.099,2.693
2865,3.255,2.693
2866,3.182,2.688
2867,3.025,2.693
2868,2.869,2.688
2869,2.732,2.688
2870,2.634,2.688
2871,2.507,2.688
2872,2.454,2.688
2873,2.449,2.688
2874,2.449,2.688
2875,2.414,2.688
2876,2.39,2.688
2877,2.361,2.688
2878,2.331,2.688
2879,2.283,2.683
2880,2.229,2.683
2881,2.195,2.683
2882,2.19,2.683
2883,2.165,2.683
2884,2.146,2.683
2885,2.175,2.683
2886,2.155,2.678
2887,2.151,2.683
2888,2.151,2.683
2889,2.287,2.678
2890,2.644,2.678
2891,2.962,2.678
2892,3.104,2.683
2893,3.06,2.678
2894,2.908,2.678
2895,2.757,2.678
2896,2.644,2.678
2897,2.517,2.678
2898,2.444,2.678
2899,2.439,2.678
2900,2.458,2.678
2901,2.449,2.678
2902,2.429,2.678
2903,2.405,2.678
2904,2.356,2.678
2905,2.317,2.678
2906,2.302,2.678
2907,2.229,2.678
2908,2.229,2.678
2909,2.209,2.678
2910,2.16,2.678
2911,2.16,2.678
2912,2.302,2.678
2913,2.576,2.678
2914,2.942,2.674
2915,3.128,2.678
2916,3.128,2.674
2917,3.021,2.674
2918,2.869,2.678
2919,2.722,2.674
2920,2.6,2.674
2921,2.488,2.674
2922,2.414,2.674
2923,2.395,2.674
2924,2.405,2.674
2925,2.419,2.674
2926,2.366,2.674
2927,2.366,2.674
2928,2.351,2.674
2929,2.292,2.674
2930,2.243,2.669
2931,2.185,2.674
2932,2.16,2.669
2933,2.141,2.674
2934,2.146,2.669
2935,2.151,2.669
2936,2.136,2.674
2937,2.155,2.669
2938,2.307,2.674
2939,2.625,2.669
2940,2.962,2.674
2941,3.143,2.669
2942,3.138,2.669
2943,3.025,2.669
2944,2.884,2.669
2945,2.781,2.669
2946,2.683,2.669
2947,2.576,2.669
2948,2.498,2.669
2949,2.434,2.669
2950,2.429,2.669
2951,2.449,2.669
2952,2.463,2.669
2953,2.424,2.669
2954,2.366,2.669
2955,2.307,2.669
2956,2.258,2.669
2957,2.234,2.669
2958,2.204,2.669
2959,2.175,2.669
2960,2.19,2.669
2961,2.185,2.669
2962,2.165,2.669
2963,2.151,2.669
2964,2.165,2.669
2965,2.278,2.664
2966,2.595,2.669
2967,2.933,2.669
2968,3.099,2.669
2969,3.113,2.669
2970,2.991,2.669
2971,2.845,2.669
2972,2.713,2.664
2973,2.63,2.669
2974,2.546,2.664
2975,2.449,2.669
2976,2.419,2.664
2977,2.395,2.664
2978,2.385,2.664
2979,2.361,2.664
2980,2.356,2.664
2981,2.317,2.664
2982,2.253,2.664
2983,2.248,2.664
2984,2.229,2.664
2985,2.214,2.664
2986,2.204,2.664
2987,2.185,2.664
2988,2.146,2.659
2989,2.165,2.664
2990,2.16,2.659
2991,2.18,2.659
2992,2.283,2.659
2993,2.615,2.659
2994,2.918,2.659
2995,3.05,2.659
2996,3.021,2.659
2997,2.908,2.659
2998,2.752,2.659
2999,2.63,2.659
3000,2.507,2.659
3001,2.395,2.659
3002,2.37,2.659
3003,2.424,2.659
3004,2.419,2.654
3005,2.405,2.659
3006,2.434,2.654
3007,2.361,2.659
3008,2.361,2.659
3009,2.302,2.659
3010,2.268,2.659
3011,2.229,2.659
3012,2.229,2.659
3013,2.214,2.659
3014,2.239,2.659
3015,2.199,2.659
3016,2.18,2.659
3017,2.341,2.659
3018,2.683,2.659
3019,2.991,2.659
3020,3.118,2.659
3021,3.104,2.659
3022,2.957,2.659
3023,2.825,2.659
3024,2.698,2.659
3025,2.483,2.659
3026,2.39,2.659
3027,2.385,2.659
3028,2.434,2.659
3029,2.449,2.659
3030,2.41,2.659
3031,2.38,2.659
3032,2.361,2.659
3033,2.302,2.654
3034,2.258,2.659
3035,2.234,2.654
3036,2.199,2.659
3037,2.204,2.654
3038,2.19,2.654
3039,2.185,2.654
3040,2.209,2.654
3041,2.199,2.654
3042,2.16,2.654
3043,2.165,2.654
3044,2.331,2.654
3045,2.674,2.654
3046,3.006,2.654
3047,3.192,2.654
3048,3.177,2.654
3049,3.06,2.654
3050,2.889,2.659
3051,2.786,2.654
3052,2.669,2.659
3053,2.59,2.654
3054,2.537,2.659
3055,2.473,2.659
3056,2.512,2.654
3057,2.493,2.659
3058,2.473,2.654
3059,2.454,2.659
3060,2.4,2.659
3061,2.37,2.659
3062,2.312,2.654
3063,2.292,2.654
3064,2.287,2.654
3065,2.273,2.649
3066,2.268,2.654
3067,2.248,2.649
3068,2.219,2.649
3069,2.214,2.649
3070,2.199,2.649
3071,2.175,2.649
3072,2.209,2.649
3073,2.434,2.649
3074,2.781,2.649
3075,3.03,2.649
3076,3.187,2.644
3077,3.113,2.644
3078,2.977,2.644
3079,2.805,2.639
3080,2.698,2.639
3081,2.595,2.639
3082,2.488,2.639
3083,2.449,2.639
3084,2.439,2.639
3085,2.449,2.639
3086,2.458,2.639
3087,2.429,2.639
3088,2.429,2.639
3089,2.395,2.639
3090,2.356,2.639
3091,2.346,2.639
3092,2.278,2.639
3093,2.253,2.639
3094,2.224,2.639
3095,2.229,2.639
3096,2.204,2.639
3097,2.199,2.639
3098,2.302,2.639
3099,2.634,2.639
3100,2.913,2.639
3101,3.109,2.639
3102,3.123,2.639
3103,2.991,2.639
3104,2.796,2.639
3105,2.698,2.639
3106,2.576,2.639
3107,2.468,2.639
3108,2.366,2.639
3109,2.419,2.639
3110,2.458,2.639
3111,2.498,2.639
3112,2.498,2.639
3113,2.473,2.639
3114,2.424,2.639
3115,2.375,2.639
3116,2.326,2.639
3117,2.258,2.639
3118,2.263,2.639
3119,2.253,2.639
3120,2.263,2.639
3121,2.268,2.639
3122,2.449,2.639
3123,2.776,2.639
3124,3.094,2.639
3125,3.206,2.639
3126,3.157,2.639
3127,3.001,2.639
3128,2.864,2.639
3129,2.752,2.639
3130,2.659,2.639
3131,2.551,2.639
3132,2.512,2.639
3133,2.468,2.639
3134,2.502,2.639
3135,2.483,2.639
3136,2.473,2.639
3137,2.434,2.639
3138,2.385,2.639
3139,2.326,2.639
3140,2.312,2.639
3141,2.258,2.639
3142,2.248,2.639
3143,2.234,2.639
3144,2.224,2.639
3145,2.219,2.639
3146,2.219,2.639
3147,2.204,2.639
3148,2.195,2.639
3149,2.278,2.639
3150,2.6,2.639
3151,3.177,2.639
3152,3.304,2.639
3153,3.275,2.639
3154,3.123,2.644
3155,2.942,2.639
3156,2.815,2.644
3157,2.659,2.639
3158,2.615,2.644
3159,2.546,2.644
3160,2.527,2.644
3161,2.542,2.644
3162,2.551,2.644
3163,2.527,2.644
3164,2.463,2.644
3165,2.434,2.644
3166,2.38,2.644
3167,2.322,2.644
3168,2.278,2.644
3169,2.263,2.644
3170,2.234,2.644
3171,2.224,2.644
3172,2.224,2.644
3173,2.214,2.644
3174,2.214,2.644
3175,2.204,2.644
3176,2.214,2.644
3177,2.17,2.644
3178,2.199,2.644
3179,2.39,2.644
3180,2.781,2.644
3181,3.138,2.644
3182,3.275,2.644
3183,3.255,2.644
3184,3.084,2.644
3185,2.903,2.644
3186,2.781,2.644
3187,2.659,2.644
3188,2.576,2.644
3189,2.517,2.644
3190,2.488,2.644
3191,2.502,2.644
3192,2.512,2.644
3193,2.502,2.644
3194,2.468,2.644
3195,2.424,2.644
3196,2.361,2.639
3197,2.312,2.644
3198,2.263,2.639
3199,2.229,2.639
3200,2.229,2.644
3201,2.224,2.639
3202,2.204,2.644
3203,2.209,2.639
3204,2.204,2.644
3205,2.165,2.639
3206,2.185,2.639
3207,2.19,2.639
3208,2.263,2.639
3209,2.561,2.639
3210,2.957,2.634
3211,3.206,2.639
3212,3.255,2.634
3213,3.143,2.634
3214,2.967,2.634
3215,2.796,2.63
3216,2.683,2.63
3217,2.571,2.63
3218,2.512,2.63
3219,2.473,2.625
3220,2.468,2.625
3221,2.478,2.625
3222,2.502,2.62
3223,2.488,2.62
3224,2.454,2.62
3225,2.41,2.62
3226,2.356,2.615
3227,2.312,2.615
3228,2.263,2.615
3229,2.229,2.615
3230,2.224,2.615
3231,2.229,2.615
3232,2.219,2.615
3233,2.209,2.615
3234,2.155,2.615
3235,2.16,2.615
3236,2.16,2.61
3237,2.429,2.61
3238,2.805,2.605
3239,3.074,2.605
3240,3.192,2.6
3241,3.089,2.595
3242,2.893,2.59
3243,2.713,2.586
3244,2.581,2.586
3245,2.478,2.586
3246,2.405,2.586
3247,2.414,2.581
3248,2.473,2.586
3249,2.512,2.581
3250,2.502,2.581
3251,2.468,2.586
3252,2.434,2.581
3253,2.395,2.586
3254,2.375,2.581
3255,2.317,2.586
3256,2.278,2.581
3257,2.234,2.581
3258,2.229,2.581
3259,2.234,2.581
3260,2.219,2.581
3261,2.224,2.581
3262,2.336,2.581
3263,2.664,2.576
3264,3.035,2.581
3265,3.216,2.581
3266,3.216,2.581
3267,3.099,2.581
3268,2.923,2.581
3269,2.766,2.581
3270,2.674,2.581
3271,2.561,2.581
3272,2.502,2.581
3273,2.483,2.581
3274,2.488,2.581
3275,2.498,2.576
3276,2.478,2.581
3277,2.454,2.581
3278,2.419,2.581
3279,2.375,2.581
3280,2.351,2.581
3281,2.292,2.581
3282,2.263,2.581
3283,2.229,2.576
3284,2.229,2.576
3285,2.219,2.576
3286,2.209,2.581
3287,2.199,2.581
3288,2.204,2.581
3289,2.19,2.581
3290,2.224,2.581
3291,2.419,2.586
3292,2.805,2.586
3293,3.157,2.586
3294,3.333,2.586
3295,3.265,2.586
3296,3.138,2.586
3297,2.957,2.586
3298,2.815,2.586
3299,2.698,2.586
3300,2.615,2.59
3301,2.576,2.59
3302,2.551,2.59
3303,2.551,2.59
3304,2.537,2.59
3305,2.522,2.595
3306,2.493,2.59
3307,2.449,2.595
3308,2.39,2.595
3309,2.331,2.595
3310,2.302,2.595
3311,2.268,2.595
3312,2.243,2.595
3313,2.214,2.595
3314,2.204,2.6
3315,2.204,2.595
3316,2.204,2.6
3317,2.195,2.6
3318,2.17,2.595
3319,2.199,2.6
3320,2.522,2.6
3321,2.928,2.6
3322,3.211,2.6
3323,3.319,2.6
3324,3.226,2.605
3325,3.03,2.605
3326,2.835,2.605
3327,2.688,2.61
3328,2.61,2.61
3329,2.517,2.615
3330,2.488,2.62
3331,2.502,2.62
3332,2.498,2.625
3333,2.478,2.625
3334,2.498,2.63
3335,2.458,2.63
3336,2.4,2.63
3337,2.351,2.634
3338,2.307,2.634
3339,2.273,2.639
3340,2.229,2.639
3341,2.224,2.644
3342,2.229,2.649
3343,2.219,2.649
3344,2.199,2.654
3345,2.199,2.659
3346,2.17,2.664
3347,2.16,2.669
3348,2.39,2.674
3349,2.805,2.678
3350,3.128,2.683
3351,3.255,2.688
3352,3.201,2.688
3353,3.04,2.693
3354,2.869,2.693
3355,2.659,2.698
3356,2.512,2.703
3357,2.468,2.703
3358,2.449,2.708
3359,2.473,2.713
3360,2.483,2.713
3361,2.488,2.717
3362,2.458,2.717
3363,2.429,2.722
3364,2.38,2.722
3365,2.346,2.727
3366,2.287,2.727
3367,2.253,2.727
3368,2.248,2.732
3369,2.209,2.732
3370,2.243,2.732
3371,2.229,2.732
3372,2.214,2.737
3373,2.287,2.737
3374,2.605,2.737
3375,2.962,2.737
3376,3.167,2.737
3377,3.201,2.742
3378,3.045,2.737
3379,2.918,2.742
3380,2.771,2.742
3381,2.59,2.742
3382,2.493,2.742
3383,2.429,2.737
3384,2.444,2.737
3385,2.473,2.737
3386,2.517,2.737
3387,2.483,2.732
3388,2.434,2.732
3389,2.38,2.732
3390,2.346,2.732
3391,2.317,2.732
3392,2.258,2.727
3393,2.224,2.727
3394,2.19,2.727
3395,2.185,2.727
3396,2.19,2.727
3397,2.18,2.727
3398,2.253,2.727
3399,2.546,2.722
3400,2.923,2.727
3401,3.177,2.722
3402,3.148,2.722
3403,3.011,2.722
3404,2.864,2.717
3405,2.742,2.717
3406,2.639,2.717
3407,2.522,2.717
3408,2.473,2.717
3409,2.468,2.713
3410,2.473,2.717
3411,2.458,2.713
3412,2.449,2.717
3413,2.39,2.713
3414,2.341,2.713
3415,2.292,2.713
3416,2.229,2.713
3417,2.224,2.713
3418,2.195,2.713
3419,2.185,2.713
3420,2.185,2.713
3421,2.19,2.713
3422,2.16,2.713
3423,2.224,2.713
3424,2.478,2.713
3425,2.854,2.713
3426,3.128,2.713
3427,3.226,2.713
3428,3.162,2.713
3429,2.996,2.713
3430,2.849,2.708
3431,2.698,2.713
3432,2.576,2.708
3433,2.483,2.713
3434,2.434,2.708
3435,2.419,2.713
3436,2.429,2.708
3437,2.439,2.708
3438,2.419,2.713
3439,2.38,2.708
3440,2.322,2.708
3441,2.297,2.708
3442,2.248,2.708
3443,2.209,2.708
3444,2.18,2.713
3445,2.175,2.708
3446,2.151,2.708
3447,2.18,2.708
3448,2.155,2.708
3449,2.155,2.708
3450,2.151,2.708
3451,2.239,2.708
3452,2.546,2.708
3453,2.918,2.708
3454,3.167,2.708
3455,3.201,2.708
3456,3.069,2.708
3457,2.889,2.708
3458,2.732,2.708
3459,2.61,2.708
3460,2.468,2.708
3461,2.4,2.708
3462,2.38,2.708
3463,2.414,2.708
3464,2.414,2.708
3465,2.414,2.708
3466,2.434,2.708
3467,2.405,2.708
3468,2.331,2.708
3469,2.326,2.708
3470,2.287,2.708
3471,2.239,2.703
3472,2.214,2.703
3473,2.219,2.703
3474,2.229,2.703
3475,2.224,2.703
3476,2.229,2.698
3477,2.39,2.698
3478,2.752,2.698
3479,3.045,2.698
3480,3.167,2.693
3481,3.138,2.693
3482,2.947,2.693
3483,2.805,2.693
3484,2.639,2.693
3485,2.502,2.693
3486,2.419,2.693
3487,2.41,2.688
3488,2.37,2.688
3489,2.439,2.688
3490,2.444,2.683
3491,2.41,2.683
3492,2.395,2.683
3493,2.341,2.683
3494,2.322,2.678
3495,2.273,2.678
3496,2.234,2.678
3497,2.195,2.678
3498,2.199,2.678
3499,2.141,2.678
3500,2.141,2.678
3501,2.151,2.678
3502,2.326,2.678
3503,2.644,2.678
3504,3.069,2.678
3505,3.216,2.678
3506,3.26,2.678
3507,3.133,2.678
3508,2.937,2.674
3509,2.781,2.678
3510,2.674,2.674
3511,2.595,2.678
3512,2.517,2.674
3513,2.488,2.678
3514,2.502,2.678
3515,2.502,2.678
3516,2.483,2.678
3517,2.473,2.678
3518,2.39,2.678
3519,2.37,2.678
3520,2.273,2.678
3521,2.283,2.678
3522,2.229,2.678
3523,2.204,2.678
3524,2.18,2.678
3525,2.19,2.678
3526,2.185,2.678
3527,2.175,2.678
3528,2.253,2.678
3529,2.59,2.678
3530,2.967,2.678
3531,3.216,2.678
3532,3.24,2.678
3533,3.162,2.678
3534,2.996,2.678
3535,2.83,2.678
3536,2.742,2.678
3537,2.551,2.678
3538,2.498,2.678
3539,2.439,2.678
3540,2.434,2.678
3541,2.449,2.678
3542,2.463,2.678
3543,2.444,2.678
3544,2.41,2.678
3545,2.312,2.683
3546,2.292,2.678
3547,2.243,2.683
3548,2.204,2.678
3549,2.195,2.678
3550,2.195,2.678
3551,2.175,2.678
3552,2.17,2.683
3553,2.17,2.678
3554,2.16,2.683
3555,2.16,2.683
3556,2.283,2.683
3557,2.595,2.683
3558,2.972,2.683
3559,3.192,2.683
3560,3.167,2.683
3561,3.065,2.683
3562,2.889,2.683
3563,2.737,2.683
3564,2.6,2.683
3565,2.473,2.683
3566,2.424,2.683
3567,2.414,2.683
3568,2.405,2.683
3569,2.414,2.683
3570,2.424,2.683
3571,2.419,2.683
3572,2.385,2.683
3573,2.336,2.683
3574,2.278,2.683
3575,2.234,2.683
3576,2.204,2.683
3577,2.204,2.683
3578,2.195,2.683
3579,2.185,2.683
3580,2.19,2.683
3581,2.18,2.683
3582,2.175,2.683
3583,2.336,2.683
3584,2.678,2.683
3585,2.962,2.683
3586,3.138,2.683
3587,3.099,2.683
3588,2.967,2.683
3589,2.796,2.683
3590,2.669,2.683
3591,2.556,2.683
3592,2.454,2.683
3593,2.419,2.683
3594,2.434,2.683
3595,2.463,2.683
3596,2.454,2.683
3597,2.458,2.683
3598,2.414,2.683
3599,2.361,2.683
3600,2.312,2.683
3601,2.263,2.683
3602,2.239,2.683
3603,2.214,2.683
3604,2.204,2.683
3605,2.219,2.683
3606,2.19,2.678
3607,2.209,2.683
3608,2.38,2.678
3609,2.742,2.678
3610,3.089,2.678
3611,3.255,2.678
3612,3.221,2.678
3613,3.074,2.678
3614,2.893,2.678
3615,2.766,2.678
3616,2.654,2.678
3617,2.537,2.678
3618,2.454,2.678
3619,2.444,2.678
3620,2.449,2.678
3621,2.483,2.678
3622,2.449,2.678
3623,2.458,2.678
3624,2.405,2.678
3625,2.326,2.683
3626,2.243,2.678
3627,2.234,2.683
3628,2.258,2.678
3629,2.224,2.678
3630,2.209,2.678
3631,2.209,2.678
3632,2.195,2.683
3633,2.258,2.683
3634,2.522,2.683
3635,2.928,2.683
3636,3.172,2.683
3637,3.245,2.683
3638,3.167,2.683
3639,2.947,2.683
3640,2.81,2.683
3641,2.703,2.683
3642,2.527,2.683
3643,2.454,2.683
3644,2.424,2.683
3645,2.439,2.683
3646,2.439,2.683
3647,2.419,2.683
3648,2.4,2.683
3649,2.331,2.683
3650,2.307,2.683
3651,2.263,2.683
3652,2.219,2.683
3653,2.19,2.683
3654,2.19,2.683
3655,2.199,2.683
3656,2.155,2.683
3657,2.165,2.683
3658,2.336,2.683
3659,2.674,2.683
3660,3.006,2.683
3661,3.162,2.683
3662,3.109,2.683
3663,2.962,2.683
3664,2.786,2.683
3665,2.649,2.683
3666,2.517,2.683
3667,2.41,2.683
3668,2.39,2.683
3669,2.405,2.683
3670,2.424,2.683
3671,2.434,2.683
3672,2.439,2.683
3673,2.419,2.683
3674,2.346,2.683
3675,2.322,2.683
3676,2.268,2.683
3677,2.248,2.683
3678,2.239,2.683
3679,2.229,2.683
3680,2.204,2.683
3681,2.19,2.683
3682,2.322,2.683
3683,2.634,2.683
3684,2.991,2.683
3685,3.187,2.683
3686,3.177,2.683
3687,3.03,2.683
3688,2.869,2.683
3689,2.698,2.683
3690,2.512,2.683
3691,2.449,2.683
3692,2.41,2.683
3693,2.424,2.683
3694,2.444,2.683
3695,2.419,2.683
3696,2.429,2.683
3697,2.4,2.683
3698,2.366,2.683
3699,2.307,2.683
3700,2.239,2.683
3701,2.234,2.683
3702,2.214,2.683
3703,2.195,2.683
3704,2.19,2.683
3705,2.18,2.683
3706,2.248,2.688
3707,2.605,2.683
3708,2.981,2.683
3709,3.25,2.688
3710,3.294,2.683
3711,3.196,2.688
3712,3.001,2.683
3713,2.874,2.688
3714,2.752,2.683
3715,2.639,2.688
3716,2.537,2.688
3717,2.468,2.688
3718,2.488,2.688
3719,2.483,2.688
3720,2.483,2.688
3721,2.458,2.688
3722,2.434,2.688
3723,2.361,2.688
3724,2.307,2.688
3725,2.258,2.688
3726,2.234,2.688
3727,2.204,2.688
3728,2.204,2.688
3729,2.195,2.688
3730,2.204,2.688
3731,2.17,2.688
3732,2.199,2.688
3733,2.4,2.688
3734,2.791,2.688
3735,3.148,2.688
3736,3.309,2.688
3737,3.26,2.688
3738,3.118,2.688
3739,2.937,2.688
3740,2.791,2.688
3741,2.659,2.688
3742,2.566,2.688
3743,2.488,2.688
3744,2.468,2.688
3745,2.424,2.688
3746,2.463,2.688
3747,2.458,2.688
3748,2.424,2.688
3749,2.39,2.688
3750,2.302,2.688
3751,2.302,2.688
3752,2.273,2.688
3753,2.224,2.688
3754,2.195,2.688
3755,2.16,2.688
3756,2.18,2.688
3757,2.151,2.688
3758,2.175,2.688
3759,2.136,2.688
3760,2.199,2.688
3761,2.493,2.688
3762,2.923,2.688
3763,3.201,2.688
3764,3.27,2.688
3765,3.182,2.688
3766,2.996,2.688
3767,2.82,2.688
3768,2.693,2.688
3769,2.556,2.688
3770,2.468,2.688
3771,2.439,2.688
3772,2.458,2.688
3773,2.454,2.688
3774,2.463,2.688
3775,2.419,2.688
3776,2.4,2.688
3777,2.351,2.688
3778,2.317,2.688
3779,2.258,2.688
3780,2.204,2.688
3781,2.195,2.688
3782,2.175,2.688
3783,2.185,2.688
3784,2.18,2.688
3785,2.263,2.688
3786,2.566,2.688
3787,2.947,2.688
3788,3.148,2.693
3789,3.162,2.688
3790,2.996,2.693
3791,2.854,2.688
3792,2.708,2.688
3793,2.61,2.688
3794,2.483,2.688
3795,2.434,2.693
3796,2.4,2.688
3797,2.429,2.693
3798,2.434,2.693
3799,2.395,2.688
3800,2.37,2.693
3801,2.346,2.688
3802,2.297,2.693
3803,2.253,2.693
3804,2.204,2.693
3805,2.199,2.693
3806,2.175,2.693
3807,2.18,2.693
3808,2.195,2.693
3809,2.37,2.693
3810,2.786,2.693
3811,3.099,2.693
3812,3.231,2.693
3813,3.138,2.693
3814,3.021,2.693
3815,2.874,2.693
3816,2.713,2.693
3817,2.581,2.693
3818,2.493,2.693
3819,2.429,2.693
3820,2.419,2.693
3821,2.444,2.693
3822,2.458,2.693
3823,2.414,2.693
3824,2.361,2.693
3825,2.322,2.693
3826,2.287,2.693
3827,2.243,2.693
3828,2.219,2.693
3829,2.17,2.693
3830,2.175,2.693
3831,2.175,2.693
3832,2.17,2.693
3833,2.195,2.693
3834,2.419,2.693
3835,2.835,2.693
3836,3.148,2.693
3837,3.265,2.693
3838,3.196,2.693
3839,3.04,2.693
3840,2.845,2.693
3841,2.717,2.693
3842,2.595,2.693
3843,2.478,2.698
3844,2.458,2.693
3845,2.444,2.698
3846,2.434,2.693
3847,2.38,2.693
3848,2.414,2.698
3849,2.346,2.693
3850,2.312,2.698
3851,2.302,2.693
3852,2.253,2.698
3853,2.224,2.698
3854,2.17,2.698
3855,2.136,2.698
3856,2.19,2.698
3857,2.175,2.698
3858,2.155,2.698
3859,2.224,2.698
3860,2.473,2.698
3861,2.869,2.698
3862,3.143,2.698
3863,3.211,2.698
3864,3.109,2.698
3865,2.942,2.698
3866,2.727,2.698
3867,2.6,2.698
3868,2.512,2.698
3869,2.419,2.698
3870,2.405,2.698
3871,2.405,2.698
3872,2.41,2.698
3873,2.39,2.698
3874,2.385,2.698
3875,2.361,2.698
3876,2.297,2.698
3877,2.253,2.698
3878,2.243,2.698
3879,2.155,2.698
3880,2.16,2.703
3881,2.16,2.698
3882,2.151,2.703
3883,2.146,2.698
3884,2.361,2.703
3885,2.703,2.698
3886,3.021,2.703
3887,3.162,2.703
3888,3.104,2.703
3889,2.981,2.703
3890,2.776,2.698
3891,2.659,2.703
3892,2.473,2.703
3893,2.414,2.703
3894,2.38,2.703
3895,2.41,2.703
3896,2.419,2.703
3897,2.414,2.703
3898,2.39,2.703
3899,2.312,2.703
3900,2.273,2.703
3901,2.243,2.703
3902,2.214,2.703
3903,2.195,2.703
3904,2.16,2.703
3905,2.131,2.703
3906,2.243,2.703
3907,2.502,2.703
3908,2.869,2.703
3909,3.094,2.703
3910,3.172,2.703
3911,3.079,2.703
3912,2.918,2.703
3913,2.776,2.703
3914,2.644,2.703
3915,2.522,2.703
3916,2.414,2.703
3917,2.41,2.703
3918,2.4,2.703
3919,2.4,2.708
3920,2.395,2.703
3921,2.346,2.708
3922,2.356,2.703
3923,2.302,2.708
3924,2.253,2.708
3925,2.219,2.708
3926,2.185,2.708
3927,2.17,2.703
3928,2.17,2.708
3929,2.16,2.703
3930,2.155,2.708
3931,2.126,2.703
3932,2.234,2.708
3933,2.566,2.708
3934,2.913,2.708
3935,3.143,2.708
3936,3.192,2.708
3937,3.069,2.708
3938,2.903,2.708
3939,2.761,2.708
3940,2.644,2.703
3941,2.556,2.703
3942,2.439,2.703
3943,2.444,2.703
3944,2.449,2.703
3945,2.449,2.703
3946,2.429,2.703
3947,2.41,2.703
3948,2.336,2.703
3949,2.268,2.703
3950,2.209,2.703
3951,2.199,2.703
3952,2.195,2.698
3953,2.16,2.703
3954,2.17,2.698
3955,2.175,2.698
3956,2.175,2.698
3957,2.151,2.693
3958,2.155,2.693
3959,2.302,2.693
3960,2.63,2.693
3961,2.952,2.693
3962,3.109,2.698
3963,3.055,2.698
3964,2.937,2.698
3965,2.805,2.698
3966,2.659,2.703
3967,2.542,2.708
3968,2.439,2.713
3969,2.41,2.717
3970,2.405,2.717
3971,2.419,2.722
3972,2.429,2.722
3973,2.454,2.727
3974,2.419,2.727
3975,2.356,2.727
3976,2.307,2.732
3977,2.248,2.732
3978,2.273,2.737
3979,2.268,2.737
3980,2.239,2.737
3981,2.239,2.742
3982,2.219,2.742
3983,2.395,2.742
3984,2.713,2.742
3985,2.991,2.747
3986,3.113,2.747
3987,3.065,2.747
3988,2.937,2.747
3989,2.757,2.747
3990,2.644,2.747
3991,2.517,2.747
3992,2.41,2.747
3993,2.395,2.747
3994,2.4,2.747
3995,2.429,2.752
3996,2.454,2.747
3997,2.419,2.752
3998,2.385,2.747
3999,2.346,2.752
4000,2.278,2.752
4001,2.234,2.752
4002,2.219,2.757
4003,2.204,2.752
4004,2.155,2.757
4005,2.155,2.752
4006,2.19,2.757
4007,2.4,2.757
4008,2.761,2.757
4009,3.089,2.757
4010,3.157,2.757
4011,3.104,2.757
4012,2.967,2.757
4013,2.854,2.761
4014,2.732,2.757
4015,2.605,2.761
4016,2.512,2.761
4017,2.444,2.761
4018,2.458,2.761
4019,2.434,2.757
4020,2.449,2.761
4021,2.434,2.761
4022,2.385,2.761
4023,2.356,2.761
4024,2.302,2.757
4025,2.258,2.761
4026,2.243,2.757
4027,2.229,2.761
4028,2.234,2.761
4029,2.214,2.761
4030,2.204,2.761
4031,2.204,2.761
4032,2.571,2.761
4033,2.908,2.757
4034,3.148,2.761
4035,3.216,2.761
4036,3.109,2.761
4037,2.967,2.761
4038,2.815,2.757
4039,2.703,2.761
4040,2.571,2.757
4041,2.478,2.757
4042,2.419,2.757
4043,2.434,2.757
4044,2.449,2.757
4045,2.454,2.757
4046,2.429,2.757
4047,2.4,2.757
4048,2.302,2.757
4049,2.292,2.757
4050,2.258,2.757
4051,2.229,2.757
4052,2.199,2.757
4053,2.19,2.757
4054,2.16,2.757
4055,2.141,2.757
4056,2.136,2.757
4057,2.195,2.757
4058,2.414,2.757
4059,2.791,2.757
4060,3.065,2.757
4061,3.157,2.757
4062,3.099,2.757
4063,2.933,2.757
4064,2.781,2.757
4065,2.649,2.757
4066,2.532,2.757
4067,2.439,2.757
4068,2.414,2.757
4069,2.414,2.757
4070,2.429,2.757
4071,2.463,2.757
4072,2.424,2.757
4073,2.41,2.757
4074,2.375,2.757
4075,2.336,2.757
4076,2.273,2.757
4077,2.283,2.757
4078,2.278,2.757
4079,2.258,2.757
4080,2.229,2.757
4081,2.209,2.757
4082,2.273,2.757
4083,2.507,2.757
4084,2.879,2.757
4085,3.118,2.757
4086,3.187,2.757
4087,3.084,2.757
4088,2.937,2.757
4089,2.801,2.757
4090,2.664,2.757
4091,2.542,2.752
4092,2.449,2.757
4093,2.439,2.752
4094,2.458,2.757
4095,2.458,2.752
4096,2.454,2.757
4097,2.439,2.752
4098,2.405,2.752
4099,2.341,2.757
4100,2.287,2.752
4101,2.243,2.757
4102,2.219,2.752
4103,2.224,2.757
4104,2.195,2.752
4105,2.214,2.752
4106,2.185,2.752
4107,2.224,2.752
4108,2.483,2.752
4109,2.854,2.752
4110,3.177,2.752
4111,3.284,2.752
4112,3.231,2.752
4113,3.045,2.752
4114,2.913,2.752
4115,2.805,2.752
4116,2.722,2.747
4117,2.605,2.747
4118,2.546,2.747
4119,2.512,2.747
4120,2.507,2.747
4121,2.468,2.742
4122,2.478,2.747
4123,2.439,2.742
4124,2.39,2.742
4125,2.356,2.742
4126,2.317,2.742
4127,2.248,2.742
4128,2.204,2.742
4129,2.204,2.742
4130,2.224,2.742
4131,2.204,2.742
4132,2.199,2.742
4133,2.317,2.742
4134,2.654,2.742
4135,2.991,2.742
4136,3.196,2.742
4137,3.211,2.742
4138,3.065,2.742
4139,2.898,2.742
4140,2.781,2.742
4141,2.659,2.742
4142,2.542,2.742
4143,2.444,2.742
4144,2.444,2.742
4145,2.434,2.742
4146,2.449,2.742
4147,2.454,2.747
4148,2.414,2.742
4149,2.38,2.747
4150,2.322,2.742
4151,2.278,2.747
4152,2.248,2.742
4153,2.224,2.742
4154,2.214,2.742
4155,2.209,2.742
4156,2.195,2.742
4157,2.253,2.742
4158,2.727,2.742
4159,3.05,2.742
4160,3.187,2.742
4161,3.162,2.747
4162,3.011,2.742
4163,2.854,2.742
4164,2.717,2.742
4165,2.586,2.747
4166,2.458,2.742
4167,2.449,2.742
4168,2.439,2.742
4169,2.488,2.742
4170,2.478,2.747
4171,2.454,2.742
4172,2.405,2.747
4173,2.351,2.742
4174,2.307,2.742
4175,2.268,2.747
4176,2.219,2.742
4177,2.199,2.747
4178,2.195,2.742
4179,2.18,2.747
4180,2.263,2.742
4181,2.586,2.747
4182,2.957,2.742
4183,3.221,2.747
4184,3.26,2.747
4185,3.172,2.742
4186,3.011,2.747
4187,2.791,2.742
4188,2.708,2.747
4189,2.571,2.742
4190,2.429,2.747
4191,2.429,2.742
4192,2.424,2.747
4193,2.375,2.747
4194,2.444,2.742
4195,2.449,2.747
4196,2.4,2.742
4197,2.336,2.747
4198,2.283,2.742
4199,2.195,2.747
4200,2.214,2.747
4201,2.18,2.742
4202,2.195,2.747
4203,2.195,2.747
4204,2.175,2.747
4205,2.204,2.747
4206,2.41,2.747
4207,2.815,2.747
4208,3.167,2.747
4209,3.28,2.747
4210,3.201,2.747
4211,3.045,2.747
4212,2.864,2.747
4213,2.752,2.747
4214,2.649,2.747
4215,2.527,2.747
4216,2.449,2.747
4217,2.439,2.747
4218,2.444,2.747
4219,2.454,2.747
4220,2.444,2.752
4221,2.385,2.757
4222,2.361,2.757
4223,2.322,2.761
4224,2.239,2.761
4225,2.204,2.757
4226,2.131,2.757
4227,2.121,2.757
4228,2.151,2.757
4229,2.131,2.757
4230,2.126,2.757
4231,2.111,2.752
4232,2.136,2.752
4233,2.39,2.752
4234,2.761,2.752
4235,3.079,2.752
4236,3.182,2.752
4237,3.109,2.752
4238,2.933,2.747
4239,2.757,2.752
4240,2.6,2.747
4241,2.502,2.752
4242,2.39,2.747
4243,2.37,2.752
4244,2.375,2.752
4245,2.37,2.747
4246,2.395,2.752
4247,2.351,2.747
4248,2.317,2.752
4249,2.263,2.747
4250,2.214,2.752
4251,2.175,2.752
4252,2.16,2.752
4253,2.146,2.757
4254,2.116,2.757
4255,2.141,2.761
4256,2.146,2.761
4257,2.16,2.766
4258,2.331,2.766
4259,2.693,2.766
4260,3.006,2.766
4261,3.152,2.766
4262,3.099,2.761
4263,2.972,2.757
4264,2.815,2.757
4265,2.659,2.752
4266,2.527,2.757
4267,2.429,2.752
4268,2.419,2.752
4269,2.424,2.752
4270,2.444,2.752
4271,2.429,2.752
4272,2.395,2.747
4273,2.38,2.752
4274,2.317,2.752
4275,2.268,2.752
4276,2.214,2.757
4277,2.199,2.757
4278,2.17,2.757
4279,2.151,2.757
4280,2.146,2.757
4281,2.248,2.757
4282,2.532,2.761
4283,2.918,2.761
4284,3.167,2.761
4285,3.074,2.761
4286,2.864,2.761
4287,2.713,2.766
4288,2.532,2.766
4289,2.463,2.771
4290,2.419,2.771
4291,2.439,2.771
4292,2.434,2.771
4293,2.454,2.776
4294,2.405,2.776
4295,2.331,2.776
4296,2.263,2.781
4297,2.219,2.781
4298,2.199,2.781
4299,2.185,2.781
4300,2.195,2.781
4301,2.19,2.781
4302,2.209,2.781
4303,2.429,2.786
4304,2.81,2.786
4305,3.113,2.786
4306,3.221,2.786
4307,3.157,2.786
4308,2.991,2.786
4309,2.801,2.786
4310,2.664,2.786
4311,2.488,2.786
4312,2.41,2.786
4313,2.375,2.786
4314,2.366,2.786
4315,2.346,2.786
4316,2.37,2.786
4317,2.336,2.786
4318,2.278,2.786
4319,2.278,2.786
4320,2.229,2.786
4321,2.175,2.786
4322,2.17,2.786
4323,2.141,2.781
4324,2.16,2.786
4325,2.131,2.786
4326,2.141,2.786
4327,2.302,2.786
4328,2.674,2.781
4329,3.196,2.786
4330,3.123,2.786
4331,2.923,2.786
4332,2.703,2.786
4333,2.6,2.781
4334,2.488,2.786
4335,2.405,2.781
4336,2.41,2.781
4337,2.439,2.781
4338,2.463,2.781
4339,2.419,2.781
4340,2.351,2.781
4341,2.302,2.781
4342,2.248,2.781
4343,2.229,2.781
4344,2.199,2.781
4345,2.195,2.781
4346,2.18,2.781
4347,2.209,2.781
4348,2.439,2.781
4349,2.791,2.781
4350,3.065,2.781
4351,3.187,2.781
4352,3.109,2.781
4353,2.918,2.781
4354,2.727,2.781
4355,2.493,2.781
4356,2.4,2.781
4357,2.38,2.781
4358,2.4,2.781
4359,2.39,2.781
4360,2.395,2.781
4361,2.37,2.781
4362,2.331,2.781
4363,2.302,2.781
4364,2.224,2.781
4365,2.136,2.781
4366,2.175,2.781
4367,2.16,2.781
4368,2.155,2.781
4369,2.17,2.781
4370,2.165,2.781
4371,2.18,2.776
4372,2.414,2.781
4373,3.231,2.781
4374,3.289,2.776
4375,3.167,2.781
4376,3.016,2.776
4377,2.825,2.781
4378,2.708,2.776
4379,2.561,2.781
4380,2.468,2.776
4381,2.439,2.781
4382,2.454,2.776
4383,2.439,2.776
4384,2.405,2.776
4385,2.356,2.776
4386,2.322,2.776
4387,2.263,2.776
4388,2.219,2.776
4389,2.209,2.776
4390,2.204,2.776
4391,2.209,2.776
4392,2.17,2.776
4393,2.155,2.776
4394,2.209,2.781
4395,2.512,2.776
4396,2.913,2.781
4397,3.192,2.776
4398,3.284,2.781
4399,3.167,2.776
4400,2.786,2.776
4401,2.61,2.776
4402,2.512,2.776
4403,2.454,2.776
4404,2.434,2.776
4405,2.449,2.776
4406,2.463,2.776
4407,2.405,2.776
4408,2.375,2.776
4409,2.302,2.776
4410,2.243,2.776
4411,2.209,2.776
4412,2.195,2.776
4413,2.185,2.776
4414,2.17,2.776
4415,2.146,2.776
4416,2.141,2.776
4417,2.258,2.776
4418,2.512,2.776
4419,2.903,2.776
4420,3.167,2.776
4421,3.255,2.776
4422,3.143,2.776
4423,2.957,2.771
4424,2.766,2.776
4425,2.63,2.771
4426,2.468,2.771
4427,2.444,2.771
4428,2.463,2.771
4429,2.463,2.771
4430,2.473,2.771
4431,2.449,2.771
4432,2.41,2.771
4433,2.375,2.771
4434,2.312,2.771
4435,2.258,2.771
4436,2.229,2.771
4437,2.214,2.771
4438,2.229,2.771
4439,2.19,2.766
4440,2.219,2.771
4441,2.37,2.766
4442,2.752,2.771
4443,3.113,2.771
4444,3.201,2.771
4445,2.977,2.776
4446,2.81,2.776
4447,2.639,2.776
4448,2.522,2.781
4449,2.458,2.786
4450,2.454,2.796
4451,2.468,2.805
4452,2.483,2.82
4453,2.463,2.869
4454,2.419,2.889
4455,2.341,2.903
4456,2.307,2.923
4457,2.278,2.937
4458,2.234,2.952
4459,2.219,2.962
4460,2.199,2.972
4461,2.195,2.981
4462,2.199,2.986
4463,2.204,2.991
4464,2.37,2.996
4465,2.766,2.991
4466,3.157,2.991
4467,3.377,2.986
4468,3.358,2.986
4469,3.201,2.981
4470,2.84,2.962
4471,2.683,2.952
4472,2.576,2.937
4473,2.493,2.928
4474,2.483,2.923
4475,2.532,2.913
4476,2.537,2.908
4477,2.527,2.898
4478,2.488,2.898
4479,2.37,2.889
4480,2.297,2.889
4481,2.234,2.884
4482,2.229,2.884
4483,2.199,2.884
4484,2.214,2.879
4485,2.209,2.879
4486,2.19,2.879
4487,2.175,2.879
4488,2.546,2.879
4489,2.937,2.879
4490,3.216,2.879
4491,3.328,2.879
4492,3.236,2.879
4493,3.06,2.879
4494,2.864,2.879
4495,2.708,2.879
4496,2.61,2.879
4497,2.473,2.874
4498,2.473,2.879
4499,2.493,2.874
4500,2.483,2.874
4501,2.473,2.874
4502,2.424,2.874
4503,2.39,2.874
4504,2.331,2.874
4505,2.278,2.874
4506,2.17,2.869
4507,2.151,2.874
4508,2.204,2.869
4509,2.454,2.874
4510,2.869,2.869
4511,3.162,2.869
4512,3.24,2.869
4513,3.118,2.869
4514,2.942,2.869
4515,2.761,2.869
4516,2.644,2.869
4517,2.512,2.869
4518,2.449,2.869
4519,2.424,2.869
4520,2.429,2.869
4521,2.473,2.869
4522,2.488,2.869
4523,2.454,2.869
4524,2.424,2.869
4525,2.38,2.869
4526,2.322,2.869
4527,2.278,2.869
4528,2.263,2.869
4529,2.219,2.869
4530,2.239,2.869
4531,2.199,2.869
4532,2.253,2.869
4533,2.537,2.864
4534,2.923,2.869
4535,3.148,2.864
4536,3.255,2.864
4537,3.133,2.864
4538,2.947,2.864
4539,2.776,2.859
4540,2.639,2.859
4541,2.507,2.859
4542,2.454,2.859
4543,2.458,2.859
4544,2.483,2.859
4545,2.483,2.859
4546,2.454,2.854
4547,2.419,2.859
4548,2.361,2.854
4549,2.322,2.849
4550,2.258,2.84
4551,2.199,2.835
4552,2.209,2.825
4553,2.199,2.82
4554,2.165,2.815
4555,2.175,2.805
4556,2.185,2.801
4557,2.209,2.796
4558,2.361,2.791
4559,2.747,2.786
4560,3.123,2.781
4561,3.333,2.781
4562,3.319,2.776
4563,3.152,2.771
4564,3.001,2.766
4565,2.83,2.766
4566,2.713,2.766
4567,2.59,2.761
4568,2.517,2.761
4569,2.458,2.761
4570,2.498,2.761
4571,2.478,2.757
4572,2.478,2.757
4573,2.454,2.757
4574,2.38,2.757
4575,2.331,2.757
4576,2.258,2.757
4577,2.243,2.757
4578,2.185,2.757
4579,2.165,2.757
4580,2.136,2.757
4581,2.151,2.757
4582,2.19,2.757
4583,2.18,2.757
4584,2.18,2.757
4585,2.17,2.757
4586,2.268,2.761
4587,2.634,2.757
4588,3.011,2.761
4589,3.245,2.761
4590,3.26,2.761
4591,3.138,2.761
4592,2.942,2.761
4593,2.796,2.761
4594,2.708,2.761
4595,2.581,2.761
4596,2.493,2.761
4597,2.463,2.761
4598,2.424,2.761
4599,2.449,2.761
4600,2.439,2.761
4601,2.424,2.761
4602,2.39,2.761
4603,2.331,2.761
4604,2.307,2.761
4605,2.248,2.761
4606,2.204,2.761
4607,2.185,2.766
4608,2.18,2.761
4609,2.155,2.766
4610,2.155,2.766
4611,2.126,2.766
4612,2.155,2.766
4613,2.146,2.766
4614,2.273,2.766
4615,2.62,2.766
4616,2.977,2.766
4617,3.182,2.766
4618,3.182,2.766
4619,3.001,2.766
4620,2.854,2.766
4621,2.717,2.766
4622,2.615,2.766
4623,2.493,2.766
4624,2.439,2.766
4625,2.419,2.766
4626,2.424,2.766
4627,2.444,2.766
4628,2.424,2.766
4629,2.405,2.766
4630,2.361,2.766
4631,2.312,2.766
4632,2.283,2.766
4633,2.248,2.766
4634,2.239,2.771
4635,2.204,2.766
4636,2.165,2.771
4637,2.165,2.771
4638,2.165,2.771
4639,2.155,2.771
4640,2.312,2.771
4641,2.649,2.771
4642,2.986,2.771
4643,3.109,2.771
4644,3.094,2.771
4645,2.947,2.771
4646,2.81,2.776
4647,2.654,2.771
4648,2.532,2.776
4649,2.424,2.771
4650,2.41,2.776
4651,2.4,2.776
4652,2.444,2.776
4653,2.463,2.776
4654,2.454,2.771
4655,2.405,2.776
4656,2.346,2.771
4657,2.302,2.771
4658,2.268,2.771
4659,2.224,2.771
4660,2.239,2.771
4661,2.224,2.771
4662,2.199,2.771
4663,2.424,2.771
4664,2.757,2.771
4665,3.069,2.771
4666,3.25,2.771
4667,3.192,2.771
4668,3.045,2.771
4669,2.845,2.771
4670,2.717,2.771
4671,2.605,2.771
4672,2.512,2.771
4673,2.473,2.771
4674,2.449,2.771
4675,2.429,2.771
4676,2.458,2.771
4677,2.439,2.771
4678,2.39,2.771
4679,2.336,2.771
4680,2.307,2.771
4681,2.248,2.771
4682,2.214,2.771
4683,2.209,2.771
4684,2.209,2.771
4685,2.195,2.776
4686,2.18,2.771
4687,2.185,2.771
4688,2.322,2.771
4689,2.693,2.771
4690,3.065,2.776
4691,3.265,2.771
4692,3.275,2.771
4693,3.118,2.771
4694,2.957,2.776
4695,2.796,2.771
4696,2.722,2.776
4697,2.595,2.771
4698,2.527,2.771
4699,2.463,2.776
4700,2.444,2.771
4701,2.385,2.776
4702,2.395,2.771
4703,2.419,2.776
4704,2.4,2.771
4705,2.336,2.771
4706,2.278,2.776
4707,2.239,2.771
4708,2.19,2.776
4709,2.175,2.771
4710,2.17,2.776
4711,2.175,2.771
4712,2.175,2.771
4713,2.151,2.771
4714,2.155,2.771
4715,2.229,2.771
4716,2.556,2.771
4717,2.981,2.771
4718,3.25,2.771
4719,3.265,2.771
4720,3.143,2.771
4721,2.967,2.771
4722,2.801,2.771
4723,2.678,2.771
4724,2.561,2.771
4725,2.488,2.771
4726,2.429,2.776
4727,2.439,2.771
4728,2.463,2.771
4729,2.449,2.771
4730,2.419,2.771
4731,2.38,2.771
4732,2.317,2.771
4733,2.229,2.771
4734,2.229,2.771
4735,2.141,2.776
4736,2.17,2.776
4737,2.18,2.771
4738,2.18,2.776
4739,2.175,2.771
4740,2.165,2.776
4741,2.16,2.776
4742,2.278,2.776
4743,2.581,2.776
4744,2.981,2.776
4745,3.167,2.776
4746,3.143,2.776
4747,2.991,2.776
4748,2.82,2.776
4749,2.688,2.776
4750,2.571,2.776
4751,2.444,2.776
4752,2.405,2.776
4753,2.395,2.776
4754,2.405,2.776
4755,2.405,2.776
4756,2.41,2.776
4757,2.405,2.776
4758,2.366,2.776
4759,2.326,2.781
4760,2.292,2.776
4761,2.234,2.781
4762,2.199,2.776
4763,2.18,2.781
4764,2.19,2.781
4765,2.18,2.776
4766,2.19,2.781
4767,2.175,2.776
4768,2.283,2.781
4769,2.595,2.776
4770,2.962,2.781
4771,3.172,2.781
4772,3.187,2.781
4773,3.05,2.781
4774,2.874,2.781
4775,2.727,2.781
4776,2.59,2.781
4777,2.458,2.781
4778,2.424,2.781
4779,2.419,2.781
4780,2.434,2.781
4781,2.454,2.781
4782,2.419,2.781
4783,2.38,2.781
4784,2.317,2.781
4785,2.292,2.781
4786,2.258,2.781
4787,2.209,2.781
4788,2.195,2.781
4789,2.175,2.781
4790,2.195,2.781
4791,2.16,2.781
4792,2.18,2.781
4793,2.151,2.781
4794,2.219,2.781
4795,2.502,2.781
4796,2.908,2.781
4797,3.201,2.781
4798,3.27,2.786
4799,3.192,2.781
4800,3.025,2.786
4801,2.849,2.786
4802,2.722,2.781
4803,2.625,2.786
4804,2.551,2.781
4805,2.488,2.786
4806,2.468,2.781
4807,2.468,2.786
4808,2.458,2.781
4809,2.444,2.786
4810,2.429,2.781
4811,2.38,2.786
4812,2.326,2.786
4813,2.263,2.786
4814,2.199,2.786
4815,2.199,2.781
4816,2.19,2.786
4817,2.204,2.781
4818,2.229,2.786
4819,2.199,2.786
4820,2.165,2.786
4821,2.17,2.786
4822,2.253,2.786
4823,2.571,2.786
4824,2.986,2.786
4825,3.255,2.786
4826,3.289,2.786
4827,3.187,2.786
4828,2.996,2.786
4829,2.835,2.786
4830,2.703,2.786
4831,2.59,2.786
4832,2.546,2.786
4833,2.498,2.786
4834,2.502,2.786
4835,2.512,2.786
4836,2.488,2.786
4837,2.463,2.781
4838,2.414,2.781
4839,2.37,2.781
4840,2.317,2.776
4841,2.263,2.781
4842,2.224,2.781
4843,2.199,2.776
4844,2.204,2.781
4845,2.204,2.776
4846,2.19,2.781
4847,2.185,2.776
4848,2.175,2.781
4849,2.239,2.776
4850,2.561,2.781
4851,2.933,2.781
4852,3.211,2.776
4853,3.304,2.781
4854,3.182,2.776
4855,2.981,2.781
4856,2.815,2.781
4857,2.693,2.781
4858,2.586,2.781
4859,2.517,2.781
4860,2.488,2.781
4861,2.502,2.781
4862,2.483,2.781
4863,2.483,2.781
4864,2.444,2.781
4865,2.414,2.781
4866,2.375,2.781
4867,2.331,2.781
4868,2.287,2.781
4869,2.258,2.781
4870,2.219,2.781
4871,2.209,2.781
4872,2.224,2.781
4873,2.199,2.781
4874,2.185,2.781
4875,2.209,2.781
4876,2.41,2.781
4877,2.761,2.781
4878,3.06,2.781
4879,3.211,2.781
4880,3.148,2.781
4881,3.011,2.781
4882,2.81,2.781
4883,2.654,2.781
4884,2.532,2.781
4885,2.434,2.781
4886,2.434,2.781
4887,2.458,2.781
4888,2.458,2.781
4889,2.468,2.781
4890,2.449,2.781
4891,2.405,2.781
4892,2.361,2.781
4893,2.346,2.781
4894,2.297,2.781
4895,2.278,2.781
4896,2.248,2.781
4897,2.224,2.781
4898,2.224,2.781
4899,2.214,2.781
4900,2.195,2.781
4901,2.258,2.781
4902,2.6,2.781
4903,2.977,2.781
4904,3.226,2.781
4905,3.265,2.781
4906,3.162,2.781
4907,2.952,2.781
4908,2.805,2.781
4909,2.698,2.781
4910,2.537,2.781
4911,2.483,2.781
4912,2.454,2.781
4913,2.488,2.781
4914,2.512,2.781
4915,2.478,2.786
4916,2.429,2.781
4917,2.38,2.781
4918,2.322,2.781
4919,2.263,2.786
4920,2.248,2.781
4921,2.229,2.781
4922,2.199,2.786
4923,2.214,2.781
4924,2.16,2.786
4925,2.209,2.781
4926,2.175,2.786
4927,2.229,2.786
4928,2.463,2.786
4929,2.849,2.786
4930,3.157,2.786
4931,3.294,2.786
4932,3.221,2.786
4933,3.074,2.786
4934,2.947,2.786
4935,2.796,2.786
4936,2.674,2.786
4937,2.537,2.786
4938,2.502,2.786
4939,2.439,2.786
4940,2.434,2.786
4941,2.498,2.786
4942,2.439,2.786
4943,2.414,2.786
4944,2.346,2.786
4945,2.307,2.786
4946,2.278,2.786
4947,2.224,2.786
4948,2.209,2.786
4949,2.185,2.786
4950,2.18,2.786
4951,2.175,2.786
4952,2.185,2.786
4953,2.331,2.786
4954,2.63,2.786
4955,2.981,2.786
4956,3.157,2.786
4957,3.143,2.786
4958,3.016,2.786
4959,2.849,2.786
4960,2.698,2.786
4961,2.586,2.786
4962,2.454,2.786
4963,2.414,2.786
4964,2.424,2.786
4965,2.405,2.786
4966,2.424,2.786
4967,2.449,2.786
4968,2.395,2.786
4969,2.361,2.786
4970,2.312,2.786
4971,2.268,2.786
4972,2.243,2.786
4973,2.219,2.791
4974,2.199,2.786
4975,2.204,2.786
4976,2.38,2.786
4977,2.737,2.791
4978,3.06,2.791
4979,3.201,2.791
4980,3.138,2.791
4981,2.996,2.791
4982,2.835,2.791
4983,2.698,2.791
4984,2.551,2.791
4985,2.444,2.791
4986,2.424,2.791
4987,2.429,2.791
4988,2.463,2.791
4989,2.424,2.791
4990,2.419,2.791
4991,2.38,2.791
4992,2.341,2.791
4993,2.322,2.791
4994,2.273,2.791
4995,2.214,2.791
4996,2.209,2.791
4997,2.204,2.791
4998,2.419,2.791
4999,2.776,2.791
5000,3.118,2.791
5001,3.299,2.791
5002,3.275,2.791
5003,3.148,2.791
5004,2.986,2.791
5005,2.864,2.791
5006,2.722,2.791
5007,2.59,2.791
5008,2.517,2.791
5009,2.473,2.791
5010,2.468,2.791
5011,2.463,2.791
5012,2.439,2.791
5013,2.41,2.791
5014,2.361,2.791
5015,2.317,2.791
5016,2.263,2.791
5017,2.214,2.791
5018,2.19,2.791
5019,2.185,2.791
5020,2.185,2.791
5021,2.17,2.791
5022,2.351,2.791
5023,2.722,2.791
5024,3.094,2.791
5025,3.299,2.791
5026,3.319,2.791
5027,3.192,2.791
5028,3.045,2.791
5029,2.923,2.791
5030,2.786,2.791
5031,2.625,2.791
5032,2.522,2.786
5033,2.434,2.791
5034,2.439,2.786
5035,2.458,2.791
5036,2.439,2.786
5037,2.375,2.786
5038,2.39,2.786
5039,2.336,2.786
5040,2.243,2.791
5041,2.185,2.786
5042,2.136,2.786
5043,2.155,2.786
5044,2.121,2.786
5045,2.155,2.786
5046,2.131,2.786
5047,2.136,2.786
5048,2.136,2.786
5049,2.126,2.786
5050,2.136,2.786
5051,2.283,2.786
5052,2.654,2.786
5053,3.055,2.786
5054,3.284,2.786
5055,3.27,2.786
5056,3.138,2.786
5057,2.962,2.786
5058,2.815,2.786
5059,2.722,2.786
5060,2.586,2.786
5061,2.517,2.786
5062,2.478,2.786
5063,2.449,2.786
5064,2.434,2.781
5065,2.444,2.786
5066,2.41,2.786
5067,2.356,2.786
5068,2.322,2.786
5069,2.258,2.781
5070,2.239,2.786
5071,2.18,2.781
5072,2.165,2.786
5073,2.146,2.781
5074,2.131,2.786
5075,2.136,2.781
5076,2.126,2.781
5077,2.121,2.786
5078,2.111,2.781
5079,2.097,2.786
5080,2.116,2.781
5081,2.248,2.781
5082,2.6,2.781
5083,3.001,2.781
5084,3.182,2.786
5085,3.138,2.781
5086,3.016,2.786
5087,2.845,2.781
5088,2.713,2.786
5089,2.6,2.781
5090,2.488,2.781
5091,2.449,2.781
5092,2.429,2.781
5093,2.424,2.786
5094,2.439,2.781
5095,2.414,2.786
5096,2.385,2.781
5097,2.326,2.786
5098,2.258,2.781
5099,2.234,2.781
5100,2.199,2.781
5101,2.17,2.781
5102,2.151,2.786
5103,2.16,2.781
5104,2.151,2.781
5105,2.16,2.781
5106,2.155,2.781
5107,2.151,2.781
5108,2.131,2.781
5109,2.121,2.786
5110,2.322,2.781
5111,2.62,2.786
5112,2.967,2.781
5113,3.05,2.781
5114,3.001,2.786
5115,2.859,2.781
5116,2.717,2.786
5117,2.581,2.781
5118,2.429,2.786
5119,2.375,2.781
5120,2.39,2.786
5121,2.41,2.781
5122,2.439,2.786
5123,2.419,2.786
5124,2.405,2.786
5125,2.346,2.786
5126,2.312,2.781
5127,2.248,2.786
5128,2.209,2.781
5129,2.146,2.786
5130,2.151,2.781
5131,2.151,2.786
5132,2.146,2.786
5133,2.146,2.781
5134,2.18,2.786
5135,2.146,2.781
5136,2.185,2.786
5137,2.317,2.786
5138,2.693,2.786
5139,2.991,2.786
5140,3.148,2.786
5141,3.143,2.786
5142,2.962,2.786
5143,2.796,2.786
5144,2.683,2.786
5145,2.595,2.786
5146,2.498,2.786
5147,2.419,2.786
5148,2.4,2.786
5149,2.414,2.786
5150,2.439,2.786
5151,2.439,2.786
5152,2.414,2.786
5153,2.356,2.786
5154,2.312,2.786
5155,2.268,2.786
5156,2.219,2.786
5157,2.209,2.786
5158,2.18,2.786
5159,2.18,2.786
5160,2.146,2.786
5161,2.175,2.786
5162,2.16,2.786
5163,2.17,2.786
5164,2.16,2.786
5165,2.136,2.786
5166,2.253,2.786
5167,2.571,2.786
5168,2.937,2.786
5169,3.138,2.786
5170,3.143,2.786
5171,3.03,2.786
5172,2.898,2.791
5173,2.757,2.786
5174,2.669,2.786
5175,2.517,2.791
5176,2.478,2.791
5177,2.434,2.786
5178,2.449,2.791
5179,2.463,2.786
5180,2.449,2.791
5181,2.4,2.786
5182,2.366,2.791
5183,2.292,2.791
5184,2.273,2.786
5185,2.263,2.791
5186,2.209,2.786
5187,2.195,2.791
5188,2.165,2.786
5189,2.19,2.791
5190,2.19,2.791
5191,2.17,2.791
5192,2.175,2.791
5193,2.16,2.786
5194,2.151,2.791
5195,2.219,2.786
5196,2.507,2.791
5197,2.864,2.791
5198,3.109,2.791
5199,3.167,2.791
5200,3.074,2.791
5201,2.908,2.791
5202,2.757,2.791
5203,2.61,2.791
5204,2.561,2.786
5205,2.463,2.791
5206,2.454,2.786
5207,2.463,2.791
5208,2.468,2.791
5209,2.454,2.786
5210,2.434,2.791
5211,2.375,2.786
5212,2.341,2.791
5213,2.307,2.786
5214,2.253,2.786
5215,2.239,2.786
5216,2.224,2.786
5217,2.219,2.791
5218,2.204,2.786
5219,2.199,2.786
5220,2.195,2.786
5221,2.219,2.791
5222,2.419,2.786
5223,2.737,2.791
5224,2.981,2.791
5225,3.055,2.786
5226,3.006,2.791
5227,2.874,2.791
5228,2.757,2.791
5229,2.649,2.791
5230,2.551,2.791
5231,2.439,2.791
5232,2.444,2.791
5233,2.463,2.791
5234,2.488,2.791
5235,2.493,2.791
5236,2.473,2.791
5237,2.439,2.791
5238,2.395,2.791
5239,2.356,2.791
5240,2.341,2.791
5241,2.317,2.791
5242,2.307,2.791
5243,2.287,2.791
5244,2.268,2.791
5245,2.38,2.791
5246,2.678,2.791
5247,2.981,2.791
5248,3.187,2.791
5249,3.196,2.791
5250,3.109,2.791
5251,2.933,2.791
5252,2.791,2.791
5253,2.659,2.791
5254,2.566,2.791
5255,2.493,2.791
5256,2.522,2.791
5257,2.522,2.791
5258,2.542,2.791
5259,2.512,2.791
5260,2.478,2.791
5261,2.434,2.791
5262,2.39,2.791
5263,2.331,2.791
5264,2.292,2.791
5265,2.278,2.791
5266,2.253,2.791
5267,2.253,2.791
5268,2.248,2.791
5269,2.204,2.791
5270,2.37,2.791
5271,2.688,2.791
5272,3.055,2.791
5273,3.27,2.791
5274,3.324,2.791
5275,3.226,2.796
5276,3.089,2.791
5277,2.977,2.796
5278,2.849,2.791
5279,2.732,2.796
5280,2.63,2.791
5281,2.595,2.791
5282,2.566,2.796
5283,2.542,2.791
5284,2.527,2.796
5285,2.488,2.791
5286,2.473,2.796
5287,2.41,2.791
5288,2.366,2.796
5289,2.307,2.791
5290,2.268,2.796
5291,2.283,2.791
5292,2.268,2.796
5293,2.263,2.796
5294,2.258,2.791
5295,2.263,2.796
5296,2.444,2.796
5297,2.781,2.796
5298,3.128,2.796
5299,3.25,2.796
5300,3.25,2.796
5301,3.167,2.796
5302,2.996,2.796
5303,2.859,2.796
5304,2.737,2.796
5305,2.634,2.796
5306,2.556,2.796
5307,2.532,2.796
5308,2.527,2.796
5309,2.502,2.796
5310,2.483,2.796
5311,2.458,2.796
5312,2.39,2.796
5313,2.331,2.796
5314,2.297,2.796
5315,2.268,2.796
5316,2.234,2.796
5317,2.19,2.796
5318,2.195,2.796
5319,2.19,2.796
5320,2.19,2.796
5321,2.195,2.796
5322,2.302,2.796
5323,2.644,2.796
5324,2.977,2.796
5325,3.172,2.796
5326,3.167,2.796
5327,3.03,2.796
5328,2.884,2.796
5329,2.742,2.796
5330,2.625,2.796
5331,2.527,2.796
5332,2.473,2.796
5333,2.463,2.796
5334,2.424,2.796
5335,2.454,2.796
5336,2.449,2.796
5337,2.414,2.796
5338,2.39,2.796
5339,2.331,2.796
5340,2.263,2.796
5341,2.229,2.796
5342,2.214,2.796
5343,2.229,2.796
5344,2.243,2.796
5345,2.229,2.796
5346,2.234,2.796
5347,2.366,2.796
5348,2.678,2.796
5349,3.025,2.796
5350,3.216,2.796
5351,3.216,2.796
5352,3.089,2.796
5353,2.918,2.796
5354,2.796,2.796
5355,2.659,2.796
5356,2.527,2.796
5357,2.444,2.796
5358,2.449,2.796
5359,2.468,2.796
5360,2.473,2.796
5361,2.458,2.796
5362,2.429,2.796
5363,2.37,2.796
5364,2.312,2.796
5365,2.253,2.796
5366,2.239,2.796
5367,2.204,2.796
5368,2.185,2.796
5369,2.136,2.796
5370,2.16,2.796
5371,2.155,2.801
5372,2.219,2.796
5373,2.517,2.801
5374,2.933,2.796
5375,3.226,2.801
5376,3.28,2.796
5377,3.187,2.801
5378,3.055,2.796
5379,2.913,2.796
5380,2.815,2.796
5381,2.688,2.796
5382,2.595,2.796
5383,2.493,2.796
5384,2.473,2.796
5385,2.512,2.796
5386,2.488,2.796
5387,2.473,2.796
5388,2.424,2.796
5389,2.366,2.796
5390,2.322,2.796
5391,2.248,2.796
5392,2.214,2.796
5393,2.199,2.796
5394,2.185,2.796
5395,2.19,2.796
5396,2.195,2.796
5397,2.175,2.796
5398,2.18,2.796
5399,2.17,2.796
5400,2.449,2.796
5401,2.845,2.796
5402,3.148,2.796
5403,3.25,2.796
5404,3.187,2.796
5405,3.001,2.801
5406,2.889,2.796
5407,2.771,2.801
5408,2.654,2.796
5409,2.546,2.801
5410,2.498,2.796
5411,2.488,2.801
5412,2.478,2.801
5413,2.473,2.801
5414,2.444,2.801
5415,2.39,2.801
5416,2.326,2.801
5417,2.292,2.801
5418,2.224,2.801
5419,2.204,2.801
5420,2.175,2.801
5421,2.165,2.801
5422,2.146,2.801
5423,2.141,2.801
5424,2.16,2.801
5425,2.155,2.801
5426,2.307,2.801
5427,2.639,2.801
5428,2.957,2.801
5429,3.148,2.801
5430,3.113,2.801
5431,2.962,2.801
5432,2.84,2.796
5433,2.722,2.796
5434,2.586,2.796
5435,2.473,2.796
5436,2.434,2.796
5437,2.41,2.796
5438,2.41,2.796
5439,2.414,2.796
5440,2.405,2.796
5441,2.351,2.796
5442,2.307,2.796
5443,2.258,2.796
5444,2.214,2.796
5445,2.185,2.791
5446,2.155,2.791
5447,2.146,2.791
5448,2.141,2.791
5449,2.209,2.786
5450,2.502,2.786
5451,2.84,2.786
5452,3.06,2.786
5453,3.118,2.786
5454,3.021,2.781
5455,2.879,2.781
5456,2.742,2.781
5457,2.586,2.781
5458,2.444,2.781
5459,2.395,2.776
5460,2.361,2.776
5461,2.429,2.776
5462,2.463,2.771
5463,2.458,2.771
5464,2.41,2.766
5465,2.37,2.766
5466,2.297,2.757
5467,2.258,2.757
5468,2.209,2.752
5469,2.185,2.747
5470,2.175,2.747
5471,2.224,2.742
5472,2.458,2.742
5473,2.84,2.737
5474,3.128,2.732
5475,3.245,2.732
5476,3.187,2.727
5477,3.04,2.722
5478,2.923,2.722
5479,2.786,2.717
5480,2.63,2.717
5481,2.571,2.713
5482,2.527,2.708
5483,2.468,2.708
5484,2.517,2.703
5485,2.493,2.703
5486,2.463,2.698
5487,2.419,2.698
5488,2.361,2.693
5489,2.322,2.693
5490,2.292,2.688
5491,2.234,2.688
5492,2.209,2.688
5493,2.19,2.688
5494,2.346,2.683
5495,2.683,2.683
5496,3.06,2.683
5497,3.284,2.683
5498,3.314,2.683
5499,3.206,2.683
5500,3.06,2.683
5501,2.913,2.678
5502,2.776,2.678
5503,2.634,2.678
5504,2.522,2.678
5505,2.449,2.678
5506,2.458,2.678
5507,2.458,2.678
5508,2.424,2.678
5509,2.385,2.678
5510,2.351,2.674
5511,2.287,2.674
5512,2.239,2.678
5513,2.175,2.678
5514,2.185,2.678
5515,2.16,2.674
5516,2.219,2.678
5517,2.454,2.678
5518,2.815,2.678
5519,3.133,2.678
5520,3.211,2.678
5521,3.167,2.678
5522,3.03,2.674
5523,2.884,2.678
5524,2.781,2.678
5525,2.59,2.674
5526,2.512,2.678
5527,2.414,2.674
5528,2.434,2.674
5529,2.41,2.674
5530,2.4,2.674
5531,2.366,2.674
5532,2.346,2.674
5533,2.302,2.669
5534,2.253,2.669
5535,2.199,2.669
5536,2.136,2.669
5537,2.121,2.669
5538,2.229,2.664
5539,2.522,2.664
5540,2.908,2.664
5541,3.094,2.659
5542,3.148,2.659
5543,3.03,2.654
5544,2.845,2.654
5545,2.644,2.654
5546,2.488,2.654
5547,2.395,2.654
5548,2.37,2.659
5549,2.38,2.664
5550,2.375,2.674
5551,2.361,2.688
5552,2.322,2.703
5553,2.278,2.722
5554,2.248,2.747
5555,2.214,2.771
5556,2.16,2.791
5557,2.111,2.805
5558,2.19,2.825
5559,2.468,2.835
5560,2.83,2.849
5561,3.089,2.859
5562,3.128,2.874
5563,3.055,2.884
5564,2.903,2.893
5565,2.781,2.908
5566,2.615,2.923
5567,2.468,2.933
5568,2.385,2.942
5569,2.361,2.952
5570,2.366,2.957
5571,2.375,2.967
5572,2.351,2.977
5573,2.307,2.981
5574,2.258,2.991
5575,2.195,2.996
5576,2.17,3.006
5577,2.141,3.006
5578,2.107,3.016
5579,2.195,3.021
5580,2.527,3.025
5581,2.874,3.03
5582,3.113,3.03
5583,3.157,3.035
5584,3.079,3.035
5585,2.937,3.04
5586,2.786,3.04
5587,2.678,3.045
5588,2.546,3.05
5589,2.454,3.055
5590,2.41,3.06
5591,2.4,3.06
5592,2.375,3.06
5593,2.356,3.06
5594,2.317,3.06
5595,2.278,3.06
5596,2.229,3.06
5597,2.17,3.06
5598,2.131,3.06
5599,2.121,3.06
5600,2.107,3.06
5601,2.116,3.06
5602,2.082,3.055
5603,2.214,3.055
5604,2.522,3.05
5605,2.884,3.05
5606,3.138,3.045
5607,3.167,3.045
5608,3.065,3.04
5609,2.893,3.035
5610,2.796,3.035
5611,2.674,3.03
5612,2.542,3.03
5613,2.414,3.025
5614,2.375,3.025
5615,2.37,3.025
5616,2.39,3.021
5617,2.37,3.021
5618,2.331,3.021
5619,2.283,3.021
5620,2.239,3.021
5621,2.18,3.021
5622,2.131,3.025
5623,2.107,3.025
5624,2.082,3.025
5625,2.092,3.025
5626,2.063,3.025
5627,2.102,3.021
5628,2.082,3.021
5629,2.072,3.021
5630,2.165,3.016
5631,2.444,3.016
5632,2.83,3.016
5633,3.055,3.016
5634,3.094,3.021
5635,3.006,3.025
5636,2.859,3.03
5637,2.727,3.035
5638,2.595,3.04
5639,2.468,3.045
5640,2.375,3.05
5641,2.331,3.05
5642,2.322,3.06
5643,2.312,3.06
5644,2.317,3.065
5645,2.278,3.069
5646,2.278,3.074
5647,2.224,3.079
5648,2.195,3.079
5649,2.126,3.084
5650,2.116,3.084
5651,2.077,3.084
5652,2.097,3.079
5653,2.087,3.079
5654,2.087,3.079
5655,2.082,3.074
5656,2.072,3.074
5657,2.092,3.069
5658,2.126,3.069
5659,2.419,3.065
5660,2.742,3.065
5661,2.937,3.06
5662,2.981,3.06
5663,2.893,3.055
5664,2.727,3.055
5665,2.6,3.055
5666,2.502,3.045
5667,2.4,3.045
5668,2.341,3.045
5669,2.341,3.04
5670,2.375,3.04
5671,2.37,3.035
5672,2.336,3.035
5673,2.312,3.035
5674,2.273,3.035
5675,2.229,3.035
5676,2.19,3.035
5677,2.18,3.035
5678,2.18,3.03
5679,2.175,3.035
5680,2.155,3.035
5681,2.219,3.035
5682,2.478,3.035
5683,2.781,3.035
5684,2.972,3.035
5685,3.025,3.035
5686,2.967,3.04
5687,2.81,3.04
5688,2.698,3.045
5689,2.59,3.045
5690,2.463,3.05
5691,2.405,3.05
5692,2.366,3.05
5693,2.385,3.055
5694,2.385,3.055
5695,2.375,3.055
5696,2.361,3.05
5697,2.341,3.055
5698,2.278,3.05
5699,2.248,3.05
5700,2.204,3.05
5701,2.18,3.05
5702,2.136,3.05
5703,2.155,3.045
5704,2.141,3.045
5705,2.146,3.045
5706,2.141,3.045
5707,2.151,3.045
5708,2.141,3.045
5709,2.126,3.045
5710,2.239,3.04
5711,2.522,3.045
5712,2.849,3.04
5713,3.089,3.04
5714,3.143,3.04
5715,3.04,3.04
5716,2.903,3.035
5717,2.791,3.035
5718,2.708,3.035
5719,2.59,3.035
5720,2.527,3.035
5721,2.478,3.03
5722,2.483,3.035
5723,2.493,3.03
5724,2.483,3.03
5725,2.458,3.03
5726,2.41,3.03
5727,2.361,3.03
5728,2.317,3.025
5729,2.248,3.025
5730,2.204,3.021
5731,2.219,3.021
5732,2.199,3.021
5733,2.209,3.016
5734,2.209,3.016
5735,2.204,3.016
5736,2.209,3.016
5737,2.199,3.016
5738,2.16,3.011
5739,2.155,3.011
5740,2.283,3.011
5741,2.6,3.011
5742,2.942,3.011
5743,3.152,3.011
5744,3.157,3.011
5745,2.986,3.011
5746,2.864,3.011
5747,2.713,3.011
5748,2.576,3.011
5749,2.493,3.011
5750,2.439,3.011
5751,2.454,3.011
5752,2.468,3.011
5753,2.473,3.016
5754,2.463,3.016
5755,2.429,3.021
5756,2.375,3.021
5757,2.317,3.025
5758,2.273,3.025
5759,2.258,3.025
5760,2.234,3.025
5761,2.199,3.025
5762,2.185,3.025
5763,2.18,3.025
5764,2.17,3.03
5765,2.175,3.03
5766,2.209,3.03
5767,2.424,3.03
5768,2.771,3.03
5769,3.045,3.03
5770,3.157,3.03
5771,3.128,3.025
5772,2.977,3.025
5773,2.845,3.025
5774,2.713,3.025
5775,2.61,3.021
5776,2.507,3.021
5777,2.478,3.021
5778,2.507,3.016
5779,2.498,3.016
5780,2.488,3.011
5781,2.454,3.011
5782,2.405,3.011
5783,2.361,3.011
5784,2.322,3.006
5785,2.292,3.006
5786,2.253,3.006
5787,2.219,3.001
5788,2.214,2.996
5789,2.209,2.991
5790,2.287,2.986
5791,2.59,2.981
5792,2.933,2.977
5793,3.226,2.972
5794,3.299,2.967
5795,3.216,2.962
5796,2.981,2.957
5797,2.835,2.957
5798,2.678,2.952
5799,2.61,2.952
5800,2.571,2.947
5801,2.512,2.947
5802,2.561,2.942
5803,2.537,2.942
5804,2.512,2.937
5805,2.449,2.937
5806,2.38,2.937
5807,2.312,2.937
5808,2.283,2.933
5809,2.258,2.933
5810,2.243,2.933
5811,2.239,2.928
5812,2.224,2.933
5813,2.214,2.928
5814,2.322,2.928
5815,2.615,2.928
5816,2.991,2.928
5817,3.196,2.923
5818,3.319,2.923
5819,3.143,2.923
5820,3.001,2.923
5821,2.825,2.923
5822,2.722,2.918
5823,2.6,2.918
5824,2.527,2.918
5825,2.478,2.918
5826,2.507,2.918
5827,2.483,2.918
5828,2.507,2.918
5829,2.454,2.913
5830,2.41,2.913
5831,2.375,2.913
5832,2.302,2.913
5833,2.278,2.913
5834,2.248,2.913
5835,2.224,2.913
5836,2.17,2.908
5837,2.185,2.908
5838,2.19,2.908
5839,2.19,2.908
5840,2.248,2.908
5841,2.556,2.903
5842,2.942,2.903
5843,3.206,2.903
5844,3.265,2.903
5845,3.177,2.903
5846,2.996,2.903
5847,2.835,2.903
5848,2.688,2.898
5849,2.561,2.898
5850,2.473,2.898
5851,2.449,2.898
5852,2.444,2.893
5853,2.498,2.893
5854,2.458,2.893
5855,2.439,2.889
5856,2.395,2.889
5857,2.356,2.889
5858,2.312,2.884
5859,2.248,2.884
5860,2.224,2.884
5861,2.195,2.879
5862,2.18,2.879
5863,2.175,2.879
5864,2.155,2.874
5865,2.16,2.874
5866,2.239,2.869
5867,2.512,2.869
5868,2.84,2.869
5869,3.118,2.864
5870,3.177,2.864
5871,3.055,2.864
5872,2.898,2.864
5873,2.727,2.859
5874,2.634,2.859
5875,2.493,2.854
5876,2.429,2.854
5877,2.414,2.854
5878,2.454,2.849
5879,2.483,2.849
5880,2.478,2.845
5881,2.444,2.845
5882,2.39,2.84
5883,2.317,2.835
5884,2.287,2.835
5885,2.243,2.83
5886,2.248,2.83
5887,2.219,2.825
5888,2.195,2.825
5889,2.165,2.82
5890,2.243,2.82
5891,2.546,2.82
5892,2.903,2.82
5893,3.157,2.82
5894,3.226,2.815
5895,3.104,2.815
5896,2.864,2.81
5897,2.757,2.81
5898,2.63,2.805
5899,2.502,2.805
5900,2.444,2.805
5901,2.424,2.805
5902,2.429,2.805
5903,2.444,2.801
5904,2.439,2.801
5905,2.395,2.801
5906,2.322,2.801
5907,2.263,2.796
5908,2.253,2.796
5909,2.239,2.796
5910,2.17,2.791
5911,2.19,2.791
5912,2.18,2.791
5913,2.155,2.791
5914,2.141,2.786
5915,2.146,2.786
5916,2.151,2.786
5917,2.146,2.781
5918,2.214,2.781
5919,2.522,2.781
5920,2.923,2.781
5921,3.284,2.776
5922,3.192,2.776
5923,3.021,2.776
5924,2.835,2.771
5925,2.703,2.771
5926,2.605,2.766
5927,2.517,2.766
5928,2.463,2.766
5929,2.463,2.761
5930,2.473,2.761
5931,2.458,2.757
5932,2.439,2.757
5933,2.4,2.752
5934,2.366,2.752
5935,2.307,2.747
5936,2.278,2.747
5937,2.248,2.742
5938,2.219,2.742
5939,2.214,2.742
5940,2.195,2.742
5941,2.209,2.742
5942,2.224,2.742
5943,2.229,2.742
5944,2.248,2.737
5945,2.229,2.737
5946,2.219,2.737
5947,2.19,2.737
5948,2.258,2.737
5949,2.546,2.737
5950,2.918,2.732
5951,3.152,2.732
5952,3.226,2.732
5953,3.094,2.732
5954,2.933,2.732
5955,2.771,2.732
5956,2.664,2.727
5957,2.581,2.727
5958,2.488,2.727
5959,2.478,2.727
5960,2.493,2.727
5961,2.493,2.727
5962,2.498,2.722
5963,2.483,2.722
5964,2.424,2.722
5965,2.37,2.722
5966,2.302,2.717
5967,2.263,2.717
5968,2.224,2.717
5969,2.17,2.717
5970,2.19,2.717
5971,2.18,2.713
5972,2.18,2.713
5973,2.185,2.713
5974,2.195,2.713
5975,2.19,2.708
5976,2.175,2.708
5977,2.16,2.708
5978,2.263,2.703
5979,2.556,2.703
5980,2.918,2.698
5981,3.157,2.698
5982,3.187,2.693
5983,3.035,2.688
5984,2.84,2.688
5985,2.717,2.683
5986,2.595,2.678
5987,2.493,2.678
5988,2.434,2.674
5989,2.444,2.674
5990,2.449,2.674
5991,2.478,2.669
5992,2.463,2.669
5993,2.444,2.664
5994,2.38,2.664
5995,2.331,2.659
5996,2.302,2.659
5997,2.253,2.659
5998,2.229,2.659
5999,2.229,2.654
6000,2.214,2.654
6001,2.224,2.654
6002,2.19,2.654
6003,2.224,2.649
6004,2.185,2.649
6005,2.185,2.649
6006,2.258,2.649
6007,2.527,2.644
6008,2.884,2.644
6009,3.079,2.639
6010,3.192,2.639
6011,3.069,2.639
6012,2.908,2.639
6013,2.713,2.634
6014,2.571,2.634
6015,2.488,2.634
6016,2.444,2.63
6017,2.473,2.63
6018,2.502,2.63
6019,2.517,2.63
6020,2.532,2.63
6021,2.468,2.63
6022,2.434,2.625
6023,2.375,2.625
6024,2.317,2.625
6025,2.292,2.625
6026,2.229,2.625
6027,2.214,2.625
6028,2.209,2.625
6029,2.165,2.625
6030,2.224,2.625
6031,2.175,2.625
6032,2.219,2.625
6033,2.204,2.625
6034,2.395,2.625
6035,2.757,2.62
6036,3.089,2.62
6037,3.255,2.62
6038,3.24,2.62
6039,3.104,2.62
6040,2.933,2.62
6041,2.805,2.62
6042,2.678,2.62
6043,2.576,2.615
6044,2.527,2.62
6045,2.512,2.62
6046,2.522,2.62
6047,2.517,2.62
6048,2.512,2.625
6049,2.458,2.625
6050,2.405,2.63
6051,2.375,2.63
6052,2.287,2.63
6053,2.278,2.634
6054,2.263,2.634
6055,2.258,2.634
6056,2.258,2.634
6057,2.248,2.634
6058,2.253,2.634
6059,2.219,2.634
6060,2.234,2.634
6061,2.224,2.634
6062,2.385,2.634
6063,2.752,2.634
6064,3.113,2.634
6065,3.28,2.634
6066,3.265,2.63
6067,3.123,2.63
6068,2.962,2.63
6069,2.82,2.63
6070,2.708,2.63
6071,2.586,2.63
6072,2.522,2.63
6073,2.507,2.63
6074,2.522,2.63
6075,2.527,2.63
6076,2.532,2.63
6077,2.463,2.63
6078,2.434,2.63
6079,2.366,2.63
6080,2.312,2.63
6081,2.268,2.63
6082,2.17,2.63
6083,2.18,2.63
6084,2.209,2.63
6085,2.204,2.63
6086,2.209,2.63
6087,2.185,2.63
6088,2.175,2.63
6089,2.17,2.63
6090,2.268,2.63
6091,2.595,2.63
6092,2.967,2.63
6093,3.231,2.63
6094,3.236,2.63
6095,3.113,2.63
6096,2.947,2.63
6097,2.786,2.625
6098,2.664,2.63
6099,2.556,2.625
6100,2.454,2.625
6101,2.458,2.625
6102,2.493,2.62
6103,2.512,2.62
6104,2.498,2.62
6105,2.449,2.62
6106,2.414,2.615
6107,2.366,2.615
6108,2.326,2.615
6109,2.287,2.615
6110,2.258,2.61
6111,2.248,2.61
6112,2.248,2.61
6113,2.248,2.605
6114,2.239,2.605
6115,2.307,2.6
6116,2.571,2.6
6117,2.937,2.595
6118,3.192,2.595
6119,3.236,2.595
6120,3.138,2.59
6121,2.947,2.59
6122,2.801,2.586
6123,2.669,2.586
6124,2.551,2.581
6125,2.468,2.581
6126,2.488,2.581
6127,2.507,2.576
6128,2.537,2.576
6129,2.522,2.571
6130,2.493,2.571
6131,2.419,2.566
6132,2.37,2.566
6133,2.287,2.561
6134,2.229,2.561
6135,2.248,2.561
6136,2.219,2.556
6137,2.199,2.556
6138,2.199,2.551
6139,2.199,2.551
6140,2.19,2.551
6141,2.268,2.546
6142,2.634,2.546
6143,3.045,2.546
6144,3.324,2.542
6145,3.363,2.542
6146,3.25,2.542
6147,3.03,2.537
6148,2.889,2.537
6149,2.776,2.532
6150,2.688,2.532
6151,2.595,2.532
6152,2.576,2.527
6153,2.571,2.527
6154,2.581,2.522
6155,2.546,2.522
6156,2.522,2.517
6157,2.454,2.517
6158,2.385,2.517
6159,2.317,2.517
6160,2.287,2.512
6161,2.199,2.512
6162,2.224,2.512
6163,2.195,2.512
6164,2.239,2.512
6165,2.258,2.507
6166,2.278,2.507
6167,2.234,2.507
6168,2.243,2.507
6169,2.41,2.502
6170,2.776,2.502
6171,3.187,2.502
6172,3.368,2.502
6173,3.26,2.502
6174,3.045,2.502
6175,2.908,2.502
6176,2.845,2.502
6177,2.717,2.502
6178,2.586,2.502
6179,2.561,2.502
6180,2.527,2.502
6181,2.527,2.502
6182,2.522,2.502
6183,2.502,2.502
6184,2.454,2.502
6185,2.39,2.502
6186,2.331,2.502
6187,2.283,2.507
6188,2.253,2.502
6189,2.219,2.502
6190,2.209,2.502
6191,2.195,2.502
6192,2.185,2.502
6193,2.195,2.502
6194,2.18,2.502
6195,2.185,2.502
6196,2.273,2.502
6197,2.644,2.502
6198,3.074,2.502
6199,3.26,2.502
6200,3.245,2.507
6201,3.05,2.507
6202,2.884,2.502
6203,2.781,2.507
6204,2.659,2.507
6205,2.517,2.507
6206,2.483,2.507
6207,2.473,2.507
6208,2.537,2.507
6209,2.478,2.507
6210,2.473,2.507
6211,2.449,2.507
6212,2.375,2.512
6213,2.336,2.507
6214,2.239,2.512
6215,2.253,2.512
6216,2.234,2.512
6217,2.234,2.512
6218,2.239,2.512
6219,2.204,2.512
6220,2.209,2.512
6221,2.361,2.517
6222,2.703,2.517
6223,3.065,2.517
6224,3.236,2.517
6225,3.226,2.517
6226,3.06,2.517
6227,2.923,2.517
6228,2.771,2.522
6229,2.634,2.517
6230,2.512,2.522
6231,2.434,2.522
6232,2.439,2.522
6233,2.458,2.522
6234,2.449,2.522
6235,2.449,2.522
6236,2.385,2.522
6237,2.361,2.522
6238,2.283,2.522
6239,2.229,2.522
6240,2.151,2.522
6241,2.141,2.522
6242,2.16,2.527
6243,2.16,2.522
6244,2.146,2.527
6245,2.16,2.527
6246,2.121,2.527
6247,2.126,2.527
6248,2.116,2.527
6249,2.17,2.527
6250,2.473,2.527
6251,2.898,2.527
6252,3.192,2.527
6253,3.294,2.532
6254,3.216,2.527
6255,3.069,2.527
6256,2.889,2.527
6257,2.757,2.532
6258,2.63,2.532
6259,2.537,2.532
6260,2.473,2.532
6261,2.449,2.532
6262,2.473,2.532
6263,2.458,2.532
6264,2.444,2.532
6265,2.4,2.532
6266,2.361,2.532
6267,2.302,2.532
6268,2.229,2.532
6269,2.199,2.532
6270,2.185,2.532
6271,2.19,2.532
6272,2.19,2.532
6273,2.185,2.532
6274,2.175,2.532
6275,2.165,2.532
6276,2.136,2.532
6277,2.141,2.532
6278,2.209,2.532
6279,2.512,2.532
6280,2.903,2.532
6281,3.196,2.537
6282,3.26,2.532
6283,3.152,2.537
6284,3.006,2.532
6285,2.859,2.537
6286,2.752,2.532
6287,2.63,2.532
6288,2.512,2.532
6289,2.454,2.532
6290,2.454,2.532
6291,2.468,2.532
6292,2.449,2.532
6293,2.41,2.532
6294,2.37,2.532
6295,2.312,2.532
6296,2.278,2.532
6297,2.219,2.532
6298,2.214,2.532
6299,2.18,2.532
6300,2.185,2.532
6301,2.16,2.532
6302,2.17,2.532
6303,2.18,2.532
6304,2.146,2.532
6305,2.18,2.532
6306,2.414,2.532
6307,2.766,2.532
6308,3.074,2.532
6309,3.162,2.532
6310,3.148,2.532
6311,2.962,2.532
6312,2.83,2.532
6313,2.688,2.532
6314,2.571,2.532
6315,2.478,2.532
6316,2.429,2.532
6317,2.449,2.532
6318,2.463,2.532
6319,2.488,2.532
6320,2.502,2.532
6321,2.439,2.532
6322,2.395,2.532
6323,2.317,2.532
6324,2.278,2.532
6325,2.248,2.532
6326,2.219,2.532
6327,2.229,2.532
6328,2.234,2.532
6329,2.224,2.532
6330,2.209,2.532
6331,2.229,2.532
6332,2.444,2.532
6333,2.82,2.532
6334,3.123,2.532
6335,3.196,2.532
6336,3.143,2.532
6337,2.918,2.532
6338,2.796,2.532
6339,2.669,2.532
6340,2.537,2.532
6341,2.439,2.532
6342,2.41,2.532
6343,2.454,2.532
6344,2.458,2.532
6345,2.463,2.537
6346,2.424,2.532
6347,2.405,2.532
6348,2.361,2.532
6349,2.283,2.532
6350,2.224,2.532
6351,2.204,2.532
6352,2.204,2.537
6353,2.209,2.532
6354,2.204,2.537
6355,2.204,2.532
6356,2.18,2.537
6357,2.16,2.537
6358,2.155,2.532
6359,2.239,2.537
6360,2.522,2.532
6361,2.918,2.537
6362,3.201,2.537
6363,3.255,2.537
6364,3.177,2.537
6365,3.001,2.537
6366,2.849,2.537
6367,2.757,2.537
6368,2.659,2.537
6369,2.561,2.537
6370,2.522,2.537
6371,2.478,2.537
6372,2.493,2.537
6373,2.493,2.537
6374,2.458,2.537
6375,2.424,2.537
6376,2.4,2.537
6377,2.341,2.537
6378,2.278,2.532
6379,2.229,2.537
6380,2.204,2.532
6381,2.199,2.532
6382,2.224,2.532
6383,2.204,2.532
6384,2.199,2.532
6385,2.19,2.527
6386,2.175,2.532
6387,2.17,2.527
6388,2.204,2.527
6389,2.405,2.527
6390,2.801,2.522
6391,3.148,2.522
6392,3.28,2.522
6393,3.236,2.522
6394,3.074,2.522
6395,2.898,2.517
6396,2.771,2.517
6397,2.644,2.517
6398,2.473,2.517
6399,2.449,2.512
6400,2.458,2.512
6401,2.449,2.512
6402,2.463,2.512
6403,2.454,2.507
6404,2.395,2.507
6405,2.341,2.507
6406,2.302,2.507
6407,2.243,2.507
6408,2.234,2.502
6409,2.204,2.502
6410,2.185,2.498
6411,2.16,2.502
6412,2.16,2.498
6413,2.17,2.498
6414,2.16,2.498
6415,2.151,2.493
6416,2.16,2.493
6417,2.312,2.493
6418,2.674,2.493
6419,3.021,2.488
6420,3.187,2.488
6421,3.152,2.488
6422,2.991,2.488
6423,2.815,2.488
6424,2.688,2.483
6425,2.581,2.483
6426,2.454,2.483
6427,2.434,2.483
6428,2.463,2.483
6429,2.478,2.478
6430,2.468,2.483
6431,2.449,2.478
6432,2.395,2.478
6433,2.312,2.478
6434,2.278,2.478
6435,2.229,2.478
6436,2.209,2.473
6437,2.199,2.473
6438,2.209,2.473
6439,2.209,2.468
6440,2.204,2.463
6441,2.263,2.463
6442,2.551,2.458
6443,2.923,2.458
6444,3.177,2.458
6445,3.24,2.454
6446,3.123,2.454
6447,2.957,2.454
6448,2.81,2.454
6449,2.688,2.454
6450,2.571,2.454
6451,2.458,2.454
6452,2.439,2.454
6453,2.449,2.454
6454,2.458,2.454
6455,2.473,2.454
6456,2.434,2.454
6457,2.37,2.454
6458,2.341,2.454
6459,2.297,2.454
6460,2.243,2.454
6461,2.204,2.454
6462,2.19,2.454
6463,2.165,2.454
6464,2.16,2.454
6465,2.165,2.454
6466,2.175,2.454
6467,2.17,2.454
6468,2.18,2.454
6469,2.19,2.454
6470,2.351,2.454
6471,2.732,2.454
6472,3.128,2.454
6473,3.343,2.458
6474,3.333,2.458
6475,3.177,2.454
6476,3.021,2.458
6477,2.859,2.458
6478,2.732,2.458
6479,2.605,2.458
6480,2.522,2.458
6481,2.502,2.458
6482,2.502,2.458
6483,2.527,2.458
6484,2.517,2.458
6485,2.473,2.458
6486,2.429,2.458
6487,2.37,2.458
6488,2.283,2.458
6489,2.287,2.458
6490,2.214,2.458
6491,2.199,2.463
6492,2.19,2.463
6493,2.219,2.463
6494,2.214,2.463
6495,2.195,2.463
6496,2.165,2.463
6497,2.224,2.463
6498,2.468,2.463
6499,2.835,2.463
6500,3.162,2.463
6501,3.26,2.468
6502,3.196,2.468
6503,3.011,2.468
6504,2.835,2.468
6505,2.717,2.468
6506,2.6,2.468
6507,2.502,2.468
6508,2.449,2.468
6509,2.429,2.468
6510,2.424,2.468
6511,2.449,2.468
6512,2.419,2.473
6513,2.395,2.468
6514,2.326,2.473
6515,2.278,2.468
6516,2.214,2.473
6517,2.131,2.473
6518,2.17,2.473
6519,2.17,2.473
6520,2.175,2.473
6521,2.18,2.473
6522,2.16,2.473
6523,2.155,2.473
6524,2.317,2.473
6525,2.659,2.473
6526,3.006,2.473
6527,3.157,2.473
6528,3.118,2.473
6529,2.962,2.473
6530,2.786,2.473
6531,2.674,2.473
6532,2.586,2.473
6533,2.488,2.473
6534,2.434,2.473
6535,2.429,2.473
6536,2.439,2.473
6537,2.468,2.478
6538,2.458,2.473
6539,2.414,2.478
6540,2.37,2.478
6541,2.312,2.478
6542,2.283,2.478
6543,2.268,2.478
6544,2.234,2.478
6545,2.234,2.478
6546,2.219,2.478
6547,2.209,2.478
6548,2.4,2.478
6549,2.766,2.478
6550,3.074,2.478
6551,3.201,2.478
6552,3.069,2.478
6553,2.903,2.473
6554,2.786,2.473
6555,2.634,2.473
6556,2.517,2.473
6557,2.444,2.473
6558,2.419,2.473
6559,2.458,2.473
6560,2.468,2.468
6561,2.454,2.468
6562,2.405,2.468
6563,2.356,2.468
6564,2.331,2.463
6565,2.278,2.463
6566,2.239,2.463
6567,2.214,2.463
6568,2.199,2.458
6569,2.209,2.458
6570,2.185,2.458
6571,2.219,2.454
6572,2.41,2.454
6573,2.805,2.454
6574,3.143,2.454
6575,3.304,2.449
6576,3.28,2.449
6577,3.133,2.449
6578,2.967,2.444
6579,2.854,2.444
6580,2.761,2.439
6581,2.581,2.439
6582,2.507,2.439
6583,2.473,2.434
6584,2.468,2.434
6585,2.458,2.429
6586,2.434,2.429
6587,2.439,2.429
6588,2.38,2.429
6589,2.317,2.424
6590,2.278,2.424
6591,2.155,2.419
6592,2.199,2.419
6593,2.185,2.419
6594,2.175,2.414
6595,2.165,2.414
6596,2.16,2.414
6597,2.155,2.41
6598,2.146,2.41
6599,2.297,2.41
6600,2.674,2.405
6601,3.035,2.405
6602,3.284,2.4
6603,3.265,2.4
6604,3.118,2.4
6605,2.942,2.395
6606,2.805,2.395
6607,2.703,2.39
6608,2.59,2.39
6609,2.468,2.385
6610,2.449,2.385
6611,2.439,2.38
6612,2.478,2.375
6613,2.454,2.375
6614,2.424,2.37
6615,2.375,2.37
6616,2.312,2.366
6617,2.283,2.366
6618,2.234,2.361
6619,2.185,2.356
6620,2.18,2.356
6621,2.16,2.356
6622,2.16,2.351
6623,2.155,2.351
6624,2.165,2.346
6625,2.155,2.346
6626,2.116,2.341
6627,2.243,2.341
6628,2.556,2.336
6629,2.957,2.336
6630,3.177,2.331
6631,3.182,2.331
6632,3.065,2.326
6633,2.893,2.326
6634,2.747,2.326
6635,2.664,2.322
6636,2.561,2.322
6637,2.458,2.322
6638,2.414,2.322
6639,2.424,2.317
6640,2.419,2.317
6641,2.41,2.317
6642,2.37,2.317
6643,2.331,2.317
6644,2.287,2.312
6645,2.248,2.312
6646,2.214,2.312
6647,2.204,2.312
6648,2.18,2.312
6649,2.165,2.312
6650,2.155,2.312
6651,2.146,2.312
6652,2.151,2.312
6653,2.141,2.312
6654,2.165,2.312
6655,2.346,2.312
6656,2.639,2.312
6657,2.957,2.312
6658,3.05,2.312
6659,2.986,2.312
6660,2.84,2.312
6661,2.669,2.312
6662,2.61,2.312
6663,2.517,2.317
6664,2.439,2.317
6665,2.414,2.317
6666,2.424,2.317
6667,2.4,2.317
6668,2.468,2.317
6669,2.429,2.317
6670,2.39,2.317
6671,2.346,2.317
6672,2.297,2.317
6673,2.239,2.317
6674,2.248,2.312
6675,2.234,2.312
6676,2.224,2.312
6677,2.209,2.307
6678,2.263,2.302
6679,2.517,2.292
6680,2.825,2.283
6681,3.04,2.273
6682,3.069,2.258
6683,2.967,2.243
6684,2.83,2.234
6685,2.713,2.224
6686,2.625,2.219
6687,2.507,2.209
6688,2.439,2.209
6689,2.419,2.204
6690,2.444,2.199
6691,2.458,2.199
6692,2.414,2.195
6693,2.375,2.195
6694,2.38,2.195
6695,2.307,2.195
6696,2.287,2.19
6697,2.243,2.19
6698,2.258,2.19
6699,2.209,2.19
6700,2.19,2.195
6701,2.175,2.19
6702,2.19,2.195
6703,2.175,2.195
6704,2.18,2.195
6705,2.253,2.199
6706,2.576,2.199
6707,2.903,2.204
6708,3.152,2.204
6709,3.187,2.204
6710,3.074,2.204
6711,2.928,2.209
6712,2.786,2.209
6713,2.688,2.214
6714,2.6,2.214
6715,2.444,2.214
6716,2.454,2.219
6717,2.468,2.224
6718,2.483,2.224
6719,2.478,2.224
6720,2.449,2.229
6721,2.414,2.234
6722,2.361,2.234
6723,2.317,2.239
6724,2.278,2.239
6725,2.239,2.243
6726,2.214,2.243
6727,2.229,2.248
6728,2.204,2.248
6729,2.224,2.253
6730,2.199,2.258
6731,2.19,2.258
6732,2.199,2.258
6733,2.175,2.258
6734,2.17,2.263
6735,2.19,2.263
6736,2.414,2.268
6737,2.771,2.268
6738,3.065,2.268
6739,3.24,2.273
6740,3.167,2.273
6741,3.035,2.273
6742,2.874,2.273
6743,2.776,2.273
6744,2.683,2.273
6745,2.59,2.273
6746,2.512,2.273
6747,2.488,2.273
6748,2.498,2.278
6749,2.502,2.278
6750,2.478,2.278
6751,2.424,2.278
6752,2.405,2.278
6753,2.331,2.278
6754,2.307,2.278
6755,2.268,2.283
6756,2.253,2.283
6757,2.219,2.283
6758,2.219,2.283
6759,2.19,2.283
6760,2.185,2.283
6761,2.195,2.283
6762,2.19,2.283
6763,2.16,2.283
6764,2.19,2.283
6765,2.16,2.283
6766,2.195,2.283
6767,2.385,2.283
6768,2.791,2.283
6769,3.074,2.283
6770,3.211,2.283
6771,3.162,2.283
6772,3.011,2.283
6773,2.825,2.283
6774,2.742,2.283
6775,2.659,2.278
6776,2.556,2.278
6777,2.478,2.278
6778,2.493,2.278
6779,2.488,2.278
6780,2.468,2.278
6781,2.458,2.278
6782,2.41,2.278
6783,2.39,2.278
6784,2.322,2.273
6785,2.287,2.278
6786,2.263,2.273
6787,2.229,2.273
6788,2.219,2.278
6789,2.214,2.273
6790,2.219,2.273
6791,2.209,2.273
6792,2.165,2.278
6793,2.19,2.273
6794,2.17,2.273
6795,2.151,2.278
6796,2.141,2.273
6797,2.302,2.273
6798,2.634,2.273
6799,2.977,2.273
6800,3.143,2.278
6801,3.123,2.273
6802,2.986,2.273
6803,2.83,2.273
6804,2.664,2.273
6805,2.551,2.273
6806,2.473,2.273
6807,2.444,2.273
6808,2.458,2.273
6809,2.502,2.273
6810,2.502,2.273
6811,2.458,2.278
6812,2.424,2.273
6813,2.4,2.278
6814,2.331,2.278
6815,2.278,2.278
6816,2.243,2.278
6817,2.229,2.278
6818,2.243,2.278
6819,2.243,2.278
6820,2.243,2.283
6821,2.258,2.283
6822,2.243,2.283
6823,2.351,2.283
6824,2.615,2.283
6825,2.967,2.283
6826,3.152,2.283
6827,3.167,2.287
6828,3.03,2.287
6829,2.859,2.287
6830,2.742,2.287
6831,2.639,2.287
6832,2.542,2.287
6833,2.468,2.287
6834,2.463,2.287
6835,2.473,2.287
6836,2.512,2.287
6837,2.483,2.292
6838,2.454,2.292
6839,2.405,2.292
6840,2.356,2.292
6841,2.297,2.292
6842,2.278,2.292
6843,2.268,2.297
6844,2.224,2.297
6845,2.234,2.297
6846,2.224,2.297
6847,2.219,2.297
6848,2.214,2.297
6849,2.185,2.297
6850,2.214,2.297
6851,2.195,2.297
6852,2.224,2.302
6853,2.517,2.302
6854,2.918,2.302
6855,3.182,2.302
6856,3.265,2.302
6857,3.182,2.302
6858,3.05,2.302
6859,2.864,2.302
6860,2.766,2.302
6861,2.674,2.302
6862,2.6,2.302
6863,2.551,2.302
6864,2.537,2.307
6865,2.537,2.302
6866,2.546,2.307
6867,2.527,2.307
6868,2.498,2.307
6869,2.424,2.307
6870,2.375,2.307
6871,2.322,2.307
6872,2.283,2.307
6873,2.253,2.307
6874,2.243,2.307
6875,2.229,2.307
6876,2.248,2.307
6877,2.248,2.307
6878,2.224,2.307
6879,2.214,2.307
6880,2.219,2.307
6881,2.248,2.307
6882,2.493,2.307
6883,2.879,2.307
6884,3.152,2.307
6885,3.245,2.307
6886,3.157,2.307
6887,3.011,2.302
6888,2.845,2.302
6889,2.732,2.302
6890,2.62,2.302
6891,2.561,2.302
6892,2.493,2.302
6893,2.493,2.302
6894,2.493,2.302
6895,2.483,2.302
6896,2.483,2.302
6897,2.458,2.302
6898,2.419,2.302
6899,2.37,2.302
6900,2.312,2.302
6901,2.273,2.302
6902,2.253,2.302
6903,2.253,2.302
6904,2.263,2.302
6905,2.199,2.302
6906,2.224,2.302
6907,2.195,2.302
6908,2.204,2.302
6909,2.199,2.302
6910,2.283,2.302
6911,2.537,2.302
6912,2.874,2.297
6913,3.089,2.297
6914,3.123,2.297
6915,3.04,2.297
6916,2.879,2.297
6917,2.737,2.292
6918,2.625,2.292
6919,2.532,2.292
6920,2.458,2.292
6921,2.454,2.292
6922,2.473,2.292
6923,2.512,2.292
6924,2.488,2.292
6925,2.483,2.292
6926,2.424,2.292
6927,2.39,2.292
6928,2.336,2.292
6929,2.297,2.292
6930,2.273,2.292
6931,2.263,2.292
6932,2.253,2.292
6933,2.243,2.292
6934,2.224,2.292
6935,2.278,2.287
6936,2.512,2.292
6937,2.869,2.292
6938,3.118,2.287
6939,3.192,2.287
6940,3.104,2.287
6941,2.972,2.287
6942,2.835,2.287
6943,2.713,2.287
6944,2.59,2.287
6945,2.483,2.287
6946,2.444,2.287
6947,2.463,2.287
6948,2.463,2.283
6949,2.463,2.283
6950,2.454,2.283
6951,2.4,2.283
6952,2.317,2.283
6953,2.326,2.283
6954,2.292,2.283
6955,2.243,2.283
6956,2.234,2.283
6957,2.209,2.283
6958,2.204,2.278
6959,2.195,2.278
6960,2.199,2.278
6961,2.185,2.278
6962,2.19,2.278
6963,2.351,2.278
6964,2.688,2.278
6965,3.035,2.278
6966,3.236,2.278
6967,3.255,2.278
6968,3.133,2.278
6969,2.962,2.278
6970,2.796,2.278
6971,2.757,2.278
6972,2.639,2.278
6973,2.561,2.278
6974,2.532,2.273
6975,2.532,2.278
6976,2.546,2.278
6977,2.498,2.278
6978,2.512,2.278
6979,2.483,2.278
6980,2.375,2.278
6981,2.356,2.278
6982,2.307,2.278
6983,2.283,2.278
6984,2.268,2.278
6985,2.239,2.278
6986,2.248,2.278
6987,2.243,2.278
6988,2.234,2.278
6989,2.224,2.278
6990,2.224,2.278
6991,2.185,2.283
6992,2.195,2.283
6993,2.239,2.283
6994,2.527,2.283
6995,2.937,2.283
6996,3.319,2.283
6997,3.304,2.287
6998,3.152,2.283
6999,2.981,2.287
7000,2.84,2.287
7001,2.732,2.287
7002,2.649,2.287
7003,2.561,2.287
7004,2.537,2.287
7005,2.537,2.287
7006,2.532,2.287
7007,2.517,2.287
7008,2.488,2.292
7009,2.434,2.292
7010,2.395,2.292
7011,2.307,2.292
7012,2.278,2.292
7013,2.229,2.292
7014,2.219,2.292
7015,2.199,2.297
7016,2.195,2.292
7017,2.18,2.297
7018,2.195,2.297
7019,2.17,2.297
7020,2.18,2.297
7021,2.175,2.297
7022,2.16,2.297
7023,2.224,2.297
7024,2.522,2.297
7025,2.918,2.297
7026,3.167,2.302
7027,3.25,2.302
7028,3.148,2.302
7029,2.947,2.302
7030,2.781,2.302
7031,2.654,2.302
7032,2.59,2.302
7033,2.478,2.302
7034,2.458,2.302
7035,2.473,2.302
7036,2.507,2.302
7037,2.522,2.302
7038,2.512,2.307
7039,2.449,2.302
7040,2.385,2.307
7041,2.302,2.307
7042,2.258,2.307
7043,2.253,2.307
7044,2.234,2.307
7045,2.195,2.307
7046,2.224,2.307
7047,2.224,2.307
7048,2.18,2.307
7049,2.214,2.312
7050,2.243,2.307
7051,2.405,2.312
7052,2.791,2.312
7053,3.065,2.312
7054,3.211,2.312
7055,2.986,2.312
7056,2.815,2.312
7057,2.659,2.312
7058,2.532,2.312
7059,2.454,2.312
7060,2.463,2.317
7061,2.444,2.312
7062,2.498,2.317
7063,2.473,2.317
7064,2.458,2.317
7065,2.4,2.317
7066,2.361,2.317
7067,2.312,2.317
7068,2.278,2.317
7069,2.253,2.317
7070,2.229,2.317
7071,2.195,2.322
7072,2.204,2.322
7073,2.199,2.322
7074,2.204,2.322
7075,2.19,2.322
7076,2.18,2.322
7077,2.356,2.322
7078,2.703,2.322
7079,3.065,2.322
7080,3.255,2.322
7081,3.24,2.322
7082,3.099,2.326
7083,2.913,2.326
7084,2.786,2.326
7085,2.683,2.326
7086,2.586,2.326
7087,2.527,2.326
7088,2.512,2.326
7089,2.493,2.326
7090,2.507,2.326
7091,2.493,2.326
7092,2.463,2.326
7093,2.4,2.326
7094,2.341,2.326
7095,2.292,2.326
7096,2.234,2.331
7097,2.214,2.331
7098,2.199,2.331
7099,2.185,2.331
7100,2.195,2.331
7101,2.204,2.331
7102,2.19,2.331
7103,2.17,2.331
7104,2.19,2.331
7105,2.38,2.331
7106,2.766,2.331
7107,3.123,2.331
7108,3.275,2.336
7109,3.236,2.331
7110,3.074,2.336
7111,2.884,2.331
7112,2.761,2.336
7113,2.664,2.336
7114,2.581,2.336
7115,2.507,2.336
7116,2.488,2.336
7117,2.517,2.336
7118,2.507,2.336
7119,2.498,2.336
7120,2.458,2.336
7121,2.414,2.336
7122,2.351,2.336
7123,2.302,2.336
7124,2.248,2.341
7125,2.219,2.336
7126,2.219,2.341
7127,2.214,2.336
7128,2.219,2.341
7129,2.219,2.341
7130,2.19,2.341
7131,2.19,2.341
7132,2.17,2.341
7133,2.302,2.341
7134,2.639,2.341
7135,2.991,2.341
7136,3.206,2.341
7137,3.196,2.341
7138,3.05,2.341
7139,2.893,2.341
7140,2.737,2.341
7141,2.615,2.341
7142,2.512,2.341
7143,2.454,2.341
7144,2.405,2.346
7145,2.454,2.341
7146,2.488,2.346
7147,2.502,2.346
7148,2.473,2.341
7149,2.424,2.346
7150,2.326,2.346
7151,2.292,2.346
7152,2.243,2.346
7153,2.248,2.346
7154,2.219,2.346
7155,2.185,2.346
7156,2.229,2.346
7157,2.209,2.346
7158,2.199,2.346
7159,2.224,2.346
7160,2.4,2.346
7161,2.713,2.346
7162,3.025,2.346
7163,3.172,2.351
7164,3.138,2.351
7165,2.996,2.351
7166,2.796,2.351
7167,2.644,2.351
7168,2.551,2.351
7169,2.468,2.351
7170,2.444,2.351
7171,2.458,2.351
7172,2.468,2.351
7173,2.488,2.351
7174,2.444,2.356
7175,2.4,2.356
7176,2.356,2.356
7177,2.258,2.356
7178,2.248,2.356
7179,2.214,2.356
7180,2.16,2.356
7181,2.17,2.356
7182,2.141,2.356
7183,2.19,2.356
7184,2.19,2.356
7185,2.185,2.356
7186,2.287,2.356
7187,2.61,2.361
7188,2.981,2.356
7189,3.211,2.361
7190,3.26,2.361
7191,3.138,2.361
7192,2.947,2.361
7193,2.791,2.361
7194,2.703,2.361
7195,2.586,2.361
7196,2.512,2.361
7197,2.478,2.361
7198,2.493,2.361
7199,2.517,2.361
7200,2.502,2.361
7201,2.454,2.361
7202,2.419,2.361
7203,2.356,2.361
7204,2.297,2.361
7205,2.258,2.366
7206,2.229,2.361
7207,2.219,2.366
7208,2.209,2.366
7209,2.18,2.366
7210,2.204,2.366
7211,2.209,2.366
7212,2.155,2.366
7213,2.326,2.366
7214,2.654,2.366
7215,3.035,2.366
7216,3.265,2.366
7217,3.25,2.366
7218,3.138,2.366
7219,2.981,2.366
7220,2.801,2.366
7221,2.693,2.366
7222,2.59,2.366
7223,2.488,2.366
7224,2.449,2.366
7225,2.463,2.366
7226,2.473,2.366
7227,2.473,2.366
7228,2.454,2.37
7229,2.385,2.366
7230,2.317,2.37
7231,2.278,2.37
7232,2.229,2.37
7233,2.214,2.37
7234,2.204,2.37
7235,2.195,2.37
7236,2.195,2.37
7237,2.18,2.37
7238,2.17,2.37
7239,2.243,2.37
7240,2.517,2.375
7241,2.879,2.37
7242,3.152,2.375
7243,3.206,2.375
7244,3.084,2.375
7245,2.923,2.375
7246,2.786,2.375
7247,2.63,2.375
7248,2.546,2.375
7249,2.463,2.375
7250,2.424,2.375
7251,2.449,2.375
7252,2.483,2.375
7253,2.478,2.38
7254,2.449,2.375
7255,2.419,2.38
7256,2.331,2.38
7257,2.307,2.38
7258,2.292,2.38
7259,2.263,2.38
7260,2.263,2.38
7261,2.243,2.38
7262,2.224,2.38
7263,2.234,2.38
7264,2.322,2.38
7265,2.649,2.38
7266,3.016,2.38
7267,3.211,2.38
7268,3.211,2.38
7269,3.089,2.38
7270,2.908,2.38
7271,2.776,2.38
7272,2.649,2.38
7273,2.522,2.38
7274,2.458,2.38
7275,2.454,2.38
7276,2.439,2.38
7277,2.468,2.375
7278,2.463,2.375
7279,2.429,2.375
7280,2.395,2.375
7281,2.336,2.375
7282,2.317,2.375
7283,2.292,2.375
7284,2.243,2.37
7285,2.239,2.375
7286,2.199,2.37
7287,2.229,2.37
7288,2.239,2.37
7289,2.229,2.37
7290,2.366,2.37
7291,2.722,2.37
7292,3.109,2.37
7293,3.289,2.37
7294,3.299,2.37
7295,3.152,2.366
7296,3.016,2.366
7297,2.874,2.366
7298,2.781,2.366
7299,2.639,2.366
7300,2.561,2.366
7301,2.507,2.366
7302,2.512,2.361
7303,2.512,2.361
7304,2.502,2.361
7305,2.463,2.356
7306,2.429,2.361
7307,2.322,2.356
7308,2.283,2.356
7309,2.229,2.356
7310,2.214,2.356
7311,2.199,2.356
7312,2.204,2.351
7313,2.18,2.351
7314,2.209,2.351
7315,2.39,2.351
7316,2.708,2.351
7317,3.05,2.351
7318,3.226,2.351
7319,3.177,2.351
7320,3.03,2.351
7321,2.869,2.351
7322,2.722,2.356
7323,2.644,2.351
7324,2.542,2.351
7325,2.463,2.356
7326,2.444,2.351
7327,2.449,2.356
7328,2.434,2.351
7329,2.4,2.356
7330,2.424,2.356
7331,2.375,2.356
7332,2.317,2.356
7333,2.263,2.351
7334,2.224,2.356
7335,2.204,2.356
7336,2.199,2.356
7337,2.165,2.356
7338,2.175,2.356
7339,2.199,2.356
7340,2.444,2.356
7341,2.82,2.356
7342,3.079,2.356
7343,3.152,2.361
7344,3.055,2.361
7345,2.898,2.366
7346,2.766,2.361
7347,2.634,2.366
7348,2.517,2.366
7349,2.414,2.366
7350,2.395,2.366
7351,2.419,2.37
7352,2.449,2.37
7353,2.449,2.37
7354,2.434,2.375
7355,2.41,2.38
7356,2.361,2.38
7357,2.292,2.385
7358,2.253,2.385
7359,2.229,2.39
7360,2.224,2.395
7361,2.219,2.41
7362,2.214,2.414
7363,2.37,2.424
7364,2.688,2.434
7365,3.035,2.444
7366,3.157,2.449
7367,3.133,2.454
7368,2.957,2.454
7369,2.82,2.458
7370,2.688,2.463
7371,2.551,2.463
7372,2.439,2.463
7373,2.4,2.463
7374,2.361,2.463
7375,2.424,2.468
7376,2.41,2.463
7377,2.41,2.468
7378,2.336,2.468
7379,2.268,2.468
7380,2.263,2.468
7381,2.199,2.468
7382,2.204,2.468
7383,2.165,2.468
7384,2.17,2.468
7385,2.165,2.468
7386,2.155,2.468
7387,2.19,2.468
7388,2.414,2.468
7389,2.81,2.468
7390,3.123,2.468
7391,3.27,2.468
7392,3.206,2.468
7393,3.035,2.468
7394,2.859,2.468
7395,2.757,2.468
7396,2.634,2.468
7397,2.527,2.468
7398,2.478,2.468
7399,2.444,2.468
7400,2.454,2.468
7401,2.449,2.463
7402,2.405,2.468
7403,2.4,2.463
7404,2.346,2.468
7405,2.287,2.468
7406,2.234,2.468
7407,2.204,2.463
7408,2.195,2.463
7409,2.141,2.468
7410,2.165,2.463
7411,2.151,2.463
7412,2.155,2.463
7413,2.19,2.463
7414,2.414,2.463
7415,2.766,2.463
7416,3.104,2.463
7417,3.245,2.463
7418,3.177,2.463
7419,3.021,2.463
7420,2.874,2.463
7421,2.737,2.463
7422,2.605,2.463
7423,2.498,2.463
7424,2.444,2.463
7425,2.414,2.463
7426,2.429,2.463
7427,2.434,2.463
7428,2.439,2.463
7429,2.375,2.463
7430,2.341,2.463
7431,2.283,2.463
7432,2.234,2.463
7433,2.219,2.458
7434,2.195,2.463
7435,2.185,2.458
7436,2.16,2.458
7437,2.17,2.458
7438,2.199,2.458
7439,2.375,2.458
7440,2.747,2.458
7441,3.065,2.458
7442,3.182,2.458
7443,3.133,2.458
7444,2.967,2.458
7445,2.81,2.458
7446,2.693,2.458
7447,2.571,2.454
7448,2.463,2.458
7449,2.424,2.454
7450,2.439,2.458
7451,2.473,2.454
7452,2.463,2.454
7453,2.449,2.454
7454,2.41,2.454
7455,2.37,2.454
7456,2.307,2.454
7457,2.234,2.458
7458,2.224,2.454
7459,2.16,2.454
7460,2.195,2.454
7461,2.185,2.454
7462,2.219,2.454
7463,2.375,2.454
7464,2.717,2.454
7465,3.055,2.454
7466,3.201,2.454
7467,3.167,2.454
7468,3.045,2.454
7469,2.889,2.454
7470,2.732,2.454
7471,2.605,2.454
7472,2.493,2.454
7473,2.449,2.454
7474,2.434,2.454
7475,2.449,2.454
7476,2.449,2.454
7477,2.405,2.454
7478,2.38,2.454
7479,2.326,2.454
7480,2.273,2.454
7481,2.214,2.454
7482,2.175,2.454
7483,2.16,2.454
7484,2.151,2.454
7485,2.16,2.454
7486,2.155,2.454
7487,2.141,2.454
7488,2.141,2.454
7489,2.116,2.458
7490,2.219,2.454
7491,2.537,2.458
7492,2.947,2.454
7493,3.226,2.458
7494,3.28,2.458
7495,3.162,2.454
7496,2.991,2.458
7497,2.849,2.454
7498,2.717,2.458
7499,2.639,2.454
7500,2.522,2.458
7501,2.473,2.458
7502,2.444,2.454
7503,2.419,2.458
7504,2.439,2.454
7505,2.4,2.458
7506,2.331,2.454
7507,2.292,2.458
7508,2.268,2.454
7509,2.278,2.458
7510,2.229,2.458
7511,2.209,2.458
7512,2.18,2.458
7513,2.175,2.454
7514,2.141,2.458
7515,2.136,2.454
7516,2.146,2.458
7517,2.146,2.458
7518,2.116,2.458
7519,2.146,2.458
7520,2.331,2.458
7521,2.708,2.458
7522,3.079,2.458
7523,3.245,2.458
7524,3.216,2.458
7525,3.05,2.458
7526,2.889,2.458
7527,2.752,2.458
7528,2.634,2.458
7529,2.537,2.458
7530,2.468,2.458
7531,2.434,2.458
7532,2.449,2.458
7533,2.449,2.458
7534,2.424,2.458
7535,2.395,2.458
7536,2.326,2.458
7537,2.312,2.458
7538,2.253,2.458
7539,2.214,2.458
7540,2.18,2.458
7541,2.165,2.463
7542,2.17,2.458
7543,2.146,2.463
7544,2.151,2.463
7545,2.155,2.463
7546,2.151,2.463
7547,2.111,2.463
7548,2.248,2.463
7549,2.527,2.463
7550,2.884,2.463
7551,3.099,2.463
7552,3.123,2.463
7553,2.977,2.463
7554,2.81,2.463
7555,2.639,2.463
7556,2.532,2.463
7557,2.434,2.463
7558,2.4,2.463
7559,2.405,2.463
7560,2.39,2.463
7561,2.434,2.463
7562,2.449,2.468
7563,2.405,2.463
7564,2.341,2.468
7565,2.297,2.468
7566,2.268,2.468
7567,2.209,2.468
7568,2.219,2.463
7569,2.214,2.468
7570,2.195,2.468
7571,2.204,2.468
7572,2.17,2.468
7573,2.243,2.468
7574,2.493,2.468
7575,2.815,2.468
7576,3.065,2.468
7577,3.123,2.468
7578,3.021,2.468
7579,2.884,2.468
7580,2.742,2.468
7581,2.62,2.468
7582,2.488,2.468
7583,2.439,2.473
7584,2.39,2.468
7585,2.434,2.473
7586,2.458,2.473
7587,2.449,2.468
7588,2.414,2.473
7589,2.395,2.468
7590,2.346,2.473
7591,2.307,2.468
7592,2.278,2.473
7593,2.268,2.473
7594,2.253,2.473
7595,2.239,2.473
7596,2.209,2.473
7597,2.214,2.473
7598,2.19,2.473
7599,2.18,2.473
7600,2.136,2.473
7601,2.326,2.473
7602,2.674,2.473
7603,2.996,2.473
7604,3.196,2.473
7605,3.206,2.473
7606,3.079,2.473
7607,2.874,2.473
7608,2.781,2.473
7609,2.688,2.473
7610,2.59,2.473
7611,2.551,2.473
7612,2.532,2.473
7613,2.537,2.473
7614,2.566,2.473
7615,2.537,2.478
7616,2.527,2.473
7617,2.463,2.473
7618,2.385,2.473
7619,2.312,2.478
7620,2.263,2.478
7621,2.219,2.478
7622,2.195,2.478
7623,2.18,2.478
7624,2.204,2.478
7625,2.17,2.478
7626,2.146,2.478
7627,2.155,2.478
7628,2.141,2.478
7629,2.243,2.478
7630,2.507,2.478
7631,2.879,2.478
7632,3.05,2.478
7633,3.157,2.478
7634,3.03,2.478
7635,2.869,2.478
7636,2.757,2.478
7637,2.649,2.478
7638,2.537,2.478
7639,2.458,2.473
7640,2.419,2.473
7641,2.429,2.463
7642,2.463,2.454
7643,2.463,2.444
7644,2.444,2.429
7645,2.405,2.419
7646,2.375,2.41
7647,2.317,2.405
7648,2.258,2.395
7649,2.219,2.39
7650,2.224,2.38
7651,2.195,2.375
7652,2.19,2.37
7653,2.19,2.366
7654,2.307,2.356
7655,2.59,2.351
7656,2.889,2.341
7657,3.06,2.336
7658,3.021,2.326
7659,2.913,2.322
7660,2.752,2.312
7661,2.659,2.307
7662,2.556,2.297
7663,2.478,2.297
7664,2.449,2.297
7665,2.439,2.297
7666,2.483,2.292
7667,2.463,2.292
7668,2.473,2.287
7669,2.405,2.287
7670,2.322,2.283
7671,2.322,2.278
7672,2.292,2.273
7673,2.273,2.273
7674,2.239,2.268
7675,2.214,2.263
7676,2.204,2.258
7677,2.283,2.253
7678,2.61,2.248
7679,2.884,2.248
7680,3.109,2.243
7681,3.113,2.239
7682,3.04,2.234
7683,2.913,2.234
7684,2.757,2.234
7685,2.595,2.234
7686,2.498,2.234
7687,2.454,2.234
7688,2.458,2.239
7689,2.449,2.239
7690,2.434,2.239
7691,2.4,2.239
7692,2.385,2.239
7693,2.341,2.243
7694,2.292,2.248
7695,2.239,2.248
7696,2.248,2.253
7697,2.253,2.258
7698,2.239,2.263
7699,2.234,2.268
7700,2.204,2.273
7701,2.283,2.283
7702,2.546,2.297
7703,2.849,2.312
7704,3.104,2.322
7705,3.148,2.331
7706,3.011,2.341
7707,2.849,2.361
7708,2.737,2.375
7709,2.659,2.39
7710,2.566,2.405
7711,2.478,2.419
7712,2.434,2.434
7713,2.449,2.449
7714,2.449,2.458
7715,2.439,2.468
7716,2.419,2.473
7717,2.366,2.478
7718,2.331,2.483
7719,2.263,2.488
7720,2.268,2.488
7721,2.219,2.488
7722,2.209,2.488
7723,2.199,2.493
7724,2.175,2.493
7725,2.155,2.493
7726,2.155,2.488
7727,2.336,2.488
7728,2.625,2.488
7729,2.933,2.488
7730,3.069,2.488
7731,3.065,2.488
7732,2.928,2.488
7733,2.776,2.488
7734,2.62,2.488
7735,2.502,2.488
7736,2.39,2.488
7737,2.375,2.488
7738,2.366,2.488
7739,2.4,2.493
7740,2.38,2.493
7741,2.385,2.493
7742,2.366,2.493
7743,2.322,2.493
7744,2.268,2.493
7745,2.234,2.493
7746,2.209,2.493
7747,2.195,2.493
7748,2.151,2.493
7749,2.141,2.493
7750,2.155,2.493
7751,2.151,2.488
7752,2.258,2.488
7753,2.556,2.488
7754,2.84,2.483
7755,3.035,2.483
7756,3.025,2.483
7757,2.889,2.478
7758,2.766,2.478
7759,2.644,2.473
7760,2.527,2.468
7761,2.434,2.463
7762,2.405,2.454
7763,2.434,2.449
7764,2.488,2.439
7765,2.458,2.429
7766,2.429,2.419
7767,2.405,2.41
7768,2.38,2.4
7769,2.322,2.39
7770,2.283,2.375
7771,2.253,2.366
7772,2.239,2.356
7773,2.214,2.356
7774,2.209,2.351
7775,2.331,2.356
7776,2.63,2.361
7777,2.937,2.366
7778,3.138,2.37
7779,3.123,2.375
7780,3.006,2.38
7781,2.859,2.385
7782,2.698,2.39
7783,2.581,2.395
7784,2.458,2.4
7785,2.439,2.405
7786,2.449,2.414
7787,2.463,2.419
7788,2.488,2.424
7789,2.483,2.434
7790,2.444,2.444
7791,2.395,2.458
7792,2.287,2.473
7793,2.263,2.488
7794,2.214,2.502
7795,2.224,2.512
7796,2.214,2.522
7797,2.199,2.532
7798,2.209,2.542
7799,2.414,2.546
7800,2.737,2.551
7801,3.069,2.556
7802,3.226,2.556
7803,3.177,2.561
7804,3.025,2.561
7805,2.849,2.566
7806,2.698,2.566
7807,2.595,2.571
7808,2.507,2.571
7809,2.434,2.571
7810,2.449,2.571
7811,2.463,2.571
7812,2.483,2.571
7813,2.439,2.571
7814,2.419,2.566
7815,2.366,2.566
7816,2.326,2.561
7817,2.287,2.561
7818,2.273,2.561
7819,2.234,2.556
7820,2.224,2.556
7821,2.239,2.556
7822,2.322,2.556
7823,2.61,2.551
7824,2.893,2.551
7825,3.128,2.551
7826,3.152,2.551
7827,3.065,2.546
7828,2.908,2.546
7829,2.742,2.542
7830,2.62,2.542
7831,2.483,2.542
7832,2.41,2.537
7833,2.375,2.537
7834,2.39,2.537
7835,2.4,2.532
7836,2.375,2.532
7837,2.385,2.527
7838,2.375,2.527
7839,2.317,2.522
7840,2.253,2.522
7841,2.239,2.517
7842,2.239,2.517
7843,2.229,2.512
7844,2.175,2.512
7845,2.16,2.507
7846,2.307,2.502
7847,2.62,2.498
7848,2.928,2.493
7849,3.065,2.493
7850,3.045,2.488
7851,2.879,2.483
7852,2.717,2.478
7853,2.566,2.478
7854,2.463,2.473
7855,2.405,2.473
7856,2.385,2.473
7857,2.434,2.468
7858,2.483,2.468
7859,2.493,2.468
7860,2.468,2.463
7861,2.395,2.463
7862,2.356,2.463
7863,2.297,2.458
7864,2.278,2.458
7865,2.263,2.458
7866,2.243,2.458
7867,2.243,2.458
7868,2.37,2.454
7869,2.678,2.458
7870,2.957,2.454
7871,3.099,2.454
7872,3.094,2.454
7873,2.942,2.454
7874,2.791,2.454
7875,2.674,2.454
7876,2.532,2.454
7877,2.444,2.454
7878,2.424,2.454
7879,2.429,2.454
7880,2.458,2.454
7881,2.473,2.454
7882,2.444,2.454
7883,2.38,2.454
7884,2.341,2.454
7885,2.307,2.454
7886,2.278,2.454
7887,2.258,2.458
7888,2.239,2.454
7889,2.258,2.458
7890,2.434,2.458
7891,2.781,2.458
7892,3.084,2.458
7893,3.221,2.458
7894,3.206,2.463
7895,3.074,2.463
7896,2.928,2.463
7897,2.791,2.463
7898,2.703,2.463
7899,2.586,2.468
7900,2.537,2.468
7901,2.517,2.468
7902,2.507,2.468
7903,2.512,2.473
7904,2.488,2.473
7905,2.444,2.473
7906,2.356,2.473
7907,2.366,2.473
7908,2.326,2.478
7909,2.258,2.478
7910,2.258,2.478
7911,2.248,2.478
7912,2.366,2.483
7913,2.693,2.483
7914,3.035,2.483
7915,3.231,2.483
7916,3.236,2.483
7917,3.167,2.483
7918,3.001,2.483
7919,2.884,2.483
7920,2.747,2.483
7921,2.639,2.483
7922,2.542,2.483
7923,2.488,2.483
7924,2.498,2.488
7925,2.493,2.483
7926,2.444,2.488
7927,2.439,2.483
7928,2.38,2.488
7929,2.336,2.488
7930,2.283,2.488
7931,2.248,2.488
7932,2.243,2.488
7933,2.219,2.493
7934,2.195,2.493
7935,2.195,2.493
7936,2.195,2.493
7937,2.493,2.493
7938,2.874,2.493
7939,3.148,2.493
7940,3.231,2.498
7941,3.177,2.498
7942,3.021,2.498
7943,2.903,2.498
7944,2.796,2.498
7945,2.659,2.502
7946,2.561,2.502
7947,2.488,2.502
7948,2.493,2.502
7949,2.478,2.502
7950,2.473,2.502
7951,2.424,2.507
7952,2.4,2.507
7953,2.331,2.507
7954,2.312,2.507
7955,2.268,2.507
7956,2.239,2.507
7957,2.219,2.507
7958,2.199,2.507
7959,2.18,2.507
7960,2.18,2.512
7961,2.18,2.512
7962,2.16,2.512
7963,2.229,2.512
7964,2.488,2.512
7965,2.879,2.517
7966,3.143,2.512
7967,3.201,2.517
7968,3.089,2.517
7969,2.942,2.517
7970,2.796,2.517
7971,2.659,2.517
7972,2.542,2.522
7973,2.454,2.522
7974,2.463,2.522
7975,2.454,2.522
7976,2.473,2.522
7977,2.458,2.522
7978,2.429,2.522
7979,2.4,2.522
7980,2.341,2.522
7981,2.287,2.527
7982,2.229,2.522
7983,2.214,2.527
7984,2.204,2.527
7985,2.195,2.527
7986,2.195,2.527
7987,2.18,2.527
7988,2.199,2.527
7989,2.37,2.527
7990,2.688,2.527
7991,3.05,2.527
7992,3.162,2.527
7993,3.104,2.527
7994,2.962,2.527
7995,2.801,2.527
7996,2.683,2.527
7997,2.537,2.527
7998,2.473,2.527
7999,2.444,2.532
8000,2.444,2.532
8001,2.454,2.532
8002,2.463,2.532
8003,2.424,2.532
8004,2.361,2.532
8005,2.307,2.532
8006,2.253,2.532
8007,2.229,2.532
8008,2.195,2.532
8009,2.165,2.532
8010,2.18,2.532
8011,2.165,2.537
8012,2.175,2.537
8013,2.16,2.537
8014,2.136,2.537
8015,2.175,2.537
8016,2.39,2.537
8017,2.752,2.537
8018,3.069,2.542
8019,3.226,2.537
8020,3.177,2.542
8021,3.04,2.542
8022,2.884,2.542
8023,2.771,2.542
8024,2.678,2.542
8025,2.551,2.542
8026,2.488,2.542
8027,2.463,2.546
8028,2.478,2.546
8029,2.449,2.546
8030,2.439,2.546
8031,2.419,2.546
8032,2.361,2.546
8033,2.317,2.546
8034,2.268,2.546
8035,2.243,2.546
8036,2.204,2.546
8037,2.18,2.546
8038,2.17,2.546
8039,2.146,2.546
8040,2.151,2.551
8041,2.16,2.551
8042,2.165,2.551
8043,2.155,2.551
8044,2.185,2.551
8045,2.37,2.551
8046,2.757,2.551
8047,3.065,2.551
8048,3.24,2.551
8049,3.192,2.551
8050,3.03,2.551
8051,2.869,2.551
8052,2.742,2.551
8053,2.639,2.551
8054,2.537,2.556
8055,2.473,2.551
8056,2.463,2.556
8057,2.468,2.556
8058,2.463,2.556
8059,2.463,2.556
8060,2.395,2.556
8061,2.361,2.556
8062,2.307,2.556
8063,2.263,2.556
8064,2.224,2.556
8065,2.204,2.556
8066,2.199,2.556
8067,2.18,2.556
8068,2.175,2.561
8069,2.155,2.556
8070,2.141,2.561
8071,2.18,2.556
8072,2.361,2.561
8073,2.703,2.561
8074,2.996,2.561
8075,3.138,2.561
8076,3.113,2.561
8077,3.006,2.561
8078,2.84,2.561
8079,2.693,2.561
8080,2.571,2.561
8081,2.493,2.561
8082,2.444,2.561
8083,2.414,2.561
8084,2.458,2.561
8085,2.463,2.561
8086,2.473,2.561
8087,2.405,2.561
8088,2.366,2.561
8089,2.287,2.561
8090,2.229,2.561
8091,2.214,2.561
8092,2.224,2.561
8093,2.224,2.561
8094,2.239,2.561
8095,2.214,2.561
8096,2.239,2.566
8097,2.209,2.561
8098,2.307,2.566
8099,2.546,2.561
8100,2.962,2.566
8101,3.148,2.566
8102,3.157,2.566
8103,3.016,2.566
8104,2.859,2.566
8105,2.722,2.566
8106,2.6,2.566
8107,2.493,2.566
8108,2.468,2.566
8109,2.498,2.566
8110,2.517,2.566
8111,2.507,2.566
8112,2.483,2.566
8113,2.434,2.566
8114,2.385,2.566
8115,2.302,2.566
8116,2.273,2.566
8117,2.234,2.566
8118,2.214,2.566
8119,2.195,2.571
8120,2.214,2.566
8121,2.18,2.571
8122,2.18,2.571
8123,2.175,2.571
8124,2.185,2.571
8125,2.341,2.571
8126,2.698,2.571
8127,3.03,2.571
8128,3.231,2.571
8129,3.245,2.571
8130,3.104,2.571
8131,2.952,2.571
8132,2.825,2.571
8133,2.717,2.571
8134,2.605,2.571
8135,2.527,2.571
8136,2.512,2.571
8137,2.512,2.571
8138,2.512,2.571
8139,2.507,2.576
8140,2.444,2.571
8141,2.414,2.576
8142,2.346,2.576
8143,2.312,2.576
8144,2.278,2.576
8145,2.248,2.576
8146,2.243,2.576
8147,2.229,2.576
8148,2.224,2.576
8149,2.229,2.576
8150,2.199,2.576
8151,2.209,2.581
8152,2.317,2.576
8153,2.634,2.581
8154,3.011,2.576
8155,3.216,2.581
8156,3.221,2.581
8157,3.099,2.581
8158,2.874,2.581
8159,2.781,2.581
8160,2.683,2.581
8161,2.6,2.581
8162,2.517,2.581
8163,2.488,2.581
8164,2.478,2.581
8165,2.458,2.581
8166,2.463,2.581
8167,2.444,2.581
8168,2.4,2.581
8169,2.341,2.586
8170,2.287,2.581
8171,2.243,2.586
8172,2.209,2.581
8173,2.195,2.586
8174,2.185,2.586
8175,2.195,2.586
8176,2.18,2.586
8177,2.185,2.586
8178,2.19,2.586
8179,2.37,2.586
8180,2.713,2.586
8181,3.035,2.586
8182,3.182,2.586
8183,3.138,2.59
8184,2.981,2.586
8185,2.81,2.59
8186,2.698,2.586
8187,2.605,2.59
8188,2.468,2.59
8189,2.429,2.59
8190,2.444,2.59
8191,2.473,2.59
8192,2.473,2.59
8193,2.419,2.59
8194,2.395,2.59
8195,2.361,2.59
8196,2.307,2.59
8197,2.268,2.59
8198,2.253,2.59
8199,2.234,2.595
8200,2.204,2.595
8201,2.204,2.595
8202,2.199,2.595
8203,2.239,2.595
8204,2.478,2.595
8205,2.835,2.595
8206,3.094,2.595
8207,3.162,2.595
8208,3.094,2.6
8209,2.928,2.595
8210,2.786,2.6
8211,2.644,2.595
8212,2.527,2.6
8213,2.449,2.6
8214,2.444,2.595
8215,2.458,2.6
8216,2.478,2.595
8217,2.458,2.6
8218,2.454,2.595
8219,2.405,2.6
8220,2.331,2.595
8221,2.287,2.6
8222,2.248,2.6
8223,2.239,2.6
8224,2.214,2.6
8225,2.204,2.6
8226,2.199,2.6
8227,2.185,2.6
8228,2.243,2.6
8229,2.546,2.6
8230,2.898,2.6
8231,3.201,2.6
8232,3.275,2.6
8233,3.196,2.6
8234,3.055,2.6
8235,2.908,2.6
8236,2.81,2.6
8237,2.678,2.6
8238,2.571,2.6
8239,2.527,2.6
8240,2.512,2.6
8241,2.512,2.6
8242,2.483,2.6
8243,2.478,2.6
8244,2.429,2.605
8245,2.385,2.605
8246,2.317,2.6
8247,2.287,2.605
8248,2.234,2.605
8249,2.219,2.605
8250,2.195,2.605
8251,2.19,2.605
8252,2.219,2.605
8253,2.19,2.605
8254,2.199,2.605
8255,2.253,2.605
8256,2.527,2.61
8257,2.893,2.605
8258,3.172,2.61
8259,3.275,2.61
8260,3.201,2.61
8261,3.04,2.61
8262,2.918,2.61
8263,2.805,2.61
8264,2.683,2.61
8265,2.6,2.61
8266,2.537,2.61
8267,2.517,2.61
8268,2.527,2.61
8269,2.478,2.61
8270,2.473,2.61
8271,2.424,2.61
8272,2.385,2.615
8273,2.312,2.61
8274,2.258,2.615
8275,2.214,2.61
8276,2.219,2.61
8277,2.219,2.61
8278,2.19,2.61
8279,2.214,2.61
8280,2.19,2.605
8281,2.185,2.61
8282,2.204,2.605
8283,2.424,2.61
8284,2.825,2.605
8285,3.099,2.61
8286,3.221,2.61
8287,3.152,2.61
8288,3.001,2.61
8289,2.879,2.61
8290,2.771,2.61
8291,2.634,2.61
8292,2.542,2.61
8293,2.498,2.61
8294,2.473,2.61
8295,2.488,2.61
8296,2.488,2.61
8297,2.444,2.61
8298,2.4,2.61
8299,2.341,2.61
8300,2.307,2.61
8301,2.239,2.61
8302,2.204,2.615
8303,2.199,2.61
8304,2.199,2.61
8305,2.165,2.61
8306,2.195,2.61
8307,2.175,2.61
8308,2.165,2.61
8309,2.307,2.61
8310,2.639,2.61
8311,2.962,2.61
8312,3.128,2.61
8313,3.128,2.61
8314,3.021,2.61
8315,2.781,2.61
8316,2.664,2.61
8317,2.556,2.61
8318,2.473,2.61
8319,2.463,2.61
8320,2.473,2.61
8321,2.527,2.61
8322,2.483,2.61
8323,2.449,2.61
8324,2.41,2.61
8325,2.366,2.615
8326,2.283,2.615
8327,2.214,2.615
8328,2.243,2.615
8329,2.239,2.615
8330,2.219,2.615
8331,2.199,2.615
8332,2.199,2.615
8333,2.287,2.615
8334,2.639,2.615
8335,2.962,2.615
8336,3.177,2.62
8337,3.177,2.615
8338,3.069,2.615
8339,2.933,2.62
8340,2.801,2.615
8341,2.698,2.62
8342,2.571,2.62
8343,2.512,2.62
8344,2.468,2.62
8345,2.507,2.62
8346,2.502,2.62
8347,2.502,2.62
8348,2.444,2.625
8349,2.395,2.62
8350,2.361,2.625
8351,2.302,2.625
8352,2.268,2.625
8353,2.224,2.625
8354,2.224,2.625
8355,2.239,2.625
8356,2.229,2.625
8357,2.234,2.63
8358,2.229,2.625
8359,2.219,2.63
8360,2.346,2.63
8361,2.742,2.63
8362,3.094,2.63
8363,3.216,2.63
8364,3.245,2.63
8365,3.099,2.63
8366,2.918,2.63
8367,2.83,2.63
8368,2.698,2.63
8369,2.556,2.63
8370,2.493,2.63
8371,2.434,2.634
8372,2.439,2.63
8373,2.449,2.634
8374,2.414,2.63
8375,2.395,2.634
8376,2.331,2.634
8377,2.292,2.634
8378,2.263,2.634
8379,2.239,2.634
8380,2.199,2.634
8381,2.199,2.634
8382,2.204,2.634
8383,2.195,2.634
8384,2.18,2.634
8385,2.199,2.634
8386,2.39,2.634
8387,2.771,2.634
8388,3.035,2.634
8389,3.128,2.634
8390,3.035,2.634
8391,2.884,2.639
8392,2.761,2.634
8393,2.649,2.639
8394,2.522,2.634
8395,2.449,2.639
8396,2.414,2.634
8397,2.419,2.634
8398,2.429,2.634
8399,2.405,2.634
8400,2.395,2.634
8401,2.356,2.634
8402,2.307,2.634
8403,2.239,2.63
8404,2.199,2.63
8405,2.151,2.63
8406,2.126,2.625
8407,2.102,2.63
8408,2.151,2.625
8409,2.395,2.625
8410,2.664,2.625
8411,2.898,2.625
8412,2.977,2.625
8413,2.874,2.625
8414,2.727,2.625
8415,2.586,2.625
8416,2.488,2.625
8417,2.351,2.625
8418,2.263,2.625
8419,2.258,2.625
8420,2.287,2.625
8421,2.297,2.625
8422,2.302,2.625
8423,2.297,2.625
8424,2.268,2.625
8425,2.214,2.625
8426,2.195,2.62
8427,2.165,2.625
8428,2.131,2.625
8429,2.102,2.625
8430,2.199,2.625
8431,2.419,2.625
8432,2.708,2.625
8433,2.977,2.625
8434,3.035,2.63
8435,3.021,2.625
8436,2.908,2.625
8437,2.805,2.63
8438,2.639,2.625
8439,2.493,2.63
8440,2.473,2.63
8441,2.542,2.63
8442,2.59,2.63
8443,2.581,2.63
8444,2.527,2.634
8445,2.434,2.634
8446,2.4,2.639
8447,2.346,2.639
8448,2.322,2.644
8449,2.278,2.649
8450,2.253,2.649
8451,2.375,2.654
8452,2.654,2.654
8453,2.972,2.659
8454,3.109,2.659
8455,3.099,2.659
8456,2.991,2.659
8457,2.825,2.664
8458,2.693,2.664
8459,2.561,2.664
8460,2.454,2.669
8461,2.419,2.669
8462,2.41,2.669
8463,2.429,2.669
8464,2.405,2.669
8465,2.395,2.669
8466,2.356,2.674
8467,2.312,2.674
8468,2.263,2.669
8469,2.219,2.674
8470,2.185,2.674
8471,2.185,2.674
8472,2.19,2.674
8473,2.17,2.674
8474,2.131,2.674
8475,2.204,2.674
8476,2.41,2.674
8477,2.766,2.669
8478,3.084,2.674
8479,3.211,2.669
8480,3.138,2.669
8481,3.021,2.669
8482,2.869,2.669
8483,2.732,2.669
8484,2.615,2.669
8485,2.483,2.669
8486,2.429,2.664
8487,2.414,2.664
8488,2.444,2.664
8489,2.463,2.664
8490,2.468,2.664
8491,2.444,2.659
8492,2.395,2.659
8493,2.331,2.659
8494,2.263,2.659
8495,2.243,2.654
8496,2.224,2.659
8497,2.19,2.654
8498,2.175,2.654
8499,2.17,2.654
8500,2.224,2.649
8501,2.527,2.649
8502,2.923,2.649
8503,3.206,2.649
8504,3.255,2.644
8505,3.143,2.644
8506,2.996,2.644
8507,2.84,2.644
8508,2.732,2.639
8509,2.6,2.634
8510,2.502,2.634
8511,2.434,2.63
8512,2.395,2.63
8513,2.434,2.625
8514,2.434,2.625
8515,2.414,2.625
8516,2.356,2.62
8517,2.302,2.62
8518,2.263,2.615
8519,2.214,2.615
8520,2.18,2.615
8521,2.151,2.615
8522,2.185,2.61
8523,2.155,2.61
8524,2.141,2.61
8525,2.209,2.605
8526,2.493,2.605
8527,2.898,2.6
8528,3.182,2.6
8529,3.25,2.595
8530,3.138,2.595
8531,2.967,2.595
8532,2.81,2.59
8533,2.698,2.59
8534,2.571,2.586
8535,2.493,2.586
8536,2.39,2.581
8537,2.414,2.581
8538,2.429,2.581
8539,2.439,2.581
8540,2.395,2.576
8541,2.351,2.576
8542,2.283,2.576
8543,2.209,2.571
8544,2.141,2.571
8545,2.16,2.566
8546,2.18,2.566
8547,2.155,2.561
8548,2.141,2.556
8549,2.131,2.556
8550,2.141,2.551
8551,2.141,2.551
8552,2.107,2.546
8553,2.131,2.546
8554,2.366,2.546
8555,2.766,2.542
8556,3.084,2.542
8557,3.192,2.542
8558,3.099,2.542
8559,2.933,2.537
8560,2.742,2.532
8561,2.63,2.527
8562,2.537,2.527
8563,2.419,2.522
8564,2.37,2.522
8565,2.38,2.517
8566,2.41,2.517
8567,2.424,2.517
8568,2.395,2.512
8569,2.336,2.512
8570,2.287,2.512
8571,2.263,2.512
8572,2.204,2.512
8573,2.155,2.512
8574,2.126,2.512
8575,2.131,2.512
8576,2.151,2.512
8577,2.131,2.512
8578,2.116,2.512
8579,2.131,2.517
8580,2.102,2.517
8581,2.155,2.517
8582,2.405,2.517
8583,2.786,2.517
8584,3.055,2.517
8585,3.157,2.517
8586,3.089,2.522
8587,2.923,2.522
8588,2.761,2.522
8589,2.674,2.522
8590,2.546,2.522
8591,2.434,2.527
8592,2.37,2.522
8593,2.405,2.527
8594,2.41,2.527
8595,2.414,2.527
8596,2.375,2.527
8597,2.351,2.527
8598,2.312,2.532
8599,2.278,2.527
8600,2.243,2.532
8601,2.17,2.532
8602,2.155,2.532
8603,2.195,2.532
8604,2.175,2.532
8605,2.16,2.537
8606,2.146,2.532
8607,2.121,2.537
8608,2.107,2.537
8609,2.107,2.542
8610,2.102,2.542
8611,2.37,2.542
8612,2.761,2.546
8613,3.035,2.546
8614,3.143,2.546
8615,3.074,2.551
8616,2.913,2.551
8617,2.732,2.551
8618,2.62,2.551
8619,2.517,2.551
8620,2.449,2.551
8621,2.419,2.551
8622,2.414,2.551
8623,2.439,2.556
8624,2.444,2.556
8625,2.405,2.556
8626,2.356,2.561
8627,2.312,2.561
8628,2.263,2.561
8629,2.248,2.561
8630,2.204,2.561
8631,2.195,2.561
8632,2.17,2.566
8633,2.151,2.566
8634,2.151,2.566
8635,2.146,2.566
8636,2.131,2.566
8637,2.141,2.571
8638,2.204,2.571
8639,2.483,2.571
8640,2.83,2.571
8641,3.065,2.571
8642,3.069,2.571
8643,2.986,2.571
8644,2.884,2.576
8645,2.717,2.576
8646,2.615,2.576
8647,2.502,2.576
8648,2.429,2.576
8649,2.419,2.576
8650,2.439,2.576
8651,2.434,2.576
8652,2.419,2.576
8653,2.429,2.581
8654,2.395,2.576
8655,2.326,2.581
8656,2.292,2.576
8657,2.248,2.581
8658,2.195,2.581
8659,2.204,2.581
8660,2.18,2.581
8661,2.209,2.576
8662,2.204,2.581
8663,2.199,2.581
8664,2.175,2.581
8665,2.18,2.581
8666,2.219,2.581
8667,2.493,2.581
8668,2.835,2.581
8669,3.094,2.581
8670,3.167,2.581
8671,3.094,2.581
8672,2.972,2.581
8673,2.81,2.586
8674,2.678,2.586
8675,2.561,2.586
8676,2.522,2.586
8677,2.517,2.586
8678,2.527,2.586
8679,2.551,2.586
8680,2.546,2.586
8681,2.488,2.586
8682,2.473,2.586
8683,2.419,2.59
8684,2.37,2.59
8685,2.341,2.59
8686,2.292,2.59
8687,2.287,2.59
8688,2.253,2.59
8689,2.224,2.59
8690,2.214,2.59
8691,2.253,2.59
8692,2.463,2.59
8693,3.001,2.59
8694,3.177,2.595
8695,3.192,2.595
8696,3.045,2.6
8697,2.854,2.6
8698,2.693,2.6
8699,2.561,2.6
8700,2.478,2.6
8701,2.429,2.605
8702,2.439,2.6
8703,2.478,2.605
8704,2.507,2.605
8705,2.512,2.605
8706,2.493,2.605
8707,2.444,2.605
8708,2.4,2.605
8709,2.326,2.605
8710,2.302,2.605
8711,2.268,2.605
8712,2.239,2.61
8713,2.243,2.61
8714,2.248,2.61
8715,2.429,2.61
8716,2.752,2.61
8717,3.04,2.61
8718,3.162,2.61
8719,3.148,2.61
8720,3.006,2.61
8721,2.84,2.61
8722,2.678,2.61
8723,2.571,2.61
8724,2.483,2.615
8725,2.449,2.61
8726,2.468,2.61
8727,2.493,2.61
8728,2.498,2.61
8729,2.478,2.61
8730,2.458,2.61
8731,2.414,2.61
8732,2.361,2.61
8733,2.331,2.61
8734,2.287,2.605
8735,2.224,2.605
8736,2.248,2.605
8737,2.302,2.605
8738,2.517,2.605
8739,2.859,2.605
8740,3.138,2.605
8741,3.177,2.605
8742,3.109,2.605
8743,2.967,2.605
8744,2.815,2.6
8745,2.669,2.6
8746,2.556,2.6
8747,2.468,2.6
8748,2.454,2.6
8749,2.468,2.6
8750,2.488,2.595
8751,2.502,2.595
8752,2.478,2.595
8753,2.37,2.59
8754,2.37,2.586
8755,2.322,2.581
8756,2.297,2.581
8757,2.263,2.576
8758,2.234,2.576
8759,2.229,2.571
8760,2.219,2.571
8761,2.209,2.571
8762,2.239,2.571
8763,2.468,2.566
8764,2.854,2.566
8765,3.152,2.566
8766,3.25,2.566
8767,3.187,2.566
8768,3.04,2.561
8769,2.869,2.561
8770,2.737,2.561
8771,2.644,2.561
8772,2.546,2.561
8773,2.502,2.561
8774,2.502,2.561
8775,2.527,2.561
8776,2.527,2.561
8777,2.488,2.561
8778,2.454,2.561
8779,2.405,2.561
8780,2.37,2.561
8781,2.283,2.561
8782,2.278,2.561
8783,2.234,2.561
8784,2.209,2.561
8785,2.19,2.561
8786,2.199,2.561
8787,2.204,2.561
8788,2.336,2.561
8789,2.659,2.561
8790,3.03,2.561
8791,3.226,2.561
8792,3.231,2.561
8793,3.123,2.561
8794,2.937,2.561
8795,2.771,2.561
8796,2.644,2.561
8797,2.561,2.566
8798,2.502,2.561
8799,2.463,2.561
8800,2.468,2.561
8801,2.512,2.561
8802,2.488,2.566
8803,2.478,2.561
8804,2.39,2.566
8805,2.38,2.561
8806,2.302,2.566
8807,2.258,2.566
8808,2.229,2.566
8809,2.204,2.566
8810,2.195,2.566
8811,2.209,2.566
8812,2.175,2.566
8813,2.195,2.566
8814,2.39,2.566
8815,2.757,2.571
8816,3.182,2.571
8817,3.255,2.571
8818,3.006,2.571
8819,2.84,2.571
8820,2.698,2.571
8821,2.586,2.571
8822,2.493,2.571
8823,2.434,2.571
8824,2.424,2.571
8825,2.454,2.571
8826,2.463,2.576
8827,2.463,2.576
8828,2.429,2.576
8829,2.366,2.576
8830,2.297,2.576
8831,2.258,2.576
8832,2.234,2.576
8833,2.224,2.576
8834,2.195,2.576
8835,2.224,2.581
8836,2.395,2.576
8837,2.732,2.581
8838,3.05,2.581
8839,3.196,2.581
8840,3.172,2.581
8841,3.011,2.581
8842,2.859,2.581
8843,2.688,2.581
8844,2.556,2.581
8845,2.478,2.581
8846,2.439,2.581
8847,2.449,2.586
8848,2.458,2.581
8849,2.483,2.586
8850,2.439,2.586
8851,2.434,2.586
8852,2.346,2.586
8853,2.307,2.586
8854,2.273,2.586
8855,2.224,2.586
8856,2.204,2.59
8857,2.18,2.586
8858,2.199,2.586
8859,2.414,2.586
8860,2.791,2.59
8861,3.113,2.59
8862,3.221,2.59
8863,3.172,2.59
8864,2.991,2.59
8865,2.83,2.59
8866,2.688,2.59
8867,2.556,2.59
8868,2.444,2.595
8869,2.444,2.59
8870,2.444,2.595
8871,2.449,2.595
8872,2.468,2.595
8873,2.468,2.595
8874,2.395,2.595
8875,2.356,2.595
8876,2.292,2.595
8877,2.243,2.595
8878,2.219,2.595
8879,2.18,2.6
8880,2.155,2.595
8881,2.336,2.6
8882,2.674,2.6
8883,3.03,2.6
8884,3.231,2.6
8885,3.24,2.6
8886,3.104,2.6
8887,2.928,2.6
8888,2.737,2.6
8889,2.605,2.6
8890,2.483,2.6
8891,2.458,2.6
8892,2.458,2.6
8893,2.488,2.605
8894,2.502,2.6
8895,2.454,2.605
8896,2.41,2.6
8897,2.322,2.605
8898,2.317,2.605
8899,2.268,2.605
8900,2.224,2.605
8901,2.214,2.605
8902,2.209,2.605
8903,2.209,2.605
8904,2.361,2.605
8905,2.737,2.605
8906,3.138,2.61
8907,3.348,2.605
8908,3.328,2.61
8909,3.172,2.61
8910,2.991,2.61
8911,2.825,2.61
8912,2.698,2.61
8913,2.586,2.61
8914,2.512,2.61
8915,2.502,2.61
8916,2.488,2.61
8917,2.522,2.61
8918,2.488,2.61
8919,2.454,2.61
8920,2.395,2.615
8921,2.307,2.61
8922,2.268,2.615
8923,2.214,2.61
8924,2.195,2.615
8925,2.185,2.615
8926,2.219,2.615
8927,2.405,2.615
8928,2.805,2.615
8929,3.157,2.615
8930,3.328,2.615
8931,3.284,2.615
8932,3.128,2.615
8933,2.957,2.615
8934,2.796,2.615
8935,2.664,2.615
8936,2.551,2.615
8937,2.478,2.615
8938,2.473,2.62
8939,2.478,2.615
8940,2.488,2.62
8941,2.429,2.62
8942,2.41,2.62
8943,2.351,2.62
8944,2.278,2.62
8945,2.224,2.62
8946,2.199,2.615
8947,2.16,2.62
8948,2.224,2.62
8949,2.517,2.62
8950,2.908,2.62
8951,3.24,2.62
8952,3.319,2.62
8953,3.221,2.62
8954,2.864,2.62
8955,2.698,2.62
8956,2.532,2.62
8957,2.468,2.62
8958,2.449,2.62
8959,2.468,2.625
8960,2.473,2.62
8961,2.458,2.625
8962,2.346,2.625
8963,2.253,2.625
8964,2.224,2.625
8965,2.195,2.625
8966,2.146,2.625
8967,2.199,2.625
8968,2.185,2.625
8969,2.146,2.625
8970,2.175,2.625
8971,3.011,2.625
8972,3.304,2.625
8973,3.382,2.625
8974,3.284,2.625
8975,3.118,2.625
8976,2.942,2.625
8977,2.796,2.625
8978,2.639,2.63
8979,2.532,2.625
8980,2.542,2.625
8981,2.527,2.625
8982,2.419,2.625
8983,2.4,2.63
8984,2.351,2.625
8985,2.302,2.63
8986,2.248,2.63
8987,2.204,2.63
8988,2.165,2.63
8989,2.165,2.63
8990,2.17,2.63
8991,2.248,2.63
8992,2.595,2.63
8993,2.986,2.63
8994,3.231,2.63
8995,3.275,2.63
8996,3.138,2.63
8997,2.972,2.63
8998,2.654,2.63
8999,2.522,2.63
9000,2.439,2.63
9001,2.434,2.63
9002,2.419,2.634
9003,2.419,2.63
9004,2.414,2.634
9005,2.351,2.634
9006,2.292,2.634
9007,2.199,2.634
9008,2.131,2.63
9009,2.107,2.634
9010,2.097,2.634
9011,2.097,2.634
9012,2.092,2.634
9013,2.102,2.634
9014,2.175,2.634
9015,3.084,2.634
9016,3.265,2.634
9017,3.226,2.634
9018,3.055,2.634
9019,2.864,2.634
9020,2.713,2.634
9021,2.586,2.634
9022,2.454,2.634
9023,2.39,2.634
9024,2.473,2.634
9025,2.454,2.634
9026,2.4,2.639
9027,2.346,2.634
9028,2.292,2.639
9029,2.243,2.634
9030,2.185,2.639
9031,2.165,2.634
9032,2.165,2.639
9033,2.131,2.639
9034,2.243,2.634
9035,2.527,2.639
9036,2.889,2.639
9037,3.128,2.639
9038,3.177,2.639
9039,3.069,2.639
9040,2.893,2.639
9041,2.757,2.639
9042,2.463,2.639
9043,2.41,2.639
9044,2.439,2.639
9045,2.424,2.639
9046,2.414,2.639
9047,2.414,2.639
9048,2.351,2.639
9049,2.297,2.644
9050,2.243,2.639
9051,2.185,2.639
9052,2.131,2.639
9053,2.121,2.639
9054,2.111,2.639
9055,2.121,2.634
9056,2.287,2.639
9057,2.683,2.634
9058,3.05,2.634
9059,3.216,2.634
9060,3.079,2.63
9061,2.928,2.63
9062,2.771,2.63
9063,2.634,2.63
9064,2.502,2.63
9065,2.439,2.625
9066,2.41,2.63
9067,2.419,2.625
9068,2.4,2.63
9069,2.336,2.625
9070,2.224,2.625
9071,2.199,2.625
9072,2.155,2.63
9073,2.141,2.63
9074,2.131,2.63
9075,2.121,2.63
9076,2.116,2.63
9077,2.248,2.63
9078,2.576,2.63
9079,2.918,2.63
9080,3.118,2.63
9081,3.182,2.634
9082,3.069,2.634
9083,2.928,2.634
9084,2.781,2.634
9085,2.649,2.634
9086,2.444,2.634
9087,2.395,2.634
9088,2.4,2.634
9089,2.4,2.634
9090,2.395,2.634
9091,2.375,2.634
9092,2.307,2.634
9093,2.253,2.634
9094,2.209,2.634
9095,2.155,2.634
9096,2.141,2.634
9097,2.116,2.634
9098,2.111,2.634
9099,2.087,2.639
9100,2.17,2.639
9101,2.463,2.639
9102,2.884,2.639
9103,3.104,2.639
9104,3.025,2.639
9105,2.825,2.639
9106,2.713,2.639
9107,2.576,2.639
9108,2.449,2.639
9109,2.375,2.639
9110,2.356,2.639
9111,2.385,2.644
9112,2.395,2.639
9113,2.336,2.644
9114,2.307,2.639
9115,2.234,2.644
9116,2.175,2.644
9117,2.16,2.644
9118,2.141,2.644
9119,2.136,2.644
9120,2.121,2.644
9121,2.136,2.644
9122,2.801,2.644
9123,3.025,2.644
9124,3.099,2.644
9125,3.006,2.644
9126,2.845,2.644
9127,2.766,2.644
9128,2.634,2.644
9129,2.507,2.644
9130,2.41,2.644
9131,2.444,2.644
9132,2.434,2.649
9133,2.405,2.644
9134,2.366,2.649
9135,2.302,2.644
9136,2.268,2.649
9137,2.239,2.649
9138,2.209,2.649
9139,2.17,2.649
9140,2.214,2.649
9141,2.414,2.649
9142,2.81,2.649
9143,3.104,2.649
9144,3.211,2.649
9145,3.148,2.649
9146,3.006,2.649
9147,2.849,2.649
9148,2.708,2.649
9149,2.473,2.649
9150,2.439,2.649
9151,2.424,2.649
9152,2.434,2.649
9153,2.414,2.649
9154,2.39,2.654
9155,2.312,2.649
9156,2.287,2.654
9157,2.234,2.649
9158,2.199,2.654
9159,2.19,2.649
9160,2.16,2.654
9161,2.141,2.654
9162,2.185,2.654
9163,2.468,2.654
9164,2.889,2.654
9165,3.216,2.654
9166,2.786,2.654
9167,2.639,2.654
9168,2.546,2.654
9169,2.488,2.654
9170,2.512,2.654
9171,2.507,2.654
9172,2.507,2.654
9173,2.488,2.654
9174,2.429,2.659
9175,2.375,2.654
9176,2.297,2.659
9177,2.253,2.654
9178,2.195,2.659
9179,2.185,2.659
9180,2.155,2.659
9181,2.165,2.659
9182,2.18,2.659
9183,2.312,2.659
9184,2.703,2.659
9185,3.104,2.659
9186,3.319,2.659
9187,3.27,2.664
9188,3.104,2.659
9189,2.972,2.659
9190,2.83,2.664
9191,2.674,2.659
9192,2.532,2.664
9193,2.463,2.659
9194,2.434,2.664
9195,2.458,2.659
9196,2.458,2.664
9197,2.424,2.659
9198,2.405,2.664
9199,2.331,2.664
9200,2.268,2.664
9201,2.258,2.664
9202,2.224,2.664
9203,2.195,2.664
9204,2.18,2.664
9205,2.219,2.664
9206,2.444,2.664
9207,2.845,2.664
9208,3.162,2.664
9209,3.27,2.664
9210,3.206,2.669
9211,3.069,2.664
9212,2.874,2.669
9213,2.698,2.664
9214,2.532,2.669
9215,2.429,2.669
9216,2.429,2.669
9217,2.424,2.669
9218,2.434,2.669
9219,2.419,2.669
9220,2.38,2.669
9221,2.341,2.669
9222,2.292,2.669
9223,2.243,2.669
9224,2.214,2.669
9225,2.155,2.669
9226,2.141,2.669
9227,2.141,2.669
9228,2.346,2.669
9229,2.771,2.669
9230,3.128,2.669
9231,3.343,2.669
9232,3.304,2.669
9233,3.157,2.669
9234,2.957,2.669
9235,2.82,2.669
9236,2.644,2.669
9237,2.488,2.674
9238,2.41,2.669
9239,2.41,2.674
9240,2.419,2.674
9241,2.424,2.674
9242,2.38,2.674
9243,2.351,2.674
9244,2.268,2.674
9245,2.219,2.669
9246,2.175,2.674
9247,2.136,2.669
9248,2.131,2.674
9249,2.131,2.674
9250,2.111,2.674
9251,2.121,2.674
9252,2.214,2.674
9253,2.537,2.674
9254,2.981,2.674
9255,3.26,2.674
9256,3.299,2.674
9257,3.192,2.674
9258,2.981,2.674
9259,2.805,2.674
9260,2.664,2.674
9261,2.507,2.674
9262,2.424,2.674
9263,2.37,2.674
9264,2.356,2.674
9265,2.351,2.674
9266,2.361,2.674
9267,2.307,2.674
9268,2.287,2.674
9269,2.219,2.678
9270,2.175,2.674
9271,2.141,2.678
9272,2.121,2.674
9273,2.111,2.678
9274,2.102,2.674
9275,2.092,2.674
9276,2.072,2.678
9277,2.126,2.674
9278,2.512,2.678
9279,2.933,2.678
9280,3.196,2.678
9281,3.25,2.678
9282,3.128,2.678
9283,2.928,2.678
9284,2.742,2.678
9285,2.59,2.678
9286,2.468,2.678
9287,2.375,2.678
9288,2.375,2.678
9289,2.38,2.678
9290,2.41,2.678
9291,2.4,2.678
9292,2.356,2.678
9293,2.322,2.674
9294,2.263,2.678
9295,2.219,2.678
9296,2.146,2.678
9297,2.102,2.678
9298,2.072,2.678
9299,2.067,2.678
9300,2.067,2.678
9301,2.067,2.678
9302,2.067,2.678
9303,2.067,2.678
9304,2.165,2.678
9305,2.483,2.678
9306,2.854,2.678
9307,3.084,2.678
9308,3.065,2.678
9309,2.918,2.674
9310,2.747,2.678
9311,2.595,2.674
9312,2.463,2.674
9313,2.341,2.674
9314,2.326,2.674
9315,2.356,2.674
9316,2.375,2.674
9317,2.41,2.678
9318,2.385,2.674
9319,2.361,2.678
9320,2.322,2.678
9321,2.278,2.678
9322,2.209,2.678
9323,2.185,2.678
9324,2.16,2.678
9325,2.136,2.678
9326,2.141,2.678
9327,2.297,2.678
9328,2.688,2.678
9329,2.996,2.678
9330,3.128,2.678
9331,3.084,2.678
9332,2.923,2.678
9333,2.757,2.683
9334,2.6,2.678
9335,2.478,2.683
9336,2.395,2.678
9337,2.351,2.683
9338,2.38,2.683
9339,2.4,2.678
9340,2.424,2.683
9341,2.395,2.678
9342,2.346,2.683
9343,2.263,2.683
9344,2.224,2.683
9345,2.155,2.683
9346,2.141,2.683
9347,2.16,2.683
9348,2.151,2.683
9349,2.165,2.683
9350,2.185,2.683
9351,2.239,2.683
9352,2.498,2.683
9353,2.864,2.683
9354,3.109,2.688
9355,3.236,2.688
9356,3.152,2.688
9357,2.977,2.688
9358,2.825,2.688
9359,2.669,2.688
9360,2.556,2.688
9361,2.419,2.688
9362,2.429,2.683
9363,2.449,2.688
9364,2.493,2.688
9365,2.507,2.688
9366,2.468,2.688
9367,2.375,2.688
9368,2.331,2.688
9369,2.253,2.683
9370,2.209,2.688
9371,2.204,2.688
9372,2.175,2.688
9373,2.165,2.688
9374,2.16,2.688
9375,2.165,2.688
9376,2.302,2.688
9377,2.644,2.688
9378,2.991,2.688
9379,3.192,2.688
9380,3.196,2.688
9381,3.045,2.688
9382,2.893,2.688
9383,2.732,2.688
9384,2.581,2.688
9385,2.454,2.688
9386,2.419,2.688
9387,2.424,2.683
9388,2.463,2.688
9389,2.463,2.683
9390,2.454,2.688
9391,2.356,2.688
9392,2.346,2.683
9393,2.302,2.683
9394,2.258,2.683
9395,2.239,2.683
9396,2.209,2.683
9397,2.195,2.683
9398,2.195,2.683
9399,2.268,2.678
9400,2.595,2.683
9401,2.942,2.678
9402,3.167,2.678
9403,3.182,2.678
9404,3.065,2.678
9405,2.898,2.678
9406,2.737,2.674
9407,2.6,2.674
9408,2.454,2.674
9409,2.39,2.674
9410,2.41,2.669
9411,2.424,2.674
9412,2.463,2.674
9413,2.444,2.674
9414,2.385,2.669
9415,2.297,2.669
9416,2.278,2.669
9417,2.204,2.669
9418,2.175,2.669
9419,2.16,2.664
9420,2.141,2.669
9421,2.136,2.664
9422,2.121,2.664
9423,2.146,2.664
9424,2.361,2.664
9425,2.747,2.664
9426,3.113,2.659
9427,3.275,2.664
9428,3.231,2.659
9429,3.069,2.664
9430,2.903,2.659
9431,2.761,2.659
9432,2.659,2.659
9433,2.537,2.659
9434,2.473,2.664
9435,2.444,2.659
9436,2.449,2.659
9437,2.454,2.659
9438,2.454,2.659
9439,2.395,2.664
9440,2.326,2.664
9441,2.297,2.664
9442,2.234,2.664
9443,2.204,2.664
9444,2.209,2.664
9445,2.18,2.669
9446,2.18,2.664
9447,2.175,2.664
9448,2.16,2.664
9449,2.219,2.664
9450,2.522,2.664
9451,2.981,2.664
9452,3.24,2.669
9453,3.319,2.664
9454,3.221,2.664
9455,3.011,2.664
9456,2.845,2.664
9457,2.717,2.669
9458,2.6,2.664
9459,2.522,2.669
9460,2.468,2.664
9461,2.488,2.669
9462,2.488,2.664
9463,2.502,2.664
9464,2.473,2.664
9465,2.444,2.664
9466,2.38,2.669
9467,2.283,2.664
9468,2.258,2.669
9469,2.185,2.669
9470,2.19,2.669
9471,2.185,2.664
9472,2.17,2.664
9473,2.17,2.664
9474,2.17,2.664
9475,2.165,2.664
9476,2.239,2.664
9477,2.546,2.664
9478,2.928,2.664
9479,3.182,2.664
9480,3.211,2.669
9481,3.123,2.664
9482,2.962,2.669
9483,2.776,2.669
9484,2.683,2.669
9485,2.542,2.669
9486,2.458,2.669
9487,2.439,2.669
9488,2.424,2.669
9489,2.444,2.674
9490,2.444,2.669
9491,2.414,2.674
9492,2.385,2.674
9493,2.287,2.674
9494,2.278,2.678
9495,2.214,2.674
9496,2.18,2.678
9497,2.18,2.678
9498,2.16,2.678
9499,2.19,2.678
9500,2.165,2.678
9501,2.151,2.678
9502,2.419,2.678
9503,2.771,2.683
9504,3.104,2.678
9505,3.211,2.683
9506,3.123,2.683
9507,2.957,2.683
9508,2.81,2.683
9509,2.659,2.683
9510,2.546,2.683
9511,2.444,2.683
9512,2.419,2.683
9513,2.458,2.683
9514,2.517,2.683
9515,2.498,2.688
9516,2.458,2.683
9517,2.405,2.688
9518,2.356,2.683
9519,2.292,2.688
9520,2.273,2.688
9521,2.219,2.688
9522,2.234,2.688
9523,2.209,2.688
9524,2.214,2.688
9525,2.292,2.688
9526,2.625,2.688
9527,3.04,2.688
9528,3.221,2.693
9529,3.265,2.688
9530,3.167,2.688
9531,2.991,2.688
9532,2.884,2.688
9533,2.717,2.688
9534,2.595,2.688
9535,2.522,2.688
9536,2.522,2.688
9537,2.532,2.688
9538,2.537,2.688
9539,2.488,2.688
9540,2.434,2.688
9541,2.375,2.688
9542,2.341,2.688
9543,2.283,2.688
9544,2.243,2.688
9545,2.214,2.688
9546,2.214,2.688
9547,2.224,2.688
9548,2.204,2.688
9549,2.185,2.688
9550,2.224,2.693
9551,2.444,2.693
9552,2.845,2.693
9553,3.182,2.693
9554,3.348,2.693
9555,3.309,2.693
9556,3.152,2.693
9557,2.977,2.693
9558,2.859,2.693
9559,2.698,2.693
9560,2.576,2.693
9561,2.507,2.693
9562,2.512,2.693
9563,2.522,2.693
9564,2.502,2.693
9565,2.483,2.693
9566,2.429,2.693
9567,2.38,2.698
9568,2.312,2.693
9569,2.263,2.698
9570,2.253,2.698
9571,2.239,2.698
9572,2.243,2.698
9573,2.224,2.698
9574,2.209,2.698
9575,2.258,2.698
9576,2.551,2.698
9577,2.952,2.698
9578,3.226,2.698
9579,3.299,2.698
9580,3.192,2.698
9581,3.025,2.698
9582,2.903,2.698
9583,2.761,2.698
9584,2.586,2.698
9585,2.507,2.698
9586,2.468,2.698
9587,2.473,2.698
9588,2.488,2.698
9589,2.468,2.698
9590,2.429,2.703
9591,2.336,2.698
9592,2.278,2.698
9593,2.239,2.698
9594,2.195,2.698
9595,2.136,2.698
9596,2.175,2.698
9597,2.18,2.703
9598,2.175,2.698
9599,2.121,2.703
9600,2.239,2.698
9601,2.542,2.703
9602,2.884,2.703
9603,3.157,2.703
9604,3.226,2.703
9605,3.109,2.703
9606,2.957,2.703
9607,2.791,2.703
9608,2.688,2.703
9609,2.527,2.703
9610,2.434,2.703
9611,2.429,2.703
9612,2.458,2.703
9613,2.473,2.703
9614,2.454,2.703
9615,2.434,2.703
9616,2.37,2.703
9617,2.331,2.703
9618,2.268,2.703
9619,2.224,2.703
9620,2.18,2.703
9621,2.165,2.703
9622,2.151,2.703
9623,2.151,2.703
9624,2.195,2.703
9625,2.468,2.703
9626,2.845,2.703
9627,3.099,2.703
9628,3.143,2.703
9629,3.089,2.703
9630,2.908,2.703
9631,2.732,2.703
9632,2.581,2.708
9633,2.429,2.703
9634,2.351,2.708
9635,2.366,2.703
9636,2.4,2.708
9637,2.419,2.708
9638,2.38,2.703
9639,2.361,2.708
9640,2.331,2.703
9641,2.273,2.708
9642,2.219,2.703
9643,2.204,2.708
9644,2.16,2.703
9645,2.131,2.708
9646,2.126,2.708
9647,2.107,2.708
9648,2.131,2.708
9649,2.322,2.703
9650,2.688,2.708
9651,3.035,2.703
9652,3.206,2.708
9653,3.148,2.708
9654,3.045,2.708
9655,2.879,2.708
9656,2.742,2.703
9657,2.62,2.708
9658,2.483,2.703
9659,2.434,2.708
9660,2.429,2.703
9661,2.449,2.708
9662,2.419,2.708
9663,2.395,2.703
9664,2.361,2.708
9665,2.297,2.703
9666,2.243,2.708
9667,2.195,2.703
9668,2.17,2.703
9669,2.151,2.703
9670,2.141,2.703
9671,2.131,2.703
9672,2.151,2.703
9673,2.126,2.703
9674,2.136,2.698
9675,2.331,2.703
9676,2.693,2.698
9677,3.03,2.703
9678,3.182,2.698
9679,3.143,2.703
9680,3.001,2.698
9681,2.825,2.698
9682,2.703,2.698
9683,2.576,2.698
9684,2.458,2.698
9685,2.395,2.693
9686,2.39,2.698
9687,2.4,2.698
9688,2.414,2.693
9689,2.38,2.698
9690,2.346,2.693
9691,2.287,2.698
9692,2.243,2.693
9693,2.18,2.693
9694,2.141,2.693
9695,2.131,2.693
9696,2.121,2.693
9697,2.092,2.693
9698,2.116,2.693
9699,2.102,2.693
9700,2.092,2.693
9701,2.141,2.693
9702,2.4,2.693
9703,2.771,2.693
9704,3.045,2.693
9705,3.118,2.688
9706,3.035,2.693
9707,2.884,2.688
9708,2.717,2.693
9709,2.59,2.693
9710,2.493,2.693
9711,2.419,2.693
9712,2.395,2.688
9713,2.395,2.693
9714,2.429,2.693
9715,2.419,2.693
9716,2.405,2.693
9717,2.366,2.693
9718,2.312,2.693
9719,2.263,2.693
9720,2.214,2.693
9721,2.219,2.693
9722,2.195,2.693
9723,2.18,2.693
9724,2.185,2.693
9725,2.19,2.698
9726,2.4,2.698
9727,2.732,2.693
9728,3.021,2.693
9729,3.099,2.698
9730,2.996,2.693
9731,2.845,2.698
9732,2.761,2.693
9733,2.639,2.698
9734,2.522,2.698
9735,2.419,2.698
9736,2.395,2.698
9737,2.41,2.693
9738,2.434,2.698
9739,2.429,2.698
9740,2.405,2.698
9741,2.346,2.698
9742,2.283,2.698
9743,2.229,2.698
9744,2.18,2.698
9745,2.151,2.698
9746,2.141,2.698
9747,2.131,2.703
9748,2.16,2.698
9749,2.16,2.698
9750,2.146,2.703
9751,2.18,2.698
9752,2.341,2.703
9753,2.713,2.698
9754,3.03,2.703
9755,3.216,2.698
9756,3.167,2.703
9757,3.035,2.703
9758,2.815,2.703
9759,2.722,2.703
9760,2.61,2.703
9761,2.517,2.703
9762,2.449,2.703
9763,2.429,2.703
9764,2.454,2.703
9765,2.483,2.703
9766,2.454,2.703
9767,2.395,2.703
9768,2.38,2.708
9769,2.297,2.703
9770,2.263,2.708
9771,2.209,2.703
9772,2.219,2.708
9773,2.19,2.708
9774,2.185,2.708
9775,2.185,2.708
9776,2.175,2.703
9777,2.17,2.708
9778,2.199,2.708
9779,2.444,2.708
9780,2.845,2.708
9781,3.143,2.708
9782,3.24,2.708
9783,3.152,2.708
9784,3.001,2.708
9785,2.845,2.708
9786,2.757,2.713
9787,2.615,2.708
9788,2.512,2.713
9789,2.478,2.708
9790,2.463,2.713
9791,2.458,2.713
9792,2.463,2.713
9793,2.434,2.713
9794,2.39,2.708
9795,2.331,2.713
9796,2.287,2.708
9797,2.234,2.713
9798,2.199,2.713
9799,2.204,2.713
9800,2.199,2.713
9801,2.199,2.713
9802,2.209,2.713
9803,2.18,2.713
9804,2.214,2.713
9805,2.414,2.713
9806,2.801,2.713
9807,3.089,2.713
9808,3.236,2.713
9809,3.157,2.717
9810,3.011,2.713
9811,2.864,2.717
9812,2.717,2.713
9813,2.581,2.717
9814,2.498,2.713
9815,2.468,2.717
9816,2.463,2.717
9817,2.498,2.717
9818,2.502,2.717
9819,2.473,2.713
9820,2.439,2.717
9821,2.37,2.717
9822,2.336,2.717
9823,2.283,2.717
9824,2.204,2.717
9825,2.229,2.717
9826,2.224,2.717
9827,2.224,2.717
9828,2.292,2.717
9829,2.59,2.717
9830,2.981,2.717
9831,3.182,2.717
9832,3.211,2.722
9833,3.109,2.717
9834,2.947,2.722
9835,2.81,2.717
9836,2.664,2.722
9837,2.566,2.722
9838,2.483,2.722
9839,2.478,2.722
9840,2.488,2.722
9841,2.493,2.722
9842,2.468,2.717
9843,2.41,2.722
9844,2.361,2.717
9845,2.317,2.722
9846,2.268,2.717
9847,2.234,2.717
9848,2.204,2.717
9849,2.175,2.717
9850,2.165,2.717
9851,2.17,2.717
9852,2.17,2.717
9853,2.141,2.717
9854,2.224,2.717
9855,2.522,2.717
9856,2.942,2.717
9857,3.245,2.717
9858,3.324,2.717
9859,3.226,2.717
9860,3.069,2.717
9861,2.913,2.717
9862,2.796,2.717
9863,2.639,2.717
9864,2.556,2.717
9865,2.512,2.713
9866,2.522,2.717
9867,2.532,2.713
9868,2.522,2.717
9869,2.488,2.717
9870,2.429,2.713
9871,2.39,2.717
9872,2.317,2.713
9873,2.278,2.717
9874,2.209,2.717
9875,2.17,2.717
9876,2.195,2.717
9877,2.18,2.713
9878,2.185,2.717
9879,2.155,2.713
9880,2.234,2.717
9881,2.507,2.717
9882,2.937,2.717
9883,3.27,2.717
9884,3.343,2.717
9885,3.245,2.717
9886,3.05,2.717
9887,2.903,2.722
9888,2.771,2.717
9889,2.634,2.722
9890,2.527,2.722
9891,2.488,2.722
9892,2.454,2.722
9893,2.463,2.722
9894,2.468,2.722
9895,2.444,2.722
9896,2.361,2.722
9897,2.312,2.722
9898,2.234,2.727
9899,2.204,2.722
9900,2.185,2.727
9901,2.175,2.727
9902,2.155,2.727
9903,2.151,2.727
9904,2.141,2.727
9905,2.146,2.727
9906,2.292,2.727
9907,2.61,2.727
9908,3.001,2.727
9909,3.221,2.727
9910,3.226,2.732
9911,3.084,2.727
9912,2.903,2.732
9913,2.757,2.727
9914,2.61,2.732
9915,2.502,2.732
9916,2.444,2.727
9917,2.424,2.732
9918,2.444,2.727
9919,2.488,2.732
9920,2.493,2.727
9921,2.439,2.732
9922,2.4,2.732
9923,2.336,2.732
9924,2.268,2.732
9925,2.214,2.732
9926,2.199,2.732
9927,2.185,2.732
9928,2.16,2.732
9929,2.175,2.732
9930,2.18,2.732
9931,2.229,2.732
9932,2.527,2.732
9933,2.903,2.732
9934,3.162,2.732
9935,3.245,2.732
9936,3.099,2.732
9937,2.913,2.737
9938,2.747,2.732
9939,2.61,2.732
9940,2.483,2.732
9941,2.41,2.732
9942,2.434,2.732
9943,2.454,2.732
9944,2.473,2.737
9945,2.463,2.732
9946,2.429,2.737
9947,2.346,2.732
9948,2.307,2.732
9949,2.243,2.737
9950,2.195,2.732
9951,2.175,2.737
9952,2.175,2.732
9953,2.165,2.737
9954,2.155,2.732
9955,2.121,2.737
9956,2.185,2.737
9957,2.517,2.737
9958,2.903,2.737
9959,3.206,2.737
9960,3.245,2.737
9961,3.148,2.737
9962,2.986,2.737
9963,2.83,2.737
9964,2.713,2.737
9965,2.595,2.737
9966,2.493,2.737
9967,2.449,2.737
9968,2.483,2.737
9969,2.483,2.737
9970,2.449,2.737
9971,2.405,2.737
9972,2.37,2.737
9973,2.326,2.737
9974,2.287,2.737
9975,2.248,2.737
9976,2.209,2.742
9977,2.165,2.737
9978,2.17,2.737
9979,2.165,2.737
9980,2.165,2.737
9981,2.16,2.737
9982,2.141,2.737
9983,2.17,2.742
9984,2.292,2.737
9985,2.674,2.742
9986,3.011,2.737
9987,3.221,2.742
9988,3.216,2.742
9989,3.074,2.742
9990,2.898,2.742
9991,2.766,2.737
9992,2.639,2.742
9993,2.522,2.737
9994,2.454,2.742
9995,2.439,2.742
9996,2.468,2.742
9997,2.478,2.742
9998,2.454,2.742
9999,2.414,2.742
10000,2.361,2.742
10001,2.278,2.742
10002,2.234,2.742
10003,2.195,2.742
10004,2.16,2.742
10005,2.121,2.742
10006,2.155,2.742
10007,2.107,2.742
10008,2.131,2.747
10009,2.131,2.742
10010,2.136,2.747
10011,2.116,2.742
10012,2.155,2.747
10013,2.366,2.747
10014,2.752,2.747
10015,3.069,2.747
10016,3.196,2.747
10017,3.138,2.747
10018,2.942,2.747
10019,2.771,2.747
10020,2.654,2.747
10021,2.537,2.747
10022,2.429,2.747
10023,2.356,2.747
10024,2.405,2.747
10025,2.414,2.747
10026,2.439,2.747
10027,2.405,2.747
10028,2.366,2.747
10029,2.322,2.747
10030,2.278,2.747
10031,2.248,2.747
10032,2.224,2.747
10033,2.204,2.752
10034,2.19,2.747
10035,2.16,2.752
10036,2.116,2.747
10037,2.136,2.752
10038,2.165,2.747
10039,2.151,2.752
10040,2.209,2.752
10041,2.478,2.747
10042,2.825,2.752
10043,3.04,2.747
10044,3.094,2.752
10045,3.045,2.747
10046,2.874,2.752
10047,2.688,2.752
10048,2.571,2.752
10049,2.468,2.752
10050,2.385,2.752
10051,2.375,2.752
10052,2.414,2.747
10053,2.454,2.752
10054,2.439,2.752
10055,2.429,2.752
10056,2.41,2.752
10057,2.326,2.752
10058,2.268,2.752
10059,2.224,2.752
10060,2.199,2.752
10061,2.185,2.752
10062,2.175,2.752
10063,2.16,2.752
10064,2.16,2.752
10065,2.155,2.752
10066,2.322,2.752
10067,2.674,2.752
10068,3.006,2.752
10069,3.167,2.757
10070,3.123,2.752
10071,2.991,2.757
10072,2.82,2.752
10073,2.698,2.757
10074,2.595,2.752
10075,2.493,2.752
10076,2.444,2.757
10077,2.449,2.752
10078,2.468,2.757
10079,2.458,2.752
10080,2.429,2.757
10081,2.395,2.757
10082,2.341,2.752
10083,2.258,2.757
10084,2.248,2.752
10085,2.224,2.757
10086,2.219,2.752
10087,2.214,2.757
10088,2.185,2.757
10089,2.209,2.752
10090,2.214,2.757
10091,2.19,2.757
10092,2.209,2.757
10093,2.385,2.757
10094,2.761,2.757
10095,3.089,2.752
10096,3.255,2.757
10097,3.221,2.757
10098,3.079,2.757
10099,2.913,2.757
10100,2.786,2.757
10101,2.674,2.757
10102,2.581,2.757
10103,2.532,2.757
10104,2.493,2.757
10105,2.517,2.757
10106,2.493,2.757
10107,2.502,2.757
10108,2.478,2.757
10109,2.41,2.757
10110,2.356,2.757
10111,2.322,2.757
10112,2.278,2.757
10113,2.258,2.757
10114,2.234,2.757
10115,2.229,2.757
10116,2.219,2.757
10117,2.219,2.761
10118,2.229,2.757
10119,2.234,2.761
10120,2.356,2.757
10121,2.688,2.761
10122,3.05,2.757
10123,3.221,2.761
10124,3.231,2.761
10125,3.094,2.757
10126,2.937,2.761
10127,2.786,2.757
10128,2.664,2.761
10129,2.561,2.757
10130,2.488,2.761
10131,2.488,2.761
10132,2.522,2.761
10133,2.532,2.761
10134,2.527,2.757
10135,2.478,2.761
10136,2.424,2.761
10137,2.366,2.761
10138,2.331,2.761
10139,2.283,2.761
10140,2.239,2.761
10141,2.209,2.761
10142,2.214,2.761
10143,2.195,2.761
10144,2.224,2.761
10145,2.336,2.761
10146,2.654,2.761
10147,3.011,2.761
10148,3.187,2.761
10149,3.192,2.761
10150,3.079,2.761
10151,2.918,2.761
10152,2.781,2.761
10153,2.664,2.766
10154,2.517,2.761
10155,2.458,2.766
10156,2.483,2.761
10157,2.493,2.761
10158,2.483,2.761
10159,2.468,2.761
10160,2.424,2.766
10161,2.39,2.761
10162,2.326,2.766
10163,2.292,2.761
10164,2.258,2.766
10165,2.224,2.761
10166,2.195,2.761
10167,2.199,2.766
10168,2.19,2.761
10169,2.195,2.766
10170,2.292,2.761
10171,2.634,2.766
10172,3.079,2.761
10173,3.27,2.766
10174,3.275,2.761
10175,3.167,2.766
10176,2.986,2.766
10177,2.84,2.766
10178,2.732,2.766
10179,2.644,2.761
10180,2.561,2.766
10181,2.507,2.761
10182,2.522,2.766
10183,2.532,2.766
10184,2.493,2.766
10185,2.449,2.766
10186,2.41,2.761
10187,2.351,2.766
10188,2.297,2.761
10189,2.243,2.766
10190,2.219,2.766
10191,2.204,2.766
10192,2.199,2.766
10193,2.195,2.766
10194,2.199,2.766
10195,2.155,2.766
10196,2.18,2.766
10197,2.17,2.766
10198,2.234,2.766
10199,2.581,2.766
10200,3.001,2.766
10201,3.245,2.766
10202,3.289,2.766
10203,3.177,2.766
10204,2.835,2.766
10205,2.717,2.766
10206,2.59,2.766
10207,2.512,2.766
10208,2.507,2.766
10209,2.493,2.766
10210,2.468,2.771
10211,2.478,2.766
10212,2.434,2.766
10213,2.395,2.766
10214,2.351,2.766
10215,2.312,2.771
10216,2.258,2.766
10217,2.229,2.771
10218,2.199,2.766
10219,2.195,2.766
10220,2.204,2.766
10221,2.209,2.766
10222,2.185,2.771
10223,2.19,2.766
10224,2.16,2.766
10225,2.346,2.766
10226,2.766,2.771
10227,3.123,2.766
10228,3.245,2.771
10229,3.211,2.766
10230,3.045,2.766
10231,2.869,2.771
10232,2.757,2.766
10233,2.625,2.771
10234,2.512,2.766
10235,2.454,2.771
10236,2.419,2.766
10237,2.444,2.771
10238,2.468,2.771
10239,2.454,2.766
10240,2.366,2.771
10241,2.336,2.766
10242,2.278,2.771
10243,2.248,2.766
10244,2.204,2.771
10245,2.175,2.771
10246,2.155,2.771
10247,2.155,2.771
10248,2.175,2.766
10249,2.19,2.771
10250,2.141,2.771
10251,2.239,2.771
10252,2.512,2.771
10253,2.933,2.776
10254,3.157,2.771
10255,3.201,2.776
10256,3.069,2.776
10257,2.967,2.771
10258,2.84,2.776
10259,2.693,2.771
10260,2.542,2.776
10261,2.517,2.771
10262,2.542,2.776
10263,2.542,2.776
10264,2.537,2.776
10265,2.507,2.776
10266,2.463,2.771
10267,2.366,2.776
10268,2.351,2.771
10269,2.307,2.776
10270,2.258,2.776
10271,2.234,2.776
