timestamp,PPG_signal,GSR_signal
1,2.400,0.914
2,2.454,0.909
3,2.507,0.899
4,2.527,0.894
5,2.478,0.890
6,2.405,0.885
7,2.346,0.880
8,2.312,0.875
9,2.292,0.875
10,2.268,0.870
11,2.258,0.865
12,2.361,0.865
13,2.722,0.860
14,3.133,0.860
15,3.314,0.855
16,3.226,0.850
17,3.006,0.850
18,2.791,0.850
19,2.595,0.846
20,2.434,0.846
21,2.361,0.846
22,2.380,0.846
23,2.444,0.841
24,2.468,0.841
25,2.434,0.841
26,2.366,0.841
27,2.297,0.841
28,2.253,0.841
29,2.234,0.841
30,2.209,0.841
31,2.199,0.841
32,2.346,0.841
33,2.761,0.841
34,3.182,0.841
35,3.319,0.841
36,3.196,0.841
37,2.977,0.836
38,2.791,0.836
39,2.605,0.836
40,2.434,0.836
41,2.361,0.831
42,2.385,0.831
43,2.439,0.831
44,2.468,0.826
45,2.429,0.826
46,2.361,0.821
47,2.302,0.821
48,2.268,0.816
49,2.253,0.816
50,2.239,0.816
51,2.214,0.811
52,2.278,0.811
53,2.615,0.811
54,3.069,0.806
55,3.324,0.806
56,3.275,0.806
57,3.079,0.806
58,2.869,0.806
59,2.683,0.802
60,2.507,0.802
61,2.385,0.802
62,2.375,0.802
63,2.434,0.802
64,2.473,0.802
65,2.439,0.802
66,2.370,0.802
67,2.278,0.802
68,2.229,0.802
69,2.214,0.802
70,2.204,0.797
71,2.190,0.797
72,2.170,0.797
73,2.268,0.797
74,2.639,0.797
75,3.079,0.797
76,3.284,0.797
77,3.201,0.797
78,2.977,0.792
79,2.786,0.792
80,2.625,0.792
81,2.458,0.792
82,2.385,0.792
83,2.390,0.792
84,2.444,0.792
85,2.463,0.792
86,2.419,0.787
87,2.356,0.787
88,2.297,0.787
89,2.273,0.787
90,2.253,0.787
91,2.419,0.792
92,2.854,0.792
93,3.226,0.792
94,3.236,0.797
95,3.060,0.797
96,2.859,0.797
97,2.678,0.802
98,2.483,0.802
99,2.370,0.802
100,2.361,0.806
101,2.419,0.806
102,2.458,0.811
103,2.429,0.811
104,2.351,0.816
105,2.278,0.821
106,2.239,0.821
107,2.214,0.826
108,2.204,0.826
109,2.190,0.831
110,2.243,0.831
111,2.556,0.836
112,3.006,0.841
113,3.275,0.841
114,3.245,0.846
115,3.055,0.846
116,2.854,0.850
117,2.683,0.855
118,2.507,0.855
119,2.385,0.860
120,2.366,0.860
121,2.410,0.865
122,2.424,0.870
123,2.390,0.870
124,2.317,0.875
125,2.258,0.875
126,2.219,0.880
127,2.204,0.880
128,2.199,0.885
129,2.180,0.885
130,2.155,0.890
131,2.224,0.890
132,2.571,0.890
133,3.025,0.894
134,3.260,0.894
135,3.211,0.894
136,3.021,0.894
137,2.815,0.894
138,2.639,0.894
139,2.473,0.894
140,2.361,0.894
141,2.346,0.894
142,2.390,0.890
143,2.410,0.890
144,2.375,0.890
145,2.307,0.885
146,2.248,0.885
147,2.204,0.880
148,2.185,0.880
149,2.170,0.875
150,2.160,0.875
151,2.146,0.870
152,2.131,0.865
153,2.111,0.860
154,2.087,0.860
155,2.229,0.855
156,2.654,0.850
157,3.084,0.846
158,3.216,0.841
159,3.074,0.841
160,2.854,0.836
161,2.678,0.831
162,2.517,0.826
163,2.356,0.821
164,2.292,0.821
165,2.312,0.816
166,2.370,0.811
167,2.390,0.811
168,2.346,0.806
169,2.273,0.802
170,2.209,0.802
171,2.175,0.802
172,2.151,0.797
173,2.146,0.797
174,2.146,0.797
175,2.141,0.792
176,2.131,0.792
177,2.116,0.792
178,2.111,0.792
179,2.239,0.792
180,2.625,0.792
181,3.021,0.792
182,3.157,0.792
183,3.040,0.792
184,2.805,0.792
185,2.634,0.792
186,2.478,0.792
187,2.361,0.792
188,2.317,0.797
189,2.361,0.797
190,2.434,0.797
191,2.444,0.797
192,2.395,0.797
193,2.322,0.802
194,2.253,0.802
195,2.209,0.802
196,2.195,0.802
197,2.185,0.806
198,2.170,0.806
199,2.155,0.811
200,2.224,0.811
201,2.537,0.811
202,2.928,0.816
203,3.123,0.821
204,3.060,0.821
205,2.869,0.826
206,2.688,0.826
207,2.512,0.826
208,2.370,0.831
209,2.307,0.836
210,2.336,0.836
211,2.400,0.841
212,2.419,0.841
213,2.390,0.846
214,2.312,0.850
215,2.273,0.850
216,2.234,0.855
217,2.214,0.855
218,2.204,0.860
219,2.180,0.865
220,2.165,0.865
221,2.248,0.870
222,2.581,0.870
223,2.991,0.875
224,3.206,0.880
225,3.152,0.880
226,2.967,0.885
227,2.771,0.890
228,2.615,0.890
229,2.458,0.894
230,2.356,0.894
231,2.356,0.899
232,2.410,0.904
233,2.439,0.904
234,2.419,0.909
235,2.366,0.909
236,2.297,0.914
237,2.258,0.914
238,2.239,0.919
239,2.234,0.919
240,2.214,0.919
241,2.185,0.924
242,2.160,0.924
243,2.258,0.924
244,2.674,0.924
245,3.089,0.929
246,3.275,0.929
247,3.182,0.929
248,2.986,0.929
249,2.810,0.929
250,2.659,0.929
251,2.512,0.929
252,2.434,0.929
253,2.449,0.929
254,2.507,0.924
255,2.532,0.924
256,2.488,0.924
257,2.395,0.924
258,2.317,0.919
259,2.263,0.919
260,2.243,0.919
261,2.224,0.914
262,2.224,0.914
263,2.219,0.914
264,2.204,0.909
265,2.209,0.909
266,2.444,0.909
267,2.908,0.904
268,3.270,0.904
269,3.324,0.904
270,3.162,0.904
271,2.947,0.899
272,2.766,0.899
273,2.586,0.899
274,2.439,0.899
275,2.419,0.899
276,2.473,0.894
277,2.527,0.894
278,2.517,0.894
279,2.444,0.894
280,2.366,0.894
281,2.302,0.894
282,2.253,0.894
283,2.243,0.894
284,2.239,0.894
285,2.224,0.894
286,2.199,0.894
287,2.263,0.894
288,2.581,0.894
289,3.006,0.899
290,3.231,0.899
291,3.172,0.899
292,2.977,0.899
293,2.801,0.899
294,2.654,0.899
295,2.517,0.904
296,2.463,0.904
297,2.488,0.904
298,2.546,0.904
299,2.556,0.904
300,2.488,0.904
301,2.400,0.909
302,2.331,0.909
303,2.302,0.909
304,2.292,0.909
305,2.287,0.909
306,2.263,0.909
307,2.292,0.909
308,2.546,0.909
309,2.981,0.914
310,3.260,0.914
311,3.260,0.914
312,3.060,0.914
313,2.820,0.914
314,2.620,0.914
315,2.410,0.914
316,2.292,0.914
317,2.312,0.914
318,2.400,0.919
319,2.434,0.919
320,2.380,0.919
321,2.297,0.919
322,2.214,0.919
323,2.165,0.919
324,2.151,0.919
325,2.151,0.924
326,2.141,0.924
327,2.126,0.924
328,2.253,0.924
329,2.649,0.924
330,3.084,0.929
331,3.275,0.929
332,3.177,0.929
333,2.962,0.929
334,2.757,0.934
335,2.571,0.934
336,2.410,0.934
337,2.326,0.934
338,2.346,0.938
339,2.434,0.938
340,2.473,0.938
341,2.439,0.938
342,2.356,0.943
343,2.155,0.943
344,2.160,0.948
345,2.160,0.948
346,2.155,0.948
347,2.292,0.948
348,2.669,0.953
349,3.035,0.953
350,3.148,0.953
351,3.006,0.958
352,2.781,0.958
353,2.595,0.958
354,2.439,0.963
355,2.312,0.963
356,2.268,0.963
357,2.312,0.963
358,2.375,0.968
359,2.380,0.968
360,2.317,0.968
361,2.234,0.968
362,2.175,0.973
363,2.165,0.973
364,2.170,0.973
365,2.151,0.973
366,2.175,0.973
367,2.414,0.973
368,2.796,0.973
369,3.045,0.973
370,3.045,0.973
371,2.893,0.973
372,2.722,0.973
373,2.576,0.973
374,2.429,0.968
375,2.331,0.968
376,2.326,0.968
377,2.380,0.963
378,2.410,0.963
379,2.385,0.958
380,2.326,0.953
381,2.273,0.948
382,2.239,0.948
383,2.229,0.943
384,2.229,0.938
385,2.258,0.934
386,2.449,0.929
387,2.835,0.924
388,3.148,0.919
389,3.231,0.914
390,3.123,0.909
391,2.952,0.904
392,2.781,0.894
393,2.581,0.890
394,2.419,0.885
395,2.361,0.880
396,2.390,0.875
397,2.434,0.870
398,2.429,0.865
399,2.380,0.860
400,2.322,0.855
401,2.273,0.850
402,2.248,0.846
403,2.219,0.841
404,2.185,0.836
405,2.278,0.831
406,2.630,0.826
407,3.030,0.821
408,3.201,0.821
409,3.128,0.816
410,2.933,0.811
411,2.737,0.806
412,2.576,0.806
413,2.429,0.802
414,2.351,0.802
415,2.356,0.797
416,2.395,0.792
417,2.410,0.792
418,2.380,0.787
419,2.322,0.787
420,2.248,0.782
421,2.185,0.782
422,2.155,0.777
423,2.146,0.777
424,2.136,0.772
425,2.175,0.772
426,2.463,0.767
427,2.889,0.767
428,3.148,0.762
429,3.138,0.762
430,2.952,0.758
431,2.761,0.753
432,2.595,0.753
433,2.444,0.748
434,2.341,0.748
435,2.326,0.748
436,2.370,0.743
437,2.400,0.743
438,2.390,0.743
439,2.331,0.738
440,2.268,0.738
441,2.219,0.738
442,2.185,0.738
443,2.185,0.733
444,2.185,0.733
445,2.190,0.733
446,2.180,0.733
447,2.302,0.733
448,2.688,0.733
449,3.065,0.738
450,3.182,0.738
451,3.055,0.738
452,2.840,0.738
453,2.659,0.738
454,2.498,0.743
455,2.375,0.743
456,2.356,0.743
457,2.400,0.748
458,2.449,0.748
459,2.458,0.753
460,2.414,0.753
461,2.346,0.753
462,2.287,0.758
463,2.243,0.758
464,2.224,0.762
465,2.209,0.762
466,2.195,0.767
467,2.326,0.767
468,2.683,0.772
469,3.074,0.777
470,3.157,0.777
471,3.021,0.782
472,2.830,0.782
473,2.659,0.787
474,2.493,0.787
475,2.390,0.792
476,2.366,0.792
477,2.410,0.797
478,2.454,0.797
479,2.434,0.797
480,2.375,0.802
481,2.302,0.802
482,2.253,0.806
483,2.224,0.806
484,2.209,0.806
485,2.190,0.806
486,2.170,0.811
487,2.253,0.811
488,2.610,0.811
489,3.045,0.811
490,3.265,0.811
491,3.206,0.816
492,3.006,0.816
493,2.810,0.816
494,2.634,0.816
495,2.488,0.816
496,2.414,0.816
497,2.429,0.816
498,2.478,0.816
499,2.493,0.816
500,2.454,0.816
501,2.395,0.816
502,2.322,0.816
503,2.273,0.816
504,2.243,0.816
505,2.234,0.821
506,2.209,0.821
507,2.180,0.821
508,2.165,0.821
509,2.302,0.821
510,2.713,0.821
511,3.162,0.821
512,3.353,0.821
513,3.260,0.821
514,3.050,0.821
515,2.830,0.821
516,2.644,0.821
517,2.488,0.821
518,2.424,0.821
519,2.439,0.821
520,2.478,0.821
521,2.473,0.821
522,2.424,0.821
523,2.351,0.821
524,2.287,0.821
525,2.248,0.816
526,2.219,0.821
527,2.199,0.821
528,2.190,0.821
529,2.180,0.821
530,2.170,0.821
531,2.155,0.821
532,2.199,0.821
533,2.522,0.821
534,3.021,0.821
535,3.348,0.821
536,3.348,0.826
537,3.123,0.826
538,2.869,0.826
539,2.659,0.826
540,2.488,0.826
541,2.390,0.831
542,2.400,0.831
543,2.468,0.831
544,2.512,0.836
545,2.483,0.836
546,2.410,0.836
547,2.336,0.841
548,2.283,0.841
549,2.248,0.846
550,2.229,0.846
551,2.209,0.846
552,2.195,0.850
553,2.175,0.850
554,2.219,0.855
555,2.522,0.855
556,2.996,0.860
557,3.284,0.860
558,3.250,0.865
559,3.016,0.865
560,2.776,0.870
561,2.566,0.870
562,2.400,0.875
563,2.322,0.875
564,2.336,0.880
565,2.414,0.880
566,2.458,0.880
567,2.434,0.885
568,2.370,0.885
569,2.297,0.890
570,2.243,0.890
571,2.209,0.894
572,2.195,0.894
573,2.185,0.899
574,2.175,0.899
575,2.155,0.904
576,2.155,0.904
577,2.356,0.909
578,2.825,0.909
579,3.221,0.914
580,3.314,0.914
581,3.138,0.914
582,2.889,0.919
583,2.674,0.919
584,2.502,0.919
585,2.380,0.924
586,2.370,0.924
587,2.434,0.929
588,2.488,0.929
589,2.483,0.934
590,2.424,0.934
591,2.341,0.934
592,2.273,0.938
593,2.234,0.938
594,2.204,0.938
595,2.185,0.943
596,2.175,0.943
597,2.160,0.943
598,2.146,0.948
599,2.141,0.948
600,2.322,0.948
601,2.761,0.953
602,3.177,0.953
603,3.304,0.953
604,3.157,0.953
605,2.937,0.958
606,2.708,0.958
607,2.527,0.958
608,2.395,0.958
609,2.356,0.958
610,2.405,0.958
611,2.468,0.958
612,2.478,0.958
613,2.414,0.958
614,2.331,0.958
615,2.263,0.958
616,2.219,0.958
617,2.185,0.953
618,2.170,0.953
619,2.170,0.953
620,2.175,0.953
621,2.170,0.953
622,2.170,0.948
623,2.234,0.948
624,2.532,0.948
625,2.972,0.948
626,3.245,0.948
627,3.216,0.948
628,3.011,0.948
629,2.781,0.943
630,2.595,0.943
631,2.444,0.943
632,2.370,0.943
633,2.385,0.943
634,2.458,0.943
635,2.512,0.938
636,2.488,0.938
637,2.419,0.938
638,2.351,0.938
639,2.292,0.938
640,2.258,0.938
641,2.239,0.938
642,2.234,0.938
643,2.219,0.938
644,2.209,0.938
645,2.268,0.938
646,2.561,0.938
647,2.986,0.938
648,3.226,0.943
649,3.187,0.943
650,2.977,0.943
651,2.766,0.943
652,2.586,0.943
653,2.444,0.943
654,2.385,0.943
655,2.419,0.943
656,2.483,0.943
657,2.512,0.943
658,2.473,0.948
659,2.400,0.948
660,2.331,0.948
661,2.283,0.948
662,2.263,0.948
663,2.253,0.953
664,2.243,0.953
665,2.224,0.953
666,2.322,0.953
667,2.674,0.953
668,3.089,0.958
669,3.280,0.958
670,3.206,0.958
671,3.001,0.958
672,2.805,0.963
673,2.620,0.963
674,2.473,0.963
675,2.400,0.963
676,2.419,0.968
677,2.478,0.968
678,2.507,0.968
679,2.458,0.968
680,2.385,0.973
681,2.326,0.973
682,2.292,0.973
683,2.273,0.973
684,2.258,0.978
685,2.234,0.978
686,2.219,0.978
687,2.356,0.978
688,2.757,0.978
689,3.148,0.978
690,3.275,0.978
691,3.157,0.978
692,2.947,0.978
693,2.757,0.978
694,2.600,0.978
695,2.458,0.978
696,2.395,0.978
697,2.424,0.973
698,2.473,0.973
699,2.463,0.973
700,2.414,0.973
701,2.351,0.968
702,2.292,0.968
703,2.253,0.968
704,2.239,0.963
705,2.229,0.963
706,2.209,0.958
707,2.195,0.958
708,2.331,0.953
709,2.708,0.953
710,3.089,0.948
711,3.206,0.948
712,3.084,0.948
713,2.889,0.943
714,2.708,0.938
715,2.556,0.938
716,2.434,0.938
717,2.395,0.934
718,2.424,0.934
719,2.454,0.929
720,2.449,0.929
721,2.385,0.929
722,2.322,0.924
723,2.283,0.924
724,2.268,0.924
725,2.258,0.919
726,2.243,0.919
727,2.219,0.919
728,2.204,0.914
729,2.331,0.914
730,2.698,0.914
731,3.065,0.914
732,3.177,0.914
733,3.050,0.914
734,2.849,0.914
735,2.678,0.909
736,2.517,0.909
737,2.400,0.909
738,2.366,0.909
739,2.405,0.909
740,2.468,0.909
741,2.488,0.909
742,2.424,0.909
743,2.336,0.909
744,2.258,0.909
745,2.209,0.914
746,2.195,0.914
747,2.185,0.914
748,2.180,0.914
749,2.170,0.914
750,2.170,0.914
751,2.341,0.914
752,2.732,0.919
753,3.074,0.919
754,3.162,0.919
755,3.040,0.919
756,2.845,0.924
757,2.688,0.924
758,2.537,0.924
759,2.419,0.929
760,2.370,0.929
761,2.400,0.929
762,2.429,0.934
763,2.429,0.934
764,2.385,0.934
765,2.331,0.934
766,2.287,0.938
767,2.239,0.938
768,2.209,0.938
769,2.195,0.943
770,2.190,0.943
771,2.190,0.948
772,2.185,0.948
773,2.180,0.948
774,2.287,0.948
775,2.620,0.953
776,2.991,0.953
777,3.157,0.958
778,3.089,0.958
779,2.928,0.958
780,2.776,0.958
781,2.639,0.963
782,2.498,0.963
783,2.410,0.963
784,2.400,0.963
785,2.429,0.968
786,2.449,0.968
787,2.414,0.968
788,2.356,0.968
789,2.283,0.973
790,2.234,0.973
791,2.209,0.973
792,2.195,0.973
793,2.190,0.973
794,2.185,0.978
795,2.180,0.978
796,2.165,0.978
797,2.160,0.978
798,2.292,0.978
799,2.659,0.978
800,3.035,0.982
801,3.172,0.982
802,3.084,0.982
803,2.908,0.982
804,2.757,0.982
805,2.620,0.982
806,2.493,0.987
807,2.439,0.987
808,2.463,0.987
809,2.512,0.987
810,2.527,0.987
811,2.473,0.987
812,2.400,0.987
813,2.336,0.992
814,2.302,0.992
815,2.273,0.992
816,2.258,0.992
817,2.243,0.992
818,2.234,0.992
819,2.209,0.992
820,2.243,0.997
821,2.507,0.997
822,2.933,0.997
823,3.216,0.997
824,3.226,0.997
825,3.065,1.002
826,2.884,1.002
827,2.717,1.002
828,2.551,1.002
829,2.454,1.002
830,2.444,1.002
831,2.483,1.007
832,2.517,1.007
833,2.488,1.007
834,2.414,1.007
835,2.346,1.007
836,2.302,1.007
837,2.273,1.012
838,2.258,1.012
839,2.248,1.012
840,2.224,1.012
841,2.195,1.012
842,2.180,1.017
843,2.326,1.017
844,2.747,1.017
845,3.182,1.017
846,3.368,1.017
847,3.245,1.017
848,3.030,1.022
849,2.849,1.022
850,2.678,1.022
851,2.532,1.022
852,2.458,1.022
853,2.473,1.022
854,2.522,1.022
855,2.527,1.022
856,2.473,1.026
857,2.400,1.026
858,2.331,1.026
859,2.278,1.026
860,2.248,1.026
861,2.229,1.026
862,2.214,1.026
863,2.204,1.026
864,2.170,1.026
865,2.160,1.026
866,2.302,1.026
867,2.722,1.022
868,3.187,1.022
869,3.392,1.022
870,3.309,1.022
871,3.099,1.022
872,2.893,1.022
873,2.703,1.022
874,2.527,1.017
875,2.419,1.017
876,2.419,1.017
877,2.478,1.017
878,2.512,1.012
879,2.473,1.012
880,2.395,1.012
881,2.322,1.012
882,2.283,1.012
883,2.243,1.007
884,2.219,1.007
885,2.214,1.007
886,2.204,1.007
887,2.190,1.007
888,2.170,1.007
889,2.248,1.002
890,2.610,1.002
891,3.104,1.002
892,3.387,1.002
893,3.343,1.002
894,3.118,1.002
895,2.879,1.002
896,2.693,1.002
897,2.542,1.002
898,2.449,1.002
899,2.449,1.002
900,2.507,1.002
901,2.542,1.002
902,2.507,1.002
903,2.434,1.002
904,2.361,1.002
905,2.307,1.002
906,2.278,1.002
907,2.258,1.002
908,2.239,1.002
909,2.219,1.002
910,2.214,1.002
911,2.405,1.002
912,2.859,1.002
913,3.275,1.007
914,3.382,1.007
915,3.206,1.007
916,2.952,1.007
917,2.737,1.007
918,2.571,1.007
919,2.439,1.007
920,2.400,1.007
921,2.434,1.012
922,2.483,1.012
923,2.478,1.012
924,2.424,1.012
925,2.351,1.012
926,2.287,1.012
927,2.248,1.017
928,2.229,1.017
929,2.219,1.017
930,2.214,1.017
931,2.185,1.017
932,2.165,1.017
933,2.307,1.017
934,2.742,1.022
935,3.196,1.022
936,3.372,1.022
937,3.221,1.022
938,2.981,1.022
939,2.776,1.022
940,2.605,1.022
941,2.468,1.022
942,2.405,1.022
943,2.414,1.022
944,2.463,1.022
945,2.463,1.022
946,2.410,1.022
947,2.326,1.022
948,2.253,1.022
949,2.214,1.022
950,2.204,1.022
951,2.199,1.022
952,2.185,1.017
953,2.165,1.017
954,2.151,1.017
955,2.283,1.017
956,2.688,1.017
957,3.128,1.017
958,3.299,1.012
959,3.177,1.012
960,2.947,1.012
961,2.737,1.012
962,2.581,1.007
963,2.439,1.007
964,2.375,1.007
965,2.390,1.002
966,2.449,1.002
967,2.478,1.002
968,2.429,1.002
969,2.351,0.997
970,2.278,0.997
971,2.229,0.997
972,2.214,0.997
973,2.155,0.992
974,2.199,0.992
975,2.498,0.992
976,2.947,0.992
977,3.226,0.992
978,3.211,0.987
979,3.021,0.987
980,2.796,0.987
981,2.620,0.987
982,2.468,0.987
983,2.395,0.987
984,2.410,0.987
985,2.463,0.987
986,2.483,0.987
987,2.449,0.987
988,2.361,0.987
989,2.292,0.987
990,2.243,0.987
991,2.229,0.987
992,2.219,0.987
993,2.199,0.987
994,2.175,0.992
995,2.195,0.992
996,2.419,0.992
997,2.913,0.992
998,3.192,0.992
999,3.177,0.992
1000,2.991,0.997
1001,2.796,0.992
1002,2.639,0.997
1003,2.493,0.997
1004,2.390,0.997
1005,2.370,0.997
1006,2.405,1.002
1007,2.439,1.002
1008,2.429,1.002
1009,2.370,1.002
1010,2.307,1.002
1011,2.258,1.002
1012,2.224,1.007
1013,2.214,1.007
1014,2.209,1.007
1015,2.199,1.007
1016,2.180,1.012
1017,2.209,1.012
1018,2.483,1.012
1019,2.923,1.012
1020,3.211,1.017
1021,3.216,1.017
1022,3.025,1.017
1023,2.830,1.017
1024,2.664,1.017
1025,2.498,1.022
1026,2.375,1.022
1027,2.351,1.022
1028,2.385,1.022
1029,2.419,1.022
1030,2.405,1.026
1031,2.351,1.026
1032,2.287,1.026
1033,2.248,1.026
1034,2.219,1.026
1035,2.199,1.031
1036,2.185,1.031
1037,2.175,1.031
1038,2.160,1.031
1039,2.155,1.031
1040,2.317,1.036
1041,2.722,1.036
1042,3.094,1.036
1043,3.201,1.036
1044,3.079,1.041
1045,2.874,1.041
1046,2.698,1.041
1047,2.546,1.041
1048,2.419,1.041
1049,2.370,1.041
1050,2.395,1.046
1051,2.449,1.046
1052,2.458,1.046
1053,2.414,1.046
1054,2.326,1.046
1055,2.278,1.046
1056,2.239,1.046
1057,2.224,1.051
1058,2.229,1.051
1059,2.219,1.051
1060,2.195,1.051
1061,2.243,1.051
1062,2.532,1.051
1063,2.947,1.056
1064,3.206,1.056
1065,3.172,1.056
1066,2.972,1.056
1067,2.771,1.056
1068,2.605,1.056
1069,2.458,1.061
1070,2.375,1.061
1071,2.385,1.061
1072,2.439,1.061
1073,2.473,1.061
1074,2.444,1.061
1075,2.390,1.061
1076,2.312,1.061
1077,2.273,1.065
1078,2.243,1.065
1079,2.224,1.065
1080,2.209,1.065
1081,2.190,1.065
1082,2.190,1.065
1083,2.390,1.065
1084,2.810,1.065
1085,3.172,1.070
1086,3.260,1.070
1087,3.118,1.070
1088,2.913,1.070
1089,2.737,1.070
1090,2.590,1.070
1091,2.473,1.070
1092,2.424,1.070
1093,2.444,1.070
1094,2.488,1.070
1095,2.488,1.070
1096,2.439,1.070
1097,2.375,1.070
1098,2.317,1.070
1099,2.283,1.070
1100,2.263,1.070
1101,2.248,1.070
1102,2.234,1.065
1103,2.204,1.065
1104,2.229,1.065
1105,2.473,1.065
1106,2.913,1.065
1107,3.231,1.061
1108,3.265,1.061
1109,3.094,1.061
1110,2.893,1.061
1111,2.688,1.056
1112,2.522,1.056
1113,2.414,1.051
1114,2.395,1.051
1115,2.434,1.051
1116,2.468,1.046
1117,2.444,1.046
1118,2.385,1.046
1119,2.326,1.041
1120,2.292,1.041
1121,2.268,1.041
1122,2.263,1.036
1123,2.258,1.036
1124,2.243,1.036
1125,2.224,1.036
1126,2.341,1.031
1127,2.717,1.031
1128,3.128,1.031
1129,3.280,1.031
1130,3.157,1.031
1131,2.933,1.026
1132,2.737,1.026
1133,2.566,1.026
1134,2.429,1.026
1135,2.370,1.026
1136,2.414,1.026
1137,2.468,1.026
1138,2.468,1.026
1139,2.410,1.026
1140,2.326,1.026
1141,2.273,1.022
1142,2.239,1.022
1143,2.229,1.022
1144,2.209,1.022
1145,2.190,1.022
1146,2.243,1.022
1147,2.537,1.026
1148,2.957,1.026
1149,3.206,1.026
1150,3.172,1.026
1151,2.977,1.026
1152,2.766,1.026
1153,2.595,1.026
1154,2.458,1.026
1155,2.390,1.026
1156,2.410,1.026
1157,2.468,1.026
1158,2.488,1.026
1159,2.444,1.026
1160,2.366,1.026
1161,2.287,1.026
1162,2.239,1.026
1163,2.214,1.026
1164,2.209,1.026
1165,2.204,1.031
1166,2.199,1.031
1167,2.361,1.031
1168,2.840,1.031
1169,3.192,1.031
1170,3.255,1.031
1171,3.109,1.031
1172,2.903,1.036
1173,2.732,1.036
1174,2.566,1.036
1175,2.439,1.036
1176,2.390,1.036
1177,2.414,1.036
1178,2.458,1.036
1179,2.468,1.036
1180,2.419,1.041
1181,2.341,1.041
1182,2.273,1.041
1183,2.234,1.041
1184,2.224,1.041
1185,2.214,1.041
1186,2.199,1.041
1187,2.224,1.046
1188,2.454,1.046
1189,2.874,1.046
1190,3.162,1.046
1191,3.187,1.046
1192,3.025,1.046
1193,2.825,1.051
1194,2.654,1.051
1195,2.493,1.051
1196,2.380,1.051
1197,2.356,1.051
1198,2.380,1.051
1199,2.424,1.051
1200,2.419,1.056
1201,2.380,1.056
1202,2.307,1.056
1203,2.263,1.056
1204,2.229,1.056
1205,2.209,1.056
1206,2.190,1.056
1207,2.165,1.061
1208,2.170,1.061
1209,2.322,1.061
1210,2.703,1.061
1211,3.069,1.061
1212,3.187,1.061
1213,3.089,1.065
1214,2.898,1.065
1215,2.722,1.065
1216,2.561,1.065
1217,2.424,1.065
1218,2.356,1.065
1219,2.390,1.065
1220,2.434,1.070
1221,2.439,1.070
1222,2.385,1.070
1223,2.322,1.070
1224,2.273,1.070
1225,2.239,1.070
1226,2.224,1.070
1227,2.214,1.075
1228,2.195,1.075
1229,2.180,1.075
1230,2.312,1.075
1231,2.678,1.075
1232,3.069,1.075
1233,3.221,1.080
1234,3.123,1.080
1235,2.928,1.080
1236,2.742,1.080
1237,2.571,1.080
1238,2.429,1.080
1239,2.375,1.080
1240,2.410,1.080
1241,2.454,1.080
1242,2.458,1.080
1243,2.405,1.080
1244,2.341,1.080
1245,2.292,1.080
1246,2.258,1.080
1247,2.243,1.080
1248,2.224,1.080
1249,2.209,1.080
1250,2.214,1.080
1251,2.419,1.080
1252,2.825,1.080
1253,3.172,1.080
1254,3.192,1.080
1255,3.030,1.075
1256,2.840,1.075
1257,2.669,1.075
1258,2.502,1.075
1259,2.390,1.075
1260,2.361,1.075
1261,2.405,1.070
1262,2.444,1.070
1263,2.434,1.070
1264,2.380,1.070
1265,2.331,1.070
1266,2.278,1.070
1267,2.248,1.070
1268,2.224,1.065
1269,2.199,1.065
1270,2.190,1.065
1271,2.219,1.065
1272,2.463,1.065
1273,2.884,1.065
1274,3.187,1.065
1275,3.216,1.065
1276,3.060,1.065
1277,2.864,1.065
1278,2.698,1.065
1279,2.537,1.061
1280,2.414,1.061
1281,2.380,1.061
1282,2.410,1.061
1283,2.449,1.061
1284,2.439,1.061
1285,2.380,1.061
1286,2.312,1.061
1287,2.253,1.056
1288,2.214,1.056
1289,2.195,1.056
1290,2.180,1.056
1291,2.165,1.056
1292,2.151,1.051
1293,2.195,1.051
1294,2.458,1.051
1295,2.889,1.051
1296,3.172,1.046
1297,3.172,1.046
1298,3.001,1.046
1299,2.791,1.041
1300,2.605,1.041
1301,2.444,1.041
1302,2.356,1.041
1303,2.356,1.036
1304,2.410,1.036
1305,2.444,1.031
1306,2.419,1.031
1307,2.370,1.031
1308,2.312,1.026
1309,2.258,1.026
1310,2.229,1.022
1311,2.219,1.022
1312,2.204,1.017
1313,2.199,1.017
1314,2.326,1.017
1315,2.688,1.012
1316,3.065,1.012
1317,3.206,1.012
1318,3.104,1.012
1319,2.898,1.007
1320,2.703,1.007
1321,2.522,1.002
1322,2.390,1.002
1323,2.361,1.002
1324,2.410,0.997
1325,2.468,0.997
1326,2.468,0.997
1327,2.424,0.997
1328,2.341,0.992
1329,2.287,0.992
1330,2.243,0.992
1331,2.229,0.992
1332,2.209,0.987
1333,2.224,0.987
1334,2.424,0.987
1335,2.840,0.982
1336,3.177,0.987
1337,3.245,0.982
1338,3.099,0.982
1339,2.879,0.982
1340,2.698,0.982
1341,2.532,0.978
1342,2.414,0.978
1343,2.390,0.978
1344,2.434,0.978
1345,2.478,0.978
1346,2.463,0.978
1347,2.410,0.978
1348,2.351,0.978
1349,2.297,0.978
1350,2.273,0.978
1351,2.253,0.973
1352,2.224,0.973
1353,2.234,0.978
1354,2.449,0.978
1355,2.879,0.978
1356,3.221,0.978
1357,3.284,0.978
1358,3.133,0.978
1359,2.923,0.978
1360,2.732,0.978
1361,2.556,0.982
1362,2.434,0.982
1363,2.400,0.982
1364,2.444,0.982
1365,2.498,0.982
1366,2.478,0.982
1367,2.400,0.987
1368,2.331,0.987
1369,2.283,0.987
1370,2.243,0.987
1371,2.224,0.987
1372,2.209,0.992
1373,2.180,0.992
1374,2.258,0.992
1375,2.595,0.992
1376,3.040,0.997
1377,3.270,0.997
1378,3.216,0.997
1379,3.016,0.997
1380,2.805,0.997
1381,2.610,1.002
1382,2.449,1.002
1383,2.370,1.002
1384,2.390,1.002
1385,2.444,1.002
1386,2.473,1.007
1387,2.439,1.007
1388,2.361,1.007
1389,2.283,1.007
1390,2.239,1.007
1391,2.214,1.007
1392,2.204,1.007
1393,2.195,1.012
1394,2.224,1.012
1395,2.478,1.012
1396,2.981,1.012
1397,3.265,1.012
1398,3.245,1.012
1399,3.050,1.017
1400,2.840,1.017
1401,2.639,1.017
1402,2.463,1.017
1403,2.385,1.017
1404,2.400,1.017
1405,2.458,1.017
1406,2.483,1.022
1407,2.444,1.022
1408,2.370,1.022
1409,2.297,1.022
1410,2.248,1.022
1411,2.209,1.022
1412,2.175,1.026
1413,2.155,1.026
1414,2.248,1.026
1415,2.605,1.026
1416,3.045,1.026
1417,3.270,1.026
1418,3.211,1.031
1419,3.001,1.031
1420,2.791,1.031
1421,2.590,1.031
1422,2.424,1.036
1423,2.356,1.036
1424,2.385,1.036
1425,2.439,1.036
1426,2.449,1.036
1427,2.410,1.036
1428,2.336,1.041
1429,2.273,1.041
1430,2.229,1.041
1431,2.204,1.041
1432,2.190,1.041
1433,2.170,1.041
1434,2.229,1.041
1435,2.542,1.046
1436,2.977,1.046
1437,3.231,1.046
1438,3.192,1.046
1439,3.006,1.051
1440,2.805,1.051
1441,2.620,1.051
1442,2.444,1.051
1443,2.356,1.051
1444,2.366,1.051
1445,2.419,1.056
1446,2.444,1.056
1447,2.410,1.056
1448,2.341,1.056
1449,2.268,1.056
1450,2.219,1.056
1451,2.190,1.061
1452,2.175,1.061
1453,2.170,1.061
1454,2.170,1.061
1455,2.180,1.061
1456,2.375,1.065
1457,2.791,1.065
1458,3.138,1.065
1459,3.216,1.065
1460,3.069,1.065
1461,2.859,1.065
1462,2.674,1.070
1463,2.493,1.070
1464,2.361,1.070
1465,2.317,1.070
1466,2.351,1.070
1467,2.400,1.070
1468,2.405,1.075
1469,2.361,1.075
1470,2.292,1.075
1471,2.234,1.075
1472,2.195,1.075
1473,2.180,1.075
1474,2.180,1.075
1475,2.175,1.075
1476,2.151,1.080
1477,2.141,1.080
1478,2.292,1.080
1479,2.683,1.080
1480,3.040,1.080
1481,3.128,1.080
1482,2.986,1.080
1483,2.776,1.085
1484,2.600,1.085
1485,2.439,1.085
1486,2.326,1.085
1487,2.302,1.085
1488,2.351,1.085
1489,2.400,1.085
1490,2.400,1.090
1491,2.346,1.090
1492,2.283,1.090
1493,2.234,1.090
1494,2.204,1.090
1495,2.190,1.090
1496,2.185,1.090
1497,2.180,1.090
1498,2.190,1.090
1499,2.370,1.090
1500,2.747,1.095
1501,3.045,1.095
1502,3.084,1.095
1503,2.937,1.095
1504,2.742,1.095
1505,2.571,1.095
1506,2.424,1.095
1507,2.341,1.095
1508,2.336,1.095
1509,2.385,1.095
1510,2.414,1.095
1511,2.385,1.095
1512,2.331,1.095
1513,2.278,1.095
1514,2.239,1.095
1515,2.214,1.095
1516,2.199,1.095
1517,2.190,1.095
1518,2.165,1.095
1519,2.185,1.095
1520,2.414,1.095
1521,2.820,1.095
1522,3.128,1.090
1523,3.167,1.090
1524,3.016,1.090
1525,2.820,1.090
1526,2.644,1.090
1527,2.488,1.090
1528,2.385,1.085
1529,2.361,1.085
1530,2.405,1.085
1531,2.449,1.085
1532,2.444,1.085
1533,2.390,1.085
1534,2.326,1.085
1535,2.273,1.080
1536,2.253,1.080
1537,2.239,1.080
1538,2.229,1.080
1539,2.214,1.080
1540,2.185,1.080
1541,2.287,1.080
1542,2.615,1.080
1543,3.016,1.080
1544,3.206,1.080
1545,3.143,1.080
1546,2.957,1.080
1547,2.752,1.080
1548,2.581,1.080
1549,2.434,1.080
1550,2.356,1.080
1551,2.366,1.080
1552,2.419,1.080
1553,2.454,1.080
1554,2.429,1.080
1555,2.380,1.080
1556,2.307,1.080
1557,2.263,1.080
1558,2.229,1.080
1559,2.214,1.080
1560,2.195,1.080
1561,2.175,1.080
1562,2.248,1.080
1563,2.566,1.080
1564,2.972,1.080
1565,3.187,1.080
1566,3.109,1.080
1567,2.908,1.080
1568,2.713,1.080
1569,2.527,1.085
1570,2.395,1.085
1571,2.346,1.085
1572,2.385,1.085
1573,2.444,1.085
1574,2.458,1.085
1575,2.424,1.085
1576,2.370,1.085
1577,2.312,1.085
1578,2.273,1.085
1579,2.243,1.085
1580,2.219,1.085
1581,2.229,1.085
1582,2.454,1.085
1583,2.869,1.085
1584,3.187,1.085
1585,3.226,1.085
1586,3.060,1.085
1587,2.845,1.085
1588,2.639,1.085
1589,2.458,1.085
1590,2.366,1.085
1591,2.370,1.085
1592,2.419,1.085
1593,2.458,1.085
1594,2.434,1.085
1595,2.370,1.085
1596,2.312,1.085
1597,2.273,1.085
1598,2.258,1.085
1599,2.239,1.080
1600,2.229,1.080
1601,2.380,1.080
1602,2.786,1.080
1603,3.231,1.085
1604,3.328,1.080
1605,3.182,1.080
1606,2.957,1.080
1607,2.757,1.080
1608,2.571,1.080
1609,2.434,1.080
1610,2.400,1.080
1611,2.444,1.080
1612,2.478,1.080
1613,2.468,1.080
1614,2.414,1.080
1615,2.336,1.080
1616,2.278,1.080
1617,2.253,1.085
1618,2.234,1.085
1619,2.214,1.085
1620,2.219,1.085
1621,2.424,1.085
1622,2.879,1.085
1623,3.294,1.085
1624,3.328,1.085
1625,3.167,1.085
1626,2.947,1.085
1627,2.737,1.085
1628,2.537,1.085
1629,2.410,1.085
1630,2.385,1.090
1631,2.434,1.090
1632,2.478,1.090
1633,2.463,1.090
1634,2.400,1.090
1635,2.322,1.090
1636,2.258,1.090
1637,2.224,1.090
1638,2.209,1.090
1639,2.204,1.090
1640,2.185,1.090
1641,2.204,1.090
1642,2.439,1.090
1643,2.908,1.090
1644,3.265,1.090
1645,3.324,1.090
1646,3.148,1.095
1647,2.918,1.090
1648,2.717,1.090
1649,2.527,1.095
1650,2.405,1.095
1651,2.380,1.095
1652,2.434,1.095
1653,2.463,1.095
1654,2.444,1.095
1655,2.375,1.095
1656,2.302,1.095
1657,2.253,1.095
1658,2.219,1.095
1659,2.204,1.095
1660,2.199,1.095
1661,2.175,1.095
1662,2.160,1.095
1663,2.258,1.095
1664,2.630,1.095
1665,3.084,1.095
1666,3.289,1.095
1667,3.201,1.095
1668,2.972,1.095
1669,2.742,1.095
1670,2.546,1.095
1671,2.385,1.095
1672,2.322,1.095
1673,2.356,1.095
1674,2.429,1.095
1675,2.458,1.095
1676,2.414,1.095
1677,2.336,1.095
1678,2.268,1.095
1679,2.229,1.095
1680,2.209,1.095
1681,2.204,1.100
1682,2.185,1.100
1683,2.175,1.100
1684,2.351,1.100
1685,2.766,1.100
1686,3.152,1.100
1687,3.255,1.100
1688,3.113,1.100
1689,2.893,1.100
1690,2.688,1.100
1691,2.502,1.105
1692,2.366,1.105
1693,2.326,1.105
1694,2.366,1.105
1695,2.424,1.105
1696,2.434,1.105
1697,2.385,1.105
1698,2.317,1.105
1699,2.258,1.105
1700,2.204,1.105
1701,2.185,1.109
1702,2.175,1.109
1703,2.170,1.109
1704,2.155,1.109
1705,2.175,1.109
1706,2.488,1.109
1707,2.942,1.109
1708,3.240,1.114
1709,3.245,1.109
1710,3.065,1.114
1711,2.849,1.114
1712,2.659,1.114
1713,2.483,1.114
1714,2.361,1.114
1715,2.331,1.114
1716,2.375,1.114
1717,2.419,1.114
1718,2.414,1.119
1719,2.356,1.119
1720,2.297,1.119
1721,2.253,1.119
1722,2.258,1.119
1723,2.287,1.119
1724,2.317,1.119
1725,2.307,1.119
1726,2.278,1.119
1727,2.439,1.119
1728,2.849,1.119
1729,3.231,1.119
1730,3.294,1.119
1731,3.162,1.119
1732,2.996,1.114
1733,2.830,1.114
1734,2.659,1.114
1735,2.542,1.114
1736,2.517,1.109
1737,2.556,1.109
1738,2.571,1.109
1739,2.527,1.105
1740,2.449,1.105
1741,2.390,1.105
1742,2.336,1.100
1743,2.317,1.100
1744,2.312,1.095
1745,2.312,1.095
1746,2.292,1.095
1747,2.283,1.090
1748,2.400,1.090
1749,2.752,1.090
1750,3.094,1.085
1751,3.216,1.085
1752,3.128,1.085
1753,2.937,1.080
1754,2.742,1.080
1755,2.546,1.075
1756,2.356,1.075
1757,2.234,1.075
1758,2.199,1.075
1759,2.234,1.070
1760,2.283,1.070
1761,2.283,1.070
1762,2.263,1.070
1763,2.234,1.065
1764,2.209,1.065
1765,2.185,1.065
1766,2.165,1.065
1767,2.146,1.061
1768,2.219,1.061
1769,2.498,1.061
1770,2.898,1.061
1771,3.152,1.061
1772,3.133,1.061
1773,2.942,1.061
1774,2.737,1.061
1775,2.556,1.061
1776,2.395,1.056
1777,2.317,1.056
1778,2.317,1.056
1779,2.370,1.056
1780,2.400,1.056
1781,2.375,1.056
1782,2.322,1.056
1783,2.263,1.056
1784,2.229,1.056
1785,2.204,1.056
1786,2.180,1.056
1787,2.160,1.056
1788,2.253,1.056
1789,2.586,1.056
1790,2.991,1.056
1791,3.192,1.061
1792,3.138,1.061
1793,2.952,1.061
1794,2.742,1.061
1795,2.566,1.061
1796,2.400,1.061
1797,2.322,1.061
1798,2.326,1.061
1799,2.375,1.061
1800,2.405,1.061
1801,2.375,1.061
1802,2.331,1.061
1803,2.283,1.061
1804,2.258,1.061
1805,2.224,1.061
1806,2.185,1.061
1807,2.185,1.061
1808,2.405,1.061
1809,2.796,1.061
1810,3.069,1.061
1811,3.109,1.061
1812,2.962,1.061
1813,2.776,1.061
1814,2.595,1.061
1815,2.419,1.061
1816,2.302,1.061
1817,2.283,1.061
1818,2.317,1.061
1819,2.356,1.061
1820,2.346,1.061
1821,2.312,1.061
1822,2.253,1.056
1823,2.204,1.061
1824,2.175,1.056
1825,2.155,1.061
1826,2.136,1.056
1827,2.165,1.056
1828,2.400,1.056
1829,2.820,1.056
1830,3.128,1.056
1831,3.152,1.056
1832,2.942,1.056
1833,2.732,1.056
1834,2.537,1.056
1835,2.380,1.056
1836,2.312,1.056
1837,2.326,1.056
1838,2.380,1.056
1839,2.414,1.056
1840,2.400,1.056
1841,2.351,1.051
1842,2.297,1.051
1843,2.253,1.051
1844,2.224,1.051
1845,2.204,1.051
1846,2.195,1.046
1847,2.292,1.046
1848,2.625,1.046
1849,3.030,1.046
1850,3.226,1.046
1851,3.138,1.041
1852,2.908,1.041
1853,2.683,1.041
1854,2.493,1.041
1855,2.395,1.036
1856,2.429,1.036
1857,2.414,1.036
1858,2.356,1.036
1859,2.297,1.036
1860,2.253,1.036
1861,2.234,1.036
1862,2.224,1.036
1863,2.204,1.031
1864,2.258,1.036
1865,2.551,1.031
1866,2.991,1.036
1867,3.265,1.036
1868,3.250,1.036
1869,3.050,1.036
1870,2.815,1.036
1871,2.600,1.036
1872,2.429,1.036
1873,2.356,1.036
1874,2.366,1.036
1875,2.414,1.036
1876,2.444,1.036
1877,2.419,1.036
1878,2.356,1.036
1879,2.287,1.041
1880,2.243,1.041
1881,2.214,1.041
1882,2.199,1.041
1883,2.175,1.041
1884,2.224,1.041
1885,2.512,1.041
1886,2.972,1.046
1887,3.294,1.046
1888,3.314,1.046
1889,3.128,1.046
1890,2.884,1.046
1891,2.659,1.051
1892,2.463,1.051
1893,2.356,1.051
1894,2.361,1.051
1895,2.424,1.051
1896,2.468,1.056
1897,2.449,1.056
1898,2.385,1.056
1899,2.317,1.056
1900,2.263,1.056
1901,2.229,1.056
1902,2.209,1.061
1903,2.195,1.061
1904,2.175,1.061
1905,2.204,1.061
1906,2.473,1.061
1907,2.972,1.061
1908,3.377,1.065
1909,3.407,1.065
1910,3.201,1.065
1911,2.928,1.065
1912,2.678,1.065
1913,2.478,1.070
1914,2.385,1.070
1915,2.390,1.070
1916,2.444,1.070
1917,2.478,1.075
1918,2.458,1.075
1919,2.390,1.075
1920,2.322,1.075
1921,2.268,1.075
1922,2.229,1.080
1923,2.209,1.080
1924,2.190,1.080
1925,2.170,1.080
1926,2.170,1.080
1927,2.287,1.085
1928,2.678,1.085
1929,3.162,1.085
1930,3.397,1.085
1931,3.304,1.090
1932,3.050,1.090
1933,2.786,1.090
1934,2.546,1.090
1935,2.380,1.090
1936,2.317,1.090
1937,2.361,1.090
1938,2.419,1.095
1939,2.439,1.095
1940,2.400,1.095
1941,2.336,1.095
1942,2.273,1.095
1943,2.234,1.095
1944,2.214,1.100
1945,2.185,1.100
1946,2.165,1.100
1947,2.160,1.100
1948,2.346,1.100
1949,2.781,1.100
1950,3.182,1.105
1951,3.299,1.105
1952,3.157,1.105
1953,2.918,1.105
1954,2.678,1.105
1955,2.478,1.105
1956,2.370,1.105
1957,2.366,1.105
1958,2.424,1.105
1959,2.444,1.105
1960,2.410,1.105
1961,2.341,1.105
1962,2.273,1.105
1963,2.234,1.105
1964,2.214,1.105
1965,2.204,1.105
1966,2.190,1.105
1967,2.224,1.105
1968,2.478,1.105
1969,2.937,1.105
1970,3.265,1.105
1971,3.275,1.105
1972,3.069,1.105
1973,2.815,1.105
1974,2.595,1.105
1975,2.424,1.105
1976,2.341,1.105
1977,2.346,1.105
1978,2.414,1.105
1979,2.454,1.105
1980,2.434,1.105
1981,2.361,1.105
1982,2.297,1.105
1983,2.253,1.105
1984,2.229,1.105
1985,2.209,1.105
1986,2.185,1.105
1987,2.273,1.105
1988,2.620,1.105
1989,3.069,1.105
1990,3.284,1.109
1991,3.216,1.109
1992,2.986,1.109
1993,2.717,1.105
1994,2.507,1.109
1995,2.351,1.109
1996,2.307,1.109
1997,2.356,1.109
1998,2.419,1.109
1999,2.449,1.109
2000,2.410,1.109
2001,2.361,1.109
2002,2.307,1.109
2003,2.263,1.105
2004,2.239,1.105
2005,2.219,1.105
2006,2.199,1.105
2007,2.239,1.105
2008,2.522,1.105
2009,2.952,1.105
2010,3.226,1.105
2011,3.206,1.100
2012,2.996,1.100
2013,2.742,1.100
2014,2.522,1.095
2015,2.356,1.095
2016,2.292,1.095
2017,2.297,1.090
2018,2.356,1.090
2019,2.380,1.085
2020,2.366,1.085
2021,2.297,1.080
2022,2.243,1.080
2023,2.199,1.075
2024,2.180,1.075
2025,2.165,1.070
2026,2.151,1.070
2027,2.160,1.065
2028,2.370,1.065
2029,2.805,1.061
2030,3.133,1.061
2031,3.152,1.061
2032,2.962,1.056
2033,2.727,1.056
2034,2.527,1.051
2035,2.370,1.051
2036,2.302,1.046
2037,2.317,1.046
2038,2.375,1.041
2039,2.410,1.041
2040,2.380,1.041
2041,2.326,1.036
2042,2.273,1.036
2043,2.239,1.036
2044,2.224,1.031
2045,2.199,1.031
2046,2.180,1.031
2047,2.322,1.031
2048,2.713,1.031
2049,3.084,1.026
2050,3.172,1.026
2051,2.991,1.026
2052,2.752,1.026
2053,2.532,1.026
2054,2.366,1.026
2055,2.292,1.026
2056,2.322,1.026
2057,2.390,1.026
2058,2.434,1.026
2059,2.405,1.026
2060,2.346,1.026
2061,2.287,1.026
2062,2.253,1.026
2063,2.229,1.026
2064,2.209,1.026
2065,2.185,1.026
2066,2.273,1.026
2067,2.615,1.031
2068,3.040,1.031
2069,3.255,1.031
2070,3.187,1.031
2071,2.962,1.031
2072,2.727,1.031
2073,2.532,1.036
2074,2.380,1.036
2075,2.322,1.036
2076,2.361,1.036
2077,2.419,1.036
2078,2.429,1.036
2079,2.385,1.041
2080,2.326,1.041
2081,2.283,1.041
2082,2.248,1.041
2083,2.234,1.041
2084,2.209,1.041
2085,2.195,1.041
2086,2.292,1.041
2087,2.659,1.041
2088,3.089,1.041
2089,3.294,1.041
2090,3.221,1.041
2091,3.016,1.041
2092,2.805,1.041
2093,2.605,1.041
2094,2.449,1.041
2095,2.366,1.041
2096,2.370,1.041
2097,2.414,1.041
2098,2.429,1.041
2099,2.390,1.041
2100,2.331,1.041
2101,2.283,1.041
2102,2.248,1.036
2103,2.234,1.041
2104,2.224,1.036
2105,2.209,1.041
2106,2.185,1.036
2107,2.273,1.036
2108,2.649,1.036
2109,3.109,1.041
2110,3.328,1.041
2111,3.250,1.041
2112,3.016,1.041
2113,2.786,1.041
2114,2.590,1.041
2115,2.434,1.041
2116,2.356,1.041
2117,2.370,1.041
2118,2.434,1.041
2119,2.454,1.041
2120,2.419,1.041
2121,2.351,1.041
2122,2.283,1.046
2123,2.239,1.046
2124,2.219,1.046
2125,2.204,1.046
2126,2.204,1.046
2127,2.190,1.046
2128,2.185,1.051
2129,2.361,1.051
2130,2.796,1.051
2131,3.192,1.051
2132,3.284,1.051
2133,3.133,1.056
2134,2.898,1.056
2135,2.664,1.056
2136,2.488,1.056
2137,2.375,1.056
2138,2.351,1.061
2139,2.405,1.061
2140,2.454,1.061
2141,2.439,1.061
2142,2.380,1.061
2143,2.302,1.065
2144,2.248,1.065
2145,2.214,1.065
2146,2.199,1.065
2147,2.199,1.070
2148,2.195,1.070
2149,2.209,1.070
2150,2.434,1.070
2151,2.859,1.075
2152,3.177,1.075
2153,3.226,1.075
2154,3.055,1.080
2155,2.840,1.080
2156,2.649,1.080
2157,2.473,1.080
2158,2.361,1.080
2159,2.331,1.085
2160,2.375,1.085
2161,2.424,1.085
2162,2.414,1.085
2163,2.356,1.085
2164,2.283,1.090
2165,2.243,1.090
2166,2.219,1.090
2167,2.204,1.090
2168,2.199,1.095
2169,2.199,1.095
2170,2.175,1.095
2171,2.195,1.095
2172,2.419,1.095
2173,2.874,1.100
2174,3.226,1.100
2175,3.294,1.100
2176,3.143,1.100
2177,2.928,1.105
2178,2.732,1.105
2179,2.551,1.105
2180,2.410,1.105
2181,2.361,1.105
2182,2.385,1.105
2183,2.429,1.109
2184,2.434,1.109
2185,2.400,1.109
2186,2.326,1.109
2187,2.263,1.109
2188,2.229,1.109
2189,2.209,1.109
2190,2.190,1.114
2191,2.190,1.114
2192,2.190,1.114
2193,2.180,1.114
2194,2.155,1.114
2195,2.234,1.114
2196,2.581,1.119
2197,3.035,1.119
2198,3.280,1.119
2199,3.236,1.119
2200,3.021,1.119
2201,2.805,1.119
2202,2.620,1.119
2203,2.468,1.124
2204,2.390,1.124
2205,2.375,1.124
2206,2.414,1.124
2207,2.449,1.124
2208,2.434,1.124
2209,2.385,1.124
2210,2.292,1.124
2211,2.239,1.124
2212,2.204,1.129
2213,2.190,1.129
2214,2.195,1.129
2215,2.190,1.129
2216,2.180,1.129
2217,2.160,1.129
2218,2.190,1.129
2219,2.449,1.134
2220,2.908,1.134
2221,3.221,1.134
2222,3.289,1.134
2223,3.113,1.134
2224,2.869,1.134
2225,2.659,1.134
2226,2.478,1.134
2227,2.366,1.139
2228,2.356,1.139
2229,2.410,1.139
2230,2.473,1.139
2231,2.483,1.139
2232,2.439,1.139
2233,2.239,1.139
2234,2.224,1.144
2235,2.219,1.144
2236,2.204,1.144
2237,2.195,1.144
2238,2.331,1.144
2239,2.732,1.144
2240,3.167,1.144
2241,3.328,1.144
2242,3.211,1.144
2243,2.967,1.149
2244,2.732,1.149
2245,2.542,1.149
2246,2.395,1.149
2247,2.361,1.149
2248,2.405,1.149
2249,2.483,1.149
2250,2.498,1.149
2251,2.449,1.149
2252,2.370,1.149
2253,2.312,1.149
2254,2.268,1.153
2255,2.248,1.153
2256,2.248,1.153
2257,2.239,1.153
2258,2.209,1.153
2259,2.229,1.153
2260,2.512,1.153
2261,3.011,1.153
2262,3.368,1.158
2263,3.412,1.158
2264,3.221,1.158
2265,2.972,1.158
2266,2.752,1.158
2267,2.566,1.158
2268,2.439,1.158
2269,2.405,1.158
2270,2.429,1.158
2271,2.478,1.158
2272,2.478,1.158
2273,2.424,1.158
2274,2.351,1.163
2275,2.287,1.163
2276,2.243,1.163
2277,2.224,1.163
2278,2.224,1.163
2279,2.224,1.163
2280,2.204,1.163
2281,2.224,1.163
2282,2.468,1.163
2283,2.967,1.163
2284,3.358,1.168
2285,3.416,1.168
2286,3.226,1.168
2287,2.972,1.168
2288,2.752,1.168
2289,2.556,1.168
2290,2.410,1.168
2291,2.366,1.168
2292,2.400,1.168
2293,2.454,1.168
2294,2.468,1.168
2295,2.419,1.168
2296,2.341,1.168
2297,2.268,1.168
2298,2.214,1.168
2299,2.190,1.168
2300,2.195,1.168
2301,2.195,1.173
2302,2.190,1.173
2303,2.175,1.173
2304,2.297,1.173
2305,2.722,1.173
2306,3.216,1.173
2307,3.358,1.173
2308,3.211,1.173
2309,2.952,1.173
2310,2.737,1.173
2311,2.551,1.173
2312,2.405,1.173
2313,2.346,1.173
2314,2.375,1.178
2315,2.444,1.178
2316,2.468,1.178
2317,2.429,1.178
2318,2.351,1.178
2319,2.283,1.178
2320,2.234,1.178
2321,2.219,1.178
2322,2.219,1.178
2323,2.214,1.178
2324,2.199,1.178
2325,2.253,1.178
2326,2.556,1.178
2327,3.001,1.178
2328,3.260,1.178
2329,3.226,1.183
2330,3.011,1.183
2331,2.786,1.183
2332,2.605,1.183
2333,2.449,1.183
2334,2.356,1.183
2335,2.356,1.183
2336,2.410,1.183
2337,2.429,1.183
2338,2.385,1.183
2339,2.322,1.183
2340,2.263,1.183
2341,2.234,1.183
2342,2.209,1.183
2343,2.199,1.183
2344,2.185,1.183
2345,2.180,1.183
2346,2.160,1.188
2347,2.239,1.183
2348,2.590,1.188
2349,3.055,1.188
2350,3.309,1.188
2351,3.270,1.188
2352,3.069,1.188
2353,2.854,1.188
2354,2.683,1.188
2355,2.512,1.188
2356,2.395,1.188
2357,2.351,1.188
2358,2.385,1.188
2359,2.419,1.188
2360,2.410,1.188
2361,2.356,1.188
2362,2.287,1.188
2363,2.234,1.188
2364,2.204,1.193
2365,2.185,1.193
2366,2.180,1.193
2367,2.165,1.193
2368,2.170,1.193
2369,2.165,1.193
2370,2.165,1.193
2371,2.307,1.193
2372,2.727,1.193
2373,3.162,1.193
2374,3.333,1.193
2375,3.221,1.193
2376,2.986,1.193
2377,2.771,1.193
2378,2.600,1.193
2379,2.449,1.197
2380,2.356,1.197
2381,2.346,1.197
2382,2.390,1.197
2383,2.424,1.197
2384,2.410,1.197
2385,2.351,1.197
2386,2.278,1.197
2387,2.229,1.197
2388,2.204,1.197
2389,2.199,1.197
2390,2.199,1.197
2391,2.199,1.197
2392,2.190,1.197
2393,2.155,1.197
2394,2.185,1.197
2395,2.454,1.197
2396,2.918,1.197
2397,3.231,1.197
2398,3.236,1.202
2399,3.045,1.202
2400,2.815,1.197
2401,2.625,1.197
2402,2.463,1.202
2403,2.361,1.202
2404,2.336,1.202
2405,2.380,1.197
2406,2.429,1.202
2407,2.424,1.202
2408,2.375,1.197
2409,2.312,1.197
2410,2.263,1.197
2411,2.239,1.197
2412,2.239,1.197
2413,2.234,1.197
2414,2.219,1.197
2415,2.199,1.197
2416,2.263,1.197
2417,2.586,1.197
2418,3.025,1.197
2419,3.255,1.193
2420,3.192,1.193
2421,2.981,1.193
2422,2.771,1.193
2423,2.586,1.188
2424,2.439,1.188
2425,2.375,1.188
2426,2.400,1.188
2427,2.454,1.183
2428,2.473,1.183
2429,2.424,1.183
2430,2.356,1.178
2431,2.292,1.178
2432,2.258,1.178
2433,2.239,1.178
2434,2.224,1.173
2435,2.195,1.173
2436,2.170,1.173
2437,2.268,1.173
2438,2.644,1.173
2439,3.118,1.173
2440,3.358,1.173
2441,3.294,1.168
2442,3.074,1.168
2443,2.849,1.168
2444,2.659,1.168
2445,2.493,1.168
2446,2.390,1.163
2447,2.395,1.163
2448,2.454,1.163
2449,2.478,1.163
2450,2.444,1.163
2451,2.370,1.163
2452,2.302,1.163
2453,2.253,1.163
2454,2.229,1.163
2455,2.229,1.163
2456,2.224,1.163
2457,2.199,1.163
2458,2.195,1.163
2459,2.375,1.163
2460,2.849,1.163
2461,3.304,1.163
2462,3.421,1.163
2463,3.260,1.163
2464,3.025,1.163
2465,2.815,1.163
2466,2.620,1.163
2467,2.473,1.163
2468,2.405,1.163
2469,2.419,1.163
2470,2.468,1.163
2471,2.478,1.163
2472,2.434,1.163
2473,2.370,1.163
2474,2.307,1.163
2475,2.263,1.163
2476,2.229,1.163
2477,2.199,1.163
2478,2.190,1.163
2479,2.185,1.163
2480,2.170,1.163
2481,2.234,1.163
2482,2.586,1.163
2483,3.094,1.168
2484,3.412,1.168
2485,3.363,1.168
2486,3.133,1.168
2487,2.884,1.168
2488,2.678,1.168
2489,2.507,1.168
2490,2.410,1.168
2491,2.410,1.173
2492,2.449,1.173
2493,2.478,1.173
2494,2.449,1.173
2495,2.385,1.173
2496,2.322,1.173
2497,2.278,1.173
2498,2.248,1.173
2499,2.243,1.173
2500,2.224,1.178
2501,2.204,1.178
2502,2.199,1.178
2503,2.380,1.178
2504,2.845,1.178
2505,3.299,1.178
2506,3.377,1.178
2507,3.192,1.183
2508,2.928,1.183
2509,2.708,1.183
2510,2.517,1.183
2511,2.385,1.183
2512,2.356,1.183
2513,2.414,1.183
2514,2.463,1.183
2515,2.458,1.183
2516,2.395,1.183
2517,2.317,1.183
2518,2.253,1.188
2519,2.219,1.188
2520,2.209,1.188
2521,2.195,1.188
2522,2.175,1.188
2523,2.204,1.188
2524,2.454,1.188
2525,2.928,1.188
2526,3.280,1.193
2527,3.338,1.193
2528,3.177,1.193
2529,2.942,1.193
2530,2.732,1.193
2531,2.532,1.193
2532,2.390,1.193
2533,2.351,1.193
2534,2.405,1.193
2535,2.449,1.193
2536,2.434,1.193
2537,2.380,1.193
2538,2.322,1.193
2539,2.268,1.193
2540,2.239,1.193
2541,2.219,1.193
2542,2.209,1.193
2543,2.190,1.193
2544,2.185,1.193
2545,2.317,1.193
2546,2.732,1.193
2547,3.167,1.193
2548,3.338,1.193
2549,3.221,1.193
2550,3.006,1.188
2551,2.805,1.188
2552,2.634,1.188
2553,2.458,1.188
2554,2.361,1.183
2555,2.366,1.183
2556,2.414,1.183
2557,2.439,1.178
2558,2.405,1.178
2559,2.346,1.173
2560,2.283,1.173
2561,2.229,1.173
2562,2.204,1.168
2563,2.199,1.168
2564,2.185,1.163
2565,2.170,1.163
2566,2.155,1.163
2567,2.258,1.158
2568,2.649,1.158
2569,3.079,1.153
2570,3.260,1.153
2571,3.172,1.153
2572,2.972,1.149
2573,2.776,1.149
2574,2.600,1.149
2575,2.434,1.144
2576,2.351,1.144
2577,2.361,1.144
2578,2.424,1.144
2579,2.444,1.139
2580,2.405,1.139
2581,2.336,1.139
2582,2.278,1.139
2583,2.234,1.134
2584,2.219,1.134
2585,2.209,1.134
2586,2.190,1.134
2587,2.165,1.134
2588,2.219,1.134
2589,2.581,1.129
2590,3.045,1.129
2591,3.206,1.129
2592,3.109,1.129
2593,2.893,1.129
2594,2.703,1.129
2595,2.532,1.129
2596,2.380,1.129
2597,2.302,1.129
2598,2.331,1.129
2599,2.390,1.129
2600,2.424,1.129
2601,2.400,1.129
2602,2.336,1.129
2603,2.278,1.129
2604,2.239,1.129
2605,2.209,1.129
2606,2.199,1.134
2607,2.185,1.134
2608,2.165,1.134
2609,2.146,1.134
2610,2.190,1.134
2611,2.532,1.134
2612,2.977,1.134
2613,3.231,1.134
2614,3.196,1.139
2615,3.016,1.139
2616,2.815,1.139
2617,2.649,1.139
2618,2.483,1.139
2619,2.356,1.139
2620,2.346,1.144
2621,2.380,1.144
2622,2.419,1.144
2623,2.410,1.144
2624,2.351,1.144
2625,2.292,1.149
2626,2.248,1.149
2627,2.214,1.149
2628,2.190,1.149
2629,2.170,1.149
2630,2.160,1.149
2631,2.146,1.153
2632,2.160,1.153
2633,2.351,1.153
2634,2.776,1.153
2635,3.138,1.153
2636,3.226,1.158
2637,3.084,1.158
2638,2.879,1.158
2639,2.698,1.158
2640,2.546,1.158
2641,2.405,1.158
2642,2.341,1.163
2643,2.361,1.163
2644,2.405,1.163
2645,2.410,1.163
2646,2.370,1.163
2647,2.292,1.163
2648,2.229,1.168
2649,2.195,1.168
2650,2.185,1.168
2651,2.185,1.168
2652,2.175,1.168
2653,2.151,1.168
2654,2.160,1.173
2655,2.361,1.173
2656,2.791,1.173
2657,3.138,1.173
2658,3.187,1.173
2659,3.030,1.173
2660,2.810,1.173
2661,2.634,1.178
2662,2.478,1.178
2663,2.370,1.178
2664,2.346,1.178
2665,2.395,1.178
2666,2.449,1.178
2667,2.454,1.178
2668,2.395,1.178
2669,2.317,1.183
2670,2.248,1.183
2671,2.219,1.183
2672,2.199,1.183
2673,2.190,1.183
2674,2.185,1.183
2675,2.331,1.183
2676,2.757,1.183
2677,3.138,1.188
2678,3.250,1.188
2679,3.128,1.188
2680,2.913,1.188
2681,2.717,1.188
2682,2.532,1.188
2683,2.390,1.188
2684,2.351,1.193
2685,2.395,1.193
2686,2.454,1.193
2687,2.458,1.193
2688,2.419,1.193
2689,2.356,1.193
2690,2.297,1.193
2691,2.258,1.193
2692,2.239,1.193
2693,2.219,1.193
2694,2.224,1.197
2695,2.414,1.197
2696,2.845,1.197
2697,3.245,1.197
2698,3.372,1.197
2699,3.240,1.197
2700,3.011,1.197
2701,2.781,1.197
2702,2.566,1.197
2703,2.395,1.197
2704,2.326,1.197
2705,2.375,1.197
2706,2.424,1.197
2707,2.434,1.202
2708,2.380,1.202
2709,2.312,1.202
2710,2.263,1.202
2711,2.234,1.202
2712,2.229,1.202
2713,2.209,1.197
2714,2.180,1.197
2715,2.278,1.197
2716,2.669,1.197
2717,3.157,1.197
2718,3.397,1.197
2719,3.324,1.197
2720,3.109,1.193
2721,2.889,1.193
2722,2.693,1.193
2723,2.522,1.188
2724,2.419,1.188
2725,2.414,1.188
2726,2.458,1.183
2727,2.488,1.183
2728,2.458,1.178
2729,2.390,1.178
2730,2.322,1.173
2731,2.278,1.173
2732,2.253,1.173
2733,2.243,1.168
2734,2.229,1.168
2735,2.204,1.163
2736,2.258,1.163
2737,2.654,1.158
2738,3.128,1.158
2739,3.363,1.158
2740,3.304,1.153
2741,3.094,1.153
2742,2.869,1.149
2743,2.664,1.149
2744,2.473,1.144
2745,2.375,1.144
2746,2.370,1.139
2747,2.419,1.139
2748,2.434,1.139
2749,2.405,1.139
2750,2.331,1.134
2751,2.263,1.134
2752,2.209,1.134
2753,2.190,1.129
2754,2.185,1.129
2755,2.175,1.129
2756,2.160,1.129
2757,2.234,1.129
2758,2.581,1.124
2759,3.035,1.124
2760,3.270,1.124
2761,3.192,1.124
2762,2.967,1.124
2763,2.757,1.124
2764,2.571,1.124
2765,2.410,1.124
2766,2.331,1.124
2767,2.366,1.124
2768,2.439,1.124
2769,2.463,1.124
2770,2.414,1.124
2771,2.351,1.124
2772,2.283,1.124
2773,2.243,1.124
2774,2.229,1.124
2775,2.199,1.124
2776,2.180,1.124
2777,2.312,1.124
2778,2.703,1.124
2779,3.099,1.129
2780,3.245,1.129
2781,3.123,1.129
2782,2.903,1.129
2783,2.708,1.129
2784,2.522,1.129
2785,2.370,1.129
2786,2.317,1.134
2787,2.361,1.134
2788,2.419,1.134
2789,2.419,1.134
2790,2.375,1.134
2791,2.326,1.134
2792,2.283,1.139
2793,2.248,1.139
2794,2.229,1.139
2795,2.199,1.139
2796,2.204,1.139
2797,2.429,1.144
2798,2.869,1.144
2799,3.201,1.144
2800,3.245,1.144
2801,3.084,1.144
2802,2.884,1.149
2803,2.703,1.149
2804,2.527,1.149
2805,2.390,1.149
2806,2.351,1.149
2807,2.385,1.149
2808,2.434,1.153
2809,2.429,1.153
2810,2.370,1.153
2811,2.302,1.153
2812,2.248,1.158
2813,2.209,1.158
2814,2.195,1.158
2815,2.180,1.158
2816,2.165,1.158
2817,2.283,1.158
2818,2.727,1.163
2819,3.118,1.163
2820,3.255,1.163
2821,3.133,1.163
2822,2.928,1.163
2823,2.732,1.163
2824,2.532,1.168
2825,2.375,1.168
2826,2.312,1.168
2827,2.326,1.168
2828,2.370,1.168
2829,2.385,1.168
2830,2.356,1.168
2831,2.302,1.168
2832,2.248,1.168
2833,2.214,1.168
2834,2.199,1.168
2835,2.195,1.168
2836,2.190,1.168
2837,2.175,1.163
2838,2.175,1.163
2839,2.351,1.163
2840,2.791,1.163
2841,3.172,1.163
2842,3.226,1.158
2843,3.065,1.158
2844,2.854,1.158
2845,2.678,1.153
2846,2.483,1.153
2847,2.370,1.153
2848,2.341,1.149
2849,2.375,1.149
2850,2.424,1.149
2851,2.419,1.144
2852,2.356,1.144
2853,2.292,1.144
2854,2.243,1.139
2855,2.219,1.139
2856,2.209,1.139
2857,2.199,1.139
2858,2.185,1.134
2859,2.160,1.134
2860,2.239,1.134
2861,2.566,1.134
2862,2.991,1.129
2863,2.854,1.129
2864,2.669,1.129
2865,2.498,1.124
2866,2.380,1.124
2867,2.341,1.124
2868,2.375,1.124
2869,2.424,1.124
2870,2.429,1.124
2871,2.385,1.124
2872,2.322,1.124
2873,2.258,1.124
2874,2.209,1.124
2875,2.190,1.124
2876,2.180,1.119
2877,2.180,1.124
2878,2.170,1.124
2879,2.165,1.124
2880,2.297,1.124
2881,2.688,1.124
2882,3.089,1.124
2883,3.236,1.124
2884,3.128,1.124
2885,2.937,1.124
2886,2.761,1.124
2887,2.605,1.124
2888,2.454,1.124
2889,2.366,1.124
2890,2.366,1.129
2891,2.410,1.129
2892,2.434,1.129
2893,2.405,1.129
2894,2.341,1.129
2895,2.287,1.129
2896,2.258,1.129
2897,2.234,1.134
2898,2.214,1.134
2899,2.199,1.134
2900,2.185,1.134
2901,2.175,1.134
2902,2.155,1.139
2903,2.224,1.139
2904,2.532,1.139
2905,2.967,1.139
2906,3.245,1.144
2907,3.236,1.144
2908,3.055,1.144
2909,2.835,1.144
2910,2.659,1.144
2911,2.493,1.149
2912,2.380,1.149
2913,2.341,1.149
2914,2.370,1.149
2915,2.405,1.149
2916,2.405,1.153
2917,2.351,1.153
2918,2.287,1.153
2919,2.234,1.153
2920,2.199,1.153
2921,2.170,1.158
2922,2.155,1.158
2923,2.151,1.158
2924,2.141,1.158
2925,2.126,1.158
2926,2.131,1.158
2927,2.317,1.163
2928,2.732,1.163
2929,3.118,1.163
2930,3.236,1.163
2931,3.123,1.168
2932,2.889,1.168
2933,2.713,1.168
2934,2.537,1.168
2935,2.405,1.168
2936,2.361,1.168
2937,2.395,1.168
2938,2.449,1.173
2939,2.444,1.173
2940,2.395,1.173
2941,2.326,1.173
2942,2.268,1.173
2943,2.234,1.173
2944,2.224,1.173
2945,2.209,1.173
2946,2.195,1.178
2947,2.248,1.178
2948,2.532,1.178
2949,2.957,1.178
2950,3.206,1.178
2951,3.172,1.178
2952,2.986,1.178
2953,2.776,1.183
2954,2.586,1.183
2955,2.429,1.183
2956,2.351,1.183
2957,2.366,1.183
2958,2.419,1.183
2959,2.444,1.183
2960,2.400,1.183
2961,2.336,1.183
2962,2.283,1.188
2963,2.243,1.188
2964,2.219,1.188
2965,2.195,1.188
2966,2.204,1.188
2967,2.434,1.188
2968,2.879,1.188
2969,3.221,1.188
2970,3.289,1.193
2971,3.138,1.193
2972,2.923,1.193
2973,2.742,1.193
2974,2.566,1.193
2975,2.439,1.193
2976,2.400,1.193
2977,2.429,1.193
2978,2.468,1.193
2979,2.463,1.193
2980,2.410,1.197
2981,2.346,1.197
2982,2.287,1.197
2983,2.263,1.197
2984,2.258,1.197
2985,2.253,1.197
2986,2.234,1.197
2987,2.283,1.197
2988,2.590,1.197
2989,3.055,1.197
2990,3.304,1.202
2991,3.265,1.202
2992,3.060,1.202
2993,2.835,1.202
2994,2.644,1.202
2995,2.473,1.202
2996,2.380,1.202
2997,2.370,1.202
2998,2.414,1.202
2999,2.439,1.202
3000,2.414,1.202
3001,2.346,1.207
3002,2.283,1.202
3003,2.234,1.207
3004,2.209,1.202
3005,2.190,1.207
3006,2.185,1.207
3007,2.204,1.207
3008,2.405,1.207
3009,2.845,1.207
3010,3.201,1.207
3011,3.265,1.207
3012,3.099,1.207
3013,2.879,1.207
3014,2.683,1.207
3015,2.498,1.207
3016,2.380,1.207
3017,2.361,1.207
3018,2.414,1.207
3019,2.458,1.207
3020,2.449,1.207
3021,2.390,1.207
3022,2.326,1.207
3023,2.278,1.207
3024,2.253,1.212
3025,2.224,1.207
3026,2.219,1.212
3027,2.410,1.212
3028,2.820,1.212
3029,3.162,1.212
3030,3.221,1.212
3031,3.065,1.212
3032,2.845,1.212
3033,2.649,1.212
3034,2.463,1.212
3035,2.346,1.212
3036,2.322,1.212
3037,2.366,1.212
3038,2.400,1.212
3039,2.385,1.212
3040,2.341,1.212
3041,2.297,1.212
3042,2.268,1.212
3043,2.234,1.212
3044,2.204,1.217
3045,2.263,1.217
3046,2.576,1.217
3047,3.011,1.217
3048,3.265,1.217
3049,3.231,1.217
3050,3.040,1.217
3051,2.835,1.217
3052,2.639,1.217
3053,2.449,1.217
3054,2.356,1.217
3055,2.361,1.217
3056,2.410,1.217
3057,2.434,1.217
3058,2.410,1.222
3059,2.346,1.222
3060,2.292,1.222
3061,2.248,1.222
3062,2.224,1.222
3063,2.209,1.222
3064,2.219,1.222
3065,2.414,1.222
3066,2.845,1.222
3067,3.211,1.222
3068,3.294,1.222
3069,3.148,1.222
3070,2.923,1.222
3071,2.717,1.222
3072,2.517,1.222
3073,2.361,1.222
3074,2.312,1.227
3075,2.351,1.227
3076,2.405,1.227
3077,2.410,1.227
3078,2.366,1.227
3079,2.297,1.227
3080,2.239,1.227
3081,2.199,1.227
3082,2.185,1.227
3083,2.170,1.227
3084,2.151,1.227
3085,2.248,1.227
3086,2.630,1.227
3087,3.065,1.227
3088,3.270,1.227
3089,3.177,1.227
3090,2.972,1.227
3091,2.776,1.227
3092,2.581,1.227
3093,2.405,1.227
3094,2.346,1.227
3095,2.366,1.227
3096,2.410,1.222
3097,2.419,1.222
3098,2.385,1.222
3099,2.312,1.222
3100,2.253,1.222
3101,2.229,1.217
3102,2.209,1.217
3103,2.185,1.217
3104,2.185,1.217
3105,2.385,1.217
3106,2.801,1.217
3107,3.128,1.217
3108,3.192,1.212
3109,3.045,1.212
3110,2.835,1.212
3111,2.639,1.212
3112,2.473,1.212
3113,2.361,1.212
3114,2.341,1.207
3115,2.385,1.207
3116,2.322,1.207
3117,2.263,1.207
3118,2.224,1.207
3119,2.199,1.207
3120,2.175,1.207
3121,2.155,1.202
3122,2.239,1.202
3123,2.586,1.202
3124,3.011,1.202
3125,3.226,1.202
3126,3.172,1.202
3127,2.991,1.202
3128,2.805,1.202
3129,2.620,1.202
3130,2.444,1.202
3131,2.336,1.202
3132,2.341,1.202
3133,2.385,1.202
3134,2.405,1.202
3135,2.395,1.202
3136,2.336,1.202
3137,2.278,1.202
3138,2.229,1.202
3139,2.195,1.202
3140,2.175,1.202
3141,2.160,1.202
3142,2.146,1.202
3143,2.268,1.202
3144,2.639,1.202
3145,3.040,1.202
3146,3.206,1.202
3147,3.113,1.202
3148,2.923,1.202
3149,2.727,1.202
3150,2.546,1.202
3151,2.380,1.207
3152,2.302,1.202
3153,2.317,1.207
3154,2.370,1.207
3155,2.395,1.207
3156,2.361,1.207
3157,2.297,1.207
3158,2.234,1.207
3159,2.185,1.207
3160,2.170,1.207
3161,2.151,1.207
3162,2.136,1.207
3163,2.165,1.207
3164,2.405,1.212
3165,2.825,1.212
3166,3.148,1.212
3167,3.177,1.212
3168,3.016,1.212
3169,2.815,1.212
3170,2.649,1.212
3171,2.483,1.212
3172,2.366,1.212
3173,2.341,1.217
3174,2.385,1.217
3175,2.414,1.217
3176,2.390,1.217
3177,2.322,1.217
3178,2.258,1.217
3179,2.219,1.217
3180,2.204,1.217
3181,2.209,1.217
3182,2.219,1.217
3183,2.253,1.217
3184,2.458,1.222
3185,2.840,1.222
3186,3.138,1.222
3187,3.192,1.222
3188,3.035,1.222
3189,2.830,1.222
3190,2.634,1.222
3191,2.449,1.222
3192,2.341,1.222
3193,2.341,1.222
3194,2.395,1.222
3195,2.424,1.222
3196,2.405,1.217
3197,2.351,1.217
3198,2.312,1.217
3199,2.268,1.217
3200,2.239,1.217
3201,2.224,1.217
3202,2.204,1.212
3203,2.268,1.212
3204,2.571,1.212
3205,2.986,1.212
3206,3.216,1.207
3207,3.182,1.207
3208,3.016,1.207
3209,2.815,1.207
3210,2.634,1.202
3211,2.473,1.202
3212,2.370,1.202
3213,2.361,1.202
3214,2.385,1.197
3215,2.400,1.197
3216,2.366,1.197
3217,2.297,1.193
3218,2.234,1.193
3219,2.190,1.193
3220,2.175,1.193
3221,2.155,1.188
3222,2.155,1.188
3223,2.336,1.188
3224,2.742,1.188
3225,3.099,1.183
3226,3.192,1.183
3227,3.055,1.183
3228,2.840,1.183
3229,2.630,1.178
3230,2.429,1.178
3231,2.307,1.178
3232,2.273,1.173
3233,2.331,1.173
3234,2.390,1.173
3235,2.380,1.168
3236,2.317,1.168
3237,2.253,1.168
3238,2.209,1.163
3239,2.185,1.163
3240,2.146,1.158
3241,2.195,1.158
3242,2.478,1.153
3243,2.884,1.153
3244,3.118,1.149
3245,3.089,1.149
3246,2.903,1.144
3247,2.698,1.144
3248,2.512,1.139
3249,2.336,1.139
3250,2.253,1.134
3251,2.273,1.134
3252,2.336,1.129
3253,2.356,1.124
3254,2.331,1.124
3255,2.278,1.119
3256,2.219,1.114
3257,2.165,1.114
3258,2.126,1.109
3259,2.214,1.109
3260,2.561,1.105
3261,2.952,1.105
3262,3.109,1.100
3263,3.016,1.095
3264,2.796,1.095
3265,2.595,1.090
3266,2.410,1.090
3267,2.278,1.090
3268,2.248,1.085
3269,2.307,1.085
3270,2.370,1.080
3271,2.385,1.080
3272,2.356,1.080
3273,2.302,1.080
3274,2.243,1.075
3275,2.190,1.075
3276,2.253,1.075
3277,2.576,1.075
3278,2.972,1.075
3279,3.143,1.070
3280,3.055,1.070
3281,2.835,1.070
3282,2.620,1.070
3283,2.429,1.070
3284,2.302,1.070
3285,2.268,1.070
3286,2.326,1.070
3287,2.390,1.070
3288,2.395,1.070
3289,2.366,1.070
3290,2.287,1.070
3291,2.199,1.070
3292,2.146,1.070
3293,2.170,1.075
3294,2.444,1.075
3295,2.889,1.075
3296,3.162,1.075
3297,3.152,1.075
3298,2.957,1.075
3299,2.737,1.075
3300,2.532,1.075
3301,2.361,1.075
3302,2.317,1.075
3303,2.346,1.075
3304,2.410,1.075
3305,2.424,1.075
3306,2.385,1.075
3307,2.326,1.070
3308,2.273,1.070
3309,2.219,1.070
3310,2.190,1.070
3311,2.190,1.070
3312,2.385,1.065
3313,2.820,1.065
3314,3.167,1.065
3315,3.226,1.061
3316,3.069,1.061
3317,2.840,1.061
3318,2.630,1.056
3319,2.444,1.056
3320,2.326,1.051
3321,2.312,1.051
3322,2.356,1.046
3323,2.410,1.046
3324,2.410,1.041
3325,2.366,1.036
3326,2.302,1.036
3327,2.248,1.031
3328,2.214,1.031
3329,2.199,1.026
3330,2.175,1.022
3331,2.165,1.017
3332,2.356,1.017
3333,2.791,1.012
3334,3.167,1.007
3335,3.260,1.007
3336,3.104,1.002
3337,2.869,1.002
3338,2.659,0.997
3339,2.463,0.992
3340,2.331,0.992
3341,2.287,0.987
3342,2.331,0.987
3343,2.380,0.982
3344,2.385,0.982
3345,2.336,0.978
3346,2.273,0.978
3347,2.214,0.973
3348,2.185,0.973
3349,2.165,0.968
3350,2.155,0.968
3351,2.155,0.968
3352,2.146,0.963
3353,2.146,0.963
3354,2.287,0.963
3355,2.693,0.963
3356,3.099,0.963
3357,3.236,0.958
3358,3.084,0.963
3359,2.854,0.958
3360,2.659,0.958
3361,2.493,0.963
3362,2.366,0.958
3363,2.322,0.963
3364,2.351,0.963
3365,2.390,0.963
3366,2.395,0.963
3367,2.366,0.963
3368,2.307,0.968
3369,2.248,0.968
3370,2.209,0.968
3371,2.180,0.968
3372,2.165,0.973
3373,2.160,0.973
3374,2.160,0.973
3375,2.155,0.978
3376,2.151,0.978
3377,2.234,0.978
3378,2.556,0.978
3379,2.972,0.982
3380,3.187,0.982
3381,3.143,0.982
3382,2.952,0.987
3383,2.742,0.987
3384,2.561,0.987
3385,2.414,0.987
3386,2.341,0.987
3387,2.346,0.987
3388,2.390,0.987
3389,2.414,0.987
3390,2.395,0.987
3391,2.346,0.987
3392,2.297,0.987
3393,2.248,0.987
3394,2.224,0.987
3395,2.209,0.987
3396,2.204,0.987
3397,2.199,0.987
3398,2.190,0.982
3399,2.175,0.982
3400,2.160,0.982
3401,2.185,0.982
3402,2.434,0.982
3403,2.869,0.982
3404,3.187,0.982
3405,3.226,0.982
3406,3.050,0.982
3407,2.830,0.982
3408,2.630,0.982
3409,2.468,0.982
3410,2.370,0.982
3411,2.366,0.982
3412,2.434,0.982
3413,2.473,0.982
3414,2.458,0.987
3415,2.410,0.987
3416,2.351,0.987
3417,2.307,0.987
3418,2.273,0.987
3419,2.248,0.987
3420,2.239,0.992
3421,2.219,0.992
3422,2.209,0.992
3423,2.199,0.992
3424,2.185,0.997
3425,2.180,0.997
3426,2.312,0.997
3427,2.693,1.002
3428,3.104,1.002
3429,3.280,1.002
3430,3.192,1.007
3431,2.977,1.007
3432,2.771,1.007
3433,2.590,1.012
3434,2.454,1.012
3435,2.400,1.012
3436,2.429,1.017
3437,2.483,1.017
3438,2.488,1.017
3439,2.454,1.022
3440,2.400,1.022
3441,2.341,1.026
3442,2.297,1.026
3443,2.268,1.026
3444,2.253,1.031
3445,2.234,1.031
3446,2.219,1.036
3447,2.204,1.036
3448,2.199,1.036
3449,2.190,1.041
3450,2.317,1.041
3451,2.688,1.046
3452,3.094,1.046
3453,3.280,1.051
3454,3.182,1.051
3455,2.962,1.056
3456,2.747,1.056
3457,2.566,1.056
3458,2.434,1.061
3459,2.390,1.061
3460,2.424,1.061
3461,2.483,1.065
3462,2.498,1.065
3463,2.449,1.070
3464,2.380,1.070
3465,2.322,1.075
3466,2.283,1.075
3467,2.258,1.075
3468,2.243,1.080
3469,2.239,1.080
3470,2.229,1.080
3471,2.209,1.085
3472,2.278,1.085
3473,2.586,1.085
3474,3.001,1.090
3475,3.231,1.090
3476,3.182,1.090
3477,2.967,1.095
3478,2.737,1.095
3479,2.537,1.095
3480,2.400,1.100
3481,2.361,1.100
3482,2.410,1.100
3483,2.478,1.105
3484,2.493,1.105
3485,2.449,1.105
3486,2.390,1.105
3487,2.336,1.109
3488,2.307,1.109
3489,2.287,1.109
3490,2.268,1.109
3491,2.248,1.114
3492,2.268,1.114
3493,2.512,1.114
3494,2.923,1.114
3495,3.211,1.119
3496,3.240,1.119
3497,3.060,1.119
3498,2.825,1.119
3499,2.625,1.124
3500,2.463,1.124
3501,2.390,1.124
3502,2.390,1.124
3503,2.449,1.124
3504,2.483,1.129
3505,2.454,1.129
3506,2.390,1.129
3507,2.331,1.129
3508,2.297,1.129
3509,2.273,1.129
3510,2.258,1.134
3511,2.234,1.134
3512,2.297,1.134
3513,2.615,1.134
3514,3.045,1.139
3515,3.289,1.139
3516,3.240,1.139
3517,3.030,1.139
3518,2.805,1.139
3519,2.610,1.139
3520,2.449,1.144
3521,2.375,1.144
3522,2.395,1.144
3523,2.458,1.144
3524,2.483,1.144
3525,2.449,1.144
3526,2.375,1.144
3527,2.312,1.149
3528,2.273,1.149
3529,2.253,1.149
3530,2.239,1.149
3531,2.219,1.149
3532,2.297,1.149
3533,2.644,1.149
3534,3.074,1.153
3535,3.284,1.153
3536,3.216,1.153
3537,2.996,1.153
3538,2.776,1.153
3539,2.590,1.153
3540,2.454,1.153
3541,2.400,1.153
3542,2.429,1.153
3543,2.468,1.153
3544,2.473,1.158
3545,2.424,1.158
3546,2.356,1.158
3547,2.297,1.158
3548,2.263,1.158
3549,2.243,1.158
3550,2.224,1.158
3551,2.209,1.158
3552,2.185,1.158
3553,2.307,1.158
3554,2.698,1.158
3555,3.104,1.158
3556,3.260,1.158
3557,3.113,1.158
3558,2.884,1.158
3559,2.683,1.158
3560,2.512,1.158
3561,2.400,1.158
3562,2.375,1.158
3563,2.419,1.158
3564,2.458,1.158
3565,2.449,1.158
3566,2.400,1.158
3567,2.336,1.158
3568,2.283,1.153
3569,2.243,1.153
3570,2.224,1.153
3571,2.199,1.153
3572,2.185,1.153
3573,2.175,1.149
3574,2.165,1.149
3575,2.165,1.149
3576,2.322,1.144
3577,2.727,1.144
3578,3.104,1.144
3579,3.211,1.144
3580,3.079,1.139
3581,2.869,1.139
3582,2.678,1.139
3583,2.522,1.134
3584,2.419,1.134
3585,2.385,1.134
3586,2.424,1.134
3587,2.458,1.129
3588,2.458,1.129
3589,2.419,1.129
3590,2.356,1.129
3591,2.297,1.129
3592,2.248,1.124
3593,2.224,1.124
3594,2.219,1.124
3595,2.219,1.124
3596,2.214,1.124
3597,2.204,1.124
3598,2.283,1.124
3599,2.600,1.119
3600,2.991,1.119
3601,3.182,1.119
3602,3.104,1.119
3603,2.903,1.119
3604,2.703,1.119
3605,2.527,1.119
3606,2.400,1.119
3607,2.366,1.119
3608,2.405,1.119
3609,2.458,1.119
3610,2.463,1.119
3611,2.419,1.119
3612,2.361,1.119
3613,2.307,1.119
3614,2.268,1.119
3615,2.253,1.124
3616,2.239,1.124
3617,2.229,1.124
3618,2.546,1.124
3619,2.937,1.124
3620,3.162,1.124
3621,3.143,1.124
3622,2.957,1.129
3623,2.757,1.129
3624,2.590,1.129
3625,2.454,1.129
3626,2.390,1.129
3627,2.414,1.129
3628,2.463,1.129
3629,2.488,1.134
3630,2.468,1.134
3631,2.410,1.134
3632,2.346,1.134
3633,2.297,1.134
3634,2.268,1.134
3635,2.253,1.134
3636,2.243,1.134
3637,2.234,1.134
3638,2.214,1.134
3639,2.243,1.134
3640,2.517,1.134
3641,2.937,1.134
3642,3.216,1.129
3643,3.226,1.129
3644,3.050,1.129
3645,2.854,1.124
3646,2.703,1.124
3647,2.551,1.124
3648,2.463,1.119
3649,2.449,1.119
3650,2.483,1.114
3651,2.507,1.114
3652,2.498,1.109
3653,2.444,1.105
3654,2.380,1.105
3655,2.322,1.100
3656,2.283,1.100
3657,2.263,1.095
3658,2.253,1.090
3659,2.248,1.085
3660,2.239,1.080
3661,2.209,1.080
3662,2.283,1.075
3663,2.615,1.070
3664,3.069,1.065
3665,3.338,1.061
3666,3.309,1.061
3667,3.118,1.056
3668,2.893,1.051
3669,2.708,1.046
3670,2.546,1.041
3671,2.439,1.036
3672,2.444,1.031
3673,2.488,1.031
3674,2.522,1.026
3675,2.488,1.022
3676,2.424,1.022
3677,2.361,1.017
3678,2.307,1.017
3679,2.283,1.012
3680,2.263,1.007
3681,2.263,1.007
3682,2.263,1.002
3683,2.253,1.002
3684,2.239,1.002
3685,2.219,0.997
3686,2.322,0.997
3687,2.703,0.997
3688,3.192,0.997
3689,3.456,0.997
3690,3.402,0.997
3691,3.177,0.992
3692,2.933,0.992
3693,2.727,0.992
3694,2.566,0.992
3695,2.483,0.992
3696,2.488,0.992
3697,2.551,0.992
3698,2.581,0.992
3699,2.546,0.992
3700,2.468,0.997
3701,2.400,0.997
3702,2.351,0.997
3703,2.317,0.997
3704,2.307,0.997
3705,2.292,1.002
3706,2.278,1.002
3707,2.239,1.002
3708,2.239,1.007
3709,2.458,1.007
3710,2.947,1.007
3711,3.368,1.012
3712,3.460,1.012
3713,3.284,1.017
3714,3.021,1.017
3715,2.791,1.017
3716,2.581,1.022
3717,2.454,1.022
3718,2.454,1.026
3719,2.527,1.026
3720,2.581,1.026
3721,2.571,1.031
3722,2.493,1.036
3723,2.414,1.036
3724,2.341,1.036
3725,2.302,1.041
3726,2.278,1.041
3727,2.253,1.046
3728,2.239,1.046
3729,2.380,1.051
3730,2.810,1.051
3731,3.270,1.056
3732,3.441,1.056
3733,3.314,1.056
3734,3.045,1.061
3735,2.796,1.061
3736,2.590,1.065
3737,2.444,1.065
3738,2.405,1.065
3739,2.444,1.070
3740,2.512,1.070
3741,2.512,1.070
3742,2.444,1.075
3743,2.356,1.075
3744,2.263,1.080
3745,2.224,1.080
3746,2.209,1.080
3747,2.199,1.085
3748,2.185,1.085
3749,2.204,1.085
3750,2.478,1.090
3751,2.996,1.090
3752,3.377,1.090
3753,3.412,1.095
3754,3.201,1.095
3755,2.937,1.095
3756,2.708,1.100
3757,2.532,1.100
3758,2.410,1.100
3759,2.390,1.105
3760,2.449,1.105
3761,2.507,1.105
3762,2.493,1.105
3763,2.419,1.105
3764,2.331,1.109
3765,2.263,1.109
3766,2.224,1.109
3767,2.204,1.109
3768,2.199,1.109
3769,2.190,1.114
3770,2.170,1.114
3771,2.297,1.114
3772,2.747,1.114
3773,3.240,1.114
3774,3.441,1.114
3775,3.314,1.114
3776,3.045,1.114
3777,2.796,1.114
3778,2.595,1.114
3779,2.429,1.114
3780,2.356,1.114
3781,2.375,1.114
3782,2.419,1.114
3783,2.434,1.109
3784,2.390,1.109
3785,2.307,1.109
3786,2.239,1.105
3787,2.195,1.105
3788,2.170,1.105
3789,2.170,1.105
3790,2.165,1.100
3791,2.146,1.100
3792,2.131,1.100
3793,2.278,1.095
3794,2.722,1.095
3795,3.177,1.095
3796,3.328,1.090
3797,3.182,1.090
3798,2.908,1.085
3799,2.683,1.085
3800,2.507,1.080
3801,2.370,1.080
3802,2.326,1.080
3803,2.375,1.080
3804,2.429,1.075
3805,2.439,1.075
3806,2.385,1.070
3807,2.317,1.070
3808,2.258,1.070
3809,2.224,1.070
3810,2.204,1.065
3811,2.190,1.065
3812,2.165,1.065
3813,2.180,1.061
3814,2.429,1.061
3815,2.884,1.061
3816,3.196,1.061
3817,3.196,1.061
3818,2.981,1.061
3819,2.742,1.061
3820,2.551,1.061
3821,2.400,1.061
3822,2.317,1.061
3823,2.322,1.056
3824,2.375,1.061
3825,2.410,1.056
3826,2.395,1.061
3827,2.331,1.061
3828,2.258,1.061
3829,2.204,1.061
3830,2.170,1.061
3831,2.160,1.061
3832,2.160,1.061
3833,2.146,1.061
3834,2.146,1.061
3835,2.346,1.061
3836,2.791,1.061
3837,3.162,1.065
3838,3.250,1.065
3839,3.094,1.065
3840,2.869,1.065
3841,2.669,1.070
3842,2.473,1.070
3843,2.341,1.070
3844,2.312,1.070
3845,2.351,1.075
3846,2.400,1.075
3847,2.405,1.075
3848,2.346,1.075
3849,2.292,1.080
3850,2.234,1.080
3851,2.199,1.080
3852,2.180,1.085
3853,2.160,1.085
3854,2.146,1.085
3855,2.121,1.085
3856,2.185,1.090
3857,2.527,1.090
3858,2.972,1.090
3859,3.211,1.095
3860,3.162,1.095
3861,2.962,1.095
3862,2.757,1.100
3863,2.590,1.100
3864,2.434,1.100
3865,2.346,1.105
3866,2.341,1.105
3867,2.385,1.105
3868,2.410,1.105
3869,2.375,1.105
3870,2.297,1.109
3871,2.248,1.109
3872,2.209,1.109
3873,2.180,1.114
3874,2.160,1.114
3875,2.155,1.114
3876,2.146,1.114
3877,2.131,1.119
3878,2.243,1.119
3879,2.615,1.119
3880,3.021,1.119
3881,3.177,1.124
3882,3.069,1.124
3883,2.864,1.124
3884,2.674,1.124
3885,2.512,1.124
3886,2.385,1.124
3887,2.336,1.124
3888,2.370,1.124
3889,2.429,1.124
3890,2.449,1.124
3891,2.405,1.124
3892,2.331,1.124
3893,2.268,1.124
3894,2.234,1.124
3895,2.209,1.124
3896,2.190,1.124
3897,2.175,1.124
3898,2.151,1.124
3899,2.253,1.124
3900,2.610,1.124
3901,3.025,1.119
3902,3.201,1.119
3903,3.118,1.119
3904,2.908,1.119
3905,2.703,1.119
3906,2.527,1.114
3907,2.385,1.114
3908,2.336,1.114
3909,2.356,1.114
3910,2.414,1.109
3911,2.434,1.109
3912,2.395,1.109
3913,2.331,1.109
3914,2.273,1.109
3915,2.229,1.105
3916,2.204,1.105
3917,2.185,1.105
3918,2.175,1.105
3919,2.160,1.100
3920,2.180,1.100
3921,2.419,1.100
3922,2.864,1.100
3923,3.216,1.100
3924,3.270,1.100
3925,3.109,1.095
3926,2.884,1.095
3927,2.674,1.095
3928,2.502,1.095
3929,2.400,1.095
3930,2.380,1.095
3931,2.419,1.095
3932,2.458,1.095
3933,2.434,1.095
3934,2.370,1.090
3935,2.307,1.090
3936,2.263,1.090
3937,2.229,1.090
3938,2.204,1.090
3939,2.185,1.090
3940,2.180,1.090
3941,2.165,1.090
3942,2.170,1.090
3943,2.366,1.090
3944,2.801,1.090
3945,3.196,1.095
3946,3.319,1.095
3947,3.182,1.095
3948,2.957,1.095
3949,2.752,1.095
3950,2.576,1.095
3951,2.444,1.095
3952,2.400,1.095
3953,2.419,1.095
3954,2.458,1.100
3955,2.463,1.100
3956,2.414,1.100
3957,2.346,1.100
3958,2.283,1.100
3959,2.248,1.100
3960,2.214,1.105
3961,2.190,1.105
3962,2.175,1.105
3963,2.165,1.105
3964,2.151,1.105
3965,2.297,1.109
3966,2.713,1.109
3967,3.138,1.109
3968,3.299,1.109
3969,3.192,1.114
3970,2.957,1.114
3971,2.747,1.114
3972,2.581,1.114
3973,2.444,1.114
3974,2.400,1.119
3975,2.434,1.119
3976,2.478,1.119
3977,2.473,1.119
3978,2.429,1.119
3979,2.356,1.124
3980,2.297,1.124
3981,2.263,1.124
3982,2.248,1.124
3983,2.239,1.124
3984,2.219,1.129
3985,2.204,1.129
3986,2.341,1.129
3987,2.727,1.129
3988,3.148,1.134
3989,3.309,1.134
3990,3.196,1.134
3991,2.962,1.134
3992,2.752,1.134
3993,2.561,1.134
3994,2.439,1.139
3995,2.405,1.139
3996,2.458,1.139
3997,2.498,1.139
3998,2.488,1.139
3999,2.434,1.144
4000,2.370,1.144
4001,2.317,1.144
4002,2.278,1.144
4003,2.258,1.144
4004,2.248,1.144
4005,2.224,1.149
4006,2.258,1.149
4007,2.546,1.149
4008,3.001,1.149
4009,3.289,1.153
4010,3.284,1.153
4011,3.079,1.153
4012,2.849,1.153
4013,2.674,1.153
4014,2.507,1.153
4015,2.400,1.153
4016,2.395,1.158
4017,2.449,1.158
4018,2.478,1.158
4019,2.454,1.158
4020,2.385,1.158
4021,2.312,1.158
4022,2.263,1.158
4023,2.239,1.163
4024,2.224,1.163
4025,2.219,1.163
4026,2.195,1.163
4027,2.175,1.163
4028,2.317,1.163
4029,2.737,1.163
4030,3.172,1.168
4031,3.343,1.168
4032,3.236,1.168
4033,3.011,1.168
4034,2.791,1.168
4035,2.605,1.168
4036,2.454,1.168
4037,2.390,1.168
4038,2.405,1.173
4039,2.458,1.173
4040,2.473,1.173
4041,2.439,1.173
4042,2.385,1.173
4043,2.317,1.173
4044,2.273,1.173
4045,2.243,1.173
4046,2.229,1.173
4047,2.219,1.178
4048,2.195,1.178
4049,2.170,1.178
4050,2.234,1.178
4051,2.581,1.178
4052,3.030,1.178
4053,3.275,1.178
4054,3.221,1.183
4055,3.006,1.183
4056,2.786,1.183
4057,2.610,1.183
4058,2.449,1.183
4059,2.366,1.183
4060,2.370,1.183
4061,2.419,1.183
4062,2.449,1.183
4063,2.419,1.183
4064,2.361,1.188
4065,2.292,1.188
4066,2.243,1.188
4067,2.209,1.188
4068,2.185,1.188
4069,2.180,1.188
4070,2.170,1.188
4071,2.155,1.188
4072,2.239,1.188
4073,2.590,1.188
4074,3.011,1.193
4075,3.206,1.193
4076,3.123,1.193
4077,2.913,1.193
4078,2.708,1.193
4079,2.537,1.193
4080,2.410,1.193
4081,2.356,1.193
4082,2.390,1.193
4083,2.449,1.193
4084,2.458,1.197
4085,2.419,1.197
4086,2.356,1.197
4087,2.292,1.197
4088,2.248,1.197
4089,2.219,1.197
4090,2.209,1.197
4091,2.199,1.197
4092,2.204,1.197
4093,2.405,1.197
4094,2.810,1.197
4095,3.128,1.197
4096,3.177,1.202
4097,3.016,1.202
4098,2.781,1.202
4099,2.590,1.202
4100,2.429,1.202
4101,2.351,1.202
4102,2.361,1.202
4103,2.419,1.202
4104,2.444,1.202
4105,2.419,1.202
4106,2.361,1.202
4107,2.302,1.207
4108,2.263,1.207
4109,2.239,1.207
4110,2.229,1.207
4111,2.224,1.207
4112,2.199,1.207
4113,2.219,1.207
4114,2.454,1.207
4115,2.884,1.207
4116,3.206,1.207
4117,3.245,1.207
4118,3.084,1.207
4119,2.874,1.207
4120,2.693,1.212
4121,2.532,1.212
4122,2.429,1.212
4123,2.400,1.212
4124,2.429,1.212
4125,2.449,1.212
4126,2.424,1.212
4127,2.366,1.212
4128,2.307,1.212
4129,2.263,1.212
4130,2.234,1.212
4131,2.214,1.212
4132,2.199,1.212
4133,2.175,1.217
4134,2.146,1.217
4135,2.204,1.217
4136,2.522,1.217
4137,2.967,1.217
4138,3.231,1.217
4139,3.206,1.217
4140,3.021,1.217
4141,2.810,1.217
4142,2.630,1.217
4143,2.478,1.217
4144,2.390,1.217
4145,2.370,1.217
4146,2.400,1.217
4147,2.429,1.217
4148,2.414,1.217
4149,2.366,1.217
4150,2.302,1.217
4151,2.258,1.217
4152,2.224,1.217
4153,2.199,1.217
4154,2.180,1.217
4155,2.165,1.217
4156,2.151,1.217
4157,2.175,1.217
4158,2.414,1.217
4159,2.825,1.217
4160,3.133,1.217
4161,3.162,1.217
4162,2.996,1.217
4163,2.786,1.212
4164,2.610,1.212
4165,2.468,1.212
4166,2.370,1.217
4167,2.356,1.212
4168,2.395,1.212
4169,2.419,1.212
4170,2.400,1.212
4171,2.346,1.212
4172,2.283,1.212
4173,2.224,1.212
4174,2.195,1.212
4175,2.185,1.212
4176,2.180,1.212
4177,2.165,1.212
4178,2.141,1.212
4179,2.195,1.212
4180,2.483,1.212
4181,2.874,1.217
4182,3.079,1.217
4183,3.001,1.217
4184,2.805,1.217
4185,2.615,1.217
4186,2.458,1.217
4187,2.351,1.217
4188,2.317,1.217
4189,2.356,1.217
4190,2.410,1.217
4191,2.419,1.217
4192,2.380,1.217
4193,2.312,1.217
4194,2.263,1.217
4195,2.239,1.217
4196,2.219,1.217
4197,2.209,1.217
4198,2.180,1.217
4199,2.214,1.217
4200,2.458,1.222
4201,2.820,1.222
4202,3.035,1.222
4203,3.011,1.222
4204,2.845,1.222
4205,2.654,1.222
4206,2.493,1.222
4207,2.366,1.222
4208,2.307,1.222
4209,2.322,1.222
4210,2.370,1.222
4211,2.395,1.222
4212,2.370,1.222
4213,2.322,1.222
4214,2.273,1.222
4215,2.243,1.227
4216,2.224,1.227
4217,2.219,1.227
4218,2.204,1.227
4219,2.190,1.227
4220,2.287,1.227
4221,2.605,1.227
4222,2.942,1.227
4223,3.074,1.227
4224,2.996,1.227
4225,2.825,1.227
4226,2.634,1.227
4227,2.478,1.232
4228,2.366,1.232
4229,2.322,1.232
4230,2.351,1.232
4231,2.395,1.232
4232,2.395,1.232
4233,2.370,1.232
4234,2.322,1.232
4235,2.283,1.232
4236,2.243,1.232
4237,2.224,1.232
4238,2.209,1.232
4239,2.195,1.232
4240,2.170,1.232
4241,2.224,1.232
4242,2.488,1.232
4243,2.845,1.232
4244,3.055,1.232
4245,3.045,1.232
4246,2.898,1.237
4247,2.722,1.232
4248,2.551,1.232
4249,2.419,1.232
4250,2.351,1.232
4251,2.356,1.232
4252,2.400,1.232
4253,2.424,1.232
4254,2.410,1.232
4255,2.361,1.232
4256,2.322,1.232
4257,2.273,1.232
4258,2.243,1.227
4259,2.224,1.227
4260,2.209,1.227
4261,2.195,1.227
4262,2.185,1.227
4263,2.322,1.227
4264,2.664,1.222
4265,3.001,1.222
4266,3.113,1.222
4267,3.021,1.222
4268,2.835,1.222
4269,2.678,1.222
4270,2.537,1.217
4271,2.424,1.217
4272,2.385,1.217
4273,2.414,1.217
4274,2.458,1.217
4275,2.468,1.217
4276,2.429,1.212
4277,2.370,1.212
4278,2.322,1.212
4279,2.287,1.212
4280,2.278,1.212
4281,2.263,1.212
4282,2.243,1.212
4283,2.283,1.212
4284,2.546,1.207
4285,2.933,1.207
4286,3.201,1.207
4287,3.216,1.207
4288,3.055,1.207
4289,2.845,1.207
4290,2.644,1.207
4291,2.483,1.207
4292,2.400,1.207
4293,2.419,1.207
4294,2.478,1.207
4295,2.507,1.207
4296,2.468,1.207
4297,2.400,1.207
4298,2.331,1.207
4299,2.287,1.207
4300,2.273,1.207
4301,2.263,1.207
4302,2.243,1.207
4303,2.234,1.207
4304,2.424,1.207
4305,2.864,1.207
4306,3.255,1.212
4307,3.372,1.212
4308,3.240,1.212
4309,3.021,1.212
4310,2.820,1.212
4311,2.634,1.212
4312,2.498,1.212
4313,2.458,1.212
4314,2.493,1.212
4315,2.532,1.212
4316,2.517,1.212
4317,2.458,1.212
4318,2.390,1.212
4319,2.326,1.212
4320,2.283,1.212
4321,2.258,1.217
4322,2.239,1.217
4323,2.224,1.217
4324,2.214,1.217
4325,2.439,1.217
4326,2.908,1.217
4327,3.309,1.217
4328,3.412,1.222
4329,3.265,1.222
4330,3.025,1.222
4331,2.805,1.222
4332,2.600,1.222
4333,2.454,1.222
4334,2.414,1.222
4335,2.454,1.222
4336,2.507,1.222
4337,2.507,1.222
4338,2.449,1.222
4339,2.366,1.222
4340,2.302,1.227
4341,2.253,1.227
4342,2.229,1.227
4343,2.219,1.227
4344,2.209,1.227
4345,2.190,1.227
4346,2.195,1.227
4347,2.400,1.227
4348,2.854,1.227
4349,3.250,1.227
4350,3.353,1.232
4351,3.196,1.232
4352,2.923,1.232
4353,2.713,1.232
4354,2.507,1.232
4355,2.395,1.232
4356,2.375,1.232
4357,2.410,1.232
4358,2.444,1.232
4359,2.424,1.232
4360,2.366,1.232
4361,2.292,1.232
4362,2.239,1.237
4363,2.204,1.237
4364,2.190,1.237
4365,2.175,1.237
4366,2.170,1.237
4367,2.165,1.237
4368,2.151,1.237
4369,2.151,1.237
4370,2.326,1.237
4371,2.752,1.237
4372,3.138,1.237
4373,3.255,1.237
4374,3.128,1.237
4375,2.458,1.241
4376,2.370,1.241
4377,2.361,1.241
4378,2.400,1.241
4379,2.434,1.241
4380,2.424,1.241
4381,2.375,1.241
4382,2.312,1.241
4383,2.268,1.241
4384,2.239,1.241
4385,2.214,1.241
4386,2.199,1.241
4387,2.185,1.241
4388,2.170,1.241
4389,2.151,1.241
4390,2.195,1.246
4391,2.473,1.246
4392,2.879,1.246
4393,3.118,1.246
4394,3.104,1.246
4395,2.928,1.246
4396,2.717,1.246
4397,2.542,1.246
4398,2.395,1.251
4399,2.326,1.246
4400,2.351,1.251
4401,2.410,1.251
4402,2.449,1.251
4403,2.419,1.251
4404,2.361,1.251
4405,2.297,1.251
4406,2.243,1.251
4407,2.209,1.251
4408,2.195,1.251
4409,2.195,1.251
4410,2.190,1.251
4411,2.175,1.251
4412,2.234,1.251
4413,2.507,1.251
4414,2.889,1.251
4415,3.104,1.251
4416,3.074,1.251
4417,2.903,1.251
4418,2.727,1.251
4419,2.561,1.251
4420,2.424,1.256
4421,2.356,1.256
4422,2.361,1.256
4423,2.410,1.256
4424,2.434,1.256
4425,2.410,1.256
4426,2.361,1.256
4427,2.307,1.256
4428,2.263,1.256
4429,2.239,1.256
4430,2.229,1.256
4431,2.224,1.256
4432,2.209,1.256
4433,2.199,1.256
4434,2.263,1.256
4435,2.551,1.256
4436,2.928,1.256
4437,3.128,1.261
4438,3.094,1.261
4439,2.898,1.261
4440,2.722,1.261
4441,2.561,1.261
4442,2.424,1.261
4443,2.380,1.261
4444,2.410,1.261
4445,2.458,1.261
4446,2.468,1.261
4447,2.429,1.261
4448,2.370,1.261
4449,2.317,1.261
4450,2.283,1.261
4451,2.263,1.261
4452,2.243,1.261
4453,2.224,1.261
4454,2.209,1.261
4455,2.209,1.261
4456,2.317,1.261
4457,2.644,1.261
4458,2.996,1.266
4459,3.157,1.266
4460,3.069,1.266
4461,2.889,1.266
4462,2.713,1.266
4463,2.546,1.266
4464,2.424,1.266
4465,2.380,1.266
4466,2.419,1.266
4467,2.468,1.266
4468,2.478,1.266
4469,2.434,1.266
4470,2.375,1.266
4471,2.326,1.266
4472,2.297,1.266
4473,2.292,1.266
4474,2.278,1.266
4475,2.253,1.266
4476,2.263,1.266
4477,2.439,1.266
4478,2.835,1.266
4479,3.084,1.271
4480,3.104,1.271
4481,2.967,1.271
4482,2.791,1.271
4483,2.630,1.271
4484,2.493,1.271
4485,2.424,1.271
4486,2.429,1.271
4487,2.463,1.271
4488,2.478,1.271
4489,2.449,1.271
4490,2.395,1.271
4491,2.356,1.271
4492,2.312,1.271
4493,2.268,1.271
4494,2.229,1.271
4495,2.199,1.271
4496,2.380,1.271
4497,2.742,1.271
4498,3.050,1.271
4499,3.152,1.271
4500,3.030,1.271
4501,2.840,1.271
4502,2.659,1.271
4503,2.498,1.276
4504,2.395,1.276
4505,2.370,1.276
4506,2.414,1.276
4507,2.454,1.276
4508,2.439,1.276
4509,2.390,1.276
4510,2.336,1.276
4511,2.287,1.276
4512,2.258,1.276
4513,2.234,1.276
4514,2.214,1.276
4515,2.297,1.276
4516,2.595,1.276
4517,2.967,1.276
4518,3.162,1.276
4519,3.123,1.276
4520,2.952,1.276
4521,2.761,1.276
4522,2.586,1.276
4523,2.449,1.276
4524,2.380,1.276
4525,2.390,1.276
4526,2.429,1.276
4527,2.449,1.276
4528,2.424,1.276
4529,2.366,1.276
4530,2.312,1.276
4531,2.273,1.276
4532,2.239,1.276
4533,2.229,1.276
4534,2.341,1.276
4535,2.659,1.276
4536,2.986,1.281
4537,3.109,1.281
4538,3.016,1.281
4539,2.830,1.281
4540,2.664,1.281
4541,2.502,1.281
4542,2.400,1.281
4543,2.375,1.281
4544,2.414,1.281
4545,2.449,1.281
4546,2.429,1.276
4547,2.385,1.281
4548,2.336,1.276
4549,2.297,1.276
4550,2.258,1.276
4551,2.239,1.276
4552,2.366,1.276
4553,2.732,1.276
4554,3.021,1.276
4555,3.084,1.276
4556,2.967,1.271
4557,2.781,1.271
4558,2.600,1.271
4559,2.439,1.271
4560,2.356,1.266
4561,2.361,1.266
4562,2.414,1.266
4563,2.429,1.261
4564,2.410,1.261
4565,2.356,1.261
4566,2.297,1.256
4567,2.263,1.256
4568,2.224,1.256
4569,2.219,1.251
4570,2.370,1.251
4571,2.698,1.251
4572,2.981,1.246
4573,3.050,1.246
4574,2.913,1.241
4575,2.717,1.241
4576,2.532,1.237
4577,2.366,1.237
4578,2.287,1.232
4579,2.287,1.232
4580,2.331,1.232
4581,2.351,1.227
4582,2.331,1.227
4583,2.297,1.222
4584,2.263,1.222
4585,2.239,1.217
4586,2.214,1.217
4587,2.229,1.217
4588,2.434,1.212
4589,2.766,1.212
4590,2.977,1.207
4591,2.967,1.207
4592,2.796,1.207
4593,2.600,1.202
4594,2.429,1.202
4595,2.322,1.202
4596,2.297,1.197
4597,2.351,1.197
4598,2.400,1.197
4599,2.405,1.197
4600,2.366,1.193
4601,2.307,1.193
4602,2.258,1.193
4603,2.209,1.193
4604,2.239,1.188
4605,2.483,1.188
4606,2.835,1.188
4607,3.060,1.188
4608,3.060,1.188
4609,2.903,1.188
4610,2.698,1.188
4611,2.512,1.188
4612,2.385,1.188
4613,2.341,1.188
4614,2.375,1.188
4615,2.424,1.188
4616,2.429,1.188
4617,2.390,1.188
4618,2.341,1.188
4619,2.283,1.188
4620,2.234,1.188
4621,2.248,1.188
4622,2.463,1.188
4623,2.845,1.188
4624,3.104,1.188
4625,3.118,1.188
4626,2.972,1.188
4627,2.761,1.188
4628,2.581,1.188
4629,2.434,1.188
4630,2.366,1.188
4631,2.375,1.188
4632,2.410,1.188
4633,2.419,1.188
4634,2.395,1.188
4635,2.356,1.183
4636,2.312,1.183
4637,2.273,1.183
4638,2.253,1.178
4639,2.434,1.178
4640,2.796,1.173
4641,3.099,1.173
4642,3.167,1.168
4643,3.025,1.163
4644,2.830,1.158
4645,2.630,1.153
4646,2.458,1.149
4647,2.370,1.144
4648,2.375,1.139
4649,2.419,1.129
4650,2.439,1.124
4651,2.405,1.114
4652,2.336,1.105
4653,2.283,1.100
4654,2.234,1.090
4655,2.195,1.080
4656,2.190,1.070
4657,2.375,1.061
4658,2.747,1.051
4659,3.045,1.041
4660,3.109,1.031
4661,2.962,1.022
4662,2.761,1.012
4663,2.576,1.002
4664,2.410,0.992
4665,2.326,0.982
4666,2.322,0.973
4667,2.370,0.963
4668,2.390,0.953
4669,2.361,0.943
4670,2.322,0.934
4671,2.278,0.924
4672,2.243,0.914
4673,2.229,0.909
4674,2.346,0.899
4675,2.678,0.890
4676,3.045,0.885
4677,3.187,0.875
4678,3.099,0.870
4679,2.903,0.860
4680,2.703,0.855
4681,2.507,0.846
4682,2.375,0.841
4683,2.346,0.836
4684,2.405,0.831
4685,2.454,0.826
4686,2.454,0.826
4687,2.405,0.821
4688,2.346,0.821
4689,2.302,0.816
4690,2.258,0.816
4691,2.317,0.811
4692,2.634,0.811
4693,3.074,0.811
4694,3.333,0.811
4695,3.289,0.811
4696,3.084,0.811
4697,2.874,0.811
4698,2.664,0.811
4699,2.507,0.811
4700,2.439,0.811
4701,2.468,0.811
4702,2.517,0.811
4703,2.522,0.811
4704,2.473,0.816
4705,2.405,0.816
4706,2.341,0.821
4707,2.287,0.821
4708,2.273,0.821
4709,2.493,0.826
4710,2.952,0.826
4711,3.324,0.831
4712,3.412,0.831
4713,3.250,0.836
4714,3.016,0.836
4715,2.791,0.841
4716,2.581,0.841
4717,2.449,0.846
4718,2.439,0.846
4719,2.493,0.846
4720,2.532,0.850
4721,2.517,0.850
4722,2.454,0.850
4723,2.385,0.850
4724,2.322,0.850
4725,2.287,0.850
4726,2.273,0.850
4727,2.493,0.850
4728,2.977,0.850
4729,3.402,0.850
4730,3.504,0.846
4731,3.333,0.846
4732,3.050,0.841
4733,2.796,0.841
4734,2.571,0.836
4735,2.429,0.831
4736,2.414,0.826
4737,2.473,0.826
4738,2.498,0.821
4739,2.458,0.816
4740,2.380,0.811
4741,2.297,0.806
4742,2.229,0.802
4743,2.190,0.797
4744,2.151,0.792
4745,2.175,0.792
4746,2.468,0.787
4747,2.972,0.787
4748,3.304,0.782
4749,3.299,0.782
4750,3.084,0.777
4751,2.835,0.777
4752,2.551,0.772
4753,2.366,0.772
4754,2.283,0.772
4755,2.326,0.767
4756,2.400,0.767
4757,2.424,0.767
4758,2.366,0.767
4759,2.283,0.762
4760,2.209,0.762
4761,2.185,0.762
4762,2.160,0.762
4763,2.131,0.762
4764,2.160,0.762
4765,2.478,0.767
4766,2.981,0.767
4767,3.294,0.767
4768,3.275,0.767
4769,3.069,0.767
4770,2.830,0.767
4771,2.610,0.772
4772,2.405,0.772
4773,2.297,0.772
4774,2.307,0.777
4775,2.370,0.777
4776,2.405,0.777
4777,2.370,0.782
4778,2.297,0.782
4779,2.239,0.787
4780,2.209,0.787
4781,2.180,0.792
4782,2.136,0.792
4783,2.146,0.797
4784,2.419,0.797
4785,2.889,0.802
4786,3.226,0.806
4787,3.260,0.806
4788,3.089,0.811
4789,2.869,0.816
4790,2.654,0.816
4791,2.439,0.821
4792,2.307,0.826
4793,2.287,0.831
4794,2.341,0.836
4795,2.385,0.836
4796,2.361,0.841
4797,2.297,0.846
4798,2.224,0.850
4799,2.175,0.855
4800,2.146,0.860
4801,2.136,0.865
4802,2.116,0.865
4803,2.116,0.870
4804,2.336,0.875
4805,2.796,0.880
4806,3.187,0.885
4807,3.280,0.890
4808,3.133,0.890
4809,2.869,0.894
4810,2.659,0.899
4811,2.458,0.904
4812,2.322,0.904
4813,2.287,0.909
4814,2.326,0.914
4815,2.380,0.919
4816,2.375,0.919
4817,2.322,0.924
4818,2.248,0.924
4819,2.185,0.929
4820,2.160,0.929
4821,2.146,0.934
4822,2.131,0.934
4823,2.121,0.938
4824,2.107,0.938
4825,2.151,0.943
4826,2.444,0.948
4827,2.898,0.948
4828,3.196,0.953
4829,3.216,0.953
4830,3.045,0.953
4831,2.830,0.958
4832,2.634,0.958
4833,2.458,0.963
4834,2.341,0.963
4835,2.312,0.963
4836,2.351,0.968
4837,2.385,0.968
4838,2.361,0.968
4839,2.302,0.973
4840,2.239,0.973
4841,2.185,0.973
4842,2.160,0.978
4843,2.151,0.978
4844,2.136,0.978
4845,2.126,0.982
4846,2.126,0.982
4847,2.126,0.982
4848,2.116,0.987
4849,2.102,0.987
4850,2.199,0.987
4851,2.566,0.992
4852,3.001,0.992
4853,3.240,0.997
4854,3.196,0.997
4855,2.986,0.997
4856,2.761,0.997
4857,2.566,1.002
4858,2.405,1.002
4859,2.322,1.002
4860,2.322,1.002
4861,2.370,1.007
4862,2.405,1.007
4863,2.385,1.007
4864,2.331,1.012
4865,2.273,1.012
4866,2.219,1.012
4867,2.199,1.012
4868,2.180,1.017
4869,2.160,1.017
4870,2.146,1.017
4871,2.141,1.017
4872,2.141,1.022
4873,2.141,1.022
4874,2.136,1.022
4875,2.283,1.026
4876,2.649,1.026
4877,3.011,1.026
4878,3.152,1.026
4879,3.040,1.031
4880,2.840,1.031
4881,2.639,1.031
4882,2.473,1.031
4883,2.356,1.036
4884,2.322,1.036
4885,2.351,1.036
4886,2.400,1.036
4887,2.419,1.041
4888,2.380,1.041
4889,2.322,1.041
4890,2.273,1.041
4891,2.243,1.046
4892,2.219,1.046
4893,2.214,1.046
4894,2.204,1.046
4895,2.190,1.046
4896,2.160,1.051
4897,2.175,1.051
4898,2.390,1.051
4899,2.776,1.051
4900,3.089,1.056
4901,3.157,1.056
4902,3.025,1.056
4903,2.815,1.056
4904,2.625,1.056
4905,2.454,1.061
4906,2.351,1.061
4907,2.346,1.061
4908,2.405,1.061
4909,2.458,1.061
4910,2.449,1.065
4911,2.410,1.065
4912,2.346,1.065
4913,2.302,1.065
4914,2.258,1.065
4915,2.239,1.065
4916,2.224,1.065
4917,2.219,1.070
4918,2.209,1.070
4919,2.185,1.070
4920,2.199,1.070
4921,2.414,1.070
4922,2.835,1.075
4923,3.206,1.075
4924,3.260,1.075
4925,3.109,1.075
4926,2.903,1.075
4927,2.717,1.075
4928,2.556,1.080
4929,2.439,1.080
4930,2.414,1.080
4931,2.449,1.080
4932,2.493,1.080
4933,2.483,1.080
4934,2.424,1.080
4935,2.361,1.085
4936,2.307,1.085
4937,2.273,1.085
4938,2.253,1.085
4939,2.243,1.085
4940,2.234,1.085
4941,2.219,1.085
4942,2.190,1.090
4943,2.209,1.090
4944,2.439,1.090
4945,2.869,1.090
4946,3.216,1.090
4947,3.299,1.090
4948,3.152,1.090
4949,2.933,1.090
4950,2.742,1.095
4951,2.571,1.095
4952,2.454,1.095
4953,2.405,1.095
4954,2.439,1.095
4955,2.483,1.095
4956,2.468,1.100
4957,2.410,1.100
4958,2.336,1.100
4959,2.278,1.100
4960,2.243,1.100
4961,2.214,1.100
4962,2.190,1.100
4963,2.185,1.100
4964,2.185,1.100
4965,2.160,1.105
4966,2.160,1.105
4967,2.307,1.105
4968,2.693,1.105
4969,3.089,1.105
4970,3.265,1.105
4971,3.187,1.105
4972,2.991,1.105
4973,2.791,1.109
4974,2.620,1.109
4975,2.463,1.109
4976,2.380,1.109
4977,2.380,1.109
4978,2.424,1.109
4979,2.434,1.109
4980,2.395,1.109
4981,2.341,1.114
4982,2.297,1.114
4983,2.258,1.114
4984,2.239,1.114
4985,2.224,1.114
4986,2.209,1.114
4987,2.195,1.114
4988,2.175,1.114
4989,2.160,1.114
4990,2.317,1.119
4991,2.698,1.119
4992,3.079,1.119
4993,3.226,1.119
4994,3.123,1.119
4995,2.913,1.119
4996,2.683,1.119
4997,2.522,1.119
4998,2.400,1.119
4999,2.370,1.124
5000,2.429,1.124
5001,2.483,1.124
5002,2.493,1.124
5003,2.449,1.124
5004,2.395,1.124
5005,2.341,1.124
5006,2.297,1.124
5007,2.263,1.124
5008,2.258,1.124
5009,2.243,1.124
5010,2.229,1.129
5011,2.336,1.129
5012,2.669,1.129
5013,3.050,1.129
5014,3.240,1.129
5015,3.182,1.129
5016,3.001,1.129
5017,2.805,1.129
5018,2.639,1.129
5019,2.493,1.134
5020,2.424,1.134
5021,2.439,1.134
5022,2.493,1.134
5023,2.517,1.134
5024,2.473,1.134
5025,2.400,1.134
5026,2.341,1.134
5027,2.297,1.134
5028,2.273,1.134
5029,2.263,1.134
5030,2.253,1.134
5031,2.234,1.134
5032,2.209,1.139
5033,2.209,1.139
5034,2.370,1.139
5035,2.761,1.139
5036,3.138,1.139
5037,3.284,1.139
5038,3.216,1.139
5039,3.035,1.139
5040,2.849,1.139
5041,2.688,1.139
5042,2.542,1.139
5043,2.458,1.144
5044,2.458,1.144
5045,2.493,1.144
5046,2.507,1.144
5047,2.468,1.144
5048,2.395,1.144
5049,2.331,1.144
5050,2.287,1.144
5051,2.263,1.144
5052,2.239,1.144
5053,2.219,1.144
5054,2.214,1.149
5055,2.199,1.149
5056,2.185,1.149
5057,2.248,1.149
5058,2.527,1.149
5059,2.928,1.149
5060,3.182,1.149
5061,3.182,1.149
5062,3.016,1.149
5063,2.815,1.149
5064,2.664,1.149
5065,2.502,1.149
5066,2.419,1.153
5067,2.414,1.153
5068,2.454,1.153
5069,2.478,1.153
5070,2.444,1.153
5071,2.375,1.153
5072,2.297,1.153
5073,2.248,1.153
5074,2.229,1.153
5075,2.234,1.153
5076,2.239,1.153
5077,2.234,1.153
5078,2.219,1.153
5079,2.190,1.158
5080,2.263,1.153
5081,2.561,1.158
5082,2.952,1.158
5083,3.167,1.158
5084,3.138,1.158
5085,2.981,1.158
5086,2.805,1.158
5087,2.654,1.158
5088,2.517,1.158
5089,2.429,1.158
5090,2.429,1.158
5091,2.468,1.158
5092,2.493,1.163
5093,2.444,1.163
5094,2.375,1.163
5095,2.312,1.163
5096,2.278,1.163
5097,2.253,1.163
5098,2.239,1.163
5099,2.219,1.163
5100,2.204,1.163
5101,2.322,1.163
5102,2.649,1.163
5103,3.001,1.163
5104,3.167,1.163
5105,3.089,1.168
5106,2.913,1.168
5107,2.742,1.168
5108,2.590,1.168
5109,2.458,1.168
5110,2.395,1.168
5111,2.395,1.168
5112,2.439,1.168
5113,2.454,1.168
5114,2.414,1.168
5115,2.361,1.168
5116,2.307,1.168
5117,2.268,1.168
5118,2.248,1.168
5119,2.234,1.168
5120,2.209,1.168
5121,2.185,1.168
5122,2.361,1.168
5123,2.727,1.168
5124,3.074,1.168
5125,3.206,1.168
5126,3.113,1.168
5127,2.937,1.168
5128,2.766,1.168
5129,2.605,1.163
5130,2.468,1.163
5131,2.405,1.163
5132,2.424,1.163
5133,2.463,1.163
5134,2.468,1.163
5135,2.419,1.163
5136,2.356,1.158
5137,2.302,1.158
5138,2.273,1.158
5139,2.248,1.158
5140,2.239,1.158
5141,2.229,1.158
5142,2.214,1.158
5143,2.199,1.158
5144,2.331,1.153
5145,2.683,1.153
5146,3.045,1.153
5147,3.187,1.153
5148,3.099,1.153
5149,2.913,1.153
5150,2.722,1.153
5151,2.576,1.153
5152,2.454,1.153
5153,2.405,1.153
5154,2.414,1.153
5155,2.444,1.153
5156,2.449,1.153
5157,2.414,1.149
5158,2.351,1.149
5159,2.302,1.149
5160,2.253,1.149
5161,2.234,1.149
5162,2.224,1.149
5163,2.214,1.149
5164,2.204,1.149
5165,2.190,1.149
5166,2.263,1.149
5167,2.566,1.149
5168,2.937,1.149
5169,3.138,1.153
5170,3.089,1.153
5171,2.913,1.153
5172,2.737,1.153
5173,2.590,1.149
5174,2.468,1.153
5175,2.395,1.153
5176,2.395,1.153
5177,2.434,1.153
5178,2.468,1.153
5179,2.434,1.153
5180,2.375,1.153
5181,2.307,1.153
5182,2.258,1.153
5183,2.243,1.153
5184,2.239,1.153
5185,2.219,1.153
5186,2.195,1.153
5187,2.234,1.153
5188,2.478,1.158
5189,2.859,1.158
5190,3.118,1.158
5191,3.133,1.158
5192,2.996,1.158
5193,2.830,1.158
5194,2.688,1.158
5195,2.546,1.158
5196,2.434,1.158
5197,2.395,1.158
5198,2.424,1.158
5199,2.468,1.163
5200,2.463,1.163
5201,2.410,1.163
5202,2.351,1.163
5203,2.297,1.163
5204,2.268,1.163
5205,2.248,1.163
5206,2.239,1.163
5207,2.214,1.163
5208,2.199,1.163
5209,2.268,1.163
5210,2.566,1.163
5211,2.972,1.163
5212,3.216,1.168
5213,3.211,1.168
5214,3.065,1.168
5215,2.889,1.168
5216,2.747,1.168
5217,2.595,1.168
5218,2.473,1.168
5219,2.424,1.168
5220,2.439,1.168
5221,2.478,1.168
5222,2.468,1.168
5223,2.410,1.168
5224,2.351,1.168
5225,2.302,1.168
5226,2.263,1.168
5227,2.243,1.168
5228,2.234,1.173
5229,2.229,1.173
5230,2.219,1.173
5231,2.199,1.173
5232,2.204,1.173
5233,2.414,1.173
5234,2.830,1.173
5235,3.192,1.173
5236,3.289,1.173
5237,3.143,1.173
5238,2.928,1.173
5239,2.742,1.173
5240,2.581,1.173
5241,2.439,1.173
5242,2.385,1.173
5243,2.395,1.173
5244,2.444,1.178
5245,2.463,1.178
5246,2.419,1.178
5247,2.351,1.178
5248,2.278,1.178
5249,2.224,1.178
5250,2.195,1.178
5251,2.190,1.178
5252,2.195,1.178
5253,2.195,1.178
5254,2.180,1.178
5255,2.190,1.178
5256,2.405,1.178
5257,3.201,1.183
5258,3.035,1.183
5259,2.849,1.183
5260,2.703,1.183
5261,2.556,1.183
5262,2.473,1.183
5263,2.458,1.183
5264,2.512,1.183
5265,2.546,1.183
5266,2.532,1.183
5267,2.454,1.183
5268,2.380,1.183
5269,2.322,1.183
5270,2.292,1.183
5271,2.268,1.183
5272,2.248,1.188
5273,2.219,1.188
5274,2.219,1.188
5275,2.410,1.188
5276,2.805,1.188
5277,3.177,1.188
5278,3.304,1.188
5279,3.187,1.188
5280,2.996,1.188
5281,2.810,1.188
5282,2.634,1.188
5283,2.468,1.188
5284,2.385,1.188
5285,2.390,1.188
5286,2.434,1.193
5287,2.454,1.193
5288,2.429,1.193
5289,2.370,1.193
5290,2.312,1.193
5291,2.263,1.193
5292,2.243,1.193
5293,2.224,1.193
5294,2.214,1.193
5295,2.204,1.193
5296,2.185,1.193
5297,2.292,1.193
5298,2.669,1.193
5299,3.099,1.193
5300,3.333,1.193
5301,3.294,1.197
5302,3.089,1.197
5303,2.879,1.197
5304,2.717,1.197
5305,2.566,1.197
5306,2.463,1.197
5307,2.429,1.197
5308,2.454,1.197
5309,2.468,1.197
5310,2.449,1.197
5311,2.380,1.197
5312,2.317,1.197
5313,2.268,1.197
5314,2.234,1.197
5315,2.209,1.197
5316,2.195,1.197
5317,2.195,1.197
5318,2.180,1.197
5319,2.165,1.202
5320,2.268,1.197
5321,2.678,1.202
5322,3.079,1.202
5323,3.260,1.202
5324,3.182,1.202
5325,2.977,1.202
5326,2.776,1.202
5327,2.605,1.202
5328,2.454,1.202
5329,2.366,1.202
5330,2.366,1.202
5331,2.424,1.202
5332,2.463,1.202
5333,2.439,1.202
5334,2.370,1.202
5335,2.312,1.202
5336,2.263,1.202
5337,2.239,1.202
5338,2.234,1.207
5339,2.219,1.207
5340,2.204,1.202
5341,2.317,1.207
5342,2.664,1.207
5343,3.060,1.207
5344,3.260,1.207
5345,3.192,1.207
5346,2.981,1.207
5347,2.776,1.207
5348,2.605,1.207
5349,2.439,1.207
5350,2.366,1.207
5351,2.385,1.207
5352,2.439,1.207
5353,2.458,1.207
5354,2.419,1.207
5355,2.346,1.207
5356,2.292,1.207
5357,2.258,1.207
5358,2.243,1.207
5359,2.234,1.207
5360,2.204,1.207
5361,2.214,1.207
5362,2.439,1.207
5363,2.864,1.212
5364,3.216,1.212
5365,3.284,1.212
5366,3.133,1.207
5367,2.903,1.207
5368,2.708,1.207
5369,2.537,1.207
5370,2.414,1.207
5371,2.370,1.207
5372,2.395,1.207
5373,2.434,1.207
5374,2.429,1.202
5375,2.385,1.202
5376,2.326,1.202
5377,2.283,1.202
5378,2.243,1.202
5379,2.229,1.197
5380,2.204,1.197
5381,2.180,1.197
5382,2.283,1.197
5383,2.630,1.193
5384,3.021,1.193
5385,3.206,1.193
5386,3.138,1.193
5387,2.928,1.193
5388,2.713,1.188
5389,2.542,1.188
5390,2.400,1.188
5391,2.322,1.188
5392,2.326,1.183
5393,2.380,1.183
5394,2.410,1.183
5395,2.385,1.183
5396,2.317,1.178
5397,2.253,1.178
5398,2.204,1.178
5399,2.175,1.178
5400,2.165,1.178
5401,2.155,1.178
5402,2.126,1.178
5403,2.165,1.173
5404,2.419,1.173
5405,2.815,1.173
5406,3.084,1.173
5407,3.055,1.173
5408,2.874,1.173
5409,2.688,1.173
5410,2.532,1.173
5411,2.400,1.173
5412,2.322,1.173
5413,2.317,1.173
5414,2.366,1.173
5415,2.405,1.173
5416,2.390,1.173
5417,2.341,1.173
5418,2.283,1.173
5419,2.243,1.173
5420,2.224,1.173
5421,2.209,1.173
5422,2.185,1.173
5423,2.204,1.173
5424,2.414,1.173
5425,2.776,1.173
5426,3.025,1.173
5427,3.045,1.173
5428,2.889,1.173
5429,2.698,1.173
5430,2.527,1.173
5431,2.380,1.173
5432,2.297,1.173
5433,2.297,1.173
5434,2.341,1.173
5435,2.370,1.173
5436,2.346,1.173
5437,2.287,1.173
5438,2.219,1.173
5439,2.175,1.173
5440,2.165,1.173
5441,2.165,1.173
5442,2.146,1.178
5443,2.121,1.178
5444,2.204,1.178
5445,2.483,1.178
5446,2.815,1.178
5447,2.981,1.178
5448,2.928,1.178
5449,2.766,1.178
5450,2.610,1.178
5451,2.478,1.183
5452,2.366,1.183
5453,2.302,1.183
5454,2.302,1.183
5455,2.346,1.183
5456,2.361,1.183
5457,2.341,1.183
5458,2.302,1.183
5459,2.253,1.183
5460,2.224,1.183
5461,2.209,1.183
5462,2.190,1.188
5463,2.175,1.188
5464,2.160,1.188
5465,2.214,1.188
5466,2.458,1.188
5467,2.781,1.188
5468,2.977,1.188
5469,2.967,1.188
5470,2.835,1.193
5471,2.683,1.193
5472,2.542,1.193
5473,2.424,1.193
5474,2.370,1.193
5475,2.375,1.193
5476,2.410,1.193
5477,2.414,1.193
5478,2.385,1.193
5479,2.336,1.193
5480,2.292,1.193
5481,2.268,1.193
5482,2.253,1.197
5483,2.239,1.197
5484,2.229,1.197
5485,2.239,1.197
5486,2.429,1.197
5487,2.747,1.197
5488,2.981,1.197
5489,3.021,1.197
5490,2.913,1.197
5491,2.761,1.197
5492,2.590,1.197
5493,2.449,1.202
5494,2.375,1.202
5495,2.385,1.202
5496,2.429,1.202
5497,2.458,1.202
5498,2.458,1.202
5499,2.434,1.202
5500,2.390,1.202
5501,2.361,1.202
5502,2.331,1.202
5503,2.307,1.202
5504,2.268,1.202
5505,2.229,1.202
5506,2.219,1.207
5507,2.370,1.202
5508,2.732,1.207
5509,3.074,1.207
5510,3.201,1.207
5511,3.118,1.207
5512,2.952,1.207
5513,2.771,1.207
5514,2.625,1.207
5515,2.502,1.207
5516,2.449,1.207
5517,2.463,1.207
5518,2.493,1.212
5519,2.498,1.207
5520,2.449,1.207
5521,2.390,1.212
5522,2.341,1.212
5523,2.307,1.212
5524,2.278,1.212
5525,2.263,1.212
5526,2.243,1.212
5527,2.229,1.212
5528,2.224,1.212
5529,2.312,1.212
5530,2.615,1.212
5531,3.011,1.212
5532,3.236,1.212
5533,3.206,1.212
5534,3.035,1.212
5535,2.830,1.217
5536,2.644,1.212
5537,2.493,1.217
5538,2.419,1.217
5539,2.424,1.217
5540,2.473,1.217
5541,2.498,1.217
5542,2.473,1.217
5543,2.419,1.217
5544,2.356,1.217
5545,2.312,1.217
5546,2.273,1.217
5547,2.248,1.217
5548,2.229,1.217
5549,2.219,1.217
5550,2.204,1.217
5551,2.199,1.217
5552,2.336,1.217
5553,2.703,1.217
5554,3.094,1.222
5555,3.265,1.222
5556,3.167,1.222
5557,2.942,1.222
5558,2.717,1.222
5559,2.527,1.222
5560,2.400,1.222
5561,2.361,1.222
5562,2.414,1.222
5563,2.473,1.222
5564,2.483,1.222
5565,2.434,1.222
5566,2.366,1.222
5567,2.307,1.222
5568,2.268,1.222
5569,2.258,1.222
5570,2.243,1.222
5571,2.224,1.227
5572,2.214,1.227
5573,2.317,1.227
5574,2.659,1.227
5575,3.065,1.227
5576,3.270,1.227
5577,3.162,1.227
5578,2.908,1.227
5579,2.669,1.227
5580,2.483,1.227
5581,2.380,1.227
5582,2.385,1.227
5583,2.454,1.227
5584,2.512,1.227
5585,2.502,1.227
5586,2.439,1.227
5587,2.366,1.227
5588,2.302,1.227
5589,2.273,1.227
5590,2.258,1.227
5591,2.248,1.227
5592,2.224,1.227
5593,2.219,1.232
5594,2.429,1.232
5595,2.849,1.232
5596,3.231,1.232
5597,3.343,1.232
5598,3.206,1.232
5599,2.962,1.232
5600,2.737,1.232
5601,2.551,1.232
5602,2.434,1.232
5603,2.395,1.232
5604,2.439,1.232
5605,2.493,1.232
5606,2.488,1.232
5607,2.429,1.232
5608,2.366,1.232
5609,2.302,1.232
5610,2.258,1.232
5611,2.234,1.232
5612,2.214,1.232
5613,2.199,1.232
5614,2.258,1.237
5615,2.556,1.232
5616,2.977,1.237
5617,3.240,1.237
5618,3.211,1.237
5619,2.996,1.237
5620,2.742,1.237
5621,2.537,1.237
5622,2.385,1.237
5623,2.317,1.237
5624,2.331,1.237
5625,2.385,1.237
5626,2.419,1.237
5627,2.385,1.237
5628,2.322,1.237
5629,2.263,1.237
5630,2.224,1.237
5631,2.214,1.237
5632,2.209,1.237
5633,2.199,1.237
5634,2.180,1.237
5635,2.214,1.237
5636,2.478,1.237
5637,2.874,1.241
5638,3.133,1.241
5639,3.138,1.241
5640,2.952,1.241
5641,2.727,1.241
5642,2.551,1.241
5643,2.414,1.241
5644,2.346,1.241
5645,2.351,1.241
5646,2.395,1.241
5647,2.424,1.241
5648,2.414,1.241
5649,2.356,1.241
5650,2.297,1.241
5651,2.258,1.241
5652,2.239,1.241
5653,2.224,1.241
5654,2.199,1.241
5655,2.214,1.241
5656,2.410,1.241
5657,2.776,1.241
5658,3.055,1.241
5659,3.094,1.241
5660,2.942,1.241
5661,2.717,1.241
5662,2.507,1.241
5663,2.366,1.241
5664,2.312,1.241
5665,2.331,1.241
5666,2.385,1.241
5667,2.410,1.241
5668,2.385,1.241
5669,2.336,1.241
5670,2.292,1.241
5671,2.248,1.241
5672,2.224,1.241
5673,2.209,1.241
5674,2.185,1.241
5675,2.248,1.241
5676,2.532,1.241
5677,2.908,1.241
5678,3.123,1.241
5679,3.069,1.241
5680,2.869,1.241
5681,2.659,1.241
5682,2.473,1.246
5683,2.356,1.246
5684,2.307,1.246
5685,2.336,1.246
5686,2.395,1.246
5687,2.414,1.246
5688,2.375,1.246
5689,2.312,1.246
5690,2.248,1.246
5691,2.214,1.246
5692,2.199,1.246
5693,2.190,1.246
5694,2.180,1.246
5695,2.239,1.246
5696,2.493,1.246
5697,2.874,1.246
5698,3.118,1.246
5699,3.118,1.251
5700,2.952,1.251
5701,2.742,1.251
5702,2.551,1.246
5703,2.410,1.251
5704,2.346,1.251
5705,2.356,1.251
5706,2.410,1.251
5707,2.434,1.251
5708,2.419,1.251
5709,2.380,1.251
5710,2.326,1.251
5711,2.283,1.251
5712,2.263,1.251
5713,2.253,1.251
5714,2.234,1.251
5715,2.214,1.251
5716,2.258,1.251
5717,2.498,1.251
5718,2.840,1.251
5719,3.060,1.251
5720,3.001,1.251
5721,2.820,1.251
5722,2.630,1.251
5723,2.463,1.251
5724,2.366,1.251
5725,2.346,1.251
5726,2.390,1.251
5727,2.449,1.251
5728,2.463,1.251
5729,2.434,1.251
5730,2.380,1.251
5731,2.331,1.251
5732,2.292,1.251
5733,2.268,1.251
5734,2.243,1.256
5735,2.234,1.256
5736,2.351,1.256
5737,2.678,1.256
5738,3.001,1.256
5739,3.138,1.256
5740,3.055,1.256
5741,2.859,1.256
5742,2.659,1.256
5743,2.488,1.256
5744,2.385,1.256
5745,2.370,1.256
5746,2.414,1.256
5747,2.454,1.256
5748,2.449,1.256
5749,2.395,1.256
5750,2.346,1.256
5751,2.302,1.256
5752,2.283,1.256
5753,2.268,1.256
5754,2.248,1.256
5755,2.234,1.256
5756,2.380,1.261
5757,2.722,1.261
5758,3.055,1.261
5759,3.187,1.261
5760,3.094,1.261
5761,2.898,1.261
5762,2.698,1.261
5763,2.537,1.261
5764,2.424,1.261
5765,2.390,1.261
5766,2.434,1.261
5767,2.483,1.261
5768,2.483,1.261
5769,2.434,1.261
5770,2.370,1.261
5771,2.317,1.261
5772,2.283,1.261
5773,2.273,1.261
5774,2.263,1.261
5775,2.243,1.261
5776,2.239,1.261
5777,2.395,1.261
5778,2.761,1.261
5779,3.109,1.261
5780,3.236,1.261
5781,3.128,1.261
5782,2.928,1.261
5783,2.737,1.261
5784,2.581,1.261
5785,2.468,1.261
5786,2.434,1.261
5787,2.458,1.261
5788,2.493,1.261
5789,2.502,1.261
5790,2.468,1.261
5791,2.414,1.261
5792,2.361,1.261
5793,2.322,1.261
5794,2.292,1.261
5795,2.268,1.261
5796,2.243,1.261
5797,2.224,1.261
5798,2.209,1.261
5799,2.297,1.261
5800,2.615,1.261
5801,3.001,1.261
5802,3.206,1.261
5803,3.157,1.256
5804,2.957,1.256
5805,2.752,1.256
5806,2.576,1.256
5807,2.434,1.256
5808,2.385,1.256
5809,2.419,1.256
5810,2.488,1.256
5811,2.517,1.256
5812,2.473,1.256
5813,2.405,1.256
5814,2.346,1.256
5815,2.312,1.256
5816,2.287,1.256
5817,2.278,1.256
5818,2.248,1.256
5819,2.214,1.256
5820,2.268,1.256
5821,2.546,1.256
5822,2.928,1.256
5823,3.138,1.256
5824,3.123,1.256
5825,2.952,1.256
5826,2.737,1.256
5827,2.556,1.256
5828,2.414,1.256
5829,2.366,1.256
5830,2.395,1.256
5831,2.454,1.256
5832,2.468,1.256
5833,2.434,1.256
5834,2.380,1.256
5835,2.326,1.256
5836,2.297,1.256
5837,2.268,1.256
5838,2.258,1.256
5839,2.234,1.256
5840,2.209,1.256
5841,2.283,1.261
5842,2.571,1.256
5843,2.962,1.261
5844,3.201,1.261
5845,3.182,1.261
5846,3.006,1.261
5847,2.801,1.261
5848,2.639,1.261
5849,2.488,1.261
5850,2.405,1.261
5851,2.410,1.261
5852,2.458,1.261
5853,2.483,1.261
5854,2.454,1.261
5855,2.405,1.261
5856,2.351,1.261
5857,2.307,1.261
5858,2.278,1.261
5859,2.268,1.261
5860,2.258,1.261
5861,2.234,1.261
5862,2.224,1.261
5863,2.351,1.261
5864,2.703,1.261
5865,3.055,1.266
5866,3.196,1.266
5867,3.104,1.266
5868,2.908,1.266
5869,2.727,1.266
5870,2.566,1.266
5871,2.444,1.266
5872,2.400,1.266
5873,2.414,1.266
5874,2.454,1.266
5875,2.458,1.266
5876,2.419,1.266
5877,2.366,1.266
5878,2.322,1.266
5879,2.283,1.266
5880,2.258,1.266
5881,2.253,1.266
5882,2.243,1.266
5883,2.224,1.266
5884,2.199,1.266
5885,2.268,1.266
5886,2.571,1.266
5887,2.933,1.266
5888,3.123,1.266
5889,3.079,1.266
5890,2.889,1.266
5891,2.703,1.261
5892,2.537,1.261
5893,2.419,1.261
5894,2.390,1.261
5895,2.414,1.261
5896,2.458,1.261
5897,2.468,1.261
5898,2.429,1.261
5899,2.370,1.261
5900,2.312,1.256
5901,2.268,1.256
5902,2.248,1.256
5903,2.234,1.256
5904,2.229,1.256
5905,2.209,1.256
5906,2.229,1.251
5907,2.444,1.251
5908,2.791,1.251
5909,3.035,1.251
5910,3.065,1.251
5911,2.928,1.251
5912,2.747,1.251
5913,2.595,1.251
5914,2.468,1.251
5915,2.400,1.251
5916,2.395,1.246
5917,2.424,1.246
5918,2.444,1.246
5919,2.419,1.246
5920,2.366,1.246
5921,2.322,1.241
5922,2.302,1.241
5923,2.278,1.241
5924,2.253,1.241
5925,2.234,1.241
5926,2.209,1.241
5927,2.199,1.241
5928,2.268,1.241
5929,2.532,1.241
5930,2.874,1.241
5931,3.069,1.241
5932,3.060,1.241
5933,2.908,1.241
5934,2.722,1.241
5935,2.566,1.241
5936,2.444,1.241
5937,2.385,1.241
5938,2.395,1.241
5939,2.434,1.241
5940,2.454,1.241
5941,2.439,1.241
5942,2.385,1.241
5943,2.326,1.241
5944,2.263,1.241
5945,2.219,1.241
5946,2.190,1.241
5947,2.185,1.241
5948,2.185,1.241
5949,2.180,1.241
5950,2.195,1.241
5951,2.361,1.241
5952,2.674,1.241
5953,2.952,1.246
5954,3.040,1.246
5955,2.942,1.246
5956,2.771,1.246
5957,2.615,1.246
5958,2.473,1.246
5959,2.380,1.246
5960,2.361,1.246
5961,2.390,1.246
5962,2.429,1.251
5963,2.429,1.251
5964,2.400,1.251
5965,2.361,1.251
5966,2.322,1.251
5967,2.297,1.251
5968,2.292,1.251
5969,2.292,1.251
5970,2.273,1.251
5971,2.243,1.251
5972,2.263,1.251
5973,2.473,1.251
5974,2.805,1.251
5975,3.060,1.251
5976,3.055,1.251
5977,2.903,1.251
5978,2.727,1.251
5979,2.576,1.251
5980,2.449,1.256
5981,2.395,1.256
5982,2.414,1.256
5983,2.458,1.256
5984,2.483,1.256
5985,2.449,1.256
5986,2.390,1.256
5987,2.336,1.256
5988,2.297,1.256
5989,2.292,1.256
5990,2.287,1.256
5991,2.273,1.256
5992,2.253,1.256
5993,2.336,1.261
5994,2.634,1.261
5995,2.981,1.261
5996,3.167,1.261
5997,3.128,1.261
5998,2.957,1.261
5999,2.766,1.261
6000,2.605,1.261
6001,2.483,1.261
6002,2.434,1.261
6003,2.454,1.261
6004,2.502,1.261
6005,2.502,1.261
6006,2.458,1.261
6007,2.400,1.261
6008,2.351,1.261
6009,2.312,1.266
6010,2.292,1.266
6011,2.287,1.266
6012,2.273,1.266
6013,2.258,1.266
6014,2.307,1.266
6015,2.576,1.266
6016,2.967,1.266
6017,3.231,1.266
6018,3.245,1.266
6019,3.055,1.266
6020,2.849,1.266
6021,2.659,1.266
6022,2.502,1.266
6023,2.424,1.266
6024,2.439,1.266
6025,2.483,1.271
6026,2.502,1.266
6027,2.468,1.271
6028,2.410,1.271
6029,2.341,1.271
6030,2.292,1.271
6031,2.258,1.271
6032,2.253,1.271
6033,2.243,1.271
6034,2.229,1.271
6035,2.219,1.271
6036,2.317,1.266
6037,2.634,1.271
6038,3.001,1.266
6039,3.192,1.266
6040,3.138,1.266
6041,2.942,1.266
6042,2.727,1.266
6043,2.551,1.266
6044,2.424,1.266
6045,2.390,1.266
6046,2.410,1.266
6047,2.458,1.266
6048,2.473,1.266
6049,2.444,1.266
6050,2.390,1.266
6051,2.331,1.261
6052,2.287,1.261
6053,2.268,1.261
6054,2.258,1.261
6055,2.239,1.261
6056,2.224,1.261
6057,2.302,1.261
6058,2.571,1.261
6059,2.918,1.261
6060,3.104,1.261
6061,3.079,1.261
6062,2.903,1.261
6063,2.713,1.261
6064,2.546,1.256
6065,2.419,1.261
6066,2.375,1.256
6067,2.410,1.256
6068,2.444,1.256
6069,2.463,1.256
6070,2.439,1.256
6071,2.385,1.256
6072,2.336,1.256
6073,2.297,1.256
6074,2.263,1.256
6075,2.239,1.256
6076,2.204,1.256
6077,2.190,1.256
6078,2.297,1.256
6079,2.581,1.256
6080,2.879,1.256
6081,3.011,1.256
6082,2.947,1.256
6083,2.771,1.256
6084,2.615,1.256
6085,2.463,1.256
6086,2.375,1.256
6087,2.356,1.256
6088,2.395,1.256
6089,2.434,1.256
6090,2.429,1.261
6091,2.375,1.261
6092,2.322,1.261
6093,2.273,1.261
6094,2.243,1.261
6095,2.224,1.261
6096,2.209,1.261
6097,2.185,1.261
6098,2.195,1.261
6099,2.346,1.261
6100,2.649,1.261
6101,2.889,1.261
6102,2.947,1.261
6103,2.840,1.261
6104,2.678,1.261
6105,2.537,1.261
6106,2.414,1.261
6107,2.361,1.261
6108,2.361,1.261
6109,2.410,1.261
6110,2.449,1.266
6111,2.444,1.266
6112,2.414,1.266
6113,2.361,1.266
6114,2.322,1.266
6115,2.297,1.266
6116,2.278,1.266
6117,2.278,1.266
6118,2.434,1.266
6119,2.717,1.266
6120,2.937,1.266
6121,2.972,1.266
6122,2.854,1.266
6123,2.683,1.271
6124,2.537,1.266
6125,2.424,1.271
6126,2.375,1.271
6127,2.395,1.271
6128,2.454,1.271
6129,2.473,1.271
6130,2.454,1.271
6131,2.414,1.271
6132,2.370,1.271
6133,2.341,1.271
6134,2.307,1.271
6135,2.278,1.271
6136,2.312,1.271
6137,2.551,1.271
6138,2.874,1.271
6139,3.074,1.271
6140,3.065,1.276
6141,2.923,1.276
6142,2.766,1.271
6143,2.620,1.276
6144,2.502,1.276
6145,2.454,1.276
6146,2.483,1.276
6147,2.517,1.276
6148,2.502,1.276
6149,2.454,1.276
6150,2.395,1.276
6151,2.346,1.276
6152,2.312,1.276
6153,2.283,1.276
6154,2.287,1.276
6155,2.463,1.276
6156,2.801,1.276
6157,3.069,1.276
6158,3.133,1.281
6159,3.016,1.276
6160,2.854,1.276
6161,2.703,1.276
6162,2.561,1.281
6163,2.478,1.281
6164,2.473,1.281
6165,2.512,1.281
6166,2.542,1.281
6167,2.522,1.281
6168,2.458,1.281
6169,2.395,1.281
6170,2.341,1.281
6171,2.307,1.281
6172,2.292,1.281
6173,2.283,1.281
6174,2.385,1.281
6175,2.698,1.281
6176,3.025,1.281
6177,3.167,1.281
6178,3.118,1.281
6179,2.962,1.281
6180,2.801,1.281
6181,2.649,1.281
6182,2.522,1.281
6183,2.463,1.281
6184,2.473,1.281
6185,2.502,1.281
6186,2.498,1.281
6187,2.468,1.281
6188,2.414,1.281
6189,2.356,1.281
6190,2.317,1.281
6191,2.283,1.281
6192,2.263,1.281
6193,2.243,1.281
6194,2.229,1.281
6195,2.380,1.281
6196,2.722,1.281
6197,3.025,1.281
6198,3.118,1.281
6199,3.021,1.281
6200,2.854,1.281
6201,2.717,1.281
6202,2.571,1.281
6203,2.449,1.281
6204,2.419,1.281
6205,2.444,1.281
6206,2.473,1.281
6207,2.468,1.281
6208,2.419,1.281
6209,2.356,1.281
6210,2.297,1.281
6211,2.273,1.281
6212,2.263,1.281
6213,2.258,1.281
6214,2.248,1.281
6215,2.234,1.281
6216,2.204,1.281
6217,2.302,1.281
6218,2.586,1.281
6219,2.898,1.281
6220,3.045,1.281
6221,2.996,1.281
6222,2.859,1.281
6223,2.722,1.281
6224,2.586,1.281
6225,2.458,1.285
6226,2.400,1.281
6227,2.419,1.285
6228,2.458,1.285
6229,2.468,1.285
6230,2.444,1.285
6231,2.395,1.285
6232,2.351,1.285
6233,2.317,1.285
6234,2.302,1.285
6235,2.283,1.285
6236,2.278,1.285
6237,2.258,1.285
6238,2.248,1.285
6239,2.336,1.285
6240,2.586,1.285
6241,2.869,1.285
6242,2.996,1.285
6243,2.957,1.285
6244,2.835,1.285
6245,2.713,1.285
6246,2.600,1.285
6247,2.502,1.285
6248,2.439,1.285
6249,2.434,1.285
6250,2.463,1.285
6251,2.468,1.290
6252,2.429,1.290
6253,2.370,1.290
6254,2.312,1.290
6255,2.278,1.290
6256,2.258,1.290
6257,2.239,1.290
6258,2.229,1.290
6259,2.209,1.290
6260,2.195,1.290
6261,2.195,1.290
6262,2.258,1.290
6263,2.493,1.290
6264,2.796,1.290
6265,2.972,1.290
6266,2.972,1.290
6267,2.859,1.290
6268,2.727,1.290
6269,2.615,1.290
6270,2.502,1.290
6271,2.429,1.290
6272,2.429,1.290
6273,2.463,1.290
6274,2.478,1.295
6275,2.454,1.290
6276,2.414,1.295
6277,2.366,1.295
6278,2.331,1.295
6279,2.317,1.295
6280,2.307,1.295
6281,2.302,1.295
6282,2.278,1.295
6283,2.248,1.295
6284,2.278,1.295
6285,2.488,1.295
6286,2.796,1.295
6287,3.006,1.295
6288,3.021,1.295
6289,2.918,1.295
6290,2.786,1.295
6291,2.664,1.295
6292,2.537,1.295
6293,2.439,1.295
6294,2.424,1.295
6295,2.473,1.295
6296,2.502,1.295
6297,2.483,1.300
6298,2.439,1.295
6299,2.380,1.300
6300,2.341,1.300
6301,2.307,1.300
6302,2.287,1.300
6303,2.283,1.300
6304,2.263,1.300
6305,2.258,1.300
6306,2.380,1.300
6307,2.698,1.300
6308,3.040,1.300
6309,3.211,1.300
6310,3.182,1.300
6311,3.045,1.300
6312,2.898,1.300
6313,2.732,1.300
6314,2.586,1.300
6315,2.488,1.300
6316,2.478,1.300
6317,2.512,1.300
6318,2.532,1.300
6319,2.507,1.300
6320,2.458,1.300
6321,2.405,1.300
6322,2.361,1.300
6323,2.317,1.300
6324,2.283,1.300
6325,2.268,1.305
6326,2.253,1.305
6327,2.239,1.305
6328,2.239,1.305
6329,2.424,1.305
6330,2.830,1.305
6331,3.206,1.305
6332,3.353,1.305
6333,3.270,1.305
6334,3.109,1.305
6335,2.957,1.305
6336,2.801,1.305
6337,2.649,1.305
6338,2.561,1.305
6339,2.546,1.305
6340,2.581,1.305
6341,2.590,1.305
6342,2.551,1.305
6343,2.468,1.305
6344,2.385,1.305
6345,2.317,1.305
6346,2.268,1.305
6347,2.234,1.305
6348,2.214,1.305
6349,2.204,1.305
6350,2.195,1.305
6351,2.175,1.305
6352,2.199,1.305
6353,2.439,1.310
6354,2.893,1.310
6355,3.280,1.310
6356,3.397,1.310
6357,3.275,1.310
6358,3.055,1.310
6359,2.845,1.310
6360,2.659,1.310
6361,2.498,1.310
6362,2.429,1.310
6363,2.444,1.310
6364,2.498,1.310
6365,2.507,1.310
6366,2.458,1.310
6367,2.390,1.310
6368,2.317,1.310
6369,2.268,1.310
6370,2.243,1.310
6371,2.224,1.310
6372,2.204,1.310
6373,2.185,1.310
6374,2.199,1.310
6375,2.424,1.310
6376,2.879,1.310
6377,3.289,1.310
6378,3.431,1.315
6379,3.319,1.315
6380,3.094,1.315
6381,2.874,1.315
6382,2.674,1.315
6383,2.512,1.315
6384,2.454,1.315
6385,2.478,1.315
6386,2.537,1.315
6387,2.546,1.315
6388,2.498,1.315
6389,2.424,1.315
6390,2.356,1.315
6391,2.297,1.315
6392,2.263,1.315
6393,2.234,1.315
6394,2.204,1.315
6395,2.199,1.315
6396,2.395,1.315
6397,2.913,1.315
6398,3.280,1.315
6399,3.368,1.315
6400,3.226,1.315
6401,2.996,1.315
6402,2.766,1.315
6403,2.566,1.315
6404,2.419,1.315
6405,2.375,1.315
6406,2.414,1.320
6407,2.458,1.320
6408,2.458,1.320
6409,2.414,1.320
6410,2.351,1.320
6411,2.287,1.320
6412,2.243,1.320
6413,2.219,1.320
6414,2.209,1.320
6415,2.185,1.320
6416,2.170,1.320
6417,2.302,1.320
6418,2.698,1.320
6419,3.133,1.320
6420,3.333,1.320
6421,3.260,1.320
6422,3.025,1.320
6423,2.791,1.320
6424,2.590,1.320
6425,2.429,1.320
6426,2.361,1.320
6427,2.380,1.320
6428,2.439,1.320
6429,2.463,1.320
6430,2.414,1.320
6431,2.341,1.320
6432,2.268,1.320
6433,2.214,1.320
6434,2.180,1.320
6435,2.165,1.320
6436,2.165,1.320
6437,2.155,1.320
6438,2.151,1.320
6439,2.204,1.325
6440,2.502,1.325
6441,2.947,1.325
6442,3.240,1.325
6443,3.260,1.325
6444,3.060,1.325
6445,2.801,1.325
6446,2.590,1.325
6447,2.424,1.325
6448,2.341,1.325
6449,2.351,1.325
6450,2.410,1.325
6451,2.444,1.325
6452,2.429,1.325
6453,2.366,1.325
6454,2.307,1.325
6455,2.243,1.325
6456,2.199,1.325
6457,2.175,1.325
6458,2.160,1.325
6459,2.160,1.325
6460,2.160,1.325
6461,2.146,1.325
6462,2.146,1.325
6463,2.370,1.325
6464,2.796,1.329
6465,3.152,1.329
6466,3.236,1.329
6467,3.074,1.329
6468,2.825,1.329
6469,2.610,1.329
6470,2.439,1.329
6471,2.346,1.329
6472,2.351,1.329
6473,2.410,1.329
6474,2.463,1.329
6475,2.463,1.329
6476,2.410,1.329
6477,2.346,1.329
6478,2.292,1.329
6479,2.253,1.329
6480,2.229,1.329
6481,2.209,1.329
6482,2.199,1.329
6483,2.190,1.329
6484,2.170,1.329
6485,2.243,1.329
6486,2.571,1.329
6487,3.035,1.329
6488,3.221,1.329
6489,3.133,1.329
6490,2.898,1.329
6491,2.664,1.329
6492,2.463,1.329
6493,2.341,1.329
6494,2.317,1.329
6495,2.366,1.329
6496,2.439,1.329
6497,2.449,1.329
6498,2.410,1.329
6499,2.351,1.329
6500,2.292,1.329
6501,2.253,1.329
6502,2.229,1.329
6503,2.209,1.329
6504,2.190,1.334
6505,2.180,1.334
6506,2.170,1.334
6507,2.253,1.334
6508,2.576,1.334
6509,2.972,1.334
6510,3.192,1.334
6511,3.143,1.334
6512,2.937,1.334
6513,2.713,1.334
6514,2.532,1.334
6515,2.390,1.334
6516,2.341,1.334
6517,2.380,1.334
6518,2.439,1.334
6519,2.454,1.334
6520,2.424,1.334
6521,2.366,1.334
6522,2.302,1.334
6523,2.258,1.334
6524,2.234,1.334
6525,2.214,1.334
6526,2.204,1.334
6527,2.195,1.334
6528,2.170,1.334
6529,2.229,1.334
6530,2.527,1.334
6531,2.933,1.334
6532,3.177,1.334
6533,3.157,1.339
6534,2.977,1.339
6535,2.757,1.339
6536,2.576,1.339
6537,2.419,1.339
6538,2.346,1.339
6539,2.361,1.339
6540,2.419,1.339
6541,2.449,1.339
6542,2.434,1.339
6543,2.395,1.339
6544,2.341,1.339
6545,2.302,1.339
6546,2.283,1.339
6547,2.258,1.339
6548,2.248,1.339
6549,2.229,1.339
6550,2.219,1.339
6551,2.199,1.339
6552,2.263,1.339
6553,2.590,1.339
6554,2.952,1.339
6555,3.187,1.339
6556,3.157,1.339
6557,2.952,1.339
6558,2.737,1.339
6559,2.546,1.339
6560,2.410,1.339
6561,2.351,1.339
6562,2.366,1.339
6563,2.429,1.339
6564,2.463,1.339
6565,2.444,1.339
6566,2.395,1.339
6567,2.326,1.339
6568,2.283,1.339
6569,2.248,1.339
6570,2.239,1.344
6571,2.243,1.339
6572,2.229,1.339
6573,2.214,1.339
6574,2.204,1.344
6575,2.356,1.344
6576,2.717,1.344
6577,3.040,1.344
6578,3.128,1.344
6579,2.996,1.344
6580,2.781,1.344
6581,2.586,1.344
6582,2.439,1.344
6583,2.361,1.344
6584,2.370,1.344
6585,2.429,1.344
6586,2.483,1.344
6587,2.483,1.344
6588,2.424,1.344
6589,2.351,1.344
6590,2.307,1.344
6591,2.283,1.344
6592,2.268,1.344
6593,2.258,1.344
6594,2.234,1.344
6595,2.278,1.344
6596,2.556,1.344
6597,2.923,1.344
6598,3.138,1.344
6599,3.099,1.349
6600,2.898,1.344
6601,2.639,1.344
6602,2.458,1.349
6603,2.351,1.344
6604,2.341,1.349
6605,2.400,1.349
6606,2.454,1.349
6607,2.454,1.349
6608,2.410,1.349
6609,2.351,1.349
6610,2.297,1.349
6611,2.273,1.349
6612,2.253,1.349
6613,2.234,1.349
6614,2.214,1.349
6615,2.204,1.349
6616,2.375,1.349
6617,2.742,1.349
6618,3.079,1.349
6619,3.177,1.349
6620,3.055,1.349
6621,2.840,1.349
6622,2.644,1.349
6623,2.478,1.349
6624,2.375,1.349
6625,2.351,1.349
6626,2.380,1.349
6627,2.424,1.349
6628,2.419,1.349
6629,2.366,1.349
6630,2.307,1.349
6631,2.268,1.349
6632,2.248,1.349
6633,2.239,1.349
6634,2.214,1.349
6635,2.199,1.349
6636,2.322,1.349
6637,2.659,1.349
6638,3.006,1.349
6639,3.143,1.354
6640,3.040,1.354
6641,2.825,1.354
6642,2.630,1.354
6643,2.473,1.354
6644,2.370,1.354
6645,2.351,1.354
6646,2.400,1.354
6647,2.449,1.354
6648,2.449,1.354
6649,2.414,1.354
6650,2.341,1.354
6651,2.297,1.354
6652,2.268,1.354
6653,2.253,1.354
6654,2.234,1.354
6655,2.312,1.354
6656,2.605,1.354
6657,2.972,1.354
6658,3.177,1.354
6659,3.099,1.354
6660,2.898,1.354
6661,2.703,1.354
6662,2.527,1.354
6663,2.400,1.354
6664,2.385,1.354
6665,2.439,1.354
6666,2.483,1.354
6667,2.483,1.354
6668,2.434,1.354
6669,2.380,1.354
6670,2.331,1.354
6671,2.292,1.354
6672,2.268,1.354
6673,2.239,1.354
6674,2.297,1.354
6675,2.576,1.354
6676,2.962,1.359
6677,3.192,1.359
6678,3.172,1.359
6679,2.991,1.359
6680,2.786,1.359
6681,2.610,1.359
6682,2.473,1.359
6683,2.414,1.359
6684,2.429,1.359
6685,2.478,1.359
6686,2.493,1.359
6687,2.449,1.359
6688,2.385,1.359
6689,2.336,1.359
6690,2.302,1.359
6691,2.283,1.359
6692,2.263,1.359
6693,2.234,1.359
6694,2.273,1.359
6695,2.546,1.359
6696,2.928,1.359
6697,3.167,1.359
6698,3.162,1.359
6699,2.996,1.359
6700,2.805,1.359
6701,2.634,1.359
6702,2.493,1.359
6703,2.419,1.359
6704,2.419,1.359
6705,2.458,1.359
6706,2.478,1.359
6707,2.454,1.359
6708,2.405,1.359
6709,2.346,1.359
6710,2.307,1.359
6711,2.273,1.359
6712,2.258,1.359
6713,2.239,1.359
6714,2.209,1.359
6715,2.214,1.359
6716,2.449,1.359
6717,2.849,1.359
6718,3.148,1.359
6719,3.196,1.359
6720,3.045,1.359
6721,2.849,1.359
6722,2.678,1.359
6723,2.522,1.364
6724,2.419,1.364
6725,2.400,1.364
6726,2.444,1.364
6727,2.478,1.364
6728,2.463,1.364
6729,2.400,1.364
6730,2.322,1.364
6731,2.268,1.364
6732,2.253,1.364
6733,2.268,1.364
6734,2.278,1.364
6735,2.278,1.364
6736,2.253,1.364
6737,2.219,1.364
6738,2.292,1.364
6739,2.600,1.364
6740,2.977,1.364
6741,3.172,1.364
6742,3.143,1.364
6743,2.962,1.364
6744,2.771,1.364
6745,2.595,1.364
6746,2.454,1.364
6747,2.410,1.364
6748,2.444,1.364
6749,2.507,1.364
6750,2.517,1.364
6751,2.468,1.364
6752,2.395,1.364
6753,2.331,1.364
6754,2.292,1.364
6755,2.283,1.364
6756,2.273,1.364
6757,2.258,1.364
6758,2.253,1.364
6759,2.395,1.364
6760,2.742,1.364
6761,3.079,1.364
6762,3.211,1.369
6763,3.123,1.369
6764,2.913,1.369
6765,2.698,1.369
6766,2.512,1.369
6767,2.390,1.369
6768,2.375,1.369
6769,2.429,1.369
6770,2.478,1.369
6771,2.483,1.369
6772,2.424,1.369
6773,2.346,1.369
6774,2.278,1.369
6775,2.243,1.369
6776,2.224,1.369
6777,2.214,1.369
6778,2.234,1.369
6779,2.434,1.369
6780,2.815,1.369
6781,3.133,1.369
6782,3.206,1.369
6783,3.074,1.369
6784,2.864,1.369
6785,2.664,1.369
6786,2.507,1.369
6787,2.405,1.369
6788,2.390,1.369
6789,2.449,1.369
6790,2.483,1.369
6791,2.473,1.369
6792,2.419,1.369
6793,2.356,1.369
6794,2.302,1.369
6795,2.263,1.369
6796,2.239,1.369
6797,2.219,1.369
6798,2.204,1.369
6799,2.258,1.369
6800,2.805,1.369
6801,3.162,1.369
6802,3.275,1.369
6803,3.162,1.373
6804,2.947,1.369
6805,2.757,1.369
6806,2.581,1.373
6807,2.458,1.373
6808,2.414,1.369
6809,2.444,1.373
6810,2.493,1.373
6811,2.493,1.373
6812,2.454,1.373
6813,2.385,1.373
6814,2.326,1.373
6815,2.278,1.373
6816,2.239,1.373
6817,2.209,1.373
6818,2.190,1.373
6819,2.180,1.373
6820,2.199,1.373
6821,2.434,1.373
6822,2.854,1.373
6823,3.201,1.373
6824,3.275,1.373
6825,3.123,1.373
6826,2.908,1.373
6827,2.713,1.373
6828,2.546,1.373
6829,2.434,1.373
6830,2.400,1.373
6831,2.439,1.373
6832,2.483,1.373
6833,2.478,1.373
6834,2.424,1.373
6835,2.351,1.373
6836,2.278,1.373
6837,2.234,1.373
6838,2.204,1.373
6839,2.185,1.373
6840,2.175,1.373
6841,2.160,1.373
6842,2.146,1.373
6843,2.160,1.373
6844,2.405,1.373
6845,2.830,1.373
6846,3.143,1.373
6847,3.192,1.373
6848,3.025,1.378
6849,2.801,1.378
6850,2.610,1.378
6851,2.449,1.378
6852,2.356,1.378
6853,2.346,1.378
6854,2.395,1.378
6855,2.434,1.378
6856,2.414,1.378
6857,2.351,1.378
6858,2.297,1.378
6859,2.258,1.378
6860,2.243,1.378
6861,2.248,1.378
6862,2.243,1.378
6863,2.224,1.378
6864,2.239,1.378
6865,2.458,1.378
6866,2.835,1.378
6867,3.104,1.378
6868,3.118,1.378
6869,2.957,1.378
6870,2.761,1.378
6871,2.600,1.378
6872,2.449,1.378
6873,2.366,1.378
6874,2.361,1.378
6875,2.410,1.378
6876,2.444,1.378
6877,2.419,1.378
6878,2.366,1.378
6879,2.302,1.378
6880,2.268,1.378
6881,2.253,1.378
6882,2.243,1.378
6883,2.224,1.378
6884,2.204,1.378
6885,2.370,1.378
6886,2.742,1.378
6887,3.065,1.378
6888,3.172,1.378
6889,3.060,1.378
6890,2.869,1.378
6891,2.698,1.378
6892,2.542,1.378
6893,2.429,1.378
6894,2.390,1.378
6895,2.419,1.378
6896,2.458,1.383
6897,2.458,1.378
6898,2.414,1.383
6899,2.346,1.378
6900,2.287,1.383
6901,2.253,1.383
6902,2.239,1.383
6903,2.234,1.383
6904,2.219,1.383
6905,2.209,1.383
6906,2.361,1.383
6907,2.742,1.383
6908,3.104,1.383
6909,3.240,1.383
6910,3.143,1.383
6911,2.937,1.383
6912,2.752,1.383
6913,2.590,1.383
6914,2.429,1.383
6915,2.400,1.383
6916,2.434,1.383
6917,2.473,1.383
6918,2.463,1.383
6919,2.410,1.383
6920,2.346,1.383
6921,2.297,1.383
6922,2.263,1.383
6923,2.243,1.383
6924,2.239,1.383
6925,2.195,1.383
6926,2.283,1.383
6927,2.625,1.383
6928,3.060,1.383
6929,3.294,1.383
6930,3.260,1.388
6931,3.065,1.383
6932,2.859,1.383
6933,2.683,1.383
6934,2.537,1.383
6935,2.434,1.388
6936,2.434,1.388
6937,2.473,1.388
6938,2.502,1.388
6939,2.478,1.388
6940,2.414,1.388
6941,2.346,1.388
6942,2.297,1.388
6943,2.268,1.388
6944,2.248,1.388
6945,2.234,1.388
6946,2.224,1.388
6947,2.209,1.388
6948,2.209,1.388
6949,2.248,1.388
6950,2.507,1.388
6951,2.937,1.388
6952,3.280,1.388
6953,3.333,1.388
6954,3.143,1.388
6955,2.898,1.388
6956,2.708,1.388
6957,2.542,1.388
6958,2.434,1.388
6959,2.414,1.388
6960,2.449,1.388
6961,2.473,1.388
6962,2.458,1.388
6963,2.390,1.388
6964,2.322,1.388
6965,2.268,1.388
6966,2.239,1.388
6967,2.224,1.388
6968,2.214,1.388
6969,2.204,1.388
6970,2.199,1.388
6971,2.195,1.388
6972,2.185,1.388
6973,2.263,1.388
6974,2.595,1.388
6975,3.021,1.388
6976,3.245,1.393
6977,3.196,1.393
6978,2.977,1.393
6979,2.752,1.393
6980,2.571,1.393
6981,2.434,1.393
6982,2.380,1.393
6983,2.405,1.393
6984,2.458,1.393
6985,2.478,1.393
6986,2.439,1.393
6987,2.370,1.393
6988,2.297,1.393
6989,2.253,1.393
6990,2.224,1.393
6991,2.224,1.393
6992,2.234,1.393
6993,2.234,1.393
6994,2.219,1.393
6995,2.199,1.393
6996,2.287,1.393
6997,2.630,1.393
6998,3.035,1.393
6999,3.245,1.393
7000,3.152,1.393
7001,2.933,1.393
7002,2.717,1.393
7003,2.556,1.393
7004,2.444,1.393
7005,2.410,1.393
7006,2.449,1.393
7007,2.502,1.393
7008,2.512,1.393
7009,2.478,1.393
7010,2.414,1.393
7011,2.356,1.393
7012,2.312,1.393
7013,2.283,1.393
7014,2.253,1.393
7015,2.243,1.393
7016,2.229,1.393
7017,2.214,1.393
7018,2.204,1.393
7019,2.366,1.393
7020,2.757,1.393
7021,3.138,1.393
7022,3.280,1.398
7023,3.172,1.398
7024,2.957,1.398
7025,2.747,1.398
7026,2.581,1.393
7027,2.449,1.398
7028,2.405,1.398
7029,2.439,1.398
7030,2.493,1.398
7031,2.493,1.398
7032,2.444,1.398
7033,2.370,1.398
7034,2.302,1.398
7035,2.258,1.398
7036,2.229,1.398
7037,2.209,1.398
7038,2.190,1.398
7039,2.185,1.398
7040,2.165,1.398
7041,2.175,1.398
7042,2.370,1.398
7043,2.771,1.398
7044,3.118,1.398
7045,3.221,1.398
7046,3.089,1.398
7047,2.864,1.398
7048,2.659,1.398
7049,2.493,1.398
7050,2.385,1.398
7051,2.356,1.398
7052,2.410,1.398
7053,2.454,1.398
7054,2.463,1.398
7055,2.414,1.398
7056,2.336,1.398
7057,2.283,1.398
7058,2.263,1.398
7059,2.258,1.398
7060,2.248,1.398
7061,2.234,1.398
7062,2.209,1.398
7063,2.195,1.398
7064,2.317,1.398
7065,2.683,1.398
7066,3.060,1.398
7067,3.211,1.398
7068,3.109,1.403
7069,2.893,1.398
7070,2.693,1.403
7071,2.527,1.403
7072,2.410,1.403
7073,2.385,1.403
7074,2.434,1.403
7075,2.493,1.403
7076,2.493,1.403
7077,2.439,1.403
7078,2.375,1.403
7079,2.302,1.403
7080,2.258,1.403
7081,2.239,1.403
7082,2.229,1.403
7083,2.224,1.403
7084,2.209,1.403
7085,2.190,1.403
7086,2.297,1.403
7087,2.630,1.403
7088,3.006,1.403
7089,3.187,1.403
7090,3.113,1.403
7091,2.898,1.403
7092,2.683,1.403
7093,2.507,1.403
7094,2.380,1.403
7095,2.341,1.403
7096,2.366,1.403
7097,2.410,1.403
7098,2.424,1.403
7099,2.400,1.403
7100,2.346,1.403
7101,2.287,1.403
7102,2.253,1.403
7103,2.234,1.403
7104,2.219,1.403
7105,2.209,1.403
7106,2.199,1.403
7107,2.175,1.403
7108,2.209,1.403
7109,2.473,1.408
7110,2.893,1.403
7111,3.187,1.408
7112,3.211,1.408
7113,3.006,1.408
7114,2.796,1.408
7115,2.620,1.408
7116,2.478,1.408
7117,2.405,1.408
7118,2.414,1.408
7119,2.458,1.408
7120,2.493,1.408
7121,2.458,1.408
7122,2.395,1.408
7123,2.331,1.408
7124,2.297,1.408
7125,2.268,1.408
7126,2.248,1.408
7127,2.239,1.408
7128,2.229,1.408
7129,2.214,1.408
7130,2.258,1.408
7131,2.522,1.408
7132,2.918,1.408
7133,3.192,1.408
7134,3.192,1.408
7135,3.001,1.408
7136,2.776,1.408
7137,2.600,1.408
7138,2.458,1.408
7139,2.380,1.408
7140,2.380,1.408
7141,2.434,1.408
7142,2.458,1.408
7143,2.429,1.408
7144,2.375,1.408
7145,2.317,1.408
7146,2.263,1.408
7147,2.234,1.408
7148,2.209,1.408
7149,2.204,1.408
7150,2.195,1.408
7151,2.175,1.408
7152,2.199,1.408
7153,2.444,1.408
7154,2.845,1.408
7155,3.133,1.408
7156,3.152,1.408
7157,2.986,1.408
7158,2.766,1.408
7159,2.590,1.408
7160,2.449,1.408
7161,2.375,1.408
7162,2.370,1.408
7163,2.414,1.408
7164,2.454,1.408
7165,2.429,1.408
7166,2.356,1.408
7167,2.283,1.413
7168,2.243,1.413
7169,2.229,1.408
7170,2.214,1.413
7171,2.195,1.413
7172,2.165,1.413
7173,2.175,1.413
7174,2.375,1.413
7175,2.761,1.413
7176,3.079,1.413
7177,3.143,1.413
7178,2.977,1.413
7179,2.761,1.413
7180,2.590,1.413
7181,2.439,1.413
7182,2.366,1.413
7183,2.380,1.413
7184,2.434,1.413
7185,2.473,1.413
7186,2.454,1.413
7187,2.390,1.413
7188,2.326,1.413
7189,2.278,1.413
7190,2.258,1.413
7191,2.253,1.413
7192,2.234,1.413
7193,2.214,1.413
7194,2.263,1.413
7195,2.527,1.413
7196,2.903,1.413
7197,3.128,1.413
7198,3.099,1.413
7199,2.918,1.413
7200,2.722,1.413
7201,2.576,1.413
7202,2.458,1.413
7203,2.414,1.413
7204,2.424,1.413
7205,2.458,1.413
7206,2.468,1.413
7207,2.429,1.417
7208,2.370,1.417
7209,2.307,1.417
7210,2.263,1.413
7211,2.239,1.417
7212,2.229,1.413
7213,2.219,1.417
7214,2.209,1.417
7215,2.302,1.417
7216,2.605,1.417
7217,2.957,1.417
7218,3.128,1.417
7219,3.045,1.417
7220,2.869,1.417
7221,2.688,1.417
7222,2.522,1.417
7223,2.390,1.417
7224,2.331,1.417
7225,2.356,1.417
7226,2.405,1.417
7227,2.410,1.417
7228,2.356,1.417
7229,2.292,1.417
7230,2.248,1.417
7231,2.224,1.417
7232,2.209,1.417
7233,2.204,1.417
7234,2.195,1.417
7235,2.224,1.417
7236,2.444,1.417
7237,2.786,1.417
7238,3.035,1.417
7239,3.060,1.417
7240,2.903,1.417
7241,2.717,1.417
7242,2.561,1.417
7243,2.429,1.417
7244,2.366,1.417
7245,2.375,1.417
7246,2.429,1.417
7247,2.454,1.417
7248,2.439,1.417
7249,2.380,1.417
7250,2.326,1.417
7251,2.283,1.417
7252,2.248,1.417
7253,2.229,1.417
7254,2.224,1.417
7255,2.375,1.417
7256,2.703,1.417
7257,3.006,1.422
7258,3.104,1.422
7259,2.996,1.422
7260,2.810,1.422
7261,2.630,1.422
7262,2.478,1.422
7263,2.380,1.422
7264,2.366,1.422
7265,2.424,1.422
7266,2.473,1.422
7267,2.463,1.422
7268,2.414,1.422
7269,2.361,1.422
7270,2.312,1.422
7271,2.278,1.422
7272,2.258,1.422
7273,2.239,1.422
7274,2.258,1.422
7275,2.483,1.422
7276,2.869,1.422
7277,3.143,1.422
7278,3.182,1.422
7279,3.030,1.422
7280,2.820,1.422
7281,2.634,1.422
7282,2.488,1.422
7283,2.410,1.422
7284,2.410,1.422
7285,2.458,1.422
7286,2.493,1.422
7287,2.473,1.422
7288,2.419,1.422
7289,2.351,1.422
7290,2.297,1.422
7291,2.258,1.422
7292,2.248,1.422
7293,2.224,1.422
7294,2.292,1.422
7295,2.590,1.422
7296,2.972,1.422
7297,3.182,1.427
7298,3.138,1.422
7299,2.937,1.422
7300,2.717,1.427
7301,2.542,1.422
7302,2.410,1.422
7303,2.370,1.422
7304,2.400,1.422
7305,2.449,1.427
7306,2.454,1.427
7307,2.419,1.427
7308,2.361,1.427
7309,2.307,1.427
7310,2.258,1.427
7311,2.229,1.427
7312,2.209,1.427
7313,2.185,1.427
7314,2.263,1.427
7315,2.586,1.427
7316,2.967,1.427
7317,3.157,1.427
7318,3.084,1.427
7319,2.859,1.427
7320,2.634,1.427
7321,2.449,1.427
7322,2.341,1.427
7323,2.351,1.427
7324,2.429,1.427
7325,2.507,1.427
7326,2.522,1.427
7327,2.463,1.427
7328,2.375,1.427
7329,2.292,1.427
7330,2.243,1.427
7331,2.219,1.427
7332,2.195,1.427
7333,2.239,1.427
7334,2.493,1.427
7335,2.889,1.427
7336,3.152,1.427
7337,3.157,1.427
7338,2.972,1.427
7339,2.732,1.427
7340,2.527,1.427
7341,2.395,1.427
7342,2.341,1.427
7343,2.361,1.427
7344,2.405,1.427
7345,2.424,1.427
7346,2.405,1.427
7347,2.356,1.427
7348,2.302,1.427
7349,2.263,1.427
7350,2.229,1.427
7351,2.195,1.427
7352,2.195,1.427
7353,2.385,1.427
7354,2.766,1.427
7355,3.089,1.427
7356,3.172,1.427
7357,3.035,1.427
7358,2.810,1.427
7359,2.615,1.427
7360,2.454,1.427
7361,2.361,1.427
7362,2.356,1.427
7363,2.395,1.427
7364,2.429,1.427
7365,2.424,1.427
7366,2.380,1.427
7367,2.326,1.427
7368,2.287,1.427
7369,2.263,1.427
7370,2.239,1.427
7371,2.229,1.427
7372,2.375,1.427
7373,2.722,1.427
7374,3.055,1.427
7375,3.162,1.427
7376,3.050,1.427
7377,2.825,1.427
7378,2.605,1.427
7379,2.444,1.427
7380,2.356,1.427
7381,2.346,1.427
7382,2.395,1.427
7383,2.434,1.427
7384,2.429,1.427
7385,2.390,1.427
7386,2.331,1.427
7387,2.278,1.427
7388,2.253,1.427
7389,2.234,1.427
7390,2.214,1.427
7391,2.248,1.427
7392,2.478,1.422
7393,2.835,1.422
7394,3.094,1.422
7395,3.094,1.422
7396,2.908,1.422
7397,2.669,1.422
7398,2.483,1.422
7399,2.356,1.417
7400,2.336,1.417
7401,2.375,1.417
7402,2.429,1.417
7403,2.434,1.417
7404,2.400,1.417
7405,2.351,1.413
7406,2.302,1.413
7407,2.268,1.413
7408,2.253,1.413
7409,2.234,1.408
7410,2.243,1.408
7411,2.429,1.408
7412,2.771,1.408
7413,3.050,1.408
7414,3.109,1.408
7415,2.957,1.408
7416,2.732,1.403
7417,2.527,1.403
7418,2.361,1.403
7419,2.312,1.403
7420,2.361,1.398
7421,2.424,1.398
7422,2.434,1.398
7423,2.400,1.398
7424,2.351,1.398
7425,2.302,1.393
7426,2.263,1.393
7427,2.243,1.393
7428,2.224,1.393
7429,2.239,1.393
7430,2.439,1.393
7431,2.796,1.393
7432,3.079,1.393
7433,3.148,1.393
7434,3.006,1.388
7435,2.796,1.388
7436,2.600,1.388
7437,2.444,1.388
7438,2.380,1.388
7439,2.400,1.388
7440,2.458,1.388
7441,2.498,1.388
7442,2.483,1.388
7443,2.419,1.388
7444,2.356,1.388
7445,2.302,1.388
7446,2.268,1.388
7447,2.253,1.388
7448,2.243,1.388
7449,2.229,1.388
7450,2.307,1.388
7451,2.610,1.388
7452,2.977,1.388
7453,3.172,1.388
7454,3.084,1.388
7455,2.893,1.388
7456,2.674,1.388
7457,2.512,1.388
7458,2.405,1.388
7459,2.390,1.388
7460,2.444,1.388
7461,2.507,1.388
7462,2.527,1.388
7463,2.502,1.388
7464,2.463,1.388
7465,2.434,1.388
7466,2.424,1.388
7467,2.419,1.388
7468,2.410,1.388
7469,2.380,1.388
7470,2.493,1.393
7471,2.801,1.393
7472,3.157,1.393
7473,3.265,1.393
7474,3.143,1.393
7475,2.923,1.393
7476,2.698,1.393
7477,2.537,1.393
7478,2.429,1.393
7479,2.410,1.393
7480,2.458,1.393
7481,2.512,1.393
7482,2.507,1.393
7483,2.444,1.393
7484,2.370,1.393
7485,2.317,1.393
7486,2.278,1.398
7487,2.263,1.398
7488,2.243,1.398
7489,2.229,1.398
7490,2.356,1.398
7491,2.717,1.398
7492,3.089,1.398
7493,3.231,1.398
7494,3.123,1.398
7495,2.908,1.398
7496,2.708,1.398
7497,2.542,1.398
7498,2.419,1.398
7499,2.385,1.398
7500,2.429,1.398
7501,2.463,1.403
7502,2.463,1.403
7503,2.410,1.403
7504,2.346,1.403
7505,2.292,1.403
7506,2.268,1.403
7507,2.248,1.403
7508,2.234,1.403
7509,2.219,1.403
7510,2.263,1.403
7511,2.576,1.403
7512,2.981,1.403
7513,3.226,1.403
7514,3.201,1.408
7515,3.006,1.403
7516,2.781,1.408
7517,2.605,1.408
7518,2.458,1.408
7519,2.400,1.408
7520,2.424,1.408
7521,2.478,1.408
7522,2.512,1.408
7523,2.478,1.408
7524,2.405,1.408
7525,2.341,1.408
7526,2.302,1.408
7527,2.283,1.408
7528,2.268,1.408
7529,2.263,1.408
7530,2.356,1.408
7531,2.717,1.408
7532,3.182,1.408
7533,3.431,1.408
7534,3.368,1.408
7535,3.094,1.408
7536,2.796,1.408
7537,2.576,1.408
7538,2.414,1.408
7539,2.356,1.408
7540,2.405,1.408
7541,2.468,1.408
7542,2.483,1.408
7543,2.434,1.408
7544,2.366,1.408
7545,2.297,1.408
7546,2.258,1.408
7547,2.234,1.408
7548,2.214,1.408
7549,2.209,1.408
7550,2.361,1.408
7551,2.727,1.408
7552,3.079,1.408
7553,3.196,1.408
7554,3.079,1.408
7555,2.444,1.408
7556,2.366,1.408
7557,2.366,1.408
7558,2.424,1.408
7559,2.454,1.408
7560,2.434,1.408
7561,2.366,1.408
7562,2.307,1.408
7563,2.273,1.408
7564,2.243,1.408
7565,2.224,1.408
7566,2.209,1.408
7567,2.214,1.408
7568,2.429,1.408
7569,2.835,1.408
7570,3.172,1.408
7571,3.245,1.408
7572,3.094,1.408
7573,2.879,1.408
7574,2.703,1.408
7575,2.542,1.408
7576,2.419,1.408
7577,2.390,1.408
7578,2.424,1.408
7579,2.468,1.408
7580,2.463,1.408
7581,2.405,1.408
7582,2.336,1.408
7583,2.287,1.408
7584,2.253,1.408
7585,2.234,1.408
7586,2.214,1.403
7587,2.195,1.403
7588,2.214,1.403
7589,2.449,1.403
7590,2.854,1.403
7591,3.177,1.403
7592,3.226,1.403
7593,3.074,1.403
7594,2.854,1.398
7595,2.669,1.398
7596,2.498,1.398
7597,2.405,1.398
7598,2.375,1.393
7599,2.414,1.393
7600,2.454,1.393
7601,2.439,1.388
7602,2.385,1.388
7603,2.312,1.388
7604,2.263,1.383
7605,2.239,1.383
7606,2.224,1.378
7607,2.219,1.378
7608,2.214,1.373
7609,2.224,1.373
7610,2.410,1.373
7611,2.864,1.369
7612,3.382,1.369
7613,3.680,1.369
7614,3.675,1.364
7615,3.485,1.364
7616,3.255,1.364
7617,3.021,1.359
7618,2.796,1.359
7619,2.590,1.359
7620,2.434,1.354
7621,2.366,1.354
7622,2.346,1.354
7623,2.351,1.349
7624,2.361,1.349
7625,2.351,1.349
7626,2.331,1.344
7627,2.322,1.344
7628,2.322,1.344
7629,2.312,1.344
7630,2.336,1.344
7631,2.571,1.339
7632,2.991,1.339
7633,3.324,1.339
7634,3.387,1.339
7635,3.221,1.339
7636,2.972,1.339
7637,2.742,1.334
7638,2.571,1.334
7639,2.483,1.334
7640,2.478,1.334
7641,2.493,1.334
7642,2.478,1.334
7643,2.424,1.334
7644,2.370,1.334
7645,2.317,1.334
7646,2.278,1.334
7647,2.243,1.334
7648,2.214,1.334
7649,2.180,1.334
7650,2.195,1.334
7651,2.454,1.334
7652,2.893,1.334
7653,3.250,1.334
7654,3.265,1.339
7655,3.045,1.339
7656,2.766,1.339
7657,2.502,1.339
7658,2.302,1.344
7659,2.199,1.344
7660,2.229,1.344
7661,2.317,1.349
7662,2.380,1.349
7663,2.380,1.349
7664,2.322,1.354
7665,2.253,1.354
7666,2.199,1.354
7667,2.160,1.354
7668,2.126,1.354
7669,2.185,1.354
7670,2.483,1.354
7671,2.898,1.354
7672,3.157,1.354
7673,3.138,1.354
7674,2.923,1.354
7675,2.674,1.349
7676,2.468,1.349
7677,2.317,1.344
7678,2.268,1.344
7679,2.302,1.339
7680,2.356,1.339
7681,2.375,1.334
7682,2.336,1.329
7683,2.287,1.325
7684,2.234,1.320
7685,2.185,1.315
7686,2.165,1.310
7687,2.175,1.300
7688,2.346,1.295
7689,2.737,1.290
7690,3.109,1.281
7691,3.236,1.276
7692,3.113,1.271
7693,2.884,1.261
7694,2.654,1.256
7695,2.449,1.251
7696,2.326,1.241
7697,2.312,1.232
7698,2.366,1.227
7699,2.429,1.222
7700,2.429,1.212
7701,2.380,1.207
7702,2.317,1.197
7703,2.258,1.193
7704,2.214,1.183
7705,2.190,1.178
7706,2.243,1.168
7707,2.542,1.163
7708,2.962,1.153
7709,3.216,1.149
7710,3.196,1.139
7711,2.991,1.129
7712,2.737,1.119
7713,2.512,1.114
7714,2.366,1.105
7715,2.317,1.095
7716,2.346,1.085
7717,2.395,1.075
7718,2.400,1.065
7719,2.351,1.056
7720,2.283,1.046
7721,2.224,1.036
7722,2.185,1.026
7723,2.151,1.017
7724,2.146,1.007
7725,2.302,0.997
7726,2.703,0.987
7727,3.094,0.978
7728,3.250,0.968
7729,3.123,0.963
7730,2.869,0.953
7731,2.634,0.948
7732,2.439,0.938
7733,2.322,0.934
7734,2.307,0.924
7735,2.356,0.919
7736,2.395,0.909
7737,2.395,0.904
7738,2.351,0.894
7739,2.273,0.885
7740,2.219,0.880
7741,2.180,0.870
7742,2.155,0.865
7743,2.155,0.860
7744,2.361,0.855
7745,2.766,0.846
7746,3.109,0.841
7747,3.192,0.836
7748,3.030,0.831
7749,2.781,0.826
7750,2.556,0.821
7751,2.375,0.816
7752,2.287,0.811
7753,2.292,0.806
7754,2.346,0.802
7755,2.375,0.797
7756,2.356,0.792
7757,2.302,0.787
7758,2.253,0.782
7759,2.214,0.777
7760,2.185,0.772
7761,2.160,0.767
7762,2.151,0.758
7763,2.283,0.758
7764,2.649,0.753
7765,3.006,0.748
7766,3.128,0.743
7767,2.977,0.738
7768,2.737,0.733
7769,2.512,0.728
7770,2.336,0.728
7771,2.258,0.723
7772,2.273,0.723
7773,2.346,0.718
7774,2.395,0.714
7775,2.380,0.714
7776,2.331,0.709
7777,2.278,0.709
7778,2.234,0.709
7779,2.190,0.704
7780,2.175,0.704
7781,2.165,0.704
7782,2.283,0.704
7783,2.630,0.699
7784,2.977,0.699
7785,3.109,0.699
7786,2.991,0.699
7787,2.766,0.699
7788,2.551,0.699
7789,2.375,0.699
7790,2.283,0.699
7791,2.287,0.699
7792,2.346,0.699
7793,2.385,0.699
7794,2.375,0.699
7795,2.326,0.704
7796,2.263,0.704
7797,2.224,0.704
7798,2.195,0.704
7799,2.175,0.709
7800,2.165,0.709
7801,2.297,0.714
7802,2.649,0.714
7803,2.986,0.718
7804,3.113,0.718
7805,3.001,0.723
7806,2.786,0.723
7807,2.576,0.728
7808,2.405,0.733
7809,2.317,0.733
7810,2.312,0.738
7811,2.370,0.738
7812,2.410,0.743
7813,2.380,0.748
7814,2.326,0.753
7815,2.268,0.753
7816,2.239,0.758
7817,2.214,0.762
7818,2.185,0.767
7819,2.180,0.767
7820,2.278,0.772
7821,2.605,0.777
7822,2.981,0.782
7823,3.157,0.787
7824,3.065,0.792
7825,2.849,0.797
7826,2.639,0.802
7827,2.458,0.802
7828,2.351,0.806
7829,2.336,0.811
7830,2.375,0.816
7831,2.414,0.821
7832,2.405,0.826
7833,2.356,0.826
7834,2.297,0.831
7835,2.248,0.836
7836,2.204,0.841
7837,2.175,0.841
7838,2.155,0.846
7839,2.170,0.850
7840,2.380,0.850
7841,2.786,0.855
7842,3.113,0.855
7843,3.167,0.860
7844,3.006,0.860
7845,2.771,0.860
7846,2.561,0.865
7847,2.405,0.865
7848,2.331,0.865
7849,2.341,0.870
7850,2.390,0.870
7851,2.414,0.870
7852,2.380,0.870
7853,2.331,0.870
7854,2.283,0.870
7855,2.248,0.870
7856,2.229,0.870
7857,2.219,0.870
7858,2.199,0.865
7859,2.229,0.865
7860,2.458,0.865
7861,2.810,0.865
7862,3.040,0.865
7863,3.035,0.865
7864,2.840,0.865
7865,2.615,0.860
7866,2.434,0.860
7867,2.312,0.860
7868,2.278,0.860
7869,2.322,0.860
7870,2.380,0.855
7871,2.405,0.855
7872,2.380,0.855
7873,2.331,0.855
7874,2.278,0.855
7875,2.239,0.850
7876,2.219,0.850
7877,2.199,0.850
7878,2.209,0.850
7879,2.405,0.850
7880,2.766,0.846
7881,3.079,0.846
7882,3.084,0.846
7883,2.903,0.846
7884,2.688,0.841
7885,2.502,0.841
7886,2.370,0.841
7887,2.326,0.841
7888,2.366,0.836
7889,2.414,0.836
7890,2.424,0.836
7891,2.385,0.831
7892,2.326,0.831
7893,2.273,0.826
7894,2.239,0.826
7895,2.224,0.826
7896,2.234,0.821
7897,2.385,0.816
7898,2.752,0.816
7899,3.094,0.811
7900,3.201,0.811
7901,3.069,0.806
7902,2.825,0.806
7903,2.610,0.802
7904,2.429,0.802
7905,2.346,0.797
7906,2.356,0.792
7907,2.410,0.792
7908,2.444,0.787
7909,2.414,0.787
7910,2.361,0.782
7911,2.302,0.782
7912,2.258,0.777
7913,2.239,0.772
7914,2.224,0.772
7915,2.258,0.767
7916,2.488,0.767
7917,2.879,0.767
7918,3.148,0.762
7919,3.157,0.762
7920,2.972,0.758
7921,2.752,0.758
7922,2.571,0.758
7923,2.424,0.753
7924,2.351,0.753
7925,2.361,0.753
7926,2.414,0.753
7927,2.439,0.753
7928,2.405,0.748
7929,2.331,0.748
7930,2.263,0.748
7931,2.229,0.748
7932,2.224,0.753
7933,2.209,0.753
7934,2.253,0.753
7935,2.493,0.753
7936,2.864,0.753
7937,3.128,0.758
7938,3.094,0.758
7939,2.893,0.758
7940,2.688,0.758
7941,2.512,0.762
7942,2.390,0.762
7943,2.351,0.767
7944,2.370,0.767
7945,2.410,0.767
7946,2.419,0.772
7947,2.380,0.772
7948,2.326,0.777
7949,2.287,0.782
7950,2.258,0.782
7951,2.229,0.782
7952,2.204,0.787
7953,2.229,0.792
7954,2.468,0.792
7955,2.840,0.797
7956,3.094,0.797
7957,3.099,0.802
7958,2.933,0.802
7959,2.732,0.806
7960,2.566,0.811
7961,2.429,0.811
7962,2.361,0.816
7963,2.356,0.821
7964,2.400,0.821
7965,2.424,0.826
7966,2.405,0.826
7967,2.351,0.831
7968,2.302,0.836
7969,2.263,0.836
7970,2.219,0.841
7971,2.214,0.841
7972,2.400,0.846
7973,2.752,0.850
7974,3.050,0.850
7975,3.118,0.855
7976,2.986,0.860
7977,2.781,0.860
7978,2.581,0.865
7979,2.414,0.865
7980,2.336,0.870
7981,2.341,0.870
7982,2.385,0.875
7983,2.410,0.875
7984,2.400,0.880
7985,2.356,0.880
7986,2.317,0.885
7987,2.278,0.890
7988,2.248,0.890
7989,2.292,0.894
7990,2.527,0.894
7991,2.840,0.899
7992,3.025,0.899
7993,3.001,0.899
7994,2.854,0.904
7995,2.659,0.904
7996,2.498,0.909
7997,2.380,0.909
7998,2.351,0.914
7999,2.405,0.914
8000,2.458,0.914
8001,2.473,0.919
8002,2.429,0.919
8003,2.366,0.924
8004,2.307,0.924
8005,2.263,0.924
8006,2.287,0.929
8007,2.512,0.929
8008,2.884,0.929
8009,3.143,0.934
8010,3.172,0.934
8011,3.035,0.938
8012,2.864,0.938
8013,2.703,0.938
8014,2.546,0.938
8015,2.463,0.943
8016,2.449,0.943
8017,2.473,0.943
8018,2.468,0.943
8019,2.434,0.948
8020,2.380,0.948
8021,2.341,0.948
8022,2.302,0.948
8023,2.278,0.948
8024,2.405,0.953
8025,2.757,0.953
8026,3.118,0.953
8027,3.265,0.953
8028,3.177,0.953
8029,2.981,0.953
8030,2.791,0.953
8031,2.595,0.953
8032,2.454,0.958
8033,2.405,0.958
8034,2.424,0.958
8035,2.458,0.958
8036,2.458,0.958
8037,2.414,0.958
8038,2.351,0.958
8039,2.297,0.958
8040,2.253,0.958
8041,2.219,0.958
8042,2.268,0.958
8043,2.542,0.958
8044,2.947,0.958
8045,3.221,0.958
8046,3.221,0.958
8047,3.045,0.958
8048,2.835,0.958
8049,2.639,0.958
8050,2.473,0.958
8051,2.400,0.953
8052,2.414,0.953
8053,2.458,0.953
8054,2.478,0.953
8055,2.444,0.953
8056,2.380,0.953
8057,2.322,0.953
8058,2.283,0.953
8059,2.258,0.953
8060,2.229,0.953
8061,2.283,0.953
8062,2.586,0.948
8063,3.060,0.948
8064,3.265,0.953
8065,3.201,0.953
8066,3.001,0.948
8067,2.781,0.948
8068,2.581,0.948
8069,2.434,0.948
8070,2.380,0.948
8071,2.400,0.948
8072,2.439,0.948
8073,2.449,0.953
8074,2.395,0.953
8075,2.317,0.953
8076,2.253,0.953
8077,2.209,0.953
8078,2.190,0.953
8079,2.180,0.953
8080,2.160,0.953
8081,2.204,0.953
8082,2.473,0.953
8083,2.908,0.958
8084,3.192,0.958
8085,3.206,0.958
8086,3.011,0.958
8087,2.766,0.958
8088,2.551,0.958
8089,2.385,0.963
8090,2.307,0.963
8091,2.326,0.963
8092,2.380,0.963
8093,2.395,0.963
8094,2.361,0.963
8095,2.297,0.968
8096,2.239,0.968
8097,2.190,0.968
8098,2.165,0.968
8099,2.155,0.973
8100,2.146,0.973
8101,2.151,0.973
8102,2.341,0.973
8103,2.732,0.973
8104,3.084,0.978
8105,3.182,0.978
8106,3.040,0.978
8107,2.810,0.978
8108,2.595,0.982
8109,2.424,0.982
8110,2.312,0.982
8111,2.307,0.982
8112,2.366,0.982
8113,2.405,0.982
8114,2.405,0.987
8115,2.346,0.982
8116,2.283,0.987
8117,2.243,0.982
8118,2.229,0.982
8119,2.209,0.982
8120,2.195,0.982
8121,2.297,0.982
8122,2.630,0.982
8123,3.006,0.978
8124,3.192,0.978
8125,3.109,0.978
8126,2.879,0.978
8127,2.664,0.973
8128,2.468,0.973
8129,2.341,0.968
8130,2.317,0.968
8131,2.361,0.963
8132,2.410,0.963
8133,2.419,0.958
8134,2.385,0.953
8135,2.336,0.953
8136,2.292,0.948
8137,2.248,0.943
8138,2.219,0.943
8139,2.180,0.938
8140,2.268,0.938
8141,2.595,0.934
8142,2.981,0.929
8143,3.182,0.929
8144,3.113,0.924
8145,2.908,0.924
8146,2.688,0.919
8147,2.498,0.919
8148,2.356,0.914
8149,2.307,0.914
8150,2.346,0.909
8151,2.405,0.909
8152,2.424,0.909
8153,2.390,0.904
8154,2.317,0.904
8155,2.263,0.904
8156,2.229,0.899
8157,2.204,0.899
8158,2.185,0.899
8159,2.155,0.894
8160,2.195,0.894
8161,2.473,0.894
8162,2.903,0.894
8163,3.182,0.894
8164,3.182,0.894
8165,2.967,0.890
8166,2.737,0.890
8167,2.532,0.890
8168,2.380,0.890
8169,2.322,0.890
8170,2.351,0.885
8171,2.410,0.885
8172,2.434,0.885
8173,2.414,0.885
8174,2.361,0.880
8175,2.307,0.880
8176,2.253,0.880
8177,2.214,0.880
8178,2.199,0.875
8179,2.199,0.875
8180,2.185,0.875
8181,2.258,0.870
8182,2.551,0.870
8183,2.952,0.870
8184,3.196,0.870
8185,3.177,0.865
8186,2.977,0.865
8187,2.742,0.865
8188,2.546,0.860
8189,2.390,0.860
8190,2.336,0.855
8191,2.370,0.855
8192,2.424,0.850
8193,2.444,0.850
8194,2.395,0.846
8195,2.336,0.846
8196,2.278,0.841
8197,2.229,0.836
8198,2.204,0.831
8199,2.190,0.831
8200,2.185,0.826
8201,2.175,0.821
8202,2.151,0.816
8203,2.239,0.811
8204,2.581,0.806
8205,2.986,0.806
8206,3.192,0.802
8207,3.143,0.797
8208,2.928,0.792
8209,2.708,0.787
8210,2.527,0.782
8211,2.395,0.777
8212,2.351,0.772
8213,2.375,0.767
8214,2.414,0.762
8215,2.429,0.758
8216,2.390,0.758
8217,2.331,0.753
8218,2.273,0.748
8219,2.224,0.743
8220,2.195,0.743
8221,2.185,0.738
8222,2.180,0.733
8223,2.175,0.733
8224,2.155,0.728
8225,2.263,0.728
8226,2.595,0.723
8227,2.972,0.723
8228,3.152,0.718
8229,3.079,0.718
8230,2.874,0.718
8231,2.674,0.714
8232,2.512,0.714
8233,2.395,0.714
8234,2.356,0.714
8235,2.380,0.714
8236,2.434,0.714
8237,2.444,0.714
8238,2.395,0.714
8239,2.336,0.714
8240,2.278,0.714
8241,2.239,0.714
8242,2.219,0.718
8243,2.224,0.718
8244,2.214,0.718
8245,2.199,0.718
8246,2.190,0.718
8247,2.341,0.718
8248,2.708,0.718
8249,3.060,0.723
8250,3.192,0.723
8251,3.069,0.723
8252,2.854,0.723
8253,2.664,0.723
8254,2.498,0.723
8255,2.395,0.728
8256,2.380,0.723
8257,2.419,0.728
8258,2.458,0.728
8259,2.458,0.728
8260,2.419,0.728
8261,2.356,0.733
8262,2.297,0.733
8263,2.258,0.733
8264,2.234,0.738
8265,2.229,0.738
8266,2.229,0.738
8267,2.224,0.743
8268,2.204,0.743
8269,2.253,0.743
8270,2.532,0.748
8271,2.947,0.748
8272,3.221,0.753
8273,3.231,0.758
8274,3.065,0.758
8275,2.854,0.762
8276,2.669,0.762
8277,2.512,0.767
8278,2.434,0.767
8279,2.444,0.772
8280,2.488,0.777
8281,2.512,0.777
8282,2.478,0.782
8283,2.414,0.782
8284,2.351,0.787
8285,2.297,0.792
8286,2.263,0.792
8287,2.248,0.797
8288,2.243,0.802
8289,2.234,0.802
8290,2.219,0.806
8291,2.195,0.806
8292,2.214,0.811
8293,2.449,0.811
8294,2.864,0.816
8295,3.187,0.821
8296,3.265,0.821
8297,3.104,0.821
8298,2.884,0.826
8299,2.678,0.826
8300,2.522,0.826
8301,2.434,0.831
8302,2.429,0.831
8303,2.478,0.831
8304,2.507,0.831
8305,2.483,0.836
8306,2.424,0.836
8307,2.356,0.836
8308,2.297,0.836
8309,2.273,0.836
8310,2.253,0.836
8311,2.248,0.836
8312,2.239,0.836
8313,2.224,0.836
8314,2.199,0.836
8315,2.219,0.836
8316,2.419,0.831
8317,2.820,0.831
8318,3.143,0.831
8319,3.216,0.831
8320,3.069,0.831
8321,2.854,0.831
8322,2.654,0.831
8323,2.502,0.831
8324,2.414,0.826
8325,2.405,0.826
8326,2.454,0.826
8327,2.493,0.826
8328,2.483,0.826
8329,2.444,0.826
8330,2.385,0.826
8331,2.336,0.826
8332,2.292,0.826
8333,2.263,0.826
8334,2.248,0.826
8335,2.239,0.826
8336,2.229,0.826
8337,2.214,0.826
8338,2.307,0.826
8339,2.634,0.826
8340,3.011,0.826
8341,3.206,0.831
8342,3.152,0.831
8343,2.952,0.831
8344,2.757,0.831
8345,2.590,0.831
8346,2.463,0.831
8347,2.410,0.831
8348,2.424,0.831
8349,2.473,0.836
8350,2.488,0.836
8351,2.454,0.836
8352,2.395,0.836
8353,2.341,0.836
8354,2.302,0.836
8355,2.273,0.836
8356,2.248,0.841
8357,2.243,0.841
8358,2.239,0.841
8359,2.224,0.841
8360,2.283,0.841
8361,2.561,0.841
8362,2.942,0.846
8363,3.187,0.846
8364,3.187,0.846
8365,3.016,0.846
8366,2.815,0.846
8367,2.634,0.846
8368,2.507,0.850
8369,2.419,0.850
8370,2.414,0.850
8371,2.454,0.850
8372,2.493,0.855
8373,2.468,0.855
8374,2.414,0.855
8375,2.351,0.855
8376,2.297,0.860
8377,2.273,0.860
8378,2.253,0.860
8379,2.243,0.865
8380,2.239,0.865
8381,2.214,0.865
8382,2.219,0.865
8383,2.400,0.870
8384,2.742,0.870
8385,3.084,0.870
8386,3.172,0.875
8387,3.050,0.875
8388,2.869,0.875
8389,2.688,0.875
8390,2.546,0.880
8391,2.429,0.880
8392,2.405,0.880
8393,2.444,0.880
8394,2.483,0.880
8395,2.473,0.885
8396,2.419,0.885
8397,2.356,0.885
8398,2.312,0.885
8399,2.283,0.885
8400,2.268,0.890
8401,2.268,0.890
8402,2.248,0.890
8403,2.239,0.890
8404,2.390,0.890
8405,2.742,0.890
8406,3.065,0.890
8407,3.162,0.890
8408,3.045,0.894
8409,2.845,0.894
8410,2.659,0.894
8411,2.498,0.894
8412,2.405,0.894
8413,2.390,0.894
8414,2.424,0.894
8415,2.454,0.894
8416,2.439,0.894
8417,2.395,0.899
8418,2.336,0.899
8419,2.297,0.899
8420,2.283,0.899
8421,2.273,0.899
8422,2.263,0.899
8423,2.243,0.899
8424,2.307,0.899
8425,2.600,0.904
8426,2.952,0.904
8427,3.138,0.904
8428,3.089,0.904
8429,2.908,0.904
8430,2.713,0.904
8431,2.566,0.904
8432,2.454,0.909
8433,2.400,0.909
8434,2.410,0.909
8435,2.449,0.909
8436,2.463,0.909
8437,2.434,0.914
8438,2.380,0.914
8439,2.322,0.914
8440,2.283,0.914
8441,2.253,0.914
8442,2.243,0.919
8443,2.234,0.919
8444,2.214,0.919
8445,2.229,0.919
8446,2.419,0.919
8447,2.766,0.924
8448,3.035,0.924
8449,3.084,0.924
8450,2.928,0.924
8451,2.742,0.924
8452,2.576,0.924
8453,2.424,0.924
8454,2.331,0.924
8455,2.326,0.924
8456,2.370,0.924
8457,2.410,0.924
8458,2.395,0.924
8459,2.346,0.924
8460,2.292,0.924
8461,2.258,0.924
8462,2.229,0.919
8463,2.209,0.919
8464,2.199,0.919
8465,2.190,0.914
8466,2.263,0.914
8467,2.537,0.909
8468,2.884,0.909
8469,3.069,0.909
8470,3.030,0.904
8471,2.859,0.904
8472,2.678,0.899
8473,2.537,0.899
8474,2.424,0.894
8475,2.380,0.894
8476,2.410,0.890
8477,2.458,0.890
8478,2.473,0.885
8479,2.439,0.885
8480,2.370,0.880
8481,2.312,0.880
8482,2.283,0.875
8483,2.268,0.875
8484,2.248,0.870
8485,2.283,0.870
8486,2.527,0.870
8487,2.874,0.865
8488,3.113,0.865
8489,3.128,0.865
8490,2.977,0.860
8491,2.791,0.860
8492,2.620,0.860
8493,2.483,0.860
8494,2.414,0.855
8495,2.419,0.855
8496,2.458,0.855
8497,2.483,0.855
8498,2.458,0.855
8499,2.410,0.855
8500,2.351,0.850
8501,2.307,0.850
8502,2.278,0.850
8503,2.248,0.850
8504,2.253,0.850
8505,2.444,0.850
8506,2.820,0.850
8507,3.157,0.850
8508,3.211,0.846
8509,3.079,0.846
8510,2.889,0.846
8511,2.722,0.846
8512,2.566,0.841
8513,2.454,0.841
8514,2.424,0.841
8515,2.478,0.836
8516,2.522,0.836
8517,2.512,0.831
8518,2.458,0.831
8519,2.380,0.826
8520,2.326,0.821
8521,2.292,0.816
8522,2.273,0.816
8523,2.248,0.811
8524,2.317,0.806
8525,2.615,0.802
8526,3.035,0.797
8527,3.289,0.797
8528,3.289,0.792
8529,3.123,0.787
8530,2.933,0.782
8531,2.747,0.777
8532,2.576,0.772
8533,2.458,0.767
8534,2.439,0.762
8535,2.478,0.758
8536,2.488,0.753
8537,2.454,0.748
8538,2.385,0.743
8539,2.326,0.738
8540,2.283,0.738
8541,2.263,0.733
8542,2.253,0.728
8543,2.229,0.723
8544,2.224,0.723
8545,2.424,0.718
8546,2.845,0.714
8547,3.206,0.714
8548,3.299,0.709
8549,3.167,0.709
8550,2.942,0.704
8551,2.737,0.704
8552,2.561,0.704
8553,2.434,0.699
8554,2.395,0.699
8555,2.439,0.699
8556,2.488,0.694
8557,2.473,0.694
8558,2.410,0.694
8559,2.331,0.694
8560,2.278,0.694
8561,2.253,0.694
8562,2.243,0.694
8563,2.234,0.694
8564,2.239,0.694
8565,2.439,0.694
8566,2.845,0.694
8567,3.177,0.699
8568,3.250,0.699
8569,3.104,0.699
8570,2.893,0.704
8571,2.693,0.704
8572,2.527,0.704
8573,2.429,0.709
8574,2.419,0.709
8575,2.458,0.714
8576,2.483,0.714
8577,2.454,0.718
8578,2.390,0.718
8579,2.336,0.723
8580,2.292,0.723
8581,2.263,0.728
8582,2.243,0.733
8583,2.219,0.733
8584,2.253,0.738
8585,2.527,0.743
8586,2.952,0.743
8587,3.250,0.748
8588,3.284,0.753
8589,3.118,0.758
8590,2.898,0.758
8591,2.713,0.762
8592,2.522,0.762
8593,2.419,0.767
8594,2.400,0.772
8595,2.429,0.772
8596,2.454,0.777
8597,2.439,0.782
8598,2.385,0.782
8599,2.322,0.787
8600,2.273,0.787
8601,2.243,0.792
8602,2.229,0.792
8603,2.204,0.797
8604,2.214,0.797
8605,2.414,0.802
8606,2.810,0.802
8607,3.157,0.802
8608,3.255,0.802
8609,3.113,0.806
8610,2.893,0.806
8611,2.698,0.806
8612,2.527,0.806
8613,2.380,0.806
8614,2.317,0.806
8615,2.336,0.806
8616,2.380,0.806
8617,2.395,0.811
8618,2.361,0.811
8619,2.302,0.811
8620,2.239,0.811
8621,2.190,0.811
8622,2.170,0.806
8623,2.165,0.806
8624,2.151,0.806
8625,2.146,0.806
8626,2.278,0.806
8627,2.634,0.806
8628,3.011,0.806
8629,3.157,0.806
8630,3.069,0.806
8631,2.869,0.806
8632,2.678,0.806
8633,2.512,0.806
8634,2.375,0.806
8635,2.307,0.806
8636,2.322,0.806
8637,2.366,0.806
8638,2.390,0.806
8639,2.366,0.806
8640,2.307,0.806
8641,2.253,0.802
8642,2.239,0.806
8643,2.243,0.806
8644,2.234,0.802
8645,2.209,0.802
8646,2.292,0.802
8647,2.610,0.802
8648,2.991,0.806
8649,3.182,0.806
8650,3.113,0.806
8651,2.913,0.806
8652,2.727,0.806
8653,2.556,0.806
8654,2.410,0.806
8655,2.341,0.806
8656,2.346,0.806
8657,2.385,0.806
8658,2.400,0.811
8659,2.366,0.811
8660,2.322,0.811
8661,2.273,0.811
8662,2.234,0.811
8663,2.199,0.811
8664,2.180,0.816
8665,2.165,0.816
8666,2.287,0.816
8667,2.630,0.816
8668,3.001,0.821
8669,3.167,0.821
8670,3.094,0.821
8671,2.893,0.826
8672,2.703,0.826
8673,2.532,0.826
8674,2.395,0.826
8675,2.331,0.831
8676,2.346,0.831
8677,2.400,0.831
8678,2.414,0.836
8679,2.375,0.836
8680,2.307,0.836
8681,2.248,0.841
8682,2.209,0.841
8683,2.185,0.841
8684,2.175,0.846
8685,2.155,0.846
8686,2.151,0.846
8687,2.317,0.846
8688,2.678,0.850
8689,3.016,0.850
8690,3.113,0.850
8691,3.001,0.855
8692,2.791,0.855
8693,2.605,0.855
8694,2.439,0.860
8695,2.331,0.860
8696,2.317,0.860
8697,2.361,0.860
8698,2.410,0.860
8699,2.429,0.865
8700,2.419,0.865
8701,2.361,0.865
8702,2.302,0.865
8703,2.253,0.870
8704,2.214,0.870
8705,2.170,0.870
8706,2.155,0.870
8707,2.341,0.875
8708,2.761,0.875
8709,3.084,0.875
8710,3.157,0.880
8711,3.011,0.880
8712,2.805,0.880
8713,2.610,0.880
8714,2.444,0.885
8715,2.346,0.885
8716,2.317,0.885
8717,2.351,0.885
8718,2.395,0.885
8719,2.395,0.890
8720,2.351,0.890
8721,2.292,0.890
8722,2.253,0.890
8723,2.229,0.890
8724,2.214,0.894
8725,2.209,0.894
8726,2.190,0.894
8727,2.190,0.894
8728,2.380,0.894
8729,2.771,0.899
8730,3.109,0.899
8731,3.206,0.899
8732,3.069,0.899
8733,2.849,0.899
8734,2.605,0.904
8735,2.424,0.904
8736,2.312,0.904
8737,2.292,0.904
8738,2.336,0.904
8739,2.370,0.909
8740,2.366,0.909
8741,2.317,0.909
8742,2.253,0.909
8743,2.209,0.909
8744,2.190,0.909
8745,2.170,0.914
8746,2.165,0.914
8747,2.146,0.914
8748,2.131,0.914
8749,2.180,0.914
8750,2.458,0.919
8751,2.869,0.919
8752,3.133,0.919
8753,3.118,0.919
8754,2.918,0.919
8755,2.688,0.924
8756,2.502,0.924
8757,2.361,0.924
8758,2.302,0.924
8759,2.322,0.924
8760,2.380,0.929
8761,2.410,0.929
8762,2.395,0.929
8763,2.341,0.929
8764,2.287,0.934
8765,2.253,0.934
8766,2.239,0.934
8767,2.229,0.934
8768,2.224,0.934
8769,2.204,0.934
8770,2.297,0.938
8771,2.620,0.938
8772,3.006,0.938
8773,3.201,0.938
8774,3.133,0.938
8775,2.908,0.938
8776,2.693,0.943
8777,2.502,0.943
8778,2.361,0.943
8779,2.322,0.943
8780,2.366,0.943
8781,2.424,0.943
8782,2.429,0.943
8783,2.395,0.943
8784,2.336,0.948
8785,2.283,0.948
8786,2.253,0.948
8787,2.239,0.948
8788,2.224,0.948
8789,2.209,0.948
8790,2.219,0.948
8791,2.468,0.948
8792,2.879,0.948
8793,3.177,0.948
8794,3.211,0.948
8795,3.035,0.948
8796,2.796,0.953
8797,2.590,0.953
8798,2.429,0.953
8799,2.356,0.953
8800,2.361,0.953
8801,2.419,0.953
8802,2.444,0.953
8803,2.419,0.953
8804,2.361,0.953
8805,2.297,0.953
8806,2.258,0.958
8807,2.239,0.958
8808,2.224,0.958
8809,2.214,0.958
8810,2.195,0.958
8811,2.253,0.958
8812,2.561,0.958
8813,2.972,0.958
8814,3.211,0.958
8815,3.172,0.958
8816,2.962,0.963
8817,2.727,0.963
8818,2.532,0.963
8819,2.385,0.963
8820,2.331,0.963
8821,2.361,0.963
8822,2.414,0.963
8823,2.429,0.963
8824,2.395,0.963
8825,2.341,0.963
8826,2.273,0.958
8827,2.239,0.963
8828,2.224,0.958
8829,2.219,0.958
8830,2.204,0.958
8831,2.185,0.958
8832,2.248,0.958
8833,2.590,0.958
8834,3.030,0.958
8835,3.216,0.958
8836,3.128,0.958
8837,2.903,0.953
8838,2.688,0.953
8839,2.522,0.953
8840,2.395,0.953
8841,2.366,0.948
8842,2.405,0.948
8843,2.463,0.948
8844,2.468,0.948
8845,2.424,0.948
8846,2.366,0.948
8847,2.312,0.943
8848,2.283,0.943
8849,2.258,0.943
8850,2.229,0.943
8851,2.239,0.943
8852,2.444,0.943
8853,2.815,0.943
8854,3.109,0.943
8855,3.162,0.943
8856,3.006,0.943
8857,2.781,0.943
8858,2.595,0.938
8859,2.439,0.938
8860,2.356,0.938
8861,2.366,0.938
8862,2.424,0.938
8863,2.458,0.943
8864,2.439,0.943
8865,2.395,0.943
8866,2.331,0.943
8867,2.287,0.943
8868,2.253,0.943
8869,2.229,0.943
8870,2.199,0.943
8871,2.287,0.943
8872,2.600,0.943
8873,2.981,0.943
8874,3.172,0.943
8875,3.104,0.943
8876,2.903,0.943
8877,2.708,0.943
8878,2.527,0.943
8879,2.395,0.943
8880,2.356,0.943
8881,2.400,0.943
8882,2.454,0.943
8883,2.463,0.943
8884,2.424,0.938
8885,2.370,0.938
8886,2.317,0.938
8887,2.278,0.938
8888,2.258,0.934
8889,2.243,0.934
8890,2.224,0.929
8891,2.307,0.929
8892,2.625,0.924
8893,2.996,0.924
8894,3.177,0.919
8895,3.109,0.919
8896,2.918,0.914
8897,2.722,0.909
8898,2.551,0.904
8899,2.434,0.899
8900,2.400,0.899
8901,2.429,0.894
8902,2.478,0.890
8903,2.483,0.885
8904,2.444,0.880
8905,2.380,0.875
8906,2.322,0.870
8907,2.287,0.865
8908,2.268,0.860
8909,2.258,0.855
8910,2.239,0.850
8911,2.253,0.846
8912,2.458,0.846
8913,2.845,0.841
8914,3.128,0.836
8915,3.172,0.831
8916,3.025,0.826
8917,2.830,0.826
8918,2.659,0.821
8919,2.498,0.816
8920,2.419,0.816
8921,2.414,0.811
8922,2.463,0.806
8923,2.493,0.806
8924,2.468,0.802
8925,2.414,0.802
8926,2.361,0.797
8927,2.312,0.797
8928,2.278,0.792
8929,2.248,0.792
8930,2.229,0.792
8931,2.219,0.792
8932,2.209,0.787
8933,2.326,0.787
8934,2.659,0.787
8935,3.006,0.787
8936,3.148,0.787
8937,3.045,0.787
8938,2.854,0.787
8939,2.678,0.787
8940,2.527,0.787
8941,2.424,0.787
8942,2.395,0.787
8943,2.429,0.787
8944,2.468,0.792
8945,2.463,0.792
8946,2.419,0.792
8947,2.361,0.792
8948,2.322,0.792
8949,2.287,0.797
8950,2.268,0.797
8951,2.263,0.797
8952,2.258,0.802
8953,2.248,0.802
8954,2.239,0.806
8955,2.390,0.806
8956,2.742,0.806
8957,3.060,0.811
8958,3.152,0.811
8959,3.021,0.816
8960,2.771,0.816
8961,2.600,0.821
8962,2.454,0.821
8963,2.405,0.826
8964,2.434,0.826
8965,2.488,0.831
8966,2.522,0.831
8967,2.502,0.836
8968,2.454,0.836
8969,2.400,0.841
8970,2.356,0.841
8971,2.326,0.841
8972,2.287,0.846
8973,2.253,0.846
8974,2.239,0.850
8975,2.400,0.850
8976,2.747,0.850
8977,3.069,0.855
8978,3.177,0.855
8979,3.065,0.860
8980,2.849,0.860
8981,2.644,0.860
8982,2.483,0.860
8983,2.390,0.865
8984,2.385,0.865
8985,2.434,0.865
8986,2.473,0.865
8987,2.478,0.865
8988,2.424,0.870
8989,2.361,0.870
8990,2.317,0.870
8991,2.297,0.870
8992,2.283,0.870
8993,2.273,0.870
8994,2.258,0.870
8995,2.287,0.875
8996,2.532,0.870
8997,2.923,0.875
8998,3.211,0.875
8999,3.236,0.875
9000,3.055,0.875
9001,2.840,0.875
9002,2.649,0.875
9003,2.502,0.875
9004,2.424,0.875
9005,2.429,0.880
9006,2.478,0.880
9007,2.498,0.880
9008,2.473,0.880
9009,2.419,0.880
9010,2.361,0.880
9011,2.302,0.880
9012,2.263,0.880
9013,2.239,0.885
9014,2.234,0.885
9015,2.204,0.885
9016,2.209,0.885
9017,2.424,0.885
9018,2.805,0.890
9019,3.138,0.890
9020,3.172,0.890
9021,3.006,0.890
9022,2.786,0.890
9023,2.605,0.890
9024,2.463,0.894
9025,2.395,0.894
9026,2.390,0.894
9027,2.439,0.894
9028,2.468,0.894
9029,2.434,0.894
9030,2.375,0.894
9031,2.317,0.899
9032,2.283,0.899
9033,2.263,0.899
9034,2.253,0.899
9035,2.243,0.899
9036,2.214,0.899
9037,2.219,0.899
9038,2.414,0.899
9039,2.796,0.899
9040,3.113,0.904
9041,3.172,0.904
9042,3.021,0.904
9043,2.805,0.904
9044,2.630,0.904
9045,2.488,0.904
9046,2.414,0.904
9047,2.414,0.904
9048,2.463,0.904
9049,2.488,0.904
9050,2.454,0.904
9051,2.395,0.904
9052,2.326,0.904
9053,2.297,0.904
9054,2.292,0.904
9055,2.283,0.904
9056,2.253,0.904
9057,2.248,0.904
9058,2.414,0.904
9059,2.766,0.904
9060,3.060,0.904
9061,3.138,0.904
9062,3.025,0.904
9063,2.845,0.904
9064,2.669,0.904
9065,2.512,0.904
9066,2.405,0.909
9067,2.375,0.909
9068,2.414,0.909
9069,2.458,0.909
9070,2.454,0.909
9071,2.405,0.909
9072,2.346,0.909
9073,2.302,0.909
9074,2.273,0.914
9075,2.268,0.914
9076,2.253,0.914
9077,2.234,0.914
9078,2.297,0.914
9079,2.576,0.914
9080,2.952,0.914
9081,3.152,0.919
9082,3.123,0.919
9083,2.967,0.919
9084,2.791,0.919
9085,2.625,0.919
9086,2.488,0.919
9087,2.429,0.919
9088,2.424,0.919
9089,2.463,0.919
9090,2.468,0.919
9091,2.419,0.919
9092,2.351,0.919
9093,2.287,0.919
9094,2.243,0.914
9095,2.219,0.914
9096,2.209,0.914
9097,2.195,0.909
9098,2.175,0.909
9099,2.185,0.909
9100,2.375,0.904
9101,2.747,0.904
9102,3.060,0.904
9103,3.138,0.899
9104,2.991,0.894
9105,2.810,0.894
9106,2.654,0.890
9107,2.512,0.885
9108,2.414,0.885
9109,2.390,0.880
9110,2.419,0.880
9111,2.449,0.875
9112,2.429,0.870
9113,2.366,0.870
9114,2.302,0.865
9115,2.258,0.860
9116,2.239,0.860
9117,2.234,0.855
9118,2.229,0.850
9119,2.209,0.850
9120,2.219,0.846
9121,2.405,0.846
9122,2.747,0.841
9123,3.016,0.841
9124,3.079,0.836
9125,2.962,0.836
9126,2.796,0.831
9127,2.654,0.831
9128,2.527,0.831
9129,2.429,0.826
9130,2.400,0.826
9131,2.424,0.826
9132,2.458,0.826
9133,2.449,0.821
9134,2.405,0.821
9135,2.336,0.821
9136,2.287,0.821
9137,2.248,0.821
9138,2.229,0.821
9139,2.219,0.821
9140,2.195,0.821
9141,2.190,0.821
9142,2.331,0.821
9143,2.664,0.821
9144,2.991,0.821
9145,3.118,0.821
9146,3.030,0.821
9147,2.864,0.821
9148,2.703,0.821
9149,2.571,0.821
9150,2.454,0.826
9151,2.395,0.826
9152,2.400,0.826
9153,2.434,0.826
9154,2.449,0.831
9155,2.405,0.831
9156,2.346,0.831
9157,2.297,0.831
9158,2.258,0.836
9159,2.234,0.836
9160,2.219,0.836
9161,2.204,0.841
9162,2.204,0.841
9163,2.199,0.841
9164,2.224,0.846
9165,2.434,0.846
9166,2.796,0.850
9167,3.074,0.850
9168,3.123,0.850
9169,2.996,0.855
9170,2.815,0.855
9171,2.674,0.855
9172,2.542,0.860
9173,2.429,0.860
9174,2.385,0.860
9175,2.395,0.865
9176,2.414,0.865
9177,2.410,0.870
9178,2.366,0.870
9179,2.322,0.870
9180,2.283,0.875
9181,2.248,0.875
9182,2.234,0.875
9183,2.224,0.880
9184,2.214,0.880
9185,2.214,0.880
9186,2.209,0.885
9187,2.185,0.885
9188,2.190,0.885
9189,2.439,0.890
9190,2.805,0.890
9191,3.074,0.890
9192,3.099,0.894
9193,2.962,0.894
9194,2.776,0.894
9195,2.625,0.894
9196,2.488,0.899
9197,2.410,0.899
9198,2.400,0.899
9199,2.439,0.904
9200,2.478,0.904
9201,2.473,0.904
9202,2.429,0.904
9203,2.375,0.909
9204,2.331,0.909
9205,2.302,0.909
9206,2.287,0.909
9207,2.278,0.909
9208,2.268,0.914
9209,2.253,0.914
9210,2.239,0.914
9211,2.297,0.914
9212,2.634,0.919
9213,3.006,0.919
9214,3.211,0.919
9215,3.187,0.924
9216,3.021,0.924
9217,2.830,0.924
9218,2.654,0.924
9219,2.527,0.924
9220,2.458,0.929
9221,2.463,0.929
9222,2.502,0.929
9223,2.527,0.929
9224,2.507,0.929
9225,2.458,0.934
9226,2.410,0.934
9227,2.380,0.934
9228,2.356,0.934
9229,2.336,0.934
9230,2.312,0.938
9231,2.287,0.938
9232,2.263,0.938
9233,2.322,0.938
9234,2.600,0.938
9235,3.006,0.943
9236,3.275,0.943
9237,3.294,0.943
9238,3.143,0.943
9239,2.942,0.943
9240,2.766,0.948
9241,2.610,0.948
9242,2.517,0.948
9243,2.493,0.948
9244,2.522,0.948
9245,2.537,0.948
9246,2.507,0.948
9247,2.444,0.953
9248,2.375,0.953
9249,2.326,0.953
9250,2.297,0.953
9251,2.263,0.953
9252,2.239,0.953
9253,2.219,0.958
9254,2.170,0.958
9255,2.136,0.958
9256,2.317,0.958
9257,2.717,0.958
9258,3.104,0.958
9259,3.236,0.958
9260,3.109,0.963
9261,2.869,0.963
9262,2.678,0.963
9263,2.532,0.963
9264,2.424,0.963
9265,2.380,0.963
9266,2.395,0.963
9267,2.419,0.963
9268,2.424,0.963
9269,2.395,0.963
9270,2.346,0.963
9271,2.292,0.963
9272,2.253,0.963
9273,2.224,0.963
9274,2.214,0.963
9275,2.204,0.963
9276,2.209,0.963
9277,2.199,0.963
9278,2.180,0.958
9279,2.243,0.958
9280,2.546,0.958
9281,2.957,0.958
9282,3.196,0.958
9283,3.182,0.953
9284,3.006,0.953
9285,2.791,0.953
9286,2.615,0.948
9287,2.473,0.948
9288,2.395,0.948
9289,2.385,0.943
9290,2.429,0.943
9291,2.458,0.943
9292,2.449,0.938
9293,2.400,0.938
9294,2.322,0.938
9295,2.268,0.934
9296,2.234,0.934
9297,2.209,0.934
9298,2.195,0.934
9299,2.185,0.929
9300,2.170,0.929
9301,2.253,0.929
9302,2.532,0.929
9303,2.937,0.924
9304,3.099,0.924
9305,3.016,0.924
9306,2.815,0.924
9307,2.625,0.924
9308,2.473,0.924
9309,2.366,0.924
9310,2.336,0.924
9311,2.361,0.919
9312,2.410,0.919
9313,2.419,0.919
9314,2.380,0.919
9315,2.317,0.919
9316,2.258,0.919
9317,2.229,0.919
9318,2.219,0.919
9319,2.214,0.919
9320,2.204,0.919
9321,2.204,0.919
9322,2.370,0.919
9323,2.708,0.919
9324,2.991,0.924
9325,3.065,0.924
9326,2.952,0.924
9327,2.761,0.924
9328,2.590,0.924
9329,2.449,0.924
9330,2.370,0.924
9331,2.366,0.924
9332,2.414,0.929
9333,2.449,0.929
9334,2.424,0.929
9335,2.380,0.929
9336,2.336,0.929
9337,2.292,0.929
9338,2.263,0.929
9339,2.248,0.934
9340,2.239,0.934
9341,2.219,0.934
9342,2.214,0.934
9343,2.380,0.934
9344,2.708,0.938
9345,2.991,0.938
9346,3.069,0.938
9347,2.957,0.938
9348,2.776,0.938
9349,2.615,0.943
9350,2.483,0.943
9351,2.395,0.943
9352,2.385,0.943
9353,2.424,0.948
9354,2.463,0.948
9355,2.473,0.948
9356,2.434,0.948
9357,2.380,0.948
9358,2.341,0.953
9359,2.302,0.953
9360,2.278,0.953
9361,2.268,0.953
9362,2.253,0.953
9363,2.229,0.958
9364,2.263,0.958
9365,2.488,0.958
9366,2.810,0.958
9367,3.035,0.958
9368,3.045,0.963
9369,2.903,0.963
9370,2.717,0.963
9371,2.566,0.963
9372,2.439,0.963
9373,2.380,0.963
9374,2.405,0.968
9375,2.449,0.968
9376,2.468,0.968
9377,2.449,0.968
9378,2.390,0.968
9379,2.341,0.968
9380,2.302,0.973
9381,2.278,0.973
9382,2.268,0.973
9383,2.258,0.973
9384,2.248,0.973
9385,2.229,0.973
9386,2.341,0.978
9387,2.639,0.978
9388,2.947,0.978
9389,3.089,0.978
9390,3.035,0.978
9391,2.864,0.978
9392,2.688,0.978
9393,2.551,0.978
9394,2.454,0.982
9395,2.429,0.982
9396,2.458,0.982
9397,2.498,0.982
9398,2.502,0.982
9399,2.458,0.982
9400,2.400,0.982
9401,2.351,0.987
9402,2.322,0.987
9403,2.297,0.987
9404,2.278,0.987
9405,2.248,0.987
9406,2.239,0.987
9407,2.385,0.987
9408,2.708,0.987
9409,3.021,0.992
9410,3.128,0.992
9411,3.040,0.992
9412,2.849,0.992
9413,2.674,0.992
9414,2.512,0.992
9415,2.414,0.992
9416,2.400,0.992
9417,2.454,0.997
9418,2.483,0.997
9419,2.478,0.997
9420,2.439,0.997
9421,2.380,0.997
9422,2.331,0.997
9423,2.307,0.997
9424,2.292,0.997
9425,2.273,0.997
9426,2.243,0.997
9427,2.258,0.997
9428,2.444,1.002
9429,2.801,1.002
9430,3.089,1.002
9431,3.162,1.002
9432,3.025,1.002
9433,2.835,1.002
9434,2.659,1.002
9435,2.517,1.002
9436,2.429,1.007
9437,2.429,1.007
9438,2.463,1.007
9439,2.493,1.007
9440,2.478,1.007
9441,2.424,1.007
9442,2.366,1.007
9443,2.317,1.007
9444,2.283,1.007
9445,2.258,1.007
9446,2.248,1.007
9447,2.219,1.007
9448,2.209,1.007
9449,2.326,1.012
9450,2.639,1.012
9451,2.972,1.012
9452,3.118,1.012
9453,3.025,1.012
9454,2.835,1.012
9455,2.659,1.012
9456,2.502,1.012
9457,2.405,1.012
9458,2.390,1.012
9459,2.439,1.017
9460,2.488,1.017
9461,2.483,1.017
9462,2.424,1.017
9463,2.366,1.017
9464,2.317,1.017
9465,2.292,1.017
9466,2.268,1.017
9467,2.253,1.017
9468,2.239,1.017
9469,2.234,1.017
9470,2.341,1.017
9471,2.644,1.017
9472,2.957,1.022
9473,3.089,1.022
9474,2.991,1.022
9475,2.801,1.022
9476,2.630,1.022
9477,2.483,1.022
9478,2.405,1.022
9479,2.390,1.022
9480,2.424,1.022
9481,2.458,1.022
9482,2.449,1.022
9483,2.419,1.026
9484,2.375,1.026
9485,2.326,1.026
9486,2.292,1.026
9487,2.268,1.026
9488,2.258,1.026
9489,2.239,1.026
9490,2.224,1.026
9491,2.273,1.026
9492,2.512,1.026
9493,2.845,1.026
9494,3.069,1.026
9495,3.079,1.031
9496,2.933,1.031
9497,2.752,1.031
9498,2.595,1.031
9499,2.473,1.031
9500,2.414,1.031
9501,2.414,1.031
9502,2.439,1.031
9503,2.458,1.031
9504,2.449,1.031
9505,2.400,1.031
9506,2.341,1.031
9507,2.292,1.031
9508,2.268,1.036
9509,2.253,1.036
9510,2.243,1.036
9511,2.219,1.036
9512,2.199,1.036
9513,2.302,1.036
9514,2.595,1.036
9515,2.923,1.036
9516,3.084,1.036
9517,3.021,1.036
9518,2.854,1.036
9519,2.678,1.036
9520,2.542,1.036
9521,2.439,1.041
9522,2.405,1.041
9523,2.414,1.041
9524,2.458,1.041
9525,2.463,1.041
9526,2.434,1.041
9527,2.385,1.041
9528,2.336,1.041
9529,2.297,1.041
9530,2.273,1.041
9531,2.253,1.041
9532,2.234,1.041
9533,2.219,1.041
9534,2.219,1.041
9535,2.346,1.041
9536,2.649,1.041
9537,2.952,1.041
9538,3.084,1.041
9539,3.006,1.041
9540,2.835,1.041
9541,2.664,1.041
9542,2.527,1.041
9543,2.429,1.046
9544,2.395,1.046
9545,2.424,1.046
9546,2.468,1.046
9547,2.483,1.046
9548,2.454,1.046
9549,2.395,1.046
9550,2.341,1.046
9551,2.302,1.046
9552,2.278,1.046
9553,2.273,1.046
9554,2.253,1.046
9555,2.229,1.046
9556,2.263,1.046
9557,2.498,1.046
9558,2.849,1.046
9559,3.109,1.046
9560,3.104,1.046
9561,2.937,1.051
9562,2.752,1.046
9563,2.595,1.051
9564,2.478,1.051
9565,2.429,1.051
9566,2.434,1.051
9567,2.478,1.051
9568,2.493,1.051
9569,2.473,1.051
9570,2.410,1.051
9571,2.356,1.051
9572,2.317,1.051
9573,2.287,1.051
9574,2.268,1.051
9575,2.253,1.051
9576,2.239,1.051
9577,2.214,1.051
9578,2.253,1.051
9579,2.493,1.056
9580,2.884,1.051
9581,3.162,1.056
9582,3.221,1.056
9583,3.084,1.056
9584,2.884,1.056
9585,2.698,1.056
9586,2.551,1.056
9587,2.454,1.056
9588,2.439,1.056
9589,2.488,1.056
9590,2.527,1.056
9591,2.512,1.056
9592,2.454,1.056
9593,2.400,1.056
9594,2.351,1.056
9595,2.317,1.056
9596,2.297,1.056
9597,2.283,1.061
9598,2.263,1.061
9599,2.243,1.061
9600,2.248,1.061
9601,2.444,1.061
9602,2.830,1.061
9603,3.162,1.061
9604,3.250,1.061
9605,3.113,1.061
9606,2.898,1.061
9607,2.717,1.061
9608,2.566,1.061
9609,2.458,1.061
9610,2.429,1.061
9611,2.463,1.061
9612,2.517,1.061
9613,2.507,1.061
9614,2.449,1.061
9615,2.380,1.061
9616,2.322,1.061
9617,2.292,1.061
9618,2.278,1.061
9619,2.263,1.061
9620,2.248,1.061
9621,2.234,1.061
9622,2.209,1.061
9623,2.263,1.061
9624,2.551,1.061
9625,2.947,1.061
9626,3.201,1.065
9627,3.196,1.065
9628,3.021,1.065
9629,2.805,1.065
9630,2.625,1.065
9631,2.502,1.065
9632,2.439,1.065
9633,2.444,1.065
9634,2.483,1.065
9635,2.512,1.065
9636,2.488,1.065
9637,2.429,1.065
9638,2.366,1.065
9639,2.317,1.065
9640,2.278,1.065
9641,2.263,1.065
9642,2.248,1.065
9643,2.229,1.065
9644,2.204,1.065
9645,2.283,1.065
9646,2.581,1.065
9647,2.957,1.065
9648,3.167,1.065
9649,3.133,1.065
9650,2.952,1.065
9651,2.747,1.070
9652,2.571,1.070
9653,2.449,1.070
9654,2.395,1.070
9655,2.414,1.070
9656,2.458,1.070
9657,2.483,1.070
9658,2.454,1.070
9659,2.395,1.070
9660,2.336,1.070
9661,2.287,1.070
9662,2.268,1.070
9663,2.248,1.070
9664,2.243,1.070
9665,2.224,1.070
9666,2.209,1.070
9667,2.195,1.070
9668,2.351,1.070
9669,2.708,1.070
9670,3.065,1.075
9671,3.216,1.075
9672,3.118,1.075
9673,2.893,1.075
9674,2.703,1.075
9675,2.561,1.075
9676,2.463,1.075
9677,2.439,1.075
9678,2.463,1.075
9679,2.498,1.075
9680,2.488,1.075
9681,2.444,1.075
9682,2.390,1.075
9683,2.331,1.075
9684,2.287,1.080
9685,2.258,1.075
9686,2.229,1.080
9687,2.224,1.080
9688,2.209,1.080
9689,2.195,1.080
9690,2.180,1.080
9691,2.302,1.080
9692,2.634,1.080
9693,3.001,1.080
9694,3.172,1.080
9695,3.123,1.080
9696,2.942,1.080
9697,2.737,1.080
9698,2.566,1.080
9699,2.444,1.085
9700,2.400,1.085
9701,2.439,1.085
9702,2.478,1.085
9703,2.488,1.085
9704,2.449,1.085
9705,2.385,1.085
9706,2.341,1.085
9707,2.307,1.085
9708,2.283,1.085
9709,2.268,1.085
9710,2.248,1.085
9711,2.229,1.085
9712,2.209,1.085
9713,2.248,1.085
9714,2.498,1.085
9715,2.879,1.085
9716,3.162,1.090
9717,3.138,1.090
9718,2.957,1.090
9719,2.752,1.090
9720,2.581,1.090
9721,2.463,1.090
9722,2.414,1.090
9723,2.429,1.090
9724,2.483,1.090
9725,2.512,1.090
9726,2.473,1.090
9727,2.405,1.090
9728,2.336,1.090
9729,2.302,1.090
9730,2.283,1.090
9731,2.268,1.090
9732,2.258,1.090
9733,2.234,1.090
9734,2.243,1.095
9735,2.449,1.095
9736,2.825,1.095
9737,3.128,1.095
9738,3.192,1.095
9739,3.050,1.095
9740,2.845,1.095
9741,2.659,1.095
9742,2.517,1.095
9743,2.434,1.095
9744,2.439,1.095
9745,2.488,1.095
9746,2.522,1.095
9747,2.517,1.095
9748,2.454,1.095
9749,2.375,1.095
9750,2.326,1.095
9751,2.292,1.095
9752,2.278,1.100
9753,2.268,1.100
9754,2.263,1.100
9755,2.229,1.100
9756,2.214,1.100
9757,2.346,1.100
9758,2.766,1.100
9759,3.118,1.100
9760,3.221,1.100
9761,3.104,1.100
9762,2.893,1.100
9763,2.708,1.100
9764,2.556,1.100
9765,2.454,1.100
9766,2.414,1.100
9767,2.444,1.105
9768,2.483,1.100
9769,2.488,1.105
9770,2.439,1.105
9771,2.366,1.105
9772,2.307,1.105
9773,2.268,1.105
9774,2.248,1.105
9775,2.234,1.105
9776,2.229,1.105
9777,2.214,1.105
9778,2.199,1.105
9779,2.253,1.105
9780,2.527,1.105
9781,2.908,1.105
9782,3.128,1.105
9783,3.099,1.105
