timestamp,PPG_signal,GSR_signal
1,2.449,2.253
2,2.395,2.248
3,2.419,2.253
4,2.488,2.253
5,2.542,2.258
6,2.542,2.253
7,2.493,2.258
8,2.424,2.258
9,2.361,2.263
10,2.302,2.258
11,2.268,2.263
12,2.248,2.263
13,2.243,2.268
14,2.229,2.263
15,2.219,2.268
16,2.229,2.268
17,2.429,2.273
18,2.903,2.268
19,3.387,2.273
20,3.553,2.278
21,3.353,2.273
22,3.025,2.278
23,2.742,2.273
24,2.537,2.278
25,2.429,2.278
26,2.419,2.283
27,2.483,2.283
28,2.542,2.283
29,2.556,2.283
30,2.512,2.283
31,2.434,2.283
32,2.351,2.287
33,2.297,2.287
34,2.258,2.287
35,2.234,2.287
36,2.224,2.287
37,2.229,2.292
38,2.229,2.287
39,2.224,2.292
40,2.234,2.292
41,2.434,2.292
42,2.918,2.292
43,3.397,2.297
44,3.563,2.292
45,3.397,2.297
46,3.069,2.292
47,2.757,2.297
48,2.532,2.297
49,2.405,2.302
50,2.390,2.297
51,2.444,2.302
52,2.517,2.297
53,2.546,2.302
54,2.507,2.297
55,2.434,2.302
56,2.366,2.302
57,2.307,2.302
58,2.268,2.302
59,2.239,2.302
60,2.224,2.307
61,2.214,2.302
62,2.209,2.307
63,2.209,2.302
64,2.204,2.307
65,2.234,2.307
66,2.507,2.307
67,3.016,2.307
68,3.436,2.312
69,3.514,2.307
70,3.294,2.312
71,2.947,2.307
72,2.639,2.312
73,2.434,2.312
74,2.346,2.312
75,2.361,2.312
76,2.434,2.317
77,2.488,2.312
78,2.493,2.317
79,2.454,2.317
80,2.380,2.317
81,2.307,2.317
82,2.243,2.317
83,2.209,2.317
84,2.195,2.317
85,2.190,2.317
86,2.190,2.317
87,2.185,2.317
88,2.185,2.317
89,2.180,2.322
90,2.180,2.317
91,2.361,2.322
92,2.805,2.317
93,3.289,2.322
94,3.490,2.322
95,3.343,2.326
96,3.011,2.322
97,2.678,2.326
98,2.439,2.322
99,2.307,2.326
100,2.302,2.322
101,2.375,2.326
102,2.458,2.326
103,2.498,2.326
104,2.473,2.326
105,2.405,2.326
106,2.326,2.326
107,2.263,2.326
108,2.224,2.326
109,2.204,2.326
110,2.199,2.331
111,2.199,2.326
112,2.199,2.331
113,2.195,2.326
114,2.195,2.331
115,2.322,2.326
116,2.713,2.331
117,3.177,2.326
118,3.412,2.331
119,3.309,2.331
120,3.011,2.331
121,2.644,2.331
122,2.410,2.331
123,2.287,2.331
124,2.292,2.331
125,2.370,2.331
126,2.449,2.331
127,2.478,2.336
128,2.444,2.331
129,2.385,2.336
130,2.312,2.331
131,2.253,2.336
132,2.214,2.331
133,2.199,2.336
134,2.190,2.331
135,2.190,2.336
136,2.185,2.331
137,2.185,2.336
138,2.229,2.336
139,2.498,2.336
140,2.972,2.336
141,3.353,2.336
142,3.436,2.336
143,3.226,2.336
144,2.898,2.336
145,2.610,2.336
146,2.331,2.336
147,2.302,2.341
148,2.361,2.336
149,2.449,2.341
150,2.498,2.336
151,2.483,2.336
152,2.419,2.341
153,2.351,2.336
154,2.287,2.341
155,2.239,2.336
156,2.209,2.341
157,2.199,2.336
158,2.199,2.341
159,2.199,2.341
160,2.204,2.341
161,2.199,2.341
162,2.258,2.341
163,2.566,2.341
164,3.055,2.341
165,3.387,2.341
166,3.402,2.341
167,3.157,2.341
168,2.825,2.346
169,2.542,2.341
170,2.351,2.346
171,2.273,2.341
172,2.292,2.346
173,2.370,2.341
174,2.454,2.346
175,2.483,2.341
176,2.458,2.346
177,2.405,2.341
178,2.351,2.346
179,2.312,2.341
180,2.287,2.346
181,2.268,2.346
182,2.263,2.351
183,2.248,2.346
184,2.243,2.351
185,2.322,2.346
186,2.659,2.351
187,3.109,2.346
188,3.377,2.351
189,3.328,2.351
190,3.055,2.351
191,2.752,2.351
192,2.502,2.346
193,2.351,2.351
194,2.326,2.351
195,2.390,2.351
196,2.473,2.351
197,2.512,2.351
198,2.488,2.351
199,2.429,2.351
200,2.361,2.351
201,2.307,2.351
202,2.268,2.356
203,2.234,2.351
204,2.224,2.356
205,2.219,2.351
206,2.219,2.356
207,2.283,2.351
208,2.600,2.356
209,3.089,2.356
210,3.421,2.356
211,3.416,2.356
212,3.109,2.356
213,2.810,2.361
214,2.581,2.356
215,2.424,2.361
216,2.375,2.356
217,2.410,2.361
218,2.478,2.356
219,2.512,2.361
220,2.493,2.361
221,2.444,2.361
222,2.375,2.361
223,2.317,2.361
224,2.278,2.361
225,2.243,2.361
226,2.234,2.361
227,2.229,2.361
228,2.214,2.361
229,2.234,2.361
230,2.414,2.361
231,3.377,2.366
232,3.148,2.361
233,2.840,2.366
234,2.595,2.361
235,2.429,2.366
236,2.370,2.361
237,2.405,2.366
238,2.488,2.366
239,2.556,2.366
240,2.571,2.366
241,2.527,2.366
242,2.454,2.366
243,2.385,2.366
244,2.331,2.366
245,2.287,2.366
246,2.268,2.370
247,2.263,2.366
248,2.390,2.370
249,2.781,2.366
250,3.236,2.370
251,3.456,2.366
252,3.353,2.370
253,3.069,2.370
254,2.766,2.370
255,2.532,2.366
256,2.395,2.370
257,2.370,2.370
258,2.429,2.370
259,2.507,2.370
260,2.542,2.370
261,2.517,2.370
262,2.449,2.375
263,2.361,2.370
264,2.287,2.375
265,2.229,2.370
266,2.195,2.375
267,2.190,2.375
268,2.195,2.375
269,2.248,2.375
270,2.517,2.375
271,3.021,2.375
272,3.500,2.375
273,3.470,2.375
274,3.192,2.375
275,2.859,2.375
276,2.610,2.375
277,2.439,2.375
278,2.375,2.380
279,2.395,2.375
280,2.458,2.380
281,2.502,2.375
282,2.502,2.380
283,2.449,2.375
284,2.370,2.380
285,2.297,2.375
286,2.243,2.380
287,2.214,2.375
288,2.199,2.380
289,2.199,2.375
290,2.195,2.380
291,2.263,2.380
292,2.605,2.380
293,3.104,2.380
294,3.436,2.380
295,3.431,2.380
296,3.167,2.385
297,2.845,2.380
298,2.595,2.385
299,2.429,2.380
300,2.351,2.385
301,2.370,2.380
302,2.444,2.380
303,2.493,2.385
304,2.488,2.380
305,2.429,2.385
306,2.356,2.380
307,2.287,2.385
308,2.239,2.380
309,2.204,2.385
310,2.195,2.380
311,2.195,2.385
312,2.190,2.380
313,2.180,2.385
314,2.283,2.380
315,2.688,2.385
316,3.182,2.380
317,3.446,2.385
318,3.358,2.380
319,3.074,2.380
320,2.761,2.380
321,2.522,2.380
322,2.366,2.380
323,2.336,2.380
324,2.385,2.380
325,2.454,2.380
326,2.493,2.380
327,2.468,2.380
328,2.405,2.380
329,2.336,2.375
330,2.278,2.375
331,2.234,2.375
332,2.204,2.375
333,2.199,2.375
334,2.204,2.375
335,2.195,2.375
336,2.199,2.375
337,2.380,2.370
338,2.825,2.375
339,3.265,2.370
340,3.412,2.375
341,3.240,2.370
342,2.923,2.370
343,2.630,2.370
344,2.419,2.370
345,2.312,2.370
346,2.317,2.370
347,2.390,2.370
348,2.458,2.370
349,2.478,2.370
350,2.439,2.370
351,2.370,2.370
352,2.292,2.366
353,2.234,2.370
354,2.195,2.366
355,2.180,2.370
356,2.180,2.366
357,2.185,2.366
358,2.361,2.370
359,2.796,2.366
360,3.245,2.370
361,3.416,2.366
362,3.245,2.366
363,2.923,2.366
364,2.634,2.366
365,2.424,2.366
366,2.317,2.366
367,2.317,2.366
368,2.390,2.366
369,2.454,2.370
370,2.478,2.366
371,2.434,2.370
372,2.366,2.366
373,2.292,2.370
374,2.239,2.366
375,2.204,2.370
376,2.180,2.366
377,2.170,2.370
378,2.170,2.366
379,2.170,2.370
380,2.170,2.366
381,2.170,2.370
382,2.273,2.366
383,2.654,2.370
384,3.143,2.370
385,3.412,2.370
386,3.343,2.370
387,3.045,2.370
388,2.727,2.370
389,2.478,2.370
390,2.322,2.370
391,2.287,2.370
392,2.351,2.375
393,2.434,2.370
394,2.473,2.375
395,2.444,2.370
396,2.385,2.375
397,2.312,2.370
398,2.239,2.370
399,2.190,2.375
400,2.170,2.370
401,2.155,2.375
402,2.155,2.370
403,2.160,2.375
404,2.160,2.375
405,2.160,2.375
406,2.170,2.375
407,2.326,2.380
408,2.737,2.375
409,3.172,2.380
410,3.348,2.375
411,3.226,2.380
412,2.923,2.375
413,2.630,2.380
414,2.424,2.380
415,2.312,2.380
416,2.307,2.380
417,2.375,2.380
418,2.458,2.380
419,2.483,2.380
420,2.468,2.380
421,2.414,2.385
422,2.346,2.385
423,2.292,2.380
424,2.253,2.385
425,2.234,2.380
426,2.234,2.385
427,2.234,2.385
428,2.229,2.385
429,2.292,2.385
430,2.586,2.385
431,3.006,2.385
432,3.270,2.390
433,3.240,2.385
434,3.001,2.390
435,2.717,2.385
436,2.483,2.390
437,2.331,2.385
438,2.292,2.390
439,2.341,2.390
440,2.419,2.390
441,2.468,2.390
442,2.458,2.390
443,2.414,2.390
444,2.346,2.395
445,2.283,2.390
446,2.234,2.395
447,2.209,2.390
448,2.199,2.395
449,2.204,2.395
450,2.204,2.395
451,2.287,2.395
452,2.610,2.395
453,3.123,2.395
454,3.363,2.395
455,3.294,2.400
456,3.025,2.395
457,2.732,2.400
458,2.507,2.395
459,2.361,2.400
460,2.322,2.395
461,2.366,2.400
462,2.439,2.400
463,2.488,2.400
464,2.483,2.400
465,2.424,2.400
466,2.356,2.400
467,2.292,2.400
468,2.248,2.400
469,2.219,2.400
470,2.204,2.400
471,2.204,2.400
472,2.209,2.405
473,2.248,2.400
474,2.498,2.405
475,2.942,2.400
476,3.294,2.405
477,3.372,2.400
478,3.187,2.405
479,2.889,2.405
480,2.625,2.405
481,2.434,2.405
482,2.346,2.410
483,2.380,2.410
484,2.454,2.405
485,2.507,2.410
486,2.502,2.405
487,2.449,2.410
488,2.380,2.405
489,2.326,2.410
490,2.273,2.405
491,2.239,2.410
492,2.219,2.405
493,2.209,2.410
494,2.243,2.410
495,2.478,2.410
496,2.908,2.410
497,3.260,2.410
498,3.328,2.410
499,3.143,2.414
500,2.864,2.410
501,2.620,2.414
502,2.439,2.414
503,2.356,2.414
504,2.356,2.414
505,2.419,2.414
506,2.483,2.414
507,2.493,2.414
508,2.449,2.414
509,2.385,2.414
510,2.322,2.414
511,2.273,2.414
512,2.248,2.414
513,2.224,2.414
514,2.224,2.414
515,2.341,2.414
516,2.688,2.414
517,3.109,2.419
518,3.314,2.419
519,3.240,2.419
520,2.986,2.419
521,2.713,2.419
522,2.493,2.419
523,2.351,2.419
524,2.336,2.419
525,2.405,2.419
526,2.463,2.419
527,2.488,2.419
528,2.468,2.419
529,2.405,2.419
530,2.331,2.419
531,2.273,2.419
532,2.234,2.419
533,2.214,2.419
534,2.199,2.424
535,2.239,2.424
536,2.488,2.424
537,2.923,2.424
538,3.265,2.424
539,3.314,2.424
540,3.123,2.424
541,2.845,2.424
542,2.595,2.424
543,2.400,2.424
544,2.322,2.429
545,2.346,2.424
546,2.410,2.429
547,2.444,2.424
548,2.424,2.429
549,2.346,2.424
550,2.263,2.429
551,2.204,2.429
552,2.199,2.429
553,2.229,2.429
554,2.263,2.429
555,2.292,2.429
556,2.322,2.429
557,2.546,2.429
558,2.957,2.429
559,3.280,2.429
560,3.328,2.429
561,3.133,2.434
562,2.869,2.429
563,2.639,2.434
564,2.473,2.429
565,2.400,2.434
566,2.429,2.429
567,2.507,2.434
568,2.556,2.429
569,2.551,2.434
570,2.488,2.434
571,2.414,2.434
572,2.346,2.434
573,2.302,2.434
574,2.278,2.434
575,2.258,2.434
576,2.302,2.434
577,2.586,2.434
578,3.040,2.439
579,3.343,2.434
580,3.353,2.439
581,3.138,2.434
582,2.864,2.439
583,2.620,2.434
584,2.444,2.439
585,2.375,2.439
586,2.414,2.439
587,2.488,2.439
588,2.532,2.439
589,2.512,2.439
590,2.444,2.444
591,2.366,2.439
592,2.297,2.444
593,2.258,2.439
594,2.239,2.444
595,2.219,2.439
596,2.243,2.444
597,2.507,2.439
598,2.986,2.444
599,3.343,2.444
600,3.392,2.444
601,3.196,2.444
602,2.918,2.444
603,2.654,2.444
604,2.478,2.444
605,2.395,2.449
606,2.410,2.444
607,2.458,2.449
608,2.498,2.444
609,2.488,2.449
610,2.434,2.449
611,2.370,2.449
612,2.302,2.449
613,2.258,2.449
614,2.229,2.449
615,2.214,2.449
616,2.199,2.449
617,2.248,2.449
618,2.537,2.449
619,3.025,2.449
620,3.368,2.449
621,3.397,2.449
622,3.187,2.449
623,2.893,2.449
624,2.649,2.449
625,2.468,2.449
626,2.385,2.449
627,2.390,2.444
628,2.454,2.449
629,2.493,2.444
630,2.478,2.449
631,2.429,2.444
632,2.366,2.449
633,2.297,2.444
634,2.253,2.439
635,2.229,2.444
636,2.214,2.439
637,2.199,2.439
638,2.190,2.434
639,2.185,2.439
640,2.331,2.434
641,2.761,2.434
642,3.221,2.429
643,3.416,2.434
644,3.294,2.429
645,3.006,2.429
646,2.722,2.424
647,2.502,2.424
648,2.370,2.424
649,2.351,2.424
650,2.414,2.419
651,2.478,2.414
652,2.493,2.419
653,2.444,2.414
654,2.375,2.414
655,2.312,2.410
656,2.258,2.414
657,2.219,2.405
658,2.190,2.410
659,2.185,2.405
660,2.190,2.405
661,2.190,2.400
662,2.190,2.405
663,2.370,2.400
664,2.805,2.400
665,3.226,2.395
666,3.368,2.395
667,3.211,2.395
668,2.913,2.390
669,2.644,2.390
670,2.444,2.390
671,2.336,2.390
672,2.341,2.385
673,2.410,2.390
674,2.473,2.385
675,2.488,2.390
676,2.454,2.385
677,2.390,2.385
678,2.317,2.380
679,2.258,2.385
680,2.224,2.380
681,2.214,2.385
682,2.209,2.380
683,2.199,2.385
684,2.224,2.380
685,2.463,2.385
686,2.898,2.380
687,3.221,2.385
688,3.260,2.380
689,3.065,2.380
690,2.786,2.380
691,2.537,2.380
692,2.361,2.380
693,2.287,2.380
694,2.307,2.380
695,2.375,2.385
696,2.429,2.380
697,2.439,2.385
698,2.395,2.380
699,2.322,2.385
700,2.263,2.385
701,2.219,2.385
702,2.185,2.385
703,2.175,2.385
704,2.170,2.385
705,2.165,2.385
706,2.199,2.385
707,2.434,2.385
708,2.893,2.390
709,3.265,2.385
710,3.338,2.390
711,3.152,2.390
712,2.864,2.390
713,2.605,2.390
714,2.419,2.395
715,2.326,2.390
716,2.326,2.395
717,2.385,2.390
718,2.439,2.395
719,2.444,2.390
720,2.405,2.395
721,2.341,2.395
722,2.278,2.400
723,2.234,2.395
724,2.195,2.395
725,2.185,2.400
726,2.180,2.400
727,2.175,2.400
728,2.185,2.400
729,2.331,2.405
730,2.747,2.400
731,3.172,2.405
732,3.353,2.405
733,3.240,2.410
734,2.962,2.405
735,2.659,2.405
736,2.458,2.410
737,2.356,2.410
738,2.341,2.410
739,2.395,2.410
740,2.449,2.410
741,2.463,2.410
742,2.429,2.414
743,2.361,2.410
744,2.287,2.414
745,2.234,2.410
746,2.204,2.414
747,2.199,2.414
748,2.195,2.414
749,2.195,2.414
750,2.180,2.419
751,2.229,2.414
752,2.507,2.419
753,2.962,2.414
754,3.309,2.419
755,3.309,2.419
756,3.079,2.419
757,2.796,2.419
758,2.571,2.419
759,2.410,2.419
760,2.351,2.419
761,2.390,2.424
762,2.458,2.419
763,2.502,2.424
764,2.478,2.419
765,2.424,2.424
766,2.351,2.419
767,2.292,2.424
768,2.248,2.424
769,2.224,2.429
770,2.214,2.424
771,2.204,2.429
772,2.204,2.424
773,2.307,2.429
774,2.654,2.424
775,3.079,2.429
776,3.304,2.429
777,3.201,2.424
778,2.947,2.429
779,2.693,2.424
780,2.483,2.429
781,2.361,2.429
782,2.336,2.434
783,2.380,2.429
784,2.458,2.429
785,2.483,2.429
786,2.449,2.429
787,2.385,2.429
788,2.307,2.429
789,2.253,2.434
790,2.219,2.429
791,2.204,2.434
792,2.195,2.429
793,2.190,2.434
794,2.190,2.429
795,2.204,2.434
796,2.375,2.429
797,2.805,2.434
798,3.236,2.434
799,3.412,2.434
800,3.294,2.434
801,3.016,2.434
802,2.742,2.434
803,2.537,2.434
804,2.410,2.434
805,2.385,2.434
806,2.424,2.434
807,2.483,2.434
808,2.507,2.434
809,2.483,2.434
810,2.419,2.434
811,2.346,2.434
812,2.292,2.434
813,2.248,2.434
814,2.214,2.434
815,2.209,2.434
816,2.219,2.434
817,2.204,2.434
818,2.190,2.434
819,2.243,2.434
820,2.527,2.434
821,2.996,2.434
822,3.343,2.434
823,3.392,2.434
824,3.182,2.434
825,2.889,2.434
826,2.649,2.434
827,2.478,2.434
828,2.395,2.434
829,2.395,2.434
830,2.449,2.434
831,2.488,2.434
832,2.488,2.434
833,2.444,2.434
834,2.370,2.434
835,2.307,2.434
836,2.263,2.434
837,2.224,2.434
838,2.195,2.434
839,2.170,2.434
840,2.146,2.434
841,2.116,2.434
842,2.102,2.434
843,2.209,2.434
844,2.664,2.434
845,3.143,2.439
846,3.382,2.434
847,3.309,2.439
848,3.055,2.434
849,2.776,2.439
850,2.546,2.434
851,2.400,2.439
852,2.380,2.439
853,2.434,2.439
854,2.517,2.439
855,2.546,2.439
856,2.517,2.439
857,2.454,2.439
858,2.385,2.439
859,2.317,2.439
860,2.273,2.439
861,2.239,2.439
862,2.229,2.439
863,2.229,2.439
864,2.361,2.444
865,2.737,2.439
866,3.133,2.444
867,3.299,2.439
868,3.192,2.444
869,2.942,2.444
870,2.683,2.444
871,2.468,2.444
872,2.351,2.444
873,2.336,2.444
874,2.400,2.444
875,2.468,2.444
876,2.483,2.444
877,2.439,2.449
878,2.366,2.444
879,2.292,2.449
880,2.243,2.444
881,2.209,2.449
882,2.195,2.444
883,2.185,2.449
884,2.180,2.444
885,2.234,2.449
886,2.517,2.449
887,2.981,2.449
888,3.319,2.449
889,3.358,2.449
890,3.148,2.449
891,2.859,2.449
892,2.620,2.449
893,2.449,2.449
894,2.370,2.454
895,2.380,2.449
896,2.434,2.454
897,2.473,2.449
898,2.478,2.454
899,2.429,2.449
900,2.361,2.454
901,2.302,2.454
902,2.253,2.454
903,2.219,2.454
904,2.195,2.454
905,2.185,2.454
906,2.190,2.454
907,2.317,2.458
908,2.698,2.454
909,3.143,2.458
910,3.372,2.454
911,3.299,2.458
912,3.040,2.454
913,2.771,2.458
914,2.561,2.454
915,2.419,2.458
916,2.370,2.454
917,2.410,2.458
918,2.463,2.454
919,2.493,2.458
920,2.468,2.454
921,2.414,2.458
922,2.351,2.454
923,2.287,2.454
924,2.243,2.454
925,2.219,2.454
926,2.209,2.454
927,2.199,2.454
928,2.195,2.449
929,2.258,2.449
930,2.566,2.449
931,3.025,2.449
932,3.328,2.449
933,3.333,2.444
934,3.079,2.444
935,2.801,2.439
936,2.576,2.439
937,2.419,2.439
938,2.366,2.439
939,2.400,2.434
940,2.468,2.434
941,2.498,2.429
942,2.468,2.429
943,2.400,2.424
944,2.331,2.424
945,2.278,2.424
946,2.243,2.419
947,2.219,2.419
948,2.204,2.419
949,2.204,2.414
950,2.204,2.414
951,2.195,2.414
952,2.234,2.410
953,2.483,2.410
954,2.937,2.405
955,3.280,2.410
956,3.319,2.405
957,3.099,2.405
958,2.815,2.400
959,2.571,2.405
960,2.405,2.400
961,2.331,2.400
962,2.361,2.395
963,2.424,2.400
964,2.473,2.395
965,2.463,2.395
966,2.419,2.395
967,2.351,2.395
968,2.283,2.395
969,2.234,2.395
970,2.214,2.395
971,2.199,2.390
972,2.195,2.395
973,2.185,2.390
974,2.239,2.395
975,2.507,2.390
976,2.952,2.395
977,3.265,2.390
978,3.284,2.390
979,3.074,2.390
980,2.786,2.390
981,2.546,2.385
982,2.370,2.390
983,2.307,2.390
984,2.326,2.390
985,2.390,2.390
986,2.434,2.390
987,2.439,2.390
988,2.395,2.390
989,2.326,2.395
990,2.258,2.390
991,2.204,2.395
992,2.180,2.390
993,2.170,2.395
994,2.165,2.390
995,2.165,2.395
996,2.160,2.395
997,2.234,2.395
998,2.551,2.395
999,3.016,2.395
1000,3.319,2.400
1001,3.304,2.400
1002,3.069,2.400
1003,2.776,2.400
1004,2.546,2.400
1005,2.395,2.400
1006,2.336,2.405
1007,2.356,2.400
1008,2.410,2.405
1009,2.454,2.400
1010,2.449,2.405
1011,2.395,2.405
1012,2.331,2.405
1013,2.273,2.405
1014,2.234,2.410
1015,2.204,2.405
1016,2.195,2.410
1017,2.190,2.405
1018,2.190,2.410
1019,2.185,2.410
1020,2.180,2.410
1021,2.287,2.410
1022,2.659,2.414
1023,3.162,2.414
1024,3.333,2.410
1025,3.211,2.414
1026,2.928,2.414
1027,2.649,2.414
1028,2.424,2.414
1029,2.331,2.414
1030,2.336,2.419
1031,2.410,2.414
1032,2.473,2.419
1033,2.488,2.414
1034,2.444,2.419
1035,2.370,2.419
1036,2.307,2.419
1037,2.253,2.419
1038,2.214,2.424
1039,2.195,2.419
1040,2.195,2.424
1041,2.195,2.419
1042,2.195,2.424
1043,2.283,2.419
1044,2.605,2.424
1045,3.035,2.419
1046,3.280,2.424
1047,3.231,2.424
1048,2.986,2.429
1049,2.713,2.424
1050,2.493,2.429
1051,2.346,2.424
1052,2.302,2.424
1053,2.346,2.429
1054,2.414,2.424
1055,2.444,2.429
1056,2.429,2.429
1057,2.375,2.429
1058,2.307,2.429
1059,2.243,2.429
1060,2.204,2.429
1061,2.185,2.434
1062,2.180,2.429
1063,2.180,2.434
1064,2.190,2.429
1065,2.185,2.434
1066,2.170,2.429
1067,2.268,2.434
1068,2.600,2.434
1069,3.055,2.434
1070,3.333,2.434
1071,3.304,2.434
1072,3.060,2.434
1073,2.776,2.434
1074,2.556,2.434
1075,2.414,2.434
1076,2.366,2.434
1077,2.395,2.434
1078,2.463,2.439
1079,2.483,2.434
1080,2.458,2.439
1081,2.410,2.434
1082,2.341,2.439
1083,2.273,2.439
1084,2.234,2.439
1085,2.209,2.439
1086,2.195,2.439
1087,2.185,2.439
1088,2.185,2.439
1089,2.190,2.439
1090,2.185,2.439
1091,2.292,2.439
1092,2.634,2.439
1093,3.060,2.444
1094,3.289,2.439
1095,3.240,2.444
1096,2.981,2.439
1097,2.698,2.444
1098,2.483,2.439
1099,2.366,2.444
1100,2.341,2.439
1101,2.390,2.444
1102,2.458,2.439
1103,2.502,2.444
1104,2.493,2.444
1105,2.434,2.444
1106,2.361,2.444
1107,2.297,2.444
1108,2.258,2.444
1109,2.253,2.444
1110,2.248,2.444
1111,2.248,2.444
1112,2.263,2.449
1113,2.463,2.444
1114,2.840,2.449
1115,3.162,2.444
1116,3.236,2.449
1117,3.079,2.444
1118,2.825,2.449
1119,2.586,2.449
1120,2.410,2.449
1121,2.326,2.449
1122,2.341,2.449
1123,2.414,2.449
1124,2.473,2.449
1125,2.483,2.449
1126,2.439,2.449
1127,2.370,2.449
1128,2.307,2.449
1129,2.253,2.449
1130,2.224,2.449
1131,2.214,2.454
1132,2.214,2.449
1133,2.209,2.454
1134,2.287,2.449
1135,2.581,2.454
1136,2.996,2.449
1137,3.299,2.454
1138,3.265,2.454
1139,3.030,2.454
1140,2.757,2.454
1141,2.532,2.454
1142,2.390,2.454
1143,2.351,2.454
1144,2.390,2.454
1145,2.449,2.454
1146,2.483,2.458
1147,2.468,2.454
1148,2.410,2.458
1149,2.341,2.454
1150,2.283,2.454
1151,2.239,2.458
1152,2.214,2.454
1153,2.214,2.458
1154,2.214,2.454
1155,2.209,2.458
1156,2.239,2.458
1157,2.454,2.458
1158,2.879,2.458
1159,3.255,2.458
1160,3.353,2.458
1161,3.182,2.458
1162,2.889,2.458
1163,2.634,2.454
1164,2.458,2.458
1165,2.375,2.454
1166,2.395,2.458
1167,2.458,2.458
1168,2.502,2.454
1169,2.502,2.458
1170,2.449,2.454
1171,2.380,2.454
1172,2.312,2.454
1173,2.263,2.454
1174,2.234,2.449
1175,2.219,2.454
1176,2.214,2.449
1177,2.219,2.449
1178,2.209,2.444
1179,2.209,2.444
1180,2.322,2.439
1181,2.678,2.444
1182,3.099,2.439
1183,3.309,2.439
1184,3.226,2.434
1185,2.962,2.434
1186,2.698,2.429
1187,2.493,2.429
1188,2.370,2.424
1189,2.351,2.424
1190,2.410,2.419
1191,2.488,2.419
1192,2.522,2.414
1193,2.493,2.414
1194,2.419,2.414
1195,2.341,2.405
1196,2.287,2.410
1197,2.258,2.400
1198,2.248,2.405
1199,2.234,2.395
1200,2.219,2.400
1201,2.253,2.390
1202,2.473,2.395
1203,2.884,2.385
1204,3.201,2.385
1205,3.265,2.385
1206,3.089,2.385
1207,2.820,2.380
1208,2.576,2.380
1209,2.395,2.375
1210,2.317,2.375
1211,2.326,2.375
1212,2.385,2.370
1213,2.444,2.370
1214,2.444,2.370
1215,2.414,2.366
1216,2.351,2.366
1217,2.287,2.366
1218,2.248,2.361
1219,2.219,2.366
1220,2.199,2.361
1221,2.190,2.366
1222,2.190,2.361
1223,2.190,2.361
1224,2.302,2.361
1225,2.649,2.361
1226,3.074,2.361
1227,3.314,2.361
1228,3.270,2.361
1229,3.025,2.361
1230,2.747,2.361
1231,2.522,2.361
1232,2.385,2.361
1233,2.351,2.361
1234,2.385,2.361
1235,2.449,2.361
1236,2.488,2.361
1237,2.473,2.361
1238,2.287,2.361
1239,2.258,2.366
1240,2.243,2.361
1241,2.234,2.366
1242,2.229,2.361
1243,2.243,2.366
1244,2.434,2.366
1245,2.840,2.370
1246,3.226,2.366
1247,3.358,2.370
1248,3.221,2.370
1249,2.947,2.370
1250,2.683,2.370
1251,2.458,2.370
1252,2.361,2.375
1253,2.356,2.370
1254,2.414,2.375
1255,2.473,2.375
1256,2.478,2.375
1257,2.444,2.375
1258,2.385,2.380
1259,2.331,2.375
1260,2.287,2.380
1261,2.253,2.380
1262,2.229,2.380
1263,2.219,2.380
1264,2.209,2.385
1265,2.199,2.385
1266,2.258,2.385
1267,2.537,2.385
1268,2.967,2.385
1269,3.275,2.390
1270,3.299,2.390
1271,3.089,2.390
1272,2.805,2.390
1273,2.571,2.390
1274,2.410,2.390
1275,2.336,2.395
1276,2.356,2.390
1277,2.414,2.395
1278,2.463,2.395
1279,2.458,2.395
1280,2.410,2.395
1281,2.336,2.395
1282,2.273,2.400
1283,2.229,2.395
1284,2.209,2.400
1285,2.209,2.395
1286,2.204,2.400
1287,2.199,2.395
1288,2.190,2.400
1289,2.268,2.395
1290,2.571,2.400
1291,2.967,2.400
1292,3.196,2.400
1293,3.162,2.400
1294,2.952,2.400
1295,2.708,2.400
1296,2.507,2.400
1297,2.375,2.400
1298,2.341,2.405
1299,2.385,2.400
1300,2.449,2.405
1301,2.473,2.400
1302,2.449,2.405
1303,2.390,2.400
1304,2.326,2.405
1305,2.278,2.400
1306,2.243,2.405
1307,2.229,2.405
1308,2.229,2.400
1309,2.219,2.405
1310,2.287,2.400
1311,2.561,2.405
1312,2.952,2.405
1313,3.216,2.405
1314,3.221,2.405
1315,3.025,2.410
1316,2.761,2.405
1317,2.537,2.405
1318,2.380,2.405
1319,2.326,2.410
1320,2.356,2.405
1321,2.405,2.410
1322,2.444,2.410
1323,2.434,2.410
1324,2.385,2.410
1325,2.326,2.410
1326,2.268,2.410
1327,2.219,2.410
1328,2.195,2.410
1329,2.185,2.410
1330,2.185,2.410
1331,2.190,2.410
1332,2.209,2.410
1333,2.410,2.405
1334,2.810,2.410
1335,3.182,2.405
1336,3.294,2.410
1337,3.133,2.405
1338,2.859,2.410
1339,2.625,2.405
1340,2.454,2.405
1341,2.370,2.405
1342,2.375,2.405
1343,2.439,2.405
1344,2.488,2.400
1345,2.498,2.400
1346,2.454,2.400
1347,2.390,2.400
1348,2.326,2.395
1349,2.273,2.395
1350,2.248,2.395
1351,2.243,2.395
1352,2.234,2.390
1353,2.243,2.395
1354,2.400,2.390
1355,2.761,2.390
1356,3.118,2.385
1357,3.255,2.390
1358,3.133,2.385
1359,2.874,2.385
1360,2.634,2.380
1361,2.449,2.385
1362,2.361,2.380
1363,2.356,2.380
1364,2.410,2.380
1365,2.468,2.375
1366,2.463,2.380
1367,2.419,2.375
1368,2.351,2.375
1369,2.292,2.375
1370,2.258,2.375
1371,2.239,2.370
1372,2.224,2.375
1373,2.214,2.370
1374,2.214,2.370
1375,2.326,2.370
1376,2.674,2.370
1377,3.079,2.370
1378,3.289,2.370
1379,3.231,2.370
1380,2.986,2.370
1381,2.713,2.370
1382,2.493,2.370
1383,2.361,2.370
1384,2.322,2.370
1385,2.356,2.370
1386,2.419,2.370
1387,2.454,2.370
1388,2.439,2.370
1389,2.395,2.375
1390,2.331,2.370
1391,2.278,2.375
1392,2.248,2.370
1393,2.224,2.375
1394,2.219,2.370
1395,2.219,2.375
1396,2.219,2.375
1397,2.243,2.375
1398,2.424,2.375
1399,2.820,2.375
1400,3.201,2.375
1401,3.348,2.375
1402,3.231,2.380
1403,2.957,2.375
1404,2.698,2.380
1405,2.488,2.380
1406,2.380,2.380
1407,2.385,2.380
1408,2.434,2.380
1409,2.483,2.380
1410,2.488,2.385
1411,2.454,2.385
1412,2.395,2.385
1413,2.336,2.385
1414,2.278,2.385
1415,2.239,2.385
1416,2.224,2.385
1417,2.214,2.385
1418,2.214,2.385
1419,2.209,2.390
1420,2.199,2.385
1421,2.322,2.390
1422,2.732,2.385
1423,3.128,2.390
1424,3.294,2.390
1425,3.196,2.390
1426,2.942,2.390
1427,2.688,2.390
1428,2.493,2.390
1429,2.385,2.390
1430,2.361,2.390
1431,2.385,2.390
1432,2.429,2.390
1433,2.449,2.390
1434,2.444,2.395
1435,2.405,2.395
1436,2.356,2.395
1437,2.307,2.395
1438,2.268,2.395
1439,2.243,2.395
1440,2.234,2.395
1441,2.234,2.395
1442,2.234,2.395
1443,2.224,2.395
1444,2.239,2.395
1445,2.410,2.395
1446,2.791,2.400
1447,3.177,2.395
1448,3.333,2.400
1449,3.226,2.395
1450,2.942,2.400
1451,2.674,2.395
1452,2.478,2.400
1453,2.370,2.400
1454,2.361,2.400
1455,2.414,2.400
1456,2.473,2.400
1457,2.483,2.400
1458,2.444,2.400
1459,2.380,2.400
1460,2.322,2.400
1461,2.268,2.405
1462,2.229,2.400
1463,2.204,2.405
1464,2.195,2.400
1465,2.190,2.405
1466,2.185,2.400
1467,2.180,2.405
1468,2.229,2.400
1469,2.473,2.405
1470,2.879,2.400
1471,3.201,2.405
1472,3.260,2.405
1473,3.089,2.410
1474,2.815,2.405
1475,2.566,2.410
1476,2.380,2.405
1477,2.302,2.410
1478,2.317,2.405
1479,2.390,2.405
1480,2.449,2.410
1481,2.454,2.405
1482,2.414,2.410
1483,2.351,2.410
1484,2.292,2.410
1485,2.248,2.410
1486,2.234,2.410
1487,2.229,2.410
1488,2.229,2.414
1489,2.234,2.410
1490,2.326,2.410
1491,2.644,2.410
1492,3.035,2.410
1493,3.265,2.414
1494,3.236,2.414
1495,3.016,2.414
1496,2.737,2.414
1497,2.488,2.414
1498,2.331,2.414
1499,2.283,2.414
1500,2.341,2.414
1501,2.424,2.419
1502,2.478,2.414
1503,2.483,2.419
1504,2.434,2.414
1505,2.361,2.419
1506,2.297,2.414
1507,2.248,2.419
1508,2.214,2.419
1509,2.195,2.419
1510,2.185,2.419
1511,2.199,2.419
1512,2.361,2.419
1513,2.757,2.419
1514,3.187,2.419
1515,3.431,2.419
1516,3.426,2.424
1517,3.231,2.419
1518,2.967,2.424
1519,2.727,2.419
1520,2.586,2.424
1521,2.566,2.419
1522,2.595,2.424
1523,2.625,2.419
1524,2.590,2.424
1525,2.498,2.424
1526,2.380,2.424
1527,2.263,2.424
1528,2.190,2.424
1529,2.170,2.424
1530,2.190,2.424
1531,2.224,2.424
1532,2.239,2.424
1533,2.297,2.429
1534,2.551,2.424
1535,2.996,2.424
1536,3.250,2.424
1537,3.236,2.429
1538,3.006,2.429
1539,2.708,2.429
1540,2.439,2.429
1541,2.268,2.429
1542,2.204,2.429
1543,2.239,2.429
1544,2.326,2.429
1545,2.395,2.429
1546,2.424,2.429
1547,2.410,2.429
1548,2.361,2.434
1549,2.297,2.429
1550,2.248,2.434
1551,2.214,2.429
1552,2.195,2.434
1553,2.190,2.429
1554,2.239,2.434
1555,2.449,2.429
1556,2.830,2.434
1557,3.133,2.429
1558,3.196,2.434
1559,3.025,2.434
1560,2.766,2.434
1561,2.512,2.434
1562,2.322,2.434
1563,2.258,2.434
1564,2.312,2.434
1565,2.390,2.434
1566,2.449,2.434
1567,2.458,2.434
1568,2.429,2.434
1569,2.366,2.439
1570,2.297,2.434
1571,2.253,2.439
1572,2.224,2.434
1573,2.204,2.439
1574,2.224,2.434
1575,2.380,2.439
1576,2.737,2.434
1577,3.094,2.439
1578,3.231,2.434
1579,3.104,2.439
1580,2.840,2.434
1581,2.561,2.439
1582,2.351,2.434
1583,2.243,2.439
1584,2.258,2.434
1585,2.341,2.434
1586,2.410,2.434
1587,2.439,2.434
1588,2.410,2.434
1589,2.346,2.434
1590,2.292,2.434
1591,2.248,2.434
1592,2.219,2.434
1593,2.214,2.429
1594,2.209,2.434
1595,2.283,2.429
1596,2.581,2.434
1597,3.001,2.429
1598,3.270,2.434
1599,3.255,2.429
1600,3.025,2.434
1601,2.732,2.429
1602,2.493,2.429
1603,2.351,2.429
1604,2.317,2.429
1605,2.375,2.429
1606,2.458,2.429
1607,2.517,2.429
1608,2.527,2.429
1609,2.488,2.429
1610,2.414,2.429
1611,2.331,2.429
1612,2.268,2.429
1613,2.224,2.429
1614,2.195,2.424
1615,2.204,2.429
1616,2.429,2.424
1617,2.889,2.429
1618,3.294,2.429
1619,3.431,2.429
1620,3.294,2.429
1621,2.981,2.429
1622,2.698,2.429
1623,2.458,2.429
1624,2.341,2.429
1625,2.351,2.429
1626,2.444,2.434
1627,2.522,2.429
1628,2.546,2.434
1629,2.512,2.429
1630,2.449,2.434
1631,2.370,2.429
1632,2.302,2.434
1633,2.239,2.429
1634,2.199,2.434
1635,2.195,2.429
1636,2.322,2.434
1637,2.683,2.429
1638,3.079,2.434
1639,3.265,2.429
1640,3.167,2.434
1641,2.913,2.434
1642,2.634,2.434
1643,2.419,2.434
1644,2.292,2.434
1645,2.268,2.434
1646,2.326,2.434
1647,2.405,2.434
1648,2.444,2.434
1649,2.429,2.434
1650,2.380,2.429
1651,2.317,2.434
1652,2.258,2.429
1653,2.219,2.434
1654,2.199,2.429
1655,2.190,2.434
1656,2.204,2.429
1657,2.454,2.429
1658,2.879,2.434
1659,3.201,2.429
1660,3.240,2.434
1661,3.045,2.429
1662,2.752,2.429
1663,2.502,2.429
1664,2.331,2.429
1665,2.278,2.429
1666,2.331,2.429
1667,2.414,2.424
1668,2.478,2.429
1669,2.473,2.424
1670,2.424,2.429
1671,2.356,2.424
1672,2.287,2.429
1673,2.243,2.424
1674,2.224,2.429
1675,2.209,2.424
1676,2.248,2.429
1677,2.493,2.424
1678,2.952,2.424
1679,3.216,2.429
1680,3.192,2.424
1681,2.957,2.429
1682,2.674,2.424
1683,2.444,2.429
1684,2.292,2.424
1685,2.263,2.429
1686,2.317,2.424
1687,2.400,2.429
1688,2.434,2.424
1689,2.429,2.429
1690,2.380,2.424
1691,2.326,2.429
1692,2.273,2.424
1693,2.229,2.429
1694,2.204,2.424
1695,2.199,2.429
1696,2.239,2.424
1697,2.493,2.429
1698,2.947,2.424
1699,3.294,2.429
1700,3.353,2.424
1701,3.152,2.429
1702,2.854,2.429
1703,2.581,2.429
1704,2.395,2.429
1705,2.317,2.429
1706,2.356,2.429
1707,2.434,2.424
1708,2.488,2.429
1709,2.483,2.424
1710,2.434,2.429
1711,2.356,2.424
1712,2.292,2.429
1713,2.253,2.424
1714,2.234,2.429
1715,2.219,2.424
1716,2.204,2.429
1717,2.258,2.429
1718,2.581,2.429
1719,3.055,2.429
1720,3.368,2.429
1721,3.348,2.429
1722,3.099,2.429
1723,2.791,2.429
1724,2.542,2.424
1725,2.380,2.429
1726,2.336,2.429
1727,2.390,2.429
1728,2.473,2.424
1729,2.527,2.429
1730,2.512,2.424
1731,2.449,2.429
1732,2.370,2.424
1733,2.302,2.429
1734,2.263,2.424
1735,2.239,2.429
1736,2.229,2.429
1737,2.243,2.429
1738,2.463,2.429
1739,2.903,2.429
1740,3.280,2.429
1741,3.333,2.424
1742,3.113,2.429
1743,2.815,2.424
1744,2.561,2.429
1745,2.375,2.424
1746,2.297,2.429
1747,2.322,2.424
1748,2.410,2.429
1749,2.463,2.424
1750,2.463,2.429
1751,2.414,2.424
1752,2.351,2.429
1753,2.283,2.424
1754,2.234,2.424
1755,2.199,2.424
1756,2.185,2.424
1757,2.185,2.424
1758,2.185,2.424
1759,2.258,2.424
1760,2.590,2.424
1761,3.094,2.429
1762,3.412,2.424
1763,3.363,2.429
1764,3.079,2.424
1765,2.761,2.429
1766,2.527,2.424
1767,2.380,2.429
1768,2.336,2.424
1769,2.370,2.429
1770,2.444,2.424
1771,2.478,2.424
1772,2.463,2.429
1773,2.419,2.424
1774,2.375,2.429
1775,2.375,2.424
1776,2.454,2.429
1777,2.581,2.424
1778,2.693,2.429
1779,2.752,2.424
1780,2.761,2.429
1781,2.908,2.424
1782,3.324,2.429
1783,3.783,2.429
1784,3.881,2.429
1785,3.656,2.429
1786,3.245,2.429
1787,2.810,2.429
1788,2.444,2.429
1789,2.180,2.429
1790,2.072,2.429
1791,2.116,2.434
1792,2.243,2.429
1793,2.351,2.434
1794,2.390,2.429
1795,2.336,2.434
1796,2.234,2.429
1797,2.131,2.434
1798,2.043,2.434
1799,1.984,2.434
1800,1.955,2.434
1801,1.955,2.434
1802,1.994,2.434
1803,2.053,2.439
1804,2.229,2.434
1805,2.644,2.439
1806,3.123,2.434
1807,3.377,2.439
1808,3.289,2.439
1809,2.981,2.439
1810,2.654,2.439
1811,2.419,2.439
1812,2.297,2.439
1813,2.287,2.439
1814,2.356,2.439
1815,2.434,2.439
1816,2.473,2.444
1817,2.454,2.439
1818,2.390,2.444
1819,2.317,2.439
1820,2.248,2.444
1821,2.204,2.439
1822,2.180,2.444
1823,2.160,2.444
1824,2.151,2.444
1825,2.278,2.444
1826,2.659,2.444
1827,3.104,2.444
1828,3.324,2.444
1829,3.240,2.449
1830,2.957,2.444
1831,2.674,2.449
1832,2.478,2.444
1833,2.429,2.449
1834,2.517,2.444
1835,2.674,2.449
1836,2.810,2.449
1837,2.849,2.449
1838,2.781,2.449
1839,2.630,2.449
1840,2.454,2.449
1841,2.322,2.454
1842,2.234,2.449
1843,2.170,2.454
1844,2.116,2.449
1845,2.067,2.449
1846,2.072,2.449
1847,2.302,2.449
1848,2.791,2.449
1849,3.148,2.449
1850,3.221,2.449
1851,3.006,2.449
1852,2.688,2.449
1853,2.405,2.444
1854,2.219,2.444
1855,2.146,2.444
1856,2.185,2.444
1857,2.268,2.439
1858,2.326,2.385
1859,2.341,2.390
1860,2.302,2.405
1861,2.239,2.410
1862,2.170,2.414
1863,2.116,2.414
1864,2.067,2.419
1865,2.063,2.414
1866,2.067,2.419
1867,2.077,2.414
1868,2.195,2.414
1869,2.537,2.410
1870,2.977,2.410
1871,3.245,2.410
1872,3.226,2.405
1873,2.996,2.400
1874,2.703,2.395
1875,2.439,2.395
1876,2.263,2.390
1877,2.190,2.390
1878,2.234,2.385
1879,2.312,2.380
1880,2.375,2.380
1881,2.390,2.375
1882,2.375,2.370
1883,2.336,2.366
1884,2.283,2.366
1885,2.243,2.361
1886,2.214,2.361
1887,2.185,2.356
1888,2.190,2.356
1889,2.336,2.351
1890,2.732,2.351
1891,3.133,2.346
1892,3.294,2.346
1893,3.167,2.346
1894,2.889,2.346
1895,2.600,2.341
1896,2.380,2.341
1897,2.268,2.336
1898,2.268,2.336
1899,2.331,2.331
1900,2.395,2.336
1901,2.419,2.331
1902,2.395,2.331
1903,2.341,2.326
1904,2.292,2.326
1905,2.243,2.322
1906,2.214,2.322
1907,2.199,2.322
1908,2.190,2.317
1909,2.204,2.317
1910,2.341,2.312
1911,2.713,2.312
1912,3.118,2.312
1913,3.270,2.312
1914,3.138,2.307
1915,2.864,2.307
1916,2.576,2.302
1917,2.356,2.302
1918,2.234,2.302
1919,2.234,2.297
1920,2.312,2.297
1921,2.400,2.292
1922,2.439,2.292
1923,2.410,2.292
1924,2.361,2.292
1925,2.307,2.287
1926,2.258,2.287
1927,2.229,2.287
1928,2.204,2.287
1929,2.190,2.283
1930,2.219,2.287
1931,2.454,2.283
1932,2.874,2.283
1933,3.196,2.283
1934,3.211,2.283
1935,2.991,2.278
1936,2.713,2.278
1937,2.478,2.278
1938,2.331,2.278
1939,2.307,2.278
1940,2.366,2.273
1941,2.458,2.273
1942,2.512,2.273
1943,2.507,2.273
1944,2.439,2.268
1945,2.361,2.268
1946,2.292,2.263
1947,2.234,2.263
1948,2.185,2.258
1949,2.160,2.258
1950,2.155,2.248
1951,2.253,2.248
1952,2.615,2.243
1953,3.045,2.239
1954,3.260,2.229
1955,3.182,2.229
1956,2.908,2.219
1957,2.615,2.214
1958,2.380,2.209
1959,2.229,2.204
1960,2.185,2.195
1961,2.234,2.195
1962,2.326,2.185
1963,2.385,2.180
1964,2.380,2.175
1965,2.341,2.165
1966,2.283,2.165
1967,2.219,2.155
1968,2.170,2.155
1969,2.151,2.146
1970,2.146,2.146
1971,2.146,2.136
1972,2.214,2.136
1973,2.522,2.126
1974,2.986,2.126
1975,3.299,2.121
1976,3.304,2.116
1977,3.055,2.111
1978,2.737,2.107
1979,2.473,2.102
1980,2.297,2.097
1981,2.234,2.087
1982,2.263,2.087
1983,2.336,2.077
1984,2.400,2.072
1985,2.405,2.067
1986,2.370,2.063
1987,2.317,2.058
1988,2.263,2.053
1989,2.229,2.053
1990,2.214,2.048
1991,2.199,2.043
1992,2.190,2.038
1993,3.182,2.033
1994,3.353,2.033
1995,3.216,2.028
1996,2.923,2.028
1997,2.625,2.023
1998,2.385,2.023
1999,2.263,2.023
2000,2.253,2.023
2001,2.322,2.019
2002,2.395,2.019
2003,2.424,2.019
2004,2.405,2.014
2005,2.356,2.014
2006,2.278,2.014
2007,2.199,2.014
2008,2.160,2.009
2009,2.151,2.009
2010,2.151,2.009
2011,2.204,2.009
2012,2.463,2.009
2013,2.913,2.009
2014,3.294,2.004
2015,3.392,2.009
2016,3.226,2.004
2017,2.947,2.004
2018,2.669,1.999
2019,2.429,1.999
2020,2.326,1.999
2021,2.341,1.994
2022,2.400,1.994
2023,2.444,1.989
2024,2.439,1.989
2025,2.390,1.989
2026,2.322,1.984
2027,2.258,1.984
2028,2.219,1.984
2029,2.209,1.979
2030,2.219,1.979
2031,2.229,1.979
2032,2.287,1.979
2033,2.576,1.975
2034,3.065,1.975
2035,3.402,1.975
2036,3.382,1.979
2037,3.109,1.975
2038,2.781,1.975
2039,2.522,1.975
2040,2.356,1.979
2041,2.297,1.979
2042,2.331,1.979
2043,2.400,1.979
2044,2.449,1.979
2045,2.458,1.979
2046,2.419,1.979
2047,2.351,1.979
2048,2.292,1.979
2049,2.248,1.979
2050,2.243,1.979
2051,2.239,1.979
2052,2.229,1.979
2053,2.297,1.979
2054,2.615,1.979
2055,3.074,1.984
2056,3.372,1.984
2057,3.353,1.984
2058,3.094,1.989
2059,2.781,1.989
2060,2.532,1.989
2061,2.366,1.989
2062,2.317,1.994
2063,2.361,1.994
2064,2.424,1.994
2065,2.463,1.999
2066,2.444,1.999
2067,2.390,2.004
2068,2.326,2.004
2069,2.273,2.004
2070,2.248,2.009
2071,2.229,2.009
2072,2.224,2.009
2073,2.219,2.014
2074,2.331,2.014
2075,2.698,2.014
2076,3.172,2.019
2077,3.353,2.019
2078,3.240,2.023
2079,2.947,2.023
2080,2.649,2.028
2081,2.429,2.028
2082,2.307,2.033
2083,2.302,2.033
2084,2.366,2.033
2085,2.434,2.038
2086,2.463,2.038
2087,2.444,2.038
2088,2.395,2.043
2089,2.341,2.043
2090,2.287,2.048
2091,2.253,2.048
2092,2.243,2.048
2093,2.234,2.053
2094,2.239,2.053
2095,2.375,2.053
2096,2.766,2.053
2097,3.206,2.058
2098,3.407,2.058
2099,3.289,2.058
2100,2.996,2.058
2101,2.688,2.058
2102,2.458,2.058
2103,2.341,2.058
2104,2.361,2.058
2105,2.454,2.058
2106,2.537,2.053
2107,2.551,2.053
2108,2.502,2.053
2109,2.424,2.053
2110,2.346,2.048
2111,2.283,2.048
2112,2.248,2.043
2113,2.229,2.043
2114,2.224,2.043
2115,2.248,2.038
2116,2.473,2.038
2117,2.913,2.033
2118,3.289,2.033
2119,3.368,2.028
2120,3.162,2.028
2121,2.859,2.023
2122,2.576,2.023
2123,2.366,2.019
2124,2.278,2.019
2125,2.297,2.014
2126,2.375,2.014
2127,2.444,2.009
2128,2.458,2.009
2129,2.419,2.009
2130,2.336,2.004
2131,2.263,2.004
2132,2.214,1.999
2133,2.195,1.999
2134,2.185,1.999
2135,2.180,1.994
2136,2.263,1.994
2137,2.586,1.994
2138,3.045,1.989
2139,3.309,1.994
2140,3.255,1.989
2141,2.972,1.989
2142,2.644,1.989
2143,2.370,1.989
2144,2.224,1.989
2145,2.204,1.989
2146,2.273,1.989
2147,2.366,1.989
2148,2.419,1.989
2149,2.405,1.989
2150,2.356,1.989
2151,2.297,1.989
2152,2.239,1.989
2153,2.209,1.989
2154,2.204,1.989
2155,2.195,1.989
2156,2.199,1.989
2157,2.361,1.994
2158,2.757,1.994
2159,3.143,1.994
2160,3.260,1.999
2161,2.991,1.999
2162,2.674,1.999
2163,2.405,1.999
2164,2.239,1.999
2165,2.219,2.004
2166,2.302,2.004
2167,2.405,2.004
2168,2.463,2.004
2169,2.454,2.009
2170,2.400,2.009
2171,2.326,2.014
2172,2.268,2.014
2173,2.224,2.019
2174,2.204,2.014
2175,2.204,2.019
2176,2.336,2.019
2177,2.713,2.023
2178,3.109,2.023
2179,3.260,2.028
2180,3.113,2.028
2181,2.815,2.033
2182,2.522,2.028
2183,2.302,2.033
2184,2.214,2.033
2185,2.253,2.038
2186,2.351,2.038
2187,2.429,2.043
2188,2.449,2.043
2189,2.410,2.048
2190,2.336,2.048
2191,2.278,2.048
2192,2.229,2.053
2193,2.199,2.053
2194,2.199,2.058
2195,2.268,2.053
2196,2.586,2.058
2197,3.045,2.058
2198,3.314,2.063
2199,3.265,2.063
2200,2.986,2.067
2201,2.659,2.067
2202,2.410,2.072
2203,2.273,2.067
2204,2.258,2.072
2205,2.326,2.072
2206,2.419,2.077
2207,2.473,2.077
2208,2.458,2.077
2209,2.405,2.077
2210,2.331,2.082
2211,2.273,2.082
2212,2.239,2.082
2213,2.224,2.082
2214,2.239,2.087
2215,2.434,2.087
2216,2.869,2.087
2217,3.245,2.092
2218,3.299,2.087
2219,3.084,2.092
2220,2.786,2.092
2221,2.537,2.092
2222,2.361,2.092
2223,2.312,2.097
2224,2.361,2.092
2225,2.439,2.097
2226,2.493,2.097
2227,2.478,2.097
2228,2.419,2.097
2229,2.341,2.097
2230,2.278,2.097
2231,2.229,2.097
2232,2.199,2.097
2233,2.224,2.092
2234,2.478,2.097
2235,2.933,2.092
2236,3.284,2.092
2237,3.314,2.092
2238,3.084,2.092
2239,2.776,2.087
2240,2.527,2.087
2241,2.356,2.087
2242,2.302,2.087
2243,2.356,2.082
2244,2.444,2.082
2245,2.488,2.082
2246,2.463,2.077
2247,2.390,2.077
2248,2.317,2.072
2249,2.268,2.072
2250,2.234,2.067
2251,2.214,2.072
2252,2.204,2.067
2253,2.361,2.067
2254,2.781,2.063
2255,3.211,2.063
2256,3.363,2.058
2257,3.216,2.063
2258,2.913,2.058
2259,2.659,2.058
2260,2.463,2.053
2261,2.361,2.053
2262,2.356,2.048
2263,2.419,2.048
2264,2.473,2.048
2265,2.478,2.048
2266,2.429,2.043
2267,2.366,2.043
2268,2.307,2.043
2269,2.278,2.043
2270,2.287,2.043
2271,2.297,2.043
2272,2.312,2.043
2273,2.410,2.043
2274,2.771,2.038
2275,3.294,2.038
2276,3.485,2.038
2277,3.358,2.038
2278,3.069,2.038
2279,2.791,2.038
2280,2.581,2.038
2281,2.458,2.038
2282,2.429,2.038
2283,2.478,2.038
2284,2.532,2.038
2285,2.537,2.038
2286,2.473,2.038
2287,2.390,2.043
2288,2.302,2.043
2289,2.234,2.043
2290,2.204,2.043
2291,2.195,2.043
2292,2.195,2.043
2293,2.190,2.043
2294,2.302,2.043
2295,2.678,2.048
2296,3.104,2.048
2297,3.294,2.048
2298,3.206,2.048
2299,2.952,2.053
2300,2.683,2.053
2301,2.478,2.053
2302,2.356,2.053
2303,2.346,2.058
2304,2.395,2.058
2305,2.439,2.058
2306,2.449,2.058
2307,2.424,2.063
2308,2.366,2.063
2309,2.302,2.063
2310,2.243,2.063
2311,2.195,2.067
2312,2.160,2.067
2313,2.136,2.067
2314,2.111,2.067
2315,2.175,2.072
2316,2.498,2.072
2317,2.947,2.072
2318,3.206,2.077
2319,3.177,2.077
2320,2.942,2.077
2321,2.678,2.077
2322,2.473,2.082
2323,2.336,2.082
2324,2.292,2.082
2325,2.331,2.082
2326,2.390,2.087
2327,2.419,2.087
2328,2.405,2.087
2329,2.346,2.092
2330,2.278,2.092
2331,2.214,2.092
2332,2.175,2.092
2333,2.170,2.097
2334,2.175,2.097
2335,2.175,2.097
2336,2.204,2.097
2337,2.458,2.102
2338,2.908,2.102
2339,3.236,2.102
2340,3.245,2.102
2341,3.021,2.107
2342,2.742,2.107
2343,2.517,2.107
2344,2.361,2.107
2345,2.317,2.111
2346,2.370,2.111
2347,2.439,2.111
2348,2.483,2.111
2349,2.463,2.111
2350,2.410,2.116
2351,2.336,2.116
2352,2.273,2.116
2353,2.234,2.116
2354,2.219,2.116
2355,2.209,2.116
2356,2.239,2.121
2357,2.454,2.121
2358,2.893,2.121
2359,3.240,2.121
2360,3.275,2.121
2361,3.045,2.121
2362,2.752,2.121
2363,2.493,2.126
2364,2.307,2.126
2365,2.248,2.126
2366,2.297,2.126
2367,2.375,2.126
2368,2.424,2.126
2369,2.419,2.126
2370,2.356,2.126
2371,2.292,2.126
2372,2.234,2.126
2373,2.190,2.126
2374,2.170,2.126
2375,2.155,2.126
2376,2.175,2.126
2377,2.380,2.126
2378,2.820,2.126
2379,3.221,2.126
2380,3.333,2.126
2381,3.157,2.126
2382,2.864,2.121
2383,2.600,2.121
2384,2.395,2.121
2385,2.302,2.121
2386,2.307,2.121
2387,2.366,2.121
2388,2.414,2.121
2389,2.414,2.116
2390,2.370,2.121
2391,2.302,2.116
2392,2.248,2.116
2393,2.195,2.116
2394,2.160,2.116
2395,2.155,2.116
2396,2.155,2.116
2397,2.170,2.111
2398,2.346,2.116
2399,2.776,2.111
2400,3.187,2.111
2401,3.304,2.111
2402,3.133,2.111
2403,2.835,2.111
2404,2.571,2.111
2405,2.380,2.111
2406,2.292,2.107
2407,2.307,2.111
2408,2.375,2.107
2409,2.429,2.111
2410,2.444,2.107
2411,2.400,2.107
2412,2.317,2.107
2413,2.253,2.107
2414,2.209,2.107
2415,2.185,2.107
2416,2.175,2.107
2417,2.175,2.107
2418,2.209,2.107
2419,2.458,2.107
2420,2.898,2.107
2421,3.226,2.102
2422,3.250,2.107
2423,3.021,2.102
2424,2.722,2.107
2425,2.473,2.102
2426,2.312,2.107
2427,2.268,2.102
2428,2.307,2.107
2429,2.380,2.102
2430,2.424,2.107
2431,2.405,2.107
2432,2.356,2.107
2433,2.287,2.107
2434,2.234,2.107
2435,2.190,2.107
2436,2.170,2.107
2437,2.165,2.107
2438,2.175,2.107
2439,2.180,2.107
2440,2.214,2.107
2441,2.434,2.111
2442,2.893,2.111
2443,3.275,2.111
2444,3.358,2.111
2445,3.152,2.111
2446,2.781,2.111
2447,2.522,2.111
2448,2.356,2.111
2449,2.292,2.116
2450,2.331,2.111
2451,2.405,2.116
2452,2.454,2.116
2453,2.444,2.116
2454,2.385,2.116
2455,2.317,2.116
2456,2.268,2.116
2457,2.229,2.121
2458,2.209,2.121
2459,2.219,2.121
2460,2.229,2.121
2461,2.229,2.121
2462,2.248,2.121
2463,2.463,2.126
2464,2.923,2.126
2465,3.319,2.126
2466,3.412,2.126
2467,3.216,2.126
2468,2.913,2.126
2469,2.644,2.126
2470,2.449,2.131
2471,2.341,2.131
2472,2.326,2.131
2473,2.375,2.131
2474,2.434,2.131
2475,2.454,2.136
2476,2.419,2.136
2477,2.356,2.136
2478,2.287,2.136
2479,2.243,2.136
2480,2.229,2.136
2481,2.209,2.136
2482,2.195,2.141
2483,2.185,2.141
2484,2.180,2.141
2485,2.248,2.141
2486,2.576,2.141
2487,3.045,2.141
2488,3.338,2.146
2489,3.314,2.146
2490,3.060,2.146
2491,2.761,2.146
2492,2.512,2.146
2493,2.366,2.151
2494,2.322,2.151
2495,2.375,2.151
2496,2.473,2.151
2497,2.537,2.151
2498,2.532,2.151
2499,2.473,2.151
2500,2.390,2.155
2501,2.312,2.155
2502,2.258,2.155
2503,2.229,2.155
2504,2.224,2.155
2505,2.209,2.155
2506,2.199,2.155
2507,2.341,2.160
2508,2.722,2.160
2509,3.148,2.160
2510,3.343,2.160
2511,3.221,2.160
2512,2.937,2.160
2513,2.664,2.160
2514,2.454,2.165
2515,2.351,2.165
2516,2.351,2.165
2517,2.424,2.165
2518,2.493,2.165
2519,2.507,2.165
2520,2.478,2.165
2521,2.400,2.170
2522,2.322,2.170
2523,2.253,2.170
2524,2.199,2.170
2525,2.170,2.170
2526,2.160,2.170
2527,2.151,2.175
2528,2.170,2.170
2529,2.361,2.175
2530,2.781,2.170
2531,3.177,2.175
2532,3.250,2.175
2533,3.065,2.175
2534,2.771,2.175
2535,2.512,2.175
2536,2.317,2.180
2537,2.234,2.180
2538,2.278,2.180
2539,2.356,2.180
2540,2.410,2.180
2541,2.414,2.180
2542,2.385,2.185
2543,2.326,2.180
2544,2.263,2.185
2545,2.229,2.180
2546,2.204,2.185
2547,2.195,2.185
2548,2.190,2.185
2549,2.204,2.185
2550,2.361,2.185
2551,2.747,2.185
2552,3.143,2.185
2553,3.294,2.185
2554,3.172,2.185
2555,2.913,2.185
2556,2.634,2.185
2557,2.414,2.190
2558,2.317,2.185
2559,2.341,2.190
2560,2.414,2.185
2561,2.458,2.190
2562,2.454,2.185
2563,2.405,2.190
2564,2.326,2.185
2565,2.258,2.190
2566,2.209,2.185
2567,2.185,2.185
2568,2.170,2.185
2569,2.160,2.185
2570,2.224,2.190
2571,2.507,2.185
2572,2.937,2.190
2573,3.231,2.185
2574,3.226,2.190
2575,2.991,2.185
2576,2.688,2.190
2577,2.429,2.185
2578,2.273,2.190
2579,2.229,2.185
2580,2.287,2.190
2581,2.370,2.185
2582,2.429,2.190
2583,2.429,2.185
2584,2.380,2.190
2585,2.312,2.185
2586,2.243,2.190
2587,2.204,2.185
2588,2.185,2.190
2589,2.185,2.190
2590,2.180,2.190
2591,2.253,2.190
2592,2.566,2.190
2593,3.001,2.190
2594,3.260,2.190
2595,3.216,2.190
2596,2.957,2.190
2597,2.659,2.195
2598,2.410,2.190
2599,2.283,2.195
2600,2.273,2.190
2601,2.341,2.195
2602,2.424,2.190
2603,2.468,2.195
2604,2.449,2.195
2605,2.385,2.195
2606,2.317,2.195
2607,2.263,2.195
2608,2.229,2.195
2609,2.209,2.195
2610,2.204,2.195
2611,2.263,2.199
2612,2.542,2.199
2613,2.952,2.199
2614,3.206,2.199
2615,3.172,2.199
2616,2.893,2.199
2617,2.615,2.199
2618,2.385,2.204
2619,2.263,2.199
2620,2.268,2.204
2621,2.341,2.199
2622,2.395,2.204
2623,2.331,2.204
2624,2.263,2.209
2625,2.214,2.204
2626,2.195,2.209
2627,2.190,2.204
2628,2.195,2.209
2629,2.287,2.209
2630,2.634,2.209
2631,3.084,2.209
2632,3.328,2.214
2633,3.270,2.209
2634,3.011,2.214
2635,2.717,2.214
2636,2.488,2.214
2637,2.351,2.214
2638,2.322,2.214
2639,2.380,2.214
2640,2.449,2.214
2641,2.483,2.219
2642,2.454,2.219
2643,2.395,2.219
2644,2.331,2.219
2645,2.268,2.219
2646,2.239,2.219
2647,2.219,2.224
2648,2.209,2.219
2649,2.234,2.224
2650,2.463,2.219
2651,2.923,2.224
2652,3.294,2.224
2653,3.368,2.224
2654,3.177,2.224
2655,2.889,2.224
2656,2.639,2.224
2657,2.449,2.229
2658,2.361,2.229
2659,2.370,2.229
2660,2.429,2.229
2661,2.507,2.229
2662,2.571,2.229
2663,2.566,2.229
2664,2.517,2.229
2665,2.439,2.229
2666,2.351,2.234
2667,2.292,2.234
2668,2.248,2.234
2669,2.214,2.234
2670,2.273,2.234
2671,2.595,2.234
2672,3.025,2.234
2673,3.280,2.239
2674,3.211,2.234
2675,2.977,2.239
2676,2.722,2.234
2677,2.527,2.239
2678,2.410,2.239
2679,2.395,2.239
2680,2.449,2.239
2681,2.507,2.239
2682,2.527,2.239
2683,2.498,2.243
2684,2.439,2.239
2685,2.370,2.243
2686,2.302,2.243
2687,2.253,2.243
2688,2.224,2.243
2689,2.214,2.243
2690,2.204,2.243
2691,2.292,2.243
2692,2.625,2.243
2693,3.089,2.248
2694,3.368,2.248
2695,3.328,2.248
2696,3.074,2.248
2697,2.786,2.248
2698,2.556,2.248
2699,2.405,2.248
2700,2.370,2.248
2701,2.419,2.248
2702,2.483,2.253
2703,2.512,2.248
2704,2.488,2.253
2705,2.424,2.253
2706,2.351,2.253
2707,2.292,2.253
2708,2.263,2.253
2709,2.253,2.253
2710,2.248,2.258
2711,2.239,2.253
2712,2.263,2.258
2713,2.493,2.258
2714,2.937,2.258
2715,3.280,2.258
2716,3.324,2.258
2717,3.128,2.258
2718,2.840,2.258
2719,2.590,2.258
2720,2.405,2.258
2721,2.336,2.263
2722,2.380,2.263
2723,2.454,2.263
2724,2.498,2.263
2725,2.488,2.263
2726,2.424,2.263
2727,2.346,2.263
2728,2.287,2.263
2729,2.243,2.268
2730,2.214,2.263
2731,2.209,2.268
2732,2.209,2.268
2733,2.204,2.268
2734,2.243,2.268
2735,2.493,2.268
2736,2.942,2.268
2737,3.309,2.268
2738,3.372,2.273
2739,3.172,2.268
2740,2.874,2.273
2741,2.625,2.268
2742,2.444,2.273
2743,2.351,2.273
2744,2.366,2.273
2745,2.424,2.273
2746,2.468,2.273
2747,2.478,2.273
2748,2.273,2.273
2749,2.234,2.278
2750,2.209,2.273
2751,2.204,2.278
2752,2.199,2.278
2753,2.190,2.278
2754,2.195,2.278
2755,2.351,2.283
2756,2.766,2.278
2757,3.201,2.283
2758,3.372,2.283
2759,3.211,2.283
2760,2.918,2.283
2761,2.644,2.283
2762,2.449,2.283
2763,2.341,2.283
2764,2.346,2.287
2765,2.405,2.283
2766,2.463,2.287
2767,2.478,2.283
2768,2.439,2.287
2769,2.370,2.283
2770,2.302,2.287
2771,2.243,2.287
2772,2.209,2.287
2773,2.195,2.287
2774,2.195,2.287
2775,2.195,2.287
2776,2.209,2.292
2777,2.366,2.287
2778,2.776,2.292
2779,3.187,2.292
2780,3.333,2.292
2781,3.196,2.292
2782,2.908,2.292
2783,2.630,2.292
2784,2.419,2.292
2785,2.326,2.297
2786,2.341,2.292
2787,2.429,2.297
2788,2.488,2.292
2789,2.478,2.297
2790,2.429,2.297
2791,2.361,2.297
2792,2.283,2.297
2793,2.229,2.297
2794,2.199,2.302
2795,2.185,2.297
2796,2.190,2.302
2797,2.278,2.297
2798,2.600,2.302
2799,3.030,2.297
2800,3.280,2.302
2801,3.231,2.302
2802,2.981,2.302
2803,2.693,2.302
2804,2.463,2.302
2805,2.317,2.302
2806,2.283,2.307
2807,2.336,2.302
2808,2.410,2.307
2809,2.449,2.307
2810,2.439,2.307
2811,2.375,2.307
2812,2.312,2.307
2813,2.248,2.307
2814,2.204,2.307
2815,2.185,2.312
2816,2.190,2.307
2817,2.185,2.312
2818,2.199,2.307
2819,2.375,2.312
2820,2.786,2.307
2821,3.196,2.312
2822,3.338,2.312
2823,3.187,2.312
2824,2.889,2.312
2825,2.625,2.312
2826,2.429,2.312
2827,2.336,2.317
2828,2.356,2.312
2829,2.424,2.317
2830,2.478,2.317
2831,2.493,2.317
2832,2.458,2.317
2833,2.390,2.317
2834,2.317,2.317
2835,2.263,2.317
2836,2.229,2.322
2837,2.214,2.317
2838,2.209,2.322
2839,2.219,2.317
2840,2.385,2.322
2841,2.786,2.317
2842,3.192,2.322
2843,3.333,2.322
2844,3.148,2.322
2845,2.864,2.322
2846,2.610,2.322
2847,2.419,2.322
2848,2.326,2.322
2849,2.351,2.322
2850,2.419,2.322
2851,2.478,2.322
2852,2.488,2.322
2853,2.434,2.322
2854,2.361,2.322
2855,2.287,2.322
2856,2.248,2.322
2857,2.224,2.322
2858,2.209,2.322
2859,2.204,2.322
2860,2.199,2.322
2861,2.239,2.322
2862,2.488,2.322
2863,2.952,2.322
2864,3.324,2.317
2865,3.392,2.322
2866,3.187,2.317
2867,2.893,2.322
2868,2.639,2.317
2869,2.458,2.317
2870,2.375,2.317
2871,2.385,2.317
2872,2.444,2.317
2873,2.483,2.317
2874,2.478,2.317
2875,2.419,2.317
2876,2.351,2.317
2877,2.287,2.317
2878,2.239,2.312
2879,2.214,2.317
2880,2.199,2.312
2881,2.195,2.312
2882,2.199,2.312
2883,2.195,2.312
2884,2.302,2.312
2885,2.669,2.312
2886,3.123,2.312
2887,3.358,2.312
2888,3.284,2.312
2889,3.016,2.317
2890,2.717,2.312
2891,2.502,2.312
2892,2.375,2.312
2893,2.351,2.312
2894,2.400,2.312
2895,2.463,2.312
2896,2.488,2.312
2897,2.458,2.312
2898,2.395,2.312
2899,2.326,2.312
2900,2.268,2.312
2901,2.239,2.312
2902,2.234,2.317
2903,2.234,2.312
2904,2.224,2.317
2905,2.234,2.312
2906,2.429,2.317
2907,2.849,2.312
2908,3.196,2.317
2909,3.270,2.317
2910,3.084,2.317
2911,2.801,2.317
2912,2.556,2.317
2913,2.375,2.317
2914,2.302,2.317
2915,2.341,2.322
2916,2.424,2.317
2917,2.468,2.322
2918,2.454,2.317
2919,2.395,2.322
2920,2.322,2.317
2921,2.263,2.322
2922,2.219,2.322
2923,2.199,2.322
2924,2.195,2.322
2925,2.190,2.322
2926,2.190,2.322
2927,2.278,2.326
2928,2.615,2.322
2929,3.123,2.326
2930,3.387,2.326
2931,3.358,2.326
2932,3.123,2.326
2933,2.849,2.326
2934,2.615,2.326
2935,2.444,2.326
2936,2.380,2.331
2937,2.405,2.326
2938,2.449,2.331
2939,2.473,2.331
2940,2.444,2.331
2941,2.385,2.331
2942,2.307,2.336
2943,2.239,2.331
2944,2.190,2.336
2945,2.165,2.331
2946,2.160,2.336
2947,2.165,2.331
2948,2.170,2.336
2949,2.185,2.336
2950,2.375,2.336
2951,2.796,2.336
2952,3.196,2.341
2953,3.338,2.336
2954,3.187,2.341
2955,2.893,2.341
2956,2.630,2.341
2957,2.429,2.341
2958,2.317,2.341
2959,2.317,2.341
2960,2.366,2.341
2961,2.405,2.346
2962,2.419,2.341
2963,2.380,2.346
2964,2.317,2.346
2965,2.253,2.346
2966,2.204,2.346
2967,2.170,2.346
2968,2.165,2.346
2969,2.175,2.346
2970,2.175,2.351
2971,2.175,2.346
2972,2.283,2.351
2973,2.654,2.346
2974,3.104,2.351
2975,3.304,2.351
2976,3.201,2.351
2977,2.918,2.351
2978,2.644,2.351
2979,2.454,2.356
2980,2.346,2.356
2981,2.346,2.356
2982,2.400,2.356
2983,2.463,2.356
2984,2.493,2.356
2985,2.458,2.356
2986,2.385,2.356
2987,2.312,2.356
2988,2.258,2.356
2989,2.229,2.356
2990,2.209,2.361
2991,2.195,2.361
2992,2.204,2.361
2993,2.370,2.361
2994,2.752,2.361
2995,3.143,2.361
2996,3.275,2.366
2997,3.143,2.361
2998,2.864,2.366
2999,2.566,2.361
3000,2.385,2.366
3001,2.297,2.366
3002,2.312,2.366
3003,2.390,2.366
3004,2.454,2.366
3005,2.458,2.366
3006,2.414,2.366
3007,2.351,2.366
3008,2.283,2.366
3009,2.229,2.370
3010,2.199,2.366
3011,2.190,2.370
3012,2.185,2.370
3013,2.180,2.370
3014,2.190,2.370
3015,2.370,2.370
3016,2.796,2.370
3017,3.221,2.370
3018,3.387,2.370
3019,3.255,2.375
3020,2.962,2.375
3021,2.678,2.375
3022,2.473,2.375
3023,2.375,2.375
3024,2.370,2.375
3025,2.424,2.375
3026,2.483,2.375
3027,2.493,2.375
3028,2.463,2.375
3029,2.400,2.375
3030,2.331,2.380
3031,2.273,2.375
3032,2.239,2.380
3033,2.224,2.375
3034,2.214,2.380
3035,2.209,2.375
3036,2.204,2.380
3037,2.214,2.380
3038,2.375,2.380
3039,2.786,2.380
3040,3.226,2.380
3041,3.392,2.380
3042,3.231,2.380
3043,2.908,2.385
3044,2.644,2.380
3045,2.463,2.385
3046,2.380,2.380
3047,2.385,2.385
3048,2.434,2.380
3049,2.488,2.385
3050,2.502,2.380
3051,2.463,2.385
3052,2.400,2.385
3053,2.331,2.385
3054,2.273,2.385
3055,2.234,2.385
3056,2.219,2.385
3057,2.209,2.385
3058,2.204,2.385
3059,2.204,2.385
3060,2.204,2.385
3061,2.253,2.390
3062,2.527,2.385
3063,2.986,2.390
3064,3.324,2.390
3065,3.363,2.390
3066,3.138,2.390
3067,2.830,2.390
3068,2.576,2.390
3069,2.400,2.390
3070,2.346,2.390
3071,2.400,2.390
3072,2.483,2.390
3073,2.527,2.390
3074,2.517,2.390
3075,2.454,2.390
3076,2.380,2.395
3077,2.312,2.395
3078,2.258,2.395
3079,2.224,2.395
3080,2.224,2.395
3081,2.214,2.395
3082,2.219,2.395
3083,2.229,2.395
3084,2.405,2.395
3085,2.815,2.395
3086,3.196,2.395
3087,3.314,2.400
3088,3.152,2.395
3089,2.859,2.400
3090,2.590,2.395
3091,2.395,2.400
3092,2.302,2.395
3093,2.317,2.400
3094,2.395,2.400
3095,2.463,2.400
3096,2.468,2.400
3097,2.429,2.400
3098,2.361,2.400
3099,2.292,2.405
3100,2.239,2.400
3101,2.209,2.400
3102,2.199,2.405
3103,2.190,2.400
3104,2.185,2.405
3105,2.185,2.400
3106,2.248,2.405
3107,2.546,2.405
3108,3.011,2.405
3109,3.324,2.405
3110,3.333,2.410
3111,3.094,2.405
3112,2.791,2.410
3113,2.542,2.405
3114,2.375,2.410
3115,2.317,2.405
3116,2.366,2.410
3117,2.439,2.410
3118,2.493,2.410
3119,2.478,2.410
3120,2.429,2.410
3121,2.356,2.410
3122,2.297,2.410
3123,2.248,2.410
3124,2.224,2.410
3125,2.214,2.414
3126,2.209,2.410
3127,2.204,2.414
3128,2.248,2.414
3129,2.522,2.414
3130,2.957,2.414
3131,3.265,2.414
3132,3.270,2.414
3133,3.045,2.414
3134,2.747,2.414
3135,2.507,2.414
3136,2.346,2.419
3137,2.307,2.414
3138,2.366,2.419
3139,2.463,2.414
3140,2.512,2.419
3141,2.498,2.414
3142,2.444,2.419
3143,2.370,2.419
3144,2.307,2.419
3145,2.273,2.419
3146,2.263,2.419
3147,2.248,2.419
3148,2.239,2.419
3149,2.322,2.419
3150,2.644,2.419
3151,3.060,2.419
3152,3.284,2.424
3153,3.216,2.424
3154,2.972,2.424
3155,2.698,2.424
3156,2.473,2.424
3157,2.331,2.424
3158,2.322,2.424
3159,2.390,2.429
3160,2.463,2.424
3161,2.488,2.429
3162,2.444,2.424
3163,2.380,2.429
3164,2.312,2.424
3165,2.263,2.429
3166,2.224,2.429
3167,2.209,2.424
3168,2.204,2.429
3169,2.219,2.429
3170,2.395,2.429
3171,2.810,2.429
3172,3.216,2.429
3173,3.358,2.429
3174,3.211,2.434
3175,2.923,2.429
3176,2.659,2.434
3177,2.458,2.429
3178,2.356,2.434
3179,2.341,2.429
3180,2.390,2.434
3181,2.454,2.429
3182,2.478,2.434
3183,2.454,2.434
3184,2.400,2.434
3185,2.287,2.434
3186,2.253,2.434
3187,2.224,2.434
3188,2.219,2.439
3189,2.199,2.434
3190,2.204,2.439
3191,2.361,2.434
3192,2.761,2.439
3193,3.187,2.434
3194,3.348,2.439
3195,3.226,2.439
3196,2.947,2.439
3197,2.678,2.439
3198,2.473,2.439
3199,2.366,2.439
3200,2.361,2.444
3201,2.434,2.439
3202,2.512,2.439
3203,2.532,2.439
3204,2.498,2.444
3205,2.429,2.439
3206,2.356,2.444
3207,2.302,2.444
3208,2.273,2.444
3209,2.258,2.444
3210,2.239,2.444
3211,2.287,2.444
3212,2.556,2.444
3213,2.991,2.444
3214,3.289,2.444
3215,3.265,2.449
3216,3.035,2.444
3217,2.771,2.449
3218,2.546,2.444
3219,2.390,2.449
3220,2.336,2.444
3221,2.370,2.449
3222,2.434,2.444
3223,2.468,2.449
3224,2.454,2.444
3225,2.410,2.449
3226,2.341,2.444
3227,2.278,2.449
3228,2.239,2.449
3229,2.214,2.449
3230,2.204,2.449
3231,2.199,2.449
3232,2.209,2.449
3233,2.390,2.449
3234,2.830,2.449
3235,3.250,2.449
3236,3.392,2.449
3237,3.231,2.449
3238,2.942,2.449
3239,2.669,2.449
3240,2.478,2.449
3241,2.380,2.449
3242,2.380,2.454
3243,2.444,2.449
3244,2.493,2.454
3245,2.502,2.449
3246,2.458,2.454
3247,2.380,2.449
3248,2.307,2.454
3249,2.263,2.454
3250,2.199,2.454
3251,2.278,2.454
3252,2.605,2.454
3253,3.045,2.454
3254,3.304,2.454
3255,3.250,2.454
3256,3.021,2.458
3257,2.747,2.454
3258,2.546,2.458
3259,2.434,2.454
3260,2.454,2.458
3261,2.546,2.454
3262,2.610,2.458
3263,2.610,2.454
3264,2.537,2.458
3265,2.439,2.458
3266,2.346,2.458
3267,2.273,2.458
3268,2.239,2.458
3269,2.219,2.458
3270,2.209,2.458
3271,2.243,2.458
3272,2.512,2.458
3273,2.986,2.449
3274,3.368,2.434
3275,3.431,2.439
3276,3.236,2.434
3277,2.937,2.444
3278,2.683,2.444
3279,2.483,2.454
3280,2.380,2.454
3281,2.385,2.458
3282,2.444,2.458
3283,2.498,2.458
3284,2.502,2.458
3285,2.439,2.463
3286,2.361,2.458
3287,2.278,2.463
3288,2.214,2.458
3289,2.185,2.463
3290,2.175,2.463
3291,2.170,2.463
3292,2.185,2.463
3293,2.356,2.463
3294,2.801,2.463
3295,3.226,2.463
3296,3.387,2.468
3297,3.240,2.463
3298,2.947,2.463
3299,2.620,2.458
3300,2.429,2.458
3301,2.331,2.458
3302,2.336,2.458
3303,2.400,2.458
3304,2.449,2.458
3305,2.454,2.458
3306,2.410,2.463
3307,2.336,2.463
3308,2.268,2.463
3309,2.219,2.463
3310,2.175,2.463
3311,2.165,2.463
3312,2.155,2.463
3313,2.146,2.463
3314,2.160,2.463
3315,2.317,2.463
3316,2.732,2.463
3317,3.152,2.463
3318,3.319,2.463
3319,3.182,2.468
3320,2.898,2.463
3321,2.615,2.468
3322,2.395,2.463
3323,2.287,2.468
3324,2.283,2.463
3325,2.341,2.468
3326,2.405,2.463
3327,2.429,2.468
3328,2.400,2.468
3329,2.326,2.468
3330,2.258,2.468
3331,2.209,2.468
3332,2.175,2.468
3333,2.165,2.468
3334,2.170,2.468
3335,2.170,2.468
3336,2.170,2.468
3337,2.239,2.468
3338,2.546,2.468
3339,3.006,2.468
3340,3.289,2.468
3341,3.265,2.468
3342,2.996,2.468
3343,2.678,2.468
3344,2.419,2.468
3345,2.253,2.463
3346,2.204,2.468
3347,2.258,2.463
3348,2.336,2.468
3349,2.390,2.463
3350,2.385,2.463
3351,2.351,2.458
3352,2.287,2.463
3353,2.224,2.458
3354,2.180,2.463
3355,2.160,2.458
3356,2.146,2.458
3357,2.151,2.458
3358,2.146,2.458
3359,2.175,2.458
3360,2.370,2.454
3361,2.771,2.458
3362,3.128,2.454
3363,3.216,2.454
3364,3.040,2.454
3365,2.752,2.454
3366,2.493,2.454
3367,2.312,2.454
3368,2.253,2.449
3369,2.317,2.454
3370,2.424,2.449
3371,2.512,2.454
3372,2.546,2.449
3373,2.522,2.449
3374,2.502,2.449
3375,2.512,2.449
3376,2.522,2.449
3377,2.512,2.449
3378,2.458,2.449
3379,2.414,2.449
3380,2.502,2.449
3381,2.771,2.444
3382,3.021,2.449
3383,3.089,2.444
3384,2.937,2.449
3385,2.688,2.444
3386,2.429,2.449
3387,2.219,2.444
3388,2.097,2.449
3389,2.082,2.444
3390,2.151,2.449
3391,2.248,2.444
3392,2.322,2.449
3393,2.336,2.449
3394,2.307,2.449
3395,2.263,2.449
3396,2.224,2.449
3397,2.195,2.449
3398,2.190,2.449
3399,2.195,2.449
3400,2.199,2.449
3401,2.302,2.449
3402,2.620,2.449
3403,3.001,2.449
3404,3.187,2.449
3405,3.109,2.449
3406,2.854,2.449
3407,2.581,2.449
3408,2.341,2.449
3409,2.219,2.454
3410,2.214,2.449
3411,2.283,2.454
3412,2.361,2.449
3413,2.405,2.454
3414,2.390,2.454
3415,2.346,2.454
3416,2.292,2.454
3417,2.239,2.454
3418,2.219,2.454
3419,2.209,2.454
3420,2.199,2.454
3421,2.239,2.454
3422,2.449,2.454
3423,2.840,2.454
3424,3.162,2.458
3425,3.236,2.454
3426,3.060,2.458
3427,2.781,2.454
3428,2.532,2.458
3429,2.346,2.458
3430,2.278,2.458
3431,2.307,2.458
3432,2.380,2.458
3433,2.444,2.458
3434,2.463,2.458
3435,2.434,2.458
3436,2.366,2.458
3437,2.297,2.458
3438,2.243,2.458
3439,2.214,2.458
3440,2.199,2.458
3441,2.195,2.463
3442,2.297,2.458
3443,2.634,2.463
3444,3.069,2.458
3445,3.314,2.463
3446,3.265,2.458
3447,3.021,2.463
3448,2.732,2.458
3449,2.493,2.463
3450,2.351,2.458
3451,2.317,2.458
3452,2.366,2.458
3453,2.434,2.458
3454,2.483,2.454
3455,2.473,2.458
3456,2.419,2.454
3457,2.356,2.454
3458,2.292,2.454
3459,2.243,2.454
3460,2.219,2.449
3461,2.214,2.449
3462,2.209,2.449
3463,2.263,2.449
3464,2.532,2.449
3465,2.972,2.444
3466,3.289,2.444
3467,3.309,2.444
3468,3.104,2.444
3469,2.820,2.439
3470,2.546,2.444
3471,2.395,2.439
3472,2.351,2.439
3473,2.395,2.439
3474,2.468,2.439
3475,2.507,2.434
3476,2.493,2.434
3477,2.434,2.434
3478,2.366,2.434
3479,2.302,2.434
3480,2.258,2.434
3481,2.239,2.434
3482,2.219,2.429
3483,2.209,2.429
3484,2.292,2.429
3485,2.630,2.429
3486,3.060,2.424
3487,3.319,2.429
3488,3.270,2.424
3489,3.025,2.424
3490,2.742,2.424
3491,2.507,2.424
3492,2.366,2.419
3493,2.336,2.424
3494,2.385,2.419
3495,2.458,2.424
3496,2.493,2.419
3497,2.473,2.424
3498,2.414,2.419
3499,2.351,2.419
3500,2.287,2.419
3501,2.243,2.419
3502,2.229,2.419
3503,2.224,2.419
3504,2.219,2.419
3505,2.229,2.419
3506,2.395,2.419
3507,2.805,2.419
3508,3.211,2.419
3509,3.358,2.419
3510,3.201,2.419
3511,2.913,2.419
3512,2.639,2.419
3513,2.449,2.419
3514,2.356,2.419
3515,2.375,2.419
3516,2.468,2.419
3517,2.551,2.419
3518,2.595,2.419
3519,2.590,2.419
3520,2.542,2.419
3521,2.458,2.419
3522,2.380,2.419
3523,2.317,2.419
3524,2.278,2.419
3525,2.258,2.419
3526,2.302,2.419
3527,2.644,2.424
3528,3.094,2.419
3529,3.382,2.424
3530,3.353,2.419
3531,3.104,2.424
3532,2.810,2.424
3533,2.571,2.424
3534,2.414,2.424
3535,2.361,2.424
3536,2.385,2.424
3537,2.429,2.424
3538,2.439,2.424
3539,2.429,2.424
3540,2.385,2.424
3541,2.326,2.424
3542,2.273,2.429
3543,2.229,2.424
3544,2.214,2.429
3545,2.204,2.424
3546,2.195,2.429
3547,2.243,2.429
3548,2.507,2.429
3549,2.957,2.429
3550,3.304,2.429
3551,3.348,2.429
3552,3.138,2.434
3553,2.840,2.429
3554,2.576,2.429
3555,2.385,2.429
3556,2.326,2.429
3557,2.346,2.429
3558,2.410,2.429
3559,2.463,2.434
3560,2.463,2.429
3561,2.419,2.434
3562,2.351,2.429
3563,2.287,2.434
3564,2.234,2.429
3565,2.199,2.434
3566,2.190,2.429
3567,2.185,2.434
3568,2.185,2.429
3569,2.243,2.434
3570,2.527,2.434
3571,2.972,2.434
3572,3.289,2.434
3573,3.304,2.434
3574,3.079,2.434
3575,2.776,2.434
3576,2.532,2.434
3577,2.370,2.439
3578,2.312,2.434
3579,2.346,2.439
3580,2.410,2.434
3581,2.458,2.439
3582,2.458,2.434
3583,2.400,2.434
3584,2.331,2.439
3585,2.268,2.434
3586,2.224,2.439
3587,2.199,2.434
3588,2.190,2.439
3589,2.180,2.434
3590,2.180,2.439
3591,2.175,2.439
3592,2.292,2.439
3593,2.649,2.439
3594,3.079,2.439
3595,3.309,2.439
3596,3.240,2.439
3597,2.967,2.439
3598,2.674,2.439
3599,2.439,2.439
3600,2.312,2.439
3601,2.307,2.439
3602,2.380,2.439
3603,2.458,2.444
3604,2.493,2.439
3605,2.468,2.444
3606,2.405,2.444
3607,2.331,2.444
3608,2.273,2.444
3609,2.239,2.444
3610,2.219,2.444
3611,2.214,2.444
3612,2.199,2.444
3613,2.199,2.444
3614,2.283,2.444
3615,2.615,2.444
3616,3.035,2.444
3617,3.275,2.449
3618,3.221,2.444
3619,2.967,2.449
3620,2.669,2.444
3621,2.429,2.449
3622,2.297,2.449
3623,2.278,2.449
3624,2.336,2.449
3625,2.414,2.449
3626,2.454,2.449
3627,2.429,2.449
3628,2.380,2.449
3629,2.317,2.449
3630,2.263,2.449
3631,2.219,2.449
3632,2.195,2.449
3633,2.185,2.449
3634,2.180,2.449
3635,2.180,2.449
3636,2.180,2.449
3637,2.219,2.449
3638,2.454,2.449
3639,2.898,2.449
3640,3.289,2.449
3641,3.314,2.454
3642,3.079,2.449
3643,2.771,2.454
3644,2.507,2.449
3645,2.346,2.454
3646,2.292,2.454
3647,2.336,2.454
3648,2.419,2.454
3649,2.473,2.454
3650,2.463,2.454
3651,2.419,2.454
3652,2.361,2.454
3653,2.302,2.454
3654,2.253,2.454
3655,2.219,2.454
3656,2.204,2.454
3657,2.195,2.454
3658,2.195,2.454
3659,2.195,2.454
3660,2.195,2.458
3661,2.224,2.454
3662,2.444,2.458
3663,2.879,2.454
3664,3.265,2.458
3665,3.353,2.454
3666,3.172,2.458
3667,2.864,2.454
3668,2.581,2.458
3669,2.351,2.458
3670,2.307,2.458
3671,2.356,2.458
3672,2.434,2.458
3673,2.478,2.458
3674,2.483,2.458
3675,2.434,2.458
3676,2.370,2.458
3677,2.312,2.458
3678,2.273,2.458
3679,2.243,2.458
3680,2.224,2.458
3681,2.224,2.458
3682,2.219,2.458
3683,2.224,2.463
3684,2.229,2.458
3685,2.292,2.463
3686,2.600,2.458
3687,3.074,2.463
3688,3.392,2.463
3689,3.402,2.463
3690,3.152,2.463
3691,2.825,2.463
3692,2.551,2.463
3693,2.375,2.463
3694,2.336,2.463
3695,2.385,2.463
3696,2.473,2.463
3697,2.537,2.458
3698,2.522,2.463
3699,2.458,2.463
3700,2.370,2.463
3701,2.287,2.463
3702,2.239,2.463
3703,2.204,2.463
3704,2.175,2.463
3705,2.155,2.463
3706,2.151,2.463
3707,2.141,2.463
3708,2.175,2.468
3709,2.410,2.463
3710,2.825,2.463
3711,3.167,2.468
3712,3.250,2.468
3713,3.079,2.468
3714,2.801,2.468
3715,2.551,2.468
3716,2.361,2.468
3717,2.283,2.468
3718,2.302,2.468
3719,2.375,2.468
3720,2.444,2.468
3721,2.468,2.468
3722,2.439,2.468
3723,2.390,2.468
3724,2.336,2.468
3725,2.292,2.468
3726,2.273,2.468
3727,2.263,2.468
3728,2.248,2.468
3729,2.239,2.473
3730,2.219,2.468
3731,2.268,2.473
3732,2.537,2.468
3733,2.952,2.473
3734,3.236,2.468
3735,3.250,2.473
3736,3.035,2.473
3737,2.752,2.473
3738,2.512,2.473
3739,2.361,2.473
3740,2.322,2.473
3741,2.366,2.473
3742,2.439,2.473
3743,2.488,2.473
3744,2.488,2.473
3745,2.444,2.473
3746,2.390,2.473
3747,2.326,2.473
3748,2.283,2.473
3749,2.258,2.473
3750,2.243,2.473
3751,2.229,2.473
3752,2.239,2.478
3753,2.424,2.473
3754,2.884,2.473
3755,3.206,2.478
3756,3.265,2.473
3757,3.079,2.478
3758,2.801,2.473
3759,2.546,2.478
3760,2.366,2.473
3761,2.302,2.478
3762,2.336,2.473
3763,2.414,2.478
3764,2.468,2.478
3765,2.473,2.478
3766,2.429,2.478
3767,2.375,2.478
3768,2.322,2.478
3769,2.278,2.478
3770,2.243,2.478
3771,2.224,2.478
3772,2.219,2.478
3773,2.219,2.478
3774,2.214,2.478
3775,2.278,2.478
3776,2.581,2.478
3777,3.025,2.478
3778,3.328,2.478
3779,3.343,2.478
3780,3.109,2.483
3781,2.805,2.478
3782,2.561,2.483
3783,2.390,2.478
3784,2.351,2.483
3785,2.400,2.478
3786,2.473,2.483
3787,2.527,2.478
3788,2.527,2.483
3789,2.473,2.478
3790,2.400,2.483
3791,2.331,2.483
3792,2.283,2.483
3793,2.248,2.483
3794,2.243,2.483
3795,2.243,2.483
3796,2.243,2.483
3797,2.243,2.483
3798,2.356,2.483
3799,2.717,2.483
3800,3.148,2.483
3801,3.358,2.483
3802,3.284,2.483
3803,3.021,2.488
3804,2.732,2.483
3805,2.517,2.488
3806,2.385,2.483
3807,2.380,2.488
3808,2.449,2.483
3809,2.532,2.483
3810,2.566,2.483
3811,2.542,2.483
3812,2.478,2.483
3813,2.405,2.483
3814,2.351,2.483
3815,2.312,2.483
3816,2.292,2.483
3817,2.278,2.483
3818,2.273,2.483
3819,2.356,2.483
3820,2.683,2.483
3821,3.094,2.478
3822,3.314,2.483
3823,3.260,2.478
3824,3.016,2.483
3825,2.752,2.478
3826,2.537,2.483
3827,2.395,2.478
3828,2.370,2.483
3829,2.419,2.478
3830,2.493,2.483
3831,2.522,2.478
3832,2.507,2.478
3833,2.449,2.478
3834,2.380,2.478
3835,2.312,2.478
3836,2.278,2.478
3837,2.248,2.478
3838,2.239,2.478
3839,2.234,2.478
3840,2.234,2.478
3841,2.312,2.478
3842,2.644,2.478
3843,3.109,2.478
3844,3.397,2.478
3845,3.387,2.478
3846,3.148,2.478
3847,2.874,2.478
3848,2.649,2.473
3849,2.473,2.478
3850,2.395,2.473
3851,2.419,2.478
3852,2.483,2.473
3853,2.527,2.478
3854,2.522,2.473
3855,2.483,2.478
3856,2.414,2.473
3857,2.341,2.478
3858,2.283,2.473
3859,2.239,2.478
3860,2.214,2.473
3861,2.199,2.478
3862,2.195,2.478
3863,2.239,2.483
3864,2.493,2.483
3865,2.962,2.488
3866,3.338,2.488
3867,3.412,2.498
3868,3.182,2.498
3869,2.889,2.498
3870,2.644,2.502
3871,2.463,2.502
3872,2.361,2.507
3873,2.361,2.502
3874,2.419,2.507
3875,2.449,2.498
3876,2.419,2.498
3877,2.341,2.493
3878,2.253,2.488
3879,2.297,2.483
3880,2.366,2.488
3881,2.400,2.483
3882,2.507,2.488
3883,2.830,2.483
3884,3.201,2.488
3885,3.368,2.488
3886,3.265,2.498
3887,3.006,2.502
3888,2.747,2.512
3889,2.532,2.517
3890,2.400,2.522
3891,2.375,2.527
3892,2.419,2.527
3893,2.488,2.532
3894,2.532,2.532
3895,2.502,2.537
3896,2.419,2.537
3897,2.336,2.537
3898,2.258,2.537
3899,2.204,2.537
3900,2.170,2.537
3901,2.190,2.537
3902,2.424,2.537
3903,2.849,2.542
3904,3.182,2.542
3905,3.260,2.542
3906,3.109,2.542
3907,2.854,2.542
3908,2.610,2.542
3909,2.414,2.542
3910,2.317,2.542
3911,2.331,2.542
3912,2.410,2.546
3913,2.463,2.542
3914,2.463,2.546
3915,2.414,2.542
3916,2.351,2.546
3917,2.292,2.542
3918,2.248,2.546
3919,2.224,2.542
3920,2.214,2.546
3921,2.400,2.546
3922,2.825,2.546
3923,3.236,2.546
3924,3.368,2.546
3925,3.182,2.546
3926,2.898,2.542
3927,2.654,2.546
3928,2.468,2.542
3929,2.370,2.546
3930,2.366,2.542
3931,2.434,2.546
3932,2.488,2.542
3933,2.498,2.542
3934,2.454,2.537
3935,2.385,2.537
3936,2.317,2.532
3937,2.258,2.532
3938,2.214,2.527
3939,2.195,2.527
3940,2.263,2.522
3941,2.595,2.522
3942,3.055,2.517
3943,3.333,2.517
3944,3.294,2.512
3945,3.065,2.507
3946,2.801,2.507
3947,2.586,2.502
3948,2.424,2.498
3949,2.346,2.498
3950,2.356,2.493
3951,2.400,2.488
3952,2.444,2.488
3953,2.439,2.483
3954,2.390,2.483
3955,2.312,2.478
3956,2.243,2.478
3957,2.204,2.468
3958,2.175,2.468
3959,2.180,2.463
3960,2.405,2.463
3961,2.879,2.458
3962,3.280,2.458
3963,3.368,2.454
3964,3.182,2.454
3965,2.879,2.444
3966,2.615,2.444
3967,2.424,2.439
3968,2.317,2.439
3969,2.297,2.434
3970,2.341,2.429
3971,2.405,2.424
3972,2.419,2.424
3973,2.390,2.419
3974,2.336,2.414
3975,2.283,2.410
3976,2.239,2.405
3977,2.199,2.405
3978,2.170,2.400
3979,2.224,2.395
3980,2.532,2.390
3981,3.006,2.390
3982,3.324,2.380
3983,3.255,2.380
3984,2.986,2.375
3985,2.688,2.375
3986,2.458,2.370
3987,2.312,2.366
3988,2.258,2.361
3989,2.287,2.356
3990,2.351,2.351
3991,2.385,2.351
3992,2.385,2.346
3993,2.326,2.341
3994,2.263,2.336
3995,2.209,2.331
3996,2.165,2.331
3997,2.141,2.326
3998,2.126,2.322
3999,2.141,2.322
4000,2.351,2.322
4001,2.805,2.317
4002,3.206,2.317
4003,3.289,2.312
4004,3.084,2.317
4005,2.732,2.312
4006,2.488,2.312
4007,2.312,2.307
4008,2.234,2.307
4009,2.258,2.307
4010,2.336,2.302
4011,2.380,2.302
4012,2.385,2.297
4013,2.346,2.297
4014,2.283,2.292
4015,2.224,2.292
4016,2.175,2.287
4017,2.141,2.292
4018,2.126,2.283
4019,2.121,2.287
4020,2.180,2.283
4021,2.478,2.283
4022,2.933,2.278
4023,3.211,2.283
4024,3.187,2.278
4025,2.942,2.278
4026,2.659,2.278
4027,2.434,2.278
4028,2.283,2.273
4029,2.248,2.278
4030,2.307,2.273
4031,2.400,2.273
4032,2.439,2.273
4033,2.424,2.273
4034,2.356,2.273
4035,2.287,2.273
4036,2.224,2.273
4037,2.190,2.273
4038,2.165,2.273
4039,2.155,2.268
4040,2.297,2.273
4041,2.703,2.268
4042,3.104,2.273
4043,3.250,2.268
4044,3.118,2.273
4045,2.859,2.268
4046,2.566,2.273
4047,2.375,2.273
4048,2.287,2.273
4049,2.297,2.273
4050,2.361,2.273
4051,2.424,2.273
4052,2.434,2.273
4053,2.385,2.273
4054,2.312,2.273
4055,2.243,2.273
4056,2.199,2.273
4057,2.175,2.273
4058,2.170,2.273
4059,2.170,2.273
4060,2.317,2.273
4061,2.717,2.273
4062,3.157,2.273
4063,3.338,2.278
4064,3.216,2.273
4065,2.933,2.278
4066,2.649,2.273
4067,2.414,2.278
4068,2.297,2.278
4069,2.278,2.278
4070,2.326,2.278
4071,2.385,2.278
4072,2.419,2.278
4073,2.390,2.283
4074,2.322,2.283
4075,2.253,2.283
4076,2.204,2.283
4077,2.175,2.283
4078,2.155,2.283
4079,2.146,2.283
4080,2.204,2.283
4081,2.522,2.283
4082,2.981,2.287
4083,3.255,2.283
4084,3.221,2.287
4085,2.981,2.287
4086,2.698,2.287
4087,2.463,2.287
4088,2.302,2.292
4089,2.253,2.287
4090,2.283,2.292
4091,2.346,2.292
4092,2.395,2.292
4093,2.390,2.292
4094,2.346,2.297
4095,2.273,2.297
4096,2.229,2.297
4097,2.190,2.297
4098,2.165,2.297
4099,2.160,2.297
4100,2.160,2.297
4101,2.209,2.302
4102,2.502,2.297
4103,2.962,2.302
4104,3.270,2.302
4105,3.270,2.302
4106,3.035,2.302
4107,2.732,2.302
4108,2.473,2.302
4109,2.312,2.307
4110,2.253,2.302
4111,2.287,2.307
4112,2.361,2.307
4113,2.419,2.307
4114,2.424,2.307
4115,2.375,2.312
4116,2.317,2.307
4117,2.258,2.312
4118,2.219,2.307
4119,2.199,2.312
4120,2.185,2.307
4121,2.180,2.312
4122,2.224,2.307
4123,2.473,2.312
4124,2.962,2.312
4125,3.265,2.312
4126,3.265,2.312
4127,3.030,2.312
4128,2.732,2.312
4129,2.478,2.312
4130,2.292,2.312
4131,2.263,2.312
4132,2.317,2.312
4133,2.390,2.312
4134,2.434,2.317
4135,2.429,2.312
4136,2.385,2.317
4137,2.322,2.317
4138,2.258,2.317
4139,2.209,2.317
4140,2.190,2.317
4141,2.185,2.317
4142,2.180,2.317
4143,2.234,2.317
4144,2.507,2.317
4145,2.962,2.317
4146,3.284,2.317
4147,3.284,2.317
4148,3.030,2.317
4149,2.703,2.317
4150,2.439,2.317
4151,2.278,2.322
4152,2.248,2.317
4153,2.336,2.322
4154,2.429,2.317
4155,2.483,2.322
4156,2.468,2.322
4157,2.414,2.322
4158,2.346,2.322
4159,2.292,2.322
4160,2.263,2.322
4161,2.248,2.322
4162,2.239,2.322
4163,2.278,2.326
4164,2.527,2.322
4165,2.952,2.326
4166,3.275,2.326
4167,3.294,2.326
4168,3.069,2.326
4169,2.771,2.326
4170,2.512,2.326
4171,2.341,2.326
4172,2.297,2.331
4173,2.361,2.326
4174,2.439,2.331
4175,2.478,2.326
4176,2.468,2.331
4177,2.405,2.326
4178,2.336,2.331
4179,2.278,2.331
4180,2.239,2.331
4181,2.214,2.331
4182,2.209,2.331
4183,2.278,2.331
4184,2.600,2.331
4185,3.045,2.336
4186,3.299,2.331
4187,3.245,2.336
4188,2.986,2.331
4189,2.688,2.336
4190,2.458,2.336
4191,2.312,2.336
4192,2.278,2.336
4193,2.331,2.341
4194,2.405,2.336
4195,2.454,2.341
4196,2.444,2.336
4197,2.395,2.341
4198,2.322,2.336
4199,2.268,2.341
4200,2.224,2.336
4201,2.209,2.341
4202,2.204,2.341
4203,2.199,2.341
4204,2.258,2.341
4205,2.566,2.341
4206,3.035,2.341
4207,3.358,2.346
4208,3.353,2.341
4209,3.060,2.341
4210,2.757,2.346
4211,2.522,2.341
4212,2.375,2.346
4213,2.326,2.346
4214,2.356,2.346
4215,2.434,2.346
4216,2.478,2.351
4217,2.473,2.346
4218,2.424,2.351
4219,2.361,2.346
4220,2.297,2.351
4221,2.258,2.346
4222,2.239,2.351
4223,2.234,2.346
4224,2.224,2.351
4225,2.258,2.351
4226,2.512,2.351
4227,2.977,2.351
4228,3.358,2.356
4229,3.421,2.351
4230,3.221,2.356
4231,2.923,2.351
4232,2.669,2.356
4233,2.473,2.356
4234,2.366,2.356
4235,2.351,2.356
4236,2.405,2.356
4237,2.458,2.356
4238,2.458,2.356
4239,2.414,2.361
4240,2.356,2.356
4241,2.297,2.361
4242,2.258,2.356
4243,2.234,2.361
4244,2.229,2.356
4245,2.219,2.361
4246,2.214,2.356
4247,2.341,2.361
4248,2.747,2.361
4249,3.196,2.361
4250,3.412,2.361
4251,3.324,2.366
4252,3.060,2.361
4253,2.796,2.366
4254,2.590,2.361
4255,2.449,2.366
4256,2.395,2.366
4257,2.429,2.366
4258,2.483,2.366
4259,2.512,2.366
4260,2.498,2.366
4261,2.449,2.366
4262,2.375,2.366
4263,2.307,2.366
4264,2.263,2.370
4265,2.239,2.366
4266,2.219,2.370
4267,2.214,2.366
4268,2.239,2.370
4269,2.458,2.370
4270,2.928,2.370
4271,3.343,2.370
4272,3.465,2.370
4273,3.289,2.370
4274,2.972,2.370
4275,2.698,2.370
4276,2.483,2.370
4277,2.375,2.375
4278,2.361,2.370
4279,2.419,2.375
4280,2.488,2.370
4281,2.507,2.375
4282,2.473,2.370
4283,2.410,2.375
4284,2.336,2.375
4285,2.278,2.375
4286,2.243,2.375
4287,2.219,2.375
4288,2.209,2.375
4289,2.204,2.375
4290,2.204,2.375
4291,2.351,2.380
4292,2.771,2.375
4293,3.221,2.380
4294,3.402,2.375
4295,3.240,2.380
4296,2.933,2.380
4297,2.625,2.380
4298,2.400,2.380
4299,2.302,2.380
4300,2.312,2.380
4301,2.380,2.380
4302,2.439,2.380
4303,2.449,2.380
4304,2.410,2.385
4305,2.351,2.380
4306,2.283,2.385
4307,2.234,2.380
4308,2.199,2.385
4309,2.180,2.380
4310,2.170,2.385
4311,2.165,2.380
4312,2.155,2.385
4313,2.214,2.385
4314,2.502,2.385
4315,2.957,2.385
4316,3.260,2.385
4317,3.250,2.385
4318,3.011,2.390
4319,2.713,2.385
4320,2.473,2.390
4321,2.312,2.385
4322,2.268,2.390
4323,2.326,2.390
4324,2.414,2.385
4325,2.458,2.390
4326,2.463,2.390
4327,2.419,2.390
4328,2.366,2.390
4329,2.307,2.390
4330,2.268,2.390
4331,2.243,2.395
4332,2.224,2.390
4333,2.204,2.395
4334,2.204,2.390
4335,2.302,2.395
4336,2.649,2.390
4337,3.084,2.395
4338,3.319,2.395
4339,3.250,2.395
4340,3.001,2.395
4341,2.717,2.395
4342,2.478,2.395
4343,2.326,2.395
4344,2.292,2.395
4345,2.336,2.395
4346,2.410,2.395
4347,2.454,2.395
4348,2.434,2.400
4349,2.390,2.400
4350,2.341,2.400
4351,2.302,2.395
4352,2.283,2.400
4353,2.263,2.395
4354,2.253,2.400
4355,2.234,2.400
4356,2.214,2.400
4357,2.331,2.400
4358,2.708,2.405
4359,3.133,2.400
4360,3.343,2.405
4361,3.250,2.400
4362,2.967,2.405
4363,2.674,2.400
4364,2.444,2.405
4365,2.326,2.400
4366,2.326,2.405
4367,2.390,2.405
4368,2.463,2.405
4369,2.493,2.405
4370,2.468,2.405
4371,2.405,2.405
4372,2.331,2.405
4373,2.283,2.405
4374,2.253,2.405
4375,2.234,2.405
4376,2.224,2.405
4377,2.204,2.410
4378,2.248,2.405
4379,2.537,2.410
4380,3.079,2.405
4381,3.358,2.410
4382,3.280,2.410
4383,2.996,2.410
4384,2.698,2.410
4385,2.473,2.410
4386,2.331,2.410
4387,2.292,2.410
4388,2.336,2.410
4389,2.405,2.410
4390,2.424,2.414
4391,2.395,2.410
4392,2.322,2.414
4393,2.224,2.410
4394,2.136,2.414
4395,2.082,2.410
4396,2.077,2.414
4397,2.111,2.410
4398,2.160,2.414
4399,2.224,2.414
4400,2.434,2.414
4401,2.786,2.414
4402,3.050,2.414
4403,3.065,2.414
4404,2.884,2.419
4405,2.678,2.414
4406,2.517,2.419
4407,2.419,2.414
4408,2.395,2.414
4409,2.419,2.419
4410,2.473,2.414
4411,2.512,2.419
4412,2.522,2.414
4413,2.493,2.419
4414,2.434,2.419
4415,2.361,2.419
4416,2.292,2.419
4417,2.239,2.419
4418,2.199,2.419
4419,2.219,2.419
4420,2.449,2.419
4421,2.879,2.419
4422,3.192,2.419
4423,3.221,2.424
4424,3.001,2.419
4425,2.752,2.419
4426,2.532,2.419
4427,2.361,2.419
4428,2.302,2.424
4429,2.351,2.424
4430,2.429,2.424
4431,2.478,2.424
4432,2.463,2.424
4433,2.400,2.424
4434,2.317,2.424
4435,2.243,2.424
4436,2.199,2.424
4437,2.170,2.424
4438,2.160,2.429
4439,2.253,2.424
4440,2.595,2.429
4441,3.021,2.424
4442,3.236,2.429
4443,3.162,2.429
4444,2.913,2.429
4445,2.659,2.429
4446,2.458,2.429
4447,2.331,2.429
4448,2.292,2.429
4449,2.326,2.429
4450,2.385,2.429
4451,2.424,2.429
4452,2.414,2.429
4453,2.366,2.429
4454,2.312,2.429
4455,2.263,2.434
4456,2.219,2.429
4457,2.199,2.434
4458,2.195,2.429
4459,2.243,2.434
4460,2.517,2.429
4461,2.947,2.434
4462,3.226,2.434
4463,3.201,2.434
4464,2.986,2.434
4465,2.698,2.434
4466,2.483,2.434
4467,2.341,2.434
4468,2.307,2.429
4469,2.366,2.434
4470,2.449,2.429
4471,2.493,2.429
4472,2.468,2.429
4473,2.410,2.429
4474,2.341,2.429
4475,2.283,2.429
4476,2.253,2.424
4477,2.248,2.424
4478,2.253,2.424
4479,2.414,2.419
4480,2.810,2.419
4481,3.157,2.419
4482,3.245,2.419
4483,3.094,2.414
4484,2.840,2.414
4485,2.600,2.410
4486,2.410,2.410
4487,2.322,2.405
4488,2.346,2.405
4489,2.419,2.400
4490,2.478,2.400
4491,2.473,2.395
4492,2.424,2.395
4493,2.356,2.390
4494,2.283,2.390
4495,2.248,2.385
4496,2.229,2.385
4497,2.219,2.380
4498,2.287,2.375
4499,2.600,2.375
4500,3.040,2.370
4501,3.304,2.366
4502,3.275,2.366
4503,3.050,2.361
4504,2.786,2.356
4505,2.561,2.356
4506,2.410,2.351
4507,2.361,2.351
4508,2.395,2.341
4509,2.458,2.341
4510,2.493,2.336
4511,2.463,2.331
4512,2.405,2.326
4513,2.326,2.326
4514,2.278,2.322
4515,2.248,2.317
4516,2.234,2.312
4517,2.229,2.312
4518,2.346,2.307
4519,2.742,2.307
4520,3.182,2.302
4521,3.368,2.297
4522,3.231,2.297
4523,2.962,2.292
4524,2.708,2.292
4525,2.512,2.287
4526,2.395,2.287
4527,2.375,2.278
4528,2.429,2.283
4529,2.488,2.273
4530,2.507,2.273
4531,2.473,2.268
4532,2.405,2.268
4533,2.336,2.263
4534,2.287,2.268
4535,2.253,2.258
4536,2.234,2.263
4537,2.224,2.258
4538,2.283,2.258
4539,2.605,2.253
4540,3.089,2.253
4541,3.397,2.248
4542,3.377,2.248
4543,3.143,2.248
4544,2.849,2.248
4545,2.600,2.243
4546,2.434,2.243
4547,2.370,2.243
4548,2.400,2.243
4549,2.478,2.243
4550,2.507,2.239
4551,2.463,2.239
4552,2.390,2.239
4553,2.322,2.239
4554,2.268,2.239
4555,2.229,2.239
4556,2.214,2.239
4557,2.199,2.239
4558,2.185,2.243
4559,2.258,2.239
4560,2.595,2.243
4561,3.079,2.243
4562,3.348,2.243
4563,3.299,2.243
4564,3.035,2.248
4565,2.737,2.243
4566,2.502,2.248
4567,2.346,2.248
4568,2.297,2.253
4569,2.356,2.248
4570,2.424,2.253
4571,2.454,2.253
4572,2.434,2.253
4573,2.380,2.253
4574,2.297,2.258
4575,2.239,2.253
4576,2.199,2.258
4577,2.170,2.258
4578,2.155,2.263
4579,2.151,2.263
4580,2.141,2.263
4581,2.287,2.263
4582,2.693,2.263
4583,3.138,2.268
4584,3.314,2.268
4585,3.177,2.268
4586,2.889,2.268
4587,2.600,2.273
4588,2.375,2.273
4589,2.258,2.273
4590,2.263,2.273
4591,2.326,2.278
4592,2.400,2.278
4593,2.419,2.278
4594,2.395,2.278
4595,2.331,2.283
4596,2.268,2.278
4597,2.224,2.283
4598,2.190,2.283
4599,2.170,2.287
4600,2.151,2.283
4601,2.141,2.287
4602,2.141,2.287
4603,2.278,2.292
4604,2.659,2.287
4605,3.079,2.292
4606,3.240,2.292
4607,3.079,2.297
4608,2.801,2.297
4609,2.532,2.297
4610,2.326,2.297
4611,2.234,2.297
4612,2.234,2.302
4613,2.292,2.302
4614,2.322,2.302
4615,2.302,2.302
4616,2.248,2.307
4617,2.204,2.302
4618,2.185,2.307
4619,2.204,2.307
4620,2.234,2.312
4621,2.258,2.307
4622,2.258,2.312
4623,2.229,2.312
4624,2.243,2.312
4625,2.488,2.312
4626,2.903,2.317
4627,3.182,2.312
4628,3.177,2.317
4629,2.967,2.317
4630,2.688,2.317
4631,2.454,2.317
4632,2.302,2.322
4633,2.263,2.317
4634,2.336,2.322
4635,2.414,2.322
4636,2.449,2.322
4637,2.424,2.326
4638,2.366,2.322
4639,2.302,2.326
4640,2.253,2.326
4641,2.219,2.326
4642,2.190,2.326
4643,2.175,2.331
4644,2.224,2.326
4645,2.493,2.331
4646,2.933,2.331
4647,3.231,2.331
4648,3.236,2.331
4649,3.006,2.331
4650,2.722,2.331
4651,2.468,2.336
4652,2.292,2.336
4653,2.253,2.336
4654,2.312,2.336
4655,2.405,2.336
4656,2.458,2.336
4657,2.449,2.336
4658,2.395,2.341
4659,2.326,2.336
4660,2.263,2.341
4661,2.224,2.341
4662,2.204,2.341
4663,2.195,2.341
4664,2.214,2.341
4665,2.458,2.341
4666,2.923,2.341
4667,3.304,2.341
4668,3.363,2.346
4669,3.157,2.341
4670,2.845,2.346
4671,2.566,2.346
4672,2.375,2.346
4673,2.307,2.346
4674,2.336,2.346
4675,2.424,2.351
4676,2.488,2.346
4677,2.483,2.351
4678,2.429,2.346
4679,2.356,2.351
4680,2.292,2.351
4681,2.243,2.351
4682,2.224,2.351
4683,2.214,2.351
4684,2.214,2.351
4685,2.361,2.356
4686,2.776,2.351
4687,3.221,2.356
4688,3.387,2.351
4689,3.231,2.356
4690,2.923,2.351
4691,2.639,2.356
4692,2.424,2.356
4693,2.317,2.351
4694,2.326,2.356
4695,2.410,2.351
4696,2.478,2.351
4697,2.483,2.351
4698,2.444,2.351
4699,2.370,2.351
4700,2.302,2.351
4701,2.253,2.346
4702,2.219,2.351
4703,2.199,2.346
4704,2.195,2.346
4705,2.209,2.341
4706,2.439,2.346
4707,2.928,2.341
4708,3.348,2.341
4709,3.465,2.336
4710,3.270,2.341
4711,2.952,2.336
4712,2.669,2.336
4713,2.444,2.331
4714,2.351,2.331
4715,2.370,2.326
4716,2.434,2.326
4717,2.468,2.326
4718,2.458,2.326
4719,2.405,2.322
4720,2.336,2.322
4721,2.258,2.317
4722,2.209,2.312
4723,2.180,2.317
4724,2.175,2.312
4725,2.180,2.312
4726,2.234,2.307
4727,2.537,2.307
4728,3.011,2.302
4729,3.299,2.302
4730,3.265,2.302
4731,3.006,2.302
4732,2.708,2.297
4733,2.458,2.297
4734,2.317,2.292
4735,2.287,2.297
4736,2.351,2.292
4737,2.454,2.292
4738,2.517,2.287
4739,2.507,2.292
4740,2.439,2.287
4741,2.356,2.287
4742,2.278,2.287
4743,2.209,2.287
4744,2.170,2.283
4745,2.151,2.287
4746,2.136,2.283
4747,2.165,2.283
4748,2.419,2.283
4749,2.874,2.283
4750,3.221,2.283
4751,3.211,2.283
4752,2.977,2.283
4753,2.713,2.283
4754,2.454,2.283
4755,2.322,2.283
4756,2.292,2.283
4757,2.361,2.283
4758,2.434,2.283
4759,2.361,2.283
4760,2.273,2.283
4761,2.219,2.283
4762,2.170,2.283
4763,2.151,2.287
4764,2.141,2.287
4765,2.146,2.287
4766,2.146,2.287
4767,2.278,2.287
4768,2.698,2.287
4769,3.099,2.287
4770,3.275,2.292
4771,3.157,2.292
4772,2.840,2.292
4773,2.571,2.292
4774,2.341,2.292
4775,2.263,2.292
4776,2.297,2.297
4777,2.395,2.297
4778,2.488,2.297
4779,2.502,2.297
4780,2.439,2.302
4781,2.351,2.302
4782,2.268,2.302
4783,2.219,2.302
4784,2.209,2.302
4785,2.209,2.307
4786,2.209,2.307
4787,2.234,2.307
4788,2.454,2.307
4789,2.879,2.312
4790,3.211,2.307
4791,3.240,2.312
4792,3.021,2.312
4793,2.732,2.312
4794,2.483,2.312
4795,2.317,2.317
4796,2.283,2.317
4797,2.341,2.317
4798,2.424,2.317
4799,2.458,2.317
4800,2.434,2.322
4801,2.385,2.317
4802,2.326,2.322
4803,2.278,2.317
4804,2.239,2.322
4805,2.209,2.317
4806,2.195,2.322
4807,2.180,2.322
4808,2.214,2.317
4809,2.488,2.322
4810,2.952,2.317
4811,3.284,2.322
4812,3.309,2.317
4813,3.074,2.322
4814,2.766,2.317
4815,2.458,2.317
4816,2.307,2.317
4817,2.273,2.312
4818,2.326,2.317
4819,2.410,2.312
4820,2.468,2.312
4821,2.458,2.307
4822,2.395,2.312
4823,2.312,2.307
4824,2.229,2.307
4825,2.165,2.302
4826,2.131,2.302
4827,2.111,2.297
4828,2.082,2.302
4829,2.072,2.292
4830,2.190,2.297
4831,2.576,2.292
4832,3.035,2.292
4833,3.280,2.287
4834,3.211,2.287
4835,2.908,2.283
4836,2.605,2.283
4837,2.380,2.283
4838,2.263,2.278
4839,2.278,2.278
4840,2.361,2.273
4841,2.463,2.273
4842,2.507,2.268
4843,2.473,2.268
4844,2.410,2.263
4845,2.331,2.268
4846,2.273,2.263
4847,2.234,2.263
4848,2.209,2.258
4849,2.214,2.258
4850,2.302,2.253
4851,2.630,2.258
4852,3.025,2.253
4853,3.226,2.253
4854,3.148,2.248
4855,2.893,2.253
4856,2.625,2.248
4857,2.405,2.248
4858,2.292,2.243
4859,2.302,2.243
4860,2.380,2.243
4861,2.454,2.243
4862,2.473,2.239
4863,2.429,2.239
4864,2.366,2.239
4865,2.302,2.234
4866,2.248,2.239
4867,2.224,2.234
4868,2.209,2.234
4869,2.204,2.229
4870,2.224,2.234
4871,2.449,2.229
4872,2.903,2.229
4873,3.275,2.224
4874,3.338,2.229
4875,3.133,2.224
4876,2.830,2.224
4877,2.576,2.219
4878,2.395,2.219
4879,2.331,2.219
4880,2.370,2.219
4881,2.444,2.214
4882,2.493,2.214
4883,2.483,2.214
4884,2.439,2.209
4885,2.356,2.209
4886,2.307,2.204
4887,2.258,2.209
4888,2.243,2.204
4889,2.229,2.204
4890,2.224,2.199
4891,2.258,2.204
4892,2.561,2.199
4893,3.011,2.199
4894,3.304,2.199
4895,3.284,2.199
4896,3.045,2.199
4897,2.752,2.199
4898,2.517,2.199
4899,2.380,2.195
4900,2.356,2.199
4901,2.414,2.195
4902,2.488,2.199
4903,2.527,2.195
4904,2.507,2.195
4905,2.439,2.195
4906,2.356,2.195
4907,2.297,2.190
4908,2.253,2.190
4909,2.253,2.185
4910,2.248,2.190
4911,2.243,2.185
4912,2.346,2.185
4913,2.703,2.180
4914,3.128,2.180
4915,3.319,2.180
4916,3.226,2.175
4917,2.962,2.175
4918,2.693,2.170
4919,2.488,2.170
4920,2.375,2.165
4921,2.390,2.165
4922,2.463,2.160
4923,2.517,2.160
4924,2.522,2.155
4925,2.468,2.155
4926,2.395,2.151
4927,2.317,2.151
4928,2.268,2.146
4929,2.243,2.146
4930,2.229,2.141
4931,2.219,2.141
4932,2.224,2.141
4933,2.395,2.141
4934,2.820,2.136
4935,3.231,2.136
4936,3.372,2.136
4937,3.226,2.131
4938,2.947,2.131
4939,2.688,2.131
4940,2.502,2.131
4941,2.390,2.131
4942,2.395,2.131
4943,2.434,2.131
4944,2.483,2.131
4945,2.478,2.131
4946,2.434,2.131
4947,2.370,2.131
4948,2.302,2.131
4949,2.248,2.131
4950,2.214,2.126
4951,2.195,2.131
4952,2.185,2.131
4953,2.175,2.131
4954,2.229,2.131
4955,2.517,2.131
4956,2.981,2.131
4957,3.294,2.136
4958,3.304,2.131
4959,3.089,2.136
4960,2.815,2.131
4961,2.600,2.136
4962,2.454,2.136
4963,2.390,2.141
4964,2.410,2.136
4965,2.468,2.141
4966,2.502,2.136
4967,2.498,2.141
4968,2.449,2.141
4969,2.380,2.146
4970,2.326,2.146
4971,2.292,2.146
4972,2.273,2.146
4973,2.263,2.151
4974,2.258,2.151
4975,2.331,2.151
4976,2.664,2.151
4977,3.123,2.155
4978,3.289,2.155
4979,3.192,2.155
4980,2.952,2.160
4981,2.717,2.160
4982,2.527,2.160
4983,2.410,2.160
4984,2.390,2.165
4985,2.439,2.165
4986,2.483,2.165
4987,2.483,2.165
4988,2.439,2.170
4989,2.375,2.170
4990,2.322,2.170
4991,2.273,2.170
4992,2.243,2.175
4993,2.224,2.170
4994,2.209,2.175
4995,2.204,2.175
4996,2.209,2.175
4997,2.385,2.175
4998,2.805,2.180
4999,3.211,2.180
5000,3.353,2.180
5001,3.221,2.180
5002,2.962,2.180
5003,2.722,2.185
5004,2.542,2.185
5005,2.419,2.185
5006,2.405,2.185
5007,2.449,2.185
5008,2.493,2.185
5009,2.493,2.190
5010,2.454,2.185
5011,2.268,2.190
5012,2.243,2.195
5013,2.248,2.190
5014,2.263,2.195
5015,2.283,2.195
5016,2.278,2.195
5017,2.395,2.195
5018,2.771,2.195
5019,3.196,2.195
5020,3.387,2.199
5021,3.299,2.199
5022,3.050,2.199
5023,2.815,2.199
5024,2.630,2.199
5025,2.493,2.199
5026,2.454,2.199
5027,2.488,2.199
5028,2.537,2.199
5029,2.546,2.199
5030,2.507,2.199
5031,2.434,2.199
5032,2.361,2.199
5033,2.287,2.199
5034,2.234,2.199
5035,2.209,2.199
5036,2.199,2.199
5037,2.199,2.199
5038,2.195,2.199
5039,2.219,2.199
5040,2.444,2.199
5041,2.908,2.204
5042,3.314,2.199
5043,3.416,2.204
5044,3.245,2.204
5045,2.952,2.204
5046,2.698,2.204
5047,2.507,2.204
5048,2.400,2.204
5049,2.380,2.204
5050,2.424,2.204
5051,2.473,2.204
5052,2.488,2.204
5053,2.449,2.204
5054,2.375,2.209
5055,2.307,2.204
5056,2.248,2.209
5057,2.209,2.204
5058,2.185,2.209
5059,2.180,2.204
5060,2.180,2.209
5061,2.170,2.209
5062,2.243,2.209
5063,2.610,2.209
5064,3.074,2.209
5065,3.333,2.209
5066,3.270,2.209
5067,2.977,2.214
5068,2.698,2.209
5069,2.493,2.214
5070,2.366,2.214
5071,2.336,2.214
5072,2.375,2.214
5073,2.439,2.219
5074,2.478,2.214
5075,2.454,2.219
5076,2.395,2.214
5077,2.326,2.219
5078,2.263,2.219
5079,2.229,2.219
5080,2.209,2.219
5081,2.204,2.224
5082,2.190,2.219
5083,2.199,2.224
5084,2.395,2.224
5085,2.815,2.224
5086,3.182,2.224
5087,3.265,2.224
5088,3.094,2.224
5089,2.815,2.229
5090,2.566,2.229
5091,2.356,2.224
5092,2.307,2.229
5093,2.356,2.229
5094,2.434,2.234
5095,2.488,2.229
5096,2.478,2.234
5097,2.424,2.229
5098,2.351,2.234
5099,2.287,2.234
5100,2.243,2.234
5101,2.214,2.234
5102,2.195,2.239
5103,2.195,2.234
5104,2.341,2.239
5105,2.727,2.234
5106,3.128,2.239
5107,3.280,2.239
5108,3.162,2.239
5109,2.893,2.239
5110,2.625,2.239
5111,2.410,2.239
5112,2.297,2.243
5113,2.287,2.243
5114,2.346,2.243
5115,2.419,2.243
5116,2.434,2.243
5117,2.405,2.243
5118,2.346,2.243
5119,2.278,2.248
5120,2.229,2.243
5121,2.204,2.248
5122,2.190,2.243
5123,2.180,2.248
5124,2.170,2.243
5125,2.287,2.248
5126,2.664,2.243
5127,3.123,2.248
5128,3.348,2.248
5129,3.265,2.248
5130,2.996,2.248
5131,2.722,2.248
5132,2.512,2.248
5133,2.380,2.248
5134,2.331,2.248
5135,2.346,2.248
5136,2.395,2.248
5137,2.434,2.248
5138,2.424,2.253
5139,2.370,2.248
5140,2.297,2.253
5141,2.239,2.248
5142,2.199,2.253
5143,2.190,2.248
5144,2.185,2.253
5145,2.170,2.248
5146,2.190,2.253
5147,2.405,2.253
5148,2.923,2.253
5149,3.275,2.253
5150,3.309,2.253
5151,3.084,2.253
5152,2.781,2.253
5153,2.537,2.253
5154,2.380,2.253
5155,2.317,2.258
5156,2.346,2.253
5157,2.414,2.258
5158,2.468,2.253
5159,2.463,2.258
5160,2.429,2.253
5161,2.361,2.258
5162,2.292,2.253
5163,2.239,2.258
5164,2.219,2.253
5165,2.204,2.258
5166,2.199,2.253
5167,2.229,2.258
5168,2.473,2.258
5169,2.908,2.258
5170,3.231,2.258
5171,3.265,2.258
5172,3.045,2.258
5173,2.752,2.258
5174,2.522,2.258
5175,2.361,2.258
5176,2.302,2.263
5177,2.341,2.258
5178,2.419,2.263
5179,2.458,2.258
5180,2.444,2.263
5181,2.395,2.258
5182,2.322,2.263
5183,2.263,2.258
5184,2.224,2.263
5185,2.199,2.263
5186,2.185,2.263
5187,2.170,2.263
5188,2.248,2.268
5189,2.581,2.263
5190,3.035,2.268
5191,3.309,2.263
5192,3.255,2.268
5193,2.972,2.268
5194,2.698,2.263
5195,2.478,2.268
5196,2.351,2.268
5197,2.312,2.268
5198,2.351,2.268
5199,2.410,2.268
5200,2.449,2.268
5201,2.424,2.273
5202,2.366,2.268
5203,2.297,2.273
5204,2.243,2.268
5205,2.185,2.273
5206,2.165,2.273
5207,2.170,2.273
5208,2.175,2.273
5209,2.170,2.273
5210,2.234,2.273
5211,2.542,2.273
5212,3.025,2.273
5213,3.363,2.273
5214,3.368,2.278
5215,3.123,2.273
5216,2.825,2.278
5217,2.590,2.273
5218,2.424,2.278
5219,2.346,2.278
5220,2.356,2.278
5221,2.410,2.278
5222,2.454,2.278
5223,2.454,2.278
5224,2.405,2.283
5225,2.336,2.278
5226,2.278,2.283
5227,2.229,2.278
5228,2.185,2.283
5229,2.165,2.278
5230,2.170,2.283
5231,2.165,2.283
5232,2.165,2.283
5233,2.190,2.283
5234,2.414,2.283
5235,2.879,2.283
5236,3.284,2.283
5237,3.382,2.287
5238,3.201,2.283
5239,2.893,2.287
5240,2.625,2.283
5241,2.434,2.287
5242,2.341,2.287
5243,2.336,2.287
5244,2.390,2.287
5245,2.449,2.287
5246,2.468,2.287
5247,2.434,2.292
5248,2.370,2.287
5249,2.297,2.292
5250,2.248,2.287
5251,2.214,2.292
5252,2.204,2.287
5253,2.199,2.292
5254,2.185,2.292
5255,2.185,2.292
5256,2.234,2.292
5257,2.507,2.292
5258,2.972,2.292
5259,3.304,2.292
5260,3.324,2.292
5261,3.089,2.297
5262,2.698,2.297
5263,2.478,2.292
5264,2.336,2.297
5265,2.297,2.297
5266,2.346,2.297
5267,2.414,2.297
5268,2.449,2.297
5269,2.434,2.297
5270,2.375,2.297
5271,2.302,2.297
5272,2.248,2.297
5273,2.209,2.302
5274,2.175,2.297
5275,2.165,2.302
5276,2.170,2.297
5277,2.165,2.302
5278,2.170,2.302
5279,2.297,2.302
5280,2.688,2.302
5281,3.152,2.302
5282,3.368,2.302
5283,3.260,2.307
5284,2.972,2.302
5285,2.678,2.307
5286,2.463,2.302
5287,2.341,2.307
5288,2.317,2.302
5289,2.356,2.307
5290,2.434,2.307
5291,2.468,2.307
5292,2.444,2.307
5293,2.385,2.307
5294,2.312,2.307
5295,2.248,2.307
5296,2.204,2.307
5297,2.195,2.307
5298,2.185,2.312
5299,2.190,2.307
5300,2.185,2.312
5301,2.273,2.307
5302,2.605,2.312
5303,3.065,2.307
5304,3.338,2.312
5305,3.289,2.312
5306,3.021,2.312
5307,2.713,2.312
5308,2.473,2.312
5309,2.331,2.312
5310,2.287,2.312
5311,2.336,2.312
5312,2.410,2.317
5313,2.449,2.312
5314,2.439,2.317
5315,2.390,2.317
5316,2.322,2.317
5317,2.253,2.317
5318,2.204,2.317
5319,2.185,2.317
5320,2.180,2.317
5321,2.175,2.317
5322,2.190,2.317
5323,2.375,2.317
5324,2.801,2.317
5325,3.216,2.317
5326,3.363,2.322
5327,3.206,2.317
5328,2.898,2.322
5329,2.620,2.317
5330,2.410,2.322
5331,2.297,2.322
5332,2.292,2.322
5333,2.356,2.322
5334,2.424,2.322
5335,2.454,2.322
5336,2.429,2.322
5337,2.370,2.322
5338,2.297,2.326
5339,2.239,2.322
5340,2.204,2.326
5341,2.185,2.322
5342,2.180,2.326
5343,2.175,2.322
5344,2.175,2.326
5345,2.175,2.322
5346,2.312,2.326
5347,2.761,2.326
5348,3.221,2.326
5349,3.412,2.326
5350,3.275,2.326
5351,2.967,2.326
5352,2.669,2.326
5353,2.458,2.331
5354,2.331,2.326
5355,2.317,2.331
5356,2.366,2.326
5357,2.434,2.331
5358,2.478,2.326
5359,2.463,2.331
5360,2.429,2.326
5361,2.366,2.331
5362,2.317,2.331
5363,2.312,2.331
5364,2.322,2.331
5365,2.312,2.331
5366,2.283,2.331
5367,2.243,2.336
5368,2.283,2.331
5369,2.581,2.336
5370,3.016,2.331
5371,3.275,2.336
5372,3.240,2.331
5373,3.001,2.336
5374,2.708,2.331
5375,2.444,2.336
5376,2.312,2.336
5377,2.268,2.322
5378,2.278,2.312
5379,2.322,2.317
5380,2.356,2.326
5381,2.351,2.326
5382,2.322,2.331
5383,2.273,2.331
5384,2.234,2.336
5385,2.204,2.331
5386,2.190,2.341
5387,2.180,2.336
5388,2.165,2.341
5389,2.155,2.341
5390,2.243,2.341
5391,2.576,2.341
5392,3.016,2.341
5393,3.270,2.341
5394,3.231,2.341
5395,2.981,2.341
5396,2.698,2.341
5397,2.478,2.346
5398,2.336,2.341
5399,2.292,2.346
5400,2.331,2.341
5401,2.410,2.346
5402,2.458,2.346
5403,2.458,2.346
5404,2.410,2.346
5405,2.351,2.346
5406,2.297,2.346
5407,2.263,2.346
5408,2.239,2.346
5409,2.224,2.351
5410,2.219,2.346
5411,2.317,2.351
5412,2.664,2.351
5413,3.089,2.351
5414,3.309,2.351
5415,3.240,2.351
5416,2.996,2.351
5417,2.722,2.351
5418,2.493,2.351
5419,2.356,2.351
5420,2.317,2.351
5421,2.366,2.351
5422,2.429,2.356
5423,2.463,2.351
5424,2.449,2.356
5425,2.395,2.351
5426,2.331,2.356
5427,2.278,2.351
5428,2.229,2.356
5429,2.204,2.351
5430,2.204,2.356
5431,2.195,2.351
5432,2.273,2.356
5433,2.605,2.356
5434,3.069,2.356
5435,3.363,2.356
5436,3.343,2.356
5437,3.099,2.356
5438,2.815,2.351
5439,2.581,2.356
5440,2.419,2.351
5441,2.351,2.356
5442,2.366,2.351
5443,2.414,2.351
5444,2.449,2.351
5445,2.434,2.351
5446,2.390,2.346
5447,2.331,2.346
5448,2.273,2.341
5449,2.234,2.341
5450,2.204,2.341
5451,2.195,2.341
5452,2.185,2.341
5453,2.185,2.336
5454,2.326,2.336
5455,2.722,2.336
5456,3.167,2.331
5457,3.348,2.331
5458,3.236,2.331
5459,2.947,2.326
5460,2.654,2.326
5461,2.419,2.322
5462,2.307,2.326
5463,2.307,2.322
5464,2.385,2.322
5465,2.468,2.317
5466,2.507,2.317
5467,2.478,2.312
5468,2.419,2.317
5469,2.346,2.312
5470,2.292,2.312
5471,2.268,2.307
5472,2.258,2.307
5473,2.258,2.302
5474,2.336,2.302
5475,2.654,2.302
5476,3.084,2.302
5477,3.333,2.297
5478,3.294,2.297
5479,3.040,2.297
5480,2.757,2.292
5481,2.532,2.292
5482,2.375,2.292
5483,2.331,2.292
5484,2.380,2.287
5485,2.458,2.287
5486,2.517,2.287
5487,2.512,2.287
5488,2.454,2.283
5489,2.361,2.287
5490,2.302,2.283
5491,2.258,2.283
5492,2.229,2.283
5493,2.224,2.283
5494,2.361,2.278
5495,2.747,2.283
5496,3.152,2.278
5497,3.299,2.278
5498,3.162,2.278
5499,2.879,2.278
5500,2.605,2.278
5501,2.400,2.278
5502,2.297,2.278
5503,2.297,2.278
5504,2.356,2.278
5505,2.424,2.278
5506,2.444,2.278
5507,2.419,2.278
5508,2.361,2.278
5509,2.287,2.278
5510,2.229,2.283
5511,2.195,2.278
5512,2.180,2.283
5513,2.175,2.278
5514,2.248,2.283
5515,2.581,2.278
5516,3.040,2.283
5517,3.324,2.283
5518,3.275,2.283
5519,3.006,2.283
5520,2.708,2.283
5521,2.488,2.287
5522,2.346,2.283
5523,2.292,2.287
5524,2.317,2.287
5525,2.385,2.287
5526,2.429,2.287
5527,2.419,2.292
5528,2.366,2.287
5529,2.297,2.292
5530,2.243,2.287
5531,2.209,2.292
5532,2.195,2.292
5533,2.185,2.297
5534,2.190,2.292
5535,2.297,2.297
5536,2.664,2.297
5537,3.113,2.297
5538,3.324,2.297
5539,3.231,2.302
5540,2.957,2.302
5541,2.674,2.302
5542,2.463,2.302
5543,2.336,2.302
5544,2.302,2.302
5545,2.346,2.302
5546,2.424,2.307
5547,2.463,2.302
5548,2.449,2.307
5549,2.390,2.307
5550,2.322,2.312
5551,2.263,2.307
5552,2.234,2.312
5553,2.219,2.307
5554,2.214,2.312
5555,2.326,2.312
5556,2.683,2.317
5557,3.099,2.312
5558,3.284,2.317
5559,3.177,2.317
5560,2.903,2.317
5561,2.630,2.317
5562,2.419,2.317
5563,2.302,2.317
5564,2.287,2.317
5565,2.336,2.322
5566,2.410,2.322
5567,2.434,2.322
5568,2.414,2.322
5569,2.361,2.322
5570,2.278,2.322
5571,2.234,2.326
5572,2.209,2.322
5573,2.195,2.326
5574,2.214,2.322
5575,2.463,2.326
5576,2.898,2.326
5577,3.240,2.326
5578,3.284,2.326
5579,3.074,2.326
5580,2.776,2.331
5581,2.522,2.326
5582,2.346,2.331
5583,2.273,2.326
5584,2.283,2.331
5585,2.351,2.331
5586,2.405,2.331
5587,2.414,2.331
5588,2.395,2.336
5589,2.341,2.331
5590,2.278,2.336
5591,2.224,2.331
5592,2.195,2.336
5593,2.185,2.331
5594,2.175,2.336
5595,2.239,2.331
5596,2.542,2.336
5597,3.016,2.336
5598,3.353,2.341
5599,3.353,2.336
5600,3.104,2.341
5601,2.786,2.336
5602,2.542,2.341
5603,2.351,2.341
5604,2.297,2.341
5605,2.326,2.341
5606,2.385,2.341
5607,2.429,2.341
5608,2.429,2.341
5609,2.395,2.341
5610,2.331,2.341
5611,2.273,2.346
5612,2.229,2.341
5613,2.204,2.346
5614,2.195,2.341
5615,2.190,2.346
5616,2.175,2.341
5617,2.219,2.346
5618,2.483,2.346
5619,2.972,2.346
5620,3.368,2.346
5621,3.426,2.351
5622,3.196,2.346
5623,2.864,2.351
5624,2.586,2.346
5625,2.395,2.351
5626,2.307,2.346
5627,2.317,2.351
5628,2.370,2.351
5629,2.424,2.351
5630,2.434,2.351
5631,2.410,2.351
5632,2.351,2.351
5633,2.287,2.351
5634,2.239,2.356
5635,2.209,2.351
5636,2.195,2.356
5637,2.185,2.351
5638,2.190,2.356
5639,2.195,2.351
5640,2.317,2.356
5641,2.722,2.356
5642,3.192,2.356
5643,3.407,2.356
5644,3.299,2.356
5645,2.996,2.356
5646,2.683,2.356
5647,2.439,2.361
5648,2.307,2.356
5649,2.297,2.361
5650,2.356,2.356
5651,2.429,2.361
5652,2.473,2.356
5653,2.463,2.361
5654,2.405,2.361
5655,2.336,2.361
5656,2.278,2.361
5657,2.239,2.361
5658,2.219,2.361
5659,2.214,2.366
5660,2.204,2.361
5661,2.263,2.361
5662,2.537,2.361
5663,3.016,2.366
5664,3.324,2.366
5665,3.319,2.366
5666,3.089,2.366
5667,2.742,2.366
5668,2.502,2.366
5669,2.312,2.366
5670,2.263,2.366
5671,2.297,2.366
5672,2.380,2.366
5673,2.439,2.366
5674,2.439,2.370
5675,2.405,2.366
5676,2.351,2.370
5677,2.278,2.366
5678,2.234,2.370
5679,2.199,2.366
5680,2.195,2.370
5681,2.185,2.370
5682,2.190,2.370
5683,2.278,2.370
5684,2.595,2.370
5685,3.099,2.370
5686,3.387,2.375
5687,3.358,2.370
5688,3.040,2.375
5689,2.708,2.375
5690,2.454,2.375
5691,2.297,2.375
5692,2.263,2.375
5693,2.322,2.375
5694,2.414,2.375
5695,2.473,2.375
5696,2.483,2.375
5697,2.449,2.380
5698,2.395,2.375
5699,2.341,2.380
5700,2.287,2.375
5701,2.248,2.380
5702,2.229,2.380
5703,2.229,2.375
5704,2.243,2.380
5705,2.361,2.375
5706,2.727,2.380
5707,3.196,2.380
5708,3.441,2.380
5709,3.343,2.380
5710,2.952,2.380
5711,2.615,2.380
5712,2.380,2.380
5713,2.258,2.385
5714,2.229,2.380
5715,2.292,2.385
5716,2.380,2.380
5717,2.419,2.385
5718,2.405,2.385
5719,2.346,2.385
5720,2.287,2.385
5721,2.234,2.385
5722,2.204,2.385
5723,2.185,2.385
5724,2.180,2.385
5725,2.175,2.385
5726,2.180,2.390
5727,2.268,2.385
5728,2.610,2.390
5729,3.074,2.385
5730,3.348,2.390
5731,3.304,2.385
5732,3.011,2.390
5733,2.693,2.385
5734,2.444,2.390
5735,2.283,2.390
5736,2.243,2.390
5737,2.302,2.390
5738,2.390,2.390
5739,2.444,2.390
5740,2.444,2.395
5741,2.400,2.390
5742,2.336,2.395
5743,2.278,2.390
5744,2.234,2.395
5745,2.204,2.395
5746,2.204,2.395
5747,2.199,2.395
5748,2.258,2.395
5749,2.556,2.395
5750,3.001,2.395
5751,3.289,2.395
5752,3.270,2.395
5753,3.016,2.395
5754,2.698,2.395
5755,2.434,2.400
5756,2.273,2.395
5757,2.229,2.400
5758,2.283,2.395
5759,2.366,2.400
5760,2.429,2.395
5761,2.429,2.400
5762,2.385,2.395
5763,2.317,2.400
5764,2.258,2.395
5765,2.219,2.400
5766,2.204,2.400
5767,2.195,2.400
5768,2.185,2.400
5769,2.199,2.400
5770,2.361,2.400
5771,2.791,2.400
5772,3.226,2.400
5773,3.377,2.400
5774,3.192,2.405
5775,2.864,2.400
5776,2.561,2.405
5777,2.341,2.400
5778,2.243,2.405
5779,2.248,2.400
5780,2.326,2.405
5781,2.400,2.400
5782,2.434,2.405
5783,2.414,2.405
5784,2.361,2.405
5785,2.297,2.405
5786,2.248,2.405
5787,2.224,2.405
5788,2.204,2.405
5789,2.199,2.405
5790,2.199,2.410
5791,2.195,2.405
5792,2.219,2.410
5793,2.454,2.410
5794,2.933,2.410
5795,3.338,2.410
5796,3.426,2.410
5797,3.206,2.410
5798,2.859,2.410
5799,2.566,2.410
5800,2.356,2.410
5801,2.268,2.410
5802,2.287,2.410
5803,2.361,2.414
5804,2.429,2.410
5805,2.449,2.414
5806,2.419,2.410
5807,2.356,2.414
5808,2.297,2.410
5809,2.253,2.414
5810,2.224,2.414
5811,2.209,2.414
5812,2.204,2.414
5813,2.209,2.414
5814,2.209,2.414
5815,2.356,2.414
5816,2.781,2.414
5817,3.265,2.414
5818,3.475,2.414
5819,3.338,2.414
5820,3.001,2.419
5821,2.659,2.414
5822,2.419,2.419
5823,2.287,2.414
5824,2.273,2.419
5825,2.331,2.414
5826,2.410,2.419
5827,2.478,2.414
5828,2.473,2.419
5829,2.405,2.414
5830,2.312,2.419
5831,2.229,2.419
5832,2.185,2.419
5833,2.160,2.419
5834,2.155,2.419
5835,2.146,2.419
5836,2.141,2.419
5837,2.253,2.419
5838,2.600,2.419
5839,3.030,2.424
5840,3.255,2.419
5841,3.172,2.424
5842,2.893,2.419
5843,2.586,2.424
5844,2.351,2.419
5845,2.204,2.424
5846,2.170,2.419
5847,2.219,2.424
5848,2.302,2.419
5849,2.361,2.424
5850,2.370,2.424
5851,2.336,2.424
5852,2.283,2.424
5853,2.234,2.424
5854,2.204,2.424
5855,2.185,2.424
5856,2.190,2.424
5857,2.209,2.424
5858,2.219,2.424
5859,2.326,2.424
5860,2.674,2.429
5861,3.104,2.424
5862,3.333,2.429
5863,3.240,2.424
5864,2.962,2.429
5865,2.678,2.424
5866,2.493,2.429
5867,2.395,2.429
5868,2.390,2.429
5869,2.429,2.429
5870,2.444,2.429
5871,2.405,2.429
5872,2.336,2.434
5873,2.268,2.429
5874,2.199,2.434
5875,2.155,2.429
5876,2.141,2.434
5877,2.136,2.429
5878,2.136,2.434
5879,2.131,2.429
5880,2.131,2.434
5881,2.199,2.434
5882,2.468,2.434
5883,2.898,2.434
5884,3.211,2.434
5885,3.240,2.434
5886,3.035,2.434
5887,2.732,2.434
5888,2.493,2.434
5889,2.341,2.439
5890,2.297,2.434
5891,2.458,2.434
5892,2.444,2.439
5893,2.395,2.434
5894,2.331,2.439
5895,2.292,2.434
5896,2.273,2.439
5897,2.263,2.439
5898,2.273,2.444
5899,2.292,2.444
5900,2.483,2.444
5901,2.908,2.444
5902,3.304,2.449
5903,3.426,2.449
5904,3.245,2.454
5905,2.947,2.454
5906,2.664,2.454
5907,2.458,2.454
5908,2.356,2.454
5909,2.356,2.458
5910,2.414,2.458
5911,2.483,2.458
5912,2.512,2.458
5913,2.498,2.463
5914,2.444,2.458
5915,2.375,2.463
5916,2.322,2.463
5917,2.302,2.463
5918,2.292,2.463
5919,2.278,2.468
5920,2.322,2.463
5921,2.600,2.468
5922,3.040,2.468
5923,3.328,2.468
5924,3.309,2.468
5925,3.074,2.468
5926,2.776,2.468
5927,2.537,2.468
5928,2.375,2.468
5929,2.322,2.468
5930,2.361,2.468
5931,2.439,2.468
5932,2.498,2.473
5933,2.502,2.468
5934,2.463,2.473
5935,2.405,2.468
5936,2.341,2.473
5937,2.302,2.468
5938,2.278,2.468
5939,2.273,2.468
5940,2.273,2.468
5941,2.434,2.468
5942,2.854,2.468
5943,3.270,2.468
5944,3.412,2.468
5945,3.240,2.468
5946,2.942,2.468
5947,2.664,2.468
5948,2.454,2.468
5949,2.346,2.468
5950,2.341,2.463
5951,2.400,2.463
5952,2.463,2.463
5953,2.483,2.463
5954,2.449,2.463
5955,2.380,2.463
5956,2.307,2.463
5957,2.253,2.463
5958,2.229,2.458
5959,2.219,2.463
5960,2.214,2.458
5961,2.263,2.463
5962,2.590,2.458
5963,3.060,2.458
5964,3.363,2.458
5965,3.353,2.458
5966,3.104,2.458
5967,2.805,2.458
5968,2.561,2.458
5969,2.390,2.458
5970,2.317,2.458
5971,2.331,2.458
5972,2.390,2.454
5973,2.444,2.454
5974,2.449,2.454
5975,2.405,2.454
5976,2.341,2.454
5977,2.283,2.449
5978,2.239,2.454
5979,2.214,2.449
5980,2.204,2.454
5981,2.204,2.449
5982,2.317,2.454
5983,2.693,2.449
5984,3.118,2.449
5985,3.299,2.449
5986,3.187,2.429
5987,2.903,2.429
5988,2.639,2.434
5989,2.458,2.439
5990,2.351,2.439
5991,2.322,2.439
5992,2.370,2.444
5993,2.463,2.444
5994,2.522,2.444
5995,2.522,2.444
5996,2.458,2.444
5997,2.375,2.444
5998,2.287,2.444
5999,2.224,2.444
6000,2.180,2.444
6001,2.175,2.444
6002,2.224,2.439
6003,2.493,2.444
6004,2.937,2.439
6005,3.255,2.444
6006,3.270,2.439
6007,3.040,2.444
6008,2.732,2.439
6009,2.473,2.439
6010,2.307,2.439
6011,2.224,2.439
6012,2.234,2.434
6013,2.283,2.434
6014,2.336,2.429
6015,2.351,2.429
6016,2.326,2.429
6017,2.165,2.424
6018,2.141,2.424
6019,2.146,2.419
6020,2.155,2.419
6021,2.170,2.419
6022,2.317,2.419
6023,2.703,2.419
6024,3.148,2.419
6025,3.348,2.419
6026,3.231,2.414
6027,2.928,2.419
6028,2.620,2.414
6029,2.400,2.419
6030,2.243,2.414
6031,2.224,2.419
6032,2.263,2.414
6033,2.331,2.419
6034,2.370,2.419
6035,2.366,2.419
6036,2.326,2.419
6037,2.268,2.419
6038,2.214,2.419
6039,2.180,2.419
6040,2.165,2.419
6041,2.155,2.419
6042,2.155,2.419
6043,2.155,2.419
6044,2.243,2.424
6045,2.586,2.424
6046,3.030,2.424
6047,3.270,2.424
6048,3.206,2.424
6049,2.942,2.424
6050,2.644,2.429
6051,2.419,2.424
6052,2.292,2.429
6053,2.243,2.424
6054,2.287,2.429
6055,2.361,2.429
6056,2.405,2.429
6057,2.400,2.429
6058,2.356,2.434
6059,2.307,2.429
6060,2.253,2.434
6061,2.209,2.434
6062,2.185,2.434
6063,2.175,2.434
6064,2.175,2.434
6065,2.234,2.434
6066,2.507,2.434
6067,2.942,2.434
6068,3.236,2.434
6069,3.245,2.439
6070,3.011,2.439
6071,2.708,2.439
6072,2.458,2.439
6073,2.292,2.439
6074,2.234,2.439
6075,2.258,2.439
6076,2.317,2.439
6077,2.375,2.439
6078,2.395,2.439
6079,2.370,2.444
6080,2.312,2.439
6081,2.263,2.444
6082,2.214,2.439
6083,2.190,2.444
6084,2.185,2.439
6085,2.180,2.444
6086,2.180,2.444
6087,2.190,2.444
6088,2.375,2.444
6089,2.801,2.444
6090,3.211,2.449
6091,3.358,2.444
6092,3.201,2.449
6093,2.898,2.444
6094,2.605,2.449
6095,2.395,2.444
6096,2.287,2.449
6097,2.263,2.444
6098,2.317,2.449
6099,2.375,2.449
6100,2.419,2.449
6101,2.410,2.449
6102,2.361,2.449
6103,2.307,2.449
6104,2.263,2.449
6105,2.229,2.449
6106,2.209,2.449
6107,2.199,2.449
6108,2.195,2.449
6109,2.190,2.454
6110,2.185,2.449
6111,2.219,2.454
6112,2.468,2.449
6113,2.908,2.454
6114,3.280,2.454
6115,3.353,2.454
6116,3.128,2.454
6117,2.801,2.454
6118,2.512,2.454
6119,2.336,2.458
6120,2.273,2.454
6121,2.297,2.458
6122,2.390,2.454
6123,2.458,2.458
6124,2.483,2.454
6125,2.449,2.458
6126,2.395,2.458
6127,2.326,2.458
6128,2.283,2.458
6129,2.248,2.458
6130,2.239,2.458
6131,2.248,2.458
6132,2.253,2.458
6133,2.287,2.458
6134,2.527,2.458
6135,2.952,2.458
6136,3.304,2.458
6137,3.372,2.458
6138,3.196,2.463
6139,2.898,2.458
6140,2.639,2.463
6141,2.449,2.458
6142,2.356,2.463
6143,2.380,2.463
6144,2.468,2.458
6145,2.532,2.463
6146,2.537,2.458
6147,2.483,2.463
6148,2.419,2.458
6149,2.366,2.463
6150,2.317,2.458
6151,2.287,2.463
6152,2.263,2.458
6153,2.268,2.463
6154,2.429,2.458
6155,2.815,2.463
6156,3.216,2.458
6157,3.358,2.463
6158,3.216,2.458
6159,2.928,2.463
6160,2.654,2.458
6161,2.439,2.463
6162,2.312,2.458
6163,2.297,2.463
6164,2.366,2.458
6165,2.444,2.463
6166,2.478,2.463
6167,2.468,2.463
6168,2.414,2.463
6169,2.346,2.458
6170,2.297,2.463
6171,2.263,2.458
6172,2.239,2.463
6173,2.234,2.458
6174,2.287,2.463
6175,2.571,2.458
6176,3.040,2.463
6177,3.392,2.463
6178,3.416,2.463
6179,3.187,2.463
6180,2.869,2.463
6181,2.600,2.463
6182,2.410,2.463
6183,2.322,2.463
6184,2.336,2.463
6185,2.405,2.463
6186,2.468,2.463
6187,2.483,2.463
6188,2.454,2.463
6189,2.395,2.463
6190,2.336,2.463
6191,2.283,2.463
6192,2.253,2.463
6193,2.239,2.468
6194,2.224,2.463
6195,2.263,2.468
6196,2.522,2.463
6197,2.996,2.468
6198,3.372,2.463
6199,3.441,2.468
6200,3.172,2.468
6201,2.849,2.468
6202,2.581,2.468
6203,2.400,2.468
6204,2.322,2.468
6205,2.346,2.468
6206,2.419,2.468
6207,2.488,2.468
6208,2.507,2.468
6209,2.468,2.468
6210,2.405,2.468
6211,2.341,2.468
6212,2.292,2.468
6213,2.268,2.468
6214,2.258,2.468
6215,2.248,2.468
6216,2.341,2.468
6217,2.693,2.468
6218,3.148,2.468
6219,3.402,2.468
6220,3.338,2.468
6221,3.055,2.468
6222,2.747,2.468
6223,2.507,2.468
6224,2.351,2.468
6225,2.312,2.468
6226,2.366,2.468
6227,2.444,2.468
6228,2.498,2.468
6229,2.493,2.468
6230,2.444,2.463
6231,2.375,2.468
6232,2.322,2.463
6233,2.273,2.468
6234,2.253,2.463
6235,2.248,2.468
6236,2.273,2.463
6237,2.527,2.468
6238,2.981,2.463
6239,3.333,2.468
6240,3.372,2.463
6241,3.138,2.468
6242,2.820,2.468
6243,2.551,2.468
6244,2.366,2.468
6245,2.287,2.468
6246,2.317,2.468
6247,2.400,2.468
6248,2.473,2.468
6249,2.493,2.463
6250,2.454,2.468
6251,2.385,2.463
6252,2.326,2.468
6253,2.268,2.463
6254,2.239,2.468
6255,2.224,2.463
6256,2.209,2.468
6257,2.326,2.463
6258,2.708,2.468
6259,3.177,2.468
6260,3.421,2.468
6261,3.338,2.468
6262,3.050,2.468
6263,2.737,2.468
6264,2.498,2.468
6265,2.346,2.468
6266,2.297,2.468
6267,2.346,2.468
6268,2.414,2.468
6269,2.478,2.468
6270,2.478,2.468
6271,2.419,2.468
6272,2.346,2.468
6273,2.283,2.468
6274,2.248,2.468
6275,2.234,2.468
6276,2.224,2.468
6277,2.209,2.468
6278,2.219,2.468
6279,2.405,2.473
6280,2.864,2.468
6281,3.299,2.473
6282,3.441,2.468
6283,3.280,2.473
6284,2.977,2.473
6285,2.713,2.473
6286,2.551,2.473
6287,2.507,2.468
6288,2.556,2.473
6289,2.615,2.473
6290,2.639,2.473
6291,2.605,2.473
6292,2.527,2.473
6293,2.449,2.473
6294,2.385,2.478
6295,2.341,2.473
6296,2.302,2.478
6297,2.278,2.473
6298,2.268,2.478
6299,2.258,2.473
6300,2.287,2.478
6301,2.527,2.473
6302,2.967,2.478
6303,3.289,2.478
6304,3.319,2.478
6305,3.109,2.478
6306,2.810,2.478
6307,2.566,2.478
6308,2.385,2.478
6309,2.292,2.478
6310,2.287,2.478
6311,2.351,2.478
6312,2.414,2.478
6313,2.439,2.483
6314,2.405,2.478
6315,2.346,2.483
6316,2.292,2.478
6317,2.239,2.483
6318,2.204,2.478
6319,2.185,2.483
6320,2.170,2.483
6321,2.160,2.483
6322,2.180,2.483
6323,2.366,2.483
6324,2.805,2.483
6325,3.221,2.488
6326,3.348,2.483
6327,3.167,2.488
6328,2.849,2.483
6329,2.566,2.488
6330,2.370,2.488
6331,2.273,2.488
6332,2.273,2.488
6333,2.336,2.488
6334,2.410,2.488
6335,2.444,2.488
6336,2.434,2.488
6337,2.380,2.488
6338,2.322,2.488
6339,2.263,2.488
6340,2.243,2.488
6341,2.268,2.488
6342,2.322,2.493
6343,2.414,2.493
6344,2.654,2.488
6345,3.065,2.488
6346,3.372,2.488
6347,3.402,2.493
6348,3.182,2.493
6349,2.869,2.493
6350,2.590,2.493
6351,2.390,2.493
6352,2.268,2.493
6353,2.239,2.493
6354,2.268,2.493
6355,2.312,2.493
6356,2.322,2.493
6357,2.278,2.488
6358,2.224,2.483
6359,2.170,2.458
6360,2.126,2.444
6361,2.107,2.370
6362,2.087,2.341
6363,2.097,2.356
6364,2.111,2.390
6365,2.146,2.414
6366,2.341,2.434
6367,2.791,2.449
6368,3.216,2.463
6369,3.348,2.468
6370,3.157,2.478
6371,2.771,2.483
6372,2.498,2.488
6373,2.322,2.488
6374,2.243,2.488
6375,2.248,2.493
6376,2.312,2.493
6377,2.380,2.493
6378,2.429,2.493
6379,2.414,2.498
6380,2.356,2.498
6381,2.287,2.498
6382,2.229,2.498
6383,2.180,2.498
6384,2.160,2.498
6385,2.155,2.498
6386,2.151,2.498
6387,2.199,2.498
6388,2.478,2.498
6389,2.977,2.498
6390,3.368,2.498
6391,3.470,2.498
6392,3.328,2.498
6393,3.089,2.502
6394,2.854,2.502
6395,2.556,2.502
6396,2.625,2.502
6397,2.634,2.502
6398,2.561,2.502
6399,2.439,2.502
6400,2.336,2.502
6401,2.263,2.502
6402,2.224,2.502
6403,2.204,2.502
6404,2.204,2.502
6405,2.204,2.502
6406,2.219,2.502
6407,2.410,2.502
6408,2.805,2.502
6409,3.109,2.498
6410,3.123,2.502
6411,2.884,2.498
6412,2.561,2.498
6413,2.312,2.498
6414,2.180,2.498
6415,2.131,2.498
6416,2.155,2.498
6417,2.234,2.493
6418,2.322,2.493
6419,2.361,2.493
6420,2.361,2.493
6421,2.317,2.493
6422,2.253,2.488
6423,2.195,2.488
6424,2.155,2.488
6425,2.131,2.488
6426,2.126,2.483
6427,2.121,2.483
6428,2.199,2.483
6429,2.517,2.483
6430,2.947,2.478
6431,3.221,2.478
6432,3.182,2.478
6433,2.918,2.478
6434,2.615,2.473
6435,2.380,2.473
6436,2.224,2.473
6437,2.190,2.468
6438,2.248,2.468
6439,2.341,2.468
6440,2.395,2.463
6441,2.405,2.463
6442,2.366,2.463
6443,2.302,2.458
6444,2.234,2.458
6445,2.195,2.458
6446,2.170,2.458
6447,2.151,2.454
6448,2.185,2.454
6449,2.419,2.449
6450,2.859,2.454
6451,3.221,2.449
6452,3.289,2.449
6453,3.089,2.444
6454,2.761,2.449
6455,2.473,2.444
6456,2.278,2.444
6457,2.229,2.439
6458,2.292,2.439
6459,2.395,2.439
6460,2.468,2.439
6461,2.483,2.439
6462,2.429,2.434
6463,2.351,2.434
6464,2.273,2.429
6465,2.239,2.434
6466,2.224,2.429
6467,2.214,2.429
6468,2.204,2.424
6469,2.331,2.429
6470,2.737,2.424
6471,3.211,2.424
6472,3.456,2.424
6473,3.353,2.424
6474,3.025,2.419
6475,2.683,2.419
6476,2.424,2.414
6477,2.283,2.414
6478,2.258,2.414
6479,2.317,2.414
6480,2.390,2.410
6481,2.439,2.410
6482,2.434,2.410
6483,2.395,2.410
6484,2.317,2.410
6485,2.224,2.410
6486,2.175,2.410
6487,2.151,2.410
6488,2.141,2.410
6489,2.141,2.410
6490,2.253,2.410
6491,2.620,2.405
6492,3.074,2.410
6493,3.324,2.410
6494,3.255,2.410
6495,2.967,2.410
6496,2.644,2.410
6497,2.390,2.410
6498,2.248,2.410
6499,2.209,2.410
6500,2.258,2.405
6501,2.341,2.410
6502,2.395,2.405
6503,2.400,2.410
6504,2.361,2.405
6505,2.297,2.410
6506,2.243,2.405
6507,2.199,2.405
6508,2.175,2.405
6509,2.165,2.405
6510,2.160,2.405
6511,2.209,2.405
6512,2.458,2.405
6513,2.967,2.410
6514,3.275,2.405
6515,3.265,2.410
6516,3.011,2.405
6517,2.683,2.405
6518,2.410,2.405
6519,2.243,2.410
6520,2.199,2.410
6521,2.273,2.405
6522,2.361,2.410
6523,2.424,2.405
6524,2.434,2.410
6525,2.395,2.405
6526,2.331,2.410
6527,2.283,2.405
6528,2.248,2.410
6529,2.239,2.405
6530,2.234,2.410
6531,2.243,2.405
6532,2.312,2.410
6533,2.600,2.405
6534,3.045,2.410
6535,3.348,2.410
6536,3.338,2.410
6537,3.089,2.410
6538,2.757,2.410
6539,2.463,2.410
6540,2.283,2.410
6541,2.243,2.410
6542,2.322,2.410
6543,2.410,2.414
6544,2.444,2.410
6545,2.419,2.414
6546,2.370,2.410
6547,2.312,2.414
6548,2.258,2.410
6549,2.224,2.414
6550,2.204,2.414
6551,2.195,2.414
6552,2.190,2.414
6553,2.209,2.419
6554,2.400,2.414
6555,2.830,2.419
6556,3.236,2.414
6557,3.363,2.419
6558,3.187,2.419
6559,2.859,2.419
6560,2.556,2.419
6561,2.346,2.419
6562,2.253,2.419
6563,2.278,2.419
6564,2.366,2.419
6565,2.454,2.419
6566,2.488,2.419
6567,2.463,2.419
6568,2.410,2.424
6569,2.351,2.419
6570,2.287,2.424
6571,2.268,2.419
6572,2.253,2.424
6573,2.239,2.419
6574,2.263,2.424
6575,2.473,2.424
6576,2.937,2.424
6577,3.294,2.424
6578,3.368,2.424
6579,3.113,2.429
6580,2.801,2.424
6581,2.556,2.429
6582,2.361,2.424
6583,2.307,2.429
6584,2.346,2.424
6585,2.434,2.429
6586,2.498,2.424
6587,2.507,2.429
6588,2.463,2.424
6589,2.405,2.429
6590,2.346,2.429
6591,2.312,2.429
6592,2.287,2.429
6593,2.268,2.434
6594,2.253,2.429
6595,2.307,2.434
6596,2.610,2.429
6597,3.025,2.434
6598,3.333,2.429
6599,3.289,2.429
6600,3.011,2.434
6601,2.708,2.429
6602,2.468,2.434
6603,2.326,2.429
6604,2.302,2.434
6605,2.405,2.434
6606,2.502,2.434
6607,2.537,2.434
6608,2.512,2.434
6609,2.454,2.434
6610,2.385,2.434
6611,2.336,2.434
6612,2.302,2.434
6613,2.283,2.439
6614,2.273,2.434
6615,2.370,2.439
6616,2.737,2.434
6617,3.162,2.439
6618,3.343,2.439
6619,3.221,2.439
6620,2.933,2.439
6621,2.639,2.434
6622,2.424,2.439
6623,2.317,2.434
6624,2.326,2.439
6625,2.410,2.434
6626,2.502,2.439
6627,2.532,2.439
6628,2.493,2.439
6629,2.429,2.439
6630,2.346,2.439
6631,2.297,2.439
6632,2.273,2.439
6633,2.248,2.439
6634,2.243,2.439
6635,2.400,2.439
6636,2.820,2.439
6637,3.250,2.444
6638,3.412,2.439
6639,3.275,2.444
6640,2.981,2.439
6641,2.688,2.444
6642,2.473,2.439
6643,2.351,2.444
6644,2.331,2.439
6645,2.400,2.444
6646,2.488,2.444
6647,2.517,2.444
6648,2.493,2.444
6649,2.429,2.444
6650,2.346,2.444
6651,2.292,2.444
6652,2.258,2.444
6653,2.239,2.444
6654,2.214,2.444
6655,2.287,2.444
6656,2.625,2.444
6657,3.113,2.444
6658,3.416,2.449
6659,3.387,2.444
6660,3.128,2.449
6661,2.815,2.444
6662,2.576,2.449
6663,2.414,2.444
6664,2.356,2.449
6665,2.370,2.444
6666,2.439,2.449
6667,2.488,2.444
6668,2.483,2.449
6669,2.439,2.449
6670,2.380,2.449
6671,2.317,2.449
6672,2.273,2.444
6673,2.243,2.449
6674,2.229,2.449
6675,2.224,2.449
6676,2.375,2.449
6677,2.791,2.449
6678,3.231,2.449
6679,3.392,2.449
6680,3.255,2.449
6681,2.957,2.449
6682,2.678,2.449
6683,2.468,2.454
6684,2.341,2.449
6685,2.336,2.449
6686,2.405,2.449
6687,2.473,2.449
6688,2.493,2.449
6689,2.463,2.449
6690,2.400,2.449
6691,2.331,2.449
6692,2.268,2.449
6693,2.229,2.449
6694,2.199,2.449
6695,2.195,2.449
6696,2.326,2.454
6697,2.732,2.449
6698,3.196,2.454
6699,3.402,2.449
6700,3.284,2.454
6701,2.986,2.449
6702,2.708,2.454
6703,2.502,2.449
6704,2.366,2.454
6705,2.317,2.449
6706,2.351,2.454
6707,2.405,2.449
6708,2.434,2.454
6709,2.410,2.454
6710,2.346,2.454
6711,2.268,2.454
6712,2.204,2.454
6713,2.170,2.454
6714,2.151,2.454
6715,2.136,2.454
6716,2.136,2.454
6717,2.219,2.454
6718,2.556,2.454
6719,3.035,2.458
6720,3.343,2.454
6721,3.324,2.458
6722,3.060,2.454
6723,2.757,2.458
6724,2.527,2.454
6725,2.385,2.458
6726,2.336,2.454
6727,2.385,2.458
6728,2.502,2.454
6729,2.620,2.458
6730,2.659,2.454
6731,2.586,2.454
6732,2.468,2.458
6733,2.356,2.458
6734,2.263,2.458
6735,2.209,2.458
6736,2.175,2.458
6737,2.204,2.458
6738,2.454,2.458
6739,2.913,2.458
6740,3.265,2.458
6741,3.304,2.458
6742,3.074,2.458
6743,2.771,2.458
6744,2.517,2.458
6745,2.341,2.458
6746,2.263,2.458
6747,2.278,2.458
6748,2.341,2.458
6749,2.390,2.458
6750,2.400,2.458
6751,2.361,2.458
6752,2.292,2.458
6753,2.229,2.458
6754,2.185,2.458
6755,2.160,2.458
6756,2.146,2.458
6757,2.136,2.458
6758,2.160,2.454
6759,2.385,2.458
6760,2.840,2.454
6761,3.236,2.458
6762,3.328,2.454
6763,3.138,2.458
6764,2.825,2.454
6765,2.551,2.458
6766,2.361,2.454
6767,2.263,2.458
6768,2.253,2.454
6769,2.326,2.454
6770,2.380,2.454
6771,2.395,2.454
6772,2.351,2.454
6773,2.297,2.449
6774,2.239,2.454
6775,2.190,2.449
6776,2.155,2.454
6777,2.136,2.449
6778,2.136,2.454
6779,2.141,2.449
6780,2.185,2.454
6781,2.449,2.449
6782,2.913,2.454
6783,3.250,2.449
6784,3.275,2.454
6785,3.035,2.449
6786,2.713,2.454
6787,2.449,2.449
6788,2.287,2.449
6789,2.234,2.449
6790,2.273,2.449
6791,2.356,2.449
6792,2.424,2.449
6793,2.424,2.449
6794,2.375,2.449
6795,2.307,2.449
6796,2.243,2.449
6797,2.204,2.449
6798,2.180,2.449
6799,2.175,2.454
6800,2.160,2.449
6801,2.185,2.454
6802,2.400,2.449
6803,2.825,2.454
6804,3.172,2.449
6805,3.226,2.454
6806,3.025,2.449
6807,2.722,2.454
6808,2.463,2.449
6809,2.273,2.454
6810,2.195,2.449
6811,2.224,2.449
6812,2.302,2.449
6813,2.370,2.449
6814,2.375,2.449
6815,2.351,2.449
6816,2.287,2.449
6817,2.224,2.449
6818,2.185,2.449
6819,2.160,2.449
6820,2.151,2.449
6821,2.146,2.449
6822,2.146,2.454
6823,2.146,2.449
6824,2.268,2.454
6825,2.620,2.449
6826,3.182,2.449
6827,3.221,2.449
6828,2.996,2.449
6829,2.703,2.449
6830,2.444,2.449
6831,2.278,2.449
6832,2.224,2.449
6833,2.253,2.449
6834,2.326,2.449
6835,2.380,2.449
6836,2.395,2.454
6837,2.375,2.449
6838,2.336,2.454
6839,2.297,2.449
6840,2.253,2.454
6841,2.224,2.449
6842,2.209,2.449
6843,2.204,2.449
6844,2.268,2.454
6845,2.551,2.449
6846,3.021,2.454
6847,3.358,2.454
6848,3.372,2.458
6849,3.133,2.454
6850,2.825,2.458
6851,2.566,2.458
6852,2.405,2.463
6853,2.356,2.463
6854,2.395,2.463
6855,2.483,2.463
6856,2.537,2.463
6857,2.522,2.468
6858,2.478,2.468
6859,2.410,2.468
6860,2.351,2.468
6861,2.307,2.473
6862,2.287,2.468
6863,2.268,2.473
6864,2.263,2.473
6865,2.346,2.473
6866,2.678,2.473
6867,3.104,2.478
6868,3.319,2.478
6869,3.250,2.478
6870,2.996,2.478
6871,2.708,2.478
6872,2.488,2.478
6873,2.346,2.478
6874,2.302,2.483
6875,2.336,2.483
6876,2.410,2.483
6877,2.458,2.483
6878,2.463,2.483
6879,2.434,2.483
6880,2.380,2.488
6881,2.322,2.483
6882,2.283,2.488
6883,2.253,2.488
6884,2.239,2.488
6885,2.229,2.488
6886,2.248,2.488
6887,2.458,2.488
6888,2.879,2.488
6889,3.221,2.493
6890,3.265,2.493
6891,3.069,2.493
6892,2.781,2.493
6893,2.527,2.493
6894,2.356,2.493
6895,2.283,2.493
6896,2.317,2.493
6897,2.405,2.498
6898,2.478,2.493
6899,2.488,2.498
6900,2.458,2.493
6901,2.390,2.498
6902,2.326,2.498
6903,2.283,2.498
6904,2.258,2.498
6905,2.248,2.498
6906,2.243,2.498
6907,2.336,2.498
6908,2.669,2.498
6909,3.094,2.502
6910,3.304,2.502
6911,3.206,2.498
6912,2.928,2.502
6913,2.654,2.498
6914,2.449,2.502
6915,2.326,2.498
6916,2.307,2.502
6917,2.361,2.502
6918,2.439,2.502
6919,2.483,2.502
6920,2.478,2.502
6921,2.429,2.502
6922,2.366,2.507
6923,2.307,2.502
6924,2.273,2.502
6925,2.253,2.502
6926,2.243,2.502
6927,2.248,2.502
6928,2.410,2.502
6929,2.825,2.502
6930,3.236,2.502
6931,3.368,2.502
6932,3.221,2.502
6933,2.923,2.507
6934,2.649,2.502
6935,2.458,2.507
6936,2.341,2.502
6937,2.322,2.507
6938,2.370,2.502
6939,2.434,2.507
6940,2.468,2.502
6941,2.449,2.507
6942,2.400,2.502
6943,2.346,2.507
6944,2.287,2.502
6945,2.253,2.507
6946,2.243,2.507
6947,2.239,2.507
6948,2.243,2.507
6949,2.390,2.507
6950,2.801,2.507
6951,3.226,2.507
6952,3.387,2.507
6953,3.255,2.507
6954,2.972,2.507
6955,2.688,2.507
6956,2.488,2.507
6957,2.361,2.507
6958,2.322,2.507
6959,2.356,2.507
6960,2.419,2.507
6961,2.473,2.507
6962,2.473,2.512
6963,2.434,2.507
6964,2.370,2.512
6965,2.317,2.507
6966,2.278,2.512
6967,2.258,2.507
6968,2.253,2.512
6969,2.248,2.507
6970,2.390,2.512
6971,2.781,2.512
6972,3.167,2.512
6973,3.280,2.512
6974,3.104,2.512
6975,2.810,2.512
6976,2.551,2.512
6977,2.370,2.512
6978,2.258,2.512
6979,2.199,2.517
6980,2.214,2.512
6981,2.273,2.517
6982,2.326,2.512
6983,2.336,2.517
6984,2.292,2.512
6985,2.224,2.517
6986,2.170,2.517
6987,2.131,2.517
6988,2.111,2.517
6989,2.116,2.517
6990,2.126,2.517
6991,2.170,2.517
6992,2.419,2.517
6993,2.869,2.517
6994,3.221,2.517
6995,3.275,2.517
6996,3.065,2.517
6997,2.727,2.517
6998,2.498,2.522
6999,2.341,2.517
7000,2.278,2.517
7001,2.292,2.517
7002,2.361,2.522
7003,2.419,2.517
7004,2.429,2.522
7005,2.390,2.517
7006,2.322,2.522
7007,2.263,2.517
7008,2.224,2.517
7009,2.199,2.517
7010,2.199,2.517
7011,2.195,2.517
7012,2.204,2.517
7013,2.366,2.517
7014,2.776,2.517
7015,3.182,2.517
7016,3.333,2.517
7017,3.192,2.517
7018,2.898,2.517
7019,2.620,2.517
7020,2.419,2.517
7021,2.297,2.517
7022,2.263,2.512
7023,2.380,2.517
7024,2.356,2.517
7025,2.307,2.517
7026,2.243,2.517
7027,2.199,2.517
7028,2.170,2.517
7029,2.160,2.517
7030,2.155,2.517
7031,2.155,2.517
7032,2.195,2.517
7033,2.439,2.517
7034,2.869,2.517
7035,3.196,2.522
7036,3.211,2.522
7037,2.967,2.522
7038,2.659,2.517
7039,2.424,2.522
7040,2.302,2.517
7041,2.273,2.522
7042,2.322,2.517
7043,2.410,2.522
7044,2.478,2.517
7045,2.478,2.522
7046,2.424,2.517
7047,2.361,2.522
7048,2.292,2.517
7049,2.253,2.517
7050,2.253,2.512
7051,2.263,2.517
7052,2.273,2.512
7053,2.297,2.517
7054,2.527,2.517
7055,2.972,2.512
7056,3.353,2.517
7057,3.456,2.512
7058,3.270,2.517
7059,2.962,2.512
7060,2.674,2.512
7061,2.463,2.512
7062,2.336,2.512
7063,2.307,2.512
7064,2.341,2.512
7065,2.400,2.512
7066,2.439,2.512
7067,2.419,2.512
7068,2.370,2.512
7069,2.302,2.512
7070,2.248,2.512
7071,2.214,2.512
7072,2.204,2.512
7073,2.185,2.512
7074,2.180,2.512
7075,2.287,2.512
7076,2.644,2.512
7077,3.084,2.512
7078,3.309,2.512
7079,3.226,2.512
7080,2.952,2.512
7081,2.649,2.512
7082,2.400,2.507
7083,2.273,2.512
7084,2.239,2.507
7085,2.273,2.512
7086,2.336,2.507
7087,2.385,2.512
7088,2.380,2.507
7089,2.346,2.507
7090,2.292,2.502
7091,2.239,2.507
7092,2.209,2.502
7093,2.185,2.507
7094,2.180,2.502
7095,2.175,2.502
7096,2.268,2.502
7097,2.605,2.502
7098,3.040,2.502
7099,3.294,2.502
7100,3.240,2.502
7101,2.977,2.502
7102,2.669,2.498
7103,2.429,2.498
7104,2.273,2.498
7105,2.219,2.498
7106,2.248,2.498
7107,2.312,2.493
7108,2.366,2.498
7109,2.370,2.493
7110,2.341,2.498
7111,2.292,2.493
7112,2.253,2.493
7113,2.219,2.493
7114,2.185,2.493
7115,2.175,2.493
7116,2.170,2.488
7117,2.185,2.493
7118,2.346,2.488
7119,2.737,2.493
7120,3.162,2.488
7121,3.333,2.488
7122,3.211,2.488
7123,2.908,2.488
7124,2.600,2.483
7125,2.370,2.488
7126,2.239,2.483
7127,2.219,2.483
7128,2.268,2.478
7129,2.351,2.483
7130,2.395,2.478
7131,2.395,2.478
7132,2.366,2.473
7133,2.317,2.478
7134,2.268,2.473
7135,2.239,2.473
7136,2.219,2.473
7137,2.214,2.473
7138,2.219,2.468
7139,2.234,2.468
7140,2.370,2.468
7141,2.732,2.463
7142,3.152,2.468
7143,3.353,2.463
7144,3.265,2.463
7145,2.996,2.458
7146,2.698,2.463
7147,2.473,2.458
7148,2.341,2.458
7149,2.326,2.454
7150,2.390,2.458
7151,2.483,2.454
7152,2.532,2.454
7153,2.522,2.449
7154,2.463,2.454
7155,2.395,2.449
7156,2.331,2.449
7157,2.297,2.449
7158,2.283,2.449
7159,2.273,2.449
7160,2.292,2.449
7161,2.502,2.444
7162,2.893,2.444
7163,3.211,2.444
7164,3.270,2.444
7165,3.074,2.444
7166,2.781,2.439
7167,2.478,2.444
7168,2.312,2.439
7169,2.253,2.444
7170,2.287,2.439
7171,2.370,2.439
7172,2.439,2.439
7173,2.458,2.439
7174,2.429,2.439
7175,2.375,2.439
7176,2.322,2.439
7177,2.283,2.439
7178,2.258,2.439
7179,2.243,2.439
7180,2.268,2.439
7181,2.468,2.439
7182,2.889,2.439
7183,3.245,2.439
7184,3.328,2.439
7185,3.143,2.439
7186,2.830,2.439
7187,2.546,2.439
7188,2.341,2.439
7189,2.248,2.439
7190,2.268,2.439
7191,2.341,2.439
7192,2.424,2.439
7193,2.454,2.439
7194,2.444,2.444
7195,2.400,2.439
7196,2.341,2.439
7197,2.292,2.439
7198,2.263,2.439
7199,2.248,2.439
7200,2.253,2.439
7201,2.395,2.444
7202,2.791,2.439
7203,3.231,2.444
7204,3.416,2.444
7205,3.280,2.444
7206,2.977,2.444
7207,2.678,2.444
7208,2.449,2.444
7209,2.322,2.449
7210,2.307,2.444
7211,2.366,2.449
7212,2.454,2.444
7213,2.502,2.449
7214,2.488,2.449
7215,2.439,2.449
7216,2.380,2.449
7217,2.322,2.449
7218,2.292,2.449
7219,2.278,2.454
7220,2.268,2.449
7221,2.385,2.454
7222,2.761,2.449
7223,3.211,2.449
7224,3.441,2.454
7225,3.309,2.449
7226,3.001,2.454
7227,2.703,2.449
7228,2.473,2.454
7229,2.341,2.449
7230,2.317,2.454
7231,2.370,2.449
7232,2.454,2.449
7233,2.512,2.449
7234,2.493,2.449
7235,2.439,2.449
7236,2.366,2.444
7237,2.317,2.449
7238,2.273,2.444
7239,2.253,2.449
7240,2.243,2.444
7241,2.312,2.449
7242,2.659,2.444
7243,3.152,2.444
7244,3.465,2.444
7245,3.441,2.444
7246,3.167,2.444
7247,2.840,2.444
7248,2.571,2.439
7249,2.390,2.444
7250,2.312,2.439
7251,2.341,2.444
7252,2.419,2.439
7253,2.498,2.439
7254,2.502,2.439
7255,2.463,2.439
7256,2.390,2.439
7257,2.326,2.439
7258,2.273,2.439
7259,2.253,2.434
7260,2.243,2.439
7261,2.234,2.434
7262,2.253,2.439
7263,2.512,2.434
7264,3.025,2.439
7265,3.441,2.434
7266,3.524,2.439
7267,3.304,2.434
7268,2.957,2.439
7269,2.659,2.434
7270,2.444,2.439
7271,2.326,2.434
7272,2.317,2.439
7273,2.380,2.439
7274,2.458,2.439
7275,2.498,2.439
7276,2.483,2.439
7277,2.419,2.439
7278,2.346,2.439
7279,2.283,2.439
7280,2.234,2.439
7281,2.219,2.439
7282,2.224,2.439
7283,2.229,2.439
7284,2.253,2.439
7285,2.502,2.439
7286,3.001,2.439
7287,3.436,2.444
7288,3.529,2.439
7289,3.304,2.444
7290,2.952,2.439
7291,2.654,2.444
7292,2.449,2.444
7293,2.331,2.444
7294,2.312,2.444
7295,2.370,2.444
7296,2.449,2.444
7297,2.483,2.444
7298,2.468,2.444
7299,2.405,2.444
7300,2.322,2.444
7301,2.268,2.444
7302,2.224,2.449
7303,2.204,2.444
7304,2.204,2.449
7305,2.199,2.444
7306,2.199,2.449
7307,2.351,2.444
7308,2.801,2.449
7309,3.314,2.449
7310,3.539,2.449
7311,3.372,2.449
7312,3.030,2.454
7313,2.698,2.449
7314,2.458,2.454
7315,2.312,2.454
7316,2.268,2.454
7317,2.302,2.454
7318,2.380,2.454
7319,2.434,2.454
7320,2.434,2.454
7321,2.390,2.454
7322,2.317,2.454
7323,2.258,2.458
7324,2.214,2.454
7325,2.185,2.458
7326,2.175,2.454
7327,2.175,2.458
7328,2.175,2.454
7329,2.180,2.458
7330,2.243,2.454
7331,2.590,2.458
7332,3.123,2.458
7333,3.480,2.463
7334,3.460,2.458
7335,3.157,2.463
7336,2.801,2.458
7337,2.522,2.463
7338,2.322,2.463
7339,2.278,2.458
7340,2.307,2.463
7341,2.385,2.458
7342,2.454,2.463
7343,2.473,2.458
7344,2.429,2.463
7345,2.356,2.458
7346,2.287,2.463
7347,2.243,2.463
7348,2.214,2.468
7349,2.209,2.463
7350,2.199,2.468
7351,2.199,2.463
7352,2.336,2.468
7353,2.766,2.463
7354,3.260,2.468
7355,3.480,2.463
7356,3.348,2.468
7357,3.006,2.468
7358,2.674,2.468
7359,2.405,2.468
7360,2.283,2.468
7361,2.258,2.468
7362,2.307,2.468
7363,2.385,2.473
7364,2.429,2.468
7365,2.419,2.473
7366,2.361,2.468
7367,2.292,2.473
7368,2.234,2.468
7369,2.199,2.473
7370,2.180,2.468
7371,2.175,2.473
7372,2.180,2.473
7373,2.175,2.473
7374,2.356,2.473
7375,2.820,2.473
7376,3.299,2.473
7377,3.480,2.473
7378,3.309,2.473
7379,2.952,2.473
7380,2.630,2.473
7381,2.385,2.473
7382,2.253,2.473
7383,2.229,2.473
7384,2.278,2.478
7385,2.351,2.473
7386,2.400,2.478
7387,2.395,2.473
7388,2.356,2.478
7389,2.292,2.473
7390,2.224,2.478
7391,2.180,2.473
7392,2.155,2.478
7393,2.151,2.473
7394,2.155,2.478
7395,2.155,2.478
7396,2.165,2.478
7397,2.302,2.478
7398,2.737,2.478
7399,3.260,2.478
7400,3.514,2.478
7401,3.387,2.483
7402,3.040,2.478
7403,2.678,2.483
7404,2.424,2.478
7405,2.278,2.483
7406,2.234,2.478
7407,2.287,2.483
7408,2.370,2.478
7409,2.434,2.483
7410,2.444,2.478
7411,2.400,2.483
7412,2.326,2.478
7413,2.263,2.483
7414,2.214,2.478
7415,2.190,2.483
7416,2.185,2.478
7417,2.180,2.483
7418,2.185,2.483
7419,2.180,2.483
7420,2.219,2.483
7421,2.498,2.483
7422,3.016,2.483
7423,3.456,2.483
7424,3.465,2.483
7425,3.172,2.483
7426,2.796,2.483
7427,2.498,2.483
7428,2.307,2.488
7429,2.229,2.483
7430,2.258,2.488
7431,2.341,2.483
7432,2.419,2.488
7433,2.444,2.483
7434,2.419,2.488
7435,2.356,2.483
7436,2.283,2.488
7437,2.229,2.483
7438,2.199,2.488
7439,2.185,2.483
7440,2.175,2.488
7441,2.170,2.483
7442,2.204,2.488
7443,2.439,2.488
7444,2.937,2.488
7445,3.368,2.488
7446,3.475,2.488
7447,3.236,2.488
7448,2.864,2.488
7449,2.546,2.488
7450,2.341,2.488
7451,2.239,2.488
7452,2.253,2.488
7453,2.336,2.488
7454,2.414,2.488
7455,2.444,2.488
7456,2.419,2.488
7457,2.361,2.488
7458,2.292,2.488
7459,2.239,2.488
7460,2.214,2.488
7461,2.199,2.488
7462,2.199,2.488
7463,2.185,2.488
7464,2.214,2.488
7465,2.473,2.488
7466,2.986,2.493
7467,3.412,2.488
7468,3.495,2.493
7469,3.245,2.488
7470,2.869,2.493
7471,2.551,2.488
7472,2.341,2.493
7473,2.234,2.488
7474,2.243,2.493
7475,2.312,2.488
7476,2.380,2.493
7477,2.419,2.488
7478,2.400,2.493
7479,2.351,2.488
7480,2.278,2.493
7481,2.248,2.493
7482,2.209,2.493
7483,2.199,2.493
7484,2.185,2.493
7485,2.185,2.493
7486,2.190,2.493
7487,2.292,2.493
7488,2.703,2.493
7489,3.236,2.493
7490,3.524,2.493
7491,3.387,2.498
7492,3.006,2.493
7493,2.674,2.493
7494,2.410,2.493
7495,2.283,2.498
7496,2.248,2.493
7497,2.307,2.498
7498,2.400,2.493
7499,2.473,2.498
7500,2.478,2.498
7501,2.444,2.498
7502,2.361,2.498
7503,2.317,2.498
7504,2.292,2.498
7505,2.307,2.498
7506,2.322,2.498
7507,2.322,2.498
7508,2.326,2.498
7509,2.620,2.493
7510,3.118,2.498
7511,3.470,2.498
7512,3.456,2.498
7513,3.157,2.498
7514,2.786,2.498
7515,2.478,2.498
7516,2.283,2.498
7517,2.195,2.498
7518,2.199,2.498
7519,2.253,2.498
7520,2.312,2.498
7521,2.331,2.498
7522,2.302,2.498
7523,2.243,2.498
7524,2.180,2.498
7525,2.126,2.498
7526,2.102,2.498
7527,2.097,2.498
7528,2.102,2.498
7529,2.092,2.498
7530,2.131,2.498
7531,2.390,2.498
7532,2.889,2.498
7533,3.304,2.498
7534,3.363,2.498
7535,3.089,2.498
7536,2.703,2.498
7537,2.380,2.498
7538,2.209,2.498
7539,2.151,2.498
7540,2.185,2.498
7541,2.263,2.502
7542,2.326,2.498
7543,2.346,2.502
7544,2.322,2.498
7545,2.273,2.502
7546,2.209,2.498
7547,2.160,2.502
7548,2.136,2.498
7549,2.121,2.502
7550,2.126,2.498
7551,2.126,2.502
7552,2.214,2.498
7553,2.551,2.502
7554,3.025,2.498
7555,3.324,2.502
7556,3.275,2.498
7557,2.972,2.502
7558,2.630,2.502
7559,2.366,2.502
7560,2.214,2.502
7561,2.195,2.502
7562,2.253,2.502
7563,2.341,2.502
7564,2.405,2.502
7565,2.414,2.502
7566,2.370,2.502
7567,2.317,2.502
7568,2.268,2.502
7569,2.229,2.502
7570,2.199,2.502
7571,2.190,2.502
7572,2.229,2.502
7573,2.517,2.502
7574,2.991,2.502
7575,3.333,2.502
7576,3.348,2.502
7577,3.074,2.502
7578,2.717,2.502
7579,2.414,2.502
7580,2.224,2.502
7581,2.175,2.502
7582,2.229,2.502
7583,2.322,2.502
7584,2.390,2.502
7585,2.410,2.507
7586,2.370,2.502
7587,2.307,2.507
7588,2.248,2.502
7589,2.209,2.507
7590,2.190,2.502
7591,2.175,2.507
7592,2.175,2.502
7593,2.356,2.507
7594,2.854,2.502
7595,3.299,2.502
7596,3.426,2.502
7597,3.226,2.502
7598,2.874,2.502
7599,2.542,2.502
7600,2.307,2.502
7601,2.199,2.502
7602,2.209,2.502
7603,2.292,2.502
7604,2.370,2.502
7605,2.410,2.502
7606,2.400,2.502
7607,2.351,2.498
7608,2.287,2.502
7609,2.229,2.498
7610,2.185,2.502
7611,2.175,2.498
7612,2.170,2.502
7613,2.273,2.498
7614,2.664,2.502
7615,3.172,2.498
7616,3.451,2.502
7617,3.372,2.498
7618,3.045,2.502
7619,2.674,2.498
7620,2.390,2.502
7621,2.234,2.498
7622,2.204,2.498
7623,2.283,2.498
7624,2.370,2.498
7625,2.414,2.498
7626,2.410,2.498
7627,2.356,2.498
7628,2.302,2.498
7629,2.248,2.493
7630,2.219,2.493
7631,2.199,2.493
7632,2.199,2.493
7633,2.366,2.493
7634,2.791,2.493
7635,3.231,2.493
7636,3.382,2.493
7637,3.211,2.488
7638,2.884,2.493
7639,2.551,2.488
7640,2.307,2.488
7641,2.195,2.488
7642,2.209,2.488
7643,2.297,2.483
7644,2.390,2.488
7645,2.434,2.483
7646,2.419,2.488
7647,2.370,2.483
7648,2.292,2.483
7649,2.224,2.478
7650,2.175,2.483
7651,2.160,2.478
7652,2.204,2.478
7653,2.463,2.478
7654,2.918,2.478
7655,3.260,2.478
7656,3.294,2.473
7657,3.079,2.478
7658,2.761,2.473
7659,2.478,2.478
7660,2.283,2.473
7661,2.224,2.478
7662,2.258,2.473
7663,2.351,2.478
7664,2.454,2.478
7665,2.512,2.478
7666,2.522,2.478
7667,2.498,2.483
7668,2.463,2.478
7669,2.419,2.483
7670,2.385,2.483
7671,2.405,2.488
7672,2.664,2.488
7673,3.148,2.493
7674,3.504,2.488
7675,3.524,2.493
7676,3.275,2.493
7677,2.933,2.498
7678,2.625,2.493
7679,2.385,2.498
7680,2.322,2.502
7681,2.375,2.498
7682,2.478,2.502
7683,2.546,2.502
7684,2.566,2.507
7685,2.546,2.502
7686,2.537,2.507
7687,2.537,2.502
7688,2.517,2.507
7689,2.478,2.507
7690,2.556,2.512
7691,2.893,2.507
7692,3.270,2.512
7693,3.382,2.507
7694,3.206,2.512
7695,2.893,2.512
7696,2.586,2.512
7697,2.341,2.512
7698,2.224,2.512
7699,2.239,2.512
7700,2.326,2.512
7701,2.424,2.512
7702,2.463,2.517
7703,2.434,2.517
7704,2.366,2.517
7705,2.312,2.517
7706,2.278,2.517
7707,2.258,2.517
7708,2.268,2.517
7709,2.454,2.522
7710,2.923,2.517
7711,3.348,2.522
7712,3.451,2.517
7713,3.236,2.522
7714,2.884,2.517
7715,2.551,2.522
7716,2.312,2.522
7717,2.204,2.522
7718,2.234,2.522
7719,2.331,2.522
7720,2.429,2.522
7721,2.478,2.522
7722,2.473,2.522
7723,2.429,2.522
7724,2.390,2.522
7725,2.356,2.522
7726,2.322,2.522
7727,2.307,2.522
7728,2.468,2.527
7729,2.923,2.522
7730,3.358,2.527
7731,3.475,2.522
7732,3.275,2.527
7733,2.923,2.522
7734,2.595,2.527
7735,2.361,2.522
7736,2.224,2.522
7737,2.248,2.522
7738,2.336,2.522
7739,2.414,2.522
7740,2.439,2.522
7741,2.410,2.522
7742,2.346,2.522
7743,2.278,2.522
7744,2.229,2.522
7745,2.204,2.522
7746,2.185,2.517
7747,2.268,2.522
7748,2.644,2.517
7749,3.152,2.522
7750,3.431,2.517
7751,3.314,2.517
7752,2.996,2.517
7753,2.683,2.517
7754,2.444,2.512
7755,2.307,2.512
7756,2.283,2.512
7757,2.351,2.512
7758,2.434,2.512
7759,2.478,2.507
7760,2.463,2.507
7761,2.395,2.507
7762,2.312,2.507
7763,2.253,2.502
7764,2.214,2.507
7765,2.199,2.502
7766,2.219,2.502
7767,2.444,2.498
7768,2.933,2.502
7769,3.338,2.498
7770,3.402,2.498
7771,3.187,2.498
7772,2.869,2.498
7773,2.590,2.493
7774,2.385,2.493
7775,2.292,2.493
7776,2.322,2.493
7777,2.410,2.493
7778,2.488,2.493
7779,2.498,2.488
7780,2.449,2.488
7781,2.370,2.488
7782,2.292,2.488
7783,2.243,2.488
7784,2.214,2.483
7785,2.195,2.488
7786,2.258,2.483
7787,2.581,2.483
7788,3.089,2.483
7789,3.392,2.483
7790,3.363,2.483
7791,3.094,2.483
7792,2.776,2.478
7793,2.502,2.483
7794,2.366,2.483
7795,2.351,2.478
7796,2.429,2.478
7797,2.522,2.478
7798,2.561,2.478
7799,2.542,2.478
7800,2.458,2.478
7801,2.361,2.478
7802,2.283,2.478
7803,2.234,2.473
7804,2.204,2.478
7805,2.185,2.473
7806,2.195,2.478
7807,2.385,2.473
7808,2.854,2.478
7809,3.294,2.473
7810,3.431,2.478
7811,3.265,2.473
7812,2.967,2.478
7813,2.693,2.473
7814,2.478,2.478
7815,2.346,2.473
7816,2.312,2.473
7817,2.366,2.473
7818,2.424,2.473
7819,2.434,2.473
7820,2.380,2.473
7821,2.302,2.473
7822,2.229,2.473
7823,2.185,2.473
7824,2.151,2.473
7825,2.141,2.473
7826,2.136,2.473
7827,2.131,2.473
7828,2.165,2.473
7829,2.439,2.473
7830,2.937,2.473
7831,3.304,2.478
7832,3.338,2.473
7833,3.094,2.478
7834,2.776,2.473
7835,2.522,2.478
7836,2.356,2.473
7837,2.268,2.478
7838,2.278,2.473
7839,2.336,2.478
7840,2.390,2.478
7841,2.400,2.478
7842,2.366,2.478
7843,2.297,2.478
7844,2.239,2.478
7845,2.190,2.478
7846,2.165,2.478
7847,2.155,2.478
7848,2.160,2.478
7849,2.165,2.478
7850,2.160,2.478
7851,2.273,2.478
7852,2.683,2.478
7853,3.148,2.478
7854,3.324,2.483
7855,3.182,2.478
7856,2.889,2.478
7857,2.615,2.478
7858,2.410,2.478
7859,2.292,2.478
7860,2.278,2.478
7861,2.336,2.478
7862,2.410,2.478
7863,2.434,2.483
7864,2.405,2.478
7865,2.341,2.483
7866,2.268,2.478
7867,2.219,2.483
7868,2.190,2.478
7869,2.175,2.483
7870,2.175,2.478
7871,2.175,2.483
7872,2.175,2.478
7873,2.273,2.483
7874,2.634,2.483
7875,3.094,2.488
7876,3.314,2.483
7877,3.162,2.483
7878,2.869,2.483
7879,2.576,2.483
7880,2.390,2.488
7881,2.292,2.483
7882,2.292,2.488
7883,2.356,2.483
7884,2.405,2.488
7885,2.429,2.483
7886,2.395,2.488
7887,2.326,2.483
7888,2.263,2.488
7889,2.214,2.483
7890,2.180,2.488
7891,2.165,2.483
7892,2.165,2.488
7893,2.170,2.483
7894,2.170,2.483
7895,2.160,2.483
7896,2.258,2.483
7897,2.630,2.483
7898,3.109,2.483
7899,3.353,2.483
7900,3.265,2.483
7901,2.981,2.483
7902,2.688,2.483
7903,2.473,2.483
7904,2.341,2.483
7905,2.302,2.483
7906,2.326,2.483
7907,2.395,2.483
7908,2.424,2.483
7909,2.410,2.483
7910,2.361,2.483
7911,2.297,2.483
7912,2.239,2.483
7913,2.195,2.483
7914,2.175,2.483
7915,2.170,2.483
7916,2.170,2.483
7917,2.170,2.483
7918,2.170,2.483
7919,2.165,2.483
7920,2.170,2.483
7921,2.331,2.483
7922,2.771,2.488
7923,3.221,2.483
7924,3.372,2.488
7925,3.216,2.483
7926,2.913,2.488
7927,2.630,2.483
7928,2.449,2.488
7929,2.341,2.483
7930,2.317,2.488
7931,2.356,2.483
7932,2.414,2.488
7933,2.444,2.488
7934,2.429,2.488
7935,2.375,2.488
7936,2.322,2.488
7937,2.263,2.488
7938,2.224,2.488
7939,2.195,2.488
7940,2.195,2.488
7941,2.199,2.493
7942,2.204,2.488
7943,2.204,2.493
7944,2.229,2.488
7945,2.478,2.493
7946,2.942,2.493
7947,3.299,2.493
7948,3.333,2.493
7949,3.113,2.498
7950,2.825,2.493
7951,2.581,2.498
7952,2.410,2.493
7953,2.331,2.498
7954,2.361,2.493
7955,2.424,2.498
7956,2.488,2.498
7957,2.498,2.498
7958,2.458,2.498
7959,2.390,2.498
7960,2.326,2.498
7961,2.273,2.502
7962,2.248,2.498
7963,2.234,2.502
7964,2.229,2.502
7965,2.229,2.498
7966,2.224,2.502
7967,2.322,2.498
7968,2.683,2.502
7969,3.143,2.502
7970,3.372,2.507
7971,3.284,2.502
7972,3.001,2.507
7973,2.717,2.502
7974,2.507,2.507
7975,2.375,2.507
7976,2.317,2.507
7977,2.346,2.507
7978,2.410,2.507
7979,2.449,2.507
7980,2.434,2.507
7981,2.390,2.507
7982,2.336,2.507
7983,2.283,2.512
7984,2.239,2.507
7985,2.214,2.512
7986,2.199,2.512
7987,2.195,2.512
7988,2.180,2.507
7989,2.155,2.512
7990,2.160,2.512
7991,2.346,2.512
7992,2.849,2.512
7993,3.265,2.517
7994,3.343,2.512
7995,3.128,2.517
7996,2.801,2.512
7997,2.527,2.517
7998,2.351,2.517
7999,2.263,2.517
8000,2.268,2.517
8001,2.326,2.517
8002,2.395,2.517
8003,2.419,2.512
8004,2.395,2.517
8005,2.341,2.512
8006,2.268,2.517
8007,2.214,2.512
8008,2.175,2.517
8009,2.155,2.512
8010,2.151,2.517
8011,2.141,2.512
8012,2.126,2.517
8013,2.151,2.512
8014,2.380,2.517
8015,2.825,2.512
8016,3.196,2.517
8017,3.255,2.512
8018,3.040,2.517
8019,2.742,2.512
8020,2.493,2.512
8021,2.312,2.517
8022,2.253,2.512
8023,2.283,2.517
8024,2.356,2.512
8025,2.405,2.517
8026,2.414,2.512
8027,2.375,2.517
8028,2.326,2.512
8029,2.268,2.512
8030,2.224,2.512
8031,2.199,2.512
8032,2.185,2.512
8033,2.190,2.512
8034,2.185,2.512
8035,2.253,2.512
8036,2.561,2.512
8037,3.030,2.512
8038,3.324,2.517
8039,3.304,2.512
8040,3.050,2.517
8041,2.727,2.512
8042,2.468,2.517
8043,2.312,2.512
8044,2.258,2.517
8045,2.283,2.512
8046,2.356,2.517
8047,2.414,2.512
8048,2.419,2.517
8049,2.385,2.517
8050,2.317,2.517
8051,2.258,2.517
8052,2.214,2.517
8053,2.190,2.517
8054,2.175,2.517
8055,2.175,2.517
8056,2.175,2.517
8057,2.190,2.517
8058,2.380,2.517
8059,2.825,2.517
8060,3.265,2.517
8061,3.397,2.517
8062,3.231,2.517
8063,2.908,2.517
8064,2.615,2.517
8065,2.400,2.517
8066,2.287,2.517
8067,2.278,2.517
8068,2.322,2.517
8069,2.395,2.517
8070,2.419,2.517
8071,2.405,2.517
8072,2.356,2.517
8073,2.297,2.522
8074,2.253,2.517
8075,2.214,2.522
8076,2.195,2.517
8077,2.185,2.517
8078,2.185,2.522
8079,2.180,2.517
8080,2.199,2.522
8081,2.361,2.517
8082,2.796,2.522
8083,3.240,2.517
8084,3.416,2.522
8085,3.265,2.517
8086,2.942,2.522
8087,2.634,2.517
8088,2.414,2.522
8089,2.302,2.517
8090,2.292,2.522
8091,2.341,2.517
8092,2.414,2.522
8093,2.454,2.517
8094,2.429,2.522
8095,2.380,2.517
8096,2.317,2.517
8097,2.268,2.517
8098,2.239,2.517
8099,2.219,2.517
8100,2.214,2.517
8101,2.209,2.517
8102,2.204,2.517
8103,2.253,2.517
8104,2.546,2.512
8105,3.011,2.517
8106,3.353,2.512
8107,3.333,2.517
8108,3.065,2.512
8109,2.742,2.512
8110,2.488,2.512
8111,2.361,2.512
8112,2.385,2.512
8113,2.522,2.512
8114,2.664,2.512
8115,2.732,2.512
8116,2.698,2.512
8117,2.605,2.512
8118,2.493,2.512
8119,2.395,2.507
8120,2.351,2.512
8121,2.331,2.507
8122,2.307,2.512
8123,2.292,2.507
8124,2.273,2.507
8125,2.248,2.507
8126,2.258,2.507
8127,2.502,2.507
8128,3.016,2.507
8129,3.460,2.507
8130,3.514,2.507
8131,3.270,2.507
8132,2.928,2.507
8133,2.620,2.507
8134,2.424,2.507
8135,2.317,2.507
8136,2.326,2.502
8137,2.419,2.507
8138,2.507,2.502
8139,2.551,2.507
8140,2.517,2.502
8141,2.439,2.507
8142,2.361,2.502
8143,2.302,2.507
8144,2.258,2.502
8145,2.234,2.507
8146,2.224,2.502
8147,2.219,2.502
8148,2.209,2.502
8149,2.297,2.502
8150,2.659,2.502
8151,3.157,2.502
8152,3.456,2.502
8153,3.407,2.502
8154,3.109,2.502
8155,2.732,2.502
8156,2.439,2.507
8157,2.253,2.502
8158,2.185,2.502
8159,2.214,2.502
8160,2.292,2.507
8161,2.366,2.502
8162,2.395,2.507
8163,2.366,2.502
8164,2.322,2.507
8165,2.263,2.502
8166,2.219,2.507
8167,2.185,2.502
8168,2.170,2.507
8169,2.165,2.502
8170,2.160,2.507
8171,2.195,2.502
8172,2.429,2.507
8173,2.884,2.507
8174,3.250,2.507
8175,3.309,2.507
8176,3.089,2.507
8177,2.761,2.507
8178,2.478,2.507
8179,2.292,2.507
8180,2.219,2.507
8181,2.248,2.507
8182,2.317,2.507
8183,2.385,2.507
8184,2.410,2.507
8185,2.380,2.507
8186,2.326,2.507
8187,2.268,2.507
8188,2.229,2.507
8189,2.195,2.507
8190,2.180,2.507
8191,2.170,2.507
8192,2.170,2.507
8193,2.239,2.507
8194,2.537,2.507
8195,2.972,2.507
8196,3.250,2.507
8197,3.216,2.502
8198,2.947,2.507
8199,2.630,2.502
8200,2.375,2.502
8201,2.229,2.502
8202,2.199,2.502
8203,2.258,2.498
8204,2.346,2.502
8205,2.410,2.498
8206,2.419,2.498
8207,2.380,2.493
8208,2.317,2.498
8209,2.263,2.493
8210,2.224,2.493
8211,2.199,2.488
8212,2.190,2.488
8213,2.199,2.488
8214,2.336,2.488
8215,2.732,2.483
8216,3.157,2.483
8217,3.319,2.478
8218,3.172,2.483
8219,2.864,2.478
8220,2.527,2.473
8221,2.317,2.478
8222,2.224,2.473
8223,2.253,2.473
8224,2.341,2.468
8225,2.424,2.468
8226,2.454,2.463
8227,2.419,2.468
8228,2.361,2.463
8229,2.297,2.463
8230,2.258,2.458
8231,2.229,2.458
8232,2.214,2.458
8233,2.204,2.458
8234,2.336,2.454
8235,2.727,2.454
8236,3.157,2.454
8237,3.328,2.454
8238,3.187,2.449
8239,2.879,2.449
8240,2.571,2.449
8241,2.351,2.449
8242,2.243,2.449
8243,2.253,2.449
8244,2.341,2.444
8245,2.424,2.444
8246,2.458,2.444
8247,2.429,2.444
8248,2.370,2.444
8249,2.322,2.439
8250,2.278,2.444
8251,2.248,2.439
8252,2.229,2.444
8253,2.214,2.439
8254,2.322,2.439
8255,2.683,2.439
8256,3.138,2.439
8257,3.348,2.439
8258,3.240,2.434
8259,2.942,2.439
8260,2.620,2.434
8261,2.370,2.439
8262,2.243,2.434
8263,2.243,2.439
8264,2.326,2.434
8265,2.410,2.439
8266,2.449,2.434
8267,2.439,2.439
8268,2.380,2.439
8269,2.312,2.439
8270,2.253,2.439
8271,2.214,2.439
8272,2.195,2.439
8273,2.185,2.439
8274,2.185,2.439
8275,2.317,2.439
8276,2.708,2.439
8277,3.187,2.439
8278,3.338,2.444
8279,3.167,2.439
8280,2.849,2.444
8281,2.537,2.439
8282,2.322,2.444
8283,2.234,2.439
8284,2.273,2.444
8285,2.375,2.439
8286,2.458,2.444
8287,2.478,2.444
8288,2.439,2.444
8289,2.380,2.444
8290,2.317,2.449
8291,2.273,2.444
8292,2.248,2.449
8293,2.239,2.444
8294,2.234,2.449
8295,2.322,2.444
8296,2.678,2.449
8297,3.113,2.444
8298,3.319,2.449
8299,3.216,2.449
8300,2.913,2.449
8301,2.605,2.449
8302,2.370,2.449
8303,2.248,2.449
8304,2.268,2.449
8305,2.375,2.454
8306,2.458,2.449
8307,2.483,2.454
8308,2.444,2.449
8309,2.375,2.454
8310,2.307,2.449
8311,2.263,2.454
8312,2.239,2.454
8313,2.229,2.454
8314,2.229,2.454
8315,2.341,2.454
8316,2.727,2.454
8317,3.172,2.454
8318,3.353,2.454
8319,3.216,2.454
8320,2.903,2.454
8321,2.586,2.454
8322,2.351,2.458
8323,2.248,2.454
8324,2.278,2.458
8325,2.385,2.454
8326,2.478,2.458
8327,2.507,2.454
8328,2.473,2.458
8329,2.400,2.454
8330,2.331,2.458
8331,2.283,2.458
8332,2.248,2.458
8333,2.234,2.458
8334,2.229,2.458
8335,2.253,2.458
8336,2.502,2.458
8337,2.986,2.458
8338,3.358,2.458
8339,3.402,2.463
8340,3.157,2.458
8341,2.820,2.463
8342,2.527,2.458
8343,2.336,2.463
8344,2.287,2.463
8345,2.346,2.463
8346,2.449,2.463
8347,2.522,2.463
8348,2.517,2.458
8349,2.468,2.463
8350,2.395,2.463
8351,2.331,2.463
8352,2.278,2.463
8353,2.253,2.468
8354,2.239,2.463
8355,2.224,2.468
8356,2.229,2.463
8357,2.419,2.468
8358,2.874,2.463
8359,3.284,2.468
8360,3.387,2.463
8361,3.177,2.463
8362,2.791,2.463
8363,2.512,2.463
8364,2.336,2.463
8365,2.292,2.463
8366,2.356,2.463
8367,2.458,2.458
8368,2.517,2.463
8369,2.512,2.458
8370,2.454,2.463
8371,2.385,2.458
8372,2.317,2.463
8373,2.268,2.458
8374,2.248,2.458
8375,2.243,2.458
8376,2.239,2.458
8377,2.239,2.458
8378,2.366,2.458
8379,2.752,2.458
8380,3.236,2.454
8381,3.358,2.458
8382,3.177,2.454
8383,2.854,2.458
8384,2.551,2.454
8385,2.341,2.458
8386,2.268,2.454
8387,2.317,2.458
8388,2.424,2.454
8389,2.502,2.454
8390,2.507,2.454
8391,2.449,2.454
8392,2.380,2.454
8393,2.302,2.454
8394,2.263,2.454
8395,2.234,2.454
8396,2.229,2.454
8397,2.224,2.449
8398,2.224,2.454
8399,2.297,2.449
8400,2.610,2.454
8401,3.113,2.449
8402,3.392,2.454
8403,3.338,2.449
8404,3.069,2.454
8405,2.722,2.449
8406,2.483,2.454
8407,2.341,2.449
8408,2.356,2.454
8409,2.458,2.449
8410,2.561,2.454
8411,2.586,2.449
8412,2.551,2.454
8413,2.468,2.449
8414,2.405,2.454
8415,2.341,2.449
8416,2.307,2.454
8417,2.292,2.449
8418,2.287,2.454
8419,2.268,2.454
8420,2.258,2.454
8421,2.292,2.454
8422,2.586,2.454
8423,3.084,2.454
8424,3.431,2.454
8425,3.436,2.458
8426,3.177,2.454
8427,2.835,2.458
8428,2.566,2.454
8429,2.400,2.458
8430,2.370,2.454
8431,2.444,2.458
8432,2.522,2.458
8433,2.556,2.458
8434,2.527,2.458
8435,2.444,2.458
8436,2.351,2.458
8437,2.287,2.458
8438,2.248,2.458
8439,2.229,2.458
8440,2.214,2.458
8441,2.209,2.458
8442,2.204,2.458
8443,2.258,2.463
8444,2.576,2.458
8445,3.060,2.463
8446,3.358,2.458
8447,3.280,2.463
8448,2.986,2.463
8449,2.669,2.463
8450,2.419,2.463
8451,2.287,2.463
8452,2.283,2.463
8453,2.356,2.463
8454,2.439,2.468
8455,2.478,2.463
8456,2.454,2.468
8457,2.390,2.463
8458,2.322,2.468
8459,2.268,2.468
8460,2.234,2.468
8461,2.219,2.468
8462,2.219,2.468
8463,2.214,2.468
8464,2.204,2.473
8465,2.229,2.468
8466,2.458,2.473
8467,2.918,2.468
8468,3.284,2.473
8469,3.324,2.468
8470,3.089,2.473
8471,2.761,2.468
8472,2.488,2.473
8473,2.317,2.468
8474,2.283,2.473
8475,2.341,2.473
8476,2.454,2.473
8477,2.502,2.473
8478,2.488,2.473
8479,2.424,2.473
8480,2.356,2.473
8481,2.292,2.473
8482,2.253,2.473
8483,2.234,2.478
8484,2.224,2.473
8485,2.219,2.478
8486,2.224,2.473
8487,2.375,2.478
8488,2.776,2.473
8489,3.177,2.478
8490,3.304,2.473
8491,3.143,2.478
8492,2.830,2.478
8493,2.537,2.478
8494,2.326,2.478
8495,2.248,2.478
8496,2.287,2.478
8497,2.385,2.478
8498,2.458,2.478
8499,2.473,2.478
8500,2.429,2.478
8501,2.361,2.478
8502,2.297,2.478
8503,2.248,2.478
8504,2.219,2.478
8505,2.219,2.478
8506,2.214,2.483
8507,2.209,2.478
8508,2.209,2.483
8509,2.356,2.478
8510,2.776,2.478
8511,3.221,2.483
8512,3.382,2.483
8513,3.236,2.483
8514,2.918,2.483
8515,2.615,2.483
8516,2.405,2.483
8517,2.302,2.483
8518,2.312,2.483
8519,2.395,2.483
8520,2.473,2.483
8521,2.483,2.483
8522,2.444,2.483
8523,2.375,2.483
8524,2.307,2.483
8525,2.258,2.483
8526,2.229,2.483
8527,2.214,2.483
8528,2.209,2.483
8529,2.214,2.483
8530,2.214,2.483
8531,2.204,2.483
8532,2.322,2.488
8533,2.757,2.483
8534,3.216,2.488
8535,3.426,2.483
8536,3.338,2.488
8537,3.094,2.483
8538,2.849,2.488
8539,2.654,2.483
8540,2.537,2.488
8541,2.512,2.488
8542,2.546,2.488
8543,2.581,2.488
8544,2.571,2.488
8545,2.522,2.488
8546,2.449,2.488
8547,2.366,2.488
8548,2.307,2.488
8549,2.253,2.488
8550,2.224,2.488
8551,2.209,2.488
8552,2.180,2.488
8553,2.175,2.488
8554,2.326,2.488
8555,2.742,2.488
8556,3.157,2.488
8557,3.304,2.493
8558,3.167,2.488
8559,2.869,2.493
8560,2.586,2.488
8561,2.366,2.488
8562,2.283,2.488
8563,2.307,2.488
8564,2.385,2.493
8565,2.449,2.488
8566,2.468,2.493
8567,2.429,2.488
8568,2.366,2.493
8569,2.292,2.488
8570,2.243,2.493
8571,2.214,2.488
8572,2.199,2.493
8573,2.195,2.488
8574,2.199,2.493
8575,2.185,2.488
8576,2.243,2.493
8577,2.532,2.488
8578,3.011,2.493
8579,3.338,2.493
8580,3.333,2.493
8581,3.079,2.493
8582,2.752,2.493
8583,2.502,2.493
8584,2.341,2.493
8585,2.302,2.493
8586,2.356,2.493
8587,2.439,2.493
8588,2.488,2.493
8589,2.478,2.493
8590,2.414,2.493
8591,2.351,2.498
8592,2.287,2.493
8593,2.248,2.498
8594,2.229,2.493
8595,2.224,2.498
8596,2.219,2.493
8597,2.219,2.498
8598,2.209,2.493
8599,2.229,2.498
8600,2.439,2.493
8601,2.893,2.498
8602,3.289,2.493
8603,3.377,2.498
8604,3.182,2.493
8605,2.859,2.498
8606,2.576,2.498
8607,2.400,2.498
8608,2.331,2.498
8609,2.370,2.498
8610,2.449,2.498
8611,2.512,2.493
8612,2.512,2.498
8613,2.463,2.498
8614,2.390,2.498
8615,2.322,2.498
8616,2.278,2.498
8617,2.243,2.493
8618,2.224,2.498
8619,2.224,2.498
8620,2.229,2.498
8621,2.229,2.498
8622,2.219,2.498
8623,2.331,2.498
8624,2.693,2.493
8625,3.143,2.498
8626,3.363,2.493
8627,3.260,2.498
8628,2.967,2.493
8629,2.669,2.493
8630,2.454,2.493
8631,2.331,2.493
8632,2.336,2.488
8633,2.414,2.493
8634,2.493,2.488
8635,2.517,2.493
8636,2.483,2.488
8637,2.419,2.488
8638,2.341,2.488
8639,2.292,2.488
8640,2.253,2.483
8641,2.234,2.488
8642,2.229,2.483
8643,2.224,2.483
8644,2.229,2.483
8645,2.214,2.483
8646,2.258,2.483
8647,2.590,2.478
8648,3.040,2.478
8649,3.299,2.478
8650,3.255,2.478
8651,3.001,2.473
8652,2.703,2.478
8653,2.478,2.473
8654,2.341,2.473
8655,2.307,2.473
8656,2.370,2.473
8657,2.449,2.468
8658,2.493,2.468
8659,2.468,2.468
8660,2.410,2.468
8661,2.346,2.468
8662,2.287,2.463
8663,2.263,2.468
8664,2.239,2.463
8665,2.224,2.463
8666,2.224,2.463
8667,2.229,2.463
8668,2.224,2.458
8669,2.243,2.463
8670,2.444,2.458
8671,2.864,2.463
8672,3.221,2.458
8673,3.299,2.463
8674,3.104,2.458
8675,2.761,2.458
8676,2.522,2.458
8677,2.366,2.458
8678,2.322,2.458
8679,2.366,2.458
8680,2.454,2.458
8681,2.502,2.458
8682,2.493,2.458
8683,2.434,2.458
8684,2.375,2.458
8685,2.312,2.458
8686,2.278,2.458
8687,2.248,2.458
8688,2.243,2.458
8689,2.239,2.458
8690,2.229,2.458
8691,2.239,2.458
8692,2.405,2.458
8693,2.796,2.458
8694,3.167,2.458
8695,3.284,2.458
8696,3.118,2.463
8697,2.840,2.458
8698,2.581,2.458
8699,2.405,2.463
8700,2.326,2.458
8701,2.356,2.463
8702,2.439,2.463
8703,2.507,2.463
8704,2.512,2.458
8705,2.468,2.463
8706,2.410,2.463
8707,2.356,2.463
8708,2.307,2.463
8709,2.287,2.468
8710,2.278,2.463
8711,2.268,2.468
8712,2.248,2.463
8713,2.258,2.468
8714,2.434,2.468
8715,2.859,2.468
8716,3.245,2.468
8717,3.353,2.468
8718,3.172,2.468
8719,2.869,2.468
8720,2.615,2.468
8721,2.424,2.468
8722,2.341,2.473
8723,2.361,2.468
8724,2.429,2.473
8725,2.488,2.468
8726,2.493,2.473
8727,2.454,2.473
8728,2.390,2.473
8729,2.326,2.473
8730,2.278,2.473
8731,2.243,2.473
8732,2.229,2.473
8733,2.224,2.478
8734,2.229,2.473
8735,2.239,2.478
8736,2.370,2.473
8737,2.757,2.478
8738,3.187,2.473
8739,3.372,2.478
8740,3.255,2.478
8741,2.977,2.478
8742,2.703,2.478
8743,2.512,2.478
8744,2.400,2.478
8745,2.380,2.483
8746,2.434,2.478
8747,2.493,2.483
8748,2.512,2.478
8749,2.488,2.483
8750,2.424,2.478
8751,2.366,2.483
8752,2.307,2.483
8753,2.263,2.483
8754,2.243,2.483
8755,2.234,2.483
8756,2.239,2.483
8757,2.234,2.483
8758,2.234,2.483
8759,2.390,2.483
8760,2.854,2.483
8761,3.240,2.483
8762,3.353,2.488
8763,3.172,2.483
8764,2.879,2.488
8765,2.630,2.483
8766,2.449,2.488
8767,2.370,2.483
8768,2.400,2.488
8769,2.478,2.488
8770,2.546,2.488
8771,2.556,2.488
8772,2.502,2.483
8773,2.434,2.488
8774,2.361,2.488
8775,2.312,2.488
8776,2.283,2.488
8777,2.278,2.488
8778,2.268,2.488
8779,2.287,2.488
8780,2.478,2.488
8781,2.889,2.488
8782,3.226,2.488
8783,3.289,2.493
8784,3.123,2.488
8785,2.869,2.488
8786,2.644,2.488
8787,2.458,2.493
8788,2.351,2.488
8789,2.351,2.488
8790,2.390,2.493
8791,2.414,2.488
8792,2.400,2.493
8793,2.356,2.488
8794,2.297,2.493
8795,2.243,2.488
8796,2.234,2.493
8797,2.258,2.493
8798,2.287,2.493
8799,2.287,2.493
8800,2.253,2.493
8801,2.287,2.493
8802,2.595,2.493
8803,3.045,2.493
8804,3.333,2.493
8805,3.343,2.498
8806,3.133,2.498
8807,2.864,2.498
8808,2.644,2.493
8809,2.478,2.498
8810,2.414,2.498
8811,2.449,2.498
8812,2.512,2.493
8813,2.542,2.498
8814,2.502,2.493
8815,2.429,2.498
8816,2.361,2.493
8817,2.287,2.498
8818,2.234,2.493
8819,2.195,2.498
8820,2.185,2.493
8821,2.185,2.498
8822,2.243,2.493
8823,2.512,2.498
8824,2.981,2.498
8825,3.338,2.498
8826,3.402,2.498
8827,3.226,2.498
8828,2.957,2.502
8829,2.737,2.502
8830,2.571,2.507
8831,2.488,2.507
8832,2.493,2.512
8833,2.537,2.507
8834,2.576,2.512
8835,2.556,2.512
8836,2.502,2.517
8837,2.444,2.517
8838,2.385,2.517
8839,2.336,2.517
8840,2.297,2.522
8841,2.287,2.517
8842,2.292,2.522
8843,2.307,2.522
8844,2.405,2.527
8845,2.752,2.522
8846,3.245,2.527
8847,3.446,2.527
8848,3.397,2.527
8849,3.192,2.532
8850,2.996,2.527
8851,2.859,2.532
8852,2.771,2.527
8853,2.727,2.532
8854,2.698,2.527
8855,2.659,2.532
8856,2.620,2.527
8857,2.610,2.532
8858,2.605,2.532
8859,2.542,2.532
8860,2.405,2.532
8861,2.243,2.532
8862,2.102,2.532
8863,2.023,2.532
8864,2.009,2.532
8865,2.063,2.532
8866,2.292,2.532
8867,2.747,2.532
8868,3.118,2.532
8869,3.201,2.532
8870,3.035,2.532
8871,2.781,2.532
8872,2.546,2.532
8873,2.380,2.532
8874,2.297,2.532
8875,2.336,2.532
8876,2.434,2.532
8877,2.517,2.532
8878,2.532,2.532
8879,2.468,2.532
8880,2.366,2.532
8881,2.263,2.527
8882,2.190,2.532
8883,2.165,2.527
8884,2.175,2.532
8885,2.199,2.527
8886,2.283,2.527
8887,2.571,2.527
8888,2.996,2.527
8889,3.255,2.527
8890,3.211,2.527
8891,2.977,2.527
8892,2.708,2.527
8893,2.507,2.527
8894,2.390,2.527
8895,2.380,2.527
8896,2.458,2.527
8897,2.556,2.527
8898,2.561,2.527
8899,2.473,2.527
8900,2.341,2.527
8901,2.229,2.527
8902,2.155,2.527
8903,2.087,2.522
8904,2.048,2.527
8905,2.028,2.522
8906,2.028,2.527
8907,2.111,2.522
8908,2.414,2.527
8909,2.859,2.522
8910,3.128,2.527
8911,3.104,2.522
8912,2.864,2.527
8913,2.586,2.522
8914,2.366,2.527
8915,2.224,2.522
8916,2.185,2.522
8917,2.224,2.522
8918,2.302,2.522
8919,2.356,2.522
8920,2.366,2.522
8921,2.331,2.522
8922,2.273,2.522
8923,2.224,2.522
8924,2.195,2.522
8925,2.175,2.522
8926,2.165,2.522
8927,2.160,2.522
8928,2.195,2.522
8929,2.444,2.522
8930,2.854,2.517
8931,3.157,2.522
8932,3.138,2.522
8933,2.918,2.522
8934,2.659,2.517
8935,2.454,2.522
8936,2.322,2.522
8937,2.273,2.522
8938,2.302,2.517
8939,2.370,2.517
8940,2.419,2.517
8941,2.414,2.517
8942,2.375,2.517
8943,2.317,2.517
8944,2.258,2.517
8945,2.209,2.517
8946,2.175,2.517
8947,2.160,2.517
8948,2.185,2.517
8949,2.414,2.517
8950,2.820,2.517
8951,3.123,2.517
8952,3.162,2.517
8953,2.977,2.517
8954,2.717,2.517
8955,2.507,2.517
8956,2.380,2.517
8957,2.351,2.517
8958,2.400,2.517
8959,2.473,2.517
8960,2.493,2.517
8961,2.454,2.517
8962,2.385,2.517
8963,2.317,2.517
8964,2.253,2.517
8965,2.209,2.517
8966,2.185,2.512
8967,2.170,2.517
8968,2.219,2.512
8969,2.483,2.517
8970,2.908,2.512
8971,3.187,2.517
8972,3.201,2.517
8973,3.011,2.517
8974,2.766,2.517
8975,2.561,2.517
8976,2.414,2.517
8977,2.341,2.517
8978,2.341,2.517
8979,2.385,2.517
8980,2.410,2.517
8981,2.390,2.517
8982,2.336,2.517
8983,2.278,2.517
8984,2.234,2.517
8985,2.209,2.517
8986,2.204,2.517
8987,2.185,2.517
8988,2.190,2.517
8989,2.366,2.517
8990,2.781,2.517
8991,3.162,2.517
8992,3.265,2.517
8993,3.094,2.517
8994,2.796,2.517
8995,2.532,2.517
8996,2.351,2.517
8997,2.253,2.517
8998,2.243,2.517
8999,2.283,2.517
9000,2.341,2.517
9001,2.366,2.517
9002,2.341,2.512
9003,2.287,2.517
9004,2.239,2.512
9005,2.190,2.517
9006,2.170,2.512
9007,2.146,2.517
9008,2.141,2.512
9009,2.141,2.512
9010,2.243,2.512
9011,2.586,2.512
9012,2.991,2.512
9013,3.196,2.512
9014,3.118,2.512
9015,2.869,2.512
9016,2.551,2.512
9017,2.366,2.512
9018,2.268,2.512
9019,2.258,2.512
9020,2.307,2.512
9021,2.361,2.507
9022,2.380,2.512
9023,2.346,2.507
9024,2.307,2.512
9025,2.253,2.507
9026,2.214,2.507
9027,2.180,2.507
9028,2.165,2.507
9029,2.155,2.507
9030,2.155,2.502
9031,2.160,2.502
9032,2.248,2.502
9033,2.566,2.502
9034,2.981,2.502
9035,3.206,2.502
9036,3.143,2.498
9037,2.879,2.498
9038,2.600,2.498
9039,2.385,2.498
9040,2.268,2.493
9041,2.253,2.498
9042,2.307,2.493
9043,2.375,2.493
9044,2.400,2.488
9045,2.380,2.493
9046,2.341,2.488
9047,2.287,2.488
9048,2.234,2.488
9049,2.204,2.488
9050,2.190,2.483
9051,2.185,2.483
9052,2.190,2.483
9053,2.190,2.483
9054,2.239,2.483
9055,2.507,2.478
9056,2.903,2.483
9057,3.162,2.478
9058,3.152,2.478
9059,2.933,2.478
9060,2.659,2.478
9061,2.419,2.478
9062,2.278,2.478
9063,2.243,2.473
9064,2.292,2.478
9065,2.370,2.473
9066,2.410,2.478
9067,2.405,2.473
9068,2.361,2.478
9069,2.302,2.473
9070,2.253,2.473
9071,2.219,2.473
9072,2.204,2.473
9073,2.195,2.473
9074,2.190,2.473
9075,2.195,2.473
9076,2.263,2.473
9077,2.551,2.473
9078,2.962,2.468
9079,3.231,2.473
9080,3.216,2.468
9081,2.986,2.473
9082,2.698,2.468
9083,2.454,2.473
9084,2.307,2.468
9085,2.263,2.473
9086,2.307,2.468
9087,2.375,2.473
9088,2.414,2.473
9089,2.410,2.473
9090,2.380,2.468
9091,2.351,2.473
9092,2.307,2.473
9093,2.263,2.473
9094,2.229,2.473
9095,2.214,2.473
9096,2.209,2.473
9097,2.170,2.473
9098,2.141,2.473
9099,2.190,2.473
9100,2.454,2.473
9101,2.874,2.473
9102,3.201,2.478
9103,3.216,2.473
9104,3.035,2.478
9105,2.796,2.473
9106,2.610,2.478
9107,2.522,2.478
9108,2.517,2.483
9109,2.576,2.483
9110,2.644,2.488
9111,2.678,2.483
9112,2.659,2.488
9113,2.595,2.488
9114,2.512,2.493
9115,2.444,2.493
9116,2.390,2.493
9117,2.341,2.493
9118,2.317,2.498
9119,2.302,2.498
9120,2.307,2.498
9121,2.458,2.498
9122,2.845,2.498
9123,3.231,2.502
9124,3.353,2.502
9125,3.226,2.502
9126,2.967,2.502
9127,2.722,2.507
9128,2.527,2.502
9129,2.419,2.507
9130,2.395,2.507
9131,2.449,2.507
9132,2.478,2.507
9133,2.478,2.507
9134,2.449,2.507
9135,2.400,2.507
9136,2.351,2.507
9137,2.312,2.507
9138,2.283,2.507
9139,2.258,2.507
9140,2.248,2.512
9141,2.263,2.507
9142,2.424,2.512
9143,2.805,2.507
9144,3.143,2.512
9145,3.221,2.507
9146,3.065,2.512
9147,2.805,2.512
9148,2.561,2.512
9149,2.341,2.512
9150,2.331,2.512
9151,2.390,2.512
9152,2.463,2.517
9153,2.507,2.512
9154,2.483,2.517
9155,2.434,2.512
9156,2.385,2.517
9157,2.361,2.512
9158,2.341,2.517
9159,2.297,2.517
9160,2.239,2.517
9161,2.190,2.517
9162,2.336,2.517
9163,2.732,2.517
9164,3.133,2.522
9165,3.270,2.517
9166,3.138,2.522
9167,2.879,2.517
9168,2.634,2.522
9169,2.444,2.517
9170,2.351,2.522
9171,2.361,2.522
9172,2.414,2.522
9173,2.468,2.522
9174,2.473,2.517
9175,2.434,2.522
9176,2.385,2.517
9177,2.336,2.522
9178,2.287,2.517
9179,2.268,2.517
9180,2.263,2.517
9181,2.283,2.517
9182,2.351,2.512
9183,2.610,2.517
9184,3.016,2.512
9185,3.299,2.517
9186,3.319,2.512
9187,3.060,2.512
9188,2.766,2.512
9189,2.532,2.512
9190,2.366,2.512
9191,2.287,2.512
9192,2.297,2.512
9193,2.341,2.507
9194,2.361,2.507
9195,2.366,2.507
9196,2.322,2.507
9197,2.263,2.502
9198,2.204,2.502
9199,2.165,2.478
9200,2.151,2.444
9201,2.141,2.405
9202,2.141,2.370
9203,2.155,2.322
9204,2.331,2.297
9205,2.717,2.278
9206,3.074,2.268
9207,3.192,2.253
9208,3.050,2.248
9209,2.791,2.253
9210,2.551,2.258
9211,2.375,2.263
9212,2.278,2.253
9213,2.263,2.268
9214,2.307,2.322
9215,2.375,2.370
9216,2.405,2.395
9217,2.390,2.419
9218,2.361,2.434
9219,2.331,2.449
9220,2.302,2.458
9221,2.278,2.468
9222,2.253,2.468
9223,2.229,2.478
9224,2.219,2.478
9225,2.351,2.483
9226,2.688,2.483
9227,3.011,2.483
9228,3.113,2.483
9229,2.977,2.488
9230,2.732,2.483
9231,2.493,2.488
9232,2.326,2.483
9233,2.248,2.483
9234,2.253,2.483
9235,2.292,2.483
9236,2.346,2.483
9237,2.366,2.483
9238,2.341,2.488
9239,2.287,2.483
9240,2.248,2.488
9241,2.209,2.483
9242,2.185,2.488
9243,2.185,2.483
9244,2.190,2.488
9245,2.195,2.483
9246,2.297,2.488
9247,2.600,2.483
9248,2.967,2.483
9249,3.148,2.483
9250,3.074,2.483
9251,2.835,2.483
9252,2.590,2.483
9253,2.400,2.483
9254,2.302,2.483
9255,2.297,2.483
9256,2.361,2.483
9257,2.429,2.483
9258,2.449,2.483
9259,2.419,2.483
9260,2.375,2.478
9261,2.322,2.483
9262,2.273,2.478
9263,2.239,2.483
9264,2.214,2.478
9265,2.204,2.483
9266,2.239,2.478
9267,2.449,2.483
9268,2.825,2.478
9269,3.109,2.478
9270,3.143,2.478
9271,2.967,2.478
9272,2.688,2.478
9273,2.483,2.473
9274,2.331,2.478
9275,2.283,2.473
9276,2.312,2.473
9277,2.361,2.473
9278,2.405,2.473
9279,2.400,2.473
9280,2.361,2.473
9281,2.317,2.468
9282,2.278,2.473
9283,2.258,2.468
9284,2.248,2.468
9285,2.243,2.468
9286,2.234,2.468
9287,2.253,2.468
9288,2.478,2.468
9289,2.845,2.468
9290,3.109,2.463
9291,3.123,2.468
9292,2.947,2.463
9293,2.708,2.468
9294,2.512,2.463
9295,2.375,2.468
9296,2.331,2.463
9297,2.375,2.463
9298,2.449,2.463
9299,2.498,2.463
9300,2.493,2.463
9301,2.434,2.463
9302,2.375,2.463
9303,2.322,2.463
9304,2.278,2.463
9305,2.248,2.463
9306,2.234,2.463
9307,2.292,2.463
9308,2.561,2.463
9309,2.937,2.458
9310,3.167,2.463
9311,3.157,2.458
9312,2.962,2.463
9313,2.722,2.458
9314,2.522,2.463
9315,2.385,2.458
9316,2.341,2.458
9317,2.375,2.458
9318,2.434,2.458
9319,2.468,2.458
9320,2.463,2.458
9321,2.419,2.458
9322,2.361,2.458
9323,2.317,2.454
9324,2.283,2.458
9325,2.263,2.454
9326,2.248,2.458
9327,2.287,2.454
9328,2.532,2.454
9329,2.981,2.454
9330,3.240,2.454
9331,3.236,2.454
9332,3.035,2.449
9333,2.791,2.454
9334,2.586,2.449
9335,2.444,2.449
9336,2.390,2.449
9337,2.419,2.449
9338,2.473,2.444
9339,2.493,2.449
9340,2.463,2.444
9341,2.414,2.449
9342,2.356,2.444
9343,2.312,2.444
9344,2.283,2.444
9345,2.273,2.444
9346,2.268,2.444
9347,2.380,2.444
9348,2.713,2.444
9349,3.099,2.444
9350,3.280,2.444
9351,3.201,2.444
9352,2.957,2.444
9353,2.703,2.444
9354,2.502,2.444
9355,2.390,2.444
9356,2.390,2.444
9357,2.434,2.444
9358,2.493,2.439
9359,2.502,2.444
9360,2.468,2.439
9361,2.410,2.444
9362,2.356,2.439
9363,2.307,2.439
9364,2.278,2.439
9365,2.253,2.439
9366,2.253,2.439
9367,2.419,2.439
9368,2.796,2.439
9369,3.143,2.434
9370,3.260,2.439
9371,3.133,2.434
9372,2.884,2.434
9373,2.634,2.434
9374,2.449,2.434
9375,2.351,2.429
9376,2.356,2.434
9377,2.414,2.429
9378,2.468,2.429
9379,2.468,2.429
9380,2.439,2.429
9381,2.390,2.424
9382,2.331,2.429
9383,2.283,2.424
9384,2.253,2.424
9385,2.229,2.424
9386,2.239,2.424
9387,2.385,2.424
9388,2.732,2.419
9389,3.094,2.419
9390,3.226,2.419
9391,3.109,2.419
9392,2.854,2.419
9393,2.600,2.419
9394,2.400,2.419
9395,2.297,2.419
9396,2.307,2.414
9397,2.366,2.419
9398,2.429,2.414
9399,2.454,2.419
9400,2.434,2.414
9401,2.395,2.419
9402,2.341,2.419
9403,2.297,2.419
9404,2.268,2.419
9405,2.243,2.414
9406,2.229,2.419
9407,2.317,2.414
9408,2.634,2.419
9409,3.025,2.414
9410,3.226,2.419
9411,3.148,2.414
9412,2.889,2.419
9413,2.600,2.419
9414,2.366,2.419
9415,2.234,2.419
9416,2.253,2.419
9417,2.336,2.419
9418,2.410,2.419
9419,2.424,2.419
9420,2.400,2.419
9421,2.346,2.419
9422,2.292,2.419
9423,2.243,2.419
9424,2.219,2.419
9425,2.209,2.419
9426,2.204,2.419
9427,2.283,2.419
9428,2.566,2.419
9429,2.933,2.419
9430,3.152,2.419
9431,3.094,2.419
9432,2.854,2.419
9433,2.581,2.419
9434,2.356,2.419
9435,2.243,2.419
9436,2.248,2.419
9437,2.331,2.424
9438,2.414,2.419
9439,2.444,2.424
9440,2.434,2.419
9441,2.385,2.424
9442,2.326,2.424
9443,2.278,2.424
9444,2.248,2.424
9445,2.239,2.424
9446,2.297,2.424
9447,2.586,2.424
9448,2.962,2.429
9449,3.172,2.424
9450,3.113,2.429
9451,2.874,2.424
9452,2.600,2.429
9453,2.380,2.429
9454,2.263,2.429
9455,2.273,2.429
9456,2.351,2.434
9457,2.419,2.429
9458,2.444,2.434
9459,2.424,2.429
9460,2.370,2.434
9461,2.322,2.429
9462,2.283,2.434
9463,2.248,2.434
9464,2.229,2.434
9465,2.283,2.434
9466,2.576,2.439
9467,3.006,2.434
9468,3.270,2.439
9469,3.236,2.434
9470,2.991,2.439
9471,2.654,2.439
9472,2.424,2.439
9473,2.302,2.439
9474,2.297,2.439
9475,2.361,2.439
9476,2.429,2.439
9477,2.463,2.444
9478,2.444,2.439
9479,2.395,2.444
9480,2.341,2.439
9481,2.287,2.444
9482,2.258,2.439
9483,2.243,2.444
9484,2.239,2.444
9485,2.414,2.444
9486,2.825,2.444
9487,3.216,2.444
9488,3.333,2.444
9489,3.177,2.444
9490,2.893,2.444
9491,2.620,2.444
9492,2.419,2.444
9493,2.326,2.444
9494,2.336,2.444
9495,2.410,2.444
9496,2.468,2.449
9497,2.488,2.444
9498,2.449,2.449
9499,2.395,2.444
9500,2.322,2.449
9501,2.278,2.444
9502,2.248,2.449
9503,2.234,2.444
9504,2.253,2.449
9505,2.483,2.449
9506,2.928,2.449
9507,3.275,2.449
9508,3.333,2.449
9509,3.143,2.449
9510,2.845,2.449
9511,2.590,2.449
9512,2.414,2.449
9513,2.346,2.449
9514,2.380,2.449
9515,2.449,2.449
9516,2.498,2.449
9517,2.493,2.449
9518,2.449,2.449
9519,2.390,2.454
9520,2.331,2.449
9521,2.292,2.454
9522,2.263,2.449
9523,2.243,2.454
9524,2.229,2.449
9525,2.297,2.454
9526,2.644,2.449
9527,3.157,2.454
9528,3.382,2.454
9529,3.250,2.449
9530,2.962,2.454
9531,2.678,2.449
9532,2.468,2.454
9533,2.351,2.449
9534,2.351,2.454
9535,2.419,2.454
9536,2.483,2.454
9537,2.502,2.454
9538,2.458,2.454
9539,2.395,2.454
9540,2.341,2.454
9541,2.292,2.454
9542,2.258,2.454
9543,2.239,2.454
9544,2.229,2.454
9545,2.219,2.454
9546,2.219,2.454
9547,2.380,2.454
9548,2.810,2.454
9549,3.250,2.454
9550,3.416,2.454
9551,3.275,2.454
9552,2.977,2.454
9553,2.683,2.454
9554,2.458,2.454
9555,2.361,2.454
9556,2.366,2.454
9557,2.444,2.458
9558,2.502,2.454
9559,2.507,2.454
9560,2.463,2.454
9561,2.395,2.458
9562,2.326,2.454
9563,2.278,2.458
9564,2.248,2.454
9565,2.239,2.458
9566,2.229,2.454
9567,2.224,2.458
9568,2.214,2.458
9569,2.341,2.458
9570,2.732,2.458
9571,3.177,2.458
9572,3.368,2.458
9573,3.250,2.458
9574,2.962,2.458
9575,2.664,2.454
9576,2.439,2.458
9577,2.326,2.458
9578,2.341,2.458
9579,2.414,2.458
9580,2.488,2.458
9581,2.507,2.454
9582,2.468,2.458
9583,2.405,2.458
9584,2.331,2.458
9585,2.278,2.458
9586,2.253,2.458
9587,2.243,2.458
9588,2.234,2.458
9589,2.239,2.458
9590,2.400,2.458
9591,2.801,2.458
9592,3.177,2.458
9593,3.294,2.458
9594,3.133,2.458
9595,2.849,2.458
9596,2.581,2.458
9597,2.385,2.463
9598,2.307,2.458
9599,2.336,2.463
9600,2.424,2.458
9601,2.488,2.463
9602,2.493,2.458
9603,2.444,2.463
9604,2.366,2.458
9605,2.307,2.463
9606,2.263,2.458
9607,2.239,2.463
9608,2.219,2.458
9609,2.214,2.463
9610,2.307,2.458
9611,2.664,2.463
9612,3.109,2.463
9613,3.319,2.463
9614,3.211,2.463
9615,2.928,2.458
9616,2.654,2.463
9617,2.439,2.463
9618,2.317,2.463
9619,2.317,2.458
9620,2.390,2.463
9621,2.444,2.463
9622,2.463,2.463
9623,2.434,2.463
9624,2.370,2.463
9625,2.302,2.463
9626,2.253,2.463
9627,2.229,2.463
9628,2.219,2.463
9629,2.209,2.463
9630,2.199,2.463
9631,2.317,2.463
9632,2.703,2.463
9633,3.162,2.463
9634,3.382,2.463
9635,3.284,2.463
9636,3.006,2.463
9637,2.713,2.463
9638,2.493,2.463
9639,2.370,2.468
9640,2.346,2.463
9641,2.390,2.468
9642,2.463,2.463
9643,2.483,2.468
9644,2.449,2.463
9645,2.390,2.468
9646,2.317,2.463
9647,2.268,2.468
9648,2.234,2.468
9649,2.219,2.468
9650,2.209,2.463
9651,2.199,2.468
9652,2.195,2.468
9653,2.312,2.463
9654,2.708,2.468
9655,3.177,2.463
9656,3.412,2.468
9657,3.314,2.463
9658,3.025,2.468
9659,2.722,2.463
9660,2.507,2.468
9661,2.370,2.468
9662,2.346,2.468
9663,2.400,2.468
9664,2.458,2.468
9665,2.483,2.468
9666,2.463,2.468
9667,2.400,2.468
9668,2.331,2.468
9669,2.278,2.468
9670,2.239,2.468
9671,2.219,2.468
9672,2.214,2.463
9673,2.219,2.468
9674,2.204,2.463
9675,2.204,2.468
9676,2.356,2.463
9677,2.786,2.463
9678,3.216,2.463
9679,3.377,2.463
9680,3.231,2.458
9681,2.933,2.463
9682,2.644,2.458
9683,2.434,2.463
9684,2.326,2.458
9685,2.326,2.463
9686,2.385,2.458
9687,2.444,2.458
9688,2.458,2.458
9689,2.424,2.458
9690,2.361,2.458
9691,2.297,2.458
9692,2.253,2.458
9693,2.224,2.458
9694,2.204,2.454
9695,2.204,2.454
9696,2.195,2.454
9697,2.185,2.454
9698,2.180,2.454
9699,2.268,2.454
9700,2.639,2.454
9701,3.118,2.449
9702,3.368,2.454
9703,3.284,2.449
9704,2.991,2.454
9705,2.688,2.449
9706,2.458,2.454
9707,2.331,2.449
9708,2.312,2.449
9709,2.375,2.449
9710,2.454,2.449
9711,2.493,2.449
9712,2.468,2.449
9713,2.410,2.449
9714,2.341,2.449
9715,2.292,2.449
9716,2.263,2.449
9717,2.243,2.449
9718,2.243,2.449
9719,2.234,2.449
9720,2.224,2.449
9721,2.370,2.449
9722,2.781,2.449
9723,3.196,2.449
9724,3.338,2.449
9725,3.192,2.449
9726,2.898,2.449
9727,2.610,2.449
9728,2.419,2.449
9729,2.322,2.449
9730,2.341,2.449
9731,2.414,2.449
9732,2.478,2.449
9733,2.483,2.449
9734,2.444,2.449
9735,2.380,2.449
9736,2.317,2.449
9737,2.258,2.449
9738,2.219,2.449
9739,2.209,2.449
9740,2.204,2.449
9741,2.199,2.449
9742,2.219,2.449
9743,2.449,2.449
9744,2.918,2.454
9745,3.304,2.449
9746,3.392,2.454
9747,3.211,2.449
9748,2.913,2.454
9749,2.649,2.449
9750,2.439,2.454
9751,2.346,2.449
9752,2.351,2.454
9753,2.424,2.449
9754,2.488,2.454
9755,2.498,2.454
9756,2.449,2.454
9757,2.385,2.454
9758,2.312,2.454
9759,2.263,2.454
9760,2.239,2.454
9761,2.219,2.458
9762,2.219,2.454
9763,2.214,2.458
9764,2.199,2.454
9765,2.243,2.458
9766,2.542,2.454
9767,3.045,2.458
9768,3.407,2.454
9769,3.441,2.458
9770,3.201,2.454
9771,2.879,2.458
9772,2.620,2.458
9773,2.439,2.458
9774,2.361,2.458
9775,2.375,2.458
9776,2.439,2.458
9777,2.493,2.458
9778,2.498,2.458
9779,2.454,2.458
9780,2.385,2.458
9781,2.322,2.458
9782,2.268,2.463
9783,2.239,2.458
9784,2.229,2.458
9785,2.219,2.458
9786,2.219,2.458
9787,2.219,2.463
9788,2.385,2.463
9789,2.820,2.463
9790,3.260,2.463
9791,3.412,2.463
9792,3.255,2.463
9793,2.947,2.463
9794,2.664,2.463
9795,2.463,2.463
9796,2.351,2.463
9797,2.346,2.463
9798,2.419,2.463
9799,2.493,2.463
9800,2.522,2.463
9801,2.488,2.468
9802,2.419,2.463
9803,2.341,2.468
9804,2.283,2.463
9805,2.258,2.468
9806,2.253,2.463
9807,2.243,2.468
9808,2.243,2.463
9809,2.317,2.468
9810,2.649,2.463
9811,3.118,2.468
9812,3.387,2.463
9813,3.309,2.463
9814,3.035,2.468
9815,2.732,2.463
9816,2.502,2.468
9817,2.356,2.463
9818,2.331,2.468
9819,2.395,2.463
9820,2.473,2.468
9821,2.502,2.463
9822,2.468,2.468
9823,2.405,2.468
9824,2.326,2.468
9825,2.268,2.468
9826,2.224,2.468
9827,2.204,2.468
9828,2.199,2.468
9829,2.190,2.468
9830,2.204,2.468
9831,2.410,2.468
9832,2.884,2.468
9833,3.324,2.468
9834,3.456,2.468
9835,3.280,2.468
9836,2.967,2.468
9837,2.678,2.468
9838,2.468,2.468
9839,2.356,2.473
9840,2.351,2.468
9841,2.419,2.473
9842,2.473,2.468
9843,2.478,2.473
9844,2.439,2.468
9845,2.380,2.473
9846,2.307,2.468
9847,2.248,2.473
9848,2.209,2.468
9849,2.190,2.473
9850,2.190,2.468
9851,2.190,2.473
9852,2.185,2.468
9853,2.239,2.473
9854,2.551,2.468
9855,3.055,2.473
9856,3.392,2.473
9857,3.377,2.473
9858,3.113,2.473
9859,2.786,2.473
9860,2.527,2.473
9861,2.370,2.473
9862,2.317,2.473
9863,2.361,2.473
9864,2.444,2.473
9865,2.493,2.473
9866,2.468,2.473
9867,2.410,2.473
9868,2.341,2.473
9869,2.268,2.473
9870,2.199,2.473
9871,2.170,2.473
9872,2.165,2.473
9873,2.165,2.473
9874,2.155,2.473
9875,2.234,2.473
9876,2.605,2.473
9877,3.089,2.473
9878,3.338,2.473
9879,3.255,2.473
9880,3.006,2.473
9881,2.713,2.478
9882,2.468,2.473
9883,2.331,2.478
9884,2.322,2.473
9885,2.410,2.478
9886,2.488,2.473
9887,2.517,2.478
9888,2.468,2.473
9889,2.370,2.478
9890,2.278,2.473
9891,2.209,2.478
9892,2.180,2.478
9893,2.175,2.478
9894,2.165,2.478
9895,2.165,2.478
9896,2.224,2.478
9897,2.507,2.478
9898,3.035,2.478
9899,3.348,2.478
9900,3.353,2.483
9901,3.118,2.478
9902,2.835,2.483
9903,2.586,2.478
9904,2.410,2.483
9905,2.356,2.478
9906,2.375,2.483
9907,2.429,2.478
9908,2.468,2.483
9909,2.468,2.483
9910,2.414,2.483
9911,2.370,2.483
9912,2.317,2.483
9913,2.273,2.483
9914,2.234,2.483
9915,2.214,2.483
9916,2.214,2.483
9917,2.214,2.483
9918,2.307,2.483
9919,2.669,2.483
9920,3.123,2.483
9921,3.333,2.488
9922,3.255,2.483
9923,2.991,2.488
9924,2.717,2.483
9925,2.502,2.488
9926,2.356,2.483
9927,2.312,2.488
9928,2.361,2.483
9929,2.419,2.488
9930,2.439,2.488
9931,2.410,2.488
9932,2.356,2.488
9933,2.292,2.488
9934,2.248,2.488
9935,2.209,2.488
9936,2.185,2.488
9937,2.160,2.488
9938,2.155,2.488
9939,2.155,2.488
9940,2.229,2.488
9941,2.561,2.488
9942,3.011,2.488
9943,3.255,2.488
9944,3.192,2.488
9945,2.937,2.488
9946,2.659,2.488
9947,2.434,2.488
9948,2.297,2.488
9949,2.253,2.488
9950,2.287,2.488
9951,2.351,2.488
9952,2.390,2.488
9953,2.380,2.488
9954,2.331,2.488
9955,2.268,2.488
9956,2.219,2.488
9957,2.180,2.488
9958,2.165,2.483
9959,2.155,2.488
9960,2.155,2.483
9961,2.160,2.488
9962,2.297,2.483
9963,2.674,2.483
9964,3.069,2.483
9965,3.206,2.483
9966,3.065,2.478
9967,2.796,2.483
9968,2.532,2.478
9969,2.336,2.483
9970,2.243,2.478
9971,2.253,2.478
9972,2.317,2.473
9973,2.385,2.478
9974,2.405,2.473
9975,2.370,2.478
9976,2.322,2.473
9977,2.268,2.473
9978,2.224,2.473
9979,2.195,2.473
9980,2.180,2.468
9981,2.165,2.468
9982,2.155,2.468
9983,2.204,2.468
9984,2.517,2.468
9985,2.977,2.463
9986,3.260,2.468
9987,3.231,2.463
9988,2.996,2.468
9989,2.722,2.463
9990,2.488,2.463
9991,2.326,2.463
9992,2.278,2.463
9993,2.322,2.458
9994,2.390,2.458
9995,2.434,2.458
9996,2.419,2.458
9997,2.366,2.458
9998,2.302,2.458
9999,2.253,2.458
10000,2.214,2.454
10001,2.190,2.454
10002,2.180,2.454
10003,2.165,2.454
10004,2.190,2.454
10005,2.419,2.454
10006,2.879,2.449
10007,3.260,2.454
10008,3.348,2.449
10009,3.157,2.454
10010,2.859,2.449
10011,2.566,2.449
10012,2.375,2.449
10013,2.283,2.449
10014,2.287,2.449
10015,2.346,2.449
10016,2.410,2.449
10017,2.429,2.449
10018,2.410,2.449
10019,2.361,2.449
10020,2.302,2.449
10021,2.253,2.449
10022,2.224,2.449
10023,2.209,2.449
10024,2.204,2.449
10025,2.195,2.449
10026,2.243,2.449
10027,2.542,2.449
10028,3.001,2.449
10029,3.314,2.449
10030,3.265,2.449
10031,2.986,2.449
10032,2.683,2.449
10033,2.454,2.449
10034,2.312,2.449
10035,2.263,2.449
10036,2.302,2.449
10037,2.366,2.454
10038,2.414,2.449
10039,2.410,2.454
10040,2.366,2.449
10041,2.297,2.454
10042,2.234,2.454
10043,2.199,2.454
10044,2.180,2.454
10045,2.175,2.454
10046,2.175,2.454
10047,2.180,2.454
10048,2.219,2.454
10049,2.493,2.454
10050,2.952,2.454
10051,3.284,2.454
10052,3.309,2.454
10053,3.069,2.454
10054,2.761,2.458
10055,2.507,2.454
10056,2.346,2.458
10057,2.287,2.454
10058,2.322,2.458
10059,2.395,2.454
10060,2.454,2.458
10061,2.468,2.458
10062,2.424,2.458
10063,2.356,2.458
10064,2.292,2.458
10065,2.239,2.458
10066,2.214,2.458
10067,2.209,2.458
10068,2.204,2.458
10069,2.204,2.458
10070,2.312,2.458
10071,2.678,2.458
10072,3.099,2.458
10073,3.289,2.463
10074,3.187,2.458
10075,2.918,2.463
10076,2.634,2.458
10077,2.414,2.463
10078,2.292,2.463
10079,2.278,2.463
10080,2.331,2.463
10081,2.400,2.463
10082,2.439,2.463
10083,2.419,2.463
10084,2.370,2.463
10085,2.302,2.463
10086,2.253,2.463
10087,2.224,2.468
10088,2.204,2.463
10089,2.195,2.468
10090,2.195,2.463
10091,2.195,2.468
10092,2.185,2.468
10093,2.312,2.463
10094,2.693,2.468
10095,3.143,2.463
10096,3.358,2.468
10097,3.265,2.463
10098,2.981,2.468
10099,2.683,2.463
10100,2.454,2.468
10101,2.326,2.468
10102,2.297,2.468
10103,2.351,2.468
10104,2.414,2.468
10105,2.449,2.468
10106,2.444,2.468
10107,2.400,2.468
10108,2.336,2.468
10109,2.273,2.468
10110,2.234,2.468
10111,2.214,2.468
10112,2.199,2.468
10113,2.195,2.468
10114,2.190,2.468
10115,2.190,2.468
10116,2.209,2.468
10117,2.405,2.473
10118,2.840,2.468
10119,3.270,2.473
10120,3.363,2.468
10121,3.182,2.473
10122,2.859,2.468
10123,2.576,2.473
10124,2.390,2.473
10125,2.307,2.473
10126,2.326,2.473
10127,2.405,2.473
10128,2.468,2.473
10129,2.483,2.473
10130,2.454,2.473
10131,2.400,2.473
10132,2.341,2.473
10133,2.297,2.473
10134,2.268,2.473
10135,2.248,2.473
10136,2.248,2.473
10137,2.248,2.473
10138,2.248,2.473
10139,2.292,2.473
10140,2.546,2.473
10141,2.981,2.473
10142,3.328,2.478
10143,3.382,2.473
10144,3.172,2.478
10145,2.859,2.473
10146,2.542,2.478
10147,2.370,2.478
10148,2.302,2.478
10149,2.331,2.478
10150,2.400,2.478
10151,2.458,2.478
10152,2.458,2.478
10153,2.424,2.478
10154,2.356,2.478
10155,2.292,2.478
10156,2.248,2.478
10157,2.224,2.478
10158,2.209,2.478
10159,2.214,2.478
10160,2.209,2.478
10161,2.199,2.478
10162,2.195,2.478
10163,2.331,2.478
10164,2.713,2.478
10165,3.148,2.478
10166,3.363,2.478
10167,3.275,2.478
10168,2.996,2.478
10169,2.688,2.478
10170,2.454,2.478
10171,2.326,2.478
10172,2.307,2.478
10173,2.370,2.478
10174,2.444,2.483
10175,2.478,2.478
10176,2.468,2.483
10177,2.410,2.478
10178,2.346,2.483
10179,2.292,2.478
10180,2.258,2.483
10181,2.239,2.478
10182,2.234,2.483
10183,2.234,2.478
10184,2.224,2.483
10185,2.229,2.483
10186,2.361,2.483
10187,2.732,2.483
10188,3.148,2.483
10189,3.324,2.483
10190,3.216,2.483
10191,2.928,2.483
10192,2.644,2.478
10193,2.424,2.483
10194,2.307,2.478
10195,2.302,2.483
10196,2.356,2.478
10197,2.419,2.483
10198,2.458,2.478
10199,2.439,2.483
10200,2.380,2.483
10201,2.336,2.483
10202,2.302,2.483
10203,2.278,2.483
10204,2.253,2.483
10205,2.239,2.483
10206,2.224,2.483
10207,2.268,2.483
10208,2.507,2.483
10209,2.913,2.483
10210,3.221,2.488
10211,3.275,2.483
10212,3.099,2.488
10213,2.840,2.483
10214,2.600,2.488
10215,2.419,2.483
10216,2.331,2.488
10217,2.346,2.483
10218,2.419,2.488
10219,2.478,2.483
10220,2.493,2.488
10221,2.449,2.483
10222,2.395,2.488
10223,2.331,2.483
10224,2.287,2.488
10225,2.253,2.483
10226,2.243,2.488
10227,2.239,2.488
10228,2.239,2.488
10229,2.243,2.488
10230,2.434,2.488
10231,2.849,2.488
10232,3.216,2.483
10233,3.319,2.488
10234,3.162,2.488
10235,2.889,2.488
10236,2.644,2.488
10237,2.468,2.488
10238,2.385,2.488
10239,2.405,2.488
10240,2.463,2.488
10241,2.517,2.488
10242,2.517,2.488
10243,2.478,2.488
10244,2.419,2.493
10245,2.361,2.488
10246,2.322,2.493
10247,2.297,2.488
10248,2.287,2.488
10249,2.273,2.488
10250,2.312,2.488
10251,2.581,2.488
10252,3.006,2.488
10253,3.289,2.493
10254,3.260,2.493
10255,3.025,2.493
10256,2.757,2.488
10257,2.542,2.488
10258,2.414,2.493
10259,2.390,2.493
10260,2.439,2.493
10261,2.507,2.488
10262,2.546,2.488
10263,2.546,2.488
10264,2.493,2.493
10265,2.424,2.493
10266,2.361,2.493
10267,2.312,2.493
10268,2.292,2.493
10269,2.273,2.493
10270,2.292,2.493
10271,2.527,2.493
10272,2.957,2.493
10273,3.294,2.493
10274,3.363,2.493
10275,3.172,2.493
10276,2.893,2.493
10277,2.625,2.493
10278,2.439,2.493
10279,2.361,2.493
10280,2.380,2.493
10281,2.468,2.493
10282,2.512,2.493
10283,2.498,2.493
10284,2.439,2.493
10285,2.366,2.493
10286,2.307,2.493
10287,2.258,2.493
10288,2.234,2.493
10289,2.199,2.493
10290,2.175,2.493
10291,2.190,2.493
10292,2.449,2.493
10293,2.903,2.493
10294,3.250,2.493
10295,3.309,2.493
10296,3.133,2.493
10297,2.884,2.493
10298,2.669,2.493
10299,2.507,2.493
10300,2.424,2.493
10301,2.419,2.493
10302,2.473,2.493
10303,2.512,2.493
10304,2.502,2.493
10305,2.454,2.493
10306,2.390,2.493
10307,2.346,2.493
10308,2.307,2.493
10309,2.287,2.493
10310,2.263,2.493
10311,2.287,2.493
10312,2.527,2.493
10313,2.937,2.493
10314,3.231,2.493
10315,3.250,2.498
10316,3.055,2.493
10317,2.810,2.498
10318,2.610,2.493
10319,2.458,2.498
10320,2.385,2.498
10321,2.400,2.498
10322,2.444,2.498
10323,2.468,2.498
10324,2.454,2.498
10325,2.405,2.498
10326,2.346,2.498
10327,2.292,2.498
10328,2.253,2.498
10329,2.219,2.498
10330,2.204,2.498
10331,2.292,2.493
10332,2.615,2.493
10333,3.011,2.493
10334,3.201,2.493
10335,3.089,2.493
10336,2.845,2.493
10337,2.610,2.493
10338,2.419,2.493
10339,2.312,2.493
10340,2.307,2.493
10341,2.370,2.493
10342,2.439,2.493
10343,2.463,2.493
10344,2.439,2.493
10345,2.385,2.488
10346,2.322,2.488
10347,2.258,2.488
10348,2.224,2.488
10349,2.214,2.488
10350,2.307,2.488
10351,2.644,2.488
10352,3.050,2.483
10353,3.245,2.483
10354,3.157,2.483
10355,2.913,2.483
10356,2.664,2.483
10357,2.463,2.483
10358,2.351,2.478
10359,2.341,2.478
10360,2.400,2.478
10361,2.473,2.478
10362,2.483,2.473
10363,2.444,2.473
10364,2.370,2.473
10365,2.302,2.473
10366,2.263,2.473
10367,2.234,2.468
10368,2.219,2.468
10369,2.317,2.468
10370,2.669,2.468
10371,3.065,2.468
10372,3.250,2.468
10373,3.152,2.463
10374,2.898,2.463
10375,2.634,2.463
10376,2.410,2.463
10377,2.287,2.458
10378,2.283,2.463
10379,2.356,2.458
10380,2.419,2.458
10381,2.439,2.458
10382,2.405,2.458
10383,2.346,2.454
10384,2.283,2.458
10385,2.234,2.454
10386,2.214,2.454
10387,2.219,2.454
10388,2.307,2.454
10389,2.683,2.454
10390,3.123,2.454
10391,3.333,2.454
10392,3.255,2.454
10393,2.986,2.454
10394,2.713,2.449
10395,2.502,2.454
10396,2.375,2.449
10397,2.341,2.454
10398,2.380,2.449
10399,2.439,2.449
10400,2.463,2.449
10401,2.429,2.449
10402,2.361,2.449
10403,2.292,2.449
10404,2.239,2.449
10405,2.204,2.449
10406,2.185,2.449
10407,2.190,2.449
10408,2.346,2.449
10409,2.781,2.449
10410,3.206,2.449
10411,3.348,2.449
10412,3.196,2.449
10413,2.908,2.449
10414,2.634,2.449
10415,2.434,2.449
10416,2.331,2.449
10417,2.317,2.449
10418,2.370,2.449
10419,2.429,2.449
10420,2.434,2.449
10421,2.390,2.449
10422,2.312,2.449
10423,2.248,2.449
10424,2.224,2.449
10425,2.214,2.449
10426,2.214,2.449
10427,2.209,2.449
10428,2.219,2.449
10429,2.429,2.444
10430,2.879,2.444
10431,3.250,2.444
10432,3.299,2.444
10433,3.084,2.444
10434,2.786,2.444
10435,2.532,2.439
10436,2.356,2.439
10437,2.278,2.439
10438,2.292,2.439
10439,2.370,2.439
10440,2.439,2.439
10441,2.449,2.439
10442,2.375,2.434
10443,2.312,2.434
10444,2.253,2.434
10445,2.219,2.434
10446,2.195,2.434
10447,2.175,2.429
10448,2.170,2.429
10449,2.190,2.429
10450,2.434,2.429
10451,2.869,2.429
10452,3.167,2.424
10453,3.172,2.424
10454,2.942,2.424
10455,2.644,2.424
10456,2.400,2.424
10457,2.283,2.424
10458,2.278,2.424
10459,2.336,2.424
10460,2.395,2.424
10461,2.405,2.424
10462,2.366,2.419
10463,2.312,2.424
10464,2.263,2.419
10465,2.224,2.419
10466,2.219,2.419
10467,2.219,2.419
10468,2.185,2.419
10469,2.155,2.419
10470,2.297,2.419
10471,2.654,2.419
10472,2.947,2.419
10473,2.977,2.419
10474,2.796,2.419
10475,2.556,2.419
10476,2.322,2.419
10477,2.155,2.419
10478,2.102,2.419
10479,2.165,2.419
10480,2.253,2.419
10481,2.302,2.419
10482,2.287,2.419
10483,2.248,2.419
10484,2.214,2.419
10485,2.175,2.419
10486,2.121,2.419
10487,2.087,2.419
10488,2.082,2.419
10489,2.107,2.419
10490,2.268,2.419
10491,2.586,2.419
10492,2.859,2.419
10493,2.903,2.419
10494,2.717,2.419
10495,2.449,2.419
10496,2.185,2.419
10497,2.077,2.419
10498,2.097,2.419
10499,2.190,2.419
10500,2.283,2.419
10501,2.331,2.419
10502,2.322,2.419
10503,2.273,2.419
10504,2.224,2.419
10505,2.180,2.419
10506,2.160,2.419
10507,2.146,2.419
10508,2.141,2.419
10509,2.170,2.424
10510,2.361,2.424
10511,2.688,2.424
10512,2.923,2.424
10513,2.918,2.424
10514,2.708,2.424
10515,2.454,2.424
10516,2.243,2.424
10517,2.141,2.424
10518,2.146,2.424
10519,2.234,2.424
10520,2.322,2.424
10521,2.366,2.424
10522,2.361,2.424
10523,2.317,2.424
10524,2.273,2.424
10525,2.234,2.419
10526,2.199,2.419
10527,2.185,2.419
10528,2.175,2.419
10529,2.190,2.414
10530,2.370,2.414
10531,2.752,2.414
10532,3.069,2.410
10533,3.069,2.410
10534,2.854,2.405
10535,2.571,2.405
10536,2.322,2.400
10537,2.175,2.400
10538,2.155,2.395
10539,2.224,2.390
10540,2.307,2.385
10541,2.361,2.385
10542,2.366,2.380
10543,2.331,2.375
10544,2.287,2.370
10545,2.239,2.370
10546,2.204,2.366
10547,2.185,2.361
10548,2.180,2.356
10549,2.185,2.351
10550,2.317,2.351
10551,2.644,2.346
10552,3.001,2.341
10553,3.143,2.336
10554,3.025,2.331
10555,2.757,2.326
10556,2.488,2.326
10557,2.302,2.322
10558,2.224,2.317
10559,2.253,2.312
10560,2.346,2.312
10561,2.419,2.302
10562,2.458,2.302
10563,2.439,2.297
10564,2.385,2.292
10565,2.331,2.287
10566,2.283,2.283
10567,2.263,2.278
10568,2.253,2.273
10569,2.283,2.268
10570,2.493,2.268
10571,2.869,2.263
10572,3.148,2.258
10573,3.177,2.253
10574,2.996,2.248
10575,2.732,2.243
10576,2.498,2.239
10577,2.336,2.234
10578,2.312,2.229
10579,2.370,2.224
10580,2.449,2.219
10581,2.498,2.214
10582,2.493,2.209
10583,2.449,2.209
10584,2.395,2.204
10585,2.341,2.199
10586,2.297,2.195
10587,2.273,2.190
10588,2.287,2.185
10589,2.468,2.180
10590,2.874,2.175
10591,3.250,2.170
10592,3.363,2.165
10593,3.216,2.160
10594,2.952,2.155
10595,2.693,2.151
10596,2.498,2.146
10597,2.405,2.141
10598,2.414,2.136
10599,2.488,2.131
10600,2.551,2.126
10601,2.576,2.121
10602,2.546,2.121
10603,2.478,2.116
10604,2.405,2.111
10605,2.361,2.107
10606,2.326,2.107
10607,2.307,2.107
10608,2.307,2.102
10609,2.444,2.102
10610,2.845,2.097
10611,3.280,2.097
10612,3.490,2.097
10613,3.392,2.097
10614,3.113,2.092
10615,2.835,2.092
10616,2.610,2.087
10617,2.488,2.092
10618,2.468,2.087
10619,2.522,2.087
10620,2.595,2.087
10621,2.620,2.087
10622,2.600,2.082
10623,2.546,2.082
10624,2.478,2.082
10625,2.410,2.082
10626,2.361,2.082
10627,2.331,2.082
10628,2.307,2.082
10629,2.317,2.082
10630,2.527,2.082
10631,3.021,2.082
10632,3.397,2.082
10633,3.470,2.082
10634,3.275,2.082
10635,2.986,2.082
10636,2.732,2.082
10637,2.542,2.082
10638,2.468,2.082
10639,2.493,2.082
10640,2.561,2.082
10641,2.610,2.082
10642,2.605,2.087
10643,2.561,2.082
10644,2.493,2.087
10645,2.429,2.087
10646,2.375,2.087
10647,2.336,2.087
10648,2.317,2.087
10649,2.307,2.087
10650,2.287,2.092
10651,2.395,2.092
10652,2.776,2.092
10653,3.221,2.092
10654,3.446,2.092
10655,3.358,2.092
10656,3.089,2.092
10657,2.786,2.092
10658,2.517,2.097
10659,2.410,2.097
10660,2.419,2.097
10661,2.498,2.097
10662,2.561,2.097
10663,2.571,2.097
10664,2.537,2.102
10665,2.468,2.102
10666,2.400,2.102
10667,2.336,2.102
10668,2.302,2.102
10669,2.278,2.102
10670,2.258,2.107
10671,2.243,2.107
10672,2.224,2.107
10673,2.287,2.107
10674,2.625,2.111
10675,3.089,2.111
10676,3.358,2.111
10677,3.304,2.111
10678,3.040,2.111
10679,2.752,2.111
10680,2.532,2.116
10681,2.395,2.116
10682,2.361,2.116
10683,2.405,2.116
10684,2.473,2.121
10685,2.507,2.121
10686,2.483,2.121
10687,2.424,2.121
10688,2.351,2.121
10689,2.283,2.126
10690,2.234,2.126
10691,2.195,2.126
10692,2.185,2.126
10693,2.195,2.126
10694,2.195,2.126
10695,2.199,2.126
10696,2.312,2.126
10697,2.674,2.131
10698,3.099,2.131
10699,3.309,2.131
10700,3.216,2.131
10701,2.933,2.131
10702,2.634,2.131
10703,2.424,2.136
10704,2.312,2.136
10705,2.307,2.136
10706,2.351,2.141
10707,2.405,2.141
10708,2.434,2.141
10709,2.414,2.141
10710,2.370,2.141
10711,2.312,2.146
10712,2.258,2.146
10713,2.234,2.146
10714,2.209,2.146
10715,2.199,2.146
10716,2.199,2.146
10717,2.199,2.146
10718,2.204,2.151
10719,2.326,2.151
10720,2.693,2.151
10721,3.079,2.151
10722,3.236,2.151
10723,3.109,2.155
10724,2.840,2.155
10725,2.581,2.155
10726,2.385,2.155
10727,2.297,2.155
10728,2.307,2.155
10729,2.380,2.155
10730,2.454,2.155
10731,2.473,2.160
10732,2.444,2.160
10733,2.380,2.160
10734,2.317,2.160
10735,2.263,2.160
10736,2.229,2.160
10737,2.209,2.160
10738,2.209,2.160
10739,2.278,2.165
10740,2.566,2.165
10741,2.996,2.165
10742,3.255,2.165
10743,3.231,2.165
10744,2.986,2.165
10745,2.693,2.165
10746,2.468,2.170
10747,2.322,2.170
10748,2.292,2.170
10749,2.341,2.170
10750,2.414,2.170
10751,2.458,2.170
10752,2.463,2.170
10753,2.414,2.170
10754,2.351,2.170
10755,2.302,2.170
10756,2.258,2.170
10757,2.234,2.170
10758,2.224,2.175
10759,2.219,2.175
10760,2.263,2.175
10761,2.537,2.175
10762,2.972,2.175
10763,3.260,2.175
10764,3.250,2.175
10765,3.030,2.175
10766,2.688,2.175
10767,2.473,2.180
10768,2.351,2.180
10769,2.307,2.180
10770,2.351,2.180
10771,2.414,2.180
10772,2.458,2.180
10773,2.454,2.180
10774,2.410,2.180
10775,2.351,2.180
10776,2.297,2.180
10777,2.258,2.180
10778,2.234,2.185
10779,2.224,2.185
10780,2.219,2.185
10781,2.209,2.185
10782,2.243,2.185
10783,2.571,2.185
10784,3.011,2.185
10785,3.294,2.185
10786,3.255,2.185
10787,3.006,2.185
10788,2.713,2.190
10789,2.483,2.185
10790,2.346,2.190
10791,2.307,2.185
10792,2.336,2.190
10793,2.405,2.190
10794,2.439,2.190
10795,2.434,2.190
10796,2.405,2.190
10797,2.351,2.190
10798,2.292,2.190
10799,2.248,2.190
10800,2.229,2.190
10801,2.219,2.190
10802,2.219,2.190
10803,2.214,2.190
10804,2.209,2.190
10805,2.287,2.190
10806,2.605,2.185
10807,3.035,2.190
10808,3.294,2.185
10809,3.250,2.190
10810,2.991,2.185
10811,2.698,2.185
10812,2.483,2.185
10813,2.351,2.185
10814,2.326,2.185
10815,2.370,2.185
10816,2.434,2.185
10817,2.473,2.185
10818,2.473,2.185
10819,2.429,2.185
10820,2.356,2.185
10821,2.307,2.185
10822,2.268,2.185
10823,2.243,2.180
10824,2.234,2.180
10825,2.229,2.180
10826,2.224,2.180
10827,2.317,2.180
10828,2.654,2.180
10829,3.074,2.180
10830,3.299,2.180
10831,3.221,2.180
10832,2.952,2.180
10833,2.664,2.175
10834,2.444,2.180
10835,2.322,2.180
10836,2.297,2.180
10837,2.351,2.175
10838,2.419,2.180
10839,2.458,2.175
10840,2.454,2.180
10841,2.410,2.175
10842,2.356,2.175
10843,2.297,2.175
10844,2.253,2.175
10845,2.229,2.175
10846,2.219,2.175
10847,2.219,2.175
10848,2.214,2.175
10849,2.209,2.175
10850,2.331,2.175
10851,2.708,2.175
10852,3.138,2.175
10853,3.338,2.175
10854,3.226,2.175
10855,2.942,2.175
10856,2.659,2.175
10857,2.458,2.175
10858,2.346,2.175
10859,2.322,2.175
10860,2.380,2.175
10861,2.449,2.180
10862,2.483,2.175
10863,2.468,2.180
10864,2.419,2.180
10865,2.361,2.180
10866,2.312,2.180
10867,2.278,2.180
10868,2.258,2.180
10869,2.239,2.180
10870,2.209,2.180
10871,2.185,2.180
10872,2.204,2.180
10873,2.414,2.180
10874,2.898,2.180
10875,3.216,2.185
10876,3.260,2.185
10877,3.065,2.185
10878,2.786,2.185
10879,2.537,2.185
10880,2.361,2.185
10881,2.287,2.185
10882,2.307,2.185
10883,2.380,2.185
10884,2.444,2.185
10885,2.458,2.185
10886,2.424,2.185
10887,2.366,2.185
10888,2.302,2.185
10889,2.248,2.185
10890,2.224,2.185
10891,2.209,2.190
10892,2.214,2.190
10893,2.219,2.190
10894,2.302,2.190
10895,2.600,2.190
10896,3.011,2.190
10897,3.245,2.190
10898,3.211,2.190
10899,2.981,2.195
10900,2.717,2.190
10901,2.478,2.195
10902,2.356,2.195
10903,2.336,2.195
10904,2.380,2.195
10905,2.439,2.195
10906,2.478,2.195
10907,2.468,2.195
10908,2.419,2.195
10909,2.351,2.195
10910,2.302,2.195
10911,2.273,2.195
10912,2.258,2.199
10913,2.253,2.199
10914,2.273,2.199
10915,2.478,2.199
10916,2.884,2.199
10917,3.216,2.199
10918,3.289,2.199
10919,3.118,2.199
10920,2.849,2.199
10921,2.610,2.199
10922,2.444,2.199
10923,2.361,2.204
10924,2.366,2.199
10925,2.414,2.204
10926,2.468,2.204
10927,2.478,2.204
10928,2.444,2.204
10929,2.390,2.204
10930,2.331,2.204
10931,2.287,2.204
10932,2.258,2.204
10933,2.248,2.204
10934,2.243,2.204
10935,2.243,2.204
10936,2.424,2.204
10937,2.835,2.209
10938,3.221,2.204
10939,3.338,2.209
10940,3.192,2.209
10941,2.923,2.209
10942,2.669,2.209
10943,2.478,2.209
10944,2.370,2.209
10945,2.356,2.209
10946,2.410,2.209
10947,2.463,2.209
10948,2.488,2.209
10949,2.468,2.214
10950,2.410,2.209
10951,2.341,2.214
10952,2.278,2.214
10953,2.248,2.214
10954,2.224,2.214
10955,2.214,2.214
10956,2.224,2.214
10957,2.385,2.214
10958,2.776,2.214
10959,3.167,2.214
10960,3.304,2.214
10961,3.167,2.214
10962,2.884,2.219
10963,2.634,2.214
10964,2.458,2.219
10965,2.375,2.214
10966,2.390,2.219
10967,2.454,2.214
10968,2.507,2.219
10969,2.498,2.214
10970,2.449,2.219
10971,2.385,2.214
10972,2.326,2.219
10973,2.263,2.214
10974,2.234,2.214
10975,2.204,2.214
10976,2.195,2.214
10977,2.185,2.214
10978,2.248,2.214
10979,2.556,2.214
10980,2.986,2.214
10981,3.245,2.219
10982,3.157,2.214
10983,2.903,2.219
10984,2.625,2.214
10985,2.410,2.219
10986,2.292,2.219
10987,2.278,2.219
10988,2.336,2.219
10989,2.410,2.219
10990,2.449,2.219
10991,2.434,2.219
10992,2.390,2.219
10993,2.331,2.219
10994,2.287,2.219
10995,2.258,2.219
10996,2.243,2.219
10997,2.229,2.219
10998,2.224,2.219
10999,2.346,2.219
11000,2.708,2.219
11001,3.118,2.219
11002,3.280,2.224
11003,3.162,2.219
11004,2.874,2.224
11005,2.590,2.219
11006,2.385,2.224
11007,2.287,2.219
11008,2.307,2.224
11009,2.390,2.224
11010,2.463,2.224
11011,2.488,2.224
11012,2.449,2.224
11013,2.390,2.224
11014,2.322,2.224
11015,2.268,2.224
11016,2.239,2.224
11017,2.224,2.224
11018,2.219,2.224
11019,2.356,2.229
11020,2.732,2.224
11021,3.133,2.229
11022,3.284,2.224
11023,3.157,2.229
11024,2.869,2.224
11025,2.590,2.229
11026,2.385,2.224
11027,2.287,2.229
11028,2.307,2.229
11029,2.380,2.229
11030,2.449,2.229
11031,2.463,2.229
11032,2.434,2.229
11033,2.370,2.229
11034,2.317,2.229
11035,2.258,2.229
11036,2.239,2.234
11037,2.229,2.229
11038,2.214,2.234
11039,2.258,2.234
11040,2.542,2.234
11041,3.016,2.234
11042,3.348,2.234
11043,3.358,2.234
11044,3.123,2.234
11045,2.815,2.234
11046,2.561,2.234
11047,2.400,2.234
11048,2.336,2.234
11049,2.375,2.234
11050,2.449,2.234
11051,2.498,2.239
11052,2.488,2.234
11053,2.449,2.239
11054,2.380,2.234
11055,2.322,2.239
11056,2.273,2.234
11057,2.248,2.239
11058,2.239,2.234
11059,2.224,2.239
11060,2.278,2.239
11061,2.586,2.239
11062,3.128,2.239
11063,3.397,2.239
11064,3.333,2.239
11065,3.060,2.239
11066,2.757,2.239
11067,2.527,2.239
11068,2.390,2.239
11069,2.346,2.239
11070,2.395,2.243
11071,2.463,2.239
11072,2.512,2.243
11073,2.493,2.239
11074,2.434,2.243
11075,2.361,2.239
11076,2.292,2.243
11077,2.253,2.239
11078,2.239,2.243
11079,2.229,2.239
11080,2.224,2.243
11081,2.234,2.239
11082,2.414,2.243
11083,2.845,2.239
11084,3.250,2.239
11085,3.363,2.239
11086,3.192,2.239
11087,2.889,2.239
11088,2.615,2.239
11089,2.414,2.239
11090,2.341,2.239
11091,2.380,2.239
11092,2.468,2.234
11093,2.527,2.239
11094,2.522,2.234
11095,2.458,2.239
11096,2.380,2.234
11097,2.312,2.239
11098,2.268,2.234
11099,2.253,2.234
11100,2.248,2.234
11101,2.248,2.234
11102,2.400,2.239
11103,2.791,2.234
11104,3.187,2.239
11105,3.309,2.234
11106,3.148,2.239
11107,2.864,2.234
11108,2.595,2.234
11109,2.405,2.234
11110,2.326,2.234
11111,2.366,2.234
11112,2.444,2.234
11113,2.502,2.234
11114,2.507,2.234
11115,2.458,2.239
11116,2.380,2.234
11117,2.336,2.234
11118,2.322,2.239
11119,2.307,2.234
11120,2.287,2.234
11121,2.287,2.234
11122,2.454,2.239
11123,2.884,2.234
11124,3.275,2.239
11125,3.377,2.234
11126,3.201,2.239
11127,2.898,2.234
11128,2.639,2.239
11129,2.454,2.234
11130,2.366,2.239
11131,2.380,2.234
11132,2.439,2.239
11133,2.488,2.239
11134,2.488,2.239
11135,2.449,2.239
11136,2.390,2.239
11137,2.336,2.239
11138,2.297,2.239
11139,2.263,2.239
11140,2.243,2.239
11141,2.219,2.239
11142,2.253,2.239
11143,2.576,2.243
11144,3.016,2.239
11145,3.275,2.243
11146,3.240,2.243
11147,3.011,2.243
11148,2.737,2.243
11149,2.522,2.243
11150,2.385,2.243
11151,2.346,2.248
11152,2.380,2.243
11153,2.434,2.248
11154,2.458,2.243
11155,2.439,2.248
11156,2.380,2.248
11157,2.307,2.248
11158,2.253,2.248
11159,2.224,2.248
11160,2.199,2.248
11161,2.195,2.248
11162,2.204,2.248
11163,2.366,2.248
11164,2.766,2.253
11165,3.148,2.248
11166,3.265,2.253
11167,3.113,2.253
11168,2.845,2.253
11169,2.605,2.253
11170,2.400,2.253
11171,2.322,2.253
11172,2.341,2.253
11173,2.405,2.258
11174,2.454,2.253
11175,2.449,2.258
11176,2.405,2.253
11177,2.346,2.258
11178,2.287,2.253
11179,2.243,2.258
11180,2.224,2.253
11181,2.204,2.258
11182,2.199,2.258
11183,2.209,2.258
11184,2.356,2.258
11185,2.747,2.258
11186,3.133,2.258
11187,3.260,2.263
11188,3.118,2.258
11189,2.840,2.263
11190,2.581,2.263
11191,2.380,2.263
11192,2.302,2.263
11193,2.317,2.263
11194,2.380,2.263
11195,2.429,2.263
11196,2.444,2.263
11197,2.400,2.263
11198,2.346,2.263
11199,2.292,2.263
11200,2.243,2.268
11201,2.219,2.263
11202,2.199,2.268
11203,2.190,2.263
11204,2.195,2.268
11205,2.292,2.263
11206,2.639,2.268
11207,3.074,2.268
11208,3.299,2.268
11209,3.260,2.268
11210,3.030,2.268
11211,2.771,2.268
11212,2.561,2.268
11213,2.414,2.268
11214,2.366,2.268
11215,2.395,2.268
11216,2.444,2.268
11217,2.478,2.268
11218,2.468,2.268
11219,2.419,2.273
11220,2.370,2.268
11221,2.322,2.273
11222,2.292,2.268
11223,2.268,2.273
11224,2.243,2.268
11225,2.234,2.273
11226,2.331,2.273
11227,2.683,2.273
11228,3.079,2.273
11229,3.245,2.273
11230,3.123,2.273
11231,2.845,2.273
11232,2.571,2.273
11233,2.370,2.273
11234,2.273,2.273
11235,2.278,2.273
11236,2.361,2.278
11237,2.429,2.273
11238,2.454,2.278
11239,2.424,2.273
11240,2.366,2.278
11241,2.297,2.273
11242,2.243,2.278
11243,2.204,2.273
11244,2.190,2.278
11245,2.180,2.273
11246,2.185,2.278
11247,2.322,2.278
11248,2.703,2.278
11249,3.099,2.278
11250,3.236,2.278
11251,3.069,2.283
11252,2.776,2.278
11253,2.502,2.283
11254,2.317,2.278
11255,2.243,2.283
11256,2.273,2.278
11257,2.341,2.283
11258,2.405,2.278
11259,2.414,2.283
11260,2.380,2.283
11261,2.326,2.283
11262,2.263,2.283
11263,2.214,2.283
11264,2.180,2.283
11265,2.155,2.283
11266,2.146,2.283
11267,2.155,2.283
11268,2.268,2.283
11269,2.615,2.287
11270,3.006,2.287
11271,3.187,2.287
11272,3.084,2.287
11273,2.820,2.287
11274,2.546,2.287
11275,2.351,2.287
11276,2.248,2.287
11277,2.248,2.287
11278,2.336,2.287
11279,2.410,2.287
11280,2.429,2.287
11281,2.400,2.287
11282,2.351,2.292
11283,2.292,2.287
11284,2.248,2.292
11285,2.219,2.292
11286,2.195,2.287
11287,2.204,2.292
11288,2.331,2.292
11289,2.698,2.292
11290,3.094,2.292
11291,3.255,2.292
11292,3.138,2.292
11293,2.849,2.297
11294,2.566,2.292
11295,2.366,2.297
11296,2.283,2.292
11297,2.307,2.297
11298,2.390,2.297
11299,2.458,2.297
11300,2.468,2.297
11301,2.410,2.297
11302,2.331,2.297
11303,2.273,2.297
11304,2.229,2.297
11305,2.195,2.297
11306,2.175,2.297
11307,2.185,2.297
11308,2.322,2.302
11309,2.688,2.297
11310,3.089,2.302
11311,3.245,2.297
11312,3.133,2.302
11313,2.874,2.302
11314,2.620,2.302
11315,2.429,2.302
11316,2.331,2.302
11317,2.331,2.302
11318,2.395,2.302
11319,2.463,2.302
11320,2.502,2.302
11321,2.478,2.302
11322,2.405,2.302
11323,2.331,2.307
11324,2.278,2.302
11325,2.258,2.307
11326,2.243,2.302
11327,2.234,2.307
11328,2.331,2.307
11329,2.678,2.307
11330,3.084,2.307
11331,3.280,2.307
11332,3.162,2.307
11333,2.908,2.307
11334,2.654,2.307
11335,2.454,2.307
11336,2.341,2.312
11337,2.346,2.307
11338,2.419,2.312
11339,2.488,2.307
11340,2.498,2.312
11341,2.454,2.307
11342,2.395,2.312
11343,2.336,2.307
11344,2.283,2.312
11345,2.248,2.307
11346,2.234,2.312
11347,2.243,2.312
11348,2.414,2.312
11349,2.815,2.312
11350,3.182,2.312
11351,3.280,2.312
11352,3.113,2.317
11353,2.840,2.312
11354,2.595,2.317
11355,2.424,2.312
11356,2.370,2.317
11357,2.405,2.317
11358,2.483,2.317
11359,2.532,2.317
11360,2.522,2.312
11361,2.473,2.317
11362,2.424,2.317
11363,2.366,2.317
11364,2.326,2.317
11365,2.287,2.317
11366,2.258,2.317
11367,2.263,2.317
11368,2.498,2.317
11369,2.937,2.317
11370,3.270,2.317
11371,3.309,2.317
11372,3.109,2.317
11373,2.820,2.317
11374,2.576,2.317
11375,2.414,2.317
11376,2.375,2.317
11377,2.419,2.317
11378,2.498,2.317
11379,2.537,2.312
11380,2.512,2.312
11381,2.444,2.312
11382,2.361,2.312
11383,2.307,2.307
11384,2.268,2.312
11385,2.243,2.307
11386,2.229,2.307
11387,2.278,2.307
11388,2.576,2.307
11389,3.016,2.302
11390,3.284,2.302
11391,3.250,2.302
11392,2.991,2.302
11393,2.693,2.302
11394,2.463,2.297
11395,2.322,2.297
11396,2.292,2.292
11397,2.351,2.297
11398,2.424,2.292
11399,2.468,2.292
11400,2.454,2.287
11401,2.395,2.287
11402,2.322,2.283
11403,2.268,2.287
11404,2.234,2.283
11405,2.214,2.283
11406,2.199,2.278
11407,2.224,2.283
11408,2.424,2.278
11409,2.845,2.278
11410,3.187,2.278
11411,3.216,2.278
11412,2.937,2.273
11413,2.605,2.273
11414,2.370,2.273
11415,2.229,2.268
11416,2.165,2.268
11417,2.180,2.268
11418,2.248,2.268
11419,2.312,2.263
11420,2.366,2.263
11421,2.390,2.263
11422,2.385,2.263
11423,2.366,2.263
11424,2.341,2.258
11425,2.317,2.258
11426,2.273,2.258
11427,2.292,2.258
11428,2.546,2.253
11429,2.937,2.258
11430,3.182,2.253
11431,3.152,2.258
11432,2.933,2.253
11433,2.674,2.253
11434,2.449,2.253
11435,2.326,2.253
11436,2.317,2.253
11437,2.385,2.253
11438,2.454,2.253
11439,2.473,2.253
11440,2.449,2.253
11441,2.395,2.253
11442,2.331,2.253
11443,2.273,2.253
11444,2.234,2.253
11445,2.209,2.253
11446,2.229,2.253
11447,2.454,2.253
11448,2.893,2.253
11449,3.240,2.253
11450,3.304,2.253
11451,3.123,2.253
11452,2.845,2.253
11453,2.586,2.253
11454,2.405,2.258
11455,2.341,2.258
11456,2.370,2.258
11457,2.444,2.258
11458,2.493,2.258
11459,2.493,2.258
11460,2.449,2.258
11461,2.390,2.258
11462,2.336,2.258
11463,2.292,2.258
11464,2.258,2.263
11465,2.258,2.258
11466,2.522,2.258
11467,2.962,2.263
11468,3.255,2.263
11469,3.255,2.263
11470,3.035,2.263
11471,2.752,2.263
11472,2.527,2.263
11473,2.380,2.263
11474,2.351,2.263
11475,2.390,2.268
11476,2.458,2.263
11477,2.488,2.268
11478,2.468,2.268
11479,2.419,2.268
11480,2.346,2.268
11481,2.287,2.268
11482,2.239,2.268
11483,2.209,2.273
11484,2.219,2.268
11485,2.454,2.273
11486,2.893,2.268
11487,3.206,2.273
11488,3.221,2.268
11489,3.011,2.273
11490,2.732,2.268
11491,2.502,2.273
11492,2.346,2.268
11493,2.307,2.268
11494,2.366,2.273
11495,2.439,2.268
11496,2.468,2.268
11497,2.439,2.268
11498,2.375,2.268
11499,2.312,2.263
11500,2.253,2.268
11501,2.224,2.263
11502,2.209,2.263
11503,2.204,2.258
11504,2.204,2.263
11505,2.400,2.258
11506,2.830,2.258
11507,3.187,2.258
11508,3.245,2.258
11509,3.035,2.253
11510,2.737,2.253
11511,2.483,2.253
11512,2.326,2.248
11513,2.287,2.248
11514,2.331,2.243
11515,2.405,2.243
11516,2.454,2.243
11517,2.444,2.243
11518,2.380,2.239
11519,2.317,2.239
11520,2.248,2.234
11521,2.219,2.234
11522,2.204,2.234
11523,2.195,2.234
11524,2.185,2.229
11525,2.219,2.229
11526,2.488,2.229
11527,2.923,2.224
11528,3.196,2.224
11529,3.167,2.224
11530,2.923,2.224
11531,2.630,2.219
11532,2.400,2.224
11533,2.268,2.219
11534,2.263,2.219
11535,2.331,2.219
11536,2.410,2.219
11537,2.439,2.214
11538,2.405,2.214
11539,2.336,2.214
11540,2.287,2.214
11541,2.239,2.214
11542,2.209,2.214
11543,2.190,2.214
11544,2.185,2.209
11545,2.175,2.214
11546,2.214,2.209
11547,2.522,2.209
11548,2.942,2.209
11549,3.182,2.209
11550,3.128,2.204
11551,2.859,2.209
11552,2.571,2.204
11553,2.346,2.209
11554,2.234,2.204
11555,2.229,2.209
11556,2.287,2.209
11557,2.356,2.209
11558,2.400,2.209
11559,2.405,2.209
11560,2.375,2.209
11561,2.336,2.209
11562,2.302,2.209
11563,2.268,2.209
11564,2.243,2.209
11565,2.219,2.209
11566,2.195,2.214
11567,2.204,2.209
11568,2.405,2.214
11569,2.805,2.214
11570,3.123,2.214
11571,3.167,2.214
11572,2.977,2.219
11573,2.713,2.214
11574,2.444,2.219
11575,2.302,2.219
11576,2.263,2.219
11577,2.312,2.219
11578,2.380,2.219
11579,2.424,2.224
11580,2.414,2.224
11581,2.370,2.224
11582,2.307,2.224
11583,2.268,2.229
11584,2.243,2.224
11585,2.234,2.229
11586,2.224,2.229
11587,2.219,2.229
11588,2.278,2.229
11589,2.576,2.234
11590,2.986,2.229
11591,3.226,2.234
11592,3.177,2.234
11593,2.933,2.234
11594,2.649,2.234
11595,2.429,2.239
11596,2.312,2.234
11597,2.292,2.239
11598,2.351,2.239
11599,2.434,2.239
11600,2.473,2.239
11601,2.458,2.239
11602,2.410,2.243
11603,2.351,2.239
11604,2.302,2.243
11605,2.268,2.243
11606,2.243,2.243
11607,2.224,2.243
11608,2.229,2.248
11609,2.385,2.243
11610,2.776,2.248
11611,3.157,2.243
11612,3.270,2.248
11613,3.113,2.248
11614,2.840,2.248
11615,2.581,2.248
11616,2.390,2.253
11617,2.312,2.248
11618,2.341,2.253
11619,2.410,2.253
11620,2.463,2.253
11621,2.468,2.253
11622,2.434,2.253
11623,2.380,2.253
11624,2.331,2.253
11625,2.283,2.253
11626,2.253,2.253
11627,2.224,2.258
11628,2.209,2.253
11629,2.336,2.258
11630,2.688,2.258
11631,3.094,2.258
11632,3.255,2.258
11633,3.148,2.258
11634,2.879,2.258
11635,2.605,2.263
11636,2.405,2.263
11637,2.307,2.263
11638,2.326,2.263
11639,2.405,2.263
11640,2.478,2.263
11641,2.498,2.263
11642,2.468,2.268
11643,2.414,2.263
11644,2.351,2.268
11645,2.307,2.263
11646,2.278,2.268
11647,2.253,2.263
11648,2.239,2.268
11649,2.278,2.268
11650,2.532,2.268
11651,2.967,2.268
11652,3.284,2.273
11653,3.294,2.268
11654,3.065,2.273
11655,2.732,2.273
11656,2.488,2.273
11657,2.351,2.273
11658,2.322,2.273
11659,2.375,2.273
11660,2.454,2.273
11661,2.493,2.273
11662,2.478,2.273
11663,2.419,2.273
11664,2.346,2.273
11665,2.297,2.273
11666,2.258,2.273
11667,2.234,2.273
11668,2.224,2.273
11669,2.229,2.278
11670,2.375,2.278
11671,2.761,2.278
11672,3.148,2.278
11673,3.284,2.278
11674,3.128,2.278
11675,2.840,2.278
11676,2.576,2.278
11677,2.385,2.278
11678,2.297,2.283
11679,2.317,2.278
11680,2.395,2.283
11681,2.454,2.278
11682,2.463,2.283
11683,2.414,2.283
11684,2.341,2.283
11685,2.258,2.283
11686,2.190,2.283
11687,2.151,2.283
11688,2.155,2.283
11689,2.180,2.283
11690,2.224,2.283
11691,2.424,2.283
11692,2.845,2.283
11693,3.196,2.287
11694,3.265,2.283
11695,3.069,2.287
11696,2.781,2.283
11697,2.532,2.287
11698,2.380,2.283
11699,2.346,2.287
11700,2.414,2.283
11701,2.512,2.287
11702,2.556,2.287
11703,2.517,2.287
11704,2.439,2.287
11705,2.361,2.292
11706,2.302,2.287
11707,2.258,2.292
11708,2.229,2.287
11709,2.229,2.287
11710,2.361,2.292
11711,2.717,2.287
11712,3.104,2.292
11713,3.260,2.292
11714,3.143,2.292
11715,2.889,2.292
11716,2.644,2.292
11717,2.449,2.292
11718,2.341,2.292
11719,2.341,2.292
11720,2.400,2.292
11721,2.463,2.292
11722,2.478,2.292
11723,2.454,2.292
11724,2.400,2.297
11725,2.336,2.292
11726,2.292,2.297
11727,2.268,2.292
11728,2.243,2.297
11729,2.322,2.292
11730,2.644,2.297
11731,3.055,2.297
11732,3.260,2.297
11733,3.192,2.297
11734,2.952,2.297
11735,2.708,2.297
11736,2.483,2.297
11737,2.390,2.297
11738,2.390,2.297
11739,2.434,2.302
11740,2.488,2.297
11741,2.493,2.302
11742,2.449,2.297
11743,2.390,2.302
11744,2.331,2.297
11745,2.283,2.302
11746,2.258,2.297
11747,2.243,2.302
11748,2.307,2.302
11749,2.595,2.302
11750,3.016,2.302
11751,3.275,2.302
11752,3.250,2.302
11753,3.035,2.302
11754,2.791,2.302
11755,2.595,2.302
11756,2.473,2.302
11757,2.454,2.302
11758,2.498,2.307
11759,2.546,2.302
11760,2.556,2.307
11761,2.527,2.302
11762,2.468,2.307
11763,2.380,2.302
11764,2.317,2.307
11765,2.268,2.307
11766,2.248,2.307
11767,2.248,2.307
11768,2.366,2.307
11769,2.717,2.307
11770,3.109,2.307
11771,3.260,2.307
11772,3.152,2.307
11773,2.908,2.307
11774,2.669,2.307
11775,2.483,2.307
11776,2.385,2.307
11777,2.380,2.307
11778,2.414,2.307
11779,2.454,2.312
11780,2.454,2.307
11781,2.414,2.312
11782,2.356,2.307
11783,2.302,2.307
11784,2.253,2.307
11785,2.214,2.307
11786,2.199,2.307
11787,2.195,2.307
11788,2.199,2.302
11789,2.326,2.307
11790,2.805,2.307
11791,3.128,2.302
11792,3.182,2.307
11793,3.011,2.302
11794,2.757,2.302
11795,2.542,2.302
11796,2.390,2.302
11797,2.322,2.302
11798,2.336,2.302
11799,2.400,2.297
11800,2.434,2.297
11801,2.429,2.297
11802,2.390,2.297
11803,2.331,2.297
11804,2.278,2.292
11805,2.234,2.297
11806,2.214,2.292
11807,2.199,2.292
11808,2.190,2.292
11809,2.185,2.292
11810,2.185,2.287
11811,2.283,2.292
11812,2.615,2.287
11813,3.011,2.292
11814,3.201,2.287
11815,3.109,2.287
11816,2.864,2.283
11817,2.595,2.287
11818,2.419,2.287
11819,2.331,2.283
11820,2.326,2.283
11821,2.380,2.283
11822,2.434,2.283
11823,2.439,2.283
11824,2.414,2.283
11825,2.366,2.283
11826,2.317,2.283
11827,2.273,2.278
11828,2.243,2.283
11829,2.234,2.278
11830,2.224,2.283
11831,2.214,2.278
11832,2.214,2.283
11833,2.341,2.278
11834,2.688,2.278
11835,3.040,2.278
11836,3.162,2.278
11837,3.035,2.278
11838,2.786,2.278
11839,2.561,2.278
11840,2.400,2.278
11841,2.322,2.278
11842,2.341,2.278
11843,2.405,2.278
11844,2.458,2.278
11845,2.449,2.278
11846,2.410,2.278
11847,2.351,2.278
11848,2.292,2.278
11849,2.253,2.283
11850,2.234,2.278
11851,2.224,2.283
11852,2.209,2.278
11853,2.229,2.283
11854,2.419,2.278
11855,2.801,2.283
11856,3.118,2.278
11857,3.172,2.283
11858,3.006,2.283
11859,2.761,2.283
11860,2.551,2.283
11861,2.400,2.283
11862,2.326,2.283
11863,2.341,2.283
11864,2.400,2.283
11865,2.449,2.283
11866,2.449,2.287
11867,2.410,2.287
11868,2.341,2.287
11869,2.278,2.287
11870,2.239,2.287
11871,2.224,2.287
11872,2.219,2.287
11873,2.219,2.287
11874,2.214,2.292
11875,2.239,2.287
11876,2.454,2.292
11877,2.864,2.287
11878,3.182,2.292
11879,3.231,2.292
11880,3.045,2.292
11881,2.791,2.292
11882,2.586,2.292
11883,2.444,2.292
11884,2.375,2.292
11885,2.385,2.292
11886,2.439,2.292
11887,2.502,2.297
11888,2.512,2.297
11889,2.463,2.297
11890,2.395,2.297
11891,2.336,2.297
11892,2.283,2.297
11893,2.239,2.302
11894,2.224,2.297
11895,2.219,2.302
11896,2.234,2.297
11897,2.243,2.302
11898,2.263,2.302
11899,2.463,2.302
11900,2.869,2.302
11901,3.206,2.302
11902,3.260,2.302
11903,3.069,2.302
11904,2.796,2.302
11905,2.571,2.302
11906,2.419,2.307
11907,2.351,2.302
11908,2.341,2.307
11909,2.380,2.302
11910,2.419,2.307
11911,2.424,2.302
11912,2.395,2.307
11913,2.341,2.307
11914,2.278,2.307
11915,2.229,2.307
11916,2.209,2.307
11917,2.199,2.312
11918,2.195,2.307
11919,2.195,2.312
11920,2.185,2.307
11921,2.248,2.312
11922,2.517,2.307
11923,2.913,2.312
11924,3.162,2.312
11925,3.118,2.312
11926,2.889,2.312
11927,2.644,2.312
11928,2.458,2.312
11929,2.331,2.312
11930,2.253,2.312
11931,2.224,2.317
11932,2.229,2.312
11933,2.239,2.312
11934,2.253,2.312
11935,2.278,2.317
11936,2.297,2.317
11937,2.312,2.317
11938,2.326,2.317
11939,2.331,2.317
11940,2.317,2.317
11941,2.287,2.317
11942,2.234,2.317
11943,2.253,2.317
11944,2.488,2.317
11945,2.864,2.317
11946,3.118,2.322
11947,3.128,2.317
11948,2.952,2.322
11949,2.722,2.317
11950,2.522,2.322
11951,2.390,2.317
11952,2.336,2.322
11953,2.366,2.322
11954,2.414,2.322
11955,2.434,2.322
11956,2.424,2.322
11957,2.385,2.322
11958,2.336,2.322
11959,2.297,2.322
11960,2.258,2.322
11961,2.234,2.322
11962,2.219,2.322
11963,2.204,2.326
11964,2.312,2.322
11965,2.639,2.326
11966,3.006,2.322
11967,3.167,2.326
11968,3.084,2.322
11969,2.859,2.326
11970,2.630,2.326
11971,2.458,2.326
11972,2.361,2.326
11973,2.356,2.326
11974,2.395,2.326
11975,2.444,2.326
11976,2.454,2.326
11977,2.424,2.326
11978,2.361,2.326
11979,2.317,2.326
11980,2.278,2.326
11981,2.243,2.326
11982,2.234,2.326
11983,2.219,2.331
11984,2.307,2.326
11985,2.620,2.331
11986,2.996,2.326
11987,3.187,2.331
11988,3.128,2.326
11989,2.918,2.331
11990,2.678,2.326
11991,2.493,2.331
11992,2.385,2.331
11993,2.361,2.331
11994,2.395,2.331
11995,2.449,2.331
11996,2.468,2.331
11997,2.449,2.336
11998,2.405,2.331
11999,2.341,2.336
12000,2.297,2.331
12001,2.258,2.336
12002,2.229,2.331
12003,2.219,2.336
12004,2.322,2.331
12005,2.703,2.331
12006,3.060,2.336
12007,3.192,2.331
12008,3.079,2.336
12009,2.840,2.331
12010,2.605,2.336
12011,2.434,2.331
12012,2.341,2.336
12013,2.346,2.331
12014,2.405,2.336
12015,2.449,2.331
12016,2.458,2.331
12017,2.429,2.331
12018,2.375,2.331
12019,2.331,2.331
12020,2.287,2.331
12021,2.268,2.326
12022,2.253,2.331
12023,2.273,2.326
12024,2.478,2.326
12025,2.859,2.326
12026,3.152,2.326
12027,3.196,2.326
12028,3.021,2.322
12029,2.761,2.322
12030,2.537,2.322
12031,2.380,2.322
12032,2.322,2.317
12033,2.370,2.322
12034,2.434,2.317
12035,2.468,2.317
12036,2.449,2.317
12037,2.400,2.317
12038,2.346,2.312
12039,2.297,2.312
12040,2.263,2.312
12041,2.229,2.307
12042,2.214,2.312
12043,2.248,2.307
12044,2.498,2.307
12045,2.893,2.307
12046,3.152,2.307
12047,3.138,2.302
12048,2.923,2.307
12049,2.669,2.302
12050,2.454,2.302
12051,2.317,2.302
12052,2.292,2.302
12053,2.351,2.297
12054,2.414,2.302
12055,2.444,2.297
12056,2.429,2.297
12057,2.370,2.297
12058,2.322,2.297
12059,2.273,2.297
12060,2.243,2.292
12061,2.229,2.297
12062,2.224,2.292
12063,2.312,2.297
12064,2.630,2.292
12065,3.016,2.297
12066,3.211,2.292
12067,3.133,2.292
12068,2.884,2.292
12069,2.625,2.292
12070,2.419,2.292
12071,2.317,2.292
12072,2.322,2.292
12073,2.385,2.292
12074,2.449,2.292
12075,2.463,2.292
12076,2.424,2.292
12077,2.370,2.292
12078,2.307,2.292
12079,2.263,2.292
12080,2.239,2.292
12081,2.224,2.292
12082,2.209,2.292
12083,2.253,2.292
12084,2.507,2.292
12085,2.913,2.292
12086,3.206,2.292
12087,3.162,2.292
12088,2.918,2.297
12089,2.649,2.297
12090,2.429,2.297
12091,2.317,2.297
12092,2.312,2.297
12093,2.385,2.297
12094,2.454,2.297
12095,2.478,2.297
12096,2.454,2.297
12097,2.390,2.302
12098,2.326,2.297
12099,2.283,2.302
12100,2.258,2.297
12101,2.239,2.302
12102,2.229,2.302
12103,2.234,2.302
12104,2.400,2.302
12105,2.761,2.307
12106,3.109,2.302
12107,3.196,2.307
12108,3.040,2.307
12109,2.781,2.307
12110,2.537,2.307
12111,2.366,2.307
12112,2.302,2.307
12113,2.351,2.307
12114,2.434,2.312
12115,2.483,2.307
12116,2.478,2.312
12117,2.429,2.312
12118,2.361,2.312
12119,2.302,2.312
12120,2.268,2.312
12121,2.253,2.312
12122,2.239,2.317
12123,2.258,2.312
12124,2.454,2.317
12125,2.840,2.312
12126,3.148,2.317
12127,3.187,2.317
12128,2.996,2.317
12129,2.732,2.317
12130,2.512,2.317
12131,2.370,2.317
12132,2.331,2.317
12133,2.390,2.317
12134,2.463,2.322
12135,2.502,2.317
12136,2.488,2.322
12137,2.429,2.322
12138,2.361,2.322
12139,2.307,2.322
12140,2.268,2.322
12141,2.258,2.322
12142,2.243,2.322
12143,2.307,2.322
12144,2.610,2.322
12145,3.011,2.322
12146,3.231,2.322
12147,3.172,2.326
12148,2.933,2.326
12149,2.669,2.326
12150,2.473,2.326
12151,2.361,2.326
12152,2.346,2.326
12153,2.380,2.326
12154,2.429,2.326
12155,2.449,2.326
12156,2.434,2.326
12157,2.385,2.326
12158,2.336,2.331
12159,2.292,2.326
12160,2.268,2.331
12161,2.253,2.326
12162,2.243,2.331
12163,2.239,2.326
12164,2.361,2.331
12165,2.708,2.326
12166,3.065,2.331
12167,3.211,2.331
12168,3.079,2.331
12169,2.849,2.331
12170,2.659,2.331
12171,2.517,2.336
12172,2.439,2.331
12173,2.419,2.336
12174,2.444,2.331
12175,2.473,2.336
12176,2.483,2.331
12177,2.449,2.336
12178,2.385,2.336
12179,2.331,2.336
12180,2.283,2.336
12181,2.258,2.336
12182,2.248,2.336
12183,2.239,2.336
12184,2.248,2.336
12185,2.424,2.336
12186,2.805,2.336
12187,3.128,2.336
12188,3.206,2.336
12189,3.065,2.336
12190,2.835,2.341
12191,2.644,2.336
12192,2.502,2.341
12193,2.424,2.336
12194,2.424,2.341
12195,2.468,2.341
12196,2.502,2.341
12197,2.502,2.341
12198,2.468,2.341
12199,2.405,2.341
12200,2.346,2.341
12201,2.297,2.341
12202,2.273,2.341
12203,2.258,2.341
12204,2.253,2.341
12205,2.253,2.341
12206,2.424,2.341
12207,2.796,2.341
12208,3.133,2.341
12209,3.221,2.346
12210,3.069,2.341
12211,2.825,2.346
12212,2.620,2.341
12213,2.468,2.346
12214,2.400,2.341
12215,2.410,2.346
12216,2.454,2.341
12217,2.493,2.346
12218,2.498,2.341
12219,2.463,2.346
12220,2.410,2.346
12221,2.341,2.346
12222,2.292,2.346
12223,2.258,2.346
12224,2.248,2.346
12225,2.243,2.346
12226,2.253,2.351
12227,2.395,2.346
12228,2.742,2.351
12229,3.084,2.346
12230,3.196,2.351
12231,3.069,2.346
12232,2.825,2.351
12233,2.600,2.346
12234,2.449,2.351
12235,2.370,2.346
12236,2.380,2.351
12237,2.424,2.346
12238,2.468,2.351
12239,2.468,2.351
12240,2.439,2.351
12241,2.390,2.351
12242,2.336,2.351
12243,2.297,2.351
12244,2.273,2.351
12245,2.258,2.351
12246,2.253,2.351
12247,2.243,2.351
12248,2.336,2.351
12249,2.644,2.351
12250,3.016,2.351
12251,3.192,2.356
12252,3.118,2.351
12253,2.889,2.356
12254,2.659,2.351
12255,2.478,2.356
12256,2.370,2.351
12257,2.356,2.356
12258,2.405,2.356
12259,2.454,2.356
12260,2.468,2.356
12261,2.444,2.356
12262,2.400,2.356
12263,2.356,2.356
12264,2.317,2.356
12265,2.278,2.356
12266,2.253,2.356
12267,2.248,2.356
12268,2.243,2.356
12269,2.356,2.356
12270,2.674,2.356
12271,3.030,2.356
12272,3.192,2.361
12273,3.099,2.356
12274,2.864,2.361
12275,2.615,2.356
12276,2.439,2.356
12277,2.351,2.361
12278,2.356,2.356
12279,2.424,2.361
12280,2.483,2.356
12281,2.483,2.361
12282,2.444,2.356
12283,2.385,2.361
12284,2.336,2.356
12285,2.302,2.361
12286,2.278,2.356
12287,2.268,2.361
12288,2.253,2.356
12289,2.258,2.361
12290,2.419,2.361
12291,2.781,2.361
12292,3.133,2.361
12293,3.216,2.361
12294,3.040,2.361
12295,2.776,2.361
12296,2.561,2.361
12297,2.414,2.361
12298,2.361,2.366
12299,2.385,2.361
12300,2.444,2.366
12301,2.493,2.361
12302,2.483,2.361
12303,2.439,2.366
12304,2.375,2.361
12305,2.322,2.366
12306,2.287,2.361
12307,2.268,2.366
12308,2.258,2.361
12309,2.253,2.366
12310,2.283,2.361
12311,2.488,2.366
12312,2.874,2.361
12313,3.172,2.366
12314,3.206,2.366
12315,3.025,2.366
12316,2.771,2.366
12317,2.556,2.366
12318,2.414,2.366
12319,2.351,2.366
12320,2.370,2.366
12321,2.429,2.366
12322,2.478,2.366
12323,2.478,2.366
12324,2.434,2.366
12325,2.380,2.366
12326,2.336,2.366
12327,2.302,2.366
12328,2.278,2.366
12329,2.258,2.366
12330,2.253,2.370
12331,2.263,2.366
12332,2.395,2.370
12333,2.752,2.366
12334,3.099,2.370
12335,3.221,2.366
12336,3.094,2.370
12337,2.849,2.366
12338,2.620,2.370
12339,2.458,2.370
12340,2.385,2.370
12341,2.395,2.370
12342,2.449,2.370
12343,2.512,2.370
12344,2.517,2.370
12345,2.473,2.370
12346,2.414,2.370
12347,2.356,2.370
12348,2.317,2.370
12349,2.292,2.370
12350,2.283,2.370
12351,2.268,2.370
12352,2.287,2.370
12353,2.463,2.375
12354,2.825,2.370
12355,3.123,2.375
12356,3.157,2.370
12357,2.972,2.375
12358,2.727,2.370
12359,2.527,2.375
12360,2.390,2.375
12361,2.356,2.375
12362,2.390,2.375
12363,2.454,2.375
12364,2.488,2.375
12365,2.483,2.375
12366,2.439,2.375
12367,2.375,2.375
12368,2.317,2.375
12369,2.278,2.375
12370,2.258,2.375
12371,2.243,2.375
12372,2.239,2.375
12373,2.297,2.375
12374,2.566,2.375
12375,2.947,2.375
12376,3.187,2.380
12377,3.172,2.375
12378,2.962,2.380
12379,2.717,2.375
12380,2.522,2.375
12381,2.395,2.375
12382,2.361,2.380
12383,2.405,2.380
12384,2.458,2.375
12385,2.483,2.380
12386,2.454,2.375
12387,2.405,2.380
12388,2.351,2.375
12389,2.297,2.380
12390,2.263,2.375
12391,2.253,2.380
12392,2.243,2.375
12393,2.229,2.380
12394,2.229,2.375
12395,2.258,2.380
12396,2.449,2.375
12397,2.830,2.380
12398,3.148,2.380
12399,3.216,2.380
12400,3.060,2.380
12401,2.815,2.380
12402,2.610,2.380
12403,2.468,2.380
12404,2.395,2.380
12405,2.400,2.380
12406,2.434,2.380
12407,2.468,2.380
12408,2.473,2.380
12409,2.439,2.380
12410,2.380,2.385
12411,2.336,2.380
12412,2.292,2.385
12413,2.263,2.380
12414,2.243,2.385
12415,2.239,2.380
12416,2.239,2.385
12417,2.243,2.380
12418,2.234,2.380
12419,2.297,2.385
12420,2.590,2.380
12421,2.981,2.385
12422,3.216,2.380
12423,3.182,2.385
12424,2.962,2.380
12425,2.722,2.385
12426,2.537,2.380
12427,2.414,2.385
12428,2.375,2.385
12429,2.395,2.385
12430,2.419,2.385
12431,2.424,2.385
12432,2.385,2.385
12433,2.307,2.385
12434,2.209,2.385
12435,2.146,2.385
12436,2.111,2.385
12437,2.131,2.380
12438,2.170,2.385
12439,2.219,2.380
12440,2.263,2.385
12441,2.287,2.380
12442,2.273,2.385
12443,2.322,2.380
12444,2.571,2.385
12445,2.889,2.385
12446,3.055,2.385
12447,3.006,2.385
12448,2.825,2.385
12449,2.615,2.385
12450,2.449,2.385
12451,2.341,2.385
12452,2.312,2.385
12453,2.346,2.385
12454,2.400,2.385
12455,2.429,2.385
12456,2.410,2.385
12457,2.356,2.385
12458,2.292,2.385
12459,2.243,2.385
12460,2.214,2.385
12461,2.204,2.385
12462,2.199,2.385
12463,2.195,2.385
12464,2.199,2.385
12465,2.326,2.385
12466,2.644,2.385
12467,2.972,2.385
12468,3.109,2.385
12469,3.011,2.385
12470,2.801,2.385
12471,2.595,2.385
12472,2.424,2.385
12473,2.331,2.390
12474,2.322,2.385
12475,2.366,2.390
12476,2.419,2.385
12477,2.444,2.390
12478,2.414,2.385
12479,2.375,2.390
12480,2.336,2.385
12481,2.302,2.385
12482,2.287,2.385
12483,2.283,2.390
12484,2.268,2.390
12485,2.273,2.390
12486,2.414,2.390
12487,2.747,2.385
12488,3.089,2.390
12489,3.226,2.390
12490,3.099,2.390
12491,2.854,2.390
12492,2.615,2.390
12493,2.444,2.390
12494,2.366,2.390
12495,2.370,2.390
12496,2.434,2.390
12497,2.483,2.390
12498,2.488,2.390
12499,2.454,2.390
12500,2.400,2.390
12501,2.341,2.390
12502,2.297,2.390
12503,2.263,2.390
12504,2.243,2.390
12505,2.239,2.390
12506,2.243,2.390
12507,2.375,2.395
12508,2.708,2.390
12509,3.040,2.395
12510,3.157,2.390
12511,3.045,2.395
12512,2.815,2.390
12513,2.576,2.395
12514,2.414,2.390
12515,2.341,2.395
12516,2.351,2.390
12517,2.414,2.390
12518,2.458,2.390
12519,2.458,2.390
12520,2.410,2.390
12521,2.356,2.390
12522,2.297,2.390
12523,2.258,2.390
12524,2.239,2.390
12525,2.229,2.385
12526,2.214,2.390
12527,2.214,2.385
12528,2.292,2.390
12529,2.586,2.385
12530,2.952,2.385
12531,3.133,2.385
12532,3.074,2.385
12533,2.859,2.380
12534,2.615,2.385
12535,2.419,2.380
12536,2.317,2.380
12537,2.307,2.380
12538,2.366,2.380
12539,2.424,2.375
12540,2.458,2.375
12541,2.444,2.375
12542,2.390,2.375
12543,2.331,2.375
12544,2.268,2.375
12545,2.248,2.370
12546,2.234,2.370
12547,2.224,2.366
12548,2.219,2.370
12549,2.273,2.366
12550,2.512,2.370
12551,2.874,2.366
12552,3.104,2.366
12553,3.089,2.366
12554,2.889,2.366
12555,2.644,2.361
12556,2.449,2.366
12557,2.322,2.361
12558,2.297,2.361
12559,2.346,2.361
12560,2.414,2.361
12561,2.454,2.356
12562,2.444,2.361
12563,2.390,2.356
12564,2.336,2.356
12565,2.297,2.356
12566,2.263,2.356
12567,2.248,2.356
12568,2.239,2.356
12569,2.234,2.356
12570,2.239,2.356
12571,2.405,2.356
12572,2.742,2.351
12573,3.050,2.356
12574,3.133,2.351
12575,3.001,2.356
12576,2.757,2.351
12577,2.537,2.351
12578,2.385,2.351
12579,2.326,2.351
12580,2.356,2.351
12581,2.419,2.351
12582,2.458,2.351
12583,2.463,2.351
12584,2.434,2.351
12585,2.385,2.351
12586,2.326,2.351
12587,2.292,2.351
12588,2.278,2.351
12589,2.278,2.351
12590,2.292,2.351
12591,2.307,2.351
12592,2.419,2.351
12593,2.742,2.351
12594,3.109,2.351
12595,3.280,2.351
12596,3.196,2.356
12597,2.957,2.351
12598,2.659,2.351
12599,2.468,2.351
12600,2.366,2.356
12601,2.346,2.351
12602,2.390,2.356
12603,2.454,2.356
12604,2.478,2.356
12605,2.454,2.356
12606,2.405,2.356
12607,2.351,2.356
12608,2.307,2.356
12609,2.283,2.356
12610,2.263,2.356
12611,2.253,2.361
12612,2.243,2.356
12613,2.248,2.361
12614,2.385,2.356
12615,2.713,2.361
12616,3.050,2.356
12617,3.172,2.361
12618,3.060,2.361
12619,2.835,2.361
12620,2.610,2.361
12621,2.449,2.361
12622,2.375,2.361
12623,2.385,2.361
12624,2.439,2.361
12625,2.493,2.361
12626,2.498,2.366
12627,2.468,2.361
12628,2.414,2.366
12629,2.361,2.361
12630,2.317,2.366
12631,2.292,2.366
12632,2.278,2.366
12633,2.273,2.366
12634,2.263,2.370
12635,2.346,2.366
12636,2.620,2.370
12637,2.981,2.366
12638,3.177,2.370
12639,3.133,2.366
12640,2.928,2.370
12641,2.698,2.370
12642,2.522,2.370
12643,2.410,2.370
12644,2.390,2.370
12645,2.434,2.370
12646,2.483,2.370
12647,2.502,2.370
12648,2.483,2.370
12649,2.434,2.375
12650,2.385,2.370
12651,2.326,2.375
12652,2.273,2.370
12653,2.243,2.375
12654,2.219,2.370
12655,2.209,2.375
12656,2.214,2.375
12657,2.356,2.375
12658,2.693,2.375
12659,3.021,2.375
12660,3.128,2.375
12661,2.991,2.375
12662,2.727,2.375
12663,2.478,2.375
12664,2.307,2.380
12665,2.258,2.375
12666,2.312,2.380
12667,2.419,2.375
12668,2.507,2.380
12669,2.542,2.375
12670,2.512,2.380
12671,2.458,2.380
12672,2.390,2.380
12673,2.336,2.380
12674,2.312,2.380
12675,2.292,2.380
12676,2.287,2.380
12677,2.322,2.380
12678,2.522,2.380
12679,2.898,2.380
12680,3.133,2.380
12681,3.148,2.385
12682,3.001,2.380
12683,2.815,2.385
12684,2.634,2.380
12685,2.512,2.385
12686,2.473,2.380
12687,2.502,2.385
12688,2.546,2.380
12689,2.551,2.385
12690,2.532,2.385
12691,2.478,2.385
12692,2.424,2.385
12693,2.375,2.385
12694,2.336,2.385
12695,2.312,2.385
12696,2.297,2.385
12697,2.307,2.385
12698,2.458,2.385
12699,2.810,2.385
12700,3.138,2.385
12701,3.245,2.385
12702,3.128,2.390
12703,2.903,2.385
12704,2.688,2.390
12705,2.537,2.385
12706,2.454,2.390
12707,2.463,2.390
12708,2.507,2.385
12709,2.542,2.390
12710,2.532,2.385
12711,2.488,2.390
12712,2.434,2.385
12713,2.375,2.390
12714,2.326,2.385
12715,2.292,2.390
12716,2.278,2.390
12717,2.278,2.390
12718,2.400,2.390
12719,2.722,2.390
12720,3.065,2.390
12721,3.201,2.390
12722,3.109,2.390
12723,2.893,2.390
12724,2.683,2.390
12725,2.527,2.390
12726,2.439,2.390
12727,2.429,2.390
12728,2.463,2.390
12729,2.502,2.390
12730,2.507,2.390
12731,2.473,2.395
12732,2.419,2.390
12733,2.366,2.390
12734,2.317,2.395
12735,2.292,2.390
12736,2.278,2.395
12737,2.268,2.390
12738,2.273,2.395
12739,2.395,2.390
12740,2.717,2.395
12741,3.065,2.390
12742,3.201,2.395
12743,3.109,2.390
12744,2.893,2.395
12745,2.678,2.390
12746,2.512,2.390
12747,2.424,2.390
12748,2.419,2.390
12749,2.468,2.390
12750,2.522,2.390
12751,2.537,2.385
12752,2.517,2.385
12753,2.468,2.385
12754,2.419,2.385
12755,2.375,2.385
12756,2.351,2.380
12757,2.331,2.385
12758,2.322,2.380
12759,2.312,2.380
12760,2.292,2.375
12761,2.424,2.375
12762,2.766,2.375
12763,3.113,2.375
12764,3.240,2.370
12765,3.123,2.370
12766,2.893,2.370
12767,2.674,2.366
12768,2.507,2.366
12769,2.414,2.366
12770,2.405,2.366
12771,2.449,2.361
12772,2.493,2.361
12773,2.493,2.356
12774,2.454,2.361
12775,2.400,2.356
12776,2.336,2.356
12777,2.297,2.351
12778,2.273,2.351
12779,2.253,2.346
12780,2.248,2.351
12781,2.239,2.346
12782,2.268,2.346
12783,2.478,2.341
12784,2.845,2.346
12785,3.123,2.341
12786,3.157,2.341
12787,2.962,2.341
12788,2.732,2.336
12789,2.542,2.336
12790,2.419,2.336
12791,2.380,2.336
12792,2.405,2.331
12793,2.449,2.336
12794,2.473,2.331
12795,2.449,2.331
12796,2.405,2.331
12797,2.351,2.326
12798,2.302,2.326
12799,2.268,2.326
12800,2.243,2.326
12801,2.224,2.326
12802,2.204,2.326
12803,2.180,2.322
12804,2.190,2.322
12805,2.351,2.322
12806,2.688,2.322
12807,2.991,2.322
12808,3.089,2.322
12809,2.981,2.322
12810,2.781,2.322
12811,2.581,2.317
12812,2.424,2.322
12813,2.346,2.317
12814,2.351,2.317
12815,2.395,2.317
12816,2.429,2.317
12817,2.419,2.317
12818,2.366,2.317
12819,2.312,2.317
12820,2.268,2.317
12821,2.243,2.317
12822,2.224,2.317
12823,2.214,2.317
12824,2.214,2.317
12825,2.219,2.317
12826,2.258,2.317
12827,2.468,2.317
12828,2.805,2.317
12829,3.030,2.317
12830,3.035,2.322
12831,2.869,2.317
12832,2.644,2.322
12833,2.463,2.322
12834,2.356,2.322
12835,2.351,2.322
12836,2.405,2.322
12837,2.468,2.322
12838,2.478,2.322
12839,2.444,2.326
12840,2.385,2.322
12841,2.326,2.326
12842,2.292,2.326
12843,2.273,2.326
12844,2.253,2.326
12845,2.243,2.326
12846,2.326,2.326
12847,2.590,2.326
12848,2.913,2.326
12849,3.065,2.331
12850,2.996,2.331
12851,2.805,2.331
12852,2.610,2.331
12853,2.439,2.331
12854,2.346,2.331
12855,2.351,2.331
12856,2.395,2.336
12857,2.439,2.331
12858,2.463,2.336
12859,2.449,2.331
12860,2.410,2.336
12861,2.366,2.336
12862,2.322,2.336
12863,2.287,2.336
12864,2.268,2.336
12865,2.263,2.336
12866,2.326,2.341
12867,2.590,2.336
12868,2.981,2.336
12869,3.148,2.341
12870,3.079,2.341
12871,2.884,2.341
12872,2.674,2.341
12873,2.512,2.341
12874,2.414,2.341
12875,2.385,2.341
12876,2.414,2.341
12877,2.458,2.346
12878,2.473,2.341
12879,2.439,2.346
12880,2.375,2.341
12881,2.283,2.346
12882,2.199,2.346
12883,2.136,2.346
12884,2.102,2.346
12885,2.111,2.346
12886,2.180,2.346
12887,2.424,2.346
12888,2.820,2.346
12889,3.128,2.346
12890,3.177,2.351
12891,3.006,2.346
12892,2.766,2.351
12893,2.576,2.346
12894,2.454,2.351
12895,2.400,2.346
12896,2.429,2.351
12897,2.473,2.351
12898,2.488,2.351
12899,2.478,2.351
12900,2.434,2.351
12901,2.385,2.351
12902,2.331,2.351
12903,2.292,2.351
12904,2.268,2.351
12905,2.258,2.351
12906,2.283,2.351
12907,2.488,2.356
12908,2.825,2.351
12909,3.065,2.356
12910,3.084,2.351
12911,2.923,2.356
12912,2.722,2.351
12913,2.551,2.356
12914,2.429,2.351
12915,2.390,2.356
12916,2.405,2.356
12917,2.444,2.356
12918,2.468,2.356
12919,2.463,2.356
12920,2.424,2.356
12921,2.366,2.356
12922,2.317,2.356
12923,2.292,2.356
12924,2.278,2.356
12925,2.263,2.356
12926,2.292,2.356
12927,2.502,2.356
12928,2.845,2.356
12929,3.089,2.356
12930,3.109,2.361
12931,2.957,2.361
12932,2.752,2.361
12933,2.576,2.361
12934,2.458,2.361
12935,2.410,2.361
12936,2.414,2.361
12937,2.454,2.361
12938,2.478,2.361
12939,2.468,2.361
12940,2.434,2.361
12941,2.385,2.361
12942,2.331,2.361
12943,2.292,2.361
12944,2.268,2.361
12945,2.258,2.361
12946,2.263,2.361
12947,2.405,2.366
12948,2.737,2.361
12949,3.055,2.361
12950,3.118,2.361
12951,2.981,2.361
12952,2.781,2.361
12953,2.600,2.361
12954,2.458,2.366
12955,2.395,2.361
12956,2.405,2.366
12957,2.449,2.361
12958,2.488,2.366
12959,2.473,2.361
12960,2.429,2.366
12961,2.390,2.361
12962,2.341,2.366
12963,2.307,2.361
12964,2.278,2.366
12965,2.263,2.361
12966,2.278,2.361
12967,2.468,2.361
12968,2.810,2.361
12969,3.069,2.356
12970,3.109,2.361
12971,2.962,2.356
12972,2.757,2.356
12973,2.561,2.356
12974,2.434,2.356
12975,2.375,2.351
12976,2.395,2.356
12977,2.434,2.351
12978,2.458,2.351
12979,2.454,2.351
12980,2.419,2.351
12981,2.366,2.346
12982,2.317,2.346
12983,2.287,2.346
12984,2.263,2.341
12985,2.248,2.341
12986,2.258,2.341
12987,2.419,2.341
12988,2.747,2.336
12989,3.021,2.336
12990,3.089,2.331
12991,2.952,2.336
12992,2.742,2.331
12993,2.542,2.331
12994,2.410,2.326
12995,2.356,2.326
12996,2.375,2.322
12997,2.429,2.326
12998,2.468,2.322
12999,2.468,2.322
13000,2.429,2.317
13001,2.366,2.322
13002,2.302,2.317
13003,2.273,2.317
13004,2.258,2.317
13005,2.239,2.312
13006,2.224,2.317
13007,2.243,2.312
13008,2.414,2.312
13009,2.761,2.307
13010,3.050,2.312
13011,3.113,2.307
13012,2.962,2.312
13013,2.732,2.307
13014,2.527,2.307
13015,2.385,2.307
13016,2.341,2.307
13017,2.370,2.307
13018,2.429,2.307
13019,2.458,2.307
13020,2.454,2.307
13021,2.410,2.307
13022,2.351,2.307
13023,2.302,2.307
13024,2.263,2.302
13025,2.253,2.307
13026,2.248,2.302
13027,2.243,2.307
13028,2.248,2.302
13029,2.385,2.307
13030,2.703,2.302
13031,3.001,2.307
13032,3.094,2.302
13033,2.972,2.307
13034,2.747,2.302
13035,2.532,2.307
13036,2.375,2.307
13037,2.322,2.307
13038,2.336,2.307
13039,2.400,2.307
13040,2.449,2.307
13041,2.449,2.307
13042,2.414,2.312
13043,2.366,2.312
13044,2.317,2.312
13045,2.283,2.312
13046,2.248,2.312
13047,2.239,2.312
13048,2.234,2.312
13049,2.229,2.312
13050,2.273,2.317
13051,2.493,2.317
13052,2.840,2.317
13053,3.079,2.317
13054,3.084,2.317
13055,2.908,2.317
13056,2.639,2.317
13057,2.458,2.322
13058,2.351,2.317
13059,2.326,2.322
13060,2.375,2.322
13061,2.429,2.322
13062,2.449,2.322
13063,2.434,2.322
13064,2.390,2.322
13065,2.341,2.322
13066,2.297,2.322
13067,2.268,2.326
13068,2.253,2.326
13069,2.243,2.326
13070,2.229,2.326
13071,2.224,2.326
13072,2.326,2.326
13073,2.620,2.326
13074,2.957,2.326
13075,3.123,2.326
13076,3.055,2.331
13077,2.840,2.326
13078,2.615,2.331
13079,2.434,2.326
13080,2.346,2.331
13081,2.341,2.331
13082,2.390,2.331
13083,2.454,2.331
13084,2.473,2.331
13085,2.444,2.331
13086,2.390,2.331
13087,2.336,2.331
13088,2.297,2.331
13089,2.268,2.336
13090,2.248,2.331
13091,2.243,2.336
13092,2.239,2.336
13093,2.243,2.336
13094,2.351,2.336
13095,2.654,2.336
13096,2.991,2.336
13097,3.133,2.341
13098,3.050,2.336
13099,2.840,2.341
13100,2.610,2.336
13101,2.439,2.341
13102,2.346,2.336
13103,2.346,2.341
13104,2.400,2.336
13105,2.444,2.341
13106,2.468,2.341
13107,2.449,2.341
13108,2.405,2.341
13109,2.356,2.341
13110,2.307,2.341
13111,2.278,2.341
13112,2.258,2.341
13113,2.248,2.341
13114,2.243,2.341
13115,2.263,2.341
13116,2.410,2.346
13117,2.732,2.341
13118,3.035,2.346
13119,3.128,2.341
13120,3.016,2.346
13121,2.801,2.341
13122,2.586,2.346
13123,2.429,2.346
13124,2.361,2.346
13125,2.385,2.346
13126,2.444,2.346
13127,2.483,2.346
13128,2.498,2.346
13129,2.468,2.346
13130,2.424,2.346
13131,2.366,2.346
13132,2.322,2.346
13133,2.278,2.346
13134,2.258,2.346
13135,2.248,2.351
13136,2.243,2.346
13137,2.258,2.351
13138,2.414,2.346
13139,2.737,2.351
13140,3.030,2.346
13141,3.118,2.351
13142,2.991,2.351
13143,2.757,2.351
13144,2.546,2.351
13145,2.395,2.351
13146,2.331,2.351
13147,2.351,2.351
13148,2.400,2.351
13149,2.444,2.351
13150,2.463,2.351
13151,2.439,2.351
13152,2.405,2.351
13153,2.395,2.351
13154,2.395,2.356
13155,2.400,2.351
13156,2.390,2.356
13157,2.370,2.351
13158,2.395,2.356
13159,2.610,2.351
13160,2.913,2.356
13161,3.094,2.351
13162,3.079,2.356
13163,2.918,2.351
13164,2.678,2.351
13165,2.512,2.356
13166,2.400,2.351
13167,2.361,2.356
13168,2.390,2.356
13169,2.429,2.356
13170,2.449,2.356
13171,2.449,2.356
13172,2.419,2.356
13173,2.370,2.356
13174,2.326,2.356
13175,2.297,2.356
13176,2.263,2.356
13177,2.248,2.356
13178,2.287,2.356
13179,2.502,2.356
13180,2.849,2.356
13181,3.089,2.356
13182,3.109,2.361
13183,2.957,2.356
13184,2.757,2.361
13185,2.566,2.356
13186,2.429,2.361
13187,2.370,2.356
13188,2.385,2.361
13189,2.429,2.356
13190,2.454,2.361
13191,2.454,2.361
13192,2.434,2.361
13193,2.395,2.361
13194,2.356,2.361
13195,2.317,2.361
13196,2.283,2.361
13197,2.263,2.361
13198,2.243,2.356
13199,2.307,2.361
13200,2.576,2.356
13201,2.928,2.361
13202,3.133,2.356
13203,3.099,2.361
13204,2.908,2.356
13205,2.693,2.361
13206,2.507,2.356
13207,2.395,2.361
13208,2.385,2.361
13209,2.449,2.361
13210,2.502,2.361
13211,2.517,2.361
13212,2.493,2.361
13213,2.449,2.361
13214,2.390,2.361
13215,2.346,2.361
13216,2.317,2.361
13217,2.297,2.361
13218,2.302,2.366
13219,2.444,2.361
13220,2.761,2.366
13221,3.035,2.361
13222,3.104,2.366
13223,2.986,2.361
13224,2.781,2.366
13225,2.581,2.361
13226,2.429,2.366
13227,2.366,2.361
13228,2.390,2.366
13229,2.449,2.366
13230,2.488,2.366
13231,2.483,2.366
13232,2.449,2.366
13233,2.390,2.366
13234,2.341,2.366
13235,2.302,2.366
13236,2.278,2.361
13237,2.258,2.366
13238,2.253,2.361
13239,2.385,2.366
13240,2.717,2.361
13241,3.069,2.366
13242,3.240,2.361
13243,3.177,2.361
13244,2.962,2.361
13245,2.703,2.361
13246,2.507,2.361
13247,2.400,2.361
13248,2.395,2.361
13249,2.439,2.361
13250,2.488,2.361
13251,2.512,2.361
13252,2.488,2.361
13253,2.454,2.356
13254,2.429,2.356
13255,2.424,2.356
13256,2.419,2.356
13257,2.390,2.356
13258,2.375,2.356
13259,2.454,2.351
13260,2.747,2.356
13261,3.065,2.351
13262,3.221,2.351
13263,3.157,2.351
13264,2.986,2.351
13265,2.781,2.346
13266,2.605,2.351
13267,2.478,2.346
13268,2.424,2.346
13269,2.444,2.346
13270,2.478,2.346
13271,2.488,2.346
13272,2.458,2.341
13273,2.414,2.346
13274,2.356,2.341
13275,2.322,2.341
13276,2.302,2.341
13277,2.287,2.341
13278,2.268,2.336
13279,2.287,2.341
13280,2.493,2.336
13281,2.849,2.336
13282,3.109,2.336
13283,3.143,2.336
13284,2.996,2.336
13285,2.781,2.336
13286,2.610,2.331
13287,2.488,2.331
13288,2.434,2.331
13289,2.454,2.331
13290,2.493,2.331
13291,2.517,2.326
13292,2.493,2.331
13293,2.434,2.326
13294,2.370,2.326
13295,2.317,2.326
13296,2.273,2.326
13297,2.258,2.322
13298,2.234,2.326
13299,2.214,2.322
13300,2.253,2.322
13301,2.488,2.322
13302,2.849,2.317
13303,3.089,2.322
13304,3.099,2.317
13305,2.928,2.317
13306,2.708,2.317
13307,2.527,2.317
13308,2.395,2.317
13309,2.351,2.317
13310,2.380,2.312
13311,2.444,2.317
13312,2.488,2.312
13313,2.502,2.312
13314,2.478,2.312
13315,2.439,2.312
13316,2.380,2.312
13317,2.326,2.312
13318,2.273,2.312
13319,2.219,2.312
13320,2.195,2.307
13321,2.229,2.307
13322,2.429,2.307
13323,2.801,2.307
13324,3.104,2.307
13325,3.172,2.307
13326,2.996,2.307
13327,2.757,2.307
13328,2.542,2.307
13329,2.385,2.302
13330,2.317,2.307
13331,2.331,2.302
13332,2.375,2.302
13333,2.419,2.302
13334,2.419,2.302
13335,2.385,2.302
13336,2.341,2.302
13337,2.297,2.302
13338,2.253,2.297
13339,2.229,2.297
13340,2.209,2.297
13341,2.190,2.297
13342,2.234,2.297
13343,2.458,2.297
13344,2.801,2.292
13345,3.030,2.297
13346,3.025,2.292
13347,2.849,2.292
13348,2.630,2.292
13349,2.454,2.292
13350,2.356,2.287
13351,2.341,2.292
13352,2.380,2.287
13353,2.429,2.287
13354,2.434,2.287
13355,2.405,2.287
13356,2.370,2.287
13357,2.322,2.283
13358,2.278,2.287
13359,2.239,2.283
13360,2.214,2.283
13361,2.180,2.283
13362,2.170,2.283
13363,2.268,2.283
13364,2.546,2.283
13365,2.845,2.283
13366,2.977,2.283
13367,2.908,2.283
13368,2.717,2.283
13369,2.527,2.283
13370,2.361,2.283
13371,2.273,2.283
13372,2.278,2.287
13373,2.336,2.283
13374,2.385,2.287
13375,2.410,2.283
13376,2.385,2.287
13377,2.346,2.287
13378,2.302,2.287
13379,2.263,2.287
13380,2.239,2.287
13381,2.219,2.287
13382,2.234,2.287
13383,2.380,2.287
13384,2.688,2.287
13385,2.952,2.287
13386,3.016,2.287
13387,2.884,2.287
13388,2.669,2.287
13389,2.478,2.292
13390,2.341,2.287
13391,2.297,2.292
13392,2.326,2.292
13393,2.390,2.292
13394,2.439,2.292
13395,2.429,2.292
13396,2.395,2.292
13397,2.341,2.292
13398,2.287,2.292
13399,2.258,2.292
13400,2.229,2.297
13401,2.229,2.292
13402,2.346,2.297
13403,2.634,2.292
13404,2.923,2.297
13405,3.025,2.297
13406,2.908,2.297
13407,2.678,2.297
13408,2.483,2.297
13409,2.351,2.297
13410,2.297,2.297
13411,2.322,2.302
13412,2.375,2.302
13413,2.419,2.302
13414,2.419,2.302
13415,2.375,2.302
13416,2.322,2.302
13417,2.278,2.302
13418,2.253,2.302
13419,2.224,2.307
13420,2.199,2.302
13421,2.248,2.307
13422,2.488,2.307
13423,2.825,2.307
13424,3.040,2.307
13425,3.006,2.307
13426,2.820,2.307
13427,2.634,2.307
13428,2.488,2.312
13429,2.400,2.307
13430,2.366,2.312
13431,2.390,2.312
13432,2.410,2.312
13433,2.414,2.312
13434,2.380,2.312
13435,2.341,2.312
13436,2.297,2.312
13437,2.268,2.312
13438,2.248,2.312
13439,2.248,2.317
13440,2.248,2.317
13441,2.331,2.317
13442,2.615,2.312
13443,2.957,2.317
13444,3.113,2.317
13445,3.045,2.317
13446,2.845,2.317
13447,2.625,2.322
13448,2.458,2.317
13449,2.370,2.322
13450,2.346,2.317
13451,2.385,2.322
13452,2.439,2.317
13453,2.458,2.322
13454,2.434,2.322
13455,2.395,2.322
13456,2.346,2.322
13457,2.297,2.322
13458,2.268,2.322
13459,2.243,2.322
13460,2.219,2.322
13461,2.224,2.322
13462,2.375,2.326
13463,2.708,2.322
13464,2.996,2.326
13465,3.084,2.322
13466,2.952,2.326
13467,2.737,2.322
13468,2.556,2.326
13469,2.429,2.326
13470,2.370,2.326
13471,2.375,2.326
13472,2.414,2.326
13473,2.444,2.326
13474,2.439,2.326
13475,2.400,2.326
13476,2.346,2.326
13477,2.297,2.326
13478,2.273,2.326
13479,2.253,2.326
13480,2.243,2.326
13481,2.239,2.331
13482,2.234,2.331
13483,2.361,2.331
13484,2.669,2.326
13485,2.981,2.331
13486,3.104,2.331
13487,3.006,2.331
13488,2.815,2.331
13489,2.600,2.331
13490,2.439,2.331
13491,2.351,2.331
13492,2.341,2.331
13493,2.385,2.331
13494,2.429,2.331
13495,2.449,2.331
13496,2.429,2.331
13497,2.390,2.331
13498,2.346,2.331
13499,2.297,2.336
13500,2.263,2.331
13501,2.248,2.336
13502,2.239,2.331
13503,2.234,2.336
13504,2.253,2.331
13505,2.405,2.336
13506,2.732,2.331
13507,3.030,2.336
13508,3.138,2.336
13509,3.025,2.336
13510,2.805,2.336
13511,2.595,2.336
13512,2.444,2.336
13513,2.375,2.336
13514,2.385,2.336
13515,2.439,2.336
13516,2.483,2.336
13517,2.483,2.336
13518,2.449,2.336
13519,2.395,2.336
13520,2.336,2.336
13521,2.297,2.336
13522,2.268,2.336
13523,2.248,2.336
13524,2.248,2.336
13525,2.253,2.336
13526,2.351,2.336
13527,2.649,2.336
13528,2.986,2.336
13529,3.152,2.341
13530,3.074,2.336
13531,2.864,2.341
13532,2.639,2.336
13533,2.468,2.341
13534,2.366,2.336
13535,2.356,2.341
13536,2.410,2.336
13537,2.463,2.341
13538,2.498,2.336
13539,2.473,2.341
13540,2.429,2.336
13541,2.375,2.341
13542,2.331,2.341
13543,2.297,2.341
13544,2.273,2.341
13545,2.258,2.341
13546,2.258,2.341
13547,2.346,2.341
13548,2.620,2.341
13549,2.952,2.341
13550,3.128,2.341
13551,3.045,2.341
13552,2.825,2.341
13553,2.605,2.341
13554,2.439,2.341
13555,2.351,2.341
13556,2.351,2.341
13557,2.410,2.346
13558,2.468,2.341
13559,2.488,2.346
13560,2.458,2.341
13561,2.414,2.346
13562,2.370,2.341
13563,2.341,2.346
13564,2.297,2.346
13565,2.273,2.346
13566,2.268,2.341
13567,2.263,2.346
13568,2.336,2.346
13569,2.605,2.346
13570,2.937,2.346
13571,3.109,2.346
13572,3.050,2.346
13573,2.845,2.346
13574,2.610,2.346
13575,2.419,2.346
13576,2.312,2.346
13577,2.307,2.346
13578,2.351,2.351
13579,2.410,2.346
13580,2.473,2.351
13581,2.498,2.346
13582,2.463,2.351
13583,2.380,2.346
13584,2.283,2.346
13585,2.229,2.341
13586,2.195,2.346
13587,2.180,2.341
13588,2.239,2.341
13589,2.473,2.341
13590,2.835,2.341
13591,3.104,2.341
13592,3.148,2.346
13593,2.996,2.346
13594,2.781,2.351
13595,2.571,2.356
13596,2.449,2.356
13597,2.429,2.366
13598,2.478,2.366
13599,2.551,2.375
13600,2.605,2.375
13601,2.610,2.385
13602,2.576,2.385
13603,2.522,2.395
13604,2.468,2.395
13605,2.444,2.405
13606,2.444,2.405
13607,2.444,2.410
13608,2.522,2.410
13609,2.776,2.414
13610,3.109,2.414
13611,3.289,2.414
13612,3.255,2.419
13613,3.089,2.419
13614,2.879,2.419
13615,2.693,2.419
13616,2.566,2.419
13617,2.512,2.419
13618,2.517,2.424
13619,2.542,2.419
13620,2.556,2.424
13621,2.537,2.419
13622,2.478,2.424
13623,2.434,2.424
13624,2.400,2.424
13625,2.370,2.424
13626,2.356,2.424
13627,2.361,2.424
13628,2.512,2.424
13629,2.869,2.424
13630,3.162,2.424
13631,3.226,2.424
13632,3.099,2.424
13633,2.889,2.429
13634,2.693,2.424
13635,2.527,2.429
13636,2.434,2.429
13637,2.429,2.429
13638,2.468,2.429
13639,2.517,2.429
13640,2.522,2.429
13641,2.478,2.434
13642,2.410,2.429
13643,2.341,2.434
13644,2.302,2.429
13645,2.287,2.434
13646,2.273,2.434
13647,2.292,2.434
13648,2.473,2.434
13649,2.869,2.434
13650,3.133,2.434
13651,3.172,2.434
13652,3.021,2.439
13653,2.810,2.434
13654,2.625,2.439
13655,2.488,2.434
13656,2.419,2.439
13657,2.429,2.434
13658,2.468,2.439
13659,2.502,2.434
13660,2.502,2.439
13661,2.468,2.434
13662,2.414,2.439
13663,2.361,2.434
13664,2.322,2.439
13665,2.302,2.434
13666,2.287,2.434
13667,2.317,2.434
13668,2.522,2.434
13669,2.874,2.434
13670,3.138,2.434
13671,3.167,2.434
13672,3.021,2.434
13673,2.805,2.434
13674,2.615,2.434
13675,2.473,2.434
13676,2.395,2.434
13677,2.419,2.429
13678,2.458,2.434
13679,2.478,2.429
13680,2.454,2.429
13681,2.419,2.429
13682,2.370,2.429
13683,2.336,2.424
13684,2.302,2.429
13685,2.278,2.424
13686,2.287,2.424
13687,2.463,2.424
13688,2.805,2.424
13689,3.069,2.424
13690,3.109,2.424
13691,2.967,2.424
13692,2.752,2.419
13693,2.566,2.424
13694,2.419,2.419
13695,2.366,2.419
13696,2.380,2.419
13697,2.424,2.419
13698,2.454,2.419
13699,2.449,2.419
13700,2.414,2.419
13701,2.366,2.414
13702,2.317,2.419
13703,2.268,2.414
13704,2.229,2.419
13705,2.199,2.414
13706,2.195,2.414
13707,2.385,2.414
13708,2.771,2.414
13709,3.050,2.414
13710,3.074,2.414
13711,2.923,2.414
13712,2.698,2.414
13713,2.498,2.414
13714,2.356,2.414
13715,2.307,2.414
13716,2.317,2.414
13717,2.361,2.414
13718,2.400,2.410
13719,2.400,2.414
13720,2.361,2.410
13721,2.302,2.410
13722,2.239,2.410
13723,2.195,2.410
13724,2.190,2.405
13725,2.209,2.410
13726,2.224,2.405
13727,2.229,2.405
13728,2.312,2.405
13729,2.566,2.405
13730,2.928,2.405
13731,3.050,2.400
13732,2.942,2.405
13733,2.727,2.400
13734,2.517,2.405
13735,2.361,2.400
13736,2.273,2.405
13737,2.268,2.400
13738,2.302,2.405
13739,2.346,2.400
13740,2.361,2.405
13741,2.341,2.400
13742,2.302,2.400
13743,2.258,2.400
13744,2.224,2.405
13745,2.199,2.400
13746,2.190,2.400
13747,2.185,2.400
13748,2.185,2.400
13749,2.204,2.400
13750,2.390,2.400
13751,2.713,2.400
13752,2.972,2.400
13753,3.006,2.400
13754,2.859,2.400
13755,2.634,2.405
13756,2.449,2.400
13757,2.312,2.405
13758,2.268,2.400
13759,2.297,2.405
13760,2.351,2.400
13761,2.385,2.405
13762,2.385,2.400
13763,2.356,2.405
13764,2.317,2.400
13765,2.268,2.405
13766,2.234,2.405
13767,2.209,2.405
13768,2.199,2.405
13769,2.209,2.405
13770,2.209,2.405
13771,2.234,2.405
13772,2.405,2.405
13773,2.717,2.405
13774,2.986,2.405
13775,3.045,2.405
13776,2.913,2.405
13777,2.698,2.405
13778,2.502,2.405
13779,2.361,2.405
13780,2.297,2.410
13781,2.307,2.405
13782,2.370,2.410
13783,2.434,2.405
13784,2.468,2.410
13785,2.463,2.410
13786,2.419,2.410
13787,2.361,2.410
13788,2.307,2.410
13789,2.273,2.410
13790,2.253,2.410
13791,2.229,2.410
13792,2.219,2.410
13793,2.326,2.410
13794,2.605,2.410
13795,2.893,2.410
13796,3.016,2.410
13797,2.947,2.410
13798,2.747,2.410
13799,2.542,2.410
13800,2.385,2.410
13801,2.287,2.410
13802,2.283,2.410
13803,2.331,2.410
13804,2.375,2.414
13805,2.400,2.410
13806,2.395,2.414
13807,2.356,2.410
13808,2.307,2.414
13809,2.278,2.410
13810,2.248,2.414
13811,2.243,2.410
13812,2.243,2.414
13813,2.234,2.410
13814,2.258,2.414
13815,2.419,2.414
13816,2.737,2.410
13817,3.001,2.414
13818,3.074,2.414
13819,2.942,2.414
13820,2.732,2.410
13821,2.532,2.414
13822,2.385,2.410
13823,2.317,2.414
13824,2.317,2.410
13825,2.361,2.414
13826,2.410,2.410
13827,2.429,2.414
13828,2.410,2.410
13829,2.370,2.414
13830,2.322,2.410
13831,2.287,2.410
13832,2.268,2.410
13833,2.253,2.410
13834,2.253,2.410
13835,2.248,2.410
13836,2.253,2.410
13837,2.356,2.410
13838,2.693,2.410
13839,2.977,2.410
13840,3.079,2.410
13841,2.986,2.405
13842,2.781,2.410
13843,2.576,2.405
13844,2.419,2.410
13845,2.346,2.405
13846,2.341,2.410
13847,2.390,2.410
13848,2.434,2.410
13849,2.454,2.410
13850,2.439,2.410
13851,2.400,2.410
13852,2.366,2.410
13853,2.331,2.410
13854,2.297,2.410
13855,2.273,2.410
13856,2.263,2.410
13857,2.258,2.410
13858,2.263,2.410
13859,2.326,2.410
13860,2.571,2.410
13861,2.898,2.410
13862,3.099,2.410
13863,3.094,2.414
13864,2.928,2.410
13865,2.688,2.414
13866,2.517,2.410
13867,2.400,2.414
13868,2.366,2.410
13869,2.390,2.414
13870,2.439,2.410
13871,2.473,2.414
13872,2.468,2.414
13873,2.439,2.414
13874,2.405,2.414
13875,2.370,2.414
13876,2.331,2.414
13877,2.302,2.414
13878,2.292,2.414
13879,2.287,2.414
13880,2.278,2.414
13881,2.297,2.414
13882,2.463,2.414
13883,2.786,2.414
13884,3.060,2.419
13885,3.143,2.414
13886,3.021,2.419
13887,2.810,2.414
13888,2.615,2.419
13889,2.468,2.414
13890,2.390,2.419
13891,2.385,2.414
13892,2.454,2.419
13893,2.488,2.414
13894,2.493,2.419
13895,2.463,2.414
13896,2.424,2.419
13897,2.366,2.414
13898,2.326,2.419
13899,2.302,2.419
13900,2.287,2.419
13901,2.283,2.419
13902,2.283,2.419
13903,2.297,2.419
13904,2.454,2.419
13905,2.776,2.419
13906,3.065,2.419
13907,3.177,2.419
13908,3.069,2.419
13909,2.854,2.419
13910,2.644,2.419
13911,2.488,2.419
13912,2.405,2.419
13913,2.400,2.419
13914,2.439,2.419
13915,2.483,2.419
13916,2.502,2.419
13917,2.483,2.424
13918,2.449,2.419
13919,2.400,2.424
13920,2.356,2.419
13921,2.331,2.424
13922,2.307,2.419
13923,2.302,2.424
13924,2.302,2.419
13925,2.307,2.424
13926,2.449,2.424
13927,2.805,2.419
13928,3.079,2.424
13929,3.157,2.419
13930,3.040,2.424
13931,2.830,2.419
13932,2.634,2.424
13933,2.488,2.419
13934,2.410,2.424
13935,2.405,2.419
13936,2.444,2.424
13937,2.488,2.419
13938,2.507,2.424
13939,2.488,2.419
13940,2.444,2.424
13941,2.400,2.419
13942,2.366,2.424
13943,2.341,2.424
13944,2.322,2.424
13945,2.312,2.424
13946,2.302,2.419
13947,2.336,2.424
13948,2.537,2.419
13949,2.859,2.424
13950,3.104,2.424
13951,3.138,2.424
13952,2.991,2.424
13953,2.781,2.424
13954,2.595,2.424
13955,2.458,2.424
13956,2.405,2.424
13957,2.405,2.424
13958,2.454,2.424
13959,2.493,2.424
13960,2.507,2.424
13961,2.483,2.424
13962,2.434,2.424
13963,2.385,2.424
13964,2.336,2.424
13965,2.307,2.424
13966,2.302,2.429
13967,2.292,2.424
13968,2.297,2.429
13969,2.419,2.424
13970,2.713,2.429
13971,3.021,2.424
13972,3.157,2.429
13973,3.069,2.424
13974,2.864,2.429
13975,2.664,2.424
13976,2.498,2.429
13977,2.405,2.429
13978,2.400,2.429
13979,2.434,2.429
13980,2.488,2.429
13981,2.512,2.429
13982,2.493,2.429
13983,2.449,2.429
13984,2.405,2.429
13985,2.361,2.429
13986,2.331,2.429
13987,2.322,2.429
13988,2.307,2.429
13989,2.297,2.429
13990,2.317,2.429
13991,2.502,2.429
13992,2.835,2.429
13993,3.109,2.434
13994,3.172,2.429
13995,3.040,2.434
13996,2.820,2.429
13997,2.625,2.429
13998,2.483,2.429
13999,2.424,2.434
14000,2.414,2.429
14001,2.458,2.434
14002,2.498,2.429
14003,2.512,2.434
14004,2.493,2.429
14005,2.454,2.434
14006,2.400,2.429
14007,2.370,2.434
14008,2.336,2.429
14009,2.317,2.434
14010,2.307,2.434
14011,2.297,2.434
14012,2.331,2.434
14013,2.551,2.434
14014,2.889,2.434
14015,3.138,2.434
14016,3.167,2.434
14017,3.011,2.434
14018,2.786,2.434
14019,2.600,2.434
14020,2.463,2.434
14021,2.410,2.434
14022,2.419,2.434
14023,2.478,2.434
14024,2.517,2.434
14025,2.522,2.434
14026,2.478,2.434
14027,2.424,2.434
14028,2.375,2.434
14029,2.331,2.434
14030,2.317,2.434
14031,2.292,2.439
14032,2.258,2.434
14033,2.243,2.439
14034,2.375,2.434
14035,2.683,2.439
14036,2.972,2.434
14037,3.094,2.439
14038,3.021,2.434
14039,2.859,2.439
14040,2.698,2.434
14041,2.556,2.439
14042,2.478,2.434
14043,2.478,2.439
14044,2.517,2.434
14045,2.561,2.439
14046,2.566,2.439
14047,2.542,2.439
14048,2.483,2.439
14049,2.439,2.439
14050,2.405,2.439
14051,2.375,2.439
14052,2.356,2.439
14053,2.390,2.439
14054,2.600,2.439
14055,2.923,2.439
14056,3.157,2.439
14057,3.177,2.439
14058,3.030,2.439
14059,2.820,2.439
14060,2.639,2.439
14061,2.507,2.439
14062,2.454,2.439
14063,2.468,2.439
14064,2.532,2.439
14065,2.566,2.439
14066,2.556,2.439
14067,2.517,2.444
14068,2.454,2.439
14069,2.400,2.444
14070,2.366,2.439
14071,2.341,2.444
14072,2.322,2.439
14073,2.351,2.444
14074,2.556,2.439
14075,2.913,2.439
14076,3.196,2.439
14077,3.250,2.444
14078,3.094,2.439
14079,2.879,2.444
14080,2.674,2.444
14081,2.546,2.439
14082,2.483,2.444
14083,2.488,2.439
14084,2.527,2.444
14085,2.551,2.439
14086,2.546,2.444
14087,2.502,2.439
14088,2.444,2.444
14089,2.395,2.439
14090,2.356,2.444
14091,2.336,2.444
14092,2.317,2.444
14093,2.322,2.444
14094,2.507,2.444
14095,2.874,2.444
14096,3.192,2.444
14097,3.280,2.444
14098,3.138,2.444
14099,2.908,2.444
14100,2.713,2.444
14101,2.571,2.444
14102,2.488,2.444
14103,2.468,2.444
14104,2.502,2.444
14105,2.532,2.449
14106,2.537,2.444
14107,2.498,2.444
14108,2.444,2.444
14109,2.390,2.444
14110,2.341,2.444
14111,2.317,2.444
14112,2.302,2.444
14113,2.287,2.444
14114,2.331,2.444
14115,2.600,2.444
14116,2.986,2.444
14117,3.221,2.444
14118,3.221,2.444
14119,3.030,2.444
14120,2.796,2.444
14121,2.615,2.439
14122,2.483,2.444
14123,2.429,2.439
14124,2.439,2.444
14125,2.478,2.439
14126,2.512,2.439
14127,2.502,2.434
14128,2.454,2.439
14129,2.405,2.434
14130,2.351,2.439
14131,2.307,2.434
14132,2.278,2.434
14133,2.273,2.434
14134,2.263,2.434
14135,2.253,2.434
14136,2.322,2.429
14137,2.610,2.434
14138,3.001,2.429
14139,3.221,2.429
14140,3.192,2.429
14141,2.986,2.429
14142,2.747,2.424
14143,2.561,2.429
14144,2.429,2.424
14145,2.395,2.429
14146,2.424,2.424
14147,2.473,2.424
14148,2.502,2.424
14149,2.478,2.424
14150,2.429,2.424
14151,2.366,2.424
14152,2.317,2.419
14153,2.283,2.419
14154,2.263,2.419
14155,2.253,2.419
14156,2.248,2.419
14157,2.239,2.419
14158,2.248,2.419
14159,2.351,2.419
14160,2.683,2.419
14161,3.084,2.419
14162,3.221,2.419
14163,3.113,2.419
14164,2.869,2.419
14165,2.634,2.414
14166,2.454,2.419
14167,2.356,2.419
14168,2.366,2.419
14169,2.419,2.414
14170,2.478,2.419
14171,2.498,2.414
14172,2.458,2.414
14173,2.405,2.414
14174,2.346,2.414
14175,2.297,2.419
14176,2.273,2.414
14177,2.253,2.419
14178,2.243,2.414
14179,2.239,2.414
14180,2.234,2.414
14181,2.263,2.414
14182,2.478,2.414
14183,2.845,2.414
14184,3.118,2.414
14185,3.157,2.414
14186,2.972,2.419
14187,2.722,2.414
14188,2.478,2.419
14189,2.351,2.414
14190,2.322,2.419
14191,2.370,2.414
14192,2.444,2.419
14193,2.478,2.419
14194,2.463,2.419
14195,2.414,2.419
14196,2.361,2.419
14197,2.302,2.419
14198,2.263,2.419
14199,2.243,2.419
14200,2.234,2.419
14201,2.239,2.419
14202,2.229,2.419
14203,2.219,2.424
14204,2.278,2.419
14205,2.546,2.424
14206,2.908,2.419
14207,3.128,2.424
14208,3.099,2.419
14209,2.889,2.424
14210,2.644,2.424
14211,2.439,2.424
14212,2.317,2.424
14213,2.287,2.424
14214,2.336,2.424
14215,2.414,2.424
14216,2.444,2.429
14217,2.429,2.424
14218,2.390,2.429
14219,2.336,2.429
14220,2.287,2.429
14221,2.248,2.429
14222,2.224,2.429
14223,2.214,2.429
14224,2.214,2.429
14225,2.214,2.429
14226,2.239,2.429
14227,2.434,2.429
14228,2.776,2.434
14229,3.040,2.429
14230,3.074,2.434
14231,2.898,2.429
14232,2.654,2.434
14233,2.439,2.429
14234,2.297,2.434
14235,2.258,2.434
14236,2.302,2.434
14237,2.375,2.434
14238,2.419,2.434
14239,2.429,2.434
14240,2.400,2.434
14241,2.341,2.434
14242,2.287,2.434
14243,2.253,2.439
14244,2.234,2.434
14245,2.234,2.439
14246,2.229,2.434
14247,2.224,2.439
14248,2.292,2.434
14249,2.551,2.439
14250,2.884,2.439
14251,3.065,2.439
14252,3.021,2.439
14253,2.815,2.439
14254,2.581,2.439
14255,2.395,2.439
14256,2.287,2.439
14257,2.278,2.439
14258,2.341,2.439
14259,2.405,2.439
14260,2.434,2.439
14261,2.429,2.439
14262,2.395,2.444
14263,2.351,2.439
14264,2.312,2.444
14265,2.292,2.439
14266,2.283,2.444
14267,2.278,2.439
14268,2.268,2.444
14269,2.302,2.444
14270,2.522,2.444
14271,2.884,2.444
14272,3.157,2.444
14273,3.211,2.444
14274,3.050,2.444
14275,2.805,2.444
14276,2.576,2.444
14277,2.410,2.444
14278,2.346,2.444
14279,2.361,2.444
14280,2.410,2.444
14281,2.439,2.444
14282,2.434,2.444
14283,2.405,2.444
14284,2.356,2.444
14285,2.317,2.449
14286,2.278,2.444
14287,2.229,2.444
14288,2.199,2.444
14289,2.209,2.444
14290,2.366,2.444
14291,2.703,2.444
14292,3.035,2.444
14293,3.157,2.444
14294,3.055,2.439
14295,2.825,2.439
14296,2.551,2.439
14297,2.390,2.434
14298,2.317,2.439
14299,2.322,2.434
14300,2.370,2.434
14301,2.414,2.434
14302,2.419,2.434
14303,2.390,2.434
14304,2.331,2.434
14305,2.283,2.434
14306,2.243,2.434
14307,2.219,2.434
14308,2.199,2.429
14309,2.199,2.434
14310,2.263,2.429
14311,2.517,2.434
14312,2.874,2.429
14313,3.104,2.434
14314,3.094,2.434
14315,2.908,2.434
14316,2.688,2.434
14317,2.512,2.434
14318,2.405,2.434
14319,2.380,2.434
14320,2.405,2.434
14321,2.449,2.434
14322,2.468,2.434
14323,2.444,2.434
14324,2.405,2.434
14325,2.351,2.434
14326,2.307,2.434
14327,2.268,2.434
14328,2.253,2.434
14329,2.243,2.434
14330,2.243,2.434
14331,2.366,2.434
14332,2.678,2.434
14333,3.011,2.434
14334,3.152,2.434
14335,3.055,2.434
14336,2.835,2.434
14337,2.610,2.434
14338,2.439,2.434
14339,2.361,2.434
14340,2.370,2.434
14341,2.439,2.434
14342,2.493,2.434
14343,2.507,2.429
14344,2.473,2.429
14345,2.419,2.429
14346,2.366,2.429
14347,2.331,2.429
14348,2.307,2.429
14349,2.287,2.429
14350,2.297,2.429
14351,2.458,2.429
14352,2.786,2.424
14353,3.079,2.429
14354,3.152,2.424
14355,3.011,2.424
14356,2.781,2.424
14357,2.561,2.424
14358,2.410,2.424
14359,2.356,2.424
14360,2.370,2.424
14361,2.429,2.419
14362,2.468,2.419
14363,2.463,2.419
14364,2.424,2.419
14365,2.361,2.414
14366,2.317,2.419
14367,2.283,2.414
14368,2.263,2.414
14369,2.243,2.414
14370,2.239,2.414
14371,2.375,2.410
14372,2.713,2.410
14373,3.055,2.410
14374,3.177,2.410
14375,3.065,2.405
14376,2.835,2.405
14377,2.610,2.405
14378,2.468,2.405
14379,2.395,2.405
14380,2.395,2.400
14381,2.444,2.400
14382,2.483,2.395
14383,2.478,2.400
14384,2.434,2.395
14385,2.370,2.395
14386,2.322,2.390
14387,2.283,2.395
14388,2.258,2.390
14389,2.243,2.390
14390,2.229,2.385
14391,2.326,2.390
14392,2.639,2.385
14393,2.996,2.385
14394,3.167,2.380
14395,3.094,2.385
14396,2.884,2.380
14397,2.674,2.380
14398,2.507,2.380
14399,2.424,2.380
14400,2.429,2.380
14401,2.498,2.380
14402,2.561,2.375
14403,2.571,2.375
14404,2.527,2.375
14405,2.463,2.375
14406,2.405,2.375
14407,2.351,2.375
14408,2.317,2.375
14409,2.287,2.370
14410,2.326,2.370
14411,2.561,2.370
14412,2.928,2.370
14413,3.172,2.370
14414,3.172,2.366
14415,2.991,2.366
14416,2.766,2.366
14417,2.581,2.366
14418,2.454,2.361
14419,2.410,2.361
14420,2.434,2.361
14421,2.478,2.361
14422,2.502,2.356
14423,2.498,2.356
14424,2.449,2.351
14425,2.395,2.351
14426,2.366,2.346
14427,2.361,2.346
14428,2.361,2.341
14429,2.356,2.341
14430,2.512,2.336
14431,2.898,2.331
14432,3.192,2.331
14433,3.245,2.326
14434,3.104,2.326
14435,2.869,2.322
14436,2.669,2.322
14437,2.517,2.317
14438,2.454,2.317
14439,2.458,2.312
14440,2.522,2.307
14441,2.566,2.302
14442,2.561,2.302
14443,2.498,2.297
14444,2.414,2.297
14445,2.341,2.292
14446,2.302,2.287
14447,2.273,2.287
14448,2.253,2.283
14449,2.239,2.283
14450,2.312,2.278
14451,2.605,2.278
14452,3.006,2.273
14453,3.245,2.273
14454,3.226,2.268
14455,3.030,2.268
14456,2.796,2.263
14457,2.610,2.263
14458,2.463,2.258
14459,2.424,2.253
14460,2.434,2.253
14461,2.458,2.248
14462,2.468,2.248
14463,2.449,2.243
14464,2.400,2.243
14465,2.341,2.239
14466,2.302,2.239
14467,2.258,2.234
14468,2.239,2.234
14469,2.224,2.234
14470,2.224,2.234
14471,2.341,2.229
14472,2.664,2.229
14473,3.011,2.229
14474,3.148,2.229
14475,3.060,2.224
14476,2.840,2.224
14477,2.644,2.224
14478,2.493,2.224
14479,2.405,2.219
14480,2.380,2.219
14481,2.385,2.219
14482,2.405,2.219
14483,2.419,2.214
14484,2.400,2.214
14485,2.346,2.214
14486,2.312,2.209
14487,2.278,2.209
14488,2.253,2.204
14489,2.234,2.204
14490,2.219,2.199
14491,2.214,2.199
14492,2.341,2.195
14493,2.654,2.195
14494,2.977,2.190
14495,3.109,2.190
14496,3.016,2.185
14497,2.810,2.185
14498,2.605,2.180
14499,2.454,2.175
14500,2.356,2.175
14501,2.341,2.170
14502,2.385,2.165
14503,2.429,2.160
14504,2.439,2.160
14505,2.414,2.155
14506,2.366,2.151
14507,2.312,2.146
14508,2.278,2.146
14509,2.248,2.141
14510,2.239,2.141
14511,2.229,2.131
14512,2.239,2.131
14513,2.385,2.126
14514,2.703,2.121
14515,2.981,2.121
14516,3.060,2.116
14517,2.942,2.111
14518,2.732,2.111
14519,2.546,2.107
14520,2.405,2.107
14521,2.336,2.102
14522,2.356,2.102
14523,2.419,2.097
14524,2.468,2.097
14525,2.463,2.092
14526,2.419,2.092
14527,2.366,2.082
14528,2.312,2.082
14529,2.278,2.077
14530,2.253,2.077
14531,2.239,2.072
14532,2.258,2.067
14533,2.439,2.063
14534,2.766,2.063
14535,3.025,2.058
14536,3.069,2.058
14537,2.928,2.053
14538,2.683,2.048
14539,2.493,2.048
14540,2.366,2.043
14541,2.336,2.043
14542,2.375,2.038
14543,2.419,2.038
14544,2.439,2.033
14545,2.414,2.033
14546,2.370,2.033
14547,2.312,2.028
14548,2.273,2.028
14549,2.248,2.023
14550,2.229,2.023
14551,2.224,2.019
14552,2.224,2.019
14553,2.361,2.019
14554,2.688,2.014
14555,3.025,2.014
14556,3.138,2.009
14557,2.996,2.014
14558,2.771,2.009
14559,2.571,2.009
14560,2.434,2.009
14561,2.366,2.009
14562,2.380,2.009
14563,2.414,2.009
14564,2.439,2.009
14565,2.419,2.004
14566,2.390,2.009
14567,2.336,2.004
14568,2.292,2.004
14569,2.253,2.004
14570,2.224,2.004
14571,2.219,2.004
14572,2.224,2.004
14573,2.219,2.004
14574,2.283,2.004
14575,2.542,2.004
14576,2.903,1.999
14577,3.123,1.999
14578,3.109,1.999
14579,2.918,1.999
14580,2.703,1.994
14581,2.522,1.994
14582,2.414,1.989
14583,2.385,1.989
14584,2.419,1.984
14585,2.468,1.984
14586,2.488,1.979
14587,2.473,1.984
14588,2.424,1.979
14589,2.366,1.979
14590,2.317,1.975
14591,2.287,1.975
14592,2.273,1.970
14593,2.263,1.965
14594,2.253,1.965
14595,2.356,1.960
14596,2.659,1.960
14597,2.996,1.955
14598,3.138,1.955
14599,3.055,1.950
14600,2.840,1.950
14601,2.625,1.945
14602,2.458,1.945
14603,2.366,1.940
14604,2.356,1.940
14605,2.395,1.940
14606,2.439,1.940
14607,2.449,1.935
14608,2.429,1.935
14609,2.380,1.935
14610,2.326,1.931
14611,2.278,1.931
14612,2.239,1.931
14613,2.219,1.931
14614,2.214,1.926
14615,2.199,1.931
14616,2.209,1.926
14617,2.361,1.931
14618,2.717,1.926
14619,3.094,1.931
14620,3.201,1.926
14621,3.074,1.926
14622,2.835,1.926
14623,2.625,1.926
14624,2.463,1.926
14625,2.380,1.926
14626,2.385,1.926
14627,2.424,1.926
14628,2.463,1.931
14629,2.463,1.926
14630,2.434,1.931
14631,2.385,1.926
14632,2.331,1.931
14633,2.287,1.926
14634,2.258,1.931
14635,2.243,1.926
14636,2.229,1.931
14637,2.224,1.931
14638,2.224,1.931
14639,2.224,1.931
14640,2.341,1.931
14641,2.678,1.931
14642,3.040,1.935
14643,3.201,1.935
14644,3.109,1.935
14645,2.874,1.935
14646,2.625,1.935
14647,2.473,1.940
14648,2.395,1.940
14649,2.395,1.945
14650,2.439,1.945
14651,2.483,1.945
14652,2.488,1.945
14653,2.454,1.950
14654,2.405,1.950
14655,2.346,1.955
14656,2.297,1.955
14657,2.268,1.955
14658,2.253,1.960
14659,2.248,1.960
14660,2.243,1.960
14661,2.239,1.965
14662,2.253,1.965
14663,2.395,1.965
14664,2.727,1.970
14665,3.050,1.970
14666,3.167,1.975
14667,3.055,1.975
14668,2.820,1.975
14669,2.605,1.975
14670,2.449,1.979
14671,2.375,1.979
14672,2.390,1.984
14673,2.444,1.984
14674,2.483,1.984
14675,2.488,1.984
14676,2.449,1.989
14677,2.395,1.989
14678,2.336,1.989
14679,2.297,1.994
14680,2.273,1.994
14681,2.253,1.994
14682,2.248,1.994
14683,2.234,1.999
14684,2.234,1.999
14685,2.336,1.999
14686,2.639,1.999
14687,2.986,1.999
14688,3.157,2.004
14689,3.089,2.004
14690,2.884,2.004
14691,2.664,2.004
14692,2.498,2.009
14693,2.400,2.009
14694,2.385,2.009
14695,2.419,2.009
14696,2.463,2.014
14697,2.483,2.014
14698,2.458,2.014
14699,2.405,2.014
14700,2.351,2.014
14701,2.307,2.019
14702,2.278,2.019
14703,2.258,2.019
14704,2.239,2.019
14705,2.239,2.019
14706,2.224,2.019
14707,2.219,2.023
14708,2.258,2.019
14709,2.473,2.023
14710,2.830,2.023
14711,3.118,2.023
14712,3.177,2.023
14713,3.025,2.028
14714,2.786,2.023
14715,2.586,2.028
14716,2.444,2.028
14717,2.380,2.028
14718,2.400,2.028
14719,2.439,2.033
14720,2.478,2.028
14721,2.478,2.033
14722,2.444,2.033
14723,2.390,2.033
14724,2.336,2.033
14725,2.292,2.033
14726,2.258,2.033
14727,2.243,2.033
14728,2.229,2.038
14729,2.224,2.033
14730,2.224,2.038
14731,2.229,2.038
14732,2.326,2.038
14733,2.615,2.038
14734,2.952,2.038
14735,3.128,2.043
14736,3.074,2.043
14737,2.864,2.043
14738,2.634,2.043
14739,2.463,2.043
14740,2.385,2.043
14741,2.375,2.043
14742,2.429,2.043
14743,2.478,2.048
14744,2.493,2.048
14745,2.473,2.048
14746,2.424,2.048
14747,2.370,2.048
14748,2.317,2.048
14749,2.287,2.048
14750,2.278,2.048
14751,2.278,2.048
14752,2.273,2.048
14753,2.297,2.053
14754,2.507,2.053
14755,2.835,2.053
14756,3.055,2.053
14757,3.065,2.053
14758,2.908,2.053
14759,2.693,2.053
14760,2.517,2.053
14761,2.390,2.053
14762,2.356,2.053
14763,2.385,2.058
14764,2.444,2.058
14765,2.473,2.058
14766,2.458,2.058
14767,2.414,2.058
14768,2.366,2.058
14769,2.317,2.058
14770,2.287,2.058
14771,2.268,2.058
14772,2.258,2.058
14773,2.253,2.058
14774,2.278,2.063
14775,2.444,2.063
14776,2.786,2.063
14777,3.094,2.063
14778,3.187,2.063
14779,3.065,2.063
14780,2.835,2.063
14781,2.610,2.063
14782,2.468,2.063
14783,2.414,2.063
14784,2.424,2.063
14785,2.463,2.067
14786,2.498,2.067
14787,2.488,2.067
14788,2.454,2.067
14789,2.395,2.067
14790,2.341,2.067
14791,2.297,2.067
14792,2.268,2.067
14793,2.268,2.067
14794,2.263,2.067
14795,2.248,2.067
14796,2.312,2.067
14797,2.576,2.067
14798,2.942,2.072
14799,3.172,2.072
14800,3.143,2.072
14801,2.937,2.072
14802,2.703,2.072
14803,2.532,2.072
14804,2.419,2.072
14805,2.385,2.072
14806,2.419,2.077
14807,2.468,2.072
14808,2.502,2.072
14809,2.468,2.077
14810,2.419,2.077
14811,2.356,2.077
14812,2.307,2.077
14813,2.287,2.077
14814,2.283,2.077
14815,2.273,2.077
14816,2.273,2.077
14817,2.297,2.077
14818,2.498,2.077
14819,2.859,2.077
14820,3.143,2.077
14821,3.187,2.077
14822,3.025,2.077
14823,2.796,2.077
14824,2.600,2.077
14825,2.478,2.077
14826,2.434,2.077
14827,2.463,2.077
14828,2.517,2.077
14829,2.542,2.077
14830,2.517,2.077
14831,2.463,2.077
14832,2.400,2.077
14833,2.351,2.077
14834,2.322,2.077
14835,2.302,2.077
14836,2.287,2.077
14837,2.268,2.077
14838,2.283,2.072
14839,2.488,2.072
14840,2.849,2.072
14841,3.123,2.072
14842,3.167,2.072
14843,3.011,2.072
14844,2.791,2.072
14845,2.595,2.072
14846,2.458,2.072
14847,2.405,2.072
14848,2.419,2.067
14849,2.458,2.072
14850,2.493,2.067
14851,2.483,2.067
14852,2.444,2.067
14853,2.390,2.067
14854,2.336,2.067
14855,2.292,2.067
14856,2.268,2.067
14857,2.258,2.067
14858,2.248,2.067
14859,2.243,2.067
14860,2.239,2.063
14861,2.341,2.067
14862,2.713,2.067
14863,3.040,2.063
14864,3.167,2.067
14865,3.060,2.063
14866,2.840,2.063
14867,2.630,2.063
14868,2.473,2.063
14869,2.395,2.063
14870,2.395,2.063
14871,2.439,2.063
14872,2.478,2.063
14873,2.483,2.063
14874,2.454,2.063
14875,2.400,2.063
14876,2.351,2.063
14877,2.307,2.063
14878,2.278,2.063
14879,2.268,2.063
14880,2.258,2.063
14881,2.248,2.063
14882,2.248,2.063
14883,2.307,2.063
14884,2.561,2.063
14885,2.908,2.067
14886,3.113,2.063
14887,3.089,2.067
14888,2.908,2.063
14889,2.674,2.067
14890,2.507,2.063
14891,2.395,2.067
14892,2.385,2.067
14893,2.429,2.067
14894,2.483,2.067
14895,2.493,2.067
14896,2.463,2.067
14897,2.410,2.067
14898,2.366,2.067
14899,2.317,2.067
14900,2.292,2.072
14901,2.278,2.067
14902,2.268,2.072
14903,2.258,2.072
14904,2.253,2.072
14905,2.356,2.072
14906,2.649,2.072
14907,2.977,2.072
14908,3.123,2.072
14909,3.045,2.072
14910,2.840,2.077
14911,2.634,2.072
14912,2.478,2.077
14913,2.390,2.077
14914,2.385,2.077
14915,2.424,2.077
14916,2.478,2.077
14917,2.478,2.077
14918,2.449,2.077
14919,2.390,2.077
14920,2.336,2.077
14921,2.297,2.082
14922,2.278,2.077
14923,2.263,2.082
14924,2.253,2.082
14925,2.248,2.082
14926,2.243,2.082
14927,2.273,2.082
14928,2.483,2.082
14929,2.830,2.082
14930,3.099,2.082
14931,3.148,2.082
14932,2.991,2.082
14933,2.727,2.082
14934,2.561,2.087
14935,2.444,2.087
14936,2.405,2.087
14937,2.429,2.087
14938,2.468,2.087
14939,2.488,2.087
14940,2.468,2.087
14941,2.424,2.087
14942,2.370,2.087
14943,2.326,2.087
14944,2.292,2.087
14945,2.268,2.092
14946,2.253,2.087
14947,2.243,2.092
14948,2.248,2.087
14949,2.248,2.092
14950,2.268,2.092
14951,2.434,2.092
14952,2.766,2.092
14953,3.055,2.092
14954,3.133,2.092
14955,2.996,2.092
14956,2.786,2.092
14957,2.590,2.092
14958,2.454,2.092
14959,2.390,2.097
14960,2.405,2.097
14961,2.463,2.097
14962,2.522,2.097
14963,2.527,2.097
14964,2.488,2.097
14965,2.434,2.097
14966,2.385,2.097
14967,2.351,2.097
14968,2.322,2.097
14969,2.302,2.097
14970,2.283,2.097
14971,2.278,2.097
14972,2.278,2.102
14973,2.375,2.102
14974,2.649,2.102
14975,2.977,2.102
14976,3.128,2.102
14977,3.060,2.102
14978,2.864,2.102
14979,2.654,2.102
14980,2.498,2.102
14981,2.410,2.102
14982,2.400,2.102
14983,2.439,2.107
14984,2.483,2.102
14985,2.502,2.107
14986,2.478,2.102
14987,2.424,2.107
14988,2.375,2.107
14989,2.326,2.107
14990,2.292,2.107
14991,2.278,2.107
14992,2.278,2.107
14993,2.273,2.107
14994,2.263,2.107
14995,2.253,2.107
14996,2.331,2.107
14997,2.639,2.107
14998,2.981,2.107
14999,3.157,2.107
15000,3.109,2.111
15001,2.913,2.107
15002,2.713,2.111
15003,2.561,2.111
15004,2.463,2.111
15005,2.439,2.111
15006,2.483,2.111
15007,2.532,2.111
15008,2.546,2.111
15009,2.517,2.111
15010,2.458,2.111
15011,2.400,2.111
15012,2.341,2.111
15013,2.302,2.111
15014,2.278,2.116
15015,2.273,2.111
15016,2.273,2.116
15017,2.263,2.116
15018,2.263,2.116
15019,2.278,2.116
15020,2.429,2.116
15021,2.747,2.116
15022,3.030,2.116
15023,3.113,2.116
15024,3.021,2.116
15025,2.801,2.116
15026,2.595,2.116
15027,2.444,2.116
15028,2.370,2.116
15029,2.385,2.121
15030,2.429,2.116
15031,2.483,2.121
15032,2.507,2.116
15033,2.512,2.121
15034,2.502,2.121
15035,2.444,2.121
15036,2.400,2.121
15037,2.370,2.121
15038,2.351,2.121
15039,2.331,2.121
15040,2.336,2.121
15041,2.498,2.126
15042,2.801,2.121
15043,3.040,2.126
15044,3.079,2.121
15045,2.962,2.126
15046,2.771,2.126
15047,2.600,2.126
15048,2.468,2.126
15049,2.414,2.126
15050,2.434,2.126
15051,2.483,2.126
15052,2.502,2.126
15053,2.488,2.126
15054,2.444,2.126
15055,2.395,2.126
15056,2.361,2.131
15057,2.331,2.126
15058,2.312,2.131
15059,2.283,2.131
15060,2.283,2.126
15061,2.331,2.131
15062,2.581,2.126
15063,2.933,2.131
15064,3.152,2.131
15065,3.143,2.131
15066,2.967,2.131
15067,2.766,2.131
15068,2.600,2.131
15069,2.458,2.131
15070,2.380,2.131
15071,2.341,2.131
15072,2.356,2.131
15073,2.385,2.136
15074,2.410,2.136
15075,2.419,2.136
15076,2.414,2.136
15077,2.400,2.131
15078,2.370,2.136
15079,2.336,2.136
15080,2.302,2.136
15081,2.283,2.136
15082,2.297,2.136
15083,2.473,2.136
15084,2.825,2.136
15085,3.099,2.136
15086,3.148,2.141
15087,3.006,2.136
15088,2.791,2.136
15089,2.605,2.136
15090,2.473,2.141
15091,2.424,2.141
15092,2.444,2.141
15093,2.488,2.141
15094,2.517,2.136
15095,2.498,2.141
15096,2.449,2.136
15097,2.400,2.141
15098,2.356,2.136
15099,2.326,2.141
15100,2.307,2.136
15101,2.283,2.141
15102,2.297,2.136
15103,2.473,2.141
15104,2.859,2.136
15105,3.094,2.136
15106,3.099,2.136
15107,2.942,2.136
15108,2.742,2.136
15109,2.571,2.136
15110,2.444,2.136
15111,2.385,2.136
15112,2.400,2.136
15113,2.434,2.136
15114,2.463,2.136
15115,2.463,2.131
15116,2.419,2.136
15117,2.366,2.131
15118,2.317,2.136
15119,2.283,2.131
15120,2.253,2.136
15121,2.234,2.131
15122,2.224,2.131
15123,2.292,2.131
15124,2.551,2.131
15125,2.918,2.131
15126,3.138,2.131
15127,3.118,2.131
15128,2.937,2.131
15129,2.732,2.131
15130,2.566,2.131
15131,2.439,2.131
15132,2.405,2.131
15133,2.410,2.131
15134,2.444,2.131
15135,2.458,2.131
15136,2.439,2.131
15137,2.405,2.131
15138,2.341,2.131
15139,2.297,2.131
15140,2.263,2.131
15141,2.243,2.131
15142,2.239,2.131
15143,2.229,2.131
15144,2.229,2.131
15145,2.307,2.131
15146,2.590,2.131
15147,2.947,2.131
15148,3.138,2.131
15149,3.084,2.131
15150,2.893,2.131
15151,2.678,2.131
15152,2.522,2.131
15153,2.414,2.131
15154,2.380,2.131
15155,2.405,2.131
15156,2.439,2.131
15157,2.449,2.131
15158,2.424,2.131
15159,2.385,2.131
15160,2.331,2.131
15161,2.287,2.131
15162,2.253,2.131
15163,2.234,2.131
15164,2.224,2.126
15165,2.214,2.131
15166,2.214,2.126
15167,2.214,2.131
15168,2.229,2.126
15169,2.380,2.126
15170,2.717,2.126
15171,3.025,2.126
15172,3.128,2.126
15173,2.996,2.126
15174,2.771,2.121
15175,2.571,2.121
15176,2.444,2.121
15177,2.375,2.121
15178,2.370,2.121
15179,2.405,2.121
15180,2.434,2.116
15181,2.449,2.116
15182,2.424,2.116
15183,2.370,2.116
15184,2.317,2.116
15185,2.268,2.116
15186,2.243,2.111
15187,2.234,2.116
15188,2.234,2.111
15189,2.224,2.111
15190,2.224,2.111
15191,2.219,2.111
15192,2.307,2.111
15193,2.581,2.111
15194,2.928,2.107
15195,3.109,2.111
15196,3.045,2.107
15197,2.845,2.111
15198,2.634,2.107
15199,2.478,2.107
15200,2.385,2.107
15201,2.361,2.107
15202,2.385,2.107
15203,2.424,2.107
15204,2.444,2.107
15205,2.424,2.107
15206,2.390,2.102
15207,2.336,2.107
15208,2.287,2.102
15209,2.253,2.107
15210,2.234,2.102
15211,2.229,2.102
15212,2.219,2.107
15213,2.224,2.102
15214,2.224,2.107
15215,2.219,2.102
15216,2.219,2.107
15217,2.317,2.102
15218,2.615,2.107
15219,2.957,2.102
15220,3.128,2.107
15221,3.060,2.107
15222,2.854,2.107
15223,2.634,2.107
15224,2.473,2.107
15225,2.380,2.107
15226,2.370,2.107
15227,2.405,2.107
15228,2.449,2.107
15229,2.463,2.107
15230,2.449,2.107
15231,2.400,2.111
15232,2.341,2.107
15233,2.292,2.111
15234,2.263,2.107
15235,2.243,2.111
15236,2.234,2.111
15237,2.224,2.111
15238,2.224,2.111
15239,2.229,2.111
15240,2.229,2.111
15241,2.317,2.116
15242,2.590,2.116
15243,2.913,2.116
15244,3.079,2.116
15245,3.030,2.116
15246,2.840,2.116
15247,2.639,2.116
15248,2.478,2.121
15249,2.385,2.116
15250,2.370,2.121
15251,2.410,2.121
15252,2.454,2.121
15253,2.468,2.121
15254,2.458,2.126
15255,2.410,2.121
15256,2.356,2.126
15257,2.317,2.126
15258,2.287,2.126
15259,2.268,2.126
15260,2.253,2.126
15261,2.239,2.126
15262,2.248,2.131
15263,2.346,2.126
15264,2.615,2.131
15265,2.913,2.131
15266,3.069,2.131
15267,2.981,2.131
15268,2.786,2.131
15269,2.590,2.136
15270,2.439,2.131
15271,2.361,2.136
15272,2.351,2.131
15273,2.395,2.136
15274,2.439,2.136
15275,2.458,2.136
15276,2.434,2.136
15277,2.385,2.136
15278,2.331,2.136
15279,2.292,2.141
15280,2.273,2.141
15281,2.248,2.141
15282,2.253,2.141
15283,2.243,2.141
15284,2.234,2.141
15285,2.292,2.141
15286,2.532,2.141
15287,2.874,2.141
15288,3.094,2.146
15289,3.089,2.141
15290,2.913,2.146
15291,2.703,2.146
15292,2.527,2.146
15293,2.410,2.146
15294,2.385,2.146
15295,2.414,2.146
15296,2.463,2.146
15297,2.488,2.151
15298,2.478,2.151
15299,2.439,2.151
15300,2.385,2.151
15301,2.341,2.151
15302,2.307,2.151
15303,2.283,2.151
15304,2.273,2.151
15305,2.263,2.155
15306,2.263,2.151
15307,2.326,2.155
15308,2.561,2.151
15309,2.889,2.155
15310,3.099,2.155
15311,3.065,2.155
15312,2.874,2.155
15313,2.669,2.155
15314,2.498,2.155
15315,2.405,2.155
15316,2.385,2.160
15317,2.419,2.155
15318,2.473,2.160
15319,2.502,2.155
15320,2.478,2.160
15321,2.434,2.160
15322,2.385,2.160
15323,2.336,2.160
15324,2.312,2.160
15325,2.297,2.160
15326,2.283,2.160
15327,2.292,2.165
15328,2.449,2.160
15329,2.761,2.165
15330,3.050,2.160
15331,3.123,2.165
15332,2.996,2.160
15333,2.771,2.165
15334,2.571,2.165
15335,2.424,2.165
15336,2.361,2.165
15337,2.370,2.165
15338,2.414,2.165
15339,2.444,2.170
15340,2.454,2.165
15341,2.429,2.170
15342,2.400,2.170
15343,2.366,2.170
15344,2.326,2.170
15345,2.297,2.170
15346,2.268,2.170
15347,2.258,2.170
15348,2.331,2.170
15349,2.600,2.170
15350,2.913,2.170
15351,3.069,2.170
15352,3.025,2.175
15353,2.859,2.170
15354,2.669,2.175
15355,2.502,2.170
15356,2.400,2.175
15357,2.390,2.175
15358,2.439,2.175
15359,2.498,2.175
15360,2.512,2.175
15361,2.488,2.175
15362,2.439,2.175
15363,2.385,2.175
15364,2.346,2.180
15365,2.322,2.180
15366,2.307,2.180
15367,2.307,2.180
15368,2.400,2.180
15369,2.683,2.185
15370,3.016,2.185
15371,3.172,2.185
15372,3.123,2.185
15373,2.933,2.185
15374,2.693,2.185
15375,2.537,2.185
15376,2.458,2.185
15377,2.458,2.185
15378,2.502,2.185
15379,2.542,2.185
15380,2.546,2.190
15381,2.517,2.185
15382,2.463,2.190
15383,2.400,2.190
15384,2.346,2.190
15385,2.312,2.190
15386,2.292,2.190
15387,2.322,2.190
15388,2.527,2.190
15389,2.869,2.190
15390,3.138,2.195
15391,3.172,2.190
15392,3.021,2.195
15393,2.810,2.190
15394,2.620,2.195
15395,2.478,2.195
15396,2.414,2.195
15397,2.434,2.195
15398,2.478,2.195
15399,2.517,2.195
15400,2.512,2.195
15401,2.483,2.195
15402,2.429,2.195
15403,2.380,2.199
15404,2.346,2.195
15405,2.326,2.199
15406,2.331,2.199
15407,2.458,2.199
15408,2.791,2.199
15409,3.099,2.199
15410,3.182,2.199
15411,3.055,2.199
15412,2.835,2.204
15413,2.630,2.199
15414,2.473,2.204
15415,2.405,2.199
15416,2.419,2.204
15417,2.473,2.204
15418,2.512,2.204
15419,2.498,2.204
15420,2.458,2.204
15421,2.410,2.204
15422,2.361,2.204
15423,2.326,2.204
15424,2.307,2.204
15425,2.317,2.209
15426,2.498,2.204
15427,2.869,2.209
15428,3.206,2.209
15429,3.231,2.209
15430,3.050,2.209
15431,2.815,2.209
15432,2.615,2.209
15433,2.473,2.209
15434,2.410,2.209
15435,2.434,2.209
15436,2.473,2.209
15437,2.493,2.209
15438,2.473,2.209
15439,2.429,2.209
15440,2.370,2.209
15441,2.322,2.214
15442,2.292,2.209
15443,2.268,2.214
15444,2.253,2.214
15445,2.243,2.214
15446,2.292,2.214
15447,2.556,2.214
15448,2.942,2.214
15449,3.182,2.214
15450,3.177,2.214
15451,2.996,2.214
15452,2.771,2.214
15453,2.595,2.214
15454,2.473,2.214
15455,2.414,2.214
15456,2.424,2.214
15457,2.454,2.219
15458,2.478,2.214
15459,2.463,2.219
15460,2.429,2.219
15461,2.375,2.219
15462,2.326,2.219
15463,2.287,2.219
15464,2.268,2.219
15465,2.253,2.219
15466,2.239,2.219
15467,2.283,2.219
15468,2.522,2.219
15469,2.889,2.219
15470,3.133,2.219
15471,3.143,2.219
15472,2.972,2.224
15473,2.752,2.219
15474,2.581,2.224
15475,2.458,2.219
15476,2.405,2.224
15477,2.410,2.219
15478,2.439,2.224
15479,2.458,2.224
15480,2.458,2.224
15481,2.424,2.224
15482,2.366,2.224
15483,2.322,2.224
15484,2.273,2.224
15485,2.253,2.224
15486,2.243,2.224
15487,2.239,2.224
15488,2.229,2.224
15489,2.224,2.229
15490,2.336,2.224
15491,2.659,2.229
15492,3.006,2.224
15493,3.162,2.229
15494,3.065,2.224
15495,2.854,2.229
15496,2.644,2.229
15497,2.502,2.229
15498,2.419,2.229
15499,2.390,2.229
15500,2.410,2.229
15501,2.439,2.229
15502,2.454,2.229
15503,2.429,2.229
15504,2.395,2.229
15505,2.346,2.229
15506,2.302,2.234
15507,2.268,2.229
15508,2.253,2.234
15509,2.234,2.229
15510,2.229,2.234
15511,2.229,2.234
15512,2.229,2.234
15513,2.224,2.234
15514,2.292,2.234
15515,2.556,2.234
15516,2.918,2.234
15517,3.128,2.234
15518,3.099,2.234
15519,2.908,2.234
15520,2.693,2.234
15521,2.527,2.234
15522,2.424,2.234
15523,2.380,2.239
15524,2.405,2.234
15525,2.434,2.239
15526,2.458,2.234
15527,2.449,2.239
15528,2.414,2.239
15529,2.370,2.239
15530,2.322,2.239
15531,2.283,2.239
15532,2.258,2.239
15533,2.253,2.239
15534,2.253,2.239
15535,2.248,2.239
15536,2.239,2.239
15537,2.273,2.239
15538,2.458,2.239
15539,2.791,2.243
15540,3.045,2.239
15541,3.079,2.243
15542,2.933,2.239
15543,2.713,2.243
15544,2.527,2.239
15545,2.405,2.243
15546,2.356,2.243
15547,2.370,2.243
15548,2.414,2.243
15549,2.449,2.243
15550,2.454,2.243
15551,2.429,2.243
15552,2.400,2.243
15553,2.366,2.243
15554,2.336,2.243
15555,2.317,2.243
15556,2.297,2.243
15557,2.287,2.243
15558,2.268,2.248
15559,2.258,2.243
15560,2.253,2.248
15561,2.336,2.243
15562,2.732,2.243
15563,3.045,2.248
15564,3.157,2.248
15565,3.045,2.248
15566,2.840,2.248
15567,2.644,2.248
15568,2.517,2.248
15569,2.429,2.253
15570,2.414,2.248
15571,2.439,2.253
15572,2.468,2.248
15573,2.478,2.253
15574,2.449,2.248
15575,2.410,2.253
15576,2.356,2.253
15577,2.307,2.253
15578,2.258,2.253
15579,2.224,2.253
15580,2.214,2.253
15581,2.224,2.253
15582,2.234,2.253
15583,2.263,2.253
15584,2.419,2.253
15585,2.732,2.253
15586,3.021,2.253
15587,3.113,2.253
15588,3.016,2.253
15589,2.805,2.253
15590,2.625,2.258
15591,2.493,2.253
15592,2.419,2.258
15593,2.410,2.253
15594,2.439,2.258
15595,2.468,2.258
15596,2.468,2.258
15597,2.434,2.258
15598,2.395,2.258
15599,2.351,2.258
15600,2.312,2.258
15601,2.273,2.258
15602,2.243,2.258
15603,2.234,2.258
15604,2.229,2.258
15605,2.234,2.258
15606,2.331,2.258
15607,2.610,2.263
15608,2.923,2.258
15609,3.084,2.263
15610,3.040,2.258
15611,2.859,2.263
15612,2.659,2.258
15613,2.498,2.263
15614,2.395,2.263
15615,2.351,2.263
15616,2.375,2.263
15617,2.414,2.263
15618,2.429,2.263
15619,2.424,2.263
15620,2.400,2.263
15621,2.370,2.263
15622,2.322,2.268
15623,2.283,2.263
15624,2.268,2.268
15625,2.268,2.263
15626,2.268,2.268
15627,2.287,2.263
15628,2.405,2.268
15629,2.708,2.263
15630,3.045,2.268
15631,3.201,2.268
15632,3.133,2.268
15633,2.933,2.268
15634,2.717,2.268
15635,2.542,2.268
15636,2.439,2.268
15637,2.414,2.268
15638,2.439,2.268
15639,2.478,2.268
15640,2.498,2.273
15641,2.468,2.268
15642,2.419,2.273
15643,2.370,2.273
15644,2.331,2.268
15645,2.312,2.273
15646,2.297,2.273
15647,2.278,2.273
15648,2.263,2.273
15649,2.302,2.273
15650,2.498,2.273
15651,2.825,2.273
15652,3.074,2.273
15653,3.113,2.278
15654,2.967,2.273
15655,2.752,2.273
15656,2.556,2.273
15657,2.424,2.278
15658,2.361,2.278
15659,2.375,2.278
15660,2.414,2.278
15661,2.449,2.278
15662,2.454,2.278
15663,2.414,2.278
15664,2.370,2.278
15665,2.322,2.278
15666,2.283,2.278
15667,2.248,2.278
15668,2.229,2.278
15669,2.214,2.278
15670,2.214,2.278
15671,2.297,2.278
15672,2.546,2.278
15673,2.864,2.278
15674,3.050,2.278
15675,3.016,2.283
15676,2.835,2.278
15677,2.639,2.283
15678,2.473,2.278
15679,2.370,2.283
15680,2.346,2.278
15681,2.385,2.283
15682,2.434,2.283
15683,2.458,2.283
15684,2.454,2.283
15685,2.419,2.283
15686,2.370,2.283
15687,2.326,2.283
15688,2.297,2.283
15689,2.283,2.283
15690,2.268,2.283
15691,2.283,2.283
15692,2.434,2.287
15693,2.732,2.283
15694,2.991,2.287
15695,3.065,2.283
15696,2.947,2.287
15697,2.717,2.283
15698,2.527,2.287
15699,2.400,2.287
15700,2.341,2.287
15701,2.361,2.287
15702,2.410,2.287
15703,2.444,2.287
15704,2.444,2.287
15705,2.419,2.287
15706,2.375,2.287
15707,2.336,2.287
15708,2.307,2.287
15709,2.287,2.287
15710,2.278,2.287
15711,2.292,2.287
15712,2.439,2.287
15713,2.747,2.292
15714,3.016,2.287
15715,3.099,2.292
15716,2.981,2.287
15717,2.781,2.292
15718,2.590,2.287
15719,2.449,2.292
15720,2.375,2.292
15721,2.375,2.292
15722,2.419,2.292
15723,2.463,2.292
15724,2.473,2.292
15725,2.449,2.292
15726,2.395,2.292
15727,2.346,2.292
15728,2.312,2.292
15729,2.287,2.292
15730,2.273,2.297
15731,2.273,2.292
15732,2.361,2.297
15733,2.644,2.292
15734,2.977,2.297
15735,3.157,2.292
15736,3.118,2.297
15737,2.913,2.292
15738,2.703,2.297
15739,2.542,2.297
15740,2.429,2.297
15741,2.400,2.297
15742,2.429,2.297
15743,2.473,2.297
15744,2.493,2.297
15745,2.478,2.297
15746,2.434,2.297
15747,2.390,2.297
15748,2.346,2.297
15749,2.312,2.297
15750,2.292,2.297
15751,2.283,2.302
15752,2.283,2.297
15753,2.375,2.302
15754,2.674,2.297
15755,3.006,2.302
15756,3.167,2.302
15757,3.104,2.302
15758,2.903,2.302
15759,2.703,2.302
15760,2.542,2.302
15761,2.444,2.302
15762,2.419,2.302
15763,2.439,2.302
15764,2.478,2.302
15765,2.488,2.302
15766,2.468,2.302
15767,2.434,2.302
15768,2.390,2.302
15769,2.346,2.302
15770,2.307,2.307
15771,2.287,2.302
15772,2.278,2.307
15773,2.258,2.302
15774,2.287,2.307
15775,2.493,2.302
15776,2.845,2.307
15777,3.109,2.302
15778,3.133,2.307
15779,2.967,2.307
15780,2.752,2.307
15781,2.571,2.307
15782,2.454,2.307
15783,2.405,2.307
15784,2.414,2.307
15785,2.449,2.312
15786,2.473,2.307
15787,2.468,2.312
15788,2.429,2.307
15789,2.385,2.312
15790,2.336,2.307
15791,2.302,2.312
15792,2.278,2.307
15793,2.268,2.312
15794,2.263,2.307
15795,2.253,2.312
15796,2.258,2.312
15797,2.351,2.312
15798,2.639,2.312
15799,2.981,2.312
15800,3.143,2.312
15801,3.084,2.312
15802,2.884,2.312
15803,2.674,2.312
15804,2.512,2.312
15805,2.405,2.312
15806,2.385,2.317
15807,2.419,2.312
15808,2.454,2.317
15809,2.473,2.312
15810,2.449,2.317
15811,2.414,2.312
15812,2.366,2.317
15813,2.317,2.317
15814,2.283,2.312
15815,2.258,2.317
15816,2.248,2.312
15817,2.248,2.317
15818,2.248,2.317
15819,2.253,2.317
15820,2.248,2.317
15821,2.366,2.317
15822,2.674,2.317
15823,2.991,2.317
15824,3.123,2.317
15825,3.035,2.317
15826,2.830,2.317
15827,2.630,2.317
15828,2.478,2.317
15829,2.395,2.322
15830,2.370,2.317
15831,2.395,2.322
15832,2.434,2.322
15833,2.439,2.317
15834,2.410,2.322
15835,2.370,2.322
15836,2.317,2.322
15837,2.263,2.322
15838,2.229,2.322
15839,2.209,2.322
15840,2.199,2.322
15841,2.204,2.322
15842,2.214,2.322
15843,2.297,2.322
15844,2.537,2.322
15845,2.805,2.322
15846,2.923,2.322
15847,2.854,2.322
15848,2.698,2.322
15849,2.542,2.322
15850,2.444,2.322
15851,2.395,2.326
15852,2.410,2.322
15853,2.439,2.326
15854,2.478,2.322
15855,2.473,2.326
15856,2.444,2.322
15857,2.390,2.326
15858,2.341,2.326
15859,2.312,2.326
15860,2.297,2.326
15861,2.283,2.326
15862,2.283,2.326
15863,2.356,2.326
15864,2.595,2.326
15865,2.893,2.326
15866,3.060,2.326
15867,3.025,2.326
15868,2.869,2.326
15869,2.698,2.326
15870,2.556,2.331
15871,2.454,2.326
15872,2.414,2.331
15873,2.439,2.326
15874,2.478,2.331
15875,2.498,2.326
15876,2.483,2.331
15877,2.444,2.326
15878,2.390,2.331
15879,2.346,2.331
15880,2.307,2.331
15881,2.287,2.331
15882,2.278,2.331
15883,2.341,2.331
15884,2.600,2.331
15885,2.942,2.331
15886,3.138,2.331
15887,3.094,2.336
15888,2.923,2.331
15889,2.742,2.336
15890,2.600,2.331
15891,2.498,2.336
15892,2.454,2.331
15893,2.473,2.336
15894,2.502,2.331
15895,2.507,2.336
15896,2.493,2.331
15897,2.454,2.336
15898,2.410,2.336
15899,2.370,2.336
15900,2.331,2.336
15901,2.302,2.336
15902,2.297,2.336
15903,2.395,2.336
15904,2.683,2.336
15905,3.006,2.336
15906,3.148,2.336
15907,3.089,2.336
15908,2.918,2.336
15909,2.737,2.336
15910,2.595,2.341
15911,2.498,2.336
15912,2.463,2.341
15913,2.488,2.336
15914,2.512,2.341
15915,2.522,2.336
15916,2.493,2.341
15917,2.444,2.341
15918,2.405,2.341
15919,2.366,2.341
15920,2.336,2.341
15921,2.322,2.341
15922,2.317,2.341
15923,2.336,2.341
15924,2.517,2.341
15925,2.854,2.341
15926,3.113,2.341
15927,3.148,2.341
15928,3.001,2.341
15929,2.801,2.341
15930,2.644,2.336
15931,2.532,2.341
15932,2.468,2.336
15933,2.458,2.341
15934,2.478,2.336
15935,2.498,2.341
15936,2.493,2.336
15937,2.468,2.336
15938,2.419,2.336
15939,2.375,2.336
15940,2.336,2.336
15941,2.317,2.331
15942,2.292,2.331
15943,2.278,2.331
15944,2.322,2.331
15945,2.551,2.331
15946,2.874,2.331
15947,3.074,2.326
15948,3.060,2.326
15949,2.898,2.326
15950,2.713,2.326
15951,2.561,2.326
15952,2.454,2.322
15953,2.400,2.322
15954,2.405,2.322
15955,2.434,2.322
15956,2.449,2.317
15957,2.439,2.322
15958,2.400,2.317
15959,2.356,2.317
15960,2.322,2.317
15961,2.287,2.317
15962,2.268,2.312
15963,2.258,2.312
15964,2.248,2.312
15965,2.243,2.312
15966,2.366,2.307
15967,2.698,2.307
15968,2.972,2.307
15969,3.050,2.307
15970,2.942,2.307
15971,2.757,2.302
15972,2.581,2.302
15973,2.449,2.302
15974,2.390,2.302
15975,2.400,2.302
15976,2.429,2.302
15977,2.454,2.297
15978,2.449,2.297
15979,2.414,2.297
15980,2.370,2.297
15981,2.326,2.292
15982,2.287,2.297
15983,2.273,2.292
15984,2.263,2.292
15985,2.258,2.292
15986,2.248,2.292
15987,2.248,2.292
15988,2.370,2.292
15989,2.674,2.287
15990,2.952,2.292
15991,3.035,2.287
15992,2.942,2.287
15993,2.761,2.287
15994,2.571,2.287
15995,2.449,2.287
15996,2.385,2.287
15997,2.390,2.287
15998,2.429,2.287
15999,2.454,2.287
16000,2.444,2.287
16001,2.414,2.287
16002,2.370,2.287
16003,2.326,2.287
16004,2.292,2.287
16005,2.268,2.287
16006,2.253,2.287
16007,2.239,2.287
16008,2.268,2.287
16009,2.434,2.287
16010,2.737,2.287
16011,2.981,2.287
16012,3.025,2.287
16013,2.898,2.287
16014,2.713,2.287
16015,2.556,2.283
16016,2.434,2.287
16017,2.370,2.283
16018,2.370,2.287
16019,2.405,2.283
16020,2.444,2.287
16021,2.449,2.287
16022,2.414,2.287
16023,2.375,2.287
16024,2.322,2.287
16025,2.258,2.287
16026,2.195,2.287
16027,2.155,2.287
16028,2.155,2.287
16029,2.302,2.287
16030,2.630,2.287
16031,2.947,2.292
16032,3.074,2.287
16033,3.006,2.292
16034,2.830,2.287
16035,2.649,2.292
16036,2.498,2.287
16037,2.414,2.292
16038,2.414,2.292
16039,2.454,2.292
16040,2.493,2.292
16041,2.502,2.292
16042,2.478,2.292
16043,2.429,2.292
16044,2.380,2.292
16045,2.341,2.292
16046,2.307,2.292
16047,2.297,2.297
16048,2.366,2.292
16049,2.605,2.297
16050,2.893,2.292
16051,3.045,2.297
16052,3.006,2.297
16053,2.845,2.297
16054,2.674,2.297
16055,2.512,2.297
16056,2.414,2.297
16057,2.395,2.297
16058,2.434,2.297
16059,2.473,2.297
16060,2.483,2.302
16061,2.458,2.297
16062,2.410,2.302
16063,2.356,2.297
16064,2.326,2.302
16065,2.292,2.302
16066,2.268,2.302
16067,2.297,2.302
16068,2.488,2.302
16069,2.820,2.302
16070,3.084,2.302
16071,3.128,2.302
16072,3.001,2.302
16073,2.805,2.302
16074,2.615,2.302
16075,2.498,2.307
16076,2.444,2.302
16077,2.449,2.307
16078,2.488,2.307
16079,2.502,2.307
16080,2.493,2.307
16081,2.458,2.307
16082,2.405,2.307
16083,2.361,2.307
16084,2.317,2.307
16085,2.297,2.307
16086,2.278,2.307
16087,2.302,2.307
16088,2.517,2.307
16089,2.859,2.307
16090,3.113,2.312
16091,3.148,2.312
16092,3.006,2.312
16093,2.801,2.312
16094,2.634,2.312
16095,2.512,2.312
16096,2.454,2.312
16097,2.473,2.312
16098,2.507,2.312
16099,2.527,2.312
16100,2.502,2.312
16101,2.449,2.312
16102,2.405,2.312
16103,2.356,2.312
16104,2.322,2.312
16105,2.297,2.312
16106,2.287,2.312
16107,2.278,2.312
16108,2.273,2.312
16109,2.346,2.312
16110,2.644,2.312
16111,2.996,2.312
16112,3.182,2.312
16113,3.128,2.312
16114,2.937,2.307
16115,2.732,2.312
16116,2.571,2.307
16117,2.458,2.307
16118,2.429,2.307
16119,2.458,2.307
16120,2.498,2.307
16121,2.517,2.307
16122,2.512,2.302
16123,2.478,2.307
16124,2.424,2.302
16125,2.375,2.302
16126,2.331,2.302
16127,2.307,2.302
16128,2.283,2.302
16129,2.268,2.297
16130,2.253,2.302
16131,2.243,2.297
16132,2.307,2.297
16133,2.576,2.297
16134,2.947,2.297
16135,3.172,2.297
16136,3.167,2.297
16137,2.986,2.292
16138,2.771,2.297
16139,2.590,2.292
16140,2.463,2.292
16141,2.419,2.292
16142,2.434,2.292
16143,2.468,2.292
16144,2.483,2.292
16145,2.458,2.287
16146,2.400,2.287
16147,2.356,2.287
16148,2.302,2.287
16149,2.273,2.287
16150,2.248,2.287
16151,2.234,2.287
16152,2.234,2.287
16153,2.234,2.287
16154,2.229,2.283
16155,2.341,2.287
16156,2.634,2.283
16157,2.947,2.287
16158,3.089,2.283
16159,3.016,2.287
16160,2.825,2.283
16161,2.630,2.283
16162,2.468,2.283
16163,2.375,2.283
16164,2.361,2.283
16165,2.395,2.283
16166,2.434,2.283
16167,2.444,2.283
16168,2.429,2.283
16169,2.395,2.283
16170,2.351,2.283
16171,2.317,2.283
16172,2.283,2.287
16173,2.263,2.283
16174,2.253,2.287
16175,2.258,2.283
16176,2.268,2.287
16177,2.283,2.283
16178,2.395,2.287
16179,2.708,2.283
16180,3.040,2.287
16181,3.187,2.287
16182,3.060,2.287
16183,2.825,2.287
16184,2.605,2.287
16185,2.454,2.287
16186,2.375,2.287
16187,2.385,2.292
16188,2.444,2.287
16189,2.488,2.292
16190,2.498,2.287
16191,2.468,2.292
16192,2.414,2.292
16193,2.356,2.292
16194,2.302,2.292
16195,2.283,2.292
16196,2.273,2.292
16197,2.263,2.292
16198,2.258,2.292
16199,2.248,2.292
16200,2.326,2.297
16201,2.595,2.292
16202,2.918,2.297
16203,3.074,2.292
16204,3.006,2.297
16205,2.801,2.292
16206,2.590,2.297
16207,2.424,2.297
16208,2.331,2.297
16209,2.322,2.297
16210,2.370,2.297
16211,2.419,2.297
16212,2.434,2.297
16213,2.424,2.302
16214,2.380,2.297
16215,2.326,2.302
16216,2.287,2.302
16217,2.263,2.302
16218,2.243,2.302
16219,2.229,2.302
16220,2.224,2.302
16221,2.224,2.302
16222,2.307,2.302
16223,2.576,2.302
16224,2.889,2.302
16225,3.055,2.302
16226,2.986,2.302
16227,2.796,2.307
16228,2.590,2.302
16229,2.429,2.307
16230,2.346,2.302
16231,2.341,2.307
16232,2.390,2.302
16233,2.439,2.307
16234,2.458,2.302
16235,2.444,2.307
16236,2.395,2.307
16237,2.346,2.307
16238,2.302,2.307
16239,2.273,2.307
16240,2.258,2.307
16241,2.258,2.307
16242,2.248,2.307
16243,2.258,2.307
16244,2.405,2.307
16245,2.713,2.307
16246,2.996,2.312
16247,3.074,2.307
16248,2.952,2.312
16249,2.732,2.307
16250,2.537,2.312
16251,2.400,2.307
16252,2.346,2.312
16253,2.366,2.307
16254,2.424,2.312
16255,2.463,2.312
16256,2.483,2.312
16257,2.458,2.312
16258,2.410,2.312
16259,2.351,2.312
16260,2.307,2.312
16261,2.278,2.312
16262,2.263,2.312
16263,2.248,2.312
16264,2.258,2.312
16265,2.424,2.312
16266,2.757,2.312
16267,3.040,2.312
16268,3.109,2.312
16269,2.972,2.317
16270,2.766,2.312
16271,2.576,2.312
16272,2.444,2.317
16273,2.385,2.312
16274,2.414,2.317
16275,2.473,2.312
16276,2.507,2.317
16277,2.498,2.317
16278,2.458,2.317
16279,2.405,2.317
16280,2.351,2.317
16281,2.312,2.317
16282,2.283,2.317
16283,2.273,2.317
16284,2.268,2.317
16285,2.258,2.317
16286,2.273,2.317
16287,2.458,2.317
16288,2.805,2.317
16289,3.104,2.317
16290,3.162,2.322
16291,3.011,2.317
16292,2.801,2.322
16293,2.625,2.317
16294,2.507,2.322
16295,2.454,2.317
16296,2.449,2.322
16297,2.488,2.317
16298,2.517,2.322
16299,2.517,2.317
16300,2.483,2.322
16301,2.439,2.322
16302,2.385,2.322
16303,2.336,2.322
16304,2.307,2.322
16305,2.302,2.322
16306,2.287,2.322
16307,2.278,2.322
16308,2.268,2.322
16309,2.268,2.322
16310,2.410,2.322
16311,2.742,2.322
16312,3.069,2.322
16313,3.201,2.326
16314,3.113,2.322
16315,2.908,2.326
16316,2.708,2.322
16317,2.527,2.326
16318,2.458,2.326
16319,2.454,2.326
16320,2.483,2.326
16321,2.517,2.326
16322,2.522,2.326
16323,2.493,2.326
16324,2.449,2.326
16325,2.405,2.326
16326,2.356,2.326
16327,2.322,2.326
16328,2.302,2.331
16329,2.297,2.326
16330,2.297,2.331
16331,2.292,2.326
16332,2.283,2.331
16333,2.302,2.326
16334,2.502,2.331
16335,2.849,2.326
16336,3.123,2.331
16337,3.182,2.331
16338,3.035,2.331
16339,2.805,2.331
16340,2.615,2.331
16341,2.488,2.331
16342,2.429,2.331
16343,2.444,2.331
16344,2.502,2.331
16345,2.556,2.331
16346,2.581,2.331
16347,2.566,2.331
16348,2.517,2.331
16349,2.463,2.331
16350,2.405,2.331
16351,2.361,2.331
16352,2.346,2.331
16353,2.336,2.336
16354,2.331,2.331
16355,2.331,2.336
16356,2.439,2.331
16357,2.727,2.336
16358,3.025,2.336
16359,3.177,2.336
16360,3.109,2.336
16361,2.933,2.336
16362,2.742,2.336
16363,2.586,2.336
16364,2.463,2.336
16365,2.424,2.336
16366,2.454,2.336
16367,2.507,2.336
16368,2.532,2.336
16369,2.512,2.336
16370,2.463,2.341
16371,2.400,2.336
16372,2.336,2.341
16373,2.287,2.336
16374,2.268,2.341
16375,2.258,2.341
16376,2.258,2.341
16377,2.263,2.341
16378,2.253,2.341
16379,2.312,2.341
16380,2.546,2.341
16381,2.893,2.341
16382,3.123,2.341
16383,3.143,2.341
16384,2.996,2.341
16385,2.796,2.341
16386,2.634,2.341
16387,2.522,2.341
16388,2.458,2.341
16389,2.454,2.341
16390,2.478,2.341
16391,2.502,2.341
16392,2.493,2.341
16393,2.463,2.346
16394,2.414,2.341
16395,2.361,2.346
16396,2.326,2.341
16397,2.292,2.346
16398,2.273,2.346
16399,2.268,2.341
16400,2.248,2.346
16401,2.243,2.341
16402,2.292,2.346
16403,2.512,2.341
16404,2.849,2.346
16405,3.079,2.341
16406,3.104,2.346
16407,2.962,2.346
16408,2.776,2.346
16409,2.615,2.346
16410,2.498,2.346
16411,2.434,2.346
16412,2.429,2.346
16413,2.449,2.346
16414,2.473,2.346
16415,2.454,2.346
16416,2.429,2.346
16417,2.380,2.346
16418,2.336,2.346
16419,2.287,2.346
16420,2.258,2.346
16421,2.248,2.351
16422,2.248,2.346
16423,2.248,2.351
16424,2.234,2.346
16425,2.273,2.351
16426,2.463,2.351
16427,2.796,2.351
16428,3.050,2.351
16429,3.094,2.351
16430,2.962,2.351
16431,2.766,2.351
16432,2.600,2.351
16433,2.478,2.351
16434,2.419,2.351
16435,2.419,2.351
16436,2.444,2.351
16437,2.473,2.351
16438,2.473,2.351
16439,2.449,2.351
16440,2.410,2.351
16441,2.366,2.351
16442,2.322,2.356
16443,2.307,2.351
16444,2.297,2.351
16445,2.292,2.351
16446,2.283,2.356
16447,2.312,2.356
16448,2.502,2.356
16449,2.820,2.356
16450,3.055,2.356
16451,3.094,2.356
16452,2.928,2.356
16453,2.732,2.356
16454,2.571,2.356
16455,2.458,2.356
16456,2.410,2.356
16457,2.424,2.356
16458,2.458,2.356
16459,2.483,2.356
16460,2.468,2.356
16461,2.434,2.356
16462,2.390,2.356
16463,2.351,2.356
16464,2.326,2.356
16465,2.302,2.356
16466,2.283,2.356
16467,2.268,2.356
16468,2.258,2.356
16469,2.307,2.356
16470,2.532,2.361
16471,2.874,2.356
16472,3.104,2.361
16473,3.113,2.356
16474,2.967,2.361
16475,2.766,2.356
16476,2.610,2.361
16477,2.502,2.356
16478,2.458,2.361
16479,2.468,2.361
16480,2.493,2.361
16481,2.502,2.361
16482,2.483,2.361
16483,2.444,2.361
16484,2.395,2.361
16485,2.351,2.361
16486,2.312,2.361
16487,2.283,2.361
16488,2.268,2.361
16489,2.248,2.366
16490,2.243,2.361
16491,2.283,2.366
16492,2.493,2.361
16493,2.820,2.366
16494,3.074,2.361
16495,3.118,2.366
16496,2.981,2.361
16497,2.766,2.366
16498,2.581,2.361
16499,2.458,2.366
16500,2.390,2.361
16501,2.380,2.366
16502,2.405,2.366
16503,2.434,2.366
16504,2.439,2.366
16505,2.414,2.366
16506,2.361,2.366
16507,2.322,2.366
16508,2.283,2.366
16509,2.263,2.366
16510,2.253,2.366
16511,2.243,2.366
16512,2.243,2.366
16513,2.239,2.366
16514,2.331,2.366
16515,2.605,2.366
16516,2.923,2.366
16517,3.079,2.366
16518,3.030,2.366
16519,2.840,2.366
16520,2.644,2.370
16521,2.483,2.370
16522,2.390,2.370
16523,2.366,2.370
16524,2.395,2.370
16525,2.429,2.370
16526,2.454,2.370
16527,2.449,2.370
16528,2.414,2.370
16529,2.370,2.370
16530,2.326,2.370
16531,2.287,2.370
16532,2.263,2.370
16533,2.253,2.370
16534,2.248,2.370
16535,2.243,2.370
16536,2.239,2.370
16537,2.326,2.370
16538,2.600,2.370
16539,2.928,2.370
16540,3.099,2.370
16541,3.045,2.370
16542,2.864,2.370
16543,2.659,2.370
16544,2.493,2.370
16545,2.385,2.370
16546,2.356,2.375
16547,2.390,2.370
16548,2.434,2.375
16549,2.454,2.370
16550,2.444,2.375
16551,2.414,2.370
16552,2.370,2.375
16553,2.322,2.370
16554,2.287,2.375
16555,2.268,2.370
16556,2.263,2.375
16557,2.248,2.375
16558,2.243,2.375
16559,2.243,2.375
16560,2.302,2.375
16561,2.512,2.375
16562,2.835,2.375
16563,3.065,2.375
16564,3.074,2.375
16565,2.913,2.375
16566,2.708,2.375
16567,2.517,2.375
16568,2.385,2.375
16569,2.351,2.380
16570,2.380,2.375
16571,2.419,2.380
16572,2.454,2.375
16573,2.444,2.380
16574,2.410,2.375
16575,2.370,2.380
16576,2.326,2.375
16577,2.292,2.380
16578,2.268,2.375
16579,2.253,2.380
16580,2.243,2.375
16581,2.248,2.380
16582,2.243,2.375
16583,2.263,2.380
16584,2.414,2.380
16585,2.727,2.380
16586,3.050,2.380
16587,3.128,2.380
16588,3.001,2.380
16589,2.786,2.380
16590,2.586,2.380
16591,2.444,2.380
16592,2.370,2.380
16593,2.375,2.380
16594,2.414,2.380
16595,2.454,2.380
16596,2.468,2.380
16597,2.444,2.380
16598,2.405,2.380
16599,2.356,2.380
16600,2.322,2.380
16601,2.287,2.380
16602,2.268,2.380
16603,2.263,2.380
16604,2.253,2.380
16605,2.239,2.380
16606,2.243,2.380
16607,2.268,2.385
16608,2.424,2.380
16609,2.742,2.385
16610,3.030,2.380
16611,3.123,2.385
16612,3.016,2.380
16613,2.786,2.385
16614,2.590,2.380
16615,2.458,2.385
16616,2.395,2.385
16617,2.390,2.385
16618,2.419,2.385
16619,2.454,2.385
16620,2.473,2.385
16621,2.454,2.385
16622,2.414,2.385
16623,2.375,2.385
16624,2.326,2.385
16625,2.297,2.385
16626,2.273,2.385
16627,2.263,2.385
16628,2.258,2.385
16629,2.253,2.385
16630,2.248,2.385
16631,2.258,2.385
16632,2.400,2.390
16633,2.703,2.385
16634,3.006,2.390
16635,3.123,2.385
16636,3.035,2.390
16637,2.835,2.385
16638,2.634,2.390
16639,2.488,2.385
16640,2.405,2.385
16641,2.395,2.390
16642,2.429,2.385
16643,2.468,2.390
16644,2.483,2.385
16645,2.473,2.390
16646,2.439,2.385
16647,2.390,2.390
16648,2.356,2.390
16649,2.336,2.390
16650,2.317,2.390
16651,2.312,2.390
16652,2.307,2.390
16653,2.302,2.390
16654,2.356,2.390
16655,2.581,2.390
16656,2.898,2.390
16657,3.104,2.390
16658,3.109,2.390
16659,2.952,2.390
16660,2.742,2.390
16661,2.566,2.390
16662,2.449,2.390
16663,2.405,2.390
16664,2.414,2.390
16665,2.458,2.390
16666,2.488,2.395
16667,2.488,2.390
16668,2.458,2.395
16669,2.414,2.390
16670,2.375,2.395
16671,2.341,2.390
16672,2.326,2.395
16673,2.312,2.390
16674,2.297,2.395
16675,2.283,2.390
16676,2.287,2.395
16677,2.429,2.395
16678,2.737,2.395
16679,3.035,2.395
16680,3.152,2.395
16681,3.069,2.395
16682,2.874,2.395
16683,2.688,2.395
16684,2.542,2.395
16685,2.449,2.395
16686,2.429,2.395
16687,2.458,2.395
16688,2.498,2.395
16689,2.512,2.395
16690,2.502,2.395
16691,2.468,2.395
16692,2.429,2.395
16693,2.380,2.395
16694,2.331,2.400
16695,2.317,2.395
16696,2.302,2.400
16697,2.307,2.395
16698,2.297,2.400
16699,2.351,2.395
16700,2.581,2.400
16701,2.913,2.395
16702,3.148,2.400
16703,3.172,2.395
16704,3.016,2.400
16705,2.796,2.395
16706,2.610,2.400
16707,2.493,2.400
16708,2.439,2.400
16709,2.439,2.400
16710,2.483,2.400
16711,2.522,2.400
16712,2.537,2.400
16713,2.502,2.400
16714,2.458,2.400
16715,2.405,2.400
16716,2.361,2.400
16717,2.331,2.400
16718,2.322,2.400
16719,2.302,2.400
16720,2.292,2.400
16721,2.307,2.400
16722,2.463,2.400
16723,2.757,2.400
16724,3.030,2.400
16725,3.118,2.400
16726,3.016,2.400
16727,2.815,2.400
16728,2.630,2.400
16729,2.493,2.400
16730,2.424,2.400
16731,2.410,2.400
16732,2.429,2.405
16733,2.449,2.400
16734,2.444,2.405
16735,2.429,2.400
16736,2.400,2.405
16737,2.361,2.400
16738,2.326,2.405
16739,2.297,2.400
16740,2.273,2.405
16741,2.243,2.400
16742,2.214,2.405
16743,2.224,2.400
16744,2.370,2.405
16745,2.659,2.400
16746,2.928,2.405
16747,3.030,2.405
16748,2.957,2.405
16749,2.801,2.405
16750,2.639,2.405
16751,2.507,2.405
16752,2.429,2.405
16753,2.434,2.405
16754,2.473,2.405
16755,2.507,2.405
16756,2.502,2.405
16757,2.463,2.405
16758,2.419,2.405
16759,2.380,2.405
16760,2.361,2.405
16761,2.341,2.405
16762,2.322,2.405
16763,2.341,2.410
16764,2.507,2.405
16765,2.805,2.405
16766,3.040,2.405
16767,3.104,2.410
16768,2.986,2.405
16769,2.791,2.410
16770,2.620,2.405
16771,2.478,2.410
16772,2.414,2.410
16773,2.419,2.410
16774,2.454,2.410
16775,2.483,2.405
16776,2.483,2.410
16777,2.454,2.405
16778,2.414,2.410
16779,2.370,2.410
16780,2.331,2.410
16781,2.307,2.410
16782,2.292,2.410
16783,2.312,2.410
16784,2.478,2.410
16785,2.791,2.410
16786,3.055,2.410
16787,3.128,2.410
16788,3.011,2.410
16789,2.815,2.410
16790,2.639,2.410
16791,2.507,2.410
16792,2.424,2.410
16793,2.414,2.410
16794,2.444,2.410
16795,2.468,2.410
16796,2.473,2.410
16797,2.454,2.414
16798,2.400,2.410
16799,2.351,2.414
16800,2.312,2.410
16801,2.283,2.414
16802,2.268,2.410
16803,2.292,2.414
16804,2.473,2.414
16805,2.801,2.410
16806,3.065,2.414
16807,3.123,2.414
16808,2.986,2.414
16809,2.776,2.410
16810,2.576,2.414
16811,2.429,2.410
16812,2.356,2.414
16813,2.341,2.410
16814,2.341,2.414
16815,2.336,2.410
16816,2.336,2.414
16817,2.336,2.410
16818,2.351,2.414
16819,2.366,2.410
16820,2.380,2.410
16821,2.380,2.410
16822,2.356,2.410
16823,2.370,2.410
16824,2.551,2.410
16825,2.854,2.410
16826,3.069,2.405
16827,3.079,2.410
16828,2.933,2.405
16829,2.717,2.405
16830,2.546,2.400
16831,2.434,2.405
16832,2.410,2.400
16833,2.444,2.400
16834,2.498,2.400
16835,2.517,2.395
16836,2.488,2.395
16837,2.434,2.395
16838,2.375,2.390
16839,2.331,2.390
16840,2.302,2.390
16841,2.283,2.390
16842,2.297,2.385
16843,2.449,2.385
16844,2.771,2.385
16845,3.030,2.380
16846,3.084,2.380
16847,2.957,2.375
16848,2.752,2.375
16849,2.571,2.370
16850,2.439,2.370
16851,2.375,2.366
16852,2.385,2.370
16853,2.419,2.361
16854,2.458,2.366
16855,2.463,2.361
16856,2.424,2.356
16857,2.375,2.356
16858,2.326,2.351
16859,2.287,2.351
16860,2.273,2.346
16861,2.273,2.346
16862,2.356,2.341
16863,2.625,2.341
16864,2.962,2.336
16865,3.133,2.336
16866,3.074,2.331
16867,2.884,2.331
16868,2.678,2.326
16869,2.512,2.326
16870,2.400,2.322
16871,2.370,2.322
16872,2.395,2.317
16873,2.434,2.317
16874,2.454,2.312
16875,2.434,2.312
16876,2.400,2.307
16877,2.351,2.307
16878,2.307,2.302
16879,2.278,2.302
16880,2.258,2.297
16881,2.243,2.297
16882,2.263,2.292
16883,2.473,2.292
16884,2.810,2.287
16885,3.079,2.287
16886,3.118,2.287
16887,2.967,2.283
16888,2.752,2.283
16889,2.556,2.273
16890,2.419,2.278
16891,2.356,2.268
16892,2.366,2.268
16893,2.419,2.263
16894,2.458,2.263
16895,2.463,2.258
16896,2.424,2.258
16897,2.380,2.253
16898,2.326,2.253
16899,2.283,2.248
16900,2.253,2.248
16901,2.239,2.243
16902,2.243,2.243
16903,2.283,2.239
16904,2.502,2.234
16905,2.830,2.234
16906,3.069,2.229
16907,3.084,2.229
16908,2.933,2.224
16909,2.722,2.224
16910,2.517,2.219
16911,2.410,2.214
16912,2.370,2.214
16913,2.390,2.209
16914,2.429,2.204
16915,2.463,2.204
16916,2.454,2.199
16917,2.414,2.195
16918,2.370,2.190
16919,2.322,2.185
16920,2.292,2.180
16921,2.273,2.175
16922,2.258,2.175
16923,2.263,2.170
16924,2.390,2.170
16925,2.688,2.165
16926,2.967,2.165
16927,3.065,2.160
16928,2.967,2.155
16929,2.776,2.151
16930,2.586,2.155
16931,2.449,2.151
16932,2.375,2.151
16933,2.385,2.141
16934,2.444,2.141
16935,2.488,2.136
16936,2.488,2.136
16937,2.454,2.131
16938,2.395,2.126
16939,2.341,2.126
16940,2.292,2.121
16941,2.263,2.121
16942,2.248,2.121
16943,2.283,2.121
16944,2.507,2.116
16945,2.869,2.116
16946,3.104,2.111
16947,3.094,2.111
16948,2.908,2.111
16949,2.688,2.107
16950,2.502,2.107
16951,2.380,2.102
16952,2.346,2.102
16953,2.375,2.097
16954,2.424,2.097
16955,2.444,2.092
16956,2.429,2.092
16957,2.390,2.087
16958,2.351,2.092
16959,2.312,2.087
16960,2.292,2.087
16961,2.273,2.087
16962,2.258,2.087
16963,2.326,2.082
16964,2.659,2.087
16965,3.006,2.087
16966,3.172,2.087
16967,3.104,2.087
16968,2.898,2.087
16969,2.688,2.087
16970,2.537,2.087
16971,2.434,2.092
16972,2.410,2.087
16973,2.439,2.092
16974,2.468,2.092
16975,2.478,2.092
16976,2.454,2.092
16977,2.405,2.097
16978,2.361,2.092
16979,2.317,2.097
16980,2.283,2.097
16981,2.253,2.097
16982,2.234,2.097
16983,2.234,2.102
16984,2.336,2.097
16985,2.639,2.102
16986,2.996,2.102
16987,3.177,2.102
16988,3.113,2.102
16989,2.913,2.102
16990,2.703,2.102
16991,2.522,2.102
16992,2.419,2.107
16993,2.385,2.107
16994,2.405,2.107
16995,2.434,2.107
16996,2.444,2.111
16997,2.429,2.107
16998,2.400,2.111
16999,2.346,2.111
17000,2.297,2.111
17001,2.253,2.111
17002,2.248,2.116
17003,2.243,2.111
17004,2.234,2.116
17005,2.234,2.116
17006,2.341,2.116
17007,2.659,2.116
17008,3.001,2.116
17009,3.138,2.116
17010,3.050,2.121
17011,2.840,2.121
17012,2.620,2.121
17013,2.458,2.121
17014,2.366,2.121
17015,2.351,2.121
17016,2.366,2.121
17017,2.400,2.126
17018,2.414,2.121
17019,2.390,2.126
17020,2.351,2.126
17021,2.302,2.126
17022,2.258,2.126
17023,2.229,2.126
17024,2.214,2.126
17025,2.224,2.131
17026,2.224,2.131
17027,2.239,2.131
17028,2.385,2.131
17029,2.703,2.131
17030,2.981,2.131
17031,3.065,2.131
17032,2.952,2.136
17033,2.752,2.131
17034,2.566,2.136
17035,2.424,2.136
17036,2.361,2.136
17037,2.361,2.136
17038,2.400,2.136
17039,2.439,2.136
17040,2.449,2.141
17041,2.419,2.136
17042,2.370,2.141
17043,2.331,2.141
17044,2.292,2.141
17045,2.268,2.141
17046,2.248,2.141
17047,2.243,2.141
17048,2.287,2.141
17049,2.488,2.146
17050,2.815,2.141
17051,3.045,2.146
17052,3.065,2.146
17053,2.913,2.146
17054,2.703,2.146
17055,2.527,2.146
17056,2.405,2.146
17057,2.356,2.151
17058,2.385,2.146
17059,2.439,2.151
17060,2.468,2.146
17061,2.468,2.151
17062,2.434,2.146
17063,2.385,2.151
17064,2.341,2.151
17065,2.297,2.151
17066,2.273,2.151
17067,2.258,2.151
17068,2.287,2.151
17069,2.478,2.155
17070,2.820,2.151
17071,3.079,2.155
17072,3.104,2.155
17073,2.942,2.155
17074,2.727,2.155
17075,2.542,2.155
17076,2.414,2.155
17077,2.366,2.155
17078,2.390,2.155
17079,2.434,2.155
17080,2.468,2.160
17081,2.454,2.155
17082,2.414,2.160
17083,2.356,2.155
17084,2.307,2.160
17085,2.273,2.155
17086,2.268,2.160
17087,2.248,2.160
17088,2.253,2.160
17089,2.380,2.160
17090,2.698,2.160
17091,3.030,2.160
17092,3.177,2.160
17093,3.089,2.160
17094,2.884,2.160
17095,2.674,2.160
17096,2.512,2.160
17097,2.414,2.165
17098,2.380,2.160
17099,2.410,2.165
17100,2.449,2.160
17101,2.463,2.165
17102,2.444,2.165
17103,2.405,2.165
17104,2.346,2.165
17105,2.307,2.165
17106,2.278,2.165
17107,2.263,2.165
17108,2.258,2.165
17109,2.253,2.165
17110,2.317,2.165
17111,2.581,2.170
17112,2.942,2.165
17113,3.162,2.170
17114,3.143,2.170
17115,2.952,2.170
17116,2.722,2.170
17117,2.542,2.170
17118,2.424,2.170
17119,2.385,2.170
17120,2.405,2.170
17121,2.444,2.170
17122,2.473,2.170
17123,2.468,2.170
17124,2.439,2.170
17125,2.385,2.170
17126,2.336,2.175
17127,2.297,2.170
17128,2.273,2.175
17129,2.253,2.175
17130,2.243,2.175
17131,2.239,2.175
17132,2.263,2.175
17133,2.444,2.175
17134,2.805,2.175
17135,3.113,2.175
17136,3.192,2.175
17137,3.045,2.175
17138,2.796,2.175
17139,2.586,2.175
17140,2.444,2.175
17141,2.375,2.180
17142,2.385,2.180
17143,2.424,2.180
17144,2.458,2.180
17145,2.468,2.180
17146,2.429,2.180
17147,2.385,2.180
17148,2.336,2.180
17149,2.292,2.180
17150,2.273,2.180
17151,2.263,2.180
17152,2.253,2.180
17153,2.248,2.180
17154,2.253,2.180
17155,2.380,2.185
17156,2.703,2.180
17157,3.035,2.185
17158,3.162,2.180
17159,3.065,2.185
17160,2.840,2.180
17161,2.625,2.185
17162,2.468,2.185
17163,2.385,2.185
17164,2.366,2.185
17165,2.395,2.185
17166,2.434,2.185
17167,2.449,2.185
17168,2.434,2.185
17169,2.400,2.185
17170,2.351,2.185
17171,2.312,2.185
17172,2.273,2.185
17173,2.253,2.185
17174,2.239,2.185
17175,2.229,2.185
17176,2.219,2.190
17177,2.214,2.185
17178,2.278,2.190
17179,2.566,2.185
17180,2.908,2.190
17181,3.113,2.190
17182,3.079,2.190
17183,2.879,2.190
17184,2.644,2.190
17185,2.454,2.190
17186,2.312,2.190
17187,2.258,2.190
17188,2.292,2.190
17189,2.366,2.190
17190,2.444,2.190
17191,2.483,2.195
17192,2.483,2.190
17193,2.458,2.195
17194,2.414,2.190
17195,2.375,2.195
17196,2.341,2.190
17197,2.317,2.195
17198,2.297,2.195
17199,2.351,2.195
17200,2.595,2.195
17201,2.913,2.195
17202,3.113,2.195
17203,3.099,2.195
17204,2.937,2.195
17205,2.732,2.195
17206,2.527,2.195
17207,2.429,2.195
17208,2.405,2.195
17209,2.429,2.195
17210,2.473,2.199
17211,2.488,2.199
17212,2.473,2.199
17213,2.434,2.199
17214,2.385,2.199
17215,2.341,2.199
17216,2.312,2.199
17217,2.287,2.199
17218,2.283,2.199
17219,2.273,2.199
17220,2.351,2.199
17221,2.615,2.199
17222,2.928,2.199
17223,3.109,2.199
17224,3.065,2.199
17225,2.879,2.199
17226,2.669,2.199
17227,2.493,2.204
17228,2.395,2.199
17229,2.356,2.204
17230,2.390,2.199
17231,2.434,2.204
17232,2.449,2.199
17233,2.434,2.199
17234,2.395,2.204
17235,2.346,2.199
17236,2.302,2.204
17237,2.287,2.199
17238,2.278,2.204
17239,2.273,2.199
17240,2.351,2.204
17241,2.615,2.199
17242,2.952,2.204
17243,3.133,2.204
17244,3.069,2.204
17245,2.864,2.204
17246,2.639,2.204
17247,2.478,2.204
17248,2.385,2.204
17249,2.375,2.204
17250,2.410,2.204
17251,2.458,2.204
17252,2.478,2.204
17253,2.463,2.204
17254,2.424,2.204
17255,2.370,2.204
17256,2.312,2.204
17257,2.273,2.204
17258,2.253,2.204
17259,2.248,2.204
17260,2.268,2.204
17261,2.434,2.209
17262,2.771,2.209
17263,3.074,2.209
17264,3.162,2.209
17265,3.045,2.209
17266,2.849,2.209
17267,2.674,2.209
17268,2.546,2.209
17269,2.473,2.214
17270,2.473,2.214
17271,2.522,2.214
17272,2.590,2.214
17273,2.620,2.214
17274,2.595,2.214
17275,2.537,2.209
17276,2.458,2.214
17277,2.385,2.209
17278,2.336,2.214
17279,2.312,2.209
17280,2.292,2.214
17281,2.317,2.209
17282,2.493,2.209
17283,2.854,2.209
17284,3.157,2.209
17285,3.231,2.204
17286,3.094,2.209
17287,2.854,2.204
17288,2.669,2.204
17289,2.532,2.204
17290,2.449,2.204
17291,2.434,2.204
17292,2.463,2.199
17293,2.483,2.199
17294,2.458,2.199
17295,2.410,2.199
17296,2.346,2.195
17297,2.287,2.195
17298,2.243,2.190
17299,2.224,2.195
17300,2.214,2.190
17301,2.209,2.190
17302,2.199,2.185
17303,2.209,2.185
17304,2.302,2.185
17305,2.581,2.185
17306,2.903,2.180
17307,3.074,2.185
17308,3.021,2.180
17309,2.810,2.180
17310,2.590,2.180
17311,2.429,2.180
17312,2.341,2.180
17313,2.326,2.180
17314,2.366,2.180
17315,2.434,2.180
17316,2.483,2.180
17317,2.493,2.175
17318,2.439,2.175
17319,2.375,2.175
17320,2.317,2.175
17321,2.283,2.175
17322,2.258,2.175
17323,2.253,2.175
17324,2.243,2.175
17325,2.234,2.175
17326,2.317,2.175
17327,2.605,2.175
17328,2.947,2.175
17329,3.118,2.175
17330,3.060,2.175
17331,2.845,2.175
17332,2.620,2.175
17333,2.458,2.175
17334,2.366,2.175
17335,2.336,2.175
17336,2.356,2.175
17337,2.390,2.175
17338,2.419,2.175
17339,2.419,2.175
17340,2.380,2.175
17341,2.317,2.175
17342,2.273,2.175
17343,2.243,2.175
17344,2.224,2.175
17345,2.204,2.175
17346,2.199,2.175
17347,2.190,2.175
17348,2.253,2.175
17349,2.493,2.180
17350,2.825,2.175
17351,3.030,2.180
17352,3.021,2.180
17353,2.874,2.180
17354,2.693,2.180
17355,2.546,2.180
17356,2.444,2.180
17357,2.395,2.180
17358,2.385,2.180
17359,2.405,2.180
17360,2.419,2.185
17361,2.419,2.185
17362,2.390,2.185
17363,2.341,2.185
17364,2.302,2.185
17365,2.258,2.185
17366,2.229,2.185
17367,2.209,2.185
17368,2.195,2.185
17369,2.204,2.185
17370,2.273,2.185
17371,2.527,2.185
17372,2.854,2.190
17373,3.050,2.190
17374,3.030,2.190
17375,2.854,2.190
17376,2.634,2.190
17377,2.444,2.190
17378,2.336,2.190
17379,2.302,2.190
17380,2.326,2.190
17381,2.390,2.195
17382,2.434,2.190
17383,2.444,2.195
17384,2.405,2.195
17385,2.346,2.195
17386,2.297,2.195
17387,2.253,2.195
17388,2.229,2.195
17389,2.209,2.195
17390,2.195,2.195
17391,2.185,2.190
17392,2.209,2.190
17393,2.356,2.190
17394,2.649,2.190
17395,2.923,2.190
17396,2.981,2.190
17397,2.854,2.190
17398,2.649,2.190
17399,2.449,2.190
17400,2.322,2.190
17401,2.268,2.185
17402,2.278,2.185
17403,2.312,2.185
17404,2.341,2.185
17405,2.351,2.185
17406,2.336,2.185
17407,2.302,2.185
17408,2.268,2.180
17409,2.234,2.180
17410,2.204,2.180
17411,2.195,2.180
17412,2.190,2.180
17413,2.185,2.180
17414,2.209,2.175
17415,2.346,2.175
17416,2.615,2.175
17417,2.869,2.175
17418,2.957,2.175
17419,2.874,2.175
17420,2.688,2.175
17421,2.498,2.175
17422,2.331,2.170
17423,2.283,2.170
17424,2.302,2.170
17425,2.341,2.170
17426,2.385,2.170
17427,2.390,2.170
17428,2.370,2.170
17429,2.326,2.170
17430,2.283,2.170
17431,2.248,2.165
17432,2.229,2.170
17433,2.214,2.165
17434,2.204,2.165
17435,2.234,2.165
17436,2.385,2.165
17437,2.654,2.165
17438,2.893,2.165
17439,2.962,2.165
17440,2.864,2.165
17441,2.674,2.165
17442,2.488,2.165
17443,2.351,2.165
17444,2.292,2.165
17445,2.297,2.165
17446,2.336,2.165
17447,2.370,2.165
17448,2.385,2.165
17449,2.361,2.165
17450,2.326,2.165
17451,2.292,2.165
17452,2.263,2.165
17453,2.239,2.165
17454,2.229,2.165
17455,2.214,2.165
17456,2.214,2.165
17457,2.312,2.165
17458,2.600,2.165
17459,2.952,2.170
17460,3.167,2.170
17461,3.167,2.170
17462,2.996,2.170
17463,2.757,2.170
17464,2.532,2.170
17465,2.410,2.170
17466,2.380,2.170
17467,2.410,2.170
17468,2.463,2.175
17469,2.483,2.175
17470,2.478,2.175
17471,2.429,2.175
17472,2.380,2.175
17473,2.331,2.175
17474,2.307,2.175
17475,2.302,2.180
17476,2.292,2.175
17477,2.283,2.180
17478,2.317,2.180
17479,2.483,2.180
17480,2.776,2.180
17481,3.001,2.180
17482,3.045,2.180
17483,2.918,2.185
17484,2.703,2.180
17485,2.517,2.185
17486,2.390,2.185
17487,2.336,2.185
17488,2.346,2.185
17489,2.395,2.185
17490,2.434,2.185
17491,2.449,2.185
17492,2.419,2.190
17493,2.380,2.190
17494,2.336,2.190
17495,2.297,2.190
17496,2.273,2.190
17497,2.263,2.190
17498,2.263,2.195
17499,2.268,2.190
17500,2.366,2.195
17501,2.615,2.190
17502,2.898,2.195
17503,3.050,2.195
17504,2.977,2.195
17505,2.791,2.195
17506,2.600,2.195
17507,2.444,2.195
17508,2.366,2.195
17509,2.366,2.199
17510,2.414,2.195
17511,2.458,2.199
17512,2.478,2.199
17513,2.463,2.199
17514,2.429,2.199
17515,2.380,2.199
17516,2.346,2.199
17517,2.331,2.199
17518,2.322,2.199
17519,2.317,2.199
17520,2.380,2.199
17521,2.605,2.204
17522,2.898,2.204
17523,3.074,2.204
17524,3.060,2.204
17525,2.893,2.204
17526,2.688,2.204
17527,2.512,2.209
17528,2.390,2.209
17529,2.351,2.209
17530,2.385,2.209
17531,2.439,2.209
17532,2.468,2.209
17533,2.468,2.209
17534,2.424,2.209
17535,2.380,2.209
17536,2.346,2.214
17537,2.322,2.209
17538,2.312,2.214
17539,2.302,2.209
17540,2.297,2.214
17541,2.390,2.214
17542,2.654,2.214
17543,2.962,2.214
17544,3.128,2.214
17545,3.084,2.214
17546,2.903,2.214
17547,2.693,2.214
17548,2.532,2.214
17549,2.424,2.219
17550,2.405,2.214
17551,2.439,2.219
17552,2.478,2.214
17553,2.507,2.219
17554,2.488,2.214
17555,2.454,2.219
17556,2.410,2.214
17557,2.361,2.219
17558,2.331,2.219
17559,2.312,2.219
17560,2.302,2.219
17561,2.297,2.219
17562,2.356,2.219
17563,2.586,2.219
17564,2.908,2.219
17565,3.133,2.219
17566,3.138,2.224
17567,2.981,2.219
17568,2.766,2.224
17569,2.586,2.219
17570,2.449,2.224
17571,2.410,2.219
17572,2.429,2.224
17573,2.478,2.224
17574,2.512,2.219
17575,2.507,2.224
17576,2.468,2.224
17577,2.414,2.224
17578,2.366,2.224
17579,2.336,2.224
17580,2.317,2.224
17581,2.302,2.224
17582,2.287,2.224
17583,2.287,2.224
17584,2.361,2.224
17585,2.571,2.229
17586,2.820,2.224
17587,2.972,2.229
17588,2.962,2.224
17589,2.835,2.229
17590,2.693,2.229
17591,2.576,2.229
17592,2.512,2.229
17593,2.512,2.229
17594,2.551,2.229
17595,2.586,2.229
17596,2.595,2.229
17597,2.566,2.229
17598,2.512,2.229
17599,2.458,2.229
17600,2.414,2.234
17601,2.400,2.234
17602,2.375,2.234
17603,2.366,2.234
17604,2.405,2.234
17605,2.605,2.234
17606,2.908,2.234
17607,3.113,2.234
17608,3.128,2.239
17609,2.981,2.234
17610,2.752,2.234
17611,2.586,2.234
17612,2.468,2.234
17613,2.424,2.239
17614,2.449,2.234
17615,2.507,2.239
17616,2.537,2.234
17617,2.527,2.239
17618,2.488,2.239
17619,2.434,2.239
17620,2.390,2.239
17621,2.356,2.239
17622,2.331,2.239
17623,2.317,2.239
17624,2.346,2.239
17625,2.532,2.239
17626,2.864,2.239
17627,3.113,2.243
17628,3.157,2.239
17629,3.016,2.243
17630,2.805,2.239
17631,2.615,2.243
17632,2.483,2.243
17633,2.434,2.243
17634,2.444,2.243
17635,2.483,2.243
17636,2.517,2.243
17637,2.512,2.243
17638,2.478,2.243
17639,2.434,2.243
17640,2.380,2.243
17641,2.336,2.243
17642,2.302,2.243
17643,2.283,2.243
17644,2.292,2.248
17645,2.400,2.243
17646,2.703,2.248
17647,3.016,2.243
17648,3.143,2.248
17649,3.065,2.248
17650,2.864,2.248
17651,2.659,2.248
17652,2.493,2.248
17653,2.405,2.248
17654,2.395,2.248
17655,2.439,2.248
17656,2.488,2.248
17657,2.507,2.248
17658,2.478,2.248
17659,2.429,2.248
17660,2.380,2.248
17661,2.336,2.253
17662,2.312,2.248
17663,2.287,2.253
17664,2.278,2.248
17665,2.302,2.248
17666,2.483,2.253
17667,2.801,2.248
17668,3.060,2.253
17669,3.109,2.253
17670,2.972,2.253
17671,2.766,2.248
17672,2.576,2.253
17673,2.434,2.248
17674,2.375,2.253
17675,2.400,2.248
17676,2.449,2.253
17677,2.483,2.248
17678,2.483,2.253
17679,2.449,2.248
17680,2.400,2.253
17681,2.356,2.248
17682,2.326,2.253
17683,2.302,2.248
17684,2.283,2.253
17685,2.283,2.248
17686,2.278,2.253
17687,2.366,2.248
17688,2.634,2.248
17689,2.957,2.248
17690,3.118,2.248
17691,3.055,2.253
17692,2.849,2.248
17693,2.630,2.248
17694,2.463,2.248
17695,2.380,2.248
17696,2.380,2.248
17697,2.424,2.248
17698,2.468,2.248
17699,2.478,2.248
17700,2.449,2.248
17701,2.410,2.248
17702,2.361,2.248
17703,2.317,2.248
17704,2.292,2.248
17705,2.278,2.243
17706,2.273,2.248
17707,2.263,2.248
17708,2.278,2.248
17709,2.419,2.243
17710,2.698,2.248
17711,2.952,2.243
17712,3.021,2.248
17713,2.889,2.243
17714,2.664,2.248
17715,2.444,2.248
17716,2.307,2.248
17717,2.287,2.248
17718,2.385,2.243
17719,2.498,2.248
17720,2.581,2.243
17721,2.586,2.248
17722,2.532,2.248
17723,2.458,2.248
17724,2.400,2.248
17725,2.361,2.248
17726,2.341,2.248
17727,2.331,2.248
17728,2.346,2.248
17729,2.488,2.248
17730,2.781,2.248
17731,3.040,2.248
17732,3.104,2.248
17733,2.996,2.248
17734,2.801,2.248
17735,2.610,2.248
17736,2.468,2.248
17737,2.405,2.248
17738,2.419,2.253
17739,2.468,2.248
17740,2.502,2.253
17741,2.502,2.248
17742,2.473,2.253
17743,2.419,2.248
17744,2.370,2.253
17745,2.326,2.253
17746,2.292,2.253
17747,2.283,2.253
17748,2.287,2.253
17749,2.414,2.253
17750,2.732,2.253
17751,3.045,2.253
17752,3.172,2.253
17753,3.069,2.253
17754,2.859,2.253
17755,2.644,2.258
17756,2.488,2.253
17757,2.410,2.258
17758,2.410,2.253
17759,2.449,2.258
17760,2.493,2.253
17761,2.507,2.258
17762,2.483,2.258
17763,2.429,2.258
17764,2.370,2.258
17765,2.322,2.258
17766,2.287,2.258
17767,2.268,2.258
17768,2.273,2.258
17769,2.385,2.263
17770,2.683,2.258
17771,3.011,2.263
17772,3.138,2.263
17773,3.025,2.258
17774,2.805,2.263
17775,2.600,2.263
17776,2.449,2.263
17777,2.380,2.263
17778,2.385,2.263
17779,2.424,2.263
17780,2.463,2.263
17781,2.463,2.263
17782,2.439,2.263
17783,2.390,2.263
17784,2.341,2.263
17785,2.297,2.268
17786,2.268,2.268
17787,2.263,2.268
17788,2.248,2.268
17789,2.297,2.268
17790,2.512,2.268
17791,2.854,2.268
17792,3.084,2.268
17793,3.089,2.268
17794,2.913,2.268
17795,2.693,2.268
17796,2.498,2.268
17797,2.366,2.268
17798,2.341,2.268
17799,2.390,2.268
17800,2.439,2.268
17801,2.468,2.268
17802,2.449,2.268
17803,2.410,2.268
17804,2.356,2.268
17805,2.312,2.268
17806,2.278,2.273
17807,2.253,2.268
17808,2.248,2.273
17809,2.248,2.268
17810,2.243,2.273
17811,2.312,2.268
17812,2.571,2.268
17813,2.903,2.268
17814,3.099,2.268
17815,3.065,2.268
17816,2.864,2.268
17817,2.644,2.268
17818,2.468,2.273
17819,2.356,2.268
17820,2.341,2.268
17821,2.380,2.268
17822,2.434,2.268
17823,2.463,2.268
17824,2.449,2.268
17825,2.405,2.273
17826,2.336,2.273
17827,2.297,2.268
17828,2.273,2.273
17829,2.253,2.268
17830,2.248,2.273
17831,2.243,2.268
17832,2.253,2.273
17833,2.361,2.268
17834,2.654,2.273
17835,2.967,2.268
17836,3.109,2.273
17837,3.030,2.268
17838,2.825,2.273
17839,2.605,2.268
17840,2.444,2.273
17841,2.356,2.273
17842,2.361,2.273
17843,2.410,2.273
17844,2.454,2.273
17845,2.468,2.273
17846,2.439,2.273
17847,2.395,2.273
17848,2.341,2.273
17849,2.302,2.273
17850,2.278,2.273
17851,2.268,2.273
17852,2.268,2.273
17853,2.268,2.278
17854,2.268,2.273
17855,2.395,2.278
17856,2.703,2.273
17857,3.006,2.278
17858,3.128,2.273
17859,3.030,2.278
17860,2.820,2.273
17861,2.615,2.278
17862,2.454,2.278
17863,2.370,2.278
17864,2.370,2.278
17865,2.414,2.278
17866,2.468,2.278
17867,2.488,2.278
17868,2.463,2.278
17869,2.405,2.278
17870,2.351,2.278
17871,2.312,2.278
17872,2.292,2.278
17873,2.278,2.278
17874,2.273,2.283
17875,2.263,2.278
17876,2.322,2.283
17877,2.561,2.278
17878,2.898,2.283
17879,3.123,2.278
17880,3.089,2.283
17881,2.893,2.283
17882,2.674,2.283
17883,2.493,2.283
17884,2.390,2.283
17885,2.366,2.283
17886,2.405,2.283
17887,2.454,2.283
17888,2.478,2.283
17889,2.468,2.287
17890,2.419,2.283
17891,2.375,2.287
17892,2.331,2.283
17893,2.302,2.287
17894,2.278,2.283
17895,2.273,2.287
17896,2.268,2.287
17897,2.258,2.287
17898,2.307,2.287
17899,2.556,2.287
17900,2.918,2.287
17901,3.162,2.287
17902,3.167,2.287
17903,2.986,2.287
17904,2.752,2.287
17905,2.561,2.287
17906,2.439,2.292
17907,2.400,2.287
17908,2.424,2.292
17909,2.473,2.287
17910,2.512,2.292
17911,2.498,2.292
17912,2.449,2.292
17913,2.400,2.292
17914,2.346,2.292
17915,2.312,2.292
17916,2.292,2.292
17917,2.278,2.292
17918,2.273,2.292
17919,2.273,2.292
17920,2.346,2.292
17921,2.620,2.292
17922,2.967,2.292
17923,3.167,2.297
17924,3.138,2.292
17925,2.947,2.297
17926,2.717,2.292
17927,2.542,2.297
17928,2.419,2.297
17929,2.390,2.297
17930,2.424,2.297
17931,2.468,2.297
17932,2.488,2.297
17933,2.473,2.297
17934,2.429,2.297
17935,2.380,2.297
17936,2.336,2.297
17937,2.302,2.297
17938,2.278,2.297
17939,2.268,2.297
17940,2.268,2.302
17941,2.258,2.297
17942,2.283,2.302
17943,2.468,2.297
17944,2.810,2.302
17945,3.089,2.297
17946,3.157,2.302
17947,3.021,2.302
17948,2.786,2.302
17949,2.590,2.302
17950,2.449,2.302
17951,2.390,2.302
17952,2.414,2.302
17953,2.463,2.302
17954,2.493,2.302
17955,2.488,2.302
17956,2.454,2.302
17957,2.405,2.307
17958,2.356,2.302
17959,2.317,2.307
17960,2.287,2.302
17961,2.278,2.302
17962,2.268,2.307
17963,2.278,2.302
17964,2.414,2.307
17965,2.727,2.302
17966,3.030,2.307
17967,3.143,2.307
17968,3.040,2.307
17969,2.825,2.307
17970,2.625,2.307
17971,2.463,2.307
17972,2.380,2.307
17973,2.375,2.307
17974,2.414,2.307
17975,2.463,2.307
17976,2.478,2.312
17977,2.454,2.307
17978,2.400,2.312
17979,2.346,2.307
17980,2.302,2.312
17981,2.278,2.307
17982,2.258,2.312
17983,2.258,2.307
17984,2.258,2.312
17985,2.253,2.307
17986,2.317,2.312
17987,2.551,2.307
17988,2.937,2.312
17989,3.113,2.312
17990,3.050,2.307
17991,2.830,2.312
17992,2.600,2.312
17993,2.439,2.312
17994,2.356,2.312
17995,2.351,2.312
17996,2.395,2.312
17997,2.444,2.312
17998,2.463,2.312
17999,2.444,2.312
18000,2.395,2.312
18001,2.336,2.312
18002,2.278,2.312
18003,2.243,2.312
18004,2.239,2.312
18005,2.239,2.312
18006,2.243,2.312
18007,2.307,2.312
18008,2.546,2.312
18009,2.869,2.312
18010,3.050,2.312
18011,3.016,2.317
18012,2.835,2.312
18013,2.639,2.317
18014,2.483,2.312
18015,2.390,2.317
18016,2.380,2.317
18017,2.419,2.317
18018,2.458,2.317
18019,2.473,2.317
18020,2.454,2.317
18021,2.410,2.317
18022,2.361,2.317
18023,2.317,2.317
18024,2.292,2.317
18025,2.278,2.317
18026,2.273,2.317
18027,2.351,2.317
18028,2.615,2.317
18029,2.942,2.317
18030,3.123,2.322
18031,3.109,2.317
18032,2.947,2.322
18033,2.752,2.317
18034,2.590,2.322
18035,2.483,2.317
18036,2.449,2.322
18037,2.468,2.322
18038,2.493,2.322
18039,2.488,2.322
18040,2.449,2.317
18041,2.400,2.322
18042,2.356,2.317
18043,2.331,2.322
18044,2.312,2.317
18045,2.287,2.322
18046,2.283,2.317
18047,2.346,2.322
18048,2.595,2.317
18049,2.928,2.317
18050,3.143,2.317
18051,3.143,2.317
18052,2.981,2.317
18053,2.781,2.317
18054,2.605,2.317
18055,2.483,2.317
18056,2.429,2.317
18057,2.444,2.317
18058,2.458,2.317
18059,2.454,2.317
18060,2.439,2.317
18061,2.419,2.312
18062,2.405,2.317
18063,2.380,2.312
18064,2.336,2.317
18065,2.297,2.312
18066,2.253,2.317
18067,2.224,2.312
18068,2.331,2.312
18069,2.674,2.312
18070,3.011,2.312
18071,3.152,2.312
18072,3.074,2.312
18073,2.874,2.312
18074,2.674,2.307
18075,2.522,2.307
18076,2.439,2.307
18077,2.434,2.307
18078,2.473,2.307
18079,2.502,2.307
18080,2.502,2.302
18081,2.473,2.302
18082,2.429,2.302
18083,2.380,2.302
18084,2.336,2.302
18085,2.307,2.297
18086,2.292,2.297
18087,2.283,2.297
18088,2.322,2.297
18089,2.532,2.292
18090,2.864,2.297
18091,3.109,2.292
18092,3.128,2.292
18093,2.967,2.287
18094,2.747,2.292
18095,2.561,2.287
18096,2.444,2.287
18097,2.395,2.287
18098,2.410,2.287
18099,2.458,2.283
18100,2.488,2.283
18101,2.483,2.283
18102,2.449,2.283
18103,2.400,2.278
18104,2.351,2.278
18105,2.312,2.278
18106,2.287,2.278
18107,2.278,2.273
18108,2.268,2.273
18109,2.307,2.268
18110,2.512,2.268
18111,2.830,2.268
18112,3.045,2.263
18113,3.050,2.263
18114,2.884,2.263
18115,2.674,2.258
18116,2.488,2.258
18117,2.370,2.253
18118,2.331,2.253
18119,2.361,2.248
18120,2.410,2.243
18121,2.434,2.243
18122,2.419,2.239
18123,2.380,2.234
18124,2.331,2.229
18125,2.287,2.229
18126,2.258,2.224
18127,2.243,2.219
18128,2.234,2.214
18129,2.229,2.214
18130,2.283,2.209
18131,2.517,2.204
18132,2.820,2.204
18133,3.016,2.199
18134,2.996,2.195
18135,2.820,2.190
18136,2.605,2.190
18137,2.419,2.185
18138,2.317,2.185
18139,2.302,2.175
18140,2.346,2.175
18141,2.410,2.170
18142,2.434,2.170
18143,2.424,2.160
18144,2.385,2.160
18145,2.331,2.155
18146,2.292,2.155
18147,2.268,2.151
18148,2.258,2.146
18149,2.248,2.141
18150,2.253,2.136
18151,2.356,2.131
18152,2.630,2.126
18153,2.903,2.126
18154,3.016,2.121
18155,2.928,2.116
18156,2.732,2.111
18157,2.532,2.111
18158,2.380,2.107
18159,2.317,2.107
18160,2.326,2.102
18161,2.385,2.102
18162,2.434,2.097
18163,2.434,2.097
18164,2.400,2.092
18165,2.361,2.092
18166,2.317,2.087
18167,2.283,2.087
18168,2.258,2.082
18169,2.253,2.082
18170,2.243,2.082
18171,2.312,2.077
18172,2.537,2.077
18173,2.835,2.072
18174,3.016,2.072
18175,2.991,2.072
18176,2.791,2.072
18177,2.586,2.067
18178,2.429,2.067
18179,2.341,2.063
18180,2.331,2.063
18181,2.375,2.063
18182,2.419,2.063
18183,2.444,2.058
18184,2.414,2.058
18185,2.380,2.053
18186,2.326,2.053
18187,2.287,2.053
18188,2.268,2.053
18189,2.258,2.053
18190,2.248,2.048
18191,2.243,2.048
18192,2.317,2.048
18193,2.571,2.048
18194,2.898,2.048
18195,3.089,2.048
18196,3.055,2.048
18197,2.879,2.048
18198,2.669,2.043
18199,2.498,2.048
18200,2.400,2.043
18201,2.375,2.048
18202,2.410,2.043
18203,2.468,2.043
18204,2.478,2.048
18205,2.449,2.043
18206,2.405,2.048
18207,2.356,2.048
18208,2.317,2.048
18209,2.283,2.048
18210,2.268,2.048
18211,2.263,2.048
18212,2.268,2.053
18213,2.366,2.048
18214,2.649,2.053
18215,2.962,2.053
18216,3.104,2.053
18217,3.035,2.053
18218,2.840,2.053
18219,2.630,2.053
18220,2.483,2.053
18221,2.395,2.058
18222,2.385,2.058
18223,2.429,2.058
18224,2.478,2.058
18225,2.488,2.058
18226,2.473,2.058
18227,2.424,2.063
18228,2.380,2.058
18229,2.346,2.063
18230,2.312,2.063
18231,2.302,2.063
18232,2.292,2.063
18233,2.292,2.063
18234,2.395,2.067
18235,2.674,2.067
18236,2.981,2.067
18237,3.104,2.067
18238,3.016,2.067
18239,2.830,2.067
18240,2.634,2.067
18241,2.483,2.067
18242,2.410,2.072
18243,2.410,2.072
18244,2.454,2.072
18245,2.493,2.072
18246,2.498,2.077
18247,2.468,2.072
18248,2.429,2.077
18249,2.380,2.077
18250,2.336,2.077
18251,2.312,2.077
18252,2.302,2.077
18253,2.287,2.077
18254,2.273,2.082
18255,2.287,2.077
18256,2.434,2.082
18257,2.781,2.082
18258,3.055,2.082
18259,3.133,2.087
18260,3.016,2.082
18261,2.801,2.087
18262,2.620,2.087
18263,2.488,2.087
18264,2.429,2.087
18265,2.434,2.092
18266,2.478,2.087
18267,2.522,2.092
18268,2.517,2.087
18269,2.478,2.092
18270,2.419,2.092
18271,2.380,2.092
18272,2.346,2.092
18273,2.322,2.097
18274,2.302,2.092
18275,2.292,2.097
18276,2.287,2.097
18277,2.287,2.097
18278,2.380,2.097
18279,2.654,2.097
18280,2.977,2.097
18281,3.143,2.102
18282,3.084,2.102
18283,2.893,2.102
18284,2.659,2.102
18285,2.512,2.102
18286,2.434,2.102
18287,2.424,2.102
18288,2.454,2.107
18289,2.502,2.102
18290,2.502,2.107
18291,2.478,2.107
18292,2.429,2.107
18293,2.380,2.107
18294,2.336,2.107
18295,2.307,2.107
18296,2.307,2.107
18297,2.297,2.111
18298,2.287,2.107
18299,2.287,2.111
18300,2.410,2.111
18301,2.698,2.111
18302,2.996,2.111
18303,3.118,2.111
18304,3.035,2.111
18305,2.835,2.116
18306,2.634,2.111
18307,2.493,2.116
18308,2.419,2.111
18309,2.429,2.116
18310,2.473,2.116
18311,2.522,2.116
18312,2.522,2.116
18313,2.483,2.116
18314,2.429,2.116
18315,2.390,2.116
18316,2.341,2.121
18317,2.326,2.116
18318,2.312,2.121
18319,2.302,2.121
18320,2.336,2.121
18321,2.522,2.121
18322,2.830,2.121
18323,3.050,2.121
18324,3.069,2.121
18325,2.918,2.121
18326,2.727,2.126
18327,2.556,2.121
18328,2.429,2.126
18329,2.395,2.126
18330,2.429,2.121
18331,2.463,2.126
18332,2.488,2.126
18333,2.473,2.126
18334,2.429,2.126
18335,2.380,2.126
18336,2.331,2.126
18337,2.302,2.126
18338,2.287,2.126
18339,2.278,2.126
18340,2.263,2.131
18341,2.258,2.126
18342,2.341,2.131
18343,2.600,2.126
18344,2.937,2.131
18345,3.143,2.131
18346,3.118,2.131
18347,2.947,2.131
18348,2.742,2.131
18349,2.566,2.131
18350,2.463,2.131
18351,2.424,2.131
18352,2.444,2.136
18353,2.483,2.131
18354,2.502,2.136
18355,2.488,2.131
18356,2.439,2.136
18357,2.390,2.136
18358,2.346,2.136
18359,2.312,2.136
18360,2.283,2.136
18361,2.278,2.136
18362,2.273,2.136
18363,2.273,2.136
18364,2.263,2.136
18365,2.302,2.136
18366,2.502,2.136
18367,2.840,2.141
18368,3.094,2.136
18369,3.143,2.141
18370,2.991,2.136
18371,2.781,2.141
18372,2.605,2.136
18373,2.483,2.141
18374,2.419,2.141
18375,2.424,2.141
18376,2.458,2.141
18377,2.488,2.141
18378,2.488,2.141
18379,2.454,2.141
18380,2.410,2.141
18381,2.366,2.141
18382,2.331,2.141
18383,2.307,2.146
18384,2.292,2.146
18385,2.287,2.146
18386,2.278,2.146
18387,2.273,2.146
18388,2.287,2.146
18389,2.444,2.146
18390,2.757,2.146
18391,3.040,2.146
18392,3.104,2.146
18393,2.967,2.146
18394,2.752,2.146
18395,2.576,2.146
18396,2.458,2.146
18397,2.410,2.146
18398,2.419,2.146
18399,2.454,2.151
18400,2.478,2.146
18401,2.478,2.151
18402,2.439,2.146
18403,2.395,2.151
18404,2.356,2.151
18405,2.322,2.151
18406,2.297,2.151
18407,2.283,2.151
18408,2.273,2.151
18409,2.268,2.151
18410,2.258,2.151
18411,2.263,2.151
18412,2.366,2.151
18413,2.644,2.151
18414,2.967,2.151
18415,3.123,2.155
18416,3.060,2.151
18417,2.869,2.155
18418,2.659,2.155
18419,2.493,2.155
18420,2.410,2.155
18421,2.400,2.155
18422,2.439,2.155
18423,2.478,2.155
18424,2.488,2.155
18425,2.468,2.155
18426,2.419,2.155
18427,2.370,2.155
18428,2.331,2.155
18429,2.302,2.155
18430,2.292,2.155
18431,2.278,2.155
18432,2.273,2.160
18433,2.268,2.155
18434,2.263,2.160
18435,2.307,2.155
18436,2.512,2.160
18437,2.825,2.160
18438,3.055,2.160
18439,3.079,2.160
18440,2.942,2.160
18441,2.737,2.160
18442,2.561,2.160
18443,2.439,2.160
18444,2.395,2.160
18445,2.414,2.160
18446,2.463,2.160
18447,2.488,2.160
18448,2.478,2.160
18449,2.439,2.160
18450,2.390,2.160
18451,2.341,2.165
18452,2.312,2.165
18453,2.297,2.165
18454,2.273,2.165
18455,2.268,2.165
18456,2.268,2.165
18457,2.370,2.165
18458,2.625,2.165
18459,2.923,2.165
18460,3.069,2.165
18461,3.021,2.165
18462,2.854,2.165
18463,2.664,2.165
18464,2.507,2.165
18465,2.410,2.165
18466,2.385,2.165
18467,2.410,2.165
18468,2.454,2.165
18469,2.468,2.170
18470,2.454,2.165
18471,2.414,2.170
18472,2.366,2.165
18473,2.322,2.170
18474,2.292,2.165
18475,2.278,2.170
18476,2.273,2.170
18477,2.263,2.170
18478,2.258,2.170
18479,2.273,2.170
18480,2.424,2.170
18481,2.727,2.170
18482,3.016,2.170
18483,3.118,2.170
18484,3.025,2.170
18485,2.825,2.170
18486,2.644,2.170
18487,2.498,2.170
18488,2.419,2.170
18489,2.410,2.170
18490,2.449,2.175
18491,2.483,2.175
18492,2.488,2.175
18493,2.463,2.175
18494,2.419,2.175
18495,2.375,2.175
18496,2.331,2.175
18497,2.302,2.175
18498,2.287,2.175
18499,2.278,2.175
18500,2.273,2.175
18501,2.258,2.175
18502,2.258,2.175
18503,2.336,2.175
18504,2.581,2.175
18505,2.893,2.175
18506,3.089,2.175
18507,3.074,2.180
18508,2.903,2.175
18509,2.698,2.180
18510,2.532,2.175
18511,2.434,2.180
18512,2.405,2.175
18513,2.429,2.180
18514,2.473,2.180
18515,2.502,2.180
18516,2.483,2.180
18517,2.439,2.180
18518,2.395,2.180
18519,2.351,2.180
18520,2.317,2.180
18521,2.302,2.180
18522,2.297,2.180
18523,2.287,2.180
18524,2.278,2.180
18525,2.283,2.185
18526,2.390,2.180
18527,2.693,2.180
18528,2.967,2.185
18529,3.069,2.180
18530,2.986,2.185
18531,2.801,2.180
18532,2.605,2.185
18533,2.463,2.185
18534,2.390,2.185
18535,2.390,2.185
18536,2.434,2.185
18537,2.478,2.185
18538,2.488,2.185
18539,2.454,2.185
18540,2.410,2.185
18541,2.361,2.185
18542,2.322,2.185
18543,2.302,2.185
18544,2.292,2.185
18545,2.283,2.185
18546,2.278,2.185
18547,2.341,2.190
18548,2.571,2.185
18549,2.874,2.190
18550,3.045,2.185
18551,3.025,2.190
18552,2.869,2.185
18553,2.674,2.190
18554,2.493,2.190
18555,2.405,2.190
18556,2.385,2.190
18557,2.410,2.190
18558,2.454,2.190
18559,2.468,2.190
18560,2.444,2.190
18561,2.405,2.190
18562,2.361,2.190
18563,2.326,2.190
18564,2.297,2.195
18565,2.283,2.190
18566,2.278,2.195
18567,2.268,2.190
18568,2.268,2.195
18569,2.336,2.190
18570,2.586,2.195
18571,2.893,2.190
18572,3.079,2.195
18573,3.055,2.195
18574,2.879,2.195
18575,2.688,2.195
18576,2.542,2.195
18577,2.444,2.195
18578,2.405,2.195
18579,2.429,2.195
18580,2.483,2.195
18581,2.502,2.195
18582,2.473,2.195
18583,2.429,2.195
18584,2.380,2.195
18585,2.346,2.199
18586,2.326,2.199
18587,2.317,2.199
18588,2.307,2.199
18589,2.302,2.199
18590,2.370,2.199
18591,2.625,2.199
18592,2.928,2.199
18593,3.074,2.199
18594,3.021,2.199
18595,2.840,2.199
18596,2.659,2.199
18597,2.517,2.199
18598,2.434,2.199
18599,2.414,2.199
18600,2.449,2.199
18601,2.493,2.199
18602,2.512,2.199
18603,2.488,2.199
18604,2.434,2.204
18605,2.380,2.199
18606,2.346,2.204
18607,2.317,2.199
18608,2.302,2.204
18609,2.297,2.199
18610,2.297,2.204
18611,2.341,2.199
18612,2.542,2.204
18613,2.854,2.204
18614,3.074,2.204
18615,3.074,2.204
18616,2.928,2.204
18617,2.732,2.204
18618,2.581,2.204
18619,2.478,2.204
18620,2.434,2.204
18621,2.449,2.204
18622,2.488,2.204
18623,2.507,2.204
18624,2.488,2.204
18625,2.449,2.204
18626,2.405,2.204
18627,2.361,2.209
18628,2.326,2.204
18629,2.307,2.209
18630,2.302,2.204
18631,2.297,2.209
18632,2.297,2.204
18633,2.297,2.209
18634,2.478,2.209
18635,2.805,2.209
18636,3.065,2.209
18637,3.109,2.209
18638,2.981,2.209
18639,2.796,2.209
18640,2.639,2.209
18641,2.522,2.209
18642,2.458,2.209
18643,2.444,2.209
18644,2.468,2.209
18645,2.488,2.209
18646,2.488,2.209
18647,2.454,2.209
18648,2.414,2.214
18649,2.375,2.209
18650,2.341,2.214
18651,2.307,2.209
18652,2.287,2.214
18653,2.287,2.209
18654,2.283,2.214
18655,2.283,2.209
18656,2.317,2.214
18657,2.512,2.209
18658,2.835,2.214
18659,3.060,2.214
18660,3.069,2.214
18661,2.893,2.214
18662,2.703,2.214
18663,2.561,2.214
18664,2.468,2.214
18665,2.429,2.214
18666,2.449,2.214
18667,2.483,2.214
18668,2.498,2.214
18669,2.488,2.219
18670,2.454,2.214
18671,2.410,2.219
18672,2.361,2.214
18673,2.336,2.219
18674,2.317,2.214
18675,2.312,2.219
18676,2.312,2.219
18677,2.307,2.219
18678,2.326,2.219
18679,2.507,2.219
18680,2.810,2.219
18681,3.035,2.219
18682,3.055,2.219
18683,2.913,2.219
18684,2.727,2.219
18685,2.566,2.219
18686,2.458,2.219
18687,2.419,2.219
18688,2.444,2.219
18689,2.483,2.219
18690,2.493,2.224
18691,2.478,2.219
18692,2.434,2.224
18693,2.390,2.224
18694,2.351,2.224
18695,2.322,2.224
18696,2.307,2.224
18697,2.292,2.224
18698,2.283,2.224
18699,2.283,2.224
18700,2.385,2.224
18701,2.659,2.224
18702,2.952,2.224
18703,3.084,2.224
18704,3.025,2.224
18705,2.859,2.224
18706,2.664,2.224
18707,2.542,2.224
18708,2.458,2.224
18709,2.444,2.224
18710,2.463,2.224
18711,2.493,2.224
18712,2.493,2.229
18713,2.468,2.224
18714,2.419,2.229
18715,2.370,2.224
18716,2.331,2.229
18717,2.317,2.224
18718,2.302,2.229
18719,2.292,2.229
18720,2.283,2.229
18721,2.273,2.229
18722,2.307,2.229
18723,2.498,2.229
18724,2.835,2.229
18725,3.089,2.229
18726,3.133,2.229
18727,2.996,2.229
18728,2.796,2.229
18729,2.649,2.229
18730,2.537,2.229
18731,2.468,2.234
18732,2.454,2.229
18733,2.478,2.234
18734,2.507,2.229
18735,2.498,2.234
18736,2.463,2.229
18737,2.414,2.234
18738,2.375,2.229
18739,2.336,2.234
18740,2.307,2.234
18741,2.292,2.234
18742,2.287,2.234
18743,2.287,2.234
18744,2.278,2.234
18745,2.307,2.234
18746,2.498,2.234
18747,2.825,2.234
18748,3.079,2.234
18749,3.113,2.234
18750,2.977,2.234
18751,2.786,2.234
18752,2.630,2.234
18753,2.522,2.234
18754,2.468,2.239
18755,2.468,2.234
18756,2.507,2.234
18757,2.532,2.234
18758,2.522,2.234
18759,2.483,2.234
18760,2.439,2.239
18761,2.385,2.234
18762,2.351,2.234
18763,2.326,2.234
18764,2.307,2.234
18765,2.297,2.234
18766,2.287,2.234
18767,2.326,2.234
18768,2.532,2.234
18769,2.884,2.234
18770,3.089,2.234
18771,3.094,2.234
18772,2.942,2.234
18773,2.757,2.234
18774,2.600,2.229
18775,2.488,2.234
18776,2.439,2.229
18777,2.449,2.234
18778,2.473,2.229
18779,2.502,2.229
18780,2.493,2.229
18781,2.454,2.229
18782,2.405,2.229
18783,2.351,2.229
18784,2.317,2.229
18785,2.292,2.229
18786,2.283,2.229
18787,2.278,2.229
18788,2.273,2.229
18789,2.263,2.229
18790,2.263,2.229
18791,2.395,2.229
18792,2.713,2.229
18793,3.025,2.229
18794,3.162,2.229
18795,3.084,2.229
18796,2.854,2.229
18797,2.683,2.229
18798,2.551,2.229
18799,2.468,2.229
18800,2.449,2.229
18801,2.468,2.229
18802,2.498,2.229
18803,2.507,2.229
18804,2.473,2.229
18805,2.429,2.229
18806,2.370,2.229
18807,2.326,2.229
18808,2.297,2.229
18809,2.287,2.229
18810,2.268,2.229
18811,2.263,2.229
18812,2.258,2.229
18813,2.248,2.229
18814,2.297,2.229
18815,2.512,2.229
18816,2.840,2.229
18817,3.084,2.229
18818,3.118,2.229
18819,2.977,2.229
18820,2.776,2.229
18821,2.610,2.229
18822,2.493,2.229
18823,2.434,2.229
18824,2.439,2.234
18825,2.473,2.229
18826,2.498,2.234
18827,2.488,2.229
18828,2.449,2.234
18829,2.400,2.229
18830,2.361,2.234
18831,2.322,2.234
18832,2.302,2.234
18833,2.297,2.234
18834,2.283,2.234
18835,2.278,2.234
18836,2.317,2.234
18837,2.517,2.234
18838,2.835,2.234
18839,3.055,2.234
18840,3.079,2.234
18841,2.942,2.234
18842,2.747,2.234
18843,2.581,2.239
18844,2.458,2.234
18845,2.410,2.239
18846,2.424,2.234
18847,2.458,2.239
18848,2.478,2.239
18849,2.468,2.239
18850,2.424,2.239
18851,2.375,2.239
18852,2.331,2.239
18853,2.302,2.239
18854,2.278,2.239
18855,2.268,2.239
18856,2.263,2.239
18857,2.253,2.239
18858,2.268,2.243
18859,2.419,2.243
18860,2.732,2.239
18861,3.030,2.243
18862,3.128,2.243
18863,3.016,2.243
18864,2.815,2.243
18865,2.634,2.243
18866,2.502,2.243
18867,2.434,2.243
18868,2.419,2.243
18869,2.449,2.243
18870,2.478,2.243
18871,2.473,2.243
18872,2.434,2.243
18873,2.385,2.243
18874,2.341,2.248
18875,2.312,2.243
18876,2.287,2.248
18877,2.278,2.248
18878,2.268,2.248
18879,2.258,2.248
18880,2.248,2.248
18881,2.278,2.248
18882,2.458,2.248
18883,2.781,2.248
18884,3.045,2.248
18885,3.113,2.248
18886,2.981,2.248
18887,2.781,2.248
18888,2.610,2.248
18889,2.493,2.253
18890,2.424,2.248
18891,2.419,2.253
18892,2.449,2.248
18893,2.483,2.253
18894,2.478,2.248
18895,2.449,2.253
18896,2.405,2.253
18897,2.351,2.253
18898,2.317,2.253
18899,2.302,2.253
18900,2.287,2.253
18901,2.292,2.253
18902,2.278,2.253
18903,2.278,2.253
18904,2.424,2.253
18905,2.722,2.253
18906,3.001,2.253
18907,3.089,2.253
18908,2.986,2.258
18909,2.796,2.253
18910,2.610,2.258
18911,2.468,2.253
18912,2.400,2.258
18913,2.400,2.258
18914,2.439,2.258
18915,2.478,2.258
18916,2.483,2.258
18917,2.454,2.258
18918,2.405,2.258
18919,2.361,2.258
18920,2.326,2.258
18921,2.297,2.258
18922,2.287,2.258
18923,2.273,2.258
18924,2.268,2.258
18925,2.297,2.258
18926,2.478,2.258
18927,2.791,2.258
18928,3.050,2.258
18929,3.099,2.263
18930,2.972,2.258
18931,2.752,2.263
18932,2.586,2.258
18933,2.463,2.263
18934,2.410,2.263
18935,2.414,2.263
18936,2.439,2.263
18937,2.463,2.263
18938,2.463,2.263
18939,2.429,2.263
18940,2.385,2.263
18941,2.341,2.263
18942,2.307,2.263
18943,2.292,2.263
18944,2.283,2.263
18945,2.273,2.263
18946,2.263,2.263
18947,2.273,2.263
18948,2.414,2.263
18949,2.727,2.263
18950,3.030,2.263
18951,3.133,2.263
18952,3.035,2.268
18953,2.830,2.263
18954,2.644,2.263
18955,2.498,2.268
18956,2.424,2.268
18957,2.405,2.268
18958,2.449,2.268
18959,2.473,2.268
18960,2.468,2.268
18961,2.439,2.268
18962,2.395,2.268
18963,2.356,2.268
18964,2.322,2.268
18965,2.297,2.268
18966,2.283,2.268
18967,2.278,2.268
18968,2.263,2.268
18969,2.268,2.268
18970,2.341,2.268
18971,2.590,2.268
18972,2.903,2.268
18973,3.099,2.268
18974,3.065,2.268
18975,2.889,2.268
18976,2.688,2.268
18977,2.522,2.268
18978,2.419,2.268
18979,2.400,2.268
18980,2.434,2.268
18981,2.473,2.268
18982,2.498,2.268
18983,2.488,2.268
18984,2.449,2.268
18985,2.395,2.268
18986,2.351,2.263
18987,2.326,2.268
18988,2.317,2.263
18989,2.307,2.268
18990,2.302,2.263
18991,2.385,2.263
18992,2.639,2.263
18993,2.937,2.263
18994,3.089,2.263
18995,3.021,2.263
18996,2.840,2.263
18997,2.649,2.263
18998,2.493,2.263
18999,2.405,2.263
19000,2.380,2.263
19001,2.419,2.263
19002,2.458,2.263
19003,2.473,2.263
19004,2.449,2.263
19005,2.405,2.258
19006,2.356,2.263
19007,2.326,2.258
19008,2.292,2.263
19009,2.273,2.258
19010,2.268,2.263
19011,2.268,2.258
19012,2.302,2.263
19013,2.493,2.258
19014,2.825,2.258
19015,3.079,2.263
19016,3.123,2.258
19017,2.986,2.263
19018,2.781,2.258
19019,2.595,2.263
19020,2.468,2.258
19021,2.410,2.263
19022,2.410,2.258
19023,2.444,2.263
19024,2.473,2.258
19025,2.473,2.263
19026,2.444,2.258
19027,2.395,2.263
19028,2.341,2.263
19029,2.307,2.263
19030,2.283,2.258
19031,2.268,2.263
19032,2.258,2.263
19033,2.253,2.263
19034,2.297,2.263
19035,2.512,2.263
19036,2.845,2.263
19037,3.069,2.263
19038,3.079,2.263
19039,2.903,2.263
19040,2.708,2.263
19041,2.546,2.263
19042,2.439,2.263
19043,2.405,2.263
19044,2.419,2.268
19045,2.458,2.263
19046,2.478,2.268
19047,2.468,2.263
19048,2.434,2.268
19049,2.385,2.263
19050,2.341,2.268
19051,2.312,2.268
19052,2.297,2.268
19053,2.287,2.268
19054,2.283,2.268
19055,2.380,2.268
19056,2.649,2.268
19057,2.947,2.268
19058,3.074,2.268
19059,3.001,2.268
19060,2.805,2.268
19061,2.620,2.268
19062,2.473,2.268
19063,2.400,2.273
19064,2.395,2.268
19065,2.434,2.273
19066,2.478,2.268
19067,2.478,2.268
19068,2.444,2.273
19069,2.400,2.273
19070,2.356,2.273
19071,2.322,2.273
19072,2.292,2.273
19073,2.273,2.268
19074,2.273,2.273
19075,2.405,2.273
19076,2.693,2.273
19077,2.986,2.273
19078,3.094,2.273
19079,3.001,2.273
19080,2.805,2.273
19081,2.625,2.273
19082,2.488,2.273
19083,2.395,2.273
19084,2.400,2.273
19085,2.429,2.273
19086,2.458,2.273
19087,2.458,2.278
19088,2.429,2.273
19089,2.380,2.278
19090,2.336,2.273
19091,2.292,2.278
19092,2.268,2.273
19093,2.258,2.278
19094,2.253,2.278
19095,2.258,2.278
19096,2.385,2.278
19097,2.693,2.273
19098,2.981,2.278
19099,3.074,2.278
19100,2.942,2.278
19101,2.713,2.278
19102,2.517,2.278
19103,2.390,2.278
19104,2.351,2.278
19105,2.385,2.278
19106,2.454,2.278
19107,2.517,2.278
19108,2.532,2.278
19109,2.488,2.278
19110,2.429,2.283
19111,2.370,2.278
19112,2.331,2.283
19113,2.307,2.278
19114,2.302,2.283
19115,2.283,2.278
19116,2.307,2.283
19117,2.488,2.278
19118,2.810,2.283
19119,3.040,2.283
19120,3.074,2.283
19121,2.942,2.283
19122,2.742,2.283
19123,2.571,2.283
19124,2.458,2.283
19125,2.405,2.283
19126,2.414,2.283
19127,2.463,2.283
19128,2.493,2.283
19129,2.488,2.283
19130,2.444,2.283
19131,2.395,2.283
19132,2.346,2.283
19133,2.317,2.283
19134,2.302,2.283
19135,2.283,2.283
19136,2.326,2.283
19137,2.542,2.283
19138,2.854,2.283
19139,3.069,2.283
19140,3.074,2.283
19141,2.913,2.283
19142,2.717,2.278
19143,2.556,2.283
19144,2.429,2.278
19145,2.380,2.283
19146,2.400,2.283
19147,2.439,2.278
19148,2.458,2.283
19149,2.449,2.278
19150,2.405,2.283
19151,2.356,2.278
19152,2.317,2.278
19153,2.283,2.278
19154,2.263,2.278
19155,2.248,2.278
19156,2.243,2.278
19157,2.366,2.278
19158,2.669,2.278
19159,2.981,2.278
19160,3.123,2.278
19161,3.055,2.278
19162,2.869,2.278
19163,2.678,2.278
19164,2.532,2.278
19165,2.434,2.278
19166,2.405,2.273
19167,2.410,2.278
19168,2.444,2.273
19169,2.454,2.278
19170,2.434,2.273
19171,2.395,2.278
19172,2.346,2.273
19173,2.302,2.278
19174,2.273,2.273
19175,2.268,2.273
19176,2.263,2.273
19177,2.253,2.273
19178,2.317,2.273
19179,2.561,2.273
19180,2.893,2.273
19181,3.104,2.273
19182,3.084,2.273
19183,2.913,2.268
19184,2.713,2.268
19185,2.551,2.268
19186,2.439,2.268
19187,2.400,2.268
19188,2.414,2.268
19189,2.449,2.263
19190,2.458,2.263
19191,2.444,2.263
19192,2.410,2.263
19193,2.366,2.258
19194,2.312,2.258
19195,2.283,2.253
19196,2.253,2.253
19197,2.248,2.253
19198,2.243,2.253
19199,2.243,2.248
19200,2.292,2.248
19201,2.502,2.248
19202,2.830,2.243
19203,3.060,2.243
19204,3.069,2.239
19205,2.923,2.239
19206,2.717,2.234
19207,2.537,2.234
19208,2.419,2.229
19209,2.370,2.224
19210,2.395,2.224
19211,2.439,2.219
19212,2.463,2.219
19213,2.454,2.214
19214,2.410,2.214
19215,2.366,2.209
19216,2.331,2.209
19217,2.297,2.204
19218,2.283,2.199
19219,2.268,2.199
19220,2.258,2.195
19221,2.312,2.195
19222,2.542,2.190
19223,2.840,2.190
19224,3.025,2.185
19225,3.011,2.185
19226,2.845,2.180
19227,2.634,2.180
19228,2.478,2.175
19229,2.380,2.175
19230,2.361,2.175
19231,2.390,2.175
19232,2.429,2.170
19233,2.439,2.170
19234,2.429,2.165
19235,2.395,2.165
19236,2.341,2.165
19237,2.302,2.165
19238,2.273,2.160
19239,2.258,2.160
19240,2.248,2.160
19241,2.258,2.160
19242,2.375,2.155
19243,2.659,2.155
19244,2.957,2.155
19245,3.089,2.155
19246,3.006,2.155
19247,2.815,2.151
19248,2.625,2.155
19249,2.478,2.151
19250,2.395,2.155
19251,2.380,2.151
19252,2.405,2.155
19253,2.439,2.151
19254,2.444,2.151
19255,2.419,2.151
19256,2.385,2.151
19257,2.341,2.151
19258,2.307,2.151
19259,2.283,2.151
19260,2.268,2.151
19261,2.248,2.151
19262,2.243,2.151
19263,2.326,2.151
19264,2.576,2.151
19265,2.903,2.151
19266,3.099,2.151
19267,3.079,2.155
19268,2.898,2.151
19269,2.688,2.155
19270,2.527,2.151
19271,2.414,2.155
19272,2.385,2.155
19273,2.410,2.155
19274,2.449,2.155
19275,2.478,2.155
19276,2.454,2.155
19277,2.419,2.155
19278,2.380,2.155
19279,2.346,2.160
19280,2.312,2.160
19281,2.283,2.155
19282,2.273,2.160
19283,2.263,2.160
19284,2.278,2.160
19285,2.429,2.160
19286,2.742,2.165
19287,3.025,2.160
19288,3.109,2.165
19289,2.991,2.165
19290,2.781,2.165
19291,2.576,2.165
19292,2.424,2.165
19293,2.356,2.165
19294,2.366,2.170
19295,2.429,2.170
19296,2.488,2.170
19297,2.507,2.170
19298,2.473,2.170
19299,2.424,2.170
19300,2.370,2.170
19301,2.331,2.170
19302,2.312,2.170
19303,2.292,2.175
19304,2.287,2.170
19305,2.395,2.175
19306,2.669,2.170
19307,2.962,2.175
19308,3.094,2.175
19309,2.996,2.175
19310,2.796,2.175
19311,2.600,2.175
19312,2.449,2.180
19313,2.375,2.175
19314,2.375,2.180
19315,2.419,2.180
19316,2.458,2.180
19317,2.463,2.180
19318,2.434,2.180
19319,2.385,2.180
19320,2.341,2.185
19321,2.307,2.180
19322,2.287,2.185
19323,2.268,2.180
19324,2.278,2.185
19325,2.410,2.185
19326,2.717,2.185
19327,3.011,2.185
19328,3.113,2.185
19329,3.011,2.185
19330,2.805,2.185
19331,2.610,2.185
19332,2.463,2.185
19333,2.385,2.190
19334,2.375,2.190
19335,2.424,2.190
19336,2.463,2.190
19337,2.463,2.190
19338,2.424,2.190
19339,2.370,2.190
19340,2.326,2.190
19341,2.292,2.190
19342,2.278,2.195
19343,2.263,2.190
19344,2.297,2.195
19345,2.507,2.190
19346,2.830,2.195
19347,3.060,2.190
19348,3.069,2.195
19349,2.908,2.195
19350,2.703,2.195
19351,2.537,2.195
19352,2.414,2.195
19353,2.370,2.195
19354,2.390,2.199
19355,2.439,2.195
19356,2.458,2.199
19357,2.444,2.195
19358,2.405,2.199
19359,2.366,2.195
19360,2.326,2.199
19361,2.302,2.199
19362,2.273,2.199
19363,2.263,2.199
19364,2.331,2.199
19365,2.571,2.199
19366,2.884,2.199
19367,3.060,2.199
19368,3.025,2.199
19369,2.849,2.199
19370,2.644,2.199
19371,2.483,2.199
19372,2.390,2.199
19373,2.375,2.199
19374,2.414,2.199
19375,2.458,2.199
19376,2.478,2.199
19377,2.463,2.199
19378,2.419,2.199
19379,2.380,2.199
19380,2.341,2.199
19381,2.317,2.195
19382,2.292,2.199
19383,2.287,2.195
19384,2.414,2.199
19385,2.708,2.195
19386,2.986,2.195
19387,3.069,2.195
19388,2.957,2.195
19389,2.742,2.195
19390,2.561,2.195
19391,2.429,2.195
19392,2.375,2.190
19393,2.405,2.190
19394,2.463,2.190
19395,2.507,2.190
19396,2.517,2.190
19397,2.478,2.190
19398,2.424,2.185
19399,2.370,2.190
19400,2.341,2.185
19401,2.322,2.190
19402,2.307,2.185
19403,2.292,2.185
19404,2.390,2.185
19405,2.678,2.185
19406,2.996,2.185
19407,3.138,2.185
19408,3.055,2.185
19409,2.845,2.185
19410,2.634,2.185
19411,2.468,2.185
19412,2.380,2.185
19413,2.361,2.185
19414,2.390,2.185
19415,2.424,2.185
19416,2.434,2.185
19417,2.410,2.180
19418,2.370,2.185
19419,2.331,2.180
19420,2.292,2.185
19421,2.263,2.180
19422,2.248,2.180
19423,2.234,2.180
19424,2.273,2.180
19425,2.473,2.180
19426,2.786,2.180
19427,3.006,2.180
19428,3.016,2.180
19429,2.864,2.175
19430,2.669,2.175
19431,2.507,2.175
19432,2.395,2.175
19433,2.366,2.175
19434,2.375,2.170
19435,2.410,2.170
19436,2.429,2.165
19437,2.410,2.170
19438,2.380,2.165
19439,2.341,2.165
19440,2.302,2.160
19441,2.278,2.160
19442,2.258,2.155
19443,2.248,2.155
19444,2.248,2.155
19445,2.253,2.151
19446,2.380,2.151
19447,2.678,2.146
19448,2.952,2.146
19449,3.040,2.141
19450,2.923,2.141
19451,2.722,2.131
19452,2.542,2.131
19453,2.410,2.126
19454,2.356,2.126
19455,2.366,2.121
19456,2.410,2.121
19457,2.444,2.116
19458,2.444,2.116
19459,2.414,2.111
19460,2.356,2.107
19461,2.312,2.107
19462,2.278,2.102
19463,2.263,2.102
19464,2.253,2.097
19465,2.248,2.097
19466,2.243,2.092
19467,2.312,2.092
19468,2.551,2.087
19469,2.859,2.087
19470,3.040,2.087
19471,2.981,2.082
19472,2.796,2.082
19473,2.595,2.077
19474,2.444,2.082
19475,2.361,2.077
19476,2.351,2.077
19477,2.385,2.072
19478,2.424,2.072
19479,2.439,2.067
19480,2.419,2.072
19481,2.390,2.067
19482,2.346,2.067
19483,2.307,2.067
19484,2.278,2.067
19485,2.258,2.063
19486,2.248,2.067
19487,2.243,2.063
19488,2.239,2.063
19489,2.234,2.063
19490,2.278,2.063
19491,2.498,2.063
19492,2.835,2.063
19493,3.069,2.063
19494,3.079,2.063
19495,2.918,2.063
19496,2.703,2.063
19497,2.507,2.063
19498,2.405,2.058
19499,2.370,2.063
19500,2.395,2.058
19501,2.434,2.063
19502,2.458,2.058
19503,2.449,2.063
19504,2.414,2.058
19505,2.366,2.063
19506,2.322,2.063
19507,2.287,2.063
19508,2.273,2.063
19509,2.263,2.063
19510,2.253,2.063
19511,2.248,2.063
19512,2.243,2.063
19513,2.239,2.063
19514,2.336,2.063
19515,2.610,2.063
19516,2.933,2.063
19517,3.109,2.063
19518,3.050,2.063
19519,2.854,2.063
19520,2.644,2.063
19521,2.483,2.063
19522,2.405,2.063
19523,2.390,2.063
19524,2.429,2.063
19525,2.468,2.063
19526,2.483,2.063
19527,2.454,2.063
19528,2.410,2.063
19529,2.370,2.063
19530,2.336,2.063
19531,2.307,2.063
19532,2.292,2.058
19533,2.292,2.063
19534,2.273,2.058
19535,2.273,2.063
19536,2.356,2.058
19537,2.610,2.058
19538,2.913,2.058
19539,3.074,2.058
19540,3.021,2.058
19541,2.835,2.058
19542,2.634,2.058
19543,2.478,2.058
19544,2.385,2.058
19545,2.370,2.058
19546,2.410,2.058
19547,2.444,2.058
19548,2.463,2.058
19549,2.449,2.058
19550,2.410,2.058
19551,2.361,2.058
19552,2.322,2.058
19553,2.302,2.058
19554,2.287,2.058
19555,2.278,2.058
19556,2.268,2.058
19557,2.273,2.058
19558,2.400,2.058
19559,2.688,2.058
19560,2.981,2.058
19561,3.109,2.063
19562,3.030,2.058
19563,2.835,2.063
19564,2.639,2.063
19565,2.483,2.063
19566,2.405,2.063
19567,2.395,2.063
19568,2.429,2.063
19569,2.468,2.067
19570,2.478,2.063
19571,2.458,2.067
19572,2.424,2.063
19573,2.375,2.067
19574,2.336,2.067
19575,2.307,2.067
19576,2.292,2.067
19577,2.283,2.067
19578,2.278,2.067
19579,2.268,2.067
19580,2.302,2.072
19581,2.502,2.067
19582,2.830,2.072
19583,3.084,2.072
19584,3.138,2.072
19585,2.991,2.072
19586,2.742,2.072
19587,2.566,2.077
19588,2.444,2.077
19589,2.395,2.077
19590,2.414,2.077
19591,2.454,2.082
19592,2.483,2.077
19593,2.483,2.082
19594,2.449,2.077
19595,2.390,2.082
19596,2.341,2.082
19597,2.297,2.082
19598,2.263,2.082
19599,2.229,2.087
19600,2.199,2.082
19601,2.195,2.087
