timestamp,PPG_signal,GSR_signal
1,2.527,1.623
2,2.512,1.618
3,2.498,1.613
4,2.488,1.608
5,2.493,1.603
6,2.493,1.598
7,2.498,1.593
8,2.498,1.588
9,2.498,1.579
10,2.493,1.569
11,2.493,1.564
12,2.493,1.554
13,2.498,1.544
14,2.502,1.535
15,2.498,1.530
16,2.498,1.520
17,2.498,1.510
18,2.498,1.500
19,2.498,1.491
20,2.502,1.481
21,2.498,1.471
22,2.498,1.461
23,2.493,1.452
24,2.493,1.442
25,2.493,1.432
26,2.498,1.422
27,2.498,1.408
28,2.498,1.398
29,2.498,1.388
30,2.498,1.378
31,2.498,1.369
32,2.493,1.359
33,2.493,1.349
34,2.498,1.344
35,2.498,1.329
36,2.498,1.320
37,2.498,1.315
38,2.502,1.305
39,2.498,1.295
40,2.502,1.290
41,2.502,1.281
42,2.507,1.276
43,2.507,1.271
44,2.507,1.261
45,2.502,1.251
46,2.502,1.241
47,2.498,1.237
48,2.498,1.232
49,2.493,1.222
50,2.493,1.217
51,2.488,1.212
52,2.488,1.202
53,2.488,1.193
54,2.488,1.188
55,2.493,1.178
56,2.493,1.173
57,2.488,1.168
58,2.493,1.158
59,2.493,1.153
60,2.493,1.149
61,2.498,1.144
62,2.498,1.139
63,2.498,1.129
64,2.498,1.124
65,2.498,1.119
66,2.493,1.114
67,2.493,1.109
68,2.493,1.105
69,2.493,1.100
70,2.493,1.095
71,2.493,1.090
72,2.488,1.085
73,2.488,1.080
74,2.488,1.080
75,2.493,1.075
76,2.493,1.070
77,2.493,1.070
78,2.498,1.065
79,2.502,1.065
80,2.502,1.065
81,2.498,1.061
82,2.493,1.061
83,2.498,1.061
84,2.498,1.061
85,2.493,1.061
86,2.493,1.061
87,2.488,1.065
88,2.488,1.065
89,2.488,1.065
90,2.493,1.065
91,2.493,1.065
92,2.493,1.070
93,2.493,1.070
94,2.493,1.070
95,2.488,1.075
96,2.493,1.075
97,2.488,1.075
98,2.493,1.080
99,2.498,1.085
100,2.493,1.085
101,2.493,1.090
102,2.493,1.095
103,2.493,1.095
104,2.493,1.100
105,2.493,1.100
106,2.493,1.105
107,2.498,1.109
108,2.498,1.109
109,2.493,1.109
110,2.498,1.114
111,2.493,1.119
112,2.493,1.119
113,2.493,1.124
114,2.493,1.124
115,2.493,1.129
116,2.493,1.134
117,2.493,1.134
118,2.493,1.139
119,2.493,1.139
120,2.498,1.144
121,2.498,1.149
122,2.493,1.149
123,2.493,1.153
124,2.488,1.158
125,2.488,1.158
126,2.488,1.163
127,2.488,1.163
128,2.488,1.168
129,2.493,1.173
130,2.488,1.173
131,2.488,1.178
132,2.493,1.183
133,2.488,1.183
134,2.493,1.183
135,2.493,1.188
136,2.488,1.188
137,2.488,1.193
138,2.493,1.197
139,2.493,1.197
140,2.493,1.202
141,2.493,1.202
142,2.498,1.202
143,2.493,1.207
144,2.493,1.207
145,2.493,1.212
146,2.493,1.212
147,2.493,1.212
148,2.493,1.217
149,2.493,1.217
150,2.488,1.217
151,2.488,1.222
152,2.493,1.222
153,2.493,1.222
154,2.493,1.222
155,2.498,1.227
156,2.498,1.227
157,2.493,1.227
158,2.488,1.227
159,2.498,1.232
160,2.493,1.232
161,2.488,1.232
162,2.493,1.232
163,2.493,1.237
164,2.493,1.237
165,2.493,1.237
166,2.493,1.237
167,2.488,1.237
168,2.488,1.237
169,2.493,1.241
170,2.493,1.241
171,2.493,1.241
172,2.493,1.241
173,2.493,1.241
174,2.488,1.246
175,2.483,1.246
176,2.478,1.251
177,2.488,1.251
178,2.493,1.251
179,2.502,1.251
180,2.493,1.251
181,2.488,1.251
182,2.478,1.256
183,2.478,1.256
184,2.478,1.256
185,2.483,1.256
186,2.483,1.256
187,2.488,1.256
188,2.488,1.261
189,2.493,1.261
190,2.493,1.261
191,2.488,1.261
192,2.488,1.266
193,2.502,1.266
194,2.493,1.266
195,2.488,1.266
196,2.493,1.266
197,2.488,1.271
198,2.493,1.271
199,2.493,1.271
200,2.488,1.271
201,2.488,1.276
202,2.488,1.276
203,2.483,1.276
204,2.488,1.276
205,2.512,1.276
206,2.522,1.281
207,2.512,1.281
208,2.502,1.281
209,2.488,1.281
210,2.483,1.281
211,2.473,1.285
212,2.468,1.285
213,2.468,1.285
214,2.468,1.285
215,2.473,1.285
216,2.483,1.290
217,2.493,1.290
218,2.498,1.290
219,2.502,1.290
220,2.493,1.290
221,2.488,1.295
222,2.483,1.295
223,2.488,1.295
224,2.488,1.295
225,2.488,1.300
226,2.488,1.300
227,2.488,1.300
228,2.493,1.300
229,2.493,1.300
230,2.493,1.305
231,2.493,1.305
232,2.493,1.305
233,2.493,1.305
234,2.498,1.310
235,2.493,1.310
236,2.493,1.310
237,2.493,1.310
238,2.493,1.310
239,2.493,1.310
240,2.493,1.310
241,2.493,1.315
242,2.488,1.315
243,2.493,1.315
244,2.493,1.315
245,2.493,1.320
246,2.493,1.320
247,2.493,1.320
248,2.493,1.320
249,2.493,1.320
250,2.493,1.325
251,2.493,1.325
252,2.493,1.325
253,2.498,1.325
254,2.493,1.325
255,2.493,1.325
256,2.493,1.329
257,2.488,1.329
258,2.493,1.329
259,2.493,1.329
260,2.493,1.329
261,2.488,1.329
262,2.493,1.334
263,2.498,1.334
264,2.493,1.334
265,2.493,1.334
266,2.493,1.334
267,2.493,1.339
268,2.493,1.339
269,2.493,1.339
270,2.493,1.339
271,2.493,1.339
272,2.493,1.339
273,2.493,1.339
274,2.493,1.344
275,2.493,1.344
276,2.493,1.344
277,2.493,1.344
278,2.493,1.344
279,2.498,1.349
280,2.493,1.349
281,2.488,1.349
282,2.488,1.349
283,2.488,1.349
284,2.493,1.349
285,2.493,1.349
286,2.493,1.349
287,2.493,1.349
288,2.493,1.349
289,2.493,1.349
290,2.493,1.349
291,2.493,1.349
292,2.488,1.349
293,2.493,1.349
294,2.493,1.349
295,2.493,1.349
296,2.493,1.349
297,2.493,1.349
298,2.493,1.349
299,2.488,1.349
300,2.493,1.349
301,2.493,1.349
302,2.493,1.349
303,2.488,1.349
304,2.488,1.349
305,2.488,1.349
306,2.493,1.349
307,2.493,1.349
308,2.498,1.349
309,2.493,1.349
310,2.493,1.349
311,2.493,1.349
312,2.498,1.349
313,2.498,1.349
314,2.498,1.349
315,2.493,1.349
316,2.507,1.349
317,2.493,1.349
318,2.488,1.349
319,2.488,1.349
320,2.488,1.349
321,2.493,1.349
322,2.493,1.349
323,2.493,1.349
324,2.493,1.349
325,2.493,1.349
326,2.493,1.349
327,2.493,1.349
328,2.493,1.349
329,2.493,1.349
330,2.493,1.354
331,2.493,1.354
332,2.493,1.354
333,2.493,1.354
334,2.493,1.354
335,2.493,1.354
336,2.493,1.354
337,2.493,1.354
338,2.493,1.354
339,2.493,1.359
340,2.498,1.359
341,2.488,1.359
342,2.483,1.359
343,2.483,1.359
344,2.493,1.359
345,2.493,1.359
346,2.498,1.359
347,2.502,1.364
348,2.507,1.364
349,2.507,1.364
350,2.507,1.364
351,2.502,1.364
352,2.502,1.364
353,2.502,1.369
354,2.498,1.369
355,2.493,1.369
356,2.493,1.369
357,2.498,1.369
358,2.498,1.369
359,2.498,1.373
360,2.498,1.369
361,2.502,1.373
362,2.502,1.373
363,2.502,1.373
364,2.498,1.373
365,2.493,1.373
366,2.493,1.373
367,2.493,1.378
368,2.498,1.378
369,2.498,1.378
370,2.498,1.378
371,2.493,1.378
372,2.493,1.378
373,2.493,1.378
374,2.493,1.378
375,2.493,1.383
376,2.498,1.383
377,2.493,1.383
378,2.493,1.383
379,2.493,1.383
380,2.493,1.383
381,2.493,1.383
382,2.493,1.383
383,2.493,1.388
384,2.488,1.388
385,2.488,1.388
386,2.483,1.388
387,2.478,1.388
388,2.478,1.388
389,2.473,1.393
390,2.473,1.388
391,2.478,1.393
392,2.483,1.393
393,2.488,1.393
394,2.493,1.393
395,2.493,1.393
396,2.488,1.393
397,2.488,1.398
398,2.493,1.393
399,2.493,1.398
400,2.493,1.398
401,2.488,1.398
402,2.488,1.398
403,2.493,1.398
404,2.493,1.398
405,2.493,1.398
406,2.493,1.403
407,2.493,1.403
408,2.488,1.403
409,2.488,1.403
410,2.488,1.403
411,2.488,1.403
412,2.488,1.403
413,2.493,1.403
414,2.493,1.408
415,2.493,1.408
416,2.493,1.408
417,2.493,1.408
418,2.498,1.408
419,2.493,1.408
420,2.493,1.408
421,2.493,1.408
422,2.498,1.408
423,2.493,1.413
424,2.498,1.413
425,2.498,1.413
426,2.493,1.413
427,2.493,1.413
428,2.493,1.413
429,2.493,1.413
430,2.498,1.413
431,2.488,1.413
432,2.488,1.417
433,2.488,1.413
434,2.493,1.417
435,2.493,1.417
436,2.493,1.417
437,2.493,1.417
438,2.502,1.417
439,2.493,1.417
440,2.488,1.417
441,2.493,1.417
442,2.498,1.422
443,2.493,1.422
444,2.498,1.422
445,2.493,1.422
446,2.493,1.422
447,2.498,1.422
448,2.493,1.422
449,2.493,1.422
450,2.493,1.422
451,2.493,1.427
452,2.493,1.427
453,2.493,1.427
454,2.493,1.427
455,2.498,1.427
456,2.498,1.427
457,2.493,1.427
458,2.498,1.427
459,2.493,1.427
460,2.498,1.427
461,2.493,1.432
462,2.493,1.432
463,2.493,1.432
464,2.493,1.432
465,2.498,1.432
466,2.498,1.432
467,2.498,1.432
468,2.493,1.432
469,2.493,1.437
470,2.493,1.437
471,2.493,1.437
472,2.493,1.437
473,2.493,1.437
474,2.493,1.437
475,2.502,1.437
476,2.502,1.437
477,2.498,1.437
478,2.498,1.437
479,2.498,1.437
480,2.502,1.442
481,2.502,1.442
482,2.507,1.442
483,2.502,1.442
484,2.502,1.442
485,2.502,1.442
486,2.507,1.442
487,2.502,1.442
488,2.498,1.442
489,2.498,1.447
490,2.498,1.447
491,2.493,1.447
492,2.493,1.447
493,2.493,1.447
494,2.493,1.447
495,2.493,1.447
496,2.498,1.447
497,2.502,1.447
498,2.507,1.447
499,2.498,1.452
500,2.493,1.447
501,2.493,1.452
502,2.493,1.452
503,2.493,1.452
504,2.502,1.452
505,2.498,1.452
506,2.498,1.452
507,2.493,1.452
508,2.493,1.452
509,2.493,1.452
510,2.493,1.457
511,2.493,1.457
512,2.493,1.457
513,2.493,1.457
514,2.493,1.457
515,2.493,1.457
516,2.493,1.457
517,2.498,1.457
518,2.493,1.457
519,2.493,1.457
520,2.498,1.457
521,2.493,1.461
522,2.493,1.461
523,2.493,1.461
524,2.493,1.461
525,2.493,1.461
526,2.498,1.461
527,2.498,1.461
528,2.493,1.461
529,2.493,1.466
530,2.493,1.461
531,2.488,1.466
532,2.493,1.466
533,2.493,1.466
534,2.493,1.466
535,2.493,1.466
536,2.493,1.466
537,2.498,1.466
538,2.498,1.466
539,2.498,1.466
540,2.493,1.471
541,2.493,1.471
542,2.493,1.471
543,2.493,1.471
544,2.493,1.471
545,2.493,1.471
546,2.493,1.471
547,2.493,1.471
548,2.493,1.471
549,2.493,1.471
550,2.493,1.471
551,2.493,1.471
552,2.488,1.476
553,2.493,1.476
554,2.493,1.476
555,2.493,1.476
556,2.498,1.476
557,2.498,1.476
558,2.498,1.476
559,2.493,1.476
560,2.502,1.476
561,2.493,1.476
562,2.488,1.476
563,2.493,1.481
564,2.493,1.481
565,2.498,1.481
566,2.498,1.481
567,2.498,1.481
568,2.498,1.481
569,2.493,1.481
570,2.488,1.481
571,2.493,1.481
572,2.493,1.481
573,2.498,1.481
574,2.502,1.481
575,2.498,1.481
576,2.493,1.481
577,2.493,1.481
578,2.498,1.476
579,2.498,1.476
580,2.498,1.476
581,2.502,1.476
582,2.493,1.471
583,2.493,1.471
584,2.493,1.471
585,2.493,1.466
586,2.493,1.466
587,2.493,1.461
588,2.493,1.457
589,2.493,1.457
590,2.493,1.452
591,2.488,1.452
592,2.493,1.447
593,2.488,1.447
594,2.488,1.442
595,2.488,1.437
596,2.493,1.437
597,2.493,1.432
598,2.493,1.432
599,2.488,1.427
600,2.493,1.422
601,2.488,1.417
602,2.493,1.417
603,2.493,1.413
604,2.488,1.408
605,2.488,1.403
606,2.493,1.403
607,2.493,1.398
608,2.498,1.393
609,2.493,1.393
610,2.493,1.388
611,2.498,1.383
612,2.498,1.383
613,2.493,1.378
614,2.488,1.378
615,2.488,1.373
616,2.488,1.373
617,2.493,1.369
618,2.488,1.369
619,2.488,1.364
620,2.498,1.364
621,2.488,1.359
622,2.488,1.359
623,2.483,1.359
624,2.488,1.359
625,2.493,1.354
626,2.488,1.354
627,2.488,1.354
628,2.488,1.354
629,2.488,1.349
630,2.493,1.349
631,2.493,1.349
632,2.483,1.349
633,2.488,1.349
634,2.488,1.349
635,2.488,1.349
636,2.493,1.349
637,2.493,1.349
638,2.493,1.349
639,2.498,1.349
640,2.493,1.349
641,2.502,1.349
642,2.493,1.349
643,2.488,1.354
644,2.493,1.354
645,2.493,1.354
646,2.498,1.354
647,2.498,1.354
648,2.498,1.354
649,2.493,1.359
650,2.493,1.359
651,2.493,1.359
652,2.488,1.359
653,2.488,1.359
654,2.493,1.364
655,2.493,1.364
656,2.493,1.364
657,2.493,1.364
658,2.493,1.369
659,2.493,1.369
660,2.493,1.369
661,2.493,1.369
662,2.493,1.373
663,2.493,1.373
664,2.493,1.373
665,2.493,1.373
666,2.493,1.373
667,2.493,1.373
668,2.493,1.378
669,2.493,1.373
670,2.493,1.373
671,2.493,1.373
672,2.488,1.373
673,2.488,1.373
674,2.493,1.373
675,2.493,1.369
676,2.498,1.369
677,2.498,1.369
678,2.493,1.364
679,2.493,1.364
680,2.498,1.359
681,2.498,1.354
682,2.502,1.349
683,2.493,1.344
684,2.488,1.339
685,2.488,1.334
686,2.493,1.329
687,2.493,1.325
688,2.493,1.320
689,2.493,1.315
690,2.502,1.310
691,2.498,1.300
692,2.493,1.295
693,2.493,1.290
694,2.493,1.281
695,2.493,1.276
696,2.493,1.266
697,2.493,1.261
698,2.498,1.256
699,2.493,1.246
700,2.493,1.241
701,2.498,1.232
702,2.493,1.227
703,2.493,1.222
704,2.493,1.212
705,2.498,1.207
706,2.498,1.202
707,2.498,1.197
708,2.493,1.193
709,2.493,1.188
710,2.493,1.183
711,2.493,1.178
712,2.488,1.173
713,2.493,1.168
714,2.493,1.163
715,2.498,1.158
716,2.498,1.153
717,2.498,1.153
718,2.498,1.149
719,2.498,1.144
720,2.493,1.139
721,2.493,1.139
722,2.493,1.134
723,2.498,1.134
724,2.493,1.129
725,2.498,1.129
726,2.493,1.129
727,2.493,1.129
728,2.493,1.129
729,2.493,1.129
730,2.488,1.129
731,2.493,1.129
732,2.488,1.129
733,2.488,1.129
734,2.493,1.129
735,2.493,1.129
736,2.493,1.129
737,2.493,1.134
738,2.493,1.134
739,2.493,1.134
740,2.498,1.139
741,2.493,1.139
742,2.502,1.144
743,2.493,1.144
744,2.493,1.149
745,2.498,1.149
746,2.493,1.149
747,2.493,1.153
748,2.493,1.153
749,2.493,1.158
750,2.493,1.158
751,2.493,1.163
752,2.488,1.163
753,2.488,1.168
754,2.493,1.168
755,2.498,1.173
756,2.498,1.173
757,2.498,1.178
758,2.498,1.178
759,2.488,1.183
760,2.488,1.183
761,2.498,1.188
762,2.493,1.188
763,2.493,1.193
764,2.493,1.193
765,2.498,1.197
766,2.498,1.197
767,2.498,1.197
768,2.493,1.202
769,2.488,1.202
770,2.488,1.207
771,2.493,1.207
772,2.493,1.212
773,2.493,1.212
774,2.493,1.212
775,2.493,1.217
776,2.493,1.217
777,2.493,1.217
778,2.498,1.222
779,2.493,1.222
780,2.493,1.222
781,2.498,1.222
782,2.498,1.227
783,2.493,1.227
784,2.493,1.227
785,2.493,1.232
786,2.493,1.232
787,2.493,1.232
788,2.493,1.232
789,2.493,1.232
790,2.493,1.237
791,2.502,1.237
792,2.498,1.237
793,2.493,1.237
794,2.488,1.241
795,2.493,1.241
796,2.498,1.241
797,2.498,1.241
798,2.498,1.241
799,2.493,1.246
800,2.498,1.246
801,2.493,1.246
802,2.493,1.251
803,2.493,1.251
804,2.507,1.251
805,2.493,1.251
806,2.488,1.251
807,2.488,1.256
808,2.493,1.256
809,2.493,1.256
810,2.493,1.256
811,2.488,1.256
812,2.493,1.261
813,2.488,1.261
814,2.488,1.261
815,2.493,1.261
816,2.493,1.266
817,2.493,1.266
818,2.493,1.266
819,2.502,1.266
820,2.498,1.266
821,2.498,1.271
822,2.493,1.271
823,2.493,1.271
824,2.493,1.271
825,2.493,1.271
826,2.493,1.276
827,2.493,1.276
828,2.498,1.276
829,2.498,1.276
830,2.493,1.281
831,2.493,1.281
832,2.493,1.281
833,2.493,1.281
834,2.493,1.281
835,2.493,1.285
836,2.493,1.285
837,2.493,1.285
838,2.493,1.285
839,2.493,1.285
840,2.493,1.285
841,2.493,1.285
842,2.498,1.285
843,2.498,1.285
844,2.493,1.285
845,2.493,1.285
846,2.498,1.285
847,2.493,1.285
848,2.493,1.285
849,2.493,1.281
850,2.493,1.281
851,2.493,1.281
852,2.498,1.276
853,2.493,1.276
854,2.488,1.271
855,2.488,1.266
856,2.488,1.266
857,2.493,1.261
858,2.488,1.256
859,2.493,1.256
860,2.493,1.251
861,2.493,1.246
862,2.493,1.241
863,2.488,1.237
864,2.493,1.237
865,2.493,1.232
866,2.483,1.227
867,2.478,1.222
868,2.473,1.217
869,2.478,1.217
870,2.483,1.212
871,2.488,1.207
872,2.488,1.202
873,2.488,1.202
874,2.488,1.197
875,2.488,1.197
876,2.488,1.193
877,2.488,1.193
878,2.488,1.188
879,2.493,1.188
880,2.498,1.183
881,2.502,1.183
882,2.512,1.178
883,2.498,1.178
884,2.488,1.178
885,2.488,1.178
886,2.493,1.173
887,2.493,1.173
888,2.498,1.173
889,2.502,1.173
890,2.498,1.173
891,2.493,1.173
892,2.493,1.173
893,2.493,1.173
894,2.488,1.173
895,2.493,1.173
896,2.488,1.173
897,2.488,1.173
898,2.488,1.173
899,2.488,1.173
900,2.493,1.173
901,2.493,1.178
902,2.498,1.178
903,2.498,1.178
904,2.498,1.178
905,2.498,1.178
906,2.498,1.183
907,2.502,1.183
908,2.498,1.183
909,2.493,1.188
910,2.498,1.188
911,2.498,1.193
912,2.507,1.193
913,2.507,1.193
914,2.502,1.197
915,2.502,1.197
916,2.502,1.197
917,2.502,1.202
918,2.507,1.202
919,2.517,1.202
920,2.512,1.207
921,2.507,1.207
922,2.502,1.207
923,2.502,1.207
924,2.502,1.207
925,2.498,1.207
926,2.507,1.207
927,2.478,1.207
928,2.473,1.207
929,2.478,1.202
930,2.483,1.202
931,2.493,1.202
932,2.498,1.197
933,2.498,1.197
934,2.498,1.193
935,2.493,1.193
936,2.493,1.188
937,2.493,1.188
938,2.493,1.183
939,2.493,1.183
940,2.493,1.178
941,2.493,1.173
942,2.502,1.168
943,2.493,1.168
944,2.488,1.163
945,2.493,1.158
946,2.498,1.153
947,2.493,1.153
948,2.493,1.144
949,2.498,1.144
950,2.498,1.139
951,2.493,1.134
952,2.498,1.134
953,2.498,1.129
954,2.488,1.124
955,2.483,1.124
956,2.488,1.119
957,2.493,1.119
958,2.498,1.114
959,2.493,1.114
960,2.493,1.109
961,2.493,1.109
962,2.498,1.105
963,2.498,1.105
964,2.493,1.100
965,2.493,1.095
966,2.493,1.095
967,2.498,1.095
968,2.498,1.090
969,2.498,1.085
970,2.493,1.080
971,2.493,1.080
972,2.498,1.075
973,2.488,1.070
974,2.483,1.065
975,2.488,1.061
976,2.488,1.056
977,2.493,1.051
978,2.502,1.046
979,2.502,1.041
980,2.502,1.031
981,2.498,1.031
982,2.498,1.022
983,2.493,1.017
984,2.493,1.012
985,2.498,1.002
986,2.493,0.997
987,2.502,0.992
988,2.493,0.987
989,2.488,0.982
990,2.493,0.978
991,2.488,0.973
992,2.493,0.968
993,2.493,0.963
994,2.488,0.958
995,2.483,0.953
996,2.488,0.948
997,2.488,0.948
998,2.498,0.943
999,2.502,0.938
1000,2.493,0.934
1001,2.493,0.934
1002,2.502,0.929
1003,2.493,0.929
1004,2.488,0.924
1005,2.488,0.924
1006,2.493,0.919
1007,2.493,0.919
1008,2.502,0.914
1009,2.502,0.914
1010,2.493,0.914
1011,2.488,0.909
1012,2.488,0.909
1013,2.493,0.909
1014,2.493,0.904
1015,2.488,0.904
1016,2.488,0.904
1017,2.493,0.904
1018,2.493,0.904
1019,2.493,0.904
1020,2.493,0.904
1021,2.498,0.904
1022,2.498,0.904
1023,2.498,0.904
1024,2.498,0.904
1025,2.498,0.909
1026,2.498,0.909
1027,2.493,0.909
1028,2.493,0.909
1029,2.493,0.909
1030,2.493,0.914
1031,2.502,0.914
1032,2.493,0.919
1033,2.488,0.919
1034,2.488,0.924
1035,2.488,0.924
1036,2.493,0.929
1037,2.493,0.929
1038,2.493,0.934
1039,2.493,0.934
1040,2.493,0.938
1041,2.493,0.943
1042,2.493,0.943
1043,2.493,0.948
1044,2.493,0.953
1045,2.493,0.953
1046,2.493,0.958
1047,2.488,0.963
1048,2.517,0.963
1049,2.493,0.968
1050,2.488,0.973
1051,2.493,0.978
1052,2.493,0.978
1053,2.493,0.982
1054,2.488,0.987
1055,2.488,0.987
1056,2.488,0.992
1057,2.493,0.997
1058,2.498,1.002
1059,2.502,1.002
1060,2.493,1.007
1061,2.488,1.012
1062,2.493,1.012
1063,2.493,1.017
1064,2.498,1.017
1065,2.493,1.022
1066,2.493,1.026
1067,2.493,1.026
1068,2.493,1.031
1069,2.493,1.031
1070,2.493,1.036
1071,2.498,1.041
1072,2.498,1.041
1073,2.493,1.046
1074,2.488,1.046
1075,2.483,1.051
1076,2.488,1.051
1077,2.488,1.056
1078,2.493,1.056
1079,2.493,1.061
1080,2.493,1.061
1081,2.493,1.065
1082,2.493,1.065
1083,2.493,1.065
1084,2.493,1.070
1085,2.493,1.070
1086,2.493,1.075
1087,2.502,1.075
1088,2.493,1.080
1089,2.488,1.080
1090,2.488,1.085
1091,2.493,1.085
1092,2.493,1.085
1093,2.493,1.090
1094,2.493,1.090
1095,2.488,1.090
1096,2.488,1.095
1097,2.488,1.095
1098,2.493,1.095
1099,2.493,1.100
1100,2.493,1.100
1101,2.493,1.100
1102,2.493,1.105
1103,2.493,1.105
1104,2.493,1.105
1105,2.493,1.105
1106,2.493,1.105
1107,2.493,1.109
1108,2.493,1.109
1109,2.507,1.109
1110,2.488,1.109
1111,2.488,1.114
1112,2.488,1.114
1113,2.493,1.114
1114,2.493,1.119
1115,2.498,1.119
1116,2.502,1.119
1117,2.488,1.119
1118,2.478,1.119
1119,2.473,1.124
1120,2.478,1.124
1121,2.478,1.124
1122,2.488,1.124
1123,2.527,1.129
1124,2.551,1.129
1125,2.551,1.129
1126,2.522,1.129
1127,2.493,1.134
1128,2.488,1.134
1129,2.488,1.134
1130,2.488,1.134
1131,2.488,1.134
1132,2.483,1.139
1133,2.483,1.139
1134,2.493,1.139
1135,2.493,1.139
1136,2.488,1.144
1137,2.483,1.144
1138,2.478,1.144
1139,2.473,1.149
1140,2.463,1.149
1141,2.478,1.149
1142,2.488,1.149
1143,2.493,1.149
1144,2.507,1.153
1145,2.498,1.153
1146,2.493,1.153
1147,2.488,1.153
1148,2.493,1.158
1149,2.493,1.158
1150,2.493,1.158
1151,2.493,1.158
1152,2.493,1.158
1153,2.493,1.163
1154,2.493,1.163
1155,2.493,1.163
1156,2.493,1.163
1157,2.493,1.163
1158,2.493,1.168
1159,2.493,1.168
1160,2.488,1.168
1161,2.488,1.168
1162,2.488,1.168
1163,2.493,1.173
1164,2.488,1.173
1165,2.488,1.173
1166,2.488,1.173
1167,2.488,1.178
1168,2.488,1.178
1169,2.493,1.178
1170,2.493,1.178
1171,2.502,1.178
1172,2.488,1.183
1173,2.493,1.183
1174,2.483,1.183
1175,2.483,1.183
1176,2.493,1.183
1177,2.493,1.183
1178,2.498,1.188
1179,2.502,1.188
1180,2.502,1.188
1181,2.507,1.188
1182,2.512,1.188
1183,2.522,1.193
1184,2.527,1.193
1185,2.527,1.193
1186,2.517,1.193
1187,2.507,1.197
1188,2.493,1.193
1189,2.488,1.197
1190,2.488,1.197
1191,2.488,1.197
1192,2.493,1.197
1193,2.498,1.202
1194,2.498,1.202
1195,2.498,1.202
1196,2.493,1.202
1197,2.498,1.202
1198,2.493,1.202
1199,2.493,1.207
1200,2.488,1.207
1201,2.498,1.207
1202,2.488,1.207
1203,2.488,1.207
1204,2.488,1.207
1205,2.493,1.212
1206,2.498,1.212
1207,2.502,1.212
1208,2.498,1.212
1209,2.488,1.212
1210,2.483,1.212
1211,2.488,1.212
1212,2.493,1.212
1213,2.493,1.212
1214,2.483,1.217
1215,2.473,1.212
1216,2.468,1.212
1217,2.473,1.217
1218,2.478,1.212
1219,2.478,1.212
1220,2.483,1.212
1221,2.488,1.212
1222,2.498,1.212
1223,2.498,1.212
1224,2.498,1.212
1225,2.498,1.212
1226,2.493,1.212
1227,2.493,1.212
1228,2.493,1.212
1229,2.498,1.212
1230,2.502,1.212
1231,2.498,1.212
1232,2.483,1.212
1233,2.483,1.212
1234,2.483,1.207
1235,2.493,1.207
1236,2.493,1.207
1237,2.498,1.207
1238,2.502,1.207
1239,2.502,1.207
1240,2.493,1.207
1241,2.493,1.212
1242,2.493,1.207
1243,2.502,1.207
1244,2.502,1.207
1245,2.502,1.207
1246,2.498,1.207
1247,2.498,1.212
1248,2.493,1.207
1249,2.483,1.212
1250,2.483,1.212
1251,2.483,1.207
1252,2.488,1.212
1253,2.493,1.212
1254,2.498,1.212
1255,2.493,1.212
1256,2.498,1.212
1257,2.493,1.212
1258,2.498,1.212
1259,2.493,1.212
1260,2.488,1.212
1261,2.488,1.212
1262,2.488,1.212
1263,2.488,1.217
1264,2.493,1.212
1265,2.498,1.217
1266,2.493,1.217
1267,2.498,1.217
1268,2.493,1.217
1269,2.493,1.217
1270,2.493,1.217
1271,2.493,1.222
1272,2.498,1.222
1273,2.493,1.222
1274,2.493,1.222
1275,2.488,1.222
1276,2.493,1.222
1277,2.493,1.222
1278,2.488,1.222
1279,2.488,1.222
1280,2.488,1.222
1281,2.493,1.222
1282,2.493,1.222
1283,2.493,1.222
1284,2.498,1.222
1285,2.498,1.222
1286,2.498,1.222
1287,2.502,1.217
1288,2.493,1.217
1289,2.488,1.212
1290,2.488,1.212
1291,2.493,1.207
1292,2.527,1.202
1293,2.493,1.197
1294,2.483,1.193
1295,2.483,1.188
1296,2.488,1.188
1297,2.498,1.178
1298,2.493,1.173
1299,2.493,1.168
1300,2.488,1.163
1301,2.488,1.158
1302,2.488,1.153
1303,2.493,1.144
1304,2.502,1.139
1305,2.498,1.129
1306,2.498,1.124
1307,2.498,1.114
1308,2.498,1.109
1309,2.502,1.100
1310,2.488,1.095
1311,2.488,1.085
1312,2.498,1.080
1313,2.498,1.070
1314,2.488,1.065
1315,2.483,1.056
1316,2.463,1.051
1317,2.463,1.041
1318,2.473,1.036
1319,2.483,1.026
1320,2.488,1.022
1321,2.493,1.012
1322,2.502,1.007
1323,2.502,1.002
1324,2.502,0.992
1325,2.498,0.987
1326,2.493,0.982
1327,2.498,0.973
1328,2.502,0.968
1329,2.507,0.963
1330,2.502,0.958
1331,2.498,0.958
1332,2.493,0.953
1333,2.488,0.948
1334,2.488,0.943
1335,2.488,0.943
1336,2.483,0.938
1337,2.488,0.938
1338,2.488,0.938
1339,2.488,0.934
1340,2.488,0.934
1341,2.488,0.934
1342,2.493,0.929
1343,2.493,0.929
1344,2.478,0.929
1345,2.478,0.929
1346,2.483,0.934
1347,2.488,0.934
1348,2.493,0.934
1349,2.502,0.934
1350,2.507,0.934
1351,2.507,0.934
1352,2.507,0.938
1353,2.512,0.938
1354,2.502,0.938
1355,2.498,0.943
1356,2.493,0.943
1357,2.488,0.948
1358,2.488,0.948
1359,2.488,0.953
1360,2.488,0.953
1361,2.488,0.953
1362,2.488,0.958
1363,2.493,0.963
1364,2.493,0.963
1365,2.488,0.968
1366,2.483,0.968
1367,2.488,0.973
1368,2.488,0.978
1369,2.493,0.978
1370,2.488,0.982
1371,2.493,0.982
1372,2.502,0.987
1373,2.488,0.992
1374,2.488,0.992
1375,2.488,0.997
1376,2.488,0.997
1377,2.493,1.002
1378,2.498,1.002
1379,2.498,1.007
1380,2.493,1.012
1381,2.493,1.012
1382,2.493,1.017
1383,2.488,1.017
1384,2.493,1.022
1385,2.502,1.022
1386,2.502,1.026
1387,2.498,1.026
1388,2.493,1.031
1389,2.493,1.036
1390,2.493,1.036
1391,2.493,1.036
1392,2.502,1.041
1393,2.502,1.041
1394,2.502,1.046
1395,2.507,1.046
1396,2.507,1.051
1397,2.507,1.051
1398,2.502,1.056
1399,2.502,1.056
1400,2.512,1.056
1401,2.493,1.061
1402,2.483,1.061
1403,2.478,1.061
1404,2.483,1.065
1405,2.493,1.065
1406,2.493,1.065
1407,2.493,1.065
1408,2.493,1.065
1409,2.493,1.065
1410,2.493,1.065
1411,2.488,1.065
1412,2.488,1.065
1413,2.488,1.061
1414,2.522,1.061
1415,2.488,1.061
1416,2.483,1.056
1417,2.488,1.056
1418,2.493,1.051
1419,2.493,1.051
1420,2.498,1.051
1421,2.498,1.046
1422,2.493,1.046
1423,2.498,1.041
1424,2.498,1.041
1425,2.493,1.036
1426,2.493,1.036
1427,2.493,1.031
1428,2.493,1.031
1429,2.502,1.026
1430,2.493,1.026
1431,2.483,1.026
1432,2.483,1.022
1433,2.483,1.022
1434,2.488,1.022
1435,2.493,1.017
1436,2.498,1.017
1437,2.498,1.017
1438,2.493,1.017
1439,2.493,1.012
1440,2.493,1.012
1441,2.493,1.012
1442,2.493,1.012
1443,2.493,1.012
1444,2.493,1.012
1445,2.498,1.012
1446,2.498,1.012
1447,2.493,1.012
1448,2.502,1.012
1449,2.493,1.012
1450,2.493,1.012
1451,2.493,1.012
1452,2.493,1.012
1453,2.493,1.012
1454,2.488,1.012
1455,2.488,1.012
1456,2.488,1.017
1457,2.507,1.017
1458,2.493,1.017
1459,2.493,1.017
1460,2.488,1.022
1461,2.493,1.022
1462,2.498,1.022
1463,2.502,1.022
1464,2.498,1.026
1465,2.498,1.026
1466,2.498,1.031
1467,2.493,1.031
1468,2.493,1.036
1469,2.488,1.036
1470,2.488,1.041
1471,2.493,1.041
1472,2.493,1.041
1473,2.498,1.046
1474,2.493,1.046
1475,2.498,1.051
1476,2.488,1.051
1477,2.483,1.056
1478,2.478,1.056
1479,2.483,1.056
1480,2.488,1.061
1481,2.498,1.061
1482,2.502,1.065
1483,2.502,1.065
1484,2.498,1.065
1485,2.493,1.070
1486,2.507,1.070
1487,2.502,1.075
1488,2.502,1.075
1489,2.507,1.075
1490,2.502,1.080
1491,2.502,1.080
1492,2.498,1.085
1493,2.493,1.085
1494,2.498,1.085
1495,2.502,1.090
1496,2.502,1.090
1497,2.498,1.090
1498,2.493,1.095
1499,2.493,1.095
1500,2.493,1.100
1501,2.493,1.100
1502,2.493,1.100
1503,2.493,1.100
1504,2.493,1.100
1505,2.493,1.105
1506,2.493,1.105
1507,2.498,1.109
1508,2.493,1.109
1509,2.493,1.109
1510,2.498,1.109
1511,2.502,1.114
1512,2.493,1.114
1513,2.483,1.114
1514,2.488,1.119
1515,2.483,1.119
1516,2.478,1.119
1517,2.478,1.119
1518,2.483,1.124
1519,2.483,1.124
1520,2.493,1.124
1521,2.493,1.129
1522,2.498,1.129
1523,2.493,1.129
1524,2.498,1.129
1525,2.498,1.129
1526,2.498,1.129
1527,2.498,1.134
1528,2.498,1.134
1529,2.493,1.134
1530,2.498,1.134
1531,2.493,1.134
1532,2.493,1.134
1533,2.493,1.134
1534,2.493,1.134
1535,2.493,1.134
1536,2.527,1.134
1537,2.488,1.134
1538,2.473,1.134
1539,2.478,1.129
1540,2.488,1.129
1541,2.502,1.129
1542,2.502,1.129
1543,2.512,1.129
1544,2.493,1.129
1545,2.488,1.129
1546,2.488,1.129
1547,2.493,1.129
1548,2.502,1.124
1549,2.498,1.129
1550,2.493,1.124
1551,2.488,1.124
1552,2.488,1.124
1553,2.488,1.124
1554,2.493,1.124
1555,2.502,1.124
1556,2.502,1.124
1557,2.498,1.124
1558,2.493,1.124
1559,2.488,1.124
1560,2.488,1.124
1561,2.483,1.124
1562,2.488,1.124
1563,2.488,1.124
1564,2.498,1.124
1565,2.498,1.129
1566,2.502,1.129
1567,2.502,1.129
1568,2.498,1.129
1569,2.502,1.129
1570,2.498,1.129
1571,2.512,1.129
1572,2.493,1.129
1573,2.483,1.129
1574,2.498,1.134
1575,2.498,1.134
1576,2.493,1.134
1577,2.493,1.134
1578,2.488,1.134
1579,2.493,1.139
1580,2.493,1.139
1581,2.493,1.139
1582,2.493,1.139
1583,2.493,1.139
1584,2.493,1.144
1585,2.502,1.144
1586,2.498,1.144
1587,2.493,1.144
1588,2.493,1.144
1589,2.493,1.144
1590,2.498,1.149
1591,2.498,1.149
1592,2.498,1.149
1593,2.493,1.153
1594,2.488,1.153
1595,2.488,1.153
1596,2.488,1.153
1597,2.512,1.153
1598,2.502,1.158
1599,2.502,1.158
1600,2.478,1.158
1601,2.483,1.158
1602,2.483,1.158
1603,2.488,1.163
1604,2.493,1.163
1605,2.493,1.163
1606,2.493,1.163
1607,2.498,1.163
1608,2.493,1.168
1609,2.493,1.168
1610,2.483,1.168
1611,2.483,1.168
1612,2.488,1.168
1613,2.493,1.168
1614,2.498,1.173
1615,2.498,1.173
1616,2.498,1.173
1617,2.493,1.173
1618,2.493,1.173
1619,2.493,1.173
1620,2.493,1.178
1621,2.493,1.173
1622,2.493,1.178
1623,2.488,1.178
1624,2.468,1.178
1625,2.478,1.178
1626,2.488,1.178
1627,2.493,1.178
1628,2.512,1.183
1629,2.493,1.183
1630,2.488,1.183
1631,2.488,1.183
1632,2.493,1.183
1633,2.493,1.183
1634,2.498,1.183
1635,2.502,1.188
1636,2.498,1.188
1637,2.502,1.188
1638,2.502,1.188
1639,2.488,1.188
1640,2.488,1.188
1641,2.483,1.193
1642,2.493,1.193
1643,2.488,1.193
1644,2.493,1.193
1645,2.493,1.193
1646,2.498,1.193
1647,2.498,1.193
1648,2.502,1.193
1649,2.498,1.197
1650,2.498,1.197
1651,2.493,1.197
1652,2.493,1.197
1653,2.493,1.197
1654,2.493,1.197
1655,2.493,1.202
1656,2.507,1.202
1657,2.488,1.202
1658,2.498,1.202
1659,2.483,1.202
1660,2.488,1.202
1661,2.498,1.207
1662,2.498,1.207
1663,2.488,1.207
1664,2.478,1.207
1665,2.468,1.207
1666,2.463,1.207
1667,2.463,1.207
1668,2.468,1.207
1669,2.478,1.212
1670,2.493,1.212
1671,2.498,1.212
1672,2.498,1.212
1673,2.498,1.212
1674,2.493,1.212
1675,2.488,1.217
1676,2.488,1.217
1677,2.488,1.217
1678,2.483,1.217
1679,2.493,1.217
1680,2.493,1.217
1681,2.493,1.217
1682,2.493,1.217
1683,2.493,1.222
1684,2.493,1.222
1685,2.507,1.222
1686,2.483,1.222
1687,2.478,1.222
1688,2.478,1.222
1689,2.488,1.222
1690,2.498,1.227
1691,2.502,1.222
1692,2.502,1.227
1693,2.498,1.227
1694,2.493,1.227
1695,2.493,1.227
1696,2.493,1.227
1697,2.493,1.227
1698,2.493,1.232
1699,2.493,1.227
1700,2.507,1.232
1701,2.502,1.232
1702,2.493,1.232
1703,2.488,1.232
1704,2.488,1.232
1705,2.493,1.232
1706,2.488,1.237
1707,2.488,1.237
1708,2.488,1.237
1709,2.488,1.237
1710,2.493,1.237
1711,2.493,1.237
1712,2.498,1.237
1713,2.512,1.237
1714,2.493,1.241
1715,2.488,1.241
1716,2.488,1.241
1717,2.488,1.241
1718,2.517,1.241
1719,2.488,1.241
1720,2.483,1.241
1721,2.488,1.241
1722,2.493,1.241
1723,2.493,1.246
1724,2.493,1.246
1725,2.493,1.246
1726,2.493,1.246
1727,2.493,1.246
1728,2.493,1.246
1729,2.488,1.251
1730,2.488,1.246
1731,2.488,1.246
1732,2.488,1.251
1733,2.493,1.246
1734,2.493,1.246
1735,2.498,1.246
1736,2.493,1.246
1737,2.498,1.246
1738,2.493,1.246
1739,2.493,1.241
1740,2.493,1.241
1741,2.493,1.241
1742,2.502,1.241
1743,2.483,1.237
1744,2.483,1.237
1745,2.483,1.237
1746,2.493,1.232
1747,2.493,1.232
1748,2.493,1.232
1749,2.493,1.227
1750,2.502,1.227
1751,2.502,1.222
1752,2.502,1.222
1753,2.493,1.222
1754,2.483,1.217
1755,2.478,1.217
1756,2.478,1.212
1757,2.488,1.212
1758,2.512,1.212
1759,2.522,1.207
1760,2.512,1.207
1761,2.502,1.202
1762,2.502,1.202
1763,2.498,1.202
1764,2.473,1.197
1765,2.463,1.197
1766,2.473,1.193
1767,2.473,1.193
1768,2.478,1.193
1769,2.483,1.188
1770,2.512,1.188
1771,2.493,1.188
1772,2.488,1.188
1773,2.493,1.183
1774,2.498,1.183
1775,2.502,1.183
1776,2.502,1.183
1777,2.498,1.183
1778,2.493,1.183
1779,2.488,1.183
1780,2.507,1.178
1781,2.483,1.178
1782,2.478,1.178
1783,2.488,1.178
1784,2.498,1.178
1785,2.498,1.178
1786,2.502,1.178
1787,2.498,1.178
1788,2.493,1.178
1789,2.493,1.178
1790,2.493,1.178
1791,2.493,1.178
1792,2.493,1.183
1793,2.493,1.183
1794,2.493,1.183
1795,2.493,1.183
1796,2.493,1.183
1797,2.488,1.183
1798,2.488,1.183
1799,2.507,1.183
1800,2.483,1.183
1801,2.478,1.188
1802,2.483,1.188
1803,2.488,1.188
1804,2.493,1.193
1805,2.498,1.193
1806,2.498,1.193
1807,2.498,1.193
1808,2.493,1.193
1809,2.493,1.193
1810,2.493,1.197
1811,2.493,1.197
1812,2.493,1.197
1813,2.498,1.197
1814,2.493,1.202
1815,2.493,1.202
1816,2.493,1.202
1817,2.493,1.202
1818,2.493,1.207
1819,2.493,1.207
1820,2.493,1.207
1821,2.488,1.207
1822,2.483,1.207
1823,2.488,1.207
1824,2.493,1.212
1825,2.493,1.212
1826,2.502,1.212
1827,2.517,1.212
1828,2.493,1.212
1829,2.483,1.217
1830,2.488,1.217
1831,2.498,1.217
1832,2.502,1.217
1833,2.498,1.217
1834,2.493,1.222
1835,2.493,1.222
1836,2.493,1.222
1837,2.493,1.222
1838,2.493,1.222
1839,2.493,1.222
1840,2.517,1.227
1841,2.483,1.227
1842,2.483,1.227
1843,2.483,1.227
1844,2.488,1.227
1845,2.493,1.227
1846,2.498,1.232
1847,2.498,1.232
1848,2.488,1.232
1849,2.493,1.232
1850,2.493,1.232
1851,2.493,1.232
1852,2.493,1.237
1853,2.493,1.237
1854,2.493,1.237
1855,2.512,1.237
1856,2.493,1.237
1857,2.488,1.237
1858,2.488,1.241
1859,2.488,1.241
1860,2.493,1.241
1861,2.498,1.241
1862,2.498,1.241
1863,2.493,1.241
1864,2.493,1.246
1865,2.493,1.246
1866,2.502,1.246
1867,2.502,1.251
1868,2.507,1.246
1869,2.498,1.251
1870,2.488,1.251
1871,2.483,1.251
1872,2.478,1.251
1873,2.483,1.251
1874,2.493,1.251
1875,2.502,1.251
1876,2.507,1.256
1877,2.502,1.256
1878,2.493,1.256
1879,2.488,1.256
1880,2.488,1.256
1881,2.488,1.256
1882,2.488,1.256
1883,2.493,1.261
1884,2.512,1.261
1885,2.488,1.261
1886,2.478,1.261
1887,2.483,1.261
1888,2.502,1.261
1889,2.498,1.266
1890,2.493,1.266
1891,2.483,1.266
1892,2.488,1.266
1893,2.493,1.266
1894,2.493,1.266
1895,2.488,1.266
1896,2.488,1.266
1897,2.498,1.271
1898,2.502,1.271
1899,2.498,1.271
1900,2.498,1.271
1901,2.502,1.271
1902,2.527,1.271
1903,2.507,1.271
1904,2.502,1.276
1905,2.493,1.276
1906,2.498,1.276
1907,2.493,1.276
1908,2.493,1.276
1909,2.488,1.276
1910,2.483,1.281
1911,2.488,1.281
1912,2.512,1.276
1913,2.473,1.281
1914,2.468,1.281
1915,2.478,1.281
1916,2.488,1.281
1917,2.493,1.281
1918,2.493,1.281
1919,2.488,1.281
1920,2.488,1.281
1921,2.493,1.281
1922,2.498,1.285
1923,2.493,1.281
1924,2.488,1.285
1925,2.488,1.285
1926,2.488,1.285
1927,2.488,1.285
1928,2.493,1.285
1929,2.488,1.285
1930,2.483,1.285
1931,2.488,1.285
1932,2.493,1.285
1933,2.493,1.285
1934,2.493,1.285
1935,2.493,1.285
1936,2.493,1.285
1937,2.493,1.281
1938,2.493,1.285
1939,2.493,1.281
1940,2.493,1.281
1941,2.507,1.281
1942,2.488,1.281
1943,2.483,1.281
1944,2.483,1.281
1945,2.488,1.281
1946,2.493,1.281
1947,2.493,1.281
1948,2.493,1.281
1949,2.498,1.281
1950,2.493,1.281
1951,2.502,1.281
1952,2.488,1.281
1953,2.488,1.281
1954,2.493,1.281
1955,2.498,1.281
1956,2.498,1.281
1957,2.502,1.285
1958,2.498,1.281
1959,2.493,1.285
1960,2.493,1.285
1961,2.493,1.285
1962,2.517,1.281
1963,2.488,1.285
1964,2.488,1.285
1965,2.488,1.285
1966,2.493,1.285
1967,2.488,1.285
1968,2.488,1.285
1969,2.498,1.285
1970,2.463,1.285
1971,2.439,1.285
1972,2.468,1.285
1973,2.493,1.290
1974,2.488,1.290
1975,2.478,1.290
1976,2.468,1.290
1977,2.463,1.290
1978,2.458,1.290
1979,2.444,1.290
1980,2.444,1.290
1981,2.473,1.290
1982,2.542,1.290
1983,2.581,1.290
1984,2.581,1.290
1985,2.546,1.290
1986,2.498,1.290
1987,2.454,1.290
1988,2.429,1.290
1989,2.434,1.290
1990,2.483,1.285
1991,2.517,1.285
1992,2.537,1.285
1993,2.527,1.285
1994,2.512,1.285
1995,2.493,1.281
1996,2.478,1.281
1997,2.473,1.281
1998,2.483,1.276
1999,2.468,1.276
2000,2.458,1.271
2001,2.463,1.271
2002,2.468,1.266
2003,2.468,1.261
2004,2.468,1.261
2005,2.463,1.256
2006,2.468,1.256
2007,2.468,1.251
2008,2.468,1.246
2009,2.473,1.241
2010,2.473,1.241
2011,2.483,1.232
2012,2.483,1.232
2013,2.488,1.227
2014,2.502,1.222
2015,2.498,1.217
2016,2.493,1.212
2017,2.493,1.207
2018,2.493,1.202
2019,2.498,1.197
2020,2.502,1.193
2021,2.498,1.193
2022,2.493,1.188
2023,2.493,1.183
2024,2.537,1.173
2025,2.488,1.168
2026,2.502,1.163
2027,2.498,1.158
2028,2.502,1.153
2029,2.493,1.149
2030,2.483,1.144
2031,2.483,1.139
2032,2.493,1.134
2033,2.507,1.129
2034,2.512,1.119
2035,2.512,1.114
2036,2.502,1.109
2037,2.502,1.105
2038,2.493,1.100
2039,2.488,1.095
2040,2.488,1.090
2041,2.488,1.085
2042,2.488,1.080
2043,2.483,1.080
2044,2.478,1.075
2045,2.478,1.070
2046,2.478,1.070
2047,2.478,1.065
2048,2.478,1.061
2049,2.478,1.061
2050,2.478,1.056
2051,2.483,1.051
2052,2.493,1.051
2053,2.493,1.046
2054,2.493,1.041
2055,2.512,1.041
2056,2.488,1.036
2057,2.483,1.036
2058,2.483,1.031
2059,2.493,1.031
2060,2.493,1.026
2061,2.493,1.026
2062,2.493,1.026
2063,2.493,1.026
2064,2.493,1.026
2065,2.493,1.022
2066,2.488,1.022
2067,2.498,1.022
2068,2.498,1.022
2069,2.498,1.022
2070,2.493,1.022
2071,2.493,1.022
2072,2.488,1.022
2073,2.483,1.022
2074,2.483,1.022
2075,2.488,1.026
2076,2.498,1.026
2077,2.517,1.026
2078,2.458,1.031
2079,2.468,1.036
2080,2.463,1.046
2081,2.463,1.056
2082,2.458,1.061
2083,2.322,1.075
2084,2.483,1.080
2085,2.517,1.080
2086,2.498,1.085
2087,2.478,1.090
2088,2.473,1.090
2089,2.473,1.095
2090,2.483,1.095
2091,2.488,1.095
2092,2.493,1.100
2093,2.493,1.100
2094,2.493,1.105
2095,2.493,1.105
2096,2.493,1.109
2097,2.488,1.109
2098,2.488,1.114
2099,2.488,1.114
2100,2.493,1.119
2101,2.493,1.119
2102,2.493,1.119
2103,2.488,1.124
2104,2.483,1.124
2105,2.488,1.124
2106,2.488,1.129
2107,2.488,1.129
2108,2.488,1.129
2109,2.488,1.129
2110,2.488,1.129
2111,2.507,1.134
2112,2.483,1.134
2113,2.478,1.134
2114,2.483,1.134
2115,2.488,1.134
2116,2.488,1.129
2117,2.488,1.129
2118,2.488,1.129
2119,2.488,1.124
2120,2.488,1.124
2121,2.488,1.124
2122,2.483,1.119
2123,2.483,1.119
2124,2.483,1.114
2125,2.488,1.109
2126,2.483,1.105
2127,2.483,1.100
2128,2.488,1.100
2129,2.488,1.095
2130,2.488,1.090
2131,2.488,1.085
2132,2.488,1.080
2133,2.493,1.075
2134,2.488,1.070
2135,2.488,1.065
2136,2.488,1.056
2137,2.488,1.056
2138,2.488,1.046
2139,2.493,1.046
2140,2.517,1.036
2141,2.493,1.031
2142,2.473,1.026
2143,2.527,1.022
2144,2.468,1.017
2145,2.463,1.012
2146,2.473,1.007
2147,2.488,1.007
2148,2.493,1.002
2149,2.493,0.997
2150,2.493,0.997
2151,2.493,0.992
2152,2.488,0.992
2153,2.488,0.987
2154,2.493,0.987
2155,2.493,0.982
2156,2.493,0.982
2157,2.493,0.982
2158,2.488,0.978
2159,2.493,0.978
2160,2.493,0.978
2161,2.488,0.978
2162,2.493,0.978
2163,2.498,0.978
2164,2.488,0.978
2165,2.483,0.978
2166,2.483,0.978
2167,2.488,0.978
2168,2.512,0.978
2169,2.488,0.978
2170,2.483,0.978
2171,2.488,0.982
2172,2.488,0.982
2173,2.493,0.982
2174,2.493,0.987
2175,2.493,0.987
2176,2.493,0.987
2177,2.493,0.992
2178,2.488,0.992
2179,2.488,0.997
2180,2.483,0.997
2181,2.488,1.002
2182,2.488,1.002
2183,2.488,1.007
2184,2.488,1.007
2185,2.493,1.012
2186,2.488,1.012
2187,2.488,1.017
2188,2.488,1.017
2189,2.488,1.022
2190,2.488,1.022
2191,2.493,1.026
2192,2.493,1.031
2193,2.493,1.031
2194,2.488,1.036
2195,2.488,1.036
2196,2.488,1.041
2197,2.527,1.046
2198,2.468,1.046
2199,2.458,1.046
2200,2.468,1.051
2201,2.483,1.051
2202,2.507,1.056
2203,2.517,1.056
2204,2.478,1.061
2205,2.473,1.061
2206,2.478,1.065
2207,2.483,1.065
2208,2.488,1.070
2209,2.493,1.070
2210,2.493,1.075
2211,2.493,1.075
2212,2.488,1.075
2213,2.488,1.080
2214,2.488,1.080
2215,2.493,1.085
2216,2.493,1.085
2217,2.493,1.085
2218,2.488,1.090
2219,2.488,1.090
2220,2.493,1.095
2221,2.488,1.095
2222,2.488,1.095
2223,2.488,1.100
2224,2.488,1.100
2225,2.507,1.100
2226,2.483,1.105
2227,2.478,1.105
2228,2.483,1.105
2229,2.488,1.105
2230,2.493,1.109
2231,2.493,1.109
2232,2.493,1.114
2233,2.493,1.114
2234,2.493,1.114
2235,2.493,1.119
2236,2.493,1.119
2237,2.493,1.119
2238,2.488,1.119
2239,2.488,1.124
2240,2.493,1.124
2241,2.493,1.124
2242,2.493,1.124
2243,2.493,1.129
2244,2.488,1.129
2245,2.488,1.129
2246,2.488,1.134
2247,2.488,1.134
2248,2.488,1.134
2249,2.493,1.134
2250,2.488,1.139
2251,2.488,1.139
2252,2.493,1.139
2253,2.488,1.139
2254,2.502,1.139
2255,2.478,1.144
2256,2.473,1.144
2257,2.483,1.144
2258,2.488,1.144
2259,2.493,1.149
2260,2.493,1.149
2261,2.493,1.149
2262,2.493,1.149
2263,2.493,1.149
2264,2.493,1.153
2265,2.556,1.153
2266,2.478,1.153
2267,2.468,1.158
2268,2.473,1.158
2269,2.483,1.158
2270,2.488,1.158
2271,2.493,1.158
2272,2.488,1.158
2273,2.483,1.163
2274,2.483,1.163
2275,2.483,1.163
2276,2.483,1.163
2277,2.483,1.163
2278,2.488,1.168
2279,2.488,1.168
2280,2.488,1.168
2281,2.488,1.168
2282,2.512,1.173
2283,2.483,1.173
2284,2.478,1.173
2285,2.478,1.173
2286,2.483,1.173
2287,2.488,1.178
2288,2.488,1.178
2289,2.493,1.178
2290,2.488,1.178
2291,2.488,1.178
2292,2.488,1.178
2293,2.488,1.183
2294,2.488,1.183
2295,2.488,1.183
2296,2.488,1.183
2297,2.483,1.183
2298,2.483,1.183
2299,2.483,1.188
2300,2.483,1.188
2301,2.488,1.188
2302,2.493,1.188
2303,2.488,1.188
2304,2.488,1.188
2305,2.488,1.188
2306,2.488,1.188
2307,2.488,1.193
2308,2.493,1.188
2309,2.488,1.188
2310,2.488,1.188
2311,2.512,1.188
2312,2.483,1.188
2313,2.478,1.188
2314,2.478,1.183
2315,2.483,1.183
2316,2.488,1.183
2317,2.488,1.183
2318,2.488,1.178
2319,2.488,1.178
2320,2.488,1.173
2321,2.483,1.173
2322,2.488,1.173
2323,2.493,1.168
2324,2.493,1.168
2325,2.493,1.168
2326,2.527,1.163
2327,2.483,1.163
2328,2.493,1.158
2329,2.493,1.158
2330,2.488,1.158
2331,2.483,1.153
2332,2.488,1.153
2333,2.493,1.153
2334,2.488,1.149
2335,2.488,1.149
2336,2.488,1.149
2337,2.493,1.149
2338,2.493,1.149
2339,2.512,1.144
2340,2.483,1.144
2341,2.473,1.144
2342,2.478,1.144
2343,2.483,1.144
2344,2.488,1.144
2345,2.493,1.144
2346,2.488,1.139
2347,2.488,1.144
2348,2.488,1.144
2349,2.488,1.139
2350,2.488,1.144
2351,2.493,1.144
2352,2.488,1.139
2353,2.488,1.144
2354,2.493,1.144
2355,2.488,1.144
2356,2.488,1.144
2357,2.488,1.144
2358,2.488,1.144
2359,2.488,1.144
2360,2.493,1.149
2361,2.493,1.149
2362,2.493,1.149
2363,2.488,1.149
2364,2.488,1.149
2365,2.488,1.153
2366,2.493,1.153
2367,2.512,1.153
2368,2.483,1.153
2369,2.478,1.153
2370,2.483,1.158
2371,2.488,1.158
2372,2.493,1.158
2373,2.498,1.163
2374,2.493,1.163
2375,2.488,1.163
2376,2.488,1.168
2377,2.488,1.168
2378,2.488,1.168
2379,2.488,1.168
2380,2.493,1.168
2381,2.493,1.173
2382,2.488,1.173
2383,2.488,1.173
2384,2.488,1.178
2385,2.493,1.178
2386,2.488,1.178
2387,2.488,1.183
2388,2.522,1.178
2389,2.473,1.183
2390,2.463,1.183
2391,2.488,1.183
2392,2.507,1.188
2393,2.498,1.188
2394,2.493,1.188
2395,2.488,1.188
2396,2.512,1.193
2397,2.483,1.193
2398,2.478,1.193
2399,2.483,1.193
2400,2.488,1.197
2401,2.493,1.197
2402,2.493,1.197
2403,2.493,1.197
2404,2.488,1.202
2405,2.488,1.202
2406,2.488,1.202
2407,2.493,1.202
2408,2.488,1.207
2409,2.493,1.202
2410,2.493,1.207
2411,2.493,1.207
2412,2.493,1.207
2413,2.493,1.212
2414,2.493,1.212
2415,2.493,1.212
2416,2.493,1.212
2417,2.488,1.212
2418,2.488,1.212
2419,2.493,1.217
2420,2.493,1.217
2421,2.493,1.217
2422,2.493,1.217
2423,2.488,1.217
2424,2.512,1.217
2425,2.488,1.222
2426,2.473,1.222
2427,2.483,1.222
2428,2.488,1.222
2429,2.493,1.222
2430,2.493,1.227
2431,2.493,1.227
2432,2.493,1.227
2433,2.493,1.227
2434,2.493,1.227
2435,2.493,1.227
2436,2.493,1.232
2437,2.493,1.232
2438,2.493,1.232
2439,2.488,1.232
2440,2.488,1.232
2441,2.488,1.232
2442,2.488,1.237
2443,2.493,1.237
2444,2.488,1.237
2445,2.488,1.237
2446,2.488,1.237
2447,2.488,1.241
2448,2.522,1.241
2449,2.483,1.241
2450,2.483,1.241
2451,2.483,1.241
2452,2.488,1.241
2453,2.532,1.241
2454,2.488,1.246
2455,2.473,1.246
2456,2.473,1.246
2457,2.478,1.251
2458,2.488,1.251
2459,2.493,1.251
2460,2.493,1.251
2461,2.493,1.251
2462,2.493,1.251
2463,2.488,1.251
2464,2.488,1.251
2465,2.488,1.256
2466,2.488,1.251
2467,2.488,1.256
2468,2.488,1.256
2469,2.493,1.256
2470,2.493,1.256
2471,2.498,1.261
2472,2.493,1.256
2473,2.493,1.261
2474,2.493,1.261
2475,2.488,1.261
2476,2.493,1.261
2477,2.493,1.261
2478,2.488,1.261
2479,2.488,1.266
2480,2.488,1.261
2481,2.512,1.266
2482,2.488,1.266
2483,2.478,1.266
2484,2.483,1.266
2485,2.488,1.271
2486,2.493,1.271
2487,2.493,1.271
2488,2.493,1.271
2489,2.493,1.271
2490,2.488,1.271
2491,2.493,1.271
2492,2.493,1.271
2493,2.493,1.276
2494,2.493,1.276
2495,2.493,1.271
2496,2.493,1.276
2497,2.493,1.276
2498,2.493,1.276
2499,2.493,1.276
2500,2.493,1.276
2501,2.493,1.276
2502,2.488,1.281
2503,2.493,1.281
2504,2.493,1.281
2505,2.493,1.281
2506,2.488,1.281
2507,2.493,1.281
2508,2.488,1.281
2509,2.488,1.281
2510,2.532,1.285
2511,2.458,1.285
2512,2.444,1.285
2513,2.463,1.285
2514,2.483,1.285
2515,2.498,1.285
2516,2.517,1.290
2517,2.502,1.290
2518,2.488,1.290
2519,2.488,1.290
2520,2.488,1.290
2521,2.488,1.290
2522,2.488,1.290
2523,2.488,1.290
2524,2.488,1.290
2525,2.488,1.295
2526,2.488,1.295
2527,2.488,1.295
2528,2.488,1.295
2529,2.488,1.295
2530,2.488,1.295
2531,2.488,1.295
2532,2.493,1.295
2533,2.493,1.300
2534,2.488,1.300
2535,2.493,1.300
2536,2.493,1.300
2537,2.488,1.300
2538,2.517,1.300
2539,2.488,1.300
2540,2.478,1.305
2541,2.483,1.300
2542,2.488,1.305
2543,2.493,1.305
2544,2.498,1.305
2545,2.493,1.305
2546,2.493,1.305
2547,2.493,1.305
2548,2.488,1.310
2549,2.488,1.310
2550,2.493,1.310
2551,2.488,1.310
2552,2.493,1.310
2553,2.488,1.310
2554,2.493,1.310
2555,2.488,1.310
2556,2.493,1.315
2557,2.493,1.315
2558,2.493,1.310
2559,2.488,1.315
2560,2.493,1.315
2561,2.493,1.315
2562,2.493,1.315
2563,2.493,1.315
2564,2.493,1.315
2565,2.493,1.315
2566,2.488,1.315
2567,2.517,1.315
2568,2.483,1.320
2569,2.473,1.320
2570,2.493,1.320
2571,2.478,1.320
2572,2.483,1.320
2573,2.483,1.320
2574,2.493,1.320
2575,2.493,1.325
2576,2.493,1.325
2577,2.493,1.325
2578,2.493,1.325
2579,2.512,1.325
2580,2.498,1.325
2581,2.493,1.325
2582,2.488,1.325
2583,2.488,1.325
2584,2.488,1.325
2585,2.493,1.329
2586,2.493,1.329
2587,2.493,1.329
2588,2.493,1.329
2589,2.493,1.329
2590,2.493,1.329
2591,2.488,1.329
2592,2.488,1.329
2593,2.488,1.334
2594,2.493,1.329
2595,2.517,1.334
2596,2.483,1.334
2597,2.478,1.334
2598,2.483,1.334
2599,2.488,1.334
2600,2.493,1.334
2601,2.493,1.334
2602,2.488,1.339
2603,2.493,1.334
2604,2.493,1.334
2605,2.493,1.339
2606,2.493,1.339
2607,2.493,1.339
2608,2.488,1.339
2609,2.488,1.339
2610,2.488,1.339
2611,2.493,1.339
2612,2.493,1.339
2613,2.488,1.344
2614,2.488,1.344
2615,2.488,1.344
2616,2.488,1.344
2617,2.488,1.344
2618,2.493,1.344
2619,2.493,1.344
2620,2.493,1.344
2621,2.488,1.344
2622,2.493,1.349
2623,2.517,1.349
2624,2.483,1.349
2625,2.473,1.349
2626,2.478,1.349
2627,2.488,1.349
2628,2.488,1.349
2629,2.493,1.349
2630,2.493,1.349
2631,2.561,1.349
2632,2.473,1.354
2633,2.454,1.354
2634,2.463,1.354
2635,2.478,1.354
2636,2.493,1.354
2637,2.498,1.354
2638,2.493,1.354
2639,2.488,1.354
2640,2.493,1.354
2641,2.493,1.359
2642,2.517,1.359
2643,2.498,1.359
2644,2.483,1.359
2645,2.483,1.359
2646,2.488,1.359
2647,2.488,1.359
2648,2.488,1.359
2649,2.493,1.359
2650,2.493,1.359
2651,2.488,1.359
2652,2.517,1.359
2653,2.478,1.354
2654,2.468,1.359
2655,2.473,1.354
2656,2.483,1.354
2657,2.488,1.354
2658,2.493,1.349
2659,2.502,1.349
2660,2.502,1.349
2661,2.498,1.344
2662,2.488,1.344
2663,2.478,1.339
2664,2.478,1.334
2665,2.478,1.334
2666,2.483,1.329
2667,2.483,1.325
2668,2.488,1.325
2669,2.493,1.320
2670,2.493,1.315
2671,2.493,1.315
2672,2.488,1.310
2673,2.488,1.305
2674,2.488,1.300
2675,2.493,1.295
2676,2.493,1.295
2677,2.488,1.290
2678,2.493,1.285
2679,2.498,1.285
2680,2.522,1.281
2681,2.488,1.276
2682,2.478,1.271
2683,2.478,1.266
2684,2.483,1.261
2685,2.488,1.261
2686,2.488,1.261
2687,2.493,1.256
2688,2.488,1.251
2689,2.488,1.251
2690,2.488,1.246
2691,2.488,1.246
2692,2.502,1.241
2693,2.478,1.237
2694,2.478,1.237
2695,2.483,1.237
2696,2.493,1.232
2697,2.498,1.232
2698,2.498,1.232
2699,2.493,1.227
2700,2.493,1.227
2701,2.493,1.227
2702,2.498,1.222
2703,2.493,1.222
2704,2.488,1.222
2705,2.512,1.222
2706,2.498,1.222
2707,2.488,1.222
2708,2.483,1.222
2709,2.517,1.222
2710,2.483,1.217
2711,2.478,1.222
2712,2.478,1.217
2713,2.483,1.217
2714,2.493,1.222
2715,2.493,1.222
2716,2.493,1.222
2717,2.498,1.222
2718,2.498,1.222
2719,2.498,1.222
2720,2.493,1.222
2721,2.493,1.222
2722,2.498,1.227
2723,2.493,1.227
2724,2.493,1.227
2725,2.493,1.227
2726,2.493,1.227
2727,2.493,1.227
2728,2.493,1.232
2729,2.493,1.227
2730,2.493,1.232
2731,2.493,1.232
2732,2.498,1.232
2733,2.498,1.232
2734,2.493,1.232
2735,2.488,1.232
2736,2.493,1.232
2737,2.522,1.232
2738,2.493,1.227
2739,2.478,1.227
2740,2.483,1.227
2741,2.493,1.227
2742,2.498,1.227
2743,2.498,1.227
2744,2.493,1.227
2745,2.498,1.227
2746,2.493,1.227
2747,2.493,1.222
2748,2.493,1.227
2749,2.493,1.222
2750,2.493,1.222
2751,2.493,1.222
2752,2.488,1.222
2753,2.571,1.222
2754,2.468,1.217
2755,2.449,1.222
2756,2.463,1.222
2757,2.483,1.217
2758,2.493,1.217
2759,2.498,1.217
2760,2.493,1.217
2761,2.493,1.217
2762,2.488,1.217
2763,2.483,1.217
2764,2.483,1.217
2765,2.483,1.217
2766,2.517,1.217
2767,2.478,1.217
2768,2.488,1.217
2769,2.488,1.222
2770,2.488,1.222
2771,2.483,1.222
2772,2.483,1.222
2773,2.488,1.222
2774,2.488,1.222
2775,2.488,1.222
2776,2.493,1.222
2777,2.488,1.227
2778,2.488,1.227
2779,2.483,1.227
2780,2.488,1.227
2781,2.488,1.227
2782,2.488,1.232
2783,2.493,1.232
2784,2.488,1.232
2785,2.493,1.232
2786,2.483,1.237
2787,2.483,1.237
2788,2.488,1.237
2789,2.488,1.237
2790,2.483,1.241
2791,2.488,1.241
2792,2.493,1.241
2793,2.488,1.241
2794,2.522,1.246
2795,2.483,1.246
2796,2.473,1.246
2797,2.483,1.251
2798,2.488,1.251
2799,2.498,1.251
2800,2.498,1.256
2801,2.493,1.256
2802,2.493,1.256
2803,2.493,1.261
2804,2.493,1.261
2805,2.498,1.261
2806,2.498,1.261
2807,2.498,1.261
2808,2.493,1.266
2809,2.493,1.266
2810,2.498,1.266
2811,2.493,1.271
2812,2.493,1.271
2813,2.488,1.271
2814,2.507,1.271
2815,2.488,1.276
2816,2.488,1.276
2817,2.493,1.276
2818,2.498,1.276
2819,2.502,1.281
2820,2.498,1.281
2821,2.498,1.281
2822,2.502,1.281
2823,2.527,1.281
2824,2.483,1.285
2825,2.473,1.285
2826,2.478,1.285
2827,2.488,1.285
2828,2.498,1.290
2829,2.498,1.290
2830,2.493,1.290
2831,2.512,1.290
2832,2.507,1.290
2833,2.488,1.290
2834,2.483,1.295
2835,2.483,1.295
2836,2.488,1.295
2837,2.488,1.295
2838,2.493,1.295
2839,2.488,1.295
2840,2.493,1.300
2841,2.498,1.300
2842,2.502,1.300
2843,2.498,1.300
2844,2.493,1.300
2845,2.493,1.305
2846,2.483,1.305
2847,2.483,1.305
2848,2.488,1.305
2849,2.493,1.305
2850,2.498,1.305
2851,2.532,1.305
2852,2.507,1.310
2853,2.483,1.305
2854,2.473,1.310
2855,2.483,1.310
2856,2.488,1.310
2857,2.488,1.310
2858,2.488,1.310
2859,2.493,1.315
2860,2.488,1.315
2861,2.483,1.315
2862,2.488,1.315
2863,2.488,1.315
2864,2.488,1.315
2865,2.483,1.315
2866,2.488,1.320
2867,2.483,1.320
2868,2.483,1.320
2869,2.483,1.320
2870,2.478,1.320
2871,2.483,1.320
2872,2.483,1.320
2873,2.483,1.325
2874,2.488,1.325
2875,2.571,1.325
2876,2.468,1.325
2877,2.449,1.325
2878,2.458,1.325
2879,2.507,1.325
2880,2.483,1.325
2881,2.473,1.329
2882,2.473,1.329
2883,2.478,1.329
2884,2.483,1.329
2885,2.483,1.329
2886,2.478,1.329
2887,2.478,1.334
2888,2.478,1.329
2889,2.478,1.334
2890,2.478,1.334
2891,2.478,1.334
2892,2.483,1.334
2893,2.488,1.334
2894,2.507,1.334
2895,2.493,1.339
2896,2.483,1.339
2897,2.483,1.339
2898,2.483,1.339
2899,2.488,1.339
2900,2.488,1.339
2901,2.488,1.339
2902,2.488,1.339
2903,2.483,1.344
2904,2.478,1.344
2905,2.483,1.344
2906,2.483,1.344
2907,2.483,1.344
2908,2.517,1.344
2909,2.478,1.344
2910,2.463,1.349
2911,2.468,1.349
2912,2.473,1.349
2913,2.483,1.349
2914,2.483,1.349
2915,2.483,1.349
2916,2.483,1.349
2917,2.483,1.349
2918,2.483,1.354
2919,2.483,1.354
2920,2.488,1.354
2921,2.488,1.354
2922,2.488,1.354
2923,2.488,1.354
2924,2.488,1.354
2925,2.488,1.354
2926,2.483,1.359
2927,2.483,1.359
2928,2.483,1.359
2929,2.483,1.359
2930,2.483,1.359
2931,2.483,1.359
2932,2.488,1.359
2933,2.488,1.359
2934,2.483,1.359
2935,2.488,1.364
2936,2.512,1.364
2937,2.463,1.364
2938,2.454,1.364
2939,2.468,1.364
2940,2.483,1.364
2941,2.488,1.364
2942,2.488,1.369
2943,2.493,1.369
2944,2.483,1.369
2945,2.483,1.369
2946,2.483,1.369
2947,2.488,1.369
2948,2.483,1.369
2949,2.478,1.369
2950,2.483,1.369
2951,2.483,1.373
2952,2.483,1.373
2953,2.483,1.373
2954,2.483,1.373
2955,2.478,1.373
2956,2.473,1.373
2957,2.498,1.378
2958,2.498,1.378
2959,2.483,1.373
2960,2.478,1.378
2961,2.478,1.378
2962,2.483,1.378
2963,2.483,1.378
2964,2.478,1.378
2965,2.517,1.378
2966,2.478,1.378
2967,2.463,1.383
2968,2.468,1.383
2969,2.483,1.383
2970,2.483,1.383
2971,2.488,1.383
2972,2.488,1.383
2973,2.488,1.383
2974,2.483,1.383
2975,2.483,1.383
2976,2.483,1.383
2977,2.488,1.383
2978,2.488,1.388
2979,2.488,1.388
2980,2.488,1.383
2981,2.488,1.388
2982,2.488,1.388
2983,2.483,1.388
2984,2.478,1.388
2985,2.483,1.383
2986,2.483,1.383
2987,2.483,1.383
2988,2.488,1.383
2989,2.483,1.383
2990,2.478,1.383
2991,2.478,1.378
2992,2.478,1.378
2993,2.517,1.378
2994,2.483,1.378
2995,2.483,1.373
2996,2.512,1.373
2997,2.615,1.369
2998,2.512,1.369
2999,2.498,1.369
3000,2.498,1.364
3001,2.507,1.364
3002,2.478,1.359
3003,2.454,1.359
3004,2.449,1.354
3005,2.458,1.349
3006,2.458,1.349
3007,2.473,1.344
3008,2.483,1.339
3009,2.493,1.339
3010,2.498,1.334
3011,2.507,1.329
3012,2.478,1.329
3013,2.473,1.325
3014,2.488,1.320
3015,2.493,1.315
3016,2.493,1.310
3017,2.493,1.310
3018,2.493,1.305
3019,2.488,1.300
3020,2.507,1.295
3021,2.493,1.290
3022,2.507,1.285
3023,2.463,1.281
3024,2.454,1.276
3025,2.463,1.276
3026,2.473,1.271
3027,2.483,1.266
3028,2.483,1.261
3029,2.483,1.261
3030,2.478,1.256
3031,2.478,1.251
3032,2.478,1.251
3033,2.483,1.251
3034,2.478,1.241
3035,2.473,1.241
3036,2.473,1.241
3037,2.478,1.237
3038,2.488,1.237
3039,2.488,1.237
3040,2.483,1.232
3041,2.478,1.232
3042,2.463,1.232
3043,2.463,1.227
3044,2.473,1.227
3045,2.478,1.227
3046,2.483,1.227
3047,2.488,1.227
3048,2.483,1.227
3049,2.478,1.222
3050,2.512,1.222
3051,2.478,1.222
3052,2.468,1.222
3053,2.458,1.222
3054,2.458,1.222
3055,2.463,1.217
3056,2.473,1.217
3057,2.473,1.217
3058,2.483,1.212
3059,2.458,1.212
3060,2.488,1.212
3061,2.502,1.207
3062,2.502,1.202
3063,2.488,1.202
3064,2.473,1.197
3065,2.473,1.193
3066,2.478,1.188
3067,2.478,1.183
3068,2.473,1.178
3069,2.478,1.173
3070,2.483,1.168
3071,2.488,1.163
3072,2.488,1.158
3073,2.488,1.149
3074,2.488,1.149
3075,2.488,1.139
3076,2.478,1.134
3077,2.483,1.129
3078,2.488,1.119
3079,2.517,1.114
3080,2.473,1.109
3081,2.463,1.100
3082,2.493,1.095
3083,2.493,1.085
3084,2.488,1.080
3085,2.488,1.075
3086,2.488,1.070
3087,2.488,1.065
3088,2.483,1.061
3089,2.483,1.056
3090,2.488,1.051
3091,2.483,1.046
3092,2.488,1.041
3093,2.488,1.036
3094,2.493,1.031
3095,2.488,1.031
3096,2.483,1.026
3097,2.488,1.022
3098,2.493,1.022
3099,2.493,1.022
3100,2.488,1.017
3101,2.488,1.017
3102,2.488,1.012
3103,2.488,1.012
3104,2.488,1.012
3105,2.483,1.007
3106,2.483,1.007
3107,2.517,1.007
3108,2.483,1.007
3109,2.473,1.007
3110,2.478,1.007
3111,2.483,1.007
3112,2.488,1.007
3113,2.488,1.007
3114,2.488,1.007
3115,2.493,1.007
3116,2.493,1.012
3117,2.498,1.012
3118,2.498,1.012
3119,2.586,1.012
3120,2.468,1.017
3121,2.439,1.017
3122,2.454,1.022
3123,2.478,1.022
3124,2.493,1.026
3125,2.498,1.026
3126,2.493,1.031
3127,2.488,1.031
3128,2.483,1.036
3129,2.483,1.036
3130,2.483,1.041
3131,2.483,1.041
3132,2.488,1.046
3133,2.488,1.046
3134,2.488,1.051
3135,2.527,1.056
3136,2.478,1.056
3137,2.458,1.061
3138,2.429,1.061
3139,2.434,1.061
3140,2.449,1.065
3141,2.454,1.065
3142,2.463,1.065
3143,2.473,1.070
3144,2.478,1.070
3145,2.502,1.070
3146,2.488,1.070
3147,2.488,1.070
3148,2.488,1.070
3149,2.488,1.065
3150,2.483,1.065
3151,2.488,1.065
3152,2.498,1.061
3153,2.498,1.061
3154,2.493,1.056
3155,2.493,1.056
3156,2.488,1.051
3157,2.478,1.046
3158,2.463,1.046
3159,2.458,1.041
3160,2.458,1.036
3161,2.463,1.036
3162,2.468,1.031
3163,2.483,1.026
3164,2.537,1.022
3165,2.507,1.017
3166,2.488,1.017
3167,2.473,1.012
3168,2.473,1.007
3169,2.468,1.002
3170,2.468,1.002
3171,2.473,0.997
3172,2.483,0.992
3173,2.483,0.992
3174,2.507,0.987
3175,2.522,0.987
3176,2.517,0.982
3177,2.498,0.982
3178,2.493,0.978
3179,2.473,0.978
3180,2.478,0.973
3181,2.439,0.973
3182,2.419,0.973
3183,2.419,0.968
3184,2.429,0.968
3185,2.449,0.968
3186,2.473,0.968
3187,2.498,0.968
3188,2.517,0.968
3189,2.522,0.968
3190,2.517,0.963
3191,2.502,0.963
3192,2.527,0.968
3193,2.478,0.968
3194,2.463,0.968
3195,2.468,0.968
3196,2.478,0.968
3197,2.483,0.968
3198,2.483,0.968
3199,2.478,0.968
3200,2.478,0.973
3201,2.488,0.973
3202,2.493,0.973
3203,2.483,0.978
3204,2.478,0.978
3205,2.473,0.978
3206,2.478,0.982
3207,2.478,0.982
3208,2.502,0.982
3209,2.483,0.987
3210,2.468,0.992
3211,2.468,0.992
3212,2.468,0.997
3213,2.483,0.997
3214,2.502,1.002
3215,2.512,1.002
3216,2.507,1.007
3217,2.498,1.012
3218,2.493,1.012
3219,2.483,1.017
3220,2.483,1.017
3221,2.512,1.022
3222,2.473,1.026
3223,2.458,1.026
3224,2.463,1.031
3225,2.468,1.036
3226,2.473,1.036
3227,2.483,1.036
3228,2.483,1.041
3229,2.483,1.046
3230,2.483,1.046
3231,2.473,1.051
3232,2.473,1.051
3233,2.488,1.056
3234,2.488,1.056
3235,2.483,1.061
3236,2.483,1.061
3237,2.502,1.065
3238,2.498,1.065
3239,2.498,1.070
3240,2.488,1.070
3241,2.581,1.075
3242,2.463,1.080
3243,2.444,1.080
3244,2.458,1.085
3245,2.483,1.085
3246,2.493,1.090
3247,2.502,1.090
3248,2.493,1.090
3249,2.522,1.095
3250,2.468,1.095
3251,2.458,1.100
3252,2.463,1.100
3253,2.478,1.105
3254,2.488,1.105
3255,2.493,1.105
3256,2.488,1.109
3257,2.483,1.109
3258,2.483,1.114
3259,2.483,1.114
3260,2.483,1.114
3261,2.488,1.119
3262,2.483,1.119
3263,2.478,1.119
3264,2.478,1.124
3265,2.473,1.124
3266,2.468,1.124
3267,2.483,1.129
3268,2.493,1.129
3269,2.493,1.134
3270,2.488,1.134
3271,2.512,1.134
3272,2.502,1.134
3273,2.488,1.139
3274,2.483,1.139
3275,2.473,1.139
3276,2.478,1.144
3277,2.478,1.144
3278,2.517,1.144
3279,2.478,1.149
3280,2.463,1.149
3281,2.468,1.149
3282,2.478,1.153
3283,2.488,1.153
3284,2.493,1.153
3285,2.493,1.153
3286,2.488,1.158
3287,2.488,1.158
3288,2.488,1.158
3289,2.483,1.163
3290,2.483,1.163
3291,2.488,1.163
3292,2.493,1.163
3293,2.493,1.168
3294,2.493,1.168
3295,2.493,1.168
3296,2.488,1.173
3297,2.488,1.173
3298,2.488,1.173
3299,2.488,1.173
3300,2.483,1.173
3301,2.478,1.178
3302,2.493,1.178
3303,2.468,1.178
3304,2.454,1.183
3305,2.473,1.183
3306,2.537,1.183
3307,2.493,1.183
3308,2.468,1.183
3309,2.468,1.188
3310,2.483,1.188
3311,2.493,1.188
3312,2.498,1.188
3313,2.493,1.193
3314,2.493,1.193
3315,2.493,1.193
3316,2.493,1.193
3317,2.488,1.193
3318,2.483,1.197
3319,2.488,1.197
3320,2.488,1.197
3321,2.488,1.202
3322,2.493,1.202
3323,2.493,1.202
3324,2.488,1.202
3325,2.488,1.202
3326,2.488,1.207
3327,2.488,1.207
3328,2.488,1.207
3329,2.488,1.207
3330,2.493,1.212
3331,2.493,1.212
3332,2.493,1.212
3333,2.502,1.212
3334,2.517,1.212
3335,2.522,1.212
3336,2.463,1.217
3337,2.454,1.217
3338,2.458,1.217
3339,2.478,1.217
3340,2.488,1.222
3341,2.498,1.222
3342,2.493,1.222
3343,2.488,1.222
3344,2.483,1.222
3345,2.478,1.227
3346,2.488,1.227
3347,2.493,1.227
3348,2.493,1.227
3349,2.498,1.227
3350,2.493,1.232
3351,2.493,1.232
3352,2.488,1.232
3353,2.483,1.232
3354,2.488,1.232
3355,2.488,1.232
3356,2.488,1.237
3357,2.488,1.237
3358,2.488,1.237
3359,2.483,1.237
3360,2.483,1.237
3361,2.488,1.241
3362,2.488,1.241
3363,2.556,1.241
3364,2.434,1.241
3365,2.414,1.241
3366,2.439,1.241
3367,2.478,1.246
3368,2.502,1.246
3369,2.507,1.246
3370,2.502,1.251
3371,2.488,1.251
3372,2.483,1.251
3373,2.483,1.251
3374,2.483,1.251
3375,2.488,1.251
3376,2.488,1.256
3377,2.493,1.251
3378,2.488,1.256
3379,2.488,1.256
3380,2.483,1.256
3381,2.488,1.261
3382,2.483,1.261
3383,2.483,1.261
3384,2.488,1.261
3385,2.488,1.261
3386,2.488,1.261
3387,2.493,1.261
3388,2.488,1.261
3389,2.488,1.266
3390,2.488,1.266
3391,2.532,1.266
3392,2.483,1.266
3393,2.473,1.266
3394,2.473,1.266
3395,2.478,1.271
3396,2.488,1.271
3397,2.517,1.271
3398,2.517,1.271
3399,2.493,1.271
3400,2.468,1.276
3401,2.463,1.271
3402,2.473,1.276
3403,2.483,1.276
3404,2.493,1.276
3405,2.493,1.276
3406,2.493,1.276
3407,2.493,1.276
3408,2.493,1.281
3409,2.493,1.281
3410,2.493,1.281
3411,2.493,1.281
3412,2.493,1.281
3413,2.488,1.281
3414,2.488,1.281
3415,2.488,1.281
3416,2.488,1.281
3417,2.483,1.281
3418,2.483,1.281
3419,2.478,1.285
3420,2.512,1.285
3421,2.463,1.285
3422,2.454,1.285
3423,2.522,1.285
3424,2.473,1.285
3425,2.473,1.285
3426,2.483,1.285
3427,2.483,1.285
3428,2.493,1.285
3429,2.488,1.285
3430,2.488,1.285
3431,2.488,1.285
3432,2.488,1.285
3433,2.488,1.290
3434,2.488,1.285
3435,2.488,1.290
3436,2.488,1.290
3437,2.483,1.290
3438,2.478,1.290
3439,2.483,1.290
3440,2.483,1.290
3441,2.488,1.290
3442,2.488,1.290
3443,2.488,1.290
3444,2.488,1.295
3445,2.483,1.295
3446,2.483,1.295
3447,2.483,1.295
3448,2.527,1.295
3449,2.483,1.295
3450,2.468,1.295
3451,2.478,1.295
3452,2.483,1.295
3453,2.498,1.300
3454,2.498,1.300
3455,2.488,1.300
3456,2.483,1.300
3457,2.478,1.300
3458,2.483,1.300
3459,2.483,1.300
3460,2.512,1.300
3461,2.507,1.300
3462,2.488,1.305
3463,2.468,1.305
3464,2.454,1.305
3465,2.454,1.305
3466,2.478,1.305
3467,2.488,1.305
3468,2.458,1.310
3469,2.458,1.310
3470,2.493,1.310
3471,2.512,1.310
3472,2.502,1.310
3473,2.493,1.310
3474,2.483,1.310
3475,2.473,1.310
3476,2.463,1.315
3477,2.498,1.315
3478,2.454,1.315
3479,2.439,1.315
3480,2.449,1.315
3481,2.463,1.315
3482,2.478,1.315
3483,2.483,1.320
3484,2.478,1.320
3485,2.532,1.320
3486,2.458,1.320
3487,2.444,1.320
3488,2.473,1.320
3489,2.502,1.320
3490,2.517,1.325
3491,2.512,1.325
3492,2.512,1.325
3493,2.502,1.325
3494,2.498,1.325
3495,2.493,1.325
3496,2.488,1.325
3497,2.493,1.325
3498,2.493,1.329
3499,2.493,1.329
3500,2.488,1.329
3501,2.493,1.329
3502,2.488,1.329
3503,2.493,1.329
3504,2.488,1.329
3505,2.532,1.329
3506,2.478,1.329
3507,2.458,1.334
3508,2.468,1.334
3509,2.483,1.334
3510,2.488,1.334
3511,2.493,1.334
3512,2.493,1.334
3513,2.493,1.339
3514,2.488,1.334
3515,2.483,1.339
3516,2.483,1.339
3517,2.488,1.339
3518,2.493,1.339
3519,2.488,1.339
3520,2.493,1.339
3521,2.493,1.339
3522,2.488,1.339
3523,2.512,1.339
3524,2.507,1.339
3525,2.488,1.344
3526,2.478,1.344
3527,2.483,1.344
3528,2.488,1.344
3529,2.488,1.344
3530,2.488,1.344
3531,2.488,1.349
3532,2.488,1.349
3533,2.483,1.349
3534,2.527,1.349
3535,2.478,1.349
3536,2.463,1.349
3537,2.468,1.349
3538,2.483,1.349
3539,2.493,1.349
3540,2.498,1.354
3541,2.493,1.349
3542,2.493,1.354
3543,2.493,1.354
3544,2.488,1.354
3545,2.537,1.354
3546,2.473,1.354
3547,2.463,1.354
3548,2.478,1.354
3549,2.483,1.354
3550,2.493,1.359
3551,2.493,1.359
3552,2.488,1.359
3553,2.488,1.359
3554,2.488,1.359
3555,2.493,1.359
3556,2.493,1.359
3557,2.493,1.359
3558,2.493,1.364
3559,2.488,1.364
3560,2.488,1.364
3561,2.488,1.364
3562,2.532,1.364
3563,2.478,1.364
3564,2.463,1.364
3565,2.473,1.364
3566,2.483,1.364
3567,2.493,1.369
3568,2.488,1.369
3569,2.488,1.364
3570,2.488,1.369
3571,2.488,1.369
3572,2.488,1.369
3573,2.493,1.369
3574,2.483,1.369
3575,2.483,1.369
3576,2.488,1.369
3577,2.493,1.369
3578,2.498,1.373
3579,2.502,1.373
3580,2.498,1.373
3581,2.493,1.373
3582,2.493,1.373
3583,2.483,1.373
3584,2.478,1.373
3585,2.478,1.373
3586,2.502,1.373
3587,2.498,1.373
3588,2.473,1.378
3589,2.468,1.378
3590,2.478,1.378
3591,2.517,1.378
3592,2.473,1.378
3593,2.458,1.378
3594,2.468,1.378
3595,2.483,1.378
3596,2.488,1.378
3597,2.493,1.383
3598,2.493,1.383
3599,2.488,1.383
3600,2.488,1.383
3601,2.488,1.383
3602,2.493,1.383
3603,2.498,1.383
3604,2.488,1.383
3605,2.488,1.383
3606,2.483,1.388
3607,2.537,1.388
3608,2.454,1.388
3609,2.434,1.388
3610,2.449,1.388
3611,2.483,1.388
3612,2.498,1.388
3613,2.502,1.388
3614,2.493,1.388
3615,2.493,1.388
3616,2.493,1.393
3617,2.493,1.388
3618,2.493,1.393
3619,2.537,1.393
3620,2.483,1.393
3621,2.468,1.393
3622,2.473,1.393
3623,2.483,1.393
3624,2.493,1.393
3625,2.498,1.398
3626,2.493,1.393
3627,2.493,1.398
3628,2.488,1.398
3629,2.488,1.398
3630,2.483,1.398
3631,2.488,1.398
3632,2.493,1.398
3633,2.498,1.398
3634,2.488,1.398
3635,2.488,1.398
3636,2.483,1.398
3637,2.483,1.398
3638,2.488,1.398
3639,2.493,1.403
3640,2.498,1.403
3641,2.493,1.403
3642,2.493,1.403
3643,2.493,1.403
3644,2.493,1.403
3645,2.493,1.403
3646,2.493,1.403
3647,2.537,1.403
3648,2.512,1.408
3649,2.473,1.408
3650,2.468,1.408
3651,2.473,1.408
3652,2.488,1.408
3653,2.498,1.408
3654,2.498,1.408
3655,2.493,1.408
3656,2.488,1.408
3657,2.488,1.408
3658,2.488,1.408
3659,2.488,1.408
3660,2.488,1.413
3661,2.488,1.413
3662,2.493,1.413
3663,2.498,1.413
3664,2.493,1.413
3665,2.493,1.413
3666,2.488,1.413
3667,2.551,1.413
3668,2.483,1.413
3669,2.473,1.413
3670,2.473,1.417
3671,2.483,1.417
3672,2.493,1.417
3673,2.498,1.417
3674,2.498,1.417
3675,2.493,1.417
3676,2.532,1.417
3677,2.478,1.417
3678,2.458,1.417
3679,2.468,1.417
3680,2.483,1.417
3681,2.498,1.417
3682,2.498,1.422
3683,2.498,1.422
3684,2.498,1.422
3685,2.493,1.422
3686,2.488,1.422
3687,2.493,1.422
3688,2.493,1.422
3689,2.493,1.422
3690,2.493,1.422
3691,2.493,1.422
3692,2.488,1.422
3693,2.493,1.427
3694,2.493,1.427
3695,2.493,1.427
3696,2.488,1.427
3697,2.488,1.427
3698,2.488,1.427
3699,2.488,1.427
3700,2.488,1.427
3701,2.493,1.427
3702,2.493,1.427
3703,2.498,1.427
3704,2.542,1.427
3705,2.483,1.432
3706,2.463,1.432
3707,2.468,1.432
3708,2.483,1.432
3709,2.498,1.432
3710,2.502,1.432
3711,2.527,1.432
3712,2.502,1.432
3713,2.483,1.432
3714,2.483,1.437
3715,2.488,1.437
3716,2.488,1.437
3717,2.493,1.437
3718,2.493,1.437
3719,2.493,1.437
3720,2.493,1.437
3721,2.488,1.437
3722,2.488,1.437
3723,2.493,1.437
3724,2.488,1.437
3725,2.493,1.437
3726,2.493,1.442
3727,2.493,1.437
3728,2.488,1.442
3729,2.551,1.437
3730,2.449,1.442
3731,2.429,1.442
3732,2.454,1.442
3733,2.532,1.442
3734,2.488,1.442
3735,2.468,1.442
3736,2.473,1.442
3737,2.483,1.447
3738,2.488,1.442
3739,2.493,1.447
3740,2.493,1.447
3741,2.488,1.447
3742,2.488,1.447
3743,2.488,1.447
3744,2.488,1.447
3745,2.488,1.447
3746,2.488,1.447
3747,2.483,1.447
3748,2.493,1.447
3749,2.493,1.447
3750,2.493,1.447
3751,2.493,1.452
3752,2.493,1.452
3753,2.498,1.452
3754,2.493,1.452
3755,2.488,1.452
3756,2.493,1.452
3757,2.488,1.452
3758,2.488,1.452
3759,2.488,1.452
3760,2.488,1.452
3761,2.537,1.452
3762,2.493,1.457
3763,2.463,1.457
3764,2.458,1.457
3765,2.468,1.457
3766,2.478,1.457
3767,2.478,1.457
3768,2.483,1.457
3769,2.478,1.457
3770,2.473,1.457
3771,2.468,1.457
3772,2.468,1.457
3773,2.468,1.461
3774,2.502,1.461
3775,2.473,1.461
3776,2.463,1.461
3777,2.473,1.461
3778,2.478,1.461
3779,2.478,1.461
3780,2.468,1.461
3781,2.468,1.461
3782,2.473,1.461
3783,2.483,1.461
3784,2.483,1.461
3785,2.483,1.461
3786,2.478,1.466
3787,2.473,1.461
3788,2.473,1.466
3789,2.527,1.466
3790,2.488,1.466
3791,2.434,1.466
3792,2.429,1.466
3793,2.444,1.466
3794,2.468,1.466
3795,2.483,1.466
3796,2.488,1.466
3797,2.483,1.466
3798,2.483,1.466
3799,2.483,1.471
3800,2.483,1.471
3801,2.473,1.471
3802,2.478,1.471
3803,2.473,1.471
3804,2.473,1.471
3805,2.473,1.471
3806,2.473,1.471
3807,2.473,1.471
3808,2.473,1.471
3809,2.473,1.471
3810,2.473,1.476
3811,2.478,1.476
3812,2.483,1.476
3813,2.478,1.476
3814,2.483,1.476
3815,2.478,1.476
3816,2.478,1.476
3817,2.478,1.476
3818,2.527,1.476
3819,2.468,1.476
3820,2.449,1.476
3821,2.458,1.476
3822,2.473,1.481
3823,2.483,1.476
3824,2.483,1.481
3825,2.483,1.481
3826,2.478,1.481
3827,2.478,1.481
3828,2.478,1.481
3829,2.478,1.481
3830,2.473,1.481
3831,2.478,1.481
3832,2.478,1.481
3833,2.483,1.481
3834,2.478,1.481
3835,2.478,1.486
3836,2.483,1.486
3837,2.512,1.481
3838,2.483,1.486
3839,2.468,1.486
3840,2.473,1.486
3841,2.473,1.486
3842,2.478,1.486
3843,2.483,1.486
3844,2.478,1.486
3845,2.478,1.486
3846,2.478,1.486
3847,2.517,1.486
3848,2.463,1.491
3849,2.449,1.486
3850,2.458,1.491
3851,2.527,1.486
3852,2.449,1.491
3853,2.424,1.491
3854,2.449,1.491
3855,2.473,1.491
3856,2.488,1.491
3857,2.488,1.491
3858,2.488,1.491
3859,2.483,1.491
3860,2.483,1.491
3861,2.478,1.496
3862,2.478,1.491
3863,2.478,1.496
3864,2.478,1.496
3865,2.478,1.496
3866,2.478,1.496
3867,2.478,1.496
3868,2.478,1.496
3869,2.483,1.496
3870,2.478,1.496
3871,2.478,1.496
3872,2.473,1.500
3873,2.478,1.496
3874,2.478,1.500
3875,2.522,1.500
3876,2.468,1.500
3877,2.454,1.500
3878,2.454,1.500
3879,2.473,1.500
3880,2.483,1.500
3881,2.483,1.500
3882,2.483,1.500
3883,2.478,1.500
3884,2.478,1.505
3885,2.473,1.500
3886,2.478,1.505
3887,2.473,1.505
3888,2.478,1.505
3889,2.478,1.505
3890,2.478,1.505
3891,2.478,1.505
3892,2.478,1.505
3893,2.478,1.505
3894,2.478,1.505
3895,2.478,1.505
3896,2.483,1.505
3897,2.483,1.510
3898,2.483,1.510
3899,2.483,1.510
3900,2.517,1.510
3901,2.493,1.510
3902,2.473,1.510
3903,2.517,1.510
3904,2.458,1.510
3905,2.449,1.510
3906,2.463,1.510
3907,2.473,1.510
3908,2.483,1.515
3909,2.488,1.510
3910,2.488,1.515
3911,2.546,1.515
3912,2.468,1.515
3913,2.454,1.515
3914,2.463,1.515
3915,2.473,1.515
3916,2.478,1.515
3917,2.483,1.515
3918,2.478,1.515
3919,2.483,1.515
3920,2.483,1.515
3921,2.488,1.520
3922,2.488,1.515
3923,2.483,1.520
3924,2.478,1.520
3925,2.478,1.520
3926,2.478,1.520
3927,2.478,1.520
3928,2.483,1.520
3929,2.483,1.520
3930,2.483,1.520
3931,2.478,1.520
3932,2.527,1.520
3933,2.468,1.520
3934,2.454,1.520
3935,2.463,1.525
3936,2.473,1.525
3937,2.483,1.525
3938,2.483,1.525
3939,2.483,1.525
3940,2.478,1.525
3941,2.483,1.525
3942,2.488,1.525
3943,2.488,1.525
3944,2.483,1.525
3945,2.478,1.525
3946,2.483,1.525
3947,2.483,1.530
3948,2.483,1.525
3949,2.478,1.530
3950,2.478,1.530
3951,2.478,1.530
3952,2.478,1.530
3953,2.483,1.530
3954,2.483,1.530
3955,2.478,1.530
3956,2.473,1.530
3957,2.478,1.530
3958,2.473,1.530
3959,2.478,1.530
3960,2.522,1.530
3961,2.458,1.535
3962,2.444,1.535
3963,2.483,1.535
3964,2.498,1.535
3965,2.483,1.535
3966,2.478,1.535
3967,2.478,1.535
3968,2.483,1.535
3969,2.483,1.535
3970,2.483,1.535
3971,2.483,1.540
3972,2.473,1.535
3973,2.546,1.540
3974,2.439,1.540
3975,2.414,1.540
3976,2.439,1.540
3977,2.473,1.540
3978,2.488,1.540
3979,2.488,1.540
3980,2.488,1.540
3981,2.483,1.540
3982,2.478,1.540
3983,2.478,1.540
3984,2.478,1.544
3985,2.478,1.544
3986,2.483,1.544
3987,2.478,1.544
3988,2.483,1.544
3989,2.527,1.544
3990,2.468,1.544
3991,2.449,1.544
3992,2.458,1.544
3993,2.473,1.544
3994,2.483,1.544
3995,2.488,1.544
3996,2.483,1.549
3997,2.478,1.544
3998,2.478,1.549
3999,2.483,1.549
4000,2.483,1.549
4001,2.483,1.549
4002,2.478,1.549
4003,2.478,1.549
4004,2.483,1.549
4005,2.483,1.549
4006,2.478,1.549
4007,2.473,1.549
4008,2.478,1.549
4009,2.483,1.549
4010,2.483,1.554
4011,2.483,1.549
4012,2.478,1.554
4013,2.483,1.554
4014,2.483,1.554
4015,2.483,1.554
4016,2.488,1.554
4017,2.566,1.554
4018,2.419,1.554
4019,2.400,1.554
4020,2.449,1.554
4021,2.502,1.554
4022,2.527,1.559
4023,2.537,1.559
4024,2.527,1.559
4025,2.556,1.559
4026,2.532,1.559
4027,2.512,1.559
4028,2.507,1.559
4029,2.507,1.559
4030,2.502,1.559
4031,2.493,1.559
4032,2.571,1.559
4033,2.483,1.564
4034,2.473,1.564
4035,2.478,1.564
4036,2.483,1.564
4037,2.488,1.564
4038,2.488,1.564
4039,2.488,1.564
4040,2.473,1.564
4041,2.468,1.564
4042,2.468,1.564
4043,2.478,1.564
4044,2.473,1.564
4045,2.468,1.564
4046,2.517,1.564
4047,2.454,1.569
4048,2.424,1.569
4049,2.434,1.569
4050,2.449,1.569
4051,2.473,1.569
4052,2.478,1.569
4053,2.483,1.569
4054,2.478,1.569
4055,2.473,1.574
4056,2.473,1.569
4057,2.478,1.569
4058,2.478,1.574
4059,2.488,1.574
4060,2.488,1.574
4061,2.488,1.574
4062,2.483,1.574
4063,2.483,1.574
4064,2.483,1.574
4065,2.488,1.574
4066,2.493,1.574
4067,2.493,1.574
4068,2.488,1.574
4069,2.488,1.579
4070,2.488,1.579
4071,2.488,1.579
4072,2.488,1.579
4073,2.478,1.579
4074,2.532,1.579
4075,2.463,1.579
4076,2.444,1.579
4077,2.454,1.579
4078,2.468,1.579
4079,2.478,1.579
4080,2.488,1.579
4081,2.498,1.584
4082,2.502,1.579
4083,2.502,1.579
4084,2.493,1.584
4085,2.493,1.579
4086,2.498,1.579
4087,2.512,1.579
4088,2.542,1.579
4089,2.522,1.579
4090,2.502,1.579
4091,2.493,1.579
4092,2.493,1.574
4093,2.493,1.574
4094,2.561,1.574
4095,2.439,1.574
4096,2.405,1.569
4097,2.429,1.569
4098,2.473,1.569
4099,2.502,1.564
4100,2.507,1.564
4101,2.502,1.564
4102,2.498,1.559
4103,2.546,1.554
4104,2.468,1.554
4105,2.454,1.554
4106,2.468,1.549
4107,2.502,1.549
4108,2.502,1.544
4109,2.488,1.544
4110,2.454,1.544
4111,2.434,1.540
4112,2.439,1.540
4113,2.473,1.535
4114,2.468,1.535
4115,2.463,1.535
4116,2.434,1.530
4117,2.414,1.530
4118,2.424,1.525
4119,2.449,1.525
4120,2.454,1.525
4121,2.449,1.525
4122,2.434,1.520
4123,2.429,1.520
4124,2.439,1.520
4125,2.463,1.520
4126,2.498,1.515
4127,2.512,1.515
4128,2.507,1.515
4129,2.502,1.515
4130,2.498,1.510
4131,2.542,1.510
4132,2.468,1.510
4133,2.449,1.510
4134,2.458,1.510
4135,2.483,1.510
4136,2.493,1.510
4137,2.493,1.510
4138,2.493,1.505
4139,2.483,1.510
4140,2.478,1.505
4141,2.478,1.505
4142,2.488,1.505
4143,2.507,1.505
4144,2.517,1.505
4145,2.502,1.505
4146,2.483,1.505
4147,2.468,1.505
4148,2.473,1.505
4149,2.483,1.505
4150,2.493,1.505
4151,2.532,1.505
4152,2.522,1.505
4153,2.498,1.505
4154,2.566,1.505
4155,2.468,1.505
4156,2.458,1.505
4157,2.473,1.500
4158,2.488,1.500
4159,2.551,1.500
4160,2.478,1.496
4161,2.449,1.496
4162,2.449,1.491
4163,2.468,1.491
4164,2.488,1.486
4165,2.493,1.481
4166,2.493,1.481
4167,2.488,1.476
4168,2.488,1.471
4169,2.488,1.466
4170,2.483,1.461
4171,2.488,1.457
4172,2.483,1.452
4173,2.502,1.447
4174,2.493,1.442
4175,2.493,1.432
4176,2.493,1.427
4177,2.478,1.422
4178,2.473,1.413
4179,2.483,1.408
4180,2.483,1.398
4181,2.483,1.393
4182,2.478,1.388
4183,2.473,1.378
4184,2.473,1.369
4185,2.483,1.364
4186,2.488,1.354
4187,2.488,1.349
4188,2.542,1.339
4189,2.468,1.329
4190,2.454,1.325
4191,2.458,1.320
4192,2.473,1.310
4193,2.483,1.305
4194,2.493,1.300
4195,2.488,1.290
4196,2.488,1.285
4197,2.483,1.276
4198,2.483,1.271
4199,2.488,1.261
4200,2.488,1.256
4201,2.483,1.246
4202,2.483,1.241
4203,2.483,1.232
4204,2.478,1.227
4205,2.478,1.222
4206,2.478,1.212
4207,2.473,1.207
4208,2.478,1.202
4209,2.483,1.197
4210,2.493,1.193
4211,2.493,1.188
4212,2.493,1.178
4213,2.493,1.173
4214,2.522,1.168
4215,2.512,1.163
4216,2.595,1.153
4217,2.405,1.149
4218,2.361,1.144
4219,2.405,1.139
4220,2.463,1.139
4221,2.502,1.134
4222,2.502,1.129
4223,2.493,1.129
4224,2.478,1.124
4225,2.473,1.124
4226,2.463,1.124
4227,2.473,1.119
4228,2.478,1.119
4229,2.483,1.119
4230,2.483,1.119
4231,2.488,1.119
4232,2.488,1.114
4233,2.493,1.114
4234,2.483,1.114
4235,2.478,1.114
4236,2.478,1.114
4237,2.483,1.114
4238,2.483,1.114
4239,2.483,1.114
4240,2.478,1.114
4241,2.483,1.109
4242,2.478,1.114
4243,2.483,1.109
4244,2.483,1.109
4245,2.542,1.109
4246,2.463,1.109
4247,2.444,1.109
4248,2.454,1.109
4249,2.473,1.109
4250,2.483,1.109
4251,2.488,1.109
4252,2.488,1.109
4253,2.488,1.105
4254,2.483,1.105
4255,2.488,1.105
4256,2.493,1.105
4257,2.502,1.105
4258,2.512,1.105
4259,2.517,1.105
4260,2.517,1.105
4261,2.512,1.105
4262,2.502,1.105
4263,2.498,1.105
4264,2.488,1.105
4265,2.483,1.105
4266,2.478,1.105
4267,2.483,1.105
4268,2.473,1.109
4269,2.473,1.109
4270,2.483,1.109
4271,2.468,1.109
4272,2.424,1.109
4273,2.488,1.109
4274,2.454,1.114
4275,2.463,1.114
4276,2.595,1.114
4277,2.468,1.114
4278,2.454,1.119
4279,2.493,1.119
4280,2.537,1.119
4281,2.561,1.124
4282,2.532,1.124
4283,2.458,1.124
4284,2.390,1.129
4285,2.336,1.129
4286,2.331,1.134
4287,2.380,1.134
4288,2.434,1.134
4289,2.473,1.139
4290,2.488,1.139
4291,2.483,1.144
4292,2.478,1.144
4293,2.498,1.149
4294,2.498,1.149
4295,2.493,1.149
4296,2.478,1.153
4297,2.468,1.158
4298,2.468,1.158
4299,2.473,1.163
4300,2.473,1.163
4301,2.473,1.163
4302,2.542,1.168
4303,2.473,1.173
4304,2.449,1.173
4305,2.468,1.178
4306,2.488,1.178
4307,2.502,1.178
4308,2.507,1.183
4309,2.507,1.183
4310,2.507,1.188
4311,2.502,1.188
4312,2.493,1.193
4313,2.488,1.193
4314,2.493,1.193
4315,2.502,1.193
4316,2.502,1.193
4317,2.498,1.197
4318,2.498,1.193
4319,2.498,1.193
4320,2.498,1.197
4321,2.498,1.193
4322,2.498,1.193
4323,2.507,1.193
4324,2.507,1.188
4325,2.502,1.188
4326,2.498,1.183
4327,2.493,1.178
4328,2.488,1.178
4329,2.488,1.173
4330,2.551,1.168
4331,2.473,1.163
4332,2.444,1.163
4333,2.454,1.158
4334,2.473,1.153
4335,2.488,1.149
4336,2.493,1.144
4337,2.493,1.139
4338,2.649,1.129
4339,2.488,1.124
4340,2.419,1.119
4341,2.429,1.114
4342,2.458,1.109
4343,2.483,1.105
4344,2.488,1.100
4345,2.488,1.095
4346,2.478,1.090
4347,2.473,1.085
4348,2.468,1.080
4349,2.473,1.075
4350,2.478,1.070
4351,2.478,1.070
4352,2.483,1.065
4353,2.493,1.061
4354,2.478,1.056
4355,2.478,1.056
4356,2.478,1.051
4357,2.483,1.051
4358,2.483,1.046
4359,2.546,1.046
4360,2.468,1.041
4361,2.444,1.041
4362,2.454,1.041
4363,2.473,1.036
4364,2.483,1.036
4365,2.493,1.036
4366,2.488,1.036
4367,2.483,1.036
4368,2.483,1.036
4369,2.488,1.036
4370,2.488,1.036
4371,2.488,1.036
4372,2.488,1.036
4373,2.488,1.036
4374,2.488,1.036
4375,2.488,1.036
4376,2.488,1.036
4377,2.488,1.036
4378,2.488,1.041
4379,2.488,1.041
4380,2.488,1.041
4381,2.483,1.046
4382,2.478,1.046
4383,2.473,1.046
4384,2.483,1.051
4385,2.483,1.051
4386,2.488,1.056
4387,2.546,1.056
4388,2.468,1.061
4389,2.439,1.065
4390,2.454,1.065
4391,2.473,1.065
4392,2.488,1.070
4393,2.488,1.075
4394,2.488,1.075
4395,2.488,1.080
4396,2.483,1.080
4397,2.483,1.085
4398,2.478,1.085
4399,2.527,1.090
4400,2.468,1.095
4401,2.454,1.095
4402,2.502,1.100
4403,2.498,1.100
4404,2.478,1.105
4405,2.473,1.105
4406,2.473,1.109
4407,2.483,1.109
4408,2.483,1.114
4409,2.483,1.119
4410,2.478,1.119
4411,2.483,1.124
4412,2.478,1.124
4413,2.488,1.129
4414,2.483,1.129
4415,2.546,1.134
4416,2.468,1.134
4417,2.444,1.139
4418,2.458,1.139
4419,2.483,1.139
4420,2.493,1.144
4421,2.493,1.149
4422,2.493,1.149
4423,2.493,1.149
4424,2.493,1.153
4425,2.488,1.153
4426,2.493,1.158
4427,2.493,1.158
4428,2.488,1.163
4429,2.488,1.163
4430,2.488,1.163
4431,2.488,1.168
4432,2.493,1.168
4433,2.483,1.173
4434,2.488,1.173
4435,2.488,1.173
4436,2.478,1.178
4437,2.473,1.178
4438,2.478,1.183
4439,2.483,1.183
4440,2.488,1.183
4441,2.473,1.188
4442,2.463,1.188
4443,2.468,1.188
4444,2.537,1.193
4445,2.458,1.193
4446,2.439,1.193
4447,2.449,1.197
4448,2.473,1.197
4449,2.493,1.197
4450,2.507,1.202
4451,2.512,1.202
4452,2.507,1.202
4453,2.488,1.207
4454,2.468,1.207
4455,2.468,1.207
4456,2.468,1.207
4457,2.478,1.212
4458,2.488,1.212
4459,2.488,1.212
4460,2.664,1.217
4461,2.478,1.217
4462,2.424,1.217
4463,2.439,1.222
4464,2.478,1.222
4465,2.542,1.222
4466,2.522,1.222
4467,2.493,1.227
4468,2.478,1.227
4469,2.478,1.227
4470,2.483,1.232
4471,2.493,1.232
4472,2.561,1.232
4473,2.488,1.232
4474,2.454,1.232
4475,2.463,1.237
4476,2.478,1.237
4477,2.502,1.237
4478,2.517,1.241
4479,2.512,1.241
4480,2.502,1.241
4481,2.493,1.241
4482,2.488,1.241
4483,2.493,1.246
4484,2.493,1.246
4485,2.498,1.246
4486,2.498,1.251
4487,2.498,1.251
4488,2.498,1.251
4489,2.502,1.251
4490,2.493,1.251
4491,2.493,1.256
4492,2.493,1.256
4493,2.498,1.256
4494,2.493,1.256
4495,2.493,1.261
4496,2.488,1.261
4497,2.493,1.261
4498,2.493,1.261
4499,2.493,1.261
4500,2.488,1.266
4501,2.551,1.266
4502,2.468,1.266
4503,2.454,1.266
4504,2.458,1.271
4505,2.473,1.271
4506,2.488,1.271
4507,2.493,1.271
4508,2.498,1.271
4509,2.498,1.271
4510,2.493,1.276
4511,2.493,1.276
4512,2.498,1.276
4513,2.493,1.276
4514,2.493,1.276
4515,2.493,1.281
4516,2.493,1.281
4517,2.488,1.281
4518,2.488,1.281
4519,2.488,1.281
4520,2.483,1.281
4521,2.532,1.285
4522,2.458,1.285
4523,2.449,1.285
4524,2.463,1.285
4525,2.488,1.290
4526,2.502,1.290
4527,2.502,1.290
4528,2.537,1.290
4529,2.561,1.290
4530,2.454,1.290
4531,2.429,1.290
4532,2.444,1.295
4533,2.483,1.295
4534,2.498,1.295
4535,2.502,1.295
4536,2.493,1.300
4537,2.488,1.300
4538,2.488,1.300
4539,2.488,1.300
4540,2.488,1.300
4541,2.493,1.305
4542,2.488,1.305
4543,2.493,1.305
4544,2.488,1.305
4545,2.488,1.305
4546,2.488,1.305
4547,2.493,1.310
4548,2.493,1.310
4549,2.498,1.310
4550,2.493,1.310
4551,2.498,1.310
4552,2.493,1.310
4553,2.493,1.315
4554,2.493,1.315
4555,2.493,1.315
4556,2.493,1.315
4557,2.493,1.315
4558,2.561,1.315
4559,2.468,1.320
4560,2.444,1.320
4561,2.454,1.320
4562,2.478,1.320
4563,2.493,1.320
4564,2.498,1.320
4565,2.498,1.320
4566,2.488,1.325
4567,2.488,1.325
4568,2.488,1.325
4569,2.488,1.325
4570,2.493,1.325
4571,2.493,1.325
4572,2.493,1.329
4573,2.498,1.329
4574,2.493,1.329
4575,2.488,1.329
4576,2.493,1.329
4577,2.488,1.329
4578,2.473,1.329
4579,2.463,1.334
4580,2.463,1.334
4581,2.478,1.334
4582,2.674,1.334
4583,2.463,1.334
4584,2.410,1.334
4585,2.429,1.334
4586,2.542,1.339
4587,2.473,1.339
4588,2.449,1.339
4589,2.463,1.339
4590,2.478,1.339
4591,2.532,1.339
4592,2.537,1.344
4593,2.512,1.344
4594,2.488,1.344
4595,2.488,1.344
4596,2.488,1.344
4597,2.498,1.344
4598,2.498,1.349
4599,2.502,1.349
4600,2.493,1.349
4601,2.488,1.349
4602,2.493,1.349
4603,2.493,1.349
4604,2.488,1.349
4605,2.493,1.354
4606,2.488,1.354
4607,2.483,1.354
4608,2.493,1.354
4609,2.488,1.354
4610,2.488,1.354
4611,2.493,1.354
4612,2.488,1.354
4613,2.493,1.359
4614,2.483,1.359
4615,2.551,1.359
4616,2.463,1.359
4617,2.444,1.359
4618,2.454,1.359
4619,2.478,1.359
4620,2.502,1.364
4621,2.502,1.364
4622,2.498,1.364
4623,2.493,1.364
4624,2.488,1.364
4625,2.483,1.364
4626,2.488,1.364
4627,2.488,1.369
4628,2.498,1.369
4629,2.488,1.369
4630,2.488,1.369
4631,2.493,1.369
4632,2.493,1.369
4633,2.488,1.369
4634,2.488,1.369
4635,2.488,1.373
4636,2.488,1.373
4637,2.488,1.373
4638,2.488,1.373
4639,2.488,1.373
4640,2.493,1.373
4641,2.493,1.373
4642,2.488,1.373
4643,2.595,1.378
4644,2.439,1.378
4645,2.405,1.378
4646,2.434,1.378
4647,2.478,1.378
4648,2.507,1.378
4649,2.512,1.378
4650,2.507,1.383
4651,2.498,1.383
4652,2.488,1.383
4653,2.493,1.383
4654,2.522,1.383
4655,2.522,1.383
4656,2.493,1.383
4657,2.478,1.383
4658,2.483,1.388
4659,2.483,1.388
4660,2.488,1.388
4661,2.498,1.388
4662,2.507,1.388
4663,2.502,1.388
4664,2.502,1.388
4665,2.502,1.388
4666,2.498,1.388
4667,2.488,1.393
4668,2.493,1.393
4669,2.493,1.393
4670,2.493,1.393
4671,2.571,1.393
4672,2.498,1.393
4673,2.458,1.393
4674,2.449,1.393
4675,2.463,1.393
4676,2.473,1.398
4677,2.478,1.398
4678,2.483,1.398
4679,2.478,1.398
4680,2.483,1.398
4681,2.478,1.398
4682,2.478,1.398
4683,2.473,1.398
4684,2.473,1.403
4685,2.473,1.403
4686,2.473,1.403
4687,2.473,1.403
4688,2.473,1.403
4689,2.473,1.403
4690,2.478,1.403
4691,2.478,1.403
4692,2.478,1.408
4693,2.478,1.408
4694,2.478,1.408
4695,2.478,1.408
4696,2.478,1.408
4697,2.478,1.408
4698,2.478,1.408
4699,2.478,1.408
4700,2.542,1.408
4701,2.458,1.408
4702,2.429,1.413
4703,2.434,1.413
4704,2.556,1.413
4705,2.424,1.413
4706,2.390,1.413
4707,2.414,1.413
4708,2.454,1.413
4709,2.478,1.413
4710,2.483,1.417
4711,2.478,1.417
4712,2.473,1.417
4713,2.473,1.417
4714,2.473,1.417
4715,2.473,1.417
4716,2.473,1.417
4717,2.512,1.417
4718,2.468,1.417
4719,2.458,1.417
4720,2.458,1.417
4721,2.468,1.422
4722,2.468,1.422
4723,2.473,1.422
4724,2.473,1.422
4725,2.473,1.422
4726,2.468,1.422
4727,2.473,1.422
4728,2.546,1.422
4729,2.454,1.427
4730,2.419,1.427
4731,2.434,1.427
4732,2.458,1.427
4733,2.473,1.427
4734,2.478,1.427
4735,2.473,1.427
4736,2.468,1.427
4737,2.468,1.427
4738,2.468,1.427
4739,2.473,1.432
4740,2.468,1.432
4741,2.478,1.432
4742,2.478,1.432
4743,2.478,1.432
4744,2.478,1.432
4745,2.473,1.432
4746,2.468,1.432
4747,2.473,1.432
4748,2.473,1.437
4749,2.473,1.437
4750,2.473,1.437
4751,2.468,1.437
4752,2.468,1.437
4753,2.463,1.437
4754,2.454,1.437
4755,2.463,1.437
4756,2.473,1.437
4757,2.542,1.437
4758,2.449,1.442
4759,2.419,1.442
4760,2.429,1.442
4761,2.454,1.442
4762,2.478,1.442
4763,2.488,1.442
4764,2.483,1.442
4765,2.537,1.442
4766,2.458,1.442
4767,2.444,1.442
4768,2.454,1.447
4769,2.468,1.447
4770,2.478,1.447
4771,2.478,1.447
4772,2.478,1.447
4773,2.478,1.447
4774,2.483,1.447
4775,2.473,1.447
4776,2.473,1.447
4777,2.468,1.447
4778,2.473,1.447
4779,2.468,1.452
4780,2.507,1.452
4781,2.493,1.452
4782,2.463,1.452
4783,2.454,1.452
4784,2.454,1.452
4785,2.542,1.452
4786,2.454,1.452
4787,2.424,1.457
4788,2.439,1.452
4789,2.458,1.457
4790,2.483,1.457
4791,2.488,1.457
4792,2.478,1.457
4793,2.473,1.457
4794,2.468,1.457
4795,2.478,1.457
4796,2.473,1.457
4797,2.468,1.457
4798,2.473,1.457
4799,2.473,1.457
4800,2.468,1.457
4801,2.468,1.457
4802,2.468,1.457
4803,2.468,1.457
4804,2.478,1.457
4805,2.473,1.457
4806,2.473,1.461
4807,2.478,1.457
4808,2.473,1.457
4809,2.473,1.461
4810,2.473,1.457
4811,2.473,1.461
4812,2.473,1.461
4813,2.473,1.461
4814,2.542,1.457
4815,2.449,1.461
4816,2.419,1.461
4817,2.434,1.461
4818,2.463,1.461
4819,2.478,1.461
4820,2.483,1.461
4821,2.478,1.461
4822,2.478,1.461
4823,2.468,1.461
4824,2.468,1.461
4825,2.473,1.461
4826,2.674,1.461
4827,2.439,1.461
4828,2.385,1.466
4829,2.405,1.466
4830,2.454,1.461
4831,2.483,1.466
4832,2.493,1.466
4833,2.488,1.466
4834,2.483,1.466
4835,2.483,1.466
4836,2.478,1.466
4837,2.473,1.466
4838,2.478,1.466
4839,2.478,1.471
4840,2.473,1.471
4841,2.473,1.466
4842,2.586,1.466
4843,2.449,1.466
4844,2.414,1.471
4845,2.434,1.471
4846,2.454,1.471
4847,2.478,1.471
4848,2.488,1.471
4849,2.488,1.471
4850,2.483,1.476
4851,2.478,1.476
4852,2.478,1.476
4853,2.473,1.476
4854,2.473,1.476
4855,2.478,1.476
4856,2.478,1.476
4857,2.473,1.476
4858,2.478,1.476
4859,2.478,1.476
4860,2.473,1.476
4861,2.473,1.481
4862,2.473,1.481
4863,2.473,1.481
4864,2.473,1.481
4865,2.473,1.481
4866,2.473,1.481
4867,2.473,1.481
4868,2.468,1.481
4869,2.468,1.481
4870,2.468,1.481
4871,2.542,1.481
4872,2.449,1.481
4873,2.424,1.486
4874,2.444,1.486
4875,2.468,1.486
4876,2.483,1.486
4877,2.488,1.486
4878,2.483,1.486
4879,2.478,1.486
4880,2.468,1.486
4881,2.473,1.491
4882,2.473,1.491
4883,2.478,1.486
4884,2.478,1.491
4885,2.478,1.491
4886,2.468,1.491
4887,2.527,1.491
4888,2.444,1.491
4889,2.424,1.491
4890,2.444,1.491
4891,2.468,1.491
4892,2.488,1.496
4893,2.483,1.491
4894,2.488,1.496
4895,2.483,1.496
4896,2.478,1.496
4897,2.478,1.496
4898,2.483,1.496
4899,2.551,1.496
4900,2.458,1.496
4901,2.429,1.496
4902,2.439,1.496
4903,2.463,1.500
4904,2.483,1.500
4905,2.532,1.496
4906,2.498,1.500
4907,2.473,1.500
4908,2.458,1.500
4909,2.458,1.500
4910,2.468,1.500
4911,2.473,1.500
4912,2.478,1.500
4913,2.478,1.500
4914,2.478,1.500
4915,2.473,1.500
4916,2.473,1.505
4917,2.473,1.505
4918,2.473,1.505
4919,2.468,1.505
4920,2.468,1.505
4921,2.473,1.505
4922,2.473,1.505
4923,2.478,1.505
4924,2.483,1.505
4925,2.493,1.505
4926,2.488,1.505
4927,2.556,1.505
4928,2.449,1.510
4929,2.405,1.510
4930,2.410,1.510
4931,2.439,1.510
4932,2.458,1.510
4933,2.463,1.510
4934,2.473,1.510
4935,2.468,1.510
4936,2.468,1.515
4937,2.468,1.515
4938,2.468,1.515
4939,2.463,1.515
4940,2.463,1.515
4941,2.463,1.515
4942,2.468,1.515
4943,2.473,1.515
4944,2.478,1.515
4945,2.478,1.515
4946,2.473,1.515
4947,2.473,1.515
4948,2.683,1.515
4949,2.439,1.515
4950,2.385,1.520
4951,2.405,1.520
4952,2.454,1.520
4953,2.488,1.520
4954,2.502,1.520
4955,2.493,1.520
4956,2.561,1.520
4957,2.463,1.520
4958,2.439,1.520
4959,2.449,1.525
4960,2.473,1.520
4961,2.493,1.525
4962,2.502,1.525
4963,2.493,1.525
4964,2.488,1.525
4965,2.478,1.525
4966,2.473,1.525
4967,2.473,1.525
4968,2.522,1.525
4969,2.493,1.525
4970,2.473,1.525
4971,2.468,1.525
4972,2.473,1.525
4973,2.483,1.525
4974,2.488,1.525
4975,2.488,1.525
4976,2.488,1.525
4977,2.483,1.530
4978,2.473,1.525
4979,2.473,1.525
4980,2.478,1.525
4981,2.483,1.525
4982,2.473,1.525
4983,2.478,1.525
4984,2.561,1.525
4985,2.458,1.525
4986,2.429,1.525
4987,2.439,1.520
4988,2.468,1.520
4989,2.483,1.520
4990,2.493,1.515
4991,2.488,1.515
4992,2.483,1.510
4993,2.478,1.510
4994,2.473,1.505
4995,2.478,1.500
4996,2.483,1.500
4997,2.478,1.496
4998,2.483,1.491
4999,2.483,1.486
5000,2.483,1.486
5001,2.483,1.481
5002,2.483,1.476
5003,2.483,1.471
5004,2.488,1.466
5005,2.483,1.466
5006,2.478,1.461
5007,2.478,1.457
5008,2.478,1.452
5009,2.537,1.442
5010,2.449,1.442
5011,2.434,1.437
5012,2.454,1.432
5013,2.561,1.427
5014,2.468,1.422
5015,2.434,1.417
5016,2.444,1.413
5017,2.468,1.408
5018,2.488,1.408
5019,2.493,1.403
5020,2.493,1.398
5021,2.488,1.393
5022,2.488,1.393
5023,2.488,1.388
5024,2.483,1.383
5025,2.483,1.383
5026,2.478,1.378
5027,2.483,1.373
5028,2.478,1.373
5029,2.478,1.369
5030,2.478,1.369
5031,2.522,1.364
5032,2.498,1.364
5033,2.468,1.359
5034,2.458,1.359
5035,2.463,1.354
5036,2.463,1.354
5037,2.468,1.354
5038,2.468,1.349
5039,2.468,1.349
5040,2.473,1.349
5041,2.566,1.344
5042,2.463,1.344
5043,2.434,1.344
5044,2.449,1.344
5045,2.473,1.339
5046,2.488,1.339
5047,2.493,1.339
5048,2.493,1.339
5049,2.483,1.339
5050,2.483,1.339
5051,2.473,1.339
5052,2.478,1.339
5053,2.483,1.339
5054,2.483,1.339
5055,2.478,1.344
5056,2.478,1.339
5057,2.478,1.344
5058,2.483,1.344
5059,2.483,1.344
5060,2.478,1.344
5061,2.478,1.344
5062,2.483,1.344
5063,2.483,1.349
5064,2.483,1.349
5065,2.483,1.349
5066,2.483,1.349
5067,2.483,1.349
5068,2.483,1.354
5069,2.478,1.354
5070,2.620,1.354
5071,2.375,1.354
5072,2.322,1.359
5073,2.380,1.359
5074,2.463,1.359
5075,2.502,1.359
5076,2.517,1.364
5077,2.502,1.364
5078,2.498,1.364
5079,2.478,1.369
5080,2.473,1.369
5081,2.478,1.369
5082,2.483,1.373
5083,2.488,1.373
5084,2.488,1.373
5085,2.483,1.378
5086,2.483,1.378
5087,2.478,1.378
5088,2.483,1.378
5089,2.483,1.383
5090,2.483,1.383
5091,2.478,1.383
5092,2.483,1.383
5093,2.488,1.388
5094,2.532,1.388
5095,2.502,1.388
5096,2.473,1.388
5097,2.463,1.393
5098,2.556,1.393
5099,2.458,1.393
5100,2.429,1.393
5101,2.444,1.398
5102,2.468,1.398
5103,2.488,1.398
5104,2.493,1.403
5105,2.488,1.403
5106,2.483,1.403
5107,2.483,1.408
5108,2.478,1.408
5109,2.483,1.408
5110,2.478,1.408
5111,2.478,1.408
5112,2.473,1.413
5113,2.473,1.413
5114,2.483,1.413
5115,2.498,1.413
5116,2.502,1.417
5117,2.498,1.417
5118,2.473,1.417
5119,2.458,1.417
5120,2.458,1.417
5121,2.468,1.422
5122,2.473,1.422
5123,2.478,1.422
5124,2.483,1.422
5125,2.483,1.422
5126,2.483,1.427
5127,2.556,1.427
5128,2.454,1.427
5129,2.429,1.427
5130,2.561,1.427
5131,2.468,1.432
5132,2.449,1.432
5133,2.463,1.432
5134,2.483,1.432
5135,2.498,1.432
5136,2.493,1.432
5137,2.488,1.437
5138,2.488,1.437
5139,2.493,1.437
5140,2.498,1.437
5141,2.493,1.437
5142,2.478,1.442
5143,2.473,1.442
5144,2.468,1.442
5145,2.473,1.442
5146,2.483,1.442
5147,2.488,1.442
5148,2.483,1.447
5149,2.483,1.447
5150,2.478,1.447
5151,2.478,1.447
5152,2.468,1.447
5153,2.468,1.447
5154,2.473,1.452
5155,2.566,1.452
5156,2.454,1.452
5157,2.463,1.452
5158,2.478,1.452
5159,2.478,1.452
5160,2.478,1.452
5161,2.473,1.452
5162,2.478,1.457
5163,2.478,1.452
5164,2.478,1.457
5165,2.478,1.457
5166,2.478,1.457
5167,2.468,1.457
5168,2.468,1.457
5169,2.468,1.457
5170,2.473,1.457
5171,2.478,1.457
5172,2.483,1.457
5173,2.478,1.461
5174,2.488,1.461
5175,2.483,1.461
5176,2.483,1.461
5177,2.483,1.461
5178,2.488,1.461
5179,2.483,1.461
5180,2.483,1.461
5181,2.483,1.461
5182,2.483,1.461
5183,2.571,1.461
5184,2.468,1.466
5185,2.434,1.466
5186,2.449,1.466
5187,2.473,1.466
5188,2.488,1.466
5189,2.493,1.466
5190,2.493,1.466
5191,2.473,1.466
5192,2.590,1.466
5193,2.410,1.471
5194,2.375,1.471
5195,2.419,1.471
5196,2.478,1.471
5197,2.542,1.471
5198,2.576,1.471
5199,2.566,1.471
5200,2.537,1.471
5201,2.502,1.476
5202,2.488,1.476
5203,2.473,1.476
5204,2.463,1.476
5205,2.434,1.476
5206,2.429,1.476
5207,2.439,1.476
5208,2.463,1.476
5209,2.473,1.481
5210,2.488,1.481
5211,2.483,1.481
5212,2.571,1.481
5213,2.458,1.481
5214,2.419,1.481
5215,2.439,1.481
5216,2.473,1.486
5217,2.493,1.486
5218,2.502,1.486
5219,2.493,1.486
5220,2.527,1.486
5221,2.517,1.486
5222,2.483,1.486
5223,2.468,1.486
5224,2.468,1.486
5225,2.473,1.491
5226,2.483,1.491
5227,2.483,1.491
5228,2.488,1.491
5229,2.488,1.491
5230,2.488,1.491
5231,2.483,1.496
5232,2.483,1.491
5233,2.483,1.496
5234,2.488,1.496
5235,2.483,1.496
5236,2.478,1.496
5237,2.483,1.496
5238,2.483,1.496
5239,2.488,1.496
5240,2.576,1.496
5241,2.463,1.500
5242,2.424,1.500
5243,2.444,1.500
5244,2.478,1.500
5245,2.493,1.500
5246,2.498,1.500
5247,2.498,1.500
5248,2.498,1.505
5249,2.483,1.505
5250,2.478,1.505
5251,2.488,1.505
5252,2.610,1.505
5253,2.478,1.505
5254,2.444,1.505
5255,2.454,1.505
5256,2.473,1.505
5257,2.493,1.510
5258,2.498,1.510
5259,2.507,1.510
5260,2.512,1.510
5261,2.512,1.510
5262,2.507,1.510
5263,2.502,1.510
5264,2.493,1.515
5265,2.493,1.510
5266,2.488,1.515
5267,2.488,1.515
5268,2.473,1.515
5269,2.556,1.515
5270,2.449,1.515
5271,2.424,1.515
5272,2.444,1.515
5273,2.473,1.515
5274,2.488,1.515
5275,2.502,1.520
5276,2.498,1.520
5277,2.493,1.520
5278,2.478,1.520
5279,2.478,1.520
5280,2.468,1.520
5281,2.473,1.520
5282,2.478,1.520
5283,2.532,1.520
5284,2.537,1.520
5285,2.498,1.520
5286,2.478,1.520
5287,2.473,1.525
5288,2.478,1.525
5289,2.483,1.525
5290,2.488,1.525
5291,2.483,1.525
5292,2.483,1.525
5293,2.488,1.525
5294,2.498,1.525
5295,2.488,1.525
5296,2.483,1.525
5297,2.581,1.525
5298,2.468,1.525
5299,2.439,1.530
5300,2.454,1.530
5301,2.478,1.530
5302,2.493,1.530
5303,2.488,1.530
5304,2.473,1.530
5305,2.473,1.530
5306,2.478,1.530
5307,2.483,1.530
5308,2.488,1.535
5309,2.488,1.535
5310,2.493,1.535
5311,2.493,1.535
5312,2.483,1.535
5313,2.478,1.535
5314,2.620,1.535
5315,2.410,1.535
5316,2.366,1.535
5317,2.410,1.535
5318,2.473,1.535
5319,2.502,1.540
5320,2.507,1.540
5321,2.493,1.540
5322,2.488,1.540
5323,2.478,1.540
5324,2.483,1.540
5325,2.483,1.540
5326,2.576,1.540
5327,2.463,1.540
5328,2.429,1.544
5329,2.449,1.540
5330,2.478,1.544
5331,2.502,1.544
5332,2.502,1.544
5333,2.502,1.544
5334,2.493,1.544
5335,2.488,1.544
5336,2.483,1.544
5337,2.488,1.544
5338,2.493,1.544
5339,2.493,1.544
5340,2.502,1.544
5341,2.502,1.544
5342,2.512,1.544
5343,2.512,1.544
5344,2.517,1.544
5345,2.507,1.544
5346,2.546,1.544
5347,2.532,1.544
5348,2.498,1.544
5349,2.488,1.544
5350,2.478,1.544
5351,2.483,1.544
5352,2.483,1.544
5353,2.468,1.544
5354,2.546,1.544
5355,2.439,1.544
5356,2.414,1.544
5357,2.439,1.544
5358,2.473,1.544
5359,2.498,1.544
5360,2.507,1.544
5361,2.502,1.549
5362,2.493,1.549
5363,2.488,1.549
5364,2.488,1.549
5365,2.488,1.549
5366,2.488,1.549
5367,2.488,1.549
5368,2.483,1.549
5369,2.483,1.549
5370,2.488,1.549
5371,2.498,1.549
5372,2.502,1.549
5373,2.507,1.549
5374,2.630,1.549
5375,2.478,1.549
5376,2.434,1.554
5377,2.439,1.554
5378,2.463,1.554
5379,2.483,1.554
5380,2.498,1.554
5381,2.498,1.554
5382,2.488,1.554
5383,2.576,1.554
5384,2.458,1.554
5385,2.419,1.554
5386,2.444,1.554
5387,2.478,1.559
5388,2.498,1.559
5389,2.502,1.559
5390,2.498,1.559
5391,2.498,1.559
5392,2.493,1.559
5393,2.493,1.564
5394,2.493,1.564
5395,2.493,1.564
5396,2.493,1.564
5397,2.493,1.564
5398,2.493,1.564
5399,2.498,1.564
5400,2.493,1.564
5401,2.493,1.564
5402,2.493,1.564
5403,2.493,1.564
5404,2.493,1.569
5405,2.493,1.569
5406,2.488,1.569
5407,2.493,1.569
5408,2.488,1.569
5409,2.537,1.569
5410,2.532,1.569
5411,2.590,1.569
5412,2.444,1.574
5413,2.410,1.574
5414,2.434,1.574
5415,2.478,1.574
5416,2.502,1.574
5417,2.512,1.574
5418,2.502,1.574
5419,2.488,1.574
5420,2.473,1.579
5421,2.473,1.574
5422,2.478,1.579
5423,2.483,1.579
5424,2.493,1.579
5425,2.488,1.579
5426,2.483,1.579
5427,2.483,1.579
5428,2.483,1.579
5429,2.478,1.584
5430,2.483,1.579
5431,2.488,1.584
5432,2.483,1.584
5433,2.488,1.584
5434,2.493,1.584
5435,2.483,1.584
5436,2.620,1.584
5437,2.414,1.584
5438,2.366,1.584
5439,2.522,1.584
5440,2.454,1.584
5441,2.449,1.584
5442,2.468,1.588
5443,2.488,1.588
5444,2.498,1.588
5445,2.507,1.588
5446,2.498,1.588
5447,2.493,1.588
5448,2.488,1.588
5449,2.483,1.588
5450,2.483,1.593
5451,2.488,1.593
5452,2.488,1.593
5453,2.493,1.593
5454,2.493,1.593
5455,2.488,1.593
5456,2.488,1.593
5457,2.493,1.593
5458,2.498,1.593
5459,2.493,1.598
5460,2.493,1.598
5461,2.493,1.598
5462,2.493,1.598
5463,2.493,1.598
5464,2.488,1.598
5465,2.493,1.598
5466,2.488,1.598
5467,2.498,1.598
5468,2.586,1.598
5469,2.473,1.598
5470,2.434,1.603
5471,2.502,1.603
5472,2.517,1.603
5473,2.493,1.603
5474,2.483,1.603
5475,2.478,1.603
5476,2.483,1.603
5477,2.483,1.603
5478,2.488,1.603
5479,2.488,1.608
5480,2.488,1.603
5481,2.483,1.608
5482,2.493,1.608
5483,2.493,1.608
5484,2.493,1.608
5485,2.498,1.608
5486,2.498,1.608
5487,2.498,1.608
5488,2.498,1.608
5489,2.493,1.613
5490,2.493,1.613
5491,2.498,1.613
5492,2.498,1.613
5493,2.493,1.613
5494,2.488,1.613
5495,2.483,1.613
5496,2.620,1.613
5497,2.405,1.613
5498,2.361,1.613
5499,2.410,1.613
5500,2.473,1.618
5501,2.512,1.613
5502,2.512,1.618
5503,2.502,1.618
5504,2.493,1.618
5505,2.493,1.618
5506,2.488,1.618
5507,2.493,1.618
5508,2.493,1.618
5509,2.493,1.618
5510,2.493,1.618
5511,2.498,1.623
5512,2.488,1.623
5513,2.488,1.623
5514,2.483,1.623
5515,2.493,1.623
5516,2.493,1.623
5517,2.493,1.623
5518,2.488,1.623
5519,2.488,1.623
5520,2.483,1.628
5521,2.483,1.623
5522,2.478,1.628
5523,2.493,1.628
5524,2.493,1.628
5525,2.586,1.628
5526,2.468,1.628
5527,2.429,1.628
5528,2.444,1.628
5529,2.478,1.628
5530,2.507,1.628
5531,2.512,1.632
5532,2.507,1.632
5533,2.493,1.632
5534,2.537,1.632
5535,2.512,1.632
5536,2.483,1.632
5537,2.473,1.632
5538,2.478,1.632
5539,2.483,1.632
5540,2.483,1.632
5541,2.488,1.637
5542,2.493,1.632
5543,2.498,1.637
5544,2.502,1.637
5545,2.517,1.637
5546,2.542,1.637
5547,2.571,1.637
5548,2.571,1.637
5549,2.542,1.637
5550,2.512,1.637
5551,2.493,1.637
5552,2.488,1.637
5553,2.581,1.637
5554,2.429,1.642
5555,2.385,1.642
5556,2.424,1.642
5557,2.717,1.642
5558,2.434,1.642
5559,2.351,1.642
5560,2.375,1.642
5561,2.449,1.642
5562,2.512,1.642
5563,2.527,1.642
5564,2.522,1.647
5565,2.507,1.642
5566,2.493,1.647
5567,2.483,1.647
5568,2.483,1.647
5569,2.498,1.647
5570,2.517,1.647
5571,2.537,1.647
5572,2.537,1.647
5573,2.532,1.647
5574,2.498,1.647
5575,2.463,1.652
5576,2.458,1.652
5577,2.473,1.652
5578,2.488,1.652
5579,2.498,1.652
5580,2.502,1.652
5581,2.502,1.652
5582,2.590,1.652
5583,2.488,1.652
5584,2.434,1.652
5585,2.434,1.652
5586,2.444,1.652
5587,2.468,1.652
5588,2.478,1.657
5589,2.483,1.657
5590,2.478,1.657
5591,2.473,1.657
5592,2.468,1.657
5593,2.473,1.657
5594,2.473,1.657
5595,2.468,1.657
5596,2.473,1.657
5597,2.522,1.657
5598,2.488,1.657
5599,2.463,1.657
5600,2.458,1.657
5601,2.468,1.662
5602,2.473,1.662
5603,2.468,1.662
5604,2.473,1.662
5605,2.468,1.662
5606,2.458,1.662
5607,2.463,1.662
5608,2.463,1.662
5609,2.468,1.662
5610,2.571,1.662
5611,2.454,1.662
5612,2.414,1.662
5613,2.419,1.667
5614,2.454,1.667
5615,2.468,1.667
5616,2.478,1.667
5617,2.468,1.667
5618,2.537,1.667
5619,2.429,1.667
5620,2.405,1.667
5621,2.419,1.667
5622,2.449,1.667
5623,2.463,1.672
5624,2.473,1.672
5625,2.468,1.672
5626,2.458,1.672
5627,2.454,1.672
5628,2.454,1.672
5629,2.458,1.672
5630,2.454,1.672
5631,2.463,1.672
5632,2.468,1.672
5633,2.473,1.672
5634,2.473,1.672
5635,2.468,1.676
5636,2.468,1.676
5637,2.463,1.676
5638,2.468,1.676
5639,2.561,1.676
5640,2.439,1.676
5641,2.400,1.676
5642,2.419,1.676
5643,2.454,1.676
5644,2.483,1.676
5645,2.468,1.676
5646,2.463,1.676
5647,2.458,1.676
5648,2.463,1.681
5649,2.468,1.681
5650,2.468,1.681
5651,2.468,1.681
5652,2.473,1.681
5653,2.468,1.681
5654,2.463,1.681
5655,2.463,1.681
5656,2.463,1.681
5657,2.473,1.681
5658,2.473,1.681
5659,2.473,1.681
5660,2.512,1.681
5661,2.473,1.681
5662,2.458,1.681
5663,2.454,1.681
5664,2.454,1.681
5665,2.458,1.681
5666,2.468,1.681
5667,2.561,1.681
5668,2.429,1.681
5669,2.400,1.681
5670,2.419,1.681
5671,2.458,1.681
5672,2.478,1.681
5673,2.483,1.681
5674,2.483,1.681
5675,2.463,1.681
5676,2.454,1.676
5677,2.463,1.676
5678,2.468,1.676
5679,2.473,1.676
5680,2.600,1.672
5681,2.395,1.672
5682,2.351,1.672
5683,2.390,1.672
5684,2.454,1.672
5685,2.483,1.672
5686,2.488,1.672
5687,2.478,1.672
5688,2.473,1.672
5689,2.473,1.667
5690,2.473,1.667
5691,2.468,1.667
5692,2.473,1.667
5693,2.483,1.667
5694,2.488,1.667
5695,2.571,1.667
5696,2.434,1.667
5697,2.400,1.667
5698,2.419,1.662
5699,2.449,1.662
5700,2.468,1.662
5701,2.473,1.662
5702,2.478,1.662
5703,2.498,1.662
5704,2.512,1.662
5705,2.502,1.662
5706,2.493,1.662
5707,2.488,1.657
5708,2.468,1.657
5709,2.463,1.657
5710,2.454,1.657
5711,2.463,1.657
5712,2.478,1.652
5713,2.488,1.652
5714,2.488,1.652
5715,2.488,1.652
5716,2.473,1.652
5717,2.478,1.647
5718,2.478,1.647
5719,2.478,1.647
5720,2.478,1.647
5721,2.473,1.642
5722,2.463,1.642
5723,2.507,1.642
5724,2.561,1.642
5725,2.424,1.642
5726,2.380,1.637
5727,2.356,1.637
5728,2.331,1.637
5729,2.361,1.637
5730,2.414,1.637
5731,2.468,1.637
5732,2.517,1.637
5733,2.522,1.637
5734,2.512,1.632
5735,2.483,1.632
5736,2.468,1.632
5737,2.468,1.632
5738,2.478,1.632
5739,2.493,1.632
5740,2.639,1.632
5741,2.473,1.632
5742,2.414,1.628
5743,2.414,1.628
5744,2.434,1.628
5745,2.463,1.628
5746,2.473,1.628
5747,2.483,1.623
5748,2.468,1.623
5749,2.458,1.623
5750,2.458,1.618
5751,2.463,1.618
5752,2.576,1.613
5753,2.458,1.613
5754,2.424,1.613
5755,2.449,1.608
5756,2.478,1.608
5757,2.498,1.603
5758,2.493,1.603
5759,2.483,1.603
5760,2.468,1.598
5761,2.463,1.598
5762,2.468,1.593
5763,2.468,1.593
5764,2.468,1.588
5765,2.458,1.588
5766,2.458,1.588
5767,2.468,1.584
5768,2.473,1.584
5769,2.478,1.579
5770,2.473,1.579
5771,2.463,1.579
5772,2.458,1.574
5773,2.454,1.574
5774,2.458,1.574
5775,2.468,1.574
5776,2.468,1.569
5777,2.468,1.569
5778,2.468,1.569
5779,2.463,1.564
5780,2.468,1.564
5781,2.581,1.564
5782,2.444,1.564
5783,2.400,1.564
5784,2.419,1.564
5785,2.444,1.564
5786,2.517,1.559
5787,2.527,1.559
5788,2.493,1.559
5789,2.478,1.559
5790,2.463,1.559
5791,2.468,1.559
5792,2.468,1.559
5793,2.473,1.559
5794,2.478,1.559
5795,2.493,1.559
5796,2.522,1.559
5797,2.532,1.559
5798,2.517,1.559
5799,2.483,1.559
5800,2.463,1.559
5801,2.444,1.564
5802,2.581,1.559
5803,2.370,1.564
5804,2.326,1.564
5805,2.385,1.564
5806,2.463,1.564
5807,2.502,1.569
5808,2.512,1.569
5809,2.605,1.569
5810,2.463,1.569
5811,2.400,1.569
5812,2.419,1.574
5813,2.449,1.574
5814,2.468,1.574
5815,2.473,1.574
5816,2.473,1.574
5817,2.468,1.579
5818,2.473,1.579
5819,2.473,1.579
5820,2.468,1.579
5821,2.463,1.584
5822,2.454,1.584
5823,2.454,1.584
5824,2.463,1.584
5825,2.473,1.584
5826,2.478,1.588
5827,2.483,1.588
5828,2.483,1.588
5829,2.483,1.593
5830,2.473,1.593
5831,2.468,1.593
5832,2.463,1.593
5833,2.473,1.593
5834,2.478,1.598
5835,2.478,1.598
5836,2.483,1.598
5837,2.488,1.598
5838,2.630,1.598
5839,2.341,1.603
5840,2.297,1.603
5841,2.370,1.603
5842,2.458,1.603
5843,2.507,1.608
5844,2.507,1.608
5845,2.483,1.608
5846,2.473,1.608
5847,2.463,1.613
5848,2.517,1.613
5849,2.483,1.613
5850,2.463,1.613
5851,2.458,1.613
5852,2.463,1.613
5853,2.478,1.618
5854,2.488,1.618
5855,2.488,1.618
5856,2.478,1.618
5857,2.483,1.618
5858,2.478,1.623
5859,2.478,1.623
5860,2.478,1.623
5861,2.600,1.623
5862,2.454,1.623
5863,2.414,1.628
5864,2.424,1.628
5865,2.454,1.628
5866,2.581,1.628
5867,2.458,1.628
5868,2.410,1.628
5869,2.419,1.632
5870,2.449,1.632
5871,2.473,1.632
5872,2.483,1.632
5873,2.483,1.632
5874,2.483,1.637
5875,2.478,1.637
5876,2.483,1.637
5877,2.478,1.637
5878,2.478,1.637
5879,2.478,1.637
5880,2.478,1.642
5881,2.478,1.642
5882,2.483,1.642
5883,2.483,1.642
5884,2.478,1.642
5885,2.478,1.642
5886,2.478,1.647
5887,2.483,1.647
5888,2.478,1.647
5889,2.473,1.647
5890,2.473,1.647
5891,2.478,1.647
5892,2.478,1.652
5893,2.478,1.652
5894,2.478,1.652
5895,2.586,1.652
5896,2.444,1.652
5897,2.405,1.652
5898,2.424,1.657
5899,2.463,1.657
5900,2.483,1.657
5901,2.493,1.657
5902,2.488,1.657
5903,2.478,1.657
5904,2.478,1.657
5905,2.473,1.657
5906,2.473,1.662
5907,2.478,1.662
5908,2.473,1.662
5909,2.478,1.662
5910,2.483,1.662
5911,2.527,1.662
5912,2.522,1.662
5913,2.488,1.667
5914,2.473,1.667
5915,2.463,1.667
5916,2.468,1.667
5917,2.478,1.667
5918,2.488,1.667
5919,2.488,1.667
5920,2.488,1.667
5921,2.483,1.672
5922,2.473,1.672
5923,2.669,1.667
5924,2.341,1.672
5925,2.273,1.672
5926,2.351,1.672
5927,2.449,1.672
5928,2.507,1.672
5929,2.517,1.672
5930,2.507,1.676
5931,2.488,1.676
5932,2.478,1.676
5933,2.473,1.676
5934,2.478,1.676
5935,2.478,1.676
5936,2.483,1.676
5937,2.483,1.676
5938,2.483,1.676
5939,2.483,1.676
5940,2.483,1.676
5941,2.478,1.676
5942,2.478,1.676
5943,2.488,1.676
5944,2.483,1.676
5945,2.473,1.676
5946,2.473,1.676
5947,2.468,1.676
5948,2.478,1.676
5949,2.483,1.676
5950,2.488,1.676
5951,2.600,1.676
5952,2.454,1.676
5953,2.410,1.676
5954,2.429,1.676
5955,2.463,1.676
5956,2.488,1.676
5957,2.493,1.676
5958,2.488,1.676
5959,2.483,1.676
5960,2.483,1.676
5961,2.483,1.676
5962,2.483,1.681
5963,2.478,1.681
5964,2.483,1.676
5965,2.483,1.681
5966,2.483,1.676
5967,2.483,1.681
5968,2.483,1.681
5969,2.483,1.676
5970,2.483,1.681
5971,2.483,1.676
5972,2.488,1.676
5973,2.483,1.676
5974,2.527,1.676
5975,2.522,1.676
5976,2.488,1.676
5977,2.463,1.676
5978,2.463,1.672
5979,2.473,1.672
5980,2.595,1.672
5981,2.454,1.672
5982,2.400,1.667
5983,2.527,1.667
5984,2.419,1.667
5985,2.395,1.667
5986,2.419,1.662
5987,2.463,1.662
5988,2.493,1.662
5989,2.502,1.657
5990,2.498,1.657
5991,2.488,1.657
5992,2.478,1.657
5993,2.478,1.657
5994,2.473,1.652
5995,2.478,1.652
5996,2.483,1.652
5997,2.478,1.652
5998,2.473,1.647
5999,2.478,1.647
6000,2.478,1.647
6001,2.473,1.647
6002,2.488,1.647
6003,2.493,1.642
6004,2.483,1.642
6005,2.478,1.642
6006,2.483,1.642
6007,2.483,1.642
6008,2.605,1.642
6009,2.458,1.637
6010,2.410,1.637
6011,2.424,1.637
6012,2.463,1.637
6013,2.498,1.632
6014,2.502,1.632
6015,2.498,1.632
6016,2.488,1.632
6017,2.488,1.628
6018,2.483,1.628
6019,2.478,1.628
6020,2.478,1.628
6021,2.478,1.623
6022,2.478,1.623
6023,2.483,1.623
6024,2.478,1.618
6025,2.483,1.618
6026,2.488,1.618
6027,2.483,1.613
6028,2.488,1.613
6029,2.488,1.613
6030,2.483,1.613
6031,2.483,1.608
6032,2.488,1.608
6033,2.488,1.608
6034,2.488,1.603
6035,2.493,1.603
6036,2.502,1.603
6037,2.664,1.603
6038,2.512,1.603
6039,2.434,1.603
6040,2.429,1.598
6041,2.458,1.603
6042,2.468,1.603
6043,2.468,1.603
6044,2.737,1.598
6045,2.434,1.598
6046,2.351,1.603
6047,2.380,1.598
6048,2.429,1.603
6049,2.473,1.603
6050,2.488,1.603
6051,2.478,1.603
6052,2.488,1.603
6053,2.483,1.603
6054,2.478,1.603
6055,2.473,1.603
6056,2.483,1.603
6057,2.483,1.603
6058,2.488,1.603
6059,2.483,1.608
6060,2.488,1.608
6061,2.493,1.608
6062,2.483,1.608
6063,2.488,1.608
6064,2.473,1.608
6065,2.590,1.608
6066,2.444,1.613
6067,2.405,1.613
6068,2.434,1.613
6069,2.488,1.613
6070,2.522,1.618
6071,2.522,1.618
6072,2.517,1.618
6073,2.507,1.618
6074,2.502,1.623
6075,2.512,1.623
6076,2.507,1.623
6077,2.478,1.623
6078,2.458,1.628
6079,2.449,1.628
6080,2.458,1.628
6081,2.463,1.632
6082,2.473,1.632
6083,2.478,1.632
6084,2.478,1.632
6085,2.468,1.632
6086,2.473,1.637
6087,2.473,1.637
6088,2.483,1.637
6089,2.483,1.637
6090,2.483,1.642
6091,2.483,1.642
6092,2.488,1.642
6093,2.493,1.642
6094,2.605,1.642
6095,2.463,1.647
6096,2.419,1.647
6097,2.424,1.647
6098,2.458,1.647
6099,2.537,1.647
6100,2.527,1.652
6101,2.507,1.652
6102,2.493,1.652
6103,2.488,1.652
6104,2.478,1.652
6105,2.571,1.652
6106,2.449,1.657
6107,2.419,1.657
6108,2.439,1.657
6109,2.463,1.662
6110,2.478,1.662
6111,2.478,1.662
6112,2.463,1.662
6113,2.468,1.662
6114,2.468,1.662
6115,2.478,1.667
6116,2.478,1.667
6117,2.483,1.667
6118,2.483,1.667
6119,2.488,1.667
6120,2.488,1.672
6121,2.483,1.672
6122,2.595,1.672
6123,2.454,1.672
6124,2.405,1.672
6125,2.429,1.672
6126,2.473,1.672
6127,2.507,1.676
6128,2.517,1.676
6129,2.507,1.676
6130,2.498,1.676
6131,2.483,1.676
6132,2.478,1.681
6133,2.478,1.681
6134,2.478,1.681
6135,2.483,1.681
6136,2.488,1.681
6137,2.488,1.681
6138,2.488,1.681
6139,2.488,1.681
6140,2.483,1.681
6141,2.478,1.686
6142,2.483,1.686
6143,2.478,1.686
6144,2.483,1.686
6145,2.483,1.686
6146,2.488,1.686
6147,2.488,1.686
6148,2.493,1.686
6149,2.488,1.686
6150,2.488,1.686
6151,2.600,1.686
6152,2.454,1.686
6153,2.419,1.686
6154,2.434,1.686
6155,2.463,1.686
6156,2.483,1.686
6157,2.488,1.686
6158,2.488,1.686
6159,2.483,1.691
6160,2.478,1.686
6161,2.478,1.691
6162,2.537,1.691
6163,2.512,1.691
6164,2.478,1.686
6165,2.473,1.691
6166,2.771,1.686
6167,2.463,1.691
6168,2.361,1.691
6169,2.385,1.691
6170,2.449,1.691
6171,2.498,1.691
6172,2.512,1.691
6173,2.507,1.691
6174,2.493,1.691
6175,2.483,1.691
6176,2.478,1.696
6177,2.483,1.691
6178,2.483,1.696
6179,2.600,1.696
6180,2.449,1.696
6181,2.410,1.696
6182,2.434,1.696
6183,2.478,1.696
6184,2.507,1.696
6185,2.507,1.696
6186,2.502,1.696
6187,2.493,1.696
6188,2.493,1.701
6189,2.488,1.701
6190,2.493,1.701
6191,2.488,1.701
6192,2.488,1.701
6193,2.488,1.701
6194,2.483,1.701
6195,2.483,1.701
6196,2.488,1.706
6197,2.493,1.706
6198,2.498,1.706
6199,2.493,1.706
6200,2.488,1.706
6201,2.488,1.706
6202,2.493,1.711
6203,2.493,1.706
6204,2.493,1.711
6205,2.483,1.711
6206,2.488,1.711
6207,2.615,1.711
6208,2.463,1.711
6209,2.414,1.711
6210,2.424,1.711
6211,2.473,1.716
6212,2.498,1.716
6213,2.512,1.716
6214,2.493,1.716
6215,2.488,1.716
6216,2.483,1.716
6217,2.493,1.720
6218,2.493,1.716
6219,2.498,1.720
6220,2.498,1.720
6221,2.498,1.720
6222,2.498,1.720
6223,2.502,1.720
6224,2.502,1.720
6225,2.546,1.725
6226,2.517,1.725
6227,2.586,1.725
6228,2.439,1.725
6229,2.405,1.725
6230,2.439,1.725
6231,2.483,1.725
6232,2.512,1.725
6233,2.512,1.730
6234,2.502,1.730
6235,2.498,1.730
6236,2.610,1.730
6237,2.454,1.730
6238,2.410,1.730
6239,2.444,1.730
6240,2.478,1.735
6241,2.512,1.735
6242,2.512,1.735
6243,2.512,1.735
6244,2.502,1.735
6245,2.493,1.735
6246,2.493,1.735
6247,2.498,1.735
6248,2.493,1.740
6249,2.493,1.740
6250,2.493,1.740
6251,2.493,1.740
6252,2.488,1.740
6253,2.488,1.740
6254,2.488,1.740
6255,2.483,1.740
6256,2.478,1.745
6257,2.488,1.745
6258,2.488,1.745
6259,2.493,1.745
6260,2.493,1.745
6261,2.498,1.745
6262,2.493,1.745
6263,2.493,1.745
6264,2.620,1.745
6265,2.463,1.750
6266,2.410,1.750
6267,2.429,1.750
6268,2.473,1.750
6269,2.507,1.750
6270,2.517,1.750
6271,2.507,1.750
6272,2.498,1.750
6273,2.498,1.755
6274,2.493,1.755
6275,2.493,1.755
6276,2.498,1.755
6277,2.498,1.755
6278,2.502,1.755
6279,2.498,1.755
6280,2.498,1.755
6281,2.498,1.755
6282,2.493,1.760
6283,2.493,1.760
6284,2.498,1.760
6285,2.502,1.760
6286,2.498,1.760
6287,2.498,1.760
6288,2.537,1.760
6289,2.600,1.760
6290,2.385,1.760
6291,2.351,1.760
6292,2.410,1.760
6293,2.610,1.764
6294,2.478,1.764
6295,2.424,1.764
6296,2.434,1.764
6297,2.468,1.764
6298,2.488,1.764
6299,2.502,1.764
6300,2.507,1.769
6301,2.498,1.769
6302,2.493,1.769
6303,2.493,1.769
6304,2.493,1.769
6305,2.488,1.769
6306,2.493,1.769
6307,2.493,1.769
6308,2.507,1.769
6309,2.498,1.774
6310,2.493,1.774
6311,2.488,1.774
6312,2.493,1.774
6313,2.483,1.774
6314,2.493,1.774
6315,2.493,1.774
6316,2.488,1.774
6317,2.483,1.774
6318,2.483,1.779
6319,2.483,1.774
6320,2.493,1.779
6321,2.630,1.779
6322,2.468,1.779
6323,2.414,1.779
6324,2.434,1.779
6325,2.473,1.779
6326,2.502,1.779
6327,2.512,1.779
6328,2.512,1.779
6329,2.498,1.784
6330,2.493,1.784
6331,2.488,1.784
6332,2.483,1.784
6333,2.493,1.784
6334,2.493,1.784
6335,2.502,1.784
6336,2.493,1.784
6337,2.493,1.784
6338,2.493,1.789
6339,2.493,1.784
6340,2.488,1.789
6341,2.493,1.789
6342,2.493,1.789
6343,2.493,1.789
6344,2.488,1.789
6345,2.493,1.789
6346,2.498,1.789
6347,2.502,1.789
6348,2.498,1.789
6349,2.488,1.794
6350,2.664,1.789
6351,2.434,1.789
6352,2.390,1.789
6353,2.414,1.794
6354,2.468,1.794
6355,2.498,1.794
6356,2.507,1.794
6357,2.507,1.794
6358,2.502,1.794
6359,2.498,1.794
6360,2.488,1.794
6361,2.493,1.799
6362,2.502,1.799
6363,2.498,1.799
6364,2.498,1.799
6365,2.502,1.799
6366,2.502,1.799
6367,2.502,1.799
6368,2.502,1.799
6369,2.502,1.799
6370,2.502,1.799
6371,2.498,1.799
6372,2.498,1.804
6373,2.498,1.799
6374,2.493,1.799
6375,2.493,1.804
6376,2.502,1.804
6377,2.502,1.804
6378,2.620,1.804
6379,2.454,1.804
6380,2.405,1.804
6381,2.429,1.804
6382,2.473,1.804
6383,2.502,1.804
6384,2.517,1.804
6385,2.507,1.804
6386,2.502,1.804
6387,2.498,1.808
6388,2.502,1.808
6389,2.498,1.808
6390,2.498,1.808
6391,2.498,1.808
6392,2.488,1.808
6393,2.493,1.808
6394,2.498,1.808
6395,2.498,1.808
6396,2.493,1.808
6397,2.498,1.808
6398,2.502,1.813
6399,2.493,1.813
6400,2.498,1.813
6401,2.493,1.813
6402,2.493,1.813
6403,2.493,1.813
6404,2.498,1.813
6405,2.488,1.813
6406,2.498,1.813
6407,2.625,1.813
6408,2.458,1.813
6409,2.410,1.813
6410,2.429,1.818
6411,2.659,1.813
6412,2.405,1.818
6413,2.346,1.818
6414,2.454,1.818
6415,2.537,1.813
6416,2.522,1.818
6417,2.493,1.818
6418,2.478,1.818
6419,2.478,1.818
6420,2.488,1.818
6421,2.498,1.818
6422,2.502,1.823
6423,2.502,1.823
6424,2.502,1.823
6425,2.493,1.823
6426,2.488,1.823
6427,2.483,1.823
6428,2.483,1.823
6429,2.488,1.823
6430,2.493,1.823
6431,2.502,1.828
6432,2.502,1.823
6433,2.488,1.828
6434,2.488,1.828
6435,2.620,1.823
6436,2.458,1.828
6437,2.400,1.828
6438,2.424,1.828
6439,2.468,1.828
6440,2.502,1.828
6441,2.512,1.828
6442,2.507,1.828
6443,2.493,1.833
6444,2.493,1.828
6445,2.493,1.833
6446,2.493,1.833
6447,2.502,1.833
6448,2.502,1.833
6449,2.502,1.833
6450,2.498,1.833
6451,2.502,1.833
6452,2.498,1.833
6453,2.493,1.833
6454,2.493,1.838
6455,2.502,1.833
6456,2.493,1.838
6457,2.498,1.838
6458,2.493,1.838
6459,2.498,1.838
6460,2.502,1.838
6461,2.502,1.838
6462,2.493,1.838
6463,2.625,1.838
6464,2.458,1.838
6465,2.410,1.838
6466,2.434,1.838
6467,2.478,1.838
6468,2.502,1.843
6469,2.507,1.843
6470,2.512,1.843
6471,2.683,1.838
6472,2.498,1.843
6473,2.429,1.843
6474,2.439,1.843
6475,2.473,1.843
6476,2.502,1.843
6477,2.561,1.843
6478,2.561,1.843
6479,2.512,1.843
6480,2.483,1.848
6481,2.473,1.848
6482,2.488,1.848
6483,2.502,1.848
6484,2.507,1.848
6485,2.507,1.848
6486,2.507,1.848
6487,2.498,1.848
6488,2.498,1.848
6489,2.502,1.848
6490,2.502,1.848
6491,2.507,1.852
6492,2.639,1.852
6493,2.512,1.848
6494,2.439,1.852
6495,2.424,1.852
6496,2.439,1.852
6497,2.458,1.852
6498,2.478,1.852
6499,2.473,1.852
6500,2.463,1.852
6501,2.458,1.852
6502,2.458,1.852
6503,2.454,1.852
6504,2.458,1.852
6505,2.468,1.857
6506,2.473,1.857
6507,2.473,1.852
6508,2.468,1.857
6509,2.473,1.857
6510,2.458,1.857
6511,2.458,1.857
6512,2.458,1.857
6513,2.473,1.857
6514,2.468,1.857
6515,2.463,1.857
6516,2.463,1.857
6517,2.468,1.857
6518,2.473,1.857
6519,2.478,1.862
6520,2.605,1.857
6521,2.439,1.857
6522,2.380,1.862
6523,2.395,1.862
6524,2.429,1.862
6525,2.468,1.862
6526,2.478,1.862
6527,2.468,1.862
6528,2.468,1.862
6529,2.463,1.862
6530,2.458,1.862
6531,2.454,1.867
6532,2.454,1.862
6533,2.634,1.862
6534,2.400,1.862
6535,2.336,1.867
6536,2.370,1.867
6537,2.439,1.867
6538,2.488,1.867
6539,2.498,1.867
6540,2.527,1.867
6541,2.473,1.867
6542,2.434,1.867
6543,2.419,1.867
6544,2.419,1.872
6545,2.444,1.872
6546,2.458,1.867
6547,2.473,1.872
6548,2.468,1.872
6549,2.571,1.867
6550,2.414,1.872
6551,2.380,1.872
6552,2.414,1.872
6553,2.458,1.872
6554,2.488,1.872
6555,2.498,1.872
6556,2.498,1.877
6557,2.488,1.877
6558,2.478,1.877
6559,2.468,1.877
6560,2.468,1.877
6561,2.463,1.877
6562,2.458,1.877
6563,2.458,1.877
6564,2.463,1.877
6565,2.458,1.877
6566,2.463,1.877
6567,2.458,1.877
6568,2.463,1.882
6569,2.468,1.877
6570,2.468,1.882
6571,2.468,1.882
6572,2.463,1.882
6573,2.463,1.882
6574,2.458,1.882
6575,2.454,1.882
6576,2.458,1.882
6577,2.590,1.882
6578,2.429,1.882
6579,2.380,1.882
6580,2.405,1.882
6581,2.439,1.882
6582,2.463,1.887
6583,2.473,1.887
6584,2.468,1.887
6585,2.463,1.887
6586,2.458,1.887
6587,2.449,1.887
6588,2.444,1.887
6589,2.449,1.887
6590,2.454,1.887
6591,2.458,1.887
6592,2.458,1.887
6593,2.458,1.887
6594,2.556,1.887
6595,2.410,1.887
6596,2.380,1.887
6597,2.405,1.887
6598,2.449,1.891
6599,2.473,1.891
6600,2.478,1.891
6601,2.473,1.891
6602,2.458,1.891
6603,2.908,1.877
6604,2.356,1.862
6605,2.468,1.862
6606,2.273,1.857
6607,2.493,1.862
6608,2.473,1.867
6609,2.243,1.882
6610,2.527,1.887
6611,2.551,1.887
6612,2.522,1.891
6613,2.478,1.896
6614,2.454,1.896
6615,2.449,1.896
6616,2.454,1.901
6617,2.463,1.901
6618,2.468,1.901
6619,2.468,1.901
6620,2.473,1.901
6621,2.468,1.901
6622,2.468,1.901
6623,2.463,1.901
6624,2.463,1.906
6625,2.463,1.906
6626,2.473,1.906
6627,2.483,1.906
6628,2.488,1.906
6629,2.488,1.906
6630,2.483,1.906
6631,2.478,1.906
6632,2.468,1.906
6633,2.463,1.906
6634,2.600,1.906
6635,2.434,1.906
6636,2.380,1.911
6637,2.405,1.906
6638,2.444,1.911
6639,2.473,1.911
6640,2.483,1.911
6641,2.488,1.911
6642,2.507,1.911
6643,2.527,1.911
6644,2.522,1.911
6645,2.507,1.911
6646,2.483,1.911
6647,2.463,1.911
6648,2.454,1.911
6649,2.458,1.916
6650,2.468,1.916
6651,2.488,1.911
6652,2.478,1.916
6653,2.634,1.911
6654,2.375,1.916
6655,2.317,1.916
6656,2.370,1.916
6657,2.449,1.916
6658,2.493,1.916
6659,2.507,1.916
6660,2.493,1.916
6661,2.478,1.916
6662,2.468,1.916
6663,2.595,1.916
6664,2.429,1.916
6665,2.429,1.916
6666,2.434,1.916
6667,2.458,1.916
6668,2.463,1.921
6669,2.463,1.921
6670,2.468,1.921
6671,2.468,1.921
6672,2.468,1.921
6673,2.473,1.921
6674,2.473,1.921
6675,2.473,1.921
6676,2.473,1.921
6677,2.473,1.921
6678,2.468,1.921
6679,2.468,1.926
6680,2.468,1.926
6681,2.473,1.926
6682,2.473,1.926
6683,2.468,1.926
6684,2.463,1.926
6685,2.458,1.926
6686,2.458,1.926
6687,2.468,1.926
6688,2.468,1.926
6689,2.478,1.926
6690,2.478,1.926
6691,2.605,1.926
6692,2.424,1.926
6693,2.380,1.926
6694,2.405,1.931
6695,2.449,1.931
6696,2.478,1.931
6697,2.493,1.931
6698,2.488,1.931
6699,2.483,1.931
6700,2.473,1.931
6701,2.468,1.931
6702,2.463,1.931
6703,2.463,1.931
6704,2.473,1.931
6705,2.478,1.935
6706,2.483,1.931
6707,2.478,1.931
6708,2.478,1.935
6709,2.483,1.931
6710,2.488,1.935
6711,2.478,1.935
6712,2.473,1.935
6713,2.664,1.935
6714,2.478,1.935
6715,2.410,1.935
6716,2.419,1.935
6717,2.449,1.935
6718,2.483,1.935
6719,2.625,1.935
6720,2.454,1.935
6721,2.390,1.935
6722,2.410,1.935
6723,2.454,1.935
6724,2.488,1.940
6725,2.502,1.935
6726,2.498,1.940
6727,2.488,1.940
6728,2.542,1.935
6729,2.502,1.935
6730,2.473,1.940
6731,2.468,1.940
6732,2.473,1.940
6733,2.478,1.940
6734,2.473,1.940
6735,2.478,1.940
6736,2.478,1.940
6737,2.478,1.940
6738,2.478,1.940
6739,2.473,1.945
6740,2.478,1.940
6741,2.473,1.940
6742,2.473,1.945
6743,2.478,1.940
6744,2.488,1.945
6745,2.483,1.945
6746,2.478,1.945
6747,2.473,1.945
6748,2.615,1.945
6749,2.434,1.945
6750,2.385,1.945
6751,2.410,1.945
6752,2.463,1.945
6753,2.493,1.945
6754,2.502,1.945
6755,2.493,1.945
6756,2.478,1.945
6757,2.468,1.945
6758,2.473,1.945
6759,2.468,1.950
6760,2.478,1.950
6761,2.478,1.945
6762,2.478,1.950
6763,2.473,1.950
6764,2.483,1.950
6765,2.478,1.950
6766,2.483,1.950
6767,2.478,1.950
6768,2.478,1.950
6769,2.478,1.950
6770,2.483,1.950
6771,2.488,1.950
6772,2.498,1.950
6773,2.498,1.950
6774,2.483,1.955
6775,2.674,1.950
6776,2.522,1.950
6777,2.297,1.950
6778,2.302,1.950
6779,2.405,1.955
6780,2.493,1.955
6781,2.532,1.955
6782,2.532,1.955
6783,2.512,1.955
6784,2.498,1.955
6785,2.478,1.955
6786,2.454,1.955
6787,2.424,1.955
6788,2.449,1.955
6789,2.493,1.955
6790,2.517,1.955
6791,2.571,1.955
6792,2.522,1.955
6793,2.493,1.955
6794,2.498,1.960
6795,2.517,1.955
6796,2.532,1.960
6797,2.551,1.960
6798,2.561,1.960
6799,2.542,1.960
6800,2.512,1.960
6801,2.493,1.960
6802,2.507,1.960
6803,2.517,1.960
6804,2.512,1.960
6805,2.634,1.960
6806,2.429,1.960
6807,2.361,1.960
6808,2.390,1.960
6809,2.458,1.960
6810,2.498,1.960
6811,2.502,1.960
6812,2.493,1.960
6813,2.488,1.960
6814,2.478,1.960
6815,2.478,1.965
6816,2.473,1.960
6817,2.483,1.965
6818,2.488,1.965
6819,2.488,1.965
6820,2.473,1.965
6821,2.463,1.965
6822,2.463,1.965
6823,2.507,1.965
6824,2.566,1.965
6825,2.590,1.965
6826,2.600,1.965
6827,2.571,1.965
6828,2.527,1.965
6829,2.488,1.965
6830,2.478,1.965
6831,2.478,1.965
6832,2.488,1.965
6833,2.644,1.965
6834,2.439,1.965
6835,2.522,1.965
6836,2.405,1.965
6837,2.424,1.965
6838,2.463,1.965
6839,2.488,1.970
6840,2.498,1.970
6841,2.502,1.970
6842,2.507,1.970
6843,2.502,1.970
6844,2.507,1.970
6845,2.507,1.970
6846,2.507,1.970
6847,2.502,1.970
6848,2.493,1.970
6849,2.493,1.970
6850,2.493,1.970
6851,2.493,1.970
6852,2.493,1.970
6853,2.498,1.970
6854,2.551,1.970
6855,2.517,1.970
6856,2.493,1.970
6857,2.473,1.970
6858,2.468,1.970
6859,2.488,1.970
6860,2.498,1.970
6861,2.502,1.970
6862,2.649,1.970
6863,2.419,1.970
6864,2.351,1.970
6865,2.390,1.970
6866,2.454,1.970
6867,2.498,1.970
6868,2.512,1.970
6869,2.498,1.970
6870,2.468,1.970
6871,2.458,1.970
6872,2.449,1.970
6873,2.434,1.970
6874,2.434,1.970
6875,2.444,1.970
6876,2.439,1.970
6877,2.444,1.970
6878,2.444,1.970
6879,2.439,1.970
6880,2.444,1.970
6881,2.473,1.970
6882,2.498,1.970
6883,2.512,1.970
6884,2.517,1.970
6885,2.512,1.970
6886,2.512,1.970
6887,2.507,1.970
6888,2.507,1.970
6889,2.483,1.970
6890,2.625,1.970
6891,2.419,1.970
6892,2.370,1.970
6893,2.414,1.970
6894,2.473,1.970
6895,2.507,1.970
6896,2.825,1.970
6897,2.454,1.970
6898,2.331,1.970
6899,2.370,1.975
6900,2.444,1.975
6901,2.502,1.975
6902,2.522,1.975
6903,2.517,1.975
6904,2.498,1.975
6905,2.493,1.975
6906,2.488,1.975
6907,2.493,1.975
6908,2.493,1.975
6909,2.493,1.975
6910,2.493,1.975
6911,2.488,1.975
6912,2.488,1.975
6913,2.493,1.975
6914,2.493,1.975
6915,2.498,1.975
6916,2.498,1.975
6917,2.542,1.975
6918,2.502,1.975
6919,2.630,1.975
6920,2.414,1.975
6921,2.351,1.975
6922,2.385,1.975
6923,2.444,1.975
6924,2.483,1.975
6925,2.502,1.970
6926,2.502,1.970
6927,2.493,1.970
6928,2.488,1.970
6929,2.483,1.970
6930,2.488,1.970
6931,2.488,1.970
6932,2.498,1.965
6933,2.498,1.965
6934,2.498,1.965
6935,2.493,1.965
6936,2.488,1.965
6937,2.498,1.965
6938,2.493,1.960
6939,2.498,1.960
6940,2.498,1.960
6941,2.493,1.960
6942,2.493,1.960
6943,2.483,1.955
6944,2.483,1.955
6945,2.483,1.955
6946,2.478,1.955
6947,2.634,1.955
6948,2.444,1.950
6949,2.385,1.950
6950,2.414,1.950
6951,2.468,1.950
6952,2.502,1.950
6953,2.517,1.950
6954,2.517,1.950
6955,2.498,1.950
6956,2.478,1.950
6957,2.630,1.945
6958,2.444,1.945
6959,2.395,1.945
6960,2.419,1.945
6961,2.468,1.945
6962,2.498,1.945
6963,2.502,1.945
6964,2.507,1.945
6965,2.498,1.945
6966,2.488,1.945
6967,2.488,1.945
6968,2.493,1.945
6969,2.493,1.945
6970,2.502,1.945
6971,2.498,1.945
6972,2.502,1.945
6973,2.493,1.945
6974,2.488,1.945
6975,2.669,1.945
6976,2.454,1.945
6977,2.395,1.950
6978,2.419,1.950
6979,2.463,1.950
6980,2.556,1.950
6981,2.571,1.950
6982,2.527,1.950
6983,2.493,1.950
6984,2.483,1.950
6985,2.483,1.950
6986,2.493,1.950
6987,2.502,1.950
6988,2.502,1.950
6989,2.498,1.950
6990,2.498,1.950
6991,2.498,1.955
6992,2.498,1.955
6993,2.488,1.955
6994,2.498,1.955
6995,2.493,1.955
6996,2.493,1.955
6997,2.493,1.955
6998,2.502,1.955
6999,2.498,1.955
7000,2.502,1.955
7001,2.507,1.960
7002,2.512,1.960
7003,2.512,1.960
7004,2.678,1.960
7005,2.458,1.960
7006,2.390,1.960
7007,2.414,1.960
7008,2.468,1.960
7009,2.502,1.960
7010,2.517,1.965
7011,2.517,1.965
7012,2.502,1.965
7013,2.488,1.965
7014,2.493,1.965
7015,2.493,1.965
7016,2.493,1.965
7017,2.493,1.965
7018,2.849,1.965
7019,2.463,1.965
7020,2.336,1.965
7021,2.366,1.970
7022,2.444,1.970
7023,2.512,1.970
7024,2.532,1.970
7025,2.527,1.970
7026,2.512,1.970
7027,2.502,1.970
7028,2.493,1.975
7029,2.498,1.975
7030,2.498,1.975
7031,2.502,1.975
7032,2.678,1.975
7033,2.458,1.975
7034,2.390,1.975
7035,2.414,1.975
7036,2.473,1.975
7037,2.512,1.975
7038,2.532,1.979
7039,2.522,1.979
7040,2.507,1.979
7041,2.502,1.979
7042,2.498,1.979
7043,2.546,1.979
7044,2.556,1.979
7045,2.522,1.979
7046,2.498,1.979
7047,2.483,1.979
7048,2.493,1.979
7049,2.507,1.984
7050,2.512,1.984
7051,2.507,1.984
7052,2.498,1.984
7053,2.493,1.984
7054,2.493,1.984
7055,2.483,1.984
7056,2.483,1.984
7057,2.483,1.984
7058,2.468,1.984
7059,2.444,1.984
7060,2.424,1.989
7061,2.595,1.984
7062,2.429,1.989
7063,2.390,1.989
7064,2.424,1.989
7065,2.463,1.989
7066,2.478,1.989
7067,2.473,1.989
7068,2.478,1.989
7069,2.478,1.989
7070,2.483,1.989
7071,2.493,1.994
7072,2.507,1.994
7073,2.517,1.994
7074,2.532,1.994
7075,2.537,1.994
7076,2.546,1.994
7077,2.556,1.994
7078,2.556,1.994
7079,2.693,1.994
7080,2.478,1.994
7081,2.400,1.994
7082,2.429,1.994
7083,2.468,1.994
7084,2.488,1.994
7085,2.498,1.994
7086,2.517,1.994
7087,2.532,1.994
7088,2.542,1.994
7089,2.698,1.994
7090,2.454,1.994
7091,2.375,1.994
7092,2.405,1.999
7093,2.468,1.999
7094,2.517,1.994
7095,2.527,1.999
7096,2.522,1.999
7097,2.512,1.999
7098,2.502,1.999
7099,2.498,1.999
7100,2.498,1.999
7101,2.493,1.999
7102,2.483,1.999
7103,2.478,1.999
7104,2.473,1.999
7105,2.478,1.999
7106,2.551,1.999
7107,2.566,1.999
7108,2.537,1.999
7109,2.512,1.999
7110,2.498,1.999
7111,2.498,1.999
7112,2.512,1.999
7113,2.517,1.999
7114,2.507,1.999
7115,2.502,1.994
7116,2.502,1.999
7117,2.507,1.994
7118,2.683,1.994
7119,2.458,1.994
7120,2.405,1.994
7121,2.434,1.989
7122,2.483,1.989
7123,2.527,1.989
7124,2.537,1.984
7125,2.532,1.984
7126,2.517,1.984
7127,2.502,1.979
7128,2.493,1.979
7129,2.493,1.975
7130,2.493,1.975
7131,2.502,1.975
7132,2.507,1.970
7133,2.507,1.970
7134,2.502,1.965
7135,2.493,1.965
7136,2.498,1.960
7137,2.502,1.960
7138,2.502,1.955
7139,2.512,1.955
7140,2.845,1.950
7141,2.458,1.945
7142,2.336,1.940
7143,2.366,1.940
7144,2.444,1.940
7145,2.512,1.935
7146,2.717,1.931
7147,2.478,1.931
7148,2.390,1.931
7149,2.410,1.926
7150,2.463,1.926
7151,2.507,1.921
7152,2.522,1.921
7153,2.517,1.921
7154,2.502,1.916
7155,2.498,1.916
7156,2.502,1.916
7157,2.498,1.911
7158,2.502,1.911
7159,2.502,1.906
7160,2.507,1.906
7161,2.493,1.906
7162,2.478,1.901
7163,2.478,1.901
7164,2.488,1.901
7165,2.488,1.896
7166,2.483,1.896
7167,2.468,1.896
7168,2.463,1.891
7169,2.522,1.891
7170,2.542,1.891
7171,2.517,1.891
7172,2.502,1.887
7173,2.493,1.887
7174,2.483,1.887
7175,2.639,1.887
7176,2.414,1.882
7177,2.351,1.887
7178,2.390,1.887
7179,2.439,1.882
7180,2.483,1.887
7181,2.502,1.882
7182,2.498,1.882
7183,2.483,1.887
7184,2.483,1.882
7185,2.488,1.882
7186,2.493,1.882
7187,2.502,1.882
7188,2.522,1.882
7189,2.542,1.882
7190,2.561,1.882
7191,2.546,1.887
7192,2.527,1.887
7193,2.507,1.887
7194,2.493,1.887
7195,2.493,1.887
7196,2.502,1.887
7197,2.512,1.887
7198,2.517,1.887
7199,2.522,1.887
7200,2.512,1.891
7201,2.664,1.887
7202,2.468,1.887
7203,2.581,1.887
7204,2.385,1.891
7205,2.366,1.891
7206,2.414,1.891
7207,2.483,1.891
7208,2.517,1.891
7209,2.532,1.891
7210,2.517,1.896
7211,2.512,1.896
7212,2.502,1.896
7213,2.507,1.896
7214,2.507,1.896
7215,2.512,1.896
7216,2.512,1.901
7217,2.512,1.896
7218,2.507,1.901
7219,2.507,1.901
7220,2.507,1.901
7221,2.512,1.901
7222,2.507,1.901
7223,2.512,1.901
7224,2.507,1.906
7225,2.512,1.906
7226,2.507,1.906
7227,2.512,1.906
7228,2.517,1.906
7229,2.512,1.911
7230,2.512,1.911
7231,2.727,1.911
7232,2.463,1.911
7233,2.400,1.906
7234,2.439,1.911
7235,2.493,1.911
7236,2.527,1.911
7237,2.527,1.916
7238,2.517,1.916
7239,2.502,1.916
7240,2.498,1.916
7241,2.493,1.916
7242,2.498,1.916
7243,2.498,1.921
7244,2.502,1.916
7245,2.502,1.921
7246,2.507,1.921
7247,2.507,1.921
7248,2.512,1.921
7249,2.512,1.921
7250,2.512,1.921
7251,2.507,1.926
7252,2.507,1.926
7253,2.498,1.926
7254,2.498,1.926
7255,2.502,1.926
7256,2.498,1.926
7257,2.507,1.931
7258,2.512,1.926
7259,2.507,1.931
7260,2.669,1.931
7261,2.434,1.931
7262,2.600,1.931
7263,2.341,1.931
7264,2.312,1.931
7265,2.400,1.935
7266,2.493,1.935
7267,2.542,1.935
7268,2.546,1.935
7269,2.522,1.935
7270,2.517,1.935
7271,2.507,1.935
7272,2.517,1.935
7273,2.512,1.940
7274,2.517,1.940
7275,2.507,1.935
7276,2.502,1.940
7277,2.502,1.940
7278,2.502,1.940
7279,2.498,1.940
7280,2.507,1.940
7281,2.507,1.940
7282,2.512,1.945
7283,2.507,1.940
7284,2.502,1.945
7285,2.502,1.945
7286,2.507,1.945
7287,2.507,1.945
7288,2.683,1.945
7289,2.463,1.945
7290,2.390,1.945
7291,2.424,1.950
7292,2.488,1.945
7293,2.532,1.950
7294,2.600,1.950
7295,2.561,1.950
7296,2.517,1.950
7297,2.493,1.950
7298,2.502,1.950
7299,2.512,1.950
7300,2.522,1.955
7301,2.512,1.955
7302,2.502,1.950
7303,2.483,1.955
7304,2.488,1.955
7305,2.493,1.955
7306,2.517,1.955
7307,2.512,1.955
7308,2.517,1.955
7309,2.517,1.955
7310,2.522,1.955
7311,2.517,1.960
7312,2.517,1.960
7313,2.512,1.955
7314,2.522,1.960
7315,2.522,1.960
7316,2.527,1.960
7317,2.688,1.960
7318,2.468,1.960
7319,2.410,1.960
7320,2.439,1.960
7321,2.502,1.965
7322,2.771,1.965
7323,2.542,1.960
7324,2.434,1.960
7325,2.419,1.965
7326,2.454,1.965
7327,2.493,1.965
7328,2.522,1.965
7329,2.537,1.965
7330,2.527,1.965
7331,2.522,1.970
7332,2.522,1.965
7333,2.522,1.970
7334,2.522,1.970
7335,2.537,1.965
7336,2.532,1.970
7337,2.532,1.970
7338,2.527,1.970
7339,2.517,1.970
7340,2.522,1.970
7341,2.522,1.970
7342,2.522,1.975
7343,2.527,1.970
7344,2.527,1.975
7345,2.703,1.970
7346,2.463,1.975
7347,2.385,1.970
7348,2.410,1.975
7349,2.463,1.975
7350,2.507,1.975
7351,2.527,1.975
7352,2.527,1.975
7353,2.527,1.975
7354,2.522,1.979
7355,2.522,1.975
7356,2.532,1.975
7357,2.590,1.979
7358,2.551,1.979
7359,2.517,1.975
7360,2.498,1.979
7361,2.498,1.979
7362,2.512,1.979
7363,2.512,1.979
7364,2.522,1.979
7365,2.512,1.979
7366,2.512,1.984
7367,2.512,1.979
7368,2.517,1.979
7369,2.512,1.984
7370,2.512,1.984
7371,2.517,1.984
7372,2.522,1.984
7373,2.522,1.984
7374,2.703,1.979
7375,2.458,1.984
7376,2.385,1.984
7377,2.419,1.984
7378,2.483,1.984
7379,2.522,1.984
7380,2.542,1.984
7381,2.532,1.989
7382,2.527,1.984
7383,2.512,1.989
7384,2.727,1.984
7385,2.405,1.984
7386,2.326,1.989
7387,2.390,1.989
7388,2.488,1.989
7389,2.542,1.989
7390,2.556,1.989
7391,2.542,1.989
7392,2.522,1.989
7393,2.512,1.989
7394,2.512,1.994
7395,2.517,1.994
7396,2.517,1.994
7397,2.512,1.994
7398,2.522,1.994
7399,2.517,1.994
7400,2.517,1.994
7401,2.517,1.994
7402,2.703,1.994
7403,2.517,1.994
7404,2.414,1.994
7405,2.395,1.994
7406,2.434,1.994
7407,2.463,1.994
7408,2.483,1.994
7409,2.493,1.999
7410,2.488,1.994
7411,2.478,1.999
7412,2.478,1.999
7413,2.473,1.999
7414,2.473,1.999
7415,2.473,1.999
7416,2.473,1.999
7417,2.478,1.999
7418,2.473,1.999
7419,2.478,1.999
7420,2.527,1.999
7421,2.488,1.999
7422,2.473,1.999
7423,2.463,1.999
7424,2.463,2.004
7425,2.468,1.999
7426,2.478,2.004
7427,2.468,2.004
7428,2.473,2.004
7429,2.473,2.004
7430,2.483,2.004
7431,2.639,2.004
7432,2.419,2.004
7433,2.346,2.004
7434,2.380,2.004
7435,2.439,2.004
7436,2.478,2.004
7437,2.493,2.004
7438,2.478,2.009
7439,2.468,2.009
7440,2.468,2.009
7441,2.468,2.009
7442,2.468,2.009
7443,2.473,2.009
7444,2.693,2.009
7445,2.473,2.009
7446,2.385,2.009
7447,2.390,2.009
7448,2.434,2.009
7449,2.468,2.009
7450,2.488,2.009
7451,2.493,2.014
7452,2.483,2.009
7453,2.478,2.014
7454,2.468,2.014
7455,2.463,2.009
7456,2.463,2.014
7457,2.468,2.014
7458,2.458,2.014
7459,2.649,2.014
7460,2.419,2.014
7461,2.351,2.014
7462,2.370,2.014
7463,2.439,2.014
7464,2.473,2.014
7465,2.498,2.019
7466,2.488,2.014
7467,2.478,2.014
7468,2.468,2.019
7469,2.468,2.019
7470,2.463,2.019
7471,2.463,2.019
7472,2.463,2.019
7473,2.468,2.019
7474,2.468,2.019
7475,2.473,2.019
7476,2.473,2.019
7477,2.468,2.019
7478,2.463,2.019
7479,2.468,2.023
7480,2.463,2.019
7481,2.468,2.019
7482,2.463,2.023
7483,2.522,2.019
7484,2.483,2.019
7485,2.458,2.023
7486,2.458,2.023
7487,2.630,2.019
7488,2.410,2.023
7489,2.336,2.023
7490,2.380,2.023
7491,2.434,2.023
7492,2.483,2.023
7493,2.488,2.023
7494,2.488,2.023
7495,2.478,2.023
7496,2.468,2.023
7497,2.468,2.028
7498,2.468,2.023
7499,2.468,2.028
7500,2.473,2.028
7501,2.463,2.023
7502,2.468,2.028
7503,2.468,2.028
7504,2.473,2.028
7505,2.468,2.028
7506,2.820,2.028
7507,2.429,2.028
7508,2.312,2.028
7509,2.331,2.028
7510,2.410,2.028
7511,2.473,2.028
7512,2.498,2.033
7513,2.493,2.033
7514,2.478,2.028
7515,2.473,2.033
7516,2.644,2.033
7517,2.400,2.033
7518,2.326,2.033
7519,2.361,2.033
7520,2.419,2.033
7521,2.458,2.033
7522,2.468,2.033
7523,2.454,2.033
7524,2.444,2.038
7525,2.439,2.038
7526,2.449,2.033
7527,2.454,2.038
7528,2.468,2.038
7529,2.468,2.038
7530,2.468,2.038
7531,2.458,2.038
7532,2.454,2.038
7533,2.458,2.038
7534,2.463,2.038
7535,2.463,2.038
7536,2.458,2.038
7537,2.454,2.038
7538,2.454,2.043
7539,2.458,2.043
7540,2.458,2.038
7541,2.463,2.043
7542,2.468,2.043
7543,2.468,2.043
7544,2.644,2.038
7545,2.410,2.043
7546,2.405,2.043
7547,2.454,2.038
7548,2.468,2.043
7549,2.468,2.043
7550,2.473,2.043
7551,2.468,2.043
7552,2.473,2.043
7553,2.473,2.043
7554,2.468,2.048
7555,2.463,2.043
7556,2.463,2.043
7557,2.473,2.048
7558,2.483,2.048
7559,2.493,2.048
7560,2.493,2.048
7561,2.493,2.048
7562,2.488,2.048
7563,2.468,2.048
7564,2.449,2.048
7565,2.444,2.048
7566,2.434,2.048
7567,2.576,2.048
7568,2.410,2.048
7569,2.385,2.048
7570,2.424,2.048
7571,2.478,2.048
7572,2.507,2.048
7573,2.683,2.048
7574,2.454,2.053
7575,2.361,2.048
7576,2.380,2.053
7577,2.424,2.053
7578,2.449,2.053
7579,2.468,2.053
7580,2.478,2.053
7581,2.478,2.053
7582,2.473,2.053
7583,2.478,2.053
7584,2.478,2.053
7585,2.488,2.053
7586,2.488,2.053
7587,2.488,2.058
7588,2.483,2.058
7589,2.488,2.053
7590,2.468,2.058
7591,2.473,2.058
7592,2.488,2.053
7593,2.493,2.058
7594,2.478,2.058
7595,2.468,2.058
7596,2.468,2.058
7597,2.478,2.058
7598,2.493,2.058
7599,2.498,2.058
7600,2.498,2.058
7601,2.669,2.053
7602,2.434,2.058
7603,2.356,2.058
7604,2.380,2.058
7605,2.439,2.058
7606,2.493,2.058
7607,2.502,2.058
7608,2.493,2.058
7609,2.546,2.058
7610,2.537,2.058
7611,2.488,2.058
7612,2.458,2.058
7613,2.444,2.058
7614,2.449,2.058
7615,2.454,2.058
7616,2.468,2.053
7617,2.458,2.058
7618,2.458,2.058
7619,2.454,2.053
7620,2.454,2.058
7621,2.444,2.053
7622,2.439,2.053
7623,2.463,2.053
7624,2.473,2.053
7625,2.463,2.053
7626,2.468,2.053
7627,2.478,2.048
7628,2.825,2.043
7629,2.439,2.043
7630,2.483,2.043
7631,2.307,2.043
7632,2.317,2.043
7633,2.410,2.038
7634,2.488,2.038
7635,2.522,2.038
7636,2.527,2.033
7637,2.502,2.033
7638,2.483,2.033
7639,2.478,2.028
7640,2.478,2.028
7641,2.483,2.023
7642,2.483,2.023
7643,2.478,2.023
7644,2.478,2.019
7645,2.473,2.019
7646,2.483,2.014
7647,2.483,2.009
7648,2.478,2.009
7649,2.473,2.004
7650,2.478,1.999
7651,2.478,1.999
7652,2.478,1.994
7653,2.473,1.994
7654,2.468,1.989
7655,2.463,1.989
7656,2.468,1.984
7657,2.468,1.984
7658,2.840,1.975
7659,2.322,1.970
7660,2.195,1.970
7661,2.287,1.965
7662,2.429,1.965
7663,2.502,1.960
7664,2.512,1.960
7665,2.498,1.955
7666,2.488,1.955
7667,2.483,1.950
7668,2.493,1.950
7669,2.502,1.945
7670,2.498,1.940
7671,2.546,1.935
7672,2.502,1.931
7673,2.478,1.931
7674,2.488,1.931
7675,2.502,1.921
7676,2.512,1.921
7677,2.502,1.916
7678,2.493,1.911
7679,2.478,1.911
7680,2.473,1.906
7681,2.473,1.901
7682,2.473,1.901
7683,2.468,1.896
7684,2.473,1.891
7685,2.473,1.887
7686,2.468,1.882
7687,2.634,1.877
7688,2.532,1.872
7689,2.322,1.867
7690,2.317,1.862
7691,2.400,1.857
7692,2.478,1.857
7693,2.517,1.852
7694,2.502,1.848
7695,2.507,1.848
7696,2.483,1.843
7697,2.483,1.838
7698,2.483,1.833
7699,2.488,1.833
7700,2.478,1.823
7701,2.478,1.823
7702,2.478,1.818
7703,2.473,1.813
7704,2.473,1.808
7705,2.483,1.804
7706,2.478,1.799
7707,2.483,1.799
7708,2.488,1.789
7709,2.488,1.789
7710,2.478,1.784
7711,2.483,1.779
7712,2.468,1.774
7713,2.458,1.769
7714,2.473,1.764
7715,2.683,1.760
7716,2.444,1.760
7717,2.361,1.755
7718,2.385,1.750
7719,2.444,1.750
7720,2.493,1.745
7721,2.498,1.740
7722,2.493,1.735
7723,2.493,1.730
7724,2.483,1.725
7725,2.478,1.725
7726,2.483,1.720
7727,2.488,1.720
7728,2.488,1.720
7729,2.493,1.720
7730,2.498,1.720
7731,2.488,1.716
7732,2.488,1.716
7733,2.478,1.716
7734,2.537,1.711
7735,2.556,1.711
7736,2.527,1.711
7737,2.512,1.711
7738,2.507,1.716
7739,2.502,1.716
7740,2.498,1.716
7741,2.488,1.716
7742,2.468,1.716
7743,2.634,1.716
7744,2.414,1.716
7745,2.366,1.716
7746,2.405,1.716
7747,2.463,1.720
7748,2.502,1.720
7749,2.874,1.716
7750,2.454,1.720
7751,2.312,1.720
7752,2.322,1.720
7753,2.410,1.725
7754,2.473,1.725
7755,2.522,1.725
7756,2.507,1.730
7757,2.493,1.730
7758,2.478,1.730
7759,2.478,1.735
7760,2.488,1.735
7761,2.488,1.735
7762,2.488,1.740
7763,2.493,1.740
7764,2.478,1.740
7765,2.483,1.740
7766,2.483,1.745
7767,2.493,1.745
7768,2.493,1.745
7769,2.493,1.745
7770,2.488,1.750
7771,2.493,1.750
7772,2.674,1.750
7773,2.439,1.750
7774,2.375,1.755
7775,2.410,1.755
7776,2.463,1.755
7777,2.498,1.760
7778,2.498,1.760
7779,2.493,1.760
7780,2.473,1.760
7781,2.473,1.760
7782,2.473,1.764
7783,2.478,1.764
7784,2.483,1.764
7785,2.493,1.769
7786,2.493,1.769
7787,2.493,1.769
7788,2.493,1.769
7789,2.488,1.769
7790,2.493,1.774
7791,2.498,1.774
7792,2.493,1.774
7793,2.498,1.774
7794,2.493,1.774
7795,2.498,1.774
7796,2.483,1.779
7797,2.542,1.779
7798,2.561,1.779
7799,2.517,1.779
7800,2.688,1.779
7801,2.463,1.779
7802,2.390,1.784
7803,2.424,1.784
7804,2.488,1.784
7805,2.532,1.784
7806,2.542,1.784
7807,2.527,1.784
7808,2.507,1.784
7809,2.483,1.784
7810,2.630,1.784
7811,2.434,1.784
7812,2.370,1.784
7813,2.380,1.779
7814,2.405,1.779
7815,2.449,1.779
7816,2.454,1.774
7817,2.449,1.774
7818,2.444,1.769
7819,2.463,1.769
7820,2.478,1.764
7821,2.493,1.760
7822,2.498,1.760
7823,2.512,1.755
7824,2.507,1.750
7825,2.498,1.745
7826,2.473,1.740
7827,2.473,1.735
7828,2.478,1.735
7829,2.659,1.725
7830,2.424,1.720
7831,2.356,1.716
7832,2.395,1.711
7833,2.458,1.701
7834,2.507,1.696
7835,2.522,1.691
7836,2.517,1.686
7837,2.512,1.681
7838,2.502,1.676
7839,2.507,1.667
7840,2.527,1.662
7841,2.537,1.657
7842,2.527,1.652
7843,2.502,1.647
7844,2.483,1.642
7845,2.488,1.637
7846,2.478,1.632
7847,2.473,1.628
7848,2.473,1.623
7849,2.478,1.618
7850,2.488,1.613
7851,2.488,1.608
7852,2.488,1.603
7853,2.498,1.598
7854,2.483,1.593
7855,2.478,1.588
7856,2.478,1.584
7857,2.664,1.579
7858,2.444,1.574
7859,2.444,1.569
7860,2.468,1.564
7861,2.493,1.564
7862,2.512,1.559
7863,2.512,1.559
7864,2.498,1.554
7865,2.473,1.554
7866,2.463,1.549
7867,2.468,1.549
7868,2.473,1.549
7869,2.488,1.544
7870,2.498,1.544
7871,2.845,1.544
7872,2.439,1.544
7873,2.317,1.540
7874,2.351,1.540
7875,2.449,1.544
7876,2.507,1.544
7877,2.537,1.544
7878,2.527,1.544
7879,2.532,1.544
7880,2.546,1.549
7881,2.551,1.549
7882,2.551,1.549
7883,2.556,1.554
7884,2.542,1.554
7885,2.522,1.554
7886,2.654,1.554
7887,2.351,1.559
7888,2.268,1.559
7889,2.326,1.559
7890,2.424,1.564
7891,2.493,1.564
7892,2.517,1.564
7893,2.522,1.564
7894,2.507,1.564
7895,2.483,1.569
7896,2.483,1.569
7897,2.488,1.569
7898,2.493,1.574
7899,2.502,1.574
7900,2.507,1.574
7901,2.502,1.574
7902,2.502,1.574
7903,2.498,1.574
7904,2.493,1.579
7905,2.507,1.579
7906,2.493,1.579
7907,2.483,1.579
7908,2.483,1.579
7909,2.493,1.584
7910,2.498,1.584
7911,2.498,1.584
7912,2.498,1.588
7913,2.502,1.588
7914,2.683,1.588
7915,2.449,1.588
7916,2.375,1.588
7917,2.410,1.588
7918,2.468,1.588
7919,2.517,1.588
7920,2.522,1.584
7921,2.517,1.584
7922,2.556,1.584
7923,2.532,1.579
7924,2.493,1.579
7925,2.473,1.574
7926,2.468,1.574
7927,2.478,1.569
7928,2.498,1.569
7929,2.522,1.564
7930,2.566,1.559
7931,2.590,1.559
7932,2.747,1.554
7933,2.507,1.549
7934,2.400,1.544
7935,2.410,1.544
7936,2.410,1.540
7937,2.429,1.535
7938,2.434,1.535
7939,2.429,1.530
7940,2.444,1.525
7941,2.473,1.520
7942,2.493,1.520
7943,2.678,1.515
7944,2.429,1.510
7945,2.356,1.505
7946,2.395,1.505
7947,2.463,1.500
7948,2.517,1.500
7949,2.517,1.496
7950,2.502,1.491
7951,2.493,1.491
7952,2.493,1.486
7953,2.493,1.486
7954,2.498,1.481
7955,2.512,1.481
7956,2.522,1.476
7957,2.517,1.476
7958,2.512,1.471
7959,2.512,1.471
7960,2.512,1.471
7961,2.522,1.466
7962,2.522,1.466
7963,2.517,1.466
7964,2.522,1.466
7965,2.522,1.466
7966,2.512,1.461
7967,2.502,1.461
7968,2.498,1.461
7969,2.488,1.461
7970,2.498,1.461
7971,2.693,1.457
7972,2.454,1.457
7973,2.375,1.457
7974,2.414,1.457
7975,2.473,1.457
7976,2.522,1.457
7977,2.542,1.457
7978,2.527,1.461
7979,2.512,1.461
7980,2.512,1.461
7981,2.507,1.461
7982,2.517,1.466
7983,2.517,1.466
7984,2.507,1.466
7985,2.556,1.471
7986,2.502,1.471
7987,2.458,1.471
7988,2.439,1.471
7989,2.458,1.476
7990,2.478,1.476
7991,2.493,1.476
7992,2.512,1.481
7993,2.879,1.481
7994,2.473,1.481
7995,2.341,1.481
7996,2.351,1.486
7997,2.439,1.486
7998,2.507,1.486
7999,2.742,1.486
8000,2.488,1.486
8001,2.380,1.486
8002,2.400,1.491
8003,2.454,1.491
8004,2.488,1.491
8005,2.532,1.491
8006,2.551,1.491
8007,2.561,1.491
8008,2.556,1.491
8009,2.551,1.491
8010,2.546,1.491
8011,2.546,1.491
8012,2.532,1.491
8013,2.522,1.486
8014,2.493,1.491
8015,2.463,1.486
8016,2.454,1.486
8017,2.473,1.486
8018,2.493,1.486
8019,2.507,1.486
8020,2.517,1.486
8021,2.527,1.486
8022,2.522,1.486
8023,2.522,1.486
8024,2.517,1.486
8025,2.537,1.486
8026,2.527,1.486
8027,2.507,1.486
8028,2.678,1.486
8029,2.395,1.486
8030,2.312,1.486
8031,2.346,1.486
8032,2.424,1.486
8033,2.478,1.486
8034,2.517,1.486
8035,2.522,1.486
8036,2.517,1.486
8037,2.512,1.491
8038,2.507,1.486
8039,2.507,1.491
8040,2.507,1.491
8041,2.502,1.491
8042,2.507,1.491
8043,2.507,1.491
8044,2.512,1.491
8045,2.512,1.491
8046,2.507,1.491
8047,2.502,1.491
8048,2.551,1.496
8049,2.542,1.496
8050,2.498,1.496
8051,2.483,1.496
8052,2.488,1.500
8053,2.493,1.500
8054,2.674,1.500
8055,2.478,1.500
8056,2.600,1.500
8057,2.375,1.500
8058,2.346,1.505
8059,2.419,1.505
8060,2.493,1.505
8061,2.532,1.505
8062,2.556,1.510
8063,2.561,1.510
8064,2.561,1.510
8065,2.546,1.510
8066,2.537,1.515
8067,2.527,1.515
8068,2.512,1.515
8069,2.488,1.520
8070,2.488,1.520
8071,2.493,1.520
8072,2.512,1.520
8073,2.522,1.525
8074,2.522,1.525
8075,2.522,1.525
8076,2.517,1.525
8077,2.512,1.530
8078,2.507,1.530
8079,2.512,1.530
8080,2.512,1.535
8081,2.512,1.535
8082,2.512,1.535
8083,2.512,1.535
8084,2.512,1.535
8085,2.722,1.535
8086,2.454,1.540
8087,2.375,1.540
8088,2.414,1.540
8089,2.473,1.544
8090,2.517,1.544
8091,2.527,1.544
8092,2.507,1.544
8093,2.498,1.544
8094,2.498,1.549
8095,2.493,1.549
8096,2.488,1.549
8097,2.488,1.549
8098,2.498,1.554
8099,2.507,1.549
8100,2.512,1.554
8101,2.507,1.554
8102,2.507,1.554
8103,2.507,1.559
8104,2.502,1.559
8105,2.498,1.559
8106,2.502,1.559
8107,2.507,1.559
8108,2.502,1.564
8109,2.502,1.564
8110,2.507,1.564
8111,2.571,1.564
8112,2.537,1.564
8113,2.693,1.564
8114,2.410,1.569
8115,2.581,1.564
8116,2.317,1.569
8117,2.307,1.569
8118,2.405,1.574
8119,2.502,1.574
8120,2.542,1.574
8121,2.542,1.574
8122,2.527,1.574
8123,2.512,1.574
8124,2.507,1.579
8125,2.512,1.579
8126,2.512,1.579
8127,2.512,1.579
8128,2.507,1.579
8129,2.502,1.579
8130,2.502,1.579
8131,2.512,1.579
8132,2.507,1.584
8133,2.517,1.584
8134,2.512,1.584
8135,2.517,1.584
8136,2.527,1.584
8137,2.542,1.584
8138,2.556,1.584
8139,2.556,1.584
8140,2.556,1.584
8141,2.542,1.584
8142,2.717,1.584
8143,2.444,1.584
8144,2.370,1.584
8145,2.410,1.584
8146,2.473,1.584
8147,2.517,1.588
8148,2.532,1.588
8149,2.522,1.588
8150,2.512,1.588
8151,2.498,1.588
8152,2.493,1.588
8153,2.502,1.588
8154,2.512,1.588
8155,2.512,1.593
8156,2.517,1.593
8157,2.522,1.593
8158,2.517,1.593
8159,2.512,1.593
8160,2.512,1.593
8161,2.517,1.593
8162,2.527,1.598
8163,2.527,1.598
8164,2.522,1.598
8165,2.517,1.598
8166,2.512,1.598
8167,2.517,1.598
8168,2.517,1.598
8169,2.517,1.598
8170,2.713,1.598
8171,2.454,1.603
8172,2.380,1.603
8173,2.414,1.603
8174,2.542,1.603
8175,2.859,1.603
8176,2.551,1.603
8177,2.419,1.603
8178,2.414,1.603
8179,2.463,1.608
8180,2.522,1.608
8181,2.551,1.608
8182,2.551,1.608
8183,2.537,1.608
8184,2.537,1.613
8185,2.551,1.613
8186,2.571,1.613
8187,2.571,1.613
8188,2.561,1.613
8189,2.537,1.613
8190,2.532,1.613
8191,2.532,1.613
8192,2.542,1.613
8193,2.542,1.618
8194,2.537,1.618
8195,2.532,1.618
8196,2.537,1.618
8197,2.522,1.618
8198,2.507,1.618
8199,2.737,1.618
8200,2.458,1.618
8201,2.366,1.613
8202,2.405,1.618
8203,2.473,1.613
8204,2.522,1.613
8205,2.537,1.613
8206,2.537,1.613
8207,2.517,1.613
8208,2.507,1.613
8209,2.507,1.608
8210,2.507,1.613
8211,2.527,1.608
8212,2.522,1.608
8213,2.522,1.608
8214,2.517,1.608
8215,2.507,1.608
8216,2.507,1.608
8217,2.512,1.603
8218,2.522,1.603
8219,2.522,1.603
8220,2.522,1.603
8221,2.522,1.603
8222,2.512,1.603
8223,2.512,1.603
8224,2.517,1.603
8225,2.517,1.603
8226,2.517,1.598
8227,2.732,1.598
8228,2.458,1.598
8229,2.375,1.598
8230,2.419,1.598
8231,2.478,1.598
8232,2.527,1.598
8233,2.542,1.598
8234,2.532,1.598
8235,2.532,1.598
8236,2.507,1.598
8237,2.967,1.593
8238,2.522,1.593
8239,2.414,1.598
8240,2.414,1.598
8241,2.468,1.598
8242,2.507,1.598
8243,2.527,1.598
8244,2.522,1.598
8245,2.517,1.598
8246,2.507,1.598
8247,2.498,1.598
8248,2.498,1.603
8249,2.493,1.603
8250,2.502,1.603
8251,2.507,1.603
8252,2.507,1.603
8253,2.512,1.603
8254,2.498,1.603
8255,2.732,1.603
8256,2.473,1.603
8257,2.380,1.608
8258,2.419,1.608
8259,2.478,1.608
8260,2.527,1.608
8261,2.546,1.608
8262,2.542,1.608
8263,2.517,1.608
8264,2.512,1.608
8265,2.512,1.613
8266,2.512,1.613
8267,2.507,1.613
8268,2.507,1.613
8269,2.512,1.613
8270,2.522,1.613
8271,2.522,1.618
8272,2.517,1.618
8273,2.517,1.618
8274,2.517,1.618
8275,2.517,1.618
8276,2.517,1.618
8277,2.517,1.623
8278,2.512,1.623
8279,2.498,1.623
8280,2.498,1.623
8281,2.502,1.623
8282,2.493,1.623
8283,2.498,1.623
8284,2.722,1.623
8285,2.449,1.623
8286,2.366,1.628
8287,2.405,1.628
8288,2.478,1.628
8289,2.527,1.628
8290,2.537,1.628
8291,2.532,1.628
8292,2.522,1.632
8293,2.517,1.632
8294,2.517,1.632
8295,2.527,1.632
8296,2.522,1.632
8297,2.517,1.632
8298,2.747,1.632
8299,2.517,1.632
8300,2.493,1.632
8301,2.537,1.632
8302,2.517,1.637
8303,2.517,1.637
8304,2.512,1.637
8305,2.517,1.637
8306,2.517,1.637
8307,2.517,1.637
8308,2.522,1.642
8309,2.517,1.642
8310,2.517,1.642
8311,2.522,1.642
8312,2.737,1.642
8313,2.527,1.642
8314,2.419,1.642
8315,2.395,1.642
8316,2.434,1.642
8317,2.468,1.642
8318,2.483,1.647
8319,2.483,1.642
8320,2.488,1.647
8321,2.478,1.647
8322,2.468,1.647
8323,2.468,1.647
8324,2.463,1.647
8325,2.463,1.647
8326,2.463,1.647
8327,2.468,1.647
8328,2.478,1.652
8329,2.473,1.652
8330,2.473,1.652
8331,2.473,1.652
8332,2.473,1.652
8333,2.473,1.652
8334,2.468,1.652
8335,2.463,1.652
8336,2.454,1.652
8337,2.454,1.657
8338,2.458,1.652
8339,2.483,1.657
8340,2.517,1.657
8341,2.727,1.657
8342,2.488,1.657
8343,2.395,1.657
8344,2.405,1.657
8345,2.444,1.657
8346,2.483,1.657
8347,2.483,1.657
8348,2.449,1.662
8349,2.410,1.662
8350,2.390,1.662
8351,2.385,1.662
8352,2.390,1.662
8353,2.395,1.662
8354,2.410,1.662
8355,2.444,1.662
8356,2.463,1.662
8357,2.473,1.667
8358,2.473,1.667
8359,2.463,1.667
8360,2.698,1.662
8361,2.385,1.662
8362,2.297,1.667
8363,2.410,1.667
8364,2.463,1.667
8365,2.483,1.667
8366,2.488,1.667
8367,2.478,1.667
8368,2.478,1.672
8369,2.683,1.667
8370,2.419,1.667
8371,2.331,1.672
8372,2.370,1.672
8373,2.429,1.672
8374,2.473,1.672
8375,2.478,1.672
8376,2.478,1.672
8377,2.483,1.672
8378,2.488,1.672
8379,2.493,1.676
8380,2.493,1.676
8381,2.493,1.676
8382,2.483,1.676
8383,2.454,1.676
8384,2.439,1.676
8385,2.444,1.676
8386,2.449,1.676
8387,2.454,1.676
8388,2.463,1.676
8389,2.478,1.676
8390,2.478,1.681
8391,2.468,1.681
8392,2.454,1.676
8393,2.458,1.681
8394,2.463,1.681
8395,2.473,1.681
8396,2.488,1.681
8397,2.483,1.681
8398,2.674,1.681
8399,2.410,1.681
8400,2.331,1.681
8401,2.375,1.681
8402,2.444,1.681
8403,2.493,1.686
8404,2.493,1.681
8405,2.493,1.686
8406,2.473,1.686
8407,2.463,1.686
8408,2.454,1.686
8409,2.468,1.686
8410,2.473,1.686
8411,2.483,1.686
8412,2.502,1.686
8413,2.522,1.686
8414,2.527,1.686
8415,2.532,1.686
8416,2.502,1.686
8417,2.473,1.686
8418,2.444,1.686
8419,2.429,1.686
8420,2.419,1.686
8421,2.590,1.681
8422,2.410,1.681
8423,2.370,1.681
8424,2.410,1.686
8425,2.458,1.681
8426,2.737,1.681
8427,2.458,1.681
8428,2.361,1.681
8429,2.375,1.681
8430,2.439,1.681
8431,2.483,1.681
8432,2.502,1.681
8433,2.488,1.681
8434,2.488,1.681
8435,2.488,1.681
8436,2.493,1.681
8437,2.478,1.681
8438,2.454,1.681
8439,2.444,1.681
8440,2.449,1.681
8441,2.473,1.676
8442,2.473,1.681
8443,2.473,1.681
8444,2.473,1.676
8445,2.473,1.681
8446,2.463,1.681
8447,2.458,1.676
8448,2.463,1.681
8449,2.458,1.676
8450,2.468,1.676
8451,2.463,1.681
8452,2.473,1.676
8453,2.463,1.676
8454,2.473,1.681
8455,2.659,1.676
8456,2.395,1.676
8457,2.326,1.681
8458,2.370,1.681
8459,2.449,1.676
8460,2.493,1.681
8461,2.502,1.681
8462,2.493,1.681
8463,2.478,1.681
8464,2.468,1.681
8465,2.473,1.681
8466,2.478,1.681
8467,2.478,1.681
8468,2.473,1.681
8469,2.468,1.681
8470,2.468,1.681
8471,2.468,1.681
8472,2.473,1.681
8473,2.473,1.681
8474,2.473,1.686
8475,2.488,1.686
8476,2.468,1.686
8477,2.468,1.686
8478,2.478,1.686
8479,2.488,1.686
8480,2.488,1.686
8481,2.493,1.686
8482,2.869,1.686
8483,2.605,1.686
8484,2.243,1.686
8485,2.204,1.686
8486,2.322,1.686
8487,2.454,1.686
8488,2.590,1.686
8489,2.556,1.686
8490,2.507,1.686
8491,2.473,1.686
8492,2.463,1.686
8493,2.473,1.686
8494,2.478,1.681
8495,2.478,1.681
8496,2.478,1.681
8497,2.483,1.681
8498,2.483,1.681
8499,2.488,1.676
8500,2.483,1.676
8501,2.483,1.676
8502,2.488,1.672
8503,2.488,1.672
8504,2.488,1.672
8505,2.493,1.667
8506,2.488,1.667
8507,2.483,1.667
8508,2.483,1.662
8509,2.478,1.662
8510,2.473,1.657
8511,2.683,1.657
8512,2.424,1.652
8513,2.351,1.652
8514,2.385,1.647
8515,2.439,1.647
8516,2.483,1.647
8517,2.493,1.642
8518,2.498,1.642
8519,2.478,1.642
8520,2.483,1.637
8521,2.478,1.637
8522,2.483,1.632
8523,2.478,1.632
8524,2.483,1.632
8525,2.483,1.628
8526,2.478,1.628
8527,2.478,1.623
8528,2.488,1.623
8529,2.488,1.623
8530,2.478,1.618
8531,2.478,1.618
8532,2.483,1.613
8533,2.478,1.613
8534,2.483,1.608
8535,2.493,1.608
8536,2.483,1.608
8537,2.473,1.603
8538,2.473,1.603
8539,2.478,1.598
8540,2.703,1.598
8541,2.429,1.598
8542,2.556,1.593
8543,2.375,1.593
8544,2.366,1.593
8545,2.419,1.588
8546,2.468,1.588
8547,2.502,1.588
8548,2.502,1.588
8549,2.488,1.588
8550,2.468,1.588
8551,2.507,1.584
8552,2.488,1.584
8553,2.468,1.584
8554,2.468,1.584
8555,2.468,1.584
8556,2.478,1.584
8557,2.478,1.584
8558,2.478,1.584
8559,2.483,1.584
8560,2.483,1.584
8561,2.478,1.584
8562,2.478,1.584
8563,2.483,1.584
8564,2.478,1.584
8565,2.483,1.584
8566,2.483,1.584
8567,2.483,1.584
8568,2.688,1.584
8569,2.414,1.584
8570,2.336,1.584
8571,2.380,1.584
8572,2.454,1.584
8573,2.493,1.584
8574,2.507,1.584
8575,2.502,1.584
8576,2.493,1.588
8577,2.493,1.588
8578,2.493,1.588
8579,2.493,1.588
8580,2.493,1.588
8581,2.493,1.588
8582,2.493,1.593
8583,2.498,1.593
8584,2.502,1.593
8585,2.488,1.593
8586,2.488,1.593
8587,2.488,1.593
8588,2.483,1.598
8589,2.478,1.598
8590,2.483,1.598
8591,2.488,1.598
8592,2.488,1.598
8593,2.478,1.603
8594,2.483,1.603
8595,2.493,1.603
8596,2.493,1.603
8597,2.693,1.603
8598,2.429,1.603
8599,2.346,1.608
8600,2.385,1.608
8601,2.458,1.608
8602,2.512,1.608
8603,2.512,1.608
8604,2.747,1.608
8605,2.405,1.608
8606,2.307,1.613
8607,2.351,1.613
8608,2.439,1.613
8609,2.502,1.613
8610,2.527,1.618
8611,2.517,1.618
8612,2.502,1.618
8613,2.488,1.618
8614,2.537,1.618
8615,2.507,1.618
8616,2.493,1.623
8617,2.483,1.623
8618,2.483,1.623
8619,2.488,1.623
8620,2.493,1.623
8621,2.498,1.623
8622,2.493,1.628
8623,2.488,1.628
8624,2.488,1.628
8625,2.713,1.632
8626,2.439,1.632
8627,2.361,1.632
8628,2.390,1.637
8629,2.454,1.637
8630,2.493,1.637
8631,2.507,1.637
8632,2.498,1.642
8633,2.493,1.642
8634,2.483,1.642
8635,2.483,1.642
8636,2.483,1.642
8637,2.493,1.642
8638,2.483,1.642
8639,2.488,1.642
8640,2.488,1.647
8641,2.502,1.647
8642,2.502,1.647
8643,2.502,1.647
8644,2.498,1.647
8645,2.502,1.647
8646,2.488,1.647
8647,2.488,1.647
8648,2.488,1.652
8649,2.488,1.652
8650,2.488,1.652
8651,2.488,1.652
8652,2.488,1.652
8653,2.498,1.652
8654,2.698,1.652
8655,2.419,1.652
8656,2.331,1.652
8657,2.370,1.652
8658,2.439,1.657
8659,2.493,1.652
8660,2.507,1.657
8661,2.507,1.657
8662,2.502,1.657
8663,2.537,1.657
8664,2.825,1.657
8665,2.595,1.657
8666,2.468,1.657
8667,2.439,1.657
8668,2.429,1.657
8669,2.410,1.657
8670,2.410,1.662
8671,2.419,1.662
8672,2.439,1.657
8673,2.463,1.662
8674,2.478,1.662
8675,2.493,1.662
8676,2.507,1.662
8677,2.566,1.662
8678,2.546,1.662
8679,2.507,1.662
8680,2.498,1.662
8681,2.493,1.662
8682,2.717,1.662
8683,2.444,1.662
8684,2.370,1.667
8685,2.390,1.667
8686,2.458,1.667
8687,2.507,1.667
8688,2.527,1.667
8689,2.517,1.667
8690,2.512,1.667
8691,2.502,1.667
8692,2.488,1.672
8693,2.488,1.672
8694,2.498,1.672
8695,2.507,1.672
8696,2.502,1.672
8697,2.498,1.672
8698,2.502,1.672
8699,2.498,1.672
8700,2.493,1.676
8701,2.493,1.672
8702,2.493,1.672
8703,2.507,1.676
8704,2.512,1.676
8705,2.512,1.676
8706,2.512,1.676
8707,2.507,1.676
8708,2.507,1.676
8709,2.512,1.676
8710,2.517,1.676
8711,2.732,1.676
8712,2.439,1.676
8713,2.341,1.681
8714,2.390,1.681
8715,2.463,1.681
8716,2.507,1.681
8717,2.522,1.681
8718,2.512,1.681
8719,2.493,1.681
8720,2.493,1.681
8721,2.488,1.681
8722,2.498,1.681
8723,2.502,1.681
8724,2.507,1.686
8725,2.493,1.686
8726,2.742,1.681
8727,2.395,1.681
8728,2.302,1.686
8729,2.356,1.686
8730,2.454,1.686
8731,2.512,1.686
8732,2.532,1.686
8733,2.527,1.686
8734,2.512,1.691
8735,2.498,1.691
8736,2.493,1.691
8737,2.493,1.691
8738,2.493,1.691
8739,2.722,1.691
8740,2.483,1.691
8741,2.429,1.686
8742,2.439,1.691
8743,2.478,1.691
8744,2.532,1.691
8745,2.527,1.691
8746,2.512,1.691
8747,2.502,1.691
8748,2.502,1.696
8749,2.502,1.696
8750,2.507,1.696
8751,2.512,1.696
8752,2.507,1.696
8753,2.502,1.696
8754,2.502,1.696
8755,2.502,1.696
8756,2.502,1.696
8757,2.507,1.696
8758,2.502,1.701
8759,2.502,1.701
8760,2.502,1.701
8761,2.512,1.701
8762,2.512,1.701
8763,2.512,1.701
8764,2.512,1.701
8765,2.512,1.701
8766,2.517,1.701
8767,2.737,1.701
8768,2.463,1.701
8769,2.366,1.701
8770,2.385,1.701
8771,2.458,1.706
8772,2.517,1.706
8773,2.532,1.706
8774,2.527,1.706
8775,2.507,1.706
8776,2.498,1.706
8777,2.502,1.706
8778,2.502,1.706
8779,2.507,1.706
8780,2.507,1.706
8781,2.507,1.706
8782,2.512,1.711
8783,2.512,1.706
8784,2.512,1.711
8785,2.512,1.711
8786,2.737,1.711
8787,2.488,1.711
8788,2.400,1.711
8789,2.414,1.711
8790,2.463,1.711
8791,2.507,1.711
8792,2.522,1.711
8793,2.517,1.711
8794,2.507,1.711
8795,2.507,1.711
8796,2.732,1.711
8797,2.434,1.711
8798,2.346,1.716
8799,2.400,1.716
8800,2.478,1.716
8801,2.527,1.716
8802,2.532,1.716
8803,2.586,1.716
8804,2.610,1.716
8805,2.527,1.716
8806,2.488,1.716
8807,2.478,1.716
8808,2.493,1.720
8809,2.512,1.716
8810,2.517,1.720
8811,2.512,1.720
8812,2.507,1.720
8813,2.502,1.720
8814,2.502,1.720
8815,2.502,1.720
8816,2.498,1.720
8817,2.493,1.720
8818,2.502,1.720
8819,2.498,1.720
8820,2.502,1.720
8821,2.498,1.720
8822,2.502,1.725
8823,2.493,1.720
8824,2.727,1.720
8825,2.444,1.725
8826,2.351,1.725
8827,2.390,1.725
8828,2.468,1.725
8829,2.517,1.725
8830,2.537,1.725
8831,2.522,1.725
8832,2.498,1.725
8833,2.478,1.725
8834,2.483,1.730
8835,2.488,1.725
8836,2.493,1.725
8837,2.488,1.730
8838,2.483,1.730
8839,2.473,1.730
8840,2.468,1.730
8841,2.468,1.730
8842,2.483,1.730
8843,2.498,1.730
8844,2.512,1.730
8845,2.507,1.730
8846,2.507,1.730
8847,2.488,1.730
8848,2.761,1.730
8849,2.410,1.730
8850,2.312,1.730
8851,2.356,1.730
8852,2.454,1.730
8853,2.747,1.730
8854,2.458,1.735
8855,2.356,1.735
8856,2.390,1.735
8857,2.463,1.735
8858,2.517,1.735
8859,2.537,1.735
8860,2.532,1.735
8861,2.532,1.735
8862,2.502,1.735
8863,2.502,1.735
8864,2.537,1.735
8865,2.556,1.740
8866,2.634,1.735
8867,2.634,1.735
8868,2.527,1.735
8869,2.444,1.740
8870,2.405,1.740
8871,2.434,1.740
8872,2.473,1.740
8873,2.498,1.740
8874,2.512,1.740
8875,2.527,1.740
8876,2.532,1.740
8877,2.522,1.745
8878,2.502,1.740
8879,2.502,1.740
8880,2.512,1.745
8881,2.761,1.745
8882,2.468,1.745
8883,2.366,1.745
8884,2.390,1.745
8885,2.468,1.745
8886,2.517,1.745
8887,2.537,1.745
8888,2.532,1.745
8889,2.507,1.745
8890,2.498,1.745
8891,2.493,1.745
8892,2.498,1.750
8893,2.502,1.745
8894,2.527,1.750
8895,2.507,1.750
8896,2.502,1.750
8897,2.502,1.750
8898,2.498,1.750
8899,2.507,1.750
8900,2.512,1.750
8901,2.507,1.750
8902,2.507,1.750
8903,2.512,1.750
8904,2.517,1.750
8905,2.512,1.750
8906,2.512,1.755
8907,2.512,1.750
8908,2.757,1.750
8909,2.512,1.750
8910,2.630,1.750
8911,2.351,1.750
8912,2.317,1.750
8913,2.390,1.755
8914,2.488,1.755
8915,2.537,1.755
8916,2.546,1.755
8917,2.537,1.755
8918,2.517,1.755
8919,2.507,1.755
8920,2.512,1.755
8921,2.512,1.755
8922,2.517,1.755
8923,2.517,1.755
8924,2.532,1.755
8925,2.512,1.755
8926,2.502,1.755
8927,2.517,1.755
8928,2.512,1.760
8929,2.571,1.755
8930,2.600,1.755
8931,2.527,1.755
8932,2.483,1.760
8933,2.478,1.760
8934,2.498,1.760
8935,2.512,1.760
8936,2.517,1.760
8937,2.517,1.760
8938,2.742,1.760
8939,2.458,1.760
8940,2.366,1.760
8941,2.405,1.760
8942,2.473,1.760
8943,2.527,1.760
8944,2.546,1.760
