timestamp,PPG_signal,GSR_signal
1,2.913,2.248
2,2.722,2.248
3,2.556,2.248
4,2.483,2.248
5,2.507,2.248
6,2.561,2.248
7,2.542,2.248
8,2.473,2.248
9,2.385,2.248
10,2.346,2.248
11,2.317,2.248
12,2.287,2.248
13,2.322,2.248
14,2.444,2.248
15,2.674,2.243
16,2.928,2.243
17,3.079,2.248
18,3.079,2.243
19,3.035,2.243
20,2.874,2.243
21,2.708,2.243
22,2.581,2.243
23,2.522,2.243
24,2.512,2.243
25,2.561,2.243
26,2.556,2.243
27,2.571,2.243
28,2.542,2.243
29,2.498,2.243
30,2.414,2.243
31,2.370,2.243
32,2.307,2.243
33,2.263,2.243
34,2.287,2.243
35,2.375,2.243
36,2.581,2.239
37,2.840,2.239
38,3.011,2.239
39,3.055,2.239
40,2.991,2.239
41,2.820,2.239
42,2.717,2.239
43,2.556,2.239
44,2.502,2.239
45,2.473,2.239
46,2.507,2.239
47,2.517,2.239
48,2.542,2.239
49,2.532,2.239
50,2.542,2.239
51,2.502,2.239
52,2.454,2.239
53,2.380,2.239
54,2.336,2.239
55,2.278,2.239
56,2.380,2.239
57,2.546,2.239
58,2.771,2.239
59,2.933,2.239
60,3.011,2.239
61,2.952,2.239
62,2.849,2.239
63,2.698,2.239
64,2.571,2.239
65,2.468,2.239
66,2.458,2.243
67,2.493,2.243
68,2.502,2.243
69,2.493,2.243
70,2.473,2.243
71,2.429,2.243
72,2.361,2.243
73,2.312,2.243
74,2.273,2.243
75,2.229,2.243
76,2.243,2.243
77,2.326,2.243
78,2.527,2.243
79,2.761,2.243
80,2.942,2.243
81,3.011,2.243
82,2.952,2.243
83,2.805,2.243
84,2.639,2.243
85,2.488,2.243
86,2.375,2.243
87,2.385,2.243
88,2.414,2.243
89,2.463,2.248
90,2.478,2.243
91,2.473,2.248
92,2.424,2.243
93,2.351,2.248
94,2.322,2.248
95,2.268,2.248
96,2.234,2.248
97,2.209,2.248
98,2.204,2.248
99,2.307,2.248
100,2.507,2.248
101,2.713,2.248
102,2.874,2.248
103,2.937,2.248
104,2.879,2.248
105,2.698,2.248
106,2.576,2.248
107,2.439,2.248
108,2.380,2.248
109,2.385,2.248
110,2.434,2.248
111,2.454,2.248
112,2.458,2.248
113,2.439,2.248
114,2.375,2.248
115,2.331,2.248
116,2.297,2.248
117,2.234,2.248
118,2.224,2.248
119,2.204,2.248
120,2.239,2.248
121,2.356,2.248
122,2.576,2.248
123,2.796,2.248
124,2.923,2.248
125,2.952,2.248
126,2.884,2.248
127,2.644,2.248
128,2.502,2.248
129,2.405,2.248
130,2.380,2.248
131,2.385,2.248
132,2.419,2.248
133,2.414,2.248
134,2.385,2.248
135,2.351,2.248
136,2.312,2.248
137,2.278,2.248
138,2.253,2.248
139,2.229,2.248
140,2.195,2.248
141,2.180,2.248
142,2.185,2.248
143,2.312,2.248
144,2.532,2.248
145,2.776,2.248
146,2.942,2.248
147,3.001,2.248
148,2.918,2.248
149,2.801,2.248
150,2.630,2.248
151,2.478,2.248
152,2.400,2.248
153,2.375,2.248
154,2.400,2.248
155,2.419,2.248
156,2.468,2.248
157,2.424,2.248
158,2.395,2.248
159,2.331,2.248
160,2.258,2.248
161,2.234,2.248
162,2.195,2.248
163,2.190,2.248
164,2.170,2.248
165,2.160,2.248
166,2.209,2.248
167,2.336,2.248
168,2.561,2.248
169,2.791,2.248
170,2.933,2.248
171,2.942,2.253
172,2.859,2.253
173,2.727,2.248
174,2.590,2.253
175,2.458,2.253
176,2.419,2.253
177,2.414,2.253
178,2.414,2.253
179,2.449,2.253
180,2.410,2.253
181,2.390,2.253
182,2.356,2.253
183,2.312,2.253
184,2.258,2.253
185,2.243,2.253
186,2.224,2.253
187,2.180,2.253
188,2.165,2.253
189,2.243,2.253
190,2.375,2.253
191,2.586,2.253
192,2.747,2.253
193,2.845,2.253
194,2.859,2.253
195,2.781,2.253
196,2.669,2.253
197,2.561,2.253
198,2.458,2.253
199,2.419,2.253
200,2.449,2.253
201,2.444,2.253
202,2.473,2.258
203,2.454,2.258
204,2.419,2.253
205,2.385,2.253
206,2.297,2.258
207,2.258,2.258
208,2.248,2.258
209,2.214,2.258
210,2.214,2.258
211,2.234,2.258
212,2.322,2.258
213,2.532,2.258
214,2.766,2.258
215,2.864,2.258
216,2.952,2.258
217,2.884,2.258
218,2.766,2.258
219,2.649,2.258
220,2.517,2.258
221,2.439,2.258
222,2.414,2.258
223,2.395,2.258
224,2.444,2.258
225,2.439,2.258
226,2.429,2.258
227,2.390,2.258
228,2.346,2.258
229,2.287,2.258
230,2.268,2.258
231,2.239,2.258
232,2.199,2.258
233,2.209,2.263
234,2.292,2.258
235,2.444,2.263
236,2.659,2.258
237,2.849,2.263
238,2.908,2.263
239,2.908,2.263
240,2.825,2.263
241,2.674,2.263
242,2.537,2.263
243,2.439,2.263
244,2.424,2.263
245,2.429,2.263
246,2.458,2.263
247,2.463,2.263
248,2.468,2.263
249,2.424,2.263
250,2.380,2.263
251,2.331,2.263
252,2.268,2.263
253,2.253,2.263
254,2.214,2.263
255,2.219,2.263
256,2.351,2.263
257,2.546,2.263
258,2.771,2.263
259,2.903,2.263
260,2.933,2.263
261,2.874,2.263
262,2.757,2.258
263,2.600,2.258
264,2.493,2.258
265,2.424,2.258
266,2.429,2.258
267,2.458,2.258
268,2.502,2.258
269,2.498,2.258
270,2.468,2.253
271,2.405,2.253
272,2.395,2.253
273,2.356,2.253
274,2.287,2.253
275,2.263,2.253
276,2.248,2.248
277,2.278,2.248
278,2.375,2.248
279,2.561,2.248
280,2.771,2.248
281,2.928,2.243
282,2.962,2.243
283,2.849,2.243
284,2.717,2.243
285,2.600,2.243
286,2.507,2.243
287,2.444,2.239
288,2.424,2.239
289,2.463,2.239
290,2.473,2.239
291,2.483,2.239
292,2.424,2.234
293,2.410,2.234
294,2.366,2.234
295,2.341,2.234
296,2.283,2.234
297,2.278,2.229
298,2.248,2.229
299,2.273,2.229
300,2.361,2.229
301,2.566,2.229
302,2.781,2.224
303,2.933,2.224
304,3.006,2.224
305,2.972,2.224
306,2.849,2.224
307,2.664,2.224
308,2.556,2.224
309,2.473,2.224
310,2.463,2.224
311,2.473,2.219
312,2.502,2.219
313,2.507,2.219
314,2.527,2.219
315,2.449,2.219
316,2.414,2.219
317,2.366,2.219
318,2.331,2.219
319,2.307,2.219
320,2.292,2.219
321,2.292,2.219
322,2.405,2.219
323,2.600,2.219
324,2.825,2.219
325,2.962,2.219
326,2.981,2.219
327,2.933,2.219
328,2.810,2.219
329,2.659,2.219
330,2.512,2.219
331,2.439,2.219
332,2.454,2.219
333,2.483,2.219
334,2.483,2.219
335,2.498,2.219
336,2.498,2.219
337,2.468,2.219
338,2.375,2.219
339,2.356,2.219
340,2.297,2.219
341,2.283,2.219
342,2.273,2.224
343,2.351,2.224
344,2.532,2.224
345,2.727,2.224
346,2.849,2.224
347,2.908,2.224
348,2.869,2.224
349,2.752,2.224
350,2.595,2.224
351,2.488,2.224
352,2.414,2.224
353,2.414,2.224
354,2.444,2.224
355,2.483,2.224
356,2.502,2.224
357,2.468,2.224
358,2.444,2.224
359,2.390,2.224
360,2.351,2.224
361,2.297,2.229
362,2.239,2.229
363,2.219,2.229
364,2.253,2.224
365,2.375,2.229
366,2.586,2.229
367,2.796,2.229
368,2.903,2.229
369,2.908,2.229
370,2.830,2.229
371,2.674,2.229
372,2.542,2.229
373,2.385,2.229
374,2.375,2.229
375,2.385,2.229
376,2.463,2.229
377,2.507,2.229
378,2.493,2.229
379,2.429,2.229
380,2.375,2.229
381,2.346,2.229
382,2.302,2.229
383,2.234,2.229
384,2.243,2.229
385,2.263,2.229
386,2.351,2.229
387,2.517,2.229
388,2.727,2.229
389,2.869,2.229
390,2.908,2.229
391,2.854,2.229
392,2.722,2.229
393,2.586,2.229
394,2.463,2.229
395,2.385,2.229
396,2.385,2.234
397,2.429,2.234
398,2.463,2.234
399,2.483,2.234
400,2.434,2.234
401,2.400,2.234
402,2.326,2.234
403,2.307,2.234
404,2.283,2.234
405,2.239,2.234
406,2.243,2.234
407,2.243,2.234
408,2.346,2.234
409,2.517,2.234
410,2.766,2.234
411,2.893,2.234
412,2.957,2.234
413,2.879,2.234
414,2.766,2.234
415,2.634,2.239
416,2.502,2.239
417,2.424,2.239
418,2.419,2.239
419,2.434,2.239
420,2.483,2.239
421,2.488,2.239
422,2.454,2.239
423,2.410,2.239
424,2.375,2.239
425,2.326,2.239
426,2.302,2.239
427,2.248,2.239
428,2.248,2.239
429,2.209,2.239
430,2.229,2.239
431,2.292,2.243
432,2.527,2.239
433,2.757,2.243
434,2.923,2.243
435,2.942,2.243
436,2.869,2.243
437,2.742,2.243
438,2.576,2.243
439,2.473,2.243
440,2.414,2.243
441,2.405,2.243
442,2.405,2.243
443,2.454,2.243
444,2.434,2.243
445,2.439,2.243
446,2.405,2.243
447,2.351,2.243
448,2.322,2.243
449,2.283,2.243
450,2.248,2.243
451,2.219,2.243
452,2.209,2.243
453,2.258,2.248
454,2.385,2.248
455,2.566,2.248
456,2.752,2.248
457,2.859,2.248
458,2.835,2.248
459,2.757,2.248
460,2.644,2.248
461,2.507,2.248
462,2.419,2.248
463,2.375,2.248
464,2.390,2.248
465,2.429,2.248
466,2.463,2.248
467,2.444,2.248
468,2.405,2.248
469,2.356,2.248
470,2.336,2.248
471,2.326,2.248
472,2.317,2.248
473,2.287,2.248
474,2.234,2.253
475,2.287,2.253
476,2.429,2.253
477,2.610,2.253
478,2.801,2.253
479,2.884,2.253
480,2.879,2.253
481,2.776,2.253
482,2.654,2.253
483,2.478,2.253
484,2.390,2.253
485,2.375,2.253
486,2.390,2.253
487,2.439,2.253
488,2.468,2.253
489,2.454,2.253
490,2.414,2.253
491,2.375,2.253
492,2.351,2.253
493,2.302,2.253
494,2.283,2.253
495,2.239,2.253
496,2.219,2.253
497,2.292,2.253
498,2.434,2.253
499,2.620,2.253
500,2.801,2.258
501,2.918,2.258
502,2.918,2.258
503,2.845,2.253
504,2.615,2.258
505,2.507,2.253
506,2.439,2.258
507,2.424,2.258
508,2.458,2.258
509,2.468,2.253
510,2.493,2.253
511,2.498,2.253
512,2.463,2.253
513,2.410,2.253
514,2.380,2.253
515,2.326,2.253
516,2.292,2.253
517,2.287,2.253
518,2.253,2.253
519,2.307,2.253
520,2.419,2.253
521,2.634,2.253
522,2.815,2.253
523,2.933,2.253
524,2.942,2.253
525,2.864,2.253
526,2.727,2.253
527,2.590,2.253
528,2.478,2.248
529,2.449,2.248
530,2.454,2.248
531,2.507,2.248
532,2.522,2.248
533,2.542,2.248
534,2.478,2.248
535,2.454,2.248
536,2.424,2.248
537,2.370,2.248
538,2.336,2.248
539,2.307,2.248
540,2.297,2.248
541,2.273,2.248
542,2.312,2.243
543,2.429,2.243
544,2.615,2.243
545,2.786,2.243
546,2.937,2.243
547,2.957,2.243
548,2.854,2.243
549,2.776,2.243
550,2.639,2.243
551,2.532,2.243
552,2.478,2.243
553,2.463,2.243
554,2.512,2.239
555,2.551,2.239
556,2.571,2.239
557,2.517,2.239
558,2.478,2.239
559,2.444,2.239
560,2.385,2.239
561,2.317,2.239
562,2.292,2.239
563,2.307,2.239
564,2.297,2.239
565,2.366,2.239
566,2.517,2.239
567,2.742,2.234
568,2.913,2.234
569,2.986,2.234
570,2.972,2.234
571,2.869,2.234
572,2.732,2.234
573,2.630,2.234
574,2.537,2.234
575,2.498,2.234
576,2.512,2.234
577,2.522,2.234
578,2.527,2.234
579,2.527,2.234
580,2.507,2.234
581,2.458,2.234
582,2.414,2.234
583,2.400,2.234
584,2.356,2.234
585,2.326,2.234
586,2.287,2.234
587,2.268,2.234
588,2.239,2.234
589,2.292,2.234
590,2.424,2.234
591,2.620,2.234
592,2.854,2.234
593,3.001,2.234
594,3.045,2.234
595,2.986,2.234
596,2.820,2.234
597,2.708,2.239
598,2.576,2.239
599,2.478,2.239
600,2.424,2.239
601,2.439,2.239
602,2.517,2.239
603,2.542,2.239
604,2.551,2.239
605,2.517,2.239
606,2.488,2.239
607,2.429,2.239
608,2.400,2.239
609,2.351,2.239
610,2.292,2.239
611,2.258,2.239
612,2.243,2.239
613,2.248,2.239
614,2.297,2.239
615,2.488,2.239
616,2.713,2.239
617,2.893,2.243
618,2.996,2.243
619,2.977,2.243
620,2.864,2.243
621,2.747,2.243
622,2.586,2.243
623,2.498,2.243
624,2.468,2.243
625,2.483,2.243
626,2.522,2.243
627,2.537,2.243
628,2.517,2.243
629,2.522,2.243
630,2.400,2.243
631,2.395,2.248
632,2.341,2.248
633,2.322,2.248
634,2.297,2.248
635,2.273,2.248
636,2.326,2.248
637,2.454,2.248
638,2.674,2.248
639,2.869,2.248
640,2.972,2.248
641,2.942,2.248
642,2.845,2.248
643,2.717,2.248
644,2.556,2.248
645,2.429,2.253
646,2.410,2.253
647,2.410,2.253
648,2.463,2.253
649,2.488,2.253
650,2.493,2.253
651,2.463,2.253
652,2.390,2.253
653,2.370,2.253
654,2.317,2.253
655,2.283,2.253
656,2.248,2.253
657,2.239,2.253
658,2.224,2.253
659,2.307,2.253
660,2.483,2.253
661,2.708,2.253
662,2.937,2.253
663,3.025,2.253
664,2.981,2.258
665,2.835,2.258
666,2.703,2.258
667,2.556,2.258
668,2.444,2.258
669,2.395,2.258
670,2.429,2.258
671,2.473,2.258
672,2.488,2.258
673,2.473,2.258
674,2.454,2.258
675,2.405,2.258
676,2.351,2.258
677,2.307,2.258
678,2.273,2.258
679,2.234,2.258
680,2.234,2.258
681,2.209,2.258
682,2.234,2.258
683,2.356,2.258
684,2.561,2.258
685,2.781,2.258
686,2.898,2.258
687,2.942,2.258
688,2.854,2.258
689,2.727,2.258
690,2.590,2.258
691,2.434,2.258
692,2.400,2.258
693,2.419,2.253
694,2.419,2.253
695,2.463,2.253
696,2.483,2.253
697,2.454,2.253
698,2.419,2.253
699,2.385,2.248
700,2.341,2.248
701,2.322,2.248
702,2.297,2.248
703,2.283,2.243
704,2.219,2.243
705,2.253,2.243
706,2.400,2.239
707,2.590,2.239
708,2.786,2.239
709,2.884,2.234
710,2.893,2.234
711,2.810,2.234
712,2.644,2.229
713,2.507,2.229
714,2.410,2.229
715,2.351,2.224
716,2.390,2.224
717,2.414,2.219
718,2.439,2.219
719,2.473,2.214
720,2.444,2.214
721,2.414,2.209
722,2.395,2.209
723,2.312,2.204
724,2.278,2.204
725,2.243,2.199
726,2.253,2.195
727,2.268,2.195
728,2.395,2.190
729,2.581,2.190
730,2.757,2.185
731,2.874,2.185
732,2.879,2.180
733,2.786,2.180
734,2.639,2.175
735,2.488,2.170
736,2.400,2.170
737,2.361,2.165
738,2.366,2.165
739,2.405,2.160
740,2.444,2.155
741,2.478,2.155
742,2.429,2.151
743,2.361,2.146
744,2.297,2.146
745,2.302,2.141
746,2.283,2.141
747,2.229,2.136
748,2.185,2.131
749,2.190,2.131
750,2.263,2.126
751,2.390,2.121
752,2.595,2.116
753,2.786,2.116
754,2.864,2.111
755,2.840,2.111
756,2.664,2.107
757,2.522,2.102
758,2.419,2.102
759,2.380,2.097
760,2.366,2.097
761,2.405,2.092
762,2.434,2.092
763,2.434,2.087
764,2.414,2.082
765,2.375,2.082
766,2.336,2.077
767,2.307,2.077
768,2.273,2.077
769,2.258,2.072
770,2.243,2.072
771,2.214,2.072
772,2.278,2.067
773,2.414,2.067
774,2.590,2.067
775,2.757,2.067
776,2.830,2.063
777,2.781,2.063
778,2.683,2.063
779,2.532,2.063
780,2.429,2.063
781,2.326,2.063
782,2.317,2.058
783,2.366,2.058
784,2.400,2.058
785,2.424,2.058
786,2.390,2.058
787,2.395,2.058
788,2.361,2.058
789,2.322,2.058
790,2.263,2.058
791,2.258,2.058
792,2.219,2.058
793,2.248,2.058
794,2.366,2.058
795,2.532,2.058
796,2.698,2.058
797,2.810,2.058
798,2.796,2.058
799,2.727,2.058
800,2.586,2.058
801,2.429,2.058
802,2.366,2.058
803,2.336,2.058
804,2.351,2.058
805,2.395,2.058
806,2.410,2.058
807,2.400,2.053
808,2.395,2.053
809,2.370,2.053
810,2.326,2.053
811,2.302,2.053
812,2.258,2.053
813,2.239,2.053
814,2.258,2.053
815,2.302,2.053
816,2.424,2.053
817,2.586,2.053
818,2.776,2.053
819,2.805,2.048
820,2.776,2.048
821,2.688,2.048
822,2.561,2.048
823,2.458,2.048
824,2.375,2.048
825,2.370,2.048
826,2.390,2.048
827,2.424,2.048
828,2.434,2.048
829,2.439,2.048
830,2.414,2.048
831,2.370,2.048
832,2.317,2.048
833,2.287,2.048
834,2.263,2.043
835,2.209,2.043
836,2.219,2.043
837,2.307,2.043
838,2.424,2.043
839,2.590,2.043
840,2.737,2.043
841,2.820,2.043
842,2.825,2.043
843,2.747,2.048
844,2.600,2.043
845,2.488,2.048
846,2.405,2.048
847,2.317,2.048
848,2.370,2.048
849,2.405,2.048
850,2.424,2.048
851,2.434,2.048
852,2.400,2.048
853,2.375,2.048
854,2.322,2.048
855,2.287,2.048
856,2.239,2.048
857,2.248,2.053
858,2.239,2.053
859,2.243,2.053
860,2.248,2.053
861,2.410,2.053
862,2.620,2.053
863,2.776,2.053
864,2.835,2.058
865,2.801,2.053
866,2.688,2.058
867,2.576,2.058
868,2.429,2.058
869,2.370,2.058
870,2.336,2.058
871,2.370,2.063
872,2.405,2.063
873,2.414,2.063
874,2.414,2.063
875,2.424,2.067
876,2.395,2.067
877,2.346,2.067
878,2.302,2.067
879,2.287,2.067
880,2.268,2.067
881,2.268,2.067
882,2.312,2.072
883,2.444,2.072
884,2.610,2.072
885,2.752,2.077
886,2.791,2.077
887,2.742,2.077
888,2.644,2.077
889,2.522,2.077
890,2.361,2.077
891,2.331,2.082
892,2.326,2.082
893,2.385,2.082
894,2.424,2.082
895,2.439,2.082
896,2.410,2.082
897,2.380,2.082
898,2.385,2.087
899,2.361,2.087
900,2.292,2.087
901,2.278,2.087
902,2.253,2.087
903,2.243,2.087
904,2.302,2.087
905,2.434,2.092
906,2.600,2.092
907,2.732,2.092
908,2.854,2.092
909,2.820,2.092
910,2.747,2.092
911,2.625,2.092
912,2.507,2.092
913,2.429,2.097
914,2.400,2.097
915,2.380,2.097
916,2.439,2.097
917,2.478,2.097
918,2.493,2.097
919,2.429,2.097
920,2.424,2.102
921,2.375,2.102
922,2.356,2.102
923,2.302,2.102
924,2.297,2.102
925,2.278,2.102
926,2.243,2.102
927,2.283,2.102
928,2.390,2.107
929,2.556,2.107
930,2.742,2.107
931,2.854,2.107
932,2.874,2.107
933,2.830,2.107
934,2.698,2.107
935,2.586,2.107
936,2.478,2.111
937,2.424,2.107
938,2.414,2.111
939,2.444,2.111
940,2.463,2.111
941,2.483,2.111
942,2.468,2.111
943,2.449,2.111
944,2.429,2.111
945,2.385,2.111
946,2.356,2.111
947,2.331,2.116
948,2.331,2.116
949,2.283,2.116
950,2.292,2.116
951,2.307,2.116
952,2.473,2.116
953,2.654,2.116
954,2.791,2.116
955,2.869,2.116
956,2.786,2.116
957,2.732,2.116
958,2.595,2.116
959,2.473,2.121
960,2.419,2.121
961,2.395,2.121
962,2.414,2.121
963,2.493,2.121
964,2.488,2.121
965,2.512,2.121
966,2.493,2.121
967,2.463,2.121
968,2.405,2.121
969,2.385,2.121
970,2.336,2.121
971,2.322,2.126
972,2.322,2.126
973,2.366,2.126
974,2.493,2.126
975,2.693,2.126
976,2.825,2.126
977,2.874,2.126
978,2.835,2.126
979,2.722,2.126
980,2.620,2.126
981,2.512,2.126
982,2.410,2.131
983,2.375,2.126
984,2.439,2.131
985,2.473,2.131
986,2.488,2.131
987,2.478,2.131
988,2.463,2.131
989,2.410,2.131
990,2.380,2.131
991,2.356,2.131
992,2.326,2.131
993,2.287,2.131
994,2.263,2.131
995,2.268,2.131
996,2.302,2.131
997,2.522,2.131
998,2.752,2.131
999,2.903,2.131
1000,2.977,2.136
1001,2.913,2.136
1002,2.801,2.136
1003,2.683,2.136
1004,2.532,2.136
1005,2.473,2.136
1006,2.454,2.136
1007,2.498,2.136
1008,2.527,2.136
1009,2.537,2.136
1010,2.512,2.136
1011,2.478,2.136
1012,2.449,2.136
1013,2.400,2.136
1014,2.356,2.141
1015,2.322,2.136
1016,2.312,2.141
1017,2.302,2.141
1018,2.307,2.141
1019,2.439,2.141
1020,2.639,2.141
1021,2.845,2.141
1022,2.972,2.141
1023,2.991,2.141
1024,2.918,2.141
1025,2.791,2.141
1026,2.669,2.141
1027,2.522,2.141
1028,2.454,2.141
1029,2.463,2.141
1030,2.493,2.141
1031,2.546,2.141
1032,2.561,2.141
1033,2.542,2.141
1034,2.512,2.141
1035,2.434,2.141
1036,2.424,2.141
1037,2.351,2.141
1038,2.356,2.136
1039,2.307,2.141
1040,2.331,2.136
1041,2.317,2.136
1042,2.366,2.136
1043,2.502,2.136
1044,2.708,2.136
1045,2.913,2.136
1046,2.986,2.136
1047,2.962,2.131
1048,2.879,2.131
1049,2.752,2.131
1050,2.590,2.131
1051,2.468,2.131
1052,2.454,2.131
1053,2.483,2.131
1054,2.542,2.126
1055,2.571,2.126
1056,2.556,2.126
1057,2.556,2.126
1058,2.498,2.126
1059,2.434,2.126
1060,2.405,2.126
1061,2.385,2.121
1062,2.346,2.121
1063,2.297,2.121
1064,2.302,2.121
1065,2.351,2.121
1066,2.512,2.121
1067,2.722,2.121
1068,2.884,2.116
1069,2.996,2.116
1070,2.977,2.116
1071,2.913,2.116
1072,2.766,2.116
1073,2.605,2.116
1074,2.488,2.116
1075,2.449,2.116
1076,2.463,2.116
1077,2.512,2.111
1078,2.532,2.111
1079,2.532,2.111
1080,2.512,2.111
1081,2.468,2.111
1082,2.419,2.111
1083,2.366,2.111
1084,2.336,2.111
1085,2.268,2.111
1086,2.263,2.111
1087,2.243,2.111
1088,2.258,2.111
1089,2.336,2.111
1090,2.458,2.111
1091,2.713,2.111
1092,2.898,2.111
1093,3.021,2.111
1094,2.991,2.111
1095,2.918,2.111
1096,2.781,2.111
1097,2.625,2.111
1098,2.498,2.111
1099,2.458,2.111
1100,2.463,2.111
1101,2.483,2.111
1102,2.512,2.111
1103,2.532,2.111
1104,2.512,2.116
1105,2.458,2.116
1106,2.410,2.116
1107,2.380,2.116
1108,2.351,2.116
1109,2.322,2.116
1110,2.283,2.116
1111,2.268,2.116
1112,2.248,2.116
1113,2.258,2.116
1114,2.380,2.116
1115,2.561,2.121
1116,2.801,2.116
1117,2.903,2.121
1118,2.977,2.121
1119,2.908,2.121
1120,2.771,2.121
1121,2.639,2.121
1122,2.507,2.121
1123,2.454,2.121
1124,2.434,2.126
1125,2.488,2.121
1126,2.502,2.126
1127,2.507,2.126
1128,2.483,2.126
1129,2.458,2.126
1130,2.439,2.126
1131,2.390,2.126
1132,2.356,2.126
1133,2.326,2.131
1134,2.302,2.131
1135,2.302,2.131
1136,2.351,2.131
1137,2.488,2.131
1138,2.678,2.131
1139,2.849,2.131
1140,2.952,2.131
1141,2.918,2.131
1142,2.840,2.131
1143,2.703,2.136
1144,2.561,2.136
1145,2.439,2.136
1146,2.414,2.136
1147,2.395,2.136
1148,2.458,2.136
1149,2.488,2.136
1150,2.488,2.136
1151,2.463,2.136
1152,2.419,2.141
1153,2.395,2.141
1154,2.346,2.141
1155,2.322,2.141
1156,2.292,2.141
1157,2.268,2.141
1158,2.258,2.141
1159,2.243,2.141
1160,2.331,2.141
1161,2.537,2.141
1162,2.771,2.141
1163,2.903,2.141
1164,3.006,2.146
1165,2.937,2.141
1166,2.830,2.146
1167,2.669,2.141
1168,2.542,2.146
1169,2.473,2.146
1170,2.444,2.146
1171,2.468,2.146
1172,2.493,2.146
1173,2.532,2.146
1174,2.478,2.146
1175,2.473,2.146
1176,2.424,2.146
1177,2.395,2.146
1178,2.361,2.151
1179,2.312,2.146
1180,2.287,2.151
1181,2.283,2.146
1182,2.268,2.151
1183,2.273,2.151
1184,2.292,2.151
1185,2.419,2.151
1186,2.615,2.151
1187,2.776,2.151
1188,2.967,2.151
1189,2.986,2.151
1190,2.898,2.151
1191,2.771,2.151
1192,2.605,2.151
1193,2.458,2.151
1194,2.439,2.151
1195,2.439,2.151
1196,2.468,2.155
1197,2.512,2.151
1198,2.517,2.155
1199,2.488,2.155
1200,2.434,2.155
1201,2.405,2.155
1202,2.351,2.155
1203,2.331,2.155
1204,2.302,2.155
1205,2.283,2.155
1206,2.248,2.155
1207,2.239,2.155
1208,2.292,2.155
1209,2.414,2.155
1210,2.605,2.155
1211,2.805,2.155
1212,2.913,2.155
1213,2.913,2.155
1214,2.840,2.160
1215,2.717,2.160
1216,2.595,2.155
1217,2.463,2.160
1218,2.439,2.160
1219,2.429,2.160
1220,2.449,2.160
1221,2.493,2.160
1222,2.498,2.160
1223,2.498,2.160
1224,2.439,2.160
1225,2.429,2.160
1226,2.375,2.160
1227,2.356,2.160
1228,2.312,2.160
1229,2.292,2.160
1230,2.278,2.160
1231,2.351,2.160
1232,2.478,2.160
1233,2.732,2.160
1234,2.874,2.160
1235,2.933,2.160
1236,2.874,2.160
1237,2.761,2.165
1238,2.610,2.165
1239,2.488,2.165
1240,2.405,2.165
1241,2.414,2.165
1242,2.434,2.165
1243,2.458,2.165
1244,2.483,2.165
1245,2.473,2.165
1246,2.419,2.165
1247,2.414,2.165
1248,2.380,2.165
1249,2.341,2.165
1250,2.326,2.165
1251,2.302,2.165
1252,2.283,2.165
1253,2.326,2.165
1254,2.419,2.165
1255,2.620,2.165
1256,2.849,2.170
1257,2.967,2.165
1258,2.996,2.170
1259,2.937,2.170
1260,2.698,2.170
1261,2.556,2.170
1262,2.463,2.170
1263,2.439,2.170
1264,2.488,2.170
1265,2.532,2.170
1266,2.493,2.170
1267,2.542,2.170
1268,2.502,2.170
1269,2.468,2.170
1270,2.405,2.170
1271,2.380,2.170
1272,2.326,2.170
1273,2.302,2.170
1274,2.302,2.170
1275,2.317,2.170
1276,2.439,2.170
1277,2.620,2.170
1278,2.815,2.170
1279,2.957,2.175
1280,2.967,2.170
1281,2.913,2.175
1282,2.771,2.175
1283,2.590,2.175
1284,2.512,2.175
1285,2.444,2.175
1286,2.449,2.175
1287,2.507,2.175
1288,2.532,2.175
1289,2.551,2.175
1290,2.537,2.175
1291,2.498,2.175
1292,2.405,2.175
1293,2.380,2.175
1294,2.331,2.175
1295,2.331,2.175
1296,2.322,2.175
1297,2.302,2.175
1298,2.336,2.175
1299,2.493,2.175
1300,2.708,2.175
1301,2.903,2.175
1302,2.991,2.180
1303,2.957,2.175
1304,2.864,2.180
1305,2.742,2.175
1306,2.595,2.180
1307,2.454,2.180
1308,2.473,2.180
1309,2.493,2.180
1310,2.542,2.180
1311,2.566,2.180
1312,2.566,2.180
1313,2.532,2.180
1314,2.488,2.180
1315,2.434,2.180
1316,2.405,2.180
1317,2.366,2.180
1318,2.356,2.180
1319,2.341,2.180
1320,2.336,2.180
1321,2.542,2.180
1322,2.747,2.180
1323,2.933,2.180
1324,3.025,2.180
1325,2.986,2.180
1326,2.859,2.180
1327,2.752,2.180
1328,2.590,2.180
1329,2.507,2.185
1330,2.493,2.180
1331,2.493,2.185
1332,2.527,2.180
1333,2.551,2.185
1334,2.571,2.185
1335,2.542,2.185
1336,2.439,2.185
1337,2.414,2.185
1338,2.346,2.185
1339,2.341,2.185
1340,2.356,2.185
1341,2.341,2.185
1342,2.248,2.185
1343,2.322,2.185
1344,2.458,2.185
1345,2.703,2.185
1346,2.942,2.185
1347,3.104,2.185
1348,3.104,2.185
1349,3.025,2.185
1350,2.903,2.185
1351,2.717,2.185
1352,2.590,2.185
1353,2.527,2.185
1354,2.507,2.185
1355,2.566,2.185
1356,2.556,2.185
1357,2.561,2.190
1358,2.595,2.185
1359,2.512,2.190
1360,2.454,2.185
1361,2.400,2.190
1362,2.366,2.185
1363,2.312,2.190
1364,2.287,2.190
1365,2.263,2.190
1366,2.283,2.190
1367,2.351,2.185
1368,2.551,2.190
1369,2.810,2.190
1370,3.021,2.190
1371,3.099,2.190
1372,3.079,2.190
1373,2.947,2.190
1374,2.796,2.190
1375,2.630,2.190
1376,2.517,2.190
1377,2.468,2.190
1378,2.512,2.190
1379,2.542,2.190
1380,2.566,2.190
1381,2.581,2.190
1382,2.522,2.190
1383,2.488,2.190
1384,2.429,2.190
1385,2.385,2.190
1386,2.331,2.190
1387,2.283,2.190
1388,2.268,2.190
1389,2.268,2.190
1390,2.395,2.190
1391,2.590,2.190
1392,2.825,2.190
1393,3.006,2.190
1394,3.079,2.195
1395,3.001,2.190
1396,2.869,2.195
1397,2.708,2.190
1398,2.561,2.195
1399,2.502,2.190
1400,2.483,2.195
1401,2.463,2.195
1402,2.507,2.195
1403,2.532,2.195
1404,2.493,2.195
1405,2.483,2.195
1406,2.444,2.195
1407,2.380,2.195
1408,2.322,2.195
1409,2.292,2.195
1410,2.224,2.195
1411,2.214,2.195
1412,2.273,2.195
1413,2.395,2.195
1414,2.620,2.195
1415,2.820,2.195
1416,3.006,2.195
1417,3.021,2.195
1418,2.981,2.195
1419,2.825,2.195
1420,2.674,2.195
1421,2.517,2.195
1422,2.439,2.195
1423,2.439,2.199
1424,2.473,2.195
1425,2.532,2.199
1426,2.537,2.199
1427,2.478,2.195
1428,2.478,2.199
1429,2.439,2.199
1430,2.375,2.199
1431,2.317,2.199
1432,2.312,2.199
1433,2.283,2.199
1434,2.248,2.199
1435,2.204,2.199
1436,2.180,2.199
1437,2.312,2.199
1438,2.537,2.199
1439,2.815,2.199
1440,3.025,2.199
1441,3.089,2.199
1442,3.030,2.199
1443,2.898,2.199
1444,2.717,2.199
1445,2.551,2.199
1446,2.463,2.199
1447,2.424,2.199
1448,2.449,2.199
1449,2.507,2.199
1450,2.507,2.199
1451,2.517,2.199
1452,2.488,2.199
1453,2.434,2.199
1454,2.380,2.204
1455,2.331,2.199
1456,2.297,2.204
1457,2.273,2.199
1458,2.248,2.204
1459,2.243,2.204
1460,2.214,2.199
1461,2.297,2.204
1462,2.463,2.204
1463,2.683,2.204
1464,2.923,2.204
1465,3.074,2.204
1466,3.011,2.204
1467,2.908,2.204
1468,2.742,2.204
1469,2.537,2.204
1470,2.434,2.204
1471,2.400,2.204
1472,2.429,2.204
1473,2.468,2.204
1474,2.507,2.204
1475,2.507,2.204
1476,2.478,2.204
1477,2.434,2.204
1478,2.366,2.204
1479,2.331,2.204
1480,2.287,2.204
1481,2.263,2.204
1482,2.239,2.204
1483,2.229,2.204
1484,2.287,2.204
1485,2.444,2.204
1486,2.659,2.204
1487,2.849,2.204
1488,2.967,2.209
1489,2.962,2.204
1490,2.835,2.209
1491,2.693,2.204
1492,2.537,2.209
1493,2.434,2.209
1494,2.375,2.209
1495,2.414,2.209
1496,2.444,2.209
1497,2.483,2.209
1498,2.473,2.209
1499,2.439,2.209
1500,2.410,2.209
1501,2.356,2.209
1502,2.322,2.209
1503,2.278,2.209
1504,2.248,2.209
1505,2.234,2.209
1506,2.214,2.209
1507,2.302,2.209
1508,2.473,2.209
1509,2.722,2.209
1510,2.923,2.209
1511,3.025,2.209
1512,2.942,2.209
1513,2.796,2.209
1514,2.625,2.209
1515,2.493,2.209
1516,2.419,2.209
1517,2.390,2.209
1518,2.434,2.209
1519,2.493,2.209
1520,2.512,2.209
1521,2.498,2.209
1522,2.444,2.209
1523,2.366,2.209
1524,2.322,2.209
1525,2.248,2.214
1526,2.239,2.209
1527,2.239,2.214
1528,2.195,2.209
1529,2.199,2.214
1530,2.243,2.214
1531,2.429,2.209
1532,2.674,2.214
1533,2.898,2.209
1534,3.030,2.214
1535,2.996,2.209
1536,2.908,2.214
1537,2.742,2.214
1538,2.581,2.214
1539,2.463,2.214
1540,2.405,2.214
1541,2.405,2.214
1542,2.454,2.214
1543,2.498,2.214
1544,2.507,2.214
1545,2.493,2.214
1546,2.434,2.214
1547,2.390,2.214
1548,2.326,2.214
1549,2.292,2.214
1550,2.243,2.214
1551,2.204,2.214
1552,2.195,2.214
1553,2.160,2.214
1554,2.219,2.214
1555,2.322,2.214
1556,2.576,2.214
1557,2.805,2.214
1558,2.972,2.214
1559,2.972,2.214
1560,2.908,2.214
1561,2.766,2.214
1562,2.571,2.214
1563,2.478,2.214
1564,2.410,2.219
1565,2.419,2.214
1566,2.439,2.219
1567,2.483,2.214
1568,2.502,2.219
1569,2.488,2.219
1570,2.488,2.214
1571,2.414,2.219
1572,2.351,2.214
1573,2.297,2.219
1574,2.292,2.214
1575,2.273,2.219
1576,2.243,2.219
1577,2.248,2.219
1578,2.351,2.219
1579,2.561,2.219
1580,2.771,2.219
1581,2.923,2.219
1582,2.957,2.219
1583,2.879,2.219
1584,2.717,2.219
1585,2.561,2.219
1586,2.449,2.219
1587,2.375,2.219
1588,2.385,2.219
1589,2.434,2.219
1590,2.463,2.219
1591,2.488,2.219
1592,2.488,2.219
1593,2.434,2.219
1594,2.385,2.219
1595,2.273,2.219
1596,2.273,2.219
1597,2.253,2.219
1598,2.229,2.219
1599,2.209,2.219
1600,2.190,2.219
1601,2.234,2.219
1602,2.380,2.219
1603,2.659,2.219
1604,2.874,2.219
1605,2.977,2.219
1606,2.986,2.219
1607,2.884,2.224
1608,2.722,2.219
1609,2.590,2.219
1610,2.478,2.224
1611,2.429,2.224
1612,2.434,2.224
1613,2.454,2.219
1614,2.449,2.224
1615,2.483,2.219
1616,2.454,2.224
1617,2.414,2.224
1618,2.356,2.224
1619,2.331,2.224
1620,2.312,2.224
1621,2.268,2.224
1622,2.239,2.224
1623,2.204,2.224
1624,2.185,2.224
1625,2.229,2.224
1626,2.370,2.224
1627,2.556,2.224
1628,2.796,2.224
1629,2.952,2.224
1630,3.011,2.224
1631,2.947,2.224
1632,2.786,2.224
1633,2.615,2.224
1634,2.502,2.224
1635,2.424,2.224
1636,2.410,2.224
1637,2.463,2.224
1638,2.502,2.224
1639,2.493,2.224
1640,2.454,2.224
1641,2.405,2.224
1642,2.341,2.224
1643,2.292,2.224
1644,2.273,2.229
1645,2.239,2.224
1646,2.239,2.229
1647,2.229,2.224
1648,2.243,2.224
1649,2.390,2.229
1650,2.581,2.224
1651,2.805,2.229
1652,2.893,2.224
1653,2.923,2.229
1654,2.840,2.224
1655,2.722,2.224
1656,2.576,2.229
1657,2.414,2.224
1658,2.385,2.229
1659,2.410,2.229
1660,2.439,2.229
1661,2.468,2.229
1662,2.478,2.229
1663,2.444,2.229
1664,2.414,2.229
1665,2.336,2.229
1666,2.317,2.229
1667,2.302,2.229
1668,2.268,2.229
1669,2.229,2.229
1670,2.224,2.229
1671,2.292,2.229
1672,2.424,2.229
1673,2.664,2.229
1674,2.859,2.229
1675,2.942,2.229
1676,2.903,2.229
1677,2.805,2.229
1678,2.654,2.229
1679,2.507,2.229
1680,2.419,2.229
1681,2.380,2.229
1682,2.400,2.229
1683,2.454,2.229
1684,2.473,2.229
1685,2.493,2.229
1686,2.449,2.229
1687,2.410,2.229
1688,2.346,2.234
1689,2.292,2.229
1690,2.263,2.229
1691,2.239,2.234
1692,2.229,2.229
1693,2.224,2.234
1694,2.224,2.229
1695,2.302,2.234
1696,2.463,2.229
1697,2.688,2.234
1698,2.903,2.234
1699,2.996,2.234
1700,2.952,2.234
1701,2.859,2.234
1702,2.722,2.234
1703,2.581,2.234
1704,2.463,2.234
1705,2.434,2.234
1706,2.429,2.234
1707,2.463,2.234
1708,2.517,2.234
1709,2.507,2.234
1710,2.507,2.234
1711,2.454,2.234
1712,2.395,2.234
1713,2.326,2.234
1714,2.302,2.234
1715,2.283,2.234
1716,2.234,2.234
1717,2.224,2.234
1718,2.239,2.234
1719,2.297,2.234
1720,2.454,2.234
1721,2.688,2.234
1722,2.874,2.234
1723,3.011,2.234
1724,2.981,2.234
1725,2.874,2.234
1726,2.713,2.234
1727,2.551,2.234
1728,2.439,2.234
1729,2.395,2.234
1730,2.444,2.234
1731,2.483,2.234
1732,2.512,2.234
1733,2.502,2.234
1734,2.488,2.234
1735,2.454,2.234
1736,2.405,2.234
1737,2.375,2.234
1738,2.331,2.234
1739,2.263,2.234
1740,2.258,2.234
1741,2.263,2.234
1742,2.317,2.234
1743,2.473,2.234
1744,2.708,2.234
1745,2.918,2.234
1746,2.981,2.234
1747,2.937,2.234
1748,2.835,2.234
1749,2.669,2.234
1750,2.522,2.234
1751,2.429,2.229
1752,2.419,2.234
1753,2.439,2.229
1754,2.493,2.229
1755,2.522,2.229
1756,2.507,2.229
1757,2.468,2.229
1758,2.429,2.229
1759,2.380,2.229
1760,2.326,2.229
1761,2.292,2.229
1762,2.283,2.229
1763,2.258,2.229
1764,2.331,2.229
1765,2.478,2.229
1766,2.717,2.229
1767,2.923,2.229
1768,3.030,2.229
1769,2.996,2.229
1770,2.893,2.224
1771,2.747,2.224
1772,2.590,2.224
1773,2.483,2.224
1774,2.444,2.224
1775,2.449,2.224
1776,2.463,2.224
1777,2.532,2.224
1778,2.517,2.224
1779,2.483,2.224
1780,2.454,2.224
1781,2.414,2.224
1782,2.351,2.224
1783,2.312,2.224
1784,2.263,2.224
1785,2.229,2.224
1786,2.229,2.224
1787,2.297,2.224
1788,2.468,2.224
1789,2.722,2.224
1790,2.947,2.224
1791,3.069,2.224
1792,3.099,2.224
1793,2.996,2.224
1794,2.825,2.224
1795,2.654,2.224
1796,2.512,2.224
1797,2.444,2.224
1798,2.449,2.224
1799,2.473,2.224
1800,2.517,2.224
1801,2.517,2.224
1802,2.483,2.224
1803,2.444,2.224
1804,2.385,2.224
1805,2.351,2.224
1806,2.322,2.224
1807,2.263,2.224
1808,2.248,2.224
1809,2.243,2.224
1810,2.278,2.224
1811,2.361,2.224
1812,2.625,2.224
1813,2.820,2.224
1814,2.991,2.224
1815,2.981,2.224
1816,2.918,2.224
1817,2.766,2.224
1818,2.625,2.224
1819,2.493,2.229
1820,2.458,2.224
1821,2.434,2.229
1822,2.458,2.224
1823,2.502,2.229
1824,2.527,2.229
1825,2.493,2.229
1826,2.449,2.229
1827,2.405,2.229
1828,2.370,2.229
1829,2.336,2.229
1830,2.361,2.229
1831,2.302,2.229
1832,2.263,2.229
1833,2.273,2.229
1834,2.341,2.229
1835,2.546,2.229
1836,2.776,2.229
1837,2.942,2.229
1838,3.016,2.229
1839,2.952,2.229
1840,2.815,2.229
1841,2.674,2.229
1842,2.546,2.229
1843,2.454,2.229
1844,2.434,2.229
1845,2.463,2.229
1846,2.502,2.229
1847,2.522,2.229
1848,2.527,2.229
1849,2.512,2.229
1850,2.458,2.229
1851,2.361,2.234
1852,2.322,2.229
1853,2.297,2.234
1854,2.278,2.234
1855,2.268,2.234
1856,2.366,2.234
1857,2.551,2.234
1858,2.761,2.234
1859,2.933,2.234
1860,2.977,2.234
1861,2.923,2.234
1862,2.796,2.234
1863,2.644,2.234
1864,2.502,2.234
1865,2.414,2.234
1866,2.395,2.234
1867,2.439,2.234
1868,2.468,2.234
1869,2.468,2.234
1870,2.473,2.234
1871,2.424,2.234
1872,2.361,2.234
1873,2.346,2.234
1874,2.336,2.234
1875,2.292,2.239
1876,2.248,2.234
1877,2.234,2.239
1878,2.273,2.234
1879,2.410,2.239
1880,2.664,2.234
1881,2.869,2.239
1882,3.006,2.239
1883,3.011,2.239
1884,2.918,2.239
1885,2.791,2.239
1886,2.649,2.239
1887,2.507,2.239
1888,2.434,2.239
1889,2.444,2.239
1890,2.507,2.239
1891,2.512,2.239
1892,2.512,2.239
1893,2.463,2.239
1894,2.400,2.239
1895,2.322,2.239
1896,2.283,2.239
1897,2.229,2.239
1898,2.229,2.239
1899,2.239,2.239
1900,2.278,2.239
1901,2.405,2.239
1902,2.610,2.239
1903,2.815,2.239
1904,2.962,2.239
1905,2.977,2.239
1906,2.903,2.239
1907,2.747,2.243
1908,2.595,2.239
1909,2.493,2.243
1910,2.458,2.239
1911,2.449,2.243
1912,2.473,2.243
1913,2.478,2.243
1914,2.473,2.243
1915,2.449,2.243
1916,2.414,2.243
1917,2.370,2.243
1918,2.346,2.243
1919,2.312,2.243
1920,2.283,2.243
1921,2.283,2.243
1922,2.312,2.243
1923,2.405,2.243
1924,2.610,2.243
1925,2.761,2.243
1926,2.928,2.243
1927,2.937,2.243
1928,2.840,2.243
1929,2.732,2.243
1930,2.571,2.243
1931,2.458,2.243
1932,2.405,2.243
1933,2.434,2.243
1934,2.449,2.243
1935,2.483,2.243
1936,2.444,2.243
1937,2.439,2.243
1938,2.380,2.243
1939,2.370,2.243
1940,2.322,2.243
1941,2.283,2.243
1942,2.268,2.243
1943,2.224,2.243
1944,2.258,2.243
1945,2.356,2.243
1946,2.551,2.243
1947,2.737,2.243
1948,2.840,2.243
1949,2.869,2.243
1950,2.791,2.243
1951,2.659,2.243
1952,2.522,2.243
1953,2.395,2.243
1954,2.366,2.243
1955,2.375,2.243
1956,2.410,2.243
1957,2.444,2.243
1958,2.434,2.248
1959,2.424,2.243
1960,2.390,2.248
1961,2.356,2.243
1962,2.292,2.248
1963,2.268,2.248
1964,2.239,2.248
1965,2.199,2.248
1966,2.258,2.248
1967,2.351,2.248
1968,2.527,2.248
1969,2.713,2.248
1970,2.835,2.248
1971,2.835,2.248
1972,2.757,2.248
1973,2.610,2.248
1974,2.498,2.248
1975,2.385,2.248
1976,2.361,2.248
1977,2.385,2.248
1978,2.424,2.248
1979,2.444,2.248
1980,2.458,2.248
1981,2.414,2.248
1982,2.390,2.248
1983,2.346,2.248
1984,2.292,2.248
1985,2.268,2.248
1986,2.195,2.248
1987,2.248,2.248
1988,2.326,2.248
1989,2.571,2.248
1990,2.757,2.248
1991,2.825,2.248
1992,2.874,2.248
1993,2.820,2.248
1994,2.688,2.248
1995,2.527,2.253
1996,2.405,2.248
1997,2.356,2.253
1998,2.366,2.253
1999,2.410,2.253
2000,2.429,2.253
2001,2.449,2.253
2002,2.434,2.253
2003,2.395,2.253
2004,2.366,2.253
2005,2.307,2.253
2006,2.287,2.253
2007,2.263,2.253
2008,2.258,2.253
2009,2.283,2.253
2010,2.429,2.253
2011,2.610,2.253
2012,2.810,2.253
2013,2.928,2.253
2014,2.933,2.253
2015,2.835,2.253
2016,2.688,2.253
2017,2.454,2.253
2018,2.414,2.253
2019,2.444,2.253
2020,2.463,2.253
2021,2.512,2.253
2022,2.517,2.258
2023,2.444,2.253
2024,2.414,2.258
2025,2.346,2.253
2026,2.307,2.258
2027,2.283,2.258
2028,2.273,2.258
2029,2.331,2.258
2030,2.546,2.253
2031,2.776,2.258
2032,2.928,2.258
2033,2.947,2.258
2034,2.771,2.258
2035,2.620,2.258
2036,2.512,2.258
2037,2.449,2.258
2038,2.444,2.258
2039,2.468,2.258
2040,2.507,2.258
2041,2.502,2.258
2042,2.498,2.253
2043,2.414,2.258
2044,2.380,2.253
2045,2.317,2.253
2046,2.283,2.253
2047,2.283,2.253
2048,2.322,2.253
2049,2.463,2.253
2050,2.698,2.253
2051,2.908,2.253
2052,3.035,2.253
2053,2.918,2.253
2054,2.752,2.248
2055,2.600,2.248
2056,2.488,2.248
2057,2.478,2.248
2058,2.522,2.248
2059,2.561,2.248
2060,2.561,2.248
2061,2.532,2.248
2062,2.468,2.248
2063,2.410,2.248
2064,2.370,2.248
2065,2.336,2.243
2066,2.336,2.243
2067,2.361,2.243
2068,2.522,2.243
2069,2.761,2.243
2070,3.074,2.243
2071,3.001,2.243
2072,2.874,2.243
2073,2.708,2.243
2074,2.542,2.243
2075,2.488,2.243
2076,2.478,2.243
2077,2.488,2.243
2078,2.532,2.243
2079,2.527,2.243
2080,2.473,2.239
2081,2.424,2.239
2082,2.336,2.239
2083,2.307,2.239
2084,2.268,2.239
2085,2.234,2.239
2086,2.209,2.239
2087,2.454,2.239
2088,2.664,2.239
2089,2.840,2.239
2090,2.918,2.239
2091,2.908,2.239
2092,2.830,2.239
2093,2.688,2.239
2094,2.566,2.239
2095,2.639,2.239
2096,2.747,2.239
2097,2.796,2.239
2098,2.781,2.239
2099,2.688,2.239
2100,2.586,2.239
2101,2.478,2.239
2102,2.390,2.239
2103,2.326,2.239
2104,2.336,2.239
2105,2.444,2.239
2106,2.600,2.243
2107,2.810,2.239
2108,2.952,2.239
2109,2.996,2.239
2110,2.942,2.243
2111,2.810,2.243
2112,2.664,2.239
2113,2.458,2.243
2114,2.478,2.243
2115,2.527,2.243
2116,2.546,2.239
2117,2.542,2.243
2118,2.488,2.243
2119,2.429,2.243
2120,2.375,2.243
2121,2.307,2.243
2122,2.234,2.243
2123,2.175,2.243
2124,2.195,2.243
2125,2.326,2.243
2126,2.542,2.243
2127,2.747,2.243
2128,2.879,2.243
2129,2.908,2.243
2130,2.845,2.239
2131,2.600,2.239
2132,2.542,2.239
2133,2.532,2.239
2134,2.546,2.239
2135,2.566,2.239
2136,2.590,2.239
2137,2.576,2.239
2138,2.551,2.239
2139,2.498,2.239
2140,2.395,2.239
2141,2.361,2.239
2142,2.434,2.234
2143,2.600,2.234
2144,2.815,2.234
2145,2.937,2.234
2146,2.952,2.234
2147,2.820,2.234
2148,2.595,2.234
2149,2.458,2.229
2150,2.395,2.234
2151,2.361,2.229
2152,2.390,2.229
2153,2.439,2.229
2154,2.434,2.229
2155,2.444,2.229
2156,2.405,2.229
2157,2.322,2.224
2158,2.263,2.224
2159,2.248,2.224
2160,2.341,2.224
2161,2.532,2.224
2162,2.747,2.224
2163,2.884,2.219
2164,2.957,2.219
2165,2.874,2.219
2166,2.586,2.214
2167,2.473,2.214
2168,2.419,2.214
2169,2.454,2.214
2170,2.483,2.209
2171,2.527,2.209
2172,2.522,2.209
2173,2.473,2.209
2174,2.434,2.204
2175,2.336,2.199
2176,2.292,2.199
2177,2.361,2.199
2178,2.527,2.199
2179,2.722,2.195
2180,2.913,2.195
2181,2.986,2.195
2182,2.962,2.190
2183,2.830,2.190
2184,2.522,2.185
2185,2.463,2.185
2186,2.449,2.185
2187,2.468,2.180
2188,2.478,2.180
2189,2.478,2.180
2190,2.473,2.180
2191,2.434,2.175
2192,2.400,2.175
2193,2.287,2.170
2194,2.292,2.170
2195,2.346,2.170
2196,2.556,2.165
2197,2.805,2.165
2198,2.967,2.165
2199,3.040,2.165
2200,2.986,2.165
2201,2.874,2.160
2202,2.551,2.160
2203,2.473,2.160
2204,2.463,2.160
2205,2.498,2.160
2206,2.512,2.155
2207,2.507,2.155
2208,2.468,2.155
2209,2.424,2.155
2210,2.341,2.155
2211,2.258,2.151
2212,2.273,2.151
2213,2.287,2.151
2214,2.424,2.151
2215,2.654,2.151
2216,2.859,2.151
2217,3.006,2.151
2218,2.996,2.151
2219,2.933,2.151
2220,2.600,2.151
2221,2.458,2.151
2222,2.410,2.151
2223,2.419,2.151
2224,2.439,2.151
2225,2.488,2.151
2226,2.458,2.151
2227,2.434,2.151
2228,2.395,2.151
2229,2.287,2.151
2230,2.273,2.151
2231,2.229,2.151
2232,2.170,2.151
2233,2.185,2.151
2234,2.224,2.151
2235,2.400,2.151
2236,2.659,2.151
2237,2.776,2.151
2238,2.605,2.155
2239,2.454,2.151
2240,2.395,2.155
2241,2.405,2.155
2242,2.429,2.155
2243,2.468,2.155
2244,2.483,2.155
2245,2.439,2.155
2246,2.400,2.155
2247,2.336,2.160
2248,2.297,2.160
2249,2.268,2.160
2250,2.209,2.160
2251,2.185,2.160
2252,2.224,2.160
2253,2.346,2.160
2254,2.571,2.160
2255,2.801,2.160
2256,2.933,2.160
2257,2.962,2.160
2258,2.859,2.160
2259,2.708,2.160
2260,2.537,2.160
2261,2.410,2.165
2262,2.366,2.165
2263,2.351,2.165
2264,2.375,2.165
2265,2.419,2.165
2266,2.439,2.165
2267,2.414,2.165
2268,2.356,2.165
2269,2.322,2.165
2270,2.234,2.165
2271,2.239,2.165
2272,2.214,2.170
2273,2.199,2.170
2274,2.165,2.170
2275,2.195,2.170
2276,2.307,2.170
2277,2.483,2.170
2278,2.771,2.170
2279,2.952,2.170
2280,2.986,2.170
2281,2.942,2.175
2282,2.845,2.175
2283,2.698,2.175
2284,2.517,2.175
2285,2.429,2.175
2286,2.385,2.175
2287,2.429,2.175
2288,2.468,2.175
2289,2.463,2.175
2290,2.439,2.180
2291,2.400,2.175
2292,2.351,2.180
2293,2.292,2.180
2294,2.243,2.180
2295,2.239,2.180
2296,2.219,2.180
2297,2.175,2.180
2298,2.175,2.180
2299,2.239,2.180
2300,2.385,2.180
2301,2.620,2.180
2302,2.820,2.180
2303,2.889,2.180
2304,2.928,2.180
2305,2.840,2.180
2306,2.698,2.185
2307,2.532,2.185
2308,2.410,2.185
2309,2.370,2.185
2310,2.361,2.185
2311,2.390,2.185
2312,2.419,2.185
2313,2.424,2.185
2314,2.395,2.185
2315,2.356,2.185
2316,2.317,2.185
2317,2.268,2.190
2318,2.234,2.185
2319,2.209,2.190
2320,2.190,2.190
2321,2.165,2.190
2322,2.185,2.190
2323,2.302,2.190
2324,2.537,2.190
2325,2.742,2.190
2326,2.879,2.190
2327,2.889,2.190
2328,2.796,2.190
2329,2.683,2.190
2330,2.502,2.190
2331,2.385,2.195
2332,2.322,2.190
2333,2.317,2.190
2334,2.341,2.195
2335,2.380,2.195
2336,2.380,2.195
2337,2.400,2.195
2338,2.361,2.195
2339,2.331,2.195
2340,2.268,2.195
2341,2.239,2.195
2342,2.229,2.195
2343,2.204,2.195
2344,2.204,2.195
2345,2.302,2.195
2346,2.478,2.195
2347,2.708,2.195
2348,2.859,2.195
2349,2.879,2.195
2350,2.805,2.195
2351,2.664,2.195
2352,2.532,2.195
2353,2.385,2.199
2354,2.341,2.199
2355,2.336,2.199
2356,2.356,2.199
2357,2.390,2.199
2358,2.410,2.199
2359,2.385,2.199
2360,2.351,2.199
2361,2.278,2.199
2362,2.239,2.199
2363,2.214,2.199
2364,2.180,2.199
2365,2.165,2.199
2366,2.170,2.199
2367,2.229,2.199
2368,2.390,2.199
2369,2.581,2.199
2370,2.761,2.199
2371,2.893,2.199
2372,2.869,2.204
2373,2.766,2.199
2374,2.586,2.204
2375,2.439,2.199
2376,2.375,2.204
2377,2.351,2.204
2378,2.375,2.204
2379,2.390,2.204
2380,2.434,2.204
2381,2.419,2.204
2382,2.405,2.204
2383,2.341,2.204
2384,2.302,2.204
2385,2.268,2.204
2386,2.239,2.204
2387,2.190,2.204
2388,2.209,2.204
2389,2.199,2.204
2390,2.287,2.204
2391,2.478,2.204
2392,2.698,2.204
2393,2.879,2.204
2394,2.845,2.204
2395,2.747,2.204
2396,2.590,2.204
2397,2.439,2.204
2398,2.351,2.204
2399,2.356,2.204
2400,2.395,2.204
2401,2.424,2.204
2402,2.458,2.204
2403,2.434,2.204
2404,2.410,2.204
2405,2.346,2.204
2406,2.322,2.204
2407,2.273,2.204
2408,2.204,2.204
2409,2.229,2.204
2410,2.243,2.204
2411,2.322,2.204
2412,2.512,2.204
2413,2.708,2.204
2414,2.849,2.204
2415,2.893,2.204
2416,2.830,2.204
2417,2.688,2.204
2418,2.542,2.204
2419,2.414,2.204
2420,2.366,2.204
2421,2.346,2.204
2422,2.405,2.204
2423,2.429,2.204
2424,2.449,2.204
2425,2.434,2.204
2426,2.414,2.204
2427,2.375,2.204
2428,2.326,2.204
2429,2.297,2.204
2430,2.273,2.204
2431,2.243,2.204
2432,2.268,2.204
2433,2.410,2.204
2434,2.615,2.204
2435,2.791,2.204
2436,2.903,2.204
2437,2.928,2.204
2438,2.835,2.204
2439,2.688,2.204
2440,2.542,2.204
2441,2.424,2.204
2442,2.361,2.204
2443,2.375,2.204
2444,2.434,2.204
2445,2.468,2.204
2446,2.483,2.204
2447,2.463,2.204
2448,2.414,2.204
2449,2.336,2.204
2450,2.346,2.204
2451,2.302,2.204
2452,2.263,2.204
2453,2.283,2.204
2454,2.317,2.204
2455,2.463,2.209
2456,2.634,2.204
2457,2.825,2.209
2458,2.937,2.209
2459,2.923,2.209
2460,2.840,2.209
2461,2.698,2.209
2462,2.551,2.209
2463,2.454,2.209
2464,2.400,2.209
2465,2.429,2.209
2466,2.463,2.209
2467,2.483,2.209
2468,2.493,2.209
2469,2.473,2.209
2470,2.424,2.209
2471,2.405,2.209
2472,2.341,2.209
2473,2.302,2.209
2474,2.258,2.209
2475,2.263,2.209
2476,2.263,2.209
2477,2.400,2.209
2478,2.586,2.209
2479,2.791,2.209
2480,2.903,2.214
2481,2.923,2.214
2482,2.845,2.214
2483,2.708,2.214
2484,2.556,2.214
2485,2.449,2.214
2486,2.434,2.214
2487,2.454,2.214
2488,2.483,2.214
2489,2.537,2.214
2490,2.527,2.214
2491,2.488,2.214
2492,2.458,2.214
2493,2.410,2.214
2494,2.346,2.214
2495,2.322,2.214
2496,2.268,2.214
2497,2.297,2.214
2498,2.370,2.214
2499,2.532,2.214
2500,2.727,2.214
2501,2.859,2.219
2502,2.908,2.214
2503,2.869,2.219
2504,2.742,2.219
2505,2.581,2.219
2506,2.473,2.219
2507,2.429,2.219
2508,2.419,2.219
2509,2.454,2.219
2510,2.488,2.219
2511,2.493,2.219
2512,2.458,2.219
2513,2.434,2.219
2514,2.366,2.219
2515,2.331,2.219
2516,2.283,2.219
2517,2.273,2.219
2518,2.287,2.219
2519,2.400,2.219
2520,2.600,2.219
2521,2.801,2.219
2522,2.947,2.219
2523,2.967,2.219
2524,2.893,2.224
2525,2.747,2.219
2526,2.610,2.219
2527,2.498,2.224
2528,2.454,2.224
2529,2.439,2.224
2530,2.449,2.219
2531,2.512,2.224
2532,2.517,2.219
2533,2.478,2.224
2534,2.449,2.224
2535,2.395,2.224
2536,2.366,2.224
2537,2.317,2.224
2538,2.287,2.224
2539,2.248,2.224
2540,2.268,2.224
2541,2.375,2.224
2542,2.571,2.224
2543,2.786,2.224
2544,2.928,2.224
2545,2.947,2.224
2546,2.898,2.224
2547,2.776,2.224
2548,2.630,2.224
2549,2.517,2.224
2550,2.473,2.224
2551,2.419,2.224
2552,2.478,2.224
2553,2.507,2.224
2554,2.517,2.224
2555,2.483,2.224
2556,2.449,2.224
2557,2.390,2.224
2558,2.356,2.224
2559,2.317,2.224
2560,2.273,2.224
2561,2.234,2.224
2562,2.239,2.224
2563,2.263,2.224
2564,2.410,2.224
2565,2.634,2.224
2566,2.810,2.224
2567,2.893,2.224
2568,2.913,2.224
2569,2.805,2.224
2570,2.649,2.224
2571,2.522,2.224
2572,2.458,2.229
2573,2.449,2.224
2574,2.498,2.224
2575,2.532,2.224
2576,2.522,2.224
2577,2.493,2.224
2578,2.473,2.224
2579,2.419,2.224
2580,2.366,2.224
2581,2.336,2.224
2582,2.297,2.224
2583,2.268,2.224
2584,2.268,2.224
2585,2.336,2.224
2586,2.483,2.224
2587,2.669,2.224
2588,2.845,2.224
2589,2.942,2.224
2590,2.879,2.224
2591,2.825,2.224
2592,2.674,2.224
2593,2.517,2.229
2594,2.439,2.224
2595,2.410,2.229
2596,2.434,2.229
2597,2.463,2.229
2598,2.463,2.229
2599,2.454,2.229
2600,2.414,2.229
2601,2.366,2.224
2602,2.351,2.229
2603,2.307,2.224
2604,2.263,2.229
2605,2.248,2.224
2606,2.258,2.229
2607,2.312,2.229
2608,2.488,2.229
2609,2.708,2.229
2610,2.859,2.229
2611,2.933,2.229
2612,2.884,2.229
2613,2.796,2.229
2614,2.664,2.229
2615,2.542,2.229
2616,2.468,2.229
2617,2.468,2.229
2618,2.473,2.229
2619,2.488,2.229
2620,2.498,2.229
2621,2.463,2.229
2622,2.405,2.229
2623,2.395,2.229
2624,2.341,2.229
2625,2.292,2.229
2626,2.273,2.229
2627,2.209,2.229
2628,2.224,2.229
2629,2.263,2.229
2630,2.375,2.229
2631,2.571,2.234
2632,2.781,2.234
2633,2.889,2.234
2634,2.893,2.234
2635,2.825,2.234
2636,2.678,2.234
2637,2.512,2.234
2638,2.395,2.234
2639,2.380,2.234
2640,2.366,2.234
2641,2.410,2.234
2642,2.454,2.234
2643,2.458,2.234
2644,2.424,2.234
2645,2.380,2.234
2646,2.322,2.234
2647,2.253,2.234
2648,2.239,2.234
2649,2.248,2.234
2650,2.229,2.234
2651,2.273,2.234
2652,2.400,2.234
2653,2.586,2.234
2654,2.747,2.234
2655,2.874,2.234
2656,2.854,2.234
2657,2.761,2.234
2658,2.600,2.234
2659,2.449,2.234
2660,2.385,2.234
2661,2.370,2.234
2662,2.414,2.234
2663,2.449,2.234
2664,2.473,2.234
2665,2.463,2.234
2666,2.419,2.234
2667,2.356,2.234
2668,2.326,2.234
2669,2.297,2.234
2670,2.253,2.234
2671,2.243,2.234
2672,2.253,2.234
2673,2.370,2.234
2674,2.556,2.234
2675,2.737,2.234
2676,2.854,2.234
2677,2.830,2.234
2678,2.752,2.234
2679,2.605,2.234
2680,2.449,2.234
2681,2.385,2.234
2682,2.331,2.234
2683,2.356,2.234
2684,2.405,2.234
2685,2.439,2.234
2686,2.419,2.234
2687,2.395,2.234
2688,2.361,2.234
2689,2.331,2.234
2690,2.287,2.234
2691,2.258,2.234
2692,2.234,2.234
2693,2.287,2.234
2694,2.405,2.234
2695,2.586,2.234
2696,2.752,2.234
2697,2.810,2.234
2698,2.752,2.234
2699,2.659,2.234
2700,2.551,2.234
2701,2.424,2.234
2702,2.356,2.239
2703,2.312,2.234
2704,2.341,2.234
2705,2.380,2.239
2706,2.424,2.234
2707,2.419,2.239
2708,2.380,2.239
2709,2.351,2.239
2710,2.317,2.239
2711,2.287,2.239
2712,2.253,2.239
2713,2.253,2.239
2714,2.302,2.239
2715,2.429,2.239
2716,2.620,2.239
2717,2.752,2.239
2718,2.815,2.239
2719,2.786,2.239
2720,2.678,2.239
2721,2.556,2.239
2722,2.424,2.239
2723,2.356,2.239
2724,2.356,2.239
2725,2.385,2.239
2726,2.410,2.239
2727,2.439,2.239
2728,2.424,2.239
2729,2.414,2.239
2730,2.307,2.239
2731,2.331,2.239
2732,2.273,2.239
2733,2.229,2.243
2734,2.297,2.239
2735,2.361,2.243
2736,2.512,2.243
2737,2.727,2.243
2738,2.825,2.243
2739,2.830,2.243
2740,2.737,2.243
2741,2.620,2.243
2742,2.483,2.243
2743,2.385,2.243
2744,2.351,2.243
2745,2.370,2.243
2746,2.361,2.243
2747,2.410,2.243
2748,2.414,2.243
2749,2.405,2.243
2750,2.380,2.243
2751,2.336,2.243
2752,2.297,2.243
2753,2.263,2.243
2754,2.243,2.243
2755,2.312,2.243
2756,2.449,2.243
2757,2.639,2.243
2758,2.805,2.243
2759,2.889,2.243
2760,2.849,2.243
2761,2.796,2.243
2762,2.669,2.243
2763,2.527,2.243
2764,2.434,2.243
2765,2.410,2.243
2766,2.444,2.243
2767,2.458,2.243
2768,2.483,2.248
2769,2.468,2.243
2770,2.424,2.248
2771,2.356,2.243
2772,2.287,2.248
2773,2.263,2.248
2774,2.243,2.243
2775,2.263,2.248
2776,2.356,2.243
2777,2.546,2.248
2778,2.752,2.243
2779,2.889,2.248
2780,2.933,2.248
2781,2.854,2.243
2782,2.708,2.248
2783,2.561,2.243
2784,2.449,2.243
2785,2.375,2.243
2786,2.390,2.243
2787,2.478,2.243
2788,2.498,2.243
2789,2.493,2.243
2790,2.468,2.243
2791,2.429,2.243
2792,2.375,2.239
2793,2.341,2.239
2794,2.317,2.239
2795,2.287,2.239
2796,2.258,2.239
2797,2.307,2.234
2798,2.444,2.234
2799,2.669,2.234
2800,2.849,2.234
2801,2.928,2.229
2802,2.913,2.229
2803,2.752,2.229
2804,2.644,2.229
2805,2.522,2.224
2806,2.434,2.224
2807,2.444,2.224
2808,2.478,2.219
2809,2.517,2.219
2810,2.551,2.219
2811,2.537,2.214
2812,2.488,2.214
2813,2.449,2.214
2814,2.390,2.209
2815,2.346,2.209
2816,2.322,2.209
2817,2.336,2.204
2818,2.370,2.204
2819,2.507,2.204
2820,2.693,2.199
2821,2.869,2.199
2822,2.942,2.195
2823,2.933,2.195
2824,2.810,2.195
2825,2.678,2.190
2826,2.537,2.190
2827,2.473,2.190
2828,2.463,2.190
2829,2.478,2.185
2830,2.512,2.185
2831,2.522,2.180
2832,2.522,2.180
2833,2.502,2.180
2834,2.458,2.180
2835,2.395,2.175
2836,2.361,2.175
2837,2.322,2.175
2838,2.292,2.175
2839,2.312,2.170
2840,2.410,2.170
2841,2.625,2.170
2842,2.840,2.170
2843,3.011,2.165
2844,3.035,2.165
2845,2.986,2.165
2846,2.864,2.165
2847,2.708,2.165
2848,2.581,2.165
2849,2.488,2.165
2850,2.468,2.160
2851,2.542,2.160
2852,2.571,2.160
2853,2.566,2.160
2854,2.527,2.160
2855,2.468,2.160
2856,2.410,2.160
2857,2.414,2.160
2858,2.370,2.160
2859,2.331,2.160
2860,2.312,2.160
2861,2.297,2.160
2862,2.400,2.160
2863,2.571,2.155
2864,2.805,2.160
2865,3.016,2.160
2866,3.060,2.160
2867,2.986,2.160
2868,2.874,2.160
2869,2.713,2.160
2870,2.586,2.160
2871,2.512,2.160
2872,2.478,2.160
2873,2.502,2.160
2874,2.527,2.160
2875,2.546,2.160
2876,2.522,2.165
2877,2.502,2.160
2878,2.424,2.165
2879,2.424,2.165
2880,2.380,2.165
2881,2.326,2.165
2882,2.317,2.165
2883,2.283,2.165
2884,2.292,2.165
2885,2.356,2.165
2886,2.527,2.165
2887,2.766,2.165
2888,2.947,2.165
2889,3.011,2.165
2890,2.972,2.170
2891,2.849,2.170
2892,2.713,2.170
2893,2.581,2.170
2894,2.512,2.170
2895,2.493,2.170
2896,2.527,2.170
2897,2.551,2.170
2898,2.566,2.170
2899,2.556,2.175
2900,2.502,2.175
2901,2.439,2.175
2902,2.390,2.175
2903,2.356,2.175
2904,2.326,2.175
2905,2.278,2.175
2906,2.278,2.175
2907,2.336,2.180
2908,2.542,2.180
2909,2.761,2.180
2910,2.918,2.180
2911,3.006,2.180
2912,2.957,2.180
2913,2.835,2.180
2914,2.688,2.180
2915,2.537,2.180
2916,2.458,2.180
2917,2.434,2.180
2918,2.444,2.185
2919,2.507,2.185
2920,2.507,2.185
2921,2.493,2.185
2922,2.458,2.185
2923,2.410,2.185
2924,2.366,2.185
2925,2.331,2.185
2926,2.287,2.185
2927,2.268,2.185
2928,2.258,2.190
2929,2.239,2.190
2930,2.278,2.190
2931,2.483,2.190
2932,2.732,2.190
2933,2.913,2.190
2934,3.021,2.190
2935,3.006,2.190
2936,2.903,2.190
2937,2.766,2.190
2938,2.605,2.190
2939,2.502,2.195
2940,2.454,2.195
2941,2.483,2.195
2942,2.488,2.195
2943,2.546,2.195
2944,2.527,2.195
2945,2.449,2.195
2946,2.424,2.195
2947,2.385,2.195
2948,2.287,2.195
2949,2.258,2.195
2950,2.234,2.195
2951,2.263,2.199
2952,2.248,2.199
2953,2.253,2.199
2954,2.370,2.199
2955,2.595,2.199
2956,2.815,2.199
2957,2.957,2.199
2958,2.952,2.199
2959,2.893,2.199
2960,2.722,2.199
2961,2.600,2.199
2962,2.458,2.199
2963,2.429,2.199
2964,2.434,2.199
2965,2.493,2.204
2966,2.498,2.199
2967,2.493,2.204
2968,2.463,2.204
2969,2.424,2.204
2970,2.351,2.204
2971,2.312,2.204
2972,2.317,2.204
2973,2.292,2.204
2974,2.248,2.204
2975,2.234,2.204
2976,2.224,2.204
2977,2.292,2.204
2978,2.468,2.204
2979,2.678,2.204
2980,2.893,2.204
2981,2.962,2.204
2982,2.933,2.204
2983,2.830,2.204
2984,2.659,2.204
2985,2.502,2.204
2986,2.419,2.209
2987,2.385,2.204
2988,2.424,2.209
2989,2.439,2.204
2990,2.473,2.209
2991,2.463,2.209
2992,2.434,2.209
2993,2.375,2.209
2994,2.322,2.209
2995,2.283,2.209
2996,2.253,2.209
2997,2.248,2.209
2998,2.243,2.209
2999,2.273,2.209
3000,2.405,2.209
3001,2.590,2.209
3002,2.776,2.209
3003,2.903,2.209
3004,2.908,2.209
3005,2.830,2.209
3006,2.698,2.209
3007,2.546,2.209
3008,2.449,2.209
3009,2.405,2.209
3010,2.410,2.209
3011,2.424,2.209
3012,2.468,2.209
3013,2.468,2.209
3014,2.449,2.209
3015,2.390,2.214
3016,2.346,2.209
3017,2.317,2.214
3018,2.278,2.214
3019,2.258,2.214
3020,2.219,2.214
3021,2.219,2.214
3022,2.263,2.214
3023,2.405,2.214
3024,2.732,2.214
3025,2.913,2.214
3026,2.918,2.214
3027,2.840,2.214
3028,2.713,2.214
3029,2.566,2.214
3030,2.439,2.214
3031,2.390,2.214
3032,2.400,2.214
3033,2.439,2.214
3034,2.463,2.214
3035,2.458,2.214
3036,2.419,2.214
3037,2.390,2.214
3038,2.326,2.214
3039,2.302,2.214
3040,2.268,2.214
3041,2.243,2.214
3042,2.204,2.214
3043,2.243,2.214
3044,2.268,2.214
3045,2.424,2.219
3046,2.605,2.214
3047,2.776,2.214
3048,2.879,2.214
3049,2.786,2.219
3050,2.717,2.214
3051,2.615,2.219
3052,2.454,2.219
3053,2.366,2.219
3054,2.346,2.219
3055,2.370,2.219
3056,2.366,2.219
3057,2.405,2.219
3058,2.419,2.219
3059,2.361,2.219
3060,2.366,2.219
3061,2.312,2.219
3062,2.283,2.219
3063,2.239,2.219
3064,2.229,2.214
3065,2.273,2.214
3066,2.410,2.219
3067,2.571,2.214
3068,2.708,2.219
3069,2.830,2.214
3070,2.801,2.214
3071,2.732,2.214
3072,2.630,2.214
3073,2.488,2.219
3074,2.385,2.214
3075,2.341,2.214
3076,2.370,2.214
3077,2.390,2.214
3078,2.414,2.214
3079,2.419,2.214
3080,2.410,2.214
3081,2.385,2.214
3082,2.336,2.214
3083,2.326,2.214
3084,2.302,2.214
3085,2.297,2.214
3086,2.331,2.214
3087,2.434,2.214
3088,2.674,2.214
3089,2.815,2.214
3090,2.908,2.214
3091,2.854,2.214
3092,2.781,2.214
3093,2.620,2.214
3094,2.488,2.214
3095,2.390,2.214
3096,2.341,2.214
3097,2.361,2.214
3098,2.414,2.214
3099,2.424,2.214
3100,2.385,2.214
3101,2.380,2.214
3102,2.366,2.214
3103,2.341,2.214
3104,2.287,2.214
3105,2.253,2.219
3106,2.234,2.214
3107,2.263,2.219
3108,2.405,2.219
3109,2.590,2.219
3110,2.776,2.219
3111,2.859,2.219
3112,2.840,2.219
3113,2.732,2.219
3114,2.600,2.219
3115,2.468,2.219
3116,2.375,2.219
3117,2.356,2.219
3118,2.380,2.219
3119,2.419,2.219
3120,2.439,2.219
3121,2.419,2.219
3122,2.405,2.219
3123,2.336,2.219
3124,2.322,2.219
3125,2.297,2.219
3126,2.253,2.219
3127,2.248,2.219
3128,2.248,2.219
3129,2.390,2.219
3130,2.590,2.219
3131,2.761,2.219
3132,2.845,2.219
3133,2.830,2.219
3134,2.766,2.219
3135,2.630,2.219
3136,2.502,2.219
3137,2.405,2.219
3138,2.361,2.219
3139,2.405,2.219
3140,2.439,2.219
3141,2.454,2.219
3142,2.444,2.219
3143,2.414,2.219
3144,2.375,2.219
3145,2.341,2.219
3146,2.292,2.219
3147,2.278,2.219
3148,2.258,2.219
3149,2.390,2.219
3150,2.590,2.219
3151,2.742,2.219
3152,2.840,2.219
3153,2.830,2.219
3154,2.747,2.219
3155,2.610,2.219
3156,2.458,2.219
3157,2.375,2.219
3158,2.375,2.219
3159,2.414,2.219
3160,2.439,2.219
3161,2.458,2.219
3162,2.458,2.214
3163,2.444,2.214
3164,2.395,2.214
3165,2.380,2.214
3166,2.326,2.214
3167,2.302,2.214
3168,2.278,2.214
3169,2.385,2.214
3170,2.576,2.214
3171,2.752,2.214
3172,2.879,2.214
3173,2.908,2.214
3174,2.845,2.214
3175,2.732,2.214
3176,2.610,2.214
3177,2.488,2.214
3178,2.454,2.214
3179,2.434,2.214
3180,2.468,2.214
3181,2.488,2.214
3182,2.488,2.214
3183,2.449,2.214
3184,2.424,2.214
3185,2.395,2.214
3186,2.370,2.214
3187,2.336,2.214
3188,2.341,2.214
3189,2.400,2.214
3190,2.527,2.214
3191,2.713,2.214
3192,2.893,2.214
3193,2.986,2.214
3194,2.967,2.214
3195,2.859,2.214
3196,2.693,2.214
3197,2.556,2.214
3198,2.478,2.214
3199,2.478,2.214
3200,2.498,2.214
3201,2.537,2.214
3202,2.542,2.214
3203,2.517,2.214
3204,2.478,2.214
3205,2.444,2.214
3206,2.390,2.219
3207,2.400,2.214
3208,2.331,2.219
3209,2.366,2.219
3210,2.429,2.219
3211,2.600,2.219
3212,2.830,2.219
3213,2.937,2.219
3214,2.962,2.219
3215,2.879,2.219
3216,2.757,2.219
3217,2.615,2.219
3218,2.498,2.219
3219,2.458,2.219
3220,2.463,2.219
3221,2.507,2.219
3222,2.537,2.219
3223,2.517,2.219
3224,2.498,2.219
3225,2.449,2.219
3226,2.395,2.224
3227,2.370,2.219
3228,2.326,2.219
3229,2.317,2.219
3230,2.356,2.219
3231,2.498,2.224
3232,2.693,2.224
3233,2.874,2.224
3234,2.962,2.224
3235,2.972,2.224
3236,2.874,2.224
3237,2.722,2.224
3238,2.586,2.224
3239,2.512,2.224
3240,2.463,2.224
3241,2.498,2.224
3242,2.527,2.224
3243,2.546,2.224
3244,2.517,2.224
3245,2.493,2.224
3246,2.463,2.224
3247,2.385,2.224
3248,2.346,2.224
3249,2.322,2.224
3250,2.336,2.224
3251,2.434,2.219
3252,2.615,2.224
3253,2.830,2.219
3254,2.923,2.219
3255,2.942,2.219
3256,2.859,2.219
3257,2.727,2.219
3258,2.586,2.219
3259,2.488,2.219
3260,2.439,2.219
3261,2.444,2.219
3262,2.434,2.219
3263,2.488,2.219
3264,2.473,2.219
3265,2.444,2.219
3266,2.414,2.219
3267,2.361,2.219
3268,2.326,2.219
3269,2.278,2.219
3270,2.263,2.219
3271,2.302,2.219
3272,2.414,2.219
3273,2.620,2.219
3274,2.810,2.219
3275,2.923,2.219
3276,2.903,2.219
3277,2.781,2.219
3278,2.654,2.219
3279,2.532,2.219
3280,2.458,2.219
3281,2.449,2.219
3282,2.473,2.219
3283,2.473,2.219
3284,2.468,2.219
3285,2.449,2.219
3286,2.410,2.219
3287,2.366,2.219
3288,2.326,2.219
3289,2.292,2.219
3290,2.243,2.219
3291,2.229,2.219
3292,2.234,2.219
3293,2.326,2.219
3294,2.502,2.219
3295,2.717,2.219
3296,2.854,2.219
3297,2.884,2.219
3298,2.864,2.224
3299,2.752,2.224
3300,2.634,2.224
3301,2.522,2.224
3302,2.458,2.224
3303,2.454,2.224
3304,2.458,2.224
3305,2.478,2.224
3306,2.478,2.224
3307,2.434,2.224
3308,2.400,2.224
3309,2.336,2.224
3310,2.297,2.224
3311,2.239,2.224
3312,2.243,2.224
3313,2.239,2.224
3314,2.248,2.224
3315,2.326,2.224
3316,2.512,2.224
3317,2.713,2.224
3318,2.830,2.224
3319,2.849,2.224
3320,2.781,2.224
3321,2.664,2.229
3322,2.576,2.229
3323,2.468,2.229
3324,2.414,2.229
3325,2.410,2.229
3326,2.439,2.229
3327,2.483,2.229
3328,2.463,2.229
3329,2.424,2.229
3330,2.390,2.229
3331,2.341,2.229
3332,2.287,2.229
3333,2.268,2.229
3334,2.219,2.229
3335,2.219,2.229
3336,2.239,2.229
3337,2.351,2.229
3338,2.537,2.229
3339,2.766,2.229
3340,2.874,2.229
3341,2.898,2.234
3342,2.825,2.234
3343,2.703,2.234
3344,2.566,2.234
3345,2.468,2.234
3346,2.395,2.234
3347,2.410,2.234
3348,2.424,2.234
3349,2.473,2.234
3350,2.473,2.234
3351,2.434,2.234
3352,2.375,2.234
3353,2.336,2.234
3354,2.292,2.234
3355,2.263,2.234
3356,2.239,2.234
3357,2.234,2.234
3358,2.224,2.234
3359,2.224,2.234
3360,2.278,2.234
3361,2.429,2.234
3362,2.625,2.239
3363,2.805,2.239
3364,2.889,2.239
3365,2.903,2.239
3366,2.820,2.239
3367,2.678,2.239
3368,2.542,2.239
3369,2.439,2.239
3370,2.366,2.239
3371,2.410,2.239
3372,2.449,2.239
3373,2.444,2.239
3374,2.444,2.239
3375,2.429,2.239
3376,2.356,2.239
3377,2.312,2.239
3378,2.268,2.239
3379,2.209,2.239
3380,2.248,2.239
3381,2.219,2.239
3382,2.204,2.239
3383,2.190,2.239
3384,2.292,2.239
3385,2.454,2.239
3386,2.688,2.239
3387,2.864,2.239
3388,2.986,2.239
3389,2.972,2.243
3390,2.864,2.243
3391,2.703,2.243
3392,2.551,2.243
3393,2.458,2.243
3394,2.439,2.243
3395,2.463,2.243
3396,2.488,2.243
3397,2.502,2.243
3398,2.488,2.243
3399,2.414,2.243
3400,2.439,2.243
3401,2.351,2.243
3402,2.312,2.243
3403,2.287,2.243
3404,2.263,2.243
3405,2.253,2.243
3406,2.326,2.243
3407,2.473,2.243
3408,2.678,2.243
3409,2.869,2.243
3410,2.967,2.248
3411,2.928,2.243
3412,2.835,2.248
3413,2.708,2.243
3414,2.590,2.243
3415,2.493,2.243
3416,2.478,2.243
3417,2.468,2.248
3418,2.483,2.243
3419,2.512,2.248
3420,2.512,2.243
3421,2.502,2.248
3422,2.458,2.248
3423,2.414,2.243
3424,2.375,2.248
3425,2.326,2.248
3426,2.248,2.248
3427,2.224,2.243
3428,2.268,2.248
3429,2.331,2.243
3430,2.473,2.248
3431,2.683,2.248
3432,2.879,2.248
3433,2.923,2.248
3434,2.962,2.248
3435,2.918,2.248
3436,2.786,2.248
3437,2.644,2.248
3438,2.537,2.248
3439,2.493,2.248
3440,2.502,2.248
3441,2.527,2.248
3442,2.542,2.248
3443,2.507,2.248
3444,2.493,2.253
3445,2.468,2.248
3446,2.429,2.248
3447,2.356,2.248
3448,2.268,2.248
3449,2.283,2.253
3450,2.268,2.248
3451,2.229,2.253
3452,2.258,2.248
3453,2.326,2.253
3454,2.517,2.248
3455,2.747,2.253
3456,2.928,2.248
3457,3.021,2.248
3458,2.981,2.253
3459,2.874,2.248
3460,2.752,2.253
3461,2.615,2.248
3462,2.527,2.253
3463,2.493,2.253
3464,2.527,2.253
3465,2.542,2.253
3466,2.556,2.248
3467,2.527,2.253
3468,2.507,2.248
3469,2.439,2.253
3470,2.414,2.248
3471,2.346,2.248
3472,2.297,2.253
3473,2.268,2.248
3474,2.278,2.253
3475,2.322,2.248
3476,2.400,2.253
3477,2.615,2.248
3478,2.859,2.248
3479,3.035,2.248
3480,3.113,2.248
3481,3.050,2.248
3482,2.933,2.248
3483,2.761,2.248
3484,2.620,2.248
3485,2.542,2.248
3486,2.517,2.248
3487,2.551,2.248
3488,2.600,2.248
3489,2.620,2.248
3490,2.600,2.248
3491,2.566,2.248
3492,2.527,2.248
3493,2.463,2.248
3494,2.414,2.248
3495,2.361,2.248
3496,2.322,2.243
3497,2.307,2.243
3498,2.375,2.243
3499,2.571,2.243
3500,2.830,2.243
3501,3.030,2.243
3502,3.157,2.243
3503,3.113,2.243
3504,3.021,2.243
3505,2.869,2.243
3506,2.698,2.243
3507,2.566,2.243
3508,2.502,2.243
3509,2.537,2.243
3510,2.576,2.243
3511,2.630,2.243
3512,2.600,2.243
3513,2.556,2.243
3514,2.498,2.243
3515,2.410,2.243
3516,2.361,2.243
3517,2.346,2.243
3518,2.307,2.243
3519,2.331,2.243
3520,2.307,2.243
3521,2.356,2.243
3522,2.512,2.243
3523,2.757,2.243
3524,2.996,2.243
3525,3.113,2.243
3526,3.118,2.243
3527,3.016,2.243
3528,2.747,2.243
3529,2.600,2.243
3530,2.483,2.243
3531,2.463,2.243
3532,2.478,2.243
3533,2.512,2.243
3534,2.517,2.243
3535,2.517,2.243
3536,2.493,2.243
3537,2.439,2.243
3538,2.385,2.243
3539,2.356,2.243
3540,2.317,2.243
3541,2.283,2.243
3542,2.263,2.243
3543,2.219,2.243
3544,2.248,2.243
3545,2.390,2.243
3546,2.595,2.243
3547,2.830,2.243
3548,2.947,2.243
3549,2.957,2.243
3550,2.874,2.243
3551,2.737,2.243
3552,2.581,2.243
3553,2.444,2.243
3554,2.370,2.243
3555,2.380,2.243
3556,2.390,2.243
3557,2.434,2.243
3558,2.458,2.243
3559,2.454,2.243
3560,2.375,2.239
3561,2.341,2.239
3562,2.297,2.239
3563,2.263,2.239
3564,2.195,2.239
3565,2.199,2.239
3566,2.239,2.239
3567,2.341,2.239
3568,2.576,2.239
3569,2.859,2.239
3570,3.065,2.239
3571,3.133,2.239
3572,3.079,2.239
3573,2.918,2.239
3574,2.771,2.234
3575,2.634,2.234
3576,2.542,2.234
3577,2.561,2.234
3578,2.625,2.234
3579,2.674,2.234
3580,2.693,2.234
3581,2.639,2.229
3582,2.659,2.229
3583,2.625,2.229
3584,2.576,2.229
3585,2.512,2.229
3586,2.400,2.229
3587,2.331,2.224
3588,2.326,2.224
3589,2.449,2.224
3590,2.654,2.224
3591,2.859,2.224
3592,2.918,2.219
3593,2.879,2.219
3594,2.708,2.219
3595,2.542,2.219
3596,2.424,2.219
3597,2.336,2.214
3598,2.414,2.214
3599,2.458,2.214
3600,2.522,2.214
3601,2.522,2.209
3602,2.537,2.209
3603,2.517,2.209
3604,2.468,2.209
3605,2.400,2.209
3606,2.356,2.209
3607,2.336,2.209
3608,2.361,2.204
3609,2.473,2.204
3610,2.630,2.204
3611,2.801,2.204
3612,2.889,2.204
3613,2.879,2.204
3614,2.776,2.204
3615,2.669,2.204
3616,2.551,2.204
3617,2.444,2.204
3618,2.370,2.204
3619,2.341,2.204
3620,2.380,2.204
3621,2.449,2.204
3622,2.502,2.204
3623,2.532,2.204
3624,2.488,2.199
3625,2.429,2.199
3626,2.326,2.199
3627,2.234,2.199
3628,2.248,2.199
3629,2.336,2.199
3630,2.551,2.199
3631,2.766,2.199
3632,2.923,2.199
3633,2.913,2.195
3634,2.801,2.195
3635,2.644,2.195
3636,2.488,2.195
3637,2.331,2.195
3638,2.278,2.190
3639,2.317,2.190
3640,2.395,2.190
3641,2.498,2.185
3642,2.561,2.185
3643,2.556,2.180
3644,2.483,2.180
3645,2.385,2.175
3646,2.283,2.175
3647,2.224,2.170
3648,2.229,2.165
3649,2.380,2.165
3650,2.586,2.160
3651,2.801,2.155
3652,2.903,2.151
3653,2.820,2.146
3654,2.683,2.141
3655,2.527,2.136
3656,2.375,2.131
3657,2.307,2.121
3658,2.297,2.116
3659,2.341,2.111
3660,2.385,2.107
3661,2.419,2.097
3662,2.429,2.092
3663,2.395,2.082
3664,2.346,2.077
3665,2.302,2.072
3666,2.287,2.063
3667,2.351,2.058
3668,2.537,2.048
3669,2.722,2.043
3670,2.884,2.033
3671,2.947,2.023
3672,2.913,2.019
3673,2.825,2.009
3674,2.693,2.004
3675,2.566,1.994
3676,2.463,1.984
3677,2.434,1.979
3678,2.434,1.970
3679,2.429,1.960
3680,2.454,1.950
3681,2.458,1.945
3682,2.454,1.935
3683,2.444,1.931
3684,2.385,1.921
3685,2.375,1.916
3686,2.424,1.911
3687,2.571,1.901
3688,2.742,1.896
3689,2.898,1.887
3690,2.928,1.882
3691,2.879,1.877
3692,2.776,1.867
3693,2.678,1.862
3694,2.527,1.857
3695,2.473,1.852
3696,2.429,1.848
3697,2.414,1.838
3698,2.429,1.833
3699,2.429,1.828
3700,2.400,1.823
3701,2.380,1.818
3702,2.336,1.818
3703,2.297,1.813
3704,2.268,1.808
3705,2.278,1.808
3706,2.395,1.804
3707,2.571,1.799
3708,2.766,1.799
3709,2.879,1.794
3710,2.869,1.789
3711,2.776,1.789
3712,2.737,1.784
3713,2.600,1.784
3714,2.507,1.779
3715,2.439,1.779
3716,2.410,1.779
3717,2.424,1.774
3718,2.449,1.774
3719,2.444,1.774
3720,2.419,1.774
3721,2.380,1.774
3722,2.317,1.769
3723,2.297,1.769
3724,2.297,1.769
3725,2.385,1.769
3726,2.542,1.769
3727,2.703,1.769
3728,2.830,1.769
3729,2.845,1.769
3730,2.820,1.769
3731,2.717,1.769
3732,2.600,1.769
3733,2.454,1.769
3734,2.434,1.774
3735,2.385,1.774
3736,2.449,1.774
3737,2.458,1.774
3738,2.473,1.774
3739,2.439,1.779
3740,2.434,1.779
3741,2.400,1.779
3742,2.380,1.779
3743,2.336,1.784
3744,2.292,1.784
3745,2.375,1.784
3746,2.527,1.789
3747,2.698,1.789
3748,2.810,1.789
3749,2.859,1.789
3750,2.830,1.794
3751,2.737,1.794
3752,2.595,1.794
3753,2.498,1.799
3754,2.439,1.799
3755,2.414,1.799
3756,2.390,1.799
3757,2.405,1.799
3758,2.454,1.804
3759,2.454,1.804
3760,2.405,1.804
3761,2.385,1.808
3762,2.326,1.808
3763,2.292,1.813
3764,2.258,1.813
3765,2.273,1.813
3766,2.341,1.818
3767,2.502,1.818
3768,2.708,1.818
3769,2.835,1.823
3770,2.898,1.823
3771,2.835,1.828
3772,2.727,1.828
3773,2.605,1.828
3774,2.473,1.828
3775,2.400,1.833
3776,2.385,1.833
3777,2.390,1.833
3778,2.414,1.838
3779,2.439,1.838
3780,2.439,1.838
3781,2.375,1.843
3782,2.331,1.843
3783,2.292,1.843
3784,2.273,1.843
3785,2.243,1.848
3786,2.268,1.848
3787,2.307,1.852
3788,2.463,1.852
3789,2.630,1.852
3790,2.805,1.852
3791,2.869,1.857
3792,2.849,1.857
3793,2.776,1.857
3794,2.649,1.862
3795,2.527,1.862
3796,2.439,1.862
3797,2.400,1.862
3798,2.400,1.867
3799,2.449,1.867
3800,2.478,1.867
3801,2.454,1.867
3802,2.419,1.872
3803,2.370,1.872
3804,2.341,1.872
3805,2.297,1.872
3806,2.268,1.877
3807,2.302,1.877
3808,2.312,1.877
3809,2.498,1.877
3810,2.698,1.882
3811,2.815,1.882
3812,2.849,1.882
3813,2.810,1.882
3814,2.698,1.887
3815,2.600,1.887
3816,2.463,1.887
3817,2.390,1.891
3818,2.375,1.891
3819,2.390,1.891
3820,2.395,1.891
3821,2.410,1.891
3822,2.434,1.896
3823,2.414,1.896
3824,2.341,1.896
3825,2.331,1.896
3826,2.302,1.896
3827,2.287,1.896
3828,2.248,1.901
3829,2.258,1.901
3830,2.346,1.901
3831,2.507,1.901
3832,2.693,1.901
3833,2.835,1.906
3834,2.869,1.906
3835,2.845,1.906
3836,2.766,1.906
3837,2.610,1.906
3838,2.493,1.911
3839,2.414,1.911
3840,2.385,1.911
3841,2.385,1.911
3842,2.424,1.916
3843,2.429,1.916
3844,2.414,1.916
3845,2.390,1.916
3846,2.366,1.916
3847,2.322,1.916
3848,2.287,1.916
3849,2.258,1.921
3850,2.239,1.921
3851,2.224,1.921
3852,2.239,1.921
3853,2.317,1.921
3854,2.449,1.921
3855,2.639,1.926
3856,2.791,1.926
3857,2.864,1.926
3858,2.835,1.926
3859,2.766,1.926
3860,2.625,1.926
3861,2.512,1.931
3862,2.410,1.931
3863,2.366,1.931
3864,2.390,1.931
3865,2.414,1.931
3866,2.449,1.931
3867,2.458,1.935
3868,2.424,1.935
3869,2.375,1.935
3870,2.346,1.935
3871,2.326,1.935
3872,2.283,1.935
3873,2.253,1.935
3874,2.239,1.935
3875,2.224,1.940
3876,2.297,1.940
3877,2.424,1.940
3878,2.610,1.940
3879,2.791,1.940
3880,2.859,1.940
3881,2.820,1.940
3882,2.713,1.940
3883,2.581,1.945
3884,2.449,1.945
3885,2.400,1.945
3886,2.375,1.945
3887,2.400,1.945
3888,2.439,1.945
3889,2.463,1.945
3890,2.458,1.945
3891,2.414,1.950
3892,2.414,1.950
3893,2.370,1.950
3894,2.322,1.950
3895,2.278,1.950
3896,2.239,1.950
3897,2.268,1.950
3898,2.361,1.950
3899,2.502,1.955
3900,2.717,1.955
3901,2.830,1.955
3902,2.849,1.955
3903,2.810,1.955
3904,2.674,1.955
3905,2.527,1.955
3906,2.405,1.955
3907,2.385,1.955
3908,2.390,1.955
3909,2.429,1.960
3910,2.458,1.955
3911,2.478,1.960
3912,2.463,1.960
3913,2.439,1.960
3914,2.395,1.960
3915,2.361,1.960
3916,2.253,1.960
3917,2.273,1.960
3918,2.268,1.960
3919,2.356,1.960
3920,2.527,1.965
3921,2.727,1.965
3922,2.884,1.965
3923,2.947,1.965
3924,2.893,1.965
3925,2.781,1.965
3926,2.615,1.965
3927,2.493,1.970
3928,2.405,1.970
3929,2.410,1.970
3930,2.463,1.970
3931,2.483,1.970
3932,2.522,1.970
3933,2.537,1.970
3934,2.522,1.970
3935,2.527,1.970
3936,2.449,1.970
3937,2.390,1.970
3938,2.341,1.975
3939,2.292,1.975
3940,2.283,1.975
3941,2.356,1.975
3942,2.502,1.975
3943,2.732,1.975
3944,2.874,1.975
3945,2.972,1.975
3946,2.928,1.979
3947,2.840,1.975
3948,2.683,1.979
3949,2.532,1.979
3950,2.434,1.979
3951,2.395,1.979
3952,2.414,1.979
3953,2.454,1.979
3954,2.493,1.979
3955,2.454,1.984
3956,2.478,1.979
3957,2.434,1.984
3958,2.370,1.984
3959,2.341,1.984
3960,2.302,1.984
3961,2.239,1.984
3962,2.248,1.984
3963,2.268,1.984
3964,2.414,1.984
3965,2.625,1.984
3966,2.859,1.989
3967,2.991,1.989
3968,3.035,1.989
3969,2.908,1.989
3970,2.771,1.989
3971,2.605,1.989
3972,2.493,1.989
3973,2.429,1.989
3974,2.424,1.989
3975,2.429,1.994
3976,2.488,1.989
3977,2.527,1.994
3978,2.507,1.994
3979,2.454,1.994
3980,2.395,1.994
3981,2.375,1.994
3982,2.336,1.994
3983,2.312,1.994
3984,2.297,1.994
3985,2.307,1.994
3986,2.488,1.994
3987,2.688,1.994
3988,2.918,1.994
3989,3.030,1.999
3990,3.045,1.999
3991,2.942,1.999
3992,2.786,1.999
3993,2.639,1.999
3994,2.493,1.999
3995,2.449,1.999
3996,2.454,1.999
3997,2.502,1.999
3998,2.527,1.999
3999,2.527,2.004
4000,2.537,2.004
4001,2.488,2.004
4002,2.439,2.004
4003,2.395,2.004
4004,2.307,2.004
4005,2.292,2.004
4006,2.292,2.004
4007,2.326,2.004
4008,2.522,2.004
4009,2.796,2.004
4010,3.021,2.009
4011,3.128,2.009
4012,3.113,2.009
4013,2.991,2.009
4014,2.835,2.009
4015,2.644,2.009
4016,2.546,2.009
4017,2.473,2.009
4018,2.502,2.009
4019,2.532,2.009
4020,2.571,2.009
4021,2.576,2.009
4022,2.542,2.014
4023,2.473,2.014
4024,2.424,2.014
4025,2.361,2.014
4026,2.326,2.014
4027,2.278,2.014
4028,2.258,2.014
4029,2.268,2.014
4030,2.414,2.014
4031,3.021,2.014
4032,3.167,2.014
4033,3.172,2.014
4034,3.060,2.019
4035,2.903,2.019
4036,2.669,2.019
4037,2.542,2.019
4038,2.493,2.019
4039,2.488,2.019
4040,2.517,2.019
4041,2.551,2.019
4042,2.546,2.019
4043,2.556,2.019
4044,2.507,2.019
4045,2.444,2.019
4046,2.380,2.019
4047,2.346,2.019
4048,2.273,2.023
4049,2.292,2.023
4050,2.356,2.023
4051,2.586,2.023
4052,2.859,2.023
4053,3.128,2.023
4054,3.260,2.023
4055,3.284,2.023
4056,3.167,2.023
4057,3.016,2.023
4058,2.791,2.023
4059,2.620,2.023
4060,2.546,2.023
4061,2.551,2.028
4062,2.581,2.028
4063,2.615,2.028
4064,2.610,2.028
4065,2.586,2.028
4066,2.512,2.028
4067,2.444,2.028
4068,2.361,2.028
4069,2.312,2.028
4070,2.287,2.028
4071,2.258,2.028
4072,2.283,2.028
4073,2.444,2.033
4074,2.727,2.033
4075,3.021,2.033
4076,3.240,2.033
4077,3.284,2.033
4078,3.177,2.033
4079,3.021,2.033
4080,2.810,2.033
4081,2.620,2.033
4082,2.507,2.033
4083,2.468,2.033
4084,2.502,2.038
4085,2.556,2.033
4086,2.615,2.038
4087,2.590,2.038
4088,2.532,2.038
4089,2.449,2.038
4090,2.370,2.038
4091,2.312,2.038
4092,2.263,2.038
4093,2.219,2.038
4094,2.195,2.038
4095,2.190,2.038
4096,2.224,2.038
4097,2.375,2.038
4098,2.659,2.043
4099,3.001,2.038
4100,3.216,2.043
4101,3.289,2.043
4102,3.236,2.043
4103,3.016,2.043
4104,2.786,2.043
4105,2.610,2.043
4106,2.498,2.043
4107,2.468,2.043
4108,2.502,2.043
4109,2.542,2.043
4110,2.571,2.043
4111,2.542,2.043
4112,2.493,2.043
4113,2.429,2.043
4114,2.361,2.043
4115,2.297,2.043
4116,2.239,2.048
4117,2.180,2.043
4118,2.151,2.048
4119,2.121,2.048
4120,2.190,2.048
4121,2.375,2.048
4122,2.683,2.048
4123,3.006,2.048
4124,3.167,2.048
4125,3.211,2.048
4126,3.079,2.048
4127,2.879,2.048
4128,2.664,2.048
4129,2.488,2.048
4130,2.380,2.048
4131,2.356,2.048
4132,2.400,2.053
4133,2.444,2.053
4134,2.478,2.048
4135,2.454,2.053
4136,2.419,2.053
4137,2.390,2.053
4138,2.331,2.053
4139,2.292,2.053
4140,2.268,2.053
4141,2.209,2.053
4142,2.229,2.053
4143,2.341,2.053
4144,2.581,2.053
4145,2.898,2.053
4146,3.152,2.053
4147,3.250,2.053
4148,3.192,2.053
4149,3.001,2.053
4150,2.757,2.053
4151,2.517,2.053
4152,2.346,2.058
4153,2.268,2.058
4154,2.326,2.058
4155,2.366,2.058
4156,2.400,2.058
4157,2.400,2.058
4158,2.361,2.058
4159,2.326,2.058
4160,2.258,2.058
4161,2.199,2.058
4162,2.146,2.058
4163,2.107,2.058
4164,2.092,2.058
4165,2.175,2.058
4166,2.395,2.058
4167,2.678,2.058
4168,2.908,2.058
4169,3.021,2.058
4170,2.972,2.058
4171,2.810,2.063
4172,2.605,2.058
4173,2.410,2.063
4174,2.268,2.063
4175,2.234,2.063
4176,2.273,2.063
4177,2.346,2.063
4178,2.375,2.063
4179,2.375,2.063
4180,2.331,2.063
4181,2.283,2.063
4182,2.224,2.063
4183,2.155,2.063
4184,2.116,2.063
4185,2.102,2.063
4186,2.082,2.063
4187,2.082,2.063
4188,2.141,2.063
4189,2.307,2.067
4190,2.581,2.063
4191,2.869,2.067
4192,3.001,2.067
4193,3.021,2.067
4194,2.898,2.067
4195,2.708,2.067
4196,2.488,2.067
4197,2.346,2.067
4198,2.263,2.067
4199,2.268,2.067
4200,2.322,2.067
4201,2.366,2.067
4202,2.395,2.067
4203,2.361,2.067
4204,2.331,2.067
4205,2.263,2.072
4206,2.219,2.072
4207,2.151,2.072
4208,2.102,2.072
4209,2.107,2.072
4210,2.097,2.072
4211,2.175,2.072
4212,2.385,2.072
4213,2.654,2.072
4214,2.908,2.072
4215,3.001,2.072
4216,2.977,2.072
4217,2.840,2.072
4218,2.654,2.072
4219,2.468,2.072
4220,2.302,2.072
4221,2.268,2.077
4222,2.278,2.072
4223,2.331,2.077
4224,2.356,2.077
4225,2.385,2.077
4226,2.336,2.077
4227,2.292,2.077
4228,2.278,2.077
4229,2.229,2.077
4230,2.141,2.077
4231,2.111,2.077
4232,2.087,2.077
4233,2.111,2.077
4234,2.248,2.077
4235,2.493,2.077
4236,2.796,2.077
4237,2.977,2.077
4238,2.991,2.077
4239,3.021,2.082
4240,2.840,2.082
4241,2.615,2.082
4242,2.473,2.082
4243,2.361,2.082
4244,2.341,2.082
4245,2.336,2.082
4246,2.370,2.082
4247,2.405,2.082
4248,2.419,2.082
4249,2.385,2.082
4250,2.326,2.082
4251,2.273,2.082
4252,2.219,2.082
4253,2.155,2.082
4254,2.131,2.082
4255,2.107,2.082
4256,2.111,2.082
4257,2.199,2.082
4258,2.419,2.082
4259,2.766,2.082
4260,3.030,2.087
4261,3.196,2.087
4262,3.167,2.087
4263,3.055,2.087
4264,2.835,2.087
4265,2.620,2.087
4266,2.473,2.087
4267,2.424,2.087
4268,2.424,2.087
4269,2.478,2.087
4270,2.473,2.087
4271,2.468,2.087
4272,2.405,2.087
4273,2.375,2.087
4274,2.307,2.087
4275,2.239,2.087
4276,2.234,2.087
4277,2.190,2.087
4278,2.131,2.087
4279,2.097,2.087
4280,2.121,2.087
4281,2.234,2.092
4282,2.444,2.092
4283,2.942,2.092
4284,3.109,2.092
4285,3.138,2.092
4286,3.030,2.092
4287,2.845,2.092
4288,2.644,2.092
4289,2.468,2.092
4290,2.400,2.092
4291,2.395,2.092
4292,2.434,2.092
4293,2.488,2.092
4294,2.502,2.092
4295,2.483,2.092
4296,2.434,2.092
4297,2.356,2.092
4298,2.302,2.092
4299,2.243,2.092
4300,2.253,2.092
4301,2.214,2.092
4302,2.185,2.097
4303,2.170,2.092
4304,2.146,2.097
4305,2.190,2.097
4306,2.341,2.097
4307,2.620,2.097
4308,2.923,2.097
4309,3.123,2.097
4310,3.177,2.097
4311,3.094,2.097
4312,2.884,2.097
4313,2.703,2.097
4314,2.527,2.097
4315,2.424,2.097
4316,2.400,2.097
4317,2.488,2.097
4318,2.551,2.097
4319,2.581,2.097
4320,2.566,2.097
4321,2.493,2.097
4322,2.434,2.102
4323,2.356,2.102
4324,2.283,2.102
4325,2.234,2.102
4326,2.229,2.097
4327,2.199,2.102
4328,2.180,2.097
4329,2.165,2.102
4330,2.268,2.102
4331,2.483,2.102
4332,2.781,2.102
4333,3.030,2.102
4334,3.182,2.102
4335,3.143,2.102
4336,2.981,2.102
4337,2.761,2.102
4338,2.546,2.102
4339,2.410,2.102
4340,2.351,2.102
4341,2.380,2.102
4342,2.449,2.102
4343,2.498,2.102
4344,2.507,2.102
4345,2.454,2.107
4346,2.419,2.102
4347,2.361,2.107
4348,2.278,2.107
4349,2.224,2.107
4350,2.175,2.107
4351,2.185,2.107
4352,2.170,2.107
4353,2.175,2.107
4354,2.155,2.107
4355,2.190,2.107
4356,2.307,2.107
4357,2.595,2.107
4358,2.923,2.107
4359,3.133,2.107
4360,3.240,2.107
4361,3.133,2.107
4362,2.977,2.107
4363,2.757,2.107
4364,2.581,2.107
4365,2.458,2.107
4366,2.419,2.107
4367,2.449,2.107
4368,2.527,2.107
4369,2.517,2.107
4370,2.546,2.111
4371,2.468,2.107
4372,2.410,2.111
4373,2.346,2.111
4374,2.263,2.111
4375,2.243,2.111
4376,2.214,2.111
4377,2.199,2.111
4378,2.180,2.111
4379,2.121,2.111
4380,2.151,2.111
4381,2.214,2.111
4382,2.375,2.111
4383,2.639,2.111
4384,2.962,2.111
4385,3.109,2.111
4386,3.167,2.111
4387,3.030,2.111
4388,2.845,2.111
4389,2.649,2.116
4390,2.488,2.111
4391,2.400,2.116
4392,2.410,2.116
4393,2.449,2.116
4394,2.517,2.116
4395,2.542,2.116
4396,2.522,2.116
4397,2.439,2.116
4398,2.390,2.116
4399,2.307,2.116
4400,2.268,2.116
4401,2.248,2.116
4402,2.209,2.116
4403,2.199,2.116
4404,2.180,2.116
4405,2.273,2.116
4406,2.473,2.116
4407,2.752,2.116
4408,2.996,2.116
4409,3.157,2.121
4410,3.045,2.116
4411,2.879,2.121
4412,2.674,2.116
4413,2.483,2.116
4414,2.400,2.121
4415,2.390,2.116
4416,2.414,2.121
4417,2.439,2.121
4418,2.468,2.121
4419,2.449,2.121
4420,2.424,2.121
4421,2.356,2.121
4422,2.307,2.121
4423,2.258,2.121
4424,2.195,2.121
4425,2.190,2.121
4426,2.180,2.121
4427,2.160,2.121
4428,2.175,2.121
4429,2.234,2.121
4430,2.434,2.121
4431,2.752,2.121
4432,3.035,2.121
4433,3.192,2.121
4434,3.201,2.121
4435,3.079,2.121
4436,2.864,2.121
4437,2.732,2.126
4438,2.586,2.121
4439,2.527,2.121
4440,2.527,2.121
4441,2.556,2.126
4442,2.595,2.126
4443,2.586,2.126
4444,2.537,2.126
4445,2.473,2.126
4446,2.400,2.126
4447,2.326,2.126
4448,2.273,2.126
4449,2.239,2.126
4450,2.204,2.126
4451,2.175,2.126
4452,2.170,2.126
4453,2.219,2.126
4454,2.375,2.126
4455,2.649,2.126
4456,2.947,2.126
4457,3.138,2.126
4458,3.201,2.126
4459,3.113,2.126
4460,2.947,2.126
4461,2.757,2.126
4462,2.551,2.126
4463,2.454,2.126
4464,2.390,2.126
4465,2.424,2.126
4466,2.454,2.126
4467,2.488,2.126
4468,2.473,2.131
4469,2.439,2.131
4470,2.390,2.131
4471,2.331,2.131
4472,2.278,2.131
4473,2.248,2.131
4474,2.209,2.131
4475,2.190,2.131
4476,2.175,2.131
4477,2.199,2.131
4478,2.351,2.131
4479,2.639,2.131
4480,2.889,2.131
4481,3.079,2.131
4482,3.104,2.131
4483,3.001,2.131
4484,2.796,2.131
4485,2.630,2.131
4486,2.468,2.131
4487,2.395,2.131
4488,2.405,2.131
4489,2.473,2.131
4490,2.527,2.131
4491,2.542,2.131
4492,2.502,2.131
4493,2.468,2.131
4494,2.414,2.136
4495,2.336,2.131
4496,2.302,2.131
4497,2.278,2.136
4498,2.239,2.136
4499,2.224,2.136
4500,2.243,2.136
4501,2.341,2.136
4502,2.590,2.136
4503,2.859,2.136
4504,3.084,2.136
4505,3.109,2.136
4506,3.069,2.136
4507,2.918,2.136
4508,2.727,2.136
4509,2.522,2.136
4510,2.385,2.136
4511,2.390,2.136
4512,2.434,2.136
4513,2.488,2.136
4514,2.493,2.136
4515,2.493,2.136
4516,2.449,2.136
4517,2.375,2.136
4518,2.287,2.136
4519,2.273,2.136
4520,2.229,2.136
4521,2.199,2.136
4522,2.190,2.136
4523,2.185,2.136
4524,2.224,2.136
4525,2.356,2.136
4526,2.615,2.136
4527,2.898,2.136
4528,3.094,2.136
4529,3.079,2.141
4530,3.016,2.141
4531,2.874,2.141
4532,2.717,2.141
4533,2.522,2.141
4534,2.395,2.141
4535,2.419,2.141
4536,2.454,2.141
4537,2.454,2.141
4538,2.454,2.141
4539,2.429,2.141
4540,2.370,2.141
4541,2.307,2.141
4542,2.273,2.141
4543,2.224,2.141
4544,2.199,2.141
4545,2.151,2.141
4546,2.121,2.141
4547,2.190,2.141
4548,2.361,2.141
4549,2.590,2.141
4550,2.859,2.141
4551,3.021,2.141
4552,3.040,2.141
4553,2.967,2.141
4554,2.786,2.141
4555,2.620,2.141
4556,2.458,2.141
4557,2.356,2.141
4558,2.341,2.141
4559,2.385,2.141
4560,2.419,2.141
4561,2.434,2.141
4562,2.419,2.141
4563,2.366,2.141
4564,2.341,2.141
4565,2.297,2.141
4566,2.253,2.141
4567,2.204,2.141
4568,2.195,2.141
4569,2.175,2.141
4570,2.234,2.141
4571,2.414,2.141
4572,2.664,2.141
4573,2.889,2.141
4574,3.016,2.141
4575,3.021,2.141
4576,2.913,2.141
4577,2.761,2.141
4578,2.571,2.141
4579,2.424,2.146
4580,2.361,2.141
4581,2.346,2.146
4582,2.395,2.141
4583,2.434,2.146
4584,2.449,2.141
4585,2.419,2.146
4586,2.366,2.141
4587,2.317,2.141
4588,2.253,2.146
4589,2.209,2.146
4590,2.199,2.146
4591,2.141,2.146
4592,2.146,2.146
4593,2.243,2.146
4594,2.507,2.146
4595,2.776,2.146
4596,2.996,2.146
4597,3.074,2.146
4598,3.055,2.146
4599,2.923,2.146
4600,2.732,2.146
4601,2.556,2.146
4602,2.434,2.146
4603,2.375,2.146
4604,2.385,2.146
4605,2.410,2.146
4606,2.458,2.146
4607,2.449,2.146
4608,2.429,2.146
4609,2.361,2.146
4610,2.297,2.146
4611,2.263,2.146
4612,2.214,2.146
4613,2.170,2.146
4614,2.175,2.146
4615,2.141,2.146
4616,2.258,2.146
4617,2.454,2.146
4618,2.776,2.146
4619,2.972,2.151
4620,3.045,2.146
4621,2.952,2.151
4622,2.805,2.151
4623,2.644,2.151
4624,2.493,2.151
4625,2.370,2.151
4626,2.351,2.151
4627,2.380,2.151
4628,2.439,2.151
4629,2.444,2.151
4630,2.439,2.151
4631,2.370,2.151
4632,2.336,2.151
4633,2.268,2.151
4634,2.209,2.151
4635,2.180,2.151
4636,2.136,2.151
4637,2.116,2.151
4638,2.175,2.151
4639,2.346,2.151
4640,2.586,2.151
4641,2.835,2.151
4642,2.977,2.151
4643,2.986,2.151
4644,2.889,2.155
4645,2.713,2.151
4646,2.517,2.151
4647,2.405,2.155
4648,2.351,2.155
4649,2.380,2.155
4650,2.429,2.155
4651,2.463,2.155
4652,2.429,2.155
4653,2.395,2.155
4654,2.336,2.155
4655,2.239,2.155
4656,2.175,2.155
4657,2.195,2.155
4658,2.155,2.155
4659,2.141,2.155
4660,2.199,2.155
4661,2.532,2.155
4662,2.810,2.155
4663,2.986,2.155
4664,3.025,2.155
4665,2.942,2.155
4666,2.805,2.155
4667,2.605,2.155
4668,2.463,2.155
4669,2.341,2.155
4670,2.375,2.155
4671,2.390,2.160
4672,2.429,2.160
4673,2.410,2.160
4674,2.385,2.160
4675,2.302,2.160
4676,2.268,2.160
4677,2.199,2.160
4678,2.180,2.160
4679,2.165,2.160
4680,2.141,2.160
4681,2.121,2.160
4682,2.180,2.160
4683,2.370,2.160
4684,2.590,2.160
4685,2.830,2.160
4686,2.962,2.160
4687,2.962,2.160
4688,2.845,2.160
4689,2.708,2.160
4690,2.566,2.160
4691,2.493,2.160
4692,2.468,2.160
4693,2.502,2.160
4694,2.566,2.160
4695,2.576,2.160
4696,2.517,2.160
4697,2.493,2.165
4698,2.429,2.165
4699,2.356,2.165
4700,2.283,2.165
4701,2.209,2.165
4702,2.229,2.165
4703,2.258,2.165
4704,2.400,2.165
4705,2.639,2.165
4706,2.903,2.165
4707,3.084,2.165
4708,3.113,2.165
4709,3.065,2.165
4710,2.908,2.165
4711,2.703,2.165
4712,2.517,2.165
4713,2.419,2.165
4714,2.385,2.165
4715,2.424,2.165
4716,2.454,2.165
4717,2.463,2.165
4718,2.424,2.165
4719,2.380,2.165
4720,2.341,2.165
4721,2.292,2.165
4722,2.229,2.165
4723,2.175,2.165
4724,2.136,2.165
4725,2.107,2.165
4726,2.180,2.170
4727,2.273,2.165
4728,2.542,2.170
4729,2.874,2.170
4730,3.045,2.170
4731,3.089,2.170
4732,2.972,2.170
4733,2.835,2.170
4734,2.644,2.170
4735,2.473,2.170
4736,2.380,2.170
4737,2.361,2.170
4738,2.395,2.170
4739,2.434,2.170
4740,2.434,2.170
4741,2.439,2.170
4742,2.380,2.170
4743,2.336,2.170
4744,2.283,2.170
4745,2.229,2.170
4746,2.185,2.170
4747,2.155,2.170
4748,2.141,2.170
4749,2.141,2.170
4750,2.126,2.170
4751,2.121,2.170
4752,2.165,2.170
4753,2.351,2.170
4754,2.615,2.170
4755,2.874,2.170
4756,3.050,2.170
4757,3.060,2.170
4758,2.957,2.170
4759,2.776,2.170
4760,2.586,2.170
4761,2.429,2.170
4762,2.356,2.170
4763,2.346,2.175
4764,2.322,2.170
4765,2.395,2.175
4766,2.424,2.170
4767,2.414,2.170
4768,2.375,2.170
4769,2.322,2.175
4770,2.243,2.175
4771,2.209,2.170
4772,2.170,2.175
4773,2.151,2.170
4774,2.146,2.175
4775,2.111,2.175
4776,2.102,2.175
4777,2.151,2.170
4778,2.302,2.170
4779,2.522,2.175
4780,2.776,2.170
4781,2.957,2.175
4782,2.967,2.170
4783,2.893,2.175
4784,2.776,2.170
4785,2.581,2.170
4786,2.400,2.175
4787,2.292,2.175
4788,2.297,2.175
4789,2.414,2.175
4790,2.434,2.175
4791,2.439,2.175
4792,2.405,2.175
4793,2.361,2.175
4794,2.307,2.175
4795,2.253,2.175
4796,2.219,2.175
4797,2.185,2.175
4798,2.170,2.175
4799,2.141,2.175
4800,2.180,2.175
4801,2.297,2.175
4802,2.512,2.175
4803,2.747,2.175
4804,2.928,2.175
4805,2.962,2.175
4806,2.884,2.175
4807,2.752,2.175
4808,2.581,2.175
4809,2.444,2.175
4810,2.356,2.175
4811,2.283,2.175
4812,2.341,2.175
4813,2.370,2.175
4814,2.400,2.175
4815,2.385,2.175
4816,2.346,2.175
4817,2.302,2.175
4818,2.263,2.175
4819,2.229,2.175
4820,2.190,2.175
4821,2.126,2.175
4822,2.146,2.175
4823,2.146,2.175
4824,2.190,2.175
4825,2.331,2.175
4826,2.590,2.175
4827,2.840,2.175
4828,2.981,2.175
4829,2.996,2.175
4830,2.962,2.175
4831,2.835,2.175
4832,2.644,2.175
4833,2.478,2.175
4834,2.400,2.175
4835,2.380,2.175
4836,2.395,2.175
4837,2.444,2.175
4838,2.468,2.175
4839,2.439,2.175
4840,2.405,2.175
4841,2.351,2.175
4842,2.258,2.175
4843,2.219,2.175
4844,2.234,2.175
4845,2.190,2.175
4846,2.160,2.180
4847,2.160,2.175
4848,2.224,2.180
4849,2.395,2.175
4850,2.634,2.175
4851,2.864,2.175
4852,2.996,2.180
4853,3.001,2.180
4854,2.893,2.180
4855,2.742,2.180
4856,2.561,2.180
4857,2.463,2.180
4858,2.375,2.180
4859,2.366,2.180
4860,2.414,2.180
4861,2.463,2.180
4862,2.424,2.180
4863,2.424,2.180
4864,2.385,2.180
4865,2.317,2.180
4866,2.263,2.180
4867,2.234,2.180
4868,2.209,2.180
4869,2.199,2.180
4870,2.195,2.180
4871,2.195,2.180
4872,2.273,2.180
4873,2.483,2.180
4874,2.732,2.180
4875,2.913,2.180
4876,2.962,2.180
4877,2.903,2.180
4878,2.771,2.180
4879,2.595,2.180
4880,2.468,2.185
4881,2.395,2.185
4882,2.366,2.185
4883,2.390,2.185
4884,2.449,2.185
4885,2.488,2.185
4886,2.454,2.185
4887,2.439,2.185
4888,2.366,2.185
4889,2.307,2.185
4890,2.273,2.185
4891,2.258,2.185
4892,2.224,2.185
4893,2.253,2.185
4894,2.341,2.185
4895,2.527,2.185
4896,2.752,2.185
4897,2.903,2.185
4898,3.006,2.185
4899,2.962,2.185
4900,2.849,2.185
4901,2.693,2.185
4902,2.517,2.185
4903,2.414,2.190
4904,2.346,2.185
4905,2.405,2.190
4906,2.463,2.190
4907,2.493,2.190
4908,2.507,2.190
4909,2.458,2.190
4910,2.405,2.190
4911,2.375,2.190
4912,2.326,2.190
4913,2.263,2.190
4914,2.224,2.190
4915,2.195,2.190
4916,2.278,2.190
4917,2.434,2.190
4918,2.683,2.190
4919,2.893,2.190
4920,3.025,2.190
4921,3.011,2.190
4922,2.923,2.190
4923,2.766,2.190
4924,2.605,2.190
4925,2.488,2.190
4926,2.439,2.190
4927,2.439,2.195
4928,2.468,2.190
4929,2.512,2.190
4930,2.512,2.190
4931,2.493,2.195
4932,2.434,2.190
4933,2.385,2.195
4934,2.361,2.195
4935,2.278,2.195
4936,2.248,2.195
4937,2.239,2.195
4938,2.248,2.195
4939,2.331,2.195
4940,2.551,2.195
4941,2.796,2.195
4942,2.981,2.195
4943,3.065,2.195
4944,3.016,2.195
4945,2.874,2.195
4946,2.717,2.195
4947,2.561,2.195
4948,2.454,2.195
4949,2.439,2.195
4950,2.449,2.195
4951,2.498,2.195
4952,2.537,2.195
4953,2.532,2.195
4954,2.493,2.199
4955,2.434,2.195
4956,2.351,2.195
4957,2.336,2.195
4958,2.302,2.195
4959,2.234,2.199
4960,2.278,2.199
4961,2.322,2.199
4962,2.502,2.199
4963,2.757,2.199
4964,2.981,2.199
4965,3.069,2.199
4966,3.084,2.199
4967,2.962,2.199
4968,2.796,2.199
4969,2.634,2.199
4970,2.483,2.199
4971,2.419,2.199
4972,2.444,2.199
4973,2.468,2.199
4974,2.527,2.199
4975,2.527,2.199
4976,2.493,2.199
4977,2.454,2.199
4978,2.390,2.199
4979,2.356,2.199
4980,2.317,2.199
4981,2.297,2.199
4982,2.258,2.199
4983,2.268,2.199
4984,2.341,2.199
4985,2.512,2.199
4986,2.766,2.199
4987,3.001,2.199
4988,3.118,2.199
4989,3.094,2.199
4990,2.952,2.199
4991,2.771,2.199
4992,2.620,2.199
4993,2.502,2.199
4994,2.449,2.199
4995,2.478,2.199
4996,2.537,2.199
4997,2.561,2.204
4998,2.532,2.199
4999,2.483,2.204
5000,2.449,2.204
5001,2.375,2.204
5002,2.336,2.204
5003,2.302,2.199
5004,2.268,2.204
5005,2.239,2.204
5006,2.234,2.204
5007,2.297,2.204
5008,2.444,2.204
5009,2.698,2.204
5010,2.942,2.204
5011,3.045,2.204
5012,3.060,2.204
5013,2.952,2.204
5014,2.766,2.204
5015,2.586,2.204
5016,2.449,2.204
5017,2.390,2.204
5018,2.361,2.204
5019,2.458,2.204
5020,2.512,2.204
5021,2.551,2.204
5022,2.522,2.204
5023,2.488,2.204
5024,2.429,2.204
5025,2.390,2.204
5026,2.317,2.204
5027,2.273,2.204
5028,2.263,2.204
5029,2.253,2.204
5030,2.292,2.204
5031,2.581,2.204
5032,2.849,2.204
5033,3.060,2.204
5034,3.133,2.204
5035,3.045,2.204
5036,2.903,2.204
5037,2.708,2.204
5038,2.542,2.204
5039,2.395,2.204
5040,2.463,2.204
5041,2.512,2.204
5042,2.527,2.204
5043,2.542,2.204
5044,2.551,2.204
5045,2.454,2.204
5046,2.410,2.204
5047,2.331,2.204
5048,2.268,2.204
5049,2.229,2.204
5050,2.199,2.204
5051,2.190,2.199
5052,2.209,2.204
5053,2.395,2.204
5054,2.659,2.204
5055,2.937,2.204
5056,3.123,2.204
5057,3.138,2.204
5058,3.050,2.204
5059,2.859,2.204
5060,2.669,2.204
5061,2.507,2.204
5062,2.419,2.204
5063,2.419,2.204
5064,2.463,2.204
5065,2.507,2.199
5066,2.556,2.204
5067,2.507,2.204
5068,2.414,2.204
5069,2.410,2.204
5070,2.322,2.204
5071,2.287,2.204
5072,2.263,2.204
5073,2.283,2.204
5074,2.258,2.204
5075,2.263,2.204
5076,2.458,2.204
5077,2.703,2.204
5078,2.981,2.204
5079,3.187,2.204
5080,3.255,2.204
5081,3.148,2.204
5082,3.021,2.204
5083,2.835,2.204
5084,2.634,2.204
5085,2.517,2.204
5086,2.502,2.204
5087,2.527,2.204
5088,2.542,2.204
5089,2.571,2.204
5090,2.590,2.204
5091,2.561,2.204
5092,2.468,2.204
5093,2.395,2.204
5094,2.297,2.204
5095,2.229,2.204
5096,2.185,2.204
5097,2.175,2.204
5098,2.234,2.204
5099,2.429,2.204
5100,2.708,2.204
5101,2.981,2.209
5102,3.148,2.209
5103,3.133,2.209
5104,2.991,2.209
5105,2.781,2.209
5106,2.576,2.209
5107,2.429,2.209
5108,2.361,2.209
5109,2.361,2.209
5110,2.405,2.209
5111,2.449,2.209
5112,2.473,2.209
5113,2.454,2.209
5114,2.366,2.209
5115,2.356,2.209
5116,2.292,2.209
5117,2.224,2.209
5118,2.175,2.209
5119,2.111,2.209
5120,2.116,2.209
5121,2.146,2.209
5122,2.199,2.209
5123,2.375,2.209
5124,2.639,2.209
5125,2.898,2.209
5126,3.065,2.209
5127,3.079,2.209
5128,2.981,2.214
5129,2.849,2.214
5130,2.649,2.214
5131,2.556,2.214
5132,2.493,2.214
5133,2.551,2.214
5134,2.605,2.214
5135,2.615,2.214
5136,2.615,2.214
5137,2.571,2.214
5138,2.483,2.214
5139,2.424,2.214
5140,2.380,2.214
5141,2.297,2.214
5142,2.268,2.214
5143,2.258,2.214
5144,2.356,2.214
5145,2.551,2.214
5146,2.801,2.214
5147,3.021,2.214
5148,3.089,2.214
5149,3.035,2.214
5150,2.869,2.214
5151,2.693,2.214
5152,2.502,2.214
5153,2.414,2.214
5154,2.351,2.214
5155,2.385,2.214
5156,2.444,2.214
5157,2.454,2.214
5158,2.478,2.214
5159,2.419,2.214
5160,2.380,2.214
5161,2.307,2.209
5162,2.278,2.214
5163,2.243,2.209
5164,2.219,2.214
5165,2.234,2.209
5166,2.312,2.209
5167,2.595,2.209
5168,2.854,2.209
5169,3.025,2.209
5170,3.050,2.209
5171,2.977,2.209
5172,2.796,2.209
5173,2.561,2.209
5174,2.449,2.209
5175,2.370,2.209
5176,2.346,2.209
5177,2.395,2.204
5178,2.449,2.209
5179,2.449,2.209
5180,2.414,2.204
5181,2.380,2.204
5182,2.317,2.204
5183,2.224,2.204
5184,2.214,2.204
5185,2.195,2.204
5186,2.111,2.204
5187,2.170,2.204
5188,2.224,2.204
5189,2.395,2.204
5190,2.713,2.204
5191,2.903,2.204
5192,2.972,2.204
5193,2.893,2.199
5194,2.757,2.204
5195,2.571,2.204
5196,2.405,2.204
5197,2.297,2.199
5198,2.239,2.199
5199,2.312,2.199
5200,2.380,2.199
5201,2.424,2.199
5202,2.400,2.199
5203,2.370,2.199
5204,2.302,2.199
5205,2.239,2.199
5206,2.204,2.199
5207,2.146,2.199
5208,2.146,2.199
5209,2.141,2.199
5210,2.180,2.199
5211,2.317,2.199
5212,2.546,2.199
5213,2.747,2.199
5214,2.903,2.199
5215,2.879,2.199
5216,2.742,2.199
5217,2.576,2.199
5218,2.405,2.199
5219,2.287,2.199
5220,2.229,2.199
5221,2.287,2.199
5222,2.370,2.199
5223,2.458,2.199
5224,2.502,2.199
5225,2.473,2.199
5226,2.449,2.199
5227,2.380,2.199
5228,2.331,2.199
5229,2.263,2.199
5230,2.209,2.199
5231,2.160,2.199
5232,2.199,2.199
5233,2.361,2.199
5234,2.566,2.199
5235,2.761,2.199
5236,2.879,2.199
5237,2.874,2.199
5238,2.761,2.204
5239,2.595,2.199
5240,2.439,2.204
5241,2.317,2.199
5242,2.253,2.204
5243,2.263,2.204
5244,2.326,2.204
5245,2.312,2.204
5246,2.317,2.204
5247,2.258,2.204
5248,2.234,2.204
5249,2.204,2.204
5250,2.175,2.204
5251,2.170,2.204
5252,2.121,2.204
5253,2.111,2.204
5254,2.155,2.204
5255,2.263,2.204
5256,2.522,2.204
5257,2.713,2.204
5258,2.810,2.204
5259,2.796,2.204
5260,2.727,2.204
5261,2.571,2.204
5262,2.419,2.209
5263,2.322,2.209
5264,2.278,2.209
5265,2.317,2.209
5266,2.361,2.209
5267,2.375,2.209
5268,2.395,2.209
5269,2.341,2.209
5270,2.322,2.209
5271,2.234,2.209
5272,2.229,2.209
5273,2.209,2.209
5274,2.180,2.209
5275,2.195,2.209
5276,2.278,2.209
5277,2.458,2.209
5278,2.659,2.209
5279,2.796,2.209
5280,2.805,2.209
5281,2.752,2.209
5282,2.615,2.209
5283,2.478,2.214
5284,2.356,2.214
5285,2.307,2.214
5286,2.351,2.214
5287,2.410,2.214
5288,2.434,2.214
5289,2.439,2.214
5290,2.410,2.214
5291,2.361,2.214
5292,2.292,2.214
5293,2.302,2.214
5294,2.302,2.214
5295,2.322,2.214
5296,2.473,2.214
5297,2.669,2.214
5298,2.854,2.214
5299,2.913,2.214
5300,2.884,2.219
5301,2.747,2.214
5302,2.586,2.219
5303,2.454,2.219
5304,2.375,2.219
5305,2.322,2.219
5306,2.375,2.219
5307,2.405,2.219
5308,2.444,2.219
5309,2.458,2.219
5310,2.439,2.219
5311,2.366,2.219
5312,2.375,2.219
5313,2.317,2.219
5314,2.278,2.219
5315,2.302,2.219
5316,2.429,2.219
5317,2.639,2.219
5318,2.854,2.219
5319,2.977,2.219
5320,2.977,2.219
5321,2.874,2.219
5322,2.747,2.219
5323,2.566,2.219
5324,2.468,2.219
5325,2.444,2.219
5326,2.454,2.219
5327,2.444,2.224
5328,2.502,2.219
5329,2.478,2.224
5330,2.439,2.224
5331,2.410,2.224
5332,2.375,2.224
5333,2.331,2.224
5334,2.287,2.224
5335,2.283,2.224
5336,2.370,2.224
5337,2.581,2.224
5338,2.820,2.224
5339,2.986,2.224
5340,3.045,2.224
5341,2.981,2.224
5342,2.849,2.224
5343,2.649,2.224
5344,2.493,2.224
5345,2.390,2.224
5346,2.395,2.224
5347,2.419,2.224
5348,2.405,2.224
5349,2.463,2.224
5350,2.468,2.224
5351,2.424,2.224
5352,2.414,2.224
5353,2.346,2.224
5354,2.283,2.224
5355,2.278,2.224
5356,2.312,2.224
5357,2.454,2.224
5358,2.708,2.224
5359,2.879,2.224
5360,2.942,2.224
5361,2.947,2.224
5362,2.830,2.224
5363,2.630,2.224
5364,2.527,2.224
5365,2.434,2.224
5366,2.414,2.224
5367,2.444,2.224
5368,2.488,2.224
5369,2.502,2.224
5370,2.512,2.224
5371,2.458,2.224
5372,2.429,2.224
5373,2.380,2.224
5374,2.312,2.224
5375,2.253,2.224
5376,2.292,2.224
5377,2.419,2.224
5378,2.634,2.224
5379,2.859,2.224
5380,3.016,2.224
5381,3.035,2.224
5382,2.923,2.224
5383,2.796,2.224
5384,2.625,2.224
5385,2.493,2.224
5386,2.458,2.224
5387,2.483,2.224
5388,2.507,2.224
5389,2.546,2.224
5390,2.556,2.224
5391,2.517,2.224
5392,2.458,2.224
5393,2.400,2.224
5394,2.361,2.224
5395,2.356,2.224
5396,2.429,2.224
5397,2.610,2.224
5398,2.854,2.224
5399,3.055,2.224
5400,3.109,2.229
5401,3.050,2.229
5402,2.913,2.224
5403,2.717,2.224
5404,2.542,2.224
5405,2.483,2.229
5406,2.463,2.229
5407,2.532,2.229
5408,2.556,2.229
5409,2.576,2.229
5410,2.542,2.229
5411,2.498,2.229
5412,2.444,2.229
5413,2.370,2.229
5414,2.312,2.229
5415,2.302,2.229
5416,2.390,2.229
5417,2.791,2.229
5418,3.001,2.229
5419,3.152,2.229
5420,3.123,2.229
5421,3.025,2.229
5422,2.835,2.229
5423,2.634,2.229
5424,2.502,2.229
5425,2.478,2.229
5426,2.502,2.229
5427,2.527,2.229
5428,2.537,2.229
5429,2.537,2.229
5430,2.502,2.229
5431,2.439,2.229
5432,2.370,2.229
5433,2.297,2.229
5434,2.268,2.229
5435,2.263,2.229
5436,2.283,2.229
5437,2.444,2.234
5438,2.776,2.229
5439,3.040,2.234
5440,3.192,2.234
5441,3.187,2.234
5442,3.089,2.234
5443,2.854,2.234
5444,2.654,2.234
5445,2.517,2.234
5446,2.444,2.234
5447,2.483,2.234
5448,2.542,2.234
5449,2.561,2.234
5450,2.566,2.234
5451,2.507,2.234
5452,2.458,2.234
5453,2.375,2.234
5454,2.326,2.234
5455,2.273,2.234
5456,2.224,2.234
5457,2.214,2.234
5458,2.229,2.234
5459,2.312,2.234
5460,2.571,2.234
5461,2.879,2.234
5462,3.109,2.234
5463,3.172,2.234
5464,3.128,2.239
5465,2.972,2.234
5466,2.781,2.239
5467,2.610,2.234
5468,2.502,2.239
5469,2.478,2.239
5470,2.537,2.234
5471,2.551,2.239
5472,2.566,2.239
5473,2.532,2.239
5474,2.473,2.239
5475,2.429,2.239
5476,2.351,2.239
5477,2.287,2.239
5478,2.258,2.239
5479,2.234,2.239
5480,2.185,2.239
5481,2.214,2.239
5482,2.258,2.239
5483,2.478,2.239
5484,2.771,2.239
5485,3.025,2.239
5486,3.172,2.239
5487,3.152,2.239
5488,3.006,2.239
5489,2.840,2.239
5490,2.713,2.239
5491,2.551,2.239
5492,2.444,2.239
5493,2.478,2.239
5494,2.507,2.239
5495,2.546,2.239
5496,2.527,2.243
5497,2.517,2.239
5498,2.439,2.243
5499,2.370,2.243
5500,2.322,2.243
5501,2.239,2.243
5502,2.219,2.243
5503,2.209,2.243
5504,2.199,2.243
5505,2.258,2.243
5506,2.424,2.243
5507,2.674,2.243
5508,2.928,2.243
5509,3.109,2.243
5510,3.118,2.243
5511,3.021,2.243
5512,2.845,2.243
5513,2.664,2.243
5514,2.512,2.243
5515,2.405,2.243
5516,2.390,2.243
5517,2.429,2.243
5518,2.434,2.243
5519,2.424,2.243
5520,2.410,2.243
5521,2.351,2.243
5522,2.283,2.243
5523,2.234,2.243
5524,2.204,2.248
5525,2.165,2.243
5526,2.141,2.248
5527,2.121,2.248
5528,2.121,2.243
5529,2.195,2.248
5530,2.380,2.248
5531,2.654,2.248
5532,2.903,2.248
5533,3.045,2.248
5534,3.050,2.248
5535,2.947,2.248
5536,2.835,2.248
5537,2.674,2.248
5538,2.556,2.248
5539,2.468,2.248
5540,2.512,2.248
5541,2.532,2.248
5542,2.532,2.248
5543,2.483,2.248
5544,2.419,2.248
5545,2.326,2.248
5546,2.263,2.248
5547,2.180,2.248
5548,2.146,2.248
5549,2.126,2.248
5550,2.141,2.248
5551,2.234,2.248
5552,2.410,2.248
5553,2.722,2.248
5554,2.928,2.248
5555,3.001,2.253
5556,2.937,2.253
5557,2.776,2.253
5558,2.581,2.253
5559,2.410,2.253
5560,2.317,2.253
5561,2.297,2.253
5562,2.322,2.253
5563,2.370,2.253
5564,2.414,2.253
5565,2.405,2.253
5566,2.375,2.253
5567,2.322,2.253
5568,2.283,2.253
5569,2.258,2.253
5570,2.209,2.253
5571,2.180,2.253
5572,2.155,2.253
5573,2.107,2.253
5574,2.151,2.253
5575,2.234,2.253
5576,2.483,2.253
5577,2.766,2.253
5578,2.986,2.253
5579,3.035,2.253
5580,3.001,2.253
5581,2.874,2.253
5582,2.693,2.253
5583,2.507,2.253
5584,2.356,2.253
5585,2.336,2.253
5586,2.336,2.253
5587,2.370,2.253
5588,2.375,2.253
5589,2.375,2.258
5590,2.346,2.253
5591,2.283,2.258
5592,2.239,2.258
5593,2.165,2.258
5594,2.146,2.258
5595,2.131,2.258
5596,2.077,2.258
5597,2.107,2.258
5598,2.146,2.258
5599,2.317,2.258
5600,2.512,2.258
5601,2.732,2.258
5602,2.810,2.258
5603,2.845,2.258
5604,2.761,2.258
5605,2.630,2.258
5606,2.468,2.258
5607,2.370,2.258
5608,2.312,2.258
5609,2.283,2.258
5610,2.326,2.258
5611,2.322,2.258
5612,2.346,2.258
5613,2.341,2.258
5614,2.273,2.258
5615,2.229,2.258
5616,2.199,2.258
5617,2.180,2.258
5618,2.151,2.258
5619,2.136,2.258
5620,2.185,2.258
5621,2.307,2.258
5622,2.498,2.258
5623,2.683,2.258
5624,2.849,2.258
5625,2.845,2.258
5626,2.747,2.258
5627,2.620,2.258
5628,2.454,2.258
5629,2.312,2.258
5630,2.273,2.258
5631,2.287,2.258
5632,2.322,2.263
5633,2.375,2.258
5634,2.385,2.263
5635,2.361,2.258
5636,2.312,2.263
5637,2.268,2.263
5638,2.219,2.258
5639,2.204,2.263
5640,2.180,2.258
5641,2.146,2.263
5642,2.297,2.263
5643,2.493,2.263
5644,2.683,2.263
5645,2.825,2.263
5646,2.840,2.263
5647,2.766,2.258
5648,2.669,2.263
5649,2.512,2.258
5650,2.395,2.263
5651,2.317,2.263
5652,2.283,2.263
5653,2.341,2.263
5654,2.390,2.263
5655,2.385,2.263
5656,2.390,2.263
5657,2.375,2.263
5658,2.317,2.263
5659,2.263,2.263
5660,2.239,2.263
5661,2.219,2.263
5662,2.243,2.263
5663,2.326,2.263
5664,2.502,2.263
5665,2.688,2.263
5666,2.840,2.263
5667,2.918,2.263
5668,2.835,2.263
5669,2.703,2.263
5670,2.576,2.263
5671,2.449,2.263
5672,2.405,2.263
5673,2.395,2.263
5674,2.434,2.263
5675,2.444,2.263
5676,2.454,2.263
5677,2.414,2.263
5678,2.395,2.263
5679,2.336,2.263
5680,2.312,2.263
5681,2.287,2.263
5682,2.273,2.263
5683,2.336,2.263
5684,2.468,2.263
5685,2.678,2.263
5686,2.859,2.263
5687,2.962,2.263
5688,2.937,2.263
5689,2.840,2.263
5690,2.732,2.268
5691,2.571,2.263
5692,2.483,2.268
5693,2.439,2.268
5694,2.400,2.263
5695,2.458,2.268
5696,2.493,2.263
5697,2.493,2.268
5698,2.463,2.268
5699,2.424,2.263
5700,2.356,2.268
5701,2.307,2.268
5702,2.302,2.268
5703,2.278,2.268
5704,2.361,2.268
5705,2.512,2.268
5706,2.752,2.268
5707,2.918,2.268
5708,2.996,2.268
5709,2.991,2.268
5710,2.893,2.268
5711,2.791,2.268
5712,2.630,2.268
5713,2.517,2.268
5714,2.473,2.268
5715,2.473,2.268
5716,2.512,2.268
5717,2.527,2.268
5718,2.522,2.268
5719,2.498,2.268
5720,2.463,2.268
5721,2.405,2.268
5722,2.366,2.268
5723,2.307,2.268
5724,2.278,2.268
5725,2.263,2.268
5726,2.312,2.268
5727,2.488,2.268
5728,2.825,2.268
5729,3.001,2.268
5730,3.104,2.268
5731,3.109,2.268
5732,3.021,2.268
5733,2.903,2.268
5734,2.742,2.268
5735,2.639,2.268
5736,2.586,2.268
5737,2.527,2.268
5738,2.605,2.268
5739,2.595,2.268
5740,2.595,2.268
5741,2.517,2.268
5742,2.522,2.268
5743,2.458,2.268
5744,2.414,2.268
5745,2.380,2.268
5746,2.361,2.268
5747,2.356,2.268
5748,2.356,2.268
5749,2.336,2.268
5750,2.346,2.268
5751,2.414,2.268
5752,2.634,2.268
5753,2.884,2.268
5754,3.104,2.268
5755,3.226,2.268
5756,3.231,2.268
5757,3.138,2.268
5758,3.011,2.268
5759,2.854,2.268
5760,2.693,2.268
5761,2.688,2.268
5762,2.669,2.268
5763,2.674,2.268
5764,2.654,2.268
5765,2.683,2.268
5766,2.610,2.268
5767,2.556,2.268
5768,2.483,2.268
5769,2.429,2.273
5770,2.351,2.268
5771,2.322,2.273
5772,2.297,2.273
5773,2.278,2.273
5774,2.268,2.273
5775,2.248,2.273
5776,2.253,2.273
5777,2.248,2.273
5778,2.307,2.273
5779,2.478,2.273
5780,2.761,2.273
5781,3.030,2.273
5782,3.201,2.273
5783,3.221,2.273
5784,3.128,2.273
5785,2.991,2.273
5786,2.801,2.273
5787,2.639,2.273
5788,2.532,2.273
5789,2.542,2.273
5790,2.576,2.273
5791,2.610,2.273
5792,2.630,2.273
5793,2.576,2.273
5794,2.458,2.273
5795,2.429,2.273
5796,2.361,2.273
5797,2.302,2.273
5798,2.292,2.273
5799,2.239,2.273
5800,2.273,2.278
5801,2.258,2.273
5802,2.239,2.273
5803,2.209,2.273
5804,2.209,2.273
5805,2.297,2.278
5806,2.517,2.273
5807,2.801,2.278
5808,3.069,2.278
5809,3.206,2.278
5810,3.192,2.278
5811,3.079,2.278
5812,2.903,2.278
5813,2.703,2.278
5814,2.566,2.278
5815,2.498,2.278
5816,2.498,2.278
5817,2.546,2.278
5818,2.571,2.278
5819,2.610,2.278
5820,2.566,2.278
5821,2.517,2.278
5822,2.454,2.278
5823,2.380,2.278
5824,2.331,2.278
5825,2.297,2.278
5826,2.253,2.278
5827,2.239,2.278
5828,2.239,2.278
5829,2.219,2.278
5830,2.209,2.278
5831,2.204,2.278
5832,2.283,2.278
5833,2.483,2.278
5834,2.786,2.278
5835,3.079,2.278
5836,3.216,2.278
5837,3.192,2.283
5838,3.040,2.278
5839,2.869,2.283
5840,2.713,2.283
5841,2.546,2.283
5842,2.434,2.283
5843,2.439,2.283
5844,2.498,2.283
5845,2.561,2.283
5846,2.581,2.283
5847,2.556,2.283
5848,2.507,2.283
5849,2.449,2.283
5850,2.380,2.283
5851,2.292,2.283
5852,2.297,2.283
5853,2.283,2.283
5854,2.239,2.283
5855,2.239,2.283
5856,2.219,2.283
5857,2.248,2.283
5858,2.361,2.283
5859,2.615,2.283
5860,2.928,2.283
5861,3.192,2.283
5862,3.280,2.283
5863,3.226,2.283
5864,3.099,2.287
5865,2.884,2.283
5866,2.703,2.283
5867,2.561,2.283
5868,2.473,2.287
5869,2.483,2.287
5870,2.439,2.283
5871,2.493,2.283
5872,2.454,2.287
5873,2.419,2.287
5874,2.366,2.283
5875,2.297,2.287
5876,2.263,2.283
5877,2.253,2.287
5878,2.229,2.287
5879,2.219,2.287
5880,2.214,2.287
5881,2.151,2.287
5882,2.195,2.287
5883,2.283,2.287
5884,2.522,2.287
5885,2.815,2.287
5886,3.060,2.287
5887,3.192,2.287
5888,3.162,2.287
5889,3.011,2.287
5890,2.810,2.287
5891,2.630,2.287
5892,2.463,2.287
5893,2.385,2.287
5894,2.405,2.287
5895,2.449,2.287
5896,2.454,2.287
5897,2.517,2.287
5898,2.556,2.287
5899,2.522,2.287
5900,2.444,2.287
5901,2.375,2.287
5902,2.273,2.287
5903,2.204,2.287
5904,2.151,2.287
5905,2.141,2.287
5906,2.131,2.287
5907,2.180,2.292
5908,2.331,2.287
5909,2.610,2.287
5910,2.918,2.292
5911,3.118,2.292
5912,3.231,2.292
5913,3.148,2.292
5914,2.957,2.292
5915,2.727,2.292
5916,2.512,2.292
5917,2.380,2.292
5918,2.351,2.292
5919,2.385,2.292
5920,2.434,2.292
5921,2.468,2.292
5922,2.483,2.292
5923,2.444,2.292
5924,2.410,2.292
5925,2.346,2.292
5926,2.292,2.292
5927,2.268,2.292
5928,2.224,2.292
5929,2.195,2.292
5930,2.199,2.292
5931,2.317,2.292
5932,2.566,2.292
5933,2.859,2.292
5934,3.074,2.292
5935,3.148,2.292
5936,3.079,2.292
5937,2.913,2.292
5938,2.664,2.292
5939,2.512,2.292
5940,2.385,2.292
5941,2.341,2.292
5942,2.385,2.292
5943,2.458,2.292
5944,2.502,2.292
5945,2.478,2.292
5946,2.449,2.292
5947,2.390,2.292
5948,2.336,2.292
5949,2.283,2.292
5950,2.204,2.292
5951,2.175,2.292
5952,2.170,2.292
5953,2.204,2.292
5954,2.307,2.292
5955,2.581,2.292
5956,2.864,2.292
5957,3.030,2.297
5958,3.065,2.297
5959,2.981,2.297
5960,2.781,2.297
5961,2.595,2.297
5962,2.424,2.297
5963,2.302,2.297
5964,2.258,2.297
5965,2.326,2.297
5966,2.380,2.297
5967,2.419,2.297
5968,2.400,2.297
5969,2.380,2.297
5970,2.292,2.297
5971,2.229,2.297
5972,2.239,2.297
5973,2.175,2.297
5974,2.160,2.297
5975,2.199,2.297
5976,2.317,2.297
5977,2.532,2.297
5978,2.766,2.297
5979,2.913,2.297
5980,2.947,2.297
5981,2.879,2.297
5982,2.717,2.297
5983,2.537,2.297
5984,2.366,2.297
5985,2.268,2.297
5986,2.258,2.297
5987,2.287,2.297
5988,2.322,2.297
5989,2.375,2.297
5990,2.385,2.297
5991,2.331,2.297
5992,2.312,2.297
5993,2.248,2.297
5994,2.199,2.297
5995,2.185,2.297
5996,2.165,2.297
5997,2.180,2.297
5998,2.307,2.297
5999,2.517,2.297
6000,2.752,2.297
6001,2.913,2.297
6002,2.923,2.297
6003,2.810,2.297
6004,2.649,2.297
6005,2.473,2.297
6006,2.317,2.297
6007,2.239,2.297
6008,2.248,2.297
6009,2.302,2.297
6010,2.361,2.297
6011,2.385,2.297
6012,2.390,2.297
6013,2.322,2.297
6014,2.336,2.297
6015,2.322,2.297
6016,2.297,2.297
6017,2.263,2.292
6018,2.268,2.297
6019,2.331,2.292
6020,2.502,2.292
6021,2.732,2.297
6022,2.908,2.297
6023,2.957,2.292
6024,2.903,2.292
6025,2.757,2.292
6026,2.576,2.292
6027,2.390,2.292
6028,2.287,2.292
6029,2.263,2.292
6030,2.273,2.292
6031,2.326,2.292
6032,2.307,2.292
6033,2.375,2.292
6034,2.370,2.292
6035,2.322,2.292
6036,2.268,2.292
6037,2.229,2.292
6038,2.180,2.292
6039,2.151,2.292
6040,2.116,2.292
6041,2.170,2.292
6042,2.346,2.292
6043,2.581,2.292
6044,2.810,2.292
6045,2.908,2.292
6046,2.854,2.292
6047,2.703,2.292
6048,2.512,2.292
6049,2.366,2.292
6050,2.273,2.292
6051,2.258,2.292
6052,2.292,2.292
6053,2.336,2.297
6054,2.375,2.292
6055,2.400,2.297
6056,2.336,2.292
6057,2.292,2.292
6058,2.248,2.292
6059,2.219,2.292
6060,2.190,2.297
6061,2.155,2.292
6062,2.175,2.297
6063,2.312,2.297
6064,2.512,2.297
6065,2.693,2.297
6066,2.854,2.297
6067,2.893,2.297
6068,2.810,2.297
6069,2.644,2.297
6070,2.478,2.297
6071,2.312,2.297
6072,2.278,2.297
6073,2.263,2.297
6074,2.317,2.297
6075,2.336,2.297
6076,2.370,2.297
6077,2.375,2.297
6078,2.351,2.297
6079,2.312,2.297
6080,2.268,2.297
6081,2.234,2.297
6082,2.190,2.297
6083,2.170,2.297
6084,2.175,2.297
6085,2.307,2.297
6086,2.498,2.297
6087,2.742,2.297
6088,2.864,2.297
6089,2.889,2.297
6090,2.801,2.297
6091,2.639,2.297
6092,2.454,2.302
6093,2.341,2.302
6094,2.258,2.302
6095,2.287,2.302
6096,2.361,2.302
6097,2.414,2.302
6098,2.405,2.302
6099,2.385,2.302
6100,2.331,2.302
6101,2.278,2.302
6102,2.253,2.302
6103,2.224,2.302
6104,2.199,2.302
6105,2.199,2.302
6106,2.224,2.302
6107,2.341,2.302
6108,2.542,2.302
6109,2.766,2.302
6110,2.898,2.302
6111,2.908,2.302
6112,2.791,2.302
6113,2.634,2.302
6114,2.463,2.302
6115,2.356,2.302
6116,2.297,2.302
6117,2.283,2.302
6118,2.361,2.302
6119,2.370,2.302
6120,2.414,2.302
6121,2.390,2.302
6122,2.356,2.307
6123,2.312,2.302
6124,2.263,2.302
6125,2.234,2.307
6126,2.214,2.307
6127,2.199,2.307
6128,2.209,2.307
6129,2.273,2.307
6130,2.444,2.307
6131,2.678,2.307
6132,2.884,2.307
6133,2.952,2.307
6134,2.933,2.307
6135,2.810,2.307
6136,2.659,2.307
6137,2.522,2.307
6138,2.424,2.307
6139,2.390,2.307
6140,2.419,2.307
6141,2.473,2.307
6142,2.502,2.307
6143,2.507,2.307
6144,2.478,2.307
6145,2.424,2.307
6146,2.336,2.307
6147,2.331,2.307
6148,2.292,2.307
6149,2.263,2.307
6150,2.258,2.307
6151,2.243,2.312
6152,2.307,2.307
6153,2.493,2.312
6154,2.776,2.307
6155,3.006,2.307
6156,3.148,2.307
6157,3.118,2.312
6158,3.006,2.312
6159,2.840,2.312
6160,2.659,2.312
6161,2.522,2.312
6162,2.468,2.312
6163,2.454,2.312
6164,2.537,2.312
6165,2.542,2.312
6166,2.532,2.312
6167,2.502,2.312
6168,2.444,2.312
6169,2.380,2.312
6170,2.326,2.312
6171,2.297,2.312
6172,2.258,2.312
6173,2.214,2.312
6174,2.195,2.312
6175,2.268,2.312
6176,2.390,2.312
6177,2.634,2.312
6178,2.903,2.312
6179,3.065,2.312
6180,3.099,2.312
6181,3.006,2.312
6182,2.830,2.312
6183,2.639,2.312
6184,2.517,2.312
6185,2.424,2.312
6186,2.424,2.312
6187,2.478,2.312
6188,2.527,2.312
6189,2.556,2.312
6190,2.502,2.312
6191,2.439,2.312
6192,2.390,2.317
6193,2.361,2.312
6194,2.312,2.317
6195,2.292,2.312
6196,2.278,2.317
6197,2.243,2.317
6198,2.263,2.317
6199,2.229,2.317
6200,2.234,2.317
6201,2.287,2.317
6202,2.473,2.317
6203,2.747,2.317
6204,2.991,2.317
6205,3.133,2.317
6206,3.123,2.317
6207,3.016,2.317
6208,2.835,2.317
6209,2.644,2.317
6210,2.512,2.317
6211,2.449,2.317
6212,2.493,2.317
6213,2.551,2.317
6214,2.590,2.317
6215,2.590,2.317
6216,2.551,2.317
6217,2.478,2.317
6218,2.429,2.317
6219,2.361,2.317
6220,2.312,2.317
6221,2.297,2.317
6222,2.273,2.317
6223,2.258,2.317
6224,2.239,2.317
6225,2.307,2.317
6226,2.488,2.317
6227,2.776,2.317
6228,3.030,2.317
6229,3.177,2.317
6230,3.148,2.317
6231,3.035,2.317
6232,2.835,2.317
6233,2.649,2.317
6234,2.488,2.317
6235,2.449,2.317
6236,2.473,2.317
6237,2.512,2.317
6238,2.527,2.317
6239,2.546,2.317
6240,2.512,2.317
6241,2.454,2.317
6242,2.395,2.317
6243,2.341,2.317
6244,2.287,2.317
6245,2.263,2.317
6246,2.224,2.317
6247,2.204,2.322
6248,2.204,2.317
6249,2.185,2.317
6250,2.199,2.322
6251,2.273,2.322
6252,2.444,2.317
6253,2.752,2.322
6254,3.060,2.322
6255,3.216,2.322
6256,3.231,2.322
6257,3.118,2.322
6258,2.947,2.322
6259,2.766,2.322
6260,2.615,2.322
6261,2.517,2.322
6262,2.522,2.322
6263,2.561,2.322
6264,2.595,2.322
6265,2.600,2.322
6266,2.551,2.322
6267,2.498,2.322
6268,2.424,2.322
6269,2.385,2.322
6270,2.312,2.322
6271,2.263,2.322
6272,2.234,2.322
6273,2.209,2.322
6274,2.170,2.322
6275,2.165,2.322
6276,2.175,2.322
6277,2.170,2.322
6278,2.273,2.322
6279,2.458,2.322
6280,2.781,2.322
6281,3.050,2.322
6282,3.196,2.322
6283,3.182,2.322
6284,3.030,2.322
6285,2.874,2.322
6286,2.688,2.322
6287,2.542,2.322
6288,2.488,2.322
6289,2.522,2.322
6290,2.571,2.322
6291,2.639,2.322
6292,2.654,2.322
6293,2.590,2.322
6294,2.542,2.322
6295,2.468,2.322
6296,2.361,2.326
6297,2.346,2.326
6298,2.278,2.326
6299,2.248,2.326
6300,2.224,2.326
6301,2.229,2.326
6302,2.243,2.326
6303,2.331,2.326
6304,2.551,2.326
6305,2.854,2.326
6306,3.133,2.326
6307,3.250,2.326
6308,3.231,2.326
6309,3.084,2.326
6310,2.879,2.326
6311,2.688,2.326
6312,2.522,2.326
6313,2.444,2.326
6314,2.434,2.326
6315,2.478,2.326
6316,2.517,2.326
6317,2.517,2.326
6318,2.488,2.326
6319,2.444,2.326
6320,2.385,2.326
6321,2.317,2.326
6322,2.268,2.326
6323,2.234,2.326
6324,2.190,2.326
6325,2.175,2.326
6326,2.146,2.326
6327,2.111,2.326
6328,2.116,2.326
6329,2.155,2.326
6330,2.317,2.326
6331,2.581,2.326
6332,2.889,2.326
6333,3.104,2.326
6334,3.177,2.326
6335,3.089,2.326
6336,2.928,2.326
6337,2.713,2.326
6338,2.566,2.326
6339,2.429,2.326
6340,2.405,2.326
6341,2.434,2.331
6342,2.458,2.326
6343,2.493,2.326
6344,2.493,2.331
6345,2.444,2.331
6346,2.395,2.331
6347,2.326,2.326
6348,2.243,2.331
6349,2.204,2.326
6350,2.160,2.326
6351,2.155,2.331
6352,2.141,2.331
6353,2.116,2.331
6354,2.102,2.331
6355,2.126,2.331
6356,2.268,2.331
6357,2.532,2.331
6358,2.830,2.331
6359,3.055,2.331
6360,3.094,2.331
6361,3.006,2.331
6362,2.835,2.331
6363,2.615,2.331
6364,2.449,2.331
6365,2.351,2.331
6366,2.317,2.331
6367,2.346,2.331
6368,2.395,2.331
6369,2.439,2.331
6370,2.439,2.331
6371,2.390,2.331
6372,2.366,2.331
6373,2.302,2.331
6374,2.263,2.331
6375,2.229,2.331
6376,2.190,2.331
6377,2.160,2.331
6378,2.146,2.331
6379,2.199,2.331
6380,2.370,2.331
6381,2.630,2.331
6382,2.908,2.331
6383,3.021,2.331
6384,2.962,2.331
6385,2.840,2.331
6386,2.634,2.331
6387,2.444,2.331
6388,2.297,2.331
6389,2.253,2.331
6390,2.302,2.331
6391,2.351,2.331
6392,2.380,2.331
6393,2.410,2.331
6394,2.375,2.331
6395,2.336,2.331
6396,2.312,2.331
6397,2.263,2.331
6398,2.209,2.331
6399,2.175,2.331
6400,2.146,2.336
6401,2.165,2.331
6402,2.195,2.336
6403,2.356,2.331
6404,2.605,2.331
6405,2.830,2.336
6406,2.972,2.331
6407,2.977,2.336
6408,2.874,2.331
6409,2.713,2.336
6410,2.488,2.331
6411,2.356,2.336
6412,2.297,2.331
6413,2.331,2.336
6414,2.375,2.336
6415,2.439,2.331
6416,2.439,2.336
6417,2.439,2.331
6418,2.385,2.336
6419,2.326,2.336
6420,2.268,2.336
6421,2.243,2.336
6422,2.195,2.336
6423,2.165,2.336
6424,2.214,2.336
6425,2.370,2.336
6426,2.590,2.336
6427,2.830,2.336
6428,2.986,2.336
6429,2.957,2.331
6430,2.854,2.336
6431,2.649,2.336
6432,2.522,2.336
6433,2.395,2.336
6434,2.307,2.336
6435,2.346,2.336
6436,2.419,2.331
6437,2.473,2.336
6438,2.527,2.331
6439,2.537,2.336
6440,2.483,2.331
6441,2.405,2.336
6442,2.322,2.336
6443,2.273,2.336
6444,2.214,2.336
6445,2.219,2.331
6446,2.268,2.336
6447,2.454,2.331
6448,2.703,2.331
6449,2.913,2.331
6450,3.021,2.331
6451,2.996,2.331
6452,2.864,2.331
6453,2.688,2.331
6454,2.532,2.331
6455,2.414,2.331
6456,2.375,2.331
6457,2.405,2.331
6458,2.454,2.326
6459,2.493,2.326
6460,2.483,2.326
6461,2.468,2.326
6462,2.390,2.326
6463,2.346,2.326
6464,2.317,2.326
6465,2.258,2.326
6466,2.243,2.322
6467,2.239,2.322
6468,2.312,2.322
6469,2.542,2.322
6470,2.805,2.322
6471,3.006,2.322
6472,3.074,2.317
6473,3.030,2.317
6474,2.849,2.317
6475,2.693,2.317
6476,2.512,2.317
6477,2.429,2.312
6478,2.405,2.317
6479,2.429,2.312
6480,2.473,2.312
6481,2.517,2.312
6482,2.488,2.312
6483,2.458,2.312
6484,2.400,2.307
6485,2.346,2.307
6486,2.292,2.307
6487,2.234,2.307
6488,2.209,2.307
6489,2.219,2.307
6490,2.322,2.302
6491,2.522,2.302
6492,2.815,2.302
6493,3.030,2.302
6494,3.157,2.302
6495,3.099,2.302
6496,2.957,2.302
6497,2.737,2.297
6498,2.561,2.297
6499,2.444,2.297
6500,2.419,2.297
6501,2.463,2.297
6502,2.493,2.297
6503,2.498,2.297
6504,2.478,2.292
6505,2.429,2.292
6506,2.370,2.292
6507,2.331,2.292
6508,2.297,2.292
6509,2.253,2.292
6510,2.229,2.292
6511,2.204,2.292
6512,2.273,2.292
6513,2.488,2.292
6514,2.766,2.292
6515,2.991,2.292
6516,3.143,2.292
6517,3.133,2.292
6518,2.991,2.292
6519,2.815,2.292
6520,2.639,2.287
6521,2.498,2.287
6522,2.449,2.292
6523,2.454,2.287
6524,2.498,2.287
6525,2.517,2.287
6526,2.473,2.287
6527,2.434,2.287
6528,2.385,2.287
6529,2.312,2.287
6530,2.283,2.287
6531,2.248,2.287
6532,2.219,2.287
6533,2.195,2.287
6534,2.224,2.287
6535,2.351,2.287
6536,2.595,2.287
6537,2.884,2.287
6538,3.079,2.287
6539,3.128,2.287
6540,3.065,2.287
6541,2.928,2.287
6542,2.713,2.287
6543,2.571,2.287
6544,2.439,2.292
6545,2.400,2.287
6546,2.419,2.292
6547,2.454,2.292
6548,2.498,2.292
6549,2.483,2.292
6550,2.390,2.292
6551,2.283,2.292
6552,2.190,2.292
6553,2.131,2.292
6554,2.107,2.292
6555,2.107,2.292
6556,2.107,2.292
6557,2.185,2.292
6558,2.375,2.292
6559,2.674,2.292
6560,3.143,2.292
6561,3.055,2.292
6562,2.933,2.292
6563,2.742,2.292
6564,2.532,2.292
6565,2.429,2.297
6566,2.375,2.297
6567,2.414,2.297
6568,2.449,2.297
6569,2.468,2.297
6570,2.366,2.297
6571,2.297,2.297
6572,2.214,2.297
6573,2.146,2.297
6574,2.151,2.297
6575,2.131,2.297
6576,2.126,2.297
6577,2.116,2.297
6578,2.336,2.302
6579,2.571,2.297
6580,2.854,2.302
6581,3.065,2.297
6582,3.065,2.302
6583,2.986,2.302
6584,2.801,2.302
6585,2.659,2.302
6586,2.395,2.302
6587,2.375,2.302
6588,2.400,2.302
6589,2.410,2.302
6590,2.414,2.302
6591,2.414,2.302
6592,2.331,2.302
6593,2.297,2.302
6594,2.234,2.302
6595,2.151,2.302
6596,2.151,2.302
6597,2.116,2.302
6598,2.102,2.302
6599,2.209,2.307
6600,2.424,2.302
6601,2.722,2.307
6602,2.952,2.302
6603,3.035,2.307
6604,2.874,2.307
6605,2.703,2.302
6606,2.527,2.307
6607,2.405,2.307
6608,2.385,2.307
6609,2.405,2.307
6610,2.439,2.307
6611,2.414,2.307
6612,2.405,2.307
6613,2.283,2.307
6614,2.239,2.307
6615,2.175,2.307
6616,2.146,2.307
6617,2.107,2.307
6618,2.107,2.307
6619,2.102,2.307
6620,2.092,2.307
6621,2.146,2.307
6622,2.644,2.307
6623,2.864,2.307
6624,3.011,2.307
6625,3.016,2.307
6626,2.928,2.307
6627,2.771,2.312
6628,2.615,2.307
6629,2.473,2.312
6630,2.410,2.312
6631,2.454,2.312
6632,2.463,2.312
6633,2.434,2.312
6634,2.405,2.312
6635,2.346,2.312
6636,2.297,2.312
6637,2.190,2.312
6638,2.165,2.312
6639,2.136,2.312
6640,2.111,2.312
6641,2.111,2.312
6642,2.214,2.312
6643,2.405,2.312
6644,2.649,2.312
6645,2.879,2.312
6646,2.972,2.312
6647,2.923,2.312
6648,2.654,2.312
6649,2.522,2.312
6650,2.439,2.312
6651,2.419,2.312
6652,2.424,2.312
6653,2.458,2.317
6654,2.473,2.312
6655,2.458,2.317
6656,2.419,2.317
6657,2.263,2.317
6658,2.209,2.317
6659,2.165,2.317
6660,2.155,2.317
6661,2.160,2.317
6662,2.234,2.317
6663,2.439,2.317
6664,2.678,2.317
6665,2.879,2.317
6666,2.893,2.317
6667,2.713,2.317
6668,2.566,2.317
6669,2.414,2.317
6670,2.326,2.317
6671,2.336,2.317
6672,2.385,2.317
6673,2.424,2.317
6674,2.439,2.317
6675,2.395,2.322
6676,2.331,2.317
6677,2.278,2.322
6678,2.224,2.317
6679,2.180,2.317
6680,2.155,2.317
6681,2.155,2.317
6682,2.175,2.322
6683,2.312,2.322
6684,2.864,2.317
6685,2.977,2.317
6686,2.986,2.322
6687,2.874,2.322
6688,2.737,2.322
6689,2.571,2.322
6690,2.449,2.322
6691,2.390,2.322
6692,2.400,2.317
6693,2.488,2.322
6694,2.458,2.322
6695,2.439,2.322
6696,2.400,2.322
6697,2.307,2.322
6698,2.273,2.322
6699,2.219,2.322
6700,2.199,2.322
6701,2.199,2.322
6702,2.219,2.322
6703,2.312,2.322
6704,2.493,2.322
6705,2.727,2.326
6706,2.884,2.322
6707,2.957,2.322
6708,2.874,2.322
6709,2.766,2.322
6710,2.449,2.326
6711,2.385,2.322
6712,2.370,2.326
6713,2.419,2.322
6714,2.454,2.322
6715,2.483,2.326
6716,2.473,2.322
6717,2.468,2.326
6718,2.429,2.322
6719,2.326,2.326
6720,2.268,2.326
6721,2.234,2.322
6722,2.234,2.326
6723,2.331,2.326
6724,2.546,2.326
6725,2.757,2.326
6726,2.918,2.326
6727,2.947,2.326
6728,2.664,2.326
6729,2.532,2.326
6730,2.414,2.326
6731,2.375,2.326
6732,2.395,2.326
6733,2.434,2.326
6734,2.483,2.326
6735,2.488,2.326
6736,2.458,2.326
6737,2.366,2.326
6738,2.297,2.326
6739,2.248,2.326
6740,2.219,2.326
6741,2.209,2.326
6742,2.243,2.326
6743,2.356,2.326
6744,2.581,2.326
6745,2.820,2.326
6746,3.040,2.326
6747,2.928,2.326
6748,2.781,2.326
6749,2.590,2.326
6750,2.498,2.331
6751,2.454,2.326
6752,2.444,2.331
6753,2.507,2.331
6754,2.542,2.326
6755,2.522,2.331
6756,2.473,2.326
6757,2.405,2.331
6758,2.366,2.326
6759,2.322,2.331
6760,2.287,2.331
6761,2.273,2.331
6762,2.302,2.331
6763,2.502,2.331
6764,2.761,2.331
6765,2.952,2.331
6766,3.040,2.331
6767,3.011,2.331
6768,2.874,2.331
6769,2.752,2.331
6770,2.605,2.331
6771,2.507,2.331
6772,2.581,2.331
6773,2.532,2.331
6774,2.463,2.331
6775,2.439,2.331
6776,2.395,2.331
6777,2.366,2.331
6778,2.346,2.331
6779,2.405,2.331
6780,2.561,2.331
6781,2.786,2.331
6782,3.040,2.331
6783,3.162,2.331
6784,3.152,2.331
6785,3.030,2.331
6786,2.889,2.331
6787,2.703,2.331
6788,2.576,2.331
6789,2.551,2.331
6790,2.571,2.331
6791,2.610,2.331
6792,2.634,2.331
6793,2.615,2.331
6794,2.586,2.331
6795,2.527,2.331
6796,2.463,2.331
6797,2.414,2.331
6798,2.351,2.331
6799,2.297,2.331
6800,2.278,2.331
6801,2.331,2.331
6802,2.566,2.331
6803,2.864,2.331
6804,3.099,2.326
6805,3.211,2.331
6806,3.240,2.326
6807,3.138,2.326
6808,2.967,2.326
6809,2.830,2.326
6810,2.683,2.331
6811,2.600,2.331
6812,2.586,2.331
6813,2.615,2.326
6814,2.649,2.331
6815,2.664,2.331
6816,2.630,2.331
6817,2.566,2.331
6818,2.493,2.331
6819,2.444,2.331
6820,2.395,2.326
6821,2.380,2.331
6822,2.336,2.331
6823,2.302,2.326
6824,2.385,2.331
6825,2.590,2.326
6826,2.864,2.331
6827,3.113,2.331
6828,3.245,2.331
6829,3.231,2.331
6830,3.113,2.331
6831,2.947,2.331
6832,2.766,2.331
6833,2.630,2.331
6834,2.590,2.331
6835,2.605,2.331
6836,2.659,2.331
6837,2.654,2.331
6838,2.610,2.331
6839,2.561,2.331
6840,2.532,2.331
6841,2.458,2.331
6842,2.419,2.331
6843,2.366,2.331
6844,2.326,2.331
6845,2.307,2.331
6846,2.331,2.331
6847,2.473,2.331
6848,2.766,2.331
6849,3.055,2.331
6850,3.236,2.331
6851,3.260,2.331
6852,3.182,2.331
6853,2.981,2.331
6854,2.796,2.331
6855,2.620,2.331
6856,2.546,2.331
6857,2.532,2.331
6858,2.561,2.331
6859,2.610,2.331
6860,2.620,2.331
6861,2.571,2.336
6862,2.493,2.331
6863,2.419,2.336
6864,2.361,2.336
6865,2.312,2.336
6866,2.258,2.336
6867,2.229,2.336
6868,2.219,2.336
6869,2.278,2.336
6870,2.493,2.336
6871,2.820,2.336
6872,3.104,2.336
6873,3.265,2.336
6874,3.299,2.336
6875,3.196,2.336
6876,3.016,2.336
6877,2.815,2.336
6878,2.659,2.336
6879,2.537,2.336
6880,2.542,2.336
6881,2.561,2.336
6882,2.542,2.336
6883,2.556,2.336
6884,2.546,2.336
6885,2.458,2.336
6886,2.385,2.336
6887,2.302,2.336
6888,2.229,2.336
6889,2.224,2.336
6890,2.214,2.336
6891,2.209,2.336
6892,2.165,2.336
6893,2.175,2.336
6894,2.366,2.336
6895,2.693,2.336
6896,3.001,2.336
6897,3.187,2.336
6898,3.206,2.336
6899,3.094,2.336
6900,2.972,2.336
6901,2.771,2.341
6902,2.595,2.336
6903,2.473,2.341
6904,2.439,2.336
6905,2.429,2.341
6906,2.449,2.341
6907,2.434,2.341
6908,2.405,2.341
6909,2.366,2.341
6910,2.302,2.341
6911,2.229,2.341
6912,2.199,2.341
6913,2.151,2.341
6914,2.131,2.336
6915,2.102,2.341
6916,2.072,2.336
6917,2.126,2.341
6918,2.273,2.336
6919,2.527,2.341
6920,2.805,2.341
6921,3.030,2.341
6922,3.094,2.341
6923,3.011,2.341
6924,2.854,2.341
6925,2.678,2.341
6926,2.502,2.341
6927,2.385,2.341
6928,2.356,2.341
6929,2.380,2.341
6930,2.410,2.341
6931,2.419,2.341
6932,2.361,2.341
6933,2.292,2.346
6934,2.209,2.341
6935,2.214,2.346
6936,2.170,2.341
6937,2.121,2.341
6938,2.092,2.341
6939,2.053,2.341
6940,2.107,2.346
6941,2.253,2.341
6942,2.542,2.346
6943,2.801,2.341
6944,3.001,2.346
6945,3.065,2.346
6946,2.991,2.341
6947,2.845,2.346
6948,2.659,2.341
6949,2.488,2.346
6950,2.351,2.341
6951,2.302,2.346
6952,2.312,2.341
6953,2.322,2.346
6954,2.302,2.346
6955,2.302,2.346
6956,2.273,2.346
6957,2.229,2.346
6958,2.180,2.346
6959,2.141,2.346
6960,2.087,2.346
6961,2.028,2.346
6962,2.004,2.346
6963,1.999,2.346
6964,2.019,2.346
6965,2.063,2.346
6966,2.219,2.346
6967,2.493,2.346
6968,2.747,2.346
6969,2.874,2.346
6970,2.879,2.346
6971,2.796,2.346
6972,2.639,2.351
6973,2.458,2.346
6974,2.331,2.351
6975,2.273,2.346
6976,2.248,2.346
6977,2.278,2.346
6978,2.307,2.346
6979,2.268,2.346
6980,2.268,2.351
6981,2.214,2.351
6982,2.151,2.346
6983,2.097,2.351
6984,2.067,2.346
6985,2.058,2.351
6986,2.048,2.346
6987,2.028,2.351
6988,2.038,2.351
6989,2.014,2.346
6990,2.175,2.351
6991,2.385,2.346
6992,2.581,2.351
6993,2.703,2.351
6994,2.747,2.351
6995,2.693,2.351
6996,2.605,2.351
6997,2.473,2.351
6998,2.375,2.351
6999,2.287,2.351
7000,2.258,2.351
7001,2.297,2.351
7002,2.302,2.351
7003,2.312,2.351
7004,2.287,2.351
7005,2.243,2.351
7006,2.199,2.351
7007,2.170,2.351
7008,2.121,2.351
7009,2.077,2.351
7010,2.063,2.351
7011,2.043,2.351
7012,2.072,2.351
7013,2.175,2.351
7014,2.336,2.351
7015,2.527,2.356
7016,2.659,2.351
7017,2.703,2.356
7018,2.644,2.351
7019,2.586,2.351
7020,2.473,2.351
7021,2.366,2.351
7022,2.268,2.356
7023,2.263,2.351
7024,2.292,2.356
7025,2.322,2.351
7026,2.307,2.356
7027,2.292,2.351
7028,2.268,2.351
7029,2.209,2.356
7030,2.160,2.351
7031,2.131,2.356
7032,2.126,2.351
7033,2.097,2.356
7034,2.097,2.351
7035,2.077,2.356
7036,2.092,2.351
7037,2.195,2.356
7038,2.351,2.356
7039,2.498,2.356
7040,2.659,2.356
7041,2.693,2.351
7042,2.625,2.356
7043,2.566,2.351
7044,2.458,2.356
7045,2.380,2.356
7046,2.331,2.356
7047,2.292,2.356
7048,2.312,2.356
7049,2.336,2.356
7050,2.341,2.356
7051,2.317,2.356
7052,2.297,2.356
7053,2.263,2.356
7054,2.239,2.356
7055,2.185,2.356
7056,2.155,2.356
7057,2.141,2.356
7058,2.131,2.356
7059,2.131,2.356
7060,2.165,2.356
7061,2.283,2.356
7062,2.434,2.356
7063,2.595,2.356
7064,2.703,2.356
7065,2.727,2.356
7066,2.683,2.356
7067,2.615,2.356
7068,2.493,2.361
7069,2.419,2.356
7070,2.370,2.356
7071,2.366,2.356
7072,2.400,2.356
7073,2.395,2.356
7074,2.405,2.356
7075,2.361,2.361
7076,2.336,2.356
7077,2.283,2.361
7078,2.283,2.356
7079,2.239,2.356
7080,2.199,2.361
7081,2.209,2.356
7082,2.190,2.361
7083,2.195,2.356
7084,2.263,2.361
7085,2.424,2.356
7086,2.571,2.356
7087,2.737,2.356
7088,2.786,2.356
7089,2.761,2.361
7090,2.693,2.356
7091,2.571,2.361
7092,2.424,2.356
7093,2.385,2.361
7094,2.385,2.356
7095,2.414,2.361
7096,2.444,2.356
7097,2.473,2.356
7098,2.473,2.361
7099,2.434,2.356
7100,2.395,2.361
7101,2.380,2.361
7102,2.326,2.361
7103,2.312,2.361
7104,2.273,2.361
7105,2.253,2.361
7106,2.239,2.361
7107,2.258,2.361
7108,2.375,2.361
7109,2.571,2.361
7110,2.742,2.361
7111,2.884,2.361
7112,2.903,2.361
7113,2.874,2.361
7114,2.766,2.361
7115,2.664,2.361
7116,2.546,2.361
7117,2.507,2.361
7118,2.483,2.361
7119,2.512,2.361
7120,2.537,2.361
7121,2.546,2.361
7122,2.527,2.361
7123,2.502,2.361
7124,2.458,2.361
7125,2.434,2.361
7126,2.385,2.361
7127,2.336,2.361
7128,2.297,2.361
7129,2.317,2.361
7130,2.326,2.361
7131,2.375,2.361
7132,2.532,2.361
7133,2.757,2.361
7134,2.933,2.361
7135,3.040,2.361
7136,3.016,2.361
7137,2.923,2.361
7138,2.835,2.361
7139,2.688,2.361
7140,2.576,2.361
7141,2.571,2.361
7142,2.561,2.361
7143,2.600,2.361
7144,2.595,2.361
7145,2.605,2.361
7146,2.561,2.361
7147,2.507,2.361
7148,2.454,2.361
7149,2.405,2.361
7150,2.370,2.361
7151,2.346,2.361
7152,2.326,2.361
7153,2.341,2.361
7154,2.405,2.361
7155,2.600,2.366
7156,2.830,2.361
7157,3.035,2.366
7158,3.138,2.366
7159,3.109,2.366
7160,3.021,2.366
7161,2.854,2.366
7162,2.698,2.366
7163,2.571,2.366
7164,2.546,2.366
7165,2.576,2.366
7166,2.625,2.366
7167,2.639,2.366
7168,2.634,2.366
7169,2.595,2.366
7170,2.542,2.366
7171,2.488,2.366
7172,2.439,2.366
7173,2.375,2.366
7174,2.366,2.366
7175,2.370,2.366
7176,2.410,2.366
7177,2.546,2.366
7178,2.859,2.366
7179,3.099,2.366
7180,3.221,2.366
7181,3.148,2.366
7182,2.977,2.366
7183,2.796,2.366
7184,2.630,2.366
7185,2.551,2.366
7186,2.576,2.366
7187,2.610,2.366
7188,2.639,2.366
7189,2.644,2.366
7190,2.605,2.366
7191,2.556,2.366
7192,2.517,2.366
7193,2.463,2.366
7194,2.424,2.366
7195,2.390,2.366
7196,2.341,2.366
7197,2.346,2.366
7198,2.419,2.366
7199,2.615,2.366
7200,2.889,2.366
7201,3.123,2.366
7202,3.260,2.370
7203,3.231,2.370
7204,3.079,2.370
7205,2.889,2.366
7206,2.708,2.366
7207,2.571,2.370
7208,2.546,2.370
7209,2.561,2.370
7210,2.605,2.370
7211,2.634,2.370
7212,2.620,2.370
7213,2.566,2.370
7214,2.507,2.370
7215,2.444,2.370
7216,2.395,2.370
7217,2.351,2.370
7218,2.317,2.370
7219,2.263,2.370
7220,2.302,2.370
7221,2.405,2.370
7222,2.639,2.370
7223,2.947,2.370
7224,3.152,2.370
7225,3.226,2.370
7226,3.143,2.370
7227,3.006,2.370
7228,2.796,2.370
7229,2.600,2.370
7230,2.512,2.370
7231,2.478,2.370
7232,2.527,2.370
7233,2.615,2.370
7234,2.615,2.370
7235,2.595,2.370
7236,2.532,2.370
7237,2.458,2.370
7238,2.405,2.370
7239,2.356,2.370
7240,2.322,2.370
7241,2.312,2.370
7242,2.336,2.370
7243,2.454,2.370
7244,2.693,2.375
7245,2.952,2.370
7246,3.143,2.375
7247,3.143,2.375
7248,3.060,2.370
7249,2.874,2.370
7250,2.693,2.370
7251,2.551,2.375
7252,2.463,2.375
7253,2.468,2.375
7254,2.517,2.375
7255,2.551,2.375
7256,2.581,2.375
7257,2.454,2.375
7258,2.488,2.375
7259,2.429,2.375
7260,2.341,2.375
7261,2.307,2.375
7262,2.263,2.375
7263,2.229,2.375
7264,2.278,2.375
7265,2.439,2.375
7266,2.717,2.375
7267,3.021,2.375
7268,3.177,2.375
7269,3.162,2.375
7270,3.113,2.375
7271,2.923,2.375
7272,2.742,2.375
7273,2.542,2.375
7274,2.454,2.375
7275,2.458,2.375
7276,2.498,2.375
7277,2.502,2.375
7278,2.517,2.375
7279,2.488,2.375
7280,2.449,2.375
7281,2.385,2.375
7282,2.336,2.375
7283,2.287,2.375
7284,2.239,2.375
7285,2.199,2.375
7286,2.229,2.375
7287,2.326,2.375
7288,2.576,2.375
7289,2.849,2.375
7290,3.084,2.375
7291,3.172,2.375
7292,3.035,2.375
7293,2.893,2.375
7294,2.698,2.380
7295,2.571,2.375
7296,2.478,2.380
7297,2.458,2.375
7298,2.512,2.375
7299,2.532,2.380
7300,2.527,2.375
7301,2.498,2.380
7302,2.429,2.380
7303,2.366,2.380
7304,2.297,2.375
7305,2.258,2.380
7306,2.199,2.380
7307,2.195,2.380
7308,2.180,2.380
7309,2.278,2.380
7310,2.537,2.375
7311,2.815,2.380
7312,3.055,2.380
7313,3.138,2.380
7314,3.050,2.380
7315,2.898,2.380
7316,2.722,2.380
7317,2.537,2.380
7318,2.434,2.380
7319,2.390,2.380
7320,2.429,2.380
7321,2.463,2.380
7322,2.483,2.380
7323,2.473,2.380
7324,2.429,2.380
7325,2.370,2.380
7326,2.302,2.380
7327,2.248,2.380
7328,2.190,2.380
7329,2.170,2.380
7330,2.141,2.380
7331,2.175,2.380
7332,2.312,2.380
7333,2.532,2.380
7334,2.820,2.380
7335,3.006,2.380
7336,3.030,2.380
7337,2.952,2.380
7338,2.801,2.380
7339,2.605,2.380
7340,2.463,2.380
7341,2.385,2.380
7342,2.375,2.380
7343,2.414,2.380
7344,2.463,2.380
7345,2.454,2.380
7346,2.439,2.380
7347,2.356,2.380
7348,2.287,2.380
7349,2.253,2.380
7350,2.190,2.380
7351,2.175,2.380
7352,2.160,2.380
7353,2.136,2.380
7354,2.136,2.380
7355,2.224,2.380
7356,2.444,2.380
7357,2.737,2.380
7358,2.937,2.380
7359,3.069,2.380
7360,3.021,2.385
7361,2.908,2.380
7362,2.698,2.380
7363,2.522,2.380
7364,2.419,2.385
7365,2.346,2.380
7366,2.307,2.385
7367,2.366,2.385
7368,2.370,2.385
7369,2.385,2.385
7370,2.341,2.385
7371,2.283,2.385
7372,2.234,2.385
7373,2.190,2.385
7374,2.160,2.385
7375,2.151,2.385
7376,2.126,2.385
7377,2.136,2.385
7378,2.160,2.385
7379,2.214,2.385
7380,2.473,2.385
7381,2.698,2.385
7382,2.840,2.385
7383,2.864,2.385
7384,2.815,2.385
7385,2.698,2.385
7386,2.542,2.385
7387,2.410,2.385
7388,2.326,2.385
7389,2.317,2.385
7390,2.370,2.385
7391,2.395,2.385
7392,2.385,2.385
7393,2.356,2.385
7394,2.307,2.385
7395,2.258,2.385
7396,2.224,2.385
7397,2.155,2.385
7398,2.126,2.385
7399,2.126,2.385
7400,2.126,2.385
7401,2.180,2.385
7402,2.278,2.385
7403,2.434,2.385
7404,2.644,2.385
7405,2.820,2.385
7406,2.869,2.385
7407,2.805,2.385
7408,2.674,2.385
7409,2.537,2.385
7410,2.385,2.385
7411,2.283,2.385
7412,2.297,2.385
7413,2.317,2.385
7414,2.326,2.385
7415,2.361,2.385
7416,2.331,2.385
7417,2.258,2.385
7418,2.214,2.385
7419,2.170,2.385
7420,2.107,2.385
7421,2.097,2.385
7422,2.097,2.385
7423,2.067,2.385
7424,2.097,2.385
7425,2.204,2.385
7426,2.395,2.390
7427,2.605,2.385
7428,2.761,2.385
7429,2.825,2.385
7430,2.791,2.390
7431,2.664,2.385
7432,2.581,2.390
7433,2.400,2.390
7434,2.385,2.390
7435,2.370,2.390
7436,2.370,2.390
7437,2.375,2.390
7438,2.336,2.390
7439,2.326,2.390
7440,2.292,2.390
7441,2.248,2.390
7442,2.195,2.390
7443,2.165,2.390
7444,2.151,2.390
7445,2.116,2.390
7446,2.097,2.390
7447,2.107,2.390
7448,2.180,2.390
7449,2.341,2.390
7450,2.546,2.390
7451,2.727,2.390
7452,2.786,2.390
7453,2.801,2.390
7454,2.693,2.390
7455,2.586,2.390
7456,2.463,2.390
7457,2.370,2.390
7458,2.326,2.390
7459,2.341,2.390
7460,2.366,2.390
7461,2.400,2.390
7462,2.375,2.390
7463,2.326,2.390
7464,2.268,2.390
7465,2.229,2.390
7466,2.180,2.390
7467,2.170,2.390
7468,2.136,2.390
7469,2.097,2.390
7470,2.136,2.390
7471,2.111,2.390
7472,2.175,2.390
7473,2.346,2.390
7474,2.532,2.390
7475,2.717,2.390
7476,2.791,2.390
7477,2.791,2.390
7478,2.698,2.390
7479,2.600,2.390
7480,2.468,2.390
7481,2.370,2.390
7482,2.351,2.390
7483,2.356,2.395
7484,2.424,2.390
7485,2.444,2.390
7486,2.439,2.390
7487,2.424,2.390
7488,2.380,2.390
7489,2.336,2.390
7490,2.283,2.390
7491,2.243,2.390
7492,2.214,2.390
7493,2.239,2.390
7494,2.214,2.395
7495,2.253,2.390
7496,2.468,2.395
7497,2.703,2.390
7498,2.879,2.390
7499,2.967,2.395
7500,2.947,2.390
7501,2.840,2.395
7502,2.708,2.390
7503,2.542,2.390
7504,2.429,2.395
7505,2.390,2.395
7506,2.414,2.395
7507,2.439,2.395
7508,2.458,2.395
7509,2.454,2.395
7510,2.429,2.395
7511,2.385,2.395
7512,2.356,2.395
7513,2.317,2.395
7514,2.278,2.390
7515,2.258,2.395
7516,2.243,2.390
7517,2.234,2.395
7518,2.268,2.390
7519,2.410,2.390
7520,2.678,2.390
7521,2.859,2.390
7522,2.986,2.390
7523,2.991,2.390
7524,2.893,2.390
7525,2.732,2.390
7526,2.625,2.390
7527,2.556,2.390
7528,2.488,2.390
7529,2.493,2.390
7530,2.522,2.390
7531,2.537,2.390
7532,2.522,2.385
7533,2.483,2.385
7534,2.429,2.385
7535,2.385,2.385
7536,2.370,2.385
7537,2.322,2.385
7538,2.273,2.385
7539,2.243,2.385
7540,2.234,2.385
7541,2.283,2.385
7542,2.463,2.385
7543,2.698,2.380
7544,2.952,2.380
7545,3.045,2.380
7546,3.006,2.380
7547,2.918,2.380
7548,2.693,2.380
7549,2.542,2.380
7550,2.458,2.380
7551,2.454,2.380
7552,2.517,2.380
7553,2.527,2.375
7554,2.556,2.375
7555,2.551,2.375
7556,2.512,2.375
7557,2.444,2.375
7558,2.385,2.375
7559,2.341,2.375
7560,2.297,2.375
7561,2.283,2.375
7562,2.273,2.370
7563,2.429,2.375
7564,2.644,2.370
7565,2.874,2.375
7566,3.045,2.375
7567,3.113,2.370
7568,3.025,2.375
7569,2.889,2.370
7570,2.727,2.375
7571,2.581,2.370
7572,2.493,2.370
7573,2.468,2.370
7574,2.532,2.370
7575,2.566,2.370
7576,2.571,2.370
7577,2.571,2.370
7578,2.478,2.370
7579,2.449,2.370
7580,2.410,2.370
7581,2.326,2.370
7582,2.307,2.370
7583,2.307,2.366
7584,2.346,2.370
7585,2.507,2.366
7586,2.757,2.370
7587,3.006,2.370
7588,3.143,2.366
7589,3.148,2.370
7590,3.079,2.366
7591,2.903,2.370
7592,2.722,2.366
7593,2.590,2.370
7594,2.527,2.370
7595,2.527,2.366
7596,2.556,2.370
7597,2.590,2.366
7598,2.590,2.370
7599,2.576,2.366
7600,2.522,2.370
7601,2.493,2.370
7602,2.400,2.370
7603,2.395,2.370
7604,2.346,2.366
7605,2.312,2.370
7606,2.370,2.366
7607,2.595,2.370
7608,2.879,2.370
7609,3.104,2.370
7610,3.201,2.370
7611,3.148,2.370
7612,3.050,2.370
7613,2.884,2.370
7614,2.713,2.370
7615,2.595,2.366
7616,2.522,2.370
7617,2.556,2.366
7618,2.590,2.370
7619,2.600,2.370
7620,2.571,2.370
7621,2.542,2.370
7622,2.478,2.366
7623,2.439,2.370
7624,2.366,2.370
7625,2.336,2.370
7626,2.322,2.370
7627,2.312,2.370
7628,2.498,2.370
7629,2.752,2.370
7630,2.991,2.370
7631,3.162,2.370
7632,3.177,2.370
7633,3.065,2.370
7634,2.898,2.370
7635,2.722,2.370
7636,2.571,2.370
7637,2.498,2.370
7638,2.522,2.370
7639,2.576,2.375
7640,2.610,2.370
7641,2.630,2.375
7642,2.581,2.370
7643,2.542,2.370
7644,2.463,2.370
7645,2.419,2.370
7646,2.366,2.375
7647,2.326,2.370
7648,2.341,2.375
7649,2.517,2.370
7650,2.796,2.375
7651,3.050,2.375
7652,3.206,2.370
7653,3.196,2.375
7654,3.084,2.370
7655,2.889,2.375
7656,2.688,2.370
7657,2.527,2.375
7658,2.512,2.375
7659,2.561,2.375
7660,2.610,2.375
7661,2.605,2.370
7662,2.600,2.375
7663,2.556,2.375
7664,2.522,2.375
7665,2.468,2.375
7666,2.400,2.375
7667,2.307,2.375
7668,2.253,2.375
7669,2.248,2.375
7670,2.419,2.375
7671,2.713,2.380
7672,3.001,2.375
7673,3.216,2.380
7674,3.216,2.375
7675,3.133,2.375
7676,3.016,2.375
7677,2.820,2.375
7678,2.659,2.380
7679,2.542,2.375
7680,2.532,2.375
7681,2.527,2.375
7682,2.556,2.380
7683,2.542,2.375
7684,2.483,2.380
7685,2.419,2.380
7686,2.366,2.380
7687,2.326,2.380
7688,2.253,2.380
7689,2.214,2.380
7690,2.229,2.380
7691,2.336,2.380
7692,2.576,2.380
7693,2.869,2.380
7694,3.113,2.380
7695,3.216,2.380
7696,3.201,2.380
7697,3.045,2.380
7698,2.869,2.380
7699,2.649,2.380
7700,2.483,2.380
7701,2.429,2.380
7702,2.434,2.380
7703,2.483,2.380
7704,2.502,2.380
7705,2.488,2.380
7706,2.439,2.380
7707,2.356,2.380
7708,2.273,2.380
7709,2.248,2.380
7710,2.195,2.380
7711,2.146,2.385
7712,2.092,2.385
7713,2.111,2.380
7714,2.224,2.380
7715,2.483,2.380
7716,2.781,2.385
7717,3.011,2.385
7718,3.089,2.385
7719,3.035,2.385
7720,2.879,2.385
7721,2.708,2.385
7722,2.561,2.385
7723,2.478,2.385
7724,2.478,2.385
7725,2.542,2.385
7726,2.620,2.385
7727,2.659,2.385
7728,2.654,2.385
7729,2.605,2.385
7730,2.507,2.385
7731,2.400,2.385
7732,2.317,2.385
7733,2.199,2.385
7734,2.131,2.385
7735,2.131,2.385
7736,2.116,2.385
7737,2.165,2.385
7738,2.361,2.385
7739,2.644,2.385
7740,2.918,2.385
7741,3.016,2.385
7742,2.981,2.385
7743,2.869,2.385
7744,2.664,2.385
7745,2.478,2.385
7746,2.326,2.385
7747,2.253,2.385
7748,2.273,2.385
7749,2.302,2.385
7750,2.326,2.385
7751,2.312,2.385
7752,2.292,2.385
7753,2.258,2.385
7754,2.175,2.385
7755,2.141,2.385
7756,2.111,2.385
7757,2.077,2.385
7758,2.072,2.385
7759,2.038,2.385
7760,2.038,2.385
7761,2.028,2.385
7762,2.043,2.390
7763,2.180,2.385
7764,2.429,2.390
7765,2.678,2.390
7766,2.874,2.390
7767,2.933,2.385
7768,2.854,2.390
7769,2.717,2.390
7770,2.532,2.390
7771,2.390,2.390
7772,2.317,2.390
7773,2.273,2.390
7774,2.273,2.390
7775,2.307,2.390
7776,2.336,2.390
7777,2.356,2.390
7778,2.287,2.390
7779,2.292,2.390
7780,2.263,2.390
7781,2.239,2.390
7782,2.175,2.390
7783,2.219,2.390
7784,2.199,2.390
7785,2.155,2.390
7786,2.131,2.390
7787,2.102,2.390
7788,2.116,2.390
7789,2.268,2.390
7790,2.439,2.390
7791,2.605,2.390
7792,2.669,2.390
7793,2.678,2.390
7794,2.664,2.390
7795,2.586,2.390
7796,2.468,2.390
7797,2.429,2.390
7798,2.414,2.390
7799,2.414,2.390
7800,2.434,2.390
7801,2.463,2.390
7802,2.439,2.385
7803,2.410,2.390
7804,2.322,2.390
7805,2.268,2.385
7806,2.195,2.385
7807,2.121,2.385
7808,2.077,2.385
7809,2.092,2.385
7810,2.190,2.385
7811,2.424,2.385
7812,2.630,2.385
7813,2.747,2.385
7814,2.761,2.385
7815,2.683,2.380
7816,2.571,2.380
7817,2.439,2.380
7818,2.312,2.380
7819,2.243,2.380
7820,2.239,2.380
7821,2.273,2.380
7822,2.287,2.380
7823,2.268,2.380
7824,2.302,2.380
7825,2.278,2.375
7826,2.292,2.375
7827,2.248,2.375
7828,2.170,2.375
7829,2.111,2.375
7830,2.092,2.375
7831,2.082,2.375
7832,2.102,2.375
7833,2.170,2.375
7834,2.341,2.375
7835,2.512,2.375
7836,2.625,2.370
7837,2.615,2.370
7838,2.571,2.370
7839,2.493,2.370
7840,2.400,2.370
7841,2.287,2.370
7842,2.243,2.370
7843,2.209,2.370
7844,2.224,2.370
7845,2.253,2.370
7846,2.243,2.370
7847,2.243,2.370
7848,2.209,2.370
7849,2.175,2.370
7850,2.165,2.366
7851,2.160,2.370
7852,2.116,2.366
7853,2.097,2.366
7854,2.165,2.366
7855,2.268,2.366
7856,2.400,2.366
7857,2.561,2.366
7858,2.634,2.366
7859,2.639,2.366
7860,2.581,2.366
7861,2.493,2.366
7862,2.380,2.366
7863,2.283,2.366
7864,2.258,2.361
7865,2.278,2.361
7866,2.331,2.361
7867,2.336,2.361
7868,2.370,2.361
7869,2.346,2.361
7870,2.322,2.356
7871,2.278,2.356
7872,2.268,2.356
7873,2.248,2.356
7874,2.234,2.356
7875,2.278,2.351
7876,2.429,2.351
7877,2.630,2.346
7878,2.796,2.346
7879,2.864,2.346
7880,2.849,2.341
7881,2.757,2.341
7882,2.649,2.341
7883,2.537,2.336
7884,2.458,2.336
7885,2.444,2.331
7886,2.488,2.331
7887,2.488,2.326
7888,2.493,2.326
7889,2.449,2.326
7890,2.400,2.322
7891,2.346,2.317
7892,2.307,2.317
7893,2.278,2.312
7894,2.243,2.312
7895,2.302,2.307
7896,2.405,2.302
7897,2.620,2.297
7898,2.810,2.297
7899,2.918,2.292
7900,2.937,2.287
7901,2.859,2.283
7902,2.722,2.278
7903,2.620,2.273
7904,2.507,2.268
7905,2.439,2.263
7906,2.429,2.263
7907,2.449,2.253
7908,2.493,2.248
7909,2.498,2.243
7910,2.483,2.239
7911,2.424,2.234
7912,2.380,2.229
7913,2.336,2.224
7914,2.317,2.219
7915,2.273,2.214
7916,2.283,2.209
7917,2.429,2.204
7918,2.678,2.195
7919,2.893,2.190
7920,2.986,2.185
7921,3.001,2.180
7922,2.937,2.175
7923,2.786,2.170
7924,2.639,2.165
7925,2.517,2.160
7926,2.454,2.155
7927,2.434,2.151
7928,2.454,2.146
7929,2.512,2.141
7930,2.527,2.136
7931,2.493,2.131
7932,2.473,2.126
7933,2.410,2.126
7934,2.346,2.121
7935,2.322,2.116
7936,2.283,2.111
7937,2.419,2.107
7938,2.620,2.102
7939,2.805,2.097
7940,2.957,2.097
7941,2.957,2.092
7942,2.884,2.087
7943,2.766,2.087
7944,2.639,2.082
7945,2.527,2.077
7946,2.458,2.077
7947,2.468,2.072
7948,2.493,2.072
7949,2.498,2.072
7950,2.498,2.067
7951,2.488,2.067
7952,2.444,2.067
7953,2.385,2.063
7954,2.375,2.063
7955,2.351,2.063
7956,2.346,2.063
7957,2.370,2.058
7958,2.551,2.058
7959,2.742,2.058
7960,2.893,2.058
7961,2.981,2.058
7962,2.913,2.053
7963,2.796,2.053
7964,2.639,2.053
7965,2.498,2.053
7966,2.429,2.053
7967,2.410,2.053
7968,2.419,2.053
7969,2.463,2.048
7970,2.488,2.053
7971,2.473,2.048
7972,2.473,2.053
7973,2.429,2.048
7974,2.400,2.048
7975,2.351,2.048
7976,2.287,2.048
7977,2.302,2.048
7978,2.414,2.048
7979,2.586,2.048
7980,2.781,2.048
7981,2.937,2.053
7982,2.991,2.053
7983,2.903,2.053
7984,2.771,2.053
7985,2.639,2.053
7986,2.517,2.053
7987,2.449,2.053
7988,2.444,2.053
7989,2.449,2.053
7990,2.507,2.053
7991,2.517,2.053
7992,2.502,2.053
7993,2.463,2.058
7994,2.419,2.053
7995,2.385,2.058
7996,2.331,2.058
7997,2.326,2.058
7998,2.370,2.058
7999,2.507,2.058
8000,2.703,2.058
8001,2.889,2.058
8002,2.991,2.058
8003,2.967,2.063
8004,2.874,2.063
8005,2.732,2.063
8006,2.571,2.063
8007,2.473,2.063
8008,2.439,2.063
8009,2.473,2.063
8010,2.551,2.063
8011,2.566,2.067
8012,2.532,2.067
8013,2.478,2.067
8014,2.449,2.067
8015,2.405,2.067
8016,2.326,2.067
8017,2.297,2.067
8018,2.302,2.067
8019,2.429,2.067
8020,2.630,2.072
8021,2.845,2.072
8022,2.986,2.072
8023,3.006,2.072
8024,2.957,2.072
8025,2.835,2.077
8026,2.654,2.077
8027,2.542,2.077
8028,2.444,2.077
8029,2.444,2.077
8030,2.468,2.077
8031,2.493,2.077
8032,2.502,2.082
8033,2.478,2.082
8034,2.424,2.082
8035,2.346,2.082
8036,2.322,2.082
8037,2.297,2.082
8038,2.287,2.087
8039,2.375,2.087
8040,2.561,2.087
8041,2.801,2.087
8042,2.957,2.087
8043,2.986,2.092
8044,2.903,2.092
8045,2.781,2.092
8046,2.600,2.092
8047,2.458,2.092
8048,2.366,2.092
8049,2.346,2.092
8050,2.375,2.092
8051,2.434,2.092
8052,2.434,2.097
8053,2.429,2.097
8054,2.400,2.097
8055,2.346,2.097
8056,2.283,2.097
8057,2.253,2.097
8058,2.258,2.097
8059,2.302,2.102
8060,2.502,2.097
8061,2.810,2.102
8062,2.908,2.102
8063,2.889,2.102
8064,2.791,2.102
8065,2.649,2.102
8066,2.473,2.102
8067,2.341,2.102
8068,2.336,2.102
8069,2.346,2.102
8070,2.400,2.102
8071,2.395,2.102
8072,2.424,2.107
8073,2.410,2.107
8074,2.361,2.107
8075,2.322,2.107
8076,2.273,2.107
8077,2.239,2.107
8078,2.253,2.107
8079,2.336,2.107
8080,2.532,2.107
8081,2.727,2.107
8082,2.884,2.107
8083,2.903,2.107
8084,2.830,2.111
8085,2.703,2.107
8086,2.537,2.107
8087,2.385,2.111
8088,2.336,2.111
8089,2.356,2.111
8090,2.336,2.111
8091,2.419,2.111
8092,2.449,2.111
8093,2.429,2.111
8094,2.390,2.111
8095,2.341,2.111
8096,2.268,2.111
8097,2.229,2.111
8098,2.248,2.111
8099,2.336,2.116
8100,2.507,2.116
8101,2.761,2.116
8102,2.889,2.116
8103,2.918,2.116
8104,2.854,2.116
8105,2.727,2.116
8106,2.551,2.116
8107,2.405,2.116
8108,2.336,2.116
8109,2.341,2.116
8110,2.400,2.121
8111,2.414,2.121
8112,2.429,2.121
8113,2.400,2.121
8114,2.366,2.121
8115,2.317,2.121
8116,2.302,2.121
8117,2.258,2.121
8118,2.253,2.121
8119,2.361,2.121
8120,2.561,2.121
8121,2.801,2.126
8122,2.972,2.126
8123,3.045,2.126
8124,2.962,2.126
8125,2.815,2.126
8126,2.664,2.126
8127,2.522,2.126
8128,2.434,2.126
8129,2.395,2.126
8130,2.434,2.126
8131,2.454,2.131
8132,2.473,2.131
8133,2.439,2.131
8134,2.414,2.131
8135,2.351,2.131
8136,2.292,2.131
8137,2.263,2.131
8138,2.239,2.131
8139,2.278,2.131
8140,2.478,2.131
8141,2.717,2.131
8142,2.903,2.136
8143,2.981,2.131
8144,2.957,2.136
8145,2.830,2.136
8146,2.674,2.136
8147,2.537,2.136
8148,2.424,2.136
8149,2.410,2.136
8150,2.424,2.136
8151,2.449,2.136
8152,2.478,2.136
8153,2.478,2.136
8154,2.429,2.136
8155,2.375,2.136
8156,2.331,2.136
8157,2.268,2.136
8158,2.214,2.136
8159,2.234,2.136
8160,2.390,2.141
8161,2.639,2.136
8162,2.854,2.141
8163,2.972,2.141
8164,2.967,2.141
8165,2.859,2.141
8166,2.717,2.141
8167,2.551,2.141
8168,2.434,2.141
8169,2.380,2.141
8170,2.400,2.141
8171,2.439,2.141
8172,2.444,2.141
8173,2.414,2.141
8174,2.380,2.141
8175,2.346,2.141
8176,2.268,2.141
8177,2.234,2.141
8178,2.224,2.141
8179,2.209,2.141
8180,2.380,2.141
8181,2.610,2.141
8182,2.820,2.141
8183,2.962,2.141
8184,2.991,2.141
8185,2.923,2.141
8186,2.771,2.141
8187,2.610,2.141
8188,2.434,2.146
8189,2.380,2.141
8190,2.395,2.146
8191,2.424,2.146
8192,2.434,2.146
8193,2.405,2.146
8194,2.380,2.146
8195,2.326,2.146
8196,2.287,2.146
8197,2.229,2.146
8198,2.199,2.146
8199,2.170,2.146
8200,2.248,2.146
8201,2.424,2.146
8202,2.678,2.146
8203,2.874,2.146
8204,2.972,2.146
8205,2.933,2.146
8206,2.830,2.151
8207,2.634,2.151
8208,2.512,2.151
8209,2.395,2.151
8210,2.356,2.151
8211,2.400,2.151
8212,2.356,2.151
8213,2.400,2.151
8214,2.400,2.151
8215,2.370,2.151
8216,2.317,2.151
8217,2.239,2.151
8218,2.224,2.151
8219,2.199,2.151
8220,2.180,2.155
8221,2.175,2.151
8222,2.204,2.155
8223,2.322,2.155
8224,2.537,2.155
8225,2.766,2.155
8226,2.884,2.155
8227,2.937,2.155
8228,2.869,2.155
8229,2.722,2.155
8230,2.561,2.155
8231,2.419,2.155
8232,2.375,2.155
8233,2.375,2.160
8234,2.419,2.160
8235,2.434,2.160
8236,2.424,2.160
8237,2.375,2.160
8238,2.346,2.160
8239,2.292,2.160
8240,2.258,2.160
8241,2.214,2.160
8242,2.195,2.160
8243,2.170,2.160
8244,2.253,2.160
8245,2.414,2.160
8246,2.615,2.160
8247,2.791,2.165
8248,2.869,2.165
8249,2.889,2.165
8250,2.766,2.165
8251,2.634,2.165
8252,2.483,2.165
8253,2.395,2.165
8254,2.366,2.165
8255,2.380,2.165
8256,2.405,2.165
8257,2.405,2.165
8258,2.375,2.165
8259,2.356,2.165
8260,2.312,2.165
8261,2.278,2.165
8262,2.234,2.165
8263,2.190,2.165
8264,2.195,2.170
8265,2.165,2.170
8266,2.243,2.170
8267,2.419,2.170
8268,2.644,2.170
8269,2.830,2.170
8270,2.928,2.170
8271,2.918,2.170
8272,2.849,2.170
8273,2.703,2.170
8274,2.576,2.170
8275,2.463,2.170
8276,2.419,2.170
8277,2.419,2.170
8278,2.454,2.170
8279,2.468,2.170
8280,2.463,2.170
8281,2.414,2.170
8282,2.405,2.170
8283,2.331,2.175
8284,2.273,2.175
8285,2.239,2.175
8286,2.209,2.175
8287,2.195,2.175
8288,2.180,2.175
8289,2.219,2.175
8290,2.341,2.175
8291,2.600,2.175
8292,2.840,2.175
8293,2.972,2.175
8294,2.977,2.175
8295,2.889,2.175
8296,2.757,2.175
8297,2.610,2.175
8298,2.488,2.175
8299,2.419,2.175
8300,2.429,2.175
8301,2.444,2.175
8302,2.488,2.180
8303,2.468,2.175
8304,2.444,2.175
8305,2.366,2.180
8306,2.346,2.175
8307,2.302,2.180
8308,2.268,2.175
8309,2.248,2.175
8310,2.243,2.175
8311,2.209,2.180
8312,2.214,2.180
8313,2.258,2.180
8314,2.527,2.180
8315,2.761,2.180
8316,2.923,2.180
8317,2.957,2.180
8318,2.879,2.180
8319,2.781,2.180
8320,2.644,2.180
8321,2.527,2.180
8322,2.478,2.180
8323,2.458,2.180
8324,2.502,2.180
8325,2.522,2.180
8326,2.478,2.180
8327,2.527,2.180
8328,2.473,2.185
8329,2.414,2.180
8330,2.346,2.185
8331,2.317,2.185
8332,2.287,2.185
8333,2.278,2.185
8334,2.248,2.185
8335,2.375,2.185
8336,2.576,2.185
8337,2.791,2.185
8338,2.977,2.185
8339,3.030,2.185
8340,2.996,2.185
8341,2.884,2.185
8342,2.737,2.185
8343,2.566,2.185
8344,2.478,2.185
8345,2.468,2.185
8346,2.493,2.185
8347,2.512,2.190
8348,2.502,2.185
8349,2.468,2.190
8350,2.454,2.185
8351,2.414,2.190
8352,2.400,2.190
8353,2.331,2.190
8354,2.283,2.190
8355,2.258,2.190
8356,2.219,2.190
8357,2.219,2.190
8358,2.278,2.190
8359,2.473,2.190
8360,2.713,2.190
8361,2.933,2.190
8362,3.045,2.190
8363,3.025,2.190
8364,2.952,2.190
8365,2.796,2.190
8366,2.644,2.190
8367,2.522,2.190
8368,2.458,2.190
8369,2.478,2.190
8370,2.483,2.190
8371,2.502,2.190
8372,2.498,2.195
8373,2.458,2.195
8374,2.390,2.195
8375,2.341,2.195
8376,2.326,2.195
8377,2.273,2.195
8378,2.253,2.195
8379,2.248,2.195
8380,2.239,2.195
8381,2.219,2.195
8382,2.307,2.195
8383,2.507,2.195
8384,2.766,2.195
8385,2.972,2.195
8386,3.074,2.195
8387,3.035,2.195
8388,2.913,2.195
8389,2.761,2.195
8390,2.615,2.195
8391,2.507,2.195
8392,2.434,2.195
8393,2.458,2.195
8394,2.522,2.195
8395,2.551,2.209
8396,2.542,2.268
8397,2.473,2.375
8398,2.458,2.483
8399,2.414,2.586
8400,2.346,2.669
8401,2.292,2.747
8402,2.243,2.791
8403,2.248,2.820
8404,2.341,2.845
8405,2.537,2.840
8406,2.771,2.825
8407,2.947,2.815
8408,3.060,2.786
8409,3.035,2.752
8410,2.937,2.703
8411,2.776,2.644
8412,2.625,2.590
8413,2.537,2.546
8414,2.498,2.512
8415,2.561,2.483
8416,2.595,2.463
8417,2.644,2.449
8418,2.664,2.439
8419,2.625,2.429
8420,2.576,2.424
8421,2.527,2.410
8422,2.458,2.400
8423,2.385,2.385
8424,2.317,2.370
8425,2.292,2.361
8426,2.351,2.351
8427,2.542,2.346
8428,2.761,2.341
8429,2.893,2.336
8430,2.923,2.331
8431,2.889,2.326
8432,2.791,2.322
8433,2.600,2.317
8434,2.429,2.312
8435,2.278,2.307
8436,2.253,2.307
8437,2.297,2.302
8438,2.370,2.302
8439,2.414,2.297
8440,2.414,2.297
8441,2.400,2.292
8442,2.380,2.292
8443,2.351,2.292
8444,2.341,2.287
8445,2.287,2.287
8446,2.268,2.287
8447,2.287,2.287
8448,2.410,2.287
8449,2.586,2.283
8450,2.791,2.283
8451,2.933,2.283
8452,2.981,2.283
8453,2.923,2.283
8454,2.815,2.283
8455,2.683,2.278
8456,2.551,2.278
8457,2.473,2.278
8458,2.439,2.278
8459,2.468,2.273
8460,2.478,2.273
8461,2.488,2.273
8462,2.478,2.273
8463,2.439,2.268
8464,2.395,2.268
8465,2.341,2.268
8466,2.292,2.268
8467,2.283,2.263
8468,2.283,2.263
8469,2.375,2.263
8470,2.610,2.263
8471,2.864,2.263
8472,3.035,2.258
8473,3.089,2.258
8474,3.035,2.258
8475,2.879,2.258
8476,2.703,2.253
8477,2.532,2.253
8478,2.424,2.248
8479,2.385,2.248
8480,2.414,2.248
8481,2.454,2.243
8482,2.473,2.239
8483,2.478,2.239
8484,2.434,2.234
8485,2.375,2.234
8486,2.331,2.229
8487,2.287,2.224
8488,2.229,2.224
8489,2.234,2.219
8490,2.302,2.219
8491,2.522,2.214
8492,2.766,2.214
8493,2.972,2.209
8494,3.065,2.204
8495,3.021,2.199
8496,2.923,2.199
8497,2.752,2.195
8498,2.605,2.190
8499,2.488,2.190
8500,2.424,2.180
8501,2.439,2.180
8502,2.458,2.175
8503,2.434,2.170
8504,2.434,2.165
8505,2.419,2.160
8506,2.370,2.155
8507,2.312,2.151
8508,2.263,2.151
8509,2.234,2.146
8510,2.209,2.141
8511,2.180,2.136
8512,2.283,2.131
8513,2.458,2.131
8514,2.717,2.126
8515,2.957,2.121
8516,3.069,2.116
8517,2.996,2.111
8518,2.869,2.111
8519,2.693,2.107
8520,2.551,2.102
8521,2.449,2.097
8522,2.385,2.092
8523,2.405,2.087
8524,2.439,2.087
8525,2.449,2.077
8526,2.419,2.077
8527,2.366,2.072
8528,2.336,2.067
8529,2.268,2.063
8530,2.243,2.058
8531,2.199,2.058
8532,2.185,2.053
8533,2.175,2.048
8534,2.253,2.048
8535,2.400,2.043
8536,2.620,2.038
8537,2.849,2.038
8538,2.981,2.033
8539,2.986,2.033
8540,2.864,2.028
8541,2.693,2.023
8542,2.527,2.023
8543,2.410,2.019
8544,2.395,2.019
8545,2.419,2.014
8546,2.405,2.009
8547,2.414,2.009
8548,2.419,2.004
8549,2.385,1.999
8550,2.366,1.999
8551,2.297,1.994
8552,2.234,1.994
8553,2.209,1.989
8554,2.155,1.989
8555,2.165,1.984
8556,2.229,1.984
8557,2.444,1.979
8558,2.693,1.979
8559,2.869,1.975
8560,2.937,1.975
8561,2.908,1.975
8562,2.796,1.970
8563,2.615,1.970
8564,2.449,1.965
8565,2.346,1.965
8566,2.366,1.960
8567,2.385,1.960
8568,2.385,1.960
8569,2.405,1.955
8570,2.395,1.955
8571,2.351,1.955
8572,2.292,1.955
8573,2.209,1.950
8574,2.214,1.950
8575,2.190,1.950
8576,2.175,1.950
8577,2.195,1.950
8578,2.297,1.950
8579,2.488,1.950
8580,2.693,1.945
8581,2.849,1.945
8582,2.889,1.945
8583,2.786,1.945
8584,2.639,1.945
8585,2.493,1.945
8586,2.361,1.945
8587,2.322,1.945
8588,2.302,1.945
8589,2.326,1.945
8590,2.326,1.945
8591,2.336,1.945
8592,2.356,1.945
8593,2.307,1.945
8594,2.258,1.945
8595,2.234,1.945
8596,2.209,1.945
8597,2.170,1.945
8598,2.165,1.945
8599,2.180,1.950
8600,2.307,1.950
8601,2.483,1.950
8602,2.698,1.950
8603,2.830,1.950
8604,2.825,1.950
8605,2.742,1.955
8606,2.625,1.955
8607,2.478,1.955
8608,2.341,1.955
8609,2.297,1.955
8610,2.322,1.955
8611,2.380,1.960
8612,2.390,1.960
8613,2.380,1.960
8614,2.370,1.960
8615,2.356,1.960
8616,2.336,1.960
8617,2.307,1.960
8618,2.278,1.960
8619,2.229,1.960
8620,2.209,1.960
8621,2.307,1.965
8622,2.488,1.960
8623,2.674,1.960
8624,2.835,1.960
8625,2.874,1.960
8626,2.791,1.960
8627,2.683,1.960
8628,2.537,1.960
8629,2.405,1.960
8630,2.283,1.960
8631,2.307,1.960
8632,2.346,1.960
8633,2.385,1.955
8634,2.380,1.955
8635,2.346,1.955
8636,2.351,1.955
8637,2.307,1.955
8638,2.268,1.955
8639,2.248,1.950
8640,2.219,1.950
8641,2.229,1.950
8642,2.351,1.950
8643,2.542,1.945
8644,2.752,1.945
8645,2.874,1.945
8646,2.884,1.945
8647,2.840,1.945
8648,2.713,1.945
8649,2.542,1.940
8650,2.444,1.940
8651,2.380,1.940
8652,2.366,1.940
8653,2.410,1.940
8654,2.385,1.940
8655,2.449,1.935
8656,2.429,1.935
8657,2.366,1.935
8658,2.336,1.935
8659,2.283,1.935
8660,2.253,1.935
8661,2.229,1.931
8662,2.239,1.931
8663,2.361,1.931
8664,2.551,1.931
8665,2.742,1.931
8666,2.815,1.931
8667,2.913,1.931
8668,2.849,1.931
8669,2.713,1.931
8670,2.556,1.931
8671,2.434,1.931
8672,2.370,1.931
8673,2.370,1.931
8674,2.424,1.931
8675,2.468,1.931
8676,2.473,1.931
8677,2.449,1.931
8678,2.395,1.931
8679,2.356,1.931
8680,2.297,1.931
8681,2.239,1.931
8682,2.248,1.931
8683,2.336,1.931
8684,2.517,1.931
8685,2.727,1.935
8686,2.918,1.935
8687,2.957,1.935
8688,2.913,1.935
8689,2.786,1.935
8690,2.644,1.935
8691,2.478,1.940
8692,2.400,1.940
8693,2.414,1.940
8694,2.458,1.940
8695,2.473,1.940
8696,2.463,1.940
8697,2.439,1.940
8698,2.410,1.945
8699,2.346,1.945
8700,2.312,1.945
8701,2.292,1.945
8702,2.326,1.945
8703,2.429,1.945
8704,2.654,1.950
8705,2.879,1.950
8706,3.011,1.950
8707,2.986,1.950
8708,2.942,1.955
8709,2.781,1.955
8710,2.634,1.955
8711,2.512,1.955
8712,2.483,1.955
8713,2.473,1.955
8714,2.512,1.955
8715,2.527,1.960
8716,2.532,1.960
8717,2.478,1.960
8718,2.400,1.960
8719,2.375,1.960
8720,2.346,1.960
8721,2.326,1.965
8722,2.346,1.965
8723,2.414,1.965
8724,2.595,1.965
8725,2.825,1.965
8726,3.016,1.970
8727,3.069,1.970
8728,3.006,1.970
8729,2.893,1.970
8730,2.742,1.970
8731,2.566,1.975
8732,2.488,1.975
8733,2.473,1.975
8734,2.498,1.975
8735,2.551,1.975
8736,2.546,1.975
8737,2.532,1.975
8738,2.468,1.979
8739,2.385,1.979
8740,2.361,1.979
8741,2.336,1.979
8742,2.307,1.984
8743,2.410,1.984
8744,2.590,1.984
8745,2.820,1.984
8746,3.016,1.984
8747,3.094,1.984
8748,3.045,1.984
8749,2.908,1.989
8750,2.752,1.984
8751,2.595,1.989
8752,2.522,1.989
8753,2.493,1.989
8754,2.517,1.989
8755,2.542,1.989
8756,2.566,1.989
8757,2.546,1.994
8758,2.512,1.994
8759,2.463,1.994
8760,2.410,1.994
8761,2.366,1.994
8762,2.322,1.994
8763,2.439,1.994
8764,2.639,1.994
8765,2.893,1.994
8766,3.055,1.994
8767,3.123,1.999
8768,3.065,1.999
8769,2.942,1.999
8770,2.752,1.999
8771,2.581,1.999
8772,2.502,1.999
8773,2.498,1.999
8774,2.527,1.999
8775,2.556,1.999
8776,2.556,1.999
8777,2.527,1.999
8778,2.458,1.999
8779,2.414,1.999
8780,2.366,1.999
8781,2.326,1.999
8782,2.302,1.994
8783,2.380,1.999
8784,2.605,1.999
8785,2.874,1.999
8786,3.079,1.999
8787,3.133,1.999
8788,3.084,1.999
8789,2.933,1.999
8790,2.761,1.999
8791,2.590,1.999
8792,2.473,1.999
8793,2.444,1.999
8794,2.468,1.999
8795,2.483,1.999
8796,2.483,1.999
8797,2.454,1.999
8798,2.419,1.999
8799,2.370,2.004
8800,2.278,1.999
8801,2.278,1.999
8802,2.278,1.999
8803,2.356,1.999
8804,2.586,1.999
8805,2.933,1.999
8806,3.138,2.004
8807,3.236,2.004
8808,3.143,2.004
8809,3.079,2.004
8810,2.884,2.004
8811,2.669,2.004
8812,2.561,2.004
8813,2.517,2.004
8814,2.517,1.999
8815,2.556,2.004
8816,2.586,1.999
8817,2.542,1.999
8818,2.454,2.004
8819,2.375,1.999
8820,2.322,1.999
8821,2.273,1.994
8822,2.273,1.999
8823,2.292,1.994
8824,2.517,1.994
8825,2.796,1.994
8826,3.045,1.994
8827,3.192,1.994
8828,3.172,1.989
8829,3.030,1.994
8830,2.864,1.989
8831,2.683,1.989
8832,2.566,1.984
8833,2.522,1.984
8834,2.507,1.984
8835,2.532,1.979
8836,2.502,1.979
8837,2.522,1.975
8838,2.473,1.979
8839,2.400,1.975
8840,2.366,1.975
8841,2.287,1.970
8842,2.268,1.970
8843,2.190,1.970
8844,2.219,1.965
8845,2.224,1.965
8846,2.248,1.960
8847,2.400,1.960
8848,2.654,1.960
8849,2.972,1.955
8850,3.148,1.960
8851,3.182,1.955
8852,3.045,1.955
8853,2.937,1.950
8854,2.737,1.950
8855,2.546,1.950
8856,2.454,1.950
8857,2.444,1.950
8858,2.488,1.945
8859,2.498,1.945
8860,2.478,1.940
8861,2.454,1.940
8862,2.351,1.940
8863,2.331,1.940
8864,2.287,1.940
8865,2.224,1.935
8866,2.204,1.940
8867,2.175,1.935
8868,2.146,1.935
8869,2.131,1.935
8870,2.131,1.935
8871,2.278,1.935
8872,2.488,1.931
8873,2.781,1.935
8874,2.937,1.935
8875,2.942,1.935
8876,2.874,1.935
8877,2.766,1.935
8878,2.595,1.935
8879,2.478,1.935
8880,2.380,1.935
8881,2.366,1.935
8882,2.361,1.935
8883,2.375,1.935
8884,2.390,1.935
8885,2.356,1.935
8886,2.292,1.935
8887,2.229,1.940
8888,2.190,1.935
8889,2.165,1.940
8890,2.175,1.940
8891,2.121,1.945
8892,2.097,1.940
8893,2.087,1.945
8894,2.053,1.945
8895,2.175,1.945
8896,2.322,1.945
8897,2.595,1.945
8898,2.752,1.950
8899,2.830,1.950
8900,2.845,1.950
8901,2.698,1.950
8902,2.556,1.950
8903,2.410,1.955
8904,2.322,1.955
8905,2.297,1.960
8906,2.336,1.955
8907,2.366,1.960
8908,2.380,1.960
8909,2.370,1.960
8910,2.356,1.965
8911,2.283,1.965
8912,2.243,1.965
8913,2.229,1.965
8914,2.190,1.965
8915,2.170,1.970
8916,2.160,1.970
8917,2.204,1.970
8918,2.307,1.970
8919,2.483,1.975
8920,2.688,1.975
8921,2.801,1.975
8922,2.805,1.975
8923,2.732,1.979
8924,2.590,1.979
8925,2.410,1.979
8926,2.351,1.979
8927,2.297,1.979
8928,2.322,1.984
8929,2.336,1.984
8930,2.356,1.984
8931,2.346,1.984
8932,2.331,1.989
8933,2.283,1.989
8934,2.243,1.989
8935,2.175,1.989
8936,2.180,1.989
8937,2.155,1.994
8938,2.141,1.989
8939,2.155,1.994
8940,2.224,1.994
8941,2.370,1.994
8942,2.605,1.994
8943,2.747,1.999
8944,2.805,1.999
8945,2.727,1.999
8946,2.595,2.004
8947,2.483,1.999
8948,2.390,2.004
8949,2.366,2.004
8950,2.380,2.004
8951,2.390,2.004
8952,2.405,2.004
8953,2.400,2.009
8954,2.356,2.004
8955,2.312,2.009
8956,2.278,2.009
8957,2.248,2.009
8958,2.229,2.009
8959,2.185,2.009
8960,2.175,2.014
8961,2.219,2.009
8962,2.317,2.014
8963,2.527,2.014
8964,2.703,2.014
8965,2.820,2.019
8966,2.840,2.014
8967,2.771,2.019
8968,2.659,2.014
8969,2.537,2.019
8970,2.414,2.019
8971,2.385,2.023
8972,2.375,2.019
8973,2.400,2.023
8974,2.429,2.023
8975,2.410,2.023
8976,2.375,2.023
8977,2.356,2.023
8978,2.331,2.023
8979,2.273,2.023
8980,2.253,2.023
8981,2.219,2.028
8982,2.224,2.023
8983,2.312,2.028
8984,2.493,2.023
8985,2.708,2.028
8986,2.835,2.028
8987,2.874,2.028
8988,2.801,2.028
8989,2.693,2.028
8990,2.571,2.033
8991,2.439,2.028
8992,2.400,2.033
8993,2.346,2.028
8994,2.380,2.033
8995,2.419,2.033
8996,2.444,2.033
8997,2.439,2.033
8998,2.434,2.028
8999,2.385,2.033
9000,2.346,2.028
9001,2.346,2.033
9002,2.361,2.033
9003,2.351,2.033
9004,2.385,2.033
9005,2.527,2.033
9006,2.737,2.033
9007,2.913,2.033
9008,2.996,2.033
9009,2.981,2.033
9010,2.918,2.033
9011,2.791,2.033
9012,2.649,2.033
9013,2.551,2.033
9014,2.483,2.033
9015,2.473,2.033
9016,2.478,2.033
9017,2.517,2.033
9018,2.537,2.033
9019,2.483,2.038
9020,2.449,2.033
9021,2.380,2.033
9022,2.326,2.038
9023,2.307,2.033
9024,2.258,2.038
9025,2.234,2.033
9026,2.317,2.038
9027,2.493,2.033
9028,2.713,2.038
9029,2.903,2.038
9030,2.957,2.038
9031,2.913,2.038
9032,2.810,2.038
9033,2.649,2.038
9034,2.498,2.038
9035,2.405,2.043
9036,2.375,2.038
9037,2.385,2.038
9038,2.434,2.043
9039,2.463,2.038
9040,2.473,2.043
9041,2.434,2.043
9042,2.370,2.043
9043,2.317,2.043
9044,2.322,2.043
9045,2.302,2.043
9046,2.268,2.043
9047,2.248,2.048
9048,2.273,2.043
9049,2.322,2.048
9050,2.473,2.043
9051,2.693,2.048
9052,2.874,2.048
9053,2.942,2.048
9054,2.918,2.048
9055,2.786,2.048
9056,2.630,2.048
9057,2.454,2.048
9058,2.361,2.053
9059,2.356,2.048
9060,2.385,2.053
9061,2.434,2.048
9062,2.439,2.053
9063,2.434,2.053
9064,2.395,2.053
9065,2.356,2.053
9066,2.317,2.053
9067,2.292,2.053
9068,2.263,2.053
9069,2.268,2.053
9070,2.243,2.058
9071,2.336,2.053
9072,2.522,2.058
9073,2.727,2.053
9074,2.859,2.058
9075,2.903,2.058
9076,2.820,2.058
9077,2.693,2.058
9078,2.551,2.058
9079,2.434,2.063
9080,2.366,2.058
9081,2.375,2.063
9082,2.429,2.058
9083,2.439,2.063
9084,2.454,2.063
9085,2.429,2.063
9086,2.390,2.063
9087,2.346,2.063
9088,2.312,2.067
9089,2.287,2.063
9090,2.248,2.067
9091,2.268,2.063
9092,2.346,2.067
9093,2.522,2.067
9094,2.693,2.067
9095,2.854,2.067
9096,2.937,2.067
9097,2.884,2.072
9098,2.752,2.067
9099,2.561,2.072
9100,2.424,2.072
9101,2.361,2.072
9102,2.366,2.072
9103,2.395,2.067
9104,2.444,2.072
9105,2.454,2.072
9106,2.449,2.072
9107,2.444,2.072
9108,2.405,2.072
9109,2.361,2.077
9110,2.312,2.072
9111,2.273,2.077
9112,2.229,2.072
9113,2.278,2.077
9114,2.356,2.077
9115,2.551,2.077
9116,2.771,2.077
9117,2.947,2.077
9118,3.006,2.082
9119,2.977,2.077
9120,2.825,2.082
9121,2.654,2.082
9122,2.512,2.077
9123,2.449,2.082
9124,2.410,2.082
9125,2.429,2.082
9126,2.488,2.082
9127,2.483,2.082
9128,2.463,2.082
9129,2.458,2.082
9130,2.385,2.087
9131,2.346,2.082
9132,2.302,2.087
9133,2.287,2.087
9134,2.253,2.087
9135,2.229,2.087
9136,2.287,2.087
9137,2.468,2.087
9138,2.717,2.087
9139,2.947,2.087
9140,3.060,2.087
9141,3.069,2.087
9142,2.947,2.092
9143,2.757,2.087
9144,2.590,2.092
9145,2.512,2.087
9146,2.454,2.092
9147,2.454,2.092
9148,2.493,2.092
9149,2.532,2.092
9150,2.537,2.092
9151,2.502,2.092
9152,2.454,2.092
9153,2.410,2.092
9154,2.395,2.092
9155,2.366,2.092
9156,2.336,2.092
9157,2.331,2.092
9158,2.395,2.092
9159,2.561,2.092
9160,2.791,2.092
9161,2.967,2.092
9162,3.011,2.092
9163,2.967,2.092
9164,2.835,2.092
9165,2.674,2.092
9166,2.546,2.092
9167,2.439,2.097
9168,2.410,2.097
9169,2.434,2.097
9170,2.449,2.097
9171,2.473,2.097
9172,2.473,2.097
9173,2.454,2.097
9174,2.380,2.097
9175,2.331,2.097
9176,2.283,2.097
9177,2.263,2.097
9178,2.243,2.097
9179,2.234,2.097
9180,2.209,2.097
9181,2.317,2.102
9182,2.507,2.102
9183,2.717,2.102
9184,2.889,2.102
9185,2.933,2.102
9186,2.874,2.102
9187,2.752,2.102
9188,2.600,2.102
9189,2.458,2.102
9190,2.370,2.102
9191,2.366,2.102
9192,2.390,2.102
9193,2.419,2.102
9194,2.454,2.102
9195,2.454,2.102
9196,2.410,2.107
9197,2.317,2.107
9198,2.292,2.107
9199,2.263,2.107
9200,2.224,2.107
9201,2.239,2.107
9202,2.287,2.107
9203,2.414,2.107
9204,2.634,2.107
9205,2.796,2.107
9206,2.898,2.107
9207,2.859,2.107
9208,2.786,2.107
9209,2.634,2.107
9210,2.507,2.107
9211,2.410,2.107
9212,2.385,2.107
9213,2.410,2.111
9214,2.458,2.111
9215,2.493,2.111
9216,2.507,2.111
9217,2.463,2.111
9218,2.400,2.111
9219,2.361,2.111
9220,2.307,2.111
9221,2.287,2.111
9222,2.273,2.111
9223,2.317,2.111
9224,2.454,2.111
9225,2.674,2.111
9226,2.864,2.111
9227,2.933,2.111
9228,2.859,2.111
9229,2.761,2.111
9230,2.620,2.111
9231,2.473,2.111
9232,2.385,2.111
9233,2.380,2.111
9234,2.414,2.116
9235,2.463,2.116
9236,2.488,2.116
9237,2.463,2.116
9238,2.429,2.116
9239,2.385,2.116
9240,2.336,2.116
9241,2.278,2.116
9242,2.253,2.116
9243,2.287,2.116
9244,2.385,2.116
9245,2.561,2.116
9246,2.815,2.116
9247,2.962,2.116
9248,3.001,2.121
9249,2.947,2.121
9250,2.815,2.121
9251,2.693,2.126
9252,2.595,2.126
9253,2.576,2.131
9254,2.556,2.131
9255,2.566,2.131
9256,2.561,2.131
9257,2.537,2.131
9258,2.458,2.136
9259,2.390,2.136
9260,2.312,2.136
9261,2.322,2.136
9262,2.317,2.131
9263,2.331,2.131
9264,2.444,2.131
9265,2.625,2.126
9266,2.830,2.126
9267,2.981,2.126
9268,3.016,2.121
9269,2.937,2.121
9270,2.825,2.121
9271,2.688,2.116
9272,2.532,2.116
9273,2.458,2.116
9274,2.444,2.116
9275,2.439,2.111
9276,2.449,2.111
9277,2.458,2.111
9278,2.488,2.111
9279,2.449,2.107
9280,2.454,2.107
9281,2.400,2.107
9282,2.356,2.107
9283,2.336,2.102
9284,2.375,2.102
9285,2.537,2.097
9286,2.747,2.097
9287,2.913,2.092
9288,3.006,2.092
9289,2.952,2.092
9290,2.840,2.087
9291,2.654,2.087
9292,2.546,2.082
9293,2.454,2.082
9294,2.454,2.077
9295,2.478,2.077
9296,2.493,2.072
9297,2.527,2.072
9298,2.502,2.067
9299,2.434,2.067
9300,2.439,2.063
9301,2.366,2.058
9302,2.287,2.063
9303,2.248,2.053
9304,2.331,2.053
9305,2.478,2.048
9306,2.674,2.048
9307,2.879,2.048
9308,3.006,2.043
9309,2.962,2.043
9310,2.879,2.038
9311,2.722,2.038
9312,2.561,2.033
9313,2.454,2.033
9314,2.434,2.028
9315,2.429,2.028
9316,2.463,2.023
9317,2.498,2.019
9318,2.463,2.019
9319,2.429,2.014
9320,2.395,2.014
9321,2.346,2.009
9322,2.307,2.009
9323,2.258,2.004
9324,2.283,2.004
9325,2.424,1.994
9326,2.625,1.999
9327,2.796,1.994
9328,2.996,1.989
9329,3.021,1.989
9330,2.952,1.984
9331,2.805,1.984
9332,2.605,1.979
9333,2.458,1.979
9334,2.424,1.979
9335,2.439,1.975
9336,2.498,1.975
9337,2.532,1.970
9338,2.537,1.970
9339,2.502,1.965
9340,2.449,1.970
9341,2.390,1.965
9342,2.336,1.965
9343,2.287,1.960
9344,2.287,1.960
9345,2.375,1.960
9346,2.571,1.955
9347,2.820,1.955
9348,2.986,1.950
9349,3.050,1.955
9350,3.050,1.950
9351,2.923,1.950
9352,2.747,1.950
9353,2.595,1.945
9354,2.473,1.945
9355,2.434,1.940
9356,2.463,1.945
9357,2.507,1.940
9358,2.512,1.940
9359,2.507,1.935
9360,2.473,1.935
9361,2.429,1.935
9362,2.380,1.931
9363,2.336,1.935
9364,2.283,1.931
9365,2.268,1.931
9366,2.322,1.931
9367,2.498,1.926
9368,2.752,1.926
9369,3.016,1.926
9370,3.118,1.926
9371,3.104,1.921
9372,2.981,1.926
9373,2.830,1.921
9374,2.654,1.921
9375,2.507,1.921
9376,2.493,1.921
9377,2.498,1.916
9378,2.512,1.921
9379,2.512,1.921
9380,2.498,1.916
9381,2.473,1.921
9382,2.410,1.916
9383,2.351,1.916
9384,2.297,1.916
9385,2.243,1.916
9386,2.214,1.916
9387,2.219,1.916
9388,2.234,1.916
9389,2.292,1.916
9390,2.502,1.916
9391,2.776,1.916
9392,3.011,1.916
9393,3.133,1.916
9394,3.138,1.916
9395,2.996,1.921
9396,2.830,1.921
9397,2.620,1.921
9398,2.502,1.921
9399,2.444,1.926
9400,2.439,1.926
9401,2.488,1.926
9402,2.483,1.926
9403,2.512,1.926
9404,2.454,1.926
9405,2.434,1.926
9406,2.361,1.926
9407,2.287,1.926
9408,2.234,1.931
9409,2.175,1.931
9410,2.151,1.931
9411,2.209,1.931
9412,2.322,1.931
9413,2.546,1.931
9414,2.835,1.935
9415,3.055,1.935
9416,3.104,1.935
9417,3.040,1.935
9418,2.908,1.935
9419,2.717,1.935
9420,2.561,1.935
9421,2.473,1.935
9422,2.444,1.940
9423,2.468,1.940
9424,2.507,1.940
9425,2.512,1.945
9426,2.488,1.945
9427,2.439,1.945
9428,2.370,1.945
9429,2.302,1.945
9430,2.243,1.945
9431,2.214,1.950
9432,2.175,1.950
9433,2.195,1.950
9434,2.297,1.950
9435,2.532,1.950
9436,2.805,1.950
9437,3.055,1.955
9438,3.104,1.955
9439,3.040,1.955
9440,2.874,1.955
9441,2.693,1.955
9442,2.527,1.955
9443,2.419,1.955
9444,2.410,1.955
9445,2.449,1.960
9446,2.478,1.960
9447,2.414,1.960
9448,2.400,1.960
9449,2.336,1.960
9450,2.297,1.965
9451,2.263,1.965
9452,2.234,1.965
9453,2.180,1.965
9454,2.165,1.965
9455,2.204,1.965
9456,2.361,1.970
9457,2.615,1.970
9458,2.884,1.970
9459,3.016,1.970
9460,3.055,1.970
9461,2.962,1.970
9462,2.805,1.970
9463,2.639,1.970
9464,2.493,1.975
9465,2.400,1.975
9466,2.405,1.975
9467,2.429,1.975
9468,2.458,1.975
9469,2.463,1.975
9470,2.439,1.975
9471,2.361,1.979
9472,2.351,1.979
9473,2.297,1.979
9474,2.239,1.979
9475,2.175,1.979
9476,2.151,1.979
9477,2.116,1.979
9478,2.175,1.984
9479,2.395,1.984
9480,2.654,1.984
9481,2.889,1.984
9482,3.011,1.984
9483,2.981,1.984
9484,2.859,1.984
9485,2.659,1.984
9486,2.488,1.984
9487,2.366,1.984
9488,2.341,1.984
9489,2.356,1.984
9490,2.395,1.984
9491,2.410,1.984
9492,2.395,1.984
9493,2.370,1.984
9494,2.356,1.984
9495,2.322,1.984
9496,2.263,1.984
9497,2.214,1.984
9498,2.165,1.984
9499,2.160,1.984
9500,2.234,1.984
9501,2.449,1.984
9502,2.713,1.984
9503,2.928,1.979
9504,3.006,1.979
9505,2.977,1.979
9506,2.845,1.979
9507,2.649,1.979
9508,2.454,1.979
9509,2.341,1.975
9510,2.336,1.975
9511,2.370,1.975
9512,2.390,1.975
9513,2.410,1.975
9514,2.405,1.975
9515,2.370,1.970
9516,2.312,1.970
9517,2.273,1.970
9518,2.248,1.970
9519,2.195,1.970
9520,2.165,1.970
9521,2.141,1.970
9522,2.219,1.965
9523,2.424,1.965
9524,2.654,1.965
9525,2.898,1.965
9526,2.991,1.965
9527,2.967,1.965
9528,2.854,1.965
9529,2.722,1.965
9530,2.542,1.965
9531,2.419,1.965
9532,2.395,1.965
9533,2.424,1.960
9534,2.429,1.960
9535,2.434,1.960
9536,2.414,1.960
9537,2.390,1.960
9538,2.336,1.960
9539,2.307,1.960
9540,2.253,1.960
9541,2.229,1.960
9542,2.170,1.960
9543,2.165,1.960
9544,2.155,1.960
9545,2.258,1.960
9546,2.468,1.960
9547,2.732,1.960
9548,2.918,1.960
9549,2.972,1.960
9550,2.913,1.965
9551,2.776,1.965
9552,2.590,1.960
9553,2.454,1.965
9554,2.380,1.965
9555,2.370,1.965
9556,2.375,1.965
9557,2.400,1.965
9558,2.444,1.965
9559,2.424,1.965
9560,2.361,1.965
9561,2.312,1.965
9562,2.243,1.970
9563,2.199,1.965
9564,2.160,1.970
9565,2.155,1.970
9566,2.155,1.970
9567,2.214,1.970
9568,2.405,1.970
9569,2.644,1.975
9570,2.854,1.975
9571,2.962,1.975
9572,2.928,1.975
9573,2.796,1.975
9574,2.630,1.975
9575,2.468,1.979
9576,2.366,1.979
9577,2.366,1.979
9578,2.370,1.979
9579,2.385,1.984
9580,2.375,1.979
9581,2.380,1.984
9582,2.361,1.984
9583,2.312,1.984
9584,2.273,1.989
9585,2.219,1.984
9586,2.199,1.989
9587,2.165,1.989
9588,2.175,1.989
9589,2.278,1.989
9590,2.473,1.989
9591,2.683,1.994
9592,2.864,1.989
9593,2.952,1.994
9594,2.893,1.994
9595,2.805,1.994
9596,2.605,1.994
9597,2.434,1.999
9598,2.361,1.999
9599,2.331,1.999
9600,2.331,1.999
9601,2.331,1.999
9602,2.385,2.004
9603,2.380,1.999
9604,2.322,2.004
9605,2.312,2.004
9606,2.258,2.004
9607,2.214,2.004
9608,2.185,2.004
9609,2.155,2.009
9610,2.136,2.004
9611,2.151,2.009
9612,2.278,2.009
9613,2.483,2.009
9614,2.713,2.009
9615,2.884,2.009
9616,2.913,2.014
9617,2.840,2.009
9618,2.683,2.014
9619,2.546,2.014
9620,2.429,2.014
9621,2.385,2.014
9622,2.405,2.014
9623,2.434,2.019
9624,2.444,2.014
9625,2.458,2.019
9626,2.414,2.019
9627,2.366,2.019
9628,2.317,2.019
9629,2.253,2.019
9630,2.199,2.023
9631,2.165,2.019
9632,2.170,2.023
9633,2.185,2.023
9634,2.214,2.023
9635,2.356,2.023
9636,2.590,2.023
9637,2.776,2.028
9638,2.889,2.023
9639,2.879,2.028
9640,2.791,2.028
9641,2.664,2.028
9642,2.522,2.028
9643,2.410,2.028
9644,2.380,2.033
9645,2.390,2.028
9646,2.434,2.033
9647,2.449,2.028
9648,2.434,2.033
9649,2.405,2.033
9650,2.375,2.033
9651,2.356,2.033
9652,2.302,2.033
9653,2.253,2.033
9654,2.209,2.033
9655,2.199,2.033
9656,2.273,2.033
9657,2.444,2.038
9658,2.683,2.033
9659,2.835,2.038
9660,2.937,2.038
9661,2.923,2.033
9662,2.801,2.038
9663,2.630,2.038
9664,2.478,2.038
9665,2.434,2.038
9666,2.434,2.038
9667,2.444,2.038
9668,2.473,2.038
9669,2.512,2.043
9670,2.463,2.038
9671,2.414,2.043
9672,2.370,2.038
9673,2.336,2.043
9674,2.292,2.043
9675,2.209,2.043
9676,2.224,2.043
9677,2.234,2.043
9678,2.283,2.043
9679,2.454,2.043
9680,2.674,2.048
9681,2.908,2.043
9682,3.021,2.048
9683,3.011,2.048
9684,2.928,2.048
9685,2.781,2.048
9686,2.620,2.048
9687,2.488,2.048
9688,2.434,2.048
9689,2.424,2.048
9690,2.463,2.048
9691,2.498,2.048
9692,2.483,2.048
9693,2.449,2.048
9694,2.419,2.053
9695,2.390,2.053
9696,2.336,2.053
9697,2.307,2.053
9698,2.283,2.053
9699,2.287,2.053
9700,2.419,2.053
9701,2.634,2.053
9702,2.854,2.053
9703,2.972,2.053
9704,2.991,2.053
9705,2.913,2.053
9706,2.781,2.058
9707,2.654,2.053
9708,2.522,2.058
9709,2.434,2.058
9710,2.444,2.058
9711,2.458,2.058
9712,2.507,2.058
9713,2.522,2.058
9714,2.483,2.058
9715,2.454,2.058
9716,2.424,2.058
9717,2.380,2.058
9718,2.356,2.058
9719,2.331,2.063
9720,2.346,2.063
9721,2.483,2.063
9722,2.664,2.063
9723,2.903,2.063
9724,3.025,2.063
9725,3.001,2.063
9726,2.937,2.063
9727,2.791,2.063
9728,2.634,2.063
9729,2.517,2.063
9730,2.478,2.063
9731,2.507,2.063
9732,2.532,2.063
9733,2.537,2.063
9734,2.522,2.063
9735,2.493,2.063
9736,2.483,2.063
9737,2.390,2.063
9738,2.366,2.063
9739,2.326,2.063
9740,2.312,2.063
9741,2.361,2.063
9742,2.507,2.067
9743,2.757,2.063
9744,2.986,2.067
9745,3.109,2.063
9746,3.104,2.067
9747,3.006,2.067
9748,2.864,2.063
9749,2.713,2.067
9750,2.605,2.063
9751,2.527,2.067
9752,2.532,2.063
9753,2.527,2.067
9754,2.542,2.067
9755,2.532,2.067
9756,2.502,2.067
9757,2.458,2.067
9758,2.424,2.067
9759,2.390,2.067
9760,2.341,2.067
9761,2.322,2.067
9762,2.336,2.067
9763,2.439,2.067
9764,2.644,2.067
9765,2.830,2.072
9766,3.021,2.067
9767,3.069,2.072
9768,2.991,2.067
9769,2.859,2.072
9770,2.639,2.067
9771,2.556,2.072
9772,2.498,2.072
9773,2.517,2.072
9774,2.507,2.072
9775,2.581,2.072
9776,2.595,2.072
9777,2.566,2.072
9778,2.512,2.072
9779,2.424,2.072
9780,2.375,2.072
9781,2.341,2.072
9782,2.292,2.072
9783,2.297,2.077
9784,2.410,2.072
9785,2.595,2.077
9786,2.840,2.072
9787,3.021,2.077
9788,3.104,2.077
9789,3.055,2.077
9790,2.918,2.077
9791,2.737,2.077
9792,2.576,2.077
9793,2.468,2.077
9794,2.439,2.077
9795,2.483,2.077
9796,2.488,2.077
9797,2.507,2.077
9798,2.512,2.077
9799,2.483,2.077
9800,2.449,2.077
9801,2.375,2.082
9802,2.341,2.077
9803,2.297,2.082
9804,2.278,2.077
9805,2.395,2.077
9806,2.576,2.082
9807,2.854,2.082
9808,3.006,2.082
9809,3.060,2.077
9810,3.035,2.082
9811,2.884,2.082
9812,2.742,2.082
9813,2.586,2.082
9814,2.488,2.082
9815,2.483,2.082
9816,2.532,2.082
9817,2.522,2.082
9818,2.561,2.082
9819,2.527,2.082
9820,2.458,2.082
9821,2.375,2.082
9822,2.312,2.082
9823,2.268,2.082
9824,2.209,2.087
9825,2.229,2.082
9826,2.414,2.087
9827,2.639,2.087
9828,2.889,2.082
9829,3.060,2.082
9830,3.040,2.082
9831,2.981,2.082
9832,2.830,2.082
9833,2.674,2.087
9834,2.512,2.082
9835,2.429,2.087
9836,2.410,2.087
9837,2.454,2.082
9838,2.473,2.087
9839,2.478,2.082
9840,2.444,2.087
9841,2.405,2.082
9842,2.361,2.087
9843,2.336,2.087
9844,2.283,2.087
9845,2.239,2.087
9846,2.185,2.082
9847,2.204,2.087
9848,2.312,2.082
9849,2.561,2.087
9850,2.815,2.087
9851,2.977,2.087
9852,3.001,2.087
9853,2.918,2.087
9854,2.786,2.087
9855,2.605,2.087
9856,2.449,2.087
9857,2.414,2.082
9858,2.424,2.087
9859,2.424,2.087
9860,2.454,2.087
9861,2.458,2.087
9862,2.429,2.087
9863,2.375,2.092
9864,2.317,2.087
9865,2.263,2.092
9866,2.219,2.087
9867,2.165,2.092
9868,2.190,2.087
9869,2.326,2.087
9870,2.542,2.092
9871,2.766,2.087
9872,2.913,2.092
9873,2.942,2.092
9874,2.849,2.092
9875,2.717,2.092
9876,2.551,2.092
9877,2.395,2.092
9878,2.370,2.092
9879,2.375,2.092
9880,2.375,2.092
9881,2.410,2.092
9882,2.410,2.092
9883,2.380,2.092
9884,2.322,2.092
9885,2.263,2.092
9886,2.195,2.092
9887,2.180,2.092
9888,2.170,2.092
9889,2.175,2.092
9890,2.278,2.092
9891,2.483,2.092
9892,2.708,2.092
9893,2.874,2.092
9894,2.937,2.092
9895,2.889,2.092
9896,2.771,2.092
9897,2.610,2.092
9898,2.458,2.092
9899,2.370,2.092
9900,2.322,2.092
9901,2.326,2.092
9902,2.351,2.092
9903,2.375,2.092
9904,2.370,2.092
9905,2.326,2.092
9906,2.297,2.092
9907,2.258,2.092
9908,2.209,2.092
9909,2.175,2.092
9910,2.151,2.092
9911,2.209,2.092
9912,2.370,2.092
9913,2.566,2.092
9914,2.742,2.092
9915,2.825,2.092
9916,2.791,2.092
9917,2.698,2.092
9918,2.576,2.092
9919,2.449,2.092
9920,2.375,2.092
9921,2.375,2.092
9922,2.380,2.092
9923,2.375,2.092
9924,2.390,2.092
9925,2.356,2.092
9926,2.331,2.087
9927,2.307,2.092
9928,2.263,2.087
9929,2.209,2.087
9930,2.151,2.087
9931,2.175,2.087
9932,2.253,2.087
9933,2.429,2.087
9934,2.590,2.087
9935,2.742,2.082
9936,2.815,2.087
9937,2.776,2.082
9938,2.659,2.082
9939,2.517,2.082
9940,2.400,2.082
9941,2.351,2.082
9942,2.341,2.077
9943,2.351,2.082
9944,2.370,2.077
9945,2.375,2.077
9946,2.366,2.077
9947,2.326,2.077
9948,2.283,2.077
9949,2.239,2.072
9950,2.224,2.072
9951,2.185,2.067
9952,2.239,2.072
9953,2.375,2.067
9954,2.576,2.067
9955,2.717,2.067
9956,2.791,2.063
9957,2.796,2.067
9958,2.698,2.063
9959,2.571,2.063
9960,2.458,2.063
9961,2.380,2.063
9962,2.341,2.063
9963,2.351,2.058
9964,2.356,2.058
9965,2.361,2.058
9966,2.341,2.058
9967,2.317,2.053
9968,2.302,2.058
9969,2.258,2.053
9970,2.234,2.053
9971,2.243,2.053
9972,2.209,2.048
9973,2.234,2.053
9974,2.351,2.048
9975,2.537,2.048
9976,2.688,2.048
9977,2.786,2.048
9978,2.781,2.043
9979,2.737,2.043
9980,2.595,2.043
9981,2.478,2.043
9982,2.395,2.043
9983,2.366,2.038
9984,2.351,2.043
9985,2.370,2.038
9986,2.390,2.038
9987,2.385,2.038
9988,2.370,2.038
9989,2.331,2.038
9990,2.287,2.033
9991,2.204,2.033
9992,2.170,2.033
9993,2.185,2.028
9994,2.190,2.028
9995,2.268,2.028
9996,2.424,2.028
9997,2.600,2.023
9998,2.713,2.023
9999,2.722,2.019
10000,2.703,2.023
10001,2.546,2.019
10002,2.444,2.019
10003,2.370,2.014
10004,2.351,2.014
10005,2.346,2.014
10006,2.331,2.009
10007,2.326,2.009
10008,2.326,2.004
10009,2.326,2.004
10010,2.317,1.999
10011,2.287,1.999
10012,2.243,1.999
10013,2.239,1.994
10014,2.234,1.994
10015,2.278,1.989
10016,2.395,1.989
10017,2.512,1.984
10018,2.669,1.984
10019,2.713,1.979
10020,2.688,1.979
10021,2.649,1.979
10022,2.532,1.975
10023,2.458,1.975
10024,2.405,1.970
10025,2.331,1.970
10026,2.395,1.965
10027,2.414,1.970
10028,2.414,1.965
10029,2.385,1.965
10030,2.375,1.965
10031,2.326,1.960
10032,2.278,1.960
10033,2.258,1.960
10034,2.248,1.955
10035,2.229,1.955
10036,2.302,1.955
10037,2.478,1.955
10038,2.678,1.955
10039,2.815,1.955
10040,2.840,1.950
10041,2.849,1.950
10042,2.786,1.950
10043,2.649,1.950
10044,2.546,1.950
10045,2.463,1.950
10046,2.444,1.950
10047,2.473,1.950
10048,2.478,1.950
10049,2.478,1.950
10050,2.439,1.950
10051,2.395,1.950
10052,2.356,1.950
10053,2.302,1.945
10054,2.307,1.950
10055,2.273,1.950
10056,2.268,1.950
10057,2.292,1.950
10058,2.414,1.950
10059,2.630,1.950
10060,2.796,1.950
10061,2.889,1.950
10062,2.903,1.950
10063,2.835,1.955
10064,2.708,1.955
10065,2.605,1.955
10066,2.517,1.955
10067,2.458,1.955
10068,2.507,1.955
10069,2.527,1.955
10070,2.546,1.960
10071,2.498,1.960
10072,2.468,1.960
10073,2.439,1.960
10074,2.419,1.960
10075,2.390,1.960
10076,2.356,1.965
10077,2.370,1.965
10078,2.542,1.965
10079,2.752,1.965
10080,2.937,1.965
10081,3.025,1.970
10082,3.016,1.965
10083,2.928,1.970
10084,2.776,1.970
10085,2.634,1.970
10086,2.542,1.970
10087,2.507,1.970
10088,2.498,1.975
10089,2.571,1.970
10090,2.590,1.975
10091,2.590,1.970
10092,2.542,1.975
10093,2.512,1.975
10094,2.463,1.975
10095,2.370,1.975
10096,2.351,1.975
10097,2.341,1.975
10098,2.463,1.975
10099,2.664,1.975
10100,2.903,1.975
10101,3.055,1.979
10102,3.118,1.979
10103,3.060,1.979
10104,2.928,1.979
10105,2.766,1.979
10106,2.659,1.979
10107,2.586,1.979
10108,2.571,1.979
10109,2.595,1.979
10110,2.600,1.979
10111,2.586,1.979
10112,2.566,1.979
10113,2.493,1.979
10114,2.449,1.979
10115,2.395,1.984
10116,2.331,1.984
10117,2.322,1.984
10118,2.356,1.984
10119,2.473,1.984
10120,2.688,1.984
10121,2.947,1.984
10122,3.074,1.989
10123,3.094,1.989
10124,3.001,1.989
10125,2.859,1.989
10126,2.688,1.989
10127,2.566,1.989
10128,2.478,1.989
10129,2.493,1.994
10130,2.537,1.994
10131,2.542,1.994
10132,2.532,1.994
10133,2.488,1.994
10134,2.468,1.994
10135,2.424,1.999
10136,2.331,1.994
10137,2.341,1.999
10138,2.297,1.999
10139,2.322,1.999
10140,2.454,1.999
10141,2.664,1.999
10142,2.889,1.999
10143,2.996,1.999
10144,3.011,2.004
10145,2.928,1.999
10146,2.791,1.999
10147,2.634,2.004
10148,2.512,1.999
10149,2.498,2.004
10150,2.488,2.004
10151,2.517,2.004
10152,2.522,1.999
10153,2.493,2.004
10154,2.498,2.004
10155,2.444,2.004
10156,2.395,2.004
10157,2.326,2.004
10158,2.273,2.004
10159,2.263,2.004
10160,2.351,2.009
10161,2.532,2.004
10162,2.805,2.004
10163,2.957,2.004
10164,3.030,2.004
10165,2.986,2.009
10166,2.859,2.004
10167,2.698,2.009
10168,2.581,2.004
10169,2.478,2.009
10170,2.458,2.009
10171,2.488,2.009
10172,2.512,2.009
10173,2.512,2.009
10174,2.502,2.009
10175,2.463,2.009
10176,2.414,2.009
10177,2.351,2.009
10178,2.287,2.009
10179,2.263,2.009
10180,2.278,2.009
10181,2.366,2.014
10182,2.546,2.009
10183,2.830,2.009
10184,3.006,2.009
10185,3.069,2.014
10186,3.006,2.009
10187,2.864,2.014
10188,2.713,2.009
10189,2.566,2.014
10190,2.444,2.014
10191,2.390,2.014
10192,2.444,2.014
10193,2.444,2.014
10194,2.483,2.014
10195,2.458,2.014
10196,2.434,2.014
10197,2.400,2.014
10198,2.336,2.014
10199,2.263,2.014
10200,2.214,2.014
10201,2.214,2.014
10202,2.312,2.014
10203,2.615,2.019
10204,2.840,2.019
10205,2.972,2.019
10206,2.972,2.019
10207,2.889,2.019
10208,2.757,2.019
10209,2.600,2.019
10210,2.458,2.019
10211,2.410,2.023
10212,2.419,2.019
10213,2.454,2.023
10214,2.483,2.023
10215,2.463,2.023
10216,2.424,2.023
10217,2.400,2.023
10218,2.366,2.023
10219,2.302,2.023
10220,2.239,2.023
10221,2.224,2.023
10222,2.229,2.023
10223,2.444,2.028
10224,2.654,2.028
10225,2.859,2.028
10226,2.967,2.028
10227,2.928,2.028
10228,2.840,2.028
10229,2.669,2.028
10230,2.493,2.028
10231,2.414,2.033
10232,2.380,2.033
10233,2.419,2.033
10234,2.468,2.033
10235,2.473,2.033
10236,2.468,2.033
10237,2.400,2.033
10238,2.336,2.033
10239,2.278,2.033
10240,2.229,2.033
10241,2.248,2.033
10242,2.243,2.033
10243,2.341,2.033
10244,2.571,2.033
10245,2.805,2.038
10246,2.918,2.038
10247,2.977,2.038
10248,2.889,2.038
10249,2.761,2.038
10250,2.610,2.038
10251,2.478,2.038
10252,2.429,2.038
10253,2.414,2.038
10254,2.439,2.038
10255,2.434,2.038
10256,2.429,2.038
10257,2.424,2.038
10258,2.385,2.043
10259,2.341,2.043
10260,2.268,2.043
10261,2.248,2.043
10262,2.219,2.043
10263,2.214,2.043
10264,2.351,2.043
10265,2.556,2.043
10266,2.761,2.043
10267,2.889,2.043
10268,2.952,2.043
10269,2.884,2.043
10270,2.757,2.043
10271,2.586,2.048
10272,2.439,2.048
10273,2.395,2.043
10274,2.380,2.048
10275,2.405,2.048
10276,2.434,2.048
10277,2.434,2.048
10278,2.405,2.048
10279,2.380,2.048
10280,2.341,2.048
10281,2.268,2.048
10282,2.253,2.048
10283,2.190,2.048
10284,2.219,2.048
10285,2.312,2.048
10286,2.537,2.048
10287,2.722,2.048
10288,2.859,2.053
10289,2.845,2.053
10290,2.820,2.053
10291,2.688,2.053
10292,2.502,2.053
10293,2.424,2.053
10294,2.400,2.053
10295,2.419,2.053
10296,2.414,2.053
10297,2.439,2.053
10298,2.419,2.053
10299,2.375,2.053
10300,2.331,2.053
10301,2.292,2.053
10302,2.258,2.053
10303,2.239,2.058
10304,2.253,2.058
10305,2.346,2.058
10306,2.527,2.058
10307,2.737,2.058
10308,2.889,2.058
10309,2.913,2.058
10310,2.879,2.058
10311,2.713,2.058
10312,2.561,2.058
10313,2.439,2.058
10314,2.370,2.058
10315,2.390,2.063
10316,2.429,2.058
10317,2.468,2.063
10318,2.463,2.058
10319,2.414,2.063
10320,2.351,2.058
10321,2.287,2.063
10322,2.229,2.058
10323,2.229,2.063
10324,2.229,2.063
10325,2.317,2.058
10326,2.493,2.063
10327,2.752,2.063
10328,2.898,2.063
10329,2.947,2.063
10330,2.893,2.063
10331,2.752,2.063
10332,2.620,2.063
10333,2.517,2.067
10334,2.449,2.063
10335,2.449,2.067
10336,2.473,2.063
10337,2.483,2.067
10338,2.444,2.067
10339,2.434,2.067
10340,2.395,2.067
10341,2.336,2.067
10342,2.278,2.067
10343,2.248,2.067
10344,2.224,2.067
10345,2.312,2.067
10346,2.517,2.067
10347,2.752,2.067
10348,2.918,2.067
10349,2.962,2.067
10350,2.928,2.067
10351,2.796,2.072
10352,2.654,2.072
10353,2.512,2.072
10354,2.449,2.072
10355,2.439,2.072
10356,2.444,2.072
10357,2.493,2.072
10358,2.493,2.072
10359,2.468,2.072
10360,2.424,2.072
10361,2.380,2.072
10362,2.331,2.072
10363,2.312,2.072
10364,2.292,2.072
10365,2.341,2.077
10366,2.493,2.072
10367,2.717,2.077
10368,2.884,2.072
10369,2.981,2.077
10370,2.962,2.072
10371,2.864,2.072
10372,2.727,2.072
10373,2.581,2.072
10374,2.507,2.072
10375,2.512,2.072
10376,2.527,2.077
10377,2.556,2.072
10378,2.507,2.077
10379,2.512,2.072
10380,2.434,2.072
10381,2.405,2.072
10382,2.326,2.072
10383,2.283,2.072
10384,2.278,2.072
10385,2.361,2.072
10386,2.561,2.072
10387,2.781,2.072
10388,2.972,2.072
10389,3.084,2.072
10390,3.021,2.072
10391,2.913,2.072
10392,2.727,2.072
10393,2.556,2.072
10394,2.502,2.072
10395,2.468,2.072
10396,2.458,2.072
10397,2.546,2.072
10398,2.546,2.072
10399,2.527,2.072
10400,2.483,2.072
10401,2.429,2.077
10402,2.356,2.072
10403,2.317,2.077
10404,2.278,2.072
10405,2.366,2.077
10406,2.556,2.072
10407,2.796,2.072
10408,3.011,2.077
10409,3.118,2.072
10410,3.109,2.077
10411,2.991,2.077
10412,2.840,2.077
10413,2.669,2.072
10414,2.551,2.077
10415,2.522,2.077
10416,2.532,2.077
10417,2.576,2.077
10418,2.566,2.072
10419,2.546,2.077
10420,2.507,2.072
10421,2.434,2.077
10422,2.395,2.077
10423,2.341,2.077
10424,2.312,2.077
10425,2.341,2.077
10426,2.502,2.077
10427,2.722,2.077
10428,3.021,2.077
10429,3.113,2.077
10430,3.113,2.077
10431,2.981,2.077
10432,2.835,2.077
10433,2.654,2.077
10434,2.576,2.077
10435,2.551,2.077
10436,2.586,2.077
10437,2.586,2.077
10438,2.590,2.077
10439,2.546,2.077
10440,2.502,2.077
10441,2.429,2.077
10442,2.385,2.072
10443,2.322,2.072
10444,2.278,2.072
10445,2.317,2.072
10446,2.458,2.072
10447,2.717,2.067
10448,2.967,2.067
10449,3.138,2.067
10450,3.167,2.067
10451,3.045,2.067
10452,2.884,2.063
10453,2.630,2.063
10454,2.483,2.058
10455,2.478,2.058
10456,2.488,2.058
10457,2.493,2.053
10458,2.488,2.053
10459,2.454,2.048
10460,2.419,2.048
10461,2.361,2.048
10462,2.317,2.043
10463,2.258,2.043
10464,2.224,2.038
10465,2.302,2.038
10466,2.478,2.038
10467,2.757,2.033
10468,2.981,2.033
10469,3.128,2.028
10470,3.133,2.028
10471,3.035,2.023
10472,2.859,2.023
10473,2.683,2.019
10474,2.546,2.019
10475,2.488,2.014
10476,2.463,2.014
10477,2.493,2.009
10478,2.493,2.009
10479,2.468,2.009
10480,2.395,2.004
10481,2.326,1.999
10482,2.283,1.999
10483,2.214,1.994
10484,2.180,1.994
10485,2.155,1.994
10486,2.224,1.989
10487,2.405,1.989
10488,2.674,1.984
10489,2.908,1.984
10490,3.040,1.984
10491,3.055,1.984
10492,2.957,1.979
10493,2.786,1.979
10494,2.590,1.979
10495,2.483,1.975
10496,2.424,1.975
10497,2.419,1.975
10498,2.414,1.975
10499,2.424,1.975
10500,2.370,1.970
10501,2.331,1.970
10502,2.317,1.970
10503,2.243,1.970
10504,2.209,1.970
10505,2.165,1.970
10506,2.146,1.970
10507,2.170,1.970
10508,2.351,1.970
10509,2.546,1.970
10510,2.757,1.970
10511,2.889,1.970
10512,2.874,1.970
10513,2.796,1.970
10514,2.688,1.970
10515,2.522,1.970
10516,2.410,1.970
10517,2.336,1.970
10518,2.341,1.970
10519,2.356,1.970
10520,2.375,1.970
10521,2.346,1.970
10522,2.292,1.970
10523,2.258,1.970
10524,2.209,1.970
10525,2.151,1.970
10526,2.126,1.970
10527,2.082,1.970
10528,2.082,1.970
10529,2.180,1.970
10530,2.351,1.970
10531,2.576,1.970
10532,2.791,1.970
10533,2.835,1.965
10534,2.825,1.965
10535,2.747,1.965
10536,2.610,1.965
10537,2.473,1.970
10538,2.375,1.965
10539,2.336,1.965
10540,2.356,1.965
10541,2.356,1.965
10542,2.341,1.965
10543,2.336,1.965
10544,2.307,1.965
10545,2.243,1.965
10546,2.185,1.965
10547,2.121,1.965
10548,2.087,1.965
10549,2.102,1.965
10550,2.102,1.965
10551,2.219,1.965
10552,2.395,1.965
10553,2.581,1.965
10554,2.717,1.965
10555,2.737,1.965
10556,2.713,1.965
10557,2.595,1.965
10558,2.478,1.965
10559,2.385,1.965
10560,2.326,1.965
10561,2.302,1.965
10562,2.302,1.965
10563,2.312,1.965
10564,2.317,1.965
10565,2.278,1.965
10566,2.253,1.965
10567,2.214,1.965
10568,2.175,1.965
10569,2.146,1.965
10570,2.067,1.965
10571,2.097,1.965
10572,2.121,1.965
10573,2.268,1.965
10574,2.463,1.970
10575,2.625,1.965
10576,2.737,1.970
10577,2.722,1.970
10578,2.659,1.970
10579,2.566,1.970
10580,2.439,1.970
10581,2.351,1.970
10582,2.302,1.970
10583,2.297,1.970
10584,2.326,1.970
10585,2.312,1.970
10586,2.312,1.970
10587,2.263,1.965
10588,2.229,1.965
10589,2.175,1.965
10590,2.141,1.965
10591,2.121,1.960
10592,2.190,1.960
10593,2.302,1.960
10594,2.512,1.960
10595,2.674,1.955
10596,2.757,1.955
10597,2.776,1.955
10598,2.693,1.950
10599,2.581,1.950
10600,2.468,1.950
10601,2.390,1.945
10602,2.356,1.945
10603,2.370,1.940
10604,2.356,1.940
10605,2.385,1.940
10606,2.346,1.935
10607,2.336,1.935
10608,2.307,1.931
10609,2.278,1.931
10610,2.224,1.931
10611,2.180,1.926
10612,2.170,1.926
10613,2.199,1.921
10614,2.326,1.921
10615,2.532,1.916
10616,2.708,1.916
10617,2.820,1.911
10618,2.815,1.911
10619,2.747,1.906
10620,2.595,1.906
10621,2.542,1.906
10622,2.439,1.901
10623,2.405,1.901
10624,2.414,1.896
10625,2.429,1.896
10626,2.419,1.891
10627,2.419,1.891
10628,2.366,1.891
10629,2.326,1.887
10630,2.297,1.887
10631,2.263,1.887
10632,2.224,1.882
10633,2.214,1.882
10634,2.258,1.877
10635,2.414,1.877
10636,2.595,1.877
10637,2.776,1.877
10638,2.889,1.877
10639,2.879,1.872
10640,2.820,1.872
10641,2.678,1.872
10642,2.566,1.872
10643,2.498,1.867
10644,2.468,1.867
10645,2.463,1.867
10646,2.478,1.867
10647,2.478,1.867
10648,2.478,1.867
10649,2.434,1.867
10650,2.419,1.867
10651,2.375,1.867
10652,2.322,1.867
10653,2.292,1.867
10654,2.307,1.867
10655,2.400,1.867
10656,2.669,1.867
10657,2.884,1.867
10658,3.040,1.867
10659,3.065,1.867
10660,2.986,1.867
10661,2.893,1.867
10662,2.737,1.872
10663,2.634,1.872
10664,2.556,1.872
10665,2.561,1.872
10666,2.561,1.872
10667,2.571,1.877
10668,2.546,1.877
10669,2.512,1.877
10670,2.463,1.877
10671,2.405,1.882
10672,2.331,1.882
10673,2.283,1.882
10674,2.239,1.882
10675,2.297,1.887
10676,2.458,1.887
10677,2.717,1.887
10678,3.001,1.891
10679,3.172,1.891
10680,3.162,1.891
10681,3.109,1.891
10682,2.947,1.891
10683,2.757,1.896
10684,2.620,1.896
10685,2.566,1.901
10686,2.556,1.901
10687,2.600,1.901
10688,2.600,1.901
10689,2.561,1.906
10690,2.512,1.906
10691,2.439,1.906
10692,2.380,1.911
10693,2.341,1.911
10694,2.326,1.911
10695,2.297,1.911
10696,2.331,1.916
10697,2.449,1.916
10698,2.688,1.916
10699,2.957,1.916
10700,3.128,1.921
10701,3.152,1.921
10702,3.050,1.921
10703,2.928,1.921
10704,2.786,1.921
10705,2.644,1.926
10706,2.542,1.926
10707,2.566,1.926
10708,2.581,1.926
10709,2.561,1.926
10710,2.561,1.926
10711,2.493,1.926
10712,2.424,1.931
10713,2.370,1.931
10714,2.326,1.931
10715,2.287,1.931
10716,2.331,1.931
10717,2.405,1.935
10718,2.639,1.935
10719,2.884,1.935
10720,3.113,1.935
10721,3.187,1.935
10722,3.138,1.935
10723,2.981,1.940
10724,2.771,1.940
10725,2.595,1.940
10726,2.483,1.940
10727,2.463,1.940
10728,2.498,1.940
10729,2.542,1.940
10730,2.542,1.945
10731,2.493,1.945
10732,2.454,1.945
10733,2.370,1.945
10734,2.361,1.945
10735,2.292,1.945
10736,2.248,1.950
10737,2.268,1.950
10738,2.414,1.950
10739,2.669,1.950
10740,2.942,1.950
10741,3.104,1.955
10742,3.133,1.955
10743,3.065,1.955
10744,2.918,1.955
10745,2.722,1.955
10746,2.551,1.955
10747,2.439,1.955
10748,2.468,1.955
10749,2.502,1.955
10750,2.537,1.960
10751,2.502,1.960
10752,2.449,1.960
10753,2.390,1.960
10754,2.346,1.960
10755,2.292,1.960
10756,2.263,1.960
10757,2.204,1.960
10758,2.253,1.960
10759,2.366,1.965
10760,2.605,1.965
10761,2.845,1.965
10762,3.011,1.965
10763,3.021,1.965
10764,2.986,1.965
10765,2.849,1.965
10766,2.678,1.965
10767,2.542,1.965
10768,2.478,1.970
10769,2.463,1.970
10770,2.439,1.970
10771,2.473,1.970
10772,2.463,1.970
10773,2.424,1.970
10774,2.361,1.970
10775,2.302,1.970
10776,2.253,1.970
10777,2.209,1.975
10778,2.185,1.975
10779,2.219,1.975
10780,2.366,1.975
10781,2.620,1.975
10782,2.854,1.975
10783,2.972,1.975
10784,2.972,1.975
10785,2.889,1.975
10786,2.717,1.975
10787,2.542,1.975
10788,2.424,1.975
10789,2.361,1.975
10790,2.375,1.975
10791,2.429,1.975
10792,2.424,1.975
10793,2.410,1.975
10794,2.375,1.975
10795,2.336,1.975
10796,2.287,1.975
10797,2.248,1.975
10798,2.204,1.975
10799,2.204,1.975
10800,2.312,1.975
10801,2.522,1.975
10802,2.757,1.975
10803,2.977,1.975
10804,3.035,1.975
10805,2.957,1.975
10806,2.840,1.975
10807,2.669,1.975
10808,2.537,1.975
10809,2.439,1.975
10810,2.434,1.975
10811,2.454,1.975
10812,2.458,1.975
10813,2.478,1.975
10814,2.414,1.975
10815,2.375,1.970
10816,2.331,1.975
10817,2.283,1.970
10818,2.243,1.975
10819,2.209,1.970
10820,2.243,1.970
10821,2.400,1.970
10822,2.610,1.970
10823,2.854,1.975
10824,3.006,1.975
10825,3.001,1.975
10826,2.918,1.975
10827,2.771,1.975
10828,2.566,1.970
10829,2.468,1.975
10830,2.410,1.970
10831,2.414,1.975
10832,2.439,1.975
10833,2.410,1.975
10834,2.375,1.975
10835,2.351,1.975
10836,2.307,1.975
10837,2.258,1.975
10838,2.204,1.975
10839,2.165,1.975
10840,2.190,1.975
10841,2.287,1.975
10842,2.507,1.975
10843,2.752,1.975
10844,2.903,1.975
10845,2.952,1.975
10846,2.869,1.975
10847,2.761,1.975
10848,2.586,1.975
10849,2.439,1.975
10850,2.356,1.975
10851,2.366,1.975
10852,2.366,1.979
10853,2.375,1.979
10854,2.395,1.979
10855,2.346,1.979
10856,2.322,1.979
10857,2.258,1.979
10858,2.224,1.979
10859,2.195,1.979
10860,2.170,1.979
10861,2.185,1.979
10862,2.317,1.979
10863,2.522,1.979
10864,2.737,1.984
10865,2.854,1.984
10866,2.884,1.984
10867,2.805,1.984
10868,2.664,1.984
10869,2.522,1.984
10870,2.395,1.984
10871,2.356,1.984
10872,2.341,1.989
10873,2.390,1.989
10874,2.414,1.989
10875,2.405,1.989
10876,2.356,1.989
10877,2.302,1.989
10878,2.258,1.989
10879,2.248,1.989
10880,2.209,1.989
10881,2.175,1.994
10882,2.214,1.994
10883,2.346,1.994
10884,2.586,1.994
10885,2.781,1.994
10886,2.859,1.994
10887,2.835,1.994
10888,2.752,1.994
10889,2.639,1.994
10890,2.517,1.994
10891,2.429,1.999
10892,2.336,1.994
10893,2.336,1.999
10894,2.351,1.999
10895,2.317,1.999
10896,2.302,1.999
10897,2.263,1.999
10898,2.229,1.999
10899,2.219,1.999
10900,2.199,1.999
10901,2.180,1.999
10902,2.170,1.999
10903,2.190,1.999
10904,2.283,1.999
10905,2.473,1.999
10906,2.644,1.999
10907,2.771,2.004
10908,2.864,2.004
10909,2.766,2.004
10910,2.659,2.004
10911,2.527,2.004
10912,2.410,2.004
10913,2.326,2.004
10914,2.326,2.004
10915,2.346,2.004
10916,2.366,2.004
10917,2.385,2.004
10918,2.356,2.004
10919,2.307,2.004
10920,2.258,2.009
10921,2.199,2.009
10922,2.160,2.004
10923,2.146,2.009
10924,2.146,2.009
10925,2.141,2.009
10926,2.248,2.009
10927,2.439,2.009
10928,2.630,2.009
10929,2.742,2.009
10930,2.771,2.009
10931,2.722,2.009
10932,2.620,2.009
10933,2.463,2.009
10934,2.405,2.009
10935,2.331,2.009
10936,2.307,2.009
10937,2.292,2.014
10938,2.331,2.014
10939,2.292,2.014
10940,2.283,2.014
10941,2.243,2.014
10942,2.204,2.014
10943,2.214,2.014
10944,2.190,2.014
10945,2.190,2.014
10946,2.155,2.014
10947,2.209,2.014
10948,2.346,2.014
10949,2.493,2.014
10950,2.649,2.014
10951,2.678,2.014
10952,2.664,2.019
10953,2.586,2.014
10954,2.468,2.019
10955,2.366,2.019
10956,2.273,2.019
10957,2.253,2.019
10958,2.302,2.019
10959,2.317,2.019
10960,2.302,2.019
10961,2.258,2.019
10962,2.253,2.019
10963,2.214,2.019
10964,2.199,2.019
10965,2.165,2.019
10966,2.141,2.023
10967,2.151,2.023
10968,2.224,2.023
10969,2.385,2.023
10970,2.561,2.023
10971,2.683,2.023
10972,2.703,2.023
10973,2.678,2.023
10974,2.605,2.023
10975,2.507,2.023
10976,2.400,2.023
10977,2.351,2.028
10978,2.341,2.028
10979,2.346,2.028
10980,2.361,2.028
10981,2.346,2.028
10982,2.322,2.028
10983,2.287,2.028
10984,2.248,2.028
10985,2.229,2.028
10986,2.190,2.028
10987,2.165,2.028
10988,2.155,2.028
10989,2.151,2.028
10990,2.199,2.028
10991,2.326,2.028
10992,2.512,2.028
10993,2.630,2.033
10994,2.669,2.028
10995,2.654,2.033
10996,2.581,2.033
10997,2.507,2.033
10998,2.419,2.033
10999,2.317,2.033
11000,2.283,2.033
11001,2.287,2.033
11002,2.341,2.033
11003,2.341,2.033
11004,2.292,2.033
11005,2.297,2.033
11006,2.278,2.033
11007,2.224,2.033
11008,2.199,2.033
11009,2.180,2.033
11010,2.141,2.033
11011,2.185,2.033
11012,2.307,2.033
11013,2.458,2.033
11014,2.610,2.033
11015,2.693,2.033
11016,2.703,2.038
11017,2.649,2.038
11018,2.571,2.038
11019,2.444,2.038
11020,2.370,2.038
11021,2.351,2.038
11022,2.370,2.038
11023,2.390,2.038
11024,2.400,2.038
11025,2.385,2.038
11026,2.375,2.038
11027,2.361,2.038
11028,2.326,2.038
11029,2.302,2.038
11030,2.273,2.038
11031,2.248,2.038
11032,2.234,2.038
11033,2.278,2.038
11034,2.395,2.043
11035,2.581,2.038
11036,2.757,2.038
11037,2.849,2.043
11038,2.840,2.043
11039,2.791,2.043
11040,2.698,2.043
11041,2.610,2.043
11042,2.537,2.043
11043,2.512,2.043
11044,2.527,2.043
11045,2.537,2.043
11046,2.517,2.043
11047,2.507,2.043
11048,2.478,2.043
11049,2.419,2.043
11050,2.395,2.043
11051,2.341,2.043
11052,2.326,2.043
11053,2.302,2.043
11054,2.283,2.043
11055,2.395,2.048
11056,2.581,2.043
11057,2.781,2.048
11058,2.937,2.043
11059,3.016,2.048
11060,2.952,2.048
11061,2.825,2.048
11062,2.713,2.048
11063,2.566,2.048
11064,2.458,2.048
11065,2.527,2.048
11066,2.556,2.048
11067,2.551,2.048
11068,2.546,2.048
11069,2.517,2.048
11070,2.507,2.048
11071,2.454,2.048
11072,2.424,2.048
11073,2.375,2.048
11074,2.346,2.048
11075,2.326,2.053
11076,2.326,2.053
11077,2.517,2.053
11078,2.742,2.053
11079,2.903,2.053
11080,3.040,2.053
11081,3.030,2.053
11082,2.918,2.053
11083,2.776,2.053
11084,2.556,2.053
11085,2.546,2.053
11086,2.546,2.053
11087,2.561,2.053
11088,2.571,2.053
11089,2.532,2.053
11090,2.507,2.053
11091,2.449,2.053
11092,2.410,2.053
11093,2.341,2.053
11094,2.390,2.053
11095,2.532,2.053
11096,2.776,2.053
11097,2.991,2.058
11098,3.045,2.058
11099,3.050,2.058
11100,2.942,2.058
11101,2.757,2.058
11102,2.502,2.058
11103,2.522,2.058
11104,2.561,2.058
11105,2.566,2.058
11106,2.561,2.058
11107,2.532,2.058
11108,2.488,2.058
11109,2.458,2.058
11110,2.424,2.058
11111,2.351,2.058
11112,2.385,2.058
11113,2.556,2.058
11114,2.801,2.058
11115,3.030,2.063
11116,3.138,2.058
11117,3.138,2.063
11118,3.025,2.058
11119,2.864,2.063
11120,2.600,2.063
11121,2.586,2.063
11122,2.595,2.063
11123,2.615,2.063
11124,2.590,2.063
11125,2.586,2.063
11126,2.522,2.063
11127,2.419,2.063
11128,2.366,2.063
11129,2.351,2.063
11130,2.400,2.063
11131,2.576,2.063
11132,2.825,2.063
11133,3.030,2.063
11134,3.143,2.063
11135,3.094,2.063
11136,2.781,2.063
11137,2.595,2.067
11138,2.537,2.063
11139,2.532,2.067
11140,2.571,2.067
11141,2.581,2.067
11142,2.581,2.067
11143,2.551,2.067
11144,2.483,2.067
11145,2.405,2.067
11146,2.361,2.067
11147,2.380,2.067
11148,2.483,2.067
11149,2.708,2.067
11150,2.962,2.067
11151,3.113,2.067
11152,3.152,2.067
11153,3.074,2.067
11154,2.747,2.067
11155,2.595,2.067
11156,2.517,2.067
11157,2.527,2.067
11158,2.561,2.067
11159,2.571,2.067
11160,2.556,2.067
11161,2.507,2.067
11162,2.473,2.067
11163,2.385,2.067
11164,2.370,2.067
11165,2.390,2.067
11166,2.502,2.067
11167,2.747,2.067
11168,2.986,2.067
11169,3.152,2.067
11170,3.152,2.067
11171,3.089,2.067
11172,2.747,2.067
11173,2.625,2.063
11174,2.546,2.063
11175,2.551,2.063
11176,2.542,2.063
11177,2.571,2.063
11178,2.542,2.063
11179,2.507,2.063
11180,2.405,2.058
11181,2.370,2.058
11182,2.336,2.058
11183,2.341,2.058
11184,2.493,2.058
11185,2.757,2.058
11186,2.991,2.058
11187,3.128,2.058
11188,3.123,2.053
11189,2.830,2.053
11190,2.644,2.053
11191,2.556,2.053
11192,2.502,2.053
11193,2.537,2.053
11194,2.551,2.048
11195,2.532,2.048
11196,2.527,2.048
11197,2.507,2.048
11198,2.400,2.048
11199,2.341,2.048
11200,2.312,2.048
11201,2.356,2.043
11202,2.507,2.043
11203,2.766,2.043
11204,2.991,2.043
11205,3.089,2.043
11206,3.094,2.043
11207,2.747,2.043
11208,2.546,2.043
11209,2.468,2.043
11210,2.463,2.043
11211,2.493,2.043
11212,2.512,2.043
11213,2.507,2.043
11214,2.458,2.043
11215,2.444,2.043
11216,2.322,2.043
11217,2.297,2.038
11218,2.302,2.043
11219,2.512,2.038
11220,2.761,2.043
11221,2.962,2.038
11222,3.094,2.043
11223,3.069,2.043
11224,2.962,2.038
11225,2.595,2.043
11226,2.488,2.038
11227,2.424,2.043
11228,2.410,2.043
11229,2.424,2.043
11230,2.400,2.043
11231,2.410,2.043
11232,2.380,2.043
11233,2.341,2.043
11234,2.263,2.043
11235,2.234,2.043
11236,2.278,2.043
11237,2.419,2.043
11238,2.674,2.043
11239,2.898,2.048
11240,3.011,2.048
11241,3.001,2.048
11242,2.678,2.048
11243,2.542,2.048
11244,2.414,2.048
11245,2.400,2.048
11246,2.410,2.048
11247,2.395,2.048
11248,2.390,2.053
11249,2.366,2.053
11250,2.326,2.053
11251,2.209,2.053
11252,2.195,2.053
11253,2.155,2.053
11254,2.136,2.053
11255,2.175,2.053
11256,2.351,2.053
11257,2.595,2.053
11258,2.845,2.053
11259,2.947,2.053
11260,2.810,2.053
11261,2.620,2.053
11262,2.454,2.053
11263,2.366,2.053
11264,2.370,2.053
11265,2.366,2.053
11266,2.385,2.053
11267,2.375,2.053
11268,2.351,2.053
11269,2.263,2.053
11270,2.214,2.053
11271,2.165,2.048
11272,2.121,2.048
11273,2.165,2.048
11274,2.297,2.048
11275,2.498,2.048
11276,2.708,2.043
11277,2.825,2.043
11278,2.727,2.038
11279,2.576,2.038
11280,2.400,2.038
11281,2.317,2.038
11282,2.302,2.033
11283,2.336,2.033
11284,2.385,2.033
11285,2.385,2.033
11286,2.375,2.028
11287,2.307,2.023
11288,2.224,2.023
11289,2.185,2.023
11290,2.151,2.023
11291,2.102,2.019
11292,2.126,2.019
11293,2.278,2.019
11294,2.512,2.014
11295,2.786,2.014
11296,2.889,2.014
11297,2.893,2.009
11298,2.796,2.009
11299,2.664,2.009
11300,2.502,2.009
11301,2.385,2.009
11302,2.326,2.004
11303,2.336,2.004
11304,2.263,1.999
11305,2.229,1.994
11306,2.199,1.994
11307,2.116,1.994
11308,2.116,1.994
11309,2.131,1.994
11310,2.155,1.994
11311,2.292,1.994
11312,2.473,1.994
11313,2.659,1.994
11314,2.766,1.989
11315,2.771,1.994
11316,2.659,1.989
11317,2.542,1.989
11318,2.419,1.989
11319,2.317,1.989
11320,2.273,1.989
11321,2.263,1.989
11322,2.268,1.989
11323,2.292,1.989
11324,2.287,1.989
11325,2.253,1.989
11326,2.224,1.989
11327,2.195,1.989
11328,2.190,1.989
11329,2.151,1.989
11330,2.102,1.989
11331,2.102,1.989
11332,2.116,1.989
11333,2.234,1.994
11334,2.419,1.994
11335,2.581,1.994
11336,2.698,1.994
11337,2.703,1.994
11338,2.620,1.994
11339,2.527,1.994
11340,2.424,1.999
11341,2.312,1.999
11342,2.273,1.999
11343,2.287,1.999
11344,2.307,1.999
11345,2.322,1.999
11346,2.307,1.999
11347,2.263,1.999
11348,2.243,2.004
11349,2.204,2.004
11350,2.165,2.004
11351,2.136,2.004
11352,2.126,2.004
11353,2.151,2.004
11354,2.253,2.004
11355,2.434,2.009
11356,2.586,2.009
11357,2.678,2.009
11358,2.659,2.009
11359,2.595,2.009
11360,2.498,2.009
11361,2.385,2.009
11362,2.326,2.014
11363,2.287,2.014
11364,2.302,2.014
11365,2.292,2.014
11366,2.302,2.014
11367,2.287,2.014
11368,2.278,2.014
11369,2.239,2.014
11370,2.224,2.014
11371,2.195,2.019
11372,2.146,2.019
11373,2.092,2.019
11374,2.121,2.019
11375,2.292,2.019
11376,2.488,2.019
11377,2.649,2.019
11378,2.693,2.019
11379,2.722,2.023
11380,2.654,2.023
11381,2.527,2.023
11382,2.424,2.023
11383,2.341,2.023
11384,2.331,2.023
11385,2.370,2.023
11386,2.390,2.023
11387,2.410,2.028
11388,2.385,2.023
11389,2.351,2.028
11390,2.312,2.028
11391,2.258,2.028
11392,2.224,2.028
11393,2.209,2.028
11394,2.204,2.028
11395,2.234,2.028
11396,2.400,2.028
11397,2.561,2.033
11398,2.717,2.033
11399,2.815,2.033
11400,2.805,2.033
11401,2.727,2.033
11402,2.600,2.033
11403,2.507,2.033
11404,2.424,2.033
11405,2.405,2.033
11406,2.390,2.033
11407,2.410,2.033
11408,2.444,2.033
11409,2.424,2.038
11410,2.410,2.038
11411,2.370,2.038
11412,2.331,2.038
11413,2.307,2.038
11414,2.302,2.038
11415,2.273,2.038
11416,2.341,2.038
11417,2.493,2.038
11418,2.683,2.038
11419,2.840,2.038
11420,2.903,2.038
11421,2.889,2.043
11422,2.796,2.043
11423,2.639,2.043
11424,2.532,2.043
11425,2.493,2.043
11426,2.517,2.043
11427,2.542,2.043
11428,2.546,2.043
11429,2.546,2.043
11430,2.493,2.043
11431,2.449,2.043
11432,2.390,2.043
11433,2.385,2.048
11434,2.351,2.048
11435,2.366,2.043
11436,2.419,2.048
11437,2.576,2.048
11438,2.786,2.048
11439,2.957,2.048
11440,3.016,2.048
11441,2.977,2.048
11442,2.830,2.048
11443,2.693,2.048
11444,2.561,2.048
11445,2.502,2.048
11446,2.517,2.048
11447,2.576,2.048
11448,2.595,2.048
11449,2.581,2.048
11450,2.546,2.048
11451,2.498,2.048
11452,2.444,2.048
11453,2.405,2.048
11454,2.380,2.053
11455,2.370,2.053
11456,2.414,2.053
11457,2.639,2.053
11458,2.864,2.053
11459,3.025,2.053
11460,3.055,2.053
11461,2.942,2.053
11462,2.771,2.053
11463,2.634,2.053
11464,2.537,2.053
11465,2.512,2.053
11466,2.537,2.053
11467,2.542,2.053
11468,2.600,2.053
11469,2.600,2.058
11470,2.537,2.058
11471,2.498,2.058
11472,2.468,2.058
11473,2.405,2.058
11474,2.366,2.058
11475,2.351,2.058
11476,2.454,2.058
11477,2.713,2.058
11478,2.942,2.058
11479,3.089,2.058
11480,3.099,2.058
11481,2.991,2.058
11482,2.801,2.058
11483,2.659,2.058
11484,2.576,2.063
11485,2.537,2.058
11486,2.566,2.063
11487,2.571,2.063
11488,2.586,2.063
11489,2.566,2.063
11490,2.512,2.063
11491,2.483,2.063
11492,2.414,2.063
11493,2.370,2.063
11494,2.361,2.063
11495,2.375,2.063
11496,2.507,2.063
11497,2.742,2.063
11498,2.967,2.063
11499,3.104,2.063
11500,3.084,2.067
11501,2.972,2.067
11502,2.864,2.067
11503,2.678,2.063
11504,2.566,2.067
11505,2.537,2.067
11506,2.576,2.067
11507,2.576,2.067
11508,2.615,2.067
11509,2.605,2.067
11510,2.561,2.067
11511,2.507,2.067
11512,2.449,2.067
11513,2.385,2.067
11514,2.322,2.067
11515,2.312,2.067
11516,2.473,2.067
11517,2.703,2.067
11518,2.981,2.067
11519,3.167,2.067
11520,3.216,2.067
11521,3.138,2.067
11522,3.011,2.067
11523,2.801,2.067
11524,2.669,2.067
11525,2.561,2.067
11526,2.542,2.067
11527,2.576,2.067
11528,2.576,2.067
11529,2.590,2.067
11530,2.571,2.067
11531,2.527,2.067
11532,2.463,2.067
11533,2.414,2.067
11534,2.361,2.067
11535,2.356,2.067
11536,2.424,2.067
11537,2.571,2.067
11538,2.859,2.067
11539,3.065,2.067
11540,3.123,2.067
11541,3.089,2.067
11542,2.967,2.067
11543,2.801,2.067
11544,2.625,2.067
11545,2.542,2.067
11546,2.542,2.067
11547,2.595,2.067
11548,2.605,2.067
11549,2.595,2.067
11550,2.546,2.067
11551,2.483,2.067
11552,2.410,2.067
11553,2.351,2.067
11554,2.307,2.067
11555,2.268,2.067
11556,2.239,2.067
11557,2.302,2.067
11558,2.498,2.072
11559,2.766,2.067
11560,2.986,2.072
11561,3.094,2.072
11562,3.065,2.072
11563,2.952,2.072
11564,2.761,2.072
11565,2.590,2.072
11566,2.483,2.072
11567,2.478,2.072
11568,2.483,2.072
11569,2.507,2.072
11570,2.517,2.072
11571,2.512,2.072
11572,2.473,2.072
11573,2.419,2.072
11574,2.356,2.072
11575,2.317,2.072
11576,2.268,2.072
11577,2.248,2.072
11578,2.346,2.072
11579,2.556,2.072
11580,2.796,2.077
11581,2.957,2.077
11582,3.035,2.077
11583,2.991,2.077
11584,2.845,2.077
11585,2.708,2.077
11586,2.498,2.077
11587,2.434,2.077
11588,2.429,2.077
11589,2.439,2.077
11590,2.463,2.082
11591,2.434,2.077
11592,2.400,2.077
11593,2.356,2.082
11594,2.302,2.082
11595,2.258,2.082
11596,2.214,2.082
11597,2.204,2.082
11598,2.234,2.082
11599,2.370,2.082
11600,2.620,2.082
11601,2.854,2.082
11602,3.001,2.082
11603,2.986,2.082
11604,2.879,2.082
11605,2.732,2.082
11606,2.551,2.082
11607,2.390,2.082
11608,2.341,2.082
11609,2.326,2.082
11610,2.385,2.082
11611,2.419,2.082
11612,2.405,2.082
11613,2.419,2.087
11614,2.346,2.087
11615,2.268,2.087
11616,2.175,2.087
11617,2.116,2.087
11618,2.092,2.087
11619,2.107,2.087
11620,2.209,2.087
11621,2.429,2.087
11622,2.683,2.087
11623,2.874,2.092
11624,2.962,2.097
11625,2.874,2.107
11626,2.742,2.121
11627,2.546,2.146
11628,2.375,2.180
11629,2.287,2.219
11630,2.234,2.258
11631,2.243,2.302
11632,2.268,2.346
11633,2.292,2.385
11634,2.297,2.414
11635,2.263,2.434
11636,2.248,2.454
11637,2.155,2.463
11638,2.185,2.473
11639,2.141,2.473
11640,2.102,2.468
11641,2.214,2.458
11642,2.336,2.439
11643,2.576,2.410
11644,2.761,2.380
11645,2.820,2.351
11646,2.781,2.326
11647,2.713,2.307
11648,2.542,2.292
11649,2.410,2.287
11650,2.312,2.297
11651,2.239,2.322
11652,2.229,2.336
11653,2.258,2.356
11654,2.302,2.380
11655,2.322,2.424
11656,2.283,2.468
11657,2.258,2.507
11658,2.209,2.546
11659,2.160,2.586
11660,2.141,2.620
11661,2.116,2.644
11662,2.155,2.669
11663,2.302,2.693
11664,2.493,2.708
11665,2.678,2.727
11666,2.732,2.742
11667,2.722,2.757
11668,2.620,2.771
11669,2.502,2.781
11670,2.361,2.796
11671,2.292,2.805
11672,2.219,2.815
11673,2.219,2.830
11674,2.248,2.840
11675,2.263,2.849
11676,2.258,2.864
11677,2.234,2.869
11678,2.199,2.874
11679,2.190,2.884
11680,2.151,2.889
11681,2.141,2.893
11682,2.165,2.893
11683,2.258,2.898
11684,2.375,2.903
11685,2.581,2.903
11686,2.703,2.908
11687,2.742,2.908
11688,2.688,2.908
11689,2.620,2.908
11690,2.488,2.908
11691,2.375,2.908
11692,2.283,2.913
11693,2.302,2.913
11694,2.297,2.913
11695,2.307,2.913
11696,2.292,2.913
11697,2.297,2.913
11698,2.273,2.908
11699,2.239,2.908
11700,2.175,2.908
11701,2.146,2.908
11702,2.136,2.908
11703,2.209,2.903
11704,2.375,2.903
11705,2.566,2.903
11706,2.654,2.903
11707,2.693,2.898
11708,2.698,2.898
11709,2.576,2.898
11710,2.458,2.898
11711,2.326,2.898
11712,2.258,2.893
11713,2.243,2.893
11714,2.229,2.893
11715,2.278,2.893
11716,2.278,2.889
11717,2.292,2.889
11718,2.204,2.889
11719,2.199,2.889
11720,2.170,2.889
11721,2.170,2.889
11722,2.229,2.889
11723,2.341,2.884
11724,2.517,2.884
11725,2.654,2.884
11726,2.703,2.884
11727,2.678,2.884
11728,2.605,2.884
11729,2.483,2.884
11730,2.370,2.879
11731,2.307,2.879
11732,2.302,2.879
11733,2.297,2.879
11734,2.322,2.879
11735,2.326,2.874
11736,2.292,2.874
11737,2.283,2.874
11738,2.273,2.874
11739,2.160,2.869
11740,2.165,2.869
11741,2.175,2.869
11742,2.248,2.869
11743,2.370,2.864
11744,2.556,2.864
11745,2.683,2.864
11746,2.747,2.864
11747,2.713,2.864
11748,2.630,2.859
11749,2.498,2.859
11750,2.419,2.859
11751,2.370,2.854
11752,2.361,2.854
11753,2.361,2.854
11754,2.356,2.854
11755,2.341,2.849
11756,2.331,2.849
11757,2.302,2.849
11758,2.273,2.849
11759,2.243,2.845
11760,2.224,2.845
11761,2.229,2.845
11762,2.278,2.840
11763,2.400,2.845
11764,2.551,2.840
11765,2.698,2.840
11766,2.766,2.840
11767,2.771,2.840
11768,2.688,2.835
11769,2.581,2.835
11770,2.468,2.835
11771,2.385,2.830
11772,2.361,2.835
11773,2.356,2.830
11774,2.385,2.830
11775,2.366,2.830
11776,2.366,2.830
11777,2.341,2.830
11778,2.317,2.825
11779,2.287,2.825
11780,2.263,2.825
11781,2.234,2.825
11782,2.253,2.825
11783,2.351,2.820
11784,2.488,2.820
11785,2.654,2.820
11786,2.766,2.820
11787,2.766,2.815
11788,2.713,2.815
11789,2.625,2.810
11790,2.483,2.810
11791,2.390,2.810
11792,2.341,2.810
11793,2.317,2.810
11794,2.375,2.805
11795,2.424,2.805
11796,2.434,2.805
11797,2.400,2.801
11798,2.375,2.801
11799,2.351,2.801
11800,2.307,2.801
11801,2.278,2.796
11802,2.283,2.796
11803,2.390,2.796
11804,2.542,2.796
11805,2.722,2.796
11806,2.815,2.796
11807,2.840,2.791
11808,2.776,2.796
11809,2.683,2.791
11810,2.546,2.791
11811,2.429,2.786
11812,2.390,2.786
11813,2.395,2.786
11814,2.414,2.786
11815,2.439,2.786
11816,2.429,2.786
11817,2.414,2.786
11818,2.385,2.786
11819,2.336,2.786
11820,2.307,2.786
11821,2.302,2.786
11822,2.336,2.786
11823,2.444,2.786
11824,2.610,2.786
11825,2.771,2.786
11826,2.864,2.786
11827,2.874,2.786
11828,2.796,2.786
11829,2.678,2.786
11830,2.586,2.786
11831,2.468,2.786
11832,2.444,2.786
11833,2.444,2.786
11834,2.444,2.786
11835,2.463,2.786
11836,2.463,2.786
11837,2.439,2.786
11838,2.390,2.786
11839,2.341,2.786
11840,2.331,2.786
11841,2.297,2.786
11842,2.390,2.786
11843,2.542,2.786
11844,2.742,2.786
11845,2.884,2.786
11846,2.923,2.786
11847,2.859,2.791
11848,2.717,2.791
11849,2.620,2.791
11850,2.512,2.791
11851,2.463,2.791
11852,2.429,2.791
11853,2.473,2.791
11854,2.488,2.796
11855,2.483,2.791
11856,2.463,2.791
11857,2.424,2.791
11858,2.370,2.791
11859,2.331,2.791
11860,2.297,2.791
11861,2.297,2.791
11862,2.366,2.791
11863,2.527,2.791
11864,2.698,2.791
11865,2.840,2.791
11866,2.893,2.791
11867,2.849,2.791
11868,2.703,2.791
11869,2.561,2.791
11870,2.507,2.791
11871,2.439,2.791
11872,2.454,2.791
11873,2.488,2.791
11874,2.493,2.791
11875,2.473,2.791
11876,2.444,2.791
11877,2.375,2.791
11878,2.375,2.791
11879,2.356,2.791
11880,2.336,2.791
11881,2.331,2.791
11882,2.444,2.791
11883,2.625,2.791
11884,2.830,2.791
11885,2.947,2.791
11886,2.972,2.791
11887,2.893,2.791
11888,2.752,2.791
11889,2.595,2.791
11890,2.522,2.796
11891,2.449,2.791
11892,2.468,2.796
11893,2.478,2.796
11894,2.517,2.796
11895,2.498,2.791
11896,2.458,2.791
11897,2.439,2.791
11898,2.370,2.791
11899,2.361,2.791
11900,2.326,2.791
11901,2.331,2.796
11902,2.458,2.796
11903,2.664,2.796
11904,2.835,2.796
11905,2.957,2.796
11906,3.001,2.796
11907,2.908,2.796
11908,2.757,2.796
11909,2.600,2.791
11910,2.537,2.791
11911,2.502,2.791
11912,2.488,2.791
11913,2.527,2.791
11914,2.527,2.791
11915,2.522,2.791
11916,2.478,2.791
11917,2.434,2.791
11918,2.400,2.791
11919,2.366,2.791
11920,2.336,2.791
11921,2.351,2.791
11922,2.478,2.791
11923,2.678,2.791
11924,2.864,2.791
11925,2.986,2.796
11926,2.977,2.796
11927,2.898,2.796
11928,2.727,2.796
11929,2.620,2.796
11930,2.527,2.796
11931,2.483,2.796
11932,2.493,2.796
11933,2.522,2.796
11934,2.527,2.796
11935,2.522,2.796
11936,2.454,2.796
11937,2.434,2.796
11938,2.385,2.796
11939,2.336,2.796
11940,2.297,2.796
11941,2.331,2.796
11942,2.473,2.801
11943,2.703,2.796
11944,2.898,2.801
11945,2.996,2.801
11946,2.996,2.801
11947,2.898,2.801
11948,2.742,2.801
11949,2.595,2.801
11950,2.527,2.801
11951,2.483,2.801
11952,2.512,2.801
11953,2.542,2.805
11954,2.566,2.805
11955,2.532,2.805
11956,2.488,2.805
11957,2.439,2.805
11958,2.395,2.805
11959,2.346,2.805
11960,2.351,2.805
11961,2.419,2.805
11962,2.639,2.805
11963,2.874,2.805
11964,3.011,2.805
11965,3.016,2.805
11966,2.913,2.805
11967,2.801,2.805
11968,2.639,2.805
11969,2.512,2.805
11970,2.502,2.805
11971,2.463,2.805
11972,2.493,2.805
11973,2.498,2.805
11974,2.488,2.805
11975,2.429,2.805
11976,2.405,2.805
11977,2.356,2.805
11978,2.322,2.805
11979,2.317,2.805
11980,2.317,2.805
11981,2.439,2.805
11982,2.649,2.805
11983,2.849,2.805
11984,2.996,2.805
11985,3.040,2.805
11986,2.893,2.801
11987,2.786,2.805
11988,2.644,2.801
11989,2.522,2.801
11990,2.444,2.801
11991,2.434,2.801
11992,2.434,2.801
11993,2.449,2.801
11994,2.493,2.801
11995,2.444,2.801
11996,2.410,2.801
11997,2.361,2.801
11998,2.283,2.801
11999,2.229,2.801
12000,2.239,2.801
12001,2.331,2.801
12002,2.542,2.801
12003,2.766,2.801
12004,2.918,2.801
12005,2.967,2.801
12006,2.903,2.796
12007,2.747,2.791
12008,2.600,2.786
12009,2.473,2.786
12010,2.395,2.781
12011,2.400,2.781
12012,2.429,2.776
12013,2.434,2.776
12014,2.439,2.776
12015,2.439,2.776
12016,2.375,2.776
12017,2.346,2.776
12018,2.302,2.776
12019,2.278,2.776
12020,2.229,2.771
12021,2.307,2.771
12022,2.463,2.771
12023,2.683,2.771
12024,2.835,2.771
12025,2.918,2.771
12026,2.918,2.771
12027,2.786,2.771
12028,2.610,2.771
12029,2.512,2.771
12030,2.414,2.771
12031,2.439,2.771
12032,2.429,2.771
12033,2.458,2.771
12034,2.468,2.771
12035,2.419,2.771
12036,2.410,2.771
12037,2.366,2.771
12038,2.317,2.771
12039,2.258,2.771
12040,2.229,2.771
12041,2.229,2.771
12042,2.346,2.771
12043,2.527,2.771
12044,2.771,2.771
12045,2.884,2.766
12046,2.918,2.766
12047,2.869,2.766
12048,2.708,2.766
12049,2.561,2.766
12050,2.434,2.766
12051,2.370,2.766
12052,2.370,2.766
12053,2.405,2.766
12054,2.400,2.766
12055,2.375,2.766
12056,2.370,2.761
12057,2.317,2.761
12058,2.302,2.761
12059,2.224,2.761
12060,2.214,2.761
12061,2.199,2.761
12062,2.229,2.761
12063,2.390,2.761
12064,2.590,2.761
12065,2.761,2.761
12066,2.849,2.761
12067,2.849,2.761
12068,2.776,2.761
12069,2.620,2.761
12070,2.483,2.761
12071,2.410,2.761
12072,2.356,2.761
12073,2.370,2.761
12074,2.351,2.761
12075,2.370,2.761
12076,2.351,2.761
12077,2.341,2.757
12078,2.317,2.757
12079,2.273,2.757
12080,2.243,2.757
12081,2.180,2.757
12082,2.155,2.757
12083,2.229,2.757
12084,2.380,2.757
12085,2.571,2.757
12086,2.757,2.757
12087,2.805,2.757
12088,2.781,2.757
12089,2.605,2.757
12090,2.498,2.757
12091,2.395,2.757
12092,2.331,2.757
12093,2.361,2.757
12094,2.351,2.757
12095,2.366,2.757
12096,2.356,2.757
12097,2.346,2.757
12098,2.307,2.757
12099,2.292,2.752
12100,2.243,2.752
12101,2.170,2.752
12102,2.151,2.752
12103,2.175,2.752
12104,2.214,2.752
12105,2.346,2.752
12106,2.551,2.752
12107,2.659,2.752
12108,2.737,2.752
12109,2.732,2.752
12110,2.654,2.752
12111,2.542,2.752
12112,2.410,2.752
12113,2.351,2.752
12114,2.341,2.752
12115,2.356,2.752
12116,2.326,2.752
12117,2.351,2.752
12118,2.346,2.752
12119,2.297,2.752
12120,2.258,2.752
12121,2.243,2.752
12122,2.204,2.752
12123,2.175,2.752
12124,2.219,2.752
12125,2.297,2.752
12126,2.444,2.752
12127,2.620,2.752
12128,2.688,2.752
12129,2.722,2.757
12130,2.693,2.752
12131,2.586,2.757
12132,2.488,2.757
12133,2.395,2.757
12134,2.346,2.757
12135,2.361,2.757
12136,2.375,2.757
12137,2.390,2.757
12138,2.380,2.757
12139,2.351,2.757
12140,2.356,2.757
12141,2.292,2.757
12142,2.248,2.757
12143,2.234,2.757
12144,2.258,2.757
12145,2.351,2.757
12146,2.507,2.757
12147,2.678,2.757
12148,2.771,2.757
12149,2.781,2.757
12150,2.722,2.757
12151,2.615,2.757
12152,2.463,2.757
12153,2.444,2.757
12154,2.410,2.757
12155,2.405,2.757
12156,2.414,2.757
12157,2.414,2.757
12158,2.410,2.757
12159,2.366,2.757
12160,2.331,2.757
12161,2.312,2.757
12162,2.287,2.757
12163,2.287,2.757
12164,2.341,2.757
12165,2.449,2.757
12166,2.605,2.757
12167,2.732,2.757
12168,2.786,2.757
12169,2.742,2.757
12170,2.688,2.757
12171,2.566,2.761
12172,2.468,2.761
12173,2.405,2.761
12174,2.405,2.761
12175,2.385,2.761
12176,2.439,2.761
12177,2.454,2.761
12178,2.424,2.761
12179,2.385,2.761
12180,2.375,2.761
12181,2.336,2.761
12182,2.317,2.761
12183,2.307,2.761
12184,2.390,2.761
12185,2.546,2.761
12186,2.717,2.761
12187,2.815,2.761
12188,2.835,2.761
12189,2.781,2.761
12190,2.674,2.761
12191,2.537,2.761
12192,2.395,2.761
12193,2.400,2.761
12194,2.439,2.761
12195,2.478,2.761
12196,2.517,2.761
12197,2.507,2.761
12198,2.463,2.761
12199,2.419,2.761
12200,2.390,2.761
12201,2.366,2.761
12202,2.331,2.761
12203,2.390,2.761
12204,2.556,2.766
12205,2.757,2.761
12206,2.874,2.761
12207,2.918,2.761
12208,2.854,2.761
12209,2.752,2.761
12210,2.625,2.761
12211,2.512,2.766
12212,2.468,2.761
12213,2.473,2.766
12214,2.483,2.761
12215,2.517,2.761
12216,2.498,2.761
12217,2.473,2.761
12218,2.395,2.761
12219,2.375,2.761
12220,2.351,2.761
12221,2.361,2.761
12222,2.478,2.761
12223,2.644,2.761
12224,2.849,2.761
12225,2.967,2.761
12226,2.962,2.761
12227,2.884,2.761
12228,2.776,2.761
12229,2.634,2.761
12230,2.546,2.761
12231,2.517,2.761
12232,2.517,2.761
12233,2.546,2.761
12234,2.551,2.761
12235,2.532,2.761
12236,2.498,2.761
12237,2.512,2.761
12238,2.434,2.761
12239,2.380,2.761
12240,2.361,2.761
12241,2.405,2.761
12242,2.537,2.761
12243,2.752,2.761
12244,2.918,2.761
12245,3.006,2.761
12246,2.996,2.761
12247,2.898,2.761
12248,2.757,2.761
12249,2.639,2.761
12250,2.556,2.761
12251,2.527,2.761
12252,2.522,2.761
12253,2.542,2.761
12254,2.556,2.761
12255,2.590,2.761
12256,2.546,2.761
12257,2.502,2.761
12258,2.449,2.761
12259,2.410,2.761
12260,2.395,2.761
12261,2.439,2.761
12262,2.581,2.757
12263,2.776,2.761
12264,2.933,2.757
12265,3.016,2.757
12266,3.016,2.757
12267,2.898,2.757
12268,2.752,2.757
12269,2.581,2.757
12270,2.542,2.757
12271,2.517,2.757
12272,2.571,2.757
12273,2.586,2.757
12274,2.571,2.757
12275,2.546,2.757
12276,2.527,2.757
12277,2.483,2.757
12278,2.444,2.757
12279,2.414,2.757
12280,2.410,2.757
12281,2.478,2.757
12282,2.634,2.757
12283,2.849,2.757
12284,3.021,2.757
12285,3.040,2.757
12286,3.040,2.757
12287,2.908,2.757
12288,2.771,2.757
12289,2.630,2.757
12290,2.581,2.757
12291,2.556,2.757
12292,2.586,2.757
12293,2.590,2.757
12294,2.576,2.757
12295,2.542,2.761
12296,2.507,2.757
12297,2.463,2.761
12298,2.434,2.757
12299,2.390,2.761
12300,2.361,2.761
12301,2.395,2.757
12302,2.571,2.757
12303,2.796,2.761
12304,3.025,2.761
12305,3.162,2.761
12306,3.152,2.761
12307,3.094,2.761
12308,2.933,2.761
12309,2.776,2.761
12310,2.654,2.761
12311,2.595,2.761
12312,2.571,2.761
12313,2.590,2.761
12314,2.595,2.761
12315,2.581,2.761
12316,2.527,2.761
12317,2.478,2.761
12318,2.390,2.761
12319,2.395,2.761
12320,2.356,2.761
12321,2.317,2.761
12322,2.390,2.761
12323,2.493,2.761
12324,2.761,2.761
12325,2.986,2.761
12326,3.123,2.761
12327,3.118,2.761
12328,3.040,2.761
12329,2.869,2.761
12330,2.727,2.761
12331,2.595,2.761
12332,2.522,2.761
12333,2.532,2.761
12334,2.507,2.761
12335,2.537,2.761
12336,2.537,2.761
12337,2.512,2.761
12338,2.498,2.761
12339,2.434,2.761
12340,2.341,2.761
12341,2.312,2.766
12342,2.322,2.766
12343,2.444,2.766
12344,2.639,2.766
12345,2.889,2.766
12346,3.040,2.766
12347,3.084,2.766
12348,3.040,2.766
12349,2.908,2.766
12350,2.761,2.766
12351,2.654,2.766
12352,2.507,2.766
12353,2.512,2.766
12354,2.537,2.766
12355,2.537,2.766
12356,2.542,2.766
12357,2.498,2.766
12358,2.463,2.766
12359,2.419,2.766
12360,2.385,2.766
12361,2.346,2.766
12362,2.322,2.766
12363,2.312,2.766
12364,2.390,2.766
12365,2.581,2.771
12366,2.830,2.766
12367,3.006,2.766
12368,3.079,2.771
12369,3.055,2.766
12370,2.937,2.766
12371,2.796,2.766
12372,2.649,2.771
12373,2.581,2.766
12374,2.551,2.771
12375,2.551,2.771
12376,2.576,2.771
12377,2.551,2.771
12378,2.537,2.771
12379,2.458,2.771
12380,2.395,2.771
12381,2.361,2.771
12382,2.375,2.771
12383,2.326,2.771
12384,2.312,2.771
12385,2.287,2.771
12386,2.331,2.771
12387,2.527,2.771
12388,2.781,2.771
12389,2.996,2.771
12390,3.118,2.771
12391,3.060,2.771
12392,2.942,2.771
12393,2.766,2.771
12394,2.620,2.771
12395,2.517,2.766
12396,2.468,2.771
12397,2.473,2.766
12398,2.493,2.766
12399,2.512,2.766
12400,2.488,2.771
12401,2.458,2.766
12402,2.380,2.766
12403,2.317,2.766
12404,2.278,2.766
12405,2.209,2.766
12406,2.219,2.766
12407,2.219,2.766
12408,2.326,2.766
12409,2.517,2.766
12410,2.757,2.766
12411,2.928,2.766
12412,3.055,2.766
12413,3.011,2.766
12414,2.879,2.766
12415,2.708,2.766
12416,2.566,2.766
12417,2.458,2.766
12418,2.390,2.766
12419,2.419,2.766
12420,2.493,2.761
12421,2.512,2.766
12422,2.493,2.761
12423,2.439,2.766
12424,2.361,2.766
12425,2.326,2.766
12426,2.263,2.766
12427,2.268,2.766
12428,2.253,2.766
12429,2.283,2.766
12430,2.419,2.766
12431,2.649,2.766
12432,2.849,2.766
12433,2.972,2.766
12434,2.996,2.766
12435,2.918,2.766
12436,2.776,2.766
12437,2.634,2.766
12438,2.488,2.766
12439,2.429,2.766
12440,2.434,2.766
12441,2.444,2.766
12442,2.454,2.766
12443,2.454,2.766
12444,2.414,2.766
12445,2.366,2.766
12446,2.322,2.766
12447,2.263,2.766
12448,2.268,2.766
12449,2.248,2.766
12450,2.214,2.766
12451,2.268,2.766
12452,2.444,2.766
12453,2.659,2.766
12454,2.825,2.766
12455,2.942,2.766
12456,2.942,2.766
12457,2.869,2.766
12458,2.732,2.766
12459,2.571,2.766
12460,2.468,2.766
12461,2.410,2.766
12462,2.434,2.766
12463,2.434,2.766
12464,2.454,2.766
12465,2.429,2.766
12466,2.361,2.766
12467,2.346,2.766
12468,2.297,2.766
12469,2.258,2.771
12470,2.234,2.766
12471,2.219,2.766
12472,2.331,2.771
12473,2.517,2.771
12474,2.737,2.771
12475,2.893,2.771
12476,2.937,2.771
12477,2.869,2.771
12478,2.766,2.771
12479,2.620,2.771
12480,2.473,2.771
12481,2.419,2.771
12482,2.444,2.771
12483,2.463,2.766
12484,2.478,2.771
12485,2.468,2.766
12486,2.454,2.766
12487,2.419,2.766
12488,2.366,2.766
12489,2.326,2.766
12490,2.292,2.766
12491,2.229,2.766
12492,2.292,2.766
12493,2.395,2.761
12494,2.581,2.761
12495,2.766,2.761
12496,2.864,2.761
12497,2.879,2.757
12498,2.825,2.752
12499,2.698,2.747
12500,2.581,2.737
12501,2.488,2.732
12502,2.439,2.727
12503,2.449,2.722
12504,2.439,2.717
12505,2.468,2.713
12506,2.458,2.708
12507,2.424,2.703
12508,2.405,2.703
12509,2.346,2.698
12510,2.317,2.698
12511,2.253,2.693
12512,2.234,2.693
12513,2.239,2.688
12514,2.336,2.688
12515,2.527,2.683
12516,2.727,2.683
12517,2.864,2.678
12518,2.903,2.678
12519,2.845,2.678
12520,2.717,2.674
12521,2.605,2.674
12522,2.507,2.674
12523,2.414,2.674
12524,2.414,2.669
12525,2.419,2.669
12526,2.439,2.669
12527,2.458,2.669
12528,2.458,2.664
12529,2.419,2.664
12530,2.356,2.664
12531,2.278,2.664
12532,2.268,2.659
12533,2.229,2.659
12534,2.209,2.659
12535,2.292,2.659
12536,2.434,2.659
12537,2.620,2.654
12538,2.786,2.654
12539,2.864,2.654
12540,2.864,2.654
12541,2.752,2.654
12542,2.654,2.654
12543,2.527,2.654
12544,2.434,2.649
12545,2.395,2.649
12546,2.410,2.649
12547,2.444,2.649
12548,2.424,2.649
12549,2.410,2.649
12550,2.419,2.649
12551,2.351,2.649
12552,2.331,2.649
12553,2.283,2.649
12554,2.263,2.649
12555,2.273,2.649
12556,2.297,2.649
12557,2.419,2.649
12558,2.590,2.649
12559,2.732,2.649
12560,2.781,2.649
12561,2.757,2.649
12562,2.708,2.649
12563,2.620,2.649
12564,2.532,2.649
12565,2.478,2.649
12566,2.449,2.649
12567,2.434,2.649
12568,2.449,2.649
12569,2.444,2.649
12570,2.429,2.649
12571,2.414,2.649
12572,2.380,2.649
12573,2.341,2.649
12574,2.312,2.649
12575,2.268,2.654
12576,2.263,2.654
12577,2.312,2.654
12578,2.414,2.649
12579,2.595,2.654
12580,2.766,2.654
12581,2.849,2.654
12582,2.825,2.654
12583,2.761,2.654
12584,2.669,2.654
12585,2.551,2.654
12586,2.454,2.654
12587,2.390,2.654
12588,2.424,2.659
12589,2.424,2.659
12590,2.414,2.659
12591,2.429,2.659
12592,2.405,2.659
12593,2.341,2.659
12594,2.297,2.659
12595,2.253,2.659
12596,2.239,2.659
12597,2.234,2.659
12598,2.312,2.659
12599,2.493,2.664
12600,2.664,2.664
12601,2.815,2.664
12602,2.854,2.664
12603,2.825,2.664
12604,2.717,2.664
12605,2.620,2.664
12606,2.517,2.664
12607,2.439,2.664
12608,2.380,2.664
12609,2.375,2.664
12610,2.405,2.664
12611,2.454,2.669
12612,2.414,2.664
12613,2.375,2.664
12614,2.326,2.669
12615,2.297,2.664
12616,2.292,2.669
12617,2.292,2.664
12618,2.283,2.669
12619,2.278,2.669
12620,2.351,2.669
12621,2.498,2.669
12622,2.649,2.669
12623,2.796,2.669
12624,2.825,2.669
12625,2.776,2.669
12626,2.742,2.669
12627,2.610,2.669
12628,2.493,2.669
12629,2.390,2.674
12630,2.390,2.674
12631,2.366,2.674
12632,2.385,2.674
12633,2.375,2.674
12634,2.351,2.674
12635,2.326,2.674
12636,2.273,2.674
12637,2.234,2.674
12638,2.204,2.674
12639,2.170,2.674
12640,2.180,2.674
12641,2.224,2.674
12642,2.351,2.674
12643,2.556,2.674
12644,2.693,2.674
12645,2.766,2.674
12646,2.752,2.674
12647,2.708,2.674
12648,2.590,2.678
12649,2.483,2.678
12650,2.405,2.678
12651,2.370,2.678
12652,2.395,2.678
12653,2.400,2.678
12654,2.390,2.678
12655,2.302,2.678
12656,2.268,2.678
12657,2.229,2.678
12658,2.219,2.678
12659,2.214,2.678
12660,2.219,2.678
12661,2.204,2.678
12662,2.283,2.678
12663,2.410,2.678
12664,2.586,2.678
12665,2.737,2.678
12666,2.820,2.678
12667,2.835,2.678
12668,2.771,2.678
12669,2.683,2.678
12670,2.644,2.678
12671,2.566,2.683
12672,2.517,2.683
12673,2.483,2.683
12674,2.502,2.683
12675,2.473,2.683
12676,2.434,2.683
12677,2.385,2.683
12678,2.302,2.683
12679,2.248,2.683
12680,2.204,2.683
12681,2.199,2.683
12682,2.185,2.683
12683,2.195,2.683
12684,2.253,2.683
12685,2.424,2.683
12686,2.605,2.683
12687,2.761,2.683
12688,2.849,2.683
12689,2.825,2.683
12690,2.727,2.683
12691,2.590,2.683
12692,2.473,2.683
12693,2.385,2.688
12694,2.351,2.683
12695,2.356,2.688
12696,2.395,2.688
12697,2.400,2.688
12698,2.410,2.688
12699,2.356,2.688
12700,2.312,2.688
12701,2.268,2.688
12702,2.234,2.688
12703,2.195,2.688
12704,2.185,2.688
12705,2.185,2.688
12706,2.219,2.688
12707,2.380,2.688
12708,2.590,2.688
12709,2.752,2.688
12710,2.864,2.688
12711,2.849,2.688
12712,2.815,2.688
12713,2.664,2.688
12714,2.556,2.688
12715,2.429,2.688
12716,2.390,2.688
12717,2.385,2.688
12718,2.410,2.688
12719,2.419,2.688
12720,2.405,2.688
12721,2.390,2.688
12722,2.351,2.688
12723,2.307,2.688
12724,2.195,2.683
12725,2.204,2.683
12726,2.229,2.683
12727,2.302,2.683
12728,2.493,2.683
12729,2.674,2.683
12730,2.820,2.683
12731,2.859,2.683
12732,2.825,2.683
12733,2.732,2.683
12734,2.566,2.683
12735,2.439,2.683
12736,2.341,2.683
12737,2.346,2.678
12738,2.385,2.678
12739,2.419,2.678
12740,2.458,2.678
12741,2.410,2.678
12742,2.370,2.678
12743,2.317,2.678
12744,2.263,2.678
12745,2.258,2.678
12746,2.229,2.678
12747,2.209,2.678
12748,2.258,2.678
12749,2.366,2.678
12750,2.576,2.678
12751,2.781,2.678
12752,2.908,2.678
12753,2.923,2.678
12754,2.879,2.678
12755,2.747,2.678
12756,2.605,2.678
12757,2.498,2.678
12758,2.439,2.674
12759,2.429,2.678
12760,2.419,2.674
12761,2.424,2.678
12762,2.400,2.674
12763,2.395,2.674
12764,2.346,2.674
12765,2.317,2.674
12766,2.243,2.678
12767,2.199,2.674
12768,2.175,2.678
12769,2.160,2.674
12770,2.243,2.674
12771,2.400,2.674
12772,2.654,2.678
12773,2.830,2.674
12774,2.913,2.674
12775,2.889,2.678
12776,2.810,2.678
12777,2.688,2.678
12778,2.576,2.678
12779,2.463,2.678
12780,2.424,2.678
12781,2.405,2.678
12782,2.414,2.678
12783,2.454,2.678
12784,2.390,2.678
12785,2.366,2.678
12786,2.322,2.678
12787,2.278,2.678
12788,2.268,2.678
12789,2.234,2.678
12790,2.204,2.678
12791,2.253,2.678
12792,2.375,2.678
12793,2.586,2.683
12794,2.776,2.683
12795,2.874,2.683
12796,2.879,2.683
12797,2.781,2.683
12798,2.639,2.683
12799,2.483,2.683
12800,2.385,2.683
12801,2.351,2.683
12802,2.370,2.688
12803,2.385,2.688
12804,2.419,2.688
12805,2.449,2.688
12806,2.405,2.688
12807,2.336,2.688
12808,2.258,2.688
12809,2.273,2.688
12810,2.243,2.688
12811,2.263,2.688
12812,2.278,2.688
12813,2.424,2.688
12814,2.634,2.688
12815,2.840,2.688
12816,2.923,2.688
12817,2.893,2.688
12818,2.820,2.688
12819,2.698,2.688
12820,2.586,2.688
12821,2.478,2.688
12822,2.434,2.688
12823,2.424,2.688
12824,2.454,2.693
12825,2.468,2.693
12826,2.449,2.693
12827,2.463,2.693
12828,2.424,2.693
12829,2.361,2.693
12830,2.322,2.693
12831,2.283,2.693
12832,2.278,2.693
12833,2.283,2.693
12834,2.390,2.693
12835,2.546,2.693
12836,2.752,2.693
12837,2.889,2.693
12838,2.937,2.693
12839,2.879,2.693
12840,2.737,2.693
12841,2.639,2.693
12842,2.532,2.693
12843,2.463,2.693
12844,2.444,2.698
12845,2.434,2.693
12846,2.468,2.693
12847,2.449,2.698
12848,2.414,2.698
12849,2.380,2.698
12850,2.361,2.693
12851,2.287,2.693
12852,2.268,2.698
12853,2.253,2.698
12854,2.258,2.698
12855,2.351,2.698
12856,2.512,2.698
12857,2.713,2.698
12858,2.864,2.698
12859,2.840,2.698
12860,2.830,2.698
12861,2.713,2.698
12862,2.595,2.698
12863,2.488,2.698
12864,2.424,2.703
12865,2.395,2.708
12866,2.424,2.713
12867,2.473,2.717
12868,2.449,2.727
12869,2.434,2.732
12870,2.405,2.742
12871,2.361,2.757
12872,2.326,2.776
12873,2.322,2.796
12874,2.268,2.810
12875,2.356,2.825
12876,2.493,2.835
12877,2.678,2.845
12878,2.854,2.849
12879,2.908,2.854
12880,2.903,2.854
12881,2.810,2.859
12882,2.688,2.859
12883,2.517,2.859
12884,2.468,2.859
12885,2.444,2.859
12886,2.439,2.864
12887,2.449,2.859
12888,2.424,2.864
12889,2.419,2.859
12890,2.380,2.859
12891,2.326,2.859
12892,2.278,2.854
12893,2.229,2.849
12894,2.214,2.849
12895,2.229,2.845
12896,2.312,2.845
12897,2.458,2.845
12898,2.713,2.845
12899,2.889,2.840
12900,2.957,2.840
12901,2.937,2.840
12902,2.874,2.840
12903,2.757,2.840
12904,2.639,2.835
12905,2.542,2.830
12906,2.507,2.825
12907,2.478,2.820
12908,2.478,2.815
12909,2.517,2.810
12910,2.507,2.805
12911,2.478,2.805
12912,2.449,2.801
12913,2.390,2.801
12914,2.361,2.796
12915,2.239,2.796
12916,2.263,2.791
12917,2.234,2.791
12918,2.346,2.791
12919,2.488,2.791
12920,2.698,2.786
12921,2.854,2.786
12922,2.898,2.791
12923,2.859,2.791
12924,2.786,2.796
12925,2.654,2.801
12926,2.556,2.805
12927,2.473,2.815
12928,2.463,2.815
12929,2.458,2.820
12930,2.458,2.820
12931,2.478,2.825
12932,2.454,2.825
12933,2.385,2.825
12934,2.395,2.825
12935,2.351,2.820
12936,2.307,2.815
12937,2.287,2.815
12938,2.268,2.810
12939,2.268,2.810
12940,2.351,2.810
12941,2.527,2.810
12942,2.717,2.805
12943,2.820,2.805
12944,2.849,2.801
12945,2.801,2.801
12946,2.781,2.796
12947,2.688,2.791
12948,2.586,2.786
12949,2.532,2.786
12950,2.522,2.786
12951,2.498,2.786
12952,2.498,2.781
12953,2.498,2.781
12954,2.444,2.786
12955,2.385,2.791
12956,2.346,2.791
12957,2.312,2.791
12958,2.317,2.791
12959,2.292,2.786
12960,2.273,2.781
12961,2.292,2.776
12962,2.410,2.776
12963,2.586,2.771
12964,2.771,2.771
12965,2.879,2.766
12966,2.908,2.766
12967,2.840,2.776
12968,2.590,2.796
12969,2.468,2.801
12970,2.419,2.810
12971,2.405,2.815
12972,2.410,2.820
12973,2.419,2.825
12974,2.454,2.825
12975,2.410,2.830
12976,2.390,2.830
12977,2.380,2.835
12978,2.326,2.835
12979,2.302,2.835
12980,2.248,2.835
12981,2.204,2.835
12982,2.214,2.830
12983,2.243,2.830
12984,2.375,2.830
12985,2.625,2.830
12986,2.825,2.830
12987,2.923,2.830
12988,2.918,2.830
12989,2.840,2.830
12990,2.732,2.830
12991,2.595,2.825
12992,2.493,2.825
12993,2.434,2.825
12994,2.419,2.825
12995,2.449,2.825
12996,2.454,2.825
12997,2.439,2.825
12998,2.400,2.825
12999,2.370,2.825
13000,2.336,2.825
13001,2.307,2.825
13002,2.278,2.825
13003,2.243,2.825
13004,2.239,2.825
13005,2.214,2.825
13006,2.214,2.825
13007,2.297,2.825
13008,2.478,2.825
13009,2.678,2.825
13010,2.830,2.825
13011,2.869,2.825
13012,2.830,2.825
13013,2.727,2.825
13014,2.595,2.825
13015,2.463,2.825
13016,2.429,2.825
13017,2.405,2.825
13018,2.424,2.825
13019,2.454,2.820
13020,2.454,2.820
13021,2.429,2.820
13022,2.395,2.820
13023,2.326,2.820
13024,2.287,2.820
13025,2.239,2.820
13026,2.214,2.815
13027,2.199,2.815
13028,2.214,2.815
13029,2.243,2.820
13030,2.395,2.820
13031,2.581,2.820
13032,2.747,2.820
13033,2.825,2.820
13034,2.815,2.820
13035,2.732,2.825
13036,2.625,2.825
13037,2.483,2.825
13038,2.414,2.825
13039,2.385,2.825
13040,2.395,2.825
13041,2.434,2.825
13042,2.429,2.825
13043,2.410,2.825
13044,2.375,2.825
13045,2.326,2.825
13046,2.292,2.825
13047,2.248,2.825
13048,2.239,2.825
13049,2.248,2.825
13050,2.263,2.825
13051,2.449,2.830
13052,2.659,2.830
13053,2.761,2.830
13054,2.884,2.830
13055,2.884,2.830
13056,2.791,2.830
13057,2.659,2.830
13058,2.527,2.830
13059,2.434,2.830
13060,2.390,2.830
13061,2.375,2.830
13062,2.390,2.830
13063,2.410,2.835
13064,2.424,2.835
13065,2.375,2.835
13066,2.331,2.835
13067,2.292,2.835
13068,2.283,2.835
13069,2.243,2.835
13070,2.209,2.835
13071,2.234,2.835
13072,2.366,2.835
13073,2.600,2.835
13074,2.796,2.835
13075,2.928,2.835
13076,2.962,2.835
13077,2.879,2.835
13078,2.786,2.835
13079,2.664,2.835
13080,2.542,2.835
13081,2.473,2.835
13082,2.429,2.835
13083,2.454,2.835
13084,2.454,2.835
13085,2.463,2.835
13086,2.429,2.835
13087,2.385,2.835
13088,2.346,2.835
13089,2.297,2.835
13090,2.243,2.835
13091,2.243,2.835
13092,2.219,2.835
13093,2.204,2.835
13094,2.239,2.835
13095,2.380,2.830
13096,2.566,2.830
13097,2.796,2.830
13098,2.933,2.830
13099,2.972,2.830
13100,2.893,2.830
13101,2.776,2.830
13102,2.654,2.825
13103,2.527,2.825
13104,2.449,2.825
13105,2.405,2.825
13106,2.410,2.825
13107,2.405,2.825
13108,2.400,2.825
13109,2.390,2.825
13110,2.380,2.825
13111,2.341,2.825
13112,2.326,2.825
13113,2.283,2.820
13114,2.253,2.820
13115,2.214,2.820
13116,2.160,2.820
13117,2.160,2.820
13118,2.155,2.815
13119,2.243,2.815
13120,2.400,2.815
13121,2.590,2.815
13122,2.835,2.815
13123,2.923,2.815
13124,2.884,2.815
13125,2.796,2.810
13126,2.654,2.810
13127,2.532,2.810
13128,2.483,2.805
13129,2.400,2.805
13130,2.400,2.805
13131,2.419,2.805
13132,2.410,2.805
13133,2.429,2.801
13134,2.380,2.801
13135,2.331,2.801
13136,2.292,2.801
13137,2.248,2.801
13138,2.214,2.796
13139,2.204,2.796
13140,2.185,2.796
13141,2.185,2.796
13142,2.165,2.796
13143,2.209,2.796
13144,2.317,2.796
13145,2.546,2.796
13146,2.708,2.796
13147,2.869,2.796
13148,2.845,2.791
13149,2.761,2.791
13150,2.630,2.796
13151,2.507,2.791
13152,2.385,2.791
13153,2.390,2.791
13154,2.385,2.791
13155,2.405,2.791
13156,2.395,2.791
13157,2.405,2.791
13158,2.380,2.791
13159,2.366,2.786
13160,2.312,2.786
13161,2.283,2.786
13162,2.248,2.786
13163,2.234,2.786
13164,2.209,2.781
13165,2.248,2.781
13166,2.380,2.781
13167,2.566,2.781
13168,2.737,2.781
13169,2.849,2.781
13170,2.845,2.781
13171,2.781,2.776
13172,2.659,2.771
13173,2.542,2.771
13174,2.424,2.766
13175,2.370,2.761
13176,2.341,2.761
13177,2.385,2.757
13178,2.419,2.757
13179,2.429,2.752
13180,2.395,2.752
13181,2.385,2.752
13182,2.336,2.752
13183,2.273,2.752
13184,2.239,2.752
13185,2.204,2.752
13186,2.190,2.752
13187,2.258,2.752
13188,2.414,2.752
13189,2.615,2.752
13190,2.805,2.752
13191,2.908,2.752
13192,2.889,2.752
13193,2.820,2.752
13194,2.713,2.752
13195,2.546,2.752
13196,2.498,2.752
13197,2.434,2.752
13198,2.405,2.752
13199,2.429,2.752
13200,2.439,2.752
13201,2.458,2.757
13202,2.439,2.757
13203,2.370,2.757
13204,2.356,2.757
13205,2.317,2.757
13206,2.273,2.757
13207,2.258,2.757
13208,2.253,2.757
13209,2.326,2.757
13210,2.454,2.757
13211,2.674,2.757
13212,2.830,2.757
13213,2.937,2.757
13214,2.928,2.757
13215,2.830,2.757
13216,2.708,2.757
13217,2.556,2.757
13218,2.473,2.757
13219,2.419,2.757
13220,2.454,2.757
13221,2.502,2.757
13222,2.478,2.757
13223,2.439,2.757
13224,2.410,2.757
13225,2.366,2.757
13226,2.331,2.757
13227,2.312,2.757
13228,2.302,2.757
13229,2.322,2.757
13230,2.414,2.761
13231,2.615,2.761
13232,2.781,2.761
13233,2.889,2.761
13234,2.942,2.761
13235,2.874,2.761
13236,2.737,2.761
13237,2.610,2.766
13238,2.478,2.766
13239,2.439,2.766
13240,2.439,2.766
13241,2.463,2.766
13242,2.458,2.766
13243,2.473,2.766
13244,2.458,2.766
13245,2.424,2.766
13246,2.361,2.766
13247,2.317,2.766
13248,2.283,2.766
13249,2.273,2.766
13250,2.273,2.766
13251,2.468,2.766
13252,2.669,2.766
13253,2.849,2.771
13254,2.928,2.771
13255,2.903,2.771
13256,2.825,2.771
13257,2.703,2.771
13258,2.551,2.771
13259,2.463,2.771
13260,2.410,2.771
13261,2.419,2.771
13262,2.458,2.771
13263,2.463,2.771
13264,2.463,2.771
13265,2.439,2.771
13266,2.395,2.771
13267,2.356,2.771
13268,2.336,2.771
13269,2.287,2.771
13270,2.273,2.771
13271,2.317,2.771
13272,2.429,2.771
13273,2.630,2.771
13274,2.835,2.771
13275,2.947,2.771
13276,2.986,2.771
13277,2.908,2.771
13278,2.752,2.771
13279,2.600,2.776
13280,2.478,2.776
13281,2.434,2.776
13282,2.454,2.776
13283,2.502,2.776
13284,2.522,2.776
13285,2.478,2.776
13286,2.463,2.776
13287,2.380,2.776
13288,2.395,2.776
13289,2.336,2.776
13290,2.331,2.776
13291,2.307,2.776
13292,2.292,2.776
13293,2.390,2.776
13294,2.561,2.776
13295,2.781,2.776
13296,2.957,2.776
13297,3.006,2.776
13298,2.962,2.776
13299,2.854,2.776
13300,2.737,2.776
13301,2.576,2.776
13302,2.507,2.776
13303,2.439,2.776
13304,2.473,2.776
13305,2.512,2.776
13306,2.517,2.776
13307,2.507,2.776
13308,2.473,2.776
13309,2.414,2.781
13310,2.351,2.781
13311,2.326,2.781
13312,2.322,2.781
13313,2.317,2.781
13314,2.395,2.781
13315,2.571,2.781
13316,2.786,2.781
13317,2.967,2.781
13318,3.069,2.781
13319,3.045,2.781
13320,2.937,2.781
13321,2.776,2.781
13322,2.634,2.781
13323,2.502,2.781
13324,2.454,2.781
13325,2.439,2.781
13326,2.502,2.781
13327,2.532,2.781
13328,2.527,2.781
13329,2.493,2.781
13330,2.429,2.786
13331,2.390,2.786
13332,2.346,2.786
13333,2.326,2.786
13334,2.302,2.786
13335,2.297,2.786
13336,2.405,2.786
13337,2.630,2.786
13338,2.864,2.786
13339,3.040,2.786
13340,3.065,2.786
13341,3.016,2.786
13342,2.903,2.786
13343,2.757,2.786
13344,2.605,2.786
13345,2.522,2.786
13346,2.507,2.786
13347,2.512,2.786
13348,2.532,2.786
13349,2.502,2.786
13350,2.478,2.786
13351,2.434,2.786
13352,2.395,2.786
13353,2.361,2.786
13354,2.317,2.786
13355,2.268,2.786
13356,2.263,2.786
13357,2.258,2.786
13358,2.307,2.786
13359,2.463,2.786
13360,2.683,2.786
13361,2.898,2.786
13362,3.030,2.786
13363,3.055,2.786
13364,2.962,2.786
13365,2.805,2.786
13366,2.674,2.786
13367,2.498,2.791
13368,2.454,2.791
13369,2.458,2.786
13370,2.493,2.791
13371,2.517,2.791
13372,2.507,2.791
13373,2.512,2.791
13374,2.463,2.791
13375,2.375,2.791
13376,2.336,2.791
13377,2.331,2.791
13378,2.292,2.791
13379,2.273,2.791
13380,2.263,2.791
13381,2.326,2.791
13382,2.478,2.791
13383,2.698,2.791
13384,2.893,2.791
13385,2.981,2.791
13386,2.962,2.791
13387,2.879,2.791
13388,2.722,2.791
13389,2.576,2.791
13390,2.478,2.791
13391,2.449,2.791
13392,2.473,2.791
13393,2.493,2.791
13394,2.512,2.791
13395,2.473,2.791
13396,2.454,2.791
13397,2.390,2.791
13398,2.351,2.791
13399,2.326,2.791
13400,2.273,2.791
13401,2.258,2.791
13402,2.263,2.791
13403,2.292,2.791
13404,2.424,2.791
13405,2.600,2.791
13406,2.849,2.791
13407,2.967,2.791
13408,2.967,2.786
13409,2.874,2.786
13410,2.752,2.781
13411,2.615,2.781
13412,2.507,2.781
13413,2.405,2.776
13414,2.429,2.776
13415,2.473,2.776
13416,2.483,2.776
13417,2.473,2.776
13418,2.444,2.776
13419,2.405,2.776
13420,2.351,2.776
13421,2.322,2.776
13422,2.278,2.776
13423,2.263,2.776
13424,2.243,2.776
13425,2.234,2.776
13426,2.229,2.776
13427,2.278,2.776
13428,2.414,2.776
13429,2.634,2.776
13430,2.864,2.776
13431,3.016,2.776
13432,3.035,2.776
13433,2.967,2.776
13434,2.835,2.776
13435,2.703,2.776
13436,2.561,2.776
13437,2.502,2.776
13438,2.483,2.776
13439,2.507,2.776
13440,2.502,2.776
13441,2.507,2.776
13442,2.444,2.776
13443,2.449,2.776
13444,2.390,2.776
13445,2.341,2.776
13446,2.302,2.776
13447,2.268,2.776
13448,2.239,2.776
13449,2.199,2.776
13450,2.224,2.776
13451,2.248,2.776
13452,2.346,2.776
13453,2.546,2.776
13454,2.752,2.776
13455,2.928,2.776
13456,2.933,2.776
13457,2.933,2.776
13458,2.815,2.776
13459,2.683,2.776
13460,2.527,2.776
13461,2.444,2.776
13462,2.439,2.776
13463,2.454,2.776
13464,2.498,2.776
13465,2.493,2.776
13466,2.478,2.776
13467,2.454,2.776
13468,2.410,2.776
13469,2.322,2.776
13470,2.312,2.776
13471,2.263,2.776
13472,2.248,2.776
13473,2.239,2.776
13474,2.302,2.776
13475,2.454,2.776
13476,2.654,2.776
13477,2.849,2.776
13478,2.937,2.776
13479,2.947,2.776
13480,2.864,2.776
13481,2.698,2.776
13482,2.595,2.776
13483,2.483,2.776
13484,2.434,2.776
13485,2.449,2.776
13486,2.468,2.776
13487,2.502,2.776
13488,2.473,2.776
13489,2.454,2.776
13490,2.395,2.776
13491,2.366,2.776
13492,2.341,2.776
13493,2.283,2.776
13494,2.253,2.776
13495,2.243,2.776
13496,2.248,2.776
13497,2.336,2.776
13498,2.561,2.776
13499,2.776,2.776
13500,2.942,2.776
13501,3.030,2.776
13502,2.981,2.776
13503,2.879,2.776
13504,2.727,2.776
13505,2.571,2.776
13506,2.463,2.776
13507,2.449,2.776
13508,2.454,2.776
13509,2.493,2.776
13510,2.483,2.776
13511,2.493,2.776
13512,2.468,2.776
13513,2.405,2.776
13514,2.356,2.776
13515,2.312,2.776
13516,2.287,2.776
13517,2.239,2.776
13518,2.234,2.776
13519,2.219,2.776
13520,2.243,2.776
13521,2.346,2.776
13522,2.537,2.781
13523,2.761,2.781
13524,2.947,2.776
13525,3.050,2.781
13526,2.996,2.781
13527,2.869,2.781
13528,2.727,2.781
13529,2.571,2.776
13530,2.454,2.776
13531,2.419,2.781
13532,2.424,2.781
13533,2.463,2.781
13534,2.454,2.776
13535,2.502,2.781
13536,2.473,2.776
13537,2.400,2.781
13538,2.351,2.781
13539,2.273,2.781
13540,2.243,2.776
13541,2.248,2.776
13542,2.199,2.776
13543,2.204,2.781
13544,2.239,2.781
13545,2.375,2.781
13546,2.581,2.781
13547,2.810,2.781
13548,2.937,2.786
13549,2.972,2.791
13550,2.898,2.791
13551,2.791,2.791
13552,2.595,2.796
13553,2.488,2.796
13554,2.429,2.796
13555,2.410,2.801
13556,2.449,2.801
13557,2.434,2.801
13558,2.458,2.801
13559,2.468,2.801
13560,2.419,2.801
13561,2.331,2.801
13562,2.287,2.805
13563,2.243,2.805
13564,2.214,2.805
13565,2.214,2.805
13566,2.287,2.805
13567,2.478,2.810
13568,2.717,2.810
13569,2.928,2.815
13570,3.016,2.815
13571,2.996,2.825
13572,2.918,2.830
13573,2.786,2.840
13574,2.625,2.845
13575,2.546,2.845
13576,2.488,2.849
13577,2.478,2.854
13578,2.502,2.854
13579,2.522,2.859
13580,2.502,2.859
13581,2.488,2.864
13582,2.473,2.864
13583,2.424,2.864
13584,2.351,2.864
13585,2.336,2.869
13586,2.302,2.869
13587,2.273,2.869
13588,2.287,2.869
13589,2.336,2.869
13590,2.507,2.869
13591,2.761,2.869
13592,2.991,2.869
13593,3.118,2.869
13594,3.113,2.869
13595,3.016,2.874
13596,2.874,2.874
13597,2.630,2.874
13598,2.551,2.874
13599,2.498,2.874
13600,2.493,2.874
13601,2.551,2.874
13602,2.542,2.874
13603,2.522,2.874
13604,2.488,2.874
13605,2.434,2.874
13606,2.326,2.874
13607,2.336,2.869
13608,2.322,2.869
13609,2.278,2.869
13610,2.273,2.869
13611,2.292,2.869
13612,2.385,2.869
13613,2.600,2.869
13614,2.840,2.869
13615,3.011,2.869
13616,3.060,2.869
13617,2.996,2.874
13618,2.835,2.869
13619,2.732,2.874
13620,2.571,2.869
13621,2.493,2.869
13622,2.434,2.869
13623,2.429,2.869
13624,2.449,2.869
13625,2.439,2.869
13626,2.424,2.869
13627,2.405,2.869
13628,2.366,2.869
13629,2.297,2.869
13630,2.287,2.869
13631,2.273,2.869
13632,2.248,2.864
13633,2.283,2.864
13634,2.385,2.864
13635,2.581,2.864
13636,2.805,2.864
13637,2.977,2.864
13638,3.025,2.864
13639,2.952,2.864
13640,2.791,2.864
13641,2.664,2.864
13642,2.542,2.864
13643,2.463,2.864
13644,2.419,2.864
13645,2.439,2.864
13646,2.449,2.864
13647,2.463,2.864
13648,2.429,2.864
13649,2.405,2.864
13650,2.366,2.864
13651,2.326,2.864
13652,2.287,2.859
13653,2.239,2.859
13654,2.219,2.859
13655,2.234,2.859
13656,2.400,2.859
13657,2.678,2.859
13658,2.913,2.859
13659,3.109,2.859
13660,3.113,2.859
13661,3.001,2.859
13662,2.879,2.859
13663,2.703,2.859
13664,2.571,2.859
13665,2.468,2.859
13666,2.449,2.859
13667,2.449,2.859
13668,2.483,2.859
13669,2.502,2.859
13670,2.493,2.859
13671,2.434,2.859
13672,2.410,2.864
13673,2.351,2.864
13674,2.287,2.859
13675,2.268,2.859
13676,2.234,2.859
13677,2.248,2.859
13678,2.366,2.859
13679,2.586,2.859
13680,2.820,2.859
13681,3.006,2.859
13682,3.074,2.859
13683,3.021,2.859
13684,2.918,2.859
13685,2.752,2.859
13686,2.586,2.859
13687,2.493,2.854
13688,2.429,2.854
13689,2.468,2.854
13690,2.493,2.854
13691,2.502,2.854
13692,2.488,2.854
13693,2.473,2.854
13694,2.419,2.854
13695,2.351,2.854
13696,2.292,2.854
13697,2.258,2.854
13698,2.239,2.854
13699,2.258,2.854
13700,2.366,2.854
13701,2.561,2.854
13702,2.825,2.854
13703,2.986,2.854
13704,3.060,2.854
13705,3.006,2.854
13706,2.869,2.854
13707,2.732,2.859
13708,2.571,2.859
13709,2.478,2.859
13710,2.454,2.859
13711,2.463,2.859
13712,2.488,2.859
13713,2.502,2.859
13714,2.454,2.859
13715,2.463,2.859
13716,2.405,2.854
13717,2.351,2.854
13718,2.297,2.854
13719,2.283,2.854
13720,2.307,2.854
13721,2.439,2.859
13722,2.698,2.859
13723,2.986,2.859
13724,3.133,2.859
13725,3.157,2.859
13726,3.050,2.859
13727,2.874,2.859
13728,2.708,2.859
13729,2.561,2.859
13730,2.488,2.859
13731,2.458,2.864
13732,2.502,2.859
13733,2.517,2.859
13734,2.522,2.859
13735,2.502,2.859
13736,2.439,2.859
13737,2.370,2.864
13738,2.302,2.864
13739,2.243,2.859
13740,2.243,2.864
13741,2.248,2.864
13742,2.390,2.864
13743,2.639,2.864
13744,2.923,2.864
13745,3.074,2.864
13746,3.148,2.864
13747,3.079,2.864
13748,2.967,2.864
13749,2.796,2.864
13750,2.620,2.864
13751,2.527,2.864
13752,2.463,2.864
13753,2.473,2.864
13754,2.473,2.864
13755,2.507,2.864
13756,2.498,2.864
13757,2.468,2.864
13758,2.429,2.864
13759,2.370,2.864
13760,2.307,2.864
13761,2.283,2.864
13762,2.248,2.864
13763,2.302,2.864
13764,2.454,2.864
13765,2.727,2.864
13766,2.986,2.864
13767,3.143,2.864
13768,3.123,2.864
13769,3.045,2.864
13770,2.893,2.864
13771,2.698,2.864
13772,2.566,2.864
13773,2.478,2.864
13774,2.449,2.864
13775,2.463,2.864
13776,2.502,2.864
13777,2.502,2.864
13778,2.473,2.864
13779,2.419,2.864
13780,2.366,2.864
13781,2.317,2.859
13782,2.243,2.859
13783,2.229,2.864
13784,2.190,2.864
13785,2.209,2.864
13786,2.341,2.864
13787,2.620,2.864
13788,2.859,2.864
13789,3.045,2.864
13790,3.084,2.859
13791,3.025,2.859
13792,2.869,2.859
13793,2.688,2.859
13794,2.522,2.859
13795,2.434,2.859
13796,2.414,2.859
13797,2.444,2.859
13798,2.454,2.859
13799,2.454,2.859
13800,2.463,2.859
13801,2.454,2.859
13802,2.405,2.859
13803,2.302,2.859
13804,2.268,2.859
13805,2.297,2.859
13806,2.287,2.859
13807,2.336,2.859
13808,2.556,2.859
13809,2.810,2.854
13810,3.104,2.854
13811,3.236,2.854
13812,3.192,2.854
13813,3.035,2.854
13814,2.849,2.849
13815,2.664,2.845
13816,2.532,2.845
13817,2.458,2.840
13818,2.439,2.840
13819,2.488,2.835
13820,2.468,2.830
13821,2.478,2.830
13822,2.419,2.825
13823,2.375,2.825
13824,2.292,2.820
13825,2.268,2.820
13826,2.204,2.815
13827,2.199,2.815
13828,2.180,2.810
13829,2.243,2.805
13830,2.444,2.801
13831,2.732,2.796
13832,3.006,2.796
13833,3.118,2.796
13834,3.118,2.796
13835,2.972,2.791
13836,2.815,2.791
13837,2.639,2.791
13838,2.483,2.796
13839,2.390,2.801
13840,2.395,2.810
13841,2.419,2.815
13842,2.458,2.820
13843,2.468,2.825
13844,2.429,2.830
13845,2.375,2.835
13846,2.317,2.840
13847,2.253,2.845
13848,2.175,2.849
13849,2.190,2.854
13850,2.141,2.854
13851,2.131,2.859
13852,2.146,2.859
13853,2.317,2.864
13854,2.561,2.864
13855,2.840,2.864
13856,3.001,2.864
13857,3.060,2.869
13858,2.981,2.869
13859,2.791,2.869
13860,2.586,2.864
13861,2.458,2.869
13862,2.322,2.869
13863,2.307,2.869
13864,2.322,2.869
13865,2.366,2.869
13866,2.395,2.869
13867,2.385,2.869
13868,2.336,2.869
13869,2.307,2.864
13870,2.273,2.864
13871,2.209,2.864
13872,2.160,2.864
13873,2.146,2.864
13874,2.121,2.864
13875,2.111,2.859
13876,2.170,2.859
13877,2.351,2.854
13878,2.595,2.854
13879,2.796,2.849
13880,2.908,2.845
13881,2.893,2.845
13882,2.815,2.840
13883,2.630,2.840
13884,2.473,2.840
13885,2.326,2.835
13886,2.268,2.835
13887,2.278,2.835
13888,2.331,2.835
13889,2.336,2.835
13890,2.356,2.830
13891,2.326,2.825
13892,2.273,2.820
13893,2.219,2.820
13894,2.199,2.815
13895,2.155,2.815
13896,2.141,2.815
13897,2.131,2.810
13898,2.126,2.810
13899,2.219,2.810
13900,2.380,2.810
13901,2.625,2.810
13902,2.815,2.810
13903,2.835,2.805
13904,2.786,2.805
13905,2.649,2.805
13906,2.488,2.805
13907,2.370,2.805
13908,2.302,2.805
13909,2.273,2.805
13910,2.302,2.805
13911,2.336,2.805
13912,2.336,2.805
13913,2.336,2.805
13914,2.307,2.805
13915,2.283,2.801
13916,2.258,2.801
13917,2.204,2.801
13918,2.175,2.801
13919,2.165,2.801
13920,2.224,2.801
13921,2.370,2.801
13922,2.620,2.801
13923,2.771,2.801
13924,2.845,2.801
13925,2.791,2.801
13926,2.674,2.801
13927,2.542,2.801
13928,2.395,2.796
13929,2.283,2.796
13930,2.248,2.796
13931,2.268,2.796
13932,2.292,2.796
13933,2.317,2.796
13934,2.312,2.796
13935,2.307,2.796
13936,2.253,2.796
13937,2.229,2.796
13938,2.170,2.796
13939,2.126,2.796
13940,2.131,2.796
13941,2.190,2.796
13942,2.400,2.796
13943,2.620,2.796
13944,2.801,2.796
13945,2.879,2.796
13946,2.854,2.796
13947,2.732,2.796
13948,2.571,2.796
13949,2.454,2.796
13950,2.351,2.796
13951,2.278,2.796
13952,2.297,2.796
13953,2.317,2.796
13954,2.346,2.796
13955,2.346,2.796
13956,2.326,2.796
13957,2.302,2.796
13958,2.258,2.796
13959,2.209,2.796
13960,2.180,2.796
13961,2.180,2.796
13962,2.229,2.796
13963,2.454,2.796
13964,2.674,2.796
13965,2.805,2.796
13966,2.884,2.796
13967,2.815,2.796
13968,2.698,2.796
13969,2.532,2.796
13970,2.439,2.796
13971,2.356,2.796
13972,2.322,2.801
13973,2.336,2.801
13974,2.356,2.801
13975,2.385,2.801
13976,2.356,2.801
13977,2.322,2.801
13978,2.273,2.801
13979,2.239,2.801
13980,2.199,2.801
13981,2.224,2.801
13982,2.326,2.801
13983,2.532,2.801
13984,2.732,2.801
13985,2.859,2.801
13986,2.854,2.801
13987,2.781,2.801
13988,2.674,2.801
13989,2.493,2.801
13990,2.370,2.801
13991,2.351,2.801
13992,2.336,2.801
13993,2.351,2.801
13994,2.385,2.801
13995,2.400,2.801
13996,2.375,2.801
13997,2.351,2.801
13998,2.283,2.801
13999,2.253,2.801
14000,2.209,2.801
14001,2.229,2.801
14002,2.341,2.801
14003,2.532,2.801
14004,2.717,2.801
14005,2.835,2.801
14006,2.840,2.801
14007,2.771,2.805
14008,2.649,2.805
14009,2.507,2.805
14010,2.312,2.805
14011,2.317,2.805
14012,2.322,2.805
14013,2.336,2.805
14014,2.361,2.805
14015,2.375,2.805
14016,2.361,2.805
14017,2.326,2.805
14018,2.287,2.805
14019,2.263,2.805
14020,2.214,2.805
14021,2.219,2.805
14022,2.322,2.805
14023,2.527,2.805
14024,2.713,2.805
14025,2.849,2.805
14026,2.854,2.805
14027,2.801,2.805
14028,2.664,2.805
14029,2.522,2.805
14030,2.405,2.805
14031,2.331,2.805
14032,2.380,2.805
14033,2.458,2.805
14034,2.473,2.805
14035,2.473,2.805
14036,2.444,2.805
14037,2.400,2.805
14038,2.351,2.805
14039,2.307,2.805
14040,2.273,2.810
14041,2.312,2.810
14042,2.439,2.805
14043,2.644,2.805
14044,2.859,2.805
14045,2.957,2.810
14046,2.967,2.810
14047,2.879,2.810
14048,2.737,2.810
14049,2.566,2.810
14050,2.454,2.810
14051,2.400,2.810
14052,2.405,2.810
14053,2.439,2.810
14054,2.454,2.810
14055,2.439,2.810
14056,2.429,2.810
14057,2.375,2.810
14058,2.370,2.810
14059,2.317,2.810
14060,2.278,2.810
14061,2.253,2.810
14062,2.307,2.810
14063,2.439,2.810
14064,2.727,2.810
14065,2.913,2.810
14066,3.016,2.810
14067,3.025,2.810
14068,2.918,2.810
14069,2.771,2.810
14070,2.659,2.810
14071,2.517,2.810
14072,2.434,2.810
14073,2.439,2.810
14074,2.454,2.810
14075,2.483,2.810
14076,2.454,2.810
14077,2.454,2.815
14078,2.380,2.810
14079,2.361,2.810
14080,2.341,2.810
14081,2.297,2.810
14082,2.263,2.810
14083,2.248,2.810
14084,2.258,2.810
14085,2.380,2.810
14086,2.605,2.810
14087,2.859,2.810
14088,3.021,2.810
14089,3.084,2.810
14090,3.021,2.810
14091,2.854,2.810
14092,2.688,2.810
14093,2.542,2.810
14094,2.434,2.810
14095,2.434,2.810
14096,2.410,2.810
14097,2.473,2.810
14098,2.507,2.810
14099,2.493,2.810
14100,2.414,2.810
14101,2.351,2.810
14102,2.297,2.810
14103,2.263,2.810
14104,2.239,2.810
14105,2.229,2.810
14106,2.219,2.810
14107,2.209,2.810
14108,2.283,2.810
14109,2.390,2.810
14110,2.674,2.810
14111,2.933,2.810
14112,3.074,2.810
14113,3.065,2.810
14114,2.967,2.810
14115,2.830,2.810
14116,2.659,2.810
14117,2.546,2.810
14118,2.473,2.810
14119,2.468,2.810
14120,2.483,2.810
14121,2.517,2.810
14122,2.512,2.810
14123,2.493,2.810
14124,2.434,2.810
14125,2.375,2.810
14126,2.317,2.810
14127,2.278,2.810
14128,2.253,2.810
14129,2.243,2.810
14130,2.243,2.810
14131,2.278,2.810
14132,2.380,2.810
14133,2.581,2.810
14134,2.864,2.810
14135,3.025,2.810
14136,3.104,2.810
14137,3.021,2.810
14138,2.879,2.810
14139,2.703,2.810
14140,2.556,2.810
14141,2.463,2.815
14142,2.444,2.815
14143,2.463,2.815
14144,2.493,2.815
14145,2.507,2.815
14146,2.522,2.815
14147,2.483,2.815
14148,2.424,2.810
14149,2.370,2.810
14150,2.326,2.810
14151,2.268,2.810
14152,2.248,2.810
14153,2.243,2.810
14154,2.356,2.810
14155,2.542,2.810
14156,2.830,2.810
14157,3.035,2.810
14158,3.089,2.810
14159,3.040,2.810
14160,2.893,2.810
14161,2.693,2.810
14162,2.551,2.810
14163,2.434,2.810
14164,2.419,2.810
14165,2.439,2.810
14166,2.473,2.810
14167,2.512,2.810
14168,2.498,2.810
14169,2.449,2.810
14170,2.375,2.810
14171,2.341,2.805
14172,2.326,2.805
14173,2.258,2.805
14174,2.239,2.805
14175,2.209,2.805
14176,2.224,2.805
14177,2.390,2.805
14178,2.669,2.805
14179,2.893,2.805
14180,3.060,2.805
14181,3.099,2.805
14182,3.001,2.805
14183,2.859,2.805
14184,2.717,2.805
14185,2.595,2.805
14186,2.527,2.805
14187,2.590,2.805
14188,2.688,2.805
14189,2.727,2.805
14190,2.659,2.805
14191,2.537,2.801
14192,2.424,2.801
14193,2.346,2.801
14194,2.263,2.801
14195,2.219,2.801
14196,2.209,2.801
14197,2.190,2.801
14198,2.165,2.801
14199,2.126,2.796
14200,2.185,2.796
14201,2.322,2.796
14202,2.546,2.796
14203,2.796,2.796
14204,2.957,2.796
14205,2.923,2.791
14206,2.893,2.791
14207,2.737,2.791
14208,2.551,2.786
14209,2.424,2.786
14210,2.351,2.786
14211,2.346,2.786
14212,2.405,2.781
14213,2.454,2.781
14214,2.483,2.776
14215,2.454,2.776
14216,2.434,2.776
14217,2.346,2.776
14218,2.297,2.771
14219,2.258,2.771
14220,2.234,2.771
14221,2.204,2.771
14222,2.248,2.771
14223,2.366,2.771
14224,2.600,2.771
14225,2.879,2.766
14226,3.050,2.766
14227,2.977,2.766
14228,2.859,2.766
14229,2.703,2.761
14230,2.537,2.761
14231,2.434,2.761
14232,2.395,2.757
14233,2.400,2.757
14234,2.424,2.757
14235,2.424,2.757
14236,2.405,2.752
14237,2.380,2.752
14238,2.307,2.752
14239,2.258,2.752
14240,2.243,2.752
14241,2.214,2.752
14242,2.209,2.752
14243,2.209,2.752
14244,2.292,2.752
14245,2.488,2.752
14246,2.747,2.752
14247,2.908,2.752
14248,2.962,2.752
14249,2.923,2.752
14250,2.815,2.752
14251,2.669,2.752
14252,2.463,2.752
14253,2.405,2.752
14254,2.356,2.752
14255,2.361,2.752
14256,2.424,2.752
14257,2.429,2.752
14258,2.468,2.752
14259,2.454,2.752
14260,2.463,2.752
14261,2.444,2.752
14262,2.434,2.752
14263,2.390,2.752
14264,2.322,2.752
14265,2.258,2.752
14266,2.219,2.752
14267,2.287,2.757
14268,2.429,2.757
14269,2.659,2.761
14270,2.830,2.761
14271,2.869,2.761
14272,2.810,2.761
14273,2.678,2.761
14274,2.532,2.761
14275,2.414,2.766
14276,2.366,2.766
14277,2.346,2.766
14278,2.351,2.766
14279,2.390,2.771
14280,2.414,2.776
14281,2.419,2.776
14282,2.400,2.781
14283,2.361,2.781
14284,2.326,2.786
14285,2.283,2.786
14286,2.229,2.786
14287,2.160,2.791
14288,2.170,2.791
14289,2.180,2.791
14290,2.356,2.791
14291,2.566,2.791
14292,2.791,2.791
14293,2.879,2.791
14294,2.874,2.791
14295,2.771,2.791
14296,2.674,2.791
14297,2.537,2.796
14298,2.405,2.796
14299,2.336,2.796
14300,2.351,2.796
14301,2.356,2.796
14302,2.405,2.796
14303,2.395,2.796
14304,2.366,2.801
14305,2.336,2.805
14306,2.258,2.805
14307,2.204,2.805
14308,2.146,2.805
14309,2.126,2.810
14310,2.141,2.810
14311,2.190,2.810
14312,2.307,2.810
14313,2.507,2.810
14314,2.713,2.810
14315,2.835,2.815
14316,2.835,2.815
14317,2.791,2.815
14318,2.669,2.815
14319,2.537,2.815
14320,2.424,2.810
14321,2.351,2.810
14322,2.361,2.810
14323,2.390,2.810
14324,2.434,2.810
14325,2.458,2.810
14326,2.444,2.810
14327,2.351,2.810
14328,2.297,2.810
14329,2.273,2.810
14330,2.219,2.810
14331,2.195,2.810
14332,2.185,2.815
14333,2.302,2.815
14334,2.493,2.815
14335,2.688,2.815
14336,2.801,2.815
14337,2.801,2.815
14338,2.727,2.820
14339,2.600,2.820
14340,2.463,2.825
14341,2.375,2.825
14342,2.331,2.830
14343,2.331,2.830
14344,2.380,2.830
14345,2.400,2.835
14346,2.410,2.845
14347,2.410,2.849
14348,2.375,2.859
14349,2.326,2.864
14350,2.292,2.869
14351,2.248,2.874
14352,2.224,2.879
14353,2.312,2.884
14354,2.463,2.884
14355,2.654,2.889
14356,2.776,2.893
14357,2.805,2.893
14358,2.727,2.898
14359,2.600,2.898
14360,2.439,2.903
14361,2.331,2.903
14362,2.273,2.908
14363,2.248,2.908
14364,2.273,2.913
14365,2.307,2.913
14366,2.326,2.918
14367,2.292,2.918
14368,2.317,2.923
14369,2.278,2.923
14370,2.243,2.928
14371,2.190,2.928
14372,2.204,2.928
14373,2.155,2.928
14374,2.292,2.928
14375,2.468,2.928
14376,2.678,2.928
14377,2.805,2.928
14378,2.835,2.928
14379,2.796,2.928
14380,2.717,2.928
14381,2.576,2.923
14382,2.468,2.923
14383,2.370,2.923
14384,2.361,2.923
14385,2.390,2.918
14386,2.429,2.918
14387,2.439,2.918
14388,2.439,2.918
14389,2.410,2.918
14390,2.366,2.918
14391,2.336,2.923
14392,2.273,2.923
14393,2.268,2.923
14394,2.312,2.928
14395,2.444,2.928
14396,2.639,2.928
14397,2.805,2.933
14398,2.903,2.933
14399,2.918,2.937
14400,2.820,2.937
14401,2.688,2.937
14402,2.556,2.937
14403,2.458,2.937
14404,2.419,2.937
14405,2.410,2.937
14406,2.444,2.937
14407,2.439,2.937
14408,2.488,2.937
14409,2.454,2.942
14410,2.410,2.942
14411,2.375,2.942
14412,2.317,2.937
14413,2.283,2.937
14414,2.292,2.937
14415,2.390,2.937
14416,2.576,2.937
14417,2.796,2.933
14418,2.972,2.933
14419,3.035,2.933
14420,2.972,2.933
14421,2.854,2.933
14422,2.693,2.933
14423,2.566,2.933
14424,2.512,2.933
14425,2.463,2.933
14426,2.483,2.933
14427,2.522,2.933
14428,2.532,2.933
14429,2.542,2.933
14430,2.522,2.933
14431,2.512,2.933
14432,2.458,2.933
14433,2.405,2.933
14434,2.370,2.933
14435,2.356,2.933
14436,2.405,2.928
14437,2.571,2.928
14438,2.820,2.928
14439,3.021,2.928
14440,3.099,2.928
14441,3.035,2.928
14442,2.928,2.928
14443,2.737,2.923
14444,2.605,2.923
14445,2.498,2.923
14446,2.478,2.918
14447,2.517,2.913
14448,2.537,2.913
14449,2.537,2.908
14450,2.498,2.903
14451,2.468,2.903
14452,2.449,2.898
14453,2.356,2.889
14454,2.341,2.879
14455,2.361,2.869
14456,2.312,2.854
14457,2.317,2.845
14458,2.370,2.835
14459,2.551,2.825
14460,2.810,2.815
14461,2.986,2.805
14462,3.055,2.796
14463,3.001,2.791
14464,2.874,2.781
14465,2.678,2.771
14466,2.542,2.761
14467,2.493,2.752
14468,2.458,2.742
14469,2.483,2.737
14470,2.507,2.737
14471,2.493,2.732
14472,2.507,2.727
14473,2.434,2.727
14474,2.419,2.722
14475,2.375,2.722
14476,2.326,2.722
14477,2.287,2.717
14478,2.283,2.717
14479,2.268,2.717
14480,2.253,2.717
14481,2.204,2.717
14482,2.331,2.717
14483,2.517,2.713
14484,2.771,2.713
14485,2.977,2.713
14486,3.045,2.708
14487,3.001,2.708
14488,2.903,2.708
14489,2.688,2.703
14490,2.586,2.703
14491,2.488,2.703
14492,2.444,2.703
14493,2.463,2.703
14494,2.493,2.698
14495,2.507,2.698
14496,2.507,2.698
14497,2.478,2.698
14498,2.429,2.698
14499,2.390,2.698
14500,2.336,2.698
14501,2.307,2.698
14502,2.287,2.693
14503,2.268,2.693
14504,2.248,2.693
14505,2.243,2.693
14506,2.248,2.693
14507,2.366,2.688
14508,2.581,2.688
14509,2.801,2.688
14510,2.933,2.688
14511,2.957,2.688
14512,2.874,2.688
14513,2.722,2.688
14514,2.590,2.683
14515,2.429,2.688
14516,2.395,2.688
14517,2.400,2.683
14518,2.400,2.688
14519,2.473,2.683
14520,2.493,2.678
14521,2.507,2.674
14522,2.458,2.674
14523,2.400,2.669
14524,2.375,2.669
14525,2.326,2.669
14526,2.292,2.664
14527,2.268,2.664
14528,2.253,2.664
14529,2.283,2.664
14530,2.351,2.664
14531,2.512,2.664
14532,2.703,2.659
14533,2.898,2.659
14534,2.937,2.659
14535,2.874,2.659
14536,2.752,2.659
14537,2.590,2.659
14538,2.444,2.659
14539,2.370,2.659
14540,2.346,2.659
14541,2.375,2.659
14542,2.414,2.659
14543,2.424,2.654
14544,2.473,2.654
14545,2.444,2.654
14546,2.405,2.654
14547,2.356,2.654
14548,2.312,2.654
14549,2.268,2.654
14550,2.234,2.654
14551,2.234,2.654
14552,2.248,2.654
14553,2.263,2.654
14554,2.449,2.654
14555,2.674,2.654
14556,2.874,2.654
14557,2.986,2.654
14558,2.962,2.649
14559,2.849,2.649
14560,2.727,2.649
14561,2.581,2.649
14562,2.463,2.649
14563,2.414,2.649
14564,2.405,2.649
14565,2.458,2.649
14566,2.498,2.649
14567,2.483,2.649
14568,2.468,2.649
14569,2.449,2.649
14570,2.385,2.649
14571,2.356,2.649
14572,2.331,2.649
14573,2.292,2.649
14574,2.258,2.649
14575,2.239,2.649
14576,2.273,2.649
14577,2.405,2.649
14578,2.625,2.649
14579,2.840,2.649
14580,2.991,2.649
14581,3.006,2.649
14582,2.937,2.649
14583,2.776,2.649
14584,2.625,2.649
14585,2.473,2.644
14586,2.439,2.644
14587,2.419,2.644
14588,2.473,2.644
14589,2.532,2.644
14590,2.546,2.644
14591,2.517,2.644
14592,2.473,2.644
14593,2.390,2.639
14594,2.375,2.639
14595,2.341,2.639
14596,2.317,2.639
14597,2.287,2.639
14598,2.253,2.639
14599,2.239,2.639
14600,2.224,2.639
14601,2.341,2.639
14602,2.522,2.639
14603,2.913,2.639
14604,3.025,2.639
14605,2.991,2.639
14606,2.879,2.639
14607,2.708,2.639
14608,2.537,2.639
14609,2.434,2.639
14610,2.405,2.639
14611,2.449,2.639
14612,2.493,2.639
14613,2.542,2.639
14614,2.551,2.639
14615,2.542,2.639
14616,2.483,2.639
14617,2.449,2.639
14618,2.395,2.639
14619,2.366,2.644
14620,2.351,2.639
14621,2.307,2.639
14622,2.287,2.639
14623,2.370,2.639
14624,2.527,2.639
14625,2.737,2.639
14626,2.913,2.639
14627,3.035,2.639
14628,3.006,2.639
14629,2.893,2.639
14630,2.717,2.639
14631,2.581,2.639
14632,2.454,2.639
14633,2.419,2.639
14634,2.449,2.639
14635,2.473,2.639
14636,2.512,2.639
14637,2.512,2.639
14638,2.488,2.644
14639,2.458,2.644
14640,2.410,2.644
14641,2.361,2.644
14642,2.356,2.644
14643,2.322,2.644
14644,2.297,2.644
14645,2.248,2.644
14646,2.263,2.644
14647,2.307,2.644
14648,2.463,2.644
14649,2.732,2.644
14650,2.972,2.644
14651,3.099,2.644
14652,3.138,2.644
14653,3.040,2.644
14654,2.879,2.644
14655,2.698,2.649
14656,2.576,2.644
14657,2.502,2.649
14658,2.449,2.649
14659,2.498,2.649
14660,2.542,2.644
14661,2.586,2.649
14662,2.600,2.649
14663,2.512,2.649
14664,2.483,2.649
14665,2.419,2.649
14666,2.356,2.649
14667,2.322,2.649
14668,2.292,2.649
14669,2.263,2.649
14670,2.263,2.649
14671,2.268,2.649
14672,2.317,2.649
14673,2.434,2.649
14674,2.669,2.649
14675,2.923,2.654
14676,3.089,2.654
14677,3.138,2.654
14678,3.040,2.654
14679,2.908,2.654
14680,2.742,2.654
14681,2.625,2.654
14682,2.532,2.654
14683,2.507,2.654
14684,2.532,2.654
14685,2.571,2.654
14686,2.615,2.654
14687,2.610,2.654
14688,2.546,2.654
14689,2.463,2.654
14690,2.424,2.654
14691,2.390,2.654
14692,2.346,2.654
14693,2.331,2.654
14694,2.297,2.654
14695,2.278,2.654
14696,2.287,2.654
14697,2.356,2.654
14698,2.551,2.654
14699,2.805,2.654
14700,3.055,2.659
14701,3.167,2.659
14702,3.133,2.659
14703,2.996,2.659
14704,2.835,2.654
14705,2.654,2.659
14706,2.546,2.654
14707,2.483,2.654
14708,2.498,2.654
14709,2.546,2.654
14710,2.576,2.654
14711,2.556,2.654
14712,2.532,2.654
14713,2.512,2.654
14714,2.449,2.654
14715,2.400,2.654
14716,2.341,2.654
14717,2.278,2.654
14718,2.263,2.659
14719,2.219,2.659
14720,2.219,2.659
14721,2.219,2.659
14722,2.341,2.659
14723,2.546,2.659
14724,2.845,2.659
14725,3.094,2.659
14726,3.211,2.659
14727,3.177,2.659
14728,3.060,2.659
14729,2.849,2.659
14730,2.664,2.659
14731,2.537,2.659
14732,2.493,2.659
14733,2.502,2.659
14734,2.546,2.659
14735,2.595,2.659
14736,2.605,2.659
14737,2.551,2.659
14738,2.498,2.659
14739,2.405,2.659
14740,2.351,2.659
14741,2.297,2.659
14742,2.312,2.659
14743,2.292,2.659
14744,2.229,2.659
14745,2.248,2.659
14746,2.229,2.659
14747,2.239,2.659
14748,2.414,2.659
14749,2.698,2.659
14750,2.937,2.659
14751,3.133,2.659
14752,3.157,2.659
14753,3.060,2.664
14754,2.889,2.664
14755,2.722,2.664
14756,2.571,2.664
14757,2.473,2.659
14758,2.414,2.659
14759,2.502,2.659
14760,2.542,2.659
14761,2.546,2.659
14762,2.527,2.659
14763,2.473,2.659
14764,2.405,2.659
14765,2.361,2.659
14766,2.312,2.659
14767,2.258,2.659
14768,2.248,2.664
14769,2.239,2.664
14770,2.214,2.664
14771,2.209,2.664
14772,2.239,2.664
14773,2.317,2.664
14774,2.542,2.664
14775,2.801,2.664
14776,3.016,2.664
14777,3.089,2.664
14778,3.050,2.664
14779,2.918,2.664
14780,2.717,2.664
14781,2.551,2.664
14782,2.405,2.664
14783,2.439,2.664
14784,2.483,2.664
14785,2.512,2.664
14786,2.527,2.664
14787,2.478,2.664
14788,2.434,2.664
14789,2.370,2.664
14790,2.322,2.664
14791,2.297,2.664
14792,2.253,2.664
14793,2.229,2.664
14794,2.199,2.664
14795,2.175,2.669
14796,2.190,2.669
14797,2.229,2.669
14798,2.385,2.669
14799,2.630,2.669
14800,2.879,2.669
14801,3.060,2.669
14802,3.060,2.669
14803,2.962,2.669
14804,2.820,2.669
14805,2.615,2.669
14806,2.468,2.669
14807,2.419,2.669
14808,2.419,2.669
14809,2.444,2.669
14810,2.463,2.669
14811,2.493,2.669
14812,2.473,2.669
14813,2.419,2.669
14814,2.375,2.669
14815,2.322,2.669
14816,2.283,2.669
14817,2.253,2.669
14818,2.224,2.669
14819,2.199,2.669
14820,2.170,2.669
14821,2.165,2.669
14822,2.180,2.669
14823,2.292,2.669
14824,2.527,2.669
14825,2.781,2.669
14826,2.972,2.669
14827,3.045,2.669
14828,2.986,2.674
14829,2.840,2.674
14830,2.674,2.674
14831,2.502,2.674
14832,2.419,2.674
14833,2.375,2.674
14834,2.405,2.674
14835,2.434,2.674
14836,2.473,2.674
14837,2.454,2.674
14838,2.419,2.674
14839,2.375,2.674
14840,2.326,2.674
14841,2.287,2.674
14842,2.234,2.674
14843,2.219,2.674
14844,2.190,2.674
14845,2.209,2.674
14846,2.155,2.674
14847,2.165,2.674
14848,2.170,2.674
14849,2.268,2.674
14850,2.498,2.674
14851,2.747,2.674
14852,2.937,2.674
14853,2.981,2.674
14854,2.840,2.674
14855,2.683,2.674
14856,2.542,2.674
14857,2.429,2.674
14858,2.366,2.674
14859,2.366,2.674
14860,2.405,2.674
14861,2.434,2.674
14862,2.468,2.674
14863,2.439,2.674
14864,2.400,2.674
14865,2.356,2.674
14866,2.307,2.674
14867,2.268,2.674
14868,2.224,2.674
14869,2.214,2.674
14870,2.224,2.674
14871,2.199,2.674
14872,2.234,2.674
14873,2.366,2.674
14874,2.590,2.674
14875,2.771,2.674
14876,2.923,2.674
14877,2.923,2.674
14878,2.825,2.674
14879,2.654,2.674
14880,2.512,2.674
14881,2.405,2.674
14882,2.341,2.674
14883,2.336,2.674
14884,2.390,2.674
14885,2.414,2.674
14886,2.429,2.674
14887,2.419,2.674
14888,2.361,2.674
14889,2.336,2.674
14890,2.297,2.674
14891,2.248,2.674
14892,2.219,2.674
14893,2.209,2.674
14894,2.180,2.674
14895,2.170,2.674
14896,2.160,2.674
14897,2.199,2.678
14898,2.400,2.678
14899,2.674,2.678
14900,2.879,2.678
14901,3.011,2.678
14902,2.981,2.678
14903,2.923,2.678
14904,2.781,2.678
14905,2.625,2.678
14906,2.483,2.678
14907,2.414,2.678
14908,2.400,2.678
14909,2.419,2.678
14910,2.458,2.678
14911,2.493,2.678
14912,2.458,2.678
14913,2.424,2.678
14914,2.370,2.678
14915,2.331,2.678
14916,2.312,2.678
14917,2.287,2.678
14918,2.263,2.678
14919,2.234,2.678
14920,2.229,2.678
14921,2.273,2.683
14922,2.414,2.683
14923,2.615,2.683
14924,2.825,2.683
14925,2.957,2.683
14926,2.942,2.683
14927,2.820,2.683
14928,2.688,2.683
14929,2.537,2.683
14930,2.429,2.683
14931,2.341,2.683
14932,2.410,2.683
14933,2.444,2.683
14934,2.483,2.683
14935,2.483,2.683
14936,2.478,2.683
14937,2.439,2.683
14938,2.385,2.683
14939,2.331,2.683
14940,2.292,2.683
14941,2.278,2.683
14942,2.283,2.683
14943,2.263,2.683
14944,2.268,2.683
14945,2.302,2.683
14946,2.419,2.683
14947,2.590,2.683
14948,2.796,2.683
14949,2.952,2.683
14950,2.991,2.683
14951,2.933,2.683
14952,2.810,2.683
14953,2.664,2.683
14954,2.542,2.683
14955,2.463,2.683
14956,2.424,2.683
14957,2.444,2.683
14958,2.478,2.683
14959,2.502,2.683
14960,2.498,2.683
14961,2.468,2.683
14962,2.444,2.683
14963,2.385,2.683
14964,2.351,2.683
14965,2.322,2.683
14966,2.312,2.683
14967,2.273,2.683
14968,2.292,2.683
14969,2.385,2.683
14970,2.576,2.688
14971,2.820,2.688
14972,2.947,2.688
14973,3.035,2.688
14974,2.952,2.688
14975,2.805,2.688
14976,2.649,2.688
14977,2.517,2.688
14978,2.434,2.688
14979,2.390,2.688
14980,2.507,2.688
14981,2.537,2.688
14982,2.546,2.688
14983,2.478,2.688
14984,2.405,2.688
14985,2.370,2.688
14986,2.341,2.688
14987,2.273,2.688
14988,2.253,2.688
14989,2.248,2.688
14990,2.229,2.688
14991,2.258,2.688
14992,2.390,2.688
14993,2.644,2.688
14994,2.889,2.688
14995,3.069,2.688
14996,3.133,2.688
14997,3.035,2.688
14998,2.898,2.688
14999,2.747,2.688
15000,2.610,2.688
15001,2.517,2.688
15002,2.483,2.688
15003,2.512,2.688
15004,2.537,2.688
15005,2.546,2.688
15006,2.537,2.688
15007,2.493,2.688
15008,2.454,2.688
15009,2.370,2.693
15010,2.341,2.693
15011,2.322,2.688
15012,2.297,2.688
15013,2.292,2.693
15014,2.248,2.693
15015,2.253,2.693
15016,2.331,2.693
15017,2.498,2.693
15018,2.771,2.693
15019,3.001,2.693
15020,3.123,2.693
15021,3.094,2.693
15022,2.977,2.693
15023,2.801,2.693
15024,2.630,2.693
15025,2.512,2.693
15026,2.439,2.693
15027,2.454,2.693
15028,2.502,2.693
15029,2.546,2.688
15030,2.542,2.688
15031,2.507,2.688
15032,2.439,2.688
15033,2.414,2.688
15034,2.375,2.688
15035,2.336,2.688
15036,2.302,2.688
15037,2.278,2.688
15038,2.243,2.688
15039,2.258,2.688
15040,2.243,2.688
15041,2.283,2.688
15042,2.468,2.688
15043,2.717,2.688
15044,2.947,2.688
15045,3.069,2.688
15046,3.045,2.688
15047,2.913,2.688
15048,2.757,2.688
15049,2.610,2.688
15050,2.542,2.688
15051,2.493,2.688
15052,2.488,2.688
15053,2.527,2.688
15054,2.527,2.688
15055,2.532,2.688
15056,2.488,2.688
15057,2.463,2.688
15058,2.390,2.688
15059,2.356,2.688
15060,2.322,2.688
15061,2.278,2.688
15062,2.239,2.688
15063,2.214,2.693
15064,2.224,2.688
15065,2.326,2.688
15066,2.546,2.688
15067,2.801,2.688
15068,2.972,2.693
15069,3.030,2.693
15070,3.016,2.693
15071,2.854,2.693
15072,2.703,2.693
15073,2.502,2.693
15074,2.405,2.693
15075,2.356,2.693
15076,2.380,2.693
15077,2.439,2.693
15078,2.478,2.693
15079,2.458,2.693
15080,2.400,2.693
15081,2.390,2.693
15082,2.312,2.688
15083,2.283,2.688
15084,2.253,2.688
15085,2.209,2.688
15086,2.151,2.688
15087,2.165,2.688
15088,2.180,2.688
15089,2.204,2.688
15090,2.268,2.688
15091,2.463,2.683
15092,2.708,2.683
15093,2.928,2.683
15094,3.079,2.683
15095,3.065,2.683
15096,3.001,2.683
15097,2.830,2.683
15098,2.659,2.683
15099,2.546,2.683
15100,2.468,2.688
15101,2.473,2.683
15102,2.522,2.688
15103,2.527,2.688
15104,2.542,2.683
15105,2.522,2.683
15106,2.444,2.683
15107,2.390,2.683
15108,2.341,2.683
15109,2.273,2.683
15110,2.239,2.683
15111,2.243,2.683
15112,2.239,2.683
15113,2.219,2.688
15114,2.214,2.683
15115,2.317,2.683
15116,2.542,2.688
15117,2.810,2.688
15118,2.957,2.688
15119,3.030,2.688
15120,2.947,2.688
15121,2.810,2.688
15122,2.654,2.688
15123,2.502,2.688
15124,2.405,2.688
15125,2.385,2.688
15126,2.390,2.688
15127,2.414,2.688
15128,2.463,2.688
15129,2.439,2.688
15130,2.400,2.688
15131,2.341,2.688
15132,2.302,2.688
15133,2.224,2.688
15134,2.204,2.688
15135,2.219,2.688
15136,2.195,2.688
15137,2.165,2.693
15138,2.136,2.693
15139,2.155,2.693
15140,2.209,2.693
15141,2.414,2.693
15142,2.693,2.693
15143,2.908,2.693
15144,2.996,2.693
15145,2.942,2.693
15146,2.786,2.693
15147,2.644,2.693
15148,2.468,2.693
15149,2.375,2.693
15150,2.336,2.693
15151,2.356,2.693
15152,2.410,2.693
15153,2.444,2.693
15154,2.410,2.693
15155,2.390,2.693
15156,2.331,2.688
15157,2.287,2.688
15158,2.283,2.688
15159,2.248,2.688
15160,2.214,2.688
15161,2.190,2.693
15162,2.214,2.693
15163,2.287,2.693
15164,2.502,2.693
15165,2.703,2.693
15166,2.854,2.693
15167,2.893,2.693
15168,2.820,2.693
15169,2.703,2.693
15170,2.561,2.693
15171,2.424,2.693
15172,2.346,2.693
15173,2.341,2.693
15174,2.351,2.693
15175,2.385,2.693
15176,2.410,2.693
15177,2.395,2.693
15178,2.385,2.693
15179,2.307,2.693
15180,2.273,2.693
15181,2.268,2.693
15182,2.263,2.693
15183,2.243,2.693
15184,2.229,2.693
15185,2.263,2.693
15186,2.405,2.693
15187,2.615,2.693
15188,2.859,2.693
15189,3.030,2.693
15190,3.040,2.693
15191,2.942,2.693
15192,2.805,2.693
15193,2.644,2.698
15194,2.493,2.693
15195,2.400,2.693
15196,2.390,2.693
15197,2.429,2.693
15198,2.463,2.693
15199,2.483,2.693
15200,2.463,2.693
15201,2.424,2.693
15202,2.380,2.693
15203,2.341,2.693
15204,2.292,2.693
15205,2.253,2.693
15206,2.224,2.693
15207,2.199,2.693
15208,2.239,2.693
15209,2.380,2.693
15210,2.595,2.693
15211,2.845,2.693
15212,2.986,2.693
15213,3.021,2.693
15214,2.952,2.693
15215,2.820,2.693
15216,2.674,2.693
15217,2.522,2.693
15218,2.434,2.693
15219,2.434,2.693
15220,2.468,2.693
15221,2.488,2.693
15222,2.517,2.693
15223,2.507,2.693
15224,2.449,2.693
15225,2.414,2.693
15226,2.356,2.693
15227,2.322,2.693
15228,2.268,2.693
15229,2.268,2.693
15230,2.258,2.693
15231,2.322,2.693
15232,2.644,2.693
15233,2.874,2.693
15234,3.016,2.693
15235,3.030,2.693
15236,2.928,2.693
15237,2.791,2.693
15238,2.630,2.693
15239,2.502,2.693
15240,2.434,2.693
15241,2.419,2.693
15242,2.454,2.693
15243,2.483,2.693
15244,2.483,2.693
15245,2.468,2.693
15246,2.424,2.693
15247,2.405,2.693
15248,2.331,2.693
15249,2.287,2.693
15250,2.273,2.693
15251,2.229,2.693
15252,2.234,2.693
15253,2.283,2.693
15254,2.502,2.693
15255,2.757,2.693
15256,2.996,2.693
15257,3.109,2.693
15258,3.074,2.693
15259,2.933,2.693
15260,2.771,2.693
15261,2.625,2.693
15262,2.502,2.693
15263,2.439,2.693
15264,2.444,2.693
15265,2.507,2.693
15266,2.542,2.693
15267,2.532,2.693
15268,2.517,2.693
15269,2.463,2.693
15270,2.410,2.693
15271,2.317,2.693
15272,2.297,2.693
15273,2.268,2.693
15274,2.248,2.688
15275,2.243,2.693
15276,2.331,2.693
15277,2.537,2.688
15278,2.810,2.688
15279,3.021,2.688
15280,3.099,2.688
15281,3.074,2.688
15282,2.928,2.688
15283,2.757,2.688
15284,2.576,2.688
15285,2.439,2.693
15286,2.429,2.688
15287,2.444,2.693
15288,2.493,2.693
15289,2.512,2.693
15290,2.532,2.693
15291,2.478,2.693
15292,2.424,2.693
15293,2.380,2.693
15294,2.317,2.693
15295,2.278,2.693
15296,2.253,2.693
15297,2.219,2.693
15298,2.185,2.693
15299,2.219,2.693
15300,2.219,2.693
15301,2.331,2.693
15302,2.537,2.693
15303,2.835,2.693
15304,3.011,2.693
15305,3.069,2.693
15306,3.011,2.693
15307,2.874,2.693
15308,2.693,2.693
15309,2.551,2.693
15310,2.439,2.693
15311,2.429,2.693
15312,2.478,2.693
15313,2.537,2.693
15314,2.566,2.693
15315,2.566,2.693
15316,2.507,2.693
15317,2.458,2.698
15318,2.390,2.698
15319,2.336,2.698
15320,2.312,2.698
15321,2.278,2.698
15322,2.253,2.698
15323,2.243,2.698
15324,2.273,2.698
15325,2.429,2.698
15326,2.669,2.698
15327,2.923,2.693
15328,3.074,2.693
15329,3.113,2.693
15330,3.011,2.693
15331,2.796,2.693
15332,2.639,2.693
15333,2.488,2.698
15334,2.444,2.693
15335,2.434,2.698
15336,2.478,2.693
15337,2.522,2.698
15338,2.537,2.698
15339,2.512,2.698
15340,2.463,2.698
15341,2.370,2.698
15342,2.346,2.698
15343,2.307,2.698
15344,2.263,2.698
15345,2.253,2.698
15346,2.224,2.698
15347,2.204,2.698
15348,2.195,2.698
15349,2.214,2.698
15350,2.317,2.698
15351,2.537,2.698
15352,2.796,2.698
15353,3.021,2.698
15354,3.109,2.698
15355,3.055,2.698
15356,2.923,2.698
15357,2.717,2.698
15358,2.502,2.698
15359,2.458,2.698
15360,2.493,2.698
15361,2.502,2.698
15362,2.512,2.698
15363,2.483,2.698
15364,2.429,2.698
15365,2.385,2.698
15366,2.346,2.698
15367,2.253,2.698
15368,2.239,2.698
15369,2.214,2.698
15370,2.185,2.698
15371,2.195,2.698
15372,2.165,2.698
15373,2.199,2.703
15374,2.366,2.703
15375,2.581,2.703
15376,3.045,2.703
15377,3.011,2.703
15378,2.849,2.703
15379,2.717,2.703
15380,2.600,2.703
15381,2.454,2.703
15382,2.405,2.703
15383,2.390,2.703
15384,2.507,2.703
15385,2.483,2.703
15386,2.444,2.703
15387,2.375,2.703
15388,2.312,2.703
15389,2.248,2.703
15390,2.209,2.703
15391,2.190,2.703
15392,2.185,2.703
15393,2.199,2.703
15394,2.199,2.703
15395,2.224,2.703
15396,2.331,2.703
15397,2.532,2.703
15398,2.786,2.703
15399,2.903,2.703
15400,2.981,2.703
15401,2.893,2.703
15402,2.576,2.703
15403,2.463,2.703
15404,2.375,2.703
15405,2.375,2.703
15406,2.419,2.703
15407,2.458,2.703
15408,2.502,2.703
15409,2.498,2.703
15410,2.444,2.703
15411,2.322,2.703
15412,2.287,2.703
15413,2.234,2.703
15414,2.195,2.703
15415,2.170,2.703
15416,2.214,2.703
15417,2.292,2.703
15418,2.463,2.703
15419,2.698,2.703
15420,2.957,2.703
15421,2.864,2.703
15422,2.752,2.703
15423,2.610,2.708
15424,2.454,2.708
15425,2.356,2.708
15426,2.366,2.708
15427,2.410,2.708
15428,2.439,2.708
15429,2.449,2.708
15430,2.414,2.708
15431,2.341,2.708
15432,2.297,2.708
15433,2.268,2.708
15434,2.239,2.708
15435,2.209,2.708
15436,2.204,2.708
15437,2.175,2.708
15438,2.268,2.708
15439,2.439,2.708
15440,2.698,2.708
15441,2.977,2.708
15442,3.138,2.708
15443,3.152,2.708
15444,3.045,2.708
15445,2.908,2.708
15446,2.581,2.708
15447,2.507,2.708
15448,2.512,2.708
15449,2.556,2.708
15450,2.571,2.708
15451,2.595,2.708
15452,2.566,2.708
15453,2.488,2.708
15454,2.439,2.708
15455,2.312,2.708
15456,2.283,2.708
15457,2.243,2.708
15458,2.219,2.708
15459,2.209,2.708
15460,2.214,2.708
15461,2.341,2.708
15462,2.581,2.708
15463,2.786,2.708
15464,2.952,2.708
15465,2.781,2.708
15466,2.600,2.708
15467,2.434,2.708
15468,2.356,2.708
15469,2.307,2.708
15470,2.336,2.708
15471,2.390,2.708
15472,2.439,2.708
15473,2.454,2.708
15474,2.375,2.708
15475,2.302,2.713
15476,2.268,2.708
15477,2.243,2.708
15478,2.243,2.708
15479,2.219,2.708
15480,2.234,2.708
15481,2.341,2.708
15482,2.776,2.708
15483,2.903,2.708
15484,2.918,2.708
15485,2.815,2.713
15486,2.649,2.713
15487,2.502,2.713
15488,2.390,2.713
15489,2.366,2.713
15490,2.385,2.713
15491,2.527,2.713
15492,2.532,2.713
15493,2.463,2.713
15494,2.390,2.713
15495,2.341,2.713
15496,2.326,2.713
15497,2.287,2.713
15498,2.268,2.713
15499,2.478,2.713
15500,2.732,2.713
15501,2.952,2.713
15502,3.084,2.713
15503,3.118,2.713
15504,3.016,2.713
15505,2.849,2.713
15506,2.688,2.713
15507,2.512,2.713
15508,2.488,2.713
15509,2.527,2.713
15510,2.566,2.713
15511,2.537,2.713
15512,2.507,2.713
15513,2.454,2.713
15514,2.395,2.713
15515,2.346,2.713
15516,2.292,2.713
15517,2.239,2.713
15518,2.297,2.713
15519,2.488,2.713
15520,2.742,2.713
15521,2.933,2.713
15522,3.025,2.713
15523,2.996,2.713
15524,2.879,2.713
15525,2.703,2.713
15526,2.517,2.713
15527,2.498,2.713
15528,2.527,2.713
15529,2.576,2.713
15530,2.571,2.713
15531,2.551,2.713
15532,2.522,2.713
15533,2.463,2.713
15534,2.419,2.713
15535,2.336,2.708
15536,2.341,2.713
15537,2.439,2.713
15538,2.674,2.713
15539,2.903,2.708
15540,3.050,2.708
15541,3.089,2.708
15542,3.025,2.708
15543,2.879,2.708
15544,2.556,2.708
15545,2.507,2.708
15546,2.478,2.708
15547,2.507,2.708
15548,2.522,2.708
15549,2.522,2.708
15550,2.473,2.708
15551,2.444,2.708
15552,2.307,2.708
15553,2.287,2.708
15554,2.268,2.708
15555,2.278,2.708
15556,2.302,2.708
15557,2.527,2.703
15558,2.796,2.703
15559,3.011,2.703
15560,3.148,2.708
15561,3.001,2.703
15562,2.810,2.703
15563,2.620,2.703
15564,2.527,2.703
15565,2.537,2.703
15566,2.542,2.703
15567,2.566,2.703
15568,2.576,2.703
15569,2.571,2.703
15570,2.478,2.703
15571,2.429,2.703
15572,2.356,2.703
15573,2.326,2.703
15574,2.292,2.703
15575,2.278,2.703
15576,2.287,2.703
15577,2.380,2.703
15578,2.620,2.703
15579,2.918,2.703
15580,2.761,2.703
15581,2.634,2.703
15582,2.556,2.703
15583,2.517,2.703
15584,2.517,2.703
15585,2.556,2.703
15586,2.556,2.703
15587,2.537,2.703
15588,2.468,2.703
15589,2.424,2.703
15590,2.390,2.703
15591,2.326,2.703
15592,2.326,2.703
15593,2.297,2.703
15594,2.263,2.703
15595,2.253,2.703
15596,2.219,2.703
15597,2.239,2.703
15598,2.307,2.703
15599,2.458,2.703
15600,2.781,2.703
15601,3.035,2.703
15602,3.094,2.703
15603,3.084,2.703
15604,3.001,2.703
15605,2.854,2.703
15606,2.727,2.703
15607,2.576,2.703
15608,2.517,2.703
15609,2.507,2.703
15610,2.546,2.703
15611,2.600,2.703
15612,2.590,2.703
15613,2.556,2.698
15614,2.449,2.698
15615,2.400,2.698
15616,2.346,2.698
15617,2.283,2.698
15618,2.258,2.698
15619,2.268,2.698
15620,2.243,2.698
15621,2.243,2.698
15622,2.224,2.698
15623,2.209,2.703
15624,2.204,2.698
15625,2.390,2.698
15626,2.634,2.698
15627,2.889,2.698
15628,3.055,2.698
15629,3.074,2.698
15630,2.981,2.698
15631,2.830,2.698
15632,2.669,2.698
15633,2.517,2.698
15634,2.454,2.698
15635,2.429,2.698
15636,2.458,2.698
15637,2.478,2.698
15638,2.463,2.703
15639,2.444,2.703
15640,2.439,2.703
15641,2.370,2.703
15642,2.292,2.703
15643,2.239,2.703
15644,2.243,2.703
15645,2.219,2.703
15646,2.180,2.703
15647,2.165,2.698
15648,2.131,2.698
15649,2.087,2.698
15650,2.160,2.698
15651,2.287,2.698
15652,2.532,2.698
15653,2.776,2.698
15654,2.977,2.698
15655,3.025,2.698
15656,2.952,2.698
15657,2.801,2.698
15658,2.688,2.698
15659,2.556,2.698
15660,2.468,2.698
15661,2.400,2.698
15662,2.449,2.698
15663,2.458,2.698
15664,2.458,2.698
15665,2.449,2.703
15666,2.419,2.703
15667,2.370,2.703
15668,2.317,2.698
15669,2.258,2.698
15670,2.224,2.698
15671,2.185,2.703
15672,2.170,2.703
15673,2.170,2.698
15674,2.155,2.698
15675,2.136,2.703
15676,2.126,2.703
15677,2.102,2.703
15678,2.151,2.698
15679,2.302,2.703
15680,2.517,2.703
15681,2.708,2.703
15682,2.840,2.703
15683,2.874,2.703
15684,2.835,2.703
15685,2.717,2.703
15686,2.561,2.703
15687,2.454,2.703
15688,2.351,2.703
15689,2.346,2.703
15690,2.361,2.703
15691,2.400,2.703
15692,2.410,2.703
15693,2.405,2.703
15694,2.346,2.703
15695,2.297,2.703
15696,2.239,2.703
15697,2.214,2.703
15698,2.190,2.703
15699,2.175,2.703
15700,2.151,2.703
15701,2.131,2.703
15702,2.131,2.703
15703,2.131,2.703
15704,2.146,2.703
15705,2.258,2.703
15706,2.429,2.703
15707,2.649,2.703
15708,2.796,2.708
15709,2.830,2.708
15710,2.761,2.708
15711,2.659,2.708
15712,2.537,2.708
15713,2.424,2.708
15714,2.351,2.708
15715,2.326,2.708
15716,2.331,2.708
15717,2.361,2.708
15718,2.390,2.708
15719,2.380,2.708
15720,2.356,2.708
15721,2.312,2.708
15722,2.258,2.708
15723,2.229,2.708
15724,2.209,2.708
15725,2.180,2.708
15726,2.165,2.708
15727,2.151,2.708
15728,2.121,2.708
15729,2.136,2.708
15730,2.224,2.708
15731,2.405,2.708
15732,2.581,2.708
15733,2.747,2.708
15734,2.820,2.708
15735,2.722,2.708
15736,2.634,2.708
15737,2.502,2.708
15738,2.356,2.708
15739,2.292,2.708
15740,2.302,2.708
15741,2.366,2.708
15742,2.410,2.708
15743,2.410,2.708
15744,2.375,2.708
15745,2.346,2.708
15746,2.287,2.708
15747,2.239,2.708
15748,2.209,2.708
15749,2.151,2.708
15750,2.190,2.708
15751,2.180,2.708
15752,2.160,2.708
15753,2.151,2.708
15754,2.170,2.708
15755,2.263,2.708
15756,2.419,2.708
15757,2.659,2.708
15758,2.810,2.708
15759,2.840,2.708
15760,2.805,2.708
15761,2.693,2.708
15762,2.595,2.708
15763,2.444,2.708
15764,2.395,2.708
15765,2.336,2.708
15766,2.375,2.708
15767,2.400,2.708
15768,2.410,2.708
15769,2.419,2.708
15770,2.400,2.708
15771,2.356,2.708
15772,2.312,2.713
15773,2.229,2.708
15774,2.243,2.708
15775,2.214,2.708
15776,2.204,2.708
15777,2.204,2.708
15778,2.204,2.708
15779,2.190,2.708
15780,2.214,2.708
15781,2.336,2.708
15782,2.522,2.708
15783,2.717,2.708
15784,2.825,2.708
15785,2.815,2.708
15786,2.766,2.708
15787,2.669,2.708
15788,2.527,2.708
15789,2.429,2.708
15790,2.375,2.708
15791,2.395,2.708
15792,2.434,2.708
15793,2.468,2.708
15794,2.488,2.713
15795,2.468,2.713
15796,2.434,2.708
15797,2.385,2.713
15798,2.336,2.708
15799,2.317,2.713
15800,2.287,2.713
15801,2.268,2.713
15802,2.248,2.713
15803,2.278,2.713
15804,2.395,2.713
15805,2.561,2.713
15806,2.747,2.713
15807,2.874,2.713
15808,2.893,2.713
15809,2.796,2.713
15810,2.693,2.713
15811,2.566,2.708
15812,2.473,2.713
15813,2.429,2.708
15814,2.419,2.708
15815,2.439,2.708
15816,2.478,2.708
15817,2.478,2.713
15818,2.434,2.708
15819,2.434,2.713
15820,2.375,2.713
15821,2.346,2.713
15822,2.307,2.708
15823,2.302,2.708
15824,2.273,2.708
15825,2.278,2.708
15826,2.248,2.713
15827,2.297,2.713
15828,2.463,2.713
15829,2.698,2.713
15830,2.903,2.713
15831,3.035,2.713
15832,3.055,2.713
15833,2.986,2.713
15834,2.889,2.713
15835,2.752,2.713
15836,2.654,2.713
15837,2.586,2.713
15838,2.561,2.713
15839,2.586,2.713
15840,2.620,2.713
15841,2.595,2.713
15842,2.586,2.713
15843,2.527,2.713
15844,2.478,2.713
15845,2.424,2.713
15846,2.405,2.713
15847,2.356,2.713
15848,2.356,2.713
15849,2.331,2.713
15850,2.326,2.713
15851,2.375,2.713
15852,2.527,2.713
15853,2.752,2.713
15854,2.942,2.713
15855,3.079,2.713
15856,3.118,2.713
15857,3.045,2.713
15858,2.893,2.713
15859,2.776,2.713
15860,2.669,2.713
15861,2.581,2.713
15862,2.625,2.713
15863,2.639,2.713
15864,2.654,2.713
15865,2.634,2.713
15866,2.561,2.713
15867,2.507,2.713
15868,2.488,2.713
15869,2.434,2.713
15870,2.400,2.713
15871,2.395,2.713
15872,2.356,2.717
15873,2.326,2.717
15874,2.331,2.717
15875,2.424,2.717
15876,2.634,2.717
15877,2.874,2.717
15878,3.069,2.717
15879,3.143,2.717
15880,3.118,2.717
15881,3.030,2.717
15882,2.884,2.717
15883,2.727,2.717
15884,2.625,2.717
15885,2.600,2.717
15886,2.630,2.717
15887,2.708,2.717
15888,2.713,2.717
15889,2.678,2.717
15890,2.625,2.717
15891,2.586,2.717
15892,2.517,2.717
15893,2.463,2.717
15894,2.444,2.717
15895,2.395,2.717
15896,2.385,2.717
15897,2.395,2.717
15898,2.478,2.717
15899,2.674,2.717
15900,2.903,2.717
15901,3.094,2.717
15902,3.182,2.717
15903,3.143,2.717
15904,3.025,2.717
15905,2.859,2.717
15906,2.703,2.717
15907,2.610,2.717
15908,2.561,2.717
15909,2.581,2.717
15910,2.610,2.717
15911,2.639,2.717
15912,2.644,2.717
15913,2.615,2.717
15914,2.542,2.717
15915,2.473,2.717
15916,2.424,2.717
15917,2.390,2.717
15918,2.361,2.717
15919,2.326,2.717
15920,2.346,2.717
15921,2.341,2.717
15922,2.458,2.717
15923,2.747,2.717
15924,3.025,2.717
15925,3.231,2.717
15926,3.363,2.717
15927,3.319,2.717
15928,3.211,2.717
15929,3.069,2.717
15930,2.903,2.717
15931,2.805,2.717
15932,2.757,2.717
15933,2.747,2.717
15934,2.771,2.717
15935,2.757,2.717
15936,2.703,2.717
15937,2.615,2.717
15938,2.546,2.717
15939,2.449,2.717
15940,2.400,2.717
15941,2.336,2.717
15942,2.297,2.717
15943,2.268,2.717
15944,2.248,2.717
15945,2.248,2.717
15946,2.243,2.717
15947,2.263,2.717
15948,2.390,2.717
15949,2.639,2.717
15950,2.913,2.717
15951,3.109,2.717
15952,3.152,2.717
15953,3.094,2.717
15954,2.962,2.717
15955,2.801,2.717
15956,2.644,2.717
15957,2.537,2.717
15958,2.517,2.717
15959,2.537,2.717
15960,2.556,2.717
15961,2.566,2.717
15962,2.537,2.717
15963,2.493,2.717
15964,2.419,2.717
15965,2.346,2.717
15966,2.287,2.717
15967,2.268,2.717
15968,2.234,2.717
15969,2.209,2.717
15970,2.214,2.717
15971,2.190,2.717
15972,2.195,2.717
15973,2.214,2.717
15974,2.287,2.717
15975,2.493,2.717
15976,2.717,2.717
15977,2.923,2.717
15978,2.991,2.717
15979,2.947,2.717
15980,2.810,2.717
15981,2.659,2.717
15982,2.527,2.717
15983,2.444,2.717
15984,2.419,2.717
15985,2.424,2.717
15986,2.463,2.717
15987,2.449,2.717
15988,2.410,2.717
15989,2.361,2.717
15990,2.307,2.717
15991,2.263,2.717
15992,2.229,2.717
15993,2.190,2.717
15994,2.185,2.722
15995,2.146,2.717
15996,2.102,2.717
15997,2.136,2.717
15998,2.175,2.722
15999,2.322,2.722
16000,2.546,2.722
16001,2.766,2.717
16002,2.913,2.722
16003,2.913,2.722
16004,2.825,2.722
16005,2.688,2.722
16006,2.576,2.722
16007,2.458,2.722
16008,2.405,2.722
16009,2.390,2.722
16010,2.414,2.722
16011,2.414,2.722
16012,2.414,2.722
16013,2.370,2.722
16014,2.317,2.722
16015,2.263,2.722
16016,2.195,2.722
16017,2.111,2.722
16018,2.126,2.722
16019,2.146,2.722
16020,2.107,2.722
16021,2.107,2.722
16022,2.087,2.722
16023,2.102,2.722
16024,2.092,2.722
16025,2.102,2.722
16026,2.136,2.722
16027,2.297,2.722
16028,2.522,2.722
16029,2.698,2.722
16030,2.840,2.722
16031,2.835,2.722
16032,2.766,2.722
16033,2.659,2.722
16034,2.542,2.722
16035,2.434,2.722
16036,2.366,2.722
16037,2.375,2.722
16038,2.405,2.722
16039,2.414,2.722
16040,2.414,2.722
16041,2.385,2.722
16042,2.341,2.722
16043,2.268,2.722
16044,2.199,2.722
16045,2.195,2.722
16046,2.214,2.722
16047,2.180,2.722
16048,2.195,2.722
16049,2.175,2.722
16050,2.175,2.722
16051,2.175,2.722
16052,2.160,2.722
16053,2.234,2.722
16054,2.410,2.722
16055,2.610,2.722
16056,2.771,2.722
16057,2.845,2.722
16058,2.791,2.722
16059,2.703,2.722
16060,2.537,2.722
16061,2.434,2.722
16062,2.366,2.722
16063,2.326,2.722
16064,2.361,2.722
16065,2.395,2.722
16066,2.400,2.722
16067,2.395,2.722
16068,2.366,2.722
16069,2.322,2.722
16070,2.268,2.722
16071,2.243,2.722
16072,2.214,2.722
16073,2.170,2.722
16074,2.160,2.722
16075,2.155,2.722
16076,2.116,2.722
16077,2.107,2.722
16078,2.107,2.722
16079,2.155,2.722
16080,2.234,2.722
16081,2.444,2.722
16082,2.615,2.722
16083,2.732,2.722
16084,2.786,2.722
16085,2.737,2.722
16086,2.644,2.722
16087,2.561,2.722
16088,2.444,2.722
16089,2.370,2.722
16090,2.317,2.722
16091,2.346,2.722
16092,2.361,2.722
16093,2.395,2.722
16094,2.385,2.722
16095,2.361,2.722
16096,2.302,2.722
16097,2.287,2.722
16098,2.263,2.722
16099,2.224,2.722
16100,2.214,2.722
16101,2.190,2.722
16102,2.195,2.722
16103,2.199,2.722
16104,2.170,2.722
16105,2.155,2.722
16106,2.248,2.722
16107,2.370,2.722
16108,2.532,2.722
16109,2.708,2.722
16110,2.771,2.722
16111,2.742,2.722
16112,2.625,2.722
16113,2.542,2.722
16114,2.429,2.722
16115,2.390,2.722
16116,2.385,2.722
16117,2.395,2.722
16118,2.434,2.722
16119,2.419,2.722
16120,2.400,2.722
16121,2.361,2.722
16122,2.322,2.722
16123,2.273,2.722
16124,2.258,2.722
16125,2.239,2.722
16126,2.214,2.722
16127,2.199,2.722
16128,2.204,2.722
16129,2.190,2.722
16130,2.234,2.722
16131,2.302,2.722
16132,2.478,2.722
16133,2.659,2.722
16134,2.752,2.722
16135,2.761,2.722
16136,2.713,2.722
16137,2.625,2.722
16138,2.512,2.722
16139,2.419,2.722
16140,2.395,2.722
16141,2.390,2.722
16142,2.419,2.722
16143,2.419,2.722
16144,2.473,2.722
16145,2.463,2.722
16146,2.405,2.722
16147,2.370,2.722
16148,2.341,2.722
16149,2.268,2.727
16150,2.273,2.722
16151,2.248,2.722
16152,2.258,2.722
16153,2.258,2.722
16154,2.346,2.727
16155,2.512,2.727
16156,2.664,2.727
16157,2.771,2.727
16158,2.786,2.727
16159,2.727,2.727
16160,2.654,2.727
16161,2.561,2.727
16162,2.468,2.727
16163,2.424,2.727
16164,2.434,2.727
16165,2.463,2.727
16166,2.493,2.727
16167,2.517,2.727
16168,2.488,2.727
16169,2.444,2.727
16170,2.380,2.727
16171,2.380,2.727
16172,2.331,2.727
16173,2.297,2.727
16174,2.278,2.727
16175,2.273,2.727
16176,2.248,2.727
16177,2.292,2.727
16178,2.463,2.727
16179,2.664,2.727
16180,2.854,2.727
16181,2.928,2.727
16182,2.923,2.727
16183,2.849,2.727
16184,2.742,2.727
16185,2.649,2.727
16186,2.551,2.727
16187,2.522,2.732
16188,2.517,2.732
16189,2.546,2.732
16190,2.551,2.732
16191,2.576,2.732
16192,2.542,2.732
16193,2.517,2.732
16194,2.502,2.732
16195,2.483,2.732
16196,2.400,2.732
16197,2.414,2.732
16198,2.375,2.732
16199,2.346,2.732
16200,2.370,2.732
16201,2.463,2.732
16202,2.639,2.737
16203,2.810,2.737
16204,2.937,2.737
16205,2.967,2.737
16206,2.928,2.737
16207,2.801,2.742
16208,2.713,2.742
16209,2.625,2.742
16210,2.571,2.747
16211,2.556,2.752
16212,2.566,2.757
16213,2.620,2.757
16214,2.639,2.761
16215,2.625,2.766
16216,2.551,2.766
16217,2.551,2.766
16218,2.488,2.771
16219,2.449,2.771
16220,2.410,2.771
16221,2.385,2.771
16222,2.380,2.776
16223,2.375,2.776
16224,2.468,2.776
16225,2.664,2.776
16226,2.864,2.776
16227,2.977,2.776
16228,3.001,2.776
16229,2.996,2.776
16230,2.893,2.776
16231,2.737,2.776
16232,2.615,2.776
16233,2.556,2.776
16234,2.542,2.776
16235,2.586,2.776
16236,2.610,2.776
16237,2.649,2.776
16238,2.590,2.776
16239,2.556,2.776
16240,2.542,2.781
16241,2.463,2.781
16242,2.434,2.781
16243,2.410,2.776
16244,2.380,2.781
16245,2.429,2.781
16246,2.576,2.781
16247,2.786,2.781
16248,2.967,2.776
16249,3.094,2.776
16250,3.045,2.776
16251,2.981,2.776
16252,2.903,2.776
16253,2.747,2.776
16254,2.634,2.776
16255,2.586,2.776
16256,2.590,2.776
16257,2.625,2.776
16258,2.634,2.776
16259,2.639,2.776
16260,2.590,2.776
16261,2.566,2.776
16262,2.512,2.776
16263,2.434,2.776
16264,2.375,2.776
16265,2.356,2.776
16266,2.454,2.776
16267,2.615,2.776
16268,2.840,2.776
16269,3.016,2.776
16270,3.109,2.776
16271,3.079,2.776
16272,2.986,2.776
16273,2.849,2.776
16274,2.703,2.776
16275,2.615,2.776
16276,2.586,2.776
16277,2.625,2.776
16278,2.664,2.776
16279,2.649,2.776
16280,2.625,2.776
16281,2.595,2.776
16282,2.522,2.776
16283,2.458,2.776
16284,2.410,2.776
16285,2.395,2.776
16286,2.410,2.776
16287,2.537,2.776
16288,2.761,2.776
16289,2.991,2.776
16290,3.079,2.776
16291,3.113,2.776
16292,3.079,2.776
16293,2.947,2.776
16294,2.801,2.776
16295,2.654,2.776
16296,2.605,2.776
16297,2.595,2.776
16298,2.605,2.776
16299,2.625,2.776
16300,2.566,2.776
16301,2.527,2.771
16302,2.454,2.771
16303,2.424,2.771
16304,2.385,2.771
16305,2.380,2.771
16306,2.429,2.771
16307,2.542,2.771
16308,2.801,2.771
16309,3.045,2.771
16310,3.216,2.766
16311,3.206,2.766
16312,3.167,2.766
16313,3.060,2.766
16314,2.933,2.766
16315,2.747,2.766
16316,2.654,2.766
16317,2.610,2.766
16318,2.615,2.761
16319,2.620,2.761
16320,2.625,2.761
16321,2.571,2.761
16322,2.517,2.757
16323,2.419,2.757
16324,2.390,2.757
16325,2.331,2.757
16326,2.283,2.757
16327,2.253,2.752
16328,2.283,2.752
16329,2.243,2.752
16330,2.229,2.752
16331,2.239,2.752
16332,2.287,2.747
16333,2.473,2.747
16334,2.781,2.747
16335,3.065,2.747
16336,3.221,2.747
16337,3.280,2.742
16338,3.211,2.742
16339,3.113,2.742
16340,2.942,2.742
16341,2.805,2.742
16342,2.674,2.737
16343,2.605,2.737
16344,2.595,2.737
16345,2.586,2.737
16346,2.605,2.737
16347,2.581,2.732
16348,2.483,2.732
16349,2.424,2.732
16350,2.361,2.732
16351,2.297,2.727
16352,2.258,2.727
16353,2.243,2.727
16354,2.214,2.727
16355,2.209,2.722
16356,2.195,2.722
16357,2.190,2.722
16358,2.170,2.722
16359,2.175,2.722
16360,2.165,2.717
16361,2.146,2.717
16362,2.131,2.717
16363,2.170,2.717
16364,2.346,2.717
16365,2.615,2.713
16366,2.898,2.713
16367,3.104,2.713
16368,3.148,2.708
16369,3.104,2.708
16370,3.006,2.708
16371,2.869,2.708
16372,2.737,2.708
16373,2.625,2.708
16374,2.542,2.708
16375,2.512,2.703
16376,2.522,2.703
16377,2.502,2.703
16378,2.478,2.703
16379,2.454,2.703
16380,2.414,2.703
16381,2.317,2.703
16382,2.258,2.703
16383,2.229,2.698
16384,2.199,2.698
16385,2.185,2.698
16386,2.170,2.698
16387,2.165,2.698
16388,2.155,2.698
16389,2.141,2.698
16390,2.111,2.698
16391,2.116,2.698
16392,2.136,2.698
16393,2.243,2.698
16394,2.454,2.698
16395,2.708,2.698
16396,2.903,2.698
16397,2.977,2.698
16398,2.957,2.698
16399,2.889,2.698
16400,2.776,2.698
16401,2.683,2.698
16402,2.581,2.698
16403,2.493,2.698
16404,2.449,2.698
16405,2.468,2.698
16406,2.458,2.698
16407,2.454,2.698
16408,2.400,2.698
16409,2.370,2.698
16410,2.287,2.698
16411,2.239,2.698
16412,2.204,2.698
16413,2.180,2.698
16414,2.175,2.698
16415,2.160,2.698
16416,2.170,2.698
16417,2.116,2.698
16418,2.165,2.698
16419,2.160,2.698
16420,2.155,2.698
16421,2.155,2.698
16422,2.199,2.698
16423,2.419,2.698
16424,2.620,2.698
16425,2.786,2.703
16426,2.859,2.703
16427,2.879,2.703
16428,2.815,2.703
16429,2.708,2.698
16430,2.581,2.703
16431,2.468,2.703
16432,2.419,2.698
16433,2.395,2.703
16434,2.410,2.703
16435,2.424,2.703
16436,2.400,2.703
16437,2.346,2.703
16438,2.317,2.703
16439,2.302,2.703
16440,2.234,2.703
16441,2.209,2.703
16442,2.185,2.703
16443,2.180,2.703
16444,2.151,2.703
16445,2.141,2.703
16446,2.121,2.703
16447,2.136,2.703
16448,2.116,2.703
16449,2.195,2.703
16450,2.336,2.703
16451,2.542,2.703
16452,2.727,2.703
16453,2.820,2.703
16454,2.796,2.703
16455,2.742,2.703
16456,2.669,2.703
16457,2.561,2.703
16458,2.439,2.703
16459,2.385,2.703
16460,2.356,2.703
16461,2.385,2.703
16462,2.414,2.703
16463,2.390,2.703
16464,2.370,2.703
16465,2.336,2.703
16466,2.307,2.703
16467,2.243,2.703
16468,2.229,2.703
16469,2.195,2.703
16470,2.185,2.708
16471,2.160,2.708
16472,2.141,2.708
16473,2.146,2.708
16474,2.165,2.708
16475,2.287,2.708
16476,2.463,2.708
16477,2.625,2.708
16478,2.752,2.708
16479,2.781,2.708
16480,2.713,2.708
16481,2.649,2.708
16482,2.551,2.708
16483,2.473,2.708
16484,2.419,2.708
16485,2.385,2.708
16486,2.395,2.708
16487,2.390,2.708
16488,2.405,2.708
16489,2.390,2.708
16490,2.361,2.708
16491,2.302,2.708
16492,2.273,2.708
16493,2.243,2.708
16494,2.243,2.708
16495,2.224,2.708
16496,2.199,2.708
16497,2.190,2.708
16498,2.234,2.708
16499,2.366,2.708
16500,2.537,2.708
16501,2.683,2.708
16502,2.766,2.708
16503,2.771,2.713
16504,2.698,2.713
16505,2.590,2.713
16506,2.468,2.713
16507,2.395,2.713
16508,2.370,2.713
16509,2.375,2.713
16510,2.414,2.713
16511,2.385,2.713
16512,2.390,2.713
16513,2.366,2.713
16514,2.312,2.713
16515,2.302,2.713
16516,2.273,2.713
16517,2.248,2.713
16518,2.209,2.713
16519,2.204,2.717
16520,2.175,2.717
16521,2.195,2.717
16522,2.234,2.717
16523,2.346,2.717
16524,2.522,2.717
16525,2.678,2.717
16526,2.766,2.717
16527,2.776,2.717
16528,2.717,2.717
16529,2.644,2.722
16530,2.546,2.722
16531,2.458,2.722
16532,2.424,2.722
16533,2.429,2.722
16534,2.410,2.722
16535,2.429,2.722
16536,2.439,2.722
16537,2.434,2.722
16538,2.390,2.722
16539,2.390,2.722
16540,2.336,2.722
16541,2.312,2.722
16542,2.283,2.722
16543,2.248,2.722
16544,2.243,2.722
16545,2.243,2.722
16546,2.258,2.722
16547,2.370,2.717
16548,2.532,2.722
16549,2.688,2.722
16550,2.815,2.722
16551,2.825,2.722
16552,2.786,2.722
16553,2.698,2.717
16554,2.595,2.722
16555,2.542,2.722
16556,2.483,2.722
16557,2.478,2.722
16558,2.493,2.722
16559,2.502,2.722
16560,2.483,2.722
16561,2.483,2.722
16562,2.458,2.722
16563,2.405,2.722
16564,2.356,2.722
16565,2.322,2.722
16566,2.312,2.722
16567,2.273,2.722
16568,2.283,2.722
16569,2.287,2.722
16570,2.414,2.722
16571,2.600,2.722
16572,2.766,2.722
16573,2.854,2.722
16574,2.869,2.722
16575,2.791,2.722
16576,2.683,2.722
16577,2.590,2.722
16578,2.498,2.722
16579,2.429,2.722
16580,2.444,2.722
16581,2.468,2.722
16582,2.473,2.722
16583,2.488,2.722
16584,2.468,2.722
16585,2.424,2.722
16586,2.385,2.722
16587,2.356,2.722
16588,2.317,2.722
16589,2.283,2.722
16590,2.287,2.722
16591,2.234,2.722
16592,2.253,2.722
16593,2.395,2.722
16594,2.586,2.722
16595,2.776,2.722
16596,2.898,2.722
16597,2.908,2.722
16598,2.854,2.722
16599,2.713,2.722
16600,2.590,2.722
16601,2.473,2.722
16602,2.434,2.722
16603,2.473,2.722
16604,2.493,2.722
16605,2.532,2.722
16606,2.537,2.722
16607,2.527,2.722
16608,2.493,2.722
16609,2.434,2.722
16610,2.370,2.722
16611,2.336,2.722
16612,2.302,2.717
16613,2.283,2.722
16614,2.302,2.717
16615,2.395,2.722
16616,2.561,2.722
16617,2.776,2.722
16618,2.918,2.722
16619,2.986,2.722
16620,2.962,2.722
16621,2.835,2.722
16622,2.717,2.722
16623,2.595,2.722
16624,2.498,2.722
16625,2.473,2.722
16626,2.507,2.722
16627,2.522,2.722
16628,2.546,2.722
16629,2.532,2.722
16630,2.454,2.722
16631,2.424,2.722
16632,2.370,2.722
16633,2.341,2.722
16634,2.322,2.722
16635,2.312,2.722
16636,2.287,2.722
16637,2.326,2.722
16638,2.468,2.722
16639,2.683,2.722
16640,2.874,2.722
16641,2.952,2.722
16642,2.967,2.722
16643,2.884,2.722
16644,2.742,2.722
16645,2.600,2.722
16646,2.507,2.722
16647,2.454,2.722
16648,2.468,2.722
16649,2.507,2.722
16650,2.532,2.722
16651,2.542,2.722
16652,2.527,2.722
16653,2.458,2.722
16654,2.405,2.722
16655,2.351,2.722
16656,2.322,2.722
16657,2.322,2.722
16658,2.317,2.722
16659,2.390,2.722
16660,2.551,2.722
16661,2.757,2.722
16662,2.908,2.722
16663,2.977,2.722
16664,2.933,2.722
16665,2.835,2.722
16666,2.678,2.722
16667,2.556,2.722
16668,2.483,2.722
16669,2.458,2.722
16670,2.502,2.722
16671,2.507,2.722
16672,2.532,2.717
16673,2.527,2.717
16674,2.473,2.722
16675,2.454,2.722
16676,2.385,2.717
16677,2.366,2.717
16678,2.346,2.717
16679,2.326,2.717
16680,2.312,2.722
16681,2.366,2.717
16682,2.537,2.717
16683,2.747,2.717
16684,2.933,2.722
16685,3.021,2.717
16686,2.991,2.717
16687,2.849,2.722
16688,2.732,2.722
16689,2.590,2.722
16690,2.498,2.722
16691,2.458,2.722
16692,2.483,2.722
16693,2.498,2.722
16694,2.512,2.717
16695,2.512,2.717
16696,2.468,2.717
16697,2.395,2.717
16698,2.380,2.717
16699,2.346,2.717
16700,2.322,2.717
16701,2.292,2.717
16702,2.268,2.717
16703,2.326,2.717
16704,2.473,2.717
16705,2.703,2.717
16706,2.884,2.717
16707,2.967,2.717
16708,2.952,2.717
16709,2.864,2.717
16710,2.732,2.722
16711,2.576,2.717
16712,2.463,2.722
16713,2.449,2.717
16714,2.458,2.722
16715,2.493,2.722
16716,2.537,2.717
16717,2.532,2.717
16718,2.522,2.717
16719,2.478,2.717
16720,2.424,2.717
16721,2.400,2.717
16722,2.312,2.717
16723,2.287,2.717
16724,2.302,2.717
16725,2.405,2.717
16726,2.630,2.717
16727,2.835,2.717
16728,2.957,2.717
16729,2.977,2.717
16730,2.908,2.717
16731,2.717,2.717
16732,2.556,2.713
16733,2.454,2.713
16734,2.424,2.713
16735,2.439,2.713
16736,2.483,2.713
16737,2.537,2.713
16738,2.537,2.713
16739,2.498,2.713
16740,2.414,2.713
16741,2.366,2.713
16742,2.322,2.713
16743,2.292,2.713
16744,2.317,2.713
16745,2.385,2.713
16746,2.581,2.713
16747,2.815,2.713
16748,2.996,2.713
16749,3.069,2.713
16750,3.021,2.708
16751,2.913,2.708
16752,2.727,2.708
16753,2.590,2.708
16754,2.488,2.708
16755,2.473,2.708
16756,2.522,2.708
16757,2.542,2.708
16758,2.542,2.708
16759,2.561,2.703
16760,2.498,2.703
16761,2.439,2.703
16762,2.390,2.703
16763,2.317,2.703
16764,2.307,2.703
16765,2.292,2.703
16766,2.380,2.703
16767,2.634,2.703
16768,2.864,2.703
16769,3.001,2.703
16770,3.065,2.703
16771,2.972,2.698
16772,2.835,2.698
16773,2.664,2.698
16774,2.527,2.698
16775,2.473,2.698
16776,2.478,2.698
16777,2.532,2.698
16778,2.561,2.698
16779,2.571,2.698
16780,2.537,2.698
16781,2.493,2.698
16782,2.390,2.698
16783,2.366,2.698
16784,2.317,2.698
16785,2.297,2.698
16786,2.326,2.698
16787,2.493,2.698
16788,2.742,2.698
16789,2.972,2.698
16790,3.109,2.698
16791,3.074,2.698
16792,2.947,2.698
16793,2.820,2.698
16794,2.659,2.698
16795,2.551,2.693
16796,2.512,2.693
16797,2.527,2.693
16798,2.546,2.693
16799,2.566,2.693
16800,2.546,2.693
16801,2.488,2.693
16802,2.449,2.693
16803,2.385,2.693
16804,2.331,2.693
16805,2.297,2.693
16806,2.292,2.693
16807,2.414,2.688
16808,2.649,2.688
16809,2.898,2.688
16810,3.045,2.688
16811,3.118,2.688
16812,3.035,2.688
16813,2.874,2.688
16814,2.703,2.688
16815,2.556,2.688
16816,2.507,2.688
16817,2.507,2.688
16818,2.542,2.688
16819,2.527,2.688
16820,2.551,2.688
16821,2.507,2.688
16822,2.444,2.688
16823,2.370,2.688
16824,2.312,2.688
16825,2.258,2.688
16826,2.234,2.683
16827,2.253,2.683
16828,2.370,2.683
16829,2.595,2.683
16830,2.835,2.683
16831,3.016,2.683
16832,3.055,2.683
16833,2.977,2.683
16834,2.840,2.683
16835,2.654,2.683
16836,2.502,2.683
16837,2.454,2.683
16838,2.454,2.683
16839,2.502,2.683
16840,2.493,2.683
16841,2.488,2.683
16842,2.429,2.683
16843,2.361,2.688
16844,2.258,2.688
16845,2.268,2.688
16846,2.224,2.683
16847,2.209,2.688
16848,2.219,2.688
16849,2.263,2.688
16850,2.405,2.688
16851,2.625,2.688
16852,2.801,2.688
16853,2.898,2.688
16854,2.893,2.693
16855,2.786,2.688
16856,2.664,2.693
16857,2.522,2.693
16858,2.410,2.693
16859,2.375,2.693
16860,2.414,2.693
16861,2.439,2.693
16862,2.434,2.693
16863,2.439,2.693
16864,2.390,2.693
16865,2.322,2.693
16866,2.224,2.693
16867,2.170,2.693
16868,2.160,2.693
16869,2.151,2.693
16870,2.204,2.693
16871,2.273,2.693
16872,2.507,2.693
16873,2.688,2.693
16874,2.796,2.698
16875,2.810,2.693
16876,2.717,2.698
16877,2.605,2.693
16878,2.468,2.698
16879,2.370,2.698
16880,2.307,2.693
16881,2.336,2.693
16882,2.351,2.693
16883,2.361,2.693
16884,2.356,2.693
16885,2.322,2.698
16886,2.258,2.698
16887,2.224,2.698
16888,2.190,2.698
16889,2.165,2.698
16890,2.141,2.698
16891,2.102,2.698
16892,2.126,2.698
16893,2.175,2.698
16894,2.326,2.698
16895,2.507,2.698
16896,2.664,2.698
16897,2.708,2.698
16898,2.708,2.698
16899,2.634,2.698
16900,2.556,2.698
16901,2.444,2.698
16902,2.356,2.698
16903,2.351,2.698
16904,2.341,2.698
16905,2.385,2.698
16906,2.395,2.698
16907,2.395,2.698
16908,2.346,2.698
16909,2.287,2.698
16910,2.234,2.698
16911,2.185,2.698
16912,2.160,2.698
16913,2.126,2.698
16914,2.121,2.698
16915,2.126,2.698
16916,2.190,2.698
16917,2.331,2.698
16918,2.498,2.698
16919,2.625,2.698
16920,2.683,2.698
16921,2.664,2.698
16922,2.615,2.698
16923,2.522,2.698
16924,2.434,2.703
16925,2.375,2.698
16926,2.322,2.698
16927,2.341,2.698
16928,2.351,2.698
16929,2.331,2.698
16930,2.322,2.703
16931,2.307,2.698
16932,2.273,2.698
16933,2.258,2.698
16934,2.253,2.698
16935,2.199,2.698
16936,2.175,2.698
16937,2.185,2.698
16938,2.195,2.703
16939,2.214,2.698
16940,2.336,2.698
16941,2.463,2.703
16942,2.581,2.698
16943,2.649,2.698
16944,2.644,2.698
16945,2.590,2.698
16946,2.498,2.698
16947,2.444,2.698
16948,2.356,2.698
16949,2.361,2.698
16950,2.351,2.703
16951,2.366,2.703
16952,2.336,2.703
16953,2.326,2.703
16954,2.322,2.703
16955,2.292,2.703
16956,2.253,2.703
16957,2.248,2.703
16958,2.239,2.703
16959,2.234,2.703
16960,2.185,2.703
16961,2.195,2.703
16962,2.214,2.703
16963,2.287,2.703
16964,2.410,2.703
16965,2.546,2.703
16966,2.644,2.703
16967,2.688,2.703
16968,2.674,2.703
16969,2.620,2.703
16970,2.556,2.703
16971,2.483,2.703
16972,2.434,2.703
16973,2.424,2.703
16974,2.424,2.703
16975,2.439,2.703
16976,2.405,2.703
16977,2.385,2.703
16978,2.366,2.703
16979,2.322,2.703
16980,2.283,2.703
16981,2.287,2.703
16982,2.268,2.703
16983,2.253,2.703
16984,2.234,2.703
16985,2.229,2.703
16986,2.224,2.703
16987,2.317,2.703
16988,2.434,2.703
16989,2.590,2.703
16990,2.688,2.703
16991,2.722,2.703
16992,2.717,2.703
16993,2.664,2.703
16994,2.576,2.703
16995,2.512,2.703
16996,2.458,2.703
16997,2.463,2.703
16998,2.537,2.703
16999,2.522,2.703
17000,2.488,2.703
17001,2.473,2.703
17002,2.449,2.703
17003,2.405,2.703
17004,2.375,2.703
17005,2.351,2.703
17006,2.312,2.703
17007,2.326,2.703
17008,2.302,2.703
17009,2.375,2.703
17010,2.473,2.703
17011,2.625,2.703
17012,2.786,2.703
17013,2.825,2.703
17014,2.845,2.703
17015,2.805,2.703
17016,2.717,2.703
17017,2.605,2.703
17018,2.537,2.703
17019,2.532,2.703
17020,2.542,2.703
17021,2.556,2.703
17022,2.576,2.703
17023,2.566,2.703
17024,2.522,2.708
17025,2.478,2.708
17026,2.434,2.708
17027,2.405,2.708
17028,2.390,2.708
17029,2.361,2.708
17030,2.356,2.708
17031,2.361,2.708
17032,2.458,2.708
17033,2.610,2.708
17034,2.786,2.708
17035,2.923,2.708
17036,2.957,2.708
17037,2.947,2.708
17038,2.869,2.708
17039,2.766,2.708
17040,2.683,2.708
17041,2.576,2.708
17042,2.600,2.708
17043,2.620,2.708
17044,2.634,2.708
17045,2.654,2.708
17046,2.625,2.708
17047,2.576,2.708
17048,2.517,2.708
17049,2.468,2.708
17050,2.405,2.708
17051,2.424,2.708
17052,2.414,2.708
17053,2.410,2.708
17054,2.414,2.708
17055,2.478,2.708
17056,2.620,2.708
17057,2.830,2.708
17058,2.996,2.708
17059,3.040,2.708
17060,3.074,2.708
17061,3.006,2.708
17062,2.908,2.708
17063,2.776,2.708
17064,2.674,2.708
17065,2.620,2.708
17066,2.634,2.708
17067,2.639,2.708
17068,2.683,2.713
17069,2.664,2.713
17070,2.630,2.713
17071,2.561,2.713
17072,2.527,2.713
17073,2.463,2.713
17074,2.429,2.713
17075,2.419,2.713
17076,2.356,2.713
17077,2.361,2.713
17078,2.380,2.713
17079,2.424,2.713
17080,2.556,2.713
17081,2.805,2.713
17082,3.040,2.713
17083,3.138,2.713
17084,3.148,2.713
17085,3.104,2.713
17086,2.977,2.713
17087,2.835,2.713
17088,2.727,2.713
17089,2.683,2.713
17090,2.688,2.713
17091,2.732,2.713
17092,2.742,2.713
17093,2.722,2.713
17094,2.693,2.713
17095,2.615,2.713
17096,2.576,2.713
17097,2.517,2.713
17098,2.454,2.713
17099,2.439,2.713
17100,2.400,2.713
17101,2.370,2.713
17102,2.424,2.713
17103,2.605,2.713
17104,2.859,2.713
17105,3.074,2.713
17106,3.133,2.713
17107,3.172,2.713
17108,3.069,2.713
17109,2.933,2.713
17110,2.747,2.713
17111,2.639,2.713
17112,2.576,2.713
17113,2.600,2.713
17114,2.634,2.713
17115,2.664,2.713
17116,2.654,2.713
17117,2.610,2.713
17118,2.546,2.713
17119,2.473,2.713
17120,2.424,2.713
17121,2.385,2.713
17122,2.370,2.713
17123,2.356,2.713
17124,2.331,2.713
17125,2.307,2.713
17126,2.370,2.713
17127,2.586,2.713
17128,2.859,2.713
17129,3.089,2.713
17130,3.206,2.713
17131,3.206,2.713
17132,3.104,2.713
17133,2.962,2.713
17134,2.815,2.713
17135,2.717,2.713
17136,2.625,2.713
17137,2.630,2.713
17138,2.659,2.713
17139,2.649,2.713
17140,2.615,2.713
17141,2.581,2.713
17142,2.522,2.713
17143,2.463,2.713
17144,2.405,2.713
17145,2.366,2.713
17146,2.331,2.713
17147,2.302,2.713
17148,2.263,2.713
17149,2.302,2.713
17150,2.478,2.713
17151,2.732,2.713
17152,3.001,2.713
17153,3.118,2.713
17154,3.143,2.713
17155,3.045,2.713
17156,2.854,2.713
17157,2.747,2.713
17158,2.630,2.713
17159,2.537,2.713
17160,2.546,2.713
17161,2.571,2.713
17162,2.639,2.713
17163,2.590,2.713
17164,2.571,2.713
17165,2.498,2.713
17166,2.434,2.713
17167,2.361,2.713
17168,2.346,2.713
17169,2.307,2.713
17170,2.297,2.713
17171,2.287,2.713
17172,2.322,2.713
17173,2.444,2.713
17174,2.678,2.713
17175,2.918,2.713
17176,3.094,2.713
17177,3.118,2.713
17178,3.079,2.713
17179,2.937,2.713
17180,2.791,2.713
17181,2.654,2.713
17182,2.566,2.713
17183,2.537,2.713
17184,2.546,2.713
17185,2.590,2.713
17186,2.586,2.713
17187,2.546,2.713
17188,2.493,2.713
17189,2.405,2.713
17190,2.346,2.713
17191,2.307,2.713
17192,2.278,2.713
17193,2.258,2.713
17194,2.253,2.713
17195,2.214,2.713
17196,2.219,2.713
17197,2.346,2.713
17198,2.502,2.713
17199,2.791,2.713
17200,3.016,2.713
17201,3.104,2.713
17202,3.084,2.713
17203,3.006,2.713
17204,2.864,2.713
17205,2.713,2.713
17206,2.586,2.713
17207,2.542,2.713
17208,2.502,2.713
17209,2.522,2.713
17210,2.532,2.717
17211,2.512,2.717
17212,2.449,2.717
17213,2.414,2.717
17214,2.351,2.717
17215,2.322,2.717
17216,2.268,2.717
17217,2.253,2.717
17218,2.219,2.717
17219,2.204,2.717
17220,2.219,2.717
17221,2.204,2.717
17222,2.307,2.717
17223,2.488,2.717
17224,2.737,2.717
17225,2.913,2.717
17226,2.996,2.717
17227,2.962,2.717
17228,2.869,2.717
17229,2.752,2.717
17230,2.610,2.717
17231,2.517,2.717
17232,2.463,2.717
17233,2.473,2.717
17234,2.493,2.717
17235,2.473,2.717
17236,2.468,2.717
17237,2.395,2.717
17238,2.375,2.717
17239,2.326,2.717
17240,2.297,2.717
17241,2.253,2.722
17242,2.219,2.722
17243,2.170,2.722
17244,2.170,2.722
17245,2.283,2.722
17246,2.483,2.722
17247,2.717,2.722
17248,2.884,2.722
17249,2.913,2.722
17250,2.849,2.722
17251,2.727,2.722
17252,2.600,2.722
17253,2.473,2.722
17254,2.380,2.722
17255,2.361,2.722
17256,2.366,2.722
17257,2.419,2.722
17258,2.419,2.727
17259,2.380,2.727
17260,2.331,2.722
17261,2.263,2.727
17262,2.263,2.727
17263,2.239,2.727
17264,2.190,2.722
17265,2.185,2.727
17266,2.175,2.727
17267,2.160,2.727
17268,2.219,2.727
17269,2.375,2.727
17270,2.610,2.727
17271,2.805,2.727
17272,2.889,2.727
17273,2.884,2.727
17274,2.776,2.727
17275,2.674,2.727
17276,2.517,2.727
17277,2.454,2.727
17278,2.414,2.727
17279,2.410,2.727
17280,2.419,2.727
17281,2.424,2.727
17282,2.439,2.727
17283,2.405,2.727
17284,2.317,2.727
17285,2.268,2.727
17286,2.229,2.727
17287,2.204,2.727
17288,2.136,2.727
17289,2.165,2.727
17290,2.131,2.727
17291,2.199,2.727
17292,2.312,2.727
17293,2.473,2.727
17294,2.664,2.727
17295,2.781,2.727
17296,2.786,2.727
17297,2.742,2.727
17298,2.639,2.727
17299,2.542,2.727
17300,2.429,2.727
17301,2.390,2.727
17302,2.380,2.727
17303,2.405,2.727
17304,2.419,2.727
17305,2.361,2.727
17306,2.366,2.727
17307,2.322,2.727
17308,2.248,2.727
17309,2.243,2.727
17310,2.199,2.727
17311,2.175,2.727
17312,2.170,2.727
17313,2.180,2.727
17314,2.283,2.727
17315,2.439,2.727
17316,2.615,2.727
17317,2.752,2.727
17318,2.796,2.727
17319,2.757,2.727
17320,2.654,2.727
17321,2.556,2.727
17322,2.458,2.727
17323,2.400,2.727
17324,2.375,2.727
17325,2.390,2.727
17326,2.390,2.732
17327,2.385,2.727
17328,2.361,2.727
17329,2.326,2.732
17330,2.273,2.732
17331,2.258,2.732
17332,2.214,2.732
17333,2.219,2.732
17334,2.190,2.732
17335,2.190,2.727
17336,2.248,2.732
17337,2.375,2.727
17338,2.556,2.727
17339,2.717,2.727
17340,2.781,2.727
17341,2.766,2.727
17342,2.698,2.727
17343,2.605,2.727
17344,2.512,2.727
17345,2.449,2.727
17346,2.424,2.727
17347,2.395,2.727
17348,2.429,2.727
17349,2.434,2.727
17350,2.410,2.727
17351,2.366,2.727
17352,2.317,2.727
17353,2.283,2.727
17354,2.243,2.727
17355,2.234,2.727
17356,2.229,2.727
17357,2.224,2.727
17358,2.268,2.727
17359,2.390,2.727
17360,2.551,2.727
17361,2.678,2.727
17362,2.786,2.727
17363,2.786,2.727
17364,2.732,2.727
17365,2.639,2.727
17366,2.522,2.727
17367,2.429,2.727
17368,2.395,2.727
17369,2.405,2.727
17370,2.419,2.727
17371,2.410,2.727
17372,2.370,2.727
17373,2.380,2.727
17374,2.341,2.727
17375,2.322,2.727
17376,2.268,2.727
17377,2.243,2.727
17378,2.214,2.727
17379,2.268,2.727
17380,2.366,2.727
17381,2.517,2.727
17382,2.717,2.727
17383,2.820,2.727
17384,2.825,2.727
17385,2.752,2.727
17386,2.659,2.727
17387,2.542,2.727
17388,2.444,2.727
17389,2.400,2.727
17390,2.419,2.727
17391,2.449,2.727
17392,2.478,2.727
17393,2.439,2.727
17394,2.424,2.727
17395,2.385,2.727
17396,2.356,2.727
17397,2.307,2.727
17398,2.283,2.727
17399,2.263,2.727
17400,2.268,2.727
17401,2.361,2.727
17402,2.527,2.727
17403,2.708,2.727
17404,2.815,2.727
17405,2.845,2.727
17406,2.810,2.727
17407,2.717,2.727
17408,2.590,2.727
17409,2.493,2.727
17410,2.434,2.727
17411,2.439,2.727
17412,2.468,2.727
17413,2.468,2.727
17414,2.454,2.727
17415,2.429,2.727
17416,2.385,2.727
17417,2.361,2.727
17418,2.322,2.727
17419,2.307,2.727
17420,2.268,2.727
17421,2.243,2.727
17422,2.283,2.727
17423,2.361,2.727
17424,2.542,2.727
17425,2.727,2.727
17426,2.874,2.727
17427,2.903,2.727
17428,2.859,2.727
17429,2.791,2.727
17430,2.664,2.727
17431,2.537,2.727
17432,2.454,2.727
17433,2.463,2.727
17434,2.488,2.727
17435,2.488,2.727
17436,2.522,2.727
17437,2.493,2.727
17438,2.429,2.727
17439,2.395,2.727
17440,2.366,2.727
17441,2.287,2.727
17442,2.258,2.727
17443,2.258,2.727
17444,2.239,2.727
17445,2.287,2.727
17446,2.380,2.727
17447,2.581,2.727
17448,2.796,2.727
17449,2.947,2.727
17450,2.972,2.727
17451,2.903,2.727
17452,2.810,2.727
17453,2.693,2.727
17454,2.581,2.732
17455,2.542,2.732
17456,2.517,2.732
17457,2.532,2.732
17458,2.542,2.732
17459,2.546,2.732
17460,2.517,2.732
17461,2.449,2.732
17462,2.395,2.732
17463,2.322,2.732
17464,2.336,2.732
17465,2.317,2.732
17466,2.302,2.732
17467,2.351,2.732
17468,2.473,2.732
17469,2.664,2.732
17470,2.840,2.732
17471,2.937,2.732
17472,2.928,2.732
17473,2.845,2.732
17474,2.727,2.732
17475,2.610,2.732
17476,2.517,2.732
17477,2.493,2.732
17478,2.483,2.732
17479,2.512,2.727
17480,2.493,2.727
17481,2.473,2.727
17482,2.439,2.727
17483,2.429,2.727
17484,2.375,2.732
17485,2.322,2.727
17486,2.331,2.732
17487,2.278,2.727
17488,2.268,2.727
17489,2.243,2.732
17490,2.341,2.732
17491,2.546,2.732
17492,2.796,2.732
17493,2.972,2.732
17494,3.030,2.732
17495,2.957,2.732
17496,2.820,2.732
17497,2.683,2.732
17498,2.566,2.732
17499,2.507,2.732
17500,2.517,2.732
17501,2.532,2.732
17502,2.546,2.732
17503,2.556,2.732
17504,2.542,2.732
17505,2.473,2.732
17506,2.444,2.732
17507,2.390,2.732
17508,2.351,2.732
17509,2.326,2.732
17510,2.312,2.732
17511,2.297,2.732
17512,2.346,2.732
17513,2.512,2.732
17514,2.732,2.732
17515,2.918,2.732
17516,3.016,2.732
17517,3.021,2.732
17518,2.898,2.732
17519,2.805,2.732
17520,2.654,2.732
17521,2.537,2.732
17522,2.493,2.732
17523,2.532,2.732
17524,2.532,2.732
17525,2.551,2.732
17526,2.493,2.732
17527,2.463,2.737
17528,2.400,2.737
17529,2.331,2.737
17530,2.292,2.737
17531,2.263,2.737
17532,2.253,2.737
17533,2.263,2.737
17534,2.273,2.737
17535,2.331,2.737
17536,2.488,2.737
17537,2.742,2.737
17538,2.898,2.737
17539,2.947,2.737
17540,2.918,2.737
17541,2.835,2.737
17542,2.693,2.737
17543,2.561,2.737
17544,2.488,2.737
17545,2.473,2.737
17546,2.488,2.737
17547,2.502,2.737
17548,2.522,2.737
17549,2.498,2.737
17550,2.463,2.737
17551,2.405,2.737
17552,2.356,2.737
17553,2.322,2.737
17554,2.278,2.737
17555,2.248,2.737
17556,2.258,2.737
17557,2.283,2.737
17558,2.410,2.737
17559,2.630,2.737
17560,2.825,2.737
17561,2.962,2.737
17562,2.937,2.737
17563,2.903,2.737
17564,2.766,2.737
17565,2.630,2.737
17566,2.512,2.737
17567,2.458,2.737
17568,2.414,2.737
17569,2.488,2.737
17570,2.493,2.737
17571,2.473,2.737
17572,2.429,2.737
17573,2.385,2.737
17574,2.336,2.737
17575,2.312,2.737
17576,2.273,2.737
17577,2.263,2.737
17578,2.248,2.737
17579,2.248,2.737
17580,2.331,2.737
17581,2.527,2.737
17582,2.747,2.737
17583,2.898,2.737
17584,2.957,2.737
17585,2.903,2.737
17586,2.796,2.737
17587,2.659,2.737
17588,2.537,2.737
17589,2.439,2.737
17590,2.385,2.742
17591,2.434,2.737
17592,2.468,2.742
17593,2.468,2.737
17594,2.444,2.722
17595,2.429,2.703
17596,2.370,2.683
17597,2.326,2.669
17598,2.287,2.654
17599,2.273,2.634
17600,2.234,2.620
17601,2.195,2.605
17602,2.273,2.595
17603,2.400,2.586
17604,2.595,2.581
17605,2.757,2.571
17606,2.859,2.566
17607,2.845,2.556
17608,2.747,2.551
17609,2.639,2.546
17610,2.498,2.542
17611,2.419,2.542
17612,2.400,2.542
17613,2.405,2.542
17614,2.449,2.542
17615,2.454,2.542
17616,2.473,2.542
17617,2.424,2.546
17618,2.385,2.546
17619,2.341,2.551
17620,2.302,2.556
17621,2.248,2.561
17622,2.229,2.566
17623,2.287,2.566
17624,2.410,2.566
17625,2.625,2.571
17626,2.781,2.576
17627,2.835,2.576
17628,2.796,2.581
17629,2.727,2.586
17630,2.610,2.586
17631,2.507,2.590
17632,2.414,2.595
17633,2.414,2.595
17634,2.400,2.600
17635,2.424,2.600
17636,2.444,2.605
17637,2.405,2.605
17638,2.361,2.610
17639,2.341,2.610
17640,2.336,2.610
17641,2.297,2.610
17642,2.273,2.610
17643,2.248,2.610
17644,2.229,2.610
17645,2.268,2.610
17646,2.429,2.610
17647,2.630,2.610
17648,2.801,2.605
17649,2.869,2.605
17650,2.820,2.605
17651,2.737,2.605
17652,2.615,2.605
17653,2.493,2.610
17654,2.424,2.605
17655,2.419,2.605
17656,2.449,2.605
17657,2.444,2.605
17658,2.424,2.605
17659,2.400,2.605
17660,2.370,2.605
17661,2.351,2.605
17662,2.322,2.605
17663,2.278,2.605
17664,2.253,2.605
17665,2.224,2.605
17666,2.248,2.600
17667,2.307,2.600
17668,2.463,2.600
17669,2.674,2.600
17670,2.766,2.600
17671,2.830,2.600
17672,2.766,2.600
17673,2.678,2.595
17674,2.542,2.595
17675,2.429,2.595
17676,2.390,2.595
17677,2.395,2.595
17678,2.410,2.595
17679,2.434,2.595
17680,2.439,2.590
17681,2.410,2.590
17682,2.375,2.590
17683,2.341,2.590
17684,2.278,2.590
17685,2.273,2.586
17686,2.253,2.586
17687,2.239,2.586
17688,2.278,2.581
17689,2.424,2.581
17690,2.590,2.581
17691,2.757,2.576
17692,2.810,2.576
17693,2.805,2.576
17694,2.742,2.571
17695,2.639,2.571
17696,2.532,2.571
17697,2.468,2.571
17698,2.424,2.566
17699,2.424,2.566
17700,2.434,2.561
17701,2.419,2.561
17702,2.419,2.556
17703,2.395,2.556
17704,2.390,2.556
17705,2.341,2.551
17706,2.322,2.551
17707,2.312,2.546
17708,2.273,2.546
17709,2.297,2.542
17710,2.410,2.542
17711,2.625,2.542
17712,2.771,2.537
17713,2.869,2.537
17714,2.835,2.532
17715,2.776,2.532
17716,2.654,2.527
17717,2.537,2.527
17718,2.424,2.522
17719,2.400,2.522
17720,2.458,2.522
17721,2.483,2.517
17722,2.478,2.512
17723,2.468,2.512
17724,2.444,2.507
17725,2.395,2.507
17726,2.326,2.502
17727,2.297,2.502
17728,2.322,2.498
17729,2.273,2.493
17730,2.287,2.493
17731,2.375,2.488
17732,2.556,2.483
17733,2.727,2.483
17734,2.840,2.478
17735,2.898,2.478
17736,2.854,2.473
17737,2.742,2.468
17738,2.610,2.468
17739,2.517,2.463
17740,2.454,2.463
17741,2.478,2.458
17742,2.478,2.458
17743,2.493,2.458
17744,2.507,2.454
17745,2.498,2.454
17746,2.434,2.454
17747,2.366,2.449
17748,2.336,2.449
17749,2.297,2.449
17750,2.273,2.444
17751,2.253,2.444
17752,2.322,2.444
17753,2.512,2.444
17754,2.698,2.444
17755,2.874,2.439
17756,2.898,2.439
17757,2.845,2.439
17758,2.757,2.439
17759,2.615,2.439
17760,2.522,2.439
17761,2.458,2.439
17762,2.468,2.439
17763,2.498,2.439
17764,2.512,2.434
17765,2.522,2.439
17766,2.502,2.434
17767,2.454,2.434
17768,2.414,2.434
17769,2.361,2.434
17770,2.341,2.434
17771,2.287,2.434
17772,2.292,2.434
17773,2.331,2.434
17774,2.502,2.434
17775,2.688,2.434
17776,2.879,2.434
17777,2.952,2.434
17778,2.923,2.434
17779,2.815,2.434
17780,2.693,2.434
17781,2.522,2.429
17782,2.473,2.429
17783,2.439,2.429
17784,2.458,2.429
17785,2.517,2.429
17786,2.532,2.429
17787,2.522,2.429
17788,2.468,2.429
17789,2.414,2.424
17790,2.361,2.424
17791,2.312,2.424
17792,2.273,2.424
17793,2.263,2.424
17794,2.263,2.424
17795,2.351,2.424
17796,2.537,2.424
17797,2.771,2.424
17798,2.923,2.424
17799,2.991,2.424
17800,2.937,2.424
17801,2.825,2.424
17802,2.654,2.424
17803,2.576,2.429
17804,2.507,2.429
17805,2.507,2.429
17806,2.478,2.429
17807,2.512,2.429
17808,2.551,2.429
17809,2.522,2.429
17810,2.463,2.429
17811,2.410,2.429
17812,2.366,2.429
17813,2.336,2.434
17814,2.292,2.429
17815,2.243,2.434
17816,2.278,2.434
17817,2.346,2.434
17818,2.527,2.434
17819,2.722,2.434
17820,2.893,2.434
17821,2.972,2.434
17822,2.962,2.434
17823,2.879,2.434
17824,2.737,2.434
17825,2.605,2.434
17826,2.517,2.434
17827,2.502,2.434
17828,2.507,2.434
17829,2.522,2.434
17830,2.532,2.434
17831,2.522,2.434
17832,2.498,2.434
17833,2.434,2.434
17834,2.361,2.439
17835,2.351,2.439
17836,2.326,2.439
17837,2.297,2.439
17838,2.273,2.439
17839,2.283,2.439
17840,2.454,2.439
17841,2.664,2.439
17842,2.859,2.439
17843,2.967,2.439
17844,2.957,2.439
17845,2.854,2.439
17846,2.747,2.439
17847,2.630,2.439
17848,2.493,2.439
17849,2.507,2.439
17850,2.512,2.439
17851,2.522,2.439
17852,2.546,2.439
17853,2.512,2.444
17854,2.449,2.444
17855,2.424,2.444
17856,2.390,2.444
17857,2.356,2.444
17858,2.312,2.444
17859,2.283,2.444
17860,2.283,2.444
17861,2.317,2.444
17862,2.434,2.444
17863,2.644,2.444
17864,2.820,2.444
17865,2.942,2.444
17866,2.962,2.444
17867,2.884,2.444
17868,2.732,2.444
17869,2.590,2.449
17870,2.478,2.449
17871,2.454,2.449
17872,2.493,2.449
17873,2.532,2.449
17874,2.542,2.449
17875,2.478,2.449
17876,2.454,2.449
17877,2.410,2.449
17878,2.346,2.449
17879,2.312,2.449
17880,2.307,2.449
17881,2.292,2.449
17882,2.292,2.449
17883,2.336,2.449
17884,2.507,2.449
17885,2.683,2.449
17886,2.859,2.454
17887,2.933,2.454
17888,2.933,2.454
17889,2.864,2.454
17890,2.742,2.454
17891,2.615,2.454
17892,2.546,2.454
17893,2.478,2.454
17894,2.478,2.454
17895,2.517,2.454
17896,2.532,2.454
17897,2.478,2.454
17898,2.468,2.454
17899,2.400,2.454
17900,2.356,2.454
17901,2.322,2.454
17902,2.278,2.454
17903,2.248,2.454
17904,2.209,2.454
17905,2.258,2.458
17906,2.336,2.454
17907,2.625,2.454
17908,2.796,2.454
17909,2.903,2.454
17910,2.913,2.458
17911,2.810,2.458
17912,2.654,2.458
17913,2.546,2.458
17914,2.458,2.458
17915,2.449,2.458
17916,2.444,2.458
17917,2.478,2.458
17918,2.478,2.458
17919,2.478,2.458
17920,2.429,2.458
17921,2.400,2.458
17922,2.356,2.458
17923,2.322,2.458
17924,2.292,2.458
17925,2.243,2.458
17926,2.234,2.463
17927,2.351,2.463
17928,2.512,2.463
17929,2.703,2.463
17930,2.854,2.463
17931,2.889,2.463
17932,2.835,2.463
17933,2.752,2.463
17934,2.620,2.463
17935,2.493,2.463
17936,2.400,2.463
17937,2.400,2.463
17938,2.454,2.463
17939,2.493,2.463
17940,2.502,2.463
17941,2.478,2.463
17942,2.449,2.468
17943,2.414,2.468
17944,2.356,2.468
17945,2.292,2.468
17946,2.268,2.468
17947,2.214,2.468
17948,2.268,2.468
17949,2.400,2.468
17950,2.590,2.468
17951,2.805,2.468
17952,2.918,2.468
17953,2.923,2.468
17954,2.849,2.468
17955,2.717,2.468
17956,2.586,2.468
17957,2.454,2.468
17958,2.414,2.468
17959,2.410,2.468
17960,2.444,2.468
17961,2.468,2.468
17962,2.454,2.468
17963,2.454,2.468
17964,2.414,2.468
17965,2.361,2.468
17966,2.292,2.468
17967,2.263,2.468
17968,2.239,2.468
17969,2.234,2.468
17970,2.273,2.468
17971,2.444,2.468
17972,2.669,2.468
17973,2.820,2.468
17974,2.879,2.473
17975,2.859,2.473
17976,2.771,2.473
17977,2.639,2.473
17978,2.512,2.473
17979,2.449,2.473
17980,2.439,2.473
17981,2.468,2.473
17982,2.483,2.473
17983,2.488,2.473
17984,2.483,2.473
17985,2.434,2.473
17986,2.400,2.473
17987,2.336,2.473
17988,2.317,2.473
17989,2.297,2.473
17990,2.253,2.473
17991,2.263,2.473
17992,2.400,2.473
17993,2.581,2.473
17994,2.752,2.473
17995,2.849,2.473
17996,2.864,2.473
17997,2.801,2.473
17998,2.688,2.473
17999,2.551,2.473
18000,2.458,2.473
18001,2.390,2.473
18002,2.439,2.473
18003,2.458,2.468
18004,2.463,2.473
18005,2.439,2.473
18006,2.439,2.468
18007,2.390,2.468
18008,2.322,2.468
18009,2.297,2.468
18010,2.287,2.468
18011,2.263,2.473
18012,2.268,2.473
18013,2.390,2.468
18014,2.581,2.473
18015,2.776,2.473
18016,2.859,2.473
18017,2.923,2.468
18018,2.884,2.473
18019,2.757,2.473
18020,2.600,2.473
18021,2.483,2.468
18022,2.444,2.473
18023,2.419,2.473
18024,2.439,2.468
18025,2.410,2.468
18026,2.439,2.473
18027,2.405,2.468
18028,2.356,2.468
18029,2.341,2.468
18030,2.307,2.468
18031,2.224,2.468
18032,2.229,2.473
18033,2.243,2.468
18034,2.331,2.473
18035,2.512,2.468
18036,2.688,2.468
18037,2.840,2.473
18038,2.864,2.468
18039,2.849,2.468
18040,2.752,2.468
18041,2.649,2.473
18042,2.527,2.473
18043,2.429,2.473
18044,2.414,2.473
18045,2.424,2.473
18046,2.458,2.473
18047,2.449,2.473
18048,2.424,2.473
18049,2.385,2.473
18050,2.346,2.473
18051,2.302,2.473
18052,2.273,2.473
18053,2.253,2.473
18054,2.243,2.473
18055,2.287,2.473
18056,2.385,2.473
18057,2.595,2.473
18058,2.752,2.473
18059,2.854,2.473
18060,2.854,2.473
18061,2.761,2.473
18062,2.654,2.473
18063,2.522,2.473
18064,2.414,2.473
18065,2.454,2.473
18066,2.468,2.473
18067,2.507,2.473
18068,2.458,2.478
18069,2.493,2.478
18070,2.463,2.478
18071,2.410,2.478
18072,2.331,2.478
18073,2.287,2.478
18074,2.253,2.478
18075,2.209,2.478
18076,2.302,2.478
18077,2.414,2.478
18078,2.595,2.478
18079,2.810,2.478
18080,2.879,2.478
18081,2.893,2.478
18082,2.805,2.478
18083,2.669,2.478
18084,2.527,2.478
18085,2.434,2.478
18086,2.444,2.478
18087,2.458,2.478
18088,2.488,2.478
18089,2.502,2.478
18090,2.468,2.478
18091,2.439,2.478
18092,2.375,2.478
18093,2.341,2.478
18094,2.302,2.478
18095,2.263,2.478
18096,2.248,2.478
18097,2.239,2.478
18098,2.326,2.483
18099,2.522,2.478
18100,2.717,2.483
18101,2.864,2.483
18102,2.918,2.483
18103,2.874,2.483
18104,2.776,2.483
18105,2.634,2.483
18106,2.512,2.483
18107,2.458,2.483
18108,2.449,2.483
18109,2.468,2.483
18110,2.478,2.483
18111,2.468,2.483
18112,2.458,2.483
18113,2.400,2.483
18114,2.370,2.483
18115,2.331,2.483
18116,2.273,2.483
18117,2.234,2.483
18118,2.224,2.483
18119,2.234,2.483
18120,2.375,2.483
18121,2.595,2.483
18122,2.796,2.483
18123,2.889,2.483
18124,2.820,2.483
18125,2.703,2.483
18126,2.561,2.483
18127,2.439,2.488
18128,2.414,2.483
18129,2.395,2.483
18130,2.458,2.488
18131,2.458,2.488
18132,2.473,2.488
18133,2.424,2.488
18134,2.380,2.488
18135,2.331,2.488
18136,2.297,2.488
18137,2.263,2.488
18138,2.258,2.488
18139,2.278,2.488
18140,2.370,2.488
18141,2.551,2.488
18142,2.747,2.488
18143,2.864,2.488
18144,2.903,2.488
18145,2.854,2.488
18146,2.742,2.488
18147,2.586,2.488
18148,2.454,2.488
18149,2.395,2.488
18150,2.405,2.488
18151,2.449,2.488
18152,2.473,2.488
18153,2.483,2.488
18154,2.458,2.488
18155,2.400,2.488
18156,2.366,2.488
18157,2.322,2.488
18158,2.263,2.488
18159,2.263,2.488
18160,2.243,2.488
18161,2.273,2.488
18162,2.400,2.488
18163,2.615,2.488
18164,2.796,2.488
18165,2.918,2.488
18166,2.942,2.488
18167,2.884,2.488
18168,2.791,2.488
18169,2.664,2.488
18170,2.566,2.488
18171,2.478,2.488
18172,2.488,2.488
18173,2.483,2.488
18174,2.527,2.488
18175,2.522,2.488
18176,2.454,2.488
18177,2.439,2.488
18178,2.380,2.488
18179,2.336,2.488
18180,2.297,2.488
18181,2.283,2.488
18182,2.253,2.488
18183,2.239,2.488
18184,2.297,2.493
18185,2.449,2.488
18186,2.683,2.493
18187,2.889,2.488
18188,2.967,2.493
18189,2.952,2.493
18190,2.849,2.493
18191,2.727,2.493
18192,2.590,2.493
18193,2.507,2.493
18194,2.478,2.493
18195,2.473,2.493
18196,2.493,2.493
18197,2.502,2.493
18198,2.439,2.493
18199,2.424,2.493
18200,2.385,2.493
18201,2.341,2.493
18202,2.283,2.493
18203,2.297,2.493
18204,2.283,2.493
18205,2.258,2.493
18206,2.239,2.493
18207,2.287,2.493
18208,2.429,2.493
18209,2.639,2.493
18210,2.805,2.493
18211,2.908,2.493
18212,2.889,2.493
18213,2.771,2.493
18214,2.649,2.493
18215,2.527,2.493
18216,2.473,2.493
18217,2.429,2.493
18218,2.473,2.493
18219,2.493,2.493
18220,2.483,2.493
18221,2.454,2.493
18222,2.414,2.498
18223,2.380,2.498
18224,2.317,2.498
18225,2.292,2.498
18226,2.234,2.498
18227,2.209,2.498
18228,2.243,2.498
18229,2.283,2.498
18230,2.434,2.498
18231,2.630,2.498
18232,2.825,2.498
18233,2.903,2.498
18234,2.849,2.498
18235,2.752,2.498
18236,2.605,2.498
18237,2.473,2.498
18238,2.405,2.498
18239,2.400,2.498
18240,2.429,2.498
18241,2.468,2.498
18242,2.478,2.498
18243,2.449,2.498
18244,2.414,2.498
18245,2.351,2.498
18246,2.317,2.498
18247,2.287,2.498
18248,2.263,2.498
18249,2.243,2.498
18250,2.234,2.498
18251,2.331,2.498
18252,2.512,2.498
18253,2.732,2.498
18254,2.864,2.498
18255,2.942,2.498
18256,2.898,2.498
18257,2.766,2.498
18258,2.620,2.498
18259,2.498,2.498
18260,2.454,2.498
18261,2.410,2.498
18262,2.434,2.498
18263,2.483,2.498
18264,2.488,2.498
18265,2.488,2.498
18266,2.439,2.498
18267,2.380,2.498
18268,2.336,2.498
18269,2.263,2.498
18270,2.253,2.498
18271,2.258,2.498
18272,2.243,2.498
18273,2.346,2.498
18274,2.532,2.498
18275,2.737,2.498
18276,2.874,2.498
18277,2.933,2.498
18278,2.898,2.498
18279,2.805,2.498
18280,2.678,2.498
18281,2.537,2.498
18282,2.473,2.498
18283,2.454,2.498
18284,2.493,2.498
18285,2.512,2.498
18286,2.527,2.498
18287,2.493,2.498
18288,2.458,2.498
18289,2.410,2.498
18290,2.366,2.498
18291,2.326,2.498
18292,2.307,2.498
18293,2.268,2.498
18294,2.263,2.498
18295,2.405,2.498
18296,2.600,2.498
18297,2.776,2.498
18298,2.884,2.498
18299,2.903,2.498
18300,2.796,2.498
18301,2.644,2.498
18302,2.556,2.498
18303,2.444,2.498
18304,2.424,2.498
18305,2.439,2.498
18306,2.473,2.498
18307,2.502,2.498
18308,2.502,2.498
18309,2.468,2.498
18310,2.410,2.498
18311,2.366,2.498
18312,2.341,2.498
18313,2.297,2.498
18314,2.297,2.498
18315,2.341,2.493
18316,2.463,2.493
18317,2.669,2.493
18318,2.810,2.493
18319,2.918,2.493
18320,2.879,2.493
18321,2.791,2.493
18322,2.649,2.493
18323,2.527,2.493
18324,2.449,2.493
18325,2.414,2.493
18326,2.458,2.493
18327,2.488,2.493
18328,2.502,2.493
18329,2.454,2.493
18330,2.439,2.493
18331,2.400,2.493
18332,2.341,2.493
18333,2.322,2.493
18334,2.287,2.493
18335,2.312,2.493
18336,2.400,2.493
18337,2.576,2.493
18338,2.796,2.493
18339,2.962,2.493
18340,2.972,2.493
18341,2.937,2.493
18342,2.815,2.493
18343,2.688,2.493
18344,2.595,2.493
18345,2.527,2.493
18346,2.527,2.493
18347,2.542,2.493
18348,2.551,2.493
18349,2.532,2.493
18350,2.522,2.493
18351,2.463,2.493
18352,2.439,2.493
18353,2.400,2.493
18354,2.356,2.493
18355,2.346,2.493
18356,2.380,2.493
18357,2.493,2.493
18358,2.713,2.493
18359,2.913,2.493
18360,3.021,2.493
18361,3.011,2.493
18362,2.962,2.493
18363,2.835,2.493
18364,2.703,2.493
18365,2.600,2.493
18366,2.551,2.493
18367,2.546,2.493
18368,2.566,2.493
18369,2.576,2.493
18370,2.581,2.493
18371,2.551,2.493
18372,2.517,2.493
18373,2.454,2.493
18374,2.419,2.493
18375,2.341,2.493
18376,2.380,2.493
18377,2.537,2.493
18378,2.776,2.493
18379,2.947,2.493
18380,3.055,2.493
18381,3.030,2.493
18382,2.928,2.493
18383,2.796,2.493
18384,2.674,2.493
18385,2.581,2.493
18386,2.571,2.493
18387,2.561,2.493
18388,2.586,2.493
18389,2.590,2.493
18390,2.590,2.493
18391,2.546,2.493
18392,2.483,2.493
18393,2.439,2.493
18394,2.375,2.493
18395,2.336,2.498
18396,2.380,2.493
18397,2.473,2.498
18398,2.717,2.493
18399,2.942,2.498
18400,3.055,2.498
18401,3.079,2.498
18402,2.996,2.498
18403,2.874,2.498
18404,2.742,2.498
18405,2.630,2.498
18406,2.581,2.498
18407,2.566,2.498
18408,2.581,2.498
18409,2.576,2.498
18410,2.566,2.498
18411,2.551,2.498
18412,2.493,2.498
18413,2.454,2.498
18414,2.400,2.498
18415,2.375,2.498
18416,2.341,2.498
18417,2.414,2.498
18418,2.600,2.498
18419,2.835,2.498
18420,3.055,2.498
18421,3.152,2.498
18422,3.123,2.498
18423,3.021,2.498
18424,2.903,2.498
18425,2.747,2.498
18426,2.634,2.502
18427,2.595,2.502
18428,2.600,2.502
18429,2.595,2.502
18430,2.581,2.502
18431,2.546,2.502
18432,2.522,2.502
18433,2.483,2.502
18434,2.414,2.502
18435,2.361,2.502
18436,2.331,2.502
18437,2.317,2.502
18438,2.302,2.502
18439,2.424,2.502
18440,2.649,2.502
18441,2.884,2.502
18442,3.069,2.502
18443,3.157,2.502
18444,3.133,2.502
18445,3.021,2.502
18446,2.854,2.507
18447,2.698,2.502
18448,2.615,2.502
18449,2.605,2.507
18450,2.571,2.502
18451,2.546,2.507
18452,2.551,2.502
18453,2.502,2.507
18454,2.458,2.507
18455,2.405,2.507
18456,2.385,2.507
18457,2.326,2.507
18458,2.278,2.507
18459,2.253,2.507
18460,2.253,2.507
18461,2.292,2.507
18462,2.483,2.507
18463,2.727,2.507
18464,2.947,2.507
18465,3.084,2.507
18466,3.099,2.507
18467,3.025,2.507
18468,2.874,2.507
18469,2.703,2.507
18470,2.556,2.507
18471,2.488,2.507
18472,2.493,2.507
18473,2.517,2.507
18474,2.522,2.507
18475,2.463,2.507
18476,2.458,2.507
18477,2.400,2.507
18478,2.331,2.507
18479,2.292,2.507
18480,2.307,2.507
18481,2.287,2.507
18482,2.248,2.507
18483,2.287,2.507
18484,2.434,2.512
18485,2.683,2.507
18486,2.884,2.507
18487,3.006,2.512
18488,3.021,2.512
18489,2.942,2.512
18490,2.815,2.512
18491,2.644,2.512
18492,2.507,2.512
18493,2.444,2.512
18494,2.414,2.512
18495,2.454,2.512
18496,2.454,2.512
18497,2.444,2.512
18498,2.405,2.512
18499,2.326,2.512
18500,2.253,2.512
18501,2.204,2.512
18502,2.204,2.512
18503,2.165,2.512
18504,2.136,2.512
18505,2.146,2.512
18506,2.209,2.512
18507,2.331,2.512
18508,2.571,2.512
18509,2.849,2.512
18510,3.016,2.512
18511,3.001,2.512
18512,2.937,2.512
18513,2.796,2.512
18514,2.625,2.512
18515,2.498,2.512
18516,2.390,2.512
18517,2.361,2.512
18518,2.385,2.512
18519,2.434,2.512
18520,2.419,2.512
18521,2.361,2.512
18522,2.307,2.512
18523,2.273,2.512
18524,2.195,2.512
18525,2.160,2.512
18526,2.126,2.512
18527,2.082,2.512
18528,2.072,2.512
18529,2.077,2.512
18530,2.087,2.512
18531,2.136,2.512
18532,2.273,2.512
18533,2.478,2.512
18534,2.678,2.512
18535,2.776,2.512
18536,2.810,2.512
18537,2.757,2.512
18538,2.669,2.512
18539,2.546,2.512
18540,2.434,2.512
18541,2.380,2.512
18542,2.390,2.512
18543,2.375,2.512
18544,2.366,2.512
18545,2.341,2.512
18546,2.341,2.512
18547,2.278,2.512
18548,2.224,2.512
18549,2.175,2.517
18550,2.121,2.512
18551,2.102,2.512
18552,2.077,2.512
18553,2.107,2.517
18554,2.131,2.517
18555,2.219,2.517
18556,2.395,2.517
18557,2.595,2.517
18558,2.727,2.517
18559,2.757,2.517
18560,2.708,2.517
18561,2.610,2.517
18562,2.507,2.517
18563,2.400,2.517
18564,2.336,2.517
18565,2.331,2.517
18566,2.302,2.517
18567,2.312,2.517
18568,2.297,2.517
18569,2.297,2.517
18570,2.248,2.517
18571,2.204,2.517
18572,2.204,2.517
18573,2.170,2.517
18574,2.155,2.517
18575,2.141,2.517
18576,2.102,2.517
18577,2.092,2.517
18578,2.082,2.517
18579,2.141,2.517
18580,2.273,2.517
18581,2.444,2.517
18582,2.649,2.517
18583,2.717,2.517
18584,2.742,2.517
18585,2.678,2.517
18586,2.586,2.517
18587,2.449,2.517
18588,2.351,2.517
18589,2.317,2.517
18590,2.336,2.517
18591,2.346,2.522
18592,2.356,2.522
18593,2.331,2.522
18594,2.307,2.522
18595,2.263,2.522
18596,2.214,2.522
18597,2.170,2.522
18598,2.126,2.522
18599,2.121,2.522
18600,2.116,2.522
18601,2.151,2.522
18602,2.136,2.522
18603,2.175,2.522
18604,2.278,2.522
18605,2.424,2.522
18606,2.561,2.522
18607,2.644,2.522
18608,2.669,2.522
18609,2.625,2.522
18610,2.532,2.522
18611,2.444,2.522
18612,2.370,2.522
18613,2.312,2.522
18614,2.302,2.522
18615,2.331,2.522
18616,2.307,2.522
18617,2.302,2.522
18618,2.307,2.522
18619,2.283,2.522
18620,2.258,2.522
18621,2.229,2.522
18622,2.219,2.522
18623,2.170,2.522
18624,2.170,2.522
18625,2.155,2.522
18626,2.248,2.522
18627,2.390,2.522
18628,2.546,2.522
18629,2.669,2.522
18630,2.669,2.522
18631,2.625,2.522
18632,2.571,2.522
18633,2.463,2.522
18634,2.380,2.522
18635,2.317,2.522
18636,2.326,2.522
18637,2.346,2.522
18638,2.370,2.522
18639,2.361,2.522
18640,2.336,2.522
18641,2.322,2.522
18642,2.292,2.522
18643,2.263,2.522
18644,2.239,2.527
18645,2.224,2.522
18646,2.209,2.527
18647,2.209,2.527
18648,2.199,2.527
18649,2.273,2.527
18650,2.400,2.527
18651,2.532,2.527
18652,2.639,2.527
18653,2.688,2.527
18654,2.703,2.527
18655,2.639,2.527
18656,2.586,2.527
18657,2.512,2.527
18658,2.444,2.527
18659,2.434,2.527
18660,2.429,2.527
18661,2.424,2.527
18662,2.439,2.527
18663,2.419,2.527
18664,2.380,2.527
18665,2.370,2.527
18666,2.351,2.527
18667,2.307,2.527
18668,2.263,2.527
18669,2.239,2.527
18670,2.243,2.527
18671,2.248,2.527
18672,2.312,2.527
18673,2.458,2.527
18674,2.615,2.527
18675,2.722,2.527
18676,2.776,2.527
18677,2.747,2.527
18678,2.678,2.527
18679,2.590,2.527
18680,2.512,2.527
18681,2.439,2.527
18682,2.454,2.527
18683,2.458,2.527
18684,2.473,2.527
18685,2.444,2.527
18686,2.434,2.527
18687,2.400,2.527
18688,2.380,2.527
18689,2.341,2.527
18690,2.336,2.527
18691,2.278,2.527
18692,2.268,2.527
18693,2.273,2.527
18694,2.317,2.527
18695,2.380,2.527
18696,2.546,2.527
18697,2.703,2.532
18698,2.810,2.527
18699,2.845,2.532
18700,2.801,2.532
18701,2.717,2.532
18702,2.605,2.532
18703,2.527,2.532
18704,2.502,2.532
18705,2.517,2.532
18706,2.517,2.532
18707,2.537,2.532
18708,2.522,2.532
18709,2.512,2.532
18710,2.478,2.532
18711,2.439,2.532
18712,2.400,2.532
18713,2.380,2.532
18714,2.361,2.532
18715,2.336,2.532
18716,2.336,2.532
18717,2.498,2.532
18718,2.664,2.532
18719,2.840,2.532
18720,2.923,2.532
18721,2.933,2.532
18722,2.908,2.532
18723,2.791,2.532
18724,2.634,2.532
18725,2.615,2.532
18726,2.571,2.532
18727,2.537,2.532
18728,2.571,2.532
18729,2.566,2.532
18730,2.566,2.532
18731,2.532,2.532
18732,2.502,2.532
18733,2.458,2.532
18734,2.424,2.532
18735,2.385,2.532
18736,2.351,2.532
18737,2.312,2.532
18738,2.361,2.532
18739,2.478,2.532
18740,2.688,2.532
18741,2.884,2.532
18742,3.011,2.532
18743,3.045,2.537
18744,2.991,2.537
18745,2.908,2.532
18746,2.761,2.537
18747,2.678,2.537
18748,2.625,2.537
18749,2.600,2.537
18750,2.595,2.537
18751,2.610,2.537
18752,2.595,2.537
18753,2.571,2.537
18754,2.537,2.537
18755,2.493,2.537
18756,2.444,2.537
18757,2.370,2.537
18758,2.385,2.537
18759,2.356,2.537
18760,2.375,2.537
18761,2.444,2.537
18762,2.605,2.537
18763,2.825,2.537
18764,2.957,2.537
18765,3.089,2.537
18766,3.055,2.537
18767,3.006,2.537
18768,2.869,2.537
18769,2.742,2.537
18770,2.654,2.537
18771,2.625,2.537
18772,2.605,2.537
18773,2.639,2.537
18774,2.634,2.537
18775,2.630,2.537
18776,2.595,2.537
18777,2.551,2.537
18778,2.498,2.537
18779,2.478,2.537
18780,2.424,2.537
18781,2.400,2.537
18782,2.400,2.537
18783,2.468,2.537
18784,2.634,2.537
18785,2.840,2.537
18786,2.991,2.537
18787,3.050,2.537
18788,3.045,2.537
18789,2.967,2.537
18790,2.810,2.537
18791,2.703,2.537
18792,2.620,2.537
18793,2.605,2.537
18794,2.620,2.537
18795,2.610,2.537
18796,2.595,2.537
18797,2.566,2.537
18798,2.527,2.537
18799,2.473,2.537
18800,2.473,2.537
18801,2.424,2.537
18802,2.419,2.537
18803,2.356,2.542
18804,2.380,2.537
18805,2.400,2.542
18806,2.532,2.537
18807,2.737,2.537
18808,2.928,2.537
18809,3.050,2.542
18810,3.079,2.542
18811,3.025,2.542
18812,2.923,2.542
18813,2.776,2.537
18814,2.659,2.542
18815,2.590,2.542
18816,2.551,2.542
18817,2.586,2.542
18818,2.561,2.542
18819,2.576,2.542
18820,2.527,2.542
18821,2.483,2.542
18822,2.449,2.542
18823,2.419,2.542
18824,2.390,2.542
18825,2.366,2.542
18826,2.326,2.542
18827,2.317,2.542
18828,2.312,2.542
18829,2.429,2.542
18830,2.639,2.542
18831,2.849,2.542
18832,3.006,2.542
18833,3.055,2.542
18834,3.016,2.542
18835,2.879,2.542
18836,2.752,2.542
18837,2.625,2.542
18838,2.571,2.542
18839,2.532,2.542
18840,2.561,2.542
18841,2.556,2.542
18842,2.556,2.542
18843,2.527,2.542
18844,2.473,2.542
18845,2.458,2.542
18846,2.405,2.542
18847,2.361,2.542
18848,2.317,2.542
18849,2.322,2.542
18850,2.297,2.542
18851,2.302,2.542
18852,2.380,2.542
18853,2.542,2.542
18854,2.771,2.542
18855,2.903,2.542
18856,2.991,2.542
18857,2.977,2.542
18858,2.854,2.542
18859,2.781,2.542
18860,2.605,2.542
18861,2.537,2.542
18862,2.507,2.542
18863,2.517,2.542
18864,2.546,2.542
18865,2.551,2.542
18866,2.527,2.542
18867,2.463,2.542
18868,2.429,2.542
18869,2.366,2.542
18870,2.351,2.542
18871,2.297,2.542
18872,2.283,2.542
18873,2.243,2.542
18874,2.317,2.542
18875,2.434,2.542
18876,2.659,2.542
18877,2.849,2.542
18878,2.957,2.542
18879,2.952,2.546
18880,2.869,2.546
18881,2.757,2.546
18882,2.605,2.546
18883,2.507,2.542
18884,2.468,2.546
18885,2.463,2.546
18886,2.478,2.546
18887,2.502,2.546
18888,2.468,2.546
18889,2.434,2.546
18890,2.434,2.546
18891,2.380,2.546
18892,2.341,2.546
18893,2.268,2.546
18894,2.199,2.546
18895,2.209,2.546
18896,2.214,2.546
18897,2.258,2.546
18898,2.410,2.546
18899,2.649,2.546
18900,2.840,2.546
18901,2.957,2.546
18902,2.967,2.546
18903,2.898,2.546
18904,2.791,2.546
18905,2.659,2.546
18906,2.517,2.546
18907,2.449,2.546
18908,2.458,2.546
18909,2.468,2.546
18910,2.468,2.546
18911,2.468,2.546
18912,2.444,2.546
18913,2.400,2.546
18914,2.356,2.546
18915,2.341,2.546
18916,2.287,2.546
18917,2.253,2.546
18918,2.219,2.546
18919,2.209,2.546
18920,2.190,2.546
18921,2.268,2.546
18922,2.434,2.546
18923,2.654,2.546
18924,2.805,2.546
18925,2.884,2.546
18926,2.864,2.546
18927,2.776,2.546
18928,2.659,2.551
18929,2.532,2.546
18930,2.444,2.546
18931,2.429,2.546
18932,2.434,2.546
18933,2.458,2.546
18934,2.478,2.546
18935,2.454,2.546
18936,2.405,2.546
18937,2.370,2.546
18938,2.307,2.546
18939,2.258,2.551
18940,2.229,2.551
18941,2.214,2.551
18942,2.190,2.546
18943,2.180,2.551
18944,2.229,2.546
18945,2.375,2.551
18946,2.532,2.551
18947,2.727,2.551
18948,2.859,2.551
18949,2.893,2.551
18950,2.830,2.551
18951,2.717,2.551
18952,2.561,2.551
18953,2.454,2.551
18954,2.410,2.551
18955,2.370,2.551
18956,2.390,2.551
18957,2.405,2.551
18958,2.414,2.551
18959,2.370,2.551
18960,2.346,2.551
18961,2.322,2.551
18962,2.312,2.551
18963,2.263,2.551
18964,2.258,2.551
18965,2.204,2.551
18966,2.209,2.551
18967,2.268,2.551
18968,2.439,2.551
18969,2.630,2.551
18970,2.781,2.551
18971,2.840,2.551
18972,2.805,2.551
18973,2.717,2.551
18974,2.610,2.551
18975,2.512,2.551
18976,2.444,2.551
18977,2.414,2.551
18978,2.361,2.551
18979,2.390,2.551
18980,2.370,2.551
18981,2.400,2.551
18982,2.380,2.551
18983,2.361,2.551
18984,2.317,2.551
18985,2.283,2.551
18986,2.234,2.551
18987,2.224,2.551
18988,2.180,2.551
18989,2.180,2.551
18990,2.204,2.551
18991,2.312,2.551
18992,2.546,2.551
18993,2.742,2.551
18994,2.815,2.551
18995,2.840,2.551
18996,2.727,2.551
18997,2.669,2.551
18998,2.551,2.551
18999,2.454,2.551
19000,2.410,2.551
19001,2.419,2.551
19002,2.434,2.551
19003,2.429,2.551
19004,2.419,2.551
19005,2.380,2.551
19006,2.331,2.551
19007,2.287,2.556
19008,2.219,2.551
19009,2.219,2.551
19010,2.219,2.551
19011,2.204,2.551
19012,2.209,2.556
19013,2.248,2.556
19014,2.434,2.556
19015,2.595,2.556
19016,2.766,2.556
19017,2.776,2.556
19018,2.786,2.556
19019,2.703,2.556
19020,2.586,2.556
19021,2.478,2.556
19022,2.380,2.556
19023,2.380,2.556
19024,2.400,2.556
19025,2.429,2.556
19026,2.429,2.556
19027,2.380,2.556
19028,2.351,2.556
19029,2.312,2.556
19030,2.268,2.556
19031,2.253,2.556
19032,2.243,2.556
19033,2.234,2.556
19034,2.234,2.556
19035,2.273,2.556
19036,2.395,2.556
19037,2.576,2.556
19038,2.708,2.556
19039,2.801,2.556
19040,2.776,2.556
19041,2.708,2.556
19042,2.615,2.556
19043,2.512,2.556
19044,2.429,2.556
19045,2.405,2.556
19046,2.405,2.556
19047,2.424,2.556
19048,2.429,2.556
19049,2.419,2.556
19050,2.395,2.556
19051,2.375,2.556
19052,2.307,2.556
19053,2.278,2.556
19054,2.268,2.556
19055,2.243,2.556
19056,2.214,2.556
19057,2.258,2.556
19058,2.361,2.556
19059,2.527,2.556
19060,2.732,2.556
19061,2.840,2.556
19062,2.859,2.556
19063,2.815,2.556
19064,2.727,2.556
19065,2.595,2.556
19066,2.463,2.556
19067,2.449,2.556
19068,2.458,2.556
19069,2.478,2.556
19070,2.498,2.556
19071,2.493,2.556
19072,2.473,2.556
19073,2.439,2.561
19074,2.400,2.561
19075,2.351,2.561
19076,2.317,2.561
19077,2.283,2.561
19078,2.273,2.561
19079,2.278,2.561
19080,2.322,2.556
19081,2.507,2.561
19082,2.717,2.561
19083,2.864,2.561
19084,2.893,2.561
19085,2.869,2.561
19086,2.761,2.561
19087,2.644,2.561
19088,2.517,2.561
19089,2.458,2.561
19090,2.454,2.561
19091,2.458,2.561
19092,2.478,2.561
19093,2.493,2.561
19094,2.463,2.561
19095,2.424,2.561
19096,2.400,2.561
19097,2.346,2.561
19098,2.302,2.561
19099,2.312,2.561
19100,2.302,2.561
19101,2.287,2.561
19102,2.351,2.561
19103,2.522,2.561
19104,2.693,2.561
19105,2.825,2.561
19106,2.854,2.561
19107,2.815,2.561
19108,2.752,2.561
19109,2.620,2.561
19110,2.517,2.561
19111,2.468,2.561
19112,2.444,2.561
19113,2.483,2.561
19114,2.468,2.561
19115,2.473,2.561
19116,2.493,2.561
19117,2.454,2.561
19118,2.419,2.561
19119,2.395,2.561
19120,2.351,2.561
19121,2.307,2.561
19122,2.287,2.561
19123,2.322,2.561
19124,2.468,2.561
19125,2.630,2.561
19126,2.820,2.561
19127,2.879,2.561
19128,2.908,2.561
19129,2.757,2.561
19130,2.615,2.561
19131,2.517,2.561
19132,2.478,2.561
19133,2.468,2.561
19134,2.478,2.561
19135,2.493,2.561
19136,2.473,2.561
19137,2.439,2.561
19138,2.419,2.561
19139,2.400,2.561
19140,2.356,2.561
19141,2.307,2.561
19142,2.317,2.561
19143,2.273,2.561
19144,2.361,2.561
19145,2.507,2.561
19146,2.708,2.561
19147,2.854,2.561
19148,2.937,2.561
19149,2.903,2.561
19150,2.859,2.561
19151,2.761,2.561
19152,2.639,2.561
19153,2.551,2.561
19154,2.517,2.561
19155,2.512,2.561
19156,2.512,2.561
19157,2.527,2.561
19158,2.493,2.561
19159,2.458,2.561
19160,2.449,2.561
19161,2.385,2.561
19162,2.356,2.561
19163,2.341,2.561
19164,2.297,2.561
19165,2.341,2.561
19166,2.410,2.561
19167,2.566,2.561
19168,2.757,2.561
19169,2.898,2.561
19170,2.933,2.561
19171,2.908,2.561
19172,2.840,2.561
19173,2.742,2.561
19174,2.610,2.561
19175,2.527,2.561
19176,2.522,2.561
19177,2.532,2.561
19178,2.546,2.561
19179,2.561,2.566
19180,2.532,2.561
19181,2.502,2.566
19182,2.449,2.561
19183,2.405,2.561
19184,2.346,2.566
19185,2.326,2.561
19186,2.322,2.566
19187,2.370,2.561
19188,2.483,2.566
19189,2.688,2.561
19190,2.859,2.566
19191,2.957,2.566
19192,2.942,2.566
19193,2.874,2.566
19194,2.742,2.566
19195,2.639,2.566
19196,2.561,2.566
19197,2.542,2.566
19198,2.512,2.566
19199,2.517,2.566
19200,2.512,2.566
19201,2.488,2.566
19202,2.463,2.566
19203,2.424,2.566
19204,2.395,2.566
19205,2.351,2.566
19206,2.312,2.566
19207,2.283,2.566
19208,2.243,2.566
19209,2.385,2.566
19210,2.566,2.566
19211,2.815,2.566
19212,2.933,2.566
19213,2.967,2.566
19214,2.928,2.566
19215,2.815,2.566
19216,2.678,2.566
19217,2.571,2.566
19218,2.498,2.566
19219,2.488,2.566
19220,2.512,2.566
19221,2.507,2.566
19222,2.493,2.566
19223,2.473,2.566
19224,2.439,2.566
19225,2.356,2.566
19226,2.317,2.566
19227,2.278,2.566
19228,2.263,2.566
19229,2.248,2.566
19230,2.322,2.566
19231,2.473,2.566
19232,2.669,2.566
19233,2.820,2.566
19234,2.889,2.566
19235,2.879,2.566
19236,2.810,2.566
19237,2.678,2.566
19238,2.576,2.566
19239,2.507,2.566
19240,2.468,2.566
19241,2.478,2.566
19242,2.493,2.566
19243,2.429,2.566
19244,2.444,2.566
19245,2.405,2.566
19246,2.370,2.566
19247,2.331,2.566
19248,2.317,2.566
19249,2.278,2.566
19250,2.268,2.566
19251,2.302,2.566
19252,2.395,2.566
19253,2.634,2.566
19254,2.796,2.571
19255,2.923,2.571
19256,2.854,2.571
19257,2.757,2.566
19258,2.654,2.566
19259,2.537,2.571
19260,2.473,2.571
19261,2.458,2.571
19262,2.463,2.571
19263,2.546,2.571
19264,2.532,2.571
19265,2.483,2.571
19266,2.405,2.571
19267,2.400,2.571
19268,2.361,2.571
19269,2.322,2.571
19270,2.253,2.571
19271,2.224,2.571
19272,2.302,2.571
19273,2.454,2.571
19274,2.703,2.571
19275,2.879,2.571
19276,2.947,2.571
19277,2.942,2.571
19278,2.859,2.571
19279,2.732,2.571
19280,2.576,2.571
19281,2.542,2.571
19282,2.468,2.571
19283,2.468,2.571
19284,2.473,2.571
19285,2.473,2.571
19286,2.463,2.571
19287,2.429,2.571
19288,2.385,2.571
19289,2.341,2.571
19290,2.283,2.571
19291,2.243,2.571
19292,2.209,2.571
19293,2.234,2.571
19294,2.317,2.571
19295,2.522,2.571
19296,2.727,2.571
19297,2.893,2.571
19298,2.942,2.571
19299,2.884,2.571
19300,2.796,2.571
19301,2.664,2.571
19302,2.571,2.571
19303,2.468,2.571
19304,2.458,2.571
19305,2.439,2.571
19306,2.444,2.571
19307,2.463,2.571
19308,2.414,2.571
19309,2.405,2.571
19310,2.331,2.571
19311,2.307,2.571
19312,2.278,2.571
19313,2.234,2.571
19314,2.170,2.571
19315,2.199,2.571
19316,2.243,2.571
19317,2.414,2.571
19318,2.664,2.571
19319,2.830,2.571
19320,2.893,2.571
19321,2.859,2.571
19322,2.742,2.571
19323,2.605,2.571
19324,2.502,2.571
19325,2.419,2.571
19326,2.395,2.571
19327,2.410,2.571
19328,2.414,2.571
19329,2.434,2.571
19330,2.390,2.571
19331,2.380,2.571
19332,2.336,2.571
19333,2.297,2.571
19334,2.268,2.571
19335,2.239,2.571
19336,2.234,2.571
19337,2.258,2.571
19338,2.361,2.571
19339,2.537,2.571
19340,2.737,2.571
19341,2.820,2.571
19342,2.849,2.571
19343,2.786,2.571
19344,2.683,2.571
19345,2.556,2.571
19346,2.434,2.576
19347,2.395,2.576
19348,2.390,2.576
19349,2.410,2.576
19350,2.434,2.576
19351,2.454,2.571
19352,2.424,2.576
19353,2.380,2.576
19354,2.307,2.576
19355,2.268,2.576
19356,2.248,2.576
19357,2.224,2.576
19358,2.219,2.576
19359,2.278,2.576
19360,2.410,2.576
19361,2.683,2.576
19362,2.845,2.576
19363,2.918,2.576
19364,2.879,2.576
19365,2.796,2.576
19366,2.669,2.576
19367,2.586,2.576
19368,2.478,2.576
19369,2.439,2.576
19370,2.400,2.576
19371,2.439,2.576
19372,2.434,2.576
19373,2.429,2.576
19374,2.390,2.576
19375,2.351,2.576
19376,2.326,2.576
19377,2.258,2.576
19378,2.224,2.576
19379,2.224,2.576
19380,2.219,2.576
19381,2.380,2.576
19382,2.537,2.576
19383,2.722,2.576
19384,2.825,2.576
19385,2.849,2.576
19386,2.786,2.576
19387,2.674,2.576
19388,2.551,2.576
19389,2.454,2.576
19390,2.375,2.576
19391,2.375,2.576
19392,2.414,2.571
19393,2.444,2.566
19394,2.439,2.561
19395,2.390,2.556
19396,2.351,2.546
19397,2.307,2.542
19398,2.258,2.537
19399,2.214,2.532
19400,2.214,2.527
19401,2.195,2.522
19402,2.234,2.517
19403,2.356,2.512
19404,2.532,2.507
19405,2.683,2.507
19406,2.791,2.502
19407,2.805,2.502
19408,2.732,2.498
19409,2.586,2.498
19410,2.502,2.493
19411,2.424,2.493
19412,2.395,2.493
19413,2.405,2.488
19414,2.410,2.488
19415,2.439,2.488
19416,2.395,2.488
19417,2.400,2.488
19418,2.395,2.483
19419,2.351,2.483
19420,2.283,2.483
19421,2.283,2.483
19422,2.263,2.483
19423,2.263,2.483
19424,2.385,2.483
19425,2.537,2.478
19426,2.713,2.478
19427,2.791,2.478
19428,2.796,2.478
19429,2.727,2.478
19430,2.595,2.478
19431,2.502,2.478
19432,2.414,2.478
19433,2.390,2.478
19434,2.400,2.478
19435,2.424,2.478
19436,2.434,2.473
19437,2.429,2.478
19438,2.380,2.473
19439,2.351,2.473
19440,2.322,2.473
19441,2.283,2.473
19442,2.273,2.473
19443,2.243,2.473
19444,2.292,2.473
19445,2.424,2.473
19446,2.605,2.473
19447,2.766,2.473
19448,2.864,2.473
19449,2.840,2.473
19450,2.776,2.473
19451,2.664,2.473
19452,2.532,2.473
19453,2.434,2.473
19454,2.395,2.473
19455,2.400,2.473
19456,2.405,2.473
19457,2.419,2.473
19458,2.400,2.473
19459,2.380,2.473
19460,2.356,2.473
19461,2.322,2.473
19462,2.297,2.473
19463,2.243,2.473
19464,2.224,2.473
19465,2.273,2.473
19466,2.405,2.473
19467,2.551,2.473
19468,2.747,2.473
19469,2.820,2.473
19470,2.820,2.473
19471,2.781,2.473
19472,2.669,2.473
19473,2.551,2.473
19474,2.458,2.473
19475,2.444,2.473
19476,2.439,2.473
19477,2.405,2.473
19478,2.458,2.473
19479,2.458,2.473
19480,2.424,2.473
19481,2.390,2.473
19482,2.336,2.473
19483,2.292,2.473
19484,2.253,2.473
19485,2.258,2.468
19486,2.287,2.473
19487,2.400,2.468
19488,2.561,2.468
19489,2.713,2.468
19490,2.820,2.473
19491,2.825,2.468
19492,2.771,2.468
19493,2.664,2.468
19494,2.561,2.468
19495,2.488,2.468
19496,2.439,2.468
19497,2.439,2.468
19498,2.458,2.468
19499,2.458,2.468
19500,2.468,2.468
19501,2.429,2.468
19502,2.390,2.468
19503,2.361,2.468
19504,2.302,2.468
19505,2.287,2.468
19506,2.268,2.468
19507,2.385,2.463
19508,2.537,2.463
19509,2.693,2.463
19510,2.786,2.463
19511,2.810,2.463
19512,2.771,2.463
19513,2.664,2.463
19514,2.542,2.463
19515,2.454,2.463
19516,2.439,2.463
19517,2.429,2.463
19518,2.473,2.463
19519,2.507,2.463
19520,2.488,2.463
19521,2.454,2.463
19522,2.419,2.463
19523,2.361,2.463
19524,2.326,2.463
19525,2.302,2.458
19526,2.278,2.458
19527,2.312,2.463
19528,2.419,2.458
19529,2.600,2.458
19530,2.766,2.458
19531,2.859,2.463
19532,2.869,2.458
19533,2.791,2.458
19534,2.713,2.458
19535,2.576,2.458
19536,2.507,2.458
19537,2.444,2.458
19538,2.444,2.458
19539,2.454,2.458
19540,2.473,2.458
19541,2.483,2.458
19542,2.449,2.458
19543,2.454,2.458
19544,2.439,2.458
19545,2.366,2.458
19546,2.331,2.458
19547,2.302,2.458
19548,2.351,2.458
19549,2.463,2.458
19550,2.634,2.458
19551,2.776,2.458
19552,2.835,2.458
19553,2.830,2.458
19554,2.757,2.458
19555,2.664,2.458
19556,2.566,2.458
19557,2.493,2.458
19558,2.488,2.458
19559,2.488,2.458
19560,2.468,2.458
19561,2.483,2.458
19562,2.458,2.458
19563,2.434,2.458
19564,2.419,2.458
19565,2.385,2.458
19566,2.351,2.458
19567,2.322,2.458
19568,2.326,2.458
19569,2.405,2.458
19570,2.527,2.458
19571,2.698,2.458
19572,2.786,2.458
19573,2.805,2.458
19574,2.776,2.458
19575,2.693,2.458
19576,2.610,2.458
19577,2.546,2.458
19578,2.493,2.458
19579,2.434,2.458
19580,2.522,2.458
19581,2.512,2.458
19582,2.517,2.458
19583,2.473,2.458
19584,2.429,2.458
19585,2.395,2.458
19586,2.366,2.458
19587,2.356,2.458
19588,2.346,2.458
19589,2.434,2.458
19590,2.546,2.458
19591,2.737,2.458
19592,2.825,2.458
19593,2.854,2.458
19594,2.835,2.458
19595,2.761,2.458
19596,2.630,2.458
19597,2.542,2.458
19598,2.483,2.458
19599,2.473,2.458
19600,2.478,2.458
19601,2.478,2.458
19602,2.473,2.458
19603,2.429,2.458
19604,2.414,2.458
19605,2.375,2.458
19606,2.351,2.458
19607,2.268,2.458
19608,2.302,2.458
19609,2.312,2.458
19610,2.414,2.458
19611,2.590,2.458
19612,2.747,2.458
19613,2.869,2.458
19614,2.908,2.458
19615,2.849,2.458
19616,2.776,2.458
19617,2.669,2.458
19618,2.586,2.458
19619,2.493,2.458
19620,2.488,2.458
19621,2.478,2.458
19622,2.458,2.458
19623,2.449,2.458
19624,2.424,2.458
19625,2.405,2.458
19626,2.400,2.458
19627,2.385,2.458
19628,2.346,2.458
19629,2.326,2.458
19630,2.312,2.458
19631,2.395,2.458
19632,2.727,2.458
19633,2.810,2.458
19634,2.893,2.458
19635,2.849,2.458
19636,2.771,2.458
19637,2.654,2.458
19638,2.556,2.458
19639,2.478,2.458
19640,2.483,2.458
19641,2.463,2.458
19642,2.444,2.458
19643,2.424,2.458
19644,2.434,2.458
19645,2.429,2.458
19646,2.380,2.458
19647,2.385,2.458
19648,2.390,2.458
19649,2.351,2.458
19650,2.336,2.458
19651,2.414,2.458
19652,2.556,2.458
19653,2.703,2.458
19654,2.757,2.458
19655,2.810,2.458
19656,2.815,2.458
19657,2.722,2.458
19658,2.620,2.458
19659,2.551,2.458
19660,2.493,2.458
19661,2.498,2.458
19662,2.517,2.458
19663,2.458,2.458
19664,2.444,2.458
19665,2.419,2.458
19666,2.366,2.458
19667,2.361,2.458
19668,2.331,2.458
19669,2.312,2.458
19670,2.312,2.458
19671,2.317,2.458
19672,2.410,2.458
19673,2.546,2.458
19674,2.727,2.458
19675,2.874,2.458
19676,2.928,2.458
19677,2.893,2.458
19678,2.796,2.458
19679,2.693,2.458
19680,2.590,2.458
19681,2.517,2.458
19682,2.468,2.458
19683,2.439,2.458
19684,2.449,2.458
19685,2.458,2.458
19686,2.449,2.458
19687,2.414,2.458
19688,2.370,2.458
19689,2.317,2.458
19690,2.283,2.458
19691,2.243,2.458
19692,2.248,2.458
19693,2.258,2.458
19694,2.302,2.458
19695,2.458,2.458
19696,2.664,2.458
19697,2.791,2.458
19698,2.835,2.458
19699,2.801,2.458
19700,2.727,2.458
19701,2.630,2.458
19702,2.522,2.458
19703,2.468,2.458
19704,2.444,2.458
19705,2.444,2.458
19706,2.463,2.458
19707,2.478,2.458
19708,2.434,2.458
19709,2.405,2.458
19710,2.370,2.458
19711,2.326,2.458
19712,2.278,2.458
19713,2.253,2.458
19714,2.239,2.458
19715,2.263,2.458
19716,2.361,2.458
19717,2.542,2.458
19718,2.688,2.458
19719,2.801,2.458
19720,2.820,2.458
19721,2.781,2.458
19722,2.659,2.458
19723,2.537,2.458
19724,2.454,2.458
19725,2.395,2.454
19726,2.405,2.458
19727,2.414,2.454
19728,2.419,2.454
19729,2.395,2.454
19730,2.410,2.454
19731,2.351,2.454
19732,2.307,2.454
19733,2.268,2.454
19734,2.224,2.454
19735,2.214,2.454
19736,2.239,2.454
19737,2.322,2.454
19738,2.483,2.454
19739,2.659,2.454
19740,2.791,2.454
19741,2.835,2.454
19742,2.835,2.454
19743,2.757,2.454
19744,2.620,2.454
19745,2.507,2.454
19746,2.454,2.454
19747,2.429,2.454
19748,2.434,2.454
19749,2.449,2.454
19750,2.424,2.454
19751,2.385,2.449
19752,2.356,2.454
19753,2.317,2.449
19754,2.283,2.454
19755,2.268,2.449
19756,2.234,2.454
19757,2.234,2.454
19758,2.336,2.449
19759,2.507,2.454
19760,2.683,2.449
19761,2.776,2.454
19762,2.805,2.449
19763,2.771,2.449
19764,2.683,2.449
19765,2.581,2.449
19766,2.488,2.449
19767,2.414,2.449
19768,2.424,2.449
19769,2.385,2.449
19770,2.390,2.449
19771,2.395,2.449
19772,2.356,2.444
19773,2.317,2.449
19774,2.287,2.444
19775,2.243,2.449
19776,2.224,2.444
19777,2.214,2.444
19778,2.209,2.444
19779,2.199,2.444
19780,2.214,2.444
19781,2.326,2.444
19782,2.463,2.444
19783,2.654,2.439
19784,2.757,2.444
19785,2.796,2.439
19786,2.761,2.439
19787,2.674,2.439
19788,2.561,2.439
19789,2.473,2.439
19790,2.419,2.439
19791,2.400,2.439
19792,2.405,2.434
19793,2.419,2.434
19794,2.419,2.434
19795,2.390,2.434
19796,2.366,2.434
19797,2.331,2.429
19798,2.292,2.434
19799,2.283,2.429
19800,2.224,2.429
19801,2.214,2.429
19802,2.234,2.429
19803,2.341,2.424
19804,2.498,2.424
19805,2.605,2.424
19806,2.766,2.424
19807,2.771,2.424
19808,2.703,2.419
19809,2.630,2.419
19810,2.507,2.414
19811,2.400,2.419
19812,2.385,2.414
19813,2.390,2.414
19814,2.419,2.414
19815,2.424,2.410
19816,2.434,2.414
19817,2.410,2.410
19818,2.366,2.410
19819,2.341,2.405
19820,2.297,2.405
19821,2.258,2.405
19822,2.229,2.405
19823,2.239,2.400
19824,2.336,2.400
19825,2.493,2.400
19826,2.639,2.395
19827,2.766,2.400
19828,2.791,2.395
19829,2.757,2.395
19830,2.625,2.390
19831,2.522,2.390
19832,2.439,2.390
19833,2.366,2.390
19834,2.370,2.390
19835,2.429,2.385
19836,2.439,2.385
19837,2.410,2.385
19838,2.395,2.385
19839,2.370,2.380
19840,2.351,2.380
19841,2.336,2.380
19842,2.283,2.380
19843,2.263,2.380
19844,2.302,2.375
19845,2.351,2.380
19846,2.468,2.375
19847,2.634,2.375
19848,2.752,2.375
19849,2.796,2.375
19850,2.732,2.375
19851,2.644,2.375
19852,2.571,2.375
19853,2.454,2.370
19854,2.410,2.370
19855,2.395,2.370
19856,2.400,2.370
19857,2.424,2.366
19858,2.419,2.370
19859,2.375,2.366
19860,2.385,2.366
19861,2.356,2.366
19862,2.326,2.366
19863,2.283,2.366
19864,2.253,2.366
19865,2.234,2.366
19866,2.297,2.366
19867,2.395,2.366
19868,2.561,2.366
19869,2.708,2.366
19870,2.761,2.366
19871,2.752,2.366
19872,2.693,2.366
19873,2.571,2.366
19874,2.463,2.366
19875,2.419,2.366
19876,2.395,2.366
19877,2.424,2.366
19878,2.434,2.366
19879,2.444,2.366
19880,2.429,2.366
19881,2.424,2.366
19882,2.380,2.366
19883,2.322,2.366
19884,2.258,2.366
19885,2.278,2.366
19886,2.366,2.366
19887,2.502,2.366
19888,2.649,2.366
19889,2.747,2.366
19890,2.766,2.366
19891,2.727,2.370
19892,2.507,2.366
19893,2.449,2.366
19894,2.424,2.366
19895,2.434,2.366
19896,2.473,2.370
19897,2.463,2.366
19898,2.454,2.370
19899,2.419,2.366
19900,2.375,2.370
19901,2.361,2.370
19902,2.322,2.366
19903,2.336,2.370
19904,2.385,2.366
19905,2.527,2.370
19906,2.678,2.366
19907,2.771,2.370
19908,2.825,2.370
19909,2.786,2.370
19910,2.576,2.370
19911,2.468,2.370
19912,2.444,2.370
19913,2.458,2.370
19914,2.463,2.370
19915,2.483,2.370
19916,2.449,2.370
19917,2.424,2.370
19918,2.405,2.370
19919,2.346,2.370
19920,2.297,2.370
19921,2.302,2.375
19922,2.307,2.370
19923,2.444,2.370
19924,2.634,2.370
19925,2.752,2.370
19926,2.845,2.375
19927,2.810,2.370
19928,2.615,2.375
19929,2.556,2.370
19930,2.478,2.375
19931,2.473,2.375
19932,2.488,2.370
19933,2.478,2.375
19934,2.502,2.370
19935,2.463,2.375
19936,2.458,2.375
19937,2.410,2.375
19938,2.346,2.375
19939,2.317,2.375
19940,2.331,2.375
19941,2.390,2.375
19942,2.527,2.380
19943,2.678,2.375
19944,2.796,2.380
19945,2.815,2.380
19946,2.732,2.375
19947,2.634,2.380
19948,2.542,2.375
19949,2.507,2.380
19950,2.527,2.375
19951,2.522,2.380
19952,2.532,2.380
19953,2.507,2.380
19954,2.449,2.380
19955,2.405,2.380
19956,2.380,2.380
19957,2.370,2.380
19958,2.346,2.380
19959,2.380,2.380
19960,2.493,2.380
19961,2.659,2.380
19962,2.845,2.380
19963,2.923,2.380
19964,2.810,2.380
19965,2.678,2.385
19966,2.571,2.380
19967,2.527,2.385
19968,2.507,2.385
19969,2.542,2.385
19970,2.556,2.385
19971,2.551,2.380
19972,2.502,2.385
19973,2.454,2.385
19974,2.400,2.385
19975,2.370,2.385
19976,2.375,2.385
19977,2.483,2.385
19978,2.644,2.385
19979,2.825,2.385
19980,2.957,2.385
19981,2.913,2.385
19982,2.815,2.385
19983,2.678,2.385
19984,2.576,2.390
19985,2.542,2.385
19986,2.502,2.390
19987,2.551,2.385
19988,2.556,2.390
19989,2.542,2.390
19990,2.502,2.385
19991,2.454,2.390
19992,2.405,2.390
19993,2.395,2.390
19994,2.366,2.385
19995,2.493,2.390
19996,2.678,2.390
19997,2.869,2.390
19998,3.050,2.390
19999,2.981,2.390
20000,2.854,2.390
20001,2.742,2.390
20002,2.625,2.390
20003,2.586,2.390
20004,2.571,2.390
20005,2.571,2.390
20006,2.600,2.390
20007,2.576,2.390
20008,2.522,2.390
20009,2.444,2.390
20010,2.429,2.395
20011,2.375,2.390
20012,2.375,2.390
20013,2.424,2.390
20014,2.595,2.390
20015,2.771,2.395
20016,3.021,2.390
20017,2.937,2.390
20018,2.849,2.390
20019,2.698,2.390
20020,2.581,2.390
20021,2.551,2.390
20022,2.556,2.390
20023,2.566,2.390
20024,2.586,2.390
20025,2.537,2.390
20026,2.478,2.390
20027,2.434,2.390
20028,2.390,2.390
20029,2.370,2.390
20030,2.366,2.385
20031,2.419,2.390
20032,2.561,2.385
20033,2.771,2.385
20034,3.035,2.385
20035,3.006,2.385
20036,2.908,2.385
20037,2.781,2.380
20038,2.664,2.385
20039,2.590,2.380
20040,2.551,2.380
20041,2.566,2.380
20042,2.590,2.380
20043,2.561,2.380
20044,2.537,2.375
20045,2.483,2.380
20046,2.419,2.375
20047,2.351,2.375
20048,2.351,2.375
20049,2.444,2.375
20050,2.605,2.370
20051,3.025,2.370
20052,3.035,2.370
20053,2.981,2.370
20054,2.859,2.370
20055,2.708,2.370
20056,2.590,2.370
20057,2.546,2.370
20058,2.517,2.370
20059,2.566,2.370
20060,2.566,2.366
20061,2.527,2.366
20062,2.468,2.366
20063,2.419,2.366
20064,2.370,2.366
20065,2.341,2.366
20066,2.317,2.366
20067,2.498,2.366
20068,2.678,2.366
20069,3.011,2.366
20070,3.006,2.366
20071,2.903,2.366
20072,2.791,2.366
20073,2.615,2.366
20074,2.551,2.361
20075,2.507,2.366
20076,2.507,2.361
20077,2.517,2.366
20078,2.522,2.361
20079,2.463,2.361
20080,2.410,2.361
20081,2.341,2.361
20082,2.302,2.366
20083,2.263,2.361
20084,2.283,2.366
20085,2.424,2.361
20086,2.644,2.366
20087,2.942,2.366
20088,2.986,2.366
20089,2.869,2.366
20090,2.727,2.361
20091,2.576,2.366
20092,2.537,2.366
20093,2.478,2.366
20094,2.532,2.366
20095,2.542,2.366
20096,2.507,2.366
20097,2.449,2.366
20098,2.405,2.366
20099,2.346,2.366
20100,2.307,2.370
20101,2.278,2.366
20102,2.229,2.370
20103,2.248,2.370
20104,2.923,2.370
20105,2.923,2.370
20106,2.849,2.370
20107,2.737,2.370
20108,2.615,2.370
20109,2.522,2.375
20110,2.498,2.370
20111,2.463,2.375
20112,2.522,2.370
20113,2.532,2.375
20114,2.512,2.375
20115,2.454,2.375
20116,2.414,2.375
20117,2.351,2.375
20118,2.312,2.375
20119,2.278,2.375
20120,2.268,2.375
20121,2.268,2.375
20122,2.395,2.375
20123,2.605,2.375
20124,2.796,2.375
20125,2.908,2.380
20126,2.908,2.375
20127,2.810,2.380
20128,2.683,2.380
20129,2.542,2.380
20130,2.454,2.380
20131,2.414,2.380
20132,2.429,2.380
20133,2.444,2.380
20134,2.444,2.380
20135,2.419,2.380
20136,2.351,2.380
20137,2.317,2.385
20138,2.273,2.380
20139,2.268,2.385
20140,2.253,2.385
20141,2.243,2.380
20142,2.263,2.385
20143,2.351,2.380
20144,2.512,2.385
20145,2.742,2.380
20146,2.884,2.385
20147,2.947,2.385
20148,2.928,2.385
20149,2.825,2.385
20150,2.678,2.385
20151,2.586,2.385
20152,2.488,2.385
20153,2.463,2.385
20154,2.449,2.385
20155,2.458,2.390
20156,2.444,2.385
20157,2.424,2.385
20158,2.419,2.385
20159,2.370,2.385
20160,2.317,2.390
20161,2.287,2.385
20162,2.214,2.390
20163,2.185,2.385
20164,2.199,2.390
20165,2.336,2.385
20166,2.522,2.390
20167,2.722,2.390
20168,2.849,2.390
20169,2.884,2.390
20170,2.835,2.390
20171,2.727,2.390
20172,2.586,2.390
20173,2.473,2.390
20174,2.405,2.390
20175,2.380,2.390
20176,2.410,2.390
20177,2.434,2.390
20178,2.429,2.395
20179,2.405,2.390
20180,2.356,2.395
20181,2.283,2.390
20182,2.248,2.395
20183,2.175,2.390
20184,2.175,2.395
20185,2.175,2.395
20186,2.209,2.395
20187,2.287,2.395
20188,2.454,2.395
20189,2.639,2.395
20190,2.796,2.395
20191,2.776,2.395
20192,2.805,2.395
20193,2.727,2.395
20194,2.595,2.395
20195,2.483,2.395
20196,2.414,2.395
20197,2.395,2.395
20198,2.370,2.395
20199,2.429,2.395
20200,2.444,2.395
20201,2.410,2.395
20202,2.370,2.395
20203,2.331,2.395
20204,2.258,2.395
20205,2.253,2.400
20206,2.224,2.395
20207,2.209,2.400
20208,2.219,2.395
20209,2.370,2.400
20210,2.546,2.395
20211,2.722,2.400
20212,2.820,2.395
20213,2.854,2.400
20214,2.796,2.400
20215,2.664,2.400
20216,2.571,2.400
20217,2.458,2.400
20218,2.405,2.400
20219,2.405,2.400
20220,2.414,2.400
20221,2.424,2.400
20222,2.410,2.400
20223,2.395,2.400
20224,2.356,2.400
20225,2.312,2.400
20226,2.326,2.400
20227,2.292,2.400
20228,2.263,2.400
20229,2.239,2.400
20230,2.307,2.400
20231,2.463,2.400
20232,2.630,2.400
20233,2.835,2.400
20234,2.918,2.400
20235,2.898,2.400
20236,2.801,2.405
20237,2.669,2.400
20238,2.537,2.405
20239,2.395,2.400
20240,2.400,2.405
20241,2.410,2.405
20242,2.429,2.400
20243,2.449,2.405
20244,2.410,2.400
20245,2.390,2.405
20246,2.375,2.400
20247,2.331,2.405
20248,2.283,2.405
20249,2.219,2.405
20250,2.170,2.405
20251,2.258,2.405
20252,2.424,2.405
20253,2.615,2.405
20254,2.786,2.405
20255,2.869,2.405
20256,2.845,2.405
20257,2.752,2.405
20258,2.615,2.405
20259,2.458,2.405
20260,2.419,2.405
20261,2.434,2.410
20262,2.463,2.405
20263,2.439,2.405
20264,2.429,2.405
20265,2.400,2.405
20266,2.366,2.405
20267,2.307,2.405
20268,2.273,2.405
20269,2.229,2.405
20270,2.204,2.405
20271,2.297,2.405
20272,2.414,2.405
20273,2.639,2.405
20274,2.796,2.405
20275,2.879,2.405
20276,2.835,2.405
20277,2.761,2.405
20278,2.625,2.400
20279,2.517,2.405
20280,2.434,2.400
20281,2.419,2.405
20282,2.444,2.400
20283,2.444,2.400
20284,2.458,2.400
20285,2.429,2.400
20286,2.380,2.405
20287,2.366,2.400
20288,2.297,2.400
20289,2.253,2.400
20290,2.239,2.400
20291,2.263,2.400
20292,2.307,2.395
20293,2.532,2.400
20294,2.713,2.395
20295,2.864,2.400
20296,2.928,2.395
20297,2.893,2.395
20298,2.796,2.395
20299,2.659,2.395
20300,2.522,2.395
20301,2.493,2.395
20302,2.483,2.395
20303,2.478,2.395
20304,2.498,2.395
20305,2.483,2.395
20306,2.458,2.395
20307,2.419,2.395
20308,2.395,2.390
20309,2.361,2.395
20310,2.322,2.390
20311,2.273,2.395
20312,2.273,2.390
20313,2.312,2.395
20314,2.444,2.390
20315,2.659,2.395
20316,2.830,2.390
20317,2.918,2.390
20318,2.923,2.390
20319,2.835,2.390
20320,2.732,2.390
20321,2.610,2.390
20322,2.527,2.390
20323,2.478,2.390
20324,2.463,2.390
20325,2.483,2.390
20326,2.468,2.390
20327,2.473,2.390
20328,2.424,2.390
20329,2.385,2.395
20330,2.351,2.390
20331,2.322,2.390
20332,2.283,2.390
20333,2.273,2.390
20334,2.263,2.390
20335,2.326,2.390
20336,2.488,2.395
20337,2.664,2.390
20338,2.835,2.395
20339,2.898,2.390
20340,2.879,2.395
20341,2.771,2.395
20342,2.649,2.395
20343,2.546,2.390
20344,2.488,2.395
20345,2.478,2.395
20346,2.502,2.390
20347,2.512,2.395
20348,2.502,2.390
20349,2.493,2.395
20350,2.424,2.395
20351,2.414,2.395
20352,2.375,2.395
20353,2.341,2.395
20354,2.278,2.395
20355,2.283,2.395
20356,2.307,2.395
20357,2.439,2.395
20358,2.654,2.395
20359,2.845,2.395
20360,2.923,2.395
20361,2.884,2.395
20362,2.796,2.395
20363,2.669,2.395
20364,2.546,2.395
20365,2.458,2.400
20366,2.449,2.400
20367,2.414,2.400
20368,2.449,2.400
20369,2.463,2.400
20370,2.434,2.400
20371,2.419,2.400
20372,2.385,2.400
20373,2.351,2.400
20374,2.297,2.400
20375,2.263,2.400
20376,2.253,2.400
20377,2.292,2.400
20378,2.439,2.400
20379,2.625,2.400
20380,2.791,2.400
20381,2.928,2.400
20382,2.928,2.400
20383,2.849,2.400
20384,2.771,2.400
20385,2.625,2.405
20386,2.478,2.405
20387,2.434,2.400
20388,2.439,2.405
20389,2.458,2.400
20390,2.468,2.405
20391,2.454,2.405
20392,2.410,2.405
20393,2.356,2.405
20394,2.292,2.405
20395,2.258,2.405
20396,2.253,2.405
20397,2.224,2.405
20398,2.273,2.405
20399,2.395,2.405
20400,2.590,2.405
20401,2.757,2.405
20402,2.835,2.405
20403,2.849,2.405
20404,2.781,2.405
20405,2.693,2.405
20406,2.571,2.405
20407,2.473,2.405
20408,2.424,2.405
20409,2.439,2.405
20410,2.468,2.405
20411,2.458,2.410
20412,2.424,2.405
20413,2.410,2.410
20414,2.380,2.405
20415,2.326,2.410
20416,2.302,2.405
20417,2.268,2.405
20418,2.243,2.410
20419,2.253,2.405
20420,2.307,2.410
20421,2.454,2.405
20422,2.654,2.410
20423,2.815,2.405
20424,2.874,2.410
20425,2.864,2.405
20426,2.766,2.410
20427,2.634,2.410
20428,2.522,2.410
20429,2.434,2.410
20430,2.410,2.405
20431,2.434,2.410
20432,2.458,2.405
20433,2.458,2.410
20434,2.434,2.410
20435,2.410,2.405
20436,2.361,2.410
20437,2.331,2.405
20438,2.278,2.410
20439,2.258,2.405
20440,2.253,2.405
20441,2.283,2.405
20442,2.410,2.405
20443,2.659,2.405
20444,2.825,2.405
20445,2.879,2.405
20446,2.864,2.405
20447,2.796,2.405
20448,2.639,2.405
20449,2.512,2.400
20450,2.454,2.400
20451,2.400,2.400
20452,2.449,2.400
20453,2.454,2.400
20454,2.468,2.400
20455,2.449,2.400
20456,2.414,2.400
20457,2.370,2.400
20458,2.346,2.400
20459,2.312,2.395
20460,2.273,2.400
20461,2.229,2.395
20462,2.253,2.395
20463,2.361,2.395
20464,2.537,2.395
20465,2.717,2.395
20466,2.840,2.395
20467,2.889,2.395
20468,2.830,2.395
20469,2.737,2.395
20470,2.600,2.395
20471,2.468,2.390
20472,2.395,2.395
20473,2.400,2.390
20474,2.424,2.390
20475,2.488,2.390
20476,2.463,2.390
20477,2.439,2.390
20478,2.405,2.390
20479,2.317,2.390
20480,2.278,2.390
20481,2.219,2.385
20482,2.214,2.385
20483,2.209,2.385
20484,2.278,2.385
20485,2.468,2.385
20486,2.659,2.385
20487,2.791,2.385
20488,2.835,2.385
20489,2.810,2.385
20490,2.752,2.385
20491,2.634,2.385
20492,2.522,2.385
20493,2.454,2.385
20494,2.419,2.380
20495,2.468,2.385
20496,2.502,2.380
20497,2.493,2.380
20498,2.444,2.380
20499,2.395,2.380
20500,2.370,2.380
20501,2.366,2.380
20502,2.341,2.380
20503,2.322,2.380
20504,2.331,2.380
20505,2.385,2.380
20506,2.551,2.380
20507,2.722,2.380
20508,2.849,2.380
20509,2.874,2.380
20510,2.835,2.380
20511,2.742,2.380
20512,2.561,2.380
20513,2.522,2.380
20514,2.449,2.380
20515,2.488,2.380
20516,2.454,2.380
20517,2.483,2.380
20518,2.478,2.380
20519,2.458,2.380
20520,2.395,2.380
20521,2.366,2.380
20522,2.336,2.380
20523,2.322,2.380
20524,2.302,2.380
20525,2.351,2.380
20526,2.507,2.380
20527,2.698,2.380
20528,2.859,2.380
20529,2.942,2.380
20530,2.918,2.385
20531,2.854,2.380
20532,2.766,2.385
20533,2.649,2.385
20534,2.581,2.385
20535,2.561,2.385
20536,2.581,2.385
20537,2.546,2.385
20538,2.517,2.385
20539,2.502,2.385
20540,2.468,2.385
20541,2.419,2.385
20542,2.375,2.385
20543,2.356,2.385
20544,2.278,2.385
20545,2.297,2.385
20546,2.292,2.385
20547,2.390,2.385
20548,2.600,2.385
20549,2.766,2.385
20550,2.908,2.385
