timestamp,PPG_signal,GSR_signal
1,4.453,0.821
2,4.453,0.816
3,4.453,0.811
4,4.453,0.811
5,4.453,0.806
6,4.453,0.806
7,4.453,0.802
8,4.453,0.802
9,4.453,0.797
10,4.453,0.797
11,4.453,0.792
12,4.453,0.792
13,4.453,0.787
14,4.453,0.787
15,4.453,0.787
16,4.453,0.782
17,4.453,0.782
18,4.453,0.782
19,4.453,0.782
20,4.453,0.782
21,4.453,0.782
22,4.453,0.782
23,4.453,0.782
24,4.453,0.777
25,4.453,0.777
26,4.453,0.777
27,4.453,0.777
28,4.453,0.777
29,4.453,0.782
30,4.453,0.782
31,4.453,0.782
32,4.453,0.782
33,4.453,0.787
34,4.453,0.787
35,4.453,0.787
36,4.453,0.792
37,4.453,0.792
38,4.453,0.792
39,4.453,0.797
40,4.453,0.797
41,4.453,0.802
42,4.453,0.802
43,4.453,0.806
44,4.453,0.806
45,4.453,0.811
46,4.453,0.811
47,4.453,0.816
48,4.453,0.816
49,4.453,0.821
50,4.453,0.821
51,4.453,0.826
52,4.453,0.826
53,4.453,0.831
54,4.453,0.831
55,4.453,0.836
56,4.453,0.836
57,4.453,0.841
58,4.453,0.841
59,4.453,0.846
60,4.453,0.846
61,4.453,0.850
62,4.453,0.850
63,4.453,0.850
64,4.453,0.855
65,4.453,0.855
66,4.453,0.860
67,4.453,0.860
68,4.453,0.860
69,4.453,0.860
70,4.453,0.865
71,4.453,0.865
72,4.453,0.865
73,4.453,0.865
74,4.453,0.865
75,4.453,0.865
76,4.453,0.865
77,4.453,0.870
78,4.453,0.870
79,4.453,0.870
80,4.453,0.865
81,4.453,0.865
82,4.453,0.865
83,4.453,0.865
84,4.453,0.865
85,4.453,0.865
86,4.453,0.865
87,4.453,0.865
88,4.453,0.865
89,4.453,0.865
90,3.284,0.865
91,2.576,0.865
92,2.336,0.865
93,2.380,0.860
94,2.507,0.860
95,2.605,0.860
96,2.644,0.860
97,2.630,0.860
98,2.595,0.860
99,2.566,0.860
100,2.586,0.860
101,2.674,0.860
102,2.761,0.860
103,2.791,0.860
104,2.791,0.855
105,2.761,0.860
106,2.708,0.860
107,2.664,0.860
108,2.644,0.860
109,2.644,0.860
110,2.630,0.860
111,2.615,0.860
112,2.600,0.860
113,2.581,0.860
114,2.561,0.860
115,2.537,0.860
116,2.522,0.860
117,2.512,0.860
118,2.551,0.860
119,2.639,0.860
120,2.717,0.860
121,2.742,0.865
122,2.732,0.865
123,2.698,0.865
124,2.649,0.865
125,2.605,0.865
126,2.590,0.870
127,2.590,0.870
128,2.581,0.870
129,2.576,0.870
130,2.556,0.870
131,2.537,0.870
132,2.517,0.870
133,2.488,0.870
134,2.473,0.870
135,2.463,0.870
136,2.458,0.870
137,2.512,0.870
138,2.595,0.870
139,2.654,0.870
140,2.664,0.870
141,2.644,0.870
142,2.595,0.870
143,2.551,0.870
144,2.522,0.870
145,2.522,0.865
146,2.517,0.865
147,2.512,0.865
148,2.502,0.865
149,2.488,0.865
150,2.463,0.865
151,2.444,0.865
152,2.434,0.860
153,2.419,0.860
154,2.410,0.860
155,2.405,0.860
156,2.410,0.860
157,2.454,0.860
158,2.517,0.855
159,2.551,0.855
160,2.556,0.855
161,2.532,0.855
162,2.502,0.855
163,2.463,0.855
164,2.444,0.855
165,2.449,0.855
166,2.454,0.855
167,2.444,0.855
168,2.429,0.855
169,2.419,0.855
170,2.414,0.855
171,2.395,0.855
172,2.395,0.855
173,2.390,0.855
174,2.385,0.855
175,2.375,0.855
176,2.390,0.855
177,2.419,0.855
178,2.463,0.860
179,2.488,0.860
180,2.483,0.860
181,2.458,0.860
182,2.429,0.860
183,2.400,0.860
184,2.395,0.860
185,2.390,0.865
186,2.400,0.865
187,2.395,0.865
188,2.385,0.865
189,2.380,0.870
190,2.375,0.870
191,2.375,0.870
192,2.380,0.875
193,2.380,0.875
194,2.375,0.875
195,2.385,0.875
196,2.414,0.880
197,2.439,0.880
198,2.444,0.880
199,2.439,0.885
200,2.424,0.885
201,2.414,0.885
202,2.410,0.885
203,2.410,0.890
204,2.414,0.890
205,2.419,0.890
206,2.419,0.894
207,2.414,0.894
208,2.414,0.894
209,2.410,0.899
210,2.405,0.899
211,2.395,0.899
212,2.385,0.899
213,2.390,0.904
214,2.424,0.904
215,2.454,0.904
216,2.473,0.909
217,2.478,0.909
218,2.463,0.909
219,2.454,0.909
220,2.434,0.914
221,2.419,0.914
222,2.419,0.914
223,2.429,0.919
224,2.429,0.919
225,2.419,0.919
226,2.410,0.919
227,2.405,0.924
228,2.400,0.924
229,2.395,0.924
230,2.395,0.924
231,2.385,0.924
232,2.390,0.929
233,2.429,0.929
234,2.478,0.929
235,2.512,0.929
236,2.517,0.934
237,2.507,0.934
238,2.478,0.934
239,2.449,0.934
240,2.429,0.938
241,2.429,0.938
242,2.449,0.938
243,2.454,0.938
244,2.449,0.943
245,2.444,0.943
246,2.434,0.943
247,2.429,0.943
248,2.429,0.943
249,2.429,0.948
250,2.419,0.948
251,2.414,0.948
252,2.414,0.948
253,2.429,0.948
254,2.488,0.948
255,2.537,0.953
256,2.542,0.953
257,2.527,0.953
258,2.517,0.953
259,2.498,0.953
260,2.488,0.958
261,2.488,0.958
262,2.493,0.958
263,2.498,0.958
264,2.488,0.958
265,2.478,0.958
266,2.463,0.958
267,2.463,0.963
268,2.458,0.963
269,2.444,0.963
270,2.439,0.963
271,2.434,0.963
272,2.444,0.963
273,2.463,0.963
274,2.517,0.963
275,2.576,0.963
276,2.610,0.968
277,2.610,0.963
278,2.595,0.963
279,2.576,0.963
280,2.546,0.963
281,2.532,0.963
282,2.532,0.963
283,2.542,0.963
284,2.537,0.963
285,2.532,0.963
286,2.522,0.963
287,2.502,0.963
288,2.488,0.958
289,2.483,0.958
290,2.473,0.958
291,2.463,0.958
292,2.449,0.958
293,2.454,0.958
294,2.556,0.953
295,2.654,0.953
296,2.698,0.953
297,2.698,0.953
298,2.669,0.953
299,2.639,0.948
300,2.595,0.948
301,2.576,0.948
302,2.586,0.948
303,2.586,0.948
304,2.581,0.948
305,2.561,0.948
306,2.542,0.948
307,2.527,0.948
308,2.517,0.948
309,2.502,0.943
310,2.493,0.943
311,2.478,0.948
312,2.478,0.943
313,2.532,0.943
314,2.634,0.943
315,2.717,0.943
316,2.747,0.943
317,2.722,0.943
318,2.674,0.943
319,2.620,0.943
320,2.590,0.943
321,2.586,0.943
322,2.595,0.948
323,2.605,0.948
324,2.590,0.948
325,2.571,0.948
326,2.546,0.948
327,2.517,0.948
328,2.507,0.948
329,2.483,0.948
330,2.478,0.948
331,2.473,0.948
332,2.546,0.948
333,2.664,0.948
334,2.757,0.953
335,2.796,0.953
336,2.771,0.953
337,2.727,0.953
338,2.659,0.953
339,2.615,0.953
340,2.605,0.953
341,2.615,0.958
342,2.615,0.958
343,2.615,0.958
344,2.590,0.958
345,2.571,0.958
346,2.546,0.958
347,2.532,0.958
348,2.517,0.963
349,2.498,0.963
350,2.488,0.963
351,2.522,0.963
352,2.630,0.963
353,2.757,0.963
354,2.825,0.968
355,2.825,0.968
356,2.776,0.968
357,2.717,0.968
358,2.674,0.968
359,2.649,0.973
360,2.654,0.973
361,2.659,0.973
362,2.659,0.973
363,2.639,0.973
364,2.605,0.973
365,2.581,0.978
366,2.556,0.978
367,2.542,0.978
368,2.522,0.978
369,2.512,0.978
370,2.532,0.978
371,2.639,0.978
372,2.761,0.978
373,2.845,0.982
374,2.859,0.982
375,2.830,0.982
376,2.786,0.982
377,2.732,0.982
378,2.693,0.982
379,2.678,0.982
380,2.678,0.987
381,2.674,0.987
382,2.649,0.987
383,2.634,0.987
384,2.605,0.987
385,2.576,0.987
386,2.566,0.987
387,2.546,0.987
388,2.527,0.992
389,2.517,0.992
390,2.551,0.992
391,2.688,0.992
392,2.805,0.992
393,2.859,0.992
394,2.849,0.992
395,2.815,0.992
396,2.752,0.997
397,2.693,0.997
398,2.674,0.997
399,2.683,0.997
400,2.688,0.997
401,2.678,0.997
402,2.654,0.997
403,2.630,1.002
404,2.605,1.002
405,2.581,1.002
406,2.556,1.002
407,2.537,1.002
408,2.522,1.002
409,2.556,1.002
410,2.659,1.002
411,2.781,1.007
412,2.845,1.007
413,2.849,1.007
414,2.815,1.007
415,2.737,1.007
416,2.693,1.007
417,2.688,1.007
418,2.693,1.007
419,2.688,1.007
420,2.674,1.012
421,2.639,1.012
422,2.595,1.012
423,2.581,1.012
424,2.561,1.012
425,2.537,1.012
426,2.507,1.012
427,2.483,1.012
428,2.488,1.012
429,2.576,1.012
430,2.703,1.017
431,2.805,1.017
432,2.849,1.017
433,2.825,1.017
434,2.781,1.017
435,2.727,1.017
436,2.703,1.017
437,2.693,1.017
438,2.688,1.017
439,2.678,1.017
440,2.654,1.017
441,2.625,1.017
442,2.586,1.017
443,2.546,1.022
444,2.537,1.022
445,2.517,1.022
446,2.493,1.022
447,2.478,1.022
448,2.458,1.022
449,2.488,1.022
450,2.600,1.022
451,2.722,1.022
452,2.796,1.022
453,2.801,1.022
454,2.761,1.022
455,2.703,1.022
456,2.639,1.022
457,2.600,1.022
458,2.595,1.022
459,2.586,1.022
460,2.571,1.022
461,2.546,1.022
462,2.522,1.017
463,2.498,1.017
464,2.483,1.017
465,2.468,1.017
466,2.454,1.012
467,2.439,1.012
468,2.424,1.012
469,2.434,1.012
470,2.522,1.007
471,2.634,1.007
472,2.708,1.002
473,2.717,1.002
474,2.683,1.002
475,2.630,0.997
476,2.551,0.997
477,2.537,0.997
478,2.546,0.992
479,2.546,0.992
480,2.532,0.992
481,2.512,0.987
482,2.478,0.987
483,2.458,0.982
484,2.439,0.982
485,2.419,0.982
486,2.400,0.982
487,2.390,0.978
488,2.385,0.978
489,2.419,0.978
490,2.527,0.978
491,2.630,0.973
492,2.678,0.973
493,2.669,0.973
494,2.625,0.973
495,2.566,0.973
496,2.507,0.968
497,2.483,0.968
498,2.478,0.968
499,2.483,0.968
500,2.473,0.968
501,2.454,0.968
502,2.439,0.968
503,2.419,0.968
504,2.400,0.968
505,2.380,0.968
506,2.385,0.968
507,2.385,0.968
508,2.400,0.968
509,2.458,0.963
510,2.556,0.968
511,2.625,0.963
512,2.634,0.968
513,2.615,0.968
514,2.576,0.968
515,2.522,0.968
516,2.483,0.968
517,2.473,0.968
518,2.478,0.968
519,2.483,0.968
520,2.463,0.968
521,2.444,0.968
522,2.419,0.968
523,2.395,0.968
524,2.380,0.968
525,2.366,0.968
526,2.351,0.968
527,2.341,0.968
528,2.341,0.968
529,2.390,0.973
530,2.502,0.973
531,2.581,0.973
532,2.610,0.973
533,2.586,0.973
534,2.551,0.973
535,2.493,0.973
536,2.449,0.973
537,2.419,0.973
538,2.449,0.973
539,2.454,0.973
540,2.439,0.978
541,2.414,0.978
542,2.390,0.978
543,2.380,0.978
544,2.370,0.978
545,2.356,0.978
546,2.341,0.978
547,2.326,0.978
548,2.326,0.978
549,2.356,0.978
550,2.444,0.982
551,2.532,0.982
552,2.571,0.982
553,2.556,0.982
554,2.517,0.982
555,2.473,0.982
556,2.434,0.982
557,2.419,0.982
558,2.424,0.982
559,2.424,0.987
560,2.419,0.987
561,2.405,0.987
562,2.385,0.987
563,2.370,0.987
564,2.361,0.987
565,2.351,0.987
566,2.341,0.987
567,2.331,0.987
568,2.317,0.992
569,2.322,0.992
570,2.366,0.992
571,2.458,0.992
572,2.532,0.992
573,2.556,0.992
574,2.532,0.992
575,2.488,0.997
576,2.444,0.997
577,2.414,0.997
578,2.405,0.997
579,2.419,0.997
580,2.429,0.997
581,2.429,0.997
582,2.414,0.997
583,2.395,1.002
584,2.380,1.002
585,2.366,1.002
586,2.356,1.002
587,2.356,1.002
588,2.351,1.002
589,2.351,1.002
590,2.346,1.007
591,2.375,1.002
592,2.458,1.007
593,2.537,1.007
594,2.561,1.007
595,2.542,1.007
596,2.507,1.007
597,2.468,1.007
598,2.419,1.012
599,2.424,1.012
600,2.439,1.012
601,2.439,1.012
602,2.419,1.012
603,2.405,1.012
604,2.390,1.012
605,2.380,1.012
606,2.375,1.012
607,2.370,1.017
608,2.366,1.017
609,2.356,1.017
610,2.356,1.017
611,2.361,1.017
612,2.424,1.017
613,2.512,1.017
614,2.561,1.017
615,2.566,1.017
616,2.542,1.022
617,2.502,1.022
618,2.454,1.022
619,2.429,1.022
620,2.439,1.022
621,2.454,1.022
622,2.458,1.022
623,2.449,1.022
624,2.434,1.022
625,2.424,1.022
626,2.405,1.026
627,2.395,1.026
628,2.380,1.026
629,2.370,1.026
630,2.366,1.026
631,2.361,1.026
632,2.385,1.026
633,2.468,1.026
634,2.576,1.026
635,2.625,1.026
636,2.625,1.026
637,2.581,1.031
638,2.537,1.031
639,2.488,1.031
640,2.468,1.031
641,2.473,1.031
642,2.488,1.031
643,2.502,1.031
644,2.498,1.031
645,2.488,1.031
646,2.468,1.031
647,2.454,1.031
648,2.434,1.036
649,2.424,1.036
650,2.419,1.036
651,2.405,1.036
652,2.410,1.036
653,2.468,1.036
654,2.576,1.036
655,2.659,1.036
656,2.678,1.036
657,2.659,1.036
658,2.620,1.036
659,2.576,1.036
660,2.537,1.041
661,2.556,1.041
662,2.571,1.041
663,2.566,1.041
664,2.542,1.041
665,2.512,1.041
666,2.488,1.041
667,2.478,1.041
668,2.478,1.041
669,2.463,1.041
670,2.449,1.041
671,2.434,1.041
672,2.429,1.041
673,2.498,1.041
674,2.630,1.046
675,2.747,1.046
676,2.801,1.046
677,2.781,1.046
678,2.737,1.046
679,2.683,1.046
680,2.625,1.046
681,2.600,1.046
682,2.600,1.046
683,2.610,1.046
684,2.610,1.046
685,2.590,1.046
686,2.566,1.046
687,2.542,1.046
688,2.522,1.051
689,2.502,1.051
690,2.483,1.051
691,2.468,1.051
692,2.458,1.051
693,2.449,1.051
694,2.522,1.051
695,2.693,1.051
696,2.815,1.051
697,2.840,1.051
698,2.805,1.051
699,2.737,1.051
700,2.669,1.051
701,2.615,1.051
702,2.610,1.051
703,2.615,1.056
704,2.615,1.056
705,2.605,1.056
706,2.586,1.056
707,2.551,1.056
708,2.527,1.056
709,2.512,1.056
710,2.493,1.056
711,2.473,1.056
712,2.449,1.056
713,2.439,1.056
714,2.429,1.056
715,2.473,1.056
716,2.600,1.056
717,2.747,1.056
718,2.815,1.056
719,2.810,1.056
720,2.761,1.056
721,2.664,1.061
722,2.615,1.056
723,2.586,1.056
724,2.600,1.061
725,2.605,1.061
726,2.586,1.061
727,2.556,1.061
728,2.522,1.061
729,2.498,1.061
730,2.488,1.061
731,2.483,1.061
732,2.473,1.061
733,2.468,1.061
734,2.449,1.061
735,2.483,1.061
736,2.595,1.061
737,2.717,1.061
738,2.791,1.061
739,2.776,1.061
740,2.722,1.065
741,2.659,1.065
742,2.600,1.065
743,2.571,1.065
744,2.576,1.065
745,2.586,1.065
746,2.581,1.065
747,2.561,1.065
748,2.527,1.065
749,2.498,1.065
750,2.463,1.065
751,2.454,1.065
752,2.439,1.065
753,2.419,1.065
754,2.419,1.065
755,2.429,1.065
756,2.527,1.070
757,2.664,1.070
758,2.752,1.070
759,2.757,1.070
760,2.717,1.070
761,2.659,1.070
762,2.590,1.070
763,2.551,1.070
764,2.546,1.070
765,2.551,1.070
766,2.551,1.070
767,2.532,1.070
768,2.507,1.070
769,2.488,1.070
770,2.468,1.070
771,2.449,1.070
772,2.434,1.070
773,2.419,1.070
774,2.414,1.070
775,2.410,1.075
776,2.449,1.075
777,2.561,1.075
778,2.674,1.075
779,2.727,1.075
780,2.717,1.075
781,2.664,1.075
782,2.581,1.075
783,2.546,1.075
784,2.546,1.075
785,2.546,1.075
786,2.542,1.075
787,2.522,1.075
788,2.488,1.075
789,2.458,1.075
790,2.439,1.075
791,2.424,1.080
792,2.414,1.080
793,2.400,1.080
794,2.390,1.080
795,2.380,1.080
796,2.400,1.080
797,2.488,1.080
798,2.600,1.080
799,2.669,1.080
800,2.669,1.080
801,2.630,1.080
802,2.576,1.080
803,2.517,1.080
804,2.478,1.080
805,2.478,1.080
806,2.493,1.080
807,2.493,1.080
808,2.488,1.080
809,2.468,1.085
810,2.449,1.085
811,2.434,1.085
812,2.414,1.085
813,2.400,1.085
814,2.405,1.085
815,2.405,1.085
816,2.444,1.085
817,2.537,1.085
818,2.625,1.085
819,2.654,1.085
820,2.620,1.085
821,2.566,1.085
822,2.527,1.085
823,2.493,1.085
824,2.488,1.085
825,2.498,1.085
826,2.507,1.085
827,2.498,1.085
828,2.478,1.085
829,2.454,1.090
830,2.434,1.090
831,2.424,1.085
832,2.414,1.090
833,2.400,1.090
834,2.395,1.090
835,2.434,1.090
836,2.537,1.090
837,2.630,1.090
838,2.664,1.090
839,2.654,1.090
840,2.615,1.090
841,2.561,1.090
842,2.517,1.090
843,2.502,1.090
844,2.532,1.090
845,2.527,1.090
846,2.498,1.095
847,2.463,1.090
848,2.444,1.090
849,2.424,1.095
850,2.414,1.090
851,2.405,1.095
852,2.405,1.095
853,2.400,1.095
854,2.439,1.095
855,2.532,1.095
856,2.615,1.095
857,2.649,1.095
858,2.644,1.095
859,2.615,1.095
860,2.571,1.095
861,2.527,1.095
862,2.512,1.095
863,2.512,1.095
864,2.517,1.095
865,2.502,1.095
866,2.493,1.095
867,2.463,1.095
868,2.449,1.095
869,2.434,1.095
870,2.429,1.095
871,2.419,1.095
872,2.414,1.090
873,2.410,1.090
874,2.488,1.090
875,2.590,1.090
876,2.649,1.085
877,2.649,1.085
878,2.620,1.085
879,2.576,1.080
880,2.527,1.080
881,2.507,1.075
882,2.502,1.075
883,2.502,1.070
884,2.502,1.070
885,2.498,1.065
886,2.483,1.065
887,2.468,1.061
888,2.449,1.056
889,2.439,1.056
890,2.429,1.051
891,2.424,1.046
892,2.419,1.046
893,2.454,1.041
894,2.532,1.041
895,2.610,1.036
896,2.634,1.031
897,2.615,1.031
898,2.576,1.026
899,2.537,1.026
900,2.512,1.022
901,2.498,1.022
902,2.502,1.017
903,2.493,1.017
904,2.498,1.012
905,2.493,1.012
906,2.468,1.007
907,2.449,1.007
908,2.429,1.007
909,2.414,1.002
910,2.410,1.002
911,2.400,1.002
912,2.424,0.997
913,2.493,0.997
914,2.581,0.997
915,2.605,0.997
916,2.605,0.997
917,2.571,0.992
918,2.527,0.992
919,2.488,0.992
920,2.483,0.992
921,2.483,0.987
922,2.483,0.987
923,2.483,0.987
924,2.478,0.987
925,2.463,0.987
926,2.444,0.987
927,2.434,0.987
928,2.424,0.987
929,2.414,0.987
930,2.414,0.987
931,2.454,0.987
932,2.527,0.987
933,2.590,0.987
934,2.600,0.987
935,2.590,0.987
936,2.556,0.987
937,2.512,0.987
938,2.478,0.987
939,2.473,0.987
940,2.483,0.987
941,2.483,0.987
942,2.473,0.987
943,2.458,0.992
944,2.449,0.992
945,2.434,0.992
946,2.414,0.992
947,2.405,0.992
948,2.419,0.992
949,2.429,0.997
950,2.493,0.997
951,2.561,0.997
952,2.615,0.997
953,2.620,0.997
954,2.590,0.997
955,2.556,0.997
956,2.527,1.002
957,2.502,1.002
958,2.502,1.002
959,2.507,1.002
960,2.502,1.002
961,2.493,1.007
962,2.473,1.007
963,2.458,1.007
964,2.444,1.007
965,2.449,1.007
966,2.449,1.012
967,2.444,1.012
968,2.449,1.012
969,2.507,1.012
970,2.590,1.012
971,2.634,1.012
972,2.634,1.012
973,2.620,1.012
974,2.581,1.012
975,2.537,1.012
976,2.517,1.012
977,2.522,1.012
978,2.527,1.012
979,2.532,1.012
980,2.517,1.007
981,2.502,1.007
982,2.483,1.007
983,2.468,1.002
984,2.463,1.002
985,2.454,1.002
986,2.444,0.997
987,2.439,0.997
988,2.473,0.992
989,2.556,0.987
990,2.634,0.987
991,2.678,0.982
992,2.674,0.978
993,2.634,0.978
994,2.586,0.973
995,2.566,0.968
996,2.546,0.968
997,2.542,0.963
998,2.542,0.958
999,2.532,0.958
1000,2.527,0.953
1001,2.512,0.948
1002,2.493,0.943
1003,2.478,0.943
1004,2.463,0.938
1005,2.454,0.934
1006,2.454,0.929
1007,2.458,0.929
1008,2.512,0.924
1009,2.590,0.919
1010,2.674,0.919
1011,2.688,0.914
1012,2.664,0.909
1013,2.620,0.909
1014,2.576,0.904
1015,2.551,0.904
1016,2.551,0.899
1017,2.556,0.899
1018,2.556,0.894
1019,2.546,0.894
1020,2.522,0.890
1021,2.507,0.890
1022,2.488,0.890
1023,2.463,0.885
1024,2.468,0.885
1025,2.463,0.885
1026,2.493,0.880
1027,2.595,0.880
1028,2.688,0.880
1029,2.717,0.880
1030,2.698,0.880
1031,2.649,0.880
1032,2.590,0.875
1033,2.566,0.875
1034,2.556,0.875
1035,2.566,0.875
1036,2.566,0.875
1037,2.561,0.875
1038,2.542,0.875
1039,2.512,0.880
1040,2.493,0.880
1041,2.483,0.880
1042,2.473,0.880
1043,2.454,0.880
1044,2.444,0.880
1045,2.478,0.885
1046,2.581,0.885
1047,2.683,0.885
1048,2.727,0.885
1049,2.722,0.885
1050,2.678,0.885
1051,2.610,0.890
1052,2.586,0.890
1053,2.576,0.890
1054,2.581,0.894
1055,2.576,0.894
1056,2.566,0.894
1057,2.546,0.894
1058,2.527,0.899
1059,2.507,0.899
1060,2.488,0.899
1061,2.473,0.904
1062,2.458,0.904
1063,2.444,0.904
1064,2.458,0.909
1065,2.532,0.909
1066,2.634,0.909
1067,2.708,0.914
1068,2.717,0.914
1069,2.683,0.914
1070,2.634,0.919
1071,2.576,0.919
1072,2.527,0.919
1073,2.532,0.924
1074,2.556,0.924
1075,2.556,0.924
1076,2.537,0.929
1077,2.507,0.929
1078,2.478,0.929
1079,2.454,0.934
1080,2.444,0.934
1081,2.434,0.934
1082,2.429,0.938
1083,2.449,0.938
1084,2.532,0.938
1085,2.625,0.943
1086,2.674,0.943
1087,2.630,0.948
1088,2.620,0.948
1089,2.561,0.948
1090,2.512,0.948
1091,2.498,0.953
1092,2.502,0.953
1093,2.512,0.958
1094,2.502,0.958
1095,2.478,0.958
1096,2.454,0.963
1097,2.439,0.963
1098,2.429,0.963
1099,2.419,0.968
1100,2.410,0.968
1101,2.429,0.973
1102,2.507,0.973
1103,2.590,0.973
1104,2.620,0.978
1105,2.605,0.978
1106,2.566,0.982
1107,2.517,0.982
1108,2.458,0.982
1109,2.468,0.982
1110,2.473,0.987
1111,2.478,0.987
1112,2.478,0.987
1113,2.458,0.987
1114,2.444,0.987
1115,2.424,0.992
1116,2.419,0.992
1117,2.414,0.992
1118,2.414,0.992
1119,2.473,0.997
1120,2.556,0.997
1121,2.605,0.997
1122,2.605,0.997
1123,2.571,0.997
1124,2.522,1.002
1125,2.468,1.002
1126,2.449,1.002
1127,2.468,1.002
1128,2.488,1.007
1129,2.488,1.007
1130,2.473,1.007
1131,2.463,1.007
1132,2.444,1.012
1133,2.429,1.012
1134,2.414,1.012
1135,2.410,1.012
1136,2.458,1.012
1137,2.590,1.012
1138,2.664,1.017
1139,2.659,1.017
1140,2.625,1.017
1141,2.576,1.017
1142,2.532,1.017
1143,2.493,1.017
1144,2.488,1.022
1145,2.493,1.022
1146,2.502,1.022
1147,2.488,1.022
1148,2.434,1.022
1149,2.463,1.022
1150,2.454,1.022
1151,2.434,1.026
1152,2.424,1.022
1153,2.429,1.026
1154,2.502,1.026
1155,2.605,1.026
1156,2.669,1.026
1157,2.674,1.026
1158,2.649,1.026
1159,2.615,1.026
1160,2.571,1.026
1161,2.527,1.026
1162,2.517,1.026
1163,2.512,1.026
1164,2.512,1.026
1165,2.498,1.026
1166,2.502,1.026
1167,2.483,1.026
1168,2.458,1.026
1169,2.434,1.022
1170,2.424,1.026
1171,2.410,1.022
1172,2.405,1.022
1173,2.429,1.022
1174,2.517,1.022
1175,2.605,1.022
1176,2.654,1.022
1177,2.649,1.022
1178,2.620,1.022
1179,2.581,1.017
1180,2.542,1.017
1181,2.512,1.017
1182,2.493,1.017
1183,2.502,1.017
1184,2.502,1.017
1185,2.493,1.017
1186,2.478,1.017
1187,2.463,1.012
1188,2.444,1.012
1189,2.429,1.012
1190,2.419,1.012
1191,2.405,1.012
1192,2.400,1.007
1193,2.454,1.007
1194,2.576,1.007
1195,2.639,1.007
1196,2.649,1.007
1197,2.625,1.007
1198,2.571,1.007
1199,2.522,1.007
1200,2.512,1.002
1201,2.502,1.002
1202,2.502,1.002
1203,2.498,1.002
1204,2.483,1.002
1205,2.473,1.002
1206,2.454,1.002
1207,2.444,1.002
1208,2.439,1.002
1209,2.395,1.002
1210,2.424,1.002
1211,2.449,1.007
1212,2.517,1.007
1213,2.590,1.007
1214,2.625,1.007
1215,2.615,1.007
1216,2.581,1.007
1217,2.537,1.007
1218,2.502,1.007
1219,2.488,1.007
1220,2.493,1.007
1221,2.502,1.007
1222,2.493,1.007
1223,2.502,1.007
1224,2.483,1.012
1225,2.463,1.012
1226,2.449,1.012
1227,2.434,1.012
1228,2.419,1.012
1229,2.424,1.012
1230,2.478,1.012
1231,2.571,1.012
1232,2.644,1.012
1233,2.659,1.017
1234,2.634,1.017
1235,2.590,1.017
1236,2.542,1.017
1237,2.517,1.017
1238,2.517,1.017
1239,2.532,1.017
1240,2.532,1.022
1241,2.527,1.022
1242,2.502,1.022
1243,2.493,1.022
1244,2.483,1.022
1245,2.463,1.022
1246,2.454,1.026
1247,2.454,1.026
1248,2.502,1.026
1249,2.595,1.026
1250,2.674,1.026
1251,2.713,1.031
1252,2.693,1.031
1253,2.649,1.031
1254,2.600,1.031
1255,2.566,1.031
1256,2.551,1.031
1257,2.561,1.031
1258,2.561,1.036
1259,2.551,1.036
1260,2.532,1.036
1261,2.502,1.036
1262,2.488,1.036
1263,2.502,1.036
1264,2.488,1.041
1265,2.478,1.041
1266,2.502,1.041
1267,2.595,1.041
1268,2.683,1.041
1269,2.717,1.046
1270,2.669,1.046
1271,2.678,1.046
1272,2.625,1.046
1273,2.581,1.046
1274,2.566,1.046
1275,2.566,1.046
1276,2.561,1.051
1277,2.556,1.051
1278,2.542,1.051
1279,2.507,1.051
1280,2.507,1.051
1281,2.502,1.051
1282,2.483,1.051
1283,2.468,1.051
1284,2.463,1.051
1285,2.517,1.051
1286,2.615,1.051
1287,2.703,1.051
1288,2.737,1.051
1289,2.713,1.051
1290,2.659,1.051
1291,2.605,1.051
1292,2.556,1.051
1293,2.551,1.051
1294,2.561,1.051
1295,2.566,1.051
1296,2.561,1.051
1297,2.546,1.046
1298,2.522,1.046
1299,2.507,1.046
1300,2.493,1.046
1301,2.473,1.046
1302,2.463,1.046
1303,2.468,1.041
1304,2.542,1.041
1305,2.644,1.041
1306,2.713,1.041
1307,2.708,1.036
1308,2.698,1.036
1309,2.644,1.036
1310,2.581,1.036
1311,2.551,1.036
1312,2.546,1.036
1313,2.561,1.036
1314,2.556,1.036
1315,2.551,1.036
1316,2.527,1.036
1317,2.502,1.031
1318,2.483,1.031
1319,2.473,1.031
1320,2.463,1.031
1321,2.454,1.031
1322,2.478,1.031
1323,2.576,1.031
1324,2.669,1.031
1325,2.732,1.031
1326,2.727,1.031
1327,2.674,1.031
1328,2.600,1.031
1329,2.561,1.031
1330,2.551,1.031
1331,2.537,1.031
1332,2.590,1.031
1333,2.576,1.031
1334,2.542,1.031
1335,2.517,1.036
1336,2.493,1.036
1337,2.478,1.036
1338,2.468,1.036
1339,2.463,1.036
1340,2.507,1.036
1341,2.610,1.036
1342,2.708,1.036
1343,2.737,1.036
1344,2.717,1.036
1345,2.669,1.036
1346,2.600,1.036
1347,2.561,1.036
1348,2.561,1.041
1349,2.571,1.041
1350,2.576,1.041
1351,2.566,1.041
1352,2.551,1.041
1353,2.522,1.041
1354,2.502,1.041
1355,2.493,1.041
1356,2.483,1.041
1357,2.478,1.046
1358,2.522,1.046
1359,2.630,1.046
1360,2.732,1.046
1361,2.766,1.046
1362,2.747,1.046
1363,2.693,1.046
1364,2.605,1.046
1365,2.595,1.046
1366,2.600,1.046
1367,2.600,1.051
1368,2.600,1.051
1369,2.581,1.051
1370,2.566,1.051
1371,2.546,1.051
1372,2.522,1.051
1373,2.502,1.051
1374,2.473,1.051
1375,2.483,1.051
1376,2.571,1.056
1377,2.693,1.056
1378,2.771,1.056
1379,2.781,1.056
1380,2.732,1.056
1381,2.674,1.056
1382,2.620,1.056
1383,2.586,1.056
1384,2.595,1.056
1385,2.600,1.061
1386,2.595,1.061
1387,2.581,1.061
1388,2.546,1.061
1389,2.522,1.061
1390,2.527,1.061
1391,2.512,1.061
1392,2.483,1.061
1393,2.693,1.061
1394,2.786,1.065
1395,2.805,1.065
1396,2.771,1.065
1397,2.703,1.065
1398,2.630,1.065
1399,2.590,1.065
1400,2.590,1.065
1401,2.595,1.065
1402,2.595,1.065
1403,2.581,1.070
1404,2.556,1.070
1405,2.537,1.070
1406,2.522,1.070
1407,2.493,1.070
1408,2.483,1.070
1409,2.537,1.070
1410,2.649,1.070
1411,2.752,1.070
1412,2.776,1.070
1413,2.742,1.070
1414,2.688,1.070
1415,2.625,1.075
1416,2.586,1.075
1417,2.586,1.075
1418,2.605,1.075
1419,2.620,1.075
1420,2.610,1.075
1421,2.576,1.075
1422,2.576,1.075
1423,2.546,1.075
1424,2.507,1.075
1425,2.478,1.080
1426,2.532,1.075
1427,2.649,1.080
1428,2.742,1.080
1429,2.761,1.080
1430,2.732,1.080
1431,2.669,1.080
1432,2.605,1.080
1433,2.566,1.080
1434,2.561,1.080
1435,2.576,1.080
1436,2.576,1.080
1437,2.561,1.080
1438,2.537,1.080
1439,2.507,1.080
1440,2.493,1.085
1441,2.473,1.085
1442,2.463,1.085
1443,2.483,1.085
1444,2.576,1.085
1445,2.693,1.085
1446,2.752,1.085
1447,2.752,1.085
1448,2.698,1.085
1449,2.595,1.085
1450,2.556,1.085
1451,2.561,1.085
1452,2.590,1.085
1453,2.537,1.085
1454,2.571,1.085
1455,2.546,1.085
1456,2.512,1.090
1457,2.483,1.090
1458,2.468,1.090
1459,2.458,1.090
1460,2.449,1.090
1461,2.454,1.090
1462,2.522,1.090
1463,2.634,1.090
1464,2.713,1.090
1465,2.717,1.090
1466,2.683,1.090
1467,2.630,1.090
1468,2.566,1.095
1469,2.537,1.095
1470,2.542,1.095
1471,2.556,1.095
1472,2.551,1.095
1473,2.532,1.095
1474,2.507,1.095
1475,2.483,1.095
1476,2.468,1.095
1477,2.449,1.095
1478,2.429,1.095
1479,2.444,1.095
1480,2.454,1.095
1481,2.507,1.095
1482,2.595,1.100
1483,2.659,1.100
1484,2.669,1.100
1485,2.639,1.100
1486,2.590,1.100
1487,2.542,1.100
1488,2.517,1.100
1489,2.512,1.100
1490,2.517,1.100
1491,2.512,1.100
1492,2.493,1.100
1493,2.463,1.100
1494,2.458,1.105
1495,2.444,1.105
1496,2.434,1.100
1497,2.424,1.105
1498,2.414,1.105
1499,2.405,1.105
1500,2.410,1.105
1501,2.488,1.105
1502,2.590,1.105
1503,2.659,1.105
1504,2.659,1.105
1505,2.625,1.105
1506,2.556,1.105
1507,2.537,1.105
1508,2.527,1.105
1509,2.517,1.105
1510,2.517,1.105
1511,2.507,1.109
1512,2.488,1.109
1513,2.449,1.109
1514,2.410,1.109
1515,2.483,1.109
1516,2.468,1.105
1517,2.454,1.109
1518,2.434,1.109
1519,2.414,1.109
1520,2.454,1.109
1521,2.537,1.105
1522,2.605,1.109
1523,2.625,1.109
1524,2.605,1.105
1525,2.571,1.105
1526,2.532,1.105
1527,2.502,1.105
1528,2.488,1.105
1529,2.498,1.105
1530,2.507,1.105
1531,2.507,1.105
1532,2.493,1.105
1533,2.478,1.105
1534,2.463,1.105
1535,2.439,1.109
1536,2.458,1.105
1537,2.444,1.105
1538,2.424,1.105
1539,2.410,1.109
1540,2.434,1.109
1541,2.507,1.105
1542,2.586,1.105
1543,2.620,1.109
1544,2.615,1.109
1545,2.586,1.109
1546,2.542,1.109
1547,2.507,1.109
1548,2.502,1.109
1549,2.512,1.109
1550,2.512,1.109
1551,2.502,1.109
1552,2.493,1.109
1553,2.478,1.109
1554,2.458,1.109
1555,2.449,1.109
1556,2.439,1.109
1557,2.434,1.109
1558,2.429,1.109
1559,2.434,1.109
1560,2.439,1.109
1561,2.493,1.109
1562,2.576,1.109
1563,2.620,1.109
1564,2.649,1.109
1565,2.620,1.114
1566,2.586,1.114
1567,2.542,1.114
1568,2.512,1.114
1569,2.512,1.114
1570,2.522,1.114
1571,2.527,1.114
1572,2.517,1.114
1573,2.502,1.114
1574,2.478,1.114
1575,2.463,1.114
1576,2.424,1.114
1577,2.463,1.114
1578,2.468,1.114
1579,2.454,1.114
1580,2.439,1.114
1581,2.473,1.114
1582,2.556,1.114
1583,2.620,1.114
1584,2.639,1.114
1585,2.625,1.114
1586,2.590,1.114
1587,2.561,1.114
1588,2.532,1.114
1589,2.527,1.114
1590,2.537,1.114
1591,2.542,1.114
1592,2.537,1.114
1593,2.522,1.114
1594,2.498,1.114
1595,2.473,1.114
1596,2.454,1.114
1597,2.444,1.114
1598,2.434,1.114
1599,2.434,1.114
1600,2.429,1.114
1601,2.434,1.114
1602,2.439,1.114
1603,2.502,1.114
1604,2.595,1.114
1605,2.659,1.114
1606,2.674,1.114
1607,2.649,1.114
1608,2.615,1.114
1609,2.571,1.114
1610,2.542,1.114
1611,2.537,1.114
1612,2.546,1.114
1613,2.556,1.114
1614,2.551,1.114
1615,2.542,1.114
1616,2.522,1.114
1617,2.502,1.114
1618,2.488,1.114
1619,2.473,1.114
1620,2.444,1.114
1621,2.473,1.109
1622,2.468,1.109
1623,2.468,1.109
1624,2.537,1.109
1625,2.639,1.109
1626,2.717,1.109
1627,2.747,1.109
1628,2.727,1.109
1629,2.688,1.109
1630,2.634,1.109
1631,2.605,1.109
1632,2.605,1.109
1633,2.605,1.109
1634,2.595,1.105
1635,2.571,1.105
1636,2.542,1.105
1637,2.522,1.105
1638,2.463,1.105
1639,2.537,1.105
1640,2.512,1.105
1641,2.483,1.105
1642,2.478,1.105
1643,2.468,1.105
1644,2.498,1.105
1645,2.600,1.105
1646,2.713,1.105
1647,2.757,1.105
1648,2.727,1.105
1649,2.722,1.105
1650,2.674,1.105
1651,2.620,1.105
1652,2.590,1.109
1653,2.586,1.109
1654,2.605,1.109
1655,2.605,1.109
1656,2.586,1.109
1657,2.556,1.109
1658,2.537,1.109
1659,2.517,1.109
1660,2.507,1.109
1661,2.493,1.109
1662,2.478,1.109
1663,2.473,1.109
1664,2.473,1.109
1665,2.542,1.109
1666,2.659,1.109
1667,2.742,1.109
1668,2.766,1.109
1669,2.737,1.109
1670,2.688,1.109
1671,2.634,1.109
1672,2.595,1.109
1673,2.586,1.109
1674,2.590,1.114
1675,2.605,1.114
1676,2.595,1.114
1677,2.551,1.114
1678,2.566,1.114
1679,2.551,1.114
1680,2.532,1.114
1681,2.517,1.114
1682,2.502,1.114
1683,2.483,1.114
1684,2.502,1.114
1685,2.586,1.114
1686,2.703,1.114
1687,2.776,1.119
1688,2.786,1.114
1689,2.747,1.119
1690,2.688,1.119
1691,2.630,1.119
1692,2.590,1.119
1693,2.590,1.119
1694,2.610,1.119
1695,2.610,1.119
1696,2.595,1.119
1697,2.571,1.119
1698,2.556,1.119
1699,2.483,1.119
1700,2.556,1.119
1701,2.542,1.119
1702,2.512,1.119
1703,2.478,1.119
1704,2.546,1.119
1705,2.708,1.119
1706,2.830,1.119
1707,2.845,1.119
1708,2.796,1.119
1709,2.732,1.119
1710,2.674,1.119
1711,2.634,1.119
1712,2.625,1.119
1713,2.634,1.119
1714,2.639,1.119
1715,2.625,1.119
1716,2.600,1.119
1717,2.576,1.119
1718,2.556,1.119
1719,2.551,1.119
1720,2.537,1.119
1721,2.517,1.119
1722,2.507,1.119
1723,2.507,1.119
1724,2.561,1.119
1725,2.678,1.119
1726,2.771,1.119
1727,2.801,1.119
1728,2.781,1.119
1729,2.742,1.119
1730,2.693,1.119
1731,2.649,1.119
1732,2.639,1.119
1733,2.649,1.119
1734,2.644,1.124
1735,2.674,1.124
1736,2.659,1.124
1737,2.639,1.124
1738,2.600,1.124
1739,2.571,1.124
1740,2.546,1.124
1741,2.532,1.124
1742,2.537,1.124
1743,2.615,1.124
1744,2.737,1.124
1745,2.820,1.124
1746,2.840,1.124
1747,2.810,1.124
1748,2.761,1.124
1749,2.698,1.124
1750,2.659,1.124
1751,2.649,1.124
1752,2.664,1.124
1753,2.669,1.124
1754,2.649,1.124
1755,2.625,1.124
1756,2.600,1.124
1757,2.586,1.124
1758,2.576,1.124
1759,2.551,1.124
1760,2.478,1.124
1761,2.586,1.124
1762,2.742,1.124
1763,2.893,1.124
1764,2.864,1.124
1765,2.840,1.124
1766,2.771,1.124
1767,2.713,1.124
1768,2.674,1.124
1769,2.678,1.124
1770,2.693,1.124
1771,2.693,1.124
1772,2.674,1.124
1773,2.654,1.124
1774,2.625,1.129
1775,2.590,1.124
1776,2.561,1.129
1777,2.551,1.129
1778,2.532,1.129
1779,2.517,1.129
1780,2.512,1.129
1781,2.561,1.129
1782,2.683,1.129
1783,2.796,1.129
1784,2.835,1.129
1785,2.820,1.129
1786,2.781,1.129
1787,2.722,1.129
1788,2.674,1.129
1789,2.654,1.124
1790,2.654,1.124
1791,2.654,1.124
1792,2.688,1.124
1793,2.674,1.124
1794,2.630,1.119
1795,2.590,1.119
1796,2.561,1.119
1797,2.546,1.114
1798,2.532,1.114
1799,2.512,1.109
1800,2.502,1.109
1801,2.537,1.105
1802,2.639,1.105
1803,2.722,1.100
1804,2.766,1.100
1805,2.757,1.095
1806,2.708,1.095
1807,2.664,1.090
1808,2.620,1.090
1809,2.590,1.085
1810,2.590,1.080
1811,2.595,1.080
1812,2.590,1.075
1813,2.571,1.075
1814,2.551,1.070
1815,2.532,1.070
1816,2.512,1.065
1817,2.498,1.065
1818,2.483,1.065
1819,2.454,1.061
1820,2.537,1.056
1821,2.654,1.056
1822,2.717,1.056
1823,2.722,1.051
1824,2.693,1.051
1825,2.649,1.051
1826,2.600,1.046
1827,2.542,1.046
1828,2.561,1.046
1829,2.600,1.041
1830,2.605,1.041
1831,2.586,1.041
1832,2.551,1.041
1833,2.522,1.041
1834,2.512,1.036
1835,2.507,1.036
1836,2.498,1.036
1837,2.488,1.036
1838,2.502,1.036
1839,2.576,1.036
1840,2.678,1.036
1841,2.742,1.036
1842,2.747,1.036
1843,2.713,1.031
1844,2.664,1.031
1845,2.605,1.031
1846,2.571,1.031
1847,2.571,1.031
1848,2.581,1.031
1849,2.581,1.031
1850,2.571,1.036
1851,2.546,1.036
1852,2.532,1.036
1853,2.517,1.036
1854,2.507,1.036
1855,2.493,1.036
1856,2.483,1.036
1857,2.493,1.036
1858,2.571,1.036
1859,2.664,1.036
1860,2.722,1.036
1861,2.732,1.036
1862,2.698,1.041
1863,2.664,1.041
1864,2.625,1.041
1865,2.595,1.041
1866,2.586,1.041
1867,2.590,1.041
1868,2.590,1.041
1869,2.571,1.041
1870,2.551,1.041
1871,2.532,1.046
1872,2.512,1.046
1873,2.498,1.046
1874,2.483,1.046
1875,2.473,1.046
1876,2.454,1.046
1877,2.527,1.046
1878,2.620,1.046
1879,2.688,1.046
1880,2.717,1.046
1881,2.630,1.051
1882,2.698,1.051
1883,2.649,1.051
1884,2.600,1.051
1885,2.581,1.051
1886,2.571,1.051
1887,2.581,1.051
1888,2.571,1.051
1889,2.556,1.056
1890,2.532,1.056
1891,2.498,1.056
1892,2.488,1.056
1893,2.512,1.056
1894,2.512,1.056
1895,2.493,1.056
1896,2.493,1.061
1897,2.546,1.061
1898,2.634,1.061
1899,2.698,1.061
1900,2.708,1.061
1901,2.678,1.061
1902,2.639,1.061
1903,2.590,1.065
1904,2.532,1.065
1905,2.581,1.065
1906,2.595,1.065
1907,2.586,1.065
1908,2.561,1.065
1909,2.537,1.070
1910,2.522,1.070
1911,2.507,1.070
1912,2.488,1.070
1913,2.488,1.070
1914,2.483,1.070
1915,2.463,1.070
1916,2.463,1.075
1917,2.512,1.075
1918,2.605,1.075
1919,2.678,1.075
1920,2.698,1.075
1921,2.678,1.075
1922,2.634,1.080
1923,2.586,1.080
1924,2.556,1.080
1925,2.556,1.080
1926,2.561,1.080
1927,2.566,1.080
1928,2.556,1.085
1929,2.542,1.085
1930,2.527,1.085
1931,2.507,1.085
1932,2.493,1.085
1933,2.458,1.085
1934,2.502,1.085
1935,2.498,1.090
1936,2.493,1.090
1937,2.537,1.090
1938,2.630,1.090
1939,2.693,1.090
1940,2.693,1.090
1941,2.669,1.095
1942,2.566,1.095
1943,2.625,1.095
1944,2.600,1.095
1945,2.576,1.095
1946,2.566,1.095
1947,2.551,1.095
1948,2.542,1.100
1949,2.522,1.100
1950,2.502,1.100
1951,2.493,1.100
1952,2.493,1.100
1953,2.473,1.100
1954,2.444,1.100
1955,2.463,1.100
1956,2.561,1.105
1957,2.674,1.105
1958,2.737,1.105
1959,2.747,1.105
1960,2.708,1.105
1961,2.634,1.105
1962,2.634,1.105
1963,2.610,1.105
1964,2.586,1.105
1965,2.586,1.105
1966,2.581,1.105
1967,2.566,1.109
1968,2.551,1.109
1969,2.532,1.109
1970,2.507,1.109
1971,2.493,1.109
1972,2.483,1.109
1973,2.473,1.109
1974,2.463,1.109
1975,2.473,1.109
1976,2.551,1.109
1977,2.669,1.109
1978,2.737,1.109
1979,2.747,1.109
1980,2.708,1.114
1981,2.659,1.114
1982,2.605,1.114
1983,2.571,1.114
1984,2.566,1.114
1985,2.576,1.114
1986,2.576,1.114
1987,2.561,1.114
1988,2.542,1.114
1989,2.522,1.114
1990,2.478,1.114
1991,2.507,1.114
1992,2.502,1.119
1993,2.478,1.119
1994,2.463,1.119
1995,2.454,1.119
1996,2.502,1.119
1997,2.634,1.119
1998,2.732,1.119
1999,2.752,1.119
2000,2.732,1.119
2001,2.688,1.119
2002,2.634,1.119
2003,2.507,1.119
2004,2.610,1.119
2005,2.615,1.119
2006,2.600,1.119
2007,2.566,1.119
2008,2.537,1.124
2009,2.512,1.124
2010,2.498,1.124
2011,2.488,1.124
2012,2.478,1.124
2013,2.463,1.124
2014,2.454,1.124
2015,2.454,1.124
2016,2.517,1.124
2017,2.625,1.124
2018,2.737,1.124
2019,2.801,1.124
2020,2.757,1.124
2021,2.678,1.124
2022,2.595,1.129
2023,2.561,1.129
2024,2.556,1.129
2025,2.571,1.129
2026,2.566,1.129
2027,2.556,1.129
2028,2.537,1.129
2029,2.522,1.129
2030,2.502,1.129
2031,2.488,1.129
2032,2.478,1.129
2033,2.463,1.129
2034,2.449,1.129
2035,2.473,1.129
2036,2.576,1.129
2037,2.698,1.129
2038,2.761,1.129
2039,2.757,1.129
2040,2.713,1.129
2041,2.664,1.134
2042,2.600,1.134
2043,2.561,1.134
2044,2.571,1.134
2045,2.586,1.134
2046,2.576,1.134
2047,2.546,1.134
2048,2.566,1.134
2049,2.542,1.134
2050,2.507,1.134
2051,2.473,1.134
2052,2.454,1.134
2053,2.444,1.134
2054,2.439,1.134
2055,2.468,1.139
2056,2.576,1.139
2057,2.703,1.139
2058,2.771,1.139
2059,2.766,1.139
2060,2.727,1.139
2061,2.664,1.139
2062,2.600,1.139
2063,2.566,1.139
2064,2.507,1.139
2065,2.625,1.139
2066,2.610,1.139
2067,2.581,1.139
2068,2.542,1.139
2069,2.512,1.139
2070,2.498,1.144
2071,2.488,1.144
2072,2.478,1.144
2073,2.463,1.144
2074,2.468,1.144
2075,2.546,1.144
2076,2.722,1.144
2077,2.805,1.144
2078,2.801,1.144
2079,2.713,1.144
2080,2.654,1.144
2081,2.634,1.144
2082,2.605,1.144
2083,2.605,1.149
2084,2.610,1.149
2085,2.610,1.149
2086,2.595,1.149
2087,2.571,1.149
2088,2.542,1.149
2089,2.522,1.149
2090,2.507,1.149
2091,2.493,1.149
2092,2.483,1.149
2093,2.478,1.149
2094,2.507,1.149
2095,2.615,1.149
2096,2.742,1.149
2097,2.801,1.149
2098,2.791,1.149
2099,2.747,1.149
2100,2.698,1.149
2101,2.639,1.149
2102,2.615,1.153
2103,2.610,1.153
2104,2.620,1.153
2105,2.625,1.153
2106,2.615,1.153
2107,2.586,1.153
2108,2.566,1.153
2109,2.542,1.153
2110,2.532,1.153
2111,2.517,1.153
2112,2.502,1.153
2113,2.493,1.153
2114,2.522,1.153
2115,2.620,1.153
2116,2.737,1.153
2117,2.810,1.153
2118,2.810,1.153
2119,2.771,1.153
2120,2.717,1.153
2121,2.664,1.153
2122,2.634,1.158
2123,2.630,1.158
2124,2.634,1.153
2125,2.639,1.158
2126,2.620,1.158
2127,2.634,1.158
2128,2.610,1.158
2129,2.566,1.158
2130,2.532,1.158
2131,2.507,1.158
2132,2.478,1.158
2133,2.542,1.158
2134,2.630,1.158
2135,2.737,1.158
2136,2.805,1.158
2137,2.810,1.158
2138,2.771,1.158
2139,2.717,1.158
2140,2.669,1.158
2141,2.634,1.163
2142,2.634,1.163
2143,2.630,1.163
2144,2.644,1.163
2145,2.669,1.163
2146,2.644,1.163
2147,2.615,1.163
2148,2.586,1.163
2149,2.566,1.163
2150,2.546,1.163
2151,2.532,1.163
2152,2.532,1.163
2153,2.586,1.163
2154,2.693,1.163
2155,2.786,1.163
2156,2.825,1.163
2157,2.810,1.163
2158,2.771,1.168
2159,2.708,1.168
2160,2.634,1.168
2161,2.678,1.168
2162,2.693,1.168
2163,2.678,1.168
2164,2.664,1.168
2165,2.630,1.168
2166,2.605,1.168
2167,2.581,1.168
2168,2.566,1.168
2169,2.561,1.168
2170,2.546,1.168
2171,2.532,1.168
2172,2.532,1.168
2173,2.581,1.168
2174,2.688,1.168
2175,2.801,1.168
2176,2.845,1.168
2177,2.835,1.168
2178,2.791,1.168
2179,2.737,1.168
2180,2.683,1.173
2181,2.659,1.173
2182,2.664,1.173
2183,2.669,1.173
2184,2.664,1.173
2185,2.654,1.173
2186,2.630,1.173
2187,2.600,1.173
2188,2.615,1.173
2189,2.571,1.173
2190,2.590,1.173
2191,2.561,1.173
2192,2.556,1.173
2193,2.620,1.173
2194,2.737,1.173
2195,2.825,1.173
2196,2.845,1.173
2197,2.810,1.173
2198,2.766,1.173
2199,2.713,1.173
2200,2.674,1.178
2201,2.654,1.173
2202,2.654,1.173
2203,2.649,1.178
2204,2.634,1.178
2205,2.620,1.178
2206,2.571,1.178
2207,2.576,1.178
2208,2.590,1.178
2209,2.571,1.178
2210,2.546,1.178
2211,2.527,1.178
2212,2.542,1.178
2213,2.644,1.178
2214,2.766,1.178
2215,2.825,1.178
2216,2.820,1.178
2217,2.742,1.178
2218,2.742,1.178
2219,2.698,1.178
2220,2.659,1.178
2221,2.649,1.178
2222,2.649,1.178
2223,2.644,1.178
2224,2.630,1.178
2225,2.605,1.178
2226,2.581,1.178
2227,2.561,1.183
2228,2.542,1.183
2229,2.522,1.183
2230,2.507,1.183
2231,2.527,1.183
2232,2.615,1.183
2233,2.737,1.183
2234,2.815,1.183
2235,2.820,1.183
2236,2.781,1.183
2237,2.722,1.183
2238,2.659,1.183
2239,2.625,1.183
2240,2.625,1.183
2241,2.630,1.183
2242,2.639,1.183
2243,2.620,1.183
2244,2.590,1.183
2245,2.566,1.183
2246,2.517,1.183
2247,2.468,1.183
2248,2.586,1.183
2249,2.561,1.183
2250,2.551,1.183
2251,2.625,1.183
2252,2.732,1.183
2253,2.791,1.183
2254,2.796,1.183
2255,2.757,1.183
2256,2.698,1.183
2257,2.639,1.183
2258,2.620,1.183
2259,2.625,1.183
2260,2.630,1.183
2261,2.625,1.183
2262,2.600,1.183
2263,2.566,1.183
2264,2.542,1.183
2265,2.532,1.183
2266,2.522,1.183
2267,2.507,1.183
2268,2.493,1.183
2269,2.468,1.183
2270,2.581,1.183
2271,2.737,1.183
2272,2.815,1.183
2273,2.810,1.183
2274,2.713,1.183
2275,2.708,1.183
2276,2.659,1.183
2277,2.615,1.183
2278,2.605,1.183
2279,2.605,1.183
2280,2.590,1.183
2281,2.581,1.183
2282,2.561,1.183
2283,2.537,1.183
2284,2.522,1.183
2285,2.512,1.178
2286,2.498,1.183
2287,2.483,1.183
2288,2.473,1.183
2289,2.522,1.183
2290,2.625,1.183
2291,2.713,1.183
2292,2.747,1.183
2293,2.732,1.183
2294,2.688,1.183
2295,2.634,1.183
2296,2.586,1.183
2297,2.571,1.183
2298,2.576,1.183
2299,2.576,1.183
2300,2.571,1.183
2301,2.551,1.183
2302,2.532,1.183
2303,2.483,1.183
2304,2.522,1.183
2305,2.517,1.183
2306,2.483,1.183
2307,2.458,1.183
2308,2.414,1.183
2309,2.664,1.183
2310,2.747,1.183
2311,2.747,1.183
2312,2.703,1.183
2313,2.639,1.183
2314,2.590,1.183
2315,2.561,1.188
2316,2.556,1.188
2317,2.566,1.188
2318,2.566,1.188
2319,2.561,1.188
2320,2.542,1.188
2321,2.517,1.188
2322,2.493,1.188
2323,2.483,1.188
2324,2.473,1.188
2325,2.463,1.188
2326,2.454,1.188
2327,2.458,1.188
2328,2.522,1.188
2329,2.620,1.188
2330,2.678,1.188
2331,2.620,1.188
2332,2.664,1.188
2333,2.674,1.188
2334,2.610,1.193
2335,2.571,1.193
2336,2.556,1.193
2337,2.556,1.193
2338,2.546,1.193
2339,2.537,1.193
2340,2.522,1.193
2341,2.493,1.193
2342,2.483,1.193
2343,2.463,1.193
2344,2.463,1.193
2345,2.449,1.193
2346,2.449,1.193
2347,2.473,1.193
2348,2.546,1.193
2349,2.630,1.193
2350,2.674,1.197
2351,2.664,1.197
2352,2.639,1.193
2353,2.586,1.197
2354,2.546,1.197
2355,2.532,1.197
2356,2.537,1.197
2357,2.542,1.197
2358,2.532,1.197
2359,2.522,1.197
2360,2.512,1.197
2361,2.502,1.197
2362,2.488,1.197
2363,2.468,1.197
2364,2.468,1.197
2365,2.458,1.197
2366,2.454,1.197
2367,2.473,1.197
2368,2.537,1.197
2369,2.615,1.197
2370,2.654,1.197
2371,2.683,1.197
2372,2.634,1.197
2373,2.566,1.197
2374,2.512,1.197
2375,2.502,1.197
2376,2.512,1.202
2377,2.522,1.202
2378,2.527,1.202
2379,2.512,1.202
2380,2.493,1.202
2381,2.473,1.202
2382,2.458,1.202
2383,2.454,1.202
2384,2.449,1.202
2385,2.444,1.202
2386,2.458,1.202
2387,2.527,1.202
2388,2.590,1.202
2389,2.678,1.202
2390,2.674,1.202
2391,2.620,1.202
2392,2.566,1.202
2393,2.527,1.202
2394,2.522,1.207
2395,2.502,1.202
2396,2.517,1.207
2397,2.556,1.207
2398,2.542,1.207
2399,2.512,1.207
2400,2.483,1.207
2401,2.463,1.207
2402,2.454,1.207
2403,2.449,1.207
2404,2.449,1.207
2405,2.483,1.207
2406,2.571,1.207
2407,2.639,1.207
2408,2.659,1.207
2409,2.644,1.207
2410,2.620,1.207
2411,2.581,1.207
2412,2.551,1.207
2413,2.537,1.207
2414,2.537,1.207
2415,2.542,1.212
2416,2.507,1.207
2417,2.551,1.207
2418,2.546,1.212
2419,2.527,1.212
2420,2.507,1.212
2421,2.488,1.212
2422,2.478,1.212
2423,2.473,1.212
2424,2.488,1.212
2425,2.551,1.212
2426,2.639,1.212
2427,2.693,1.212
2428,2.703,1.212
2429,2.674,1.212
2430,2.644,1.212
2431,2.600,1.212
2432,2.625,1.212
2433,2.615,1.212
2434,2.600,1.212
2435,2.576,1.212
2436,2.556,1.212
2437,2.542,1.212
2438,2.537,1.212
2439,2.527,1.212
2440,2.512,1.212
2441,2.502,1.217
2442,2.488,1.217
2443,2.493,1.217
2444,2.542,1.217
2445,2.630,1.217
2446,2.752,1.217
2447,2.776,1.217
2448,2.737,1.217
2449,2.678,1.217
2450,2.620,1.217
2451,2.586,1.212
2452,2.590,1.212
2453,2.605,1.212
2454,2.615,1.212
2455,2.600,1.212
2456,2.581,1.212
2457,2.561,1.212
2458,2.522,1.212
2459,2.556,1.212
2460,2.561,1.212
2461,2.546,1.212
2462,2.542,1.212
2463,2.600,1.212
2464,2.698,1.212
2465,2.771,1.212
2466,2.786,1.212
2467,2.752,1.212
2468,2.713,1.212
2469,2.664,1.212
2470,2.634,1.212
2471,2.644,1.212
2472,2.659,1.212
2473,2.630,1.207
2474,2.669,1.207
2475,2.654,1.207
2476,2.620,1.207
2477,2.581,1.207
2478,2.556,1.207
2479,2.546,1.207
2480,2.556,1.207
2481,2.610,1.207
2482,2.722,1.207
2483,2.805,1.207
2484,2.830,1.207
2485,2.805,1.207
2486,2.761,1.207
2487,2.713,1.207
2488,2.678,1.207
2489,2.664,1.207
2490,2.674,1.212
2491,2.688,1.212
2492,2.590,1.207
2493,2.678,1.212
2494,2.649,1.212
2495,2.615,1.212
2496,2.581,1.212
2497,2.551,1.212
2498,2.546,1.212
2499,2.566,1.212
2500,2.659,1.212
2501,2.761,1.212
2502,2.815,1.212
2503,2.859,1.212
2504,2.830,1.212
2505,2.771,1.212
2506,2.703,1.212
2507,2.674,1.212
2508,2.674,1.212
2509,2.678,1.212
2510,2.669,1.212
2511,2.649,1.212
2512,2.625,1.212
2513,2.615,1.212
2514,2.605,1.212
2515,2.586,1.212
2516,2.576,1.212
2517,2.566,1.212
2518,2.595,1.212
2519,2.683,1.212
2520,2.781,1.212
2521,2.840,1.212
2522,3.451,1.207
2523,3.260,1.202
2524,3.196,1.202
2525,3.177,1.197
2526,3.397,1.197
2527,3.270,1.197
2528,2.791,1.197
2529,2.625,1.197
2530,2.620,1.197
2531,2.708,1.193
2532,2.708,1.193
2533,2.678,1.193
2534,2.639,1.193
2535,2.615,1.193
2536,2.595,1.193
2537,2.581,1.193
2538,2.576,1.193
2539,2.605,1.193
2540,2.683,1.193
2541,2.766,1.193
2542,2.796,1.193
2543,2.786,1.188
2544,2.757,1.188
2545,2.713,1.188
2546,2.674,1.188
2547,2.654,1.188
2548,2.659,1.188
2549,2.659,1.188
2550,2.654,1.188
2551,2.634,1.188
2552,2.669,1.188
2553,2.649,1.188
2554,2.610,1.188
2555,2.571,1.188
2556,2.551,1.188
2557,2.542,1.188
2558,2.581,1.188
2559,2.659,1.188
2560,2.801,1.188
2561,2.825,1.188
2562,2.791,1.188
2563,2.732,1.188
2564,2.683,1.188
2565,2.644,1.188
2566,2.649,1.193
2567,2.649,1.193
2568,2.649,1.193
2569,2.630,1.193
2570,2.620,1.193
2571,2.600,1.193
2572,2.586,1.193
2573,2.571,1.193
2574,2.556,1.193
2575,2.551,1.193
2576,2.542,1.193
2577,2.551,1.193
2578,2.615,1.193
2579,2.693,1.193
2580,2.742,1.193
2581,2.752,1.193
2582,2.737,1.197
2583,2.713,1.197
2584,2.634,1.197
2585,2.625,1.197
2586,2.674,1.197
2587,2.644,1.197
2588,2.678,1.197
2589,2.654,1.197
2590,2.615,1.197
2591,2.576,1.202
2592,2.556,1.202
2593,2.546,1.202
2594,2.542,1.202
2595,2.532,1.202
2596,2.546,1.202
2597,2.605,1.202
2598,2.698,1.202
2599,2.747,1.202
2600,2.747,1.202
2601,2.727,1.207
2602,2.693,1.207
2603,2.654,1.207
2604,2.634,1.207
2605,2.634,1.207
2606,2.634,1.207
2607,2.634,1.207
2608,2.620,1.207
2609,2.600,1.207
2610,2.586,1.207
2611,2.586,1.212
2612,2.566,1.212
2613,2.615,1.212
2614,2.634,1.212
2615,2.669,1.212
2616,2.732,1.212
2617,2.771,1.212
2618,2.771,1.212
2619,2.747,1.212
2620,2.713,1.212
2621,2.669,1.212
2622,2.644,1.212
2623,2.644,1.217
2624,2.649,1.217
2625,2.649,1.217
2626,2.639,1.217
2627,2.610,1.217
2628,2.605,1.217
2629,2.590,1.217
2630,2.576,1.217
2631,2.556,1.217
2632,2.561,1.217
2633,2.590,1.217
2634,2.674,1.217
2635,2.747,1.222
2636,2.781,1.222
2637,2.776,1.222
2638,2.752,1.222
2639,2.708,1.222
2640,2.674,1.222
2641,2.654,1.222
2642,2.649,1.222
2643,2.654,1.222
2644,2.620,1.222
2645,2.678,1.222
2646,2.659,1.222
2647,2.586,1.222
2648,2.566,1.222
2649,2.600,1.222
2650,2.586,1.222
2651,2.586,1.222
2652,2.625,1.222
2653,2.703,1.227
2654,2.766,1.227
2655,2.786,1.227
2656,2.776,1.227
2657,2.732,1.227
2658,2.693,1.227
2659,2.659,1.222
2660,2.654,1.227
2661,2.659,1.222
2662,2.654,1.222
2663,2.649,1.222
2664,2.634,1.222
2665,2.615,1.222
2666,2.605,1.222
2667,2.590,1.217
2668,2.581,1.217
2669,2.566,1.217
2670,2.566,1.212
2671,2.610,1.212
2672,2.678,1.207
2673,2.835,1.207
2674,2.889,1.202
2675,2.835,1.202
2676,2.747,1.197
2677,2.669,1.197
2678,2.639,1.193
2679,2.654,1.193
2680,2.669,1.188
2681,2.659,1.188
2682,2.649,1.183
2683,2.630,1.183
2684,2.610,1.178
2685,2.595,1.178
2686,2.581,1.173
2687,2.566,1.173
2688,2.566,1.168
2689,2.590,1.163
2690,2.669,1.163
2691,2.752,1.163
2692,2.791,1.158
2693,2.776,1.158
2694,2.737,1.153
2695,2.693,1.153
2696,2.644,1.153
2697,2.630,1.149
2698,2.639,1.149
2699,2.654,1.149
2700,2.654,1.144
2701,2.610,1.144
2702,2.664,1.139
2703,2.644,1.139
2704,2.605,1.139
2705,2.566,1.139
2706,2.551,1.134
2707,2.581,1.134
2708,2.664,1.134
2709,2.752,1.134
2710,2.757,1.134
2711,2.757,1.134
2712,2.766,1.134
2713,2.717,1.134
2714,2.669,1.129
2715,2.649,1.129
2716,2.644,1.129
2717,2.634,1.129
2718,2.634,1.129
2719,2.615,1.129
2720,2.600,1.129
2721,2.586,1.129
2722,2.571,1.129
2723,2.566,1.129
2724,2.600,1.129
2725,2.688,1.129
2726,2.776,1.129
2727,2.810,1.129
2728,2.796,1.134
2729,2.717,1.134
2730,2.747,1.134
2731,2.727,1.134
2732,2.703,1.134
2733,2.698,1.134
2734,2.669,1.134
2735,2.717,1.134
2736,2.703,1.134
2737,2.664,1.139
2738,2.625,1.139
2739,2.595,1.139
2740,2.595,1.139
2741,2.659,1.139
2742,2.761,1.144
2743,2.840,1.144
2744,2.854,1.144
2745,2.835,1.144
2746,2.796,1.144
2747,2.742,1.144
2748,2.713,1.149
2749,2.708,1.149
2750,2.713,1.149
2751,2.703,1.149
2752,2.688,1.149
2753,2.669,1.149
2754,2.649,1.149
2755,2.630,1.149
2756,2.615,1.149
2757,2.600,1.149
2758,2.586,1.149
2759,2.742,1.149
2760,2.849,1.149
2761,2.884,1.144
2762,2.869,1.144
2763,2.825,1.144
2764,2.776,1.139
2765,2.732,1.139
2766,2.708,1.134
2767,2.708,1.134
2768,2.703,1.129
2769,2.693,1.124
2770,2.669,1.124
2771,2.644,1.119
2772,2.625,1.114
2773,2.576,1.109
2774,2.571,1.105
2775,2.615,1.100
2776,2.610,1.095
2777,2.586,1.090
2778,2.625,1.085
2779,2.717,1.080
2780,2.791,1.080
2781,2.805,1.075
2782,2.786,1.070
2783,2.747,1.065
2784,2.698,1.061
2785,2.664,1.056
2786,2.610,1.051
2787,2.693,1.046
2788,2.703,1.041
2789,2.664,1.036
2790,2.620,1.036
2791,2.576,1.031
2792,2.546,1.026
2793,2.532,1.022
2794,2.537,1.017
2795,2.527,1.012
2796,2.586,1.007
2797,2.595,1.007
2798,2.625,1.002
2799,2.678,0.997
2800,2.708,0.997
2801,2.708,0.992
2802,2.698,0.987
2803,2.678,0.987
2804,2.639,0.982
2805,2.615,0.982
2806,2.600,0.978
2807,2.590,0.978
2808,2.581,0.973
2809,2.571,0.973
2810,2.556,0.973
2811,2.532,0.968
2812,2.522,0.968
2813,2.512,0.963
2814,2.502,0.963
2815,2.463,0.963
2816,2.532,0.963
2817,2.551,0.963
2818,2.590,0.958
2819,2.639,0.958
2820,2.669,0.958
2821,2.664,0.958
2822,2.649,0.958
2823,2.620,0.958
2824,2.576,0.958
2825,2.556,0.958
2826,2.551,0.958
2827,2.556,0.958
2828,2.551,0.958
2829,2.537,0.958
2830,2.522,0.958
2831,2.512,0.958
2832,2.498,0.958
2833,2.493,0.958
2834,2.483,0.958
2835,2.473,0.958
2836,2.434,0.958
2837,2.473,0.958
2838,2.605,0.958
2839,2.659,0.963
2840,2.659,0.963
2841,2.634,0.963
2842,2.615,0.963
2843,2.546,0.963
2844,2.595,0.963
2845,2.595,0.968
2846,2.581,0.968
2847,2.556,0.968
2848,2.537,0.968
2849,2.537,0.968
2850,2.546,0.968
2851,2.556,0.968
2852,2.556,0.968
2853,2.551,0.973
2854,2.546,0.968
2855,2.532,0.973
2856,2.522,0.973
2857,2.644,0.973
2858,2.717,0.973
2859,2.727,0.973
2860,2.703,0.973
2861,2.678,0.973
2862,2.654,0.973
2863,2.615,0.973
2864,2.586,0.973
2865,2.571,0.978
2866,2.542,0.978
2867,2.512,0.978
2868,2.483,0.978
2869,2.454,0.978
2870,2.439,0.978
2871,2.439,0.978
2872,2.444,0.978
2873,2.458,0.982
2874,2.454,0.982
2875,2.454,0.982
2876,2.468,0.982
2877,2.537,0.982
2878,2.620,0.982
2879,2.674,0.987
2880,2.683,0.987
2881,2.654,0.987
2882,2.615,0.987
2883,2.576,0.987
2884,2.571,0.992
2885,2.581,0.992
2886,2.581,0.992
2887,2.581,0.992
2888,2.576,0.992
2889,2.571,0.997
2890,2.561,0.997
2891,2.542,0.997
2892,2.532,0.997
2893,2.527,1.002
2894,2.522,1.002
2895,2.517,1.002
2896,2.551,1.002
2897,2.610,1.007
2898,2.634,1.007
2899,2.586,1.007
2900,2.605,1.007
2901,2.727,1.012
2902,2.722,1.012
2903,2.654,1.012
2904,2.595,1.012
2905,2.571,1.017
2906,2.576,1.017
2907,2.595,1.017
2908,2.600,1.017
2909,2.590,1.017
2910,2.571,1.017
2911,2.556,1.017
2912,2.542,1.017
2913,2.522,1.017
2914,2.537,1.017
2915,2.595,1.017
2916,2.669,1.017
2917,2.595,1.012
2918,2.771,1.012
2919,2.761,1.012
2920,2.703,1.007
2921,2.649,1.007
2922,2.625,1.002
2923,2.630,1.002
2924,2.644,0.997
2925,2.654,0.992
2926,2.644,0.992
2927,2.625,0.987
2928,2.571,0.982
2929,2.639,0.978
2930,2.634,0.973
2931,2.595,0.973
2932,2.605,0.968
2933,2.678,0.963
2934,2.771,0.958
2935,2.840,0.953
2936,2.845,0.948
2937,2.830,0.943
2938,2.801,0.943
2939,2.761,0.938
2940,2.722,0.934
2941,2.693,0.929
2942,2.678,0.924
2943,2.678,0.919
2944,2.654,0.919
2945,2.630,0.914
2946,2.605,0.909
2947,2.595,0.904
2948,2.581,0.904
2949,2.566,0.899
2950,2.546,0.894
2951,2.546,0.890
2952,2.600,0.890
2953,2.722,0.885
2954,2.830,0.880
2955,2.869,0.880
2956,2.854,0.875
2957,2.771,0.870
2958,2.796,0.870
2959,2.757,0.865
2960,2.708,0.865
2961,2.683,0.860
2962,2.634,0.860
2963,2.634,0.855
2964,2.678,0.850
2965,2.669,0.850
2966,2.625,0.846
2967,2.595,0.846
2968,2.571,0.841
2969,2.571,0.841
2970,2.561,0.841
2971,2.556,0.836
2972,2.581,0.836
2973,2.683,0.836
2974,2.791,0.836
2975,2.845,0.831
2976,2.845,0.831
2977,2.805,0.831
2978,2.634,0.826
2979,2.771,0.826
2980,2.747,0.826
2981,2.703,0.826
2982,2.674,0.826
2983,2.654,0.821
2984,2.639,0.821
2985,2.586,0.821
2986,2.654,0.821
2987,2.639,0.821
2988,2.595,0.816
2989,2.571,0.816
2990,2.546,0.816
2991,2.542,0.816
2992,2.542,0.811
2993,2.590,0.811
2994,2.693,0.811
2995,2.781,0.806
2996,2.815,0.806
2997,2.801,0.806
2998,2.766,0.802
2999,2.717,0.802
3000,2.674,0.802
3001,2.649,0.797
3002,2.649,0.797
3003,2.654,0.792
3004,2.654,0.792
3005,2.644,0.792
3006,2.625,0.787
3007,2.595,0.787
3008,2.576,0.782
3009,2.566,0.782
3010,2.556,0.782
3011,2.551,0.777
3012,2.537,0.777
3013,2.532,0.777
3014,2.556,0.772
3015,2.732,0.772
3016,2.825,0.772
3017,2.840,0.767
3018,2.796,0.767
3019,2.742,0.767
3020,2.688,0.767
3021,2.659,0.767
3022,2.644,0.767
3023,2.649,0.762
3024,2.654,0.762
3025,2.610,0.762
3026,2.610,0.762
3027,2.664,0.762
3028,2.649,0.762
3029,2.610,0.762
3030,2.571,0.762
3031,2.556,0.767
3032,2.551,0.767
3033,2.546,0.767
3034,2.556,0.767
3035,2.625,0.767
3036,2.722,0.767
3037,2.791,0.772
3038,2.810,0.772
3039,2.669,0.772
3040,2.796,0.777
3041,2.757,0.777
3042,2.649,0.777
3043,2.703,0.782
3044,2.703,0.782
3045,2.674,0.782
3046,2.630,0.787
3047,2.605,0.787
3048,2.586,0.792
3049,2.586,0.792
3050,2.595,0.797
3051,2.590,0.797
3052,2.581,0.802
3053,2.571,0.802
3054,2.581,0.806
3055,2.659,0.806
3056,2.757,0.811
3057,2.830,0.811
3058,2.820,0.816
3059,2.786,0.816
3060,2.732,0.821
3061,2.683,0.821
3062,2.664,0.826
3063,2.674,0.826
3064,2.674,0.831
3065,2.674,0.831
3066,2.659,0.836
3067,2.639,0.836
3068,2.610,0.841
3069,2.595,0.841
3070,2.581,0.846
3071,2.537,0.846
3072,2.615,0.850
3073,2.625,0.850
3074,2.654,0.855
3075,2.732,0.855
3076,2.805,0.860
3077,2.825,0.860
3078,2.796,0.865
3079,2.766,0.865
3080,2.713,0.865
3081,2.678,0.870
3082,2.674,0.870
3083,2.678,0.875
3084,2.688,0.875
3085,2.683,0.880
3086,2.664,0.880
3087,2.649,0.880
3088,2.600,0.885
3089,2.605,0.885
3090,2.669,0.885
3091,2.649,0.890
3092,2.634,0.890
3093,2.688,0.894
3094,2.791,0.894
3095,2.859,0.894
3096,2.874,0.899
3097,2.845,0.899
3098,2.796,0.899
3099,2.693,0.899
3100,2.757,0.904
3101,2.845,0.904
3102,2.820,0.909
3103,2.747,0.909
3104,2.688,0.909
3105,2.654,0.914
3106,2.644,0.914
3107,2.634,0.914
3108,2.615,0.919
3109,2.605,0.919
3110,2.600,0.919
3111,2.674,0.919
3112,2.791,0.924
3113,2.893,0.924
3114,2.918,0.924
3115,2.884,0.929
3116,2.820,0.929
3117,2.757,0.929
3118,2.717,0.929
3119,2.708,0.929
3120,2.717,0.934
3121,2.722,0.934
3122,2.708,0.934
3123,2.688,0.934
3124,2.669,0.938
3125,2.649,0.938
3126,2.634,0.938
3127,2.610,0.938
3128,2.610,0.943
3129,2.678,0.943
3130,2.810,0.943
3131,2.908,0.943
3132,2.942,0.948
3133,2.908,0.948
3134,2.845,0.948
3135,2.766,0.948
3136,2.722,0.953
3137,2.713,0.953
3138,2.722,0.953
3139,2.717,0.953
3140,2.713,0.953
3141,2.693,0.958
3142,2.674,0.958
3143,2.649,0.958
3144,2.630,0.958
3145,2.615,0.958
3146,2.605,0.963
3147,2.649,0.963
3148,2.776,0.963
3149,2.908,0.963
3150,2.957,0.968
3151,2.889,0.968
3152,2.849,0.968
3153,2.874,0.968
3154,2.835,0.968
3155,2.801,0.968
3156,2.752,0.973
3157,2.835,0.973
3158,2.840,0.973
3159,2.796,0.973
3160,2.757,0.973
3161,2.581,0.973
3162,2.742,0.978
3163,2.732,0.978
3164,2.717,0.978
3165,2.805,0.978
3166,2.933,0.978
3167,3.016,0.978
3168,3.021,0.982
3169,2.986,0.982
3170,2.923,0.982
3171,2.864,0.982
3172,2.845,0.982
3173,2.849,0.982
3174,2.854,0.987
3175,2.845,0.987
3176,2.805,0.987
3177,2.766,0.987
3178,2.722,0.987
3179,2.693,0.987
3180,2.669,0.987
3181,2.654,0.987
3182,2.669,0.987
3183,2.786,0.987
3184,2.913,0.987
3185,3.089,0.987
3186,3.079,0.987
3187,3.001,0.987
3188,2.884,0.987
3189,2.805,0.987
3190,2.776,0.987
3191,2.786,0.987
3192,2.801,0.982
3193,2.796,0.982
3194,2.766,0.982
3195,2.727,0.978
3196,2.698,0.978
3197,2.674,0.978
3198,2.654,0.978
3199,2.639,0.973
3200,2.654,0.973
3201,2.771,0.973
3202,2.928,0.968
3203,3.016,0.968
3204,3.006,0.968
3205,2.952,0.963
3206,2.874,0.963
3207,2.801,0.963
3208,2.761,0.963
3209,2.766,0.958
3210,2.766,0.958
3211,2.757,0.958
3212,2.732,0.958
3213,2.649,0.953
3214,2.678,0.953
3215,2.683,0.953
3216,2.717,0.953
3217,2.678,0.948
3218,2.654,0.948
3219,2.737,0.948
3220,2.869,0.948
3221,2.967,0.948
3222,2.815,0.948
3223,2.986,0.943
3224,2.923,0.943
3225,2.810,0.943
3226,2.742,0.943
3227,2.722,0.943
3228,2.722,0.943
3229,2.722,0.943
3230,2.703,0.943
3231,2.669,0.943
3232,2.639,0.943
3233,2.610,0.943
3234,2.595,0.943
3235,2.581,0.943
3236,2.576,0.943
3237,2.639,0.943
3238,2.786,0.943
3239,2.908,0.943
3240,2.952,0.943
3241,2.854,0.943
3242,2.898,0.948
3243,2.835,0.948
3244,2.752,0.948
3245,2.708,0.948
3246,2.717,0.948
3247,2.722,0.948
3248,2.708,0.948
3249,2.683,0.948
3250,2.659,0.953
3251,2.630,0.953
3252,2.615,0.953
3253,2.600,0.953
3254,2.581,0.953
3255,2.576,0.953
3256,2.649,0.953
3257,2.776,0.958
3258,2.879,0.958
3259,2.903,0.958
3260,2.864,0.958
3261,2.801,0.958
3262,2.727,0.958
3263,2.669,0.963
3264,2.649,0.963
3265,2.664,0.963
3266,2.669,0.963
3267,2.659,0.968
3268,2.630,0.968
3269,2.620,0.968
3270,2.561,0.968
3271,2.649,0.968
3272,2.630,0.968
3273,2.571,0.973
3274,2.517,0.973
3275,2.507,0.973
3276,2.586,0.973
3277,2.678,0.973
3278,2.805,0.973
3279,2.893,0.978
3280,2.864,0.978
3281,2.776,0.978
3282,2.669,0.978
3283,2.458,0.978
3284,2.683,0.978
3285,2.717,0.978
3286,2.669,0.982
3287,2.600,0.982
3288,2.537,0.982
3289,2.493,0.982
3290,2.483,0.982
3291,2.478,0.982
3292,2.473,0.982
3293,2.478,0.987
3294,2.473,0.987
3295,2.512,0.987
3296,2.610,0.987
3297,2.713,0.987
3298,2.708,0.987
3299,2.796,0.987
3300,2.761,0.987
3301,2.664,0.987
3302,2.586,0.987
3303,2.556,0.987
3304,2.561,0.992
3305,2.571,0.992
3306,2.566,0.992
3307,2.546,0.992
3308,2.532,0.992
3309,2.517,0.992
3310,2.493,0.992
3311,2.483,0.987
3312,2.473,0.992
3313,2.468,0.992
3314,2.468,0.987
3315,2.522,0.987
3316,2.630,0.987
3317,2.703,0.987
3318,2.722,0.987
3319,2.708,0.987
3320,2.664,0.987
3321,2.620,0.982
3322,2.571,0.982
3323,2.551,0.982
3324,2.551,0.982
3325,2.556,0.982
3326,2.551,0.978
3327,2.488,0.978
3328,2.566,0.978
3329,2.581,0.978
3330,2.556,0.978
3331,2.537,0.973
3332,2.522,0.973
3333,2.517,0.973
3334,2.512,0.973
3335,2.566,0.973
3336,2.659,0.968
3337,2.727,0.968
3338,2.732,0.968
3339,2.708,0.968
3340,2.605,0.968
3341,2.581,0.963
3342,2.649,0.963
3343,2.649,0.963
3344,2.468,0.963
3345,2.664,0.963
3346,2.659,0.963
3347,2.600,0.963
3348,2.546,0.963
3349,2.512,0.963
3350,2.502,0.963
3351,2.507,0.963
3352,2.507,0.963
3353,2.507,0.963
3354,2.502,0.963
3355,2.517,0.963
3356,2.722,0.963
3357,2.810,0.963
3358,2.791,0.963
3359,2.732,0.963
3360,2.678,0.963
3361,2.625,0.963
3362,2.600,0.963
3363,2.595,0.963
3364,2.610,0.963
3365,2.625,0.963
3366,2.615,0.968
3367,2.600,0.968
3368,2.571,0.968
3369,2.551,0.968
3370,2.546,0.968
3371,2.537,0.968
3372,2.532,0.968
3373,2.522,0.968
3374,2.522,0.973
3375,2.542,0.973
3376,2.620,0.973
3377,2.713,0.973
3378,2.757,0.973
3379,2.737,0.973
3380,2.703,0.978
3381,2.654,0.978
3382,2.620,0.978
3383,2.605,0.978
3384,2.625,0.978
3385,2.644,0.978
3386,2.654,0.978
3387,2.634,0.978
3388,2.634,0.982
3389,2.630,0.982
3390,2.625,0.982
3391,2.610,0.982
3392,2.595,0.982
3393,2.581,0.982
3394,2.586,0.987
3395,2.664,0.987
3396,2.776,0.987
3397,2.849,0.987
3398,2.859,0.987
3399,2.830,0.987
3400,2.781,0.987
3401,2.727,0.992
3402,2.703,0.992
3403,2.634,0.992
3404,2.747,0.992
3405,2.771,0.992
3406,2.610,0.997
3407,2.766,0.997
3408,2.742,0.997
3409,2.678,0.997
3410,2.634,0.997
3411,2.605,1.002
3412,2.566,1.002
3413,2.737,1.002
3414,2.889,1.002
3415,2.991,1.002
3416,3.006,1.007
3417,2.957,1.007
3418,2.893,1.007
3419,2.820,1.007
3420,2.771,1.007
3421,2.757,1.007
3422,2.766,1.012
3423,2.776,1.012
3424,2.776,1.012
3425,2.752,1.012
3426,2.727,1.012
3427,2.713,1.012
3428,2.698,1.012
3429,2.693,1.017
3430,2.678,1.017
3431,2.664,1.017
3432,2.722,1.017
3433,2.884,1.017
3434,3.021,1.017
3435,3.060,1.017
3436,3.030,1.017
3437,2.952,1.022
3438,2.879,1.022
3439,2.815,1.022
3440,2.752,1.022
3441,2.889,1.022
3442,2.898,1.022
3443,2.859,1.022
3444,2.801,1.022
3445,2.752,1.022
3446,2.722,1.022
3447,2.703,1.022
3448,2.683,1.022
3449,2.674,1.022
3450,2.693,1.022
3451,2.805,1.022
3452,2.967,1.022
3453,3.055,1.022
3454,3.030,1.022
3455,2.962,1.022
3456,2.879,1.022
3457,2.805,1.022
3458,2.771,1.017
3459,2.771,1.017
3460,2.781,1.017
3461,2.786,1.017
3462,2.766,1.017
3463,2.737,1.017
3464,2.708,1.017
3465,2.683,1.017
3466,2.586,1.017
3467,2.473,1.017
3468,2.815,1.017
3469,2.874,1.012
3470,3.050,1.012
3471,3.089,1.012
3472,3.030,1.017
3473,2.942,1.012
3474,2.859,1.017
3475,2.796,1.017
3476,2.761,1.012
3477,2.771,1.017
3478,2.796,1.017
3479,2.801,1.017
3480,2.781,1.017
3481,2.752,1.017
3482,2.713,1.017
3483,2.688,1.017
3484,2.674,1.017
3485,2.654,1.017
3486,2.664,1.017
3487,2.752,1.017
3488,2.893,1.017
3489,2.996,1.017
3490,3.016,1.017
3491,2.977,1.017
3492,2.898,1.017
3493,2.815,1.017
3494,2.771,1.017
3495,2.771,1.017
3496,2.786,1.022
3497,2.732,1.022
3498,2.840,1.022
3499,2.820,1.022
3500,2.761,1.022
3501,2.703,1.022
3502,2.669,1.022
3503,2.654,1.022
3504,2.683,1.022
3505,2.810,1.026
3506,2.947,1.026
3507,3.016,1.026
3508,3.016,1.026
3509,2.962,1.026
3510,2.903,1.026
3511,2.830,1.026
3512,2.791,1.026
3513,2.786,1.031
3514,2.796,1.031
3515,2.781,1.031
3516,2.757,1.031
3517,2.727,1.031
3518,2.703,1.031
3519,2.678,1.031
3520,2.659,1.036
3521,2.639,1.036
3522,2.630,1.036
3523,2.644,1.036
3524,2.742,1.036
3525,2.884,1.036
3526,2.937,1.036
3527,3.050,1.041
3528,3.035,1.041
3529,2.815,1.041
3530,2.879,1.041
3531,2.937,1.041
3532,2.893,1.041
3533,2.815,1.041
3534,2.742,1.041
3535,2.708,1.046
3536,2.688,1.046
3537,2.683,1.046
3538,2.664,1.046
3539,2.654,1.046
3540,2.634,1.046
3541,2.620,1.046
3542,2.625,1.046
3543,2.717,1.046
3544,2.845,1.051
3545,2.928,1.051
3546,2.937,1.051
3547,2.898,1.051
3548,2.840,1.051
3549,2.776,1.051
3550,2.727,1.051
3551,2.722,1.051
3552,2.732,1.051
3553,2.727,1.056
3554,2.654,1.056
3555,2.747,1.056
3556,2.732,1.056
3557,2.678,1.056
3558,2.634,1.056
3559,2.605,1.056
3560,2.595,1.056
3561,2.590,1.056
3562,2.595,1.056
3563,2.649,1.061
3564,2.771,1.061
3565,2.864,1.061
3566,2.889,1.061
3567,2.864,1.061
3568,2.815,1.061
3569,2.757,1.061
3570,2.713,1.061
3571,2.698,1.061
3572,2.693,1.061
3573,2.688,1.061
3574,2.669,1.065
3575,2.649,1.061
3576,2.634,1.065
3577,2.620,1.065
3578,2.590,1.065
3579,2.581,1.065
3580,2.566,1.065
3581,2.561,1.065
3582,2.556,1.065
3583,2.561,1.065
3584,2.913,1.065
3585,2.986,1.065
3586,2.898,1.065
3587,2.791,1.070
3588,2.717,1.070
3589,2.595,1.070
3590,2.747,1.070
3591,2.698,1.070
3592,2.737,1.070
3593,2.698,1.070
3594,2.639,1.070
3595,2.595,1.070
3596,2.561,1.070
3597,2.551,1.070
3598,2.546,1.070
3599,2.542,1.075
3600,2.537,1.075
3601,2.527,1.075
3602,2.522,1.075
3603,2.542,1.075
3604,2.625,1.075
3605,2.713,1.075
3606,2.757,1.075
3607,2.747,1.075
3608,2.708,1.075
3609,2.659,1.075
3610,2.615,1.075
3611,2.542,1.075
3612,2.659,1.080
3613,2.678,1.080
3614,2.644,1.080
3615,2.595,1.080
3616,2.561,1.080
3617,2.546,1.080
3618,2.542,1.080
3619,2.532,1.080
3620,2.532,1.080
3621,2.522,1.080
3622,2.512,1.080
3623,2.527,1.085
3624,2.595,1.080
3625,2.664,1.085
3626,2.703,1.085
3627,2.703,1.085
3628,2.669,1.085
3629,2.630,1.085
3630,2.590,1.085
3631,2.571,1.085
3632,2.571,1.085
3633,2.581,1.085
3634,2.586,1.085
3635,2.571,1.085
3636,2.556,1.085
3637,2.537,1.085
3638,2.527,1.085
3639,2.527,1.085
3640,2.527,1.085
3641,2.527,1.090
3642,2.517,1.090
3643,2.512,1.090
3644,2.532,1.090
3645,2.595,1.090
3646,2.659,1.090
3647,2.678,1.090
3648,2.674,1.090
3649,2.639,1.090
3650,2.620,1.090
3651,2.571,1.090
3652,2.693,1.090
3653,2.698,1.090
3654,2.561,1.090
3655,2.532,1.090
3656,2.644,1.090
3657,2.644,1.090
3658,2.600,1.095
3659,2.556,1.095
3660,2.537,1.095
3661,2.532,1.095
3662,2.532,1.095
3663,2.546,1.095
3664,2.590,1.095
3665,2.678,1.095
3666,2.722,1.095
3667,2.713,1.095
3668,2.630,1.095
3669,2.708,1.095
3670,2.693,1.095
3671,2.639,1.095
3672,2.600,1.100
3673,2.590,1.095
3674,2.581,1.100
3675,2.576,1.100
3676,2.561,1.100
3677,2.551,1.100
3678,2.551,1.100
3679,2.546,1.100
3680,2.537,1.100
3681,2.537,1.100
3682,2.542,1.100
3683,2.556,1.100
3684,2.581,1.100
3685,2.644,1.100
3686,2.688,1.100
3687,2.698,1.100
3688,2.688,1.100
3689,2.659,1.100
3690,2.625,1.105
3691,2.600,1.105
3692,2.586,1.105
3693,2.600,1.105
3694,2.615,1.105
3695,2.605,1.105
3696,2.546,1.105
3697,2.639,1.105
3698,2.644,1.105
3699,2.610,1.105
3700,2.581,1.105
3701,2.556,1.105
3702,2.556,1.105
3703,2.571,1.105
3704,2.649,1.105
3705,2.717,1.109
3706,2.761,1.109
3707,2.752,1.109
3708,2.727,1.109
3709,2.693,1.109
3710,2.669,1.109
3711,2.664,1.109
3712,2.649,1.109
3713,2.786,1.109
3714,2.781,1.109
3715,2.727,1.109
3716,2.664,1.109
3717,2.537,1.109
3718,2.551,1.109
3719,2.688,1.109
3720,2.698,1.109
3721,2.664,1.109
3722,2.630,1.114
3723,2.669,1.114
3724,2.747,1.114
3725,2.776,1.114
3726,2.893,1.114
3727,2.889,1.114
3728,2.830,1.114
3729,2.757,1.114
3730,2.717,1.114
3731,2.717,1.114
3732,2.732,1.114
3733,2.742,1.114
3734,2.732,1.114
3735,2.717,1.114
3736,2.708,1.114
3737,2.688,1.114
3738,2.669,1.114
3739,2.654,1.114
3740,2.649,1.119
3741,2.644,1.119
3742,2.669,1.119
3743,2.757,1.119
3744,2.864,1.119
3745,2.908,1.119
3746,2.913,1.119
3747,2.889,1.119
3748,2.835,1.119
3749,2.791,1.119
3750,2.771,1.119
3751,2.776,1.119
3752,2.786,1.119
3753,2.727,1.119
3754,2.825,1.119
3755,2.815,1.119
3756,2.757,1.119
3757,2.703,1.119
3758,2.683,1.119
3759,2.678,1.119
3760,2.678,1.119
3761,2.693,1.119
3762,2.771,1.119
3763,2.874,1.119
3764,2.933,1.119
3765,2.942,1.119
3766,2.903,1.119
3767,2.854,1.119
3768,2.801,1.119
3769,2.776,1.119
3770,2.781,1.119
3771,2.801,1.119
3772,2.815,1.119
3773,2.771,1.119
3774,2.884,1.119
3775,2.864,1.119
3776,2.786,1.119
3777,2.717,1.119
3778,2.678,1.119
3779,2.674,1.119
3780,2.654,1.119
3781,2.835,1.119
3782,3.021,1.119
3783,3.123,1.119
3784,3.045,1.119
3785,2.923,1.119
3786,2.825,1.119
3787,2.791,1.124
3788,2.805,1.119
3789,2.825,1.124
3790,2.825,1.124
3791,2.805,1.124
3792,2.781,1.124
3793,2.757,1.124
3794,2.742,1.124
3795,2.732,1.124
3796,2.722,1.124
3797,2.713,1.124
3798,2.732,1.124
3799,2.825,1.124
3800,2.933,1.124
3801,2.996,1.124
3802,3.001,1.124
3803,2.972,1.124
3804,2.928,1.124
3805,2.874,1.124
3806,2.854,1.124
3807,2.849,1.124
3808,2.854,1.124
3809,2.854,1.124
3810,2.776,1.124
3811,2.874,1.124
3812,2.864,1.124
3813,2.805,1.124
3814,2.752,1.129
3815,2.722,1.129
3816,2.717,1.129
3817,2.747,1.129
3818,2.859,1.129
3819,2.977,1.129
3820,3.040,1.129
3821,3.040,1.129
3822,3.006,1.129
3823,2.957,1.129
3824,2.903,1.129
3825,2.874,1.129
3826,2.869,1.129
3827,2.869,1.129
3828,2.869,1.129
3829,2.845,1.129
3830,2.815,1.129
3831,2.796,1.134
3832,2.776,1.134
3833,2.761,1.134
3834,2.703,1.134
3835,2.849,1.134
3836,2.859,1.134
3837,2.884,1.134
3838,2.947,1.134
3839,2.977,1.134
3840,3.109,1.134
3841,3.089,1.134
3842,3.016,1.134
3843,2.859,1.134
3844,2.820,1.134
3845,2.937,1.134
3846,2.947,1.134
3847,2.898,1.134
3848,2.845,1.134
3849,2.796,1.134
3850,2.771,1.134
3851,2.752,1.134
3852,2.742,1.134
3853,2.727,1.134
3854,2.713,1.134
3855,2.708,1.134
3856,2.766,1.134
3857,2.893,1.134
3858,3.001,1.134
3859,3.025,1.134
3860,3.001,1.134
3861,2.957,1.134
3862,2.893,1.134
3863,2.835,1.134
3864,2.820,1.134
3865,2.825,1.134
3866,2.825,1.134
3867,2.742,1.134
3868,2.849,1.134
3869,2.835,1.134
3870,2.781,1.134
3871,2.713,1.134
3872,2.674,1.134
3873,2.659,1.134
3874,2.659,1.134
3875,2.717,1.134
3876,2.840,1.134
3877,2.942,1.134
3878,2.977,1.134
3879,2.947,1.134
3880,2.898,1.134
3881,2.840,1.134
3882,2.786,1.134
3883,2.766,1.134
3884,2.766,1.139
3885,2.757,1.139
3886,2.742,1.139
3887,2.722,1.139
3888,2.703,1.139
3889,2.703,1.139
3890,2.708,1.139
3891,2.713,1.139
3892,2.698,1.139
3893,2.674,1.139
3894,2.659,1.139
3895,2.722,1.139
3896,2.996,1.139
3897,3.089,1.139
3898,3.021,1.139
3899,2.918,1.139
3900,2.820,1.139
3901,2.752,1.139
3902,2.727,1.139
3903,2.727,1.144
3904,2.742,1.144
3905,2.737,1.144
3906,2.630,1.144
3907,2.620,1.144
3908,2.761,1.144
3909,2.757,1.144
3910,2.698,1.144
3911,2.634,1.144
3912,2.595,1.144
3913,2.595,1.144
3914,2.674,1.144
3915,2.796,1.144
3916,2.874,1.144
3917,2.884,1.144
3918,2.845,1.144
3919,2.796,1.144
3920,2.732,1.144
3921,2.698,1.149
3922,2.688,1.149
3923,2.698,1.149
3924,2.639,1.149
3925,2.761,1.149
3926,2.742,1.149
3927,2.683,1.149
3928,2.620,1.149
3929,2.586,1.149
3930,2.576,1.149
3931,2.571,1.149
3932,2.576,1.149
3933,2.610,1.149
3934,2.703,1.149
3935,2.791,1.149
3936,2.825,1.149
3937,2.805,1.149
3938,2.771,1.153
3939,2.732,1.153
3940,2.698,1.153
3941,2.693,1.153
3942,2.698,1.153
3943,2.698,1.153
3944,2.683,1.153
3945,2.669,1.153
3946,2.644,1.153
3947,2.620,1.153
3948,2.600,1.153
3949,2.586,1.153
3950,2.566,1.153
3951,2.556,1.153
3952,2.512,1.153
3953,2.698,1.149
3954,2.786,1.149
3955,2.791,1.149
3956,2.693,1.149
3957,2.820,1.149
3958,2.786,1.149
3959,2.698,1.144
3960,2.625,1.144
3961,2.600,1.144
3962,2.595,1.144
3963,2.600,1.139
3964,2.600,1.139
3965,2.586,1.139
3966,2.561,1.139
3967,2.551,1.134
3968,2.542,1.134
3969,2.429,1.134
3970,2.463,1.129
3971,2.654,1.129
3972,2.722,1.129
3973,2.737,1.124
3974,2.708,1.124
3975,2.669,1.119
3976,2.630,1.119
3977,2.600,1.119
3978,2.581,1.114
3979,2.581,1.114
3980,2.595,1.114
3981,2.551,1.114
3982,2.678,1.109
3983,2.669,1.109
3984,2.615,1.109
3985,2.561,1.109
3986,2.537,1.105
3987,2.537,1.105
3988,2.542,1.105
3989,2.551,1.105
3990,2.595,1.105
3991,2.664,1.100
3992,2.708,1.100
3993,2.698,1.100
3994,2.674,1.100
3995,2.644,1.100
3996,2.610,1.100
3997,2.586,1.100
3998,2.590,1.095
3999,2.600,1.095
4000,2.600,1.095
4001,2.590,1.095
4002,2.581,1.095
4003,2.571,1.095
4004,2.566,1.095
4005,2.561,1.095
4006,2.561,1.095
4007,2.556,1.095
4008,2.556,1.095
4009,2.546,1.095
4010,2.752,1.095
4011,2.805,1.095
4012,2.766,1.095
4013,2.698,1.095
4014,2.639,1.095
4015,2.605,1.095
4016,2.605,1.095
4017,2.600,1.095
4018,2.766,1.095
4019,2.757,1.095
4020,2.678,1.095
4021,2.620,1.095
4022,2.595,1.095
4023,2.586,1.095
4024,2.595,1.095
4025,2.600,1.095
4026,2.595,1.095
4027,2.615,1.095
4028,2.683,1.095
4029,2.757,1.095
4030,2.786,1.095
4031,2.776,1.095
4032,2.664,1.095
4033,2.649,1.090
4034,2.801,1.090
4035,2.810,1.090
4036,2.771,1.090
4037,2.737,1.090
4038,2.649,1.090
4039,2.747,1.090
4040,2.742,1.090
4041,2.693,1.090
4042,2.639,1.090
4043,2.610,1.090
4044,2.605,1.090
4045,2.615,1.090
4046,2.674,1.085
4047,2.776,1.085
4048,2.854,1.085
4049,2.859,1.085
4050,2.840,1.085
4051,2.796,1.085
4052,2.752,1.085
4053,2.727,1.085
4054,2.737,1.085
4055,2.752,1.085
4056,2.757,1.085
4057,2.752,1.085
4058,2.722,1.085
4059,2.703,1.085
4060,2.683,1.085
4061,2.678,1.085
4062,2.669,1.085
4063,2.664,1.085
4064,2.674,1.085
4065,2.761,1.085
4066,2.840,1.085
4067,3.025,1.090
4068,3.030,1.090
4069,2.947,1.090
4070,2.845,1.090
4071,2.796,1.090
4072,2.786,1.090
4073,2.805,1.090
4074,2.830,1.090
4075,2.825,1.090
4076,2.805,1.095
4077,2.781,1.095
4078,2.717,1.095
4079,2.859,1.095
4080,2.849,1.095
4081,2.801,1.095
4082,2.840,1.095
4083,2.942,1.095
4084,3.021,1.095
4085,3.030,1.100
4086,2.986,1.100
4087,2.923,1.100
4088,2.859,1.100
4089,2.845,1.100
4090,2.859,1.100
4091,2.864,1.100
4092,2.854,1.105
4093,2.835,1.105
4094,2.801,1.105
4095,2.683,1.105
4096,2.815,1.105
4097,2.923,1.105
4098,2.884,1.105
4099,2.874,1.109
4100,2.952,1.109
4101,3.035,1.109
4102,3.069,1.109
4103,3.065,1.109
4104,3.025,1.109
4105,2.957,1.114
4106,2.903,1.114
4107,2.898,1.114
4108,2.903,1.114
4109,2.898,1.114
4110,2.879,1.114
4111,2.854,1.114
4112,2.825,1.114
4113,2.801,1.119
4114,2.786,1.119
4115,2.766,1.119
4116,2.752,1.119
4117,2.801,1.119
4118,2.937,1.119
4119,3.050,1.119
4120,3.094,1.119
4121,3.069,1.119
4122,3.025,1.119
4123,2.884,1.119
4124,2.977,1.119
4125,2.977,1.119
4126,2.942,1.114
4127,2.898,1.114
4128,2.859,1.114
4129,2.820,1.114
4130,2.796,1.114
4131,2.786,1.109
4132,2.761,1.109
4133,2.752,1.109
4134,2.737,1.105
4135,2.722,1.105
4136,2.737,1.100
4137,2.835,1.100
4138,2.977,1.100
4139,3.025,1.095
4140,3.192,1.090
4141,3.143,1.090
4142,3.001,1.085
4143,2.879,1.085
4144,2.825,1.080
4145,2.835,1.080
4146,2.840,1.075
4147,2.840,1.070
4148,2.810,1.070
4149,2.786,1.065
4150,2.761,1.065
4151,2.737,1.061
4152,2.732,1.061
4153,2.752,1.056
4154,2.752,1.056
4155,2.737,1.056
4156,2.742,1.051
4157,2.820,1.051
4158,2.835,1.046
4159,2.933,1.046
4160,3.118,1.041
4161,3.094,1.041
4162,2.991,1.041
4163,2.898,1.036
4164,2.859,1.036
4165,2.849,1.036
4166,2.854,1.031
4167,2.840,1.031
4168,2.810,1.031
4169,2.776,1.031
4170,2.732,1.031
4171,2.713,1.026
4172,2.683,1.026
4173,2.674,1.026
4174,2.664,1.026
4175,2.649,1.026
4176,2.649,1.026
4177,2.708,1.022
4178,2.815,1.022
4179,2.908,1.022
4180,2.864,1.022
4181,2.977,1.022
4182,2.942,1.022
4183,2.849,1.022
4184,2.776,1.022
4185,2.742,1.022
4186,2.732,1.022
4187,2.737,1.022
4188,2.727,1.022
4189,2.713,1.026
4190,2.688,1.026
4191,2.674,1.026
4192,2.669,1.026
4193,2.659,1.026
4194,2.644,1.026
4195,2.634,1.026
4196,2.630,1.026
4197,2.649,1.031
4198,2.727,1.031
4199,2.825,1.031
4200,2.659,1.031
4201,2.967,1.031
4202,2.986,1.031
4203,2.879,1.036
4204,2.761,1.036
4205,2.693,1.036
4206,2.693,1.036
4207,2.713,1.036
4208,2.630,1.036
4209,2.771,1.036
4210,2.766,1.036
4211,2.713,1.036
4212,2.654,1.036
4213,2.620,1.036
4214,2.620,1.036
4215,2.625,1.036
4216,2.644,1.036
4217,2.732,1.036
4218,2.830,1.036
4219,2.884,1.036
4220,2.884,1.031
4221,2.752,1.031
4222,2.727,1.026
4223,2.884,1.026
4224,2.864,1.026
4225,2.810,1.022
4226,2.757,1.022
4227,2.713,1.022
4228,2.688,1.017
4229,2.674,1.017
4230,2.654,1.012
4231,2.654,1.012
4232,2.634,1.007
4233,2.620,1.007
4234,2.615,1.002
4235,2.605,1.002
4236,2.615,0.997
4237,2.630,0.997
4238,2.869,0.992
4239,2.942,0.992
4240,2.918,0.987
4241,2.849,0.987
4242,2.791,0.982
4243,2.747,0.982
4244,2.727,0.978
4245,2.722,0.978
4246,2.737,0.973
4247,2.732,0.973
4248,2.722,0.968
4249,2.703,0.968
4250,2.688,0.968
4251,2.678,0.963
4252,2.659,0.963
4253,2.644,0.958
4254,2.644,0.958
4255,2.639,0.958
4256,2.634,0.953
4257,2.649,0.953
4258,2.722,0.953
4259,2.810,0.948
4260,2.854,0.948
4261,2.654,0.948
4262,2.913,0.943
4263,2.918,0.943
4264,2.820,0.943
4265,2.659,0.938
4266,2.786,0.938
4267,2.801,0.938
4268,2.761,0.938
4269,2.717,0.938
4270,2.678,0.938
4271,2.659,0.934
4272,2.654,0.934
4273,2.659,0.934
4274,2.659,0.934
4275,2.644,0.934
4276,2.639,0.934
4277,2.674,0.934
4278,2.757,0.934
4279,2.830,0.934
4280,2.845,0.934
4281,2.830,0.938
4282,2.796,0.938
4283,2.757,0.938
4284,2.620,0.938
4285,2.752,0.938
4286,2.786,0.938
4287,2.776,0.938
4288,2.747,0.938
4289,2.713,0.943
4290,2.693,0.943
4291,2.674,0.943
4292,2.669,0.943
4293,2.669,0.948
4294,2.605,0.948
4295,2.732,0.948
4296,2.747,0.948
4297,2.757,0.953
4298,2.801,0.953
4299,2.849,0.953
4300,2.864,0.953
4301,2.849,0.958
4302,2.820,0.958
4303,2.776,0.958
4304,2.752,0.963
4305,2.752,0.963
4306,2.757,0.963
4307,2.761,0.963
4308,2.757,0.968
4309,2.747,0.968
4310,2.722,0.968
4311,2.708,0.968
4312,2.698,0.973
4313,2.688,0.973
4314,2.678,0.973
4315,2.669,0.978
4316,2.678,0.978
4317,2.737,0.978
4318,2.835,0.978
4319,2.903,0.982
4320,2.923,0.982
4321,2.893,0.982
4322,2.620,0.982
4323,2.991,0.987
4324,3.016,0.987
4325,2.923,0.987
4326,2.835,0.987
4327,2.771,0.992
4328,2.747,0.992
4329,2.737,0.992
4330,2.732,0.997
4331,2.732,0.997
4332,2.727,0.997
4333,2.717,0.997
4334,2.703,0.997
4335,2.703,1.002
4336,2.766,1.002
4337,2.859,1.002
4338,2.937,1.002
4339,2.957,1.007
4340,2.937,1.007
4341,2.903,1.007
4342,2.854,1.007
4343,2.820,1.007
4344,2.825,1.012
4345,2.845,1.012
4346,2.854,1.012
4347,2.727,1.012
4348,2.717,1.012
4349,2.893,1.017
4350,2.884,1.017
4351,2.747,1.017
4352,2.835,1.017
4353,2.810,1.017
4354,2.771,1.017
4355,2.786,1.022
4356,2.879,1.022
4357,2.972,1.022
4358,3.006,1.022
4359,2.996,1.022
4360,2.952,1.026
4361,2.893,1.026
4362,2.859,1.026
4363,2.854,1.026
4364,2.864,1.026
4365,2.864,1.026
4366,2.849,1.031
4367,2.820,1.031
4368,2.791,1.031
4369,2.776,1.031
4370,2.757,1.031
4371,2.752,1.031
4372,2.737,1.031
4373,2.727,1.036
4374,2.747,1.036
4375,2.845,1.036
4376,2.957,1.036
4377,3.016,1.036
4378,3.021,1.036
4379,2.913,1.036
4380,3.011,1.036
4381,2.967,1.041
4382,2.918,1.041
4383,2.678,1.041
4384,2.967,1.041
4385,3.011,1.041
4386,2.937,1.041
4387,2.845,1.041
4388,2.781,1.046
4389,2.761,1.046
4390,2.752,1.046
4391,2.747,1.046
4392,2.742,1.046
4393,2.796,1.046
4394,2.903,1.046
4395,3.001,1.046
4396,3.025,1.046
4397,3.001,1.046
4398,2.942,1.046
4399,2.889,1.046
4400,2.830,1.051
4401,2.835,1.051
4402,2.849,1.051
4403,2.859,1.051
4404,2.849,1.051
4405,2.835,1.051
4406,2.820,1.051
4407,2.805,1.051
4408,2.801,1.051
4409,2.781,1.051
4410,2.644,1.051
4411,2.659,1.051
4412,2.923,1.056
4413,3.040,1.056
4414,3.055,1.056
4415,3.016,1.056
4416,2.952,1.056
4417,2.893,1.056
4418,2.845,1.056
4419,2.820,1.056
4420,2.820,1.056
4421,2.830,1.056
4422,2.825,1.056
4423,2.810,1.056
4424,2.781,1.056
4425,2.761,1.056
4426,2.737,1.056
4427,2.717,1.056
4428,2.713,1.056
4429,2.708,1.056
4430,2.698,1.056
4431,2.737,1.051
4432,2.835,1.051
4433,2.918,1.051
4434,2.937,1.051
4435,2.913,1.051
4436,2.796,1.051
4437,2.903,1.051
4438,2.889,1.051
4439,2.840,1.051
4440,2.805,1.051
4441,2.771,1.051
4442,2.752,1.051
4443,2.742,1.051
4444,2.732,1.051
4445,2.659,1.051
4446,2.874,1.051
4447,2.864,1.051
4448,2.776,1.051
4449,2.693,1.051
4450,2.678,1.051
4451,2.757,1.051
4452,2.859,1.051
4453,2.898,1.051
4454,2.893,1.051
4455,2.859,1.051
4456,2.820,1.051
4457,2.776,1.056
4458,2.757,1.056
4459,2.761,1.056
4460,2.766,1.056
4461,2.766,1.056
4462,2.747,1.056
4463,2.727,1.056
4464,2.625,1.056
4465,2.766,1.056
4466,2.776,1.056
4467,2.727,1.056
4468,2.678,1.056
4469,2.659,1.056
4470,2.678,1.056
4471,2.771,1.061
4472,2.849,1.061
4473,2.757,1.061
4474,2.747,1.061
4475,2.908,1.061
4476,2.874,1.061
4477,2.801,1.061
4478,2.742,1.061
4479,2.732,1.061
4480,2.727,1.061
4481,2.722,1.061
4482,2.717,1.061
4483,2.703,1.061
4484,2.688,1.056
4485,2.674,1.056
4486,2.664,1.056
4487,2.649,1.056
4488,2.644,1.056
4489,2.683,1.056
4490,2.776,1.056
4491,2.845,1.056
4492,2.859,1.056
4493,2.766,1.056
4494,2.884,1.056
4495,2.849,1.056
4496,2.776,1.056
4497,2.727,1.056
4498,2.717,1.056
4499,2.717,1.056
4500,2.727,1.056
4501,2.727,1.056
4502,2.727,1.056
4503,2.717,1.056
4504,2.708,1.056
4505,2.698,1.056
4506,2.630,1.056
4507,2.835,1.056
4508,2.898,1.056
4509,2.918,1.056
4510,2.928,1.056
4511,2.908,1.056
4512,2.889,1.056
4513,2.859,1.056
4514,2.820,1.056
4515,2.796,1.056
4516,2.781,1.061
4517,2.771,1.056
4518,2.761,1.061
4519,2.737,1.061
4520,2.703,1.061
4521,2.630,1.061
4522,2.761,1.061
4523,2.766,1.061
4524,2.708,1.061
4525,2.654,1.061
4526,2.630,1.061
4527,2.674,1.061
4528,2.776,1.061
4529,2.859,1.061
4530,2.879,1.061
4531,2.840,1.065
4532,2.801,1.065
4533,2.757,1.065
4534,2.727,1.065
4535,2.727,1.065
4536,2.625,1.065
4537,2.654,1.065
4538,2.849,1.065
4539,2.849,1.065
4540,2.786,1.065
4541,2.717,1.065
4542,2.678,1.070
4543,2.659,1.070
4544,2.659,1.070
4545,2.659,1.070
4546,2.688,1.070
4547,2.766,1.070
4548,2.845,1.070
4549,2.879,1.070
4550,2.805,1.075
4551,2.928,1.075
4552,2.908,1.075
4553,2.835,1.075
4554,2.776,1.075
4555,2.766,1.075
4556,2.776,1.075
4557,2.786,1.075
4558,2.781,1.080
4559,2.766,1.080
4560,2.742,1.080
4561,2.732,1.080
4562,2.722,1.080
4563,2.713,1.080
4564,2.737,1.080
4565,2.810,1.080
4566,2.918,1.080
4567,2.923,1.080
4568,3.133,1.080
4569,3.099,1.085
4570,2.972,1.085
4571,2.854,1.085
4572,2.801,1.085
4573,2.805,1.085
4574,2.820,1.085
4575,2.820,1.085
4576,2.805,1.085
4577,2.781,1.085
4578,2.698,1.085
4579,2.835,1.085
4580,2.835,1.085
4581,2.786,1.085
4582,2.732,1.085
4583,2.747,1.085
4584,2.854,1.085
4585,2.952,1.085
4586,2.996,1.085
4587,2.981,1.085
4588,2.947,1.085
4589,2.898,1.080
4590,2.849,1.080
4591,2.840,1.080
4592,2.845,1.080
4593,2.859,1.080
4594,2.854,1.080
4595,2.830,1.080
4596,2.805,1.080
4597,2.791,1.080
4598,2.771,1.080
4599,2.639,1.080
4600,2.649,1.080
4601,2.854,1.080
4602,2.859,1.080
4603,2.825,1.080
4604,2.864,1.080
4605,2.957,1.080
4606,3.011,1.080
4607,2.962,1.080
4608,3.079,1.080
4609,3.045,1.080
4610,2.937,1.080
4611,2.874,1.080
4612,2.854,1.080
4613,2.849,1.080
4614,2.854,1.080
4615,2.845,1.080
4616,2.825,1.080
4617,2.801,1.080
4618,2.776,1.080
4619,2.757,1.075
4620,2.752,1.075
4621,2.732,1.075
4622,2.722,1.075
4623,2.727,1.075
4624,2.796,1.070
4625,2.918,1.070
4626,3.016,1.065
4627,3.045,1.065
4628,2.933,1.065
4629,3.099,1.061
4630,3.050,1.061
4631,2.942,1.056
4632,2.864,1.056
4633,2.845,1.056
4634,2.845,1.051
4635,2.776,1.051
4636,2.918,1.046
4637,2.918,1.046
4638,2.849,1.046
4639,2.786,1.041
4640,2.747,1.041
4641,2.737,1.036
4642,2.742,1.036
4643,2.825,1.036
4644,2.947,1.031
4645,3.045,1.031
4646,3.060,1.031
4647,3.030,1.026
4648,2.981,1.026
4649,2.923,1.026
4650,2.874,1.026
4651,2.864,1.026
4652,2.864,1.022
4653,2.864,1.022
4654,2.854,1.022
4655,2.835,1.022
4656,2.805,1.022
4657,2.781,1.017
4658,2.761,1.017
4659,2.747,1.017
4660,2.742,1.017
4661,2.732,1.017
4662,2.625,1.017
4663,2.742,1.017
4664,3.079,1.017
4665,3.187,1.017
4666,3.138,1.017
4667,3.035,1.017
4668,2.947,1.017
4669,2.879,1.017
4670,2.845,1.017
4671,2.859,1.017
4672,2.884,1.017
4673,2.884,1.017
4674,2.869,1.017
4675,2.835,1.017
4676,2.796,1.017
4677,2.776,1.022
4678,2.752,1.022
4679,2.752,1.022
4680,2.742,1.022
4681,2.742,1.022
4682,2.791,1.026
4683,2.913,1.026
4684,3.016,1.026
4685,3.060,1.026
4686,3.040,1.026
4687,2.996,1.026
4688,2.933,1.026
4689,2.625,1.026
4690,2.977,1.031
4691,3.060,1.031
4692,2.913,1.031
4693,2.972,1.031
4694,2.913,1.036
4695,2.835,1.036
4696,2.776,1.036
4697,2.737,1.036
4698,2.722,1.036
4699,2.717,1.041
4700,2.766,1.041
4701,2.893,1.041
4702,3.001,1.041
4703,3.040,1.041
4704,3.016,1.046
4705,2.962,1.046
4706,2.898,1.046
4707,2.859,1.046
4708,2.849,1.046
4709,2.849,1.051
4710,2.845,1.051
4711,2.835,1.051
4712,2.810,1.051
4713,2.796,1.051
4714,2.771,1.056
4715,2.757,1.056
4716,2.742,1.056
4717,2.727,1.056
4718,2.742,1.056
4719,2.820,1.056
4720,2.869,1.056
4721,3.099,1.061
4722,3.118,1.061
4723,3.030,1.061
4724,2.918,1.061
4725,2.713,1.061
4726,2.698,1.061
4727,2.947,1.061
4728,2.977,1.065
4729,2.913,1.065
4730,2.810,1.065
4731,2.771,1.065
4732,2.747,1.065
4733,2.742,1.065
4734,2.732,1.070
4735,2.727,1.070
4736,2.727,1.070
4737,2.776,1.070
4738,2.889,1.070
4739,2.986,1.070
4740,3.021,1.070
4741,2.991,1.070
4742,2.957,1.075
4743,2.898,1.075
4744,2.859,1.075
4745,2.849,1.075
4746,2.849,1.075
4747,2.854,1.075
4748,2.840,1.075
4749,2.752,1.075
4750,2.830,1.075
4751,3.040,1.075
4752,2.981,1.075
4753,2.845,1.080
4754,2.727,1.080
4755,2.708,1.080
4756,2.805,1.080
4757,2.942,1.080
4758,3.021,1.080
4759,3.025,1.080
4760,2.981,1.085
4761,2.937,1.085
4762,2.874,1.085
4763,2.845,1.085
4764,2.840,1.085
4765,2.845,1.085
4766,2.840,1.085
4767,2.830,1.085
4768,2.805,1.085
4769,2.786,1.090
4770,2.766,1.090
4771,2.757,1.090
4772,2.737,1.090
4773,2.732,1.090
4774,2.713,1.090
4775,2.732,1.090
4776,2.815,1.090
4777,2.869,1.090
4778,3.113,1.095
4779,3.128,1.095
4780,3.025,1.095
4781,2.923,1.095
4782,2.840,1.095
4783,2.805,1.095
4784,2.820,1.095
4785,2.845,1.095
4786,2.854,1.095
4787,2.845,1.100
4788,2.693,1.100
4789,2.678,1.100
4790,2.889,1.100
4791,2.893,1.100
4792,2.820,1.100
4793,2.747,1.100
4794,2.771,1.100
4795,2.889,1.100
4796,3.001,1.100
4797,3.040,1.105
4798,3.030,1.105
4799,2.977,1.105
4800,2.908,1.105
4801,2.849,1.105
4802,2.830,1.105
4803,2.840,1.105
4804,2.845,1.105
4805,2.830,1.105
4806,2.727,1.105
4807,2.874,1.105
4808,2.874,1.105
4809,2.805,1.105
4810,2.752,1.105
4811,2.630,1.105
4812,2.884,1.105
4813,2.913,1.109
4814,2.918,1.109
4815,2.957,1.109
4816,2.986,1.109
4817,2.986,1.109
4818,2.957,1.109
4819,2.913,1.109
4820,2.859,1.109
4821,2.840,1.109
4822,2.835,1.109
4823,2.835,1.109
4824,2.830,1.109
4825,2.815,1.109
4826,2.791,1.109
4827,2.766,1.109
4828,2.747,1.109
4829,2.732,1.114
4830,2.717,1.114
4831,2.713,1.114
4832,2.708,1.114
4833,2.708,1.114
4834,2.708,1.114
4835,3.006,1.114
4836,3.099,1.114
4837,3.055,1.114
4838,2.967,1.114
4839,2.879,1.114
4840,2.815,1.114
4841,2.791,1.114
4842,2.801,1.114
4843,2.830,1.114
4844,2.840,1.114
4845,2.820,1.114
4846,2.801,1.119
4847,2.786,1.119
4848,2.766,1.119
4849,2.757,1.119
4850,2.737,1.119
4851,2.600,1.119
4852,2.615,1.119
4853,2.903,1.119
4854,3.025,1.119
4855,3.060,1.119
4856,3.030,1.119
4857,2.981,1.119
4858,2.937,1.119
4859,2.893,1.119
4860,2.840,1.119
4861,2.825,1.119
4862,2.835,1.119
4863,2.757,1.119
4864,2.918,1.124
4865,2.913,1.124
4866,2.840,1.124
4867,2.752,1.124
4868,2.703,1.124
4869,2.683,1.124
4870,2.683,1.124
4871,2.683,1.124
4872,2.595,1.124
4873,2.898,1.124
4874,3.016,1.124
4875,3.035,1.124
4876,2.986,1.124
4877,2.928,1.124
4878,2.879,1.124
4879,2.835,1.124
4880,2.796,1.129
4881,2.781,1.129
4882,2.776,1.129
4883,2.776,1.129
4884,2.781,1.129
4885,2.766,1.129
4886,2.732,1.129
4887,2.708,1.129
4888,2.693,1.129
4889,2.683,1.129
4890,2.674,1.129
4891,2.581,1.129
4892,2.747,1.129
4893,2.757,1.129
4894,2.722,1.129
4895,2.752,1.129
4896,2.825,1.129
4897,2.889,1.129
4898,2.889,1.129
4899,2.859,1.129
4900,2.815,1.134
4901,2.761,1.134
4902,2.737,1.134
4903,2.737,1.134
4904,2.742,1.134
4905,2.742,1.134
4906,2.727,1.134
4907,2.708,1.134
4908,2.688,1.134
4909,2.678,1.134
4910,2.659,1.134
4911,2.659,1.134
4912,2.654,1.134
4913,2.654,1.134
4914,2.502,1.134
4915,2.517,1.134
4916,2.801,1.134
4917,2.903,1.134
4918,2.923,1.134
4919,2.884,1.134
4920,2.830,1.139
4921,2.810,1.134
4922,2.766,1.139
4923,2.737,1.139
4924,2.727,1.139
4925,2.727,1.139
4926,2.732,1.139
4927,2.727,1.139
4928,2.713,1.139
4929,2.698,1.139
4930,2.683,1.139
4931,2.669,1.139
4932,2.664,1.139
4933,2.400,1.139
4934,2.766,1.139
4935,2.854,1.139
4936,2.791,1.139
4937,2.747,1.139
4938,2.766,1.139
4939,2.815,1.144
4940,2.830,1.144
4941,2.820,1.144
4942,2.796,1.144
4943,2.761,1.144
4944,2.727,1.144
4945,2.732,1.144
4946,2.732,1.144
4947,2.737,1.144
4948,2.649,1.144
4949,2.805,1.144
4950,2.796,1.144
4951,2.737,1.144
4952,2.678,1.144
4953,2.649,1.144
4954,2.639,1.144
4955,2.644,1.144
4956,2.659,1.144
4957,2.703,1.144
4958,2.781,1.144
4959,2.849,1.149
4960,2.864,1.149
4961,2.845,1.149
4962,2.815,1.149
4963,2.771,1.149
4964,2.742,1.149
4965,2.737,1.149
4966,2.742,1.149
4967,2.752,1.149
4968,2.747,1.149
4969,2.732,1.149
4970,2.708,1.149
4971,2.703,1.149
4972,2.698,1.149
4973,2.678,1.149
4974,2.674,1.149
4975,2.669,1.149
4976,2.586,1.149
4977,2.678,1.149
4978,2.810,1.149
4979,3.065,1.149
4980,3.045,1.149
4981,2.933,1.149
4982,2.845,1.153
4983,2.776,1.153
4984,2.752,1.153
4985,2.757,1.153
4986,2.781,1.153
4987,2.791,1.153
4988,2.786,1.153
4989,2.761,1.153
4990,2.752,1.153
4991,2.732,1.153
4992,2.727,1.153
4993,2.717,1.153
4994,2.493,1.153
4995,2.830,1.153
4996,2.913,1.153
4997,2.903,1.153
4998,2.923,1.153
4999,2.923,1.153
5000,2.928,1.153
5001,2.933,1.153
5002,2.908,1.153
5003,2.869,1.158
5004,2.840,1.158
5005,2.771,1.153
5006,2.937,1.158
5007,2.952,1.158
5008,2.884,1.158
5009,2.815,1.158
5010,2.766,1.158
5011,2.747,1.158
5012,2.747,1.158
5013,2.757,1.158
5014,2.752,1.158
5015,2.737,1.158
5016,2.727,1.158
5017,2.781,1.158
5018,2.889,1.158
5019,2.981,1.158
5020,3.006,1.158
5021,2.981,1.158
5022,2.947,1.158
5023,2.898,1.158
5024,2.859,1.158
5025,2.849,1.158
5026,2.854,1.158
5027,2.869,1.158
5028,2.864,1.158
5029,2.854,1.163
5030,2.830,1.163
5031,2.820,1.163
5032,2.805,1.163
5033,2.717,1.163
5034,2.874,1.163
5035,2.884,1.163
5036,2.879,1.163
5037,2.933,1.163
5038,3.006,1.163
5039,3.030,1.163
5040,2.889,1.163
5041,2.859,1.163
5042,3.065,1.163
5043,3.050,1.163
5044,2.981,1.163
5045,2.913,1.163
5046,2.874,1.163
5047,2.859,1.163
5048,2.845,1.163
5049,2.840,1.163
5050,2.825,1.163
5051,2.810,1.163
5052,2.796,1.163
5053,2.781,1.163
5054,2.761,1.163
5055,2.561,1.163
5056,3.074,1.163
5057,3.250,1.163
5058,3.201,1.163
5059,3.084,1.163
5060,2.977,1.168
5061,2.913,1.168
5062,2.810,1.168
5063,2.986,1.168
5064,3.016,1.168
5065,2.962,1.168
5066,2.893,1.168
5067,2.849,1.168
5068,2.820,1.168
5069,2.805,1.168
5070,2.805,1.168
5071,2.796,1.168
5072,2.791,1.168
5073,2.791,1.168
5074,2.864,1.168
5075,2.981,1.168
5076,3.060,1.168
5077,3.065,1.168
5078,3.035,1.168
5079,2.986,1.168
5080,2.923,1.168
5081,2.898,1.168
5082,2.898,1.168
5083,2.908,1.168
5084,2.903,1.168
5085,2.889,1.168
5086,2.869,1.168
5087,2.840,1.168
5088,2.815,1.163
5089,2.805,1.163
5090,2.708,1.163
5091,2.908,1.163
5092,2.991,1.158
5093,3.040,1.158
5094,3.060,1.158
5095,3.045,1.158
5096,3.011,1.153
5097,2.972,1.153
5098,2.933,1.153
5099,2.898,1.149
5100,2.889,1.149
5101,2.889,1.144
5102,2.884,1.144
5103,2.727,1.144
5104,2.722,1.139
5105,2.972,1.139
5106,2.977,1.134
5107,2.889,1.134
5108,2.801,1.129
5109,2.747,1.129
5110,2.766,1.124
5111,2.874,1.124
5112,2.986,1.119
5113,3.040,1.119
5114,3.025,1.114
5115,2.986,1.114
5116,2.683,1.109
5117,3.006,1.105
5118,3.079,1.105
5119,2.928,1.100
5120,3.016,1.100
5121,2.967,1.095
5122,2.879,1.090
5123,2.815,1.090
5124,2.776,1.085
5125,2.776,1.080
5126,2.776,1.080
5127,2.771,1.075
5128,2.766,1.070
5129,2.796,1.070
5130,2.874,1.065
5131,2.952,1.061
5132,2.991,1.061
5133,2.972,1.056
5134,2.928,1.051
5135,2.884,1.046
5136,2.840,1.046
5137,2.815,1.041
5138,2.815,1.036
5139,2.825,1.031
5140,2.820,1.026
5141,2.805,1.022
5142,2.776,1.017
5143,2.742,1.017
5144,2.727,1.012
5145,2.717,1.007
5146,2.703,1.002
5147,2.625,0.997
5148,2.820,0.992
5149,2.937,0.987
5150,2.967,0.982
5151,2.962,0.978
5152,2.923,0.973
5153,2.879,0.968
5154,2.835,0.968
5155,2.815,0.963
5156,2.820,0.958
5157,2.830,0.953
5158,2.825,0.953
5159,2.820,0.948
5160,2.801,0.943
5161,2.776,0.943
5162,2.747,0.938
5163,2.732,0.934
5164,2.722,0.934
5165,2.717,0.929
5166,2.595,0.929
5167,2.674,0.924
5168,3.021,0.924
5169,3.089,0.924
5170,3.021,0.919
5171,2.918,0.919
5172,2.845,0.919
5173,2.805,0.919
5174,2.796,0.919
5175,2.810,0.919
5176,2.835,0.919
5177,2.561,0.914
5178,2.937,0.914
5179,3.016,0.914
5180,2.923,0.914
5181,2.830,0.914
5182,2.757,0.909
5183,2.732,0.909
5184,2.771,0.909
5185,2.869,0.909
5186,2.942,0.909
5187,2.962,0.909
5188,2.928,0.909
5189,2.898,0.909
5190,2.859,0.909
5191,2.835,0.909
5192,2.820,0.909
5193,2.825,0.914
5194,2.835,0.914
5195,2.830,0.914
5196,2.815,0.914
5197,2.801,0.919
5198,2.781,0.919
5199,2.776,0.919
5200,2.761,0.919
5201,2.766,0.919
5202,2.815,0.924
5203,2.903,0.924
5204,2.874,0.924
5205,3.045,0.929
5206,3.045,0.929
5207,2.962,0.929
5208,2.874,0.929
5209,2.820,0.934
5210,2.796,0.934
5211,2.815,0.934
5212,2.830,0.934
5213,2.820,0.934
5214,2.810,0.934
5215,2.796,0.934
5216,2.776,0.934
5217,2.771,0.934
5218,2.761,0.934
5219,2.776,0.929
5220,2.830,0.929
5221,2.913,0.929
5222,2.967,0.924
5223,2.967,0.924
5224,2.937,0.919
5225,2.903,0.919
5226,2.869,0.914
5227,2.849,0.909
5228,2.854,0.904
5229,2.874,0.904
5230,2.815,0.899
5231,2.928,0.894
5232,2.840,0.890
5233,2.962,0.880
5234,2.937,0.880
5235,2.849,0.875
5236,2.786,0.865
5237,2.771,0.860
5238,2.854,0.855
5239,2.903,0.850
5240,3.211,0.846
5241,3.211,0.841
5242,3.089,0.836
5243,2.952,0.831
5244,2.869,0.821
5245,2.845,0.821
5246,2.859,0.811
5247,2.869,0.806
5248,2.869,0.802
5249,2.854,0.797
5250,2.845,0.792
5251,2.825,0.787
5252,2.815,0.782
5253,2.796,0.777
5254,2.796,0.772
5255,2.776,0.767
5256,2.791,0.767
5257,2.884,0.762
5258,2.986,0.758
5259,3.055,0.753
5260,3.050,0.753
5261,2.952,0.748
5262,3.084,0.743
5263,3.050,0.743
5264,2.972,0.738
5265,2.923,0.738
5266,2.898,0.733
5267,2.893,0.733
5268,2.879,0.728
5269,2.859,0.728
5270,2.835,0.723
5271,2.825,0.723
5272,2.815,0.718
5273,2.796,0.718
5274,2.791,0.714
5275,2.791,0.714
5276,2.845,0.709
5277,2.957,0.709
5278,3.045,0.709
5279,3.069,0.704
5280,3.045,0.704
5281,3.001,0.699
5282,2.947,0.699
5283,2.908,0.694
5284,2.898,0.689
5285,2.903,0.689
5286,2.908,0.684
5287,2.898,0.684
5288,2.879,0.679
5289,2.766,0.674
5290,2.937,0.670
5291,2.933,0.670
5292,2.732,0.665
5293,2.674,0.660
5294,2.928,0.660
5295,2.977,0.655
5296,3.021,0.655
5297,3.045,0.650
5298,3.055,0.650
5299,3.040,0.645
5300,2.903,0.640
5301,3.152,0.640
5302,3.123,0.635
5303,3.016,0.635
5304,2.913,0.630
5305,2.859,0.630
5306,2.840,0.626
5307,2.840,0.626
5308,2.835,0.621
5309,2.825,0.621
5310,2.810,0.616
5311,2.805,0.616
5312,2.791,0.611
5313,2.781,0.611
5314,2.815,0.611
5315,2.913,0.606
5316,3.011,0.606
5317,3.045,0.606
5318,2.952,0.601
5319,3.079,0.601
5320,3.030,0.601
5321,2.942,0.601
5322,2.884,0.596
5323,2.864,0.596
5324,2.864,0.596
5325,2.869,0.591
5326,2.854,0.591
5327,2.840,0.591
5328,2.825,0.591
5329,2.810,0.591
5330,2.796,0.587
5331,2.796,0.587
5332,2.796,0.587
5333,2.840,0.587
5334,2.947,0.587
5335,3.045,0.587
5336,3.074,0.582
5337,3.050,0.582
5338,2.991,0.582
5339,2.923,0.582
5340,2.893,0.582
5341,2.893,0.582
5342,2.918,0.577
5343,2.923,0.577
5344,2.903,0.577
5345,2.879,0.577
5346,2.766,0.577
5347,2.942,0.577
5348,2.952,0.577
5349,2.908,0.577
5350,2.879,0.577
5351,2.933,0.577
5352,3.055,0.572
5353,3.148,0.572
5354,3.162,0.572
5355,2.972,0.572
5356,2.893,0.572
5357,3.084,0.567
5358,3.040,0.567
5359,2.957,0.567
5360,2.908,0.567
5361,2.840,0.567
5362,3.133,0.567
5363,3.138,0.567
5364,3.006,0.567
5365,2.874,0.567
5366,2.805,0.567
5367,2.796,0.567
5368,2.830,0.567
5369,2.918,0.567
5370,3.030,0.567
5371,3.099,0.567
5372,3.113,0.567
5373,3.079,0.567
5374,3.016,0.567
5375,2.869,0.567
5376,3.016,0.572
5377,3.025,0.572
5378,2.991,0.572
5379,2.952,0.572
5380,2.933,0.577
5381,2.903,0.577
5382,2.874,0.577
5383,2.854,0.577
5384,2.830,0.582
5385,2.825,0.582
5386,2.889,0.582
5387,3.001,0.587
5388,3.109,0.587
5389,3.148,0.587
5390,3.113,0.591
5391,3.069,0.591
5392,3.016,0.591
5393,2.981,0.591
5394,2.962,0.596
5395,2.972,0.596
5396,2.967,0.601
5397,2.957,0.601
5398,2.937,0.601
5399,2.903,0.606
5400,2.889,0.606
5401,2.869,0.606
5402,2.854,0.611
5403,2.908,0.611
5404,3.583,0.616
5405,3.627,0.616
5406,3.407,0.616
5407,3.162,0.621
5408,3.021,0.621
5409,2.952,0.626
5410,2.967,0.626
5411,2.996,0.626
5412,3.011,0.630
5413,3.006,0.630
5414,2.977,0.630
5415,2.952,0.630
5416,2.923,0.635
5417,2.752,0.635
5418,2.928,0.635
5419,2.957,0.635
5420,2.977,0.635
5421,2.996,0.635
5422,3.421,0.635
5423,3.456,0.635
5424,3.319,0.635
5425,3.162,0.635
5426,3.055,0.635
5427,2.996,0.635
5428,2.996,0.635
5429,3.016,0.630
5430,3.021,0.630
5431,3.011,0.630
5432,2.991,0.630
5433,2.952,0.630
5434,2.928,0.630
5435,2.913,0.626
5436,2.889,0.626
5437,2.874,0.626
5438,2.933,0.626
5439,3.065,0.621
5440,3.187,0.621
5441,3.236,0.621
5442,3.216,0.616
5443,3.162,0.616
5444,3.094,0.616
5445,3.030,0.616
5446,2.996,0.616
5447,3.006,0.616
5448,3.006,0.616
5449,2.991,0.611
5450,2.962,0.611
5451,2.933,0.611
5452,2.913,0.611
5453,2.889,0.611
5454,2.879,0.611
5455,2.864,0.611
5456,2.845,0.611
5457,2.845,0.611
5458,2.937,0.611
5459,3.069,0.611
5460,3.079,0.611
5461,3.294,0.611
5462,3.280,0.611
5463,3.162,0.611
5464,3.035,0.616
5465,2.952,0.616
5466,2.942,0.616
5467,2.942,0.616
5468,2.947,0.616
5469,2.937,0.616
5470,2.913,0.621
5471,2.884,0.621
5472,2.864,0.621
5473,2.845,0.626
5474,2.820,0.626
5475,2.805,0.626
5476,2.801,0.630
5477,2.825,0.630
5478,2.928,0.630
5479,3.045,0.635
5480,3.104,0.635
5481,3.025,0.635
5482,2.796,0.640
5483,3.324,0.640
5484,3.333,0.645
5485,3.148,0.645
5486,2.962,0.645
5487,2.859,0.650
5488,2.722,0.650
5489,2.952,0.655
5490,2.981,0.655
5491,2.913,0.660
5492,2.835,0.660
5493,2.786,0.665
5494,2.761,0.665
5495,2.752,0.665
5496,2.747,0.670
5497,2.815,0.670
5498,2.933,0.674
5499,3.030,0.674
5500,3.055,0.679
5501,3.035,0.679
5502,2.991,0.679
5503,2.933,0.684
5504,2.889,0.684
5505,2.864,0.689
5506,2.854,0.689
5507,2.849,0.694
5508,2.840,0.694
5509,2.820,0.694
5510,2.801,0.699
5511,2.781,0.699
5512,2.766,0.704
5513,2.747,0.704
5514,2.727,0.704
5515,2.722,0.709
5516,2.717,0.709
5517,2.615,0.714
5518,2.849,0.714
5519,2.957,0.714
5520,2.991,0.718
5521,2.986,0.718
5522,2.952,0.718
5523,2.923,0.723
5524,2.884,0.723
5525,2.845,0.723
5526,2.820,0.728
5527,2.805,0.728
5528,2.815,0.728
5529,2.805,0.733
5530,2.786,0.733
5531,2.766,0.738
5532,2.747,0.738
5533,2.727,0.738
5534,2.703,0.743
5535,2.698,0.743
5536,2.693,0.743
5537,2.693,0.743
5538,2.688,0.748
5539,2.683,0.748
5540,2.717,0.748
5541,2.820,0.753
5542,2.898,0.753
5543,2.928,0.753
5544,2.766,0.753
5545,3.025,0.758
5546,3.314,0.758
5547,3.157,0.762
5548,2.913,0.762
5549,2.752,0.762
5550,2.698,0.762
5551,2.703,0.767
5552,2.717,0.767
5553,2.722,0.767
5554,2.722,0.772
5555,2.703,0.772
5556,2.693,0.772
5557,2.688,0.772
5558,2.678,0.777
5559,2.674,0.777
5560,2.678,0.777
5561,2.722,0.777
5562,2.810,0.782
5563,2.874,0.782
5564,2.893,0.782
5565,2.879,0.782
5566,2.854,0.787
5567,2.825,0.787
5568,2.796,0.787
5569,2.776,0.787
5570,2.771,0.792
5571,2.776,0.792
5572,2.771,0.792
5573,2.752,0.792
5574,2.664,0.792
5575,2.845,0.797
5576,2.854,0.797
5577,2.786,0.797
5578,2.737,0.802
5579,2.708,0.802
5580,2.703,0.802
5581,2.703,0.802
5582,2.742,0.802
5583,2.815,0.806
5584,2.879,0.806
5585,2.903,0.806
5586,2.903,0.806
5587,2.869,0.811
5588,2.835,0.811
5589,2.801,0.811
5590,2.791,0.811
5591,2.791,0.811
5592,2.796,0.811
5593,2.796,0.816
5594,2.781,0.816
5595,2.761,0.816
5596,2.752,0.816
5597,2.742,0.816
5598,2.742,0.821
5599,2.737,0.821
5600,2.722,0.821
5601,2.722,0.821
5602,2.639,0.821
5603,2.864,0.826
5604,2.947,0.826
5605,2.864,0.826
5606,2.996,0.826
5607,2.942,0.826
5608,3.109,0.831
5609,3.011,0.831
5610,2.884,0.831
5611,2.805,0.831
5612,2.791,0.831
5613,2.796,0.836
5614,2.815,0.836
5615,2.815,0.836
5616,2.810,0.836
5617,2.796,0.836
5618,2.786,0.841
5619,2.781,0.841
5620,2.776,0.841
5621,2.766,0.841
5622,2.761,0.841
5623,2.781,0.841
5624,2.845,0.841
5625,2.923,0.841
5626,2.967,0.846
5627,2.981,0.846
5628,2.957,0.846
5629,2.928,0.846
5630,2.898,0.846
5631,2.810,0.846
5632,2.996,0.850
5633,3.011,0.850
5634,2.942,0.850
5635,2.884,0.850
5636,2.845,0.850
5637,2.825,0.850
5638,2.815,0.850
5639,2.820,0.850
5640,2.820,0.850
5641,2.815,0.855
5642,2.801,0.855
5643,2.801,0.855
5644,2.810,0.855
5645,2.889,0.855
5646,2.996,0.855
5647,3.065,0.855
5648,3.094,0.855
5649,3.079,0.860
5650,3.050,0.860
5651,3.016,0.860
5652,2.986,0.860
5653,2.962,0.860
5654,2.957,0.860
5655,2.962,0.860
5656,2.952,0.860
5657,2.937,0.865
5658,2.918,0.865
5659,2.805,0.865
5660,2.981,0.865
5661,2.986,0.865
5662,2.923,0.865
5663,2.859,0.865
5664,2.820,0.865
5665,2.815,0.870
5666,2.791,0.870
5667,3.255,0.870
5668,3.363,0.870
5669,3.128,0.870
5670,2.977,0.870
5671,3.206,0.870
5672,3.187,0.870
5673,3.079,0.870
5674,3.001,0.875
5675,2.967,0.875
5676,2.967,0.875
5677,2.962,0.875
5678,2.952,0.875
5679,2.928,0.875
5680,2.903,0.875
5681,2.884,0.875
5682,2.874,0.875
5683,2.849,0.875
5684,2.835,0.875
5685,2.810,0.875
5686,2.815,0.875
5687,2.893,0.870
5688,3.025,0.870
5689,3.138,0.870
5690,3.182,0.870
5691,3.138,0.870
5692,3.060,0.870
5693,2.981,0.870
5694,2.928,0.865
5695,2.908,0.865
5696,2.928,0.865
5697,2.933,0.865
5698,2.928,0.860
5699,2.898,0.860
5700,2.884,0.860
5701,2.869,0.860
5702,2.859,0.860
5703,2.849,0.855
5704,2.830,0.855
5705,2.815,0.855
5706,2.801,0.855
5707,2.796,0.855
5708,2.859,0.855
5709,2.967,0.850
5710,3.069,0.850
5711,3.104,0.850
5712,3.099,0.850
5713,3.050,0.850
5714,3.001,0.850
5715,2.962,0.850
5716,2.869,0.850
5717,3.074,0.850
5718,3.089,0.850
5719,3.011,0.846
5720,2.918,0.846
5721,2.874,0.846
5722,2.864,0.846
5723,2.864,0.846
5724,2.859,0.846
5725,2.869,0.846
5726,2.854,0.846
5727,2.590,0.846
5728,3.074,0.846
5729,3.289,0.846
5730,3.265,0.846
5731,3.143,0.846
5732,3.035,0.846
5733,2.879,0.841
5734,2.864,0.841
5735,3.109,0.841
5736,3.118,0.841
5737,3.030,0.841
5738,2.942,0.841
5739,2.889,0.841
5740,2.874,0.841
5741,2.864,0.841
5742,2.864,0.841
5743,2.859,0.841
5744,2.752,0.841
5745,2.957,0.841
5746,2.977,0.841
5747,2.986,0.841
5748,3.030,0.841
5749,3.074,0.841
5750,3.074,0.841
5751,3.050,0.841
5752,3.001,0.841
5753,2.952,0.841
5754,2.923,0.841
5755,2.928,0.841
5756,2.942,0.841
5757,2.942,0.841
5758,2.923,0.841
5759,2.908,0.841
5760,2.889,0.841
5761,2.864,0.836
5762,2.854,0.836
5763,2.845,0.836
5764,2.835,0.836
5765,2.840,0.836
5766,2.908,0.836
5767,3.016,0.836
5768,3.089,0.836
5769,3.099,0.836
5770,3.060,0.836
5771,3.016,0.836
5772,2.967,0.836
5773,2.854,0.836
5774,3.055,0.836
5775,3.084,0.836
5776,3.021,0.841
5777,2.947,0.841
5778,2.898,0.841
5779,2.874,0.841
5780,2.869,0.841
5781,2.869,0.841
5782,2.854,0.841
5783,2.854,0.841
5784,2.908,0.841
5785,3.021,0.841
5786,3.109,0.841
5787,3.143,0.841
5788,2.786,0.841
5789,3.177,0.841
5790,3.255,0.846
5791,3.148,0.846
5792,3.025,0.846
5793,2.962,0.846
5794,2.937,0.846
5795,2.933,0.846
5796,2.835,0.846
5797,2.859,0.846
5798,3.104,0.850
5799,3.094,0.850
5800,2.981,0.850
5801,2.781,0.850
5802,3.035,0.850
5803,3.167,0.850
5804,3.211,0.855
5805,3.177,0.855
5806,3.123,0.855
5807,3.069,0.855
5808,3.025,0.855
5809,2.977,0.860
5810,2.986,0.860
5811,2.986,0.860
5812,2.986,0.860
5813,2.957,0.860
5814,2.933,0.860
5815,2.903,0.860
5816,2.889,0.865
5817,2.874,0.865
5818,2.869,0.865
5819,2.854,0.865
5820,2.849,0.865
5821,2.889,0.870
5822,3.011,0.870
5823,3.104,0.870
5824,3.143,0.870
5825,3.128,0.870
5826,3.089,0.870
5827,3.035,0.870
5828,2.991,0.875
5829,2.972,0.875
5830,2.884,0.875
5831,3.079,0.875
5832,3.104,0.875
5833,3.035,0.880
5834,2.947,0.880
5835,2.879,0.880
5836,2.849,0.880
5837,2.840,0.880
5838,2.825,0.880
5839,2.825,0.880
5840,2.864,0.880
5841,2.952,0.885
5842,3.060,0.885
5843,3.118,0.885
5844,3.113,0.885
5845,3.069,0.885
5846,3.016,0.885
5847,2.957,0.890
5848,2.933,0.890
5849,2.649,0.890
5850,3.084,0.890
5851,3.206,0.890
5852,3.094,0.890
5853,2.957,0.890
5854,2.854,0.890
5855,2.815,0.890
5856,2.810,0.894
5857,2.830,0.894
5858,2.581,0.894
5859,2.830,0.894
5860,3.260,0.894
5861,3.309,0.894
5862,3.206,0.894
5863,3.069,0.894
5864,2.986,0.899
5865,2.952,0.899
5866,2.937,0.899
5867,2.928,0.899
5868,2.937,0.899
5869,2.928,0.899
5870,2.923,0.899
5871,2.908,0.899
5872,2.889,0.899
5873,2.869,0.904
5874,2.854,0.904
5875,2.849,0.904
5876,2.845,0.904
5877,2.840,0.904
5878,2.825,0.904
5879,2.825,0.904
5880,2.874,0.904
5881,2.977,0.904
5882,3.060,0.909
5883,3.084,0.909
5884,3.065,0.909
5885,3.025,0.909
5886,2.972,0.909
5887,2.835,0.909
5888,3.030,0.909
5889,3.050,0.909
5890,2.986,0.909
5891,2.923,0.909
5892,2.869,0.914
5893,2.854,0.914
5894,2.840,0.914
5895,2.840,0.914
5896,2.835,0.914
5897,2.825,0.914
5898,2.815,0.914
5899,2.801,0.914
5900,2.796,0.914
5901,2.830,0.919
5902,2.918,0.919
5903,3.025,0.919
5904,3.069,0.919
5905,3.065,0.919
5906,3.030,0.919
5907,2.986,0.919
5908,2.942,0.919
5909,2.923,0.919
5910,2.581,0.919
5911,3.065,0.919
5912,3.201,0.919
5913,3.099,0.924
5914,2.942,0.924
5915,2.722,0.924
5916,2.918,0.924
5917,2.937,0.924
5918,2.884,0.924
5919,2.820,0.924
5920,2.786,0.924
5921,2.615,0.924
5922,2.659,0.924
5923,3.128,0.924
5924,3.250,0.929
5925,3.201,0.929
5926,3.089,0.929
5927,3.001,0.929
5928,2.947,0.929
5929,2.913,0.929
5930,2.923,0.929
5931,2.937,0.929
5932,2.937,0.929
5933,2.923,0.929
5934,2.903,0.934
5935,2.879,0.934
5936,2.854,0.934
5937,2.835,0.934
5938,2.830,0.934
5939,2.820,0.934
5940,2.820,0.934
5941,2.801,0.934
5942,2.801,0.934
5943,2.830,0.934
5944,2.928,0.934
5945,3.069,0.938
5946,3.128,0.938
5947,3.104,0.938
5948,3.050,0.938
5949,2.991,0.938
5950,2.947,0.938
5951,2.928,0.938
5952,2.923,0.938
5953,2.923,0.938
5954,2.923,0.938
5955,2.908,0.938
5956,2.889,0.943
5957,2.874,0.943
5958,2.849,0.943
5959,2.830,0.943
5960,2.825,0.943
5961,2.815,0.943
5962,2.801,0.943
5963,2.791,0.943
5964,2.801,0.943
5965,2.864,0.943
5966,2.996,0.943
5967,3.094,0.943
5968,3.128,0.948
5969,3.099,0.948
5970,3.055,0.948
5971,3.006,0.948
5972,2.845,0.943
5973,3.358,0.948
5974,3.333,0.948
5975,3.113,0.948
5976,2.913,0.948
5977,2.820,0.948
5978,2.796,0.948
5979,2.805,0.948
5980,2.810,0.948
5981,2.825,0.953
5982,2.815,0.953
5983,2.791,0.953
5984,2.786,0.953
5985,2.698,0.953
5986,2.801,0.953
5987,3.216,0.953
5988,3.328,0.953
5989,3.245,0.953
5990,3.138,0.953
5991,3.035,0.953
5992,2.981,0.953
5993,2.933,0.953
5994,2.923,0.958
5995,2.933,0.958
5996,2.933,0.958
5997,2.928,0.958
5998,2.903,0.958
5999,2.864,0.958
6000,2.717,0.958
6001,2.942,0.958
6002,2.942,0.958
6003,2.859,0.958
6004,2.776,0.958
6005,2.742,0.958
6006,2.737,0.958
6007,2.757,0.958
6008,2.845,0.963
6009,2.977,0.963
6010,3.069,0.963
6011,3.109,0.963
6012,3.084,0.963
6013,3.035,0.963
6014,2.991,0.963
6015,2.952,0.963
6016,2.947,0.963
6017,2.967,0.963
6018,2.972,0.963
6019,2.962,0.963
6020,2.937,0.963
6021,2.903,0.963
6022,2.864,0.968
6023,2.840,0.968
6024,2.815,0.968
6025,2.791,0.968
6026,2.771,0.968
6027,2.771,0.968
6028,2.786,0.968
6029,2.757,0.968
6030,3.104,0.968
6031,3.216,0.968
6032,2.815,0.968
6033,3.211,0.968
6034,3.299,0.968
6035,3.162,0.968
6036,2.981,0.973
6037,2.879,0.973
6038,2.874,0.973
6039,2.928,0.973
6040,3.006,0.973
6041,2.981,0.973
6042,2.913,0.973
6043,2.845,0.973
6044,2.805,0.973
6045,2.791,0.973
6046,2.786,0.978
6047,2.786,0.978
6048,2.678,0.978
6049,2.693,0.978
6050,3.074,0.978
6051,3.192,0.978
6052,3.167,0.978
6053,3.079,0.978
6054,3.006,0.978
6055,2.942,0.978
6056,2.893,0.978
6057,2.747,0.978
6058,2.962,0.982
6059,3.016,0.982
6060,2.986,0.982
6061,2.928,0.982
6062,2.874,0.982
6063,2.840,0.982
6064,2.825,0.982
6065,2.825,0.982
6066,2.830,0.982
6067,2.820,0.987
6068,2.810,0.987
6069,2.801,0.982
6070,2.825,0.982
6071,2.908,0.982
6072,3.011,0.982
6073,3.069,0.982
6074,3.069,0.982
6075,3.030,0.982
6076,2.972,0.982
6077,2.918,0.982
6078,2.898,0.982
6079,2.889,0.982
6080,2.913,0.982
6081,2.913,0.978
6082,2.908,0.982
6083,2.884,0.978
6084,2.874,0.982
6085,2.869,0.982
6086,2.771,0.982
6087,2.977,0.982
6088,2.977,0.982
6089,2.903,0.982
6090,2.869,0.982
6091,2.937,0.982
6092,3.030,0.987
6093,2.805,0.987
6094,3.211,0.987
6095,3.284,0.987
6096,3.133,0.987
6097,2.972,0.992
6098,2.898,0.992
6099,2.893,0.992
6100,2.913,0.992
6101,2.923,0.992
6102,2.923,0.992
6103,2.908,0.992
6104,2.889,0.997
6105,2.874,0.997
6106,2.864,0.997
6107,2.849,0.997
6108,2.859,0.997
6109,2.898,0.997
6110,3.016,0.997
6111,3.011,0.997
6112,3.206,0.997
6113,3.196,0.997
6114,2.991,0.997
6115,3.118,1.002
6116,3.104,1.002
6117,3.045,1.002
6118,3.006,1.002
6119,2.986,1.002
6120,2.986,1.002
6121,2.972,1.002
6122,2.962,1.002
6123,2.947,1.002
6124,2.933,1.002
6125,2.918,1.007
6126,2.918,1.007
6127,2.967,1.007
6128,3.079,1.007
6129,3.182,1.007
6130,3.211,1.007
6131,3.192,1.007
6132,3.152,1.007
6133,3.099,1.007
6134,3.055,1.007
6135,3.035,1.007
6136,3.045,1.012
6137,3.045,1.012
6138,3.040,1.012
6139,3.016,1.012
6140,3.011,1.012
6141,2.986,1.012
6142,2.952,1.012
6143,2.854,1.012
6144,3.050,1.012
6145,3.069,1.012
6146,3.069,1.012
6147,3.133,1.012
6148,3.196,1.017
6149,3.216,1.017
6150,3.192,1.017
6151,3.162,1.017
6152,3.109,1.017
6153,3.069,1.017
6154,3.055,1.017
6155,2.908,1.017
6156,3.328,1.017
6157,3.328,1.017
6158,3.167,1.017
6159,3.011,1.017
6160,2.923,1.017
6161,2.908,1.017
6162,2.923,1.017
6163,2.933,1.017
6164,2.923,1.017
6165,2.952,1.017
6166,3.045,1.017
6167,3.162,1.017
6168,3.221,1.017
6169,3.216,1.017
6170,3.187,1.017
6171,3.035,1.017
6172,3.216,1.012
6173,3.025,1.012
6174,2.933,1.012
6175,3.250,1.007
6176,3.240,1.007
6177,3.113,1.007
6178,3.006,1.002
6179,2.942,1.002
6180,2.928,0.997
6181,2.923,0.997
6182,2.918,0.997
6183,2.913,0.992
6184,2.903,0.992
6185,2.923,0.987
6186,3.006,0.987
6187,3.123,0.982
6188,3.192,0.982
6189,3.201,0.978
6190,3.167,0.978
6191,3.118,0.973
6192,3.055,0.973
6193,3.021,0.968
6194,3.011,0.968
6195,3.006,0.963
6196,3.001,0.963
6197,2.996,0.958
6198,2.977,0.958
6199,2.952,0.953
6200,2.947,0.953
6201,2.933,0.953
6202,2.918,0.948
6203,2.918,0.948
6204,2.918,0.948
6205,2.972,0.943
6206,3.079,0.943
6207,3.167,0.943
6208,3.196,0.938
6209,3.177,0.938
6210,3.133,0.938
6211,3.065,0.938
6212,3.021,0.934
6213,3.006,0.934
6214,3.021,0.934
6215,3.025,0.934
6216,2.693,0.929
6217,3.128,0.929
6218,3.250,0.929
6219,3.143,0.929
6220,2.991,0.929
6221,2.889,0.929
6222,2.859,0.929
6223,2.869,0.929
6224,2.957,0.929
6225,3.079,0.929
6226,3.182,0.929
6227,3.201,0.929
6228,3.065,0.929
6229,3.245,0.929
6230,3.211,0.929
6231,3.094,0.929
6232,3.011,0.929
6233,2.981,0.929
6234,2.977,0.929
6235,2.977,0.929
6236,2.986,0.929
6237,2.869,0.929
6238,2.854,0.929
6239,3.128,0.929
6240,3.118,0.929
6241,3.001,0.929
6242,2.898,0.929
6243,2.903,0.929
6244,3.011,0.929
6245,3.123,0.929
6246,3.182,0.934
6247,3.172,0.934
6248,3.128,0.934
6249,3.074,0.934
6250,3.016,0.934
6251,2.996,0.934
6252,3.001,0.934
6253,3.011,0.934
6254,2.996,0.934
6255,2.977,0.934
6256,2.835,0.934
6257,3.060,0.934
6258,3.069,0.934
6259,2.977,0.934
6260,2.903,0.934
6261,2.854,0.929
6262,2.854,0.929
6263,2.947,0.929
6264,3.074,0.924
6265,3.162,0.924
6266,3.172,0.919
6267,3.133,0.914
6268,3.065,0.909
6269,3.011,0.909
6270,2.967,0.904
6271,2.962,0.899
6272,2.967,0.894
6273,2.977,0.890
6274,2.962,0.890
6275,2.952,0.885
6276,2.923,0.880
6277,2.532,0.875
6278,3.030,0.870
6279,3.177,0.870
6280,3.074,0.865
6281,2.937,0.865
6282,2.918,0.860
6283,3.006,0.860
6284,3.099,0.855
6285,3.035,0.855
6286,3.250,0.850
6287,3.206,0.850
6288,3.074,0.850
6289,2.957,0.846
6290,2.942,0.846
6291,2.952,0.846
6292,2.962,0.841
6293,2.952,0.841
6294,2.937,0.841
6295,2.913,0.836
6296,2.903,0.836
6297,2.893,0.836
6298,2.874,0.836
6299,2.874,0.831
6300,2.805,0.831
6301,2.952,0.826
6302,3.368,0.826
6303,3.387,0.826
6304,3.245,0.826
6305,3.084,0.821
6306,2.981,0.821
6307,2.933,0.821
6308,2.937,0.821
6309,2.962,0.816
6310,2.972,0.816
6311,2.967,0.816
6312,2.947,0.816
6313,2.801,0.811
6314,3.035,0.811
6315,3.035,0.811
6316,2.952,0.811
6317,2.879,0.811
6318,2.874,0.811
6319,2.947,0.811
6320,3.074,0.811
6321,3.152,0.811
6322,3.148,0.816
6323,3.099,0.816
6324,3.016,0.816
6325,2.957,0.816
6326,2.942,0.816
6327,2.952,0.816
6328,2.967,0.816
6329,2.977,0.821
6330,2.962,0.821
6331,2.933,0.821
6332,2.913,0.821
6333,2.893,0.826
6334,2.869,0.826
6335,2.854,0.826
6336,2.903,0.826
6337,3.006,0.831
6338,2.805,0.831
6339,3.280,0.831
6340,3.407,0.836
6341,3.250,0.836
6342,2.918,0.836
6343,3.030,0.841
6344,3.030,0.841
6345,2.986,0.841
6346,2.937,0.846
6347,2.903,0.846
6348,2.889,0.846
6349,2.859,0.850
6350,2.859,0.850
6351,2.845,0.850
6352,2.845,0.855
6353,2.854,0.855
6354,2.933,0.855
6355,3.035,0.860
6356,3.089,0.860
6357,3.079,0.860
6358,3.045,0.865
6359,2.991,0.865
6360,2.942,0.865
6361,2.913,0.865
6362,2.923,0.870
6363,2.820,0.870
6364,2.849,0.870
6365,3.133,0.870
6366,3.118,0.875
6367,2.986,0.875
6368,2.864,0.875
6369,2.805,0.875
6370,2.727,0.875
6371,3.079,0.880
6372,3.196,0.880
6373,3.152,0.880
6374,3.069,0.880
6375,3.006,0.880
6376,2.957,0.880
6377,2.923,0.880
6378,2.918,0.880
6379,2.933,0.880
6380,2.952,0.880
6381,2.942,0.880
6382,2.928,0.880
6383,2.913,0.880
6384,2.898,0.880
6385,2.874,0.880
6386,2.874,0.875
6387,2.928,0.875
6388,3.021,0.875
6389,3.079,0.870
6390,3.089,0.870
6391,3.060,0.865
6392,3.016,0.865
6393,2.962,0.860
6394,2.923,0.860
6395,2.923,0.855
6396,2.933,0.855
6397,2.933,0.850
6398,2.923,0.846
6399,2.752,0.841
6400,3.328,0.841
6401,3.309,0.836
6402,3.074,0.831
6403,2.854,0.826
6404,2.791,0.826
6405,2.889,0.821
6406,3.021,0.816
6407,3.094,0.816
6408,3.104,0.811
6409,3.050,0.806
6410,3.011,0.806
6411,2.957,0.802
6412,2.928,0.797
6413,2.923,0.797
6414,2.933,0.792
6415,2.933,0.792
6416,2.913,0.787
6417,2.903,0.787
6418,2.879,0.782
6419,2.869,0.782
6420,2.859,0.777
6421,2.859,0.772
6422,2.859,0.772
6423,2.845,0.772
6424,2.859,0.767
6425,2.952,0.767
6426,2.962,0.762
6427,3.021,0.758
6428,3.456,0.758
6429,3.397,0.753
6430,3.152,0.753
6431,2.952,0.748
6432,2.874,0.748
6433,2.889,0.743
6434,2.918,0.743
6435,2.923,0.738
6436,2.913,0.738
6437,2.898,0.733
6438,2.879,0.733
6439,2.859,0.728
6440,2.854,0.728
6441,2.849,0.723
6442,2.840,0.723
6443,2.869,0.723
6444,2.967,0.718
6445,3.050,0.718
6446,3.079,0.718
6447,3.060,0.714
6448,3.021,0.714
6449,2.972,0.714
6450,2.928,0.714
6451,2.903,0.714
6452,2.908,0.709
6453,2.923,0.709
6454,2.923,0.709
6455,2.908,0.709
6456,2.893,0.709
6457,2.898,0.709
6458,2.884,0.709
6459,2.864,0.709
6460,2.532,0.709
6461,3.006,0.709
6462,3.221,0.709
6463,3.226,0.709
6464,3.152,0.709
6465,3.074,0.709
6466,3.025,0.709
6467,2.991,0.709
6468,2.962,0.709
6469,2.928,0.709
6470,2.942,0.709
6471,2.947,0.709
6472,2.952,0.709
6473,2.942,0.709
6474,2.923,0.709
6475,2.898,0.709
6476,2.889,0.709
6477,2.874,0.709
6478,2.864,0.709
6479,2.859,0.709
6480,2.864,0.709
6481,2.942,0.709
6482,3.065,0.709
6483,3.133,0.709
6484,3.030,0.709
6485,3.231,0.709
6486,3.206,0.709
6487,3.084,0.709
6488,2.996,0.709
6489,2.869,0.709
6490,2.893,0.714
6491,3.206,0.714
6492,3.187,0.714
6493,3.045,0.714
6494,2.923,0.714
6495,2.864,0.718
6496,2.849,0.718
6497,2.854,0.718
6498,2.864,0.718
6499,2.893,0.718
6500,3.006,0.723
6501,3.123,0.723
6502,3.177,0.723
6503,3.177,0.723
6504,3.128,0.728
6505,3.065,0.728
6506,3.006,0.728
6507,2.986,0.733
6508,2.981,0.733
6509,2.986,0.733
6510,2.986,0.733
6511,2.977,0.738
6512,2.835,0.738
6513,3.065,0.738
6514,3.079,0.743
6515,2.991,0.743
6516,2.913,0.743
6517,2.864,0.748
6518,2.879,0.748
6519,2.981,0.748
6520,3.109,0.753
6521,2.849,0.753
6522,3.348,0.753
6523,3.465,0.758
6524,3.309,0.758
6525,3.104,0.758
6526,2.981,0.762
6527,2.962,0.762
6528,2.986,0.762
6529,2.996,0.762
6530,3.011,0.767
6531,2.991,0.767
6532,2.957,0.767
6533,2.933,0.767
6534,2.913,0.767
6535,2.903,0.772
6536,2.889,0.772
6537,2.893,0.772
6538,2.947,0.772
6539,3.084,0.772
6540,3.192,0.772
6541,3.128,0.767
6542,3.324,0.767
6543,3.280,0.767
6544,3.152,0.767
6545,3.035,0.767
6546,3.001,0.767
6547,2.996,0.767
6548,3.016,0.767
6549,3.016,0.762
6550,3.001,0.762
6551,2.981,0.762
6552,2.859,0.762
6553,2.859,0.758
6554,3.162,0.758
6555,3.148,0.758
6556,3.025,0.758
6557,2.972,0.758
6558,3.035,0.753
6559,3.143,0.753
6560,3.221,0.753
6561,3.221,0.753
6562,3.177,0.753
6563,3.109,0.753
6564,3.055,0.753
6565,3.040,0.748
6566,3.045,0.748
6567,3.050,0.748
6568,3.035,0.748
6569,2.903,0.748
6570,3.128,0.748
6571,3.133,0.748
6572,3.050,0.748
6573,2.957,0.748
6574,2.903,0.748
6575,2.889,0.748
6576,2.947,0.748
6577,3.084,0.748
6578,3.196,0.748
6579,3.240,0.748
6580,3.216,0.748
6581,3.177,0.748
6582,2.796,0.748
6583,3.226,0.748
6584,3.382,0.748
6585,3.284,0.748
6586,3.128,0.748
6587,3.025,0.753
6588,2.981,0.753
6589,2.967,0.753
6590,2.972,0.753
6591,2.972,0.753
6592,2.967,0.758
6593,2.957,0.758
6594,2.942,0.758
6595,2.967,0.758
6596,3.069,0.762
6597,3.177,0.762
6598,3.138,0.762
6599,3.368,0.762
6600,3.343,0.767
6601,3.206,0.767
6602,3.079,0.767
6603,3.021,0.767
6604,3.025,0.772
6605,3.045,0.772
6606,3.055,0.772
6607,3.045,0.777
6608,3.016,0.777
6609,2.991,0.777
6610,2.977,0.782
6611,2.962,0.782
6612,2.942,0.782
6613,2.923,0.782
6614,2.918,0.787
6615,2.849,0.787
6616,2.996,0.787
6617,3.426,0.792
6618,3.456,0.792
6619,3.309,0.792
6620,3.167,0.797
6621,3.069,0.797
6622,3.016,0.797
6623,3.011,0.802
6624,3.025,0.802
6625,3.040,0.802
6626,2.898,0.802
6627,3.143,0.806
6628,3.148,0.806
6629,3.060,0.806
6630,2.967,0.811
6631,2.918,0.811
6632,2.903,0.811
6633,2.908,0.811
6634,2.967,0.816
6635,3.079,0.816
6636,3.167,0.816
6637,3.201,0.816
6638,3.192,0.821
6639,3.143,0.821
6640,3.079,0.821
6641,3.035,0.821
6642,3.021,0.821
6643,2.654,0.821
6644,3.177,0.826
6645,3.353,0.826
6646,3.236,0.826
6647,3.055,0.826
6648,2.933,0.831
6649,2.884,0.831
6650,2.903,0.831
6651,2.913,0.831
6652,2.942,0.836
6653,3.040,0.836
6654,3.143,0.836
6655,3.104,0.836
6656,3.348,0.836
6657,3.328,0.841
6658,3.201,0.841
6659,3.074,0.841
6660,3.016,0.841
6661,3.011,0.846
6662,3.035,0.846
6663,3.045,0.846
6664,3.035,0.846
6665,3.011,0.846
6666,2.981,0.846
6667,2.952,0.850
6668,2.937,0.850
6669,2.928,0.850
6670,2.913,0.850
6671,2.903,0.850
6672,2.952,0.850
6673,3.069,0.855
6674,3.177,0.855
6675,3.226,0.855
6676,3.216,0.855
6677,3.182,0.855
6678,3.001,0.855
6679,2.947,0.855
6680,3.294,0.855
6681,3.289,0.860
6682,3.167,0.860
6683,2.889,0.860
6684,3.089,0.860
6685,3.099,0.860
6686,3.021,0.860
6687,2.952,0.860
6688,2.913,0.860
6689,2.893,0.860
6690,2.893,0.860
6691,2.903,0.860
6692,2.972,0.860
6693,3.079,0.860
6694,3.162,0.860
6695,3.182,0.860
6696,3.157,0.860
6697,3.099,0.860
6698,3.045,0.860
6699,3.011,0.860
6700,3.006,0.860
6701,3.006,0.855
6702,3.001,0.855
6703,2.981,0.855
6704,2.595,0.855
6705,3.084,0.850
6706,3.260,0.850
6707,3.152,0.850
6708,2.996,0.850
6709,2.874,0.850
6710,2.845,0.850
6711,2.869,0.846
6712,2.957,0.846
6713,3.094,0.846
6714,3.167,0.846
6715,3.152,0.846
6716,3.104,0.846
6717,3.045,0.841
6718,2.991,0.841
6719,2.962,0.841
6720,2.967,0.841
6721,2.967,0.841
6722,2.967,0.841
6723,2.942,0.841
6724,2.933,0.841
6725,2.908,0.841
6726,2.898,0.841
6727,2.879,0.841
6728,2.879,0.841
6729,2.864,0.841
6730,2.854,0.841
6731,2.849,0.841
6732,2.903,0.841
6733,2.991,0.841
6734,3.074,0.841
6735,3.109,0.841
6736,3.094,0.841
6737,3.040,0.841
6738,2.996,0.841
6739,2.942,0.841
6740,2.830,0.841
6741,2.986,0.841
6742,3.001,0.841
6743,3.255,0.841
6744,3.167,0.841
6745,2.996,0.846
6746,2.869,0.846
6747,2.825,0.846
6748,2.830,0.846
6749,2.840,0.846
6750,2.849,0.846
6751,2.864,0.846
6752,2.913,0.850
6753,3.006,0.850
6754,3.060,0.850
6755,3.065,0.850
6756,3.035,0.850
6757,2.991,0.850
6758,2.942,0.855
6759,2.903,0.855
6760,2.903,0.855
6761,2.918,0.855
6762,2.923,0.860
6763,2.913,0.860
6764,2.893,0.860
6765,2.884,0.860
6766,2.654,0.860
6767,3.167,0.865
6768,3.035,0.865
6769,3.128,0.865
6770,3.011,0.865
6771,2.928,0.865
6772,2.928,0.865
6773,2.972,0.860
6774,2.986,0.865
6775,2.996,0.865
6776,2.986,0.865
6777,2.957,0.865
6778,2.933,0.865
6779,2.933,0.865
6780,2.933,0.865
6781,2.913,0.865
6782,2.879,0.865
6783,2.859,0.865
6784,2.835,0.865
6785,2.830,0.865
6786,2.835,0.865
6787,2.840,0.870
6788,2.845,0.870
6789,2.898,0.870
6790,2.977,0.870
6791,3.040,0.870
6792,3.060,0.870
6793,3.050,0.870
6794,3.006,0.875
6795,2.962,0.875
6796,2.918,0.875
6797,2.805,0.875
6798,3.055,0.875
6799,3.065,0.875
6800,2.991,0.875
6801,2.913,0.875
6802,2.859,0.880
6803,2.849,0.880
6804,2.732,0.880
6805,2.761,0.880
6806,3.118,0.885
6807,3.172,0.885
6808,3.133,0.885
6809,3.065,0.890
6810,3.006,0.890
6811,2.981,0.894
6812,2.957,0.894
6813,2.928,0.894
6814,2.903,0.894
6815,2.893,0.899
6816,2.908,0.899
6817,2.913,0.899
6818,2.908,0.899
6819,2.903,0.899
6820,2.903,0.904
6821,2.898,0.904
6822,2.879,0.904
6823,2.859,0.904
6824,2.854,0.904
6825,2.786,0.904
6826,2.845,0.904
6827,3.333,0.904
6828,3.402,0.899
6829,3.216,0.899
6830,3.006,0.894
6831,2.874,0.890
6832,2.840,0.890
6833,2.859,0.885
6834,2.889,0.880
6835,2.889,0.880
6836,2.874,0.875
6837,2.854,0.870
6838,2.849,0.865
6839,2.849,0.860
6840,2.849,0.860
6841,2.845,0.855
6842,2.898,0.850
6843,2.996,0.846
6844,3.074,0.841
6845,3.089,0.841
6846,3.065,0.836
6847,3.025,0.831
6848,2.991,0.826
6849,2.952,0.821
6850,2.937,0.821
6851,2.952,0.816
6852,2.972,0.811
6853,2.967,0.806
6854,2.849,0.802
6855,3.069,0.797
6856,3.069,0.787
6857,2.972,0.753
6858,2.889,0.723
6859,2.879,0.704
6860,2.972,0.684
6861,3.089,0.674
6862,3.152,0.665
6863,3.172,0.655
6864,3.138,0.650
6865,3.094,0.645
6866,3.050,0.670
6867,2.903,0.689
6868,2.913,0.704
6869,3.240,0.714
6870,3.236,0.723
6871,3.094,0.728
6872,2.962,0.728
6873,2.889,0.733
6874,2.869,0.733
6875,2.879,0.733
6876,2.893,0.733
6877,2.923,0.733
6878,3.021,0.733
6879,3.157,0.733
6880,3.240,0.738
6881,3.250,0.738
6882,3.089,0.733
6883,3.299,0.733
6884,3.260,0.733
6885,3.128,0.733
6886,3.025,0.733
6887,2.605,0.733
6888,3.118,0.733
6889,3.319,0.733
6890,3.221,0.733
6891,3.030,0.733
6892,2.898,0.733
6893,2.849,0.733
6894,2.859,0.738
6895,2.898,0.738
6896,3.011,0.738
6897,3.157,0.738
6898,3.240,0.738
6899,3.245,0.738
6900,3.192,0.738
6901,3.133,0.738
6902,3.074,0.743
6903,3.025,0.743
6904,2.991,0.743
6905,2.991,0.743
6906,2.986,0.743
6907,2.977,0.743
6908,2.952,0.748
6909,2.928,0.748
6910,2.913,0.748
6911,2.801,0.748
6912,3.025,0.748
6913,3.030,0.753
6914,2.986,0.753
6915,3.030,0.753
6916,3.123,0.758
6917,3.182,0.758
6918,3.177,0.758
6919,3.138,0.758
6920,3.089,0.762
6921,3.030,0.762
6922,2.986,0.762
6923,2.972,0.767
6924,2.981,0.767
6925,2.977,0.767
6926,2.977,0.772
6927,2.957,0.772
6928,2.937,0.772
6929,2.918,0.777
6930,2.791,0.777
6931,2.801,0.777
6932,3.162,0.782
6933,3.250,0.782
6934,3.250,0.782
6935,3.201,0.787
6936,3.148,0.787
6937,3.109,0.787
6938,3.069,0.792
6939,2.903,0.792
6940,3.138,0.792
6941,3.143,0.797
6942,3.069,0.797
6943,2.986,0.797
6944,2.933,0.802
6945,2.913,0.802
6946,2.918,0.802
6947,2.908,0.806
6948,2.551,0.806
6949,3.050,0.806
6950,3.240,0.806
6951,3.206,0.811
6952,3.167,0.811
6953,3.143,0.816
6954,3.133,0.816
6955,3.118,0.816
6956,3.094,0.816
6957,3.050,0.821
6958,3.011,0.821
6959,2.986,0.821
6960,2.991,0.826
6961,2.986,0.826
6962,2.977,0.826
6963,2.962,0.826
6964,2.947,0.831
6965,2.933,0.831
6966,2.913,0.831
6967,2.898,0.831
6968,2.893,0.836
6969,2.918,0.836
6970,3.035,0.836
6971,3.172,0.841
6972,3.245,0.841
6973,3.236,0.841
6974,3.196,0.841
6975,3.128,0.841
6976,3.074,0.846
6977,3.045,0.846
6978,3.045,0.846
6979,3.045,0.846
6980,3.060,0.846
6981,3.045,0.850
6982,3.021,0.850
6983,3.006,0.850
6984,2.991,0.850
6985,2.967,0.850
6986,2.967,0.850
6987,2.957,0.850
6988,2.972,0.850
6989,3.035,0.850
6990,3.152,0.850
6991,3.231,0.850
6992,3.245,0.850
6993,3.021,0.850
6994,2.933,0.846
6995,3.333,0.846
6996,3.211,0.846
6997,3.328,0.846
6998,3.231,0.846
6999,3.104,0.846
7000,3.021,0.846
7001,2.977,0.841
7002,2.981,0.841
7003,2.991,0.841
7004,2.986,0.841
7005,2.972,0.841
7006,2.977,0.841
7007,3.040,0.841
7008,3.162,0.841
7009,3.240,0.841
7010,3.065,0.836
7011,3.539,0.836
7012,3.500,0.836
7013,3.280,0.836
7014,3.089,0.836
7015,3.016,0.836
7016,3.025,0.836
7017,3.050,0.831
7018,3.055,0.831
7019,3.040,0.831
7020,3.021,0.831
7021,3.011,0.831
7022,2.996,0.831
7023,2.981,0.831
7024,2.874,0.831
7025,3.250,0.831
7026,3.392,0.831
7027,3.382,0.831
7028,3.294,0.831
7029,3.216,0.831
7030,3.148,0.831
7031,3.104,0.831
7032,3.094,0.831
7033,3.113,0.831
7034,3.118,0.831
7035,3.113,0.831
7036,3.089,0.831
7037,3.065,0.831
7038,3.040,0.831
7039,3.030,0.831
7040,3.025,0.831
7041,3.040,0.831
7042,3.094,0.831
7043,3.221,0.831
7044,3.304,0.831
7045,3.333,0.831
7046,3.289,0.836
7047,3.226,0.836
7048,3.157,0.836
7049,3.123,0.836
7050,3.118,0.836
7051,3.133,0.836
7052,3.133,0.841
7053,3.011,0.841
7054,3.231,0.841
7055,3.231,0.841
7056,3.016,0.841
7057,3.113,0.846
7058,3.099,0.846
7059,3.055,0.846
7060,3.109,0.846
7061,3.236,0.846
7062,3.333,0.850
7063,3.358,0.850
7064,3.314,0.850
7065,3.250,0.850
7066,3.172,0.850
7067,3.128,0.850
7068,3.133,0.855
7069,3.133,0.855
7070,3.148,0.855
7071,2.761,0.855
7072,3.255,0.855
7073,3.431,0.860
7074,3.309,0.860
7075,3.128,0.860
7076,3.006,0.860
7077,3.001,0.865
7078,3.123,0.865
7079,3.294,0.865
7080,3.382,0.865
7081,3.226,0.865
7082,3.446,0.865
7083,3.387,0.870
7084,3.250,0.870
7085,3.162,0.870
7086,3.143,0.870
7087,3.143,0.870
7088,3.143,0.870
7089,3.118,0.870
7090,3.099,0.870
7091,3.084,0.870
7092,3.065,0.875
7093,3.045,0.875
7094,3.021,0.875
7095,3.069,0.875
7096,3.196,0.875
7097,3.333,0.875
7098,3.382,0.875
7099,3.348,0.875
7100,3.304,0.875
7101,3.236,0.875
7102,3.182,0.875
7103,3.167,0.875
7104,3.177,0.875
7105,3.172,0.875
7106,3.157,0.875
7107,3.128,0.875
7108,3.099,0.875
7109,3.079,0.875
7110,2.952,0.875
7111,3.201,0.875
7112,3.201,0.875
7113,3.128,0.875
7114,3.138,0.875
7115,3.236,0.880
7116,3.319,0.880
7117,3.338,0.880
7118,3.324,0.880
7119,1.808,0.870
7120,4.457,0.860
7121,4.457,0.860
7122,4.453,0.860
7123,4.457,0.855
7124,4.457,0.855
7125,4.457,0.860
7126,4.457,0.860
7127,3.812,0.865
7128,3.465,0.865
7129,3.109,0.865
7130,2.620,0.865
7131,3.221,0.865
7132,3.319,0.870
7133,3.231,0.870
7134,3.177,0.870
7135,3.192,0.870
7136,3.201,0.870
7137,3.201,0.870
7138,3.025,0.870
7139,3.270,0.870
7140,3.240,0.870
7141,3.148,0.870
7142,3.050,0.870
7143,3.030,0.870
7144,3.006,0.870
7145,3.001,0.870
7146,2.972,0.870
7147,2.957,0.870
7148,2.933,0.870
7149,2.913,0.870
7150,2.898,0.870
7151,2.889,0.870
7152,2.884,0.870
7153,2.903,0.870
7154,2.986,0.870
7155,3.074,0.875
7156,3.109,0.875
7157,3.104,0.875
7158,3.069,0.875
7159,3.030,0.875
7160,2.981,0.875
7161,2.957,0.875
7162,2.952,0.875
7163,2.957,0.875
7164,2.952,0.875
7165,2.937,0.875
7166,2.913,0.875
7167,2.776,0.870
7168,3.035,0.870
7169,3.045,0.870
7170,2.947,0.870
7171,2.864,0.870
7172,2.801,0.865
7173,2.815,0.865
7174,2.854,0.865
7175,2.933,0.865
7176,2.996,0.860
7177,3.006,0.860
7178,2.991,0.860
7179,2.977,0.855
7180,2.947,0.855
7181,2.923,0.855
7182,2.786,0.850
7183,2.810,0.850
7184,3.187,0.850
7185,3.177,0.846
7186,3.021,0.846
7187,2.889,0.846
7188,2.815,0.846
7189,2.815,0.841
7190,2.840,0.841
7191,2.644,0.841
7192,3.192,0.836
7193,3.216,0.836
7194,3.060,0.836
7195,2.801,0.836
7196,3.050,0.836
7197,3.099,0.836
7198,3.035,0.836
7199,2.972,0.836
7200,2.923,0.831
7201,2.893,0.831
7202,2.884,0.831
7203,2.903,0.831
7204,2.908,0.831
7205,2.913,0.831
7206,2.893,0.831
7207,2.879,0.831
7208,2.874,0.831
7209,2.864,0.831
7210,2.869,0.831
7211,2.864,0.831
7212,2.864,0.836
7213,2.859,0.836
7214,2.869,0.836
7215,2.898,0.836
7216,2.947,0.836
7217,2.977,0.836
7218,2.986,0.836
7219,2.977,0.836
7220,2.962,0.836
7221,2.947,0.836
7222,2.933,0.836
7223,2.933,0.836
7224,2.835,0.836
7225,3.260,0.836
7226,3.245,0.836
7227,3.084,0.836
7228,2.937,0.836
7229,2.874,0.836
7230,2.859,0.836
7231,2.889,0.831
7232,2.889,0.831
7233,2.918,0.831
7234,2.913,0.831
7235,2.923,0.831
7236,2.952,0.831
7237,3.006,0.831
7238,3.035,0.831
7239,3.040,0.831
7240,3.035,0.826
7241,3.030,0.826
7242,3.011,0.826
7243,2.996,0.826
7244,2.801,0.826
7245,3.055,0.826
7246,3.104,0.826
7247,3.060,0.826
7248,3.001,0.826
7249,2.962,0.826
7250,2.947,0.826
7251,2.972,0.826
7252,2.884,0.821
7253,3.490,0.821
7254,3.470,0.826
7255,3.196,0.826
7256,2.981,0.826
7257,2.928,0.826
7258,3.011,0.826
7259,3.118,0.826
7260,3.187,0.826
7261,3.206,0.826
7262,3.182,0.826
7263,3.167,0.826
7264,3.138,0.826
7265,3.133,0.826
7266,3.133,0.826
7267,3.138,0.826
7268,3.133,0.826
7269,3.123,0.831
7270,3.109,0.831
7271,3.104,0.831
7272,3.094,0.831
7273,3.079,0.831
7274,3.069,0.831
7275,3.045,0.831
7276,3.011,0.836
7277,2.981,0.836
7278,2.957,0.836
7279,2.981,0.836
7280,3.001,0.836
7281,3.377,0.841
7282,3.446,0.841
7283,3.353,0.841
7284,3.240,0.846
7285,3.167,0.846
7286,3.128,0.846
7287,3.113,0.846
7288,3.133,0.846
7289,3.138,0.850
7290,3.143,0.850
7291,3.118,0.850
7292,3.084,0.855
7293,3.079,0.855
7294,3.069,0.855
7295,3.050,0.855
7296,3.035,0.855
7297,3.021,0.860
7298,3.025,0.860
7299,3.109,0.860
7300,3.240,0.860
7301,3.333,0.865
7302,3.368,0.865
7303,3.343,0.865
7304,3.299,0.865
7305,3.240,0.865
7306,3.192,0.870
7307,2.967,0.870
7308,2.937,0.870
7309,3.333,0.870
7310,3.563,0.870
7311,3.426,0.870
7312,2.776,0.870
7313,3.152,0.865
7314,3.338,0.865
7315,3.240,0.865
7316,3.089,0.865
7317,2.991,0.860
7318,3.021,0.860
7319,3.152,0.860
7320,3.284,0.855
7321,3.348,0.855
7322,3.333,0.850
7323,3.294,0.850
7324,3.231,0.846
7325,3.167,0.841
7326,3.133,0.841
7327,3.123,0.836
7328,3.123,0.831
7329,3.118,0.826
7330,3.109,0.826
7331,3.079,0.821
7332,3.055,0.816
7333,3.040,0.811
7334,3.021,0.806
7335,2.996,0.806
7336,2.981,0.802
7337,2.845,0.797
7338,3.162,0.792
7339,3.299,0.787
7340,3.348,0.787
7341,3.314,0.782
7342,3.265,0.777
7343,3.216,0.777
7344,3.167,0.772
7345,3.128,0.767
7346,3.099,0.767
7347,3.099,0.762
7348,3.109,0.762
7349,3.104,0.758
7350,3.089,0.758
7351,3.060,0.753
7352,3.016,0.753
7353,3.021,0.748
7354,3.011,0.748
7355,3.006,0.743
7356,2.977,0.743
7357,3.001,0.743
7358,3.094,0.743
7359,3.196,0.738
7360,3.236,0.738
7361,3.221,0.738
7362,3.172,0.733
7363,3.123,0.733
7364,3.079,0.733
7365,3.055,0.733
7366,2.957,0.728
7367,3.231,0.728
7368,3.240,0.728
7369,3.148,0.728
7370,2.928,0.728
7371,2.903,0.728
7372,3.270,0.728
7373,2.849,0.723
7374,3.240,0.723
7375,3.358,0.728
7376,3.299,0.723
7377,3.240,0.723
7378,3.201,0.728
7379,3.182,0.728
7380,3.182,0.728
7381,3.152,0.728
7382,3.099,0.728
7383,3.094,0.728
7384,3.074,0.728
7385,3.084,0.728
7386,3.089,0.728
7387,3.065,0.733
7388,3.045,0.733
7389,3.030,0.733
7390,3.016,0.733
7391,3.006,0.733
7392,2.991,0.733
7393,2.977,0.733
7394,2.864,0.733
7395,3.240,0.738
7396,3.382,0.738
7397,3.353,0.738
7398,3.265,0.738
7399,3.187,0.738
7400,3.143,0.738
7401,3.109,0.738
7402,3.089,0.738
7403,3.089,0.738
7404,3.089,0.738
7405,3.089,0.738
7406,3.074,0.743
7407,3.050,0.743
7408,3.025,0.743
7409,3.016,0.743
7410,3.006,0.743
7411,2.991,0.743
7412,2.972,0.743
7413,2.991,0.743
7414,3.050,0.743
7415,3.152,0.743
7416,3.240,0.743
7417,3.265,0.743
7418,3.240,0.743
7419,3.201,0.743
7420,3.152,0.743
7421,3.113,0.743
7422,3.089,0.743
7423,2.991,0.743
7424,3.265,0.743
7425,3.275,0.743
7426,3.167,0.743
7427,3.060,0.743
7428,3.006,0.743
7429,2.991,0.743
7430,3.001,0.743
7431,2.996,0.743
7432,2.996,0.743
7433,2.913,0.743
7434,2.830,0.743
7435,3.744,0.743
7436,3.895,0.743
7437,3.607,0.748
7438,3.280,0.748
7439,3.074,0.748
7440,3.021,0.748
7441,3.065,0.748
7442,3.104,0.748
7443,3.133,0.753
7444,3.123,0.753
7445,3.089,0.753
7446,3.060,0.753
7447,3.030,0.753
7448,3.016,0.758
7449,3.011,0.758
7450,3.006,0.758
7451,2.893,0.758
7452,3.255,0.762
7453,3.407,0.762
7454,3.387,0.762
7455,3.304,0.762
7456,3.226,0.767
7457,3.182,0.767
7458,3.143,0.767
7459,3.123,0.767
7460,3.128,0.772
7461,3.138,0.772
7462,3.133,0.772
7463,3.118,0.777
7464,3.084,0.777
7465,3.060,0.777
7466,3.040,0.782
7467,3.021,0.782
7468,3.006,0.782
7469,3.001,0.787
7470,2.977,0.787
7471,2.991,0.787
7472,3.074,0.792
7473,3.216,0.792
7474,3.275,0.792
7475,3.265,0.792
7476,3.221,0.797
7477,3.167,0.797
7478,3.113,0.802
7479,3.079,0.802
7480,3.084,0.802
7481,3.128,0.802
7482,3.143,0.806
7483,3.148,0.806
7484,3.162,0.806
7485,3.196,0.806
7486,3.201,0.811
7487,3.182,0.811
7488,3.152,0.811
7489,3.133,0.816
7490,3.177,0.816
7491,3.294,0.816
7492,3.402,0.816
7493,3.446,0.816
7494,3.431,0.821
7495,3.377,0.821
7496,2.722,0.821
7497,3.236,0.821
7498,3.876,0.826
7499,3.763,0.826
7500,3.436,0.826
7501,3.157,0.826
7502,3.021,0.831
7503,3.025,0.831
7504,3.050,0.831
7505,3.040,0.831
7506,2.991,0.831
7507,2.923,0.836
7508,2.737,0.836
7509,3.094,0.836
7510,3.260,0.836
7511,3.284,0.841
7512,3.231,0.841
7513,3.177,0.841
7514,3.152,0.841
7515,3.123,0.841
7516,3.133,0.846
7517,3.148,0.846
7518,3.152,0.846
7519,3.123,0.846
7520,3.084,0.846
7521,3.040,0.850
7522,3.011,0.850
7523,2.991,0.850
7524,2.991,0.850
7525,2.986,0.850
7526,3.065,0.850
7527,3.211,0.855
7528,3.314,0.855
7529,3.324,0.855
7530,3.284,0.855
7531,3.231,0.855
7532,3.128,0.855
7533,3.065,0.860
7534,3.025,0.860
7535,3.021,0.860
7536,2.859,0.860
7537,3.167,0.860
7538,3.206,0.860
7539,3.109,0.865
7540,3.025,0.865
7541,2.977,0.865
7542,2.962,0.865
7543,2.967,0.865
7544,3.060,0.865
7545,3.211,0.870
7546,3.328,0.870
7547,3.348,0.870
7548,3.309,0.870
7549,3.240,0.870
7550,3.162,0.870
7551,3.099,0.870
7552,3.074,0.870
7553,3.065,0.870
7554,3.065,0.870
7555,3.069,0.870
7556,3.060,0.870
7557,3.040,0.870
7558,2.713,0.870
7559,3.104,0.870
7560,3.016,0.870
7561,3.382,0.865
7562,3.382,0.865
7563,3.372,0.865
7564,3.353,0.865
7565,3.157,0.860
7566,3.421,0.860
7567,3.392,0.860
7568,3.240,0.855
7569,3.104,0.855
7570,3.045,0.855
7571,3.030,0.850
7572,3.035,0.850
7573,3.030,0.850
7574,3.025,0.846
7575,2.991,0.846
7576,2.967,0.841
7577,2.928,0.841
7578,2.903,0.841
7579,2.884,0.836
7580,2.908,0.836
7581,3.040,0.836
7582,3.216,0.831
7583,3.299,0.831
7584,3.289,0.831
7585,3.221,0.826
7586,3.148,0.826
7587,3.060,0.821
7588,3.016,0.821
7589,2.996,0.821
7590,3.011,0.821
7591,3.001,0.816
7592,2.972,0.816
7593,2.805,0.816
7594,3.104,0.811
7595,3.118,0.811
7596,3.006,0.811
7597,2.903,0.811
7598,2.845,0.811
7599,2.874,0.806
7600,3.021,0.806
7601,3.187,0.806
7602,3.260,0.806
7603,3.250,0.806
7604,3.187,0.806
7605,3.094,0.806
7606,3.021,0.806
7607,3.006,0.806
7608,3.011,0.806
7609,3.021,0.806
7610,3.006,0.806
7611,2.977,0.806
7612,2.952,0.806
7613,2.937,0.802
7614,2.918,0.806
7615,2.898,0.806
7616,2.884,0.806
7617,2.869,0.806
7618,2.893,0.806
7619,2.742,0.806
7620,3.519,0.806
7621,3.646,0.806
7622,3.157,0.806
7623,3.192,0.806
7624,3.470,0.811
7625,3.328,0.811
7626,3.109,0.811
7627,2.972,0.811
7628,2.937,0.811
7629,2.937,0.816
7630,2.947,0.816
7631,2.952,0.816
7632,2.937,0.816
7633,2.913,0.821
7634,2.893,0.821
7635,2.889,0.821
7636,2.874,0.821
7637,2.884,0.826
7638,2.972,0.826
7639,3.099,0.826
7640,3.177,0.826
7641,3.182,0.826
7642,3.138,0.831
7643,3.079,0.831
7644,3.021,0.831
7645,2.986,0.831
7646,2.986,0.836
7647,3.001,0.836
7648,3.011,0.836
7649,2.996,0.836
7650,2.815,0.836
7651,3.104,0.841
7652,3.123,0.841
7653,3.040,0.841
7654,2.947,0.841
7655,2.879,0.846
7656,2.879,0.846
7657,2.986,0.846
7658,3.133,0.846
7659,3.221,0.846
7660,3.221,0.850
7661,3.182,0.850
7662,3.113,0.850
7663,3.050,0.850
7664,3.025,0.850
7665,3.025,0.855
7666,3.040,0.855
7667,3.045,0.855
7668,3.035,0.855
7669,3.016,0.860
7670,2.996,0.860
7671,2.977,0.860
7672,2.957,0.860
7673,2.937,0.860
7674,2.923,0.865
7675,2.967,0.865
7676,3.094,0.865
7677,3.216,0.865
7678,3.265,0.865
7679,2.786,0.865
7680,3.519,0.870
7681,3.671,0.870
7682,3.412,0.870
7683,3.152,0.870
7684,3.021,0.870
7685,2.864,0.875
7686,2.893,0.875
7687,3.333,0.875
7688,3.333,0.875
7689,3.157,0.875
7690,3.006,0.875
7691,2.908,0.880
7692,2.889,0.880
7693,2.947,0.880
7694,3.113,0.880
7695,3.265,0.880
7696,3.343,0.880
7697,3.319,0.885
7698,3.275,0.885
7699,3.206,0.885
7700,3.138,0.885
7701,3.099,0.885
7702,3.104,0.885
7703,3.113,0.885
7704,3.118,0.885
7705,3.084,0.890
7706,3.055,0.890
7707,2.889,0.890
7708,3.187,0.890
7709,3.196,0.890
7710,3.104,0.890
7711,2.991,0.890
7712,2.952,0.890
7713,3.065,0.894
7714,3.260,0.894
7715,3.377,0.894
7716,3.387,0.894
7717,3.328,0.894
7718,3.255,0.894
7719,3.177,0.894
7720,3.123,0.894
7721,3.109,0.899
7722,3.118,0.899
7723,3.123,0.899
7724,3.109,0.899
7725,3.079,0.899
7726,3.055,0.899
7727,3.030,0.899
7728,3.016,0.899
7729,3.006,0.899
7730,2.981,0.899
7731,2.967,0.899
7732,2.952,0.899
7733,3.011,0.899
7734,3.148,0.899
7735,3.299,0.899
7736,3.368,0.899
7737,3.377,0.899
7738,3.314,0.899
7739,3.231,0.899
7740,3.157,0.899
7741,2.801,0.899
7742,3.480,0.899
7743,3.553,0.899
7744,3.348,0.899
7745,3.113,0.899
7746,2.977,0.899
7747,2.933,0.899
7748,2.717,0.894
7749,2.678,0.894
7750,3.260,0.894
7751,3.289,0.894
7752,3.143,0.894
7753,3.069,0.894
7754,3.143,0.894
7755,3.245,0.894
7756,3.284,0.894
7757,3.265,0.894
7758,3.216,0.894
7759,3.143,0.894
7760,3.094,0.894
7761,3.069,0.894
7762,3.069,0.894
7763,3.074,0.894
7764,2.903,0.894
7765,3.201,0.894
7766,3.221,0.894
7767,3.118,0.894
7768,3.011,0.894
7769,2.947,0.894
7770,2.928,0.894
7771,2.923,0.894
7772,2.942,0.894
7773,3.069,0.894
7774,3.231,0.894
7775,3.309,0.894
7776,3.299,0.894
7777,3.240,0.894
7778,3.172,0.894
7779,3.099,0.894
7780,3.050,0.894
7781,3.040,0.894
7782,3.055,0.894
7783,3.065,0.894
7784,3.045,0.899
7785,3.016,0.899
7786,2.991,0.899
7787,2.972,0.899
7788,2.947,0.899
7789,2.937,0.899
7790,2.933,0.899
7791,2.928,0.899
7792,2.747,0.899
7793,3.084,0.899
7794,3.216,0.899
7795,3.255,0.904
7796,3.245,0.904
7797,3.196,0.904
7798,3.148,0.904
7799,3.113,0.904
7800,3.079,0.904
7801,3.050,0.904
7802,2.732,0.904
7803,3.441,0.904
7804,3.490,0.909
7805,3.255,0.909
7806,3.025,0.909
7807,2.893,0.909
7808,2.869,0.909
7809,2.893,0.909
7810,2.918,0.909
7811,2.688,0.909
7812,2.615,0.909
7813,3.182,0.909
7814,3.265,0.914
7815,3.231,0.914
7816,3.182,0.914
7817,3.148,0.914
7818,3.118,0.914
7819,3.099,0.914
7820,3.060,0.914
7821,2.874,0.914
7822,3.157,0.914
7823,3.192,0.914
7824,3.104,0.914
7825,3.016,0.914
7826,2.952,0.919
7827,2.928,0.919
7828,2.923,0.919
7829,2.918,0.919
7830,2.923,0.919
7831,2.903,0.919
7832,2.884,0.919
7833,2.889,0.919
7834,2.913,0.919
7835,2.996,0.919
7836,3.109,0.919
7837,3.167,0.919
7838,3.157,0.919
7839,3.113,0.919
7840,3.060,0.919
7841,3.001,0.919
7842,2.972,0.919
7843,2.967,0.924
7844,2.972,0.919
7845,2.977,0.924
7846,2.977,0.924
7847,2.957,0.924
7848,2.933,0.924
7849,2.742,0.924
7850,3.055,0.924
7851,3.079,0.924
7852,2.981,0.924
7853,2.889,0.924
7854,2.840,0.924
7855,2.884,0.924
7856,3.006,0.924
7857,3.089,0.924
7858,3.113,0.924
7859,3.084,0.924
7860,3.040,0.929
7861,2.996,0.929
7862,2.947,0.929
7863,2.674,0.924
7864,3.338,0.929
7865,3.397,0.929
7866,3.182,0.929
7867,2.962,0.929
7868,2.845,0.929
7869,2.820,0.929
7870,2.845,0.929
7871,2.864,0.929
7872,2.874,0.934
7873,2.869,0.934
7874,2.649,0.934
7875,2.605,0.934
7876,3.255,0.934
7877,3.387,0.934
7878,3.113,0.934
7879,3.226,0.934
7880,3.177,0.934
7881,3.089,0.934
7882,3.011,0.934
7883,2.981,0.938
7884,2.991,0.938
7885,3.006,0.938
7886,3.006,0.938
7887,3.006,0.938
7888,2.986,0.938
7889,2.977,0.938
7890,2.967,0.938
7891,2.962,0.938
7892,2.947,0.938
7893,2.952,0.943
7894,2.937,0.943
7895,2.942,0.943
7896,3.006,0.943
7897,3.094,0.943
7898,3.138,0.943
7899,3.128,0.943
7900,3.094,0.943
7901,3.065,0.943
7902,3.035,0.943
7903,3.011,0.943
7904,3.006,0.943
7905,3.021,0.948
7906,2.893,0.948
7907,3.177,0.948
7908,3.182,0.948
7909,3.084,0.948
7910,2.986,0.948
7911,2.937,0.948
7912,2.928,0.948
7913,2.942,0.948
7914,2.947,0.948
7915,2.952,0.948
7916,2.996,0.948
7917,3.060,0.953
7918,3.109,0.953
7919,3.113,0.953
7920,3.094,0.953
7921,3.065,0.953
7922,3.021,0.953
7923,3.030,0.953
7924,2.805,0.953
7925,3.407,0.953
7926,3.451,0.953
7927,3.245,0.953
7928,3.050,0.953
7929,2.952,0.953
7930,2.942,0.953
7931,2.957,0.953
7932,2.972,0.958
7933,2.981,0.958
7934,3.016,0.958
7935,3.006,0.958
7936,3.343,0.958
7937,3.265,0.958
7938,3.363,0.958
7939,3.275,0.958
7940,3.162,0.958
7941,3.079,0.958
7942,3.074,0.958
7943,3.084,0.958
7944,3.104,0.958
7945,3.099,0.958
7946,3.089,0.958
7947,3.074,0.958
7948,3.055,0.958
7949,3.045,0.958
7950,3.040,0.958
7951,3.040,0.958
7952,3.050,0.958
7953,3.152,0.958
7954,3.250,0.958
7955,3.299,0.958
7956,3.294,0.958
7957,3.275,0.958
7958,3.250,0.958
7959,3.216,0.958
7960,3.201,0.958
7961,3.201,0.958
7962,3.216,0.958
7963,3.094,0.958
7964,3.363,0.958
7965,3.358,0.958
7966,3.250,0.958
7967,3.148,0.958
7968,3.099,0.958
7969,3.084,0.958
7970,3.113,0.958
7971,3.216,0.958
7972,3.333,0.958
7973,3.402,0.958
7974,3.416,0.958
7975,3.397,0.958
7976,3.353,0.958
7977,3.299,0.953
7978,3.270,0.953
7979,3.265,0.953
7980,3.270,0.953
7981,3.260,0.953
7982,3.226,0.953
7983,3.221,0.948
7984,3.201,0.948
7985,2.757,0.943
7986,3.328,0.943
7987,3.548,0.943
7988,3.465,0.938
7989,3.387,0.938
7990,3.387,0.938
7991,3.421,0.934
7992,3.460,0.934
7993,3.436,0.929
7994,3.387,0.929
7995,3.328,0.924
7996,3.284,0.924
7997,3.280,0.919
7998,3.289,0.914
7999,3.284,0.914
8000,3.035,0.909
8001,2.947,0.904
8002,3.485,0.904
8003,3.504,0.899
8004,3.343,0.899
8005,3.187,0.894
8006,3.177,0.890
8007,3.304,0.890
8008,3.436,0.885
8009,3.490,0.885
8010,3.480,0.880
8011,3.431,0.880
8012,3.333,0.875
8013,3.289,0.870
8014,3.280,0.870
8015,3.284,0.870
8016,3.294,0.865
8017,3.275,0.865
8018,3.255,0.860
8019,3.231,0.860
8020,3.074,0.855
8021,3.358,0.855
8022,3.358,0.850
8023,3.250,0.850
8024,3.192,0.846
8025,3.231,0.846
8026,3.363,0.846
8027,3.465,0.841
8028,3.495,0.841
8029,3.460,0.836
8030,3.397,0.836
8031,3.314,0.836
8032,3.284,0.831
8033,3.275,0.831
8034,3.284,0.831
8035,3.270,0.826
8036,3.245,0.826
8037,3.211,0.826
8038,3.182,0.821
8039,3.152,0.821
8040,3.138,0.821
8041,3.113,0.821
8042,3.084,0.816
8043,3.079,0.816
8044,3.079,0.816
8045,3.133,0.816
8046,3.280,0.816
8047,3.128,0.811
8048,3.695,0.811
8049,3.969,0.811
8050,3.739,0.811
8051,3.377,0.811
8052,3.157,0.811
8053,3.089,0.811
8054,3.123,0.816
8055,3.157,0.816
8056,3.177,0.816
8057,3.152,0.816
8058,3.118,0.816
8059,3.084,0.816
8060,3.069,0.816
8061,3.055,0.816
8062,3.045,0.816
8063,2.786,0.821
8064,2.717,0.821
8065,3.353,0.821
8066,3.519,0.821
8067,3.495,0.821
8068,3.397,0.821
8069,3.289,0.826
8070,3.226,0.826
8071,3.187,0.826
8072,3.128,0.826
8073,3.133,0.831
8074,3.138,0.831
8075,3.143,0.831
8076,3.123,0.831
8077,2.937,0.831
8078,3.240,0.836
8079,3.265,0.836
8080,3.143,0.836
8081,3.025,0.841
8082,2.977,0.841
8083,2.972,0.841
8084,2.967,0.841
8085,2.972,0.846
8086,3.030,0.846
8087,3.162,0.846
8088,3.260,0.850
8089,3.284,0.850
8090,3.245,0.850
8091,3.196,0.850
8092,3.138,0.855
8093,3.094,0.855
8094,3.069,0.855
8095,3.074,0.855
8096,3.074,0.855
8097,3.060,0.860
8098,3.045,0.860
8099,3.025,0.860
8100,3.001,0.865
8101,2.986,0.865
8102,2.957,0.865
8103,2.967,0.865
8104,2.962,0.865
8105,2.781,0.870
8106,3.109,0.870
8107,2.732,0.870
8108,3.402,0.870
8109,3.675,0.875
8110,3.514,0.875
8111,3.270,0.875
8112,3.089,0.875
8113,3.006,0.880
8114,2.986,0.880
8115,3.021,0.880
8116,3.040,0.880
8117,3.045,0.880
8118,3.025,0.885
8119,3.016,0.885
8120,2.986,0.885
8121,2.972,0.885
8122,2.952,0.885
8123,2.947,0.890
8124,2.942,0.890
8125,2.937,0.890
8126,2.698,0.890
8127,2.644,0.890
8128,3.314,0.890
8129,3.470,0.894
8130,3.387,0.894
8131,3.221,0.894
8132,3.079,0.894
8133,3.040,0.894
8134,2.893,0.894
8135,3.196,0.899
8136,3.221,0.899
8137,3.133,0.899
8138,3.035,0.899
8139,2.977,0.899
8140,2.947,0.899
8141,2.947,0.899
8142,2.947,0.904
8143,2.947,0.904
8144,2.942,0.904
8145,2.937,0.904
8146,2.918,0.904
8147,2.913,0.909
8148,2.913,0.909
8149,2.947,0.909
8150,3.030,0.909
8151,3.118,0.909
8152,3.148,0.909
8153,3.123,0.909
8154,3.084,0.909
8155,3.050,0.914
8156,3.011,0.914
8157,2.996,0.914
8158,2.996,0.914
8159,3.001,0.914
8160,3.001,0.914
8161,2.991,0.914
8162,2.815,0.914
8163,3.128,0.914
8164,3.148,0.919
8165,3.050,0.919
8166,2.952,0.919
8167,2.913,0.919
8168,2.478,0.919
8169,3.079,0.919
8170,3.368,0.919
8171,3.319,0.919
8172,3.196,0.919
8173,3.094,0.924
8174,3.060,0.924
8175,3.050,0.924
8176,3.045,0.924
8177,3.025,0.924
8178,3.030,0.924
8179,3.016,0.924
8180,3.025,0.924
8181,3.025,0.924
8182,3.021,0.929
8183,3.006,0.929
8184,2.996,0.929
8185,2.981,0.929
8186,2.977,0.929
8187,2.972,0.929
8188,2.962,0.929
8189,2.742,0.929
8190,2.703,0.929
8191,3.250,0.929
8192,3.597,0.929
8193,3.509,0.934
8194,3.280,0.934
8195,3.094,0.934
8196,3.016,0.934
8197,3.001,0.934
8198,3.021,0.934
8199,3.035,0.934
8200,3.050,0.934
8201,3.050,0.934
8202,3.050,0.938
8203,3.030,0.938
8204,3.006,0.938
8205,3.001,0.938
8206,3.001,0.938
8207,2.981,0.938
8208,2.977,0.938
8209,2.967,0.938
8210,2.962,0.938
8211,2.986,0.938
8212,3.074,0.938
8213,3.162,0.938
8214,3.211,0.938
8215,3.201,0.943
8216,3.172,0.943
8217,3.143,0.943
8218,3.099,0.943
8219,2.952,0.943
8220,3.250,0.943
8221,3.289,0.943
8222,3.192,0.943
8223,3.109,0.943
8224,3.050,0.943
8225,3.025,0.943
8226,3.025,0.948
8227,3.035,0.948
8228,3.030,0.948
8229,2.586,0.948
8230,3.192,0.948
8231,3.456,0.948
8232,3.446,0.948
8233,3.358,0.948
8234,3.275,0.948
8235,3.221,0.948
8236,3.221,0.948
8237,3.211,0.948
8238,3.187,0.948
8239,3.177,0.948
8240,3.172,0.953
8241,3.172,0.953
8242,3.172,0.953
8243,3.157,0.953
8244,3.133,0.953
8245,3.109,0.953
8246,3.104,0.953
8247,3.099,0.953
8248,3.094,0.953
8249,3.079,0.953
8250,3.060,0.953
8251,3.045,0.953
8252,2.903,0.953
8253,3.025,0.953
8254,3.675,0.953
8255,3.715,0.958
8256,3.534,0.958
8257,3.333,0.958
8258,3.206,0.958
8259,3.152,0.958
8260,3.172,0.958
8261,3.196,0.958
8262,3.226,0.958
8263,3.211,0.958
8264,3.182,0.958
8265,3.152,0.958
8266,3.128,0.958
8267,3.104,0.958
8268,3.094,0.958
8269,3.084,0.963
8270,3.079,0.963
8271,3.069,0.963
8272,3.104,0.963
8273,3.231,0.963
8274,3.358,0.963
8275,3.407,0.963
8276,3.250,0.963
8277,3.509,0.963
8278,3.495,0.963
8279,3.358,0.963
8280,3.236,0.963
8281,3.196,0.963
8282,3.192,0.968
8283,3.211,0.968
8284,3.206,0.968
8285,3.177,0.968
8286,3.157,0.968
8287,3.138,0.968
8288,3.128,0.968
8289,3.113,0.968
8290,3.109,0.968
8291,2.830,0.968
8292,3.519,0.968
8293,3.680,0.968
8294,3.607,0.968
8295,3.465,0.968
8296,3.363,0.968
8297,3.304,0.968
8298,3.289,0.973
8299,3.255,0.973
8300,3.236,0.973
8301,3.245,0.973
8302,3.245,0.973
8303,3.226,0.973
8304,3.045,0.973
8305,3.353,0.973
8306,3.358,0.973
8307,3.250,0.973
8308,3.143,0.973
8309,3.089,0.973
8310,3.074,0.973
8311,3.069,0.973
8312,3.138,0.973
8313,3.304,0.973
8314,3.426,0.978
8315,3.221,0.978
8316,3.118,0.973
8317,3.671,0.973
8318,3.656,0.978
8319,3.451,0.978
8320,3.284,0.978
8321,3.206,0.978
8322,3.192,0.978
8323,3.201,0.978
8324,3.201,0.978
8325,3.196,0.978
8326,3.167,0.978
8327,3.138,0.978
8328,3.118,0.978
8329,3.104,0.978
8330,3.094,0.978
8331,3.094,0.978
8332,3.182,0.982
8333,3.216,0.978
8334,3.617,0.982
8335,3.646,0.982
8336,3.500,0.982
8337,3.363,0.982
8338,3.255,0.982
8339,3.206,0.982
8340,3.211,0.982
8341,3.240,0.982
8342,3.226,0.982
8343,3.221,0.982
8344,3.192,0.982
8345,3.167,0.982
8346,3.128,0.982
8347,3.099,0.982
8348,3.084,0.982
8349,3.084,0.982
8350,3.069,0.982
8351,3.074,0.978
8352,2.840,0.978
8353,3.724,0.978
8354,3.900,0.978
8355,3.715,0.973
8356,3.460,0.973
8357,3.304,0.973
8358,3.226,0.973
8359,3.196,0.968
8360,3.201,0.968
8361,3.035,0.963
8362,3.372,0.963
8363,3.397,0.963
8364,3.270,0.958
8365,3.143,0.958
8366,3.055,0.953
8367,3.025,0.953
8368,3.021,0.953
8369,3.030,0.948
8370,3.016,0.948
8371,3.011,0.943
8372,3.040,0.943
8373,3.167,0.943
8374,3.275,0.938
8375,3.319,0.938
8376,3.299,0.938
8377,3.255,0.938
8378,2.962,0.934
8379,2.815,0.934
8380,3.426,0.929
8381,3.480,0.929
8382,3.328,0.929
8383,3.133,0.929
8384,3.030,0.929
8385,2.996,0.924
8386,2.996,0.924
8387,3.001,0.924
8388,3.011,0.924
8389,3.006,0.924
8390,2.840,0.919
8391,3.167,0.919
8392,3.255,0.919
8393,3.265,0.919
8394,3.250,0.919
8395,3.211,0.919
8396,3.182,0.919
8397,3.152,0.914
8398,3.099,0.914
8399,3.045,0.914
8400,3.040,0.914
8401,3.045,0.914
8402,3.035,0.914
8403,3.045,0.914
8404,3.035,0.914
8405,3.006,0.914
8406,2.977,0.909
8407,2.962,0.909
8408,2.952,0.909
8409,2.942,0.909
8410,2.933,0.909
8411,2.923,0.904
8412,2.952,0.904
8413,2.752,0.899
8414,3.543,0.899
8415,3.617,0.899
8416,3.387,0.894
8417,3.143,0.894
8418,2.820,0.890
8419,3.123,0.890
8420,3.192,0.885
8421,3.118,0.885
8422,3.040,0.880
8423,2.962,0.880
8424,2.937,0.875
8425,2.923,0.875
8426,2.928,0.870
8427,2.918,0.870
8428,2.918,0.865
8429,2.908,0.865
8430,2.908,0.860
8431,2.893,0.860
8432,2.898,0.855
8433,2.962,0.855
8434,3.040,0.850
8435,3.069,0.850
8436,3.074,0.850
8437,3.050,0.846
8438,3.025,0.846
8439,2.996,0.841
8440,2.977,0.841
8441,2.737,0.841
8442,2.674,0.836
8443,3.265,0.836
8444,3.309,0.836
8445,3.143,0.831
8446,2.967,0.831
8447,2.752,0.831
8448,3.050,0.831
8449,3.099,0.826
8450,3.025,0.826
8451,2.942,0.826
8452,2.893,0.826
8453,2.898,0.826
8454,2.952,0.826
8455,3.011,0.826
8456,3.040,0.826
8457,3.030,0.826
8458,3.006,0.826
8459,2.991,0.826
8460,2.981,0.826
8461,2.962,0.826
8462,2.947,0.826
8463,2.967,0.826
8464,2.981,0.826
8465,2.977,0.826
8466,2.962,0.826
8467,2.952,0.826
8468,2.952,0.826
8469,2.957,0.826
8470,2.952,0.826
8471,2.952,0.831
8472,2.942,0.831
8473,2.947,0.831
8474,2.698,0.831
8475,3.333,0.831
8476,3.646,0.831
8477,3.441,0.831
8478,3.148,0.836
8479,2.962,0.836
8480,2.913,0.836
8481,2.923,0.836
8482,2.967,0.836
8483,3.001,0.836
8484,3.006,0.836
8485,3.006,0.836
8486,2.986,0.836
8487,2.977,0.836
8488,2.962,0.836
8489,2.952,0.836
8490,2.957,0.836
8491,2.986,0.836
8492,2.972,0.836
8493,2.991,0.831
8494,3.030,0.836
8495,3.060,0.836
8496,3.074,0.831
8497,3.069,0.831
8498,3.060,0.831
8499,3.045,0.831
8500,3.025,0.831
8501,3.006,0.831
8502,3.006,0.831
8503,3.025,0.831
8504,2.830,0.831
8505,2.771,0.831
8506,3.314,0.831
8507,3.338,0.831
8508,3.187,0.831
8509,3.045,0.831
8510,2.967,0.831
8511,2.957,0.831
8512,3.006,0.831
8513,3.089,0.831
8514,3.157,0.831
8515,3.177,0.831
8516,3.152,0.831
8517,3.104,0.831
8518,3.069,0.831
8519,3.069,0.831
8520,3.079,0.831
8521,3.089,0.831
8522,3.074,0.831
8523,3.084,0.831
8524,3.084,0.831
8525,3.074,0.831
8526,3.065,0.831
8527,3.050,0.831
8528,3.030,0.831
8529,3.025,0.831
8530,3.084,0.831
8531,3.192,0.831
8532,3.148,0.831
8533,3.451,0.831
8534,3.470,0.831
8535,3.074,0.826
8536,3.583,0.826
8537,3.543,0.826
8538,3.348,0.826
8539,3.187,0.826
8540,3.104,0.826
8541,3.094,0.826
8542,3.099,0.826
8543,3.094,0.826
8544,3.084,0.826
8545,3.074,0.826
8546,3.074,0.826
8547,3.133,0.821
8548,3.236,0.821
8549,3.324,0.821
8550,3.353,0.821
8551,3.333,0.821
8552,3.284,0.821
8553,3.260,0.821
8554,3.211,0.821
8555,3.192,0.821
8556,3.192,0.821
8557,3.206,0.821
8558,3.211,0.821
8559,3.192,0.821
8560,3.025,0.821
8561,3.309,0.821
8562,3.309,0.821
8563,3.216,0.821
8564,3.187,0.821
8565,3.280,0.821
8566,3.392,0.821
8567,3.221,0.821
8568,3.167,0.821
8569,3.715,0.821
8570,3.700,0.821
8571,3.485,0.821
8572,3.294,0.826
8573,3.216,0.826
8574,3.216,0.826
8575,3.231,0.826
8576,3.216,0.826
8577,3.211,0.826
8578,3.187,0.826
8579,3.162,0.831
8580,3.133,0.831
8581,3.167,0.831
8582,3.280,0.831
8583,3.431,0.831
8584,3.504,0.831
8585,3.509,0.836
8586,3.485,0.836
8587,3.441,0.836
8588,3.372,0.836
8589,3.187,0.836
8590,3.470,0.841
8591,3.480,0.841
8592,3.377,0.841
8593,3.270,0.841
8594,3.187,0.846
8595,3.167,0.846
8596,2.864,0.846
8597,3.563,0.846
8598,3.597,0.850
8599,3.368,0.850
8600,3.187,0.850
8601,3.206,0.850
8602,3.333,0.855
8603,3.431,0.855
8604,3.460,0.855
8605,3.446,0.855
8606,3.397,0.855
8607,3.328,0.860
8608,3.280,0.860
8609,3.255,0.860
8610,3.265,0.860
8611,3.255,0.865
8612,3.226,0.865
8613,3.211,0.865
8614,3.182,0.865
8615,3.152,0.865
8616,3.133,0.870
8617,2.942,0.870
8618,3.280,0.870
8619,3.353,0.870
8620,3.382,0.870
8621,3.412,0.875
8622,3.436,0.875
8623,3.436,0.875
8624,3.421,0.875
8625,3.382,0.875
8626,3.333,0.875
8627,3.284,0.875
8628,3.265,0.880
8629,3.250,0.880
8630,3.001,0.880
8631,2.884,0.880
8632,3.509,0.880
8633,3.534,0.880
8634,3.368,0.880
8635,3.172,0.880
8636,3.065,0.880
8637,3.030,0.880
8638,3.055,0.885
8639,3.133,0.885
8640,3.294,0.885
8641,3.421,0.885
8642,3.470,0.885
8643,3.470,0.885
8644,3.426,0.885
8645,3.363,0.885
8646,3.133,0.885
8647,3.431,0.885
8648,3.451,0.890
8649,3.353,0.890
8650,3.236,0.890
8651,3.152,0.890
8652,3.118,0.890
8653,3.118,0.890
8654,3.113,0.890
8655,3.099,0.890
8656,3.099,0.890
8657,2.722,0.890
8658,3.490,0.890
8659,3.553,0.894
8660,3.382,0.894
8661,3.270,0.894
8662,3.284,0.894
8663,3.289,0.894
8664,3.319,0.894
8665,3.314,0.899
8666,3.299,0.899
8667,3.236,0.899
8668,3.196,0.899
8669,3.167,0.899
8670,3.167,0.899
8671,3.148,0.899
8672,3.128,0.904
8673,3.113,0.904
8674,2.918,0.904
8675,3.245,0.904
8676,3.265,0.904
8677,3.157,0.904
8678,3.045,0.904
8679,2.977,0.904
8680,2.952,0.904
8681,2.986,0.909
8682,3.113,0.909
8683,3.236,0.909
8684,3.294,0.909
8685,3.280,0.909
8686,3.240,0.909
8687,3.187,0.909
8688,3.128,0.914
8689,3.089,0.914
8690,3.094,0.914
8691,3.094,0.914
8692,3.084,0.914
8693,2.810,0.914
8694,2.678,0.914
8695,3.319,0.914
8696,3.372,0.919
8697,3.196,0.919
8698,3.016,0.919
8699,2.923,0.919
8700,2.889,0.919
8701,2.903,0.919
8702,2.928,0.919
8703,2.903,0.919
8704,3.363,0.919
8705,3.451,0.924
8706,3.338,0.924
8707,3.192,0.924
8708,3.094,0.924
8709,3.040,0.924
8710,3.016,0.924
8711,3.025,0.924
8712,3.045,0.924
8713,3.030,0.924
8714,3.011,0.929
8715,2.986,0.924
8716,2.972,0.929
8717,2.962,0.929
8718,2.586,0.924
8719,3.358,0.924
8720,3.412,0.924
8721,3.196,0.924
8722,2.952,0.924
8723,2.845,0.924
8724,2.869,0.924
8725,3.001,0.924
8726,3.094,0.924
8727,3.138,0.924
8728,3.113,0.924
8729,3.074,0.924
8730,3.016,0.924
8731,2.796,0.924
8732,3.152,0.924
8733,3.206,0.924
8734,3.104,0.924
8735,3.011,0.924
8736,2.923,0.924
8737,2.903,0.924
8738,2.893,0.924
8739,2.898,0.924
8740,2.903,0.924
8741,2.903,0.924
8742,2.893,0.924
8743,2.884,0.924
8744,2.889,0.924
8745,2.972,0.924
8746,3.040,0.924
8747,3.084,0.924
8748,3.074,0.924
8749,3.040,0.924
8750,2.996,0.924
8751,2.967,0.924
8752,2.947,0.929
8753,2.967,0.929
8754,2.972,0.929
8755,2.962,0.929
8756,2.703,0.929
8757,2.605,0.929
8758,3.221,0.929
8759,3.280,0.929
8760,3.133,0.929
8761,2.981,0.929
8762,2.879,0.929
8763,2.849,0.929
8764,2.859,0.929
8765,2.928,0.929
8766,3.011,0.929
8767,3.060,0.934
8768,3.050,0.934
8769,3.035,0.934
8770,3.001,0.934
8771,2.972,0.934
8772,2.947,0.934
8773,2.947,0.934
8774,2.957,0.934
8775,2.962,0.934
8776,2.952,0.938
8777,2.942,0.938
8778,2.918,0.938
8779,2.463,0.938
8780,3.089,0.938
8781,3.372,0.938
8782,3.240,0.938
8783,3.025,0.938
8784,2.879,0.938
8785,2.864,0.938
8786,2.942,0.943
8787,3.030,0.943
8788,2.942,0.943
8789,3.226,0.943
8790,3.265,0.943
8791,3.172,0.943
8792,3.084,0.943
8793,3.040,0.943
8794,3.040,0.943
8795,3.045,0.948
8796,3.045,0.948
8797,3.040,0.948
8798,3.040,0.948
8799,3.035,0.948
8800,3.025,0.948
8801,3.035,0.948
8802,3.035,0.948
8803,3.021,0.948
8804,3.016,0.948
8805,3.021,0.948
8806,3.074,0.948
8807,3.157,0.943
8808,3.196,0.943
8809,3.196,0.943
8810,3.182,0.943
8811,3.152,0.938
8812,3.128,0.938
8813,3.113,0.938
8814,3.113,0.934
8815,3.123,0.934
8816,2.996,0.929
8817,3.314,0.929
8818,3.324,0.924
8819,2.991,0.924
8820,3.187,0.919
8821,3.196,0.919
8822,3.138,0.914
8823,3.104,0.914
8824,3.069,0.914
8825,3.069,0.909
8826,3.109,0.909
8827,3.206,0.904
8828,3.294,0.904
8829,3.343,0.899
8830,3.338,0.899
8831,3.309,0.894
8832,3.284,0.894
8833,3.245,0.890
8834,3.221,0.890
8835,3.226,0.890
8836,3.240,0.885
8837,3.240,0.885
8838,3.221,0.880
8839,3.196,0.880
8840,3.187,0.880
8841,2.898,0.875
8842,3.568,0.875
8843,3.607,0.875
8844,3.392,0.870
8845,3.025,0.870
8846,3.284,0.870
8847,3.436,0.870
8848,3.514,0.865
8849,3.509,0.865
8850,3.475,0.865
8851,3.426,0.865
8852,3.382,0.865
8853,3.343,0.865
8854,3.324,0.860
8855,3.319,0.860
8856,3.328,0.860
8857,3.319,0.860
8858,3.294,0.860
8859,3.260,0.860
8860,3.236,0.860
8861,3.216,0.860
8862,3.206,0.860
8863,3.187,0.860
8864,3.177,0.855
8865,3.177,0.855
8866,3.182,0.855
8867,3.236,0.855
8868,3.382,0.855
8869,3.500,0.855
8870,3.548,0.855
8871,3.524,0.855
8872,3.485,0.855
8873,3.270,0.855
8874,3.539,0.855
8875,3.543,0.855
8876,3.456,0.855
8877,3.358,0.855
8878,3.299,0.855
8879,3.260,0.855
8880,3.255,0.855
8881,3.245,0.850
8882,2.981,0.850
8883,2.913,0.850
8884,3.519,0.850
8885,3.539,0.850
8886,3.382,0.850
8887,3.294,0.850
8888,3.353,0.850
8889,3.446,0.846
8890,3.500,0.846
8891,3.500,0.846
8892,3.465,0.846
8893,3.397,0.846
8894,3.324,0.846
8895,3.289,0.846
8896,3.289,0.841
8897,3.289,0.841
8898,3.280,0.841
8899,3.255,0.841
8900,3.231,0.841
8901,3.221,0.841
8902,3.030,0.836
8903,3.837,0.836
8904,3.807,0.836
8905,3.441,0.836
8906,3.133,0.836
8907,3.055,0.836
8908,3.196,0.836
8909,3.368,0.836
8910,3.460,0.836
8911,3.470,0.836
8912,3.431,0.836
8913,3.387,0.836
8914,3.314,0.836
8915,3.265,0.836
8916,3.245,0.836
8917,3.240,0.836
8918,3.236,0.836
8919,3.221,0.841
8920,3.196,0.836
8921,3.162,0.841
8922,3.133,0.841
8923,3.109,0.841
8924,3.104,0.841
8925,3.094,0.841
8926,3.084,0.841
8927,3.084,0.841
8928,3.172,0.841
8929,3.294,0.841
8930,3.231,0.836
8931,3.578,0.841
8932,3.573,0.841
8933,3.441,0.841
8934,3.289,0.841
8935,3.177,0.841
8936,3.157,0.836
8937,3.172,0.841
8938,3.187,0.836
8939,3.182,0.836
8940,3.157,0.836
8941,3.128,0.836
8942,3.084,0.836
8943,3.094,0.836
8944,3.099,0.836
8945,2.840,0.836
8946,2.727,0.836
8947,3.382,0.836
8948,3.534,0.836
8949,3.490,0.836
8950,3.382,0.836
8951,3.299,0.831
8952,3.250,0.831
8953,3.240,0.831
8954,3.216,0.831
8955,3.172,0.831
8956,3.162,0.831
8957,3.143,0.831
8958,3.143,0.831
8959,2.991,0.831
8960,3.304,0.826
8961,3.314,0.826
8962,2.649,0.826
8963,3.226,0.821
8964,3.509,0.821
8965,3.372,0.821
8966,3.138,0.821
8967,2.996,0.816
8968,3.006,0.816
8969,3.128,0.816
8970,3.221,0.811
8971,3.265,0.811
8972,3.250,0.806
8973,3.216,0.806
8974,3.187,0.802
8975,3.148,0.802
8976,3.123,0.797
8977,3.113,0.797
8978,3.118,0.797
8979,3.104,0.792
8980,3.099,0.792
8981,3.079,0.792
8982,3.060,0.787
8983,3.060,0.787
8984,3.055,0.782
8985,3.030,0.782
8986,3.021,0.782
8987,2.869,0.782
8988,3.226,0.777
8989,3.328,0.777
8990,3.304,0.777
8991,3.236,0.777
8992,3.172,0.772
8993,3.148,0.772
8994,3.109,0.772
8995,3.079,0.772
8996,3.074,0.772
8997,3.084,0.772
8998,3.084,0.772
8999,3.099,0.767
9000,3.084,0.767
9001,3.060,0.767
9002,3.035,0.767
9003,3.040,0.767
9004,3.025,0.767
9005,3.021,0.767
9006,3.016,0.767
9007,3.021,0.767
9008,2.801,0.767
9009,2.815,0.767
9010,3.500,0.767
9011,3.568,0.767
9012,3.382,0.767
9013,3.196,0.767
9014,3.089,0.767
9015,3.069,0.767
9016,3.089,0.767
9017,3.113,0.767
9018,3.109,0.767
9019,3.099,0.767
9020,3.084,0.772
9021,3.069,0.772
9022,3.055,0.772
9023,3.074,0.772
9024,2.761,0.772
9025,3.475,0.772
9026,3.504,0.772
9027,3.294,0.777
9028,3.113,0.777
9029,3.045,0.777
9030,3.050,0.777
9031,3.099,0.782
9032,3.113,0.782
9033,3.118,0.782
9034,3.099,0.782
9035,3.084,0.787
9036,3.079,0.787
9037,3.084,0.787
9038,3.084,0.787
9039,3.094,0.792
9040,3.079,0.792
9041,3.074,0.792
9042,3.065,0.792
9043,3.050,0.792
9044,2.864,0.792
9045,3.851,0.792
9046,3.842,0.792
9047,3.465,0.792
9048,3.143,0.792
9049,2.996,0.792
9050,2.996,0.792
9051,3.040,0.792
9052,3.074,0.792
9053,3.084,0.792
9054,3.094,0.797
9055,3.084,0.792
9056,3.074,0.792
9057,3.060,0.792
9058,3.050,0.797
9059,3.040,0.792
9060,3.025,0.792
9061,3.006,0.792
9062,3.030,0.792
9063,3.035,0.792
9064,3.069,0.792
9065,3.099,0.792
9066,3.118,0.792
9067,3.113,0.792
9068,3.094,0.792
9069,3.079,0.792
9070,3.084,0.792
9071,2.937,0.792
9072,3.025,0.792
9073,3.368,0.792
9074,3.343,0.792
9075,3.177,0.792
9076,3.055,0.797
9077,2.996,0.797
9078,2.986,0.797
9079,3.006,0.797
9080,3.035,0.797
9081,3.069,0.797
9082,3.123,0.797
9083,3.157,0.792
9084,2.859,0.792
9085,3.543,0.792
9086,3.583,0.792
9087,3.348,0.792
9088,3.123,0.792
9089,3.021,0.792
9090,3.025,0.792
9091,3.040,0.792
9092,3.094,0.792
9093,3.104,0.792
9094,3.099,0.787
9095,3.089,0.787
9096,3.069,0.787
9097,3.065,0.787
9098,3.104,0.787
9099,3.172,0.787
9100,3.221,0.787
9101,3.109,0.787
9102,3.416,0.787
9103,3.426,0.787
9104,3.304,0.787
9105,3.187,0.787
9106,3.138,0.787
9107,3.143,0.787
9108,3.157,0.787
9109,3.162,0.787
9110,3.162,0.787
9111,3.148,0.787
9112,3.143,0.787
9113,3.133,0.787
9114,3.128,0.787
9115,3.177,0.787
9116,3.265,0.787
9117,3.338,0.787
9118,3.387,0.787
9119,3.397,0.787
9120,3.387,0.787
9121,3.333,0.792
9122,3.309,0.792
9123,3.289,0.792
9124,3.289,0.792
9125,3.289,0.792
9126,3.284,0.792
9127,3.260,0.792
9128,3.245,0.797
9129,3.074,0.797
9130,3.392,0.797
9131,3.402,0.797
9132,3.289,0.797
9133,2.986,0.797
9134,3.021,0.797
9135,3.773,0.802
9136,3.891,0.802
9137,3.759,0.802
9138,3.587,0.802
9139,3.475,0.802
9140,3.402,0.806
9141,3.363,0.806
9142,3.358,0.806
9143,3.372,0.806
9144,3.377,0.806
9145,3.050,0.806
9146,3.749,0.806
9147,3.768,0.811
9148,3.524,0.811
9149,3.294,0.811
9150,3.177,0.811
9151,3.123,0.811
9152,3.162,0.811
9153,3.250,0.811
9154,3.421,0.811
9155,3.553,0.811
9156,3.607,0.816
9157,3.592,0.816
9158,3.416,0.816
9159,3.695,0.816
9160,3.636,0.816
9161,3.495,0.816
9162,3.392,0.816
9163,3.348,0.816
9164,3.324,0.816
9165,3.333,0.816
9166,3.309,0.816
9167,3.280,0.816
9168,3.250,0.816
9169,3.236,0.816
9170,3.211,0.816
9171,3.196,0.816
9172,3.187,0.816
9173,3.226,0.816
9174,3.358,0.821
9175,3.504,0.821
9176,3.573,0.821
9177,3.578,0.821
9178,3.534,0.821
9179,3.470,0.821
9180,3.377,0.821
9181,3.314,0.821
9182,3.324,0.821
9183,3.319,0.826
9184,3.309,0.826
9185,3.284,0.826
9186,3.065,0.826
9187,3.397,0.826
9188,3.416,0.826
9189,3.309,0.831
9190,3.196,0.831
9191,3.133,0.831
9192,3.109,0.831
9193,3.143,0.831
9194,3.255,0.831
9195,3.407,0.836
9196,3.250,0.836
9197,3.167,0.836
9198,3.807,0.836
9199,3.807,0.836
9200,3.553,0.841
9201,3.328,0.841
9202,3.221,0.841
9203,3.226,0.841
9204,3.236,0.846
9205,3.250,0.846
9206,2.854,0.846
9207,3.661,0.846
9208,3.700,0.846
9209,3.431,0.850
9210,3.152,0.850
9211,3.011,0.850
9212,3.045,0.850
9213,3.206,0.850
9214,3.353,0.855
9215,3.304,0.855
9216,3.646,0.855
9217,3.631,0.855
9218,3.470,0.860
9219,3.289,0.860
9220,3.196,0.860
9221,3.182,0.860
9222,3.196,0.860
9223,3.216,0.865
9224,3.192,0.865
9225,3.172,0.865
9226,3.138,0.865
9227,3.118,0.870
9228,3.118,0.870
9229,3.094,0.870
9230,3.079,0.870
9231,3.065,0.870
9232,3.065,0.870
9233,3.123,0.875
9234,3.245,0.875
9235,3.338,0.875
9236,3.368,0.875
9237,3.343,0.880
9238,3.304,0.880
9239,3.250,0.880
9240,3.196,0.880
9241,3.148,0.880
9242,3.182,0.880
9243,3.001,0.885
9244,3.368,0.885
9245,3.377,0.885
9246,3.255,0.885
9247,3.109,0.885
9248,3.045,0.890
9249,3.021,0.890
9250,3.030,0.890
9251,3.030,0.890
9252,3.040,0.890
9253,3.040,0.890
9254,3.118,0.890
9255,3.226,0.894
9256,3.289,0.894
9257,3.294,0.894
9258,3.265,0.894
9259,2.957,0.894
9260,2.820,0.894
9261,3.480,0.894
9262,3.539,0.894
9263,3.363,0.894
9264,3.182,0.899
9265,3.065,0.899
9266,3.030,0.899
9267,2.664,0.899
9268,3.500,0.899
9269,3.578,0.899
9270,3.338,0.899
9271,3.069,0.899
9272,2.967,0.899
9273,2.947,0.899
9274,3.001,0.899
9275,3.123,0.899
9276,3.240,0.899
9277,3.260,0.899
9278,3.245,0.899
9279,3.211,0.899
9280,3.177,0.899
9281,3.113,0.899
9282,3.099,0.904
9283,3.094,0.904
9284,3.109,0.904
9285,3.099,0.904
9286,3.074,0.904
9287,3.045,0.904
9288,3.025,0.904
9289,3.011,0.904
9290,2.996,0.904
9291,2.981,0.904
9292,3.001,0.904
9293,2.991,0.904
9294,2.977,0.904
9295,3.001,0.904
9296,3.079,0.904
9297,3.167,0.904
9298,3.201,0.909
9299,3.201,0.909
9300,3.001,0.909
9301,3.314,0.909
9302,3.328,0.909
9303,3.206,0.909
9304,3.094,0.909
9305,3.035,0.909
9306,3.011,0.909
9307,3.016,0.909
9308,3.021,0.914
9309,3.011,0.914
9310,3.001,0.914
9311,2.981,0.914
9312,2.981,0.914
9313,2.972,0.914
9314,2.977,0.914
9315,2.962,0.914
9316,2.981,0.919
9317,3.050,0.919
9318,3.143,0.919
9319,3.177,0.919
9320,3.172,0.919
9321,3.133,0.919
9322,3.104,0.919
9323,2.908,0.919
9324,2.898,0.919
9325,3.407,0.919
9326,3.407,0.924
9327,3.216,0.924
9328,2.610,0.919
9329,3.587,0.924
9330,3.651,0.924
9331,3.333,0.924
9332,3.030,0.924
9333,2.884,0.924
9334,2.864,0.929
9335,2.918,0.929
9336,2.962,0.929
9337,3.060,0.929
9338,3.138,0.929
9339,3.182,0.929
9340,3.157,0.929
9341,3.123,0.929
9342,3.089,0.929
9343,3.065,0.929
9344,3.040,0.934
9345,3.030,0.934
9346,3.035,0.934
9347,3.045,0.934
9348,3.030,0.934
9349,3.021,0.934
9350,2.996,0.934
9351,3.006,0.934
9352,2.996,0.934
9353,2.996,0.938
9354,2.981,0.938
9355,2.991,0.938
9356,2.991,0.938
9357,2.908,0.938
9358,3.319,0.938
9359,3.387,0.938
9360,3.284,0.938
9361,3.152,0.938
9362,3.084,0.943
9363,3.055,0.943
9364,3.030,0.943
9365,3.030,0.943
9366,3.050,0.943
9367,3.055,0.943
9368,3.050,0.943
9369,3.021,0.943
9370,3.016,0.943
9371,3.016,0.943
9372,3.006,0.943
9373,2.991,0.943
9374,2.991,0.943
9375,2.991,0.948
9376,3.001,0.948
9377,3.055,0.948
9378,3.128,0.948
9379,3.167,0.948
9380,3.167,0.948
9381,3.133,0.948
9382,3.113,0.948
9383,3.089,0.948
9384,3.065,0.948
9385,2.708,0.948
9386,2.981,0.948
9387,3.607,0.948
9388,3.539,0.948
9389,2.869,0.948
9390,3.426,0.948
9391,3.426,0.953
9392,3.231,0.953
9393,3.035,0.953
9394,2.937,0.953
9395,2.957,0.953
9396,3.060,0.953
9397,3.152,0.953
9398,3.196,0.953
9399,3.206,0.953
9400,3.211,0.958
9401,3.201,0.958
9402,3.167,0.958
9403,3.148,0.958
9404,3.148,0.958
9405,3.143,0.958
9406,3.152,0.958
9407,3.133,0.958
9408,3.118,0.958
9409,3.094,0.958
9410,3.065,0.958
9411,3.065,0.958
9412,3.055,0.958
9413,3.055,0.958
9414,2.947,0.958
9415,3.328,0.958
9416,3.441,0.963
9417,3.397,0.963
9418,3.304,0.963
9419,3.236,0.963
9420,3.187,0.963
9421,3.148,0.963
9422,3.162,0.963
9423,3.187,0.963
9424,3.196,0.963
9425,3.187,0.963
9426,3.172,0.963
9427,3.152,0.963
9428,3.128,0.963
9429,3.113,0.968
9430,3.104,0.968
9431,3.099,0.968
9432,3.094,0.968
9433,3.094,0.968
9434,3.167,0.968
9435,3.255,0.968
9436,3.309,0.968
9437,3.314,0.968
9438,3.294,0.968
9439,3.270,0.968
9440,3.231,0.968
9441,3.192,0.968
9442,3.035,0.968
9443,3.372,0.968
9444,3.407,0.968
9445,3.284,0.968
9446,3.157,0.968
9447,3.084,0.968
9448,2.830,0.968
9449,2.761,0.968
9450,3.167,0.968
9451,3.895,0.968
9452,3.847,0.963
9453,3.563,0.963
9454,3.319,0.963
9455,3.231,0.963
9456,3.226,0.963
9457,3.245,0.958
9458,3.245,0.958
9459,3.250,0.953
9460,3.250,0.953
9461,3.255,0.953
9462,3.245,0.948
9463,3.236,0.948
9464,3.201,0.943
9465,3.192,0.943
9466,3.182,0.938
9467,3.167,0.938
9468,3.148,0.934
9469,3.172,0.929
9470,3.255,0.929
9471,3.255,0.924
9472,3.646,0.924
9473,3.666,0.919
9474,3.548,0.919
9475,3.412,0.914
9476,3.309,0.914
9477,3.270,0.909
9478,3.270,0.909
9479,3.289,0.909
9480,3.299,0.904
9481,3.275,0.904
9482,3.275,0.899
9483,3.250,0.899
9484,3.221,0.899
9485,3.192,0.894
9486,3.177,0.894
9487,3.167,0.894
9488,3.216,0.890
9489,3.348,0.890
9490,3.460,0.890
9491,3.495,0.885
9492,3.490,0.885
9493,3.451,0.885
9494,3.397,0.885
9495,3.333,0.880
9496,3.309,0.880
9497,3.299,0.880
9498,3.299,0.880
9499,3.123,0.875
9500,3.456,0.875
9501,3.446,0.875
9502,3.328,0.875
9503,3.206,0.875
9504,3.133,0.875
9505,3.113,0.875
9506,3.118,0.870
9507,3.143,0.870
9508,3.240,0.870
9509,3.358,0.870
9510,3.436,0.870
9511,2.771,0.870
9512,3.382,0.870
9513,4.203,0.870
9514,4.022,0.870
9515,3.583,0.870
9516,3.250,0.870
9517,3.133,0.870
9518,3.148,0.870
9519,3.192,0.870
9520,3.216,0.870
9521,3.211,0.870
9522,3.187,0.875
9523,3.157,0.875
9524,3.133,0.875
9525,3.128,0.875
9526,3.162,0.875
9527,3.270,0.875
9528,3.387,0.875
9529,3.460,0.875
9530,3.446,0.875
9531,3.397,0.875
9532,3.338,0.875
9533,3.275,0.875
9534,3.226,0.875
9535,3.206,0.875
9536,3.216,0.875
9537,3.211,0.875
9538,3.201,0.875
9539,3.167,0.875
9540,3.138,0.875
9541,3.118,0.870
9542,3.123,0.870
9543,3.104,0.870
9544,3.089,0.870
9545,3.123,0.870
9546,3.231,0.870
9547,3.348,0.870
9548,3.416,0.865
9549,3.412,0.865
9550,3.382,0.865
9551,3.338,0.865
9552,3.275,0.865
9553,3.221,0.860
9554,3.201,0.860
9555,3.201,0.860
9556,3.021,0.860
9557,3.382,0.860
9558,3.387,0.860
9559,3.255,0.855
9560,3.118,0.855
9561,3.050,0.855
9562,3.035,0.855
9563,3.040,0.855
9564,3.045,0.855
9565,3.084,0.855
9566,3.187,0.855
9567,3.294,0.855
9568,3.348,0.855
9569,3.343,0.855
9570,3.304,0.855
9571,3.236,0.855
9572,3.206,0.855
9573,2.590,0.855
9574,3.319,0.855
9575,3.524,0.855
9576,3.299,0.855
9577,3.602,0.855
9578,3.446,0.855
9579,3.206,0.855
9580,3.035,0.855
9581,2.967,0.855
9582,2.981,0.855
9583,3.006,0.855
9584,2.815,0.860
9585,3.265,0.860
9586,3.421,0.860
9587,3.416,0.860
9588,3.319,0.860
9589,3.236,0.860
9590,3.187,0.865
9591,3.148,0.865
9592,3.118,0.865
9593,3.118,0.865
9594,3.113,0.865
9595,3.109,0.865
9596,3.104,0.865
9597,3.079,0.870
9598,3.055,0.870
9599,3.035,0.870
9600,3.011,0.870
9601,2.996,0.870
9602,3.001,0.875
9603,2.996,0.875
9604,2.981,0.875
9605,2.972,0.875
9606,3.006,0.880
9607,3.113,0.880
9608,3.182,0.880
9609,3.206,0.880
9610,3.182,0.880
9611,3.148,0.885
9612,3.109,0.885
9613,2.889,0.885
9614,3.255,0.885
9615,3.289,0.890
9616,3.172,0.890
9617,3.055,0.890
9618,2.986,0.890
9619,2.986,0.894
9620,2.972,0.894
9621,2.972,0.894
9622,2.962,0.894
9623,2.957,0.899
9624,2.957,0.899
9625,2.967,0.899
9626,2.981,0.899
9627,3.040,0.904
9628,3.118,0.904
9629,3.167,0.904
9630,3.152,0.904
9631,3.104,0.904
9632,3.094,0.909
9633,3.055,0.909
9634,2.483,0.909
9635,3.201,0.909
9636,3.539,0.909
9637,3.416,0.909
9638,2.986,0.909
9639,2.786,0.909
9640,3.304,0.914
9641,3.123,0.914
9642,3.353,0.914
9643,3.226,0.914
9644,3.069,0.919
9645,2.957,0.919
9646,2.986,0.919
9647,3.069,0.919
9648,3.138,0.919
9649,3.148,0.919
9650,3.128,0.924
9651,3.084,0.924
9652,3.045,0.924
9653,3.016,0.924
9654,3.021,0.924
9655,3.030,0.924
9656,3.045,0.924
9657,3.035,0.924
9658,3.030,0.929
9659,2.991,0.929
9660,2.972,0.929
9661,2.972,0.929
9662,2.981,0.929
9663,2.972,0.929
9664,2.977,0.929
9665,2.977,0.929
9666,3.040,0.929
9667,3.113,0.929
9668,3.157,0.929
9669,3.143,0.929
9670,2.967,0.929
9671,3.280,0.929
9672,3.280,0.929
9673,3.152,0.929
9674,3.060,0.929
9675,3.011,0.929
9676,3.001,0.929
9677,3.001,0.929
9678,3.006,0.929
9679,3.006,0.929
9680,3.006,0.929
9681,2.996,0.929
9682,2.981,0.929
9683,2.972,0.924
9684,2.967,0.924
9685,3.001,0.924
9686,3.074,0.924
9687,3.133,0.924
9688,3.157,0.919
9689,3.138,0.919
9690,3.109,0.919
9691,3.065,0.919
9692,3.060,0.919
9693,3.040,0.914
9694,3.035,0.914
9695,2.512,0.914
9696,3.201,0.909
9697,3.514,0.909
9698,3.182,0.909
9699,3.265,0.909
9700,2.957,0.909
9701,2.776,0.904
9702,3.372,0.904
9703,3.446,0.904
9704,3.363,0.904
9705,3.265,0.904
9706,3.211,0.904
9707,3.167,0.904
9708,3.162,0.904
9709,3.152,0.904
9710,3.152,0.904
9711,3.138,0.904
9712,3.133,0.899
9713,3.133,0.904
9714,3.138,0.899
9715,3.133,0.899
9716,3.123,0.899
9717,3.118,0.899
9718,3.104,0.899
9719,3.089,0.899
9720,3.079,0.904
9721,3.109,0.904
9722,3.182,0.899
9723,3.255,0.899
9724,3.275,0.904
9725,3.265,0.904
9726,3.236,0.904
9727,3.084,0.904
9728,3.377,0.904
9729,3.382,0.904
9730,3.280,0.904
9731,3.187,0.904
9732,3.138,0.904
9733,3.118,0.904
9734,3.133,0.904
9735,3.138,0.904
9736,3.148,0.909
9737,3.138,0.909
9738,3.138,0.909
9739,3.177,0.909
9740,3.255,0.909
9741,3.309,0.909
9742,3.328,0.909
9743,3.309,0.909
9744,3.275,0.909
9745,3.236,0.914
9746,3.211,0.914
9747,3.201,0.914
9748,3.226,0.914
9749,3.226,0.914
9750,3.221,0.914
9751,3.192,0.914
9752,3.196,0.914
9753,3.177,0.909
9754,3.172,0.909
9755,3.021,0.909
9756,3.060,0.904
9757,3.812,0.904
9758,3.847,0.904
9759,3.646,0.904
9760,3.421,0.899
9761,3.309,0.899
9762,3.294,0.894
9763,3.084,0.894
9764,3.402,0.890
9765,3.460,0.890
9766,3.402,0.885
9767,3.338,0.880
9768,3.284,0.880
9769,3.255,0.875
9770,3.236,0.870
9771,3.236,0.870
9772,3.216,0.865
9773,3.216,0.860
9774,3.201,0.855
9775,3.201,0.855
9776,3.196,0.850
9777,3.172,0.846
9778,3.167,0.846
9779,3.245,0.841
9780,3.372,0.836
9781,3.441,0.836
9782,3.475,0.831
9783,3.456,0.826
9784,3.451,0.826
9785,3.382,0.821
9786,3.319,0.821
9787,3.294,0.816
9788,3.289,0.811
9789,3.289,0.811
9790,3.289,0.806
9791,3.275,0.806
9792,3.250,0.806
9793,3.226,0.802
9794,3.206,0.802
9795,3.192,0.797
9796,3.182,0.797
9797,3.177,0.797
9798,3.162,0.792
9799,3.162,0.792
9800,3.187,0.792
9801,3.275,0.787
9802,3.368,0.787
9803,3.426,0.787
9804,3.421,0.787
9805,3.392,0.782
9806,3.348,0.782
9807,3.289,0.782
9808,3.265,0.782
9809,3.265,0.782
9810,3.265,0.782
9811,3.240,0.782
9812,3.109,0.782
9813,3.441,0.782
9814,3.441,0.782
9815,3.314,0.782
9816,3.196,0.782
9817,3.143,0.782
9818,2.791,0.782
9819,3.573,0.787
9820,3.636,0.787
9821,3.421,0.787
9822,3.260,0.787
9823,3.265,0.787
9824,3.319,0.792
9825,3.363,0.792
9826,3.372,0.792
9827,3.196,0.792
9828,3.143,0.792
9829,3.612,0.797
9830,3.597,0.797
9831,3.441,0.797
9832,3.265,0.802
9833,3.182,0.802
9834,3.157,0.802
9835,3.162,0.806
9836,3.177,0.806
9837,3.167,0.806
9838,3.157,0.811
9839,3.152,0.811
9840,2.967,0.811
9841,3.314,0.811
9842,3.353,0.816
9843,3.280,0.816
9844,3.260,0.816
9845,3.314,0.821
9846,3.348,0.821
9847,3.353,0.821
9848,3.324,0.826
9849,3.284,0.826
9850,3.240,0.826
9851,3.221,0.831
9852,3.226,0.831
9853,3.221,0.831
9854,3.216,0.831
9855,3.206,0.836
9856,3.192,0.836
9857,3.172,0.836
9858,3.152,0.841
9859,3.143,0.841
9860,3.128,0.841
9861,3.118,0.846
9862,3.113,0.846
9863,3.109,0.846
9864,3.109,0.846
9865,3.148,0.850
9866,3.255,0.850
9867,3.343,0.850
9868,3.372,0.850
9869,3.196,0.855
9870,3.495,0.855
9871,3.465,0.855
9872,3.333,0.855
9873,3.221,0.860
9874,3.182,0.860
9875,3.177,0.860
9876,3.177,0.860
9877,3.177,0.860
9878,3.167,0.865
9879,2.845,0.865
9880,3.612,0.865
9881,3.651,0.865
9882,3.392,0.865
9883,3.138,0.870
9884,3.016,0.870
9885,3.021,0.870
9886,3.109,0.870
9887,3.250,0.870
9888,3.348,0.875
9889,3.382,0.875
9890,3.216,0.875
9891,3.157,0.875
9892,3.607,0.875
9893,3.568,0.880
9894,3.382,0.880
9895,3.226,0.880
9896,3.152,0.880
9897,2.986,0.880
9898,3.358,0.880
9899,3.397,0.885
9900,3.289,0.885
9901,3.167,0.885
9902,3.113,0.885
9903,3.079,0.885
9904,3.084,0.890
9905,3.089,0.890
9906,3.128,0.890
9907,3.221,0.890
9908,3.338,0.890
9909,3.363,0.890
9910,3.363,0.890
9911,3.324,0.894
9912,3.280,0.894
9913,3.231,0.894
9914,3.211,0.894
9915,3.206,0.894
9916,3.221,0.894
9917,3.211,0.894
9918,3.201,0.894
9919,3.182,0.899
9920,3.162,0.899
9921,3.143,0.899
9922,3.128,0.899
9923,3.113,0.899
9924,3.113,0.899
9925,3.109,0.899
9926,2.996,0.899
9927,3.392,0.899
9928,3.534,0.904
9929,3.495,0.904
9930,3.397,0.904
9931,3.304,0.904
9932,3.275,0.904
9933,3.245,0.904
9934,3.226,0.904
9935,3.226,0.904
9936,3.231,0.909
9937,3.240,0.909
9938,3.231,0.909
9939,3.216,0.909
9940,2.849,0.909
9941,3.627,0.909
9942,3.675,0.909
9943,3.431,0.909
9944,3.187,0.909
9945,3.060,0.914
9946,3.035,0.914
9947,3.118,0.914
9948,3.260,0.914
9949,3.377,0.914
9950,3.416,0.914
9951,3.392,0.914
9952,3.353,0.914
9953,3.157,0.914
9954,3.118,0.914
9955,3.847,0.914
9956,3.832,0.919
9957,3.524,0.919
9958,3.265,0.919
9959,3.133,0.919
9960,3.099,0.919
9961,3.138,0.919
9962,3.177,0.919
9963,3.182,0.919
9964,3.172,0.924
9965,3.152,0.924
9966,3.143,0.924
9967,3.148,0.924
9968,3.245,0.924
9969,3.358,0.924
9970,3.421,0.924
9971,3.416,0.924
9972,3.382,0.924
9973,3.343,0.924
9974,3.304,0.924
9975,3.265,0.929
9976,3.255,0.929
9977,3.255,0.929
9978,3.245,0.929
9979,3.236,0.929
9980,3.216,0.929
9981,3.196,0.929
9982,3.182,0.929
9983,3.025,0.929
9984,3.363,0.929
9985,3.368,0.929
9986,3.250,0.929
9987,3.148,0.929
9988,3.128,0.934
9989,3.221,0.934
9990,3.358,0.934
9991,3.416,0.934
9992,3.416,0.934
9993,3.382,0.934
9994,3.328,0.934
9995,3.275,0.934
9996,3.245,0.934
9997,3.245,0.934
9998,3.250,0.934
9999,3.245,0.934
10000,3.240,0.938
10001,2.874,0.934
10002,3.661,0.934
10003,3.705,0.938
10004,3.451,0.938
10005,3.196,0.938
10006,3.060,0.938
10007,3.045,0.938
10008,3.109,0.938
10009,3.245,0.938
10010,3.382,0.938
10011,3.446,0.938
10012,3.441,0.938
10013,3.392,0.938
10014,3.319,0.943
10015,3.275,0.943
10016,3.094,0.943
10017,3.104,0.943
10018,3.627,0.943
10019,3.617,0.943
10020,3.402,0.943
10021,3.216,0.943
10022,3.128,0.943
10023,3.113,0.943
10024,3.113,0.943
10025,3.133,0.943
10026,3.138,0.943
10027,3.123,0.948
10028,3.152,0.948
10029,3.240,0.948
10030,3.353,0.948
10031,3.407,0.948
10032,3.402,0.948
10033,3.372,0.948
10034,3.333,0.948
10035,3.275,0.948
10036,3.240,0.948
10037,3.040,0.948
10038,3.421,0.948
10039,3.456,0.948
10040,3.324,0.948
10041,3.196,0.948
10042,3.118,0.948
10043,3.104,0.953
10044,3.113,0.953
10045,3.123,0.953
10046,3.128,0.953
10047,3.113,0.953
10048,3.094,0.953
10049,3.094,0.953
10050,3.148,0.953
10051,3.260,0.953
10052,3.368,0.953
10053,3.421,0.953
10054,3.387,0.953
10055,3.338,0.953
10056,3.280,0.953
10057,3.245,0.958
10058,3.226,0.958
10059,3.221,0.958
10060,3.221,0.958
10061,3.211,0.958
10062,2.615,0.953
10063,3.319,0.953
10064,3.465,0.953
10065,3.671,0.958
10066,3.460,0.958
10067,3.192,0.958
10068,3.025,0.958
10069,3.001,0.958
10070,3.021,0.958
10071,3.055,0.958
10072,3.138,0.958
10073,3.270,0.958
10074,3.353,0.958
10075,3.372,0.958
10076,3.338,0.958
10077,3.299,0.958
10078,3.260,0.958
10079,3.069,0.953
10080,3.025,0.953
10081,3.578,0.953
10082,3.578,0.953
10083,3.372,0.953
10084,3.187,0.953
10085,3.089,0.953
10086,3.069,0.953
10087,3.079,0.953
10088,3.089,0.953
10089,3.099,0.953
10090,3.099,0.953
10091,2.889,0.953
10092,3.270,0.953
10093,3.314,0.953
10094,3.245,0.953
10095,3.236,0.953
10096,3.280,0.953
10097,3.304,0.953
10098,3.309,0.953
10099,3.284,0.953
10100,3.250,0.953
10101,3.206,0.953
10102,3.177,0.953
10103,3.162,0.953
10104,3.177,0.953
10105,3.167,0.953
10106,3.157,0.953
10107,3.133,0.953
10108,3.118,0.953
10109,3.094,0.953
10110,3.094,0.953
10111,3.079,0.953
10112,3.084,0.953
10113,3.069,0.953
10114,3.069,0.953
10115,3.050,0.953
10116,3.060,0.953
10117,3.118,0.953
10118,3.069,0.953
10119,3.504,0.953
10120,3.548,0.953
10121,3.412,0.953
10122,3.270,0.953
10123,2.786,0.953
10124,3.607,0.953
10125,3.685,0.953
10126,3.446,0.958
10127,3.196,0.958
10128,3.050,0.958
10129,3.030,0.958
10130,3.045,0.958
10131,3.060,0.958
10132,3.074,0.958
10133,3.069,0.958
10134,3.060,0.958
10135,3.035,0.958
10136,3.030,0.958
10137,3.050,0.963
10138,3.143,0.958
10139,3.221,0.963
10140,3.275,0.963
10141,3.275,0.963
10142,3.094,0.963
10143,3.040,0.963
10144,3.529,0.963
10145,3.299,0.963
10146,3.475,0.963
10147,3.363,0.963
10148,3.216,0.963
10149,3.099,0.963
10150,3.050,0.968
10151,3.050,0.968
10152,3.065,0.968
10153,3.069,0.968
10154,3.065,0.968
10155,3.045,0.968
10156,3.055,0.968
10157,3.065,0.968
10158,3.143,0.968
10159,3.240,0.968
10160,3.294,0.968
10161,3.265,0.968
10162,3.231,0.973
10163,3.187,0.973
10164,3.152,0.973
10165,3.128,0.973
10166,3.113,0.973
10167,3.123,0.973
10168,3.138,0.973
10169,3.128,0.973
10170,3.099,0.973
10171,3.099,0.973
10172,2.937,0.973
10173,3.284,0.973
10174,3.294,0.973
10175,3.177,0.973
10176,3.069,0.973
10177,3.021,0.978
10178,3.060,0.978
10179,3.177,0.978
10180,3.275,0.978
10181,3.294,0.978
10182,3.265,0.978
10183,3.250,0.978
10184,2.840,0.978
10185,3.617,0.978
10186,3.671,0.978
10187,3.460,0.978
10188,3.221,0.978
10189,3.089,0.982
10190,3.060,0.982
10191,3.089,0.982
10192,3.104,0.982
10193,3.109,0.982
10194,3.099,0.982
10195,3.089,0.982
10196,3.084,0.982
10197,3.104,0.982
10198,3.187,0.982
10199,3.143,0.982
10200,3.490,0.982
10201,3.539,0.982
10202,3.402,0.987
10203,3.265,0.982
10204,2.913,0.987
10205,2.805,0.982
10206,3.495,0.987
10207,3.573,0.987
10208,3.397,0.987
10209,3.196,0.987
10210,3.084,0.987
10211,3.079,0.987
10212,3.089,0.987
10213,3.099,0.987
10214,3.099,0.987
10215,3.099,0.987
10216,3.089,0.987
10217,3.128,0.987
10218,3.221,0.987
10219,3.333,0.987
10220,3.358,0.992
10221,3.343,0.992
10222,3.299,0.992
10223,3.275,0.992
10224,3.231,0.992
10225,3.196,0.992
10226,3.045,0.992
10227,3.412,0.992
10228,3.431,0.992
10229,3.304,0.992
10230,3.152,0.992
10231,3.109,0.992
10232,3.094,0.992
10233,3.104,0.992
10234,3.099,0.992
10235,3.109,0.992
10236,3.099,0.992
10237,3.094,0.997
10238,3.162,0.997
10239,3.289,0.992
10240,3.358,0.997
10241,3.368,0.997
10242,3.343,0.997
10243,3.324,0.997
10244,3.289,0.997
10245,2.913,0.997
10246,3.705,0.997
10247,3.754,0.997
10248,3.519,0.997
10249,3.265,0.997
10250,3.118,0.997
10251,3.094,0.997
10252,3.113,0.997
10253,2.986,0.997
10254,3.343,0.997
10255,3.353,0.997
10256,3.250,0.997
10257,3.128,0.997
10258,3.113,0.997
10259,3.216,1.002
10260,3.328,1.002
10261,3.412,1.002
10262,3.421,1.002
10263,3.382,1.002
10264,3.338,1.002
10265,3.289,1.002
10266,3.245,1.002
10267,3.001,1.002
10268,2.933,1.002
10269,3.607,1.002
10270,3.636,1.002
10271,3.431,1.002
10272,3.231,1.002
10273,3.123,1.002
10274,3.113,1.002
10275,3.123,1.002
10276,3.143,1.002
10277,3.143,1.002
10278,3.143,1.002
10279,3.162,1.002
10280,3.128,1.002
10281,3.587,1.002
10282,3.675,1.007
10283,3.558,1.007
10284,3.421,1.007
10285,3.319,1.007
10286,3.275,1.007
10287,3.250,1.007
10288,3.260,1.007
10289,3.270,1.007
10290,3.260,1.007
10291,3.265,1.007
10292,3.245,1.007
10293,3.221,1.007
10294,3.196,1.007
10295,3.167,1.007
10296,3.162,1.007
10297,3.143,1.007
10298,3.138,1.007
10299,3.133,1.007
10300,3.157,1.007
10301,3.260,1.007
10302,3.387,1.007
10303,3.441,1.007
10304,3.436,1.012
10305,3.412,1.007
10306,3.001,1.007
10307,3.671,1.007
10308,3.998,1.007
10309,3.768,1.007
10310,3.436,1.012
10311,3.221,1.012
10312,3.143,1.012
10313,3.152,1.012
10314,3.206,1.012
10315,3.221,1.012
10316,3.206,1.012
10317,3.182,1.012
10318,3.172,1.012
10319,3.162,1.012
10320,3.138,1.012
10321,3.211,1.012
10322,3.343,1.012
10323,3.446,1.012
10324,3.475,1.012
10325,3.456,1.012
10326,3.416,1.012
10327,3.372,1.012
10328,3.314,1.012
10329,3.275,1.017
10330,3.030,1.012
10331,2.933,1.012
10332,3.631,1.012
10333,3.671,1.017
10334,3.260,1.012
10335,3.436,1.017
10336,3.368,1.017
10337,3.245,1.017
10338,3.167,1.017
10339,3.123,1.017
10340,3.109,1.017
10341,3.133,1.017
10342,3.206,1.017
10343,3.328,1.017
10344,3.397,1.017
10345,3.412,1.017
10346,3.387,1.017
10347,3.338,1.017
10348,3.289,1.017
10349,3.260,1.017
10350,3.226,1.017
10351,3.250,1.022
10352,3.245,1.017
10353,3.240,1.022
10354,3.221,1.022
10355,3.192,1.022
10356,3.157,1.022
10357,3.148,1.022
10358,3.138,1.022
10359,3.128,1.022
10360,3.113,1.022
10361,2.952,1.022
10362,3.319,1.022
10363,3.397,1.022
10364,3.392,1.022
10365,3.368,1.022
10366,2.796,1.022
10367,3.495,1.022
10368,3.822,1.022
10369,3.656,1.022
10370,3.372,1.022
10371,3.172,1.022
10372,3.133,1.022
10373,3.162,1.026
10374,3.192,1.022
10375,3.187,1.026
10376,3.182,1.026
10377,3.162,1.026
10378,3.143,1.026
10379,3.118,1.026
10380,3.099,1.026
10381,3.109,1.026
10382,3.128,1.026
10383,3.196,1.026
10384,3.294,1.026
10385,3.353,1.026
10386,3.363,1.026
10387,3.324,1.026
10388,3.128,1.026
10389,3.460,1.026
10390,3.446,1.026
10391,3.328,1.026
10392,3.231,1.026
10393,3.016,1.026
10394,2.981,1.026
10395,3.534,1.026
10396,3.534,1.026
10397,3.324,1.026
10398,3.133,1.026
10399,3.045,1.026
10400,3.021,1.031
10401,3.069,1.031
10402,3.167,1.031
10403,3.294,1.031
10404,3.358,1.031
10405,3.372,1.031
10406,3.328,1.031
10407,3.284,1.031
10408,3.226,1.031
10409,3.201,1.031
10410,3.172,1.031
10411,3.187,1.031
10412,3.187,1.031
10413,3.187,1.031
10414,3.157,1.031
10415,2.972,1.031
10416,3.333,1.031
10417,3.358,1.031
10418,3.226,1.031
10419,3.109,1.031
10420,3.035,1.031
10421,3.040,1.031
10422,3.133,1.031
10423,3.255,1.031
10424,3.338,1.036
10425,3.358,1.031
10426,3.314,1.036
10427,2.674,1.031
10428,3.382,1.031
10429,3.729,1.031
10430,3.587,1.031
10431,3.328,1.036
10432,3.162,1.036
10433,3.099,1.036
10434,3.104,1.036
10435,3.109,1.036
10436,3.109,1.036
10437,3.118,1.036
10438,3.104,1.036
10439,3.079,1.036
10440,3.050,1.036
10441,3.089,1.036
10442,3.011,1.031
10443,3.504,1.031
10444,3.592,1.031
10445,3.465,1.031
10446,3.309,1.031
10447,3.206,1.031
10448,3.152,1.031
10449,3.148,1.031
10450,3.172,1.031
10451,3.172,1.031
10452,3.172,1.026
10453,3.157,1.026
10454,3.128,1.026
10455,3.113,1.026
10456,2.942,1.026
10457,2.923,1.022
10458,3.470,1.026
10459,3.456,1.026
10460,3.245,1.022
10461,3.089,1.022
10462,3.099,1.022
10463,3.201,1.022
10464,3.294,1.022
10465,3.319,1.022
10466,3.289,1.022
10467,3.250,1.022
10468,3.206,1.022
10469,3.016,1.022
10470,3.397,1.022
10471,3.441,1.022
10472,3.324,1.022
10473,3.192,1.022
10474,3.109,1.022
10475,3.079,1.022
10476,3.079,1.022
10477,3.084,1.017
10478,3.084,1.022
10479,3.074,1.022
10480,3.069,1.017
10481,3.089,1.017
10482,3.177,1.022
10483,3.275,1.017
10484,3.324,1.022
10485,3.319,1.022
10486,3.289,1.017
10487,3.245,1.022
10488,2.639,1.017
10489,3.343,1.017
10490,3.695,1.017
10491,3.563,1.017
10492,3.309,1.022
10493,3.099,1.022
10494,3.011,1.022
10495,3.030,1.022
10496,2.908,1.022
10497,3.309,1.022
10498,3.314,1.022
10499,3.162,1.022
10500,3.065,1.022
10501,3.011,1.022
10502,3.050,1.022
10503,3.162,1.022
10504,3.260,1.022
10505,3.280,1.022
10506,3.245,1.022
10507,3.196,1.022
10508,3.148,1.022
10509,3.123,1.026
10510,3.113,1.026
10511,3.118,1.026
10512,3.123,1.026
10513,3.113,1.026
10514,3.084,1.026
10515,3.074,1.026
10516,3.060,1.026
10517,3.045,1.026
10518,3.045,1.026
10519,2.889,1.026
10520,2.893,1.026
10521,3.431,1.026
10522,3.426,1.026
10523,3.294,1.026
10524,3.221,1.031
10525,3.196,1.031
10526,3.182,1.031
10527,3.167,1.031
10528,3.162,1.031
10529,3.133,1.031
10530,3.094,1.031
10531,3.094,1.031
10532,3.104,1.031
10533,3.104,1.031
10534,3.094,1.031
10535,3.079,1.031
10536,3.065,1.031
10537,3.050,1.031
10538,3.040,1.036
10539,3.035,1.036
10540,3.040,1.036
10541,3.030,1.036
10542,3.025,1.036
10543,3.025,1.036
10544,3.055,1.036
10545,3.138,1.036
10546,3.211,1.036
10547,3.236,1.036
10548,3.221,1.036
10549,2.512,1.036
10550,3.485,1.036
10551,3.822,1.036
10552,3.583,1.036
10553,3.250,1.036
10554,3.045,1.036
10555,2.986,1.036
10556,3.001,1.036
10557,3.030,1.036
10558,3.060,1.036
10559,3.065,1.036
10560,3.074,1.036
10561,3.065,1.036
10562,3.045,1.036
10563,3.035,1.036
10564,3.040,1.036
10565,3.133,1.036
10566,3.211,1.036
10567,3.255,1.036
10568,3.221,1.036
10569,3.201,1.041
10570,3.157,1.041
10571,3.133,1.041
10572,3.113,1.041
10573,3.128,1.041
10574,3.128,1.041
10575,3.128,1.041
10576,2.937,1.036
10577,3.280,1.036
10578,3.343,1.041
10579,3.280,1.041
10580,3.187,1.041
10581,3.143,1.041
10582,2.981,1.041
10583,3.011,1.036
10584,3.548,1.036
10585,3.636,1.041
10586,3.534,1.041
10587,3.392,1.041
10588,3.289,1.041
10589,3.245,1.041
10590,3.245,1.041
10591,3.260,1.041
10592,3.260,1.041
10593,3.270,1.041
10594,3.265,1.041
10595,3.255,1.041
10596,3.240,1.041
10597,3.226,1.041
10598,3.206,1.041
10599,3.206,1.041
10600,3.196,1.041
10601,3.192,1.041
10602,3.167,1.041
10603,3.011,1.041
10604,3.377,1.041
10605,3.460,1.046
10606,3.446,1.046
10607,3.407,1.046
10608,3.368,1.046
10609,3.338,1.046
10610,2.801,1.041
10611,3.475,1.041
10612,3.773,1.046
10613,3.631,1.046
10614,3.392,1.046
10615,3.231,1.046
10616,3.167,1.046
10617,3.167,1.046
10618,3.187,1.046
10619,3.177,1.046
10620,3.201,1.046
10621,3.206,1.046
10622,3.196,1.046
10623,3.182,1.046
10624,3.187,1.051
10625,3.250,1.046
10626,3.353,1.051
10627,3.426,1.051
10628,3.451,1.051
10629,3.421,1.051
10630,3.192,1.051
10631,3.514,1.051
10632,3.514,1.051
10633,3.412,1.051
10634,3.314,1.051
10635,3.260,1.051
10636,3.236,1.051
10637,3.236,1.051
10638,3.226,1.051
10639,3.231,1.051
10640,3.216,1.051
10641,3.201,1.051
10642,3.187,1.051
10643,3.177,1.051
10644,3.231,1.051
10645,3.211,1.051
10646,3.548,1.051
10647,3.627,1.056
10648,3.534,1.056
10649,3.421,1.056
10650,3.338,1.056
10651,3.309,1.056
10652,3.289,1.056
10653,3.309,1.056
10654,3.309,1.056
10655,3.304,1.056
10656,3.280,1.056
10657,3.089,1.056
10658,3.436,1.056
10659,3.446,1.056
10660,3.324,1.056
10661,3.206,1.056
10662,3.148,1.056
10663,3.157,1.056
10664,3.196,1.056
10665,3.328,1.056
10666,3.431,1.056
10667,3.475,1.056
10668,3.451,1.061
10669,3.407,1.056
10670,3.353,1.061
10671,3.328,1.061
10672,2.947,1.056
10673,3.783,1.056
10674,3.847,1.056
10675,3.578,1.061
10676,3.319,1.061
10677,3.172,1.061
10678,3.152,1.061
10679,3.157,1.061
10680,3.187,1.061
10681,3.196,1.061
10682,3.192,1.061
10683,3.172,1.061
10684,3.050,1.061
10685,3.524,1.061
10686,3.651,1.061
10687,3.558,1.061
10688,3.416,1.061
10689,3.319,1.061
10690,3.265,1.061
10691,3.245,1.061
10692,3.255,1.061
10693,3.270,1.061
10694,3.284,1.061
10695,3.270,1.061
10696,3.250,1.061
10697,3.221,1.061
10698,3.201,1.061
10699,3.187,1.061
10700,3.177,1.061
10701,3.162,1.061
10702,3.162,1.061
10703,3.143,1.061
10704,3.167,1.061
10705,3.255,1.061
10706,3.338,1.061
10707,3.382,1.061
10708,3.231,1.061
10709,3.167,1.061
10710,3.666,1.061
10711,3.436,1.061
10712,3.612,1.061
10713,3.485,1.061
10714,3.314,1.061
10715,3.192,1.061
10716,3.152,1.061
10717,3.152,1.061
10718,3.177,1.061
10719,3.172,1.061
10720,3.177,1.061
10721,3.157,1.061
10722,3.138,1.061
10723,3.152,1.061
10724,3.226,1.061
10725,3.314,1.061
10726,3.368,1.061
10727,3.358,1.061
10728,3.328,1.061
10729,3.284,1.061
10730,3.255,1.061
10731,3.236,1.061
10732,3.260,1.061
10733,2.903,1.061
10734,3.729,1.061
10735,3.763,1.061
10736,3.509,1.061
10737,3.236,1.061
10738,2.942,1.061
10739,3.280,1.061
10740,3.363,1.061
10741,3.314,1.061
10742,3.299,1.061
10743,3.324,1.061
10744,3.353,1.061
10745,3.353,1.065
10746,3.348,1.065
10747,3.304,1.065
10748,3.275,1.065
10749,3.255,1.065
10750,3.265,1.065
10751,3.260,1.065
10752,3.255,1.065
10753,3.240,1.065
10754,3.221,1.065
10755,3.211,1.065
10756,3.192,1.065
10757,3.182,1.065
10758,3.172,1.065
10759,3.167,1.065
10760,3.167,1.065
10761,3.226,1.065
10762,3.324,1.065
10763,3.382,1.065
10764,3.387,1.065
10765,3.211,1.065
10766,3.539,1.070
10767,3.524,1.070
10768,3.397,1.070
10769,3.255,1.070
10770,2.962,1.070
10771,2.874,1.065
10772,3.587,1.070
10773,3.646,1.070
10774,3.436,1.070
10775,3.236,1.070
10776,3.128,1.070
10777,3.109,1.070
10778,3.133,1.070
10779,3.162,1.070
10780,3.211,1.070
10781,3.299,1.070
10782,3.368,1.065
10783,3.402,1.065
10784,3.372,1.065
10785,3.338,1.065
10786,3.304,1.065
10787,3.270,1.065
10788,3.250,1.061
10789,3.260,1.061
10790,3.255,1.061
10791,3.255,1.061
10792,3.074,1.056
10793,2.889,1.056
10794,3.573,1.056
10795,3.803,1.051
10796,3.563,1.051
10797,3.270,1.051
10798,3.094,1.051
10799,3.055,1.051
10800,3.157,1.051
10801,3.299,1.046
10802,3.382,1.046
10803,3.392,1.046
10804,3.363,1.046
10805,3.338,1.046
10806,3.284,1.046
10807,3.250,1.041
10808,3.240,1.041
10809,3.250,1.041
10810,3.245,1.041
10811,3.236,1.041
10812,3.216,1.041
10813,3.221,1.036
10814,3.201,1.036
10815,3.187,1.036
10816,3.177,1.036
10817,3.172,1.036
10818,3.157,1.036
10819,2.962,1.031
10820,4.184,1.031
10821,4.228,1.031
10822,3.793,1.031
10823,3.368,1.031
10824,3.162,1.036
10825,3.118,1.031
10826,3.152,1.031
10827,3.211,1.036
10828,3.245,1.031
10829,3.240,1.036
10830,3.240,1.036
10831,3.211,1.036
10832,2.923,1.031
10833,3.240,1.036
10834,3.304,1.031
10835,3.245,1.036
10836,3.187,1.036
10837,3.138,1.036
10838,3.109,1.036
10839,3.128,1.036
10840,3.211,1.036
10841,3.304,1.036
10842,3.358,1.036
10843,3.348,1.036
10844,3.328,1.036
10845,3.284,1.036
10846,3.089,1.036
10847,3.446,1.036
10848,3.475,1.036
10849,3.363,1.036
10850,3.250,1.041
10851,3.187,1.041
10852,3.162,1.041
10853,2.615,1.036
10854,3.343,1.041
10855,3.690,1.041
10856,3.543,1.041
10857,3.275,1.041
10858,3.084,1.046
10859,3.118,1.041
10860,3.240,1.046
10861,3.333,1.046
10862,3.363,1.046
10863,3.343,1.046
10864,3.289,1.046
10865,3.226,1.046
10866,3.206,1.046
10867,3.216,1.046
10868,3.236,1.051
10869,3.250,1.051
10870,3.231,1.051
10871,3.206,1.051
10872,3.182,1.051
10873,3.025,1.051
10874,3.392,1.051
10875,3.402,1.051
10876,3.289,1.051
10877,3.206,1.051
10878,3.226,1.056
10879,3.314,1.056
10880,3.372,1.056
10881,3.377,1.056
10882,3.363,1.056
10883,3.309,1.056
10884,3.270,1.056
10885,3.260,1.056
10886,3.270,1.056
10887,3.270,1.056
10888,3.270,1.061
10889,3.240,1.061
10890,3.231,1.061
10891,3.231,1.061
10892,3.206,1.061
10893,3.192,1.061
10894,3.182,1.061
10895,2.908,1.061
10896,2.879,1.061
10897,3.715,1.061
10898,3.851,1.061
10899,3.690,1.061
10900,3.284,1.061
10901,3.539,1.061
10902,3.514,1.065
10903,3.407,1.065
10904,3.324,1.065
10905,3.294,1.065
10906,3.284,1.065
10907,3.284,1.065
10908,3.284,1.065
10909,3.270,1.065
10910,3.245,1.065
10911,3.221,1.065
10912,3.196,1.065
10913,3.187,1.065
10914,2.634,1.065
10915,3.480,1.065
10916,3.944,1.065
10917,3.861,1.065
10918,3.563,1.070
10919,3.387,1.070
10920,3.294,1.070
10921,3.265,1.070
10922,3.289,1.070
10923,3.324,1.070
10924,3.338,1.070
10925,3.314,1.070
10926,3.275,1.070
10927,3.089,1.070
10928,3.446,1.070
10929,3.451,1.070
10930,3.324,1.070
10931,3.196,1.075
10932,3.133,1.075
10933,3.162,1.075
10934,3.270,1.075
10935,3.363,1.075
10936,3.387,1.075
10937,3.363,1.075
10938,3.324,1.075
10939,3.284,1.075
10940,3.245,1.075
10941,3.236,1.075
10942,3.226,1.075
10943,3.221,1.075
10944,3.216,1.075
10945,3.201,1.075
10946,3.177,1.075
10947,3.177,1.075
10948,3.128,1.080
10949,3.143,1.075
10950,3.133,1.080
10951,3.123,1.080
10952,3.143,1.080
10953,3.206,1.080
10954,3.123,1.080
10955,3.519,1.080
10956,3.524,1.080
10957,3.382,1.080
10958,3.055,1.080
10959,2.972,1.080
10960,3.553,1.080
10961,3.578,1.080
10962,3.387,1.080
10963,3.201,1.080
10964,3.099,1.080
10965,3.079,1.080
10966,3.094,1.080
10967,3.104,1.080
10968,3.109,1.085
10969,3.104,1.085
10970,3.123,1.085
10971,3.206,1.085
10972,3.255,1.085
10973,3.255,1.085
10974,3.221,1.085
10975,2.654,1.085
10976,3.353,1.085
10977,3.695,1.085
10978,3.539,1.085
10979,3.289,1.085
10980,3.118,1.085
10981,2.913,1.085
10982,3.299,1.085
10983,3.328,1.085
10984,3.231,1.085
10985,3.113,1.090
10986,3.065,1.090
10987,3.040,1.090
10988,3.055,1.090
10989,3.099,1.090
10990,3.177,1.090
10991,3.206,1.090
10992,3.206,1.090
10993,3.177,1.090
10994,3.172,1.090
10995,3.133,1.090
10996,3.113,1.090
10997,3.118,1.090
10998,3.123,1.090
10999,3.118,1.090
11000,3.128,1.090
11001,3.099,1.090
11002,3.104,1.090
11003,3.089,1.090
11004,3.084,1.090
11005,3.079,1.090
11006,3.074,1.095
11007,3.065,1.095
11008,2.928,1.090
11009,3.353,1.095
11010,3.436,1.095
11011,3.338,1.095
11012,3.206,1.095
11013,3.138,1.095
11014,3.109,1.095
11015,3.104,1.095
11016,3.113,1.095
11017,3.133,1.095
11018,3.138,1.095
11019,3.113,1.095
11020,3.104,1.095
11021,2.957,1.095
11022,2.977,1.095
11023,3.475,1.095
11024,3.456,1.095
11025,3.255,1.095
11026,3.094,1.095
11027,3.025,1.095
11028,3.045,1.095
11029,3.128,1.100
11030,3.192,1.100
11031,3.206,1.100
11032,3.192,1.100
11033,3.187,1.100
11034,3.187,1.100
11035,3.177,1.100
11036,2.615,1.100
11037,3.328,1.100
11038,3.641,1.100
11039,3.529,1.100
11040,3.284,1.100
11041,3.109,1.100
11042,3.050,1.100
11043,3.060,1.100
11044,3.094,1.100
11045,3.118,1.100
11046,3.143,1.100
11047,3.196,1.100
11048,3.250,1.100
11049,3.265,1.100
11050,3.265,1.100
11051,3.250,1.100
11052,3.231,1.100
11053,3.201,1.100
11054,3.187,1.105
11055,3.182,1.100
11056,3.192,1.105
11057,3.196,1.105
11058,3.196,1.105
11059,3.177,1.105
11060,3.167,1.105
11061,2.981,1.105
11062,3.333,1.105
11063,3.368,1.105
11064,3.289,1.105
11065,3.255,1.105
11066,3.299,1.105
11067,3.319,1.105
11068,3.304,1.105
11069,3.324,1.105
11070,3.304,1.105
11071,3.280,1.105
11072,3.245,1.105
11073,3.240,1.105
11074,3.240,1.105
11075,3.236,1.105
11076,3.216,1.105
11077,3.206,1.105
11078,3.196,1.109
11079,3.182,1.109
11080,3.172,1.109
11081,3.148,1.109
11082,3.152,1.109
11083,3.201,1.109
11084,3.045,1.109
11085,3.050,1.105
11086,3.759,1.109
11087,3.788,1.109
11088,3.358,1.109
11089,3.514,1.109
11090,3.436,1.109
11091,3.333,1.109
11092,3.255,1.109
11093,3.226,1.109
11094,3.221,1.109
11095,3.226,1.109
11096,3.206,1.109
11097,2.698,1.109
11098,3.382,1.109
11099,3.710,1.109
11100,3.548,1.109
11101,3.309,1.109
11102,3.221,1.109
11103,3.260,1.114
11104,3.338,1.114
11105,3.382,1.114
11106,3.377,1.114
11107,3.368,1.114
11108,3.314,1.114
11109,3.284,1.114
11110,3.270,1.114
11111,3.265,1.114
11112,3.265,1.114
11113,3.265,1.114
11114,3.236,1.114
11115,3.040,1.114
11116,3.392,1.114
11117,3.416,1.114
11118,3.299,1.114
11119,3.187,1.114
11120,3.138,1.114
11121,3.201,1.114
11122,3.304,1.114
11123,3.397,1.119
11124,3.407,1.119
11125,3.392,1.119
11126,3.353,1.119
11127,3.309,1.119
11128,3.245,1.119
11129,3.270,1.119
11130,3.275,1.119
11131,3.270,1.119
11132,3.245,1.119
11133,3.245,1.119
11134,3.221,1.119
11135,3.196,1.119
11136,3.182,1.119
11137,3.182,1.119
11138,3.167,1.119
11139,3.162,1.119
11140,3.177,1.119
11141,3.275,1.119
11142,3.196,1.119
11143,3.612,1.119
11144,3.631,1.119
11145,3.485,1.119
11146,3.348,1.124
11147,3.104,1.119
11148,3.089,1.119
11149,3.641,1.119
11150,3.651,1.119
11151,3.446,1.124
11152,3.250,1.124
11153,3.167,1.124
11154,3.138,1.124
11155,3.148,1.124
11156,3.167,1.124
11157,3.177,1.124
11158,2.595,1.124
11159,3.338,1.124
11160,3.744,1.124
11161,3.685,1.124
11162,3.509,1.124
11163,3.358,1.124
11164,3.309,1.124
11165,3.294,1.124
11166,3.304,1.124
11167,3.284,1.124
11168,3.284,1.124
11169,3.099,1.124
11170,3.480,1.124
11171,3.500,1.129
11172,3.377,1.129
11173,3.250,1.129
11174,3.172,1.129
11175,3.162,1.129
11176,3.157,1.129
11177,3.162,1.129
11178,3.167,1.129
11179,3.157,1.129
11180,3.187,1.129
11181,3.255,1.129
11182,3.343,1.129
11183,3.387,1.129
11184,3.397,1.129
11185,3.368,1.129
11186,3.338,1.129
11187,3.294,1.129
11188,3.265,1.129
11189,3.284,1.129
11190,3.289,1.129
11191,3.275,1.129
11192,3.260,1.129
11193,3.231,1.134
11194,3.216,1.134
11195,3.206,1.134
11196,3.025,1.129
11197,3.392,1.134
11198,3.407,1.134
11199,3.280,1.134
11200,3.206,1.134
11201,3.231,1.134
11202,3.319,1.134
11203,3.382,1.134
11204,3.416,1.134
11205,3.392,1.134
11206,3.353,1.134
11207,3.304,1.134
11208,3.275,1.134
11209,3.275,1.134
11210,3.133,1.134
11211,3.128,1.134
11212,3.666,1.134
11213,3.636,1.134
11214,3.412,1.134
11215,3.206,1.134
11216,3.133,1.134
11217,3.118,1.134
11218,3.128,1.134
11219,2.620,1.134
11220,3.407,1.134
11221,3.861,1.134
11222,3.822,1.134
11223,3.392,1.134
11224,3.597,1.139
11225,3.563,1.139
11226,3.426,1.139
11227,3.319,1.139
11228,3.265,1.139
11229,3.265,1.139
11230,3.275,1.139
11231,3.284,1.139
11232,3.265,1.139
11233,3.245,1.139
11234,3.206,1.139
11235,3.192,1.139
11236,3.177,1.139
11237,3.162,1.139
11238,3.152,1.139
11239,3.157,1.139
11240,3.182,1.139
11241,3.289,1.139
11242,3.407,1.139
11243,3.465,1.144
11244,3.465,1.139
11245,3.416,1.144
11246,3.363,1.144
11247,3.314,1.144
11248,3.284,1.144
11249,3.299,1.144
11250,3.118,1.144
11251,3.524,1.144
11252,3.524,1.144
11253,3.377,1.144
11254,3.226,1.144
11255,3.167,1.144
11256,3.148,1.144
11257,3.152,1.144
11258,3.152,1.144
11259,3.152,1.144
11260,3.167,1.144
11261,3.270,1.144
11262,3.397,1.144
11263,3.490,1.144
11264,3.495,1.144
11265,3.451,1.144
11266,3.387,1.144
11267,3.343,1.144
11268,3.289,1.144
11269,3.284,1.144
11270,3.294,1.149
11271,3.294,1.149
11272,3.280,1.149
11273,3.094,1.144
11274,3.060,1.144
11275,3.607,1.144
11276,3.592,1.149
11277,3.113,1.149
11278,3.363,1.144
11279,3.363,1.149
11280,2.898,1.144
11281,3.881,1.144
11282,4.032,1.149
11283,3.807,1.149
11284,3.514,1.149
11285,3.343,1.149
11286,3.250,1.149
11287,3.250,1.149
11288,3.275,1.149
11289,3.299,1.149
11290,3.299,1.149
11291,3.289,1.149
11292,3.250,1.149
11293,3.221,1.149
11294,3.196,1.149
11295,3.192,1.149
11296,3.162,1.149
11297,3.143,1.149
11298,3.118,1.149
11299,3.128,1.153
11300,3.177,1.153
11301,3.324,1.153
11302,3.441,1.153
11303,3.509,1.153
11304,3.275,1.149
11305,3.631,1.153
11306,3.597,1.153
11307,3.392,1.153
11308,3.289,1.153
11309,3.240,1.153
11310,3.236,1.153
11311,3.255,1.153
11312,3.226,1.153
11313,3.201,1.153
11314,3.167,1.153
11315,3.152,1.153
11316,3.138,1.153
11317,3.128,1.153
11318,3.113,1.153
11319,3.133,1.153
11320,3.167,1.153
11321,3.284,1.153
11322,3.402,1.158
11323,3.460,1.158
11324,3.431,1.158
11325,3.382,1.158
11326,3.333,1.158
11327,3.289,1.158
11328,3.260,1.158
11329,3.250,1.158
11330,3.255,1.158
11331,3.055,1.158
11332,3.451,1.158
11333,3.465,1.158
11334,3.324,1.158
11335,2.879,1.158
11336,2.678,1.158
11337,3.407,1.158
11338,3.534,1.158
11339,3.358,1.158
11340,3.240,1.158
11341,2.849,1.153
11342,3.891,1.158
11343,4.013,1.158
11344,3.715,1.158
11345,3.402,1.158
11346,3.211,1.158
11347,3.148,1.158
11348,3.177,1.158
11349,3.206,1.158
11350,3.226,1.158
11351,3.216,1.158
11352,3.187,1.158
11353,3.162,1.163
11354,3.143,1.163
11355,3.113,1.163
11356,3.109,1.163
11357,3.099,1.163
11358,2.903,1.158
11359,3.309,1.163
11360,3.431,1.163
11361,3.451,1.163
11362,3.421,1.163
11363,3.368,1.163
11364,3.314,1.163
11365,3.284,1.163
11366,3.250,1.163
11367,3.192,1.163
11368,3.192,1.163
11369,3.196,1.163
11370,3.192,1.163
11371,3.177,1.163
11372,3.152,1.163
11373,3.128,1.163
11374,3.109,1.163
11375,3.084,1.163
11376,3.069,1.163
11377,3.065,1.163
11378,3.065,1.163
11379,3.055,1.168
11380,3.084,1.168
11381,3.187,1.163
11382,3.294,1.168
11383,3.343,1.168
11384,3.328,1.168
11385,3.089,1.163
11386,3.465,1.168
11387,3.456,1.168
11388,3.299,1.168
11389,3.172,1.168
11390,3.118,1.168
11391,3.104,1.168
11392,3.109,1.168
11393,3.094,1.168
11394,3.084,1.168
11395,3.065,1.168
11396,3.065,1.168
11397,3.011,1.168
11398,2.757,1.168
11399,2.605,1.168
11400,3.421,1.168
11401,3.617,1.168
11402,3.021,1.168
11403,3.832,1.168
11404,3.812,1.168
11405,3.519,1.168
11406,3.211,1.168
11407,3.055,1.168
11408,3.035,1.168
11409,3.094,1.168
11410,3.123,1.168
11411,3.148,1.173
11412,2.923,1.168
11413,3.324,1.168
11414,3.319,1.173
11415,3.177,1.173
11416,3.045,1.173
11417,3.001,1.173
11418,2.977,1.173
11419,2.991,1.173
11420,3.055,1.173
11421,3.182,1.173
11422,3.255,1.173
11423,3.265,1.173
11424,3.240,1.173
11425,3.206,1.173
11426,3.157,1.173
11427,3.104,1.173
11428,3.104,1.173
11429,3.113,1.173
11430,3.104,1.173
11431,3.079,1.173
11432,3.065,1.173
11433,3.055,1.173
11434,3.045,1.173
11435,3.035,1.173
11436,3.025,1.173
11437,3.030,1.173
11438,3.006,1.178
11439,2.825,1.173
11440,3.231,1.173
11441,3.416,1.173
11442,3.431,1.173
11443,3.358,1.173
11444,3.284,1.173
11445,3.236,1.173
11446,3.201,1.178
11447,3.182,1.178
11448,3.187,1.178
11449,3.201,1.178
11450,3.211,1.178
11451,3.196,1.178
11452,3.177,1.178
11453,3.167,1.178
11454,3.143,1.178
11455,3.128,1.178
11456,3.113,1.178
11457,3.079,1.178
11458,3.113,1.178
11459,3.172,1.173
11460,3.245,1.178
11461,3.035,1.173
11462,2.933,1.173
11463,3.333,1.173
11464,4.106,1.173
11465,3.935,1.173
11466,3.309,1.173
11467,3.397,1.173
11468,3.309,1.173
11469,3.201,1.173
11470,3.128,1.173
11471,3.104,1.173
11472,3.099,1.173
11473,3.113,1.173
11474,3.128,1.173
11475,3.128,1.173
11476,3.152,1.173
11477,3.231,1.173
11478,3.304,1.173
11479,3.324,1.173
11480,3.333,1.173
11481,3.314,1.173
11482,3.275,1.168
11483,3.226,1.168
11484,3.221,1.173
11485,3.231,1.168
11486,3.231,1.173
11487,3.201,1.173
11488,3.192,1.173
11489,3.177,1.173
11490,3.167,1.173
11491,3.143,1.173
11492,3.133,1.173
11493,2.991,1.168
11494,3.377,1.168
11495,3.480,1.168
11496,3.470,1.168
11497,3.407,1.168
11498,3.343,1.168
11499,3.324,1.168
11500,3.319,1.168
11501,3.289,1.168
11502,3.265,1.168
11503,3.265,1.168
11504,3.260,1.168
11505,3.265,1.168
11506,3.240,1.163
11507,3.216,1.163
11508,3.196,1.163
11509,3.192,1.158
11510,3.182,1.158
11511,3.172,1.158
11512,3.148,1.153
11513,3.157,1.153
11514,3.196,1.149
11515,3.299,1.149
11516,3.377,1.144
11517,3.387,1.139
11518,3.397,1.139
11519,3.368,1.134
11520,3.187,1.129
11521,3.509,1.129
11522,3.514,1.124
11523,3.407,1.119
11524,2.854,1.114
11525,3.822,1.109
11526,3.876,1.109
11527,3.563,1.105
11528,3.255,1.105
11529,3.094,1.100
11530,3.074,1.095
11531,3.099,1.095
11532,3.138,1.090
11533,3.182,1.085
11534,3.265,1.085
11535,3.363,1.080
11536,3.416,1.080
11537,3.412,1.075
11538,3.372,1.070
11539,3.328,1.070
11540,3.294,1.065
11541,3.265,1.065
11542,3.255,1.061
11543,3.265,1.061
11544,3.265,1.056
11545,3.240,1.056
11546,3.226,1.051
11547,3.216,1.051
11548,3.201,1.046
11549,3.187,1.046
11550,3.162,1.041
11551,3.148,1.041
11552,3.152,1.036
11553,3.167,1.036
11554,3.236,1.036
11555,3.319,1.031
11556,3.372,1.031
11557,3.363,1.031
11558,3.338,1.026
11559,3.284,1.026
11560,3.255,1.026
11561,3.245,1.022
11562,3.284,1.022
11563,3.304,1.022
11564,3.304,1.017
11565,3.265,1.017
11566,3.226,1.017
11567,3.187,1.017
11568,3.177,1.017
11569,3.162,1.017
11570,3.157,1.017
11571,3.157,1.017
11572,3.187,1.012
11573,3.045,1.012
11574,3.514,1.012
11575,3.607,1.012
11576,3.514,1.012
11577,3.324,1.012
11578,3.265,1.012
11579,3.221,1.012
11580,3.216,1.012
11581,3.236,1.012
11582,3.255,1.012
11583,3.240,1.012
11584,3.226,1.012
11585,3.206,1.012
11586,2.649,1.012
11587,3.148,1.012
11588,3.475,0.997
11589,4.443,0.992
11590,4.443,0.992
11591,4.443,0.997
11592,4.443,0.997
11593,4.443,1.002
11594,4.443,1.012
11595,4.443,1.017
11596,4.443,1.022
11597,4.091,1.026
11598,3.412,1.031
11599,3.099,1.031
11600,2.884,1.036
11601,3.392,1.036
11602,3.524,1.036
11603,3.460,1.041
11604,3.328,1.041
11605,3.236,1.041
11606,3.196,1.046
11607,3.196,1.046
11608,3.196,1.046
11609,3.192,1.046
11610,3.192,1.046
11611,3.196,1.051
11612,3.245,1.051
11613,3.333,1.051
11614,3.387,1.051
11615,3.407,1.056
11616,3.382,1.056
11617,3.338,1.056
11618,3.294,1.056
11619,3.280,1.056
11620,3.221,1.056
11621,3.275,1.056
11622,3.284,1.061
11623,3.284,1.061
11624,3.265,1.061
11625,3.245,1.061
11626,3.216,1.061
11627,3.021,1.061
11628,3.392,1.061
11629,3.451,1.061
11630,3.412,1.061
11631,3.402,1.061
11632,3.397,1.065
11633,3.397,1.061
11634,3.382,1.065
11635,3.368,1.065
11636,3.319,1.065
11637,3.294,1.065
11638,3.284,1.065
11639,3.299,1.065
11640,3.289,1.065
11641,3.275,1.065
11642,3.250,1.065
11643,3.236,1.065
11644,3.226,1.065
11645,2.815,1.061
11646,3.690,1.061
11647,3.763,1.065
11648,3.583,1.065
11649,3.436,1.061
11650,3.079,1.061
11651,3.011,1.061
11652,3.773,1.061
11653,3.837,1.061
11654,3.392,1.061
11655,3.578,1.061
11656,3.534,1.061
11657,3.426,1.061
11658,3.338,1.061
11659,3.294,1.056
11660,3.270,1.056
11661,3.270,1.056
11662,3.280,1.056
11663,3.260,1.051
11664,3.250,1.051
11665,3.270,1.051
11666,3.348,1.051
11667,3.441,1.046
11668,3.509,1.046
11669,3.504,1.046
11670,3.485,1.046
11671,3.441,1.041
11672,3.402,1.041
11673,3.377,1.041
11674,3.377,1.036
11675,3.377,1.036
11676,3.368,1.036
11677,3.338,1.036
11678,3.324,1.031
11679,3.309,1.031
11680,3.270,1.031
11681,3.094,1.026
11682,3.504,1.026
11683,3.509,1.026
11684,3.377,1.026
11685,3.319,1.026
11686,3.368,1.026
11687,3.446,1.022
11688,3.504,1.022
11689,3.519,1.022
11690,3.504,1.022
11691,3.460,1.022
11692,3.416,1.022
11693,3.372,1.017
11694,3.372,1.017
11695,3.363,1.017
11696,3.358,1.017
11697,3.338,1.017
11698,3.319,1.017
11699,3.289,1.017
11700,3.275,1.017
11701,3.255,1.017
11702,3.255,1.017
11703,3.236,1.017
11704,3.226,1.017
11705,3.231,1.017
11706,2.918,1.012
11707,3.944,1.017
11708,3.856,1.017
11709,3.983,1.017
11710,3.729,1.017
11711,3.475,1.017
11712,3.333,1.017
11713,3.099,1.017
11714,3.143,1.017
11715,3.778,1.017
11716,3.798,1.017
11717,3.543,1.022
11718,3.299,1.022
11719,3.192,1.022
11720,3.172,1.022
11721,3.192,1.022
11722,3.216,1.022
11723,3.221,1.022
11724,3.196,1.026
11725,3.192,1.026
11726,3.231,1.026
11727,3.343,1.026
11728,3.431,1.026
11729,3.470,1.026
11730,3.436,1.031
11731,3.416,1.031
11732,3.358,1.031
11733,3.304,1.031
11734,3.275,1.031
11735,3.084,1.031
11736,3.509,1.036
11737,3.548,1.036
11738,3.397,1.036
11739,3.250,1.036
11740,3.138,1.036
11741,3.162,1.036
11742,3.177,1.041
11743,3.182,1.041
11744,3.167,1.041
11745,3.167,1.041
11746,3.182,1.041
11747,3.270,1.046
11748,3.363,1.046
11749,3.416,1.046
11750,3.416,1.046
11751,3.407,1.046
11752,3.363,1.046
11753,3.309,1.051
11754,3.275,1.051
11755,3.265,1.051
11756,3.270,1.051
11757,3.260,1.051
11758,3.236,1.056
11759,3.216,1.056
11760,3.196,1.056
11761,3.177,1.056
11762,2.981,1.056
11763,3.392,1.056
11764,3.416,1.056
11765,3.289,1.061
11766,2.493,1.056
11767,3.299,1.061
11768,3.807,1.061
11769,3.778,1.061
11770,3.534,1.061
11771,3.338,1.065
11772,3.236,1.065
11773,3.216,1.065
11774,3.196,1.065
11775,3.206,1.065
11776,3.040,1.065
11777,3.060,1.065
11778,3.622,1.065
11779,3.602,1.070
11780,3.368,1.070
11781,3.167,1.070
11782,3.055,1.070
11783,3.045,1.070
11784,3.045,1.075
11785,3.084,1.075
11786,3.089,1.075
11787,3.084,1.075
11788,3.079,1.075
11789,2.947,1.075
11790,3.446,1.075
11791,3.539,1.075
11792,3.421,1.075
11793,3.289,1.080
11794,3.196,1.080
11795,3.157,1.080
11796,3.138,1.080
11797,3.148,1.080
11798,3.152,1.080
11799,3.167,1.080
11800,3.157,1.080
11801,3.152,1.080
11802,3.138,1.085
11803,3.109,1.085
11804,3.089,1.085
11805,3.089,1.085
11806,3.089,1.085
11807,3.074,1.085
11808,3.079,1.085
11809,3.138,1.085
11810,3.201,1.085
11811,3.260,1.085
11812,3.265,1.090
11813,3.240,1.090
11814,3.216,1.090
11815,3.182,1.090
11816,2.967,1.090
11817,3.372,1.090
11818,3.412,1.090
11819,3.294,1.090
11820,3.172,1.090
11821,3.099,1.090
11822,3.069,1.095
11823,3.074,1.095
11824,3.089,1.095
11825,3.089,1.095
11826,3.084,1.095
11827,2.483,1.095
11828,3.250,1.095
11829,3.671,1.095
11830,3.607,1.095
11831,3.416,1.095
11832,3.240,1.095
11833,3.167,1.095
11834,3.162,1.095
11835,3.172,1.095
11836,3.177,1.095
11837,3.167,1.095
11838,3.167,1.095
11839,3.006,1.090
11840,2.986,1.090
11841,3.529,1.090
11842,3.529,1.090
11843,3.109,1.085
11844,3.333,1.085
11845,3.284,1.085
11846,3.167,1.085
11847,3.060,1.085
11848,3.045,1.085
11849,3.084,1.080
11850,3.152,1.080
11851,3.236,1.080
11852,3.280,1.075
11853,3.260,1.075
11854,3.231,1.075
11855,3.196,1.070
11856,3.162,1.070
11857,3.148,1.070
11858,3.157,1.070
11859,3.167,1.070
11860,3.152,1.065
11861,3.148,1.065
11862,3.138,1.065
11863,3.118,1.061
11864,3.104,1.061
11865,3.094,1.061
11866,3.094,1.061
11867,3.089,1.061
11868,3.099,1.061
11869,3.084,1.056
11870,2.952,1.056
11871,3.397,1.056
11872,3.500,1.056
11873,3.416,1.056
11874,3.299,1.056
11875,3.231,1.051
11876,3.196,1.051
11877,3.182,1.051
11878,3.187,1.051
11879,3.196,1.051
11880,3.221,1.051
11881,3.211,1.051
11882,3.206,1.051
11883,3.187,1.051
11884,3.167,1.051
11885,3.152,1.051
11886,3.157,1.051
11887,3.138,1.051
11888,2.556,1.046
11889,3.294,1.046
11890,3.715,1.046
11891,3.700,1.046
11892,3.509,1.046
11893,3.333,1.046
11894,3.255,1.046
11895,3.240,1.046
11896,3.260,1.046
11897,3.113,1.046
11898,3.495,1.046
11899,3.524,1.046
11900,3.402,1.046
11901,3.001,1.046
11902,2.830,1.046
11903,3.553,1.046
11904,3.612,1.046
11905,3.416,1.046
11906,3.226,1.046
11907,3.109,1.046
11908,3.089,1.046
11909,3.143,1.046
11910,3.255,1.046
11911,3.397,1.046
11912,3.451,1.046
11913,3.446,1.046
11914,3.402,1.046
11915,3.363,1.046
11916,3.309,1.046
11917,3.275,1.051
11918,3.284,1.051
11919,3.304,1.051
11920,3.304,1.051
11921,3.289,1.051
11922,3.260,1.051
11923,3.236,1.051
11924,3.069,1.051
11925,3.441,1.051
11926,3.451,1.051
11927,3.319,1.056
11928,3.187,1.056
11929,3.177,1.056
11930,3.284,1.056
11931,3.412,1.056
11932,3.475,1.056
11933,3.460,1.056
11934,3.407,1.061
11935,3.353,1.061
11936,3.294,1.061
11937,3.270,1.061
11938,3.280,1.061
11939,3.289,1.061
11940,3.284,1.061
11941,3.265,1.061
11942,3.231,1.061
11943,3.221,1.061
11944,3.211,1.061
11945,3.196,1.065
11946,3.187,1.061
11947,3.177,1.061
11948,3.196,1.065
11949,2.586,1.061
11950,3.920,1.061
11951,4.130,1.061
11952,4.164,1.061
11953,3.768,1.061
11954,3.358,1.061
11955,3.167,1.061
11956,3.157,1.061
11957,3.221,1.061
11958,3.280,1.061
11959,3.299,1.061
11960,3.270,1.061
11961,3.240,1.061
11962,3.211,1.061
11963,3.206,1.061
11964,2.903,1.061
11965,2.781,1.056
11966,3.573,1.056
11967,3.739,1.056
11968,3.646,1.056
11969,3.500,1.056
11970,3.387,1.056
11971,3.348,1.056
11972,3.333,1.056
11973,3.319,1.056
11974,3.319,1.051
11975,3.314,1.051
11976,3.314,1.051
11977,3.304,1.051
11978,3.143,1.046
11979,3.490,1.046
11980,3.529,1.046
11981,3.397,1.046
11982,3.270,1.046
11983,3.206,1.041
11984,3.177,1.041
11985,3.182,1.041
11986,3.245,1.036
11987,3.363,1.036
11988,3.451,1.036
11989,3.480,1.031
11990,3.475,1.031
11991,3.446,1.031
11992,3.392,1.026
11993,3.353,1.026
11994,3.324,1.026
11995,3.333,1.026
11996,3.324,1.022
11997,3.299,1.022
11998,3.275,1.022
11999,3.265,1.017
12000,3.240,1.017
12001,3.221,1.017
12002,3.216,1.017
12003,3.196,1.012
12004,3.182,1.012
12005,3.025,1.012
12006,3.500,1.012
12007,3.627,1.012
12008,3.573,1.012
12009,3.426,1.012
12010,2.942,1.007
12011,3.871,1.007
12012,3.939,1.007
12013,3.651,1.007
12014,3.358,1.007
12015,3.196,1.007
12016,3.182,1.007
12017,3.201,1.007
12018,3.231,1.007
12019,3.231,1.007
12020,3.211,1.007
12021,3.201,1.007
12022,3.177,1.007
12023,3.157,1.007
12024,3.148,1.007
12025,3.152,1.007
12026,3.192,1.007
12027,3.006,1.007
12028,2.972,1.007
12029,3.783,1.007
12030,3.856,1.007
12031,3.622,1.007
12032,3.148,1.007
12033,3.436,1.007
12034,3.456,1.007
12035,3.348,1.007
12036,3.250,1.007
12037,3.196,1.007
12038,3.182,1.007
12039,3.143,1.007
12040,3.182,1.007
12041,3.172,1.012
12042,3.152,1.012
12043,3.133,1.007
12044,3.113,1.012
12045,3.104,1.012
12046,3.152,1.012
12047,3.231,1.012
12048,3.309,1.012
12049,3.338,1.012
12050,3.343,1.012
12051,3.324,1.012
12052,3.284,1.012
12053,3.245,1.012
12054,3.231,1.012
12055,3.231,1.012
12056,3.236,1.012
12057,3.216,1.012
12058,3.196,1.012
12059,3.182,1.012
12060,3.172,1.012
12061,3.148,1.017
12062,3.187,1.017
12063,3.157,1.017
12064,3.138,1.017
12065,3.133,1.017
12066,3.201,1.017
12067,3.284,1.017
12068,3.343,1.017
12069,3.324,1.022
12070,3.333,1.022
12071,2.674,1.022
12072,3.421,1.022
12073,3.793,1.022
12074,3.646,1.022
12075,3.372,1.022
12076,3.167,1.026
12077,3.084,1.026
12078,3.109,1.026
12079,3.123,1.026
12080,3.133,1.026
12081,3.133,1.031
12082,3.128,1.031
12083,3.113,1.031
12084,3.089,1.031
12085,2.903,1.031
12086,3.451,1.031
12087,3.563,1.031
12088,3.460,1.036
12089,3.309,1.036
12090,2.937,1.036
12091,2.766,1.036
12092,3.539,1.036
12093,3.646,1.036
12094,3.456,1.041
12095,3.231,1.041
12096,3.109,1.041
12097,3.074,1.041
12098,3.094,1.041
12099,3.074,1.041
12100,3.128,1.041
12101,3.128,1.046
12102,3.123,1.046
12103,3.104,1.046
12104,3.089,1.046
12105,3.079,1.046
12106,3.109,1.046
12107,3.192,1.046
12108,3.245,1.046
12109,3.280,1.046
12110,3.270,1.046
12111,3.250,1.046
12112,2.972,1.041
12113,3.392,1.046
12114,3.426,1.041
12115,3.309,1.041
12116,3.182,1.041
12117,3.123,1.041
12118,3.104,1.041
12119,3.113,1.041
12120,3.104,1.041
12121,3.104,1.041
12122,3.109,1.041
12123,3.094,1.041
12124,3.089,1.041
12125,3.079,1.036
12126,3.069,1.036
12127,3.094,1.036
12128,3.162,1.036
12129,3.192,1.036
12130,3.240,1.036
12131,3.245,1.036
12132,2.576,1.031
12133,3.343,1.031
12134,3.715,1.031
12135,3.573,1.031
12136,3.299,1.031
12137,3.118,1.031
12138,3.055,1.031
12139,2.849,1.031
12140,3.294,1.031
12141,3.377,1.031
12142,3.255,1.031
12143,3.113,1.036
12144,3.045,1.031
12145,3.050,1.031
12146,3.089,1.036
12147,3.162,1.036
12148,3.226,1.036
12149,3.324,1.036
12150,3.338,1.036
12151,3.319,1.036
12152,3.284,1.036
12153,2.972,1.036
12154,2.815,1.036
12155,3.573,1.036
12156,3.631,1.036
12157,3.456,1.036
12158,3.231,1.036
12159,3.084,1.036
12160,3.089,1.041
12161,3.113,1.041
12162,3.123,1.041
12163,3.128,1.041
12164,3.118,1.041
12165,3.109,1.041
12166,2.884,1.041
12167,3.284,1.046
12168,3.328,1.046
12169,3.260,1.046
12170,3.177,1.046
12171,3.138,1.046
12172,3.109,1.046
12173,3.113,1.051
12174,3.109,1.051
12175,3.089,1.051
12176,3.109,1.051
12177,3.123,1.051
12178,3.143,1.051
12179,3.152,1.056
12180,3.128,1.056
12181,3.118,1.056
12182,3.094,1.056
12183,3.074,1.056
12184,3.069,1.056
12185,3.074,1.061
12186,3.065,1.061
12187,3.069,1.061
12188,3.109,1.061
12189,3.148,1.061
12190,3.221,1.061
12191,3.226,1.061
12192,3.192,1.065
12193,2.752,1.061
12194,3.861,1.065
12195,3.910,1.065
12196,3.573,1.065
12197,3.236,1.065
12198,3.060,1.070
12199,3.040,1.070
12200,3.089,1.070
12201,3.128,1.070
12202,3.143,1.070
12203,3.133,1.070
12204,3.128,1.070
12205,3.133,1.070
12206,3.148,1.070
12207,3.226,1.070
12208,3.299,1.070
12209,3.338,1.070
12210,3.343,1.070
12211,3.319,1.070
12212,3.280,1.065
12213,3.260,1.065
12214,3.240,1.065
12215,3.240,1.065
12216,2.977,1.061
12217,2.869,1.056
12218,3.597,1.056
12219,3.607,1.051
12220,3.216,1.046
12221,3.421,1.046
12222,3.363,1.041
12223,3.231,1.041
12224,3.133,1.036
12225,3.128,1.031
12226,3.240,1.026
12227,3.338,1.026
12228,3.402,1.022
12229,3.397,1.017
12230,3.363,1.012
12231,3.314,1.012
12232,3.284,1.007
12233,3.250,1.002
12234,3.245,0.997
12235,3.245,0.997
12236,3.265,0.992
12237,3.245,0.987
12238,3.216,0.987
12239,3.201,0.982
12240,3.182,0.978
12241,3.167,0.978
12242,3.157,0.973
12243,3.128,0.968
12244,3.133,0.968
12245,3.196,0.963
12246,3.304,0.958
12247,3.206,0.958
12248,3.636,0.953
12249,3.617,0.953
12250,3.495,0.948
12251,3.343,0.948
12252,3.270,0.943
12253,3.260,0.943
12254,2.869,0.938
12255,3.768,0.934
12256,3.832,0.934
12257,3.558,0.934
12258,3.275,0.934
12259,3.109,0.929
12260,3.089,0.929
12261,3.109,0.929
12262,3.143,0.924
12263,3.162,0.924
12264,3.172,0.924
12265,3.240,0.924
12266,3.343,0.924
12267,3.397,0.919
12268,3.421,0.919
12269,3.392,0.919
12270,3.343,0.919
12271,3.294,0.919
12272,3.265,0.919
12273,3.250,0.914
12274,3.069,0.914
12275,3.470,0.914
12276,3.509,0.914
12277,3.353,0.914
12278,3.216,0.914
12279,2.947,0.914
12280,2.962,0.914
12281,3.548,0.914
12282,3.558,0.919
12283,3.343,0.919
12284,3.177,0.919
12285,3.138,0.919
12286,3.236,0.919
12287,3.324,0.919
12288,3.382,0.924
12289,3.392,0.924
12290,3.353,0.924
12291,3.304,0.924
12292,3.280,0.929
12293,3.255,0.929
12294,3.250,0.929
12295,3.245,0.929
12296,3.250,0.934
12297,3.231,0.934
12298,3.206,0.934
12299,3.182,0.938
12300,3.196,0.938
12301,3.001,0.938
12302,3.363,0.938
12303,3.436,0.943
12304,3.372,0.943
12305,3.304,0.943
12306,3.338,0.948
12307,3.416,0.948
12308,3.480,0.948
12309,3.451,0.948
12310,3.446,0.953
12311,3.412,0.953
12312,3.368,0.953
12313,3.324,0.958
12314,3.338,0.958
12315,2.996,0.958
12316,3.871,0.958
12317,3.895,0.963
12318,3.607,0.963
12319,3.319,0.963
12320,3.157,0.968
12321,3.148,0.968
12322,3.167,0.968
12323,3.216,0.973
12324,3.231,0.973
12325,3.236,0.973
12326,3.309,0.973
12327,3.402,0.973
12328,3.309,0.973
12329,3.700,0.978
12330,3.680,0.978
12331,3.514,0.978
12332,3.338,0.978
12333,3.250,0.978
12334,3.245,0.978
12335,3.275,0.982
12336,3.299,0.982
12337,3.289,0.982
12338,3.265,0.982
12339,3.221,0.982
12340,3.231,0.982
12341,3.236,0.982
12342,3.060,0.982
12343,3.319,0.982
12344,3.368,0.982
12345,3.372,0.982
12346,3.412,0.982
12347,3.460,0.982
12348,3.456,0.982
12349,3.421,0.982
12350,3.387,0.982
12351,3.333,0.982
12352,3.304,0.987
12353,3.299,0.987
12354,3.319,0.987
12355,3.172,0.987
12356,3.539,0.987
12357,3.539,0.987
12358,3.392,0.987
12359,3.270,0.987
12360,3.211,0.987
12361,3.201,0.987
12362,3.211,0.987
12363,3.275,0.987
12364,3.387,0.987
12365,3.500,0.987
12366,3.548,0.992
12367,3.534,0.992
12368,3.490,0.992
12369,3.392,0.992
12370,3.382,0.992
12371,3.382,0.992
12372,3.377,0.992
12373,3.372,0.992
12374,3.358,0.992
12375,3.343,0.992
12376,2.678,0.992
12377,3.436,0.992
12378,3.817,0.992
12379,3.685,0.997
12380,3.392,0.997
12381,3.221,0.997
12382,3.099,0.997
12383,3.675,0.997
12384,3.803,0.997
12385,3.695,0.997
12386,3.524,1.002
12387,3.416,1.002
12388,3.343,1.002
12389,3.328,1.002
12390,3.348,1.002
12391,3.368,1.002
12392,3.363,1.002
12393,3.348,1.007
12394,3.309,1.007
12395,3.309,1.007
12396,3.284,1.007
12397,3.260,1.007
12398,3.226,1.007
12399,3.182,1.012
12400,3.275,1.012
12401,3.397,1.012
12402,3.509,1.012
12403,3.558,1.012
12404,3.543,1.012
12405,3.309,1.012
12406,3.226,1.012
12407,3.793,1.012
12408,3.793,1.012
12409,3.363,1.012
12410,3.617,1.012
12411,3.583,1.012
12412,3.426,1.012
12413,3.299,1.012
12414,3.240,1.012
12415,3.226,1.012
12416,3.240,1.012
12417,3.240,1.007
12418,3.240,1.007
12419,3.324,1.007
12420,3.451,1.007
12421,3.539,1.002
12422,3.548,1.002
12423,3.524,0.997
12424,3.460,0.997
12425,3.412,0.992
12426,3.372,0.992
12427,3.397,0.987
12428,3.392,0.987
12429,3.324,0.982
12430,3.353,0.982
12431,3.348,0.978
12432,3.309,0.973
12433,3.289,0.973
12434,3.260,0.968
12435,3.255,0.968
12436,3.060,0.963
12437,3.152,0.958
12438,4.223,0.953
12439,4.272,0.953
12440,3.915,0.948
12441,3.543,0.948
12442,3.358,0.943
12443,3.280,0.943
12444,3.284,0.938
12445,3.324,0.938
12446,3.368,0.938
12447,3.358,0.934
12448,3.328,0.934
12449,3.284,0.929
12450,3.265,0.929
12451,3.240,0.929
12452,3.221,0.924
12453,3.206,0.924
12454,3.192,0.924
12455,3.192,0.919
12456,3.236,0.919
12457,3.338,0.919
12458,3.456,0.919
12459,3.441,0.914
12460,3.451,0.914
12461,3.397,0.914
12462,3.338,0.914
12463,3.079,0.914
12464,3.490,0.914
12465,3.529,0.914
12466,3.416,0.914
12467,2.942,0.914
12468,2.703,0.909
12469,3.514,0.909
12470,3.612,0.914
12471,3.416,0.914
12472,3.196,0.914
12473,3.069,0.914
12474,3.060,0.914
12475,3.094,0.914
12476,3.192,0.914
12477,3.294,0.914
12478,3.343,0.919
12479,3.338,0.919
12480,3.309,0.919
12481,3.265,0.919
12482,3.236,0.924
12483,3.206,0.924
12484,3.177,0.924
12485,3.172,0.924
12486,3.172,0.929
12487,3.148,0.929
12488,3.138,0.929
12489,3.069,0.929
12490,2.937,0.934
12491,3.348,0.934
12492,3.363,0.934
12493,3.226,0.938
12494,3.084,0.938
12495,3.011,0.938
12496,3.006,0.938
12497,3.089,0.943
12498,2.742,0.943
12499,3.729,0.943
12500,3.812,0.948
12501,3.529,0.948
12502,3.231,0.948
12503,3.055,0.953
12504,3.016,0.953
12505,3.069,0.953
12506,3.123,0.958
12507,3.133,0.958
12508,3.109,0.958
12509,3.089,0.958
12510,3.079,0.963
12511,3.069,0.963
12512,3.065,0.963
12513,3.074,0.963
12514,3.079,0.968
12515,3.069,0.968
12516,3.065,0.968
12517,2.884,0.968
12518,3.324,0.973
12519,3.397,0.973
12520,3.328,0.973
12521,3.206,0.973
12522,3.148,0.978
12523,3.109,0.978
12524,3.099,0.978
12525,3.094,0.978
12526,3.109,0.978
12527,3.109,0.982
12528,3.113,0.982
12529,3.109,0.982
12530,2.830,0.982
12531,2.693,0.982
12532,3.460,0.982
12533,3.534,0.987
12534,3.343,0.987
12535,3.138,0.987
12536,3.025,0.987
12537,3.021,0.992
12538,3.045,0.992
12539,3.074,0.992
12540,3.128,0.992
12541,3.172,0.992
12542,3.196,0.992
12543,3.187,0.997
12544,3.001,0.992
12545,3.876,0.997
12546,3.817,0.997
12547,3.446,0.997
12548,3.118,0.997
12549,3.006,0.997
12550,3.011,1.002
12551,3.065,1.002
12552,3.104,1.002
12553,3.143,1.002
12554,3.133,1.002
12555,3.118,1.002
12556,3.099,1.002
12557,3.113,1.002
12558,2.703,1.002
12559,3.592,1.002
12560,3.661,1.002
12561,3.460,1.007
12562,3.236,1.007
12563,3.128,1.007
12564,3.128,1.007
12565,3.172,1.007
12566,3.192,1.007
12567,3.206,1.007
12568,3.187,1.007
12569,3.196,1.007
12570,3.192,1.012
12571,3.211,1.012
12572,3.187,1.012
12573,3.172,1.012
12574,3.152,1.012
12575,3.162,1.012
12576,3.152,1.012
12577,3.162,1.012
12578,3.167,1.012
12579,3.157,1.012
12580,3.157,1.012
12581,3.152,1.012
12582,3.138,1.017
12583,3.167,1.017
12584,3.226,1.017
12585,3.319,1.017
12586,3.348,1.017
12587,3.353,1.017
12588,3.324,1.017
12589,3.324,1.017
12590,3.299,1.017
12591,3.280,1.022
12592,3.280,1.022
12593,3.162,1.022
12594,3.412,1.022
12595,3.441,1.022
12596,3.353,1.022
12597,3.089,1.022
12598,3.436,1.022
12599,3.460,1.022
12600,3.328,1.026
12601,3.231,1.026
12602,3.177,1.026
12603,3.162,1.026
12604,3.162,1.026
12605,3.182,1.026
12606,3.236,1.026
12607,3.363,1.026
12608,3.460,1.026
12609,3.500,1.026
12610,3.504,1.031
12611,3.485,1.031
12612,3.426,1.031
12613,3.387,1.031
12614,3.363,1.031
12615,3.358,1.031
12616,3.348,1.031
12617,3.372,1.031
12618,3.338,1.031
12619,3.324,1.031
12620,2.889,1.031
12621,3.754,1.031
12622,3.803,1.031
12623,3.534,1.036
12624,3.050,1.031
12625,3.338,1.036
12626,3.363,1.036
12627,3.284,1.036
12628,3.284,1.036
12629,3.382,1.036
12630,3.485,1.036
12631,3.539,1.036
12632,3.539,1.036
12633,3.500,1.036
12634,3.465,1.036
12635,3.402,1.036
12636,3.377,1.036
12637,3.368,1.036
12638,3.368,1.036
12639,3.353,1.036
12640,3.358,1.036
12641,3.333,1.036
12642,3.284,1.036
12643,3.250,1.036
12644,3.236,1.036
12645,3.221,1.036
12646,3.226,1.036
12647,3.221,1.036
12648,3.265,1.036
12649,3.372,1.036
12650,3.504,1.036
12651,3.368,1.036
12652,3.778,1.036
12653,3.778,1.036
12654,3.607,1.036
12655,3.128,1.036
12656,2.933,1.031
12657,3.705,1.031
12658,3.793,1.036
12659,3.592,1.036
12660,3.377,1.036
12661,3.226,1.036
12662,3.196,1.036
12663,3.211,1.036
12664,3.250,1.036
12665,3.265,1.036
12666,3.245,1.036
12667,3.221,1.036
12668,3.201,1.036
12669,3.226,1.036
12670,3.372,1.036
12671,3.490,1.036
12672,3.548,1.036
12673,3.519,1.036
12674,3.475,1.036
12675,3.402,1.041
12676,3.363,1.041
12677,3.324,1.041
12678,3.118,1.036
12679,3.543,1.041
12680,2.986,1.036
12681,3.597,1.036
12682,3.847,1.041
12683,3.631,1.041
12684,3.333,1.041
12685,3.157,1.041
12686,3.094,1.041
12687,3.128,1.041
12688,3.157,1.041
12689,3.187,1.041
12690,3.294,1.041
12691,3.397,1.046
12692,3.470,1.046
12693,3.480,1.041
12694,3.446,1.041
12695,3.387,1.041
12696,3.353,1.041
12697,3.314,1.041
12698,3.275,1.041
12699,3.304,1.041
12700,3.314,1.041
12701,3.299,1.041
12702,3.270,1.036
12703,3.240,1.036
12704,3.221,1.036
12705,2.991,1.031
12706,3.402,1.031
12707,3.451,1.031
12708,3.304,1.026
12709,3.182,1.026
12710,3.201,1.026
12711,3.333,1.026
12712,3.441,1.022
12713,3.470,1.022
12714,3.436,1.022
12715,3.377,1.017
12716,3.319,1.017
12717,3.284,1.012
12718,2.981,1.012
12719,2.879,1.012
12720,3.675,1.007
12721,3.729,1.007
12722,3.490,1.007
12723,3.265,1.007
12724,3.133,1.002
12725,3.118,1.002
12726,3.138,1.002
12727,3.177,1.002
12728,3.128,1.002
12729,3.177,0.997
12730,3.265,0.997
12731,3.402,0.997
12732,3.270,0.997
12733,3.695,0.997
12734,3.690,0.997
12735,3.524,0.997
12736,3.353,0.992
12737,3.255,0.992
12738,3.226,0.992
12739,3.231,0.992
12740,3.255,0.992
12741,2.615,0.992
12742,3.382,0.992
12743,3.798,0.992
12744,3.641,0.992
12745,3.348,0.992
12746,3.128,0.992
12747,3.065,0.992
12748,3.079,0.992
12749,3.148,0.992
12750,3.280,0.992
12751,3.412,0.992
12752,3.456,0.992
12753,3.451,0.992
12754,3.392,0.992
12755,3.343,0.992
12756,3.294,0.997
12757,3.280,0.997
12758,3.196,0.997
12759,3.065,0.997
12760,3.519,0.997
12761,3.539,0.997
12762,3.382,0.997
12763,3.226,0.997
12764,3.138,0.997
12765,3.123,1.002
12766,3.133,1.002
12767,3.162,1.002
12768,3.167,1.002
12769,3.177,1.002
12770,3.275,1.002
12771,3.377,1.002
12772,3.421,1.007
12773,3.416,1.007
12774,3.372,1.007
12775,3.348,1.007
12776,3.299,1.007
12777,3.280,1.007
12778,3.270,1.012
12779,3.284,1.012
12780,3.265,1.012
12781,2.947,1.012
12782,2.781,1.012
12783,3.578,1.012
12784,3.641,1.012
12785,3.431,1.012
12786,2.986,1.012
12787,3.324,1.012
12788,3.338,1.017
12789,3.328,1.017
12790,3.372,1.017
12791,3.412,1.017
12792,3.426,1.017
12793,3.402,1.022
12794,3.358,1.022
12795,3.319,1.022
12796,3.294,1.022
12797,3.294,1.022
12798,3.294,1.022
12799,3.284,1.022
12800,3.270,1.026
12801,3.245,1.026
12802,2.581,1.022
12803,3.363,1.022
12804,3.778,1.026
12805,3.622,1.026
12806,3.353,1.026
12807,3.143,1.026
12808,3.084,1.026
12809,3.182,1.026
12810,3.343,1.031
12811,3.446,1.031
12812,3.470,1.031
12813,3.226,1.031
12814,3.631,1.031
12815,3.617,1.031
12816,3.451,1.031
12817,3.319,1.031
12818,3.226,1.031
12819,3.231,1.031
12820,3.245,1.036
12821,3.240,1.036
12822,3.250,1.036
12823,3.231,1.036
12824,3.206,1.036
12825,3.187,1.036
12826,3.177,1.036
12827,3.157,1.036
12828,3.162,1.036
12829,3.211,1.036
12830,3.338,1.036
12831,3.436,1.041
12832,3.460,1.041
12833,3.441,1.041
12834,3.387,1.041
12835,3.338,1.041
12836,3.289,1.041
12837,3.270,1.041
12838,3.294,1.041
12839,3.289,1.041
12840,3.065,1.041
12841,3.485,1.041
12842,3.495,1.046
12843,3.358,1.046
12844,3.030,1.046
12845,2.928,1.041
12846,3.558,1.046
12847,3.573,1.046
12848,3.353,1.046
12849,3.211,1.046
12850,3.216,1.046
12851,3.314,1.046
12852,3.382,1.051
12853,3.402,1.051
12854,3.397,1.051
12855,3.348,1.051
12856,3.299,1.051
12857,3.260,1.051
12858,3.250,1.051
12859,3.245,1.051
12860,3.231,1.051
12861,3.211,1.051
12862,3.196,1.051
12863,2.478,1.051
12864,3.294,1.051
12865,3.724,1.056
12866,3.587,1.056
12867,3.060,1.056
12868,3.319,1.056
12869,3.338,1.056
12870,3.284,1.056
12871,3.299,1.056
12872,3.338,1.056
12873,3.353,1.056
12874,3.343,1.061
12875,3.314,1.061
12876,3.270,1.061
12877,3.240,1.061
12878,3.211,1.061
12879,3.231,1.061
12880,3.226,1.061
12881,3.201,1.061
12882,3.157,1.061
12883,3.148,1.061
12884,3.133,1.061
12885,3.128,1.061
12886,3.118,1.061
12887,3.109,1.065
12888,3.089,1.065
12889,3.074,1.065
12890,3.060,1.065
12891,3.094,1.065
12892,3.192,1.065
12893,3.294,1.065
12894,3.157,1.065
12895,3.578,1.065
12896,3.568,1.065
12897,3.397,1.065
12898,3.226,1.065
12899,3.138,1.065
12900,3.118,1.065
12901,3.162,1.065
12902,3.172,1.070
12903,3.148,1.070
12904,3.128,1.070
12905,3.094,1.070
12906,3.084,1.070
12907,2.903,1.070
12908,2.854,1.070
12909,3.504,1.070
12910,3.519,1.070
12911,3.280,1.070
12912,3.074,1.070
12913,3.040,1.070
12914,3.128,1.070
12915,3.240,1.070
12916,3.294,1.070
12917,3.299,1.075
12918,3.270,1.075
12919,3.221,1.075
12920,3.167,1.075
12921,2.967,1.075
12922,3.397,1.075
12923,3.451,1.075
12924,2.791,1.075
12925,3.656,1.075
12926,3.671,1.075
12927,3.387,1.075
12928,3.118,1.075
12929,2.981,1.075
12930,2.967,1.075
12931,3.006,1.075
12932,3.060,1.080
12933,3.201,1.080
12934,3.289,1.080
12935,3.319,1.080
12936,3.294,1.080
12937,3.255,1.080
12938,3.201,1.080
12939,3.192,1.080
12940,3.177,1.080
12941,3.167,1.080
12942,3.157,1.080
12943,3.148,1.080
12944,3.133,1.080
12945,3.099,1.080
12946,3.079,1.085
12947,3.074,1.085
12948,2.908,1.080
12949,3.333,1.085
12950,3.348,1.085
12951,3.206,1.085
12952,3.084,1.085
12953,3.089,1.085
12954,3.167,1.085
12955,3.245,1.085
12956,3.270,1.085
12957,3.270,1.085
12958,3.236,1.085
12959,3.187,1.085
12960,3.157,1.085
12961,3.152,1.085
12962,3.162,1.085
12963,3.157,1.085
12964,3.157,1.090
12965,3.157,1.085
12966,3.128,1.090
12967,3.109,1.090
12968,3.074,1.090
12969,3.089,1.090
12970,2.918,1.090
12971,2.908,1.085
12972,3.519,1.090
12973,3.578,1.090
12974,3.465,1.090
12975,3.148,1.090
12976,3.500,1.090
12977,3.500,1.090
12978,3.368,1.090
12979,3.231,1.090
12980,3.167,1.090
12981,3.157,1.090
12982,3.177,1.090
12983,3.182,1.090
12984,3.196,1.090
12985,2.722,1.085
12986,3.646,1.085
12987,3.734,1.085
12988,3.470,1.085
12989,3.167,1.085
12990,3.030,1.085
12991,3.016,1.085
12992,3.089,1.080
12993,3.216,1.080
12994,3.338,1.080
12995,3.368,1.080
12996,3.387,1.080
12997,3.333,1.080
12998,3.294,1.075
12999,3.270,1.075
13000,3.250,1.075
13001,3.236,1.075
13002,3.084,1.070
13003,3.480,1.070
13004,3.500,1.070
13005,3.343,1.070
13006,3.206,1.070
13007,3.138,1.070
13008,3.113,1.070
13009,3.109,1.070
13010,3.128,1.065
13011,3.143,1.065
13012,3.206,1.065
13013,3.304,1.065
13014,3.372,1.065
13015,3.382,1.065
13016,3.353,1.065
13017,3.314,1.065
13018,3.280,1.061
13019,3.245,1.061
13020,3.255,1.061
13021,3.260,1.061
13022,3.250,1.061
13023,3.250,1.061
13024,3.236,1.061
13025,3.211,1.061
13026,3.201,1.056
13027,3.192,1.056
13028,3.187,1.056
13029,3.006,1.056
13030,3.416,1.051
13031,3.495,1.051
13032,3.172,1.051
13033,2.991,1.051
13034,3.768,1.051
13035,3.822,1.051
13036,3.602,1.051
13037,3.358,1.051
13038,3.226,1.051
13039,3.211,1.046
13040,3.236,1.046
13041,3.260,1.046
13042,3.265,1.046
13043,3.231,1.046
13044,3.226,1.046
13045,3.226,1.046
13046,2.757,1.046
13047,3.715,1.046
13048,3.788,1.046
13049,3.524,1.046
13050,3.319,1.046
13051,3.294,1.046
13052,3.328,1.046
13053,3.387,1.046
13054,3.412,1.046
13055,3.407,1.046
13056,3.172,1.046
13057,3.529,1.046
13058,3.592,1.046
13059,3.485,1.046
13060,3.348,1.046
13061,3.265,1.046
13062,3.216,1.046
13063,3.206,1.046
13064,3.201,1.046
13065,3.196,1.046
13066,3.192,1.046
13067,3.211,1.041
13068,3.196,1.041
13069,3.255,1.041
13070,3.363,1.041
13071,3.441,1.041
13072,3.451,1.041
13073,3.456,1.041
13074,3.426,1.041
13075,3.426,1.041
13076,3.368,1.041
13077,3.328,1.041
13078,3.319,1.041
13079,3.328,1.041
13080,3.314,1.041
13081,3.304,1.041
13082,3.265,1.041
13083,3.265,1.041
13084,3.260,1.041
13085,3.231,1.041
13086,3.211,1.041
13087,3.201,1.041
13088,3.196,1.041
13089,3.275,1.036
13090,3.368,1.036
13091,3.456,1.036
13092,3.470,1.036
13093,3.451,1.036
13094,3.412,1.031
13095,3.392,1.031
13096,3.172,1.026
13097,3.118,1.026
13098,3.763,1.022
13099,3.788,1.022
13100,3.553,1.022
13101,3.314,1.017
13102,3.177,1.017
13103,3.167,1.012
13104,3.192,1.012
13105,3.216,1.007
13106,3.201,1.007
13107,2.502,1.002
13108,3.319,0.997
13109,3.602,0.997
13110,3.993,0.992
13111,3.866,0.992
13112,3.578,0.987
13113,3.382,0.987
13114,3.319,0.982
13115,3.299,0.982
13116,3.304,0.978
13117,3.265,0.978
13118,3.333,0.973
13119,3.319,0.973
13120,3.275,0.973
13121,3.236,0.968
13122,3.226,0.968
13123,3.221,0.963
13124,3.201,0.963
13125,3.177,0.963
13126,3.167,0.958
13127,3.167,0.958
13128,3.148,0.958
13129,3.152,0.958
13130,3.196,0.953
13131,3.309,0.953
13132,3.382,0.953
13133,3.397,0.953
13134,3.377,0.953
13135,3.377,0.953
13136,3.069,0.948
13137,3.509,0.948
13138,3.539,0.948
13139,3.426,0.948
13140,3.275,0.948
13141,3.192,0.948
13142,3.162,0.948
13143,3.162,0.948
13144,3.167,0.948
13145,3.152,0.948
13146,3.143,0.948
13147,3.123,0.948
13148,3.118,0.948
13149,3.123,0.948
13150,3.133,0.948
13151,3.196,0.948
13152,3.275,0.953
13153,3.333,0.953
13154,3.358,0.953
13155,3.358,0.953
13156,3.314,0.953
13157,3.255,0.953
13158,3.226,0.958
13159,3.006,0.958
13160,2.977,0.958
13161,3.641,0.958
13162,3.651,0.958
13163,3.113,0.963
13164,3.338,0.963
13165,3.363,0.963
13166,3.294,0.963
13167,3.231,0.968
13168,2.683,0.968
13169,3.675,0.968
13170,3.807,0.968
13171,3.539,0.973
13172,3.309,0.973
13173,3.240,0.973
13174,3.294,0.973
13175,3.343,0.978
13176,3.363,0.978
13177,3.328,0.978
13178,3.348,0.978
13179,3.314,0.982
13180,3.270,0.982
13181,3.250,0.982
13182,3.240,0.982
13183,3.221,0.987
13184,3.216,0.987
13185,3.187,0.987
13186,3.187,0.987
13187,3.167,0.992
13188,3.148,0.992
13189,3.138,0.992
13190,2.923,0.992
13191,3.363,0.992
13192,3.392,0.997
13193,3.226,0.997
13194,3.089,0.997
13195,3.065,0.997
13196,3.148,0.997
13197,3.211,1.002
13198,3.250,1.002
13199,3.236,1.002
13200,3.231,1.002
13201,3.196,1.007
13202,3.182,1.007
13203,3.152,1.007
13204,3.148,1.007
13205,3.123,1.007
13206,3.128,1.012
13207,3.099,1.012
13208,3.094,1.012
13209,3.099,1.012
13210,3.094,1.012
13211,3.074,1.012
13212,3.079,1.017
13213,3.074,1.017
13214,3.074,1.017
13215,3.065,1.017
13216,3.060,1.017
13217,2.830,1.017
13218,3.294,1.017
13219,3.397,1.017
13220,3.333,1.022
13221,2.918,1.022
13222,3.245,1.022
13223,3.299,1.022
13224,3.250,1.022
13225,3.157,1.022
13226,3.104,1.026
13227,3.094,1.026
13228,3.109,1.026
13229,2.463,1.026
13230,3.245,1.026
13231,3.661,1.026
13232,3.529,1.026
13233,3.245,1.026
13234,3.074,1.026
13235,3.006,1.031
13236,3.016,1.031
13237,2.991,1.031
13238,3.074,1.031
13239,3.109,1.031
13240,3.148,1.031
13241,3.177,1.031
13242,3.187,1.031
13243,3.177,1.036
13244,2.972,1.031
13245,3.358,1.036
13246,3.392,1.036
13247,3.270,1.036
13248,3.143,1.036
13249,3.084,1.036
13250,3.104,1.036
13251,3.099,1.041
13252,3.113,1.041
13253,3.118,1.041
13254,3.118,1.041
13255,3.109,1.041
13256,3.104,1.041
13257,3.099,1.041
13258,3.118,1.041
13259,3.118,1.041
13260,3.138,1.041
13261,3.172,1.041
13262,3.206,1.046
13263,3.196,1.046
13264,3.192,1.046
13265,3.172,1.046
13266,3.192,1.046
13267,3.157,1.046
13268,3.138,1.046
13269,3.152,1.046
13270,3.167,1.046
13271,2.977,1.046
13272,3.372,1.046
13273,3.407,1.046
13274,3.289,1.051
13275,3.167,1.051
13276,3.109,1.051
13277,3.094,1.051
13278,3.113,1.051
13279,3.128,1.051
13280,3.152,1.051
13281,3.196,1.051
13282,3.275,1.051
13283,3.294,1.051
13284,3.016,1.051
13285,2.903,1.051
13286,3.641,1.051
13287,3.685,1.051
13288,3.485,1.051
13289,3.299,1.051
13290,2.625,1.046
13291,3.397,1.046
13292,3.773,1.046
13293,3.661,1.046
13294,3.392,1.046
13295,3.192,1.046
13296,3.118,1.041
13297,3.118,1.041
13298,3.035,1.036
13299,3.441,1.036
13300,3.465,1.031
13301,3.382,1.031
13302,3.338,1.026
13303,3.343,1.026
13304,3.348,1.026
13305,3.372,1.022
13306,3.343,1.022
13307,3.328,1.017
13308,3.304,1.012
13309,3.299,1.012
13310,3.299,1.007
13311,3.304,1.007
13312,3.289,1.002
13313,3.304,1.002
13314,3.265,0.997
13315,3.245,0.997
13316,3.245,0.992
13317,3.245,0.992
13318,3.236,0.987
13319,3.231,0.987
13320,3.216,0.982
13321,3.240,0.982
13322,3.314,0.978
13323,3.412,0.978
13324,3.465,0.973
13325,3.309,0.973
13326,3.675,0.973
13327,3.617,0.968
13328,3.504,0.968
13329,3.377,0.968
13330,3.314,0.963
13331,3.309,0.963
13332,3.314,0.963
13333,3.324,0.963
13334,3.314,0.958
13335,3.289,0.958
13336,3.284,0.958
13337,3.275,0.958
13338,3.255,0.958
13339,3.245,0.953
13340,3.226,0.953
13341,3.255,0.953
13342,3.333,0.953
13343,3.441,0.953
13344,3.490,0.953
13345,3.509,0.953
13346,3.470,0.953
13347,3.152,0.953
13348,2.977,0.953
13349,3.739,0.953
13350,3.807,0.953
13351,2.972,0.953
13352,3.519,0.953
13353,4.106,0.953
13354,3.930,0.953
13355,3.539,0.953
13356,3.275,0.958
13357,3.157,0.958
13358,3.187,0.958
13359,3.236,0.958
13360,3.319,0.958
13361,3.416,0.958
13362,3.509,0.963
13363,3.539,0.963
13364,3.524,0.963
13365,3.490,0.963
13366,3.446,0.963
13367,3.392,0.963
13368,3.368,0.963
13369,3.363,0.968
13370,3.372,0.968
13371,3.368,0.968
13372,3.363,0.968
13373,3.333,0.968
13374,3.314,0.968
13375,3.299,0.973
13376,3.314,0.973
13377,3.304,0.973
13378,3.284,0.973
13379,3.123,0.973
13380,3.641,0.973
13381,3.773,0.973
13382,3.710,0.973
13383,3.578,0.978
13384,3.504,0.978
13385,3.460,0.978
13386,3.446,0.978
13387,3.392,0.978
13388,3.446,0.978
13389,3.456,0.978
13390,3.436,0.978
13391,3.392,0.978
13392,3.368,0.978
13393,3.333,0.978
13394,3.314,0.978
13395,3.299,0.978
13396,3.289,0.978
13397,3.280,0.978
13398,3.265,0.978
13399,3.319,0.978
13400,3.431,0.978
13401,3.534,0.978
13402,3.578,0.978
13403,3.568,0.978
13404,3.553,0.978
13405,3.509,0.978
13406,3.260,0.978
13407,3.666,0.978
13408,3.705,0.978
13409,3.568,0.978
13410,3.231,0.978
13411,3.128,0.973
13412,3.353,0.973
13413,4.233,0.973
13414,4.081,0.978
13415,3.627,0.978
13416,3.250,0.978
13417,3.084,0.978
13418,3.138,0.978
13419,3.309,0.978
13420,3.480,0.978
13421,3.553,0.978
13422,3.548,0.982
13423,3.519,0.982
13424,3.475,0.982
13425,3.407,0.982
13426,3.368,0.982
13427,3.343,0.982
13428,3.358,0.982
13429,3.358,0.982
13430,3.328,0.982
13431,3.289,0.982
13432,3.270,0.982
13433,3.065,0.982
13434,3.500,0.982
13435,3.529,0.987
13436,3.387,0.987
13437,3.231,0.987
13438,3.172,0.987
13439,3.255,0.987
13440,3.392,0.987
13441,3.470,0.987
13442,3.485,0.992
13443,3.460,0.992
13444,3.416,0.992
13445,3.353,0.992
13446,3.304,0.992
13447,3.289,0.992
13448,3.319,0.992
13449,3.314,0.992
13450,3.280,0.992
13451,3.250,0.992
13452,3.236,0.997
13453,3.211,0.997
13454,3.187,0.997
13455,3.167,0.997
13456,3.167,0.997
13457,3.162,0.997
13458,3.152,0.997
13459,3.192,0.997
13460,3.123,0.997
13461,3.636,0.997
13462,3.680,0.997
13463,3.529,0.997
13464,3.363,0.997
13465,3.250,0.997
13466,3.187,0.997
13467,3.206,0.992
13468,3.226,0.992
13469,3.226,0.992
13470,3.211,0.992
13471,3.192,0.992
13472,3.187,0.992
13473,2.356,0.992
13474,3.177,0.987
13475,4.110,0.992
13476,3.939,0.992
13477,3.480,0.992
13478,3.177,0.992
13479,3.138,0.992
13480,3.192,0.992
13481,3.255,0.992
13482,3.294,0.992
13483,3.304,0.992
13484,3.250,0.992
13485,3.196,0.992
13486,3.187,0.992
13487,3.011,0.992
13488,3.451,0.992
13489,3.460,0.992
13490,3.304,0.992
13491,3.157,0.992
13492,3.079,0.992
13493,3.065,0.992
13494,3.069,0.992
13495,3.084,0.992
13496,3.084,0.992
13497,3.084,0.992
13498,3.113,0.992
13499,3.196,0.992
13500,3.250,0.992
13501,3.260,0.997
13502,3.250,0.997
13503,3.250,0.997
13504,3.206,0.997
13505,3.177,0.997
13506,3.162,0.997
13507,3.148,0.997
13508,3.167,0.997
13509,3.157,0.997
13510,3.133,0.997
13511,3.113,1.002
13512,3.094,1.002
13513,3.079,1.002
13514,2.903,1.002
13515,3.338,1.002
13516,3.363,1.002
13517,3.226,1.002
13518,3.099,1.002
13519,3.104,1.007
13520,3.162,1.007
13521,3.201,1.007
13522,3.206,1.007
13523,3.206,1.007
13524,3.177,1.007
13525,3.148,1.007
13526,3.128,1.007
13527,3.143,1.007
13528,3.133,1.012
13529,3.123,1.012
13530,3.109,1.012
13531,3.094,1.012
13532,3.079,1.012
13533,3.069,1.012
13534,3.074,1.012
13535,2.620,1.007
13536,3.402,1.007
13537,3.456,1.007
13538,3.783,1.007
13539,3.568,1.007
13540,3.314,1.007
13541,2.957,1.002
13542,3.353,1.002
13543,3.402,1.002
13544,3.294,1.002
13545,3.187,1.002
13546,3.089,1.002
13547,3.074,0.997
13548,3.104,0.997
13549,3.123,0.997
13550,3.128,0.997
13551,3.109,0.997
13552,3.084,0.992
13553,3.065,0.992
13554,3.079,0.992
13555,3.074,0.992
13556,3.069,0.992
13557,3.055,0.992
13558,3.055,0.987
13559,3.065,0.987
13560,3.104,0.987
13561,3.167,0.987
13562,3.206,0.987
13563,3.192,0.987
13564,3.177,0.987
13565,3.162,0.987
13566,3.109,0.987
13567,3.128,0.982
13568,2.981,0.982
13569,3.387,0.982
13570,3.412,0.982
13571,3.270,0.982
13572,3.133,0.982
13573,3.055,0.982
13574,3.040,0.982
13575,3.045,0.982
13576,3.065,0.982
13577,3.074,0.982
13578,3.079,0.982
13579,3.069,0.982
13580,3.074,0.982
13581,3.118,0.982
13582,3.216,0.982
13583,3.245,0.982
13584,3.255,0.982
13585,3.231,0.987
13586,3.221,0.987
13587,3.196,0.987
13588,3.182,0.987
13589,3.172,0.987
13590,3.192,0.987
13591,3.187,0.987
13592,3.182,0.987
13593,3.177,0.987
13594,3.157,0.992
13595,3.172,0.992
13596,2.683,0.992
13597,3.631,0.992
13598,3.754,0.992
13599,3.314,0.992
13600,3.006,0.992
13601,3.500,0.992
13602,3.578,0.997
13603,3.519,0.997
13604,3.431,0.997
13605,3.377,0.997
13606,3.353,0.997
13607,3.353,0.997
13608,3.333,1.002
13609,3.324,1.002
13610,3.314,1.002
13611,3.309,1.002
13612,3.309,1.002
13613,3.294,1.007
13614,3.280,1.007
13615,3.260,1.007
13616,3.226,1.007
13617,3.211,1.007
13618,3.206,1.007
13619,3.172,1.007
13620,3.172,1.012
13621,2.972,1.012
13622,3.431,1.012
13623,3.597,1.012
13624,3.612,1.012
13625,3.548,1.012
13626,3.412,1.012
13627,3.416,1.012
13628,3.392,1.017
13629,3.372,1.017
13630,3.343,1.017
13631,3.348,1.017
13632,3.348,1.017
13633,3.343,1.017
13634,3.304,1.022
13635,3.275,1.022
13636,3.245,1.022
13637,3.240,1.022
13638,3.231,1.022
13639,3.221,1.022
13640,3.206,1.022
13641,3.211,1.026
13642,3.260,1.026
13643,3.397,1.026
13644,3.509,1.026
13645,3.558,1.026
13646,3.529,1.026
13647,3.470,1.026
13648,3.187,1.026
13649,3.578,1.026
13650,3.597,1.026
13651,3.485,1.031
13652,3.368,1.031
13653,3.309,1.031
13654,3.265,1.031
13655,3.245,1.031
13656,3.201,1.031
13657,2.801,1.031
13658,3.754,1.031
13659,3.817,1.031
13660,3.514,1.031
13661,3.250,1.036
13662,3.011,1.036
13663,3.172,1.031
13664,3.895,1.036
13665,3.949,1.036
13666,3.710,1.036
13667,3.485,1.036
13668,3.314,1.036
13669,3.260,1.036
13670,3.280,1.036
13671,3.314,1.041
13672,3.353,1.041
13673,3.348,1.041
13674,3.319,1.041
13675,3.069,1.041
13676,3.490,1.041
13677,3.500,1.041
13678,3.368,1.041
13679,3.221,1.041
13680,3.157,1.041
13681,3.148,1.041
13682,3.250,1.041
13683,3.392,1.046
13684,3.490,1.046
13685,3.500,1.046
13686,3.441,1.046
13687,3.412,1.046
13688,3.363,1.046
13689,3.319,1.046
13690,3.304,1.046
13691,3.319,1.046
13692,3.314,1.046
13693,3.299,1.046
13694,3.280,1.046
13695,3.265,1.046
13696,3.226,1.046
13697,3.211,1.046
13698,3.192,1.046
13699,3.187,1.046
13700,3.177,1.046
13701,3.221,1.046
13702,3.133,1.046
13703,3.680,1.046
13704,3.749,1.046
13705,3.597,1.046
13706,3.426,1.046
13707,3.309,1.046
13708,3.270,1.046
13709,3.275,1.046
13710,3.299,1.046
13711,3.304,1.046
13712,3.289,1.051
13713,3.265,1.051
13714,3.245,1.051
13715,3.226,1.051
13716,3.167,1.051
13717,3.201,1.051
13718,2.703,1.046
13719,3.710,1.046
13720,3.895,1.046
13721,3.729,1.051
13722,3.504,1.051
13723,3.343,1.051
13724,3.319,1.051
13725,3.118,1.051
13726,3.113,1.051
13727,3.734,1.051
13728,3.739,1.051
13729,3.240,1.051
13730,3.509,1.051
13731,3.465,1.051
13732,3.324,1.051
13733,3.182,1.051
13734,3.143,1.051
13735,3.109,1.051
13736,3.138,1.051
13737,3.143,1.051
13738,3.192,1.051
13739,3.284,1.056
13740,3.392,1.056
13741,3.421,1.056
13742,3.407,1.056
13743,3.368,1.056
13744,3.324,1.056
13745,3.275,1.056
13746,3.245,1.056
13747,3.260,1.056
13748,3.275,1.056
13749,3.255,1.056
13750,3.250,1.056
13751,3.221,1.056
13752,3.196,1.056
13753,3.182,1.056
13754,3.177,1.056
13755,3.148,1.056
13756,2.933,1.056
13757,3.431,1.056
13758,3.587,1.056
13759,3.543,1.061
13760,3.436,1.061
13761,3.343,1.061
13762,3.294,1.061
13763,3.255,1.061
13764,3.236,1.061
13765,3.226,1.061
13766,3.250,1.061
13767,3.245,1.061
13768,3.250,1.061
13769,3.236,1.061
13770,3.201,1.061
13771,3.182,1.061
13772,3.182,1.061
13773,3.157,1.061
13774,3.133,1.065
13775,3.148,1.061
13776,3.211,1.065
13777,3.338,1.065
13778,3.431,1.065
13779,2.942,1.061
13780,3.915,1.065
13781,3.959,1.065
13782,3.622,1.065
13783,3.045,1.065
13784,3.387,1.065
13785,3.446,1.065
13786,3.348,1.065
13787,2.952,1.065
13788,2.703,1.065
13789,3.539,1.065
13790,3.622,1.065
13791,3.416,1.065
13792,3.192,1.065
13793,3.104,1.070
13794,3.172,1.070
13795,3.319,1.070
13796,3.397,1.070
13797,3.426,1.070
13798,3.382,1.070
13799,3.338,1.070
13800,3.280,1.070
13801,3.245,1.070
13802,3.231,1.070
13803,3.245,1.070
13804,3.245,1.070
13805,3.221,1.070
13806,3.221,1.065
13807,3.211,1.065
13808,3.196,1.065
13809,3.162,1.065
13810,2.918,1.065
13811,3.372,1.065
13812,3.412,1.065
13813,3.299,1.065
13814,3.240,1.065
13815,3.299,1.065
13816,3.363,1.061
13817,3.387,1.061
13818,3.372,1.061
13819,3.368,1.061
13820,3.309,1.061
13821,3.265,1.061
13822,3.240,1.061
13823,3.240,1.061
13824,3.240,1.061
13825,3.240,1.061
13826,3.211,1.061
13827,3.196,1.061
13828,3.172,1.056
13829,3.157,1.056
13830,3.133,1.056
13831,3.133,1.056
13832,3.109,1.056
13833,3.128,1.056
13834,3.192,1.051
13835,3.333,1.051
13836,3.382,1.051
13837,3.187,1.046
13838,3.607,1.046
13839,2.879,1.046
13840,3.524,1.041
13841,3.847,1.041
13842,3.651,1.041
13843,3.358,1.036
13844,3.152,1.036
13845,3.089,1.036
13846,3.089,1.031
13847,3.118,1.031
13848,3.128,1.031
13849,3.133,1.026
13850,2.805,1.026
13851,2.625,1.022
13852,3.485,1.022
13853,3.622,1.022
13854,3.539,1.022
13855,3.382,1.022
13856,3.299,1.017
13857,3.250,1.017
13858,3.250,1.017
13859,3.231,1.017
13860,3.211,1.012
13861,3.187,1.012
13862,3.182,1.012
13863,3.167,1.012
13864,2.928,1.012
13865,3.338,1.012
13866,3.426,1.007
13867,3.289,1.007
13868,3.138,1.007
13869,3.055,1.007
13870,3.016,1.007
13871,3.016,1.007
13872,3.030,1.007
13873,3.079,1.007
13874,3.187,1.007
13875,3.265,1.007
13876,3.299,1.007
13877,3.260,1.007
13878,3.231,1.007
13879,3.192,1.007
13880,3.148,1.007
13881,3.128,1.007
13882,3.152,1.007
13883,3.138,1.007
13884,3.118,1.007
13885,3.089,1.007
13886,3.065,1.007
13887,3.050,1.007
13888,3.055,1.007
13889,3.030,1.007
13890,3.025,1.007
13891,2.815,1.007
13892,3.270,1.007
13893,3.324,1.012
13894,3.255,1.012
13895,3.133,1.012
13896,3.167,1.012
13897,3.162,1.012
13898,3.177,1.012
13899,3.143,1.012
13900,2.444,1.012
13901,3.250,1.012
13902,3.695,1.012
13903,3.543,1.017
13904,3.245,1.017
13905,3.016,1.017
13906,2.933,1.017
13907,2.947,1.017
13908,2.981,1.022
13909,3.006,1.022
13910,3.025,1.022
13911,3.001,1.022
13912,2.991,1.022
13913,2.708,1.022
13914,2.674,1.022
13915,3.539,1.022
13916,3.622,1.026
13917,3.407,1.026
13918,2.933,1.026
13919,3.255,1.026
13920,3.280,1.026
13921,3.177,1.026
13922,3.079,1.031
13923,3.035,1.031
13924,3.030,1.031
13925,3.011,1.031
13926,3.045,1.031
13927,3.050,1.031
13928,3.035,1.031
13929,3.055,1.031
13930,3.025,1.036
13931,3.011,1.036
13932,3.011,1.036
13933,3.055,1.036
13934,3.099,1.036
13935,3.138,1.036
13936,3.143,1.036
13937,3.123,1.041
13938,3.099,1.041
13939,3.084,1.041
13940,3.060,1.041
13941,3.065,1.041
13942,3.079,1.041
13943,3.084,1.041
13944,3.060,1.041
13945,2.893,1.041
13946,3.304,1.046
13947,3.309,1.046
13948,3.172,1.046
13949,3.040,1.046
13950,2.977,1.046
13951,2.981,1.046
13952,3.011,1.046
13953,3.079,1.046
13954,3.143,1.051
13955,3.152,1.051
13956,3.167,1.051
13957,3.148,1.051
13958,3.109,1.051
13959,3.089,1.051
13960,3.074,1.051
13961,2.478,1.051
13962,3.250,1.051
13963,3.666,1.051
13964,3.529,1.051
13965,3.270,1.051
13966,3.060,1.056
13967,2.991,1.056
13968,3.001,1.056
13969,3.040,1.056
13970,3.065,1.056
13971,3.074,1.056
13972,2.928,1.056
13973,3.392,1.056
13974,3.460,1.056
13975,3.372,1.056
13976,3.079,1.056
13977,3.006,1.056
13978,3.573,1.056
13979,3.568,1.061
13980,3.377,1.061
13981,3.196,1.061
13982,3.109,1.061
13983,3.109,1.061
13984,3.128,1.061
13985,3.143,1.061
13986,3.172,1.061
13987,3.157,1.061
13988,3.138,1.061
13989,3.133,1.065
13990,3.118,1.065
13991,3.118,1.065
13992,3.182,1.065
13993,3.284,1.065
13994,3.333,1.065
13995,3.353,1.065
13996,3.328,1.065
13997,3.309,1.065
13998,3.270,1.065
13999,3.104,1.065
14000,3.509,1.065
14001,3.539,1.065
14002,3.402,1.065
14003,3.260,1.065
14004,3.187,1.070
14005,3.162,1.070
14006,3.157,1.070
14007,3.167,1.070
14008,3.172,1.070
14009,3.172,1.070
14010,3.152,1.070
14011,3.157,1.070
14012,3.231,1.070
14013,3.348,1.070
14014,3.412,1.070
14015,3.412,1.070
14016,3.402,1.070
14017,3.358,1.070
14018,3.304,1.070
14019,3.265,1.070
14020,3.255,1.070
14021,3.250,1.070
14022,2.664,1.070
14023,3.436,1.070
14024,3.803,1.070
14025,3.631,1.070
14026,3.152,1.070
14027,3.343,1.070
14028,3.387,1.070
14029,3.338,1.075
14030,3.314,1.070
14031,3.372,1.075
14032,3.475,1.075
14033,3.543,1.075
14034,3.539,1.075
14035,3.504,1.075
14036,3.456,1.075
14037,3.397,1.075
14038,3.387,1.075
14039,3.226,1.075
14040,3.260,1.075
14041,3.817,1.075
14042,3.788,1.075
14043,3.558,1.075
14044,3.333,1.075
14045,3.250,1.075
14046,3.240,1.075
14047,3.250,1.080
14048,3.270,1.080
14049,3.289,1.080
14050,3.368,1.080
14051,3.480,1.080
14052,3.558,1.080
14053,3.421,1.080
14054,3.793,1.080
14055,3.734,1.080
14056,3.534,1.080
14057,3.368,1.080
14058,3.289,1.080
14059,3.299,1.080
14060,3.328,1.080
14061,3.343,1.080
14062,3.324,1.080
14063,3.284,1.080
14064,3.275,1.080
14065,3.250,1.080
14066,3.231,1.085
14067,3.226,1.085
14068,3.226,1.085
14069,3.260,1.085
14070,3.363,1.085
14071,3.475,1.085
14072,3.529,1.085
14073,3.490,1.085
14074,3.446,1.085
14075,3.372,1.085
14076,3.363,1.085
14077,3.343,1.085
14078,3.348,1.085
14079,3.333,1.085
14080,3.162,1.085
14081,3.548,1.085
14082,3.583,1.085
14083,2.933,1.085
14084,3.788,1.085
14085,3.803,1.085
14086,3.509,1.085
14087,3.240,1.085
14088,3.196,1.085
14089,3.289,1.090
14090,3.421,1.085
14091,3.485,1.090
14092,3.514,1.090
14093,3.475,1.085
14094,3.416,1.090
14095,3.353,1.085
14096,3.363,1.085
14097,3.358,1.085
14098,3.358,1.085
14099,3.333,1.085
14100,3.333,1.085
14101,3.314,1.085
14102,3.118,1.085
14103,3.377,1.085
14104,3.421,1.080
14105,3.343,1.080
14106,3.275,1.080
14107,3.255,1.080
14108,3.255,1.080
14109,3.343,1.080
14110,3.446,1.080
14111,3.485,1.080
14112,3.504,1.075
14113,3.456,1.075
14114,3.397,1.075
14115,3.353,1.075
14116,3.353,1.070
14117,3.353,1.070
14118,3.353,1.070
14119,3.333,1.070
14120,3.324,1.070
14121,3.309,1.070
14122,3.284,1.070
14123,3.260,1.065
14124,3.250,1.065
14125,3.231,1.065
14126,3.226,1.065
14127,3.240,1.065
14128,3.328,1.065
14129,3.421,1.065
14130,3.470,1.065
14131,3.475,1.065
14132,3.446,1.065
14133,3.162,1.061
14134,3.558,1.061
14135,3.573,1.061
14136,3.485,1.061
14137,3.377,1.061
14138,3.304,1.061
14139,3.265,1.061
14140,3.260,1.061
14141,3.255,1.061
14142,3.245,1.061
14143,3.236,1.061
14144,3.270,1.061
14145,2.761,1.061
14146,3.783,1.061
14147,3.959,1.061
14148,3.768,1.061
14149,3.509,1.061
14150,3.353,1.061
14151,3.299,1.061
14152,3.299,1.061
14153,3.294,1.061
14154,3.309,1.061
14155,3.314,1.061
14156,3.304,1.065
14157,3.289,1.065
14158,3.265,1.065
14159,3.255,1.065
14160,3.011,1.065
14161,3.446,1.065
14162,3.480,1.065
14163,3.343,1.065
14164,3.245,1.065
14165,3.069,1.065
14166,3.182,1.065
14167,3.861,1.065
14168,3.856,1.065
14169,3.602,1.070
14170,3.333,1.070
14171,3.206,1.070
14172,3.192,1.070
14173,3.240,1.070
14174,3.270,1.070
14175,3.309,1.070
14176,3.265,1.070
14177,3.226,1.070
14178,3.192,1.075
14179,3.187,1.075
14180,3.172,1.075
14181,3.167,1.075
14182,3.167,1.075
14183,3.245,1.075
14184,3.333,1.075
14185,3.387,1.075
14186,3.368,1.075
14187,3.109,1.075
14188,3.539,1.075
14189,3.553,1.080
14190,3.407,1.080
14191,3.299,1.080
14192,3.221,1.080
14193,3.201,1.080
14194,3.201,1.080
14195,3.192,1.080
14196,3.192,1.080
14197,3.182,1.080
14198,3.167,1.085
14199,3.162,1.085
14200,3.157,1.085
14201,3.143,1.085
14202,3.172,1.085
14203,3.245,1.085
14204,3.314,1.085
14205,3.338,1.085
14206,2.849,1.085
14207,3.827,1.085
14208,3.891,1.085
14209,3.583,1.085
14210,3.280,1.085
14211,3.138,1.085
14212,3.113,1.085
14213,3.143,1.085
14214,2.967,1.080
14215,3.431,1.080
14216,3.451,1.080
14217,3.294,1.080
14218,3.152,1.080
14219,3.094,1.080
14220,3.079,1.075
14221,3.133,1.075
14222,3.245,1.075
14223,3.309,1.075
14224,3.275,1.070
14225,3.265,1.070
14226,3.245,1.070
14227,3.226,1.065
14228,3.021,1.065
14229,3.011,1.061
14230,3.641,1.061
14231,3.636,1.056
14232,3.402,1.056
14233,3.177,1.056
14234,3.089,1.051
14235,3.074,1.051
14236,3.089,1.051
14237,3.109,1.046
14238,3.157,1.046
14239,3.133,1.046
14240,3.138,1.041
14241,2.967,1.041
14242,3.480,1.036
14243,3.524,1.036
14244,3.387,1.036
14245,3.240,1.036
14246,3.177,1.031
14247,3.143,1.031
14248,3.148,1.031
14249,3.162,1.031
14250,3.192,1.026
14251,3.177,1.026
14252,3.157,1.026
14253,3.128,1.026
14254,3.104,1.026
14255,3.133,1.022
14256,3.138,1.022
14257,3.128,1.022
14258,3.123,1.017
14259,3.099,1.017
14260,3.123,1.017
14261,3.177,1.017
14262,3.236,1.017
14263,3.240,1.017
14264,3.226,1.017
14265,3.206,1.017
14266,3.211,1.012
14267,2.737,1.012
14268,3.509,1.007
14269,4.438,1.007
14270,4.340,1.012
14271,3.646,1.012
14272,3.104,1.012
14273,2.898,1.012
14274,2.933,1.012
14275,3.040,1.012
14276,3.104,1.012
14277,3.148,1.012
14278,3.133,1.012
14279,3.109,1.012
14280,3.152,1.012
14281,3.206,1.012
14282,3.226,1.012
14283,3.216,1.012
14284,3.216,1.012
14285,3.231,1.012
14286,3.201,1.012
14287,3.162,1.012
14288,3.152,1.012
14289,3.182,1.012
14290,3.016,1.012
14291,3.284,1.012
14292,3.319,1.012
14293,3.250,1.012
14294,3.167,1.012
14295,2.928,1.012
14296,3.343,1.012
14297,3.377,1.012
14298,3.260,1.012
14299,3.177,1.012
14300,3.177,1.017
14301,3.245,1.017
14302,3.275,1.017
14303,3.275,1.017
14304,3.275,1.017
14305,3.265,1.017
14306,3.236,1.017
14307,3.221,1.017
14308,3.216,1.017
14309,3.226,1.017
14310,3.226,1.022
14311,3.216,1.022
14312,3.196,1.022
14313,3.196,1.022
14314,3.172,1.022
14315,3.187,1.022
14316,3.177,1.022
14317,3.177,1.022
14318,3.167,1.022
14319,3.177,1.026
14320,3.255,1.026
14321,3.348,1.026
14322,3.211,1.026
14323,3.617,1.026
14324,3.631,1.026
14325,3.500,1.026
14326,2.708,1.026
14327,3.436,1.026
14328,3.842,1.031
14329,3.719,1.031
14330,3.451,1.031
14331,3.260,1.031
14332,3.192,1.031
14333,3.192,1.036
14334,3.206,1.036
14335,3.216,1.036
14336,3.226,1.036
14337,3.211,1.036
14338,3.206,1.036
14339,3.270,1.036
14340,3.416,1.036
14341,3.475,1.041
14342,3.480,1.041
14343,3.451,1.041
14344,3.441,1.041
14345,3.387,1.041
14346,3.358,1.041
14347,3.348,1.041
14348,3.358,1.041
14349,3.157,1.041
14350,3.563,1.041
14351,3.568,1.046
14352,3.138,1.046
14353,2.864,1.046
14354,3.597,1.046
14355,3.646,1.046
14356,3.470,1.046
14357,3.270,1.046
14358,3.192,1.046
14359,3.299,1.046
14360,3.407,1.046
14361,3.470,1.051
14362,3.490,1.051
14363,3.451,1.051
14364,3.431,1.051
14365,3.372,1.051
14366,3.333,1.051
14367,3.338,1.051
14368,3.353,1.051
14369,3.353,1.051
14370,3.333,1.051
14371,3.304,1.056
14372,3.280,1.056
14373,3.231,1.056
14374,3.245,1.056
14375,3.245,1.056
14376,3.060,1.056
14377,3.465,1.056
14378,3.539,1.056
14379,3.509,1.056
14380,3.495,1.056
14381,3.470,1.056
14382,3.426,1.056
14383,3.407,1.061
14384,3.392,1.061
14385,3.363,1.061
14386,3.338,1.061
14387,2.722,1.061
14388,3.548,1.061
14389,3.939,1.061
14390,3.773,1.061
14391,3.460,1.061
14392,3.236,1.061
14393,3.167,1.061
14394,3.182,1.065
14395,3.216,1.065
14396,3.240,1.065
14397,3.245,1.065
14398,3.314,1.065
14399,3.407,1.065
14400,3.475,1.065
14401,3.470,1.065
14402,3.431,1.065
14403,3.201,1.065
14404,3.631,1.065
14405,3.627,1.065
14406,3.490,1.065
14407,3.363,1.070
14408,3.284,1.070
14409,3.260,1.070
14410,3.265,1.070
14411,3.280,1.070
14412,3.265,1.070
14413,3.240,1.070
14414,3.226,1.070
14415,2.913,1.070
14416,2.781,1.070
14417,3.631,1.070
14418,3.778,1.070
14419,3.695,1.075
14420,3.514,1.075
14421,3.392,1.075
14422,3.358,1.075
14423,3.348,1.075
14424,3.343,1.075
14425,3.338,1.075
14426,3.324,1.075
14427,3.353,1.075
14428,3.333,1.075
14429,3.289,1.080
14430,3.069,1.075
14431,3.519,1.075
14432,3.534,1.080
14433,3.382,1.080
14434,3.240,1.080
14435,3.187,1.080
14436,3.177,1.080
14437,3.255,1.080
14438,3.368,1.080
14439,3.451,1.080
14440,3.441,1.080
14441,3.407,1.080
14442,3.363,1.080
14443,3.338,1.080
14444,3.314,1.080
14445,3.289,1.085
14446,3.275,1.085
14447,3.284,1.085
14448,2.581,1.080
14449,3.377,1.080
14450,3.812,1.080
14451,3.661,1.085
14452,3.368,1.085
14453,3.152,1.085
14454,3.084,1.085
14455,3.143,1.085
14456,3.294,1.085
14457,3.216,1.085
14458,3.700,1.085
14459,3.724,1.085
14460,3.543,1.085
14461,3.377,1.085
14462,3.284,1.090
14463,3.280,1.090
14464,3.324,1.090
14465,3.338,1.090
14466,3.348,1.090
14467,3.333,1.090
14468,3.284,1.090
14469,3.240,1.090
14470,3.231,1.090
14471,3.216,1.090
14472,3.206,1.090
14473,3.236,1.090
14474,3.328,1.090
14475,3.441,1.090
14476,3.485,1.090
14477,3.475,1.095
14478,3.148,1.090
14479,2.952,1.090
14480,3.759,1.090
14481,3.803,1.090
14482,3.617,1.095
14483,3.377,1.095
14484,3.035,1.095
14485,3.470,1.095
14486,3.524,1.095
14487,3.392,1.095
14488,3.265,1.095
14489,3.172,1.095
14490,3.172,1.095
14491,3.172,1.095
14492,3.192,1.095
14493,3.260,1.095
14494,3.407,1.095
14495,3.456,1.095
14496,3.456,1.100
14497,3.436,1.095
14498,3.402,1.100
14499,3.338,1.100
14500,3.299,1.100
14501,3.270,1.100
14502,3.280,1.100
14503,3.265,1.100
14504,3.260,1.100
14505,3.231,1.100
14506,3.221,1.095
14507,3.211,1.100
14508,3.196,1.095
14509,2.502,1.095
14510,3.358,1.095
14511,3.602,1.095
14512,3.905,1.090
14513,3.729,1.095
14514,3.519,1.095
14515,3.397,1.095
14516,3.353,1.090
14517,3.368,1.090
14518,3.372,1.090
14519,3.333,1.090
14520,3.289,1.090
14521,3.231,1.090
14522,3.201,1.085
14523,3.201,1.085
14524,3.206,1.085
14525,3.172,1.085
14526,3.172,1.080
14527,3.162,1.080
14528,3.152,1.080
14529,3.143,1.080
14530,3.152,1.075
14531,3.128,1.075
14532,3.113,1.075
14533,3.152,1.075
14534,3.250,1.070
14535,3.324,1.070
14536,3.333,1.070
14537,3.304,1.065
14538,3.050,1.065
14539,3.465,1.065
14540,3.480,1.061
14541,3.133,1.061
14542,2.962,1.061
14543,3.583,1.061
14544,3.583,1.056
14545,3.358,1.056
14546,3.148,1.056
14547,3.045,1.056
14548,3.016,1.056
14549,3.035,1.051
14550,3.060,1.051
14551,3.084,1.051
14552,3.089,1.051
14553,3.240,1.046
14554,3.324,1.046
14555,3.328,1.046
14556,3.275,1.046
14557,3.245,1.046
14558,3.201,1.041
14559,3.167,1.041
14560,3.152,1.041
14561,3.157,1.036
14562,3.152,1.036
14563,3.138,1.036
14564,3.109,1.031
14565,2.918,1.031
14566,3.368,1.031
14567,3.387,1.026
14568,3.211,1.026
14569,3.109,1.026
14570,2.527,1.022
14571,3.651,1.022
14572,3.871,1.017
14573,3.666,1.017
14574,3.348,1.017
14575,3.152,1.017
14576,3.084,1.012
14577,3.104,1.012
14578,3.123,1.012
14579,3.138,1.012
14580,3.152,1.007
14581,3.143,1.007
14582,3.060,1.007
14583,3.099,1.002
14584,3.094,1.002
14585,3.118,1.002
14586,3.089,0.997
14587,3.055,0.997
14588,3.030,0.997
14589,3.050,0.992
14590,3.128,0.992
14591,3.221,0.992
14592,3.079,0.987
14593,3.558,0.987
14594,3.558,0.987
14595,3.372,0.982
14596,3.177,0.982
14597,3.079,0.978
14598,3.079,0.978
14599,3.109,0.973
14600,3.118,0.973
14601,3.138,0.973
14602,3.099,0.968
14603,3.094,0.968
14604,2.913,0.963
14605,2.879,0.958
14606,3.504,0.958
14607,3.504,0.953
14608,3.284,0.953
14609,3.128,0.948
14610,3.109,0.948
14611,3.167,0.943
14612,3.152,0.943
14613,3.216,0.938
14614,3.211,0.934
14615,3.162,0.934
14616,3.123,0.934
14617,3.113,0.929
14618,3.118,0.929
14619,3.143,0.924
14620,3.143,0.924
14621,3.109,0.919
14622,3.069,0.919
14623,3.060,0.914
14624,3.045,0.914
14625,3.050,0.909
14626,3.040,0.909
14627,3.040,0.909
14628,3.050,0.909
14629,3.099,0.904
14630,3.172,0.904
14631,2.576,0.904
14632,3.402,0.899
14633,3.793,0.899
14634,3.587,0.899
14635,3.275,0.899
14636,3.079,0.899
14637,3.016,0.899
14638,3.045,0.899
14639,3.094,0.899
14640,3.133,0.899
14641,3.133,0.899
14642,3.084,0.899
14643,3.109,0.899
14644,3.094,0.899
14645,2.859,0.899
14646,3.324,0.899
14647,3.407,0.899
14648,3.377,0.899
14649,3.270,0.904
14650,3.201,0.904
14651,3.157,0.904
14652,3.152,0.904
14653,3.133,0.904
14654,3.133,0.904
14655,3.138,0.909
14656,3.162,0.909
14657,3.138,0.909
14658,3.128,0.909
14659,3.109,0.909
14660,3.104,0.914
14661,3.094,0.914
14662,3.099,0.914
14663,3.089,0.919
14664,3.104,0.919
14665,3.084,0.919
14666,3.118,0.924
14667,2.908,0.924
14668,2.854,0.924
14669,3.646,0.924
14670,3.695,0.929
14671,3.460,0.929
14672,2.981,0.929
14673,3.324,0.929
14674,3.387,0.934
14675,3.294,0.934
14676,3.216,0.934
14677,3.162,0.938
14678,3.133,0.938
14679,3.118,0.938
14680,3.138,0.943
14681,3.148,0.943
14682,3.143,0.943
14683,3.138,0.943
14684,3.128,0.948
14685,3.133,0.948
14686,3.226,0.948
14687,3.294,0.948
14688,3.333,0.953
14689,3.328,0.953
14690,3.299,0.953
14691,3.265,0.953
14692,2.625,0.953
14693,3.402,0.958
14694,3.817,0.958
14695,3.680,0.958
14696,3.416,0.958
14697,3.192,0.963
14698,3.109,0.963
14699,2.918,0.963
14700,3.387,0.963
14701,3.441,0.963
14702,3.309,0.963
14703,3.192,0.963
14704,3.152,0.963
14705,3.211,0.963
14706,3.324,0.963
14707,3.382,0.963
14708,3.382,0.963
14709,3.358,0.963
14710,3.304,0.963
14711,3.280,0.963
14712,3.265,0.958
14713,3.265,0.958
14714,3.265,0.958
14715,3.260,0.958
14716,3.240,0.958
14717,3.221,0.953
14718,3.201,0.953
14719,3.206,0.953
14720,3.182,0.953
14721,3.167,0.953
14722,3.162,0.953
14723,3.182,0.948
14724,3.275,0.948
14725,3.372,0.948
14726,3.221,0.948
14727,3.661,0.948
14728,3.656,0.948
14729,3.480,0.948
14730,3.128,0.943
14731,3.060,0.943
14732,3.675,0.943
14733,3.710,0.943
14734,3.500,0.943
14735,3.284,0.943
14736,3.157,0.943
14737,3.133,0.943
14738,3.148,0.943
14739,3.182,0.943
14740,3.187,0.943
14741,3.196,0.943
14742,3.250,0.943
14743,3.392,0.943
14744,3.460,0.943
14745,3.470,0.943
14746,3.431,0.943
14747,3.387,0.943
14748,3.324,0.943
14749,3.304,0.948
14750,3.284,0.948
14751,3.304,0.948
14752,3.299,0.948
14753,2.796,0.943
14754,4.008,0.943
14755,4.076,0.948
14756,3.656,0.948
14757,3.245,0.948
14758,3.060,0.948
14759,3.050,0.948
14760,3.123,0.953
14761,3.250,0.953
14762,3.426,0.953
14763,3.500,0.953
14764,3.485,0.953
14765,3.436,0.953
14766,3.372,0.953
14767,3.343,0.953
14768,3.309,0.958
14769,3.304,0.958
14770,3.314,0.958
14771,3.309,0.958
14772,3.284,0.958
14773,3.255,0.958
14774,3.240,0.958
14775,3.240,0.958
14776,3.226,0.963
14777,3.211,0.963
14778,3.206,0.963
14779,3.206,0.963
14780,3.089,0.963
14781,3.656,0.963
14782,3.759,0.963
14783,3.636,0.963
14784,3.480,0.963
14785,3.348,0.963
14786,3.284,0.963
14787,3.284,0.963
14788,3.299,0.958
14789,3.314,0.958
14790,3.304,0.958
14791,3.299,0.958
14792,3.275,0.958
14793,3.079,0.958
14794,3.050,0.953
14795,3.675,0.953
14796,3.671,0.953
14797,3.421,0.953
14798,3.216,0.953
14799,3.148,0.953
14800,3.245,0.953
14801,3.382,0.953
14802,3.485,0.953
14803,3.509,0.953
14804,3.470,0.953
14805,3.421,0.948
14806,3.372,0.948
14807,3.104,0.948
14808,3.568,0.948
14809,3.617,0.948
14810,3.460,0.948
14811,3.289,0.948
14812,3.206,0.948
14813,3.196,0.948
14814,2.678,0.943
14815,3.734,0.943
14816,3.851,0.948
14817,3.553,0.948
14818,3.236,0.948
14819,3.099,0.948
14820,3.152,0.948
14821,3.250,0.948
14822,3.426,0.948
14823,3.451,0.948
14824,3.421,0.948
14825,3.372,0.948
14826,3.324,0.948
14827,3.270,0.948
14828,3.270,0.948
14829,3.260,0.948
14830,3.275,0.948
14831,3.245,0.948
14832,3.236,0.953
14833,3.196,0.953
14834,2.957,0.948
14835,3.416,0.953
14836,3.475,0.953
14837,3.319,0.953
14838,3.187,0.953
14839,3.099,0.953
14840,3.152,0.953
14841,3.270,0.953
14842,3.363,0.958
14843,3.387,0.958
14844,3.363,0.958
14845,3.309,0.958
14846,3.284,0.958
14847,3.255,0.958
14848,3.245,0.958
14849,3.236,0.963
14850,3.250,0.963
14851,3.226,0.963
14852,3.221,0.963
14853,3.201,0.963
14854,3.187,0.963
14855,3.172,0.963
14856,2.977,0.963
14857,2.923,0.963
14858,3.583,0.963
14859,3.592,0.963
14860,3.382,0.963
14861,3.025,0.963
14862,3.539,0.963
14863,3.612,0.963
14864,3.485,0.963
14865,3.333,0.963
14866,3.221,0.968
14867,3.187,0.963
14868,3.187,0.963
14869,3.211,0.968
14870,3.226,0.963
14871,3.226,0.963
14872,3.226,0.963
14873,3.196,0.963
14874,3.201,0.963
14875,2.625,0.963
14876,3.700,0.963
14877,3.803,0.963
14878,3.504,0.963
14879,3.196,0.963
14880,3.079,0.963
14881,3.133,0.963
14882,3.289,0.963
14883,3.358,0.963
14884,3.353,0.963
14885,3.319,0.968
14886,3.260,0.968
14887,3.211,0.968
14888,2.977,0.968
14889,3.421,0.968
14890,3.539,0.968
14891,3.470,0.968
14892,3.353,0.968
14893,3.275,0.968
14894,3.245,0.968
14895,3.226,0.968
14896,3.226,0.968
14897,3.231,0.968
14898,3.221,0.968
14899,3.226,0.968
14900,3.270,0.973
14901,3.377,0.973
14902,3.426,0.973
14903,3.421,0.973
14904,3.392,0.973
14905,3.328,0.973
14906,3.284,0.973
14907,3.255,0.973
14908,3.245,0.978
14909,3.284,0.978
14910,3.294,0.978
14911,3.236,0.978
14912,3.255,0.978
14913,3.260,0.978
14914,3.240,0.978
14915,3.035,0.978
14916,3.490,0.982
14917,3.514,0.982
14918,3.025,0.982
14919,3.358,0.982
14920,3.480,0.982
14921,3.485,0.987
14922,3.416,0.987
14923,3.343,0.987
14924,3.289,0.987
14925,3.270,0.987
14926,3.240,0.987
14927,3.245,0.992
14928,3.260,0.992
14929,3.250,0.992
14930,3.221,0.992
14931,3.206,0.992
14932,3.167,0.992
14933,3.172,0.992
14934,3.152,0.997
14935,3.143,0.997
14936,2.414,0.997
14937,3.309,0.997
14938,3.876,0.997
14939,3.856,0.997
14940,3.592,0.997
14941,3.333,1.002
14942,3.045,1.002
14943,3.500,1.002
14944,3.553,1.002
14945,3.412,1.002
14946,3.270,1.002
14947,3.201,1.002
14948,3.192,1.007
14949,3.196,1.007
14950,3.192,1.007
14951,3.172,1.007
14952,3.157,1.007
14953,3.138,1.007
14954,3.123,1.007
14955,3.118,1.007
14956,3.152,1.012
14957,3.245,1.012
14958,3.304,1.012
14959,3.333,1.012
14960,3.319,1.012
14961,3.289,1.012
14962,3.260,1.012
14963,3.216,1.012
14964,3.192,1.012
14965,3.196,1.017
14966,3.196,1.017
14967,3.192,1.017
14968,3.162,1.017
14969,2.952,1.017
14970,3.397,1.017
14971,3.382,1.017
14972,3.275,1.017
14973,3.133,1.017
14974,3.045,1.022
14975,3.045,1.022
14976,3.118,1.022
14977,3.216,1.022
14978,3.260,1.022
14979,3.270,1.022
14980,3.240,1.022
14981,2.903,1.022
14982,2.717,1.022
14983,3.543,1.022
14984,3.636,1.022
14985,3.431,1.022
14986,3.201,1.022
14987,3.079,1.026
14988,3.060,1.026
14989,3.074,1.026
14990,3.094,1.026
14991,3.113,1.026
14992,3.104,1.026
14993,3.074,1.026
14994,3.089,1.026
14995,3.118,1.026
14996,3.021,1.026
14997,3.094,1.026
14998,4.037,1.026
14999,3.969,1.026
15000,3.553,1.031
15001,3.162,1.031
15002,3.011,1.031
15003,3.011,1.031
15004,3.099,1.031
15005,3.143,1.031
15006,3.162,1.031
15007,3.143,1.031
15008,3.113,1.031
15009,3.084,1.031
15010,3.084,1.031
15011,3.089,1.031
15012,3.089,1.036
15013,3.084,1.036
15014,3.079,1.036
15015,3.128,1.036
15016,3.187,1.036
15017,3.206,1.036
15018,3.211,1.036
15019,3.216,1.036
15020,3.201,1.036
15021,3.172,1.036
15022,3.157,1.036
15023,2.986,1.036
15024,3.426,1.036
15025,3.446,1.036
15026,3.299,1.036
15027,3.148,1.041
15028,3.099,1.036
15029,3.074,1.041
15030,3.089,1.041
15031,3.104,1.036
15032,3.128,1.036
15033,3.143,1.036
15034,3.157,1.036
15035,3.192,1.036
15036,3.226,1.036
15037,3.231,1.036
15038,3.221,1.031
15039,3.206,1.031
15040,3.187,1.031
15041,3.162,1.031
15042,3.167,1.026
15043,3.162,1.026
15044,2.874,1.026
15045,2.732,1.022
15046,3.529,1.022
15047,3.587,1.017
15048,3.392,1.017
15049,3.182,1.017
15050,2.898,1.012
15051,3.324,1.012
15052,3.382,1.012
15053,3.275,1.007
15054,3.187,1.007
15055,3.177,1.007
15056,3.206,1.002
15057,3.250,1.002
15058,2.820,0.997
15059,3.768,0.997
15060,3.798,0.997
15061,3.524,0.997
15062,3.255,0.997
15063,3.138,0.992
15064,3.123,0.992
15065,3.152,0.992
15066,3.167,0.992
15067,3.192,0.992
15068,3.187,0.992
15069,3.187,0.987
15070,3.162,0.987
15071,3.157,0.987
15072,3.152,0.987
15073,3.148,0.987
15074,3.167,0.987
15075,3.236,0.987
15076,3.309,0.987
15077,3.182,0.982
15078,3.587,0.982
15079,3.602,0.982
15080,3.465,0.982
15081,3.324,0.982
15082,3.236,0.982
15083,3.250,0.982
15084,3.265,0.982
15085,3.284,0.982
15086,3.294,0.982
15087,3.280,0.982
15088,3.245,0.982
15089,3.226,0.982
15090,3.206,0.978
15091,3.211,0.978
15092,3.211,0.978
15093,3.201,0.978
15094,3.201,0.978
15095,3.187,0.978
15096,3.221,0.978
15097,3.314,0.978
15098,3.368,0.978
15099,3.441,0.978
15100,3.416,0.978
15101,3.377,0.978
15102,3.338,0.978
15103,3.319,0.978
15104,3.152,0.978
15105,3.573,0.978
15106,3.592,0.978
15107,3.304,0.978
15108,3.128,0.978
15109,3.656,0.978
15110,3.646,0.982
15111,3.441,0.978
15112,3.255,0.982
15113,3.172,0.982
15114,3.162,0.982
15115,3.201,0.982
15116,3.275,0.982
15117,3.372,0.982
15118,3.446,0.982
15119,3.040,0.982
15120,3.925,0.982
15121,3.993,0.982
15122,3.690,0.982
15123,3.382,0.987
15124,3.236,0.987
15125,3.226,0.987
15126,3.280,0.987
15127,3.294,0.987
15128,3.289,0.987
15129,3.270,0.987
15130,3.265,0.987
15131,3.265,0.992
15132,3.236,0.992
15133,3.211,0.992
15134,3.201,0.992
15135,3.206,0.992
15136,3.260,0.992
15137,3.353,0.992
15138,3.441,0.992
15139,3.460,0.997
15140,3.426,0.997
15141,3.387,0.997
15142,3.343,0.997
15143,3.314,0.997
15144,3.314,0.997
15145,3.319,1.002
15146,3.324,1.002
15147,3.304,1.002
15148,3.275,1.002
15149,3.260,1.002
15150,3.240,1.002
15151,3.221,1.007
15152,3.226,1.007
15153,3.216,1.007
15154,3.216,1.007
15155,3.211,1.007
15156,3.240,1.007
15157,3.133,1.007
15158,3.661,1.007
15159,3.734,1.012
15160,3.602,1.012
15161,3.426,1.012
15162,3.324,1.012
15163,3.260,1.012
15164,3.275,1.012
15165,3.299,1.017
15166,3.328,1.017
15167,3.319,1.017
15168,3.294,1.017
15169,3.260,1.017
15170,2.947,1.017
15171,2.801,1.017
15172,3.617,1.017
15173,3.675,1.022
15174,3.475,1.022
15175,3.255,1.022
15176,3.187,1.022
15177,3.250,1.022
15178,3.382,1.022
15179,3.431,1.022
15180,2.752,1.022
15181,3.573,1.022
15182,3.954,1.022
15183,3.778,1.026
15184,3.226,1.026
15185,3.514,1.026
15186,3.534,1.026
15187,3.426,1.026
15188,3.314,1.026
15189,3.255,1.031
15190,3.236,1.031
15191,3.226,1.031
15192,3.216,1.031
15193,3.231,1.031
15194,3.216,1.031
15195,3.226,1.031
15196,3.289,1.031
15197,3.372,1.031
15198,3.431,1.036
15199,3.431,1.031
15200,3.407,1.036
15201,3.358,1.036
15202,3.328,1.036
15203,3.284,1.036
15204,3.284,1.036
15205,3.294,1.036
15206,3.304,1.036
15207,3.299,1.036
15208,3.284,1.036
15209,3.250,1.036
15210,3.201,1.041
15211,3.001,1.036
15212,3.460,1.041
15213,3.490,1.041
15214,3.358,1.041
15215,3.260,1.041
15216,3.289,1.041
15217,3.392,1.041
15218,3.456,1.041
15219,3.470,1.041
15220,3.451,1.041
15221,3.377,1.041
15222,3.348,1.046
15223,3.324,1.041
15224,3.324,1.046
15225,3.324,1.046
15226,3.324,1.046
15227,3.289,1.046
15228,3.265,1.046
15229,3.236,1.046
15230,3.231,1.046
15231,3.226,1.046
15232,3.211,1.046
15233,2.913,1.046
15234,2.854,1.046
15235,3.788,1.046
15236,3.915,1.046
15237,3.719,1.051
15238,3.196,1.046
15239,3.529,1.046
15240,3.485,1.051
15241,2.918,1.046
15242,3.856,1.046
15243,3.925,1.051
15244,3.612,1.051
15245,3.299,1.051
15246,3.152,1.051
15247,3.138,1.051
15248,3.152,1.051
15249,3.206,1.051
15250,3.211,1.051
15251,3.196,1.051
15252,3.206,1.051
15253,3.265,1.056
15254,3.338,1.056
15255,3.397,1.056
15256,3.412,1.056
15257,3.382,1.056
15258,3.328,1.056
15259,3.280,1.056
15260,3.250,1.056
15261,3.265,1.056
15262,3.270,1.056
15263,3.275,1.056
15264,3.245,1.056
15265,3.006,1.056
15266,3.446,1.056
15267,3.475,1.056
15268,3.328,1.056
15269,3.206,1.061
15270,3.094,1.056
15271,3.123,1.061
15272,3.226,1.061
15273,3.338,1.061
15274,3.402,1.061
15275,3.412,1.061
15276,3.363,1.061
15277,3.319,1.061
15278,3.265,1.061
15279,3.236,1.061
15280,3.240,1.061
15281,3.255,1.061
15282,3.245,1.061
15283,3.240,1.061
15284,3.206,1.061
15285,3.196,1.061
15286,3.172,1.061
15287,3.157,1.061
15288,3.157,1.061
15289,3.152,1.061
15290,3.143,1.061
15291,3.172,1.061
15292,3.040,1.056
15293,3.597,1.056
15294,3.651,1.056
15295,3.514,1.056
15296,3.143,1.056
15297,3.035,1.051
15298,3.656,1.051
15299,3.675,1.051
15300,3.441,1.051
15301,3.289,1.051
15302,2.664,1.046
15303,3.666,1.046
15304,3.803,1.046
15305,3.524,1.046
15306,3.226,1.041
15307,3.069,1.041
15308,3.045,1.041
15309,3.084,1.041
15310,3.157,1.041
15311,3.255,1.041
15312,3.353,1.036
15313,3.363,1.036
15314,3.328,1.036
15315,3.289,1.036
15316,3.255,1.036
15317,3.206,1.036
15318,3.206,1.031
15319,2.996,1.031
15320,3.460,1.031
15321,3.490,1.031
15322,3.348,1.031
15323,3.187,1.031
15324,3.133,1.031
15325,3.094,1.031
15326,3.113,1.031
15327,3.123,1.031
15328,3.148,1.026
15329,3.143,1.031
15330,3.157,1.026
15331,3.250,1.026
15332,3.333,1.026
15333,3.348,1.026
15334,3.328,1.026
15335,3.299,1.026
15336,3.250,1.026
15337,3.206,1.026
15338,3.201,1.031
15339,3.201,1.026
15340,3.211,1.031
15341,3.196,1.031
15342,3.177,1.031
15343,3.162,1.031
15344,3.157,1.031
15345,3.138,1.031
15346,2.928,1.026
15347,3.372,1.031
15348,3.416,1.031
15349,3.270,1.031
15350,3.152,1.031
15351,3.152,1.031
15352,3.231,1.031
15353,3.299,1.031
15354,3.319,1.031
15355,3.299,1.036
15356,3.275,1.036
15357,3.226,1.036
15358,3.196,1.036
15359,3.011,1.036
15360,2.991,1.036
15361,3.661,1.036
15362,3.661,1.036
15363,2.864,1.036
15364,3.700,1.036
15365,3.724,1.036
15366,3.426,1.041
15367,3.167,1.041
15368,3.045,1.041
15369,3.030,1.041
15370,3.118,1.041
15371,3.255,1.041
15372,3.338,1.041
15373,3.143,1.041
15374,3.563,1.041
15375,3.578,1.041
15376,3.397,1.046
15377,3.245,1.046
15378,3.167,1.046
15379,3.177,1.046
15380,3.187,1.046
15381,3.187,1.046
15382,3.172,1.046
15383,3.157,1.041
15384,3.143,1.041
15385,3.138,1.046
15386,3.123,1.041
15387,3.133,1.041
15388,3.118,1.041
15389,3.123,1.041
15390,3.162,1.041
15391,3.280,1.041
15392,3.348,1.041
15393,3.343,1.041
15394,3.324,1.041
15395,3.294,1.041
15396,3.255,1.041
15397,3.231,1.036
15398,3.216,1.036
15399,3.221,1.036
15400,3.011,1.036
15401,3.456,1.036
15402,3.460,1.036
15403,3.304,1.036
15404,3.143,1.036
15405,3.079,1.036
15406,3.074,1.036
15407,3.109,1.036
15408,3.128,1.036
15409,3.123,1.031
15410,3.138,1.031
15411,3.236,1.031
15412,3.328,1.031
15413,3.368,1.031
15414,3.338,1.031
15415,3.319,1.031
15416,3.289,1.031
15417,3.260,1.031
15418,3.240,1.031
15419,3.250,1.031
15420,3.236,1.031
15421,3.260,1.031
15422,3.060,1.031
15423,3.050,1.031
15424,3.226,1.031
15425,4.101,1.031
15426,3.949,1.031
15427,3.226,1.031
15428,3.358,1.031
15429,3.338,1.036
15430,3.338,1.036
15431,3.377,1.036
15432,3.387,1.036
15433,3.377,1.036
15434,3.368,1.036
15435,3.343,1.036
15436,3.284,1.036
15437,3.240,1.041
15438,3.240,1.041
15439,3.250,1.041
15440,3.240,1.041
15441,3.211,1.041
15442,3.187,1.041
15443,3.148,1.041
15444,3.138,1.041
15445,3.118,1.041
15446,3.113,1.046
15447,3.099,1.046
15448,3.128,1.046
15449,3.172,1.046
15450,3.333,1.046
15451,3.407,1.046
15452,3.412,1.046
15453,3.377,1.046
15454,3.148,1.046
15455,3.548,1.051
15456,3.553,1.051
15457,3.412,1.051
15458,3.294,1.051
15459,3.231,1.051
15460,3.192,1.051
15461,3.162,1.051
15462,3.167,1.051
15463,3.167,1.056
15464,3.162,1.056
15465,3.157,1.056
15466,3.143,1.056
15467,3.187,1.056
15468,3.309,1.056
15469,3.412,1.056
15470,3.460,1.056
15471,3.446,1.056
15472,3.392,1.061
15473,3.328,1.061
15474,3.280,1.061
15475,3.265,1.061
15476,3.265,1.061
15477,3.265,1.061
15478,3.250,1.061
15479,3.236,1.061
15480,3.201,1.061
15481,3.006,1.061
15482,3.446,1.061
15483,3.451,1.061
15484,2.986,1.065
15485,2.454,1.061
15486,4.066,1.061
15487,4.316,1.065
15488,3.983,1.065
15489,3.543,1.065
15490,3.275,1.065
15491,3.172,1.065
15492,3.182,1.065
15493,3.187,1.065
15494,3.255,1.070
15495,3.250,1.070
15496,3.236,1.070
15497,3.226,1.070
15498,3.201,1.070
15499,3.172,1.070
15500,3.162,1.070
15501,3.148,1.070
15502,3.162,1.070
15503,3.172,1.070
15504,3.152,1.070
15505,3.143,1.070
15506,3.211,1.075
15507,3.314,1.075
15508,3.211,1.075
15509,3.641,1.075
15510,3.671,1.075
15511,3.465,1.075
15512,3.265,1.075
15513,3.167,1.075
15514,3.172,1.075
15515,3.201,1.075
15516,3.211,1.075
15517,3.196,1.075
15518,3.187,1.075
15519,3.162,1.080
15520,3.138,1.080
15521,3.118,1.080
15522,3.123,1.080
15523,3.099,1.080
15524,3.079,1.080
15525,3.133,1.080
15526,3.250,1.080
15527,3.348,1.080
15528,3.382,1.080
15529,3.343,1.080
15530,3.299,1.080
15531,3.240,1.080
15532,3.201,1.080
15533,3.192,1.085
15534,3.221,1.085
15535,3.040,1.080
15536,3.480,1.085
15537,3.480,1.085
15538,3.324,1.085
15539,3.123,1.085
15540,3.089,1.085
15541,3.084,1.085
15542,3.104,1.085
15543,3.109,1.085
15544,3.118,1.085
15545,3.196,1.085
15546,2.634,1.085
15547,3.280,1.085
15548,3.509,1.085
15549,4.135,1.085
15550,3.886,1.085
15551,3.456,1.085
15552,3.177,1.085
15553,3.123,1.085
15554,3.152,1.090
15555,3.206,1.090
15556,3.206,1.090
15557,3.206,1.090
15558,3.167,1.090
15559,3.133,1.090
15560,3.118,1.090
15561,3.123,1.090
15562,2.923,1.090
15563,3.402,1.090
15564,3.500,1.090
15565,3.475,1.090
15566,3.387,1.090
15567,3.304,1.090
15568,3.240,1.095
15569,3.216,1.095
15570,3.231,1.095
15571,3.221,1.095
15572,3.211,1.095
15573,3.221,1.095
15574,3.196,1.095
15575,3.187,1.095
15576,3.162,1.095
15577,3.162,1.095
15578,3.143,1.095
15579,3.128,1.095
15580,3.109,1.095
15581,3.128,1.095
15582,3.113,1.095
15583,3.152,1.095
15584,3.245,1.095
15585,3.324,1.095
15586,3.333,1.095
15587,3.299,1.095
15588,3.260,1.100
15589,3.040,1.095
15590,3.490,1.095
15591,3.514,1.095
15592,3.377,1.100
15593,3.245,1.100
15594,3.172,1.100
15595,3.143,1.100
15596,3.148,1.100
15597,3.177,1.100
15598,3.167,1.100
15599,3.133,1.100
15600,3.138,1.100
15601,3.177,1.100
15602,3.250,1.100
15603,3.324,1.100
15604,3.353,1.100
15605,3.377,1.100
15606,3.338,1.100
15607,2.600,1.100
15608,3.421,1.100
15609,3.866,1.100
15610,3.402,1.100
15611,2.903,1.100
15612,3.597,1.100
15613,3.631,1.100
15614,3.412,1.100
15615,3.211,1.105
15616,2.918,1.100
15617,3.372,1.100
15618,3.426,1.105
15619,3.314,1.105
15620,3.280,1.105
15621,3.299,1.105
15622,3.348,1.105
15623,3.368,1.105
15624,3.353,1.105
15625,3.304,1.105
15626,3.275,1.105
15627,3.245,1.105
15628,3.265,1.105
15629,3.275,1.105
15630,3.275,1.105
15631,3.236,1.105
15632,3.211,1.105
15633,3.206,1.105
15634,3.187,1.105
15635,3.177,1.109
15636,3.167,1.109
15637,3.143,1.109
15638,3.143,1.109
15639,3.201,1.109
15640,3.314,1.109
15641,3.387,1.109
15642,3.412,1.109
15643,3.387,1.109
15644,3.372,1.109
15645,3.304,1.109
15646,3.250,1.109
15647,3.231,1.109
15648,3.255,1.109
15649,3.240,1.109
15650,3.231,1.109
15651,3.216,1.109
15652,3.206,1.109
15653,3.192,1.109
15654,3.182,1.109
15655,3.157,1.109
15656,3.157,1.109
15657,3.138,1.109
15658,3.157,1.109
15659,3.211,1.109
15660,3.338,1.109
15661,3.377,1.105
15662,3.363,1.105
15663,3.309,1.105
15664,3.280,1.105
15665,3.226,1.100
15666,3.211,1.100
15667,3.206,1.100
15668,3.221,1.100
15669,2.708,1.090
15670,3.949,1.090
15671,4.022,1.090
15672,3.612,1.090
15673,2.864,1.085
15674,2.507,1.085
15675,3.368,1.085
15676,3.548,1.080
15677,3.456,1.080
15678,3.333,1.080
15679,3.270,1.080
15680,3.245,1.075
15681,3.245,1.075
15682,3.216,1.075
15683,3.196,1.070
15684,3.192,1.070
15685,3.192,1.070
15686,3.182,1.070
15687,3.177,1.065
15688,3.162,1.065
15689,3.133,1.065
15690,3.138,1.065
15691,3.118,1.061
15692,3.118,1.061
15693,3.109,1.061
15694,3.099,1.061
15695,3.099,1.061
15696,2.937,1.056
15697,3.509,1.056
15698,3.602,1.056
15699,3.460,1.056
15700,3.284,1.056
15701,3.172,1.056
15702,3.138,1.056
15703,3.148,1.056
15704,3.172,1.056
15705,3.187,1.056
15706,3.172,1.056
15707,3.152,1.056
15708,3.133,1.056
15709,3.099,1.056
15710,3.099,1.056
15711,3.094,1.051
15712,3.094,1.056
15713,3.079,1.056
15714,3.104,1.056
15715,3.162,1.056
15716,3.240,1.056
15717,3.265,1.056
15718,3.236,1.056
15719,3.192,1.056
15720,3.182,1.056
15721,3.157,1.056
15722,3.143,1.056
15723,2.908,1.056
15724,3.382,1.056
15725,3.441,1.056
15726,3.284,1.056
15727,3.123,1.056
15728,3.045,1.056
15729,2.346,1.056
15730,3.196,1.056
15731,3.680,1.061
15732,3.583,1.061
15733,3.358,1.061
15734,3.196,1.061
15735,3.109,1.061
15736,2.796,1.061
15737,2.678,1.061
15738,3.529,1.061
15739,3.612,1.065
15740,3.397,1.065
15741,3.167,1.065
15742,3.045,1.065
15743,3.030,1.065
15744,3.040,1.065
15745,3.065,1.070
15746,3.084,1.070
15747,3.074,1.070
15748,3.016,1.070
15749,3.069,1.070
15750,2.918,1.070
15751,3.397,1.070
15752,3.509,1.070
15753,3.436,1.075
15754,3.304,1.075
15755,3.231,1.075
15756,3.177,1.075
15757,3.177,1.075
15758,3.196,1.075
15759,3.226,1.075
15760,3.221,1.080
15761,3.206,1.080
15762,3.187,1.080
15763,3.172,1.080
15764,3.162,1.080
15765,3.167,1.080
15766,3.167,1.080
15767,3.206,1.080
15768,3.255,1.080
15769,3.280,1.085
15770,3.280,1.085
15771,3.275,1.085
15772,3.240,1.085
15773,3.211,1.085
15774,3.211,1.085
15775,3.226,1.085
15776,3.216,1.085
15777,3.025,1.085
15778,3.436,1.090
15779,3.456,1.090
15780,3.304,1.090
15781,3.157,1.090
15782,3.079,1.090
15783,3.079,1.090
15784,3.128,1.090
15785,3.211,1.090
15786,3.265,1.090
15787,3.280,1.090
15788,3.260,1.095
15789,3.236,1.095
15790,2.537,1.090
15791,3.343,1.090
15792,3.759,1.095
15793,3.646,1.095
15794,3.363,1.095
15795,3.157,1.095
15796,3.065,1.095
15797,3.084,1.095
15798,3.123,1.095
15799,2.864,1.095
15800,3.240,1.095
15801,3.304,1.095
15802,3.270,1.100
15803,3.255,1.100
15804,3.074,1.095
15805,3.514,1.100
15806,3.563,1.100
15807,3.436,1.100
15808,3.260,1.100
15809,3.236,1.100
15810,3.216,1.100
15811,3.226,1.100
15812,3.245,1.100
15813,3.236,1.100
15814,3.226,1.100
15815,3.206,1.100
15816,3.196,1.105
15817,3.187,1.105
15818,3.196,1.105
15819,3.182,1.105
15820,3.162,1.105
15821,3.177,1.105
15822,3.236,1.105
15823,3.314,1.105
15824,3.353,1.105
15825,3.363,1.105
15826,3.343,1.100
15827,3.324,1.100
15828,3.294,1.100
15829,3.275,1.100
15830,3.270,1.100
15831,3.079,1.100
15832,3.504,1.100
15833,3.519,1.100
15834,3.397,1.095
15835,3.255,1.095
15836,3.182,1.095
15837,3.157,1.095
15838,3.182,1.095
15839,3.177,1.090
15840,3.206,1.090
15841,3.231,1.090
15842,3.319,1.090
15843,3.387,1.085
15844,3.426,1.085
15845,3.426,1.085
15846,3.397,1.085
15847,3.353,1.080
15848,3.324,1.080
15849,3.314,1.080
15850,3.314,1.080
15851,3.333,1.075
15852,2.908,1.075
15853,3.832,1.075
15854,3.895,1.070
15855,3.587,1.070
15856,3.299,1.070
15857,3.133,1.070
15858,2.957,1.070
15859,3.416,1.070
15860,3.485,1.070
15861,3.431,1.065
15862,0.904,1.051
15863,4.433,1.036
15864,4.433,1.031
15865,4.433,1.031
15866,4.433,1.031
15867,4.433,1.031
15868,4.433,1.036
15869,4.433,1.041
15870,4.433,1.051
15871,4.433,1.051
15872,3.915,1.056
15873,3.255,1.061
15874,3.035,1.061
15875,3.094,1.061
15876,3.211,1.065
15877,3.299,1.065
15878,3.309,1.065
15879,3.280,1.065
15880,3.245,1.070
15881,3.236,1.070
15882,3.206,1.070
15883,3.211,1.070
15884,3.265,1.070
15885,3.201,1.070
15886,3.715,1.070
15887,3.759,1.075
15888,3.592,1.075
15889,3.416,1.075
15890,3.314,1.075
15891,3.275,1.075
15892,3.284,1.075
15893,3.309,1.080
15894,3.319,1.080
15895,3.314,1.080
15896,3.275,1.080
15897,3.260,1.080
15898,3.231,1.080
15899,3.206,1.080
15900,3.196,1.080
15901,3.211,1.085
15902,3.206,1.085
15903,3.236,1.085
15904,3.333,1.085
15905,3.416,1.085
15906,3.441,1.085
15907,3.441,1.085
15908,3.402,1.085
15909,3.372,1.085
15910,2.659,1.085
15911,3.446,1.090
15912,3.724,1.085
15913,4.003,1.090
15914,3.744,1.090
15915,3.407,1.090
15916,3.211,1.090
15917,3.148,1.090
15918,3.152,1.090
15919,3.206,1.095
15920,3.231,1.095
15921,3.245,1.095
15922,3.280,1.095
15923,3.363,1.095
15924,3.436,1.095
15925,3.265,1.095
15926,3.236,1.095
15927,3.842,1.095
15928,3.827,1.095
15929,3.568,1.100
15930,3.363,1.100
15931,3.284,1.100
15932,3.275,1.100
15933,3.280,1.100
15934,3.294,1.100
15935,3.289,1.100
15936,3.275,1.100
15937,3.245,1.100
15938,3.236,1.100
15939,3.030,1.100
15940,3.475,1.100
15941,3.465,1.105
15942,3.470,1.105
15943,3.436,1.105
15944,3.426,1.105
15945,3.416,1.105
15946,3.392,1.105
15947,3.372,1.105
15948,3.348,1.105
15949,3.328,1.105
15950,3.328,1.105
15951,3.328,1.105
15952,3.324,1.105
15953,3.314,1.105
15954,3.289,1.105
15955,3.275,1.105
15956,3.255,1.105
15957,3.240,1.105
15958,3.236,1.105
15959,3.221,1.105
15960,3.226,1.105
15961,3.226,1.105
15962,3.299,1.105
15963,3.392,1.105
15964,3.460,1.105
15965,3.465,1.105
15966,3.236,1.105
15967,3.656,1.105
15968,3.656,1.105
15969,3.480,1.105
15970,3.358,1.105
15971,2.747,1.100
15972,3.832,1.100
15973,3.944,1.100
15974,3.651,1.100
15975,3.324,1.100
15976,3.152,1.100
15977,3.113,1.100
15978,3.167,1.100
15979,3.196,1.100
15980,3.226,1.100
15981,3.245,1.100
15982,3.358,1.095
15983,3.431,1.095
15984,3.480,1.095
15985,3.451,1.095
15986,3.412,1.095
15987,3.363,1.095
15988,3.157,1.095
15989,3.138,1.090
15990,3.803,1.095
15991,3.812,1.090
15992,3.563,1.095
15993,2.991,1.090
15994,3.974,1.090
15995,3.978,1.090
15996,3.612,1.090
15997,3.265,1.090
15998,3.099,1.090
15999,3.089,1.090
16000,3.172,1.090
16001,3.304,1.090
16002,3.460,1.090
16003,3.504,1.090
16004,3.490,1.090
16005,3.441,1.090
16006,3.392,1.095
16007,3.353,1.095
16008,3.324,1.095
16009,3.314,1.095
16010,3.314,1.095
16011,3.309,1.095
16012,3.289,1.095
16013,3.270,1.095
16014,3.231,1.095
16015,3.231,1.095
16016,3.211,1.095
16017,3.206,1.095
16018,3.182,1.095
16019,3.187,1.095
16020,3.001,1.095
16021,3.558,1.095
16022,3.700,1.095
16023,3.641,1.095
16024,3.500,1.095
16025,3.397,1.100
16026,3.333,1.100
16027,3.294,1.100
16028,3.284,1.100
16029,3.294,1.100
16030,3.314,1.100
16031,2.752,1.100
16032,3.803,1.100
16033,3.905,1.100
16034,3.607,1.100
16035,3.280,1.100
16036,3.109,1.100
16037,3.074,1.105
16038,3.104,1.105
16039,3.148,1.105
16040,3.201,1.105
16041,3.309,1.105
16042,3.412,1.105
16043,3.441,1.105
16044,3.431,1.105
16045,3.387,1.105
16046,3.343,1.105
16047,3.089,1.105
16048,3.548,1.105
16049,3.245,1.105
16050,3.514,1.109
16051,3.456,1.109
16052,3.324,1.109
16053,3.216,1.109
16054,3.167,1.109
16055,3.148,1.109
16056,3.152,1.109
16057,3.162,1.109
16058,3.148,1.109
16059,3.148,1.109
16060,3.148,1.109
16061,3.201,1.114
16062,3.333,1.114
16063,3.412,1.114
16064,3.412,1.114
16065,3.372,1.114
16066,3.324,1.114
16067,3.280,1.114
16068,3.245,1.114
16069,3.240,1.114
16070,3.260,1.114
16071,3.250,1.114
16072,3.221,1.114
16073,3.196,1.114
16074,2.986,1.114
16075,3.446,1.114
16076,3.460,1.119
16077,3.319,1.119
16078,3.182,1.119
16079,3.089,1.119
16080,3.069,1.119
16081,3.118,1.119
16082,3.221,1.119
16083,3.328,1.119
16084,3.358,1.119
16085,3.328,1.119
16086,3.299,1.119
16087,3.255,1.119
16088,3.216,1.119
16089,3.182,1.124
16090,3.187,1.124
16091,3.167,1.124
16092,2.488,1.119
16093,3.338,1.119
16094,3.851,1.119
16095,3.680,1.124
16096,3.324,1.124
16097,3.089,1.124
16098,3.011,1.124
16099,3.025,1.124
16100,3.074,1.124
16101,2.977,1.124
16102,3.558,1.124
16103,3.622,1.124
16104,3.460,1.124
16105,3.275,1.124
16106,3.187,1.124
16107,3.148,1.129
16108,3.148,1.129
16109,3.152,1.129
16110,3.187,1.129
16111,3.172,1.129
16112,2.840,1.129
16113,2.644,1.124
16114,3.509,1.129
16115,3.592,1.129
16116,3.392,1.129
16117,3.138,1.129
16118,3.025,1.129
16119,3.016,1.129
16120,3.060,1.129
16121,3.182,1.129
16122,3.275,1.129
16123,3.270,1.129
16124,3.226,1.129
16125,3.192,1.129
16126,3.182,1.129
16127,3.152,1.129
16128,2.962,1.129
16129,3.441,1.129
16130,3.460,1.129
16131,3.309,1.134
16132,3.148,1.134
16133,3.055,1.134
16134,3.055,1.134
16135,3.069,1.134
16136,3.084,1.134
16137,3.089,1.134
16138,3.094,1.134
16139,3.084,1.134
16140,3.123,1.134
16141,3.177,1.134
16142,3.221,1.134
16143,3.211,1.134
16144,3.192,1.134
16145,3.143,1.134
16146,3.138,1.134
16147,3.123,1.134
16148,3.109,1.134
16149,3.113,1.139
16150,3.138,1.134
16151,3.113,1.139
16152,3.113,1.139
16153,2.434,1.134
16154,3.240,1.134
16155,3.695,1.134
16156,3.583,1.139
16157,3.324,1.139
16158,3.099,1.139
16159,3.011,1.139
16160,3.055,1.139
16161,3.148,1.139
16162,3.211,1.139
16163,3.226,1.139
16164,3.192,1.139
16165,3.177,1.139
16166,3.152,1.134
16167,3.152,1.134
16168,3.162,1.134
16169,3.157,1.134
16170,3.167,1.134
16171,3.152,1.134
16172,3.138,1.134
16173,3.143,1.134
16174,3.128,1.134
16175,3.128,1.129
16176,2.957,1.129
16177,2.947,1.129
16178,3.558,1.129
16179,3.578,1.129
16180,3.372,1.129
16181,3.021,1.124
16182,3.426,1.124
16183,3.451,1.124
16184,3.333,1.124
16185,3.231,1.124
16186,3.143,1.124
16187,3.128,1.124
16188,3.138,1.124
16189,3.192,1.124
16190,3.196,1.124
16191,3.182,1.124
16192,3.162,1.124
16193,3.162,1.124
16194,3.152,1.124
16195,3.162,1.119
16196,3.152,1.119
16197,3.152,1.119
16198,3.152,1.119
16199,3.182,1.119
16200,3.226,1.119
16201,3.265,1.119
16202,3.260,1.119
16203,3.236,1.119
16204,3.226,1.119
16205,3.236,1.119
16206,3.226,1.119
16207,3.206,1.119
16208,3.001,1.119
16209,3.451,1.119
16210,3.470,1.119
16211,3.338,1.119
16212,3.211,1.119
16213,3.177,1.119
16214,2.542,1.119
16215,3.324,1.119
16216,3.724,1.119
16217,3.636,1.119
16218,3.416,1.119
16219,3.299,1.119
16220,3.250,1.119
16221,3.294,1.119
16222,3.304,1.124
16223,3.314,1.124
16224,3.294,1.124
16225,3.284,1.124
16226,3.280,1.124
16227,3.275,1.124
16228,3.260,1.124
16229,3.270,1.124
16230,3.250,1.124
16231,3.236,1.124
16232,3.206,1.124
16233,3.216,1.124
16234,3.211,1.124
16235,2.991,1.124
16236,3.441,1.124
16237,3.568,1.129
16238,3.245,1.129
16239,3.021,1.124
16240,3.763,1.124
16241,3.832,1.129
16242,3.622,1.129
16243,3.363,1.129
16244,3.260,1.129
16245,3.255,1.129
16246,3.280,1.129
16247,3.299,1.129
16248,3.328,1.129
16249,3.304,1.134
16250,3.265,1.134
16251,3.231,1.134
16252,3.255,1.134
16253,3.231,1.134
16254,3.216,1.134
16255,3.226,1.134
16256,3.314,1.134
16257,3.421,1.134
16258,3.480,1.134
16259,3.495,1.134
16260,3.446,1.134
16261,3.382,1.139
16262,3.118,1.134
16263,3.534,1.139
16264,3.597,1.139
16265,3.470,1.139
16266,3.338,1.139
16267,3.255,1.139
16268,3.240,1.139
16269,3.236,1.139
16270,3.172,1.139
16271,3.206,1.139
16272,3.226,1.139
16273,3.211,1.139
16274,3.226,1.144
16275,2.683,1.139
16276,3.622,1.139
16277,4.066,1.139
16278,3.895,1.139
16279,3.563,1.144
16280,3.314,1.144
16281,3.206,1.144
16282,3.236,1.144
16283,3.289,1.144
16284,3.363,1.144
16285,3.353,1.144
16286,3.324,1.144
16287,3.275,1.144
16288,3.255,1.144
16289,3.021,1.144
16290,3.470,1.144
16291,3.495,1.144
16292,3.382,1.144
16293,3.328,1.149
16294,3.368,1.149
16295,3.431,1.149
16296,3.456,1.149
16297,3.431,1.149
16298,3.397,1.149
16299,3.358,1.149
16300,3.299,1.149
16301,3.025,1.149
16302,2.903,1.149
16303,3.724,1.149
16304,3.788,1.149
16305,3.553,1.149
16306,3.309,1.149
16307,3.182,1.149
16308,3.172,1.149
16309,3.192,1.149
16310,3.196,1.149
16311,3.226,1.149
16312,3.284,1.149
16313,3.382,1.153
16314,3.456,1.153
16315,3.465,1.153
16316,3.236,1.149
16317,3.656,1.153
16318,3.641,1.153
16319,3.480,1.153
16320,3.343,1.153
16321,3.284,1.153
16322,3.255,1.153
16323,3.270,1.153
16324,3.280,1.153
16325,3.260,1.153
16326,3.245,1.153
16327,3.245,1.153
16328,3.216,1.153
16329,3.216,1.153
16330,3.177,1.153
16331,3.255,1.153
16332,3.353,1.153
16333,3.441,1.153
16334,3.446,1.153
16335,3.436,1.158
16336,2.732,1.153
16337,3.543,1.153
16338,3.944,1.153
16339,3.812,1.153
16340,3.509,1.158
16341,3.289,1.158
16342,3.192,1.158
16343,2.986,1.158
16344,3.480,1.158
16345,3.539,1.158
16346,3.402,1.158
16347,3.289,1.158
16348,3.196,1.158
16349,3.162,1.158
16350,3.236,1.158
16351,3.368,1.158
16352,3.441,1.158
16353,3.470,1.158
16354,3.431,1.158
16355,3.407,1.158
16356,3.358,1.158
16357,3.309,1.158
16358,3.304,1.158
16359,3.314,1.158
16360,3.289,1.158
16361,3.294,1.158
16362,3.270,1.163
16363,3.270,1.163
16364,2.933,1.158
16365,2.747,1.158
16366,3.592,1.158
16367,3.685,1.163
16368,3.470,1.163
16369,3.280,1.163
16370,3.055,1.163
16371,3.617,1.163
16372,3.710,1.163
16373,3.573,1.163
16374,3.416,1.163
16375,3.309,1.163
16376,3.255,1.163
16377,3.265,1.163
16378,3.270,1.163
16379,3.324,1.163
16380,3.304,1.163
16381,3.265,1.163
16382,3.236,1.163
16383,3.221,1.163
16384,3.201,1.163
16385,3.172,1.163
16386,3.162,1.163
16387,3.172,1.163
16388,3.187,1.163
16389,3.265,1.163
16390,3.343,1.163
16391,3.426,1.163
16392,3.421,1.163
16393,3.382,1.163
16394,3.324,1.163
16395,3.294,1.163
16396,3.275,1.163
16397,2.669,1.158
16398,4.022,1.158
16399,4.145,1.158
16400,3.739,1.163
16401,3.304,1.163
16402,3.084,1.158
16403,3.045,1.158
16404,3.089,1.158
16405,3.138,1.158
16406,3.187,1.158
16407,3.211,1.158
16408,3.275,1.158
16409,3.338,1.158
16410,3.412,1.158
16411,3.402,1.158
16412,3.358,1.158
16413,3.304,1.158
16414,3.275,1.158
16415,3.245,1.158
16416,3.265,1.153
16417,3.245,1.153
16418,3.245,1.153
16419,3.226,1.153
16420,3.192,1.153
16421,3.201,1.153
16422,3.201,1.153
16423,3.182,1.153
16424,2.928,1.149
16425,3.407,1.149
16426,3.529,1.149
16427,3.265,1.149
16428,3.143,1.149
16429,3.778,1.144
16430,3.768,1.144
16431,3.519,1.149
16432,3.280,1.144
16433,3.162,1.144
16434,3.162,1.144
16435,3.192,1.144
16436,3.206,1.144
16437,3.206,1.144
16438,3.192,1.139
16439,3.167,1.139
16440,3.152,1.139
16441,3.138,1.139
16442,3.152,1.139
16443,3.133,1.139
16444,3.128,1.139
16445,3.177,1.139
16446,3.255,1.134
16447,3.294,1.134
16448,3.280,1.134
16449,3.250,1.134
16450,3.226,1.134
16451,2.996,1.129
16452,3.465,1.129
16453,3.500,1.129
16454,3.338,1.129
16455,3.201,1.129
16456,3.118,1.129
16457,3.109,1.129
16458,2.605,1.124
16459,3.661,1.124
16460,3.768,1.124
16461,3.470,1.124
16462,3.177,1.124
16463,3.055,1.124
16464,3.074,1.119
16465,3.157,1.119
16466,3.236,1.119
16467,3.221,1.119
16468,3.201,1.119
16469,3.192,1.119
16470,3.162,1.114
16471,3.143,1.114
16472,3.128,1.114
16473,3.123,1.114
16474,3.152,1.109
16475,3.138,1.109
16476,3.113,1.109
16477,3.104,1.109
16478,2.889,1.105
16479,3.309,1.105
16480,3.382,1.105
16481,3.270,1.105
16482,3.157,1.105
16483,3.113,1.105
16484,3.138,1.105
16485,3.157,1.100
16486,3.172,1.100
16487,3.172,1.100
16488,3.148,1.100
16489,3.133,1.100
16490,2.967,1.100
16491,2.933,1.095
16492,3.573,1.095
16493,3.573,1.095
16494,3.333,1.095
16495,3.123,1.095
16496,3.025,1.095
16497,3.025,1.095
16498,3.040,1.090
16499,3.065,1.090
16500,3.074,1.090
16501,3.084,1.090
16502,3.094,1.090
16503,3.138,1.090
16504,3.157,1.090
16505,2.986,1.085
16506,3.431,1.085
16507,3.451,1.085
16508,3.299,1.085
16509,3.104,1.085
16510,3.094,1.085
16511,3.084,1.085
16512,3.094,1.085
16513,3.113,1.085
16514,3.128,1.085
16515,3.109,1.085
16516,3.099,1.085
16517,3.089,1.085
16518,3.104,1.085
16519,2.610,1.085
16520,3.597,1.085
16521,3.719,1.085
16522,3.500,1.085
16523,3.250,1.090
16524,3.104,1.090
16525,3.084,1.090
16526,3.104,1.090
16527,3.133,1.090
16528,3.148,1.090
16529,3.172,1.090
16530,3.162,1.090
16531,3.148,1.090
16532,2.981,1.090
16533,3.426,1.090
16534,3.431,1.095
16535,3.280,1.095
16536,3.128,1.095
16537,3.113,1.095
16538,3.104,1.095
16539,3.065,1.095
16540,3.109,1.095
16541,3.128,1.100
16542,3.162,1.100
16543,3.196,1.100
16544,3.226,1.100
16545,3.240,1.100
16546,3.221,1.100
16547,3.226,1.100
16548,3.201,1.105
16549,3.206,1.105
16550,3.196,1.105
16551,3.187,1.105
16552,3.196,1.105
16553,3.045,1.105
16554,3.021,1.105
16555,3.617,1.105
16556,3.617,1.109
16557,3.397,1.109
16558,3.192,1.109
16559,2.928,1.109
16560,3.377,1.109
16561,3.451,1.109
16562,3.402,1.109
16563,3.324,1.109
16564,3.284,1.109
16565,3.275,1.109
16566,3.284,1.109
16567,3.270,1.109
16568,3.280,1.109
16569,3.240,1.109
16570,3.284,1.109
16571,3.280,1.109
16572,3.275,1.109
16573,3.255,1.109
16574,3.226,1.109
16575,3.211,1.109
16576,3.211,1.109
16577,3.216,1.109
16578,3.201,1.109
16579,3.196,1.109
16580,2.815,1.105
16581,3.881,1.105
16582,4.032,1.105
16583,3.783,1.105
16584,3.495,1.105
16585,3.328,1.105
16586,3.089,1.100
16587,3.529,1.100
16588,3.597,1.100
16589,3.485,1.100
16590,3.338,1.100
16591,3.240,1.100
16592,3.211,1.100
16593,3.221,1.100
16594,3.216,1.095
16595,3.206,1.095
16596,3.206,1.095
16597,3.192,1.095
16598,3.172,1.095
16599,3.162,1.095
16600,3.333,1.095
16601,3.446,1.095
16602,3.490,1.095
16603,3.475,1.095
16604,3.441,1.095
16605,3.387,1.095
16606,3.358,1.095
16607,3.333,1.095
16608,3.328,1.095
16609,3.314,1.095
16610,3.304,1.095
16611,3.280,1.095
16612,3.260,1.095
16613,3.045,1.090
16614,3.441,1.090
16615,3.231,1.090
16616,3.021,1.090
16617,3.729,1.090
16618,3.734,1.090
16619,3.534,1.090
16620,3.426,1.090
16621,3.441,1.090
16622,3.500,1.090
16623,3.529,1.090
16624,3.543,1.090
16625,3.539,1.090
16626,3.490,1.090
16627,3.441,1.090
16628,3.407,1.090
16629,3.372,1.085
16630,3.412,1.085
16631,3.402,1.085
16632,3.397,1.080
16633,3.358,1.080
16634,3.338,1.080
16635,3.324,1.075
16636,3.319,1.075
16637,3.294,1.070
16638,3.284,1.070
16639,3.270,1.065
16640,2.581,1.061
16641,3.851,1.056
16642,4.306,1.056
16643,4.071,1.056
16644,3.661,1.051
16645,3.387,1.051
16646,3.284,1.046
16647,3.299,1.046
16648,3.319,1.041
16649,3.343,1.036
16650,3.358,1.036
16651,3.348,1.031
16652,3.314,1.031
16653,3.294,1.026
16654,3.280,1.026
16655,3.245,1.026
16656,3.236,1.022
16657,3.231,1.022
16658,3.206,1.017
16659,3.177,1.017
16660,3.206,1.012
16661,3.240,1.012
16662,3.328,1.012
16663,3.431,1.012
16664,3.495,1.007
16665,3.460,1.007
16666,3.421,1.007
16667,3.392,1.007
16668,3.319,1.002
16669,3.304,1.002
16670,3.309,1.002
16671,3.314,1.002
16672,3.324,1.002
16673,3.314,0.997
16674,3.284,0.997
16675,3.250,0.997
16676,3.231,0.997
16677,3.221,0.997
16678,3.236,0.997
16679,3.045,0.997
16680,3.348,0.997
16681,3.387,0.997
16682,3.377,0.997
16683,3.392,0.997
16684,3.426,0.997
16685,3.431,0.997
16686,3.412,0.997
16687,3.382,0.997
16688,3.372,0.997
16689,3.289,0.997
16690,3.309,0.997
16691,3.319,0.997
16692,3.319,0.997
16693,3.079,0.997
16694,3.514,0.997
16695,3.548,0.997
16696,3.421,0.997
16697,3.280,0.997
16698,3.196,0.997
16699,3.177,0.997
16700,3.192,0.997
16701,3.206,0.997
16702,2.644,0.992
16703,3.578,0.992
16704,4.062,0.992
16705,3.920,0.987
16706,3.578,0.987
16707,3.358,0.987
16708,3.250,0.982
16709,3.245,0.982
16710,3.284,0.982
16711,3.333,0.978
16712,3.324,0.978
16713,3.299,0.973
16714,3.265,0.973
16715,3.250,0.968
16716,3.245,0.968
16717,3.216,0.963
16718,3.211,0.963
16719,3.182,0.958
16720,2.986,0.953
16721,3.480,0.953
16722,3.622,0.953
16723,3.563,0.948
16724,3.460,0.948
16725,3.387,0.943
16726,3.353,0.943
16727,3.368,0.938
16728,3.333,0.938
16729,3.324,0.934
16730,3.319,0.934
16731,3.314,0.934
16732,3.304,0.929
16733,3.299,0.929
16734,3.265,0.929
16735,3.255,0.924
16736,3.245,0.924
16737,3.231,0.924
16738,3.216,0.924
16739,3.201,0.919
16740,3.196,0.919
16741,3.260,0.919
16742,3.206,0.919
16743,3.289,0.914
16744,3.930,0.914
16745,3.881,0.914
16746,3.602,0.914
16747,3.089,0.914
16748,3.485,0.914
16749,3.514,0.914
16750,3.460,0.914
16751,3.368,0.914
16752,3.280,0.914
16753,3.245,0.914
16754,3.245,0.914
16755,3.211,0.914
16756,3.211,0.914
16757,3.211,0.914
16758,3.196,0.914
16759,3.240,0.914
16760,3.324,0.914
16761,3.402,0.919
16762,3.460,0.919
16763,2.757,0.919
16764,3.578,0.919
16765,3.988,0.919
16766,3.807,0.924
16767,3.485,0.924
16768,3.284,0.924
16769,3.221,0.924
16770,3.240,0.929
16771,3.265,0.929
16772,3.280,0.929
16773,3.260,0.934
16774,3.021,0.934
16775,3.470,0.934
16776,3.509,0.938
16777,3.387,0.938
16778,3.324,0.943
16779,3.343,0.943
16780,3.426,0.943
16781,3.446,0.948
16782,3.460,0.948
16783,3.407,0.948
16784,3.343,0.953
16785,3.309,0.953
16786,3.314,0.953
16787,3.314,0.958
16788,3.314,0.958
16789,3.294,0.958
16790,3.319,0.963
16791,3.284,0.963
16792,3.260,0.963
16793,3.226,0.963
16794,3.211,0.968
16795,3.206,0.968
16796,3.216,0.968
16797,3.265,0.973
16798,3.392,0.973
16799,3.470,0.973
16800,3.485,0.973
16801,3.201,0.978
16802,3.656,0.978
16803,3.651,0.978
16804,3.162,0.978
16805,2.845,0.982
16806,3.695,0.982
16807,3.773,0.982
16808,3.573,0.987
16809,3.319,0.987
16810,3.192,0.987
16811,3.172,0.987
16812,3.192,0.992
16813,3.196,0.992
16814,3.216,0.992
16815,3.236,0.992
16816,3.353,0.997
16817,3.441,0.997
16818,3.470,0.997
16819,3.446,0.997
16820,3.412,0.997
16821,3.368,1.002
16822,3.348,1.002
16823,3.324,1.002
16824,2.620,1.002
16825,3.485,1.002
16826,3.925,1.002
16827,3.763,1.007
16828,3.138,1.007
16829,3.421,1.007
16830,3.412,1.012
16831,3.309,1.012
16832,3.196,1.012
16833,3.196,1.012
16834,3.284,1.012
16835,3.377,1.012
16836,3.416,1.017
16837,3.412,1.017
16838,3.372,1.017
16839,3.338,1.017
16840,3.314,1.017
16841,3.289,1.022
16842,3.289,1.022
16843,3.270,1.022
16844,3.250,1.022
16845,3.236,1.022
16846,3.226,1.022
16847,3.201,1.022
16848,3.182,1.022
16849,3.172,1.026
16850,3.157,1.026
16851,3.157,1.026
16852,3.231,1.026
16853,3.348,1.026
16854,3.426,1.026
16855,3.187,1.026
16856,3.631,1.026
16857,3.636,1.026
16858,3.446,1.031
16859,3.284,1.031
16860,3.216,1.031
16861,3.201,1.031
16862,3.211,1.031
16863,3.226,1.031
16864,3.206,1.031
16865,3.201,1.031
16866,3.177,1.026
16867,2.840,1.026
16868,2.634,1.026
16869,3.543,1.026
16870,3.671,1.026
16871,3.519,1.026
16872,3.368,1.026
16873,3.275,1.026
16874,3.255,1.026
16875,3.255,1.026
16876,3.260,1.026
16877,3.265,1.026
16878,3.240,1.022
16879,3.236,1.022
16880,3.216,1.022
16881,3.196,1.022
16882,2.967,1.022
16883,3.436,1.022
16884,3.470,1.022
16885,2.771,1.017
16886,3.680,1.017
16887,3.715,1.017
16888,3.426,1.017
16889,3.172,1.017
16890,3.084,1.017
16891,3.148,1.017
16892,3.211,1.017
16893,3.250,1.017
16894,3.255,1.017
16895,3.231,1.017
16896,3.206,1.017
16897,3.182,1.017
16898,3.113,1.017
16899,3.157,1.017
16900,3.172,1.017
16901,3.172,1.017
16902,3.148,1.017
16903,3.133,1.017
16904,3.128,1.017
16905,3.118,1.022
16906,3.118,1.022
16907,3.109,1.022
16908,3.109,1.022
16909,2.933,1.022
16910,3.436,1.022
16911,3.514,1.022
16912,3.387,1.022
16913,3.240,1.022
16914,3.152,1.022
16915,3.133,1.022
16916,3.148,1.022
16917,3.187,1.022
16918,3.187,1.026
16919,3.187,1.026
16920,3.167,1.026
16921,3.148,1.026
16922,3.133,1.026
16923,3.123,1.026
16924,3.123,1.026
16925,3.123,1.026
16926,3.118,1.031
16927,3.113,1.031
16928,3.069,1.031
16929,3.128,1.031
16930,2.889,1.031
16931,2.781,1.031
16932,3.627,1.031
16933,3.685,1.031
16934,3.465,1.031
16935,3.236,1.031
16936,2.908,1.031
16937,3.338,1.036
16938,3.421,1.036
16939,3.324,1.036
16940,3.211,1.036
16941,3.128,1.036
16942,3.094,1.041
16943,3.099,1.041
16944,3.123,1.041
16945,3.133,1.041
16946,2.674,1.041
16947,3.636,1.041
16948,3.768,1.041
16949,3.543,1.041
16950,3.299,1.046
16951,3.148,1.046
16952,3.128,1.046
16953,3.157,1.046
16954,3.196,1.046
16955,3.196,1.046
16956,3.187,1.051
16957,3.177,1.051
16958,3.157,1.051
16959,3.182,1.051
16960,3.192,1.051
16961,3.177,1.051
16962,3.167,1.051
16963,2.972,1.051
16964,3.412,1.051
16965,3.431,1.056
16966,3.294,1.056
16967,3.172,1.056
16968,3.128,1.056
16969,3.196,1.056
16970,3.255,1.056
16971,3.284,1.056
16972,3.299,1.056
16973,3.294,1.061
16974,3.284,1.061
16975,3.260,1.061
16976,3.240,1.061
16977,3.245,1.061
16978,3.245,1.061
16979,3.245,1.061
16980,3.270,1.061
16981,3.255,1.061
16982,3.245,1.065
16983,3.226,1.065
16984,3.211,1.065
16985,3.192,1.065
16986,3.196,1.065
16987,3.216,1.065
16988,3.265,1.065
16989,3.402,1.065
16990,3.289,1.065
16991,3.724,1.065
16992,3.744,1.065
16993,3.436,1.065
16994,3.231,1.065
16995,3.783,1.065
16996,3.773,1.070
16997,3.563,1.070
16998,3.363,1.070
16999,3.265,1.070
17000,3.245,1.070
17001,3.260,1.070
17002,3.275,1.070
17003,3.280,1.070
17004,3.260,1.070
17005,3.236,1.075
17006,3.245,1.075
17007,2.864,1.070
17008,3.969,1.070
17009,4.150,1.075
17010,3.895,1.075
17011,3.612,1.075
17012,3.431,1.075
17013,3.348,1.075
17014,3.328,1.075
17015,3.353,1.075
17016,3.377,1.075
17017,3.157,1.075
17018,3.627,1.075
17019,3.646,1.075
17020,3.456,1.080
17021,3.299,1.080
17022,3.216,1.080
17023,3.196,1.080
17024,3.216,1.080
17025,3.226,1.080
17026,3.236,1.080
17027,3.319,1.080
17028,3.451,1.080
17029,3.524,1.080
17030,3.543,1.080
17031,3.504,1.080
17032,3.480,1.085
17033,3.431,1.085
17034,3.382,1.085
17035,3.368,1.085
17036,3.363,1.085
17037,3.363,1.085
17038,3.338,1.085
17039,3.309,1.085
17040,3.284,1.085
17041,3.255,1.085
17042,3.236,1.085
17043,3.265,1.085
17044,3.050,1.085
17045,3.490,1.085
17046,3.553,1.085
17047,3.509,1.090
17048,3.465,1.085
17049,3.475,1.085
17050,3.465,1.090
17051,3.451,1.090
17052,3.407,1.090
17053,3.363,1.090
17054,3.328,1.090
17055,3.338,1.090
17056,3.162,1.090
17057,3.123,1.085
17058,3.773,1.085
17059,3.749,1.090
17060,3.485,1.090
17061,3.260,1.090
17062,3.152,1.090
17063,3.143,1.090
17064,3.162,1.090
17065,3.192,1.090
17066,3.260,1.090
17067,3.382,1.090
17068,2.996,1.090
17069,4.047,1.090
17070,4.125,1.090
17071,3.519,1.090
17072,3.646,1.090
17073,3.529,1.090
17074,3.412,1.090
17075,3.294,1.095
17076,3.255,1.095
17077,3.221,1.095
17078,3.265,1.095
17079,3.255,1.095
17080,3.216,1.095
17081,3.201,1.095
17082,3.192,1.095
17083,3.177,1.095
17084,3.167,1.095
17085,3.211,1.095
17086,3.284,1.095
17087,3.382,1.095
17088,3.426,1.095
17089,3.421,1.095
17090,3.407,1.095
17091,3.372,1.095
17092,3.328,1.095
17093,3.299,1.095
17094,3.270,1.095
17095,3.275,1.095
17096,3.280,1.095
17097,3.255,1.095
17098,3.040,1.090
17099,3.490,1.090
17100,3.500,1.090
17101,3.343,1.090
17102,3.187,1.090
17103,3.104,1.090
17104,3.109,1.090
17105,3.172,1.090
17106,3.358,1.090
17107,3.382,1.095
17108,3.421,1.090
17109,3.412,1.090
17110,3.382,1.090
17111,3.319,1.090
17112,3.284,1.090
17113,3.270,1.090
17114,3.275,1.090
17115,3.265,1.090
17116,3.255,1.090
17117,3.226,1.090
17118,3.236,1.090
17119,3.030,1.090
17120,2.981,1.090
17121,3.636,1.090
17122,3.656,1.090
17123,3.431,1.090
17124,3.304,1.090
17125,3.094,1.090
17126,3.612,1.090
17127,3.671,1.090
17128,2.776,1.090
17129,3.490,1.090
17130,3.876,1.090
17131,3.734,1.090
17132,3.426,1.095
17133,3.240,1.095
17134,3.162,1.095
17135,3.167,1.095
17136,3.182,1.095
17137,3.206,1.095
17138,3.221,1.095
17139,3.211,1.095
17140,3.182,1.095
17141,3.211,1.095
17142,3.260,1.095
17143,3.319,1.095
17144,3.353,1.095
17145,3.358,1.095
17146,3.338,1.100
17147,3.314,1.095
17148,3.275,1.100
17149,3.255,1.100
17150,3.250,1.100
17151,3.255,1.100
17152,3.040,1.100
17153,3.509,1.100
17154,3.524,1.100
17155,3.363,1.100
17156,3.211,1.100
17157,3.133,1.100
17158,3.099,1.100
17159,3.128,1.100
17160,3.177,1.100
17161,3.265,1.100
17162,3.343,1.100
17163,3.358,1.105
17164,3.348,1.105
17165,3.324,1.105
17166,3.284,1.105
17167,3.226,1.105
17168,3.236,1.100
17169,3.289,1.105
17170,3.270,1.100
17171,3.236,1.100
17172,3.206,1.100
17173,3.211,1.100
17174,3.187,1.100
17175,3.182,1.100
17176,3.172,1.100
17177,3.172,1.095
17178,3.152,1.095
17179,3.182,1.095
17180,3.231,1.090
17181,3.314,1.090
17182,3.143,1.085
17183,3.099,1.080
17184,3.754,1.080
17185,3.744,1.080
17186,3.465,1.075
17187,3.240,1.075
17188,3.143,1.070
17189,3.167,1.070
17190,2.669,1.065
17191,3.734,1.061
17192,3.837,1.061
17193,3.548,1.056
17194,3.226,1.056
17195,3.065,1.051
17196,3.040,1.051
17197,3.069,1.046
17198,3.162,1.046
17199,3.240,1.041
17200,3.294,1.041
17201,3.343,1.036
17202,3.309,1.036
17203,3.260,1.031
17204,3.236,1.031
17205,2.977,1.026
17206,3.446,1.022
17207,3.514,1.022
17208,3.368,1.022
17209,3.236,1.017
17210,3.138,1.017
17211,3.113,1.012
17212,3.123,1.012
17213,3.162,1.012
17214,3.157,1.007
17215,3.143,1.007
17216,3.123,1.007
17217,3.133,1.002
17218,3.162,1.002
17219,3.226,1.002
17220,3.250,1.002
17221,3.275,1.002
17222,3.260,0.997
17223,3.245,0.997
17224,3.216,0.997
17225,3.206,0.997
17226,3.201,0.997
17227,3.162,0.992
17228,3.187,0.992
17229,3.182,0.992
17230,3.157,0.992
17231,3.138,0.992
17232,2.918,0.992
17233,3.392,0.992
17234,3.426,0.992
17235,3.284,0.992
17236,3.157,0.992
17237,3.123,0.992
17238,3.177,0.992
17239,3.245,0.992
17240,3.284,0.992
17241,3.265,0.992
17242,3.245,0.992
17243,3.206,0.997
17244,3.196,0.997
17245,3.030,0.997
17246,3.006,0.997
17247,3.651,0.997
17248,3.656,0.997
17249,3.397,0.997
17250,3.192,0.997
17251,2.542,0.997
17252,3.573,0.997
17253,3.719,1.002
17254,3.485,1.002
17255,3.201,1.002
17256,3.104,1.002
17257,3.138,1.007
17258,3.236,1.007
17259,3.055,1.007
17260,3.529,1.007
17261,3.553,1.007
17262,3.382,1.007
17263,3.221,1.012
17264,3.162,1.012
17265,3.167,1.012
17266,3.182,1.012
17267,3.187,1.012
17268,3.177,1.012
17269,3.148,1.017
17270,3.152,1.017
17271,3.138,1.017
17272,3.133,1.017
17273,3.123,1.017
17274,3.118,1.022
17275,3.138,1.022
17276,3.221,1.022
17277,3.270,1.022
17278,3.294,1.022
17279,3.265,1.022
17280,3.265,1.026
17281,3.231,1.026
17282,3.196,1.026
17283,3.172,1.026
17284,3.192,1.026
17285,3.192,1.026
17286,2.957,1.026
17287,3.397,1.026
17288,3.460,1.031
17289,3.309,1.031
17290,3.167,1.031
17291,3.084,1.031
17292,3.079,1.031
17293,3.089,1.036
17294,3.113,1.036
17295,3.172,1.036
17296,3.284,1.036
17297,3.304,1.036
17298,3.314,1.036
17299,3.280,1.041
17300,3.260,1.041
17301,3.236,1.041
17302,3.216,1.041
17303,3.216,1.041
17304,3.231,1.041
17305,3.216,1.046
17306,3.206,1.046
17307,3.201,1.046
17308,3.016,1.046
17309,2.977,1.046
17310,3.607,1.046
17311,3.627,1.046
17312,2.854,1.046
17313,3.558,1.046
17314,4.032,1.046
17315,3.851,1.051
17316,3.475,1.051
17317,3.289,1.051
17318,3.216,1.051
17319,3.231,1.051
17320,3.245,1.056
17321,3.245,1.056
17322,3.250,1.056
17323,3.250,1.056
17324,3.240,1.056
17325,3.240,1.056
17326,3.211,1.061
17327,3.221,1.061
17328,3.201,1.061
17329,3.196,1.061
17330,3.167,1.061
17331,3.167,1.061
17332,3.182,1.061
17333,3.280,1.061
17334,3.363,1.065
17335,3.397,1.065
17336,3.397,1.065
17337,3.372,1.065
17338,3.328,1.065
17339,3.304,1.065
17340,3.065,1.065
17341,3.524,1.065
17342,3.568,1.065
17343,3.441,1.070
17344,3.275,1.070
17345,3.196,1.070
17346,3.128,1.070
17347,3.162,1.070
17348,3.192,1.070
17349,3.196,1.070
17350,3.172,1.070
17351,3.206,1.070
17352,3.294,1.075
17353,3.387,1.075
17354,3.416,1.075
17355,3.416,1.075
17356,3.397,1.075
17357,3.348,1.075
17358,3.304,1.075
17359,3.319,1.075
17360,3.299,1.075
17361,3.304,1.075
17362,3.299,1.075
17363,3.284,1.075
17364,3.260,1.075
17365,3.250,1.075
17366,3.216,1.075
17367,2.986,1.075
17368,3.441,1.075
17369,3.480,1.075
17370,3.030,1.075
17371,2.840,1.075
17372,3.118,1.070
17373,4.018,1.070
17374,4.272,1.075
17375,3.944,1.075
17376,3.495,1.075
17377,3.275,1.075
17378,3.206,1.075
17379,3.250,1.075
17380,3.304,1.075
17381,3.324,1.075
17382,3.328,1.075
17383,3.294,1.075
17384,3.255,1.075
17385,3.236,1.075
17386,3.221,1.075
17387,3.216,1.075
17388,3.206,1.075
17389,3.206,1.075
17390,3.284,1.075
17391,3.382,1.075
17392,3.446,1.075
17393,3.446,1.080
17394,3.211,1.075
17395,3.646,1.075
17396,3.646,1.080
17397,3.485,1.080
17398,3.333,1.080
17399,3.265,1.080
17400,3.255,1.080
17401,3.255,1.080
17402,3.260,1.080
17403,3.240,1.080
17404,3.226,1.080
17405,3.211,1.080
17406,3.177,1.080
17407,3.201,1.080
17408,3.211,1.080
17409,3.275,1.080
17410,3.358,1.080
17411,3.412,1.085
17412,3.421,1.085
17413,3.397,1.085
17414,3.368,1.085
17415,3.319,1.085
17416,3.284,1.085
17417,3.275,1.085
17418,3.294,1.085
17419,3.294,1.085
17420,3.270,1.085
17421,3.021,1.085
17422,3.534,1.085
17423,3.563,1.085
17424,3.397,1.090
17425,3.240,1.090
17426,3.172,1.090
17427,3.221,1.090
17428,3.333,1.090
17429,3.421,1.090
17430,3.451,1.090
17431,3.446,1.090
17432,3.402,1.090
17433,3.035,1.090
17434,2.625,1.085
17435,4.301,1.090
17436,4.413,1.090
17437,3.964,1.090
17438,3.441,1.090
17439,3.133,1.090
17440,3.079,1.090
17441,3.133,1.095
17442,3.196,1.095
17443,3.226,1.095
17444,3.231,1.095
17445,3.319,1.095
17446,3.392,1.095
17447,3.436,1.095
17448,3.231,1.095
17449,3.724,1.095
17450,3.739,1.095
17451,3.558,1.095
17452,3.358,1.095
17453,3.294,1.095
17454,3.265,1.095
17455,3.284,1.100
17456,3.280,1.100
17457,3.280,1.100
17458,3.255,1.100
17459,3.245,1.100
17460,3.206,1.100
17461,3.201,1.100
17462,3.196,1.100
17463,3.187,1.100
17464,3.206,1.100
17465,3.309,1.100
17466,3.363,1.100
17467,3.441,1.100
17468,3.451,1.095
17469,3.441,1.095
17470,3.407,1.095
17471,3.353,1.095
17472,3.284,1.095
17473,3.270,1.090
17474,3.275,1.090
17475,3.040,1.085
17476,3.475,1.080
17477,3.583,1.080
17478,3.490,1.075
17479,3.368,1.075
17480,3.299,1.070
17481,3.265,1.065
17482,3.255,1.061
17483,3.270,1.056
17484,3.324,1.056
17485,3.475,1.051
17486,3.548,1.046
17487,3.568,1.041
17488,3.543,1.036
17489,3.519,1.031
17490,3.470,1.026
17491,3.412,1.022
17492,3.387,1.017
17493,3.377,1.012
17494,3.377,1.007
17495,2.600,1.002
17496,3.167,0.992
17497,3.460,0.987
17498,4.135,0.982
17499,3.930,0.978
17500,3.509,0.978
17501,3.231,0.973
17502,2.923,0.968
17503,3.534,0.963
17504,3.719,0.958
17505,3.661,0.953
17506,3.534,0.948
17507,3.392,0.948
17508,3.338,0.943
17509,3.314,0.938
17510,3.314,0.938
17511,3.294,0.934
17512,3.289,0.929
17513,3.270,0.929
17514,3.260,0.924
17515,3.236,0.919
17516,3.206,0.919
17517,3.206,0.914
17518,3.192,0.914
17519,3.187,0.909
17520,3.162,0.904
17521,3.152,0.904
17522,3.143,0.904
17523,3.192,0.899
17524,3.289,0.899
17525,3.392,0.899
17526,3.397,0.894
17527,3.397,0.894
17528,3.358,0.894
17529,3.065,0.890
17530,3.519,0.890
17531,3.548,0.890
17532,3.416,0.890
17533,3.294,0.890
17534,3.201,0.890
17535,3.177,0.890
17536,3.148,0.890
17537,3.167,0.890
17538,3.172,0.890
17539,3.167,0.890
17540,3.143,0.890
17541,3.133,0.890
17542,3.162,0.890
17543,3.265,0.890
17544,3.338,0.890
17545,3.368,0.890
17546,3.353,0.890
17547,3.314,0.894
17548,3.265,0.894
17549,3.260,0.894
17550,3.250,0.894
17551,3.231,0.894
17552,3.221,0.899
17553,3.206,0.899
17554,3.201,0.899
17555,3.167,0.899
17556,2.542,0.899
17557,3.905,0.899
17558,4.037,0.904
17559,3.397,0.904
17560,3.372,0.909
17561,3.309,0.909
17562,3.309,0.909
17563,3.319,0.914
17564,3.328,0.914
17565,3.319,0.914
17566,3.289,0.914
17567,3.231,0.919
17568,3.216,0.919
17569,3.216,0.919
17570,3.201,0.924
17571,3.192,0.924
17572,3.192,0.924
17573,3.177,0.929
17574,3.148,0.929
17575,3.128,0.929
17576,3.128,0.934
17577,3.143,0.934
17578,3.133,0.934
17579,3.123,0.938
17580,3.182,0.938
17581,3.270,0.938
17582,3.348,0.943
17583,3.148,0.943
17584,3.597,0.943
17585,3.602,0.943
17586,3.402,0.948
17587,3.250,0.948
17588,3.172,0.948
17589,3.152,0.953
17590,3.157,0.953
17591,3.162,0.953
17592,3.162,0.958
17593,3.143,0.958
17594,3.128,0.958
17595,3.118,0.958
17596,3.128,0.963
17597,3.113,0.963
17598,3.104,0.963
17599,3.094,0.968
17600,3.167,0.968
17601,3.245,0.968
17602,3.289,0.968
17603,3.275,0.973
17604,3.250,0.973
17605,3.211,0.973
17606,3.187,0.973
17607,3.152,0.978
17608,3.172,0.978
17609,3.177,0.978
17610,2.977,0.978
17611,3.426,0.978
17612,3.495,0.982
17613,3.324,0.982
17614,3.157,0.982
17615,3.074,0.982
17616,3.040,0.987
17617,2.370,0.987
17618,3.240,0.987
17619,3.749,0.987
17620,3.690,0.987
17621,3.451,0.992
17622,3.060,0.992
17623,2.967,0.992
17624,3.617,0.992
17625,3.617,0.997
17626,3.402,0.997
17627,3.201,0.997
17628,3.118,0.997
17629,3.104,0.997
17630,3.133,1.002
17631,3.138,1.002
17632,3.152,1.002
17633,3.133,1.002
17634,3.133,1.002
17635,3.118,1.002
17636,3.118,1.007
17637,2.952,1.007
17638,3.446,1.007
17639,3.553,1.007
17640,3.451,1.007
17641,3.314,1.007
17642,3.211,1.007
17643,3.177,1.012
17644,3.167,1.012
17645,3.152,1.012
17646,3.187,1.012
17647,3.206,1.012
17648,3.201,1.012
17649,3.187,1.012
17650,3.172,1.017
17651,3.162,1.017
17652,3.148,1.017
17653,3.143,1.017
17654,3.138,1.017
17655,3.133,1.017
17656,3.152,1.017
17657,3.231,1.022
17658,3.299,1.022
17659,3.343,1.022
17660,3.333,1.022
17661,3.314,1.022
17662,3.270,1.022
17663,3.240,1.026
17664,3.050,1.022
17665,3.500,1.026
17666,3.514,1.026
17667,3.382,1.026
17668,3.231,1.026
17669,3.152,1.026
17670,3.133,1.026
17671,3.157,1.026
17672,3.167,1.031
17673,3.177,1.031
17674,3.162,1.031
17675,3.206,1.031
17676,3.236,1.031
17677,3.328,1.031
17678,2.727,1.031
17679,3.543,1.031
17680,3.939,1.031
17681,3.768,1.031
17682,3.446,1.036
17683,3.231,1.036
17684,3.187,1.036
17685,3.060,1.036
17686,3.089,1.036
17687,3.734,1.036
17688,3.710,1.036
17689,3.470,1.036
17690,3.245,1.036
17691,3.192,1.036
17692,3.152,1.041
17693,3.167,1.041
17694,3.187,1.041
17695,3.280,1.041
17696,3.358,1.041
17697,3.436,1.041
17698,3.456,1.041
17699,3.441,1.041
17700,3.392,1.041
17701,3.363,1.041
17702,3.333,1.041
17703,3.348,1.041
17704,3.358,1.041
17705,3.314,1.046
17706,3.328,1.046
17707,3.343,1.046
17708,3.319,1.046
17709,3.289,1.046
17710,3.265,1.046
17711,3.255,1.046
17712,3.236,1.046
17713,3.236,1.046
17714,3.250,1.046
17715,3.343,1.046
17716,3.456,1.046
17717,3.138,1.041
17718,4.428,1.046
17719,4.428,1.046
17720,3.974,1.046
17721,3.441,1.046
17722,3.211,1.046
17723,3.196,1.051
17724,3.255,1.051
17725,3.314,1.051
17726,3.338,1.051
17727,3.319,1.051
17728,3.299,1.051
17729,3.265,1.051
17730,3.245,1.051
17731,3.226,1.051
17732,3.226,1.051
17733,3.299,1.051
17734,3.441,1.051
17735,3.500,1.056
17736,3.558,1.056
17737,3.524,1.056
17738,2.791,1.051
17739,3.568,1.051
17740,3.983,1.056
17741,3.842,1.056
17742,3.558,1.056
17743,3.338,1.056
17744,3.021,1.056
17745,3.490,1.056
17746,3.568,1.056
17747,3.284,1.056
17748,3.446,1.056
17749,3.407,1.056
17750,3.304,1.056
17751,3.284,1.061
17752,3.397,1.061
17753,3.524,1.061
17754,3.578,1.061
17755,3.563,1.061
17756,3.529,1.061
17757,3.470,1.061
17758,3.402,1.061
17759,3.372,1.061
17760,3.382,1.061
17761,3.382,1.061
17762,3.363,1.061
17763,3.338,1.065
17764,3.314,1.065
17765,3.280,1.065
17766,3.284,1.065
17767,3.260,1.065
17768,3.231,1.065
17769,3.221,1.065
17770,3.265,1.065
17771,3.143,1.065
17772,3.729,1.065
17773,3.851,1.065
17774,3.715,1.065
17775,3.534,1.065
17776,3.412,1.070
17777,3.353,1.065
17778,3.333,1.070
17779,3.348,1.070
17780,3.348,1.070
17781,3.348,1.070
17782,3.319,1.070
17783,3.304,1.070
17784,3.265,1.070
17785,3.260,1.070
17786,3.245,1.070
17787,3.226,1.070
17788,3.206,1.070
17789,3.201,1.070
17790,3.245,1.070
17791,3.358,1.070
17792,3.446,1.070
17793,3.480,1.070
17794,3.460,1.070
17795,3.416,1.070
17796,3.392,1.070
17797,3.358,1.070
17798,3.060,1.070
17799,2.893,1.070
17800,3.754,1.070
17801,4.071,1.070
17802,3.783,1.070
17803,3.387,1.070
17804,3.167,1.070
17805,3.099,1.070
17806,3.118,1.070
17807,3.172,1.070
17808,3.196,1.070
17809,3.265,1.070
17810,3.177,1.070
17811,3.275,1.070
17812,3.959,1.070
17813,3.925,1.070
17814,3.641,1.070
17815,3.368,1.070
17816,3.245,1.070
17817,3.226,1.070
17818,3.250,1.070
17819,3.275,1.070
17820,3.280,1.070
17821,3.265,1.070
17822,3.236,1.070
17823,3.226,1.070
17824,3.152,1.070
17825,2.942,1.065
17826,3.441,1.070
17827,3.500,1.070
17828,3.431,1.070
17829,3.387,1.070
17830,3.387,1.070
17831,3.382,1.070
17832,3.392,1.070
17833,3.392,1.070
17834,3.348,1.070
17835,3.304,1.070
17836,3.289,1.070
17837,3.289,1.070
17838,3.304,1.070
17839,3.294,1.070
17840,3.270,1.070
17841,3.240,1.070
17842,3.216,1.070
17843,3.201,1.070
17844,3.192,1.070
17845,3.182,1.070
17846,3.172,1.070
17847,3.177,1.070
17848,3.250,1.070
17849,3.363,1.075
17850,3.421,1.075
17851,3.426,1.075
17852,3.162,1.070
17853,3.627,1.075
17854,3.573,1.075
17855,3.451,1.075
17856,3.314,1.075
17857,3.245,1.075
17858,3.231,1.075
17859,3.231,1.075
17860,2.493,1.075
17861,3.343,1.075
17862,3.812,1.075
17863,3.671,1.075
17864,3.392,1.075
17865,3.148,1.075
17866,3.065,1.075
17867,3.123,1.080
17868,3.270,1.080
17869,3.382,1.080
17870,3.431,1.080
17871,3.402,1.080
17872,3.387,1.080
17873,3.138,1.080
17874,3.074,1.080
17875,3.749,1.080
17876,3.754,1.080
17877,3.509,1.080
17878,3.270,1.080
17879,2.893,1.080
17880,3.397,1.080
17881,3.470,1.080
17882,3.343,1.080
17883,3.211,1.080
17884,3.104,1.080
17885,3.113,1.080
17886,3.157,1.080
17887,3.260,1.080
17888,3.348,1.080
17889,3.387,1.080
17890,3.368,1.080
17891,3.343,1.080
17892,3.304,1.080
17893,3.270,1.080
17894,3.245,1.080
17895,3.240,1.080
17896,3.260,1.080
17897,3.245,1.080
17898,3.221,1.080
17899,3.211,1.080
17900,3.187,1.080
17901,3.167,1.080
17902,3.157,1.075
17903,3.152,1.075
17904,3.138,1.075
