timestamp,PPG_signal,GSR_signal
1,4.374,2.903
2,4.374,2.898
3,4.374,2.898
4,4.374,2.898
5,4.374,2.898
6,4.374,2.898
7,4.374,2.903
8,4.374,2.903
9,4.374,2.903
10,4.374,2.903
11,4.374,2.903
12,4.374,2.903
13,4.374,2.903
14,4.374,2.903
15,4.374,2.903
16,4.374,2.903
17,4.374,2.903
18,4.374,2.903
19,4.374,2.903
20,4.374,2.903
21,4.374,2.903
22,4.374,2.903
23,4.374,2.903
24,4.374,2.903
25,4.374,2.903
26,4.374,2.903
27,4.374,2.903
28,4.374,2.903
29,4.374,2.903
30,4.374,2.903
31,4.374,2.903
32,4.374,2.903
33,4.374,2.903
34,4.374,2.903
35,4.374,2.903
36,4.374,2.903
37,4.374,2.903
38,4.374,2.903
39,4.374,2.903
40,4.374,2.903
41,4.374,2.903
42,4.374,2.903
43,4.374,2.903
44,4.374,2.903
45,4.374,2.903
46,4.374,2.903
47,4.374,2.903
48,4.374,2.903
49,4.374,2.903
50,4.374,2.903
51,4.374,2.903
52,4.374,2.903
53,4.374,2.903
54,4.374,2.903
55,4.374,2.903
56,4.374,2.903
57,4.374,2.903
58,4.374,2.903
59,4.374,2.903
60,4.374,2.908
61,4.374,2.903
62,4.374,2.908
63,4.374,2.908
64,4.374,2.908
65,4.374,2.908
66,4.374,2.908
67,4.374,2.908
68,4.374,2.908
69,4.374,2.908
70,4.374,2.908
71,4.370,2.908
72,4.370,2.908
73,4.374,2.908
74,4.370,2.908
75,4.374,2.908
76,4.374,2.908
77,4.370,2.908
78,4.370,2.908
79,4.370,2.913
80,4.370,2.908
81,4.374,2.913
82,4.370,2.908
83,4.370,2.913
84,4.370,2.913
85,4.374,2.913
86,4.374,2.913
87,4.370,2.913
88,4.374,2.913
89,4.374,2.913
90,4.374,2.913
91,4.370,2.913
92,3.705,2.913
93,2.766,2.913
94,2.278,2.913
95,2.214,2.913
96,2.312,2.913
97,2.429,2.913
98,2.512,2.913
99,2.542,2.913
100,2.522,2.913
101,2.493,2.913
102,2.458,2.913
103,2.429,2.913
104,2.424,2.913
105,2.419,2.913
106,2.414,2.918
107,2.410,2.913
108,2.414,2.918
109,2.488,2.918
110,2.595,2.918
111,2.674,2.918
112,2.703,2.918
113,2.674,2.918
114,2.630,2.918
115,2.576,2.918
116,2.532,2.918
117,2.498,2.918
118,2.488,2.918
119,2.493,2.918
120,2.512,2.918
121,2.512,2.918
122,2.498,2.918
123,2.488,2.918
124,2.463,2.918
125,2.449,2.918
126,2.439,2.923
127,2.424,2.923
128,2.424,2.923
129,2.419,2.923
130,2.414,2.923
131,2.405,2.923
132,2.410,2.923
133,2.473,2.923
134,2.576,2.923
135,2.659,2.923
136,2.683,2.923
137,2.659,2.923
138,2.610,2.923
139,2.566,2.923
140,2.522,2.923
141,2.488,2.923
142,2.488,2.923
143,2.498,2.923
144,2.507,2.923
145,2.502,2.923
146,2.488,2.928
147,2.463,2.923
148,2.449,2.928
149,2.429,2.928
150,2.419,2.928
151,2.410,2.928
152,2.410,2.928
153,2.410,2.928
154,2.405,2.928
155,2.400,2.928
156,2.390,2.928
157,2.390,2.928
158,2.405,2.928
159,2.478,2.928
160,2.610,2.928
161,2.722,2.928
162,2.771,2.928
163,2.747,2.928
164,2.688,2.928
165,2.630,2.928
166,2.581,2.928
167,2.551,2.928
168,2.537,2.928
169,2.546,2.928
170,2.551,2.933
171,2.551,2.933
172,2.542,2.933
173,2.522,2.933
174,2.502,2.933
175,2.483,2.933
176,2.463,2.933
177,2.458,2.933
178,2.449,2.933
179,2.439,2.933
180,2.424,2.933
181,2.419,2.933
182,2.410,2.933
183,2.400,2.933
184,2.405,2.933
185,2.468,2.933
186,2.605,2.933
187,2.742,2.933
188,2.820,2.933
189,2.815,2.933
190,2.757,2.933
191,2.683,2.933
192,2.620,2.933
193,2.581,2.933
194,2.551,2.933
195,2.546,2.933
196,2.556,2.933
197,2.561,2.933
198,2.556,2.933
199,2.542,2.933
200,2.517,2.933
201,2.493,2.933
202,2.468,2.933
203,2.454,2.937
204,2.439,2.933
205,2.429,2.937
206,2.424,2.937
207,2.414,2.937
208,2.410,2.937
209,2.405,2.937
210,2.400,2.937
211,2.400,2.937
212,2.410,2.937
213,2.478,2.937
214,2.644,2.937
215,2.791,2.937
216,2.854,2.937
217,2.830,2.937
218,2.742,2.937
219,2.659,2.937
220,2.595,2.937
221,2.551,2.937
222,2.542,2.937
223,2.556,2.937
224,2.576,2.937
225,2.581,2.942
226,2.566,2.942
227,2.537,2.942
228,2.512,2.942
229,2.493,2.942
230,2.483,2.942
231,2.473,2.942
232,2.458,2.942
233,2.439,2.942
234,2.429,2.942
235,2.424,2.942
236,2.419,2.942
237,2.463,2.942
238,2.590,2.942
239,2.757,2.942
240,2.879,2.942
241,2.889,2.942
242,2.820,2.947
243,2.732,2.947
244,2.649,2.947
245,2.581,2.947
246,2.556,2.947
247,2.566,2.947
248,2.590,2.947
249,2.600,2.947
250,2.586,2.947
251,2.566,2.947
252,2.532,2.947
253,2.507,2.947
254,2.488,2.947
255,2.473,2.947
256,2.463,2.947
257,2.454,2.947
258,2.434,2.947
259,2.424,2.947
260,2.414,2.952
261,2.405,2.952
262,2.410,2.952
263,2.493,2.952
264,2.659,2.952
265,2.845,2.952
266,2.942,2.952
267,2.937,2.952
268,2.869,2.952
269,2.781,2.952
270,2.703,2.952
271,2.649,2.952
272,2.630,2.952
273,2.625,2.952
274,2.644,2.952
275,2.659,2.952
276,2.649,2.952
277,2.615,2.952
278,2.586,2.952
279,2.551,2.957
280,2.532,2.952
281,2.507,2.957
282,2.493,2.957
283,2.483,2.957
284,2.478,2.957
285,2.468,2.957
286,2.454,2.957
287,2.439,2.957
288,2.468,2.957
289,2.605,2.957
290,2.796,2.957
291,2.952,2.957
292,3.001,2.957
293,2.962,2.957
294,2.879,2.957
295,2.791,2.957
296,2.717,2.957
297,2.659,2.957
298,2.644,2.962
299,2.654,2.962
300,2.669,2.962
301,2.669,2.962
302,2.644,2.962
303,2.615,2.962
304,2.586,2.962
305,2.546,2.962
306,2.527,2.962
307,2.507,2.962
308,2.488,2.962
309,2.473,2.962
310,2.454,2.962
311,2.434,2.962
312,2.434,2.962
313,2.512,2.962
314,2.674,2.962
315,2.849,2.962
316,2.937,2.962
317,2.923,2.962
318,2.835,2.962
319,2.742,2.962
320,2.664,2.962
321,2.610,2.962
322,2.590,2.962
323,2.600,2.962
324,2.625,2.962
325,2.630,2.967
326,2.620,2.962
327,2.581,2.962
328,2.542,2.962
329,2.502,2.962
330,2.483,2.962
331,2.473,2.967
332,2.463,2.962
333,2.454,2.967
334,2.444,2.967
335,2.439,2.967
336,2.488,2.967
337,2.639,2.967
338,2.825,2.967
339,2.952,2.967
340,2.972,2.967
341,2.913,2.967
342,2.825,2.967
343,2.737,2.967
344,2.664,2.967
345,2.620,2.967
346,2.610,2.967
347,2.620,2.967
348,2.630,2.967
349,2.625,2.967
350,2.595,2.967
351,2.561,2.967
352,2.527,2.972
353,2.493,2.972
354,2.478,2.972
355,2.468,2.972
356,2.454,2.972
357,2.444,2.972
358,2.424,2.972
359,2.410,2.972
360,2.414,2.972
361,2.512,2.972
362,2.703,2.972
363,2.889,2.972
364,2.977,2.972
365,2.942,2.972
366,2.854,2.972
367,2.766,2.972
368,2.688,2.972
369,2.634,2.972
370,2.610,2.972
371,2.610,2.972
372,2.610,2.972
373,2.605,2.972
374,2.590,2.972
375,2.561,2.972
376,2.527,2.972
377,2.493,2.972
378,2.473,2.972
379,2.458,2.972
380,2.449,2.972
381,2.434,2.972
382,2.419,2.972
383,2.410,2.972
384,2.400,2.977
385,2.390,2.972
386,2.405,2.977
387,2.507,2.972
388,2.688,2.977
389,2.859,2.977
390,2.933,2.977
391,2.898,2.977
392,2.810,2.977
393,2.713,2.977
394,2.630,2.977
395,2.576,2.977
396,2.561,2.977
397,2.566,2.977
398,2.581,2.977
399,2.586,2.977
400,2.566,2.977
401,2.537,2.977
402,2.483,2.977
403,2.454,2.977
404,2.439,2.977
405,2.434,2.977
406,2.414,2.977
407,2.400,2.977
408,2.380,2.977
409,2.370,2.977
410,2.366,2.977
411,2.356,2.977
412,2.385,2.977
413,2.507,2.977
414,2.698,2.977
415,2.835,2.977
416,2.864,2.977
417,2.801,2.977
418,2.708,2.977
419,2.634,2.977
420,2.576,2.977
421,2.537,2.977
422,2.527,2.977
423,2.537,2.977
424,2.542,2.977
425,2.532,2.977
426,2.517,2.977
427,2.493,2.977
428,2.468,2.977
429,2.439,2.977
430,2.419,2.977
431,2.405,2.977
432,2.395,2.977
433,2.385,2.977
434,2.375,2.977
435,2.375,2.977
436,2.434,2.977
437,2.586,2.977
438,2.742,2.977
439,2.835,2.977
440,2.830,2.977
441,2.761,2.977
442,2.678,2.977
443,2.605,2.977
444,2.542,2.981
445,2.502,2.977
446,2.483,2.981
447,2.483,2.981
448,2.493,2.981
449,2.493,2.981
450,2.473,2.981
451,2.454,2.981
452,2.424,2.981
453,2.395,2.981
454,2.380,2.981
455,2.370,2.981
456,2.356,2.981
457,2.346,2.981
458,2.326,2.981
459,2.317,2.981
460,2.351,2.981
461,2.468,2.986
462,2.639,2.981
463,2.757,2.986
464,2.786,2.986
465,2.747,2.986
466,2.669,2.986
467,2.595,2.986
468,2.532,2.986
469,2.493,2.986
470,2.488,2.986
471,2.502,2.986
472,2.512,2.986
473,2.507,2.986
474,2.483,2.991
475,2.458,2.991
476,2.424,2.991
477,2.400,2.991
478,2.390,2.991
479,2.380,2.991
480,2.380,2.991
481,2.366,2.991
482,2.366,2.991
483,2.429,2.991
484,2.551,2.991
485,2.688,2.991
486,2.757,2.991
487,2.757,2.991
488,2.698,2.991
489,2.615,2.991
490,2.546,2.991
491,2.493,2.991
492,2.473,2.991
493,2.478,2.991
494,2.488,2.991
495,2.488,2.991
496,2.473,2.991
497,2.449,2.991
498,2.424,2.996
499,2.405,2.991
500,2.390,2.996
501,2.380,2.996
502,2.361,2.996
503,2.356,2.996
504,2.356,2.996
505,2.434,2.996
506,2.566,2.996
507,2.683,2.996
508,2.737,2.996
509,2.722,2.996
510,2.664,2.996
511,2.600,2.996
512,2.546,2.996
513,2.498,2.996
514,2.488,2.996
515,2.488,2.996
516,2.488,2.996
517,2.488,2.996
518,2.468,2.996
519,2.444,2.996
520,2.419,2.996
521,2.400,2.996
522,2.385,2.996
523,2.380,2.996
524,2.375,2.996
525,2.366,2.996
526,2.366,2.996
527,2.356,2.996
528,2.395,2.996
529,2.532,2.991
530,2.669,2.991
531,2.747,2.991
532,2.757,2.991
533,2.703,2.991
534,2.639,2.991
535,2.581,2.991
536,2.537,2.991
537,2.502,2.991
538,2.488,2.991
539,2.488,2.991
540,2.493,2.986
541,2.493,2.991
542,2.478,2.986
543,2.454,2.986
544,2.434,2.986
545,2.414,2.986
546,2.400,2.986
547,2.390,2.986
548,2.380,2.986
549,2.370,2.986
550,2.366,2.986
551,2.361,2.986
552,2.395,2.986
553,2.498,2.981
554,2.620,2.986
555,2.688,2.981
556,2.698,2.981
557,2.669,2.981
558,2.620,2.981
559,2.561,2.981
560,2.517,2.986
561,2.488,2.986
562,2.478,2.991
563,2.493,2.991
564,2.498,2.996
565,2.493,3.001
566,2.473,3.001
567,2.454,3.006
568,2.434,3.006
569,2.424,3.011
570,2.414,3.011
571,2.414,3.011
572,2.410,3.011
573,2.395,3.011
574,2.405,3.016
575,2.473,3.016
576,2.605,3.016
577,2.698,3.016
578,2.717,3.016
579,2.693,3.016
580,2.639,3.016
581,2.590,3.016
582,2.546,3.016
583,2.512,3.016
584,2.502,3.016
585,2.502,3.011
586,2.502,3.011
587,2.493,3.006
588,2.478,3.006
589,2.454,3.006
590,2.439,3.006
591,2.419,3.006
592,2.410,3.006
593,2.405,3.006
594,2.395,3.006
595,2.385,3.006
596,2.380,3.006
597,2.370,3.006
598,2.395,3.011
599,2.493,3.016
600,2.630,3.016
601,2.717,3.021
602,2.747,3.025
603,2.713,3.030
604,2.659,3.035
605,2.605,3.040
606,2.561,3.045
607,2.537,3.045
608,2.522,3.050
609,2.522,3.050
610,2.517,3.050
611,2.507,3.050
612,2.483,3.050
613,2.468,3.055
614,2.449,3.050
615,2.434,3.055
616,2.419,3.050
617,2.405,3.055
618,2.395,3.050
619,2.385,3.055
620,2.375,3.055
621,2.375,3.055
622,2.380,3.055
623,2.424,3.055
624,2.532,3.055
625,2.644,3.055
626,2.713,3.055
627,2.713,3.055
628,2.669,3.055
629,2.610,3.055
630,2.556,3.055
631,2.517,3.055
632,2.493,3.055
633,2.488,3.055
634,2.493,3.050
635,2.507,3.050
636,2.493,3.050
637,2.483,3.045
638,2.463,3.050
639,2.434,3.045
640,2.419,3.050
641,2.410,3.045
642,2.405,3.050
643,2.400,3.050
644,2.390,3.050
645,2.385,3.050
646,2.390,3.050
647,2.444,3.050
648,2.556,3.050
649,2.659,3.050
650,2.703,3.050
651,2.693,3.055
652,2.639,3.055
653,2.595,3.055
654,2.546,3.055
655,2.507,3.055
656,2.502,3.055
657,2.502,3.055
658,2.502,3.055
659,2.498,3.055
660,2.488,3.055
661,2.468,3.055
662,2.449,3.055
663,2.429,3.055
664,2.424,3.055
665,2.414,3.055
666,2.410,3.055
667,2.405,3.055
668,2.395,3.055
669,2.414,3.055
670,2.498,3.055
671,2.625,3.055
672,2.727,3.055
673,2.761,3.055
674,2.727,3.055
675,2.669,3.050
676,2.615,3.055
677,2.566,3.050
678,2.537,3.055
679,2.522,3.050
680,2.527,3.055
681,2.527,3.050
682,2.527,3.055
683,2.517,3.050
684,2.483,3.055
685,2.458,3.055
686,2.444,3.055
687,2.434,3.055
688,2.424,3.055
689,2.414,3.055
690,2.410,3.055
691,2.395,3.055
692,2.385,3.055
693,2.385,3.055
694,2.434,3.055
695,2.561,3.055
696,2.722,3.055
697,2.801,3.055
698,2.801,3.055
699,2.742,3.055
700,2.669,3.055
701,2.615,3.055
702,2.571,3.055
703,2.546,3.055
704,2.537,3.055
705,2.546,3.055
706,2.546,3.055
707,2.532,3.055
708,2.512,3.055
709,2.483,3.055
710,2.458,3.055
711,2.439,3.055
712,2.429,3.055
713,2.414,3.060
714,2.405,3.060
715,2.395,3.060
716,2.385,3.060
717,2.370,3.060
718,2.361,3.060
719,2.356,3.060
720,2.356,3.060
721,2.380,3.060
722,2.483,3.060
723,2.644,3.060
724,2.781,3.060
725,2.835,3.060
726,2.796,3.060
727,2.722,3.060
728,2.654,3.060
729,2.590,3.060
730,2.546,3.060
731,2.527,3.060
732,2.532,3.060
733,2.542,3.060
734,2.542,3.060
735,2.527,3.060
736,2.498,3.065
737,2.473,3.065
738,2.439,3.065
739,2.419,3.065
740,2.410,3.065
741,2.395,3.065
742,2.380,3.065
743,2.370,3.065
744,2.366,3.065
745,2.356,3.065
746,2.351,3.065
747,2.341,3.065
748,2.356,3.065
749,2.434,3.065
750,2.600,3.065
751,2.761,3.065
752,2.845,3.065
753,2.825,3.065
754,2.747,3.065
755,2.654,3.065
756,2.581,3.065
757,2.517,3.065
758,2.493,3.069
759,2.488,3.065
760,2.507,3.065
761,2.517,3.065
762,2.512,3.069
763,2.493,3.069
764,2.468,3.069
765,2.449,3.069
766,2.419,3.069
767,2.405,3.069
768,2.400,3.069
769,2.390,3.069
770,2.380,3.069
771,2.375,3.069
772,2.370,3.069
773,2.361,3.069
774,2.356,3.069
775,2.405,3.069
776,2.542,3.069
777,2.713,3.069
778,2.830,3.069
779,2.854,3.069
780,2.791,3.069
781,2.674,3.069
782,2.600,3.069
783,2.542,3.069
784,2.512,3.069
785,2.512,3.069
786,2.527,3.069
787,2.537,3.069
788,2.522,3.069
789,2.502,3.069
790,2.473,3.069
791,2.449,3.069
792,2.429,3.069
793,2.414,3.069
794,2.395,3.069
795,2.400,3.069
796,2.400,3.069
797,2.385,3.069
798,2.375,3.069
799,2.375,3.069
800,2.429,3.069
801,2.586,3.069
802,2.761,3.069
803,2.874,3.069
804,2.884,3.074
805,2.805,3.069
806,2.708,3.069
807,2.615,3.069
808,2.551,3.074
809,2.512,3.069
810,2.512,3.074
811,2.532,3.069
812,2.546,3.074
813,2.542,3.069
814,2.522,3.069
815,2.493,3.074
816,2.463,3.074
817,2.434,3.074
818,2.419,3.074
819,2.410,3.074
820,2.400,3.074
821,2.390,3.069
822,2.380,3.074
823,2.370,3.069
824,2.361,3.069
825,2.405,3.069
826,2.551,3.069
827,2.747,3.065
828,2.893,3.060
829,2.928,3.060
830,2.864,3.055
831,2.761,3.050
832,2.664,3.050
833,2.590,3.045
834,2.542,3.045
835,2.537,3.045
836,2.551,3.045
837,2.566,3.040
838,2.566,3.040
839,2.546,3.040
840,2.517,3.040
841,2.488,3.040
842,2.458,3.035
843,2.439,3.035
844,2.424,3.035
845,2.410,3.035
846,2.410,3.035
847,2.395,3.035
848,2.380,3.035
849,2.390,3.035
850,2.493,3.035
851,2.674,3.035
852,2.840,3.035
853,2.918,3.035
854,2.889,3.035
855,2.801,3.035
856,2.698,3.035
857,2.615,3.035
858,2.556,3.035
859,2.532,3.035
860,2.537,3.035
861,2.556,3.035
862,2.566,3.035
863,2.546,3.035
864,2.449,3.035
865,2.429,3.035
866,2.414,3.035
867,2.405,3.040
868,2.390,3.035
869,2.380,3.040
870,2.370,3.040
871,2.351,3.040
872,2.361,3.040
873,2.454,3.040
874,2.639,3.040
875,2.815,3.040
876,2.898,3.040
877,2.859,3.040
878,2.771,3.040
879,2.674,3.040
880,2.586,3.040
881,2.532,3.040
882,2.512,3.040
883,2.527,3.040
884,2.542,3.040
885,2.546,3.040
886,2.532,3.040
887,2.498,3.040
888,2.468,3.040
889,2.434,3.040
890,2.419,3.040
891,2.410,3.040
892,2.405,3.040
893,2.395,3.040
894,2.390,3.040
895,2.395,3.045
896,2.468,3.040
897,2.630,3.045
898,2.796,3.040
899,2.879,3.045
900,2.869,3.045
901,2.786,3.045
902,2.683,3.045
903,2.590,3.045
904,2.532,3.045
905,2.507,3.045
906,2.512,3.045
907,2.542,3.045
908,2.537,3.045
909,2.517,3.045
910,2.493,3.045
911,2.468,3.045
912,2.444,3.045
913,2.424,3.045
914,2.410,3.045
915,2.390,3.045
916,2.380,3.045
917,2.370,3.045
918,2.385,3.045
919,2.478,3.045
920,2.654,3.045
921,2.825,3.045
922,2.898,3.045
923,2.874,3.045
924,2.786,3.045
925,2.688,3.045
926,2.605,3.045
927,2.546,3.045
928,2.522,3.045
929,2.527,3.050
930,2.546,3.045
931,2.551,3.050
932,2.546,3.045
933,2.517,3.045
934,2.478,3.045
935,2.449,3.050
936,2.434,3.045
937,2.414,3.045
938,2.414,3.045
939,2.405,3.045
940,2.390,3.050
941,2.405,3.045
942,2.507,3.045
943,2.688,3.045
944,2.830,3.050
945,2.884,3.045
946,2.845,3.050
947,2.757,3.045
948,2.678,3.050
949,2.610,3.050
950,2.566,3.050
951,2.551,3.050
952,2.556,3.050
953,2.556,3.045
954,2.546,3.050
955,2.532,3.050
956,2.502,3.050
957,2.468,3.050
958,2.439,3.050
959,2.419,3.050
960,2.405,3.050
961,2.400,3.050
962,2.395,3.050
963,2.385,3.050
964,2.370,3.050
965,2.361,3.050
966,2.405,3.050
967,2.566,3.050
968,2.761,3.050
969,2.879,3.050
970,2.889,3.050
971,2.820,3.050
972,2.722,3.050
973,2.639,3.050
974,2.581,3.050
975,2.542,3.050
976,2.532,3.050
977,2.532,3.050
978,2.551,3.050
979,2.542,3.055
980,2.512,3.050
981,2.478,3.055
982,2.449,3.050
983,2.429,3.055
984,2.414,3.055
985,2.400,3.055
986,2.390,3.055
987,2.375,3.055
988,2.361,3.055
989,2.346,3.055
990,2.326,3.055
991,2.341,3.055
992,2.419,3.055
993,2.581,3.055
994,2.747,3.055
995,2.830,3.055
996,2.815,3.055
997,2.742,3.055
998,2.659,3.055
999,2.590,3.055
1000,2.532,3.055
1001,2.507,3.055
1002,2.502,3.055
1003,2.507,3.055
1004,2.512,3.055
1005,2.493,3.055
1006,2.468,3.055
1007,2.439,3.055
1008,2.419,3.055
1009,2.405,3.055
1010,2.400,3.060
1011,2.390,3.055
1012,2.380,3.060
1013,2.361,3.060
1014,2.346,3.060
1015,2.331,3.060
1016,2.336,3.060
1017,2.424,3.060
1018,2.590,3.060
1019,2.732,3.060
1020,2.796,3.060
1021,2.776,3.060
1022,2.713,3.060
1023,2.639,3.060
1024,2.576,3.060
1025,2.522,3.060
1026,2.493,3.060
1027,2.498,3.060
1028,2.507,3.060
1029,2.502,3.060
1030,2.488,3.060
1031,2.463,3.060
1032,2.434,3.060
1033,2.410,3.060
1034,2.395,3.060
1035,2.380,3.060
1036,2.366,3.060
1037,2.346,3.060
1038,2.331,3.065
1039,2.322,3.060
1040,2.317,3.065
1041,2.312,3.060
1042,2.322,3.065
1043,2.410,3.065
1044,2.561,3.065
1045,2.713,3.065
1046,2.776,3.065
1047,2.747,3.065
1048,2.678,3.065
1049,2.600,3.065
1050,2.551,3.065
1051,2.517,3.065
1052,2.488,3.065
1053,2.483,3.065
1054,2.483,3.065
1055,2.478,3.065
1056,2.468,3.060
1057,2.439,3.065
1058,2.410,3.060
1059,2.390,3.065
1060,2.380,3.060
1061,2.361,3.065
1062,2.351,3.060
1063,2.336,3.065
1064,2.331,3.060
1065,2.317,3.065
1066,2.312,3.060
1067,2.307,3.065
1068,2.302,3.060
1069,2.322,3.065
1070,2.405,3.060
1071,2.546,3.065
1072,2.669,3.060
1073,2.713,3.065
1074,2.683,3.060
1075,2.625,3.065
1076,2.556,3.065
1077,2.512,3.065
1078,2.478,3.065
1079,2.463,3.065
1080,2.454,3.065
1081,2.458,3.065
1082,2.458,3.065
1083,2.444,3.065
1084,2.429,3.065
1085,2.405,3.065
1086,2.385,3.065
1087,2.375,3.065
1088,2.366,3.065
1089,2.356,3.065
1090,2.346,3.065
1091,2.341,3.065
1092,2.331,3.065
1093,2.326,3.065
1094,2.322,3.065
1095,2.346,3.065
1096,2.424,3.065
1097,2.556,3.065
1098,2.654,3.065
1099,2.688,3.065
1100,2.654,3.065
1101,2.590,3.065
1102,2.537,3.065
1103,2.493,3.065
1104,2.458,3.065
1105,2.449,3.065
1106,2.458,3.065
1107,2.468,3.065
1108,2.468,3.065
1109,2.454,3.065
1110,2.434,3.065
1111,2.414,3.065
1112,2.400,3.065
1113,2.385,3.065
1114,2.375,3.065
1115,2.375,3.065
1116,2.356,3.065
1117,2.356,3.065
1118,2.351,3.065
1119,2.341,3.065
1120,2.351,3.065
1121,2.419,3.065
1122,2.532,3.065
1123,2.644,3.065
1124,2.698,3.065
1125,2.688,3.065
1126,2.634,3.065
1127,2.586,3.065
1128,2.546,3.065
1129,2.507,3.065
1130,2.483,3.065
1131,2.483,3.065
1132,2.488,3.065
1133,2.488,3.065
1134,2.483,3.065
1135,2.468,3.065
1136,2.444,3.065
1137,2.429,3.065
1138,2.419,3.065
1139,2.400,3.069
1140,2.385,3.065
1141,2.380,3.069
1142,2.370,3.065
1143,2.370,3.069
1144,2.361,3.065
1145,2.351,3.069
1146,2.351,3.069
1147,2.400,3.069
1148,2.502,3.069
1149,2.630,3.069
1150,2.698,3.069
1151,2.703,3.069
1152,2.659,3.069
1153,2.610,3.069
1154,2.566,3.069
1155,2.527,3.069
1156,2.502,3.069
1157,2.493,3.069
1158,2.493,3.069
1159,2.493,3.069
1160,2.498,3.069
1161,2.488,3.069
1162,2.468,3.069
1163,2.454,3.069
1164,2.429,3.069
1165,2.414,3.069
1166,2.405,3.069
1167,2.395,3.069
1168,2.385,3.069
1169,2.380,3.069
1170,2.375,3.069
1171,2.380,3.074
1172,2.458,3.074
1173,2.581,3.074
1174,2.683,3.074
1175,2.722,3.079
1176,2.703,3.079
1177,2.644,3.079
1178,2.595,3.084
1179,2.561,3.084
1180,2.542,3.089
1181,2.542,3.089
1182,2.551,3.094
1183,2.561,3.094
1184,2.556,3.094
1185,2.542,3.094
1186,2.522,3.099
1187,2.493,3.099
1188,2.473,3.099
1189,2.454,3.104
1190,2.444,3.104
1191,2.429,3.104
1192,2.424,3.104
1193,2.419,3.104
1194,2.439,3.104
1195,2.527,3.104
1196,2.659,3.104
1197,2.781,3.104
1198,2.810,3.109
1199,2.781,3.104
1200,2.727,3.109
1201,2.683,3.109
1202,2.639,3.109
1203,2.610,3.109
1204,2.590,3.109
1205,2.590,3.109
1206,2.586,3.109
1207,2.576,3.109
1208,2.546,3.109
1209,2.522,3.109
1210,2.498,3.113
1211,2.473,3.109
1212,2.463,3.113
1213,2.454,3.113
1214,2.449,3.113
1215,2.439,3.113
1216,2.424,3.113
1217,2.414,3.113
1218,2.454,3.113
1219,2.561,3.113
1220,2.698,3.113
1221,2.801,3.113
1222,2.825,3.113
1223,2.781,3.113
1224,2.722,3.113
1225,2.659,3.113
1226,2.615,3.113
1227,2.581,3.113
1228,2.561,3.113
1229,2.566,3.113
1230,2.571,3.113
1231,2.566,3.113
1232,2.551,3.113
1233,2.527,3.113
1234,2.498,3.113
1235,2.483,3.113
1236,2.468,3.113
1237,2.458,3.113
1238,2.444,3.113
1239,2.429,3.113
1240,2.424,3.118
1241,2.414,3.113
1242,2.395,3.118
1243,2.405,3.113
1244,2.444,3.118
1245,2.576,3.113
1246,2.727,3.118
1247,2.830,3.118
1248,2.840,3.118
1249,2.801,3.118
1250,2.737,3.118
1251,2.688,3.118
1252,2.649,3.118
1253,2.620,3.118
1254,2.600,3.118
1255,2.600,3.118
1256,2.600,3.118
1257,2.586,3.118
1258,2.556,3.118
1259,2.522,3.118
1260,2.493,3.118
1261,2.463,3.118
1262,2.449,3.118
1263,2.444,3.118
1264,2.434,3.118
1265,2.424,3.118
1266,2.410,3.118
1267,2.405,3.118
1268,2.400,3.118
1269,2.395,3.118
1270,2.385,3.118
1271,2.390,3.118
1272,2.449,3.118
1273,2.590,3.118
1274,2.747,3.118
1275,2.845,3.118
1276,2.849,3.118
1277,2.805,3.118
1278,2.747,3.118
1279,2.683,3.118
1280,2.630,3.123
1281,2.600,3.118
1282,2.581,3.118
1283,2.581,3.118
1284,2.571,3.118
1285,2.561,3.123
1286,2.542,3.118
1287,2.512,3.118
1288,2.488,3.118
1289,2.463,3.123
1290,2.454,3.118
1291,2.439,3.123
1292,2.429,3.118
1293,2.419,3.123
1294,2.410,3.123
1295,2.405,3.123
1296,2.390,3.123
1297,2.375,3.123
1298,2.375,3.123
1299,2.424,3.123
1300,2.551,3.123
1301,2.713,3.123
1302,2.820,3.123
1303,2.835,3.123
1304,2.791,3.123
1305,2.713,3.123
1306,2.644,3.123
1307,2.595,3.123
1308,2.561,3.123
1309,2.556,3.123
1310,2.561,3.123
1311,2.566,3.123
1312,2.561,3.123
1313,2.537,3.123
1314,2.507,3.123
1315,2.483,3.123
1316,2.468,3.123
1317,2.454,3.128
1318,2.444,3.123
1319,2.419,3.128
1320,2.405,3.123
1321,2.395,3.128
1322,2.380,3.123
1323,2.370,3.128
1324,2.361,3.123
1325,2.361,3.128
1326,2.385,3.123
1327,2.493,3.128
1328,2.654,3.128
1329,2.781,3.128
1330,2.825,3.128
1331,2.786,3.128
1332,2.713,3.128
1333,2.639,3.128
1334,2.586,3.128
1335,2.551,3.128
1336,2.542,3.128
1337,2.551,3.128
1338,2.561,3.128
1339,2.551,3.128
1340,2.532,3.128
1341,2.498,3.128
1342,2.468,3.128
1343,2.444,3.128
1344,2.434,3.128
1345,2.424,3.128
1346,2.414,3.128
1347,2.405,3.128
1348,2.390,3.128
1349,2.385,3.128
1350,2.424,3.128
1351,2.551,3.128
1352,2.713,3.128
1353,2.825,3.128
1354,2.840,3.128
1355,2.786,3.128
1356,2.708,3.128
1357,2.639,3.128
1358,2.586,3.128
1359,2.556,3.128
1360,2.561,3.128
1361,2.576,3.128
1362,2.581,3.128
1363,2.566,3.128
1364,2.537,3.123
1365,2.498,3.128
1366,2.468,3.123
1367,2.424,3.123
1368,2.424,3.123
1369,2.414,3.123
1370,2.400,3.123
1371,2.385,3.123
1372,2.385,3.123
1373,2.370,3.118
1374,2.370,3.123
1375,2.419,3.118
1376,2.590,3.118
1377,2.796,3.118
1378,2.947,3.118
1379,2.981,3.118
1380,2.913,3.118
1381,2.805,3.118
1382,2.688,3.118
1383,2.605,3.118
1384,2.561,3.118
1385,2.551,3.118
1386,2.561,3.113
1387,2.576,3.118
1388,2.566,3.113
1389,2.542,3.118
1390,2.507,3.113
1391,2.488,3.118
1392,2.488,3.118
1393,2.473,3.118
1394,2.454,3.118
1395,2.405,3.118
1396,2.366,3.118
1397,2.366,3.118
1398,2.390,3.118
1399,2.483,3.118
1400,2.615,3.118
1401,2.703,3.118
1402,2.713,3.118
1403,2.644,3.118
1404,2.576,3.118
1405,2.517,3.118
1406,2.473,3.118
1407,2.439,3.118
1408,2.429,3.118
1409,2.439,3.118
1410,2.454,3.118
1411,2.458,3.118
1412,2.449,3.118
1413,2.429,3.118
1414,2.405,3.118
1415,2.385,3.118
1416,2.370,3.118
1417,2.361,3.118
1418,2.361,3.118
1419,2.356,3.118
1420,2.361,3.118
1421,2.429,3.118
1422,2.561,3.118
1423,2.683,3.118
1424,2.737,3.118
1425,2.708,3.118
1426,2.634,3.118
1427,2.561,3.118
1428,2.502,3.118
1429,2.463,3.118
1430,2.463,3.118
1431,2.478,3.123
1432,2.502,3.118
1433,2.537,3.123
1434,2.561,3.123
1435,2.561,3.123
1436,2.537,3.123
1437,2.483,3.123
1438,2.429,3.123
1439,2.395,3.123
1440,2.361,3.123
1441,2.346,3.123
1442,2.385,3.123
1443,2.517,3.123
1444,2.688,3.118
1445,2.796,3.123
1446,2.796,3.123
1447,2.722,3.123
1448,2.634,3.118
1449,2.571,3.123
1450,2.527,3.123
1451,2.498,3.123
1452,2.478,3.123
1453,2.473,3.123
1454,2.468,3.123
1455,2.463,3.118
1456,2.449,3.123
1457,2.424,3.118
1458,2.395,3.123
1459,2.375,3.118
1460,2.361,3.123
1461,2.341,3.118
1462,2.331,3.118
1463,2.361,3.118
1464,2.458,3.118
1465,2.600,3.118
1466,2.698,3.118
1467,2.722,3.118
1468,2.683,3.118
1469,2.620,3.118
1470,2.556,3.118
1471,2.517,3.118
1472,2.478,3.118
1473,2.458,3.118
1474,2.463,3.118
1475,2.468,3.118
1476,2.463,3.118
1477,2.449,3.118
1478,2.424,3.113
1479,2.410,3.113
1480,2.395,3.113
1481,2.375,3.113
1482,2.361,3.109
1483,2.380,3.109
1484,2.473,3.109
1485,2.620,3.104
1486,2.732,3.104
1487,2.766,3.104
1488,2.722,3.104
1489,2.654,3.104
1490,2.586,3.104
1491,2.532,3.104
1492,2.488,3.104
1493,2.483,3.104
1494,2.483,3.104
1495,2.478,3.099
1496,2.473,3.099
1497,2.454,3.099
1498,2.439,3.099
1499,2.414,3.099
1500,2.400,3.099
1501,2.385,3.099
1502,2.380,3.094
1503,2.366,3.094
1504,2.351,3.094
1505,2.390,3.094
1506,2.517,3.094
1507,2.678,3.094
1508,2.781,3.089
1509,2.786,3.094
1510,2.722,3.089
1511,2.649,3.089
1512,2.595,3.089
1513,2.551,3.089
1514,2.522,3.089
1515,2.507,3.089
1516,2.527,3.089
1517,2.537,3.089
1518,2.546,3.094
1519,2.522,3.094
1520,2.473,3.094
1521,2.439,3.094
1522,2.410,3.094
1523,2.395,3.094
1524,2.390,3.094
1525,2.390,3.089
1526,2.380,3.089
1527,2.370,3.089
1528,2.361,3.089
1529,2.351,3.089
1530,2.346,3.089
1531,2.405,3.084
1532,2.551,3.084
1533,2.703,3.084
1534,2.781,3.084
1535,2.771,3.084
1536,2.698,3.084
1537,2.625,3.084
1538,2.556,3.084
1539,2.522,3.084
1540,2.498,3.084
1541,2.488,3.084
1542,2.498,3.084
1543,2.498,3.084
1544,2.493,3.084
1545,2.473,3.084
1546,2.449,3.084
1547,2.429,3.084
1548,2.405,3.084
1549,2.390,3.084
1550,2.380,3.084
1551,2.370,3.079
1552,2.361,3.084
1553,2.356,3.079
1554,2.341,3.084
1555,2.341,3.079
1556,2.336,3.084
1557,2.331,3.079
1558,2.346,3.084
1559,2.429,3.079
1560,2.581,3.079
1561,2.717,3.079
1562,2.781,3.079
1563,2.752,3.079
1564,2.688,3.079
1565,2.615,3.079
1566,2.556,3.079
1567,2.512,3.079
1568,2.498,3.079
1569,2.493,3.084
1570,2.502,3.079
1571,2.502,3.079
1572,2.488,3.079
1573,2.468,3.079
1574,2.439,3.079
1575,2.419,3.079
1576,2.410,3.079
1577,2.400,3.079
1578,2.390,3.079
1579,2.375,3.079
1580,2.370,3.079
1581,2.366,3.079
1582,2.361,3.079
1583,2.366,3.079
1584,2.366,3.079
1585,2.370,3.079
1586,2.370,3.079
1587,2.405,3.079
1588,2.517,3.079
1589,2.678,3.079
1590,2.791,3.079
1591,2.815,3.079
1592,2.771,3.079
1593,2.693,3.079
1594,2.620,3.079
1595,2.561,3.079
1596,2.527,3.079
1597,2.507,3.079
1598,2.502,3.079
1599,2.498,3.079
1600,2.478,3.079
1601,2.454,3.079
1602,2.444,3.079
1603,2.424,3.079
1604,2.410,3.079
1605,2.400,3.079
1606,2.390,3.079
1607,2.380,3.079
1608,2.375,3.079
1609,2.366,3.079
1610,2.351,3.079
1611,2.341,3.079
1612,2.331,3.079
1613,2.322,3.079
1614,2.356,3.079
1615,2.449,3.089
1616,2.595,3.094
1617,2.717,3.109
1618,2.649,3.133
1619,2.581,3.138
1620,2.527,3.143
1621,2.498,3.143
1622,2.502,3.148
1623,2.507,3.148
1624,2.517,3.148
1625,2.512,3.152
1626,2.498,3.148
1627,2.478,3.152
1628,2.458,3.148
1629,2.439,3.152
1630,2.429,3.148
1631,2.419,3.152
1632,2.419,3.148
1633,2.419,3.152
1634,2.405,3.148
1635,2.395,3.152
1636,2.395,3.148
1637,2.424,3.152
1638,2.527,3.148
1639,2.659,3.148
1640,2.761,3.148
1641,2.786,3.148
1642,2.752,3.148
1643,2.693,3.148
1644,2.630,3.148
1645,2.576,3.148
1646,2.542,3.148
1647,2.542,3.148
1648,2.551,3.152
1649,2.571,3.148
1650,2.571,3.152
1651,2.561,3.148
1652,2.537,3.152
1653,2.522,3.148
1654,2.498,3.152
1655,2.478,3.152
1656,2.458,3.152
1657,2.449,3.152
1658,2.434,3.152
1659,2.424,3.152
1660,2.414,3.152
1661,2.458,3.152
1662,2.590,3.152
1663,2.742,3.152
1664,2.845,3.148
1665,2.864,3.152
1666,2.820,3.148
1667,2.761,3.148
1668,2.698,3.148
1669,2.644,3.148
1670,2.610,3.148
1671,2.595,3.148
1672,2.600,3.148
1673,2.610,3.148
1674,2.620,3.148
1675,2.600,3.148
1676,2.576,3.148
1677,2.546,3.148
1678,2.517,3.148
1679,2.498,3.148
1680,2.483,3.148
1681,2.478,3.148
1682,2.468,3.148
1683,2.454,3.148
1684,2.458,3.148
1685,2.532,3.148
1686,2.669,3.148
1687,2.801,3.148
1688,2.869,3.148
1689,2.854,3.148
1690,2.786,3.148
1691,2.717,3.148
1692,2.654,3.148
1693,2.605,3.148
1694,2.586,3.143
1695,2.586,3.148
1696,2.605,3.143
1697,2.605,3.148
1698,2.590,3.143
1699,2.571,3.148
1700,2.542,3.143
1701,2.502,3.148
1702,2.483,3.143
1703,2.468,3.148
1704,2.458,3.143
1705,2.444,3.148
1706,2.444,3.143
1707,2.434,3.148
1708,2.439,3.143
1709,2.527,3.143
1710,2.693,3.143
1711,2.830,3.143
1712,2.884,3.143
1713,2.845,3.143
1714,2.761,3.143
1715,2.693,3.143
1716,2.634,3.143
1717,2.586,3.143
1718,2.561,3.143
1719,2.561,3.143
1720,2.576,3.143
1721,2.581,3.143
1722,2.581,3.143
1723,2.551,3.143
1724,2.517,3.143
1725,2.483,3.143
1726,2.458,3.143
1727,2.449,3.143
1728,2.439,3.143
1729,2.429,3.143
1730,2.424,3.143
1731,2.410,3.143
1732,2.390,3.143
1733,2.424,3.143
1734,2.546,3.143
1735,2.713,3.143
1736,2.840,3.143
1737,2.874,3.143
1738,2.825,3.143
1739,2.752,3.143
1740,2.674,3.143
1741,2.615,3.143
1742,2.566,3.143
1743,2.551,3.143
1744,2.556,3.143
1745,2.581,3.143
1746,2.576,3.143
1747,2.556,3.143
1748,2.532,3.143
1749,2.502,3.143
1750,2.473,3.143
1751,2.458,3.143
1752,2.444,3.143
1753,2.429,3.143
1754,2.419,3.143
1755,2.414,3.143
1756,2.414,3.143
1757,2.488,3.143
1758,2.644,3.143
1759,2.801,3.143
1760,2.884,3.143
1761,2.864,3.143
1762,2.796,3.143
1763,2.713,3.143
1764,2.649,3.143
1765,2.590,3.143
1766,2.546,3.143
1767,2.551,3.143
1768,2.566,3.143
1769,2.571,3.143
1770,2.561,3.143
1771,2.527,3.143
1772,2.498,3.143
1773,2.468,3.143
1774,2.439,3.143
1775,2.429,3.143
1776,2.414,3.143
1777,2.410,3.143
1778,2.400,3.143
1779,2.385,3.143
1780,2.370,3.143
1781,2.375,3.143
1782,2.449,3.143
1783,2.615,3.143
1784,2.796,3.143
1785,2.889,3.143
1786,2.879,3.143
1787,2.791,3.143
1788,2.708,3.143
1789,2.644,3.143
1790,2.590,3.143
1791,2.556,3.143
1792,2.546,3.143
1793,2.551,3.143
1794,2.556,3.143
1795,2.542,3.143
1796,2.512,3.143
1797,2.483,3.143
1798,2.463,3.143
1799,2.444,3.143
1800,2.419,3.143
1801,2.414,3.143
1802,2.395,3.143
1803,2.385,3.143
1804,2.375,3.143
1805,2.366,3.143
1806,2.351,3.143
1807,2.351,3.138
1808,2.390,3.143
1809,2.537,3.138
1810,2.732,3.138
1811,2.874,3.133
1812,2.893,3.133
1813,2.830,3.128
1814,2.742,3.128
1815,2.669,3.128
1816,2.605,3.128
1817,2.561,3.123
1818,2.546,3.123
1819,2.546,3.123
1820,2.556,3.123
1821,2.546,3.123
1822,2.532,3.123
1823,2.493,3.123
1824,2.463,3.118
1825,2.439,3.123
1826,2.410,3.118
1827,2.395,3.118
1828,2.385,3.118
1829,2.375,3.118
1830,2.366,3.118
1831,2.356,3.118
1832,2.346,3.118
1833,2.336,3.118
1834,2.326,3.118
1835,2.336,3.118
1836,2.424,3.113
1837,2.615,3.113
1838,2.791,3.113
1839,2.884,3.113
1840,2.869,3.113
1841,2.781,3.109
1842,2.688,3.109
1843,2.615,3.109
1844,2.561,3.104
1845,2.527,3.104
1846,2.522,3.099
1847,2.527,3.099
1848,2.537,3.099
1849,2.527,3.094
1850,2.498,3.094
1851,2.463,3.094
1852,2.424,3.089
1853,2.405,3.089
1854,2.385,3.089
1855,2.375,3.089
1856,2.356,3.089
1857,2.336,3.089
1858,2.331,3.084
1859,2.322,3.084
1860,2.317,3.084
1861,2.307,3.084
1862,2.302,3.084
1863,2.302,3.084
1864,2.346,3.084
1865,2.463,3.084
1866,2.649,3.079
1867,2.796,3.084
1868,2.840,3.084
1869,2.796,3.084
1870,2.674,3.084
1871,2.595,3.079
1872,2.527,3.084
1873,2.483,3.084
1874,2.468,3.084
1875,2.478,3.084
1876,2.498,3.084
1877,2.512,3.084
1878,2.498,3.089
1879,2.468,3.094
1880,2.439,3.094
1881,2.419,3.094
1882,2.405,3.094
1883,2.390,3.094
1884,2.380,3.094
1885,2.370,3.094
1886,2.356,3.094
1887,2.341,3.094
1888,2.336,3.094
1889,2.331,3.094
1890,2.370,3.094
1891,2.493,3.094
1892,2.678,3.089
1893,2.815,3.089
1894,2.854,3.089
1895,2.791,3.089
1896,2.703,3.089
1897,2.610,3.089
1898,2.537,3.084
1899,2.488,3.089
1900,2.473,3.084
1901,2.488,3.084
1902,2.512,3.084
1903,2.502,3.084
1904,2.483,3.084
1905,2.454,3.084
1906,2.424,3.084
1907,2.405,3.084
1908,2.380,3.084
1909,2.370,3.084
1910,2.366,3.084
1911,2.375,3.084
1912,2.380,3.084
1913,2.390,3.084
1914,2.390,3.084
1915,2.375,3.084
1916,2.361,3.084
1917,2.375,3.084
1918,2.493,3.084
1919,2.683,3.084
1920,2.825,3.079
1921,2.864,3.084
1922,2.815,3.079
1923,2.717,3.084
1924,2.634,3.079
1925,2.561,3.079
1926,2.502,3.079
1927,2.473,3.079
1928,2.468,3.079
1929,2.478,3.079
1930,2.483,3.079
1931,2.478,3.079
1932,2.458,3.079
1933,2.434,3.079
1934,2.410,3.079
1935,2.385,3.079
1936,2.361,3.079
1937,2.351,3.079
1938,2.346,3.079
1939,2.336,3.079
1940,2.326,3.079
1941,2.326,3.079
1942,2.326,3.079
1943,2.322,3.079
1944,2.341,3.079
1945,2.439,3.079
1946,2.620,3.079
1947,2.781,3.079
1948,2.835,3.079
1949,2.786,3.079
1950,2.683,3.079
1951,2.586,3.079
1952,2.512,3.079
1953,2.468,3.079
1954,2.458,3.074
1955,2.463,3.074
1956,2.473,3.074
1957,2.473,3.079
1958,2.463,3.079
1959,2.444,3.079
1960,2.414,3.079
1961,2.385,3.084
1962,2.361,3.084
1963,2.356,3.089
1964,2.356,3.089
1965,2.346,3.099
1966,2.331,3.099
1967,2.322,3.109
1968,2.312,3.113
1969,2.312,3.118
1970,2.312,3.128
1971,2.351,3.128
1972,2.468,3.138
1973,2.634,3.138
1974,2.771,3.143
1975,2.805,3.143
1976,2.747,3.148
1977,2.649,3.148
1978,2.566,3.148
1979,2.502,3.148
1980,2.468,3.152
1981,2.454,3.148
1982,2.454,3.152
1983,2.473,3.152
1984,2.473,3.152
1985,2.458,3.152
1986,2.439,3.152
1987,2.414,3.152
1988,2.385,3.152
1989,2.375,3.152
1990,2.361,3.152
1991,2.366,3.152
1992,2.366,3.152
1993,2.351,3.152
1994,2.361,3.152
1995,2.463,3.152
1996,2.634,3.152
1997,2.757,3.152
1998,2.796,3.152
1999,2.742,3.152
2000,2.669,3.152
2001,2.590,3.152
2002,2.532,3.152
2003,2.498,3.152
2004,2.493,3.152
2005,2.502,3.152
2006,2.517,3.152
2007,2.517,3.152
2008,2.488,3.152
2009,2.454,3.152
2010,2.419,3.152
2011,2.395,3.152
2012,2.385,3.152
2013,2.385,3.152
2014,2.380,3.152
2015,2.375,3.152
2016,2.385,3.152
2017,2.478,3.152
2018,2.659,3.152
2019,2.810,3.152
2020,2.869,3.152
2021,2.825,3.152
2022,2.732,3.152
2023,2.644,3.152
2024,2.586,3.152
2025,2.537,3.152
2026,2.527,3.152
2027,2.537,3.152
2028,2.551,3.152
2029,2.542,3.152
2030,2.522,3.152
2031,2.493,3.152
2032,2.463,3.152
2033,2.439,3.152
2034,2.419,3.152
2035,2.405,3.152
2036,2.395,3.152
2037,2.380,3.152
2038,2.366,3.152
2039,2.410,3.152
2040,2.566,3.152
2041,2.766,3.152
2042,2.893,3.152
2043,2.898,3.152
2044,2.820,3.152
2045,2.727,3.152
2046,2.654,3.152
2047,2.595,3.152
2048,2.556,3.152
2049,2.542,3.152
2050,2.537,3.152
2051,2.542,3.152
2052,2.532,3.152
2053,2.502,3.152
2054,2.468,3.152
2055,2.449,3.152
2056,2.424,3.152
2057,2.410,3.152
2058,2.395,3.152
2059,2.380,3.152
2060,2.370,3.152
2061,2.361,3.152
2062,2.351,3.152
2063,2.375,3.152
2064,2.522,3.148
2065,2.722,3.152
2066,2.854,3.152
2067,2.874,3.152
2068,2.801,3.152
2069,2.703,3.152
2070,2.630,3.152
2071,2.571,3.152
2072,2.527,3.152
2073,2.507,3.152
2074,2.507,3.152
2075,2.517,3.152
2076,2.507,3.152
2077,2.488,3.152
2078,2.463,3.152
2079,2.429,3.152
2080,2.414,3.152
2081,2.390,3.152
2082,2.380,3.152
2083,2.370,3.152
2084,2.366,3.152
2085,2.346,3.152
2086,2.336,3.152
2087,2.326,3.152
2088,2.322,3.152
2089,2.317,3.152
2090,2.331,3.152
2091,2.429,3.157
2092,2.615,3.157
2093,2.786,3.157
2094,2.835,3.157
2095,2.776,3.157
2096,2.674,3.157
2097,2.586,3.157
2098,2.532,3.157
2099,2.493,3.157
2100,2.473,3.157
2101,2.478,3.157
2102,2.488,3.157
2103,2.483,3.157
2104,2.468,3.157
2105,2.449,3.157
2106,2.424,3.157
2107,2.400,3.157
2108,2.385,3.157
2109,2.366,3.157
2110,2.361,3.157
2111,2.351,3.157
2112,2.346,3.157
2113,2.336,3.157
2114,2.331,3.157
2115,2.322,3.157
2116,2.331,3.157
2117,2.419,3.157
2118,2.595,3.157
2119,2.742,3.157
2120,2.791,3.157
2121,2.732,3.157
2122,2.649,3.157
2123,2.571,3.157
2124,2.507,3.157
2125,2.463,3.157
2126,2.454,3.157
2127,2.463,3.157
2128,2.473,3.157
2129,2.473,3.157
2130,2.454,3.157
2131,2.434,3.157
2132,2.405,3.157
2133,2.375,3.157
2134,2.361,3.157
2135,2.356,3.157
2136,2.351,3.157
2137,2.341,3.162
2138,2.336,3.157
2139,2.326,3.162
2140,2.317,3.157
2141,2.307,3.162
2142,2.302,3.157
2143,2.307,3.162
2144,2.370,3.157
2145,2.546,3.157
2146,2.717,3.157
2147,2.796,3.162
2148,2.781,3.157
2149,2.703,3.157
2150,2.620,3.162
2151,2.561,3.157
2152,2.512,3.162
2153,2.478,3.162
2154,2.473,3.162
2155,2.478,3.162
2156,2.488,3.162
2157,2.483,3.162
2158,2.458,3.162
2159,2.424,3.162
2160,2.405,3.162
2161,2.390,3.162
2162,2.380,3.162
2163,2.366,3.162
2164,2.351,3.162
2165,2.346,3.162
2166,2.336,3.162
2167,2.326,3.162
2168,2.322,3.162
2169,2.312,3.162
2170,2.307,3.162
2171,2.317,3.162
2172,2.390,3.162
2173,2.561,3.162
2174,2.732,3.162
2175,2.820,3.162
2176,2.796,3.162
2177,2.713,3.162
2178,2.630,3.162
2179,2.571,3.162
2180,2.527,3.162
2181,2.507,3.162
2182,2.498,3.162
2183,2.502,3.162
2184,2.507,3.162
2185,2.498,3.162
2186,2.468,3.162
2187,2.449,3.162
2188,2.424,3.162
2189,2.400,3.162
2190,2.390,3.162
2191,2.370,3.162
2192,2.356,3.162
2193,2.356,3.162
2194,2.346,3.162
2195,2.336,3.162
2196,2.331,3.162
2197,2.331,3.162
2198,2.322,3.162
2199,2.322,3.162
2200,2.322,3.162
2201,2.322,3.162
2202,2.390,3.162
2203,2.561,3.162
2204,2.747,3.162
2205,2.859,3.162
2206,2.854,3.162
2207,2.786,3.162
2208,2.693,3.162
2209,2.625,3.162
2210,2.581,3.162
2211,2.546,3.162
2212,2.542,3.162
2213,2.542,3.162
2214,2.537,3.162
2215,2.527,3.162
2216,2.512,3.162
2217,2.488,3.162
2218,2.458,3.162
2219,2.434,3.162
2220,2.410,3.162
2221,2.390,3.162
2222,2.375,3.162
2223,2.375,3.162
2224,2.366,3.162
2225,2.351,3.162
2226,2.341,3.167
2227,2.341,3.162
2228,2.331,3.162
2229,2.331,3.162
2230,2.326,3.167
2231,2.326,3.162
2232,2.346,3.162
2233,2.473,3.162
2234,2.664,3.162
2235,2.830,3.162
2236,2.879,3.162
2237,2.835,3.162
2238,2.737,3.162
2239,2.654,3.167
2240,2.595,3.162
2241,2.551,3.167
2242,2.527,3.162
2243,2.522,3.167
2244,2.532,3.162
2245,2.532,3.167
2246,2.522,3.162
2247,2.444,3.167
2248,2.419,3.167
2249,2.405,3.167
2250,2.395,3.167
2251,2.380,3.167
2252,2.380,3.167
2253,2.375,3.167
2254,2.361,3.167
2255,2.356,3.167
2256,2.356,3.167
2257,2.351,3.167
2258,2.346,3.167
2259,2.341,3.167
2260,2.410,3.167
2261,2.571,3.167
2262,2.757,3.167
2263,2.864,3.167
2264,2.864,3.167
2265,2.791,3.167
2266,2.698,3.167
2267,2.625,3.167
2268,2.571,3.167
2269,2.542,3.167
2270,2.537,3.167
2271,2.542,3.167
2272,2.546,3.167
2273,2.546,3.167
2274,2.522,3.167
2275,2.498,3.167
2276,2.463,3.167
2277,2.449,3.167
2278,2.429,3.167
2279,2.419,3.167
2280,2.405,3.167
2281,2.390,3.167
2282,2.385,3.167
2283,2.375,3.167
2284,2.370,3.167
2285,2.356,3.167
2286,2.351,3.167
2287,2.346,3.167
2288,2.351,3.167
2289,2.395,3.167
2290,2.551,3.167
2291,2.727,3.167
2292,2.835,3.167
2293,2.840,3.167
2294,2.781,3.167
2295,2.698,3.167
2296,2.625,3.167
2297,2.581,3.167
2298,2.546,3.167
2299,2.546,3.167
2300,2.551,3.167
2301,2.561,3.167
2302,2.561,3.162
2303,2.546,3.162
2304,2.517,3.157
2305,2.493,3.152
2306,2.468,3.148
2307,2.454,3.143
2308,2.434,3.143
2309,2.429,3.138
2310,2.419,3.133
2311,2.410,3.133
2312,2.400,3.128
2313,2.395,3.128
2314,2.444,3.128
2315,2.581,3.123
2316,2.752,3.123
2317,2.869,3.118
2318,2.879,3.118
2319,2.825,3.118
2320,2.747,3.118
2321,2.674,3.113
2322,2.615,3.113
2323,2.581,3.113
2324,2.566,3.113
2325,2.576,3.113
2326,2.581,3.113
2327,2.576,3.113
2328,2.561,3.113
2329,2.532,3.113
2330,2.488,3.113
2331,2.473,3.113
2332,2.454,3.113
2333,2.444,3.113
2334,2.434,3.113
2335,2.419,3.113
2336,2.400,3.113
2337,2.390,3.113
2338,2.385,3.113
2339,2.375,3.113
2340,2.385,3.113
2341,2.478,3.113
2342,2.654,3.113
2343,2.830,3.109
2344,2.918,3.113
2345,2.898,3.109
2346,2.820,3.113
2347,2.737,3.109
2348,2.683,3.109
2349,2.639,3.109
2350,2.610,3.109
2351,2.595,3.109
2352,2.595,3.109
2353,2.590,3.109
2354,2.581,3.109
2355,2.551,3.109
2356,2.527,3.109
2357,2.498,3.109
2358,2.483,3.109
2359,2.463,3.109
2360,2.449,3.109
2361,2.439,3.109
2362,2.429,3.109
2363,2.419,3.109
2364,2.414,3.109
2365,2.405,3.109
2366,2.410,3.109
2367,2.473,3.109
2368,2.630,3.109
2369,2.810,3.109
2370,2.908,3.109
2371,2.903,3.109
2372,2.835,3.109
2373,2.737,3.109
2374,2.683,3.109
2375,2.634,3.109
2376,2.600,3.109
2377,2.590,3.109
2378,2.595,3.109
2379,2.595,3.109
2380,2.586,3.109
2381,2.561,3.109
2382,2.527,3.109
2383,2.493,3.109
2384,2.473,3.109
2385,2.454,3.109
2386,2.449,3.109
2387,2.434,3.109
2388,2.424,3.109
2389,2.419,3.109
2390,2.405,3.109
2391,2.390,3.109
2392,2.375,3.109
2393,2.366,3.109
2394,2.424,3.109
2395,2.586,3.109
2396,2.771,3.109
2397,2.879,3.109
2398,2.884,3.109
2399,2.810,3.109
2400,2.727,3.109
2401,2.659,3.109
2402,2.610,3.109
2403,2.576,3.109
2404,2.566,3.109
2405,2.566,3.109
2406,2.571,3.109
2407,2.561,3.104
2408,2.542,3.109
2409,2.517,3.109
2410,2.483,3.109
2411,2.458,3.109
2412,2.439,3.109
2413,2.424,3.109
2414,2.419,3.109
2415,2.414,3.104
2416,2.395,3.109
2417,2.390,3.104
2418,2.390,3.109
2419,2.434,3.109
2420,2.595,3.104
2421,2.752,3.109
2422,2.835,3.104
2423,2.830,3.109
2424,2.761,3.104
2425,2.678,3.109
2426,2.620,3.104
2427,2.566,3.109
2428,2.542,3.104
2429,2.532,3.109
2430,2.546,3.104
2431,2.546,3.109
2432,2.532,3.104
2433,2.502,3.109
2434,2.478,3.104
2435,2.454,3.109
2436,2.434,3.109
2437,2.414,3.109
2438,2.400,3.104
2439,2.385,3.109
2440,2.370,3.104
2441,2.366,3.109
2442,2.361,3.109
2443,2.356,3.109
2444,2.356,3.109
2445,2.410,3.109
2446,2.561,3.109
2447,2.727,3.109
2448,2.840,3.109
2449,2.830,3.104
2450,2.761,3.109
2451,2.688,3.104
2452,2.634,3.109
2453,2.590,3.109
2454,2.556,3.109
2455,2.537,3.109
2456,2.527,3.109
2457,2.527,3.109
2458,2.517,3.109
2459,2.498,3.109
2460,2.468,3.109
2461,2.449,3.109
2462,2.424,3.109
2463,2.410,3.109
2464,2.395,3.109
2465,2.380,3.109
2466,2.370,3.109
2467,2.366,3.109
2468,2.361,3.104
2469,2.346,3.109
2470,2.336,3.109
2471,2.385,3.109
2472,2.522,3.109
2473,2.678,3.109
2474,2.776,3.104
2475,2.776,3.109
2476,2.727,3.104
2477,2.654,3.109
2478,2.610,3.109
2479,2.561,3.109
2480,2.532,3.109
2481,2.522,3.104
2482,2.517,3.109
2483,2.512,3.104
2484,2.502,3.109
2485,2.483,3.109
2486,2.454,3.109
2487,2.434,3.109
2488,2.410,3.109
2489,2.400,3.109
2490,2.385,3.109
2491,2.385,3.109
2492,2.370,3.109
2493,2.361,3.104
2494,2.356,3.109
2495,2.346,3.104
2496,2.370,3.109
2497,2.468,3.104
2498,2.615,3.109
2499,2.722,3.109
2500,2.737,3.104
2501,2.688,3.109
2502,2.625,3.104
2503,2.571,3.109
2504,2.527,3.104
2505,2.493,3.109
2506,2.483,3.109
2507,2.493,3.109
2508,2.498,3.109
2509,2.488,3.109
2510,2.463,3.109
2511,2.449,3.109
2512,2.424,3.109
2513,2.405,3.109
2514,2.385,3.109
2515,2.380,3.109
2516,2.370,3.109
2517,2.366,3.109
2518,2.361,3.109
2519,2.351,3.109
2520,2.370,3.109
2521,2.458,3.109
2522,2.590,3.109
2523,2.698,3.109
2524,2.742,3.109
2525,2.717,3.109
2526,2.659,3.109
2527,2.605,3.109
2528,2.566,3.109
2529,2.532,3.109
2530,2.507,3.109
2531,2.498,3.109
2532,2.502,3.109
2533,2.498,3.109
2534,2.488,3.109
2535,2.473,3.109
2536,2.458,3.109
2537,2.439,3.109
2538,2.429,3.109
2539,2.424,3.109
2540,2.405,3.109
2541,2.380,3.109
2542,2.366,3.109
2543,2.356,3.109
2544,2.346,3.109
2545,2.336,3.109
2546,2.336,3.109
2547,2.370,3.109
2548,2.483,3.109
2549,2.620,3.109
2550,2.708,3.109
2551,2.722,3.109
2552,2.683,3.109
2553,2.625,3.109
2554,2.571,3.109
2555,2.542,3.109
2556,2.512,3.109
2557,2.498,3.109
2558,2.493,3.109
2559,2.488,3.109
2560,2.478,3.109
2561,2.468,3.109
2562,2.439,3.109
2563,2.424,3.109
2564,2.410,3.109
2565,2.395,3.109
2566,2.385,3.109
2567,2.370,3.109
2568,2.370,3.109
2569,2.361,3.109
2570,2.361,3.109
2571,2.346,3.113
2572,2.341,3.109
2573,2.361,3.113
2574,2.439,3.113
2575,2.551,3.113
2576,2.639,3.113
2577,2.669,3.113
2578,2.639,3.113
2579,2.581,3.113
2580,2.546,3.113
2581,2.507,3.113
2582,2.473,3.113
2583,2.458,3.113
2584,2.458,3.113
2585,2.458,3.113
2586,2.454,3.113
2587,2.444,3.113
2588,2.424,3.113
2589,2.405,3.113
2590,2.385,3.113
2591,2.366,3.113
2592,2.356,3.113
2593,2.356,3.113
2594,2.356,3.113
2595,2.351,3.113
2596,2.361,3.113
2597,2.429,3.113
2598,2.527,3.113
2599,2.600,3.113
2600,2.630,3.113
2601,2.605,3.113
2602,2.556,3.113
2603,2.502,3.113
2604,2.458,3.113
2605,2.424,3.113
2606,2.424,3.113
2607,2.429,3.113
2608,2.439,3.113
2609,2.434,3.113
2610,2.424,3.113
2611,2.410,3.113
2612,2.390,3.113
2613,2.375,3.113
2614,2.375,3.113
2615,2.370,3.113
2616,2.370,3.113
2617,2.370,3.113
2618,2.410,3.113
2619,2.512,3.118
2620,2.590,3.123
2621,2.639,3.128
2622,2.634,3.138
2623,2.590,3.143
2624,2.532,3.148
2625,2.502,3.157
2626,2.483,3.162
2627,2.483,3.167
2628,2.488,3.172
2629,2.502,3.177
2630,2.498,3.182
2631,2.488,3.187
2632,2.473,3.187
2633,2.454,3.192
2634,2.439,3.196
2635,2.434,3.201
2636,2.429,3.201
2637,2.444,3.206
2638,2.517,3.201
2639,2.620,3.206
2640,2.708,3.201
2641,2.737,3.206
2642,2.717,3.201
2643,2.678,3.206
2644,2.630,3.201
2645,2.590,3.206
2646,2.556,3.201
2647,2.537,3.201
2648,2.527,3.201
2649,2.527,3.201
2650,2.517,3.201
2651,2.507,3.201
2652,2.488,3.201
2653,2.478,3.201
2654,2.463,3.206
2655,2.454,3.201
2656,2.439,3.206
2657,2.429,3.201
2658,2.463,3.206
2659,2.571,3.201
2660,2.708,3.206
2661,2.805,3.206
2662,2.830,3.206
2663,2.801,3.201
2664,2.742,3.206
2665,2.688,3.201
2666,2.644,3.206
2667,2.590,3.201
2668,2.556,3.201
2669,2.542,3.201
2670,2.542,3.201
2671,2.542,3.201
2672,2.532,3.201
2673,2.507,3.206
2674,2.478,3.201
2675,2.463,3.206
2676,2.449,3.201
2677,2.439,3.201
2678,2.429,3.201
2679,2.439,3.201
2680,2.522,3.201
2681,2.664,3.201
2682,2.791,3.201
2683,2.845,3.201
2684,2.825,3.201
2685,2.761,3.201
2686,2.708,3.201
2687,2.659,3.201
2688,2.600,3.201
2689,2.561,3.201
2690,2.546,3.201
2691,2.537,3.201
2692,2.537,3.201
2693,2.517,3.201
2694,2.502,3.201
2695,2.488,3.201
2696,2.468,3.206
2697,2.458,3.201
2698,2.458,3.206
2699,2.444,3.201
2700,2.424,3.206
2701,2.419,3.201
2702,2.414,3.206
2703,2.405,3.201
2704,2.419,3.201
2705,2.512,3.201
2706,2.664,3.201
2707,2.796,3.201
2708,2.845,3.201
2709,2.815,3.201
2710,2.752,3.201
2711,2.688,3.201
2712,2.644,3.201
2713,2.600,3.201
2714,2.566,3.201
2715,2.551,3.201
2716,2.546,3.201
2717,2.551,3.201
2718,2.542,3.201
2719,2.527,3.201
2720,2.507,3.196
2721,2.483,3.201
2722,2.468,3.201
2723,2.454,3.201
2724,2.439,3.201
2725,2.429,3.201
2726,2.410,3.196
2727,2.400,3.201
2728,2.390,3.201
2729,2.385,3.196
2730,2.385,3.201
2731,2.449,3.196
2732,2.586,3.201
2733,2.752,3.196
2734,2.820,3.196
2735,2.810,3.196
2736,2.747,3.196
2737,2.683,3.196
2738,2.634,3.196
2739,2.586,3.196
2740,2.551,3.196
2741,2.542,3.196
2742,2.551,3.196
2743,2.551,3.196
2744,2.542,3.196
2745,2.512,3.196
2746,2.488,3.192
2747,2.458,3.196
2748,2.439,3.192
2749,2.424,3.196
2750,2.380,3.192
2751,2.366,3.192
2752,2.366,3.192
2753,2.356,3.192
2754,2.351,3.192
2755,2.351,3.192
2756,2.419,3.192
2757,2.561,3.192
2758,2.698,3.192
2759,2.771,3.187
2760,2.776,3.192
2761,2.698,3.192
2762,2.625,3.192
2763,2.561,3.192
2764,2.507,3.192
2765,2.473,3.187
2766,2.463,3.192
2767,2.468,3.192
2768,2.473,3.192
2769,2.468,3.187
2770,2.454,3.192
2771,2.424,3.187
2772,2.410,3.192
2773,2.400,3.192
2774,2.390,3.192
2775,2.380,3.192
2776,2.370,3.192
2777,2.370,3.192
2778,2.361,3.192
2779,2.356,3.192
2780,2.351,3.192
2781,2.361,3.192
2782,2.429,3.192
2783,2.566,3.192
2784,2.708,3.192
2785,2.781,3.192
2786,2.771,3.192
2787,2.713,3.192
2788,2.649,3.192
2789,2.595,3.192
2790,2.537,3.192
2791,2.512,3.192
2792,2.512,3.192
2793,2.512,3.192
2794,2.522,3.192
2795,2.507,3.192
2796,2.498,3.192
2797,2.493,3.192
2798,2.498,3.192
2799,2.527,3.192
2800,2.576,3.192
2801,2.630,3.192
2802,2.654,3.192
2803,2.659,3.192
2804,2.678,3.192
2805,2.766,3.192
2806,2.845,3.192
2807,2.889,3.192
2808,2.869,3.192
2809,2.815,3.192
2810,2.717,3.192
2811,2.634,3.192
2812,2.556,3.192
2813,2.512,3.192
2814,2.522,3.192
2815,2.556,3.192
2816,2.571,3.192
2817,2.566,3.192
2818,2.561,3.192
2819,2.571,3.192
2820,2.571,3.192
2821,2.542,3.192
2822,2.473,3.192
2823,2.395,3.196
2824,2.336,3.192
2825,2.361,3.196
2826,2.449,3.196
2827,2.527,3.196
2828,2.595,3.192
2829,2.659,3.196
2830,2.722,3.192
2831,2.830,3.192
2832,2.972,3.196
2833,3.035,3.196
2834,2.977,3.196
2835,2.805,3.196
2836,2.600,3.192
2837,2.463,3.196
2838,2.498,3.192
2839,2.644,3.192
2840,2.747,3.192
2841,2.703,3.192
2842,2.566,3.192
2843,2.414,3.192
2844,2.356,3.192
2845,2.400,3.192
2846,2.502,3.192
2847,2.561,3.192
2848,2.502,3.192
2849,2.400,3.192
2850,2.346,3.192
2851,2.414,3.192
2852,2.576,3.192
2853,2.737,3.192
2854,2.791,3.192
2855,2.732,3.192
2856,2.595,3.192
2857,2.444,3.192
2858,2.336,3.192
2859,2.292,3.192
2860,2.312,3.192
2861,2.361,3.192
2862,2.410,3.192
2863,2.429,3.192
2864,2.424,3.192
2865,2.400,3.192
2866,2.375,3.192
2867,2.346,3.192
2868,2.331,3.192
2869,2.307,3.192
2870,2.312,3.192
2871,2.385,3.192
2872,2.507,3.192
2873,2.620,3.192
2874,2.669,3.192
2875,2.664,3.192
2876,2.615,3.192
2877,2.576,3.192
2878,2.512,3.192
2879,2.454,3.192
2880,2.419,3.192
2881,2.400,3.187
2882,2.395,3.187
2883,2.400,3.187
2884,2.395,3.187
2885,2.385,3.187
2886,2.366,3.187
2887,2.346,3.187
2888,2.341,3.187
2889,2.331,3.187
2890,2.356,3.187
2891,2.458,3.187
2892,2.634,3.182
2893,2.786,3.182
2894,2.849,3.182
2895,2.825,3.182
2896,2.727,3.182
2897,2.625,3.182
2898,2.546,3.182
2899,2.483,3.182
2900,2.439,3.177
2901,2.424,3.177
2902,2.419,3.177
2903,2.419,3.177
2904,2.419,3.177
2905,2.410,3.172
2906,2.395,3.172
2907,2.370,3.172
2908,2.361,3.172
2909,2.341,3.167
2910,2.341,3.167
2911,2.400,3.167
2912,2.527,3.167
2913,2.659,3.162
2914,2.737,3.162
2915,2.742,3.162
2916,2.678,3.157
2917,2.605,3.157
2918,2.537,3.157
2919,2.468,3.157
2920,2.439,3.152
2921,2.424,3.152
2922,2.424,3.152
2923,2.429,3.152
2924,2.424,3.152
2925,2.410,3.148
2926,2.395,3.148
2927,2.380,3.148
2928,2.361,3.143
2929,2.351,3.143
2930,2.322,3.143
2931,2.331,3.138
2932,2.419,3.133
2933,2.546,3.133
2934,2.659,3.128
2935,2.713,3.128
2936,2.693,3.128
2937,2.634,3.123
2938,2.571,3.118
2939,2.507,3.113
2940,2.463,3.113
2941,2.439,3.109
2942,2.424,3.109
2943,2.429,3.104
2944,2.429,3.104
2945,2.419,3.104
2946,2.405,3.099
2947,2.385,3.099
2948,2.370,3.094
2949,2.366,3.094
2950,2.361,3.094
2951,2.356,3.094
2952,2.380,3.089
2953,2.473,3.089
2954,2.605,3.089
2955,2.708,3.084
2956,2.737,3.084
2957,2.698,3.079
2958,2.620,3.079
2959,2.556,3.079
2960,2.488,3.074
2961,2.463,3.074
2962,2.454,3.074
2963,2.458,3.069
2964,2.458,3.069
2965,2.454,3.069
2966,2.439,3.069
2967,2.424,3.069
2968,2.414,3.069
2969,2.400,3.069
2970,2.395,3.069
2971,2.385,3.069
2972,2.375,3.069
2973,2.385,3.065
2974,2.458,3.069
2975,2.586,3.065
2976,2.693,3.065
2977,2.737,3.065
2978,2.713,3.065
2979,2.659,3.065
2980,2.586,3.065
2981,2.532,3.065
2982,2.478,3.065
2983,2.454,3.065
2984,2.458,3.065
2985,2.473,3.065
2986,2.478,3.065
2987,2.473,3.065
2988,2.454,3.065
2989,2.444,3.069
2990,2.429,3.065
2991,2.419,3.069
2992,2.419,3.069
2993,2.414,3.069
2994,2.405,3.069
2995,2.439,3.069
2996,2.537,3.069
2997,2.659,3.069
2998,2.737,3.074
2999,2.757,3.069
3000,2.722,3.074
3001,2.659,3.074
3002,2.581,3.074
3003,2.532,3.079
3004,2.498,3.074
3005,2.478,3.079
3006,2.488,3.079
3007,2.488,3.079
3008,2.483,3.079
3009,2.468,3.079
3010,2.458,3.084
3011,2.449,3.084
3012,2.429,3.084
3013,2.419,3.084
3014,2.414,3.084
3015,2.405,3.084
3016,2.400,3.084
3017,2.419,3.089
3018,2.488,3.084
3019,2.610,3.089
3020,2.713,3.084
3021,2.761,3.089
3022,2.752,3.089
3023,2.693,3.089
3024,2.634,3.089
3025,2.576,3.094
3026,2.532,3.089
3027,2.502,3.094
3028,2.498,3.094
3029,2.502,3.094
3030,2.502,3.094
3031,2.502,3.094
3032,2.483,3.094
3033,2.473,3.094
3034,2.454,3.094
3035,2.439,3.099
3036,2.429,3.099
3037,2.424,3.099
3038,2.414,3.099
3039,2.405,3.099
3040,2.400,3.099
3041,2.400,3.099
3042,2.444,3.104
3043,2.551,3.099
3044,2.683,3.104
3045,2.786,3.104
3046,2.796,3.104
3047,2.742,3.104
3048,2.674,3.104
3049,2.610,3.104
3050,2.561,3.104
3051,2.532,3.109
3052,2.527,3.104
3053,2.527,3.109
3054,2.542,3.104
3055,2.546,3.109
3056,2.532,3.104
3057,2.512,3.109
3058,2.483,3.109
3059,2.468,3.109
3060,2.449,3.109
3061,2.444,3.109
3062,2.434,3.109
3063,2.424,3.109
3064,2.419,3.109
3065,2.405,3.109
3066,2.400,3.109
3067,2.429,3.109
3068,2.532,3.109
3069,2.664,3.109
3070,2.781,3.113
3071,2.820,3.109
3072,2.796,3.113
3073,2.732,3.109
3074,2.654,3.113
3075,2.600,3.109
3076,2.556,3.113
3077,2.537,3.113
3078,2.542,3.113
3079,2.551,3.113
3080,2.551,3.113
3081,2.542,3.113
3082,2.517,3.113
3083,2.488,3.113
3084,2.478,3.113
3085,2.463,3.113
3086,2.458,3.113
3087,2.444,3.113
3088,2.429,3.113
3089,2.414,3.118
3090,2.405,3.113
3091,2.395,3.118
3092,2.400,3.113
3093,2.463,3.118
3094,2.600,3.113
3095,2.747,3.113
3096,2.840,3.113
3097,2.854,3.118
3098,2.810,3.113
3099,2.742,3.118
3100,2.678,3.113
3101,2.620,3.118
3102,2.576,3.113
3103,2.556,3.113
3104,2.542,3.118
3105,2.522,3.118
3106,2.502,3.118
3107,2.483,3.118
3108,2.483,3.118
3109,2.488,3.118
3110,2.488,3.118
3111,2.483,3.118
3112,2.473,3.123
3113,2.454,3.118
3114,2.429,3.123
3115,2.414,3.118
3116,2.405,3.123
3117,2.414,3.123
3118,2.493,3.123
3119,2.630,3.123
3120,2.781,3.123
3121,2.879,3.123
3122,2.903,3.123
3123,2.854,3.123
3124,2.781,3.123
3125,2.698,3.123
3126,2.625,3.123
3127,2.581,3.123
3128,2.586,3.123
3129,2.610,3.123
3130,2.620,3.123
3131,2.600,3.123
3132,2.566,3.123
3133,2.527,3.123
3134,2.488,3.123
3135,2.458,3.123
3136,2.444,3.123
3137,2.439,3.123
3138,2.419,3.123
3139,2.405,3.123
3140,2.410,3.123
3141,2.458,3.123
3142,2.605,3.123
3143,2.781,3.123
3144,2.893,3.123
3145,2.913,3.123
3146,2.854,3.123
3147,2.771,3.123
3148,2.688,3.123
3149,2.605,3.123
3150,2.561,3.123
3151,2.546,3.123
3152,2.556,3.123
3153,2.561,3.123
3154,2.561,3.123
3155,2.537,3.123
3156,2.502,3.123
3157,2.468,3.128
3158,2.439,3.123
3159,2.419,3.128
3160,2.400,3.123
3161,2.380,3.128
3162,2.361,3.128
3163,2.346,3.128
3164,2.390,3.128
3165,2.532,3.128
3166,2.742,3.128
3167,2.918,3.128
3168,2.986,3.128
3169,2.942,3.123
3170,2.825,3.128
3171,2.703,3.123
3172,2.610,3.128
3173,2.542,3.123
3174,2.522,3.128
3175,2.527,3.128
3176,2.542,3.128
3177,2.561,3.128
3178,2.556,3.128
3179,2.556,3.128
3180,2.537,3.128
3181,2.527,3.128
3182,2.507,3.128
3183,2.478,3.128
3184,2.458,3.128
3185,2.444,3.128
3186,2.527,3.128
3187,2.717,3.128
3188,2.957,3.128
3189,3.065,3.128
3190,3.050,3.128
3191,2.952,3.128
3192,2.835,3.128
3193,2.722,3.128
3194,2.625,3.128
3195,2.566,3.128
3196,2.561,3.128
3197,2.581,3.128
3198,2.595,3.128
3199,2.600,3.128
3200,2.586,3.128
3201,2.561,3.128
3202,2.527,3.128
3203,2.498,3.128
3204,2.458,3.128
3205,2.424,3.128
3206,2.390,3.128
3207,2.380,3.128
3208,2.498,3.128
3209,2.757,3.128
3210,3.021,3.128
3211,3.157,3.128
3212,3.138,3.128
3213,3.016,3.128
3214,2.864,3.128
3215,2.727,3.128
3216,2.610,3.128
3217,2.561,3.128
3218,2.556,3.128
3219,2.581,3.133
3220,2.590,3.128
3221,2.571,3.133
3222,2.532,3.128
3223,2.478,3.133
3224,2.419,3.133
3225,2.375,3.133
3226,2.341,3.133
3227,2.312,3.133
3228,2.297,3.133
3229,2.331,3.133
3230,2.502,3.133
3231,2.771,3.133
3232,2.981,3.133
3233,3.025,3.133
3234,2.918,3.133
3235,2.757,3.133
3236,2.615,3.133
3237,2.507,3.133
3238,2.444,3.133
3239,2.424,3.133
3240,2.439,3.133
3241,2.468,3.133
3242,2.468,3.133
3243,2.449,3.133
3244,2.405,3.133
3245,2.351,3.133
3246,2.312,3.133
3247,2.283,3.133
3248,2.273,3.133
3249,2.263,3.133
3250,2.258,3.133
3251,2.322,3.133
3252,2.527,3.133
3253,2.845,3.133
3254,2.717,3.133
3255,2.590,3.133
3256,2.483,3.133
3257,2.414,3.133
3258,2.390,3.133
3259,2.410,3.133
3260,2.439,3.133
3261,2.439,3.133
3262,2.410,3.133
3263,2.370,3.133
3264,2.336,3.133
3265,2.317,3.133
3266,2.302,3.133
3267,2.287,3.133
3268,2.273,3.133
3269,2.268,3.133
3270,2.361,3.128
3271,2.556,3.128
3272,2.752,3.128
3273,2.830,3.133
3274,2.781,3.128
3275,2.669,3.133
3276,2.556,3.128
3277,2.463,3.133
3278,2.395,3.128
3279,2.366,3.133
3280,2.380,3.133
3281,2.400,3.133
3282,2.414,3.133
3283,2.400,3.133
3284,2.380,3.133
3285,2.356,3.133
3286,2.331,3.133
3287,2.317,3.133
3288,2.297,3.133
3289,2.283,3.128
3290,2.263,3.133
3291,2.258,3.128
3292,2.322,3.133
3293,2.488,3.133
3294,2.669,3.133
3295,2.752,3.133
3296,2.722,3.133
3297,2.634,3.133
3298,2.546,3.133
3299,2.463,3.133
3300,2.400,3.133
3301,2.380,3.133
3302,2.424,3.133
3303,2.454,3.138
3304,2.444,3.133
3305,2.410,3.138
3306,2.375,3.138
3307,2.341,3.138
3308,2.326,3.138
3309,2.317,3.138
3310,2.317,3.138
3311,2.317,3.138
3312,2.317,3.138
3313,2.312,3.138
3314,2.307,3.138
3315,2.317,3.138
3316,2.410,3.138
3317,2.556,3.138
3318,2.664,3.138
3319,2.693,3.138
3320,2.654,3.138
3321,2.581,3.138
3322,2.522,3.138
3323,2.463,3.138
3324,2.419,3.143
3325,2.405,3.138
3326,2.410,3.143
3327,2.419,3.138
3328,2.419,3.143
3329,2.410,3.138
3330,2.390,3.143
3331,2.375,3.143
3332,2.366,3.143
3333,2.356,3.143
3334,2.351,3.143
3335,2.341,3.143
3336,2.326,3.143
3337,2.322,3.143
3338,2.375,3.143
3339,2.502,3.143
3340,2.620,3.143
3341,2.669,3.143
3342,2.634,3.143
3343,2.576,3.143
3344,2.512,3.143
3345,2.458,3.143
3346,2.414,3.143
3347,2.395,3.143
3348,2.400,3.143
3349,2.410,3.143
3350,2.414,3.143
3351,2.410,3.143
3352,2.390,3.143
3353,2.375,3.143
3354,2.366,3.143
3355,2.356,3.143
3356,2.346,3.143
3357,2.331,3.143
3358,2.317,3.143
3359,2.302,3.143
3360,2.302,3.148
3361,2.297,3.143
3362,2.292,3.148
3363,2.292,3.143
3364,2.326,3.148
3365,2.434,3.148
3366,2.595,3.148
3367,2.708,3.143
3368,2.732,3.148
3369,2.703,3.148
3370,2.634,3.148
3371,2.571,3.148
3372,2.517,3.148
3373,2.478,3.148
3374,2.458,3.148
3375,2.454,3.148
3376,2.454,3.143
3377,2.444,3.148
3378,2.419,3.143
3379,2.361,3.143
3380,2.351,3.148
3381,2.346,3.143
3382,2.341,3.143
3383,2.336,3.143
3384,2.331,3.143
3385,2.331,3.143
3386,2.326,3.143
3387,2.322,3.143
3388,2.326,3.143
3389,2.331,3.143
3390,2.385,3.143
3391,2.532,3.143
3392,2.708,3.143
3393,2.810,3.143
3394,2.815,3.143
3395,2.752,3.143
3396,2.678,3.143
3397,2.615,3.143
3398,2.566,3.143
3399,2.527,3.143
3400,2.517,3.138
3401,2.527,3.138
3402,2.537,3.138
3403,2.527,3.138
3404,2.507,3.133
3405,2.478,3.138
3406,2.454,3.133
3407,2.429,3.133
3408,2.410,3.133
3409,2.395,3.133
3410,2.375,3.133
3411,2.361,3.133
3412,2.361,3.133
3413,2.351,3.133
3414,2.346,3.133
3415,2.336,3.133
3416,2.336,3.133
3417,2.331,3.133
3418,2.366,3.133
3419,2.502,3.133
3420,2.708,3.133
3421,2.859,3.133
3422,2.893,3.133
3423,2.830,3.133
3424,2.742,3.133
3425,2.664,3.133
3426,2.610,3.133
3427,2.561,3.133
3428,2.542,3.133
3429,2.542,3.133
3430,2.551,3.133
3431,2.551,3.133
3432,2.532,3.133
3433,2.507,3.133
3434,2.478,3.133
3435,2.449,3.133
3436,2.434,3.133
3437,2.419,3.133
3438,2.405,3.133
3439,2.390,3.133
3440,2.375,3.133
3441,2.370,3.133
3442,2.370,3.133
3443,2.361,3.133
3444,2.356,3.133
3445,2.439,3.133
3446,2.649,3.133
3447,2.879,3.133
3448,3.006,3.133
3449,3.001,3.133
3450,2.903,3.133
3451,2.781,3.133
3452,2.698,3.133
3453,2.630,3.133
3454,2.571,3.133
3455,2.546,3.133
3456,2.556,3.133
3457,2.571,3.133
3458,2.571,3.133
3459,2.542,3.133
3460,2.507,3.133
3461,2.468,3.138
3462,2.434,3.133
3463,2.419,3.138
3464,2.410,3.133
3465,2.400,3.138
3466,2.385,3.133
3467,2.375,3.138
3468,2.366,3.133
3469,2.361,3.138
3470,2.351,3.133
3471,2.346,3.138
3472,2.336,3.138
3473,2.331,3.138
3474,2.336,3.138
3475,2.414,3.138
3476,2.630,3.138
3477,2.893,3.138
3478,3.060,3.138
3479,3.074,3.138
3480,2.972,3.138
3481,2.835,3.138
3482,2.727,3.138
3483,2.649,3.138
3484,2.590,3.138
3485,2.571,3.138
3486,2.581,3.138
3487,2.610,3.138
3488,2.630,3.138
3489,2.625,3.138
3490,2.590,3.138
3491,2.542,3.138
3492,2.498,3.138
3493,2.463,3.138
3494,2.439,3.138
3495,2.419,3.138
3496,2.405,3.138
3497,2.385,3.138
3498,2.370,3.138
3499,2.356,3.138
3500,2.346,3.138
3501,2.336,3.138
3502,2.326,3.138
3503,2.322,3.138
3504,2.331,3.138
3505,2.444,3.138
3506,2.713,3.138
3507,3.011,3.138
3508,3.177,3.138
3509,3.182,3.138
3510,3.074,3.138
3511,2.942,3.138
3512,2.830,3.138
3513,2.732,3.138
3514,2.659,3.138
3515,2.620,3.138
3516,2.625,3.138
3517,2.644,3.138
3518,2.654,3.138
3519,2.649,3.138
3520,2.630,3.138
3521,2.600,3.138
3522,2.556,3.138
3523,2.502,3.138
3524,2.444,3.138
3525,2.400,3.143
3526,2.385,3.138
3527,2.370,3.143
3528,2.361,3.143
3529,2.331,3.143
3530,2.307,3.143
3531,2.307,3.143
3532,2.419,3.143
3533,2.693,3.143
3534,2.977,3.143
3535,3.128,3.143
3536,3.099,3.143
3537,2.957,3.143
3538,2.791,3.143
3539,2.669,3.143
3540,2.581,3.143
3541,2.512,3.143
3542,2.483,3.143
3543,2.488,3.143
3544,2.502,3.143
3545,2.502,3.143
3546,2.483,3.143
3547,2.454,3.143
3548,2.410,3.143
3549,2.385,3.143
3550,2.356,3.143
3551,2.341,3.143
3552,2.331,3.143
3553,2.322,3.143
3554,2.322,3.143
3555,2.439,3.143
3556,2.698,3.143
3557,2.981,3.143
3558,3.128,3.143
3559,3.079,3.143
3560,2.928,3.143
3561,2.771,3.143
3562,2.634,3.143
3563,2.537,3.143
3564,2.498,3.143
3565,2.512,3.143
3566,2.546,3.143
3567,2.566,3.143
3568,2.551,3.148
3569,2.507,3.143
3570,2.458,3.148
3571,2.414,3.143
3572,2.390,3.148
3573,2.380,3.143
3574,2.370,3.148
3575,2.346,3.143
3576,2.361,3.148
3577,2.498,3.143
3578,2.781,3.148
3579,3.069,3.143
3580,3.192,3.148
3581,3.143,3.143
3582,2.991,3.148
3583,2.835,3.143
3584,2.722,3.148
3585,2.634,3.148
3586,2.571,3.143
3587,2.566,3.148
3588,2.576,3.143
3589,2.581,3.148
3590,2.561,3.143
3591,2.517,3.148
3592,2.468,3.148
3593,2.424,3.148
3594,2.390,3.148
3595,2.380,3.148
3596,2.366,3.148
3597,2.356,3.148
3598,2.410,3.148
3599,2.615,3.148
3600,2.908,3.148
3601,3.113,3.148
3602,3.143,3.148
3603,3.030,3.148
3604,2.869,3.148
3605,2.732,3.148
3606,2.625,3.148
3607,2.551,3.148
3608,2.522,3.148
3609,2.527,3.148
3610,2.537,3.148
3611,2.527,3.148
3612,2.493,3.148
3613,2.458,3.148
3614,2.419,3.148
3615,2.400,3.148
3616,2.380,3.148
3617,2.366,3.148
3618,2.361,3.148
3619,2.361,3.148
3620,2.375,3.148
3621,2.498,3.148
3622,2.766,3.148
3623,3.030,3.148
3624,3.162,3.148
3625,3.133,3.148
3626,2.996,3.148
3627,2.854,3.148
3628,2.747,3.148
3629,2.664,3.148
3630,2.610,3.143
3631,2.581,3.143
3632,2.595,3.143
3633,2.600,3.143
3634,2.576,3.143
3635,2.527,3.143
3636,2.478,3.143
3637,2.434,3.143
3638,2.400,3.143
3639,2.375,3.143
3640,2.361,3.143
3641,2.346,3.143
3642,2.326,3.143
3643,2.302,3.143
3644,2.297,3.143
3645,2.400,3.143
3646,2.664,3.143
3647,2.952,3.143
3648,3.094,3.143
3649,3.055,3.143
3650,2.898,3.143
3651,2.737,3.143
3652,2.620,3.143
3653,2.542,3.143
3654,2.488,3.143
3655,2.473,3.143
3656,2.473,3.143
3657,2.488,3.143
3658,2.483,3.143
3659,2.458,3.143
3660,2.410,3.143
3661,2.366,3.143
3662,2.322,3.143
3663,2.297,3.143
3664,2.278,3.143
3665,2.263,3.143
3666,2.248,3.143
3667,2.224,3.143
3668,2.243,3.143
3669,2.395,3.143
3670,2.669,3.143
3671,2.903,3.143
3672,2.947,3.143
3673,2.849,3.143
3674,2.693,3.143
3675,2.586,3.143
3676,2.502,3.143
3677,2.444,3.143
3678,2.414,3.143
3679,2.410,3.143
3680,2.414,3.143
3681,2.410,3.143
3682,2.395,3.143
3683,2.370,3.143
3684,2.331,3.143
3685,2.312,3.143
3686,2.287,3.143
3687,2.268,3.143
3688,2.258,3.143
3689,2.243,3.143
3690,2.234,3.143
3691,2.219,3.143
3692,2.209,3.143
3693,2.273,3.143
3694,2.463,3.143
3695,2.698,3.143
3696,2.830,3.143
3697,2.825,3.143
3698,2.722,3.143
3699,2.605,3.143
3700,2.502,3.143
3701,2.434,3.143
3702,2.385,3.143
3703,2.361,3.143
3704,2.366,3.143
3705,2.385,3.143
3706,2.390,3.143
3707,2.380,3.143
3708,2.351,3.143
3709,2.322,3.143
3710,2.297,3.143
3711,2.283,3.143
3712,2.278,3.143
3713,2.278,3.143
3714,2.273,3.143
3715,2.253,3.143
3716,2.278,3.143
3717,2.405,3.143
3718,2.595,3.143
3719,2.727,3.143
3720,2.752,3.143
3721,2.683,3.143
3722,2.576,3.143
3723,2.493,3.148
3724,2.439,3.143
3725,2.390,3.148
3726,2.370,3.148
3727,2.380,3.148
3728,2.385,3.148
3729,2.380,3.148
3730,2.361,3.148
3731,2.341,3.148
3732,2.317,3.148
3733,2.302,3.148
3734,2.283,3.148
3735,2.278,3.148
3736,2.268,3.148
3737,2.263,3.148
3738,2.253,3.148
3739,2.243,3.148
3740,2.234,3.148
3741,2.258,3.148
3742,2.356,3.148
3743,2.512,3.148
3744,2.639,3.148
3745,2.678,3.148
3746,2.639,3.148
3747,2.566,3.148
3748,2.493,3.148
3749,2.439,3.148
3750,2.400,3.148
3751,2.380,3.148
3752,2.380,3.148
3753,2.390,3.148
3754,2.390,3.148
3755,2.385,3.148
3756,2.366,3.148
3757,2.292,3.148
3758,2.268,3.148
3759,2.263,3.148
3760,2.263,3.148
3761,2.258,3.148
3762,2.258,3.148
3763,2.258,3.148
3764,2.253,3.148
3765,2.248,3.148
3766,2.253,3.148
3767,2.273,3.152
3768,2.356,3.148
3769,2.478,3.152
3770,2.576,3.148
3771,2.586,3.152
3772,2.551,3.148
3773,2.498,3.152
3774,2.449,3.152
3775,2.414,3.152
3776,2.390,3.152
3777,2.380,3.152
3778,2.375,3.152
3779,2.380,3.152
3780,2.380,3.152
3781,2.375,3.152
3782,2.361,3.152
3783,2.346,3.152
3784,2.331,3.152
3785,2.317,3.152
3786,2.312,3.157
3787,2.307,3.152
3788,2.307,3.157
3789,2.302,3.157
3790,2.297,3.157
3791,2.297,3.157
3792,2.292,3.157
3793,2.287,3.157
3794,2.283,3.157
3795,2.317,3.157
3796,2.400,3.157
3797,2.502,3.157
3798,2.561,3.157
3799,2.566,3.157
3800,2.522,3.157
3801,2.483,3.157
3802,2.458,3.157
3803,2.434,3.157
3804,2.419,3.157
3805,2.414,3.157
3806,2.419,3.157
3807,2.419,3.157
3808,2.419,3.157
3809,2.414,3.157
3810,2.395,3.157
3811,2.370,3.162
3812,2.370,3.157
3813,2.356,3.162
3814,2.346,3.162
3815,2.346,3.157
3816,2.351,3.162
3817,2.346,3.157
3818,2.341,3.162
3819,2.341,3.157
3820,2.390,3.162
3821,2.488,3.157
3822,2.590,3.162
3823,2.634,3.157
3824,2.625,3.162
3825,2.576,3.157
3826,2.532,3.162
3827,2.488,3.162
3828,2.458,3.162
3829,2.439,3.162
3830,2.439,3.162
3831,2.439,3.162
3832,2.444,3.162
3833,2.439,3.162
3834,2.434,3.157
3835,2.419,3.162
3836,2.405,3.157
3837,2.395,3.162
3838,2.385,3.157
3839,2.375,3.162
3840,2.366,3.162
3841,2.361,3.162
3842,2.361,3.162
3843,2.356,3.162
3844,2.351,3.162
3845,2.346,3.162
3846,2.370,3.162
3847,2.468,3.162
3848,2.620,3.162
3849,2.722,3.162
3850,2.752,3.162
3851,2.717,3.162
3852,2.659,3.162
3853,2.600,3.162
3854,2.561,3.162
3855,2.537,3.162
3856,2.522,3.162
3857,2.512,3.162
3858,2.522,3.162
3859,2.522,3.162
3860,2.517,3.162
3861,2.498,3.162
3862,2.478,3.162
3863,2.449,3.162
3864,2.434,3.162
3865,2.429,3.162
3866,2.414,3.162
3867,2.405,3.162
3868,2.395,3.162
3869,2.395,3.162
3870,2.385,3.162
3871,2.375,3.162
3872,2.370,3.162
3873,2.424,3.167
3874,2.566,3.162
3875,2.742,3.162
3876,2.869,3.162
3877,2.889,3.162
3878,2.830,3.162
3879,2.747,3.162
3880,2.674,3.162
3881,2.620,3.162
3882,2.561,3.167
3883,2.556,3.162
3884,2.561,3.167
3885,2.571,3.162
3886,2.566,3.167
3887,2.546,3.162
3888,2.517,3.167
3889,2.488,3.162
3890,2.463,3.167
3891,2.444,3.162
3892,2.429,3.167
3893,2.419,3.162
3894,2.410,3.167
3895,2.400,3.162
3896,2.395,3.167
3897,2.390,3.162
3898,2.390,3.162
3899,2.483,3.162
3900,2.678,3.157
3901,2.874,3.162
3902,2.977,3.157
3903,2.967,3.162
3904,2.903,3.157
3905,2.835,3.157
3906,2.771,3.157
3907,2.703,3.157
3908,2.639,3.157
3909,2.605,3.152
3910,2.600,3.152
3911,2.605,3.148
3912,2.600,3.148
3913,2.590,3.143
3914,2.561,3.148
3915,2.512,3.143
3916,2.468,3.143
3917,2.444,3.143
3918,2.429,3.143
3919,2.414,3.143
3920,2.405,3.143
3921,2.414,3.143
3922,2.537,3.143
3923,2.771,3.143
3924,2.991,3.143
3925,3.084,3.148
3926,2.981,3.148
3927,2.845,3.148
3928,2.747,3.148
3929,2.659,3.152
3930,2.600,3.148
3931,2.571,3.148
3932,2.590,3.148
3933,2.615,3.148
3934,2.630,3.148
3935,2.625,3.148
3936,2.615,3.148
3937,2.586,3.148
3938,2.556,3.148
3939,2.517,3.148
3940,2.473,3.152
3941,2.429,3.152
3942,2.395,3.157
3943,2.385,3.152
3944,2.493,3.157
3945,2.752,3.157
3946,3.001,3.162
3947,3.128,3.162
3948,3.094,3.167
3949,2.977,3.167
3950,2.845,3.172
3951,2.742,3.167
3952,2.649,3.172
3953,2.590,3.172
3954,2.566,3.172
3955,2.566,3.172
3956,2.566,3.172
3957,2.556,3.172
3958,2.532,3.167
3959,2.498,3.167
3960,2.463,3.162
3961,2.434,3.162
3962,2.414,3.162
3963,2.400,3.162
3964,2.390,3.157
3965,2.375,3.157
3966,2.385,3.157
3967,2.502,3.157
3968,2.747,3.152
3969,2.991,3.152
3970,3.084,3.152
3971,3.030,3.152
3972,2.908,3.148
3973,2.801,3.152
3974,2.732,3.148
3975,2.688,3.148
3976,2.664,3.148
3977,2.659,3.148
3978,2.649,3.148
3979,2.620,3.148
3980,2.581,3.148
3981,2.546,3.143
3982,2.517,3.143
3983,2.502,3.148
3984,2.478,3.152
3985,2.458,3.157
3986,2.429,3.157
3987,2.385,3.157
3988,2.366,3.162
3989,2.458,3.157
3990,2.703,3.157
3991,2.947,3.157
3992,3.055,3.157
3993,3.006,3.152
3994,2.874,3.152
3995,2.742,3.148
3996,2.644,3.143
3997,2.581,3.143
3998,2.551,3.138
3999,2.546,3.138
4000,2.566,3.133
4001,2.561,3.133
4002,2.532,3.133
4003,2.488,3.133
4004,2.439,3.128
4005,2.400,3.128
4006,2.370,3.128
4007,2.351,3.128
4008,2.341,3.128
4009,2.356,3.128
4010,2.361,3.123
4011,2.400,3.123
4012,2.571,3.123
4013,2.889,3.118
4014,3.099,3.123
4015,3.133,3.118
4016,3.035,3.118
4017,2.889,3.118
4018,2.766,3.118
4019,2.683,3.113
4020,2.625,3.113
4021,2.590,3.113
4022,2.581,3.113
4023,2.576,3.109
4024,2.566,3.109
4025,2.542,3.109
4026,2.498,3.109
4027,2.454,3.109
4028,2.410,3.109
4029,2.385,3.109
4030,2.366,3.109
4031,2.351,3.109
4032,2.336,3.104
4033,2.322,3.104
4034,2.312,3.104
4035,2.302,3.104
4036,2.326,3.104
4037,2.458,3.104
4038,2.717,3.104
4039,2.957,3.104
4040,3.040,3.099
4041,2.957,3.099
4042,2.815,3.099
4043,2.683,3.099
4044,2.600,3.099
4045,2.537,3.099
4046,2.507,3.099
4047,2.498,3.099
4048,2.507,3.099
4049,2.493,3.094
4050,2.473,3.094
4051,2.429,3.094
4052,2.400,3.094
4053,2.361,3.094
4054,2.336,3.094
4055,2.317,3.094
4056,2.302,3.094
4057,2.283,3.094
4058,2.278,3.094
4059,2.268,3.094
4060,2.253,3.089
4061,2.243,3.089
4062,2.292,3.089
4063,2.463,3.089
4064,2.722,3.089
4065,2.918,3.084
4066,2.957,3.084
4067,2.859,3.084
4068,2.713,3.084
4069,2.586,3.084
4070,2.493,3.084
4071,2.454,3.084
4072,2.454,3.084
4073,2.473,3.084
4074,2.493,3.084
4075,2.488,3.084
4076,2.468,3.084
4077,2.429,3.084
4078,2.390,3.084
4079,2.366,3.084
4080,2.351,3.079
4081,2.336,3.084
4082,2.317,3.079
4083,2.312,3.079
4084,2.302,3.079
4085,2.287,3.079
4086,2.287,3.079
4087,2.361,3.079
4088,2.556,3.079
4089,2.781,3.079
4090,2.908,3.079
4091,2.893,3.079
4092,2.781,3.074
4093,2.649,3.074
4094,2.546,3.074
4095,2.473,3.074
4096,2.444,3.074
4097,2.449,3.074
4098,2.478,3.074
4099,2.488,3.074
4100,2.478,3.074
4101,2.444,3.074
4102,2.405,3.074
4103,2.366,3.074
4104,2.336,3.074
4105,2.322,3.074
4106,2.312,3.074
4107,2.302,3.074
4108,2.292,3.069
4109,2.287,3.069
4110,2.336,3.069
4111,2.507,3.069
4112,2.737,3.069
4113,2.893,3.069
4114,2.918,3.069
4115,2.825,3.069
4116,2.703,3.069
4117,2.605,3.069
4118,2.532,3.069
4119,2.483,3.069
4120,2.468,3.069
4121,2.473,3.069
4122,2.488,3.069
4123,2.483,3.069
4124,2.468,3.069
4125,2.429,3.069
4126,2.410,3.069
4127,2.390,3.069
4128,2.380,3.069
4129,2.380,3.069
4130,2.361,3.069
4131,2.341,3.069
4132,2.322,3.069
4133,2.302,3.069
4134,2.287,3.069
4135,2.336,3.069
4136,2.507,3.069
4137,2.737,3.069
4138,2.903,3.069
4139,2.928,3.069
4140,2.845,3.069
4141,2.727,3.069
4142,2.634,3.069
4143,2.556,3.069
4144,2.512,3.069
4145,2.488,3.069
4146,2.478,3.069
4147,2.488,3.069
4148,2.488,3.069
4149,2.473,3.069
4150,2.444,3.069
4151,2.414,3.069
4152,2.385,3.069
4153,2.356,3.069
4154,2.341,3.069
4155,2.326,3.069
4156,2.326,3.069
4157,2.326,3.069
4158,2.326,3.069
4159,2.326,3.069
4160,2.346,3.069
4161,2.473,3.069
4162,2.698,3.069
4163,2.889,3.069
4164,2.962,3.069
4165,2.908,3.074
4166,2.786,3.069
4167,2.669,3.069
4168,2.595,3.069
4169,2.546,3.069
4170,2.522,3.069
4171,2.512,3.069
4172,2.517,3.069
4173,2.527,3.069
4174,2.507,3.069
4175,2.473,3.074
4176,2.439,3.069
4177,2.390,3.069
4178,2.375,3.069
4179,2.361,3.069
4180,2.336,3.069
4181,2.322,3.069
4182,2.307,3.069
4183,2.287,3.069
4184,2.278,3.069
4185,2.273,3.069
4186,2.283,3.069
4187,2.351,3.069
4188,2.532,3.069
4189,2.727,3.069
4190,2.845,3.069
4191,2.830,3.069
4192,2.732,3.069
4193,2.620,3.069
4194,2.537,3.069
4195,2.478,3.069
4196,2.449,3.069
4197,2.444,3.069
4198,2.449,3.069
4199,2.458,3.069
4200,2.454,3.065
4201,2.444,3.069
4202,2.414,3.065
4203,2.390,3.069
4204,2.370,3.065
4205,2.351,3.065
4206,2.331,3.065
4207,2.317,3.065
4208,2.302,3.065
4209,2.297,3.065
4210,2.287,3.065
4211,2.292,3.065
4212,2.366,3.065
4213,2.532,3.060
4214,2.713,3.065
4215,2.801,3.060
4216,2.776,3.065
4217,2.688,3.060
4218,2.595,3.060
4219,2.517,3.060
4220,2.458,3.060
4221,2.439,3.060
4222,2.449,3.060
4223,2.468,3.055
4224,2.478,3.060
4225,2.468,3.055
4226,2.444,3.055
4227,2.410,3.055
4228,2.385,3.055
4229,2.370,3.055
4230,2.370,3.055
4231,2.370,3.055
4232,2.366,3.055
4233,2.361,3.055
4234,2.385,3.055
4235,2.512,3.055
4236,2.688,3.055
4237,2.820,3.055
4238,2.840,3.055
4239,2.776,3.055
4240,2.678,3.055
4241,2.610,3.055
4242,2.551,3.055
4243,2.493,3.055
4244,2.473,3.055
4245,2.478,3.055
4246,2.483,3.055
4247,2.488,3.055
4248,2.468,3.055
4249,2.444,3.055
4250,2.410,3.055
4251,2.380,3.055
4252,2.351,3.055
4253,2.346,3.055
4254,2.336,3.055
4255,2.331,3.055
4256,2.322,3.055
4257,2.361,3.055
4258,2.507,3.055
4259,2.698,3.055
4260,2.752,3.055
4261,2.674,3.055
4262,2.605,3.055
4263,2.546,3.055
4264,2.507,3.055
4265,2.498,3.055
4266,2.512,3.055
4267,2.517,3.055
4268,2.502,3.055
4269,2.463,3.055
4270,2.419,3.055
4271,2.390,3.055
4272,2.366,3.055
4273,2.346,3.055
4274,2.331,3.055
4275,2.322,3.055
4276,2.307,3.055
4277,2.351,3.055
4278,2.498,3.055
4279,2.693,3.055
4280,2.825,3.055
4281,2.840,3.055
4282,2.766,3.055
4283,2.678,3.055
4284,2.595,3.055
4285,2.537,3.055
4286,2.488,3.055
4287,2.473,3.055
4288,2.483,3.055
4289,2.488,3.055
4290,2.473,3.055
4291,2.444,3.055
4292,2.414,3.055
4293,2.390,3.055
4294,2.370,3.055
4295,2.351,3.055
4296,2.341,3.055
4297,2.331,3.055
4298,2.322,3.055
4299,2.312,3.055
4300,2.336,3.055
4301,2.458,3.055
4302,2.674,3.055
4303,2.835,3.055
4304,2.849,3.055
4305,2.776,3.055
4306,2.669,3.055
4307,2.590,3.055
4308,2.522,3.055
4309,2.478,3.055
4310,2.463,3.055
4311,2.463,3.055
4312,2.463,3.055
4313,2.454,3.055
4314,2.439,3.055
4315,2.414,3.055
4316,2.385,3.055
4317,2.361,3.055
4318,2.341,3.055
4319,2.336,3.055
4320,2.356,3.055
4321,2.385,3.055
4322,2.410,3.055
4323,2.405,3.055
4324,2.400,3.055
4325,2.493,3.055
4326,2.722,3.055
4327,2.889,3.055
4328,2.928,3.055
4329,2.854,3.055
4330,2.742,3.055
4331,2.630,3.055
4332,2.551,3.055
4333,2.507,3.055
4334,2.517,3.055
4335,2.556,3.055
4336,2.576,3.055
4337,2.546,3.055
4338,2.478,3.055
4339,2.414,3.055
4340,2.370,3.055
4341,2.351,3.055
4342,2.341,3.060
4343,2.336,3.055
4344,2.341,3.060
4345,2.346,3.055
4346,2.336,3.060
4347,2.336,3.060
4348,2.351,3.060
4349,2.468,3.060
4350,2.693,3.060
4351,2.893,3.060
4352,2.967,3.060
4353,2.923,3.060
4354,2.810,3.060
4355,2.703,3.060
4356,2.615,3.060
4357,2.556,3.060
4358,2.522,3.060
4359,2.507,3.060
4360,2.512,3.060
4361,2.507,3.060
4362,2.483,3.060
4363,2.454,3.065
4364,2.429,3.060
4365,2.414,3.065
4366,2.400,3.060
4367,2.390,3.065
4368,2.375,3.060
4369,2.370,3.065
4370,2.356,3.060
4371,2.361,3.065
4372,2.473,3.065
4373,2.693,3.065
4374,2.898,3.060
4375,2.977,3.065
4376,2.918,3.065
4377,2.801,3.060
4378,2.693,3.065
4379,2.610,3.060
4380,2.546,3.065
4381,2.512,3.060
4382,2.502,3.065
4383,2.517,3.065
4384,2.537,3.065
4385,2.512,3.065
4386,2.483,3.065
4387,2.449,3.065
4388,2.405,3.065
4389,2.380,3.065
4390,2.370,3.065
4391,2.370,3.065
4392,2.366,3.065
4393,2.366,3.065
4394,2.375,3.065
4395,2.449,3.065
4396,2.669,3.065
4397,2.933,3.065
4398,3.084,3.065
4399,3.069,3.065
4400,2.957,3.065
4401,2.810,3.065
4402,2.698,3.065
4403,2.610,3.065
4404,2.551,3.065
4405,2.527,3.065
4406,2.532,3.065
4407,2.537,3.065
4408,2.532,3.065
4409,2.507,3.065
4410,2.473,3.065
4411,2.444,3.065
4412,2.434,3.065
4413,2.419,3.065
4414,2.405,3.065
4415,2.385,3.065
4416,2.361,3.065
4417,2.326,3.065
4418,2.292,3.065
4419,2.258,3.065
4420,2.239,3.065
4421,2.302,3.065
4422,2.517,3.065
4423,2.791,3.065
4424,2.972,3.065
4425,2.986,3.065
4426,2.884,3.065
4427,2.752,3.065
4428,2.639,3.065
4429,2.571,3.065
4430,2.522,3.065
4431,2.498,3.065
4432,2.493,3.065
4433,2.507,3.060
4434,2.502,3.060
4435,2.483,3.060
4436,2.449,3.060
4437,2.400,3.060
4438,2.356,3.060
4439,2.322,3.060
4440,2.307,3.060
4441,2.297,3.060
4442,2.302,3.060
4443,2.302,3.060
4444,2.297,3.060
4445,2.317,3.060
4446,2.439,3.060
4447,2.669,3.060
4448,2.889,3.060
4449,2.972,3.060
4450,2.923,3.060
4451,2.796,3.060
4452,2.683,3.060
4453,2.595,3.060
4454,2.532,3.060
4455,2.483,3.060
4456,2.473,3.060
4457,2.488,3.060
4458,2.493,3.060
4459,2.473,3.060
4460,2.449,3.060
4461,2.410,3.060
4462,2.380,3.060
4463,2.361,3.060
4464,2.351,3.060
4465,2.341,3.065
4466,2.326,3.060
4467,2.322,3.060
4468,2.326,3.060
4469,2.419,3.060
4470,2.634,3.060
4471,2.859,3.060
4472,2.981,3.060
4473,2.977,3.060
4474,2.898,3.060
4475,2.815,3.060
4476,2.732,3.060
4477,2.644,3.060
4478,2.571,3.060
4479,2.537,3.060
4480,2.532,3.065
4481,2.537,3.060
4482,2.512,3.065
4483,2.458,3.060
4484,2.414,3.065
4485,2.370,3.060
4486,2.351,3.065
4487,2.331,3.060
4488,2.326,3.065
4489,2.336,3.060
4490,2.331,3.065
4491,2.326,3.060
4492,2.341,3.065
4493,2.458,3.060
4494,2.722,3.060
4495,2.977,3.060
4496,3.079,3.060
4497,3.011,3.065
4498,2.859,3.060
4499,2.722,3.065
4500,2.634,3.065
4501,2.576,3.065
4502,2.546,3.060
4503,2.546,3.065
4504,2.556,3.065
4505,2.551,3.065
4506,2.522,3.065
4507,2.468,3.065
4508,2.429,3.065
4509,2.400,3.065
4510,2.380,3.065
4511,2.356,3.060
4512,2.361,3.065
4513,2.351,3.065
4514,2.336,3.065
4515,2.326,3.060
4516,2.322,3.065
4517,2.331,3.060
4518,2.414,3.065
4519,2.625,3.060
4520,2.869,3.060
4521,3.011,3.060
4522,2.996,3.060
4523,2.889,3.060
4524,2.757,3.060
4525,2.654,3.060
4526,2.586,3.055
4527,2.537,3.060
4528,2.522,3.055
4529,2.532,3.055
4530,2.532,3.055
4531,2.522,3.055
4532,2.483,3.050
4533,2.434,3.050
4534,2.390,3.050
4535,2.356,3.050
4536,2.336,3.050
4537,2.317,3.050
4538,2.302,3.045
4539,2.302,3.045
4540,2.302,3.045
4541,2.292,3.045
4542,2.283,3.045
4543,2.283,3.045
4544,2.366,3.045
4545,2.590,3.045
4546,2.845,3.045
4547,2.996,3.045
4548,2.986,3.045
4549,2.884,3.045
4550,2.757,3.045
4551,2.649,3.045
4552,2.566,3.045
4553,2.512,3.045
4554,2.507,3.045
4555,2.522,3.045
4556,2.532,3.045
4557,2.507,3.045
4558,2.473,3.045
4559,2.439,3.045
4560,2.405,3.045
4561,2.380,3.045
4562,2.366,3.045
4563,2.351,3.045
4564,2.336,3.045
4565,2.326,3.040
4566,2.312,3.040
4567,2.302,3.040
4568,2.297,3.040
4569,2.307,3.040
4570,2.424,3.040
4571,2.669,3.040
4572,2.913,3.040
4573,3.025,3.040
4574,2.977,3.040
4575,2.845,3.040
4576,2.708,3.040
4577,2.605,3.040
4578,2.527,3.040
4579,2.488,3.040
4580,2.502,3.040
4581,2.532,3.040
4582,2.556,3.040
4583,2.546,3.040
4584,2.507,3.040
4585,2.449,3.040
4586,2.395,3.040
4587,2.356,3.040
4588,2.326,3.040
4589,2.312,3.040
4590,2.297,3.040
4591,2.283,3.040
4592,2.278,3.040
4593,2.268,3.040
4594,2.317,3.040
4595,2.468,3.040
4596,2.688,3.040
4597,2.854,3.040
4598,2.884,3.040
4599,2.796,3.040
4600,2.674,3.040
4601,2.556,3.040
4602,2.463,3.040
4603,2.419,3.040
4604,2.410,3.040
4605,2.429,3.040
4606,2.449,3.040
4607,2.454,3.040
4608,2.439,3.040
4609,2.410,3.040
4610,2.370,3.040
4611,2.346,3.040
4612,2.326,3.040
4613,2.322,3.040
4614,2.312,3.040
4615,2.307,3.040
4616,2.292,3.040
4617,2.317,3.040
4618,2.439,3.040
4619,2.634,3.040
4620,2.791,3.040
4621,2.840,3.040
4622,2.776,3.040
4623,2.659,3.040
4624,2.542,3.040
4625,2.449,3.045
4626,2.405,3.045
4627,2.400,3.045
4628,2.434,3.045
4629,2.468,3.045
4630,2.483,3.045
4631,2.478,3.045
4632,2.463,3.045
4633,2.434,3.045
4634,2.410,3.045
4635,2.380,3.045
4636,2.361,3.045
4637,2.341,3.045
4638,2.336,3.045
4639,2.361,3.045
4640,2.483,3.045
4641,2.678,3.045
4642,2.830,3.045
4643,2.864,3.045
4644,2.796,3.045
4645,2.688,3.045
4646,2.581,3.045
4647,2.488,3.045
4648,2.434,3.045
4649,2.414,3.045
4650,2.429,3.045
4651,2.449,3.045
4652,2.454,3.045
4653,2.439,3.045
4654,2.405,3.045
4655,2.361,3.045
4656,2.326,3.045
4657,2.307,3.045
4658,2.292,3.045
4659,2.287,3.045
4660,2.278,3.045
4661,2.263,3.045
4662,2.312,3.045
4663,2.458,3.045
4664,2.654,3.045
4665,2.776,3.045
4666,2.776,3.045
4667,2.669,3.045
4668,2.566,3.045
4669,2.473,3.045
4670,2.405,3.045
4671,2.380,3.045
4672,2.390,3.045
4673,2.414,3.050
4674,2.429,3.050
4675,2.419,3.050
4676,2.400,3.050
4677,2.370,3.050
4678,2.336,3.050
4679,2.312,3.050
4680,2.297,3.050
4681,2.292,3.050
4682,2.297,3.050
4683,2.297,3.050
4684,2.307,3.050
4685,2.395,3.050
4686,2.566,3.050
4687,2.708,3.050
4688,2.742,3.050
4689,2.698,3.050
4690,2.615,3.050
4691,2.537,3.050
4692,2.478,3.050
4693,2.449,3.050
4694,2.449,3.050
4695,2.473,3.050
4696,2.483,3.050
4697,2.463,3.050
4698,2.424,3.050
4699,2.385,3.050
4700,2.361,3.050
4701,2.346,3.050
4702,2.341,3.050
4703,2.326,3.050
4704,2.317,3.050
4705,2.312,3.050
4706,2.346,3.050
4707,2.468,3.050
4708,2.625,3.050
4709,2.722,3.050
4710,2.722,3.050
4711,2.659,3.050
4712,2.571,3.050
4713,2.498,3.050
4714,2.444,3.055
4715,2.424,3.055
4716,2.429,3.055
4717,2.463,3.055
4718,2.512,3.055
4719,2.517,3.055
4720,2.502,3.055
4721,2.463,3.055
4722,2.429,3.055
4723,2.405,3.055
4724,2.380,3.055
4725,2.370,3.055
4726,2.366,3.055
4727,2.366,3.055
4728,2.361,3.055
4729,2.356,3.055
4730,2.390,3.055
4731,2.517,3.055
4732,2.659,3.055
4733,2.747,3.055
4734,2.747,3.055
4735,2.688,3.055
4736,2.625,3.055
4737,2.576,3.055
4738,2.522,3.055
4739,2.507,3.055
4740,2.502,3.055
4741,2.507,3.055
4742,2.498,3.055
4743,2.478,3.055
4744,2.449,3.055
4745,2.424,3.055
4746,2.400,3.055
4747,2.385,3.055
4748,2.375,3.055
4749,2.361,3.055
4750,2.341,3.055
4751,2.322,3.055
4752,2.307,3.055
4753,2.336,3.055
4754,2.439,3.055
4755,2.586,3.055
4756,2.693,3.055
4757,2.727,3.055
4758,2.698,3.055
4759,2.644,3.060
4760,2.595,3.055
4761,2.537,3.060
4762,2.498,3.060
4763,2.478,3.060
4764,2.488,3.060
4765,2.483,3.060
4766,2.478,3.060
4767,2.458,3.060
4768,2.434,3.060
4769,2.419,3.060
4770,2.410,3.060
4771,2.405,3.060
4772,2.405,3.060
4773,2.395,3.060
4774,2.390,3.060
4775,2.439,3.060
4776,2.551,3.060
4777,2.654,3.060
4778,2.693,3.060
4779,2.669,3.060
4780,2.615,3.065
4781,2.561,3.069
4782,2.527,3.069
4783,2.493,3.074
4784,2.473,3.074
4785,2.473,3.079
4786,2.473,3.079
4787,2.468,3.079
4788,2.454,3.079
4789,2.439,3.084
4790,2.424,3.084
4791,2.419,3.084
4792,2.414,3.084
4793,2.405,3.084
4794,2.395,3.079
4795,2.375,3.079
4796,2.370,3.079
4797,2.356,3.079
4798,2.346,3.079
4799,2.375,3.079
4800,2.478,3.074
4801,2.625,3.079
4802,2.727,3.074
4803,2.742,3.074
4804,2.703,3.074
4805,2.639,3.074
4806,2.586,3.074
4807,2.551,3.074
4808,2.527,3.074
4809,2.517,3.074
4810,2.512,3.074
4811,2.502,3.069
4812,2.493,3.074
4813,2.478,3.074
4814,2.454,3.074
4815,2.434,3.074
4816,2.410,3.069
4817,2.400,3.069
4818,2.390,3.069
4819,2.375,3.069
4820,2.375,3.069
4821,2.361,3.069
4822,2.351,3.069
4823,2.341,3.069
4824,2.336,3.069
4825,2.331,3.069
4826,2.366,3.069
4827,2.473,3.069
4828,2.620,3.069
4829,2.708,3.065
4830,2.717,3.069
4831,2.669,3.065
4832,2.605,3.065
4833,2.556,3.065
4834,2.512,3.065
4835,2.478,3.065
4836,2.468,3.065
4837,2.473,3.065
4838,2.468,3.060
4839,2.458,3.065
4840,2.434,3.060
4841,2.414,3.060
4842,2.395,3.060
4843,2.380,3.060
4844,2.356,3.055
4845,2.356,3.055
4846,2.346,3.055
4847,2.341,3.055
4848,2.336,3.055
4849,2.331,3.050
4850,2.326,3.050
4851,2.322,3.050
4852,2.312,3.045
4853,2.331,3.045
4854,2.414,3.045
4855,2.571,3.040
4856,2.698,3.040
4857,2.747,3.040
4858,2.722,3.035
4859,2.659,3.035
4860,2.590,3.035
4861,2.546,3.030
4862,2.502,3.030
4863,2.483,3.025
4864,2.488,3.025
4865,2.493,3.021
4866,2.498,3.016
4867,2.488,3.016
4868,2.458,3.011
4869,2.434,3.011
4870,2.414,3.006
4871,2.410,3.001
4872,2.405,2.996
4873,2.400,2.996
4874,2.390,2.991
4875,2.380,2.986
4876,2.366,2.986
4877,2.356,2.981
4878,2.380,2.981
4879,2.483,2.977
4880,2.659,2.977
4881,2.796,2.972
4882,2.845,2.972
4883,2.801,2.972
4884,2.717,2.972
4885,2.649,2.972
4886,2.590,2.967
4887,2.556,2.967
4888,2.542,2.967
4889,2.551,2.962
4890,2.566,2.962
4891,2.561,2.962
4892,2.532,2.962
4893,2.493,2.962
4894,2.458,2.962
4895,2.429,2.957
4896,2.410,2.957
4897,2.400,2.957
4898,2.385,2.957
4899,2.375,2.952
4900,2.366,2.952
4901,2.356,2.952
4902,2.341,2.952
4903,2.346,2.947
4904,2.419,2.947
4905,2.595,2.947
4906,2.791,2.947
4907,2.893,2.947
4908,2.893,2.947
4909,2.810,2.947
4910,2.713,2.947
4911,2.639,2.947
4912,2.586,2.947
4913,2.551,2.947
4914,2.537,2.947
4915,2.551,2.947
4916,2.561,2.947
4917,2.561,2.952
4918,2.537,2.952
4919,2.498,2.952
4920,2.463,2.952
4921,2.444,2.952
4922,2.429,2.952
4923,2.414,2.952
4924,2.400,2.952
4925,2.390,2.952
4926,2.375,2.952
4927,2.361,2.947
4928,2.356,2.947
4929,2.351,2.942
4930,2.336,2.942
4931,2.341,2.942
4932,2.444,2.942
4933,2.639,2.942
4934,2.830,2.937
4935,2.923,2.942
4936,2.889,2.937
4937,2.791,2.942
4938,2.688,2.937
4939,2.600,2.942
4940,2.546,2.937
4941,2.522,2.942
4942,2.522,2.942
4943,2.542,2.942
4944,2.551,2.937
4945,2.546,2.942
4946,2.527,2.937
4947,2.488,2.942
4948,2.458,2.942
4949,2.439,2.942
4950,2.424,2.942
4951,2.405,2.942
4952,2.410,2.942
4953,2.400,2.942
4954,2.390,2.942
4955,2.385,2.942
4956,2.375,2.942
4957,2.361,2.942
4958,2.400,2.947
4959,2.542,2.942
4960,2.747,2.947
4961,2.889,2.947
4962,2.913,2.947
4963,2.849,2.947
4964,2.747,2.947
4965,2.654,2.947
4966,2.581,2.947
4967,2.537,2.947
4968,2.522,2.947
4969,2.532,2.947
4970,2.551,2.947
4971,2.551,2.947
4972,2.532,2.947
4973,2.498,2.952
4974,2.468,2.952
4975,2.449,2.952
4976,2.434,2.952
4977,2.419,2.952
4978,2.414,2.952
4979,2.405,2.952
4980,2.390,2.952
4981,2.385,2.952
4982,2.370,2.952
4983,2.356,2.952
4984,2.351,2.952
4985,2.385,2.952
4986,2.507,2.952
4987,2.727,2.952
4988,2.913,2.952
4989,2.986,2.952
4990,2.937,2.957
4991,2.840,2.957
4992,2.737,2.957
4993,2.669,2.957
4994,2.615,2.957
4995,2.586,2.957
4996,2.581,2.957
4997,2.586,2.957
4998,2.590,2.957
4999,2.586,2.957
5000,2.561,2.957
5001,2.532,2.957
5002,2.498,2.957
5003,2.473,2.957
5004,2.449,2.957
5005,2.429,2.957
5006,2.414,2.957
5007,2.405,2.957
5008,2.380,2.957
5009,2.380,2.957
5010,2.370,2.957
5011,2.366,2.957
5012,2.356,2.957
5013,2.385,2.957
5014,2.937,2.957
5015,2.952,2.957
5016,2.874,2.962
5017,2.766,2.962
5018,2.683,2.962
5019,2.615,2.962
5020,2.581,2.962
5021,2.571,2.962
5022,2.581,2.962
5023,2.595,2.962
5024,2.600,2.962
5025,2.586,2.962
5026,2.556,2.962
5027,2.527,2.962
5028,2.517,2.962
5029,2.512,2.962
5030,2.502,2.962
5031,2.483,2.962
5032,2.458,2.962
5033,2.429,2.962
5034,2.405,2.962
5035,2.414,2.962
5036,2.522,2.962
5037,2.830,2.962
5038,2.991,2.962
5039,3.025,2.962
5040,2.952,2.962
5041,2.835,2.962
5042,2.727,2.962
5043,2.639,2.962
5044,2.586,2.962
5045,2.571,2.967
5046,2.590,2.962
5047,2.615,2.967
5048,2.620,2.967
5049,2.595,2.967
5050,2.556,2.967
5051,2.517,2.967
5052,2.493,2.967
5053,2.468,2.967
5054,2.449,2.967
5055,2.434,2.967
5056,2.410,2.967
5057,2.400,2.967
5058,2.385,2.967
5059,2.370,2.967
5060,2.419,2.967
5061,2.590,2.967
5062,2.805,2.967
5063,2.962,2.967
5064,2.981,2.967
5065,2.879,2.967
5066,2.766,2.967
5067,2.674,2.967
5068,2.605,2.967
5069,2.566,2.967
5070,2.551,2.967
5071,2.566,2.967
5072,2.581,2.967
5073,2.576,2.967
5074,2.551,2.967
5075,2.517,2.967
5076,2.478,2.967
5077,2.454,2.967
5078,2.434,2.967
5079,2.419,2.967
5080,2.400,2.967
5081,2.385,2.967
5082,2.375,2.967
5083,2.366,2.967
5084,2.356,2.967
5085,2.390,2.972
5086,2.546,2.967
5087,2.761,2.967
5088,2.923,2.972
5089,2.957,2.967
5090,2.889,2.972
5091,2.771,2.972
5092,2.659,2.972
5093,2.576,2.967
5094,2.522,2.972
5095,2.527,2.972
5096,2.551,2.972
5097,2.576,2.972
5098,2.571,2.972
5099,2.537,2.972
5100,2.502,2.972
5101,2.463,2.972
5102,2.434,2.972
5103,2.419,2.972
5104,2.414,2.972
5105,2.405,2.972
5106,2.390,2.972
5107,2.375,2.972
5108,2.375,2.972
5109,2.478,2.972
5110,2.678,2.972
5111,2.859,2.972
5112,2.923,2.972
5113,2.884,2.972
5114,2.781,2.972
5115,2.683,2.972
5116,2.590,2.972
5117,2.537,2.972
5118,2.512,2.972
5119,2.537,2.972
5120,2.561,2.972
5121,2.561,2.972
5122,2.527,2.972
5123,2.488,2.972
5124,2.454,2.972
5125,2.429,2.972
5126,2.414,2.972
5127,2.400,2.972
5128,2.390,2.972
5129,2.375,2.972
5130,2.366,2.972
5131,2.351,2.972
5132,2.351,2.972
5133,2.444,2.972
5134,2.654,2.972
5135,2.864,2.972
5136,2.952,2.977
5137,2.923,2.977
5138,2.825,2.977
5139,2.581,2.977
5140,2.542,2.977
5141,2.542,2.977
5142,2.546,2.977
5143,2.546,2.977
5144,2.517,2.977
5145,2.473,2.977
5146,2.444,2.977
5147,2.424,2.977
5148,2.405,2.977
5149,2.405,2.977
5150,2.390,2.977
5151,2.375,2.977
5152,2.361,2.977
5153,2.346,2.977
5154,2.336,2.977
5155,2.331,2.977
5156,2.414,2.977
5157,2.615,2.977
5158,2.820,2.977
5159,2.918,2.977
5160,2.898,2.977
5161,2.796,2.977
5162,2.688,2.977
5163,2.610,2.977
5164,2.546,2.977
5165,2.512,2.977
5166,2.498,2.977
5167,2.507,2.977
5168,2.512,2.977
5169,2.502,2.977
5170,2.468,2.977
5171,2.434,2.977
5172,2.410,2.977
5173,2.390,2.977
5174,2.370,2.977
5175,2.351,2.981
5176,2.336,2.981
5177,2.317,2.977
5178,2.312,2.981
5179,2.297,2.981
5180,2.297,2.981
5181,2.331,2.981
5182,2.517,2.981
5183,2.722,2.981
5184,2.849,2.977
5185,2.835,2.981
5186,2.747,2.981
5187,2.644,2.981
5188,2.571,2.981
5189,2.507,2.981
5190,2.468,2.981
5191,2.458,2.981
5192,2.473,2.981
5193,2.493,2.981
5194,2.488,2.981
5195,2.458,2.981
5196,2.424,2.981
5197,2.390,2.981
5198,2.370,2.981
5199,2.361,2.981
5200,2.351,2.981
5201,2.351,2.981
5202,2.346,2.981
5203,2.351,2.981
5204,2.370,2.981
5205,2.444,2.981
5206,2.600,2.981
5207,2.771,2.981
5208,2.830,2.981
5209,2.796,2.981
5210,2.703,2.981
5211,2.620,2.981
5212,2.551,2.981
5213,2.493,2.981
5214,2.458,2.986
5215,2.458,2.986
5216,2.478,2.986
5217,2.483,2.986
5218,2.468,2.986
5219,2.444,2.986
5220,2.419,2.986
5221,2.395,2.986
5222,2.375,2.986
5223,2.361,2.986
5224,2.351,2.986
5225,2.341,2.986
5226,2.336,2.986
5227,2.326,2.986
5228,2.307,2.986
5229,2.292,2.986
5230,2.307,2.986
5231,2.424,2.986
5232,2.615,2.986
5233,2.766,2.986
5234,2.815,2.986
5235,2.776,2.986
5236,2.674,2.986
5237,2.595,2.986
5238,2.527,2.986
5239,2.473,2.986
5240,2.454,2.986
5241,2.454,2.986
5242,2.458,2.986
5243,2.458,2.986
5244,2.444,2.986
5245,2.414,2.986
5246,2.380,2.986
5247,2.361,2.986
5248,2.336,2.986
5249,2.317,2.986
5250,2.312,2.986
5251,2.307,2.986
5252,2.307,2.986
5253,2.307,2.986
5254,2.312,2.986
5255,2.307,2.986
5256,2.297,2.986
5257,2.312,2.986
5258,2.410,2.986
5259,2.576,2.986
5260,2.693,2.986
5261,2.713,2.986
5262,2.654,2.986
5263,2.576,2.986
5264,2.498,2.991
5265,2.444,2.991
5266,2.410,2.991
5267,2.395,2.991
5268,2.400,2.991
5269,2.410,2.991
5270,2.405,2.991
5271,2.395,2.991
5272,2.370,2.991
5273,2.346,2.991
5274,2.326,2.991
5275,2.312,2.991
5276,2.307,2.991
5277,2.302,2.991
5278,2.292,2.991
5279,2.278,2.991
5280,2.268,2.991
5281,2.263,2.991
5282,2.263,2.991
5283,2.253,2.991
5284,2.263,2.991
5285,2.317,2.991
5286,2.439,2.991
5287,2.556,2.991
5288,2.620,2.991
5289,2.600,2.991
5290,2.542,2.991
5291,2.483,2.991
5292,2.434,2.996
5293,2.395,2.996
5294,2.375,2.996
5295,2.385,2.996
5296,2.400,2.996
5297,2.405,2.996
5298,2.395,2.996
5299,2.380,2.996
5300,2.366,2.996
5301,2.346,2.996
5302,2.336,2.996
5303,2.326,2.996
5304,2.317,2.996
5305,2.317,2.996
5306,2.312,2.996
5307,2.302,2.996
5308,2.292,2.996
5309,2.326,2.996
5310,2.419,2.996
5311,2.542,2.996
5312,2.615,2.996
5313,2.615,2.996
5314,2.571,2.996
5315,2.517,2.996
5316,2.473,2.996
5317,2.434,2.996
5318,2.414,2.996
5319,2.424,2.996
5320,2.439,2.996
5321,2.444,2.996
5322,2.444,2.996
5323,2.429,2.996
5324,2.405,2.996
5325,2.375,2.996
5326,2.366,2.996
5327,2.361,2.996
5328,2.356,2.996
5329,2.346,2.996
5330,2.336,2.996
5331,2.331,2.996
5332,2.375,2.996
5333,2.483,2.996
5334,2.605,2.996
5335,2.678,2.996
5336,2.678,2.996
5337,2.630,2.996
5338,2.576,2.996
5339,2.527,2.996
5340,2.488,2.996
5341,2.463,2.996
5342,2.458,2.996
5343,2.473,2.996
5344,2.478,2.996
5345,2.473,2.996
5346,2.454,2.996
5347,2.424,2.996
5348,2.405,2.996
5349,2.395,2.996
5350,2.380,2.996
5351,2.375,2.996
5352,2.370,2.996
5353,2.361,2.996
5354,2.361,2.996
5355,2.366,2.996
5356,2.439,2.996
5357,2.586,2.996
5358,2.727,2.996
5359,2.786,2.996
5360,2.766,2.996
5361,2.703,2.996
5362,2.639,2.996
5363,2.581,2.996
5364,2.532,2.996
5365,2.512,3.001
5366,2.507,2.996
5367,2.512,2.996
5368,2.512,2.996
5369,2.498,3.001
5370,2.478,3.001
5371,2.449,3.001
5372,2.424,3.001
5373,2.410,3.001
5374,2.400,3.001
5375,2.395,3.001
5376,2.385,3.001
5377,2.380,3.001
5378,2.375,3.001
5379,2.366,3.001
5380,2.395,3.001
5381,2.517,3.001
5382,2.688,3.001
5383,2.810,3.001
5384,2.840,3.001
5385,2.791,3.001
5386,2.698,3.001
5387,2.620,3.001
5388,2.561,3.001
5389,2.522,3.001
5390,2.512,3.001
5391,2.517,3.001
5392,2.532,3.001
5393,2.527,3.001
5394,2.507,3.001
5395,2.478,3.001
5396,2.449,3.001
5397,2.424,3.001
5398,2.410,3.001
5399,2.395,3.001
5400,2.390,3.006
5401,2.385,3.001
5402,2.385,3.006
5403,2.375,3.006
5404,2.370,3.006
5405,2.370,3.006
5406,2.439,3.006
5407,2.634,3.006
5408,2.805,3.006
5409,2.874,3.006
5410,2.840,3.006
5411,2.747,3.006
5412,2.664,3.006
5413,2.600,3.006
5414,2.551,3.006
5415,2.527,3.006
5416,2.532,3.006
5417,2.551,3.006
5418,2.556,3.006
5419,2.551,3.006
5420,2.522,3.006
5421,2.488,3.006
5422,2.458,3.006
5423,2.439,3.001
5424,2.429,3.001
5425,2.419,2.996
5426,2.410,2.996
5427,2.400,2.996
5428,2.380,2.996
5429,2.380,3.001
5430,2.483,2.996
5431,2.669,3.001
5432,2.849,3.001
5433,2.923,3.001
5434,2.864,3.001
5435,2.766,3.006
5436,2.683,3.006
5437,2.610,3.006
5438,2.556,3.006
5439,2.546,3.006
5440,2.561,3.006
5441,2.586,3.006
5442,2.581,3.006
5443,2.556,3.006
5444,2.512,3.006
5445,2.478,3.011
5446,2.458,3.011
5447,2.444,3.006
5448,2.444,3.011
5449,2.434,3.011
5450,2.419,3.011
5451,2.405,3.011
5452,2.385,3.011
5453,2.380,3.011
5454,2.400,3.011
5455,2.512,3.006
5456,2.717,3.006
5457,2.908,3.006
5458,2.981,3.006
5459,2.933,3.006
5460,2.825,3.011
5461,2.717,3.011
5462,2.634,3.011
5463,2.576,3.011
5464,2.556,3.011
5465,2.566,3.011
5466,2.576,3.011
5467,2.571,3.011
5468,2.542,3.011
5469,2.493,3.011
5470,2.449,3.011
5471,2.434,3.011
5472,2.424,3.011
5473,2.419,3.011
5474,2.410,3.011
5475,2.395,3.011
5476,2.380,3.011
5477,2.366,3.016
5478,2.366,3.011
5479,2.434,3.011
5480,2.630,3.011
5481,2.864,3.011
5482,3.016,3.011
5483,3.016,3.011
5484,2.918,3.011
5485,2.801,3.011
5486,2.703,3.011
5487,2.615,3.016
5488,2.566,3.011
5489,2.561,3.016
5490,2.566,3.016
5491,2.581,3.011
5492,2.571,3.016
5493,2.542,3.016
5494,2.502,3.016
5495,2.468,3.016
5496,2.439,3.016
5497,2.414,3.016
5498,2.400,3.016
5499,2.390,3.016
5500,2.380,3.016
5501,2.361,3.016
5502,2.356,3.016
5503,2.424,3.021
5504,2.615,3.016
5505,2.830,3.016
5506,2.947,3.016
5507,2.942,3.016
5508,2.849,3.016
5509,2.737,3.021
5510,2.644,3.021
5511,2.566,3.021
5512,2.532,3.016
5513,2.522,3.021
5514,2.532,3.016
5515,2.542,3.016
5516,2.522,3.021
5517,2.488,3.021
5518,2.454,3.021
5519,2.429,3.021
5520,2.405,3.021
5521,2.400,3.021
5522,2.390,3.021
5523,2.375,3.021
5524,2.361,3.021
5525,2.346,3.021
5526,2.341,3.025
5527,2.405,3.025
5528,2.581,3.021
5529,2.786,3.025
5530,2.903,3.021
5531,2.893,3.021
5532,2.801,3.021
5533,2.688,3.021
5534,2.600,3.021
5535,2.522,3.021
5536,2.493,3.025
5537,2.502,3.021
5538,2.522,3.025
5539,2.532,3.025
5540,2.522,3.021
5541,2.483,3.025
5542,2.449,3.021
5543,2.419,3.021
5544,2.395,3.021
5545,2.390,3.021
5546,2.385,3.021
5547,2.375,3.025
5548,2.366,3.025
5549,2.361,3.025
5550,2.414,3.025
5551,2.581,3.021
5552,2.776,3.025
5553,2.889,3.025
5554,2.874,3.025
5555,2.786,3.025
5556,2.678,3.025
5557,2.590,3.025
5558,2.522,3.025
5559,2.493,3.025
5560,2.502,3.025
5561,2.522,3.025
5562,2.532,3.025
5563,2.517,3.025
5564,2.483,3.025
5565,2.463,3.025
5566,2.444,3.025
5567,2.429,3.025
5568,2.419,3.025
5569,2.419,3.025
5570,2.414,3.025
5571,2.414,3.025
5572,2.410,3.025
5573,2.468,3.025
5574,2.639,3.025
5575,2.820,3.025
5576,2.908,3.030
5577,2.879,3.030
5578,2.801,3.025
5579,2.713,3.025
5580,2.634,3.025
5581,2.576,3.025
5582,2.546,3.030
5583,2.551,3.030
5584,2.571,3.030
5585,2.581,3.030
5586,2.571,3.030
5587,2.527,3.030
5588,2.483,3.030
5589,2.444,3.030
5590,2.419,3.030
5591,2.405,3.030
5592,2.405,3.030
5593,2.390,3.030
5594,2.375,3.030
5595,2.361,3.030
5596,2.405,3.030
5597,2.556,3.030
5598,2.737,3.030
5599,2.845,3.030
5600,2.830,3.030
5601,2.752,3.030
5602,2.669,3.035
5603,2.600,3.030
5604,2.542,3.035
5605,2.507,3.030
5606,2.502,3.035
5607,2.517,3.035
5608,2.522,3.035
5609,2.498,3.035
5610,2.468,3.035
5611,2.424,3.035
5612,2.390,3.035
5613,2.366,3.035
5614,2.356,3.035
5615,2.356,3.035
5616,2.346,3.035
5617,2.331,3.035
5618,2.317,3.035
5619,2.331,3.035
5620,2.414,3.035
5621,2.586,3.035
5622,2.737,3.035
5623,2.796,3.035
5624,2.747,3.035
5625,2.659,3.035
5626,2.581,3.035
5627,2.527,3.035
5628,2.483,3.035
5629,2.458,3.035
5630,2.458,3.035
5631,2.468,3.035
5632,2.458,3.035
5633,2.439,3.035
5634,2.410,3.035
5635,2.385,3.035
5636,2.366,3.040
5637,2.346,3.035
5638,2.336,3.040
5639,2.322,3.040
5640,2.317,3.040
5641,2.312,3.040
5642,2.302,3.040
5643,2.297,3.040
5644,2.322,3.040
5645,2.429,3.040
5646,2.595,3.040
5647,2.708,3.040
5648,2.732,3.040
5649,2.683,3.040
5650,2.605,3.040
5651,2.537,3.040
5652,2.478,3.040
5653,2.444,3.040
5654,2.434,3.040
5655,2.444,3.040
5656,2.449,3.040
5657,2.449,3.040
5658,2.429,3.040
5659,2.405,3.040
5660,2.380,3.040
5661,2.366,3.040
5662,2.361,3.040
5663,2.361,3.040
5664,2.351,3.040
5665,2.351,3.040
5666,2.336,3.045
5667,2.361,3.045
5668,2.458,3.045
5669,2.605,3.040
5670,2.708,3.045
5671,2.732,3.040
5672,2.688,3.045
5673,2.620,3.045
5674,2.551,3.045
5675,2.488,3.045
5676,2.458,3.045
5677,2.454,3.045
5678,2.458,3.045
5679,2.463,3.045
5680,2.449,3.045
5681,2.429,3.045
5682,2.405,3.045
5683,2.390,3.045
5684,2.375,3.045
5685,2.366,3.045
5686,2.361,3.045
5687,2.361,3.045
5688,2.356,3.045
5689,2.341,3.045
5690,2.336,3.045
5691,2.395,3.045
5692,2.527,3.045
5693,2.669,3.045
5694,2.732,3.045
5695,2.717,3.045
5696,2.649,3.045
5697,2.586,3.045
5698,2.542,3.045
5699,2.507,3.045
5700,2.493,3.050
5701,2.498,3.050
5702,2.498,3.050
5703,2.493,3.050
5704,2.478,3.050
5705,2.454,3.050
5706,2.429,3.050
5707,2.414,3.050
5708,2.400,3.050
5709,2.390,3.050
5710,2.380,3.050
5711,2.375,3.050
5712,2.366,3.050
5713,2.351,3.050
5714,2.336,3.050
5715,2.336,3.050
5716,2.375,3.050
5717,2.507,3.050
5718,2.644,3.050
5719,2.727,3.050
5720,2.713,3.050
5721,2.654,3.050
5722,2.590,3.050
5723,2.546,3.050
5724,2.507,3.050
5725,2.483,3.050
5726,2.478,3.050
5727,2.478,3.050
5728,2.478,3.055
5729,2.473,3.050
5730,2.454,3.055
5731,2.439,3.055
5732,2.419,3.055
5733,2.410,3.055
5734,2.405,3.055
5735,2.395,3.055
5736,2.385,3.055
5737,2.375,3.055
5738,2.366,3.055
5739,2.366,3.055
5740,2.419,3.055
5741,2.546,3.055
5742,2.683,3.055
5743,2.766,3.055
5744,2.761,3.055
5745,2.717,3.055
5746,2.649,3.055
5747,2.595,3.055
5748,2.546,3.055
5749,2.542,3.055
5750,2.542,3.055
5751,2.551,3.055
5752,2.546,3.055
5753,2.522,3.055
5754,2.498,3.055
5755,2.468,3.055
5756,2.454,3.055
5757,2.444,3.055
5758,2.434,3.055
5759,2.429,3.055
5760,2.424,3.055
5761,2.414,3.060
5762,2.400,3.060
5763,2.390,3.060
5764,2.458,3.060
5765,2.610,3.060
5766,2.747,3.060
5767,2.815,3.060
5768,2.805,3.060
5769,2.737,3.060
5770,2.669,3.060
5771,2.615,3.060
5772,2.571,3.060
5773,2.546,3.060
5774,2.542,3.060
5775,2.551,3.060
5776,2.566,3.060
5777,2.551,3.060
5778,2.522,3.060
5779,2.493,3.060
5780,2.478,3.060
5781,2.468,3.060
5782,2.454,3.060
5783,2.439,3.060
5784,2.419,3.060
5785,2.410,3.060
5786,2.390,3.060
5787,2.385,3.060
5788,2.410,3.065
5789,2.517,3.060
5790,2.659,3.065
5791,2.757,3.060
5792,2.771,3.065
5793,2.732,3.065
5794,2.659,3.065
5795,2.595,3.065
5796,2.546,3.065
5797,2.522,3.065
5798,2.517,3.065
5799,2.522,3.065
5800,2.527,3.065
5801,2.517,3.065
5802,2.493,3.065
5803,2.468,3.065
5804,2.449,3.065
5805,2.424,3.065
5806,2.419,3.065
5807,2.410,3.065
5808,2.400,3.065
5809,2.390,3.065
5810,2.370,3.065
5811,2.375,3.065
5812,2.463,3.065
5813,2.610,3.065
5814,2.732,3.065
5815,2.786,3.065
5816,2.766,3.065
5817,2.698,3.065
5818,2.610,3.065
5819,2.532,3.065
5820,2.488,3.069
5821,2.488,3.069
5822,2.522,3.065
5823,2.551,3.065
5824,2.566,3.065
5825,2.561,3.069
5826,2.542,3.069
5827,2.522,3.069
5828,2.502,3.069
5829,2.488,3.069
5830,2.478,3.069
5831,2.463,3.069
5832,2.454,3.069
5833,2.439,3.069
5834,2.454,3.069
5835,2.527,3.069
5836,2.669,3.069
5837,2.781,3.069
5838,2.815,3.069
5839,2.781,3.069
5840,2.717,3.069
5841,2.639,3.069
5842,2.576,3.069
5843,2.532,3.069
5844,2.512,3.069
5845,2.527,3.069
5846,2.542,3.069
5847,2.546,3.069
5848,2.527,3.069
5849,2.493,3.069
5850,2.463,3.074
5851,2.444,3.074
5852,2.429,3.074
5853,2.419,3.074
5854,2.405,3.074
5855,2.405,3.074
5856,2.449,3.074
5857,2.576,3.074
5858,2.737,3.074
5859,2.835,3.074
5860,2.835,3.074
5861,2.766,3.074
5862,2.678,3.074
5863,2.615,3.074
5864,2.566,3.074
5865,2.551,3.074
5866,2.566,3.074
5867,2.586,3.074
5868,2.595,3.074
5869,2.586,3.074
5870,2.556,3.074
5871,2.522,3.074
5872,2.493,3.074
5873,2.468,3.074
5874,2.449,3.074
5875,2.439,3.074
5876,2.429,3.074
5877,2.434,3.074
5878,2.498,3.079
5879,2.664,3.074
5880,2.835,3.079
5881,2.923,3.079
5882,2.913,3.079
5883,2.830,3.079
5884,2.747,3.079
5885,2.669,3.079
5886,2.610,3.079
5887,2.576,3.079
5888,2.571,3.079
5889,2.571,3.079
5890,2.571,3.079
5891,2.556,3.079
5892,2.522,3.079
5893,2.483,3.079
5894,2.449,3.079
5895,2.419,3.079
5896,2.405,3.079
5897,2.400,3.079
5898,2.390,3.079
5899,2.395,3.079
5900,2.473,3.079
5901,2.639,3.079
5902,2.815,3.079
5903,2.889,3.079
5904,2.869,3.079
5905,2.791,3.079
5906,2.708,3.079
5907,2.630,3.079
5908,2.581,3.079
5909,2.551,3.079
5910,2.532,3.079
5911,2.532,3.079
5912,2.527,3.079
5913,2.507,3.079
5914,2.478,3.084
5915,2.449,3.084
5916,2.429,3.084
5917,2.405,3.084
5918,2.390,3.084
5919,2.370,3.084
5920,2.356,3.084
5921,2.351,3.084
5922,2.390,3.084
5923,2.532,3.084
5924,2.708,3.084
5925,2.825,3.084
5926,2.840,3.084
5927,2.771,3.084
5928,2.678,3.084
5929,2.590,3.084
5930,2.532,3.084
5931,2.493,3.084
5932,2.488,3.084
5933,2.493,3.084
5934,2.502,3.084
5935,2.493,3.084
5936,2.478,3.084
5937,2.458,3.084
5938,2.454,3.084
5939,2.444,3.084
5940,2.439,3.084
5941,2.419,3.084
5942,2.400,3.084
5943,2.366,3.084
5944,2.375,3.084
5945,2.473,3.084
5946,2.649,3.084
5947,2.805,3.084
5948,2.840,3.084
5949,2.786,3.089
5950,2.703,3.089
5951,2.615,3.089
5952,2.556,3.084
5953,2.512,3.089
5954,2.502,3.089
5955,2.507,3.089
5956,2.512,3.089
5957,2.502,3.089
5958,2.478,3.089
5959,2.444,3.089
5960,2.410,3.089
5961,2.395,3.089
5962,2.375,3.089
5963,2.366,3.089
5964,2.351,3.089
5965,2.341,3.089
5966,2.380,3.089
5967,2.517,3.089
5968,2.693,3.089
5969,2.810,3.089
5970,2.820,3.089
5971,2.747,3.089
5972,2.649,3.089
5973,2.571,3.089
5974,2.512,3.089
5975,2.473,3.089
5976,2.473,3.089
5977,2.483,3.089
5978,2.483,3.089
5979,2.473,3.089
5980,2.449,3.089
5981,2.410,3.089
5982,2.385,3.089
5983,2.366,3.089
5984,2.346,3.094
5985,2.341,3.094
5986,2.336,3.094
5987,2.346,3.094
5988,2.410,3.094
5989,2.566,3.094
5990,2.727,3.089
5991,2.786,3.094
5992,2.747,3.094
5993,2.659,3.094
5994,2.586,3.094
5995,2.532,3.094
5996,2.488,3.094
5997,2.483,3.094
5998,2.488,3.094
5999,2.493,3.094
6000,2.483,3.094
6001,2.458,3.094
6002,2.419,3.094
6003,2.400,3.094
6004,2.370,3.094
6005,2.346,3.094
6006,2.326,3.094
6007,2.312,3.094
6008,2.302,3.094
6009,2.326,3.094
6010,2.424,3.094
6011,2.581,3.094
6012,2.698,3.094
6013,2.722,3.094
6014,2.678,3.094
6015,2.605,3.094
6016,2.537,3.094
6017,2.483,3.094
6018,2.454,3.094
6019,2.444,3.094
6020,2.444,3.094
6021,2.449,3.094
6022,2.439,3.099
6023,2.419,3.094
6024,2.395,3.099
6025,2.370,3.099
6026,2.346,3.099
6027,2.331,3.099
6028,2.326,3.099
6029,2.317,3.099
6030,2.312,3.099
6031,2.307,3.099
6032,2.380,3.099
6033,2.512,3.099
6034,2.625,3.099
6035,2.669,3.099
6036,2.639,3.099
6037,2.571,3.099
6038,2.507,3.099
6039,2.454,3.099
6040,2.414,3.099
6041,2.395,3.099
6042,2.395,3.099
6043,2.395,3.099
6044,2.385,3.099
6045,2.366,3.099
6046,2.346,3.099
6047,2.326,3.099
6048,2.312,3.099
6049,2.307,3.099
6050,2.297,3.099
6051,2.292,3.099
6052,2.287,3.099
6053,2.278,3.099
6054,2.283,3.099
6055,2.341,3.099
6056,2.439,3.099
6057,2.527,3.099
6058,2.556,3.099
6059,2.532,3.099
6060,2.483,3.099
6061,2.444,3.104
6062,2.410,3.099
6063,2.380,3.099
6064,2.375,3.104
6065,2.385,3.104
6066,2.390,3.104
6067,2.385,3.104
6068,2.375,3.104
6069,2.351,3.104
6070,2.336,3.104
6071,2.326,3.104
6072,2.322,3.104
6073,2.322,3.104
6074,2.317,3.104
6075,2.307,3.104
6076,2.312,3.104
6077,2.356,3.104
6078,2.429,3.104
6079,2.493,3.104
6080,2.512,3.104
6081,2.502,3.104
6082,2.463,3.104
6083,2.434,3.104
6084,2.400,3.104
6085,2.385,3.104
6086,2.380,3.104
6087,2.380,3.104
6088,2.385,3.104
6089,2.385,3.104
6090,2.375,3.104
6091,2.366,3.104
6092,2.351,3.104
6093,2.341,3.104
6094,2.331,3.104
6095,2.331,3.104
6096,2.322,3.104
6097,2.322,3.104
6098,2.326,3.104
6099,2.331,3.104
6100,2.341,3.104
6101,2.405,3.104
6102,2.478,3.104
6103,2.512,3.104
6104,2.512,3.104
6105,2.483,3.109
6106,2.454,3.109
6107,2.429,3.104
6108,2.419,3.109
6109,2.405,3.109
6110,2.400,3.109
6111,2.400,3.109
6112,2.405,3.109
6113,2.410,3.109
6114,2.410,3.109
6115,2.400,3.109
6116,2.395,3.109
6117,2.385,3.109
6118,2.385,3.109
6119,2.380,3.109
6120,2.375,3.109
6121,2.370,3.109
6122,2.366,3.109
6123,2.356,3.109
6124,2.361,3.109
6125,2.400,3.109
6126,2.468,3.109
6127,2.532,3.109
6128,2.556,3.109
6129,2.542,3.109
6130,2.517,3.109
6131,2.483,3.109
6132,2.463,3.109
6133,2.444,3.109
6134,2.434,3.109
6135,2.439,3.109
6136,2.444,3.109
6137,2.439,3.109
6138,2.429,3.109
6139,2.429,3.109
6140,2.414,3.109
6141,2.400,3.109
6142,2.395,3.109
6143,2.385,3.109
6144,2.380,3.109
6145,2.370,3.109
6146,2.370,3.109
6147,2.375,3.109
6148,2.366,3.109
6149,2.380,3.109
6150,2.439,3.109
6151,2.517,3.109
6152,2.571,3.109
6153,2.586,3.109
6154,2.566,3.109
6155,2.537,3.109
6156,2.512,3.109
6157,2.488,3.109
6158,2.473,3.109
6159,2.468,3.109
6160,2.478,3.109
6161,2.483,3.109
6162,2.483,3.109
6163,2.488,3.109
6164,2.478,3.109
6165,2.468,3.109
6166,2.449,3.109
6167,2.434,3.109
6168,2.424,3.109
6169,2.414,3.109
6170,2.405,3.109
6171,2.405,3.109
6172,2.429,3.109
6173,2.507,3.109
6174,2.610,3.109
6175,2.674,3.109
6176,2.674,3.109
6177,2.639,3.109
6178,2.590,3.109
6179,2.551,3.109
6180,2.512,3.109
6181,2.488,3.109
6182,2.478,3.109
6183,2.483,3.109
6184,2.493,3.109
6185,2.488,3.109
6186,2.478,3.109
6187,2.468,3.109
6188,2.454,3.109
6189,2.444,3.109
6190,2.439,3.109
6191,2.434,3.109
6192,2.429,3.109
6193,2.414,3.109
6194,2.410,3.109
6195,2.410,3.109
6196,2.458,3.109
6197,2.561,3.109
6198,2.674,3.109
6199,2.732,3.109
6200,2.732,3.109
6201,2.683,3.109
6202,2.634,3.109
6203,2.581,3.109
6204,2.556,3.109
6205,2.532,3.109
6206,2.532,3.109
6207,2.532,3.109
6208,2.532,3.109
6209,2.522,3.109
6210,2.502,3.109
6211,2.483,3.113
6212,2.463,3.113
6213,2.449,3.113
6214,2.439,3.113
6215,2.429,3.113
6216,2.424,3.113
6217,2.414,3.113
6218,2.405,3.113
6219,2.419,3.113
6220,2.483,3.113
6221,2.615,3.113
6222,2.717,3.113
6223,2.761,3.113
6224,2.742,3.113
6225,2.693,3.113
6226,2.639,3.113
6227,2.595,3.113
6228,2.556,3.113
6229,2.551,3.113
6230,2.561,3.113
6231,2.571,3.113
6232,2.566,3.113
6233,2.551,3.113
6234,2.522,3.113
6235,2.498,3.113
6236,2.478,3.113
6237,2.468,3.113
6238,2.463,3.113
6239,2.454,3.113
6240,2.444,3.113
6241,2.444,3.113
6242,2.498,3.113
6243,2.630,3.113
6244,2.752,3.113
6245,2.815,3.113
6246,2.801,3.113
6247,2.752,3.113
6248,2.688,3.113
6249,2.630,3.113
6250,2.595,3.113
6251,2.576,3.113
6252,2.571,3.113
6253,2.581,3.113
6254,2.581,3.113
6255,2.566,3.113
6256,2.542,3.113
6257,2.512,3.113
6258,2.493,3.113
6259,2.478,3.113
6260,2.468,3.113
6261,2.454,3.113
6262,2.449,3.109
6263,2.439,3.109
6264,2.429,3.109
6265,2.424,3.109
6266,2.449,3.113
6267,2.551,3.113
6268,2.698,3.113
6269,2.820,3.113
6270,2.869,3.113
6271,2.835,3.113
6272,2.771,3.113
6273,2.713,3.113
6274,2.659,3.113
6275,2.615,3.113
6276,2.590,3.113
6277,2.590,3.113
6278,2.600,3.113
6279,2.595,3.113
6280,2.581,3.113
6281,2.561,3.113
6282,2.537,3.113
6283,2.512,3.113
6284,2.488,3.113
6285,2.473,3.113
6286,2.458,3.113
6287,2.449,3.113
6288,2.439,3.113
6289,2.434,3.113
6290,2.424,3.113
6291,2.434,3.113
6292,2.527,3.113
6293,2.674,3.113
6294,2.801,3.113
6295,2.849,3.113
6296,2.825,3.113
6297,2.761,3.113
6298,2.688,3.113
6299,2.630,3.113
6300,2.590,3.113
6301,2.571,3.113
6302,2.566,3.113
6303,2.576,3.113
6304,2.576,3.113
6305,2.561,3.113
6306,2.537,3.113
6307,2.512,3.113
6308,2.493,3.113
6309,2.473,3.113
6310,2.458,3.113
6311,2.449,3.113
6312,2.444,3.113
6313,2.434,3.113
6314,2.419,3.118
6315,2.454,3.113
6316,2.571,3.113
6317,2.737,3.113
6318,2.830,3.113
6319,2.845,3.113
6320,2.796,3.113
6321,2.732,3.113
6322,2.664,3.113
6323,2.615,3.113
6324,2.586,3.118
6325,2.581,3.113
6326,2.590,3.113
6327,2.590,3.113
6328,2.581,3.118
6329,2.556,3.113
6330,2.527,3.118
6331,2.502,3.118
6332,2.478,3.118
6333,2.463,3.118
6334,2.458,3.118
6335,2.449,3.118
6336,2.439,3.118
6337,2.424,3.118
6338,2.429,3.118
6339,2.498,3.113
6340,2.649,3.113
6341,2.801,3.113
6342,2.879,3.113
6343,2.869,3.118
6344,2.805,3.113
6345,2.727,3.118
6346,2.664,3.113
6347,2.615,3.113
6348,2.590,3.113
6349,2.586,3.118
6350,2.586,3.113
6351,2.590,3.118
6352,2.576,3.118
6353,2.556,3.118
6354,2.532,3.118
6355,2.502,3.118
6356,2.478,3.118
6357,2.458,3.118
6358,2.449,3.118
6359,2.439,3.118
6360,2.429,3.118
6361,2.424,3.118
6362,2.414,3.118
6363,2.483,3.118
6364,2.634,3.118
6365,2.781,3.118
6366,2.864,3.118
6367,2.864,3.118
6368,2.801,3.118
6369,2.722,3.118
6370,2.659,3.118
6371,2.600,3.118
6372,2.576,3.118
6373,2.571,3.118
6374,2.581,3.118
6375,2.595,3.118
6376,2.586,3.118
6377,2.571,3.118
6378,2.537,3.118
6379,2.512,3.118
6380,2.488,3.118
6381,2.468,3.118
6382,2.458,3.118
6383,2.449,3.118
6384,2.439,3.118
6385,2.434,3.118
6386,2.458,3.118
6387,2.566,3.118
6388,2.722,3.118
6389,2.840,3.113
6390,2.869,3.113
6391,2.830,3.118
6392,2.752,3.118
6393,2.678,3.118
6394,2.620,3.118
6395,2.576,3.113
6396,2.566,3.109
6397,2.576,3.113
6398,2.581,3.113
6399,2.581,3.113
6400,2.561,3.113
6401,2.537,3.118
6402,2.498,3.118
6403,2.468,3.118
6404,2.458,3.118
6405,2.444,3.118
6406,2.434,3.118
6407,2.429,3.118
6408,2.419,3.118
6409,2.405,3.118
6410,2.424,3.118
6411,2.517,3.118
6412,2.688,3.118
6413,2.845,3.118
6414,2.913,3.118
6415,2.893,3.123
6416,2.820,3.123
6417,2.742,3.123
6418,2.674,3.123
6419,2.620,3.123
6420,2.586,3.123
6421,2.586,3.123
6422,2.586,3.123
6423,2.581,3.123
6424,2.576,3.123
6425,2.542,3.123
6426,2.507,3.123
6427,2.478,3.123
6428,2.449,3.123
6429,2.434,3.123
6430,2.434,3.123
6431,2.419,3.123
6432,2.410,3.123
6433,2.395,3.123
6434,2.400,3.123
6435,2.478,3.123
6436,2.639,3.123
6437,2.805,3.123
6438,2.884,3.123
6439,2.874,3.123
6440,2.776,3.123
6441,2.708,3.123
6442,2.639,3.123
6443,2.586,3.123
6444,2.551,3.123
6445,2.551,3.123
6446,2.571,3.123
6447,2.576,3.128
6448,2.561,3.123
6449,2.542,3.123
6450,2.517,3.123
6451,2.493,3.128
6452,2.458,3.128
6453,2.434,3.128
6454,2.419,3.128
6455,2.410,3.128
6456,2.405,3.123
6457,2.424,3.123
6458,2.542,3.123
6459,2.732,3.128
6460,2.869,3.128
6461,2.893,3.128
6462,2.854,3.128
6463,2.766,3.128
6464,2.683,3.128
6465,2.610,3.128
6466,2.551,3.128
6467,2.546,3.128
6468,2.566,3.128
6469,2.586,3.128
6470,2.566,3.128
6471,2.532,3.128
6472,2.498,3.128
6473,2.468,3.128
6474,2.454,3.128
6475,2.439,3.128
6476,2.419,3.128
6477,2.410,3.128
6478,2.400,3.128
6479,2.390,3.128
6480,2.380,3.128
6481,2.400,3.128
6482,2.502,3.128
6483,2.698,3.128
6484,2.869,3.128
6485,2.947,3.128
6486,2.913,3.128
6487,2.801,3.128
6488,2.717,3.128
6489,2.644,3.128
6490,2.590,3.128
6491,2.576,3.128
6492,2.571,3.128
6493,2.581,3.128
6494,2.576,3.128
6495,2.551,3.128
6496,2.512,3.128
6497,2.473,3.128
6498,2.444,3.128
6499,2.419,3.128
6500,2.405,3.133
6501,2.395,3.128
6502,2.390,3.133
6503,2.380,3.133
6504,2.366,3.133
6505,2.341,3.133
6506,2.346,3.133
6507,2.414,3.133
6508,2.581,3.128
6509,2.757,3.128
6510,2.859,3.133
6511,2.849,3.128
6512,2.771,3.133
6513,2.674,3.133
6514,2.600,3.133
6515,2.546,3.133
6516,2.517,3.133
6517,2.507,3.133
6518,2.517,3.133
6519,2.517,3.133
6520,2.502,3.133
6521,2.473,3.133
6522,2.444,3.133
6523,2.414,3.133
6524,2.395,3.133
6525,2.370,3.133
6526,2.366,3.133
6527,2.351,3.133
6528,2.336,3.133
6529,2.317,3.133
6530,2.307,3.133
6531,2.361,3.133
6532,2.498,3.133
6533,2.654,3.133
6534,2.747,3.133
6535,2.752,3.133
6536,2.683,3.133
6537,2.595,3.133
6538,2.522,3.133
6539,2.458,3.133
6540,2.424,3.133
6541,2.424,3.133
6542,2.449,3.133
6543,2.463,3.133
6544,2.449,3.133
6545,2.424,3.133
6546,2.390,3.133
6547,2.370,3.133
6548,2.351,3.133
6549,2.331,3.133
6550,2.317,3.133
6551,2.307,3.133
6552,2.292,3.133
6553,2.302,3.138
6554,2.370,3.133
6555,2.512,3.133
6556,2.639,3.133
6557,2.693,3.133
6558,2.678,3.133
6559,2.610,3.138
6560,2.542,3.138
6561,2.478,3.138
6562,2.429,3.138
6563,2.419,3.138
6564,2.424,3.138
6565,2.429,3.138
6566,2.414,3.138
6567,2.390,3.138
6568,2.370,3.138
6569,2.351,3.138
6570,2.341,3.138
6571,2.331,3.138
6572,2.317,3.138
6573,2.307,3.138
6574,2.302,3.138
6575,2.292,3.138
6576,2.292,3.138
6577,2.312,3.138
6578,2.395,3.138
6579,2.512,3.138
6580,2.605,3.138
6581,2.634,3.138
6582,2.605,3.138
6583,2.546,3.138
6584,2.493,3.138
6585,2.454,3.138
6586,2.424,3.138
6587,2.414,3.138
6588,2.405,3.138
6589,2.410,3.138
6590,2.400,3.138
6591,2.390,3.138
6592,2.375,3.138
6593,2.361,3.138
6594,2.346,3.138
6595,2.336,3.138
6596,2.331,3.138
6597,2.326,3.133
6598,2.317,3.133
6599,2.312,3.133
6600,2.307,3.133
6601,2.297,3.133
6602,2.331,3.133
6603,2.405,3.133
6604,2.498,3.133
6605,2.556,3.133
6606,2.556,3.133
6607,2.517,3.133
6608,2.478,3.133
6609,2.444,3.133
6610,2.419,3.133
6611,2.400,3.133
6612,2.400,3.133
6613,2.395,3.133
6614,2.390,3.133
6615,2.380,3.133
6616,2.370,3.133
6617,2.366,3.133
6618,2.351,3.133
6619,2.341,3.133
6620,2.336,3.133
6621,2.331,3.133
6622,2.326,3.133
6623,2.322,3.133
6624,2.317,3.133
6625,2.317,3.133
6626,2.356,3.133
6627,2.424,3.133
6628,2.493,3.133
6629,2.527,3.133
6630,2.522,3.133
6631,2.498,3.133
6632,2.468,3.133
6633,2.434,3.133
6634,2.414,3.138
6635,2.410,3.133
6636,2.414,3.138
6637,2.419,3.133
6638,2.419,3.138
6639,2.414,3.138
6640,2.390,3.138
6641,2.375,3.138
6642,2.370,3.138
6643,2.361,3.138
6644,2.361,3.138
6645,2.361,3.138
6646,2.346,3.138
6647,2.346,3.138
6648,2.341,3.138
6649,2.336,3.138
6650,2.341,3.138
6651,2.375,3.138
6652,2.449,3.138
6653,2.527,3.138
6654,2.561,3.138
6655,2.551,3.138
6656,2.522,3.138
6657,2.493,3.138
6658,2.463,3.138
6659,2.444,3.138
6660,2.434,3.138
6661,2.434,3.138
6662,2.444,3.138
6663,2.439,3.138
6664,2.429,3.138
6665,2.414,3.138
6666,2.405,3.138
6667,2.395,3.138
6668,2.390,3.138
6669,2.380,3.138
6670,2.375,3.138
6671,2.370,3.138
6672,2.370,3.138
6673,2.370,3.138
6674,2.366,3.138
6675,2.361,3.138
6676,2.366,3.138
6677,2.419,3.138
6678,2.493,3.138
6679,2.551,3.138
6680,2.571,3.138
6681,2.556,3.138
6682,2.527,3.138
6683,2.502,3.138
6684,2.483,3.138
6685,2.463,3.138
6686,2.463,3.138
6687,2.468,3.138
6688,2.473,3.138
6689,2.473,3.138
6690,2.463,3.138
6691,2.444,3.138
6692,2.429,3.138
6693,2.419,3.143
6694,2.410,3.138
6695,2.410,3.143
6696,2.400,3.143
6697,2.400,3.143
6698,2.395,3.138
6699,2.385,3.143
6700,2.400,3.143
6701,2.444,3.143
6702,2.527,3.143
6703,2.605,3.143
6704,2.634,3.143
6705,2.630,3.143
6706,2.600,3.143
6707,2.571,3.143
6708,2.537,3.143
6709,2.512,3.143
6710,2.502,3.143
6711,2.507,3.143
6712,2.522,3.143
6713,2.522,3.143
6714,2.507,3.143
6715,2.493,3.143
6716,2.473,3.143
6717,2.463,3.143
6718,2.449,3.143
6719,2.444,3.143
6720,2.449,3.143
6721,2.439,3.143
6722,2.434,3.143
6723,2.424,3.143
6724,2.424,3.143
6725,2.483,3.143
6726,2.590,3.143
6727,2.688,3.143
6728,2.727,3.143
6729,2.722,3.143
6730,2.683,3.143
6731,2.649,3.143
6732,2.615,3.143
6733,2.581,3.143
6734,2.561,3.143
6735,2.561,3.143
6736,2.556,3.143
6737,2.551,3.143
6738,2.546,3.143
6739,2.527,3.143
6740,2.512,3.143
6741,2.488,3.143
6742,2.483,3.143
6743,2.468,3.143
6744,2.454,3.143
6745,2.449,3.143
6746,2.444,3.143
6747,2.434,3.143
6748,2.424,3.143
6749,2.414,3.148
6750,2.439,3.148
6751,2.532,3.143
6752,2.669,3.143
6753,2.781,3.148
6754,2.825,3.148
6755,2.791,3.148
6756,2.732,3.148
6757,2.674,3.143
6758,2.630,3.148
6759,2.600,3.143
6760,2.586,3.148
6761,2.590,3.148
6762,2.595,3.148
6763,2.590,3.148
6764,2.571,3.148
6765,2.546,3.148
6766,2.517,3.148
6767,2.498,3.148
6768,2.488,3.148
6769,2.473,3.148
6770,2.463,3.148
6771,2.454,3.148
6772,2.444,3.148
6773,2.439,3.148
6774,2.434,3.148
6775,2.458,3.148
6776,2.551,3.148
6777,2.683,3.148
6778,2.801,3.148
6779,2.835,3.148
6780,2.801,3.148
6781,2.732,3.148
6782,2.669,3.148
6783,2.615,3.148
6784,2.576,3.148
6785,2.571,3.148
6786,2.586,3.148
6787,2.620,3.148
6788,2.659,3.148
6789,2.713,3.148
6790,2.766,3.148
6791,2.796,3.148
6792,2.786,3.148
6793,2.742,3.148
6794,2.683,3.148
6795,2.605,3.148
6796,2.537,3.148
6797,2.483,3.148
6798,2.493,3.148
6799,2.595,3.148
6800,2.752,3.148
6801,2.830,3.148
6802,2.820,3.148
6803,2.761,3.148
6804,2.688,3.143
6805,2.625,3.143
6806,2.566,3.143
6807,2.542,3.143
6808,2.542,3.143
6809,2.556,3.143
6810,2.561,3.148
6811,2.551,3.148
6812,2.527,3.148
6813,2.498,3.148
6814,2.463,3.148
6815,2.449,3.148
6816,2.434,3.148
6817,2.419,3.148
6818,2.410,3.148
6819,2.400,3.148
6820,2.395,3.152
6821,2.444,3.148
6822,2.581,3.148
6823,2.737,3.148
6824,2.845,3.152
6825,2.849,3.148
6826,2.786,3.152
6827,2.708,3.148
6828,2.639,3.152
6829,2.576,3.152
6830,2.546,3.152
6831,2.546,3.152
6832,2.551,3.148
6833,2.561,3.152
6834,2.546,3.148
6835,2.522,3.152
6836,2.488,3.148
6837,2.463,3.152
6838,2.439,3.152
6839,2.429,3.152
6840,2.419,3.152
6841,2.410,3.152
6842,2.414,3.152
6843,2.483,3.152
6844,2.615,3.152
6845,2.747,3.152
6846,2.810,3.152
6847,2.801,3.152
6848,2.737,3.152
6849,2.659,3.152
6850,2.590,3.152
6851,2.551,3.152
6852,2.542,3.152
6853,2.566,3.152
6854,2.586,3.152
6855,2.586,3.152
6856,2.561,3.152
6857,2.517,3.152
6858,2.488,3.152
6859,2.468,3.152
6860,2.449,3.152
6861,2.434,3.152
6862,2.419,3.152
6863,2.434,3.152
6864,2.546,3.152
6865,2.717,3.152
6866,2.864,3.152
6867,2.923,3.152
6868,2.884,3.152
6869,2.796,3.152
6870,2.722,3.152
6871,2.664,3.152
6872,2.610,3.152
6873,2.586,3.152
6874,2.576,3.152
6875,2.581,3.152
6876,2.576,3.152
6877,2.566,3.152
6878,2.542,3.152
6879,2.512,3.152
6880,2.488,3.152
6881,2.468,3.152
6882,2.449,3.152
6883,2.434,3.152
6884,2.424,3.152
6885,2.493,3.152
6886,2.678,3.152
6887,2.835,3.152
6888,2.908,3.152
6889,2.893,3.152
6890,2.835,3.152
6891,2.766,3.152
6892,2.703,3.152
6893,2.639,3.152
6894,2.600,3.152
6895,2.586,3.152
6896,2.586,3.152
6897,2.581,3.152
6898,2.571,3.152
6899,2.551,3.152
6900,2.532,3.152
6901,2.512,3.152
6902,2.488,3.152
6903,2.473,3.152
6904,2.454,3.152
6905,2.454,3.152
6906,2.527,3.152
6907,2.674,3.152
6908,2.815,3.152
6909,2.889,3.152
6910,2.869,3.152
6911,2.796,3.152
6912,2.722,3.152
6913,2.664,3.152
6914,2.615,3.152
6915,2.581,3.152
6916,2.566,3.152
6917,2.561,3.152
6918,2.556,3.152
6919,2.546,3.152
6920,2.532,3.152
6921,2.507,3.152
6922,2.478,3.152
6923,2.454,3.157
6924,2.444,3.152
6925,2.424,3.152
6926,2.410,3.152
6927,2.395,3.152
6928,2.424,3.152
6929,2.546,3.152
6930,2.708,3.152
6931,2.825,3.152
6932,2.859,3.157
6933,2.825,3.152
6934,2.766,3.157
6935,2.713,3.152
6936,2.659,3.157
6937,2.620,3.152
6938,2.595,3.157
6939,2.586,3.152
6940,2.576,3.157
6941,2.556,3.152
6942,2.532,3.157
6943,2.493,3.157
6944,2.483,3.157
6945,2.468,3.157
6946,2.454,3.157
6947,2.429,3.157
6948,2.395,3.157
6949,2.370,3.157
6950,2.366,3.157
6951,2.414,3.157
6952,2.556,3.157
6953,2.727,3.157
6954,2.825,3.157
6955,2.830,3.157
6956,2.766,3.157
6957,2.698,3.157
6958,2.649,3.157
6959,2.600,3.157
6960,2.561,3.157
6961,2.537,3.157
6962,2.522,3.157
6963,2.517,3.152
6964,2.512,3.157
6965,2.498,3.157
6966,2.478,3.157
6967,2.463,3.157
6968,2.449,3.157
6969,2.444,3.157
6970,2.449,3.157
6971,2.449,3.157
6972,2.444,3.157
6973,2.429,3.157
6974,2.410,3.157
6975,2.385,3.157
6976,2.419,3.157
6977,2.556,3.157
6978,2.727,3.157
6979,2.845,3.157
6980,2.864,3.157
6981,2.815,3.157
6982,2.752,3.157
6983,2.698,3.157
6984,2.659,3.157
6985,2.610,3.157
6986,2.566,3.157
6987,2.551,3.157
6988,2.556,3.157
6989,2.561,3.157
6990,2.551,3.157
6991,2.527,3.157
6992,2.498,3.157
6993,2.473,3.157
6994,2.458,3.157
6995,2.444,3.157
6996,2.434,3.157
6997,2.414,3.157
6998,2.395,3.157
6999,2.380,3.157
7000,2.375,3.162
7001,2.366,3.157
7002,2.410,3.162
7003,2.527,3.157
7004,2.664,3.162
7005,2.757,3.157
7006,2.761,3.162
7007,2.717,3.157
7008,2.644,3.162
7009,2.581,3.157
7010,2.532,3.157
7011,2.498,3.157
7012,2.473,3.157
7013,2.473,3.162
7014,2.468,3.162
7015,2.473,3.157
7016,2.463,3.162
7017,2.444,3.162
7018,2.419,3.162
7019,2.395,3.162
7020,2.375,3.162
7021,2.351,3.162
7022,2.331,3.162
7023,2.317,3.162
7024,2.312,3.162
7025,2.307,3.162
7026,2.297,3.162
7027,2.287,3.162
7028,2.336,3.162
7029,2.458,3.162
7030,2.610,3.162
7031,2.717,3.162
7032,2.737,3.162
7033,2.708,3.162
7034,2.654,3.162
7035,2.605,3.162
7036,2.566,3.162
7037,2.532,3.162
7038,2.512,3.162
7039,2.502,3.162
7040,2.483,3.162
7041,2.468,3.162
7042,2.444,3.162
7043,2.419,3.162
7044,2.390,3.162
7045,2.370,3.162
7046,2.356,3.162
7047,2.346,3.162
7048,2.336,3.162
7049,2.326,3.162
7050,2.317,3.162
7051,2.341,3.162
7052,2.434,3.162
7053,2.586,3.162
7054,2.703,3.162
7055,2.742,3.162
7056,2.708,3.162
7057,2.639,3.162
7058,2.571,3.162
7059,2.512,3.162
7060,2.468,3.162
7061,2.449,3.162
7062,2.434,3.162
7063,2.439,3.167
7064,2.429,3.162
7065,2.419,3.162
7066,2.390,3.162
7067,2.361,3.162
7068,2.346,3.162
7069,2.336,3.162
7070,2.331,3.167
7071,2.326,3.162
7072,2.322,3.167
7073,2.317,3.162
7074,2.312,3.167
7075,2.302,3.162
7076,2.326,3.167
7077,2.414,3.167
7078,2.551,3.167
7079,2.678,3.167
7080,2.732,3.167
7081,2.727,3.167
7082,2.693,3.167
7083,2.649,3.167
7084,2.610,3.167
7085,2.571,3.167
7086,2.537,3.162
7087,2.517,3.162
7088,2.488,3.162
7089,2.458,3.167
7090,2.434,3.167
7091,2.405,3.167
7092,2.390,3.167
7093,2.385,3.167
7094,2.385,3.167
7095,2.390,3.167
7096,2.390,3.167
7097,2.380,3.167
7098,2.366,3.167
7099,2.405,3.167
7100,2.522,3.167
7101,2.654,3.167
7102,2.727,3.167
7103,2.732,3.167
7104,2.688,3.167
7105,2.625,3.167
7106,2.551,3.167
7107,2.493,3.167
7108,2.463,3.167
7109,2.449,3.167
7110,2.444,3.167
7111,2.444,3.167
7112,2.439,3.167
7113,2.424,3.167
7114,2.405,3.167
7115,2.385,3.167
7116,2.370,3.167
7117,2.356,3.167
7118,2.341,3.167
7119,2.336,3.167
7120,2.331,3.167
7121,2.341,3.167
7122,2.400,3.167
7123,2.522,3.167
7124,2.639,3.167
7125,2.693,3.167
7126,2.678,3.167
7127,2.625,3.167
7128,2.551,3.167
7129,2.483,3.167
7130,2.449,3.167
7131,2.439,3.167
7132,2.449,3.167
7133,2.463,3.167
7134,2.473,3.167
7135,2.468,3.172
7136,2.458,3.167
7137,2.444,3.172
7138,2.419,3.167
7139,2.390,3.172
7140,2.370,3.167
7141,2.356,3.172
7142,2.351,3.172
7143,2.380,3.167
7144,2.468,3.172
7145,2.595,3.167
7146,2.693,3.172
7147,2.722,3.167
7148,2.688,3.172
7149,2.615,3.167
7150,2.546,3.172
7151,2.488,3.172
7152,2.454,3.172
7153,2.449,3.172
7154,2.454,3.172
7155,2.468,3.172
7156,2.473,3.172
7157,2.463,3.172
7158,2.439,3.172
7159,2.414,3.172
7160,2.395,3.172
7161,2.366,3.172
7162,2.351,3.172
7163,2.336,3.172
7164,2.336,3.172
7165,2.366,3.172
7166,2.458,3.172
7167,2.600,3.172
7168,2.708,3.172
7169,2.737,3.172
7170,2.688,3.172
7171,2.625,3.172
7172,2.556,3.172
7173,2.507,3.172
7174,2.478,3.172
7175,2.463,3.172
7176,2.468,3.172
7177,2.468,3.172
7178,2.454,3.172
7179,2.439,3.172
7180,2.424,3.172
7181,2.405,3.172
7182,2.390,3.172
7183,2.375,3.172
7184,2.370,3.172
7185,2.361,3.172
7186,2.370,3.172
7187,2.439,3.172
7188,2.576,3.172
7189,2.703,3.172
7190,2.757,3.172
7191,2.732,3.172
7192,2.664,3.172
7193,2.586,3.172
7194,2.522,3.172
7195,2.468,3.172
7196,2.454,3.172
7197,2.444,3.172
7198,2.454,3.172
7199,2.463,3.172
7200,2.454,3.172
7201,2.439,3.172
7202,2.419,3.172
7203,2.400,3.172
7204,2.385,3.172
7205,2.375,3.172
7206,2.361,3.172
7207,2.351,3.172
7208,2.366,3.172
7209,2.444,3.172
7210,2.581,3.172
7211,2.708,3.172
7212,2.757,3.172
7213,2.727,3.172
7214,2.659,3.172
7215,2.586,3.172
7216,2.527,3.172
7217,2.483,3.172
7218,2.468,3.172
7219,2.478,3.172
7220,2.488,3.177
7221,2.493,3.172
7222,2.478,3.172
7223,2.458,3.172
7224,2.434,3.177
7225,2.419,3.177
7226,2.410,3.177
7227,2.390,3.172
7228,2.390,3.177
7229,2.429,3.177
7230,2.532,3.172
7231,2.659,3.172
7232,2.747,3.177
7233,2.757,3.172
7234,2.698,3.177
7235,2.630,3.172
7236,2.566,3.177
7237,2.517,3.177
7238,2.488,3.177
7239,2.483,3.177
7240,2.488,3.177
7241,2.498,3.177
7242,2.488,3.177
7243,2.468,3.177
7244,2.454,3.177
7245,2.444,3.177
7246,2.439,3.177
7247,2.434,3.177
7248,2.444,3.177
7249,2.493,3.177
7250,2.630,3.172
7251,2.796,3.172
7252,2.928,3.172
7253,2.972,3.172
7254,2.937,3.172
7255,2.854,3.172
7256,2.771,3.172
7257,2.674,3.172
7258,2.595,3.172
7259,2.556,3.172
7260,2.517,3.172
7261,2.512,3.172
7262,2.498,3.172
7263,2.434,3.172
7264,2.356,3.172
7265,2.317,3.172
7266,2.356,3.172
7267,2.414,3.172
7268,2.444,3.172
7269,2.444,3.172
7270,2.493,3.172
7271,2.620,3.172
7272,2.737,3.172
7273,2.781,3.172
7274,2.747,3.172
7275,2.683,3.172
7276,2.620,3.172
7277,2.556,3.172
7278,2.498,3.172
7279,2.449,3.172
7280,2.434,3.172
7281,2.444,3.172
7282,2.449,3.172
7283,2.439,3.177
7284,2.424,3.177
7285,2.410,3.177
7286,2.395,3.182
7287,2.375,3.182
7288,2.370,3.187
7289,2.385,3.187
7290,2.483,3.192
7291,2.630,3.192
7292,2.742,3.192
7293,2.781,3.192
7294,2.761,3.196
7295,2.698,3.196
7296,2.649,3.196
7297,2.586,3.196
7298,2.517,3.196
7299,2.483,3.196
7300,2.463,3.196
7301,2.458,3.196
7302,2.458,3.196
7303,2.439,3.196
7304,2.424,3.196
7305,2.405,3.192
7306,2.385,3.192
7307,2.375,3.187
7308,2.366,3.187
7309,2.380,3.187
7310,2.478,3.187
7311,2.649,3.187
7312,2.791,3.192
7313,2.815,3.192
7314,2.766,3.192
7315,2.698,3.192
7316,2.630,3.192
7317,2.571,3.196
7318,2.507,3.196
7319,2.468,3.196
7320,2.454,3.196
7321,2.463,3.201
7322,2.458,3.201
7323,2.449,3.201
7324,2.429,3.201
7325,2.419,3.206
7326,2.405,3.206
7327,2.395,3.211
7328,2.395,3.216
7329,2.439,3.221
7330,2.590,3.221
7331,2.752,3.226
7332,2.835,3.231
7333,2.830,3.231
7334,2.781,3.226
7335,2.722,3.221
7336,2.664,3.216
7337,2.600,3.211
7338,2.537,3.206
7339,2.478,3.206
7340,2.444,3.206
7341,2.419,3.201
7342,2.405,3.201
7343,2.395,3.201
7344,2.385,3.196
7345,2.370,3.196
7346,2.356,3.196
7347,2.341,3.196
7348,2.331,3.192
7349,2.356,3.187
7350,2.468,3.182
7351,2.634,3.177
7352,2.757,3.172
7353,2.781,3.172
7354,2.722,3.172
7355,2.639,3.172
7356,2.556,3.172
7357,2.488,3.172
7358,2.454,3.172
7359,2.449,3.172
7360,2.449,3.172
7361,2.449,3.172
7362,2.429,3.172
7363,2.400,3.172
7364,2.375,3.177
7365,2.356,3.172
7366,2.356,3.177
7367,2.356,3.172
7368,2.346,3.177
7369,2.346,3.172
7370,2.400,3.172
7371,2.542,3.172
7372,2.703,3.172
7373,2.786,3.172
7374,2.771,3.172
7375,2.698,3.172
7376,2.620,3.172
7377,2.551,3.172
7378,2.502,3.172
7379,2.478,3.172
7380,2.483,3.172
7381,2.493,3.172
7382,2.493,3.172
7383,2.468,3.172
7384,2.439,3.172
7385,2.414,3.177
7386,2.395,3.172
7387,2.390,3.177
7388,2.395,3.172
7389,2.380,3.177
7390,2.366,3.172
7391,2.380,3.172
7392,2.488,3.172
7393,2.659,3.172
7394,2.815,3.172
7395,2.864,3.172
7396,2.825,3.172
7397,2.742,3.172
7398,2.649,3.172
7399,2.581,3.172
7400,2.527,3.172
7401,2.498,3.172
7402,2.502,3.172
7403,2.507,3.172
7404,2.493,3.172
7405,2.463,3.172
7406,2.429,3.172
7407,2.400,3.172
7408,2.375,3.172
7409,2.370,3.172
7410,2.361,3.172
7411,2.346,3.172
7412,2.341,3.172
7413,2.331,3.172
7414,2.375,3.172
7415,2.532,3.172
7416,2.722,3.172
7417,2.845,3.172
7418,2.854,3.172
7419,2.781,3.172
7420,2.683,3.172
7421,2.610,3.172
7422,2.556,3.172
7423,2.517,3.172
7424,2.493,3.172
7425,2.493,3.172
7426,2.488,3.172
7427,2.478,3.172
7428,2.454,3.172
7429,2.429,3.172
7430,2.405,3.172
7431,2.380,3.172
7432,2.366,3.172
7433,2.361,3.172
7434,2.356,3.177
7435,2.351,3.172
7436,2.341,3.177
7437,2.331,3.172
7438,2.336,3.172
7439,2.410,3.172
7440,2.590,3.177
7441,2.781,3.172
7442,2.879,3.177
7443,2.864,3.172
7444,2.776,3.177
7445,2.678,3.172
7446,2.595,3.172
7447,2.532,3.172
7448,2.507,3.172
7449,2.507,3.177
7450,2.512,3.172
7451,2.512,3.177
7452,2.493,3.172
7453,2.454,3.177
7454,2.419,3.172
7455,2.390,3.177
7456,2.380,3.172
7457,2.375,3.177
7458,2.375,3.172
7459,2.370,3.177
7460,2.366,3.172
7461,2.351,3.177
7462,2.336,3.177
7463,2.336,3.177
7464,2.351,3.177
7465,2.454,3.177
7466,2.644,3.177
7467,2.820,3.172
7468,2.889,3.177
7469,2.845,3.172
7470,2.732,3.177
7471,2.634,3.172
7472,2.551,3.177
7473,2.493,3.177
7474,2.478,3.177
7475,2.483,3.177
7476,2.498,3.177
7477,2.502,3.172
7478,2.483,3.177
7479,2.458,3.177
7480,2.434,3.177
7481,2.410,3.177
7482,2.400,3.177
7483,2.395,3.177
7484,2.385,3.177
7485,2.380,3.177
7486,2.366,3.177
7487,2.356,3.177
7488,2.356,3.172
7489,2.424,3.177
7490,2.595,3.172
7491,2.786,3.177
7492,2.889,3.177
7493,2.869,3.177
7494,2.781,3.172
7495,2.674,3.177
7496,2.595,3.177
7497,2.537,3.177
7498,2.522,3.177
7499,2.542,3.177
7500,2.571,3.177
7501,2.586,3.177
7502,2.571,3.177
7503,2.542,3.177
7504,2.507,3.177
7505,2.473,3.177
7506,2.449,3.177
7507,2.419,3.177
7508,2.405,3.177
7509,2.395,3.177
7510,2.385,3.177
7511,2.366,3.177
7512,2.361,3.177
7513,2.346,3.177
7514,2.341,3.177
7515,2.410,3.177
7516,2.590,3.177
7517,2.805,3.177
7518,2.952,3.177
7519,2.967,3.177
7520,2.889,3.177
7521,2.771,3.177
7522,2.683,3.177
7523,2.625,3.177
7524,2.590,3.177
7525,2.586,3.177
7526,2.605,3.177
7527,2.620,3.177
7528,2.605,3.177
7529,2.571,3.177
7530,2.532,3.177
7531,2.488,3.177
7532,2.463,3.177
7533,2.449,3.177
7534,2.434,3.177
7535,2.419,3.177
7536,2.410,3.177
7537,2.400,3.177
7538,2.385,3.177
7539,2.375,3.177
7540,2.449,3.177
7541,2.639,3.177
7542,2.854,3.177
7543,2.962,3.177
7544,2.942,3.177
7545,2.840,3.177
7546,2.727,3.177
7547,2.639,3.177
7548,2.581,3.177
7549,2.542,3.177
7550,2.542,3.177
7551,2.551,3.177
7552,2.551,3.177
7553,2.542,3.177
7554,2.517,3.177
7555,2.478,3.177
7556,2.449,3.177
7557,2.429,3.182
7558,2.414,3.177
7559,2.410,3.182
7560,2.395,3.177
7561,2.395,3.182
7562,2.380,3.177
7563,2.361,3.177
7564,2.366,3.177
7565,2.468,3.177
7566,2.674,3.177
7567,2.874,3.177
7568,2.962,3.182
7569,2.903,3.177
7570,2.791,3.182
7571,2.678,3.177
7572,2.590,3.177
7573,2.551,3.182
7574,2.551,3.177
7575,2.571,3.182
7576,2.590,3.177
7577,2.595,3.182
7578,2.566,3.177
7579,2.532,3.182
7580,2.488,3.177
7581,2.463,3.182
7582,2.444,3.182
7583,2.434,3.182
7584,2.424,3.182
7585,2.410,3.182
7586,2.400,3.177
7587,2.434,3.182
7588,2.586,3.177
7589,2.801,3.182
7590,2.962,3.182
7591,2.991,3.177
7592,2.913,3.182
7593,2.801,3.182
7594,2.708,3.182
7595,2.644,3.177
7596,2.620,3.182
7597,2.630,3.177
7598,2.644,3.182
7599,2.649,3.182
7600,2.630,3.182
7601,2.595,3.182
7602,2.546,3.182
7603,2.507,3.182
7604,2.478,3.182
7605,2.458,3.182
7606,2.454,3.182
7607,2.439,3.182
7608,2.419,3.182
7609,2.410,3.182
7610,2.468,3.182
7611,2.669,3.182
7612,2.903,3.182
7613,3.050,3.182
7614,3.055,3.182
7615,2.957,3.182
7616,2.830,3.182
7617,2.742,3.182
7618,2.678,3.182
7619,2.649,3.182
7620,2.644,3.182
7621,2.644,3.182
7622,2.644,3.182
7623,2.625,3.182
7624,2.581,3.182
7625,2.527,3.182
7626,2.488,3.182
7627,2.449,3.182
7628,2.419,3.182
7629,2.405,3.182
7630,2.395,3.182
7631,2.380,3.182
7632,2.370,3.182
7633,2.380,3.182
7634,2.493,3.182
7635,2.713,3.182
7636,2.893,3.182
7637,2.952,3.182
7638,2.893,3.182
7639,2.786,3.182
7640,2.683,3.182
7641,2.605,3.182
7642,2.546,3.182
7643,2.522,3.182
7644,2.522,3.182
7645,2.522,3.182
7646,2.522,3.182
7647,2.493,3.182
7648,2.449,3.182
7649,2.410,3.182
7650,2.390,3.182
7651,2.361,3.182
7652,2.346,3.182
7653,2.336,3.182
7654,2.322,3.182
7655,2.302,3.182
7656,2.287,3.182
7657,2.297,3.182
7658,2.400,3.182
7659,2.590,3.182
7660,2.752,3.182
7661,2.805,3.182
7662,2.752,3.182
7663,2.664,3.182
7664,2.576,3.182
7665,2.502,3.182
7666,2.468,3.182
7667,2.458,3.182
7668,2.463,3.182
7669,2.468,3.182
7670,2.454,3.182
7671,2.434,3.182
7672,2.405,3.182
7673,2.380,3.182
7674,2.361,3.182
7675,2.341,3.182
7676,2.326,3.182
7677,2.312,3.182
7678,2.292,3.182
7679,2.278,3.182
7680,2.326,3.182
7681,2.454,3.182
7682,2.639,3.182
7683,2.717,3.182
7684,2.708,3.182
7685,2.639,3.182
7686,2.571,3.182
7687,2.493,3.187
7688,2.444,3.182
7689,2.410,3.187
7690,2.410,3.182
7691,2.419,3.187
7692,2.424,3.182
7693,2.410,3.187
7694,2.385,3.182
7695,2.356,3.182
7696,2.331,3.182
7697,2.317,3.182
7698,2.297,3.187
7699,2.292,3.182
7700,2.283,3.187
7701,2.283,3.182
7702,2.268,3.187
7703,2.258,3.182
7704,2.273,3.187
7705,2.356,3.182
7706,2.488,3.187
7707,2.590,3.182
7708,2.630,3.182
7709,2.605,3.182
7710,2.556,3.182
7711,2.512,3.187
7712,2.478,3.182
7713,2.439,3.187
7714,2.410,3.187
7715,2.395,3.187
7716,2.390,3.182
7717,2.390,3.187
7718,2.370,3.182
7719,2.356,3.187
7720,2.336,3.182
7721,2.322,3.187
7722,2.307,3.187
7723,2.292,3.187
7724,2.283,3.187
7725,2.273,3.187
7726,2.263,3.187
7727,2.253,3.187
7728,2.253,3.187
7729,2.253,3.187
7730,2.253,3.187
7731,2.253,3.187
7732,2.253,3.187
7733,2.283,3.187
7734,2.361,3.187
7735,2.463,3.187
7736,2.522,3.187
7737,2.517,3.187
7738,2.473,3.187
7739,2.429,3.187
7740,2.419,3.187
7741,2.405,3.187
7742,2.390,3.187
7743,2.380,3.187
7744,2.375,3.187
7745,2.370,3.187
7746,2.370,3.187
7747,2.356,3.187
7748,2.346,3.187
7749,2.331,3.187
7750,2.322,3.187
7751,2.317,3.187
7752,2.317,3.187
7753,2.317,3.187
7754,2.307,3.187
7755,2.292,3.187
7756,2.292,3.187
7757,2.292,3.187
7758,2.292,3.187
7759,2.287,3.187
7760,2.287,3.187
7761,2.292,3.187
7762,2.312,3.187
7763,2.375,3.187
7764,2.439,3.187
7765,2.483,3.187
7766,2.478,3.187
7767,2.454,3.187
7768,2.429,3.187
7769,2.414,3.187
7770,2.400,3.187
7771,2.390,3.187
7772,2.375,3.187
7773,2.380,3.187
7774,2.375,3.187
7775,2.380,3.187
7776,2.380,3.187
7777,2.375,3.187
7778,2.361,3.187
7779,2.351,3.187
7780,2.346,3.187
7781,2.341,3.187
7782,2.336,3.187
7783,2.331,3.187
7784,2.336,3.187
7785,2.331,3.187
7786,2.326,3.187
7787,2.322,3.187
7788,2.322,3.187
7789,2.317,3.187
7790,2.322,3.187
7791,2.336,3.187
7792,2.395,3.187
7793,2.458,3.187
7794,2.502,3.187
7795,2.498,3.187
7796,2.473,3.187
7797,2.439,3.187
7798,2.424,3.187
7799,2.405,3.187
7800,2.390,3.187
7801,2.390,3.187
7802,2.395,3.187
7803,2.395,3.187
7804,2.390,3.187
7805,2.385,3.187
7806,2.375,3.187
7807,2.370,3.187
7808,2.361,3.187
7809,2.361,3.187
7810,2.361,3.187
7811,2.361,3.187
7812,2.361,3.187
7813,2.351,3.187
7814,2.351,3.187
7815,2.351,3.187
7816,2.356,3.187
7817,2.370,3.187
7818,2.434,3.187
7819,2.517,3.187
7820,2.581,3.187
7821,2.590,3.187
7822,2.571,3.187
7823,2.527,3.187
7824,2.493,3.187
7825,2.468,3.187
7826,2.454,3.187
7827,2.449,3.187
7828,2.449,3.187
7829,2.458,3.187
7830,2.458,3.187
7831,2.454,3.187
7832,2.444,3.187
7833,2.434,3.187
7834,2.419,3.187
7835,2.410,3.187
7836,2.400,3.187
7837,2.390,3.187
7838,2.390,3.187
7839,2.390,3.187
7840,2.385,3.187
7841,2.380,3.187
7842,2.375,3.187
7843,2.370,3.187
7844,2.370,3.187
7845,2.395,3.187
7846,2.473,3.187
7847,2.595,3.187
7848,2.683,3.187
7849,2.727,3.187
7850,2.742,3.187
7851,2.752,3.187
7852,2.771,3.187
7853,2.781,3.187
7854,2.761,3.187
7855,2.747,3.192
7856,2.732,3.187
7857,2.727,3.187
7858,2.732,3.187
7859,2.727,3.187
7860,2.722,3.187
7861,2.713,3.187
7862,2.693,3.187
7863,2.669,3.187
7864,2.639,3.187
7865,2.595,3.187
7866,2.537,3.187
7867,2.468,3.192
7868,2.414,3.187
7869,2.375,3.187
7870,2.366,3.187
7871,2.419,3.187
7872,2.551,3.187
7873,2.693,3.187
7874,2.776,3.192
7875,2.771,3.187
7876,2.717,3.192
7877,2.659,3.187
7878,2.605,3.192
7879,2.566,3.187
7880,2.537,3.192
7881,2.522,3.192
7882,2.527,3.192
7883,2.527,3.192
7884,2.512,3.192
7885,2.488,3.192
7886,2.454,3.192
7887,2.424,3.192
7888,2.414,3.192
7889,2.414,3.192
7890,2.414,3.192
7891,2.414,3.192
7892,2.414,3.187
7893,2.405,3.187
7894,2.400,3.187
7895,2.405,3.187
7896,2.478,3.187
7897,2.630,3.187
7898,2.781,3.187
7899,2.854,3.187
7900,2.840,3.187
7901,2.771,3.192
7902,2.688,3.187
7903,2.615,3.192
7904,2.566,3.187
7905,2.537,3.192
7906,2.542,3.187
7907,2.561,3.192
7908,2.571,3.192
7909,2.571,3.192
7910,2.551,3.192
7911,2.527,3.187
7912,2.502,3.192
7913,2.473,3.192
7914,2.454,3.192
7915,2.439,3.192
7916,2.429,3.192
7917,2.414,3.192
7918,2.414,3.192
7919,2.483,3.192
7920,2.644,3.192
7921,2.815,3.187
7922,2.913,3.192
7923,2.918,3.187
7924,2.854,3.192
7925,2.776,3.192
7926,2.713,3.192
7927,2.659,3.192
7928,2.620,3.192
7929,2.595,3.192
7930,2.595,3.192
7931,2.595,3.192
7932,2.595,3.192
7933,2.576,3.192
7934,2.556,3.192
7935,2.527,3.192
7936,2.502,3.192
7937,2.483,3.192
7938,2.468,3.192
7939,2.458,3.192
7940,2.444,3.192
7941,2.429,3.192
7942,2.458,3.192
7943,2.581,3.192
7944,2.757,3.192
7945,2.889,3.192
7946,2.918,3.192
7947,2.869,3.192
7948,2.776,3.192
7949,2.693,3.192
7950,2.634,3.192
7951,2.590,3.192
7952,2.561,3.192
7953,2.566,3.192
7954,2.576,3.192
7955,2.576,3.192
7956,2.561,3.192
7957,2.537,3.192
7958,2.512,3.192
7959,2.478,3.192
7960,2.454,3.192
7961,2.444,3.192
7962,2.434,3.192
7963,2.424,3.192
7964,2.410,3.192
7965,2.400,3.192
7966,2.449,3.192
7967,2.625,3.192
7968,2.801,3.192
7969,2.908,3.192
7970,2.908,3.192
7971,2.845,3.192
7972,2.761,3.192
7973,2.693,3.192
7974,2.630,3.196
7975,2.595,3.192
7976,2.590,3.192
7977,2.595,3.192
7978,2.595,3.192
7979,2.586,3.192
7980,2.561,3.196
7981,2.537,3.192
7982,2.507,3.192
7983,2.478,3.192
7984,2.463,3.196
7985,2.449,3.192
7986,2.434,3.196
7987,2.424,3.192
7988,2.434,3.192
7989,2.517,3.192
7990,2.698,3.192
7991,2.879,3.192
7992,2.967,3.192
7993,2.942,3.196
7994,2.864,3.192
7995,2.771,3.196
7996,2.703,3.192
7997,2.649,3.196
7998,2.610,3.192
7999,2.590,3.196
8000,2.595,3.192
8001,2.600,3.196
8002,2.586,3.192
8003,2.566,3.196
8004,2.532,3.192
8005,2.498,3.196
8006,2.478,3.196
8007,2.458,3.196
8008,2.449,3.196
8009,2.434,3.196
8010,2.424,3.196
8011,2.414,3.196
8012,2.410,3.196
8013,2.449,3.192
8014,2.610,3.196
8015,2.825,3.192
8016,2.986,3.196
8017,3.025,3.196
8018,2.977,3.196
8019,2.889,3.196
8020,2.815,3.196
8021,2.766,3.192
8022,2.713,3.196
8023,2.664,3.196
8024,2.649,3.196
8025,2.644,3.196
8026,2.630,3.196
8027,2.605,3.196
8028,2.566,3.196
8029,2.527,3.196
8030,2.493,3.196
8031,2.473,3.196
8032,2.454,3.196
8033,2.444,3.196
8034,2.429,3.196
8035,2.419,3.196
8036,2.410,3.196
8037,2.400,3.196
8038,2.385,3.196
8039,2.380,3.196
8040,2.424,3.196
8041,2.576,3.196
8042,2.805,3.196
8043,2.986,3.196
8044,3.040,3.196
8045,2.981,3.196
8046,2.884,3.196
8047,2.796,3.196
8048,2.727,3.196
8049,2.674,3.196
8050,2.644,3.196
8051,2.634,3.196
8052,2.634,3.196
8053,2.630,3.196
8054,2.605,3.196
8055,2.581,3.196
8056,2.551,3.196
8057,2.517,3.196
8058,2.488,3.196
8059,2.468,3.196
8060,2.444,3.196
8061,2.429,3.196
8062,2.419,3.196
8063,2.410,3.196
8064,2.400,3.196
8065,2.385,3.196
8066,2.366,3.196
8067,2.370,3.196
8068,2.473,3.196
8069,2.674,3.196
8070,2.864,3.196
8071,2.942,3.196
8072,2.908,3.196
8073,2.810,3.196
8074,2.713,3.196
8075,2.630,3.196
8076,2.576,3.196
8077,2.546,3.196
8078,2.537,3.196
8079,2.542,3.196
8080,2.542,3.196
8081,2.532,3.196
8082,2.512,3.196
8083,2.473,3.196
8084,2.439,3.196
8085,2.410,3.196
8086,2.395,3.196
8087,2.385,3.196
8088,2.380,3.196
8089,2.361,3.196
8090,2.356,3.196
8091,2.351,3.196
8092,2.341,3.196
8093,2.331,3.196
8094,2.336,3.196
8095,2.424,3.196
8096,2.595,3.196
8097,2.781,3.196
8098,2.879,3.196
8099,2.864,3.196
8100,2.781,3.196
8101,2.688,3.196
8102,2.610,3.196
8103,2.556,3.196
8104,2.522,3.196
8105,2.507,3.196
8106,2.512,3.196
8107,2.507,3.196
8108,2.498,3.196
8109,2.483,3.196
8110,2.458,3.196
8111,2.434,3.196
8112,2.414,3.201
8113,2.400,3.196
8114,2.395,3.196
8115,2.390,3.196
8116,2.390,3.196
8117,2.380,3.196
8118,2.375,3.201
8119,2.390,3.196
8120,2.498,3.201
8121,2.693,3.196
8122,2.849,3.201
8123,2.908,3.196
8124,2.869,3.196
8125,2.771,3.196
8126,2.669,3.196
8127,2.595,3.196
8128,2.537,3.196
8129,2.507,3.196
8130,2.502,3.196
8131,2.517,3.196
8132,2.522,3.196
8133,2.512,3.196
8134,2.488,3.196
8135,2.458,3.201
8136,2.429,3.196
8137,2.400,3.201
8138,2.390,3.196
8139,2.380,3.201
8140,2.370,3.196
8141,2.361,3.201
8142,2.351,3.201
8143,2.375,3.201
8144,2.502,3.196
8145,2.703,3.196
8146,2.874,3.201
8147,2.933,3.196
8148,2.884,3.201
8149,2.791,3.201
8150,2.708,3.201
8151,2.654,3.196
8152,2.600,3.201
8153,2.571,3.196
8154,2.556,3.201
8155,2.566,3.196
8156,2.566,3.201
8157,2.556,3.196
8158,2.522,3.201
8159,2.493,3.201
8160,2.463,3.201
8161,2.439,3.201
8162,2.419,3.201
8163,2.400,3.201
8164,2.385,3.201
8165,2.375,3.201
8166,2.370,3.201
8167,2.366,3.201
8168,2.439,3.201
8169,2.625,3.201
8170,2.825,3.201
8171,2.928,3.201
8172,2.903,3.201
8173,2.825,3.201
8174,2.732,3.201
8175,2.664,3.201
8176,2.610,3.201
8177,2.571,3.201
8178,2.546,3.201
8179,2.542,3.201
8180,2.546,3.201
8181,2.542,3.201
8182,2.522,3.201
8183,2.488,3.201
8184,2.449,3.201
8185,2.424,3.201
8186,2.405,3.201
8187,2.380,3.201
8188,2.375,3.201
8189,2.361,3.201
8190,2.336,3.201
8191,2.326,3.201
8192,2.322,3.201
8193,2.312,3.201
8194,2.292,3.201
8195,2.326,3.201
8196,2.473,3.201
8197,2.683,3.201
8198,2.849,3.201
8199,2.898,3.201
8200,2.840,3.201
8201,2.717,3.201
8202,2.639,3.201
8203,2.586,3.201
8204,2.542,3.201
8205,2.507,3.201
8206,2.498,3.201
8207,2.502,3.201
8208,2.502,3.201
8209,2.493,3.201
8210,2.458,3.201
8211,2.424,3.201
8212,2.390,3.201
8213,2.366,3.201
8214,2.341,3.201
8215,2.336,3.201
8216,2.322,3.201
8217,2.317,3.201
8218,2.312,3.201
8219,2.302,3.201
8220,2.292,3.201
8221,2.287,3.201
8222,2.278,3.201
8223,2.302,3.201
8224,2.414,3.201
8225,2.605,3.201
8226,2.752,3.201
8227,2.810,3.201
8228,2.761,3.201
8229,2.669,3.201
8230,2.590,3.201
8231,2.527,3.201
8232,2.488,3.201
8233,2.468,3.201
8234,2.454,3.201
8235,2.463,3.201
8236,2.468,3.201
8237,2.454,3.206
8238,2.429,3.201
8239,2.400,3.206
8240,2.370,3.201
8241,2.351,3.206
8242,2.341,3.201
8243,2.331,3.206
8244,2.326,3.201
8245,2.317,3.201
8246,2.307,3.201
8247,2.297,3.201
8248,2.287,3.201
8249,2.278,3.201
8250,2.287,3.201
8251,2.375,3.201
8252,2.537,3.206
8253,2.669,3.201
8254,2.722,3.206
8255,2.693,3.201
8256,2.620,3.206
8257,2.542,3.201
8258,2.483,3.206
8259,2.444,3.201
8260,2.419,3.206
8261,2.414,3.201
8262,2.419,3.206
8263,2.434,3.206
8264,2.424,3.206
8265,2.405,3.206
8266,2.380,3.206
8267,2.361,3.201
8268,2.346,3.206
8269,2.331,3.206
8270,2.326,3.206
8271,2.326,3.206
8272,2.317,3.201
8273,2.312,3.206
8274,2.307,3.206
8275,2.302,3.206
8276,2.356,3.201
8277,2.478,3.206
8278,2.610,3.201
8279,2.683,3.206
8280,2.669,3.201
8281,2.605,3.206
8282,2.542,3.201
8283,2.478,3.206
8284,2.434,3.206
8285,2.434,3.206
8286,2.439,3.206
8287,2.449,3.206
8288,2.449,3.206
8289,2.439,3.206
8290,2.419,3.206
8291,2.400,3.206
8292,2.375,3.206
8293,2.361,3.206
8294,2.351,3.206
8295,2.341,3.206
8296,2.336,3.206
8297,2.326,3.206
8298,2.322,3.206
8299,2.312,3.206
8300,2.317,3.206
8301,2.370,3.206
8302,2.488,3.206
8303,2.605,3.206
8304,2.659,3.206
8305,2.644,3.206
8306,2.595,3.206
8307,2.546,3.206
8308,2.498,3.206
8309,2.473,3.206
8310,2.449,3.206
8311,2.434,3.206
8312,2.429,3.206
8313,2.434,3.206
8314,2.434,3.206
8315,2.419,3.206
8316,2.405,3.206
8317,2.380,3.206
8318,2.366,3.206
8319,2.356,3.206
8320,2.346,3.206
8321,2.336,3.206
8322,2.326,3.206
8323,2.326,3.206
8324,2.312,3.206
8325,2.322,3.206
8326,2.380,3.206
8327,2.517,3.206
8328,2.625,3.206
8329,2.654,3.206
8330,2.630,3.206
8331,2.581,3.206
8332,2.537,3.206
8333,2.507,3.206
8334,2.478,3.206
8335,2.454,3.206
8336,2.454,3.206
8337,2.458,3.206
8338,2.463,3.206
8339,2.454,3.206
8340,2.434,3.206
8341,2.410,3.206
8342,2.395,3.206
8343,2.380,3.206
8344,2.375,3.206
8345,2.366,3.206
8346,2.361,3.206
8347,2.351,3.206
8348,2.351,3.206
8349,2.341,3.206
8350,2.331,3.206
8351,2.331,3.206
8352,2.361,3.206
8353,2.458,3.206
8354,2.576,3.206
8355,2.644,3.206
8356,2.654,3.206
8357,2.615,3.206
8358,2.566,3.206
8359,2.532,3.206
8360,2.512,3.206
8361,2.478,3.206
8362,2.463,3.206
8363,2.454,3.206
8364,2.454,3.206
8365,2.449,3.206
8366,2.444,3.206
8367,2.424,3.206
8368,2.410,3.206
8369,2.400,3.206
8370,2.385,3.206
8371,2.380,3.206
8372,2.375,3.206
8373,2.370,3.206
8374,2.361,3.206
8375,2.356,3.206
8376,2.346,3.206
8377,2.341,3.206
8378,2.346,3.206
8379,2.380,3.206
8380,2.473,3.206
8381,2.590,3.206
8382,2.659,3.206
8383,2.659,3.206
8384,2.620,3.206
8385,2.581,3.206
8386,2.546,3.206
8387,2.517,3.206
8388,2.502,3.206
8389,2.498,3.206
8390,2.493,3.206
8391,2.493,3.206
8392,2.488,3.206
8393,2.473,3.206
8394,2.458,3.206
8395,2.444,3.206
8396,2.424,3.206
8397,2.405,3.206
8398,2.390,3.206
8399,2.390,3.206
8400,2.390,3.206
8401,2.385,3.206
8402,2.380,3.206
8403,2.370,3.206
8404,2.361,3.206
8405,2.390,3.206
8406,2.483,3.206
8407,2.600,3.206
8408,2.688,3.206
8409,2.703,3.206
8410,2.664,3.206
8411,2.615,3.206
8412,2.581,3.206
8413,2.551,3.206
8414,2.532,3.206
8415,2.517,3.206
8416,2.532,3.206
8417,2.537,3.206
8418,2.532,3.206
8419,2.512,3.206
8420,2.498,3.206
8421,2.473,3.211
8422,2.449,3.206
8423,2.439,3.206
8424,2.429,3.211
8425,2.424,3.206
8426,2.419,3.211
8427,2.410,3.206
8428,2.400,3.211
8429,2.419,3.206
8430,2.507,3.206
8431,2.654,3.206
8432,2.781,3.211
8433,2.830,3.206
8434,2.801,3.211
8435,2.752,3.206
8436,2.703,3.211
8437,2.669,3.206
8438,2.625,3.211
8439,2.590,3.206
8440,2.581,3.211
8441,2.581,3.206
8442,2.576,3.211
8443,2.556,3.206
8444,2.532,3.211
8445,2.502,3.206
8446,2.478,3.211
8447,2.458,3.211
8448,2.449,3.211
8449,2.434,3.211
8450,2.424,3.211
8451,2.419,3.211
8452,2.405,3.206
8453,2.385,3.211
8454,2.380,3.211
8455,2.375,3.206
8456,2.414,3.211
8457,2.551,3.206
8458,2.737,3.211
8459,2.874,3.206
8460,2.908,3.211
8461,2.849,3.206
8462,2.771,3.211
8463,2.708,3.211
8464,2.669,3.211
8465,2.625,3.211
8466,2.590,3.211
8467,2.586,3.211
8468,2.581,3.211
8469,2.576,3.211
8470,2.561,3.211
8471,2.537,3.211
8472,2.517,3.206
8473,2.488,3.211
8474,2.463,3.211
8475,2.444,3.211
8476,2.434,3.211
8477,2.434,3.211
8478,2.424,3.211
8479,2.414,3.211
8480,2.410,3.211
8481,2.390,3.211
8482,2.370,3.211
8483,2.375,3.211
8484,2.478,3.211
8485,2.669,3.211
8486,2.845,3.211
8487,2.923,3.211
8488,2.898,3.211
8489,2.815,3.211
8490,2.732,3.211
8491,2.683,3.211
8492,2.649,3.211
8493,2.615,3.211
8494,2.600,3.211
8495,2.600,3.211
8496,2.600,3.211
8497,2.590,3.211
8498,2.571,3.211
8499,2.542,3.211
8500,2.512,3.211
8501,2.478,3.211
8502,2.463,3.211
8503,2.454,3.211
8504,2.449,3.211
8505,2.434,3.211
8506,2.424,3.211
8507,2.410,3.211
8508,2.434,3.211
8509,2.561,3.211
8510,2.752,3.211
8511,2.913,3.211
8512,2.962,3.211
8513,2.913,3.211
8514,2.825,3.211
8515,2.742,3.211
8516,2.678,3.211
8517,2.634,3.211
8518,2.600,3.211
8519,2.590,3.211
8520,2.595,3.211
8521,2.600,3.211
8522,2.581,3.211
8523,2.551,3.211
8524,2.527,3.211
8525,2.493,3.211
8526,2.468,3.211
8527,2.449,3.211
8528,2.434,3.211
8529,2.429,3.211
8530,2.410,3.211
8531,2.400,3.211
8532,2.395,3.211
8533,2.385,3.211
8534,2.370,3.211
8535,2.400,3.211
8536,2.542,3.211
8537,2.761,3.211
8538,2.942,3.211
8539,3.011,3.211
8540,2.962,3.211
8541,2.869,3.211
8542,2.796,3.211
8543,2.747,3.211
8544,2.698,3.211
8545,2.649,3.211
8546,2.625,3.211
8547,2.620,3.211
8548,2.620,3.211
8549,2.610,3.211
8550,2.586,3.211
8551,2.542,3.211
8552,2.507,3.211
8553,2.473,3.211
8554,2.449,3.211
8555,2.434,3.211
8556,2.424,3.211
8557,2.414,3.211
8558,2.400,3.211
8559,2.390,3.211
8560,2.385,3.211
8561,2.375,3.211
8562,2.370,3.211
8563,2.400,3.211
8564,2.571,3.211
8565,2.791,3.211
8566,2.957,3.211
8567,2.996,3.211
8568,2.933,3.211
8569,2.835,3.211
8570,2.752,3.211
8571,2.703,3.211
8572,2.659,3.211
8573,2.620,3.211
8574,2.600,3.211
8575,2.590,3.211
8576,2.590,3.211
8577,2.576,3.211
8578,2.551,3.211
8579,2.517,3.211
8580,2.483,3.211
8581,2.458,3.211
8582,2.439,3.211
8583,2.424,3.211
8584,2.410,3.211
8585,2.400,3.211
8586,2.385,3.211
8587,2.380,3.211
8588,2.375,3.211
8589,2.375,3.211
8590,2.405,3.211
8591,2.532,3.211
8592,2.761,3.211
8593,2.913,3.211
8594,2.947,3.211
8595,2.884,3.211
8596,2.791,3.211
8597,2.717,3.211
8598,2.659,3.211
8599,2.610,3.211
8600,2.581,3.211
8601,2.581,3.211
8602,2.590,3.211
8603,2.600,3.211
8604,2.590,3.211
8605,2.566,3.211
8606,2.522,3.211
8607,2.488,3.211
8608,2.458,3.211
8609,2.434,3.211
8610,2.424,3.211
8611,2.414,3.211
8612,2.410,3.211
8613,2.395,3.211
8614,2.410,3.211
8615,2.512,3.211
8616,2.713,3.211
8617,2.889,3.211
8618,2.962,3.211
8619,2.933,3.211
8620,2.849,3.211
8621,2.752,3.211
8622,2.683,3.211
8623,2.630,3.211
8624,2.590,3.211
8625,2.576,3.211
8626,2.581,3.211
8627,2.581,3.211
8628,2.571,3.211
8629,2.542,3.211
8630,2.507,3.211
8631,2.478,3.211
8632,2.454,3.211
8633,2.434,3.211
8634,2.414,3.211
8635,2.410,3.211
8636,2.395,3.211
8637,2.385,3.211
8638,2.370,3.211
8639,2.356,3.211
8640,2.356,3.211
8641,2.444,3.211
8642,2.639,3.211
8643,2.849,3.211
8644,2.962,3.211
8645,2.952,3.211
8646,2.874,3.211
8647,2.786,3.211
8648,2.717,3.211
8649,2.654,3.211
8650,2.610,3.211
8651,2.581,3.211
8652,2.571,3.211
8653,2.566,3.211
8654,2.561,3.211
8655,2.542,3.211
8656,2.507,3.211
8657,2.473,3.211
8658,2.449,3.211
8659,2.424,3.211
8660,2.405,3.211
8661,2.390,3.211
8662,2.380,3.216
8663,2.370,3.216
8664,2.366,3.216
8665,2.351,3.216
8666,2.341,3.216
8667,2.361,3.216
8668,2.483,3.216
8669,2.678,3.216
8670,2.840,3.216
8671,2.898,3.216
8672,2.849,3.216
8673,2.761,3.221
8674,2.683,3.221
8675,2.630,3.221
8676,2.581,3.221
8677,2.542,3.226
8678,2.522,3.226
8679,2.517,3.226
8680,2.517,3.226
8681,2.498,3.226
8682,2.478,3.226
8683,2.454,3.226
8684,2.424,3.226
8685,2.400,3.226
8686,2.375,3.226
8687,2.366,3.226
8688,2.361,3.226
8689,2.346,3.231
8690,2.331,3.226
8691,2.312,3.231
8692,2.312,3.226
8693,2.380,3.231
8694,2.542,3.226
8695,2.708,3.231
8696,2.791,3.226
8697,2.786,3.231
8698,2.717,3.226
8699,2.639,3.226
8700,2.581,3.226
8701,2.527,3.226
8702,2.483,3.226
8703,2.463,3.226
8704,2.458,3.226
8705,2.463,3.226
8706,2.454,3.226
8707,2.434,3.226
8708,2.405,3.226
8709,2.385,3.226
8710,2.361,3.226
8711,2.351,3.226
8712,2.341,3.226
8713,2.341,3.226
8714,2.326,3.226
8715,2.317,3.226
8716,2.351,3.226
8717,2.473,3.226
8718,2.620,3.226
8719,2.713,3.226
8720,2.722,3.226
8721,2.669,3.226
8722,2.600,3.226
8723,2.546,3.231
8724,2.498,3.226
8725,2.454,3.231
8726,2.429,3.226
8727,2.429,3.231
8728,2.429,3.226
8729,2.424,3.231
8730,2.414,3.226
8731,2.395,3.231
8732,2.366,3.226
8733,2.346,3.226
8734,2.331,3.226
8735,2.322,3.226
8736,2.312,3.226
8737,2.307,3.226
8738,2.297,3.221
8739,2.292,3.221
8740,2.283,3.221
8741,2.283,3.221
8742,2.346,3.221
8743,2.478,3.221
8744,2.600,3.221
8745,2.654,3.221
8746,2.639,3.221
8747,2.590,3.221
8748,2.542,3.221
8749,2.507,3.221
8750,2.478,3.221
8751,2.454,3.221
8752,2.434,3.221
8753,2.419,3.221
8754,2.410,3.221
8755,2.395,3.221
8756,2.390,3.221
8757,2.375,3.221
8758,2.361,3.221
8759,2.341,3.221
8760,2.326,3.221
8761,2.312,3.221
8762,2.297,3.221
8763,2.292,3.221
8764,2.292,3.221
8765,2.287,3.221
8766,2.283,3.221
8767,2.283,3.221
8768,2.331,3.221
8769,2.424,3.221
8770,2.517,3.221
8771,2.551,3.221
8772,2.537,3.221
8773,2.502,3.221
8774,2.468,3.221
8775,2.434,3.221
8776,2.414,3.221
8777,2.390,3.221
8778,2.380,3.221
8779,2.380,3.221
8780,2.375,3.221
8781,2.375,3.221
8782,2.366,3.221
8783,2.351,3.221
8784,2.336,3.221
8785,2.322,3.221
8786,2.322,3.221
8787,2.341,3.221
8788,2.346,3.221
8789,2.341,3.221
8790,2.326,3.221
8791,2.307,3.221
8792,2.292,3.221
8793,2.297,3.221
8794,2.341,3.221
8795,2.419,3.221
8796,2.493,3.221
8797,2.522,3.221
8798,2.517,3.221
8799,2.478,3.221
8800,2.444,3.221
8801,2.419,3.221
8802,2.395,3.221
8803,2.385,3.221
8804,2.375,3.221
8805,2.370,3.221
8806,2.375,3.221
8807,2.375,3.221
8808,2.361,3.221
8809,2.341,3.221
8810,2.336,3.221
8811,2.336,3.221
8812,2.336,3.221
8813,2.336,3.221
8814,2.336,3.216
8815,2.336,3.221
8816,2.336,3.216
8817,2.331,3.221
8818,2.361,3.216
8819,2.419,3.216
8820,2.493,3.216
8821,2.527,3.216
8822,2.517,3.216
8823,2.478,3.216
8824,2.444,3.216
8825,2.419,3.216
8826,2.395,3.216
8827,2.385,3.211
8828,2.385,3.216
8829,2.390,3.216
8830,2.395,3.216
8831,2.405,3.216
8832,2.410,3.211
8833,2.405,3.216
8834,2.395,3.216
8835,2.380,3.216
8836,2.366,3.216
8837,2.361,3.216
8838,2.366,3.216
8839,2.370,3.211
8840,2.380,3.211
8841,2.405,3.216
8842,2.463,3.211
8843,2.498,3.216
8844,2.517,3.211
8845,2.512,3.216
8846,2.498,3.211
8847,2.478,3.216
8848,2.463,3.211
8849,2.434,3.216
8850,2.414,3.211
8851,2.424,3.216
8852,2.429,3.211
8853,2.439,3.216
8854,2.439,3.211
8855,2.429,3.211
8856,2.429,3.211
8857,2.419,3.211
8858,2.410,3.211
8859,2.400,3.211
8860,2.390,3.211
8861,2.390,3.211
8862,2.419,3.211
8863,2.483,3.211
8864,2.556,3.216
8865,2.600,3.216
8866,2.620,3.216
8867,2.605,3.216
8868,2.581,3.216
8869,2.556,3.216
8870,2.527,3.221
8871,2.502,3.216
8872,2.493,3.221
8873,2.488,3.221
8874,2.493,3.221
8875,2.483,3.221
8876,2.478,3.221
8877,2.458,3.221
8878,2.449,3.221
8879,2.439,3.221
8880,2.439,3.221
8881,2.434,3.221
8882,2.439,3.221
8883,2.434,3.221
8884,2.444,3.221
8885,2.517,3.221
8886,2.620,3.221
8887,2.703,3.221
8888,2.737,3.221
8889,2.727,3.221
8890,2.688,3.221
8891,2.654,3.221
8892,2.639,3.221
8893,2.610,3.221
8894,2.586,3.221
8895,2.586,3.221
8896,2.586,3.221
8897,2.576,3.221
8898,2.566,3.221
8899,2.551,3.221
8900,2.532,3.221
8901,2.507,3.221
8902,2.483,3.221
8903,2.473,3.221
8904,2.463,3.221
8905,2.463,3.221
8906,2.454,3.221
8907,2.473,3.221
8908,2.561,3.221
8909,2.698,3.216
8910,2.805,3.221
8911,2.840,3.221
8912,2.825,3.221
8913,2.776,3.221
8914,2.737,3.221
8915,2.703,3.221
8916,2.659,3.221
8917,2.620,3.221
8918,2.605,3.221
8919,2.600,3.221
8920,2.595,3.221
8921,2.590,3.221
8922,2.571,3.221
8923,2.551,3.221
8924,2.527,3.221
8925,2.512,3.221
8926,2.502,3.221
8927,2.498,3.221
8928,2.483,3.221
8929,2.473,3.221
8930,2.458,3.221
8931,2.458,3.221
8932,2.449,3.221
8933,2.458,3.221
8934,2.576,3.221
8935,2.742,3.221
8936,2.869,3.221
8937,2.913,3.221
8938,2.874,3.221
8939,2.810,3.221
8940,2.757,3.221
8941,2.713,3.221
8942,2.669,3.221
8943,2.644,3.221
8944,2.634,3.221
8945,2.625,3.221
8946,2.620,3.221
8947,2.595,3.221
8948,2.571,3.221
8949,2.532,3.221
8950,2.507,3.221
8951,2.493,3.221
8952,2.473,3.221
8953,2.458,3.221
8954,2.454,3.221
8955,2.444,3.221
8956,2.434,3.221
8957,2.424,3.221
8958,2.414,3.221
8959,2.400,3.221
8960,2.444,3.221
8961,2.566,3.221
8962,2.747,3.216
8963,2.845,3.221
8964,2.849,3.216
8965,2.796,3.221
8966,2.727,3.216
8967,2.669,3.216
8968,2.625,3.216
8969,2.590,3.216
8970,2.566,3.216
8971,2.566,3.216
8972,2.576,3.216
8973,2.566,3.216
8974,2.542,3.216
8975,2.507,3.216
8976,2.478,3.216
8977,2.449,3.216
8978,2.434,3.216
8979,2.419,3.216
8980,2.414,3.216
8981,2.410,3.216
8982,2.405,3.216
8983,2.395,3.216
8984,2.385,3.216
8985,2.380,3.216
8986,2.410,3.216
8987,2.522,3.216
8988,2.698,3.216
8989,2.820,3.216
8990,2.859,3.216
8991,2.791,3.216
8992,2.713,3.216
8993,2.654,3.216
8994,2.610,3.216
8995,2.571,3.216
8996,2.556,3.216
8997,2.561,3.216
8998,2.571,3.216
8999,2.571,3.216
9000,2.556,3.216
9001,2.532,3.216
9002,2.507,3.216
9003,2.478,3.216
9004,2.454,3.216
9005,2.439,3.216
9006,2.429,3.216
9007,2.414,3.216
9008,2.400,3.216
9009,2.410,3.216
9010,2.493,3.216
9011,2.669,3.216
9012,2.835,3.216
9013,2.913,3.216
9014,2.879,3.216
9015,2.796,3.216
9016,2.717,3.216
9017,2.659,3.216
9018,2.605,3.216
9019,2.566,3.216
9020,2.561,3.216
9021,2.571,3.216
9022,2.576,3.216
9023,2.566,3.216
9024,2.532,3.216
9025,2.488,3.216
9026,2.463,3.216
9027,2.444,3.216
9028,2.429,3.216
9029,2.419,3.216
9030,2.410,3.216
9031,2.395,3.216
9032,2.370,3.216
9033,2.366,3.216
9034,2.351,3.216
9035,2.356,3.216
9036,2.449,3.216
9037,2.644,3.216
9038,2.845,3.216
9039,2.942,3.216
9040,2.928,3.216
9041,2.840,3.216
9042,2.752,3.216
9043,2.688,3.216
9044,2.639,3.216
9045,2.600,3.216
9046,2.581,3.216
9047,2.566,3.216
9048,2.566,3.216
9049,2.551,3.216
9050,2.527,3.216
9051,2.483,3.221
9052,2.449,3.216
9053,2.424,3.221
9054,2.410,3.216
9055,2.400,3.216
9056,2.390,3.216
9057,2.375,3.216
9058,2.356,3.216
9059,2.351,3.221
9060,2.341,3.216
9061,2.341,3.216
9062,2.336,3.216
9063,2.326,3.216
9064,2.317,3.216
9065,2.326,3.216
9066,2.410,3.216
9067,2.600,3.216
9068,2.805,3.216
9069,2.913,3.216
9070,2.898,3.216
9071,2.815,3.216
9072,2.722,3.216
9073,2.644,3.216
9074,2.586,3.216
9075,2.546,3.216
9076,2.522,3.216
9077,2.527,3.216
9078,2.542,3.216
9079,2.542,3.216
9080,2.517,3.216
9081,2.478,3.221
9082,2.449,3.216
9083,2.424,3.221
9084,2.414,3.216
9085,2.405,3.221
9086,2.400,3.216
9087,2.390,3.216
9088,2.375,3.216
9089,2.361,3.221
9090,2.346,3.216
9091,2.341,3.221
9092,2.405,3.216
9093,2.571,3.216
9094,2.757,3.216
9095,2.879,3.216
9096,2.879,3.216
9097,2.796,3.216
9098,2.698,3.216
9099,2.620,3.216
9100,2.561,3.216
9101,2.522,3.216
9102,2.512,3.216
9103,2.517,3.216
9104,2.527,3.221
9105,2.522,3.216
9106,2.498,3.221
9107,2.468,3.216
9108,2.444,3.221
9109,2.419,3.216
9110,2.410,3.221
9111,2.395,3.216
9112,2.380,3.221
9113,2.375,3.221
9114,2.361,3.221
9115,2.356,3.221
9116,2.351,3.221
9117,2.346,3.221
9118,2.346,3.216
9119,2.405,3.221
9120,2.576,3.216
9121,2.776,3.221
9122,2.903,3.216
9123,2.908,3.221
9124,2.835,3.216
9125,2.732,3.221
9126,2.659,3.216
9127,2.600,3.221
9128,2.566,3.216
9129,2.546,3.221
9130,2.542,3.216
9131,2.551,3.221
9132,2.551,3.216
9133,2.527,3.221
9134,2.498,3.221
9135,2.468,3.221
9136,2.439,3.221
9137,2.419,3.221
9138,2.405,3.221
9139,2.390,3.221
9140,2.375,3.221
9141,2.361,3.221
9142,2.351,3.221
9143,2.346,3.221
9144,2.331,3.221
9145,2.322,3.216
9146,2.366,3.221
9147,2.493,3.221
9148,2.683,3.221
9149,2.835,3.216
9150,2.884,3.221
9151,2.830,3.216
9152,2.732,3.221
9153,2.649,3.216
9154,2.590,3.221
9155,2.546,3.216
9156,2.527,3.221
9157,2.522,3.216
9158,2.532,3.221
9159,2.532,3.216
9160,2.517,3.221
9161,2.483,3.221
9162,2.454,3.221
9163,2.429,3.221
9164,2.410,3.221
9165,2.395,3.221
9166,2.375,3.221
9167,2.366,3.221
9168,2.370,3.221
9169,2.370,3.221
9170,2.361,3.221
9171,2.351,3.221
9172,2.351,3.221
9173,2.405,3.221
9174,2.561,3.216
9175,2.737,3.221
9176,2.849,3.221
9177,2.854,3.221
9178,2.776,3.221
9179,2.683,3.221
9180,2.610,3.221
9181,2.551,3.221
9182,2.512,3.221
9183,2.498,3.221
9184,2.512,3.221
9185,2.522,3.221
9186,2.517,3.221
9187,2.498,3.221
9188,2.468,3.221
9189,2.444,3.221
9190,2.414,3.221
9191,2.395,3.221
9192,2.390,3.221
9193,2.385,3.221
9194,2.375,3.221
9195,2.366,3.221
9196,2.351,3.221
9197,2.346,3.221
9198,2.414,3.221
9199,2.581,3.221
9200,2.761,3.221
9201,2.854,3.221
9202,2.840,3.221
9203,2.757,3.221
9204,2.669,3.221
9205,2.600,3.221
9206,2.537,3.221
9207,2.502,3.221
9208,2.502,3.221
9209,2.512,3.221
9210,2.522,3.221
9211,2.517,3.221
9212,2.483,3.221
9213,2.454,3.221
9214,2.424,3.221
9215,2.405,3.221
9216,2.390,3.221
9217,2.385,3.221
9218,2.375,3.221
9219,2.370,3.221
9220,2.366,3.221
9221,2.361,3.221
9222,2.346,3.221
9223,2.341,3.221
9224,2.341,3.221
9225,2.414,3.221
9226,2.586,3.221
9227,2.757,3.221
9228,2.854,3.221
9229,2.840,3.221
9230,2.752,3.221
9231,2.659,3.221
9232,2.595,3.221
9233,2.551,3.221
9234,2.517,3.221
9235,2.498,3.221
9236,2.493,3.221
9237,2.498,3.221
9238,2.488,3.221
9239,2.468,3.221
9240,2.444,3.221
9241,2.424,3.221
9242,2.405,3.221
9243,2.395,3.221
9244,2.380,3.221
9245,2.366,3.221
9246,2.356,3.221
9247,2.351,3.221
9248,2.341,3.221
9249,2.341,3.221
9250,2.336,3.221
9251,2.385,3.221
9252,2.507,3.221
9253,2.674,3.221
9254,2.776,3.221
9255,2.781,3.221
9256,2.717,3.221
9257,2.634,3.221
9258,2.571,3.221
9259,2.522,3.221
9260,2.498,3.221
9261,2.493,3.221
9262,2.493,3.221
9263,2.502,3.221
9264,2.498,3.221
9265,2.483,3.221
9266,2.458,3.221
9267,2.434,3.221
9268,2.414,3.226
9269,2.395,3.221
9270,2.385,3.221
9271,2.375,3.221
9272,2.370,3.221
9273,2.361,3.221
9274,2.356,3.221
9275,2.390,3.221
9276,2.507,3.221
9277,2.664,3.221
9278,2.766,3.221
9279,2.781,3.221
9280,2.722,3.221
9281,2.649,3.221
9282,2.586,3.221
9283,2.532,3.221
9284,2.498,3.221
9285,2.488,3.226
9286,2.493,3.221
9287,2.498,3.226
9288,2.488,3.221
9289,2.473,3.226
9290,2.454,3.221
9291,2.419,3.226
9292,2.395,3.221
9293,2.385,3.226
9294,2.380,3.221
9295,2.375,3.226
9296,2.375,3.221
9297,2.370,3.226
9298,2.356,3.221
9299,2.346,3.226
9300,2.336,3.221
9301,2.351,3.226
9302,2.424,3.221
9303,2.590,3.221
9304,2.727,3.221
9305,2.786,3.221
9306,2.757,3.226
9307,2.693,3.221
9308,2.625,3.221
9309,2.576,3.221
9310,2.537,3.221
9311,2.512,3.221
9312,2.512,3.221
9313,2.517,3.221
9314,2.517,3.226
9315,2.507,3.221
9316,2.478,3.226
9317,2.454,3.221
9318,2.429,3.226
9319,2.410,3.221
9320,2.390,3.226
9321,2.380,3.221
9322,2.366,3.226
9323,2.356,3.221
9324,2.346,3.226
9325,2.341,3.226
9326,2.326,3.226
9327,2.326,3.226
9328,2.356,3.226
9329,2.454,3.226
9330,2.595,3.221
9331,2.713,3.226
9332,2.727,3.226
9333,2.678,3.221
9334,2.615,3.226
9335,2.566,3.221
9336,2.522,3.226
9337,2.498,3.221
9338,2.483,3.226
9339,2.488,3.221
9340,2.488,3.226
9341,2.483,3.221
9342,2.468,3.226
9343,2.444,3.221
9344,2.429,3.226
9345,2.410,3.221
9346,2.395,3.226
9347,2.385,3.221
9348,2.380,3.226
9349,2.370,3.221
9350,2.366,3.226
9351,2.356,3.221
9352,2.351,3.226
9353,2.346,3.221
9354,2.390,3.226
9355,2.502,3.221
9356,2.625,3.226
9357,2.698,3.221
9358,2.698,3.226
9359,2.654,3.221
9360,2.586,3.226
9361,2.537,3.226
9362,2.502,3.221
9363,2.473,3.226
9364,2.473,3.226
9365,2.478,3.226
9366,2.483,3.221
9367,2.478,3.226
9368,2.463,3.226
9369,2.439,3.226
9370,2.414,3.226
9371,2.400,3.226
9372,2.395,3.226
9373,2.390,3.221
9374,2.380,3.226
9375,2.370,3.221
9376,2.375,3.226
9377,2.361,3.226
9378,2.361,3.226
9379,2.351,3.226
9380,2.370,3.226
9381,2.454,3.226
9382,2.586,3.226
9383,2.688,3.226
9384,2.722,3.221
9385,2.698,3.226
9386,2.639,3.221
9387,2.590,3.226
9388,2.551,3.221
9389,2.522,3.221
9390,2.507,3.226
9391,2.502,3.221
9392,2.498,3.226
9393,2.483,3.226
9394,2.468,3.226
9395,2.449,3.226
9396,2.439,3.226
9397,2.434,3.226
9398,2.410,3.226
9399,2.395,3.226
9400,2.385,3.226
9401,2.380,3.226
9402,2.370,3.226
9403,2.366,3.226
9404,2.366,3.226
9405,2.361,3.226
9406,2.356,3.226
9407,2.351,3.226
9408,2.385,3.226
9409,2.488,3.226
9410,2.620,3.226
9411,2.698,3.226
9412,2.703,3.226
9413,2.659,3.226
9414,2.605,3.226
9415,2.561,3.226
9416,2.527,3.226
9417,2.498,3.226
9418,2.493,3.226
9419,2.493,3.226
9420,2.493,3.226
9421,2.493,3.226
9422,2.478,3.226
9423,2.458,3.226
9424,2.439,3.226
9425,2.424,3.226
9426,2.414,3.226
9427,2.405,3.226
9428,2.395,3.226
9429,2.395,3.226
9430,2.380,3.226
9431,2.370,3.226
9432,2.361,3.226
9433,2.356,3.226
9434,2.366,3.226
9435,2.410,3.226
9436,2.517,3.226
9437,2.639,3.226
9438,2.713,3.226
9439,2.708,3.226
9440,2.669,3.226
9441,2.620,3.226
9442,2.571,3.226
9443,2.532,3.226
9444,2.517,3.226
9445,2.517,3.226
9446,2.522,3.226
9447,2.522,3.226
9448,2.512,3.226
9449,2.493,3.226
9450,2.468,3.226
9451,2.449,3.226
9452,2.439,3.226
9453,2.434,3.226
9454,2.424,3.226
9455,2.414,3.226
9456,2.410,3.226
9457,2.400,3.226
9458,2.419,3.226
9459,2.512,3.226
9460,2.644,3.226
9461,2.752,3.226
9462,2.781,3.226
9463,2.757,3.226
9464,2.698,3.226
9465,2.644,3.226
9466,2.615,3.226
9467,2.586,3.226
9468,2.571,3.226
9469,2.571,3.226
9470,2.571,3.226
9471,2.571,3.226
9472,2.561,3.226
9473,2.532,3.226
9474,2.498,3.226
9475,2.478,3.226
9476,2.468,3.226
9477,2.454,3.226
9478,2.439,3.226
9479,2.434,3.226
9480,2.424,3.226
9481,2.419,3.226
9482,2.410,3.226
9483,2.424,3.226
9484,2.512,3.226
9485,2.654,3.226
9486,2.781,3.226
9487,2.825,3.226
9488,2.801,3.226
9489,2.747,3.226
9490,2.693,3.226
9491,2.644,3.226
9492,2.610,3.226
9493,2.586,3.226
9494,2.581,3.226
9495,2.581,3.226
9496,2.581,3.226
9497,2.571,3.226
9498,2.546,3.231
9499,2.522,3.226
9500,2.493,3.231
9501,2.478,3.231
9502,2.463,3.231
9503,2.454,3.231
9504,2.449,3.231
9505,2.434,3.236
9506,2.439,3.231
9507,2.507,3.231
9508,2.639,3.231
9509,2.771,3.236
9510,2.825,3.236
9511,2.805,3.236
9512,2.747,3.236
9513,2.693,3.236
9514,2.644,3.236
9515,2.610,3.236
9516,2.590,3.236
9517,2.595,3.236
9518,2.605,3.236
9519,2.605,3.236
9520,2.586,3.236
9521,2.546,3.236
9522,2.517,3.236
9523,2.498,3.236
9524,2.488,3.236
9525,2.468,3.236
9526,2.458,3.236
9527,2.449,3.236
9528,2.429,3.240
9529,2.419,3.236
9530,2.434,3.240
9531,2.532,3.236
9532,2.693,3.236
9533,2.820,3.236
9534,2.864,3.236
9535,2.835,3.240
9536,2.771,3.236
9537,2.717,3.240
9538,2.678,3.236
9539,2.639,3.240
9540,2.600,3.236
9541,2.581,3.240
9542,2.581,3.236
9543,2.581,3.240
9544,2.561,3.236
9545,2.532,3.240
9546,2.498,3.240
9547,2.473,3.240
9548,2.454,3.240
9549,2.439,3.240
9550,2.434,3.240
9551,2.424,3.240
9552,2.410,3.240
9553,2.400,3.240
9554,2.380,3.240
9555,2.390,3.240
9556,2.463,3.240
9557,2.605,3.240
9558,2.742,3.240
9559,2.801,3.240
9560,2.771,3.240
9561,2.708,3.236
9562,2.664,3.240
9563,2.610,3.240
9564,2.571,3.240
9565,2.537,3.240
9566,2.517,3.240
9567,2.522,3.240
9568,2.517,3.240
9569,2.502,3.240
9570,2.483,3.240
9571,2.458,3.240
9572,2.444,3.236
9573,2.429,3.240
9574,2.414,3.236
9575,2.400,3.240
9576,2.390,3.236
9577,2.380,3.240
9578,2.370,3.236
9579,2.366,3.240
9580,2.356,3.236
9581,2.356,3.240
9582,2.356,3.236
9583,2.341,3.240
9584,2.336,3.240
9585,2.385,3.236
9586,2.512,3.240
9587,2.649,3.236
9588,2.742,3.240
9589,2.742,3.236
9590,2.683,3.240
9591,2.625,3.236
9592,2.581,3.240
9593,2.546,3.236
9594,2.527,3.240
9595,2.507,3.236
9596,2.502,3.236
9597,2.507,3.240
9598,2.498,3.240
9599,2.473,3.240
9600,2.454,3.240
9601,2.434,3.240
9602,2.414,3.236
9603,2.405,3.240
9604,2.395,3.236
9605,2.380,3.240
9606,2.375,3.236
9607,2.370,3.240
9608,2.370,3.236
9609,2.361,3.240
9610,2.346,3.236
9611,2.341,3.240
9612,2.331,3.236
9613,2.336,3.240
9614,2.380,3.236
9615,2.502,3.240
9616,2.649,3.240
9617,2.722,3.236
9618,2.722,3.240
9619,2.674,3.236
9620,2.605,3.240
9621,2.561,3.236
9622,2.527,3.240
9623,2.502,3.236
9624,2.498,3.240
9625,2.498,3.236
9626,2.493,3.240
9627,2.488,3.240
9628,2.463,3.240
9629,2.434,3.240
9630,2.414,3.240
9631,2.405,3.240
9632,2.395,3.240
9633,2.385,3.240
9634,2.385,3.240
9635,2.370,3.240
9636,2.366,3.236
9637,2.356,3.240
9638,2.356,3.236
9639,2.351,3.240
9640,2.346,3.236
9641,2.341,3.240
9642,2.370,3.236
9643,2.458,3.240
9644,2.586,3.236
9645,2.698,3.240
9646,2.717,3.236
9647,2.688,3.236
9648,2.634,3.236
9649,2.581,3.236
9650,2.546,3.236
9651,2.517,3.236
9652,2.507,3.240
9653,2.512,3.236
9654,2.517,3.240
9655,2.517,3.236
9656,2.498,3.240
9657,2.478,3.236
9658,2.463,3.240
9659,2.444,3.236
9660,2.429,3.240
9661,2.419,3.236
9662,2.414,3.240
9663,2.400,3.236
9664,2.390,3.240
9665,2.380,3.236
9666,2.370,3.240
9667,2.366,3.236
9668,2.390,3.240
9669,2.493,3.236
9670,2.644,3.236
9671,2.747,3.236
9672,2.771,3.236
9673,2.713,3.240
9674,2.659,3.236
9675,2.615,3.240
9676,2.576,3.236
9677,2.546,3.240
9678,2.532,3.236
9679,2.542,3.240
9680,2.542,3.236
9681,2.537,3.236
9682,2.517,3.240
9683,2.502,3.236
9684,2.483,3.240
9685,2.463,3.236
9686,2.454,3.240
9687,2.444,3.236
9688,2.434,3.240
9689,2.429,3.236
9690,2.424,3.240
9691,2.419,3.236
9692,2.414,3.240
9693,2.405,3.236
9694,2.400,3.240
9695,2.444,3.236
9696,2.566,3.240
9697,2.717,3.236
9698,2.815,3.240
9699,2.825,3.236
9700,2.771,3.236
9701,2.708,3.236
9702,2.659,3.236
9703,2.630,3.236
9704,2.600,3.236
9705,2.586,3.236
9706,2.576,3.231
9707,2.581,3.236
9708,2.571,3.231
9709,2.551,3.231
9710,2.522,3.231
9711,2.493,3.231
9712,2.468,3.236
9713,2.449,3.236
9714,2.434,3.236
9715,2.424,3.236
9716,2.414,3.236
9717,2.405,3.236
9718,2.390,3.236
9719,2.380,3.236
9720,2.385,3.236
9721,2.439,3.236
9722,2.566,3.236
9723,2.717,3.236
9724,2.801,3.236
9725,2.801,3.236
9726,2.737,3.236
9727,2.669,3.236
9728,2.620,3.236
9729,2.576,3.236
9730,2.537,3.231
9731,2.527,3.236
9732,2.532,3.231
9733,2.537,3.236
9734,2.532,3.231
9735,2.522,3.236
9736,2.493,3.236
9737,2.463,3.236
9738,2.439,3.236
9739,2.434,3.236
9740,2.419,3.236
9741,2.410,3.236
9742,2.405,3.236
9743,2.390,3.236
9744,2.405,3.236
9745,2.493,3.236
9746,2.649,3.236
9747,2.776,3.231
9748,2.820,3.236
9749,2.786,3.236
9750,2.713,3.236
9751,2.649,3.231
9752,2.595,3.236
9753,2.551,3.231
9754,2.542,3.236
9755,2.542,3.231
9756,2.551,3.236
9757,2.551,3.236
9758,2.532,3.236
9759,2.498,3.236
9760,2.473,3.236
9761,2.454,3.236
9762,2.439,3.236
9763,2.424,3.236
9764,2.414,3.236
9765,2.410,3.236
9766,2.405,3.236
9767,2.400,3.236
9768,2.463,3.236
9769,2.615,3.236
9770,2.771,3.236
9771,2.859,3.236
9772,2.859,3.236
9773,2.796,3.236
9774,2.713,3.236
9775,2.654,3.236
9776,2.610,3.236
9777,2.581,3.236
9778,2.566,3.236
9779,2.571,3.236
9780,2.576,3.236
9781,2.561,3.236
9782,2.537,3.236
9783,2.507,3.236
9784,2.483,3.236
9785,2.458,3.236
9786,2.449,3.236
9787,2.434,3.236
9788,2.424,3.236
9789,2.410,3.236
9790,2.390,3.236
9791,2.390,3.236
9792,2.463,3.236
9793,2.620,3.236
9794,2.781,3.236
9795,2.864,3.236
9796,2.849,3.236
9797,2.776,3.236
9798,2.713,3.236
9799,2.649,3.236
9800,2.605,3.236
9801,2.576,3.236
9802,2.561,3.236
9803,2.566,3.236
9804,2.561,3.236
9805,2.546,3.236
9806,2.517,3.236
9807,2.483,3.236
9808,2.458,3.236
9809,2.434,3.236
9810,2.414,3.236
9811,2.400,3.236
9812,2.395,3.236
9813,2.385,3.236
9814,2.375,3.236
9815,2.385,3.236
9816,2.468,3.236
9817,2.634,3.236
9818,2.781,3.236
9819,2.845,3.236
9820,2.810,3.236
9821,2.737,3.236
9822,2.674,3.236
9823,2.620,3.236
9824,2.571,3.236
9825,2.546,3.236
9826,2.537,3.236
9827,2.537,3.236
9828,2.532,3.236
9829,2.522,3.236
9830,2.493,3.236
9831,2.468,3.236
9832,2.439,3.236
9833,2.419,3.236
9834,2.410,3.236
9835,2.390,3.236
9836,2.385,3.236
9837,2.370,3.236
9838,2.370,3.236
9839,2.444,3.236
9840,2.595,3.236
9841,2.747,3.236
9842,2.815,3.236
9843,2.791,3.236
9844,2.703,3.236
9845,2.634,3.236
9846,2.571,3.236
9847,2.532,3.236
9848,2.517,3.236
9849,2.517,3.236
9850,2.522,3.236
9851,2.517,3.236
9852,2.498,3.236
9853,2.463,3.236
9854,2.434,3.236
9855,2.414,3.236
9856,2.405,3.236
9857,2.395,3.236
9858,2.385,3.236
9859,2.380,3.236
9860,2.366,3.236
9861,2.351,3.236
9862,2.356,3.236
9863,2.424,3.236
9864,2.571,3.236
9865,2.732,3.236
9866,2.815,3.236
9867,2.805,3.236
9868,2.742,3.236
9869,2.674,3.236
9870,2.615,3.236
9871,2.566,3.236
9872,2.532,3.236
9873,2.522,3.236
9874,2.522,3.236
9875,2.532,3.236
9876,2.517,3.236
9877,2.488,3.236
9878,2.458,3.236
9879,2.434,3.236
9880,2.414,3.236
9881,2.395,3.236
9882,2.385,3.236
9883,2.375,3.236
9884,2.370,3.236
9885,2.366,3.236
9886,2.361,3.236
9887,2.395,3.236
9888,2.517,3.236
9889,2.683,3.236
9890,2.796,3.236
9891,2.805,3.236
9892,2.747,3.236
9893,2.664,3.236
9894,2.610,3.236
9895,2.561,3.236
9896,2.522,3.236
9897,2.507,3.236
9898,2.502,3.236
9899,2.512,3.236
9900,2.502,3.236
9901,2.478,3.236
9902,2.458,3.236
9903,2.434,3.236
9904,2.414,3.236
9905,2.395,3.236
9906,2.380,3.236
9907,2.375,3.236
9908,2.375,3.236
9909,2.375,3.236
9910,2.356,3.236
9911,2.346,3.236
9912,2.395,3.236
9913,2.527,3.236
9914,2.674,3.236
9915,2.771,3.236
9916,2.781,3.236
9917,2.717,3.236
9918,2.649,3.236
9919,2.600,3.236
9920,2.556,3.236
9921,2.527,3.236
9922,2.512,3.236
9923,2.512,3.236
9924,2.517,3.236
9925,2.517,3.236
9926,2.512,3.236
9927,2.502,3.236
9928,2.498,3.236
9929,2.488,3.236
9930,2.478,3.236
9931,2.454,3.236
9932,2.434,3.236
9933,2.419,3.236
9934,2.473,3.236
9935,2.610,3.236
9936,2.752,3.231
9937,2.820,3.236
9938,2.796,3.231
9939,2.727,3.231
9940,2.664,3.231
9941,2.625,3.231
9942,2.590,3.231
9943,2.571,3.231
9944,2.571,3.231
9945,2.581,3.231
9946,2.581,3.231
9947,2.561,3.231
9948,2.532,3.231
9949,2.502,3.231
9950,2.478,3.231
9951,2.463,3.231
9952,2.449,3.231
9953,2.444,3.231
9954,2.458,3.231
9955,2.532,3.231
9956,2.664,3.236
9957,2.776,3.231
9958,2.825,3.231
9959,2.791,3.236
9960,2.722,3.236
9961,2.664,3.236
9962,2.615,3.236
9963,2.566,3.236
9964,2.537,3.236
9965,2.527,3.236
9966,2.517,3.236
9967,2.512,3.236
9968,2.493,3.236
9969,2.473,3.236
9970,2.449,3.236
9971,2.424,3.236
9972,2.405,3.236
9973,2.390,3.236
9974,2.380,3.236
9975,2.414,3.236
9976,2.517,3.236
9977,2.644,3.236
9978,2.727,3.236
9979,2.737,3.236
9980,2.693,3.236
9981,2.639,3.236
9982,2.586,3.236
9983,2.537,3.236
9984,2.512,3.236
9985,2.498,3.236
9986,2.493,3.236
9987,2.488,3.236
9988,2.473,3.236
9989,2.458,3.236
9990,2.439,3.236
9991,2.419,3.236
9992,2.410,3.236
9993,2.395,3.236
9994,2.400,3.236
9995,2.454,3.236
9996,2.561,3.231
9997,2.688,3.236
9998,2.757,3.236
9999,2.747,3.236
10000,2.688,3.231
10001,2.615,3.231
10002,2.546,3.231
10003,2.512,3.231
10004,2.517,3.231
10005,2.542,3.231
10006,2.556,3.231
10007,2.551,3.231
10008,2.522,3.236
10009,2.478,3.231
10010,2.449,3.236
10011,2.429,3.231
10012,2.419,3.236
10013,2.429,3.236
10014,2.493,3.236
10015,2.620,3.236
10016,2.732,3.236
10017,2.781,3.236
10018,2.757,3.236
10019,2.708,3.236
10020,2.654,3.236
10021,2.605,3.236
10022,2.561,3.236
10023,2.542,3.236
10024,2.542,3.236
10025,2.537,3.236
10026,2.527,3.236
10027,2.493,3.240
10028,2.463,3.236
10029,2.439,3.240
10030,2.419,3.240
10031,2.405,3.240
10032,2.390,3.240
10033,2.385,3.240
10034,2.434,3.240
10035,2.566,3.240
10036,2.693,3.240
10037,2.757,3.236
10038,2.747,3.240
10039,2.693,3.236
10040,2.644,3.240
10041,2.600,3.236
10042,2.561,3.240
10043,2.532,3.236
10044,2.517,3.236
10045,2.502,3.236
10046,2.483,3.236
10047,2.463,3.236
10048,2.439,3.236
10049,2.410,3.236
10050,2.390,3.236
10051,2.370,3.236
10052,2.361,3.236
10053,2.361,3.236
10054,2.366,3.236
10055,2.385,3.240
10056,2.468,3.236
10057,2.605,3.236
10058,2.703,3.236
10059,2.737,3.236
10060,2.708,3.236
10061,2.674,3.236
10062,2.630,3.236
10063,2.586,3.236
10064,2.542,3.236
10065,2.517,3.236
10066,2.498,3.236
10067,2.498,3.236
10068,2.483,3.236
10069,2.468,3.236
10070,2.449,3.236
10071,2.434,3.236
10072,2.419,3.236
10073,2.414,3.236
10074,2.405,3.236
10075,2.390,3.236
10076,2.385,3.236
10077,2.370,3.236
10078,2.361,3.236
10079,2.370,3.236
10080,2.444,3.236
10081,2.576,3.236
10082,2.693,3.236
10083,2.737,3.236
10084,2.717,3.236
10085,2.674,3.236
10086,2.630,3.236
10087,2.586,3.236
10088,2.561,3.236
10089,2.542,3.236
10090,2.527,3.236
10091,2.527,3.236
10092,2.517,3.236
10093,2.498,3.236
10094,2.478,3.236
10095,2.458,3.236
10096,2.449,3.236
10097,2.439,3.236
10098,2.424,3.236
10099,2.410,3.236
10100,2.400,3.236
10101,2.395,3.236
10102,2.385,3.236
10103,2.390,3.236
10104,2.390,3.236
10105,2.449,3.236
10106,2.566,3.236
10107,2.674,3.236
10108,2.717,3.236
10109,2.698,3.236
10110,2.644,3.236
10111,2.590,3.236
10112,2.546,3.236
10113,2.517,3.236
10114,2.493,3.236
10115,2.478,3.236
10116,2.483,3.236
10117,2.478,3.236
10118,2.473,3.236
10119,2.473,3.236
10120,2.458,3.236
10121,2.463,3.236
10122,2.454,3.236
10123,2.449,3.236
10124,2.419,3.236
10125,2.400,3.236
10126,2.380,3.236
10127,2.361,3.236
10128,2.341,3.236
10129,2.341,3.236
10130,2.400,3.236
10131,2.498,3.236
10132,2.590,3.236
10133,2.630,3.236
10134,2.605,3.236
10135,2.561,3.236
10136,2.522,3.236
10137,2.488,3.236
10138,2.458,3.236
10139,2.444,3.236
10140,2.444,3.236
10141,2.449,3.236
10142,2.444,3.236
10143,2.424,3.236
10144,2.410,3.236
10145,2.390,3.236
10146,2.375,3.236
10147,2.366,3.236
10148,2.361,3.236
10149,2.356,3.236
10150,2.351,3.236
10151,2.341,3.236
10152,2.341,3.236
10153,2.380,3.236
10154,2.478,3.236
10155,2.595,3.236
10156,2.659,3.236
10157,2.659,3.236
10158,2.620,3.236
10159,2.576,3.236
10160,2.522,3.236
10161,2.488,3.236
10162,2.468,3.236
10163,2.463,3.236
10164,2.463,3.236
10165,2.468,3.236
10166,2.463,3.236
10167,2.439,3.236
10168,2.434,3.236
10169,2.434,3.236
10170,2.434,3.236
10171,2.444,3.236
10172,2.444,3.236
10173,2.429,3.236
10174,2.414,3.236
10175,2.439,3.236
10176,2.522,3.236
10177,2.630,3.236
10178,2.703,3.236
10179,2.713,3.236
10180,2.674,3.236
10181,2.625,3.236
10182,2.586,3.236
10183,2.542,3.236
10184,2.517,3.236
10185,2.507,3.236
10186,2.507,3.236
10187,2.507,3.236
10188,2.493,3.236
10189,2.478,3.236
10190,2.454,3.236
10191,2.434,3.236
10192,2.419,3.236
10193,2.405,3.236
10194,2.405,3.236
10195,2.390,3.236
10196,2.390,3.236
10197,2.385,3.236
10198,2.429,3.236
10199,2.551,3.236
10200,2.693,3.236
10201,2.796,3.236
10202,2.805,3.236
10203,2.761,3.236
10204,2.698,3.236
10205,2.644,3.236
10206,2.600,3.236
10207,2.571,3.236
10208,2.566,3.236
10209,2.556,3.236
10210,2.556,3.236
10211,2.551,3.236
10212,2.532,3.236
10213,2.498,3.236
10214,2.483,3.236
10215,2.458,3.236
10216,2.439,3.236
10217,2.429,3.236
10218,2.414,3.236
10219,2.405,3.236
10220,2.405,3.240
10221,2.468,3.236
10222,2.610,3.236
10223,2.757,3.236
10224,2.830,3.236
10225,2.825,3.236
10226,2.766,3.236
10227,2.703,3.236
10228,2.649,3.236
10229,2.595,3.236
10230,2.571,3.236
10231,2.556,3.236
10232,2.551,3.236
10233,2.542,3.236
10234,2.522,3.236
10235,2.488,3.240
10236,2.454,3.236
10237,2.434,3.236
10238,2.410,3.236
10239,2.385,3.236
10240,2.375,3.236
10241,2.375,3.236
10242,2.370,3.236
10243,2.361,3.236
10244,2.395,3.236
10245,2.512,3.236
10246,2.669,3.236
10247,2.776,3.236
10248,2.791,3.236
10249,2.737,3.236
10250,2.659,3.236
10251,2.581,3.236
10252,2.532,3.236
10253,2.502,3.236
10254,2.507,3.236
10255,2.542,3.236
10256,2.556,3.236
10257,2.551,3.236
10258,2.522,3.236
10259,2.493,3.236
10260,2.454,3.236
10261,2.429,3.240
10262,2.419,3.236
10263,2.410,3.236
10264,2.400,3.236
10265,2.405,3.240
10266,2.493,3.236
10267,2.669,3.236
10268,2.830,3.236
10269,2.903,3.236
10270,2.869,3.236
10271,2.771,3.236
10272,2.674,3.236
10273,2.595,3.236
10274,2.542,3.236
10275,2.532,3.236
10276,2.546,3.236
10277,2.561,3.236
10278,2.556,3.236
10279,2.537,3.236
10280,2.502,3.236
10281,2.468,3.240
10282,2.444,3.236
10283,2.434,3.236
10284,2.434,3.236
10285,2.434,3.236
10286,2.429,3.236
10287,2.424,3.236
10288,2.463,3.236
10289,2.605,3.236
10290,2.796,3.236
10291,2.923,3.236
10292,2.928,3.236
10293,2.849,3.236
10294,2.732,3.236
10295,2.630,3.236
10296,2.546,3.236
10297,2.507,3.236
10298,2.498,3.240
10299,2.522,3.236
10300,2.537,3.236
10301,2.537,3.236
10302,2.512,3.236
10303,2.468,3.236
10304,2.434,3.236
10305,2.410,3.236
10306,2.400,3.236
10307,2.395,3.236
10308,2.385,3.236
10309,2.370,3.236
10310,2.385,3.236
10311,2.517,3.236
10312,2.717,3.236
10313,2.859,3.236
10314,2.884,3.236
10315,2.796,3.236
10316,2.683,3.236
10317,2.586,3.236
10318,2.517,3.236
10319,2.488,3.236
10320,2.502,3.236
10321,2.532,3.236
10322,2.551,3.236
10323,2.537,3.236
10324,2.498,3.236
10325,2.444,3.236
10326,2.405,3.236
10327,2.380,3.236
10328,2.361,3.236
10329,2.336,3.236
10330,2.322,3.236
10331,2.312,3.236
10332,2.336,3.236
10333,2.468,3.236
10334,2.678,3.236
10335,2.849,3.236
10336,2.889,3.236
10337,2.810,3.236
10338,2.683,3.236
10339,2.556,3.236
10340,2.468,3.236
10341,2.434,3.236
10342,2.439,3.236
10343,2.463,3.236
10344,2.468,3.236
10345,2.458,3.236
10346,2.419,3.236
10347,2.380,3.236
10348,2.356,3.236
10349,2.341,3.236
10350,2.341,3.236
10351,2.341,3.236
10352,2.336,3.236
10353,2.326,3.236
10354,2.341,3.236
10355,2.458,3.236
10356,2.659,3.236
10357,2.815,3.236
10358,2.849,3.236
10359,2.776,3.236
10360,2.664,3.236
10361,2.561,3.236
10362,2.483,3.236
10363,2.439,3.236
10364,2.419,3.236
10365,2.429,3.236
10366,2.434,3.236
10367,2.419,3.236
10368,2.395,3.236
10369,2.366,3.236
10370,2.341,3.236
10371,2.326,3.236
10372,2.312,3.236
10373,2.297,3.240
10374,2.287,3.236
10375,2.278,3.236
10376,2.287,3.236
10377,2.380,3.240
10378,2.546,3.236
10379,2.688,3.236
10380,2.737,3.236
10381,2.688,3.236
10382,2.605,3.236
10383,2.517,3.236
10384,2.449,3.236
10385,2.405,3.236
10386,2.395,3.236
10387,2.400,3.236
10388,2.414,3.236
10389,2.414,3.236
10390,2.395,3.236
10391,2.370,3.236
10392,2.351,3.240
10393,2.331,3.236
10394,2.322,3.240
10395,2.307,3.236
10396,2.297,3.240
10397,2.292,3.236
10398,2.302,3.240
10399,2.380,3.236
10400,2.532,3.236
10401,2.644,3.236
10402,2.674,3.236
10403,2.630,3.236
10404,2.556,3.236
10405,2.498,3.236
10406,2.439,3.240
10407,2.405,3.236
10408,2.400,3.236
10409,2.419,3.236
10410,2.429,3.236
10411,2.424,3.240
10412,2.410,3.236
10413,2.385,3.240
10414,2.356,3.236
10415,2.336,3.240
10416,2.322,3.236
10417,2.312,3.240
10418,2.302,3.236
10419,2.302,3.236
10420,2.356,3.240
10421,2.473,3.240
10422,2.595,3.236
10423,2.659,3.236
10424,2.644,3.236
10425,2.590,3.236
10426,2.527,3.240
10427,2.473,3.236
10428,2.429,3.240
10429,2.410,3.236
10430,2.414,3.240
10431,2.429,3.236
10432,2.434,3.240
10433,2.419,3.236
10434,2.390,3.240
10435,2.370,3.236
10436,2.356,3.240
10437,2.341,3.236
10438,2.326,3.240
10439,2.317,3.236
10440,2.307,3.240
10441,2.297,3.240
10442,2.292,3.240
10443,2.331,3.240
10444,2.439,3.240
10445,2.576,3.240
10446,2.644,3.236
10447,2.630,3.240
10448,2.581,3.236
10449,2.527,3.240
10450,2.483,3.236
10451,2.454,3.240
10452,2.429,3.240
10453,2.424,3.240
10454,2.439,3.240
10455,2.444,3.240
10456,2.439,3.240
10457,2.419,3.240
10458,2.405,3.240
10459,2.390,3.240
10460,2.370,3.240
10461,2.356,3.240
10462,2.346,3.240
10463,2.341,3.240
10464,2.326,3.240
10465,2.322,3.240
10466,2.312,3.240
10467,2.331,3.240
10468,2.414,3.240
10469,2.522,3.236
10470,2.600,3.240
10471,2.620,3.236
10472,2.576,3.236
10473,2.537,3.240
10474,2.512,3.236
10475,2.478,3.240
10476,2.458,3.236
10477,2.458,3.240
10478,2.473,3.236
10479,2.483,3.236
10480,2.488,3.236
10481,2.478,3.236
10482,2.463,3.236
10483,2.449,3.236
10484,2.439,3.236
10485,2.439,3.236
10486,2.434,3.236
10487,2.429,3.236
10488,2.419,3.236
10489,2.429,3.236
10490,2.478,3.236
10491,2.571,3.236
10492,2.644,3.236
10493,2.659,3.236
10494,2.644,3.236
10495,2.605,3.236
10496,2.571,3.236
10497,2.532,3.236
10498,2.502,3.236
10499,2.493,3.236
10500,2.498,3.236
10501,2.498,3.236
10502,2.498,3.236
10503,2.483,3.236
10504,2.468,3.236
10505,2.454,3.236
10506,2.439,3.236
10507,2.429,3.236
10508,2.429,3.236
10509,2.419,3.236
10510,2.410,3.236
10511,2.395,3.236
10512,2.439,3.236
10513,2.546,3.236
10514,2.659,3.236
10515,2.717,3.236
10516,2.713,3.236
10517,2.664,3.236
10518,2.610,3.236
10519,2.556,3.236
10520,2.507,3.236
10521,2.478,3.236
10522,2.473,3.236
10523,2.473,3.236
10524,2.478,3.236
10525,2.473,3.236
10526,2.463,3.236
10527,2.449,3.236
10528,2.429,3.236
10529,2.419,3.236
10530,2.414,3.236
10531,2.414,3.236
10532,2.410,3.240
10533,2.410,3.236
10534,2.395,3.240
10535,2.390,3.236
10536,2.385,3.240
10537,2.414,3.236
10538,2.522,3.236
10539,2.669,3.236
10540,2.771,3.240
10541,2.791,3.236
10542,2.757,3.240
10543,2.703,3.240
10544,2.649,3.240
10545,2.610,3.236
10546,2.576,3.236
10547,2.556,3.240
10548,2.546,3.236
10549,2.542,3.240
10550,2.546,3.236
10551,2.546,3.240
10552,2.527,3.236
10553,2.512,3.240
10554,2.493,3.240
10555,2.478,3.240
10556,2.463,3.240
10557,2.454,3.240
10558,2.444,3.240
10559,2.434,3.240
10560,2.410,3.240
10561,2.390,3.240
10562,2.375,3.240
10563,2.370,3.240
10564,2.429,3.240
10565,2.566,3.240
10566,2.717,3.240
10567,2.801,3.240
10568,2.805,3.240
10569,2.757,3.236
10570,2.703,3.240
10571,2.659,3.236
10572,2.625,3.240
10573,2.590,3.236
10574,2.576,3.240
10575,2.571,3.236
10576,2.566,3.240
10577,2.556,3.236
10578,2.542,3.240
10579,2.512,3.236
10580,2.473,3.240
10581,2.454,3.240
10582,2.434,3.240
10583,2.419,3.240
10584,2.410,3.240
10585,2.390,3.240
10586,2.380,3.236
10587,2.370,3.240
10588,2.366,3.236
10589,2.366,3.240
10590,2.356,3.240
10591,2.351,3.240
10592,2.356,3.240
10593,2.380,3.240
10594,2.493,3.240
10595,2.659,3.236
10596,2.791,3.240
10597,2.835,3.236
10598,2.796,3.240
10599,2.722,3.240
10600,2.654,3.240
10601,2.600,3.236
10602,2.561,3.240
10603,2.537,3.240
10604,2.522,3.240
10605,2.522,3.240
10606,2.522,3.240
10607,2.512,3.240
10608,2.493,3.240
10609,2.478,3.240
10610,2.458,3.240
10611,2.444,3.240
10612,2.429,3.240
10613,2.414,3.240
10614,2.400,3.240
10615,2.390,3.240
10616,2.390,3.240
10617,2.385,3.240
10618,2.375,3.240
10619,2.370,3.240
10620,2.380,3.240
10621,2.439,3.240
10622,2.571,3.240
10623,2.717,3.240
10624,2.805,3.240
10625,2.815,3.240
10626,2.761,3.240
10627,2.693,3.240
10628,2.639,3.240
10629,2.590,3.240
10630,2.556,3.240
10631,2.546,3.240
10632,2.546,3.240
10633,2.542,3.240
10634,2.532,3.240
10635,2.517,3.240
10636,2.488,3.240
10637,2.473,3.240
10638,2.458,3.240
10639,2.444,3.240
10640,2.434,3.240
10641,2.429,3.240
10642,2.414,3.240
10643,2.400,3.240
10644,2.385,3.240
10645,2.390,3.240
10646,2.458,3.240
10647,2.610,3.240
10648,2.771,3.240
10649,2.859,3.240
10650,2.859,3.240
10651,2.801,3.240
10652,2.727,3.240
10653,2.678,3.240
10654,2.630,3.240
10655,2.600,3.240
10656,2.581,3.240
10657,2.581,3.240
10658,2.581,3.240
10659,2.576,3.240
10660,2.551,3.240
10661,2.512,3.240
10662,2.478,3.240
10663,2.454,3.240
10664,2.439,3.240
10665,2.434,3.240
10666,2.419,3.240
10667,2.414,3.240
10668,2.405,3.240
10669,2.395,3.240
10670,2.390,3.240
10671,2.385,3.240
10672,2.410,3.240
10673,2.522,3.240
10674,2.698,3.240
10675,2.845,3.240
10676,2.903,3.240
10677,2.864,3.240
10678,2.786,3.240
10679,2.713,3.240
10680,2.649,3.240
10681,2.600,3.240
10682,2.566,3.240
10683,2.551,3.240
10684,2.556,3.240
10685,2.556,3.240
10686,2.542,3.240
10687,2.517,3.240
10688,2.498,3.240
10689,2.478,3.240
10690,2.444,3.240
10691,2.424,3.240
10692,2.410,3.240
10693,2.405,3.240
10694,2.405,3.240
10695,2.395,3.240
10696,2.414,3.240
10697,2.517,3.240
10698,2.683,3.240
10699,2.830,3.240
10700,2.884,3.240
10701,2.845,3.240
10702,2.761,3.240
10703,2.678,3.240
10704,2.625,3.240
10705,2.581,3.240
10706,2.566,3.240
10707,2.576,3.240
10708,2.581,3.240
10709,2.576,3.240
10710,2.556,3.240
10711,2.527,3.240
10712,2.502,3.240
10713,2.473,3.240
10714,2.458,3.240
10715,2.458,3.240
10716,2.439,3.240
10717,2.429,3.240
10718,2.449,3.240
10719,2.561,3.240
10720,2.737,3.240
10721,2.884,3.240
10722,2.937,3.240
10723,2.903,3.240
10724,2.815,3.240
10725,2.732,3.240
10726,2.664,3.240
10727,2.610,3.240
10728,2.586,3.240
10729,2.581,3.240
10730,2.581,3.240
10731,2.581,3.240
10732,2.556,3.240
10733,2.517,3.240
10734,2.478,3.240
10735,2.458,3.240
10736,2.439,3.240
10737,2.429,3.240
10738,2.419,3.240
10739,2.414,3.240
10740,2.405,3.240
10741,2.385,3.240
10742,2.375,3.240
10743,2.400,3.240
10744,2.542,3.240
10745,2.752,3.240
10746,2.913,3.240
10747,2.962,3.240
10748,2.913,3.240
10749,2.820,3.240
10750,2.732,3.240
10751,2.674,3.240
10752,2.615,3.240
10753,2.576,3.240
10754,2.566,3.240
10755,2.576,3.240
10756,2.571,3.240
10757,2.561,3.240
10758,2.542,3.240
10759,2.502,3.240
10760,2.468,3.240
10761,2.449,3.240
10762,2.434,3.240
10763,2.419,3.240
10764,2.405,3.240
10765,2.390,3.240
10766,2.370,3.240
10767,2.361,3.240
10768,2.414,3.240
10769,2.586,3.240
10770,2.791,3.240
10771,2.918,3.240
10772,2.937,3.240
10773,2.874,3.240
10774,2.786,3.240
10775,2.717,3.240
10776,2.659,3.240
10777,2.620,3.240
10778,2.610,3.240
10779,2.605,3.240
10780,2.595,3.240
10781,2.571,3.240
10782,2.542,3.240
10783,2.493,3.240
10784,2.458,3.240
10785,2.439,3.240
10786,2.424,3.240
10787,2.419,3.240
10788,2.414,3.240
10789,2.405,3.240
10790,2.405,3.240
10791,2.468,3.240
10792,2.644,3.240
10793,2.835,3.240
10794,2.942,3.240
10795,2.933,3.240
10796,2.854,3.240
10797,2.776,3.240
10798,2.708,3.240
10799,2.649,3.240
10800,2.610,3.240
10801,2.590,3.240
10802,2.586,3.240
10803,2.586,3.240
10804,2.571,3.240
10805,2.542,3.240
10806,2.502,3.240
10807,2.463,3.240
10808,2.434,3.240
10809,2.419,3.240
10810,2.405,3.240
10811,2.395,3.240
10812,2.385,3.240
10813,2.366,3.240
10814,2.361,3.240
10815,2.419,3.240
10816,2.600,3.240
10817,2.810,3.240
10818,2.942,3.240
10819,2.937,3.240
10820,2.845,3.240
10821,2.742,3.240
10822,2.659,3.240
10823,2.605,3.240
10824,2.561,3.240
10825,2.546,3.240
10826,2.542,3.240
10827,2.537,3.240
10828,2.527,3.240
10829,2.488,3.240
10830,2.454,3.240
10831,2.419,3.240
10832,2.390,3.240
10833,2.370,3.240
10834,2.361,3.240
10835,2.346,3.240
10836,2.331,3.240
10837,2.317,3.240
10838,2.307,3.240
10839,2.297,3.240
10840,2.297,3.240
10841,2.356,3.240
10842,2.561,3.240
10843,2.752,3.240
10844,2.845,3.240
10845,2.805,3.240
10846,2.717,3.240
10847,2.620,3.240
10848,2.546,3.240
10849,2.493,3.240
10850,2.454,3.240
10851,2.444,3.240
10852,2.454,3.240
10853,2.458,3.240
10854,2.449,3.240
10855,2.429,3.240
10856,2.410,3.240
10857,2.380,3.240
10858,2.361,3.240
10859,2.346,3.240
10860,2.341,3.240
10861,2.336,3.240
10862,2.326,3.240
10863,2.317,3.240
10864,2.312,3.240
10865,2.326,3.240
10866,2.449,3.240
10867,2.610,3.240
10868,2.703,3.240
10869,2.708,3.240
10870,2.644,3.240
10871,2.566,3.240
10872,2.507,3.240
10873,2.463,3.245
10874,2.444,3.240
10875,2.439,3.240
10876,2.444,3.240
10877,2.449,3.240
10878,2.439,3.245
10879,2.410,3.240
10880,2.385,3.240
10881,2.361,3.240
10882,2.346,3.245
10883,2.336,3.240
10884,2.317,3.240
10885,2.307,3.240
10886,2.307,3.240
10887,2.297,3.240
10888,2.297,3.240
10889,2.297,3.240
10890,2.297,3.240
10891,2.361,3.240
10892,2.488,3.240
10893,2.634,3.240
10894,2.717,3.240
10895,2.717,3.240
10896,2.644,3.240
10897,2.571,3.240
10898,2.512,3.240
10899,2.463,3.245
10900,2.434,3.240
10901,2.429,3.245
10902,2.429,3.240
10903,2.434,3.245
10904,2.424,3.240
10905,2.400,3.245
10906,2.380,3.240
10907,2.361,3.240
10908,2.351,3.240
10909,2.341,3.240
10910,2.322,3.240
10911,2.312,3.240
10912,2.307,3.240
10913,2.307,3.240
10914,2.307,3.245
10915,2.297,3.240
10916,2.287,3.245
10917,2.307,3.240
10918,2.390,3.245
10919,2.522,3.240
10920,2.610,3.240
10921,2.630,3.240
10922,2.595,3.245
10923,2.542,3.240
10924,2.488,3.245
10925,2.463,3.240
10926,2.439,3.245
10927,2.424,3.240
10928,2.414,3.240
10929,2.414,3.240
10930,2.405,3.240
10931,2.400,3.240
10932,2.380,3.240
10933,2.366,3.240
10934,2.351,3.240
10935,2.346,3.245
10936,2.336,3.240
10937,2.331,3.240
10938,2.317,3.240
10939,2.307,3.240
10940,2.302,3.240
10941,2.302,3.240
10942,2.297,3.240
10943,2.297,3.240
10944,2.317,3.236
10945,2.395,3.236
10946,2.498,3.236
10947,2.566,3.236
10948,2.581,3.236
10949,2.551,3.236
10950,2.512,3.236
10951,2.483,3.236
10952,2.463,3.236
10953,2.449,3.236
10954,2.444,3.236
10955,2.449,3.236
10956,2.444,3.236
10957,2.434,3.236
10958,2.419,3.236
10959,2.400,3.236
10960,2.385,3.236
10961,2.370,3.231
10962,2.356,3.236
10963,2.346,3.231
10964,2.336,3.236
10965,2.331,3.236
10966,2.326,3.236
10967,2.322,3.236
10968,2.322,3.236
10969,2.366,3.236
10970,2.458,3.236
10971,2.546,3.236
10972,2.586,3.236
10973,2.576,3.236
10974,2.542,3.236
10975,2.498,3.236
10976,2.463,3.236
10977,2.439,3.236
10978,2.424,3.236
10979,2.424,3.236
10980,2.439,3.236
10981,2.449,3.236
10982,2.449,3.236
10983,2.434,3.236
10984,2.419,3.236
10985,2.410,3.236
10986,2.400,3.236
10987,2.390,3.236
10988,2.380,3.236
10989,2.375,3.236
10990,2.361,3.236
10991,2.361,3.236
10992,2.351,3.236
10993,2.375,3.236
10994,2.478,3.236
10995,2.605,3.236
10996,2.688,3.236
10997,2.708,3.236
10998,2.669,3.236
10999,2.615,3.236
11000,2.571,3.236
11001,2.532,3.236
11002,2.493,3.236
11003,2.483,3.236
11004,2.488,3.236
11005,2.507,3.236
11006,2.507,3.236
11007,2.493,3.236
11008,2.473,3.236
11009,2.449,3.236
11010,2.434,3.236
11011,2.424,3.236
11012,2.419,3.236
11013,2.414,3.236
11014,2.410,3.236
11015,2.405,3.236
11016,2.395,3.236
11017,2.385,3.236
11018,2.380,3.236
11019,2.419,3.236
11020,2.537,3.236
11021,2.698,3.236
11022,2.805,3.236
11023,2.820,3.236
11024,2.771,3.236
11025,2.693,3.236
11026,2.634,3.236
11027,2.586,3.236
11028,2.546,3.236
11029,2.522,3.236
11030,2.512,3.236
11031,2.522,3.236
11032,2.522,3.236
11033,2.502,3.236
11034,2.478,3.236
11035,2.458,3.236
11036,2.439,3.236
11037,2.424,3.236
11038,2.414,3.236
11039,2.405,3.236
11040,2.400,3.231
11041,2.390,3.231
11042,2.380,3.231
11043,2.370,3.231
11044,2.370,3.231
11045,2.419,3.231
11046,2.556,3.231
11047,2.717,3.231
11048,2.815,3.231
11049,2.825,3.231
11050,2.761,3.231
11051,2.688,3.231
11052,2.625,3.231
11053,2.576,3.231
11054,2.532,3.231
11055,2.517,3.231
11056,2.527,3.231
11057,2.537,3.231
11058,2.546,3.231
11059,2.527,3.231
11060,2.502,3.231
11061,2.473,3.231
11062,2.458,3.231
11063,2.444,3.231
11064,2.439,3.231
11065,2.429,3.236
11066,2.429,3.231
11067,2.419,3.236
11068,2.439,3.231
11069,2.542,3.231
11070,2.713,3.231
11071,2.849,3.231
11072,2.884,3.231
11073,2.835,3.231
11074,2.752,3.231
11075,2.683,3.231
11076,2.625,3.231
11077,2.576,3.231
11078,2.551,3.231
11079,2.551,3.231
11080,2.561,3.231
11081,2.561,3.231
11082,2.546,3.231
11083,2.512,3.231
11084,2.478,3.236
11085,2.458,3.231
11086,2.444,3.236
11087,2.439,3.231
11088,2.429,3.236
11089,2.429,3.231
11090,2.424,3.236
11091,2.410,3.231
11092,2.410,3.236
11093,2.527,3.236
11094,2.717,3.231
11095,2.893,3.236
11096,2.972,3.236
11097,2.942,3.236
11098,2.859,3.236
11099,2.766,3.236
11100,2.703,3.236
11101,2.649,3.236
11102,2.610,3.231
11103,2.595,3.236
11104,2.600,3.231
11105,2.605,3.231
11106,2.610,3.231
11107,2.586,3.231
11108,2.556,3.231
11109,2.537,3.231
11110,2.512,3.231
11111,2.483,3.231
11112,2.473,3.236
11113,2.468,3.231
11114,2.458,3.236
11115,2.444,3.231
11116,2.429,3.236
11117,2.410,3.231
11118,2.454,3.236
11119,2.634,3.231
11120,2.849,3.231
11121,2.977,3.231
11122,2.981,3.231
11123,2.903,3.231
11124,2.805,3.231
11125,2.727,3.231
11126,2.674,3.231
11127,2.630,3.231
11128,2.610,3.231
11129,2.600,3.231
11130,2.605,3.231
11131,2.595,3.231
11132,2.571,3.231
11133,2.542,3.231
11134,2.507,3.231
11135,2.483,3.231
11136,2.458,3.231
11137,2.434,3.231
11138,2.419,3.231
11139,2.400,3.231
11140,2.380,3.231
11141,2.370,3.231
11142,2.351,3.231
11143,2.341,3.231
11144,2.395,3.231
11145,2.566,3.231
11146,2.815,3.231
11147,2.933,3.231
11148,2.923,3.231
11149,2.835,3.231
11150,2.732,3.231
11151,2.649,3.231
11152,2.590,3.231
11153,2.546,3.231
11154,2.527,3.231
11155,2.537,3.231
11156,2.542,3.231
11157,2.542,3.231
11158,2.512,3.231
11159,2.478,3.231
11160,2.454,3.231
11161,2.429,3.231
11162,2.419,3.236
11163,2.410,3.231
11164,2.400,3.231
11165,2.385,3.231
11166,2.375,3.231
11167,2.361,3.231
11168,2.346,3.231
11169,2.356,3.231
11170,2.454,3.231
11171,2.639,3.231
11172,2.801,3.231
11173,2.874,3.231
11174,2.840,3.231
11175,2.747,3.231
11176,2.654,3.231
11177,2.581,3.231
11178,2.527,3.231
11179,2.502,3.231
11180,2.517,3.231
11181,2.527,3.231
11182,2.532,3.231
11183,2.517,3.231
11184,2.488,3.231
11185,2.463,3.231
11186,2.439,3.231
11187,2.414,3.231
11188,2.405,3.231
11189,2.390,3.231
11190,2.380,3.236
11191,2.370,3.231
11192,2.361,3.236
11193,2.395,3.231
11194,2.522,3.231
11195,2.708,3.231
11196,2.840,3.231
11197,2.874,3.231
11198,2.820,3.231
11199,2.732,3.231
11200,2.654,3.231
11201,2.586,3.231
11202,2.537,3.236
11203,2.512,3.231
11204,2.517,3.231
11205,2.532,3.231
11206,2.537,3.231
11207,2.522,3.231
11208,2.488,3.231
11209,2.463,3.231
11210,2.439,3.231
11211,2.419,3.231
11212,2.410,3.231
11213,2.395,3.231
11214,2.380,3.231
11215,2.375,3.231
11216,2.370,3.231
11217,2.356,3.236
11218,2.346,3.231
11219,2.370,3.231
11220,2.527,3.231
11221,2.727,3.231
11222,2.874,3.231
11223,2.908,3.231
11224,2.849,3.231
11225,2.757,3.231
11226,2.659,3.231
11227,2.595,3.231
11228,2.551,3.231
11229,2.532,3.231
11230,2.532,3.231
11231,2.532,3.231
11232,2.527,3.231
11233,2.512,3.231
11234,2.493,3.231
11235,2.468,3.231
11236,2.444,3.231
11237,2.424,3.231
11238,2.410,3.231
11239,2.390,3.231
11240,2.375,3.231
11241,2.366,3.231
11242,2.356,3.231
11243,2.341,3.231
11244,2.341,3.231
11245,2.370,3.231
11246,2.483,3.231
11247,2.674,3.231
11248,2.820,3.231
11249,2.864,3.231
11250,2.815,3.231
11251,2.717,3.231
11252,2.639,3.231
11253,2.566,3.231
11254,2.527,3.231
11255,2.507,3.231
11256,2.512,3.231
11257,2.522,3.231
11258,2.512,3.231
11259,2.493,3.231
11260,2.468,3.231
11261,2.444,3.231
11262,2.424,3.231
11263,2.419,3.231
11264,2.410,3.231
11265,2.400,3.231
11266,2.390,3.231
11267,2.380,3.231
11268,2.361,3.231
11269,2.351,3.231
11270,2.414,3.231
11271,2.571,3.231
11272,2.727,3.231
11273,2.801,3.231
11274,2.786,3.231
11275,2.713,3.231
11276,2.630,3.231
11277,2.556,3.231
11278,2.507,3.231
11279,2.483,3.231
11280,2.488,3.231
11281,2.507,3.231
11282,2.507,3.231
11283,2.478,3.231
11284,2.454,3.231
11285,2.439,3.231
11286,2.419,3.231
11287,2.410,3.231
11288,2.410,3.231
11289,2.414,3.231
11290,2.405,3.231
11291,2.390,3.231
11292,2.366,3.231
11293,2.380,3.231
11294,2.488,3.231
11295,2.664,3.231
11296,2.805,3.231
11297,2.845,3.231
11298,2.791,3.231
11299,2.703,3.231
11300,2.620,3.231
11301,2.556,3.231
11302,2.517,3.231
11303,2.507,3.231
11304,2.517,3.231
11305,2.517,3.231
11306,2.507,3.231
11307,2.478,3.231
11308,2.454,3.231
11309,2.429,3.231
11310,2.410,3.231
11311,2.395,3.231
11312,2.375,3.236
11313,2.370,3.236
11314,2.370,3.236
11315,2.361,3.236
11316,2.356,3.240
11317,2.380,3.240
11318,2.488,3.240
11319,2.649,3.240
11320,2.776,3.240
11321,2.815,3.245
11322,2.766,3.245
11323,2.698,3.245
11324,2.639,3.250
11325,2.590,3.245
11326,2.556,3.250
11327,2.542,3.250
11328,2.532,3.250
11329,2.537,3.250
11330,2.522,3.250
11331,2.502,3.250
11332,2.478,3.255
11333,2.454,3.250
11334,2.424,3.250
11335,2.410,3.255
11336,2.390,3.250
11337,2.375,3.255
11338,2.375,3.250
11339,2.444,3.255
11340,2.590,3.250
11341,2.727,3.255
11342,2.796,3.250
11343,2.771,3.255
11344,2.703,3.250
11345,2.630,3.250
11346,2.586,3.255
11347,2.532,3.250
11348,2.498,3.255
11349,2.483,3.250
11350,2.483,3.255
11351,2.483,3.250
11352,2.473,3.255
11353,2.454,3.255
11354,2.429,3.255
11355,2.400,3.255
11356,2.380,3.255
11357,2.366,3.255
11358,2.356,3.255
11359,2.341,3.255
11360,2.336,3.250
11361,2.322,3.255
11362,2.317,3.250
11363,2.326,3.255
11364,2.405,3.250
11365,2.561,3.255
11366,2.703,3.250
11367,2.776,3.255
11368,2.752,3.250
11369,2.688,3.255
11370,2.634,3.250
11371,2.590,3.250
11372,2.546,3.250
11373,2.507,3.250
11374,2.493,3.250
11375,2.488,3.250
11376,2.488,3.255
11377,2.473,3.250
11378,2.458,3.250
11379,2.434,3.250
11380,2.414,3.250
11381,2.395,3.250
11382,2.370,3.250
11383,2.356,3.250
11384,2.346,3.250
11385,2.341,3.250
11386,2.341,3.250
11387,2.336,3.250
11388,2.322,3.250
11389,2.322,3.250
11390,2.380,3.250
11391,2.517,3.250
11392,2.659,3.250
11393,2.727,3.250
11394,2.722,3.250
11395,2.669,3.250
11396,2.595,3.250
11397,2.546,3.250
11398,2.507,3.250
11399,2.473,3.250
11400,2.458,3.250
11401,2.458,3.250
11402,2.458,3.245
11403,2.444,3.250
11404,2.419,3.250
11405,2.405,3.250
11406,2.385,3.250
11407,2.380,3.245
11408,2.370,3.250
11409,2.361,3.245
11410,2.351,3.250
11411,2.346,3.245
11412,2.331,3.250
11413,2.322,3.245
11414,2.317,3.250
11415,2.331,3.245
11416,2.405,3.250
11417,2.542,3.245
11418,2.664,3.250
11419,2.708,3.245
11420,2.678,3.245
11421,2.615,3.250
11422,2.571,3.245
11423,2.532,3.250
11424,2.502,3.245
11425,2.483,3.250
11426,2.473,3.245
11427,2.468,3.250
11428,2.458,3.245
11429,2.444,3.250
11430,2.424,3.245
11431,2.410,3.250
11432,2.400,3.245
11433,2.380,3.250
11434,2.370,3.245
11435,2.356,3.250
11436,2.341,3.245
11437,2.326,3.250
11438,2.322,3.250
11439,2.326,3.250
11440,2.331,3.250
11441,2.390,3.250
11442,2.527,3.250
11443,2.630,3.245
11444,2.659,3.250
11445,2.634,3.245
11446,2.581,3.250
11447,2.532,3.245
11448,2.493,3.250
11449,2.463,3.250
11450,2.449,3.250
11451,2.449,3.250
11452,2.454,3.250
11453,2.454,3.250
11454,2.449,3.250
11455,2.429,3.250
11456,2.410,3.245
11457,2.380,3.250
11458,2.366,3.245
11459,2.361,3.250
11460,2.361,3.245
11461,2.356,3.250
11462,2.346,3.245
11463,2.341,3.250
11464,2.346,3.245
11465,2.419,3.250
11466,2.551,3.245
11467,2.664,3.250
11468,2.708,3.245
11469,2.683,3.245
11470,2.620,3.250
11471,2.576,3.245
11472,2.556,3.250
11473,2.527,3.245
11474,2.512,3.250
11475,2.498,3.250
11476,2.498,3.250
11477,2.488,3.250
11478,2.478,3.250
11479,2.454,3.250
11480,2.424,3.245
11481,2.405,3.250
11482,2.390,3.245
11483,2.380,3.250
11484,2.370,3.245
11485,2.370,3.250
11486,2.370,3.245
11487,2.356,3.250
11488,2.346,3.245
11489,2.336,3.250
11490,2.341,3.245
11491,2.331,3.250
11492,2.331,3.245
11493,2.380,3.250
11494,2.512,3.245
11495,2.659,3.250
11496,2.752,3.250
11497,2.757,3.245
11498,2.708,3.250
11499,2.639,3.245
11500,2.595,3.250
11501,2.566,3.245
11502,2.542,3.250
11503,2.527,3.245
11504,2.517,3.250
11505,2.512,3.245
11506,2.502,3.250
11507,2.488,3.245
11508,2.468,3.250
11509,2.444,3.250
11510,2.429,3.250
11511,2.419,3.250
11512,2.410,3.250
11513,2.395,3.250
11514,2.385,3.245
11515,2.380,3.250
11516,2.375,3.245
11517,2.370,3.250
11518,2.366,3.245
11519,2.361,3.250
11520,2.351,3.245
11521,2.346,3.250
11522,2.346,3.245
11523,2.385,3.250
11524,2.502,3.245
11525,2.659,3.245
11526,2.771,3.250
11527,2.805,3.250
11528,2.766,3.250
11529,2.703,3.245
11530,2.639,3.250
11531,2.605,3.245
11532,2.566,3.250
11533,2.542,3.245
11534,2.527,3.250
11535,2.522,3.245
11536,2.517,3.250
11537,2.512,3.245
11538,2.502,3.250
11539,2.478,3.245
11540,2.454,3.250
11541,2.434,3.250
11542,2.419,3.250
11543,2.410,3.250
11544,2.410,3.250
11545,2.395,3.250
11546,2.380,3.250
11547,2.370,3.250
11548,2.366,3.250
11549,2.361,3.250
11550,2.356,3.245
11551,2.370,3.250
11552,2.429,3.245
11553,2.561,3.250
11554,2.717,3.245
11555,2.815,3.250
11556,2.820,3.250
11557,2.761,3.250
11558,2.678,3.245
11559,2.620,3.245
11560,2.576,3.250
11561,2.556,3.245
11562,2.551,3.250
11563,2.561,3.245
11564,2.571,3.250
11565,2.566,3.245
11566,2.542,3.250
11567,2.507,3.245
11568,2.478,3.250
11569,2.463,3.250
11570,2.454,3.250
11571,2.439,3.250
11572,2.424,3.250
11573,2.419,3.245
11574,2.414,3.250
11575,2.400,3.250
11576,2.390,3.250
11577,2.380,3.250
11578,2.410,3.250
11579,2.532,3.250
11580,2.708,3.245
11581,2.854,3.250
11582,2.908,3.245
11583,2.864,3.250
11584,2.791,3.245
11585,2.722,3.250
11586,2.664,3.245
11587,2.620,3.250
11588,2.595,3.245
11589,2.581,3.250
11590,2.586,3.250
11591,2.586,3.250
11592,2.566,3.250
11593,2.542,3.250
11594,2.512,3.250
11595,2.488,3.250
11596,2.468,3.250
11597,2.454,3.250
11598,2.439,3.250
11599,2.424,3.250
11600,2.419,3.250
11601,2.410,3.250
11602,2.390,3.250
11603,2.385,3.250
11604,2.380,3.250
11605,2.395,3.250
11606,2.488,3.250
11607,2.674,3.250
11608,2.854,3.245
11609,2.942,3.250
11610,2.923,3.245
11611,2.835,3.250
11612,2.757,3.250
11613,2.698,3.250
11614,2.649,3.250
11615,2.620,3.250
11616,2.595,3.250
11617,2.586,3.250
11618,2.586,3.250
11619,2.576,3.250
11620,2.546,3.250
11621,2.522,3.250
11622,2.488,3.250
11623,2.463,3.250
11624,2.449,3.250
11625,2.439,3.250
11626,2.424,3.250
11627,2.414,3.250
11628,2.405,3.250
11629,2.400,3.250
11630,2.390,3.250
11631,2.375,3.250
11632,2.385,3.250
11633,2.468,3.250
11634,2.644,3.250
11635,2.825,3.250
11636,2.918,3.250
11637,2.908,3.250
11638,2.835,3.250
11639,2.742,3.250
11640,2.674,3.245
11641,2.620,3.250
11642,2.590,3.250
11643,2.571,3.250
11644,2.581,3.250
11645,2.586,3.250
11646,2.586,3.250
11647,2.561,3.250
11648,2.527,3.250
11649,2.488,3.250
11650,2.458,3.250
11651,2.439,3.250
11652,2.439,3.250
11653,2.429,3.250
11654,2.419,3.250
11655,2.405,3.250
11656,2.390,3.250
11657,2.395,3.250
11658,2.507,3.250
11659,2.703,3.245
11660,2.864,3.250
11661,2.928,3.245
11662,2.893,3.250
11663,2.801,3.250
11664,2.713,3.250
11665,2.639,3.250
11666,2.590,3.250
11667,2.556,3.250
11668,2.551,3.250
11669,2.556,3.250
11670,2.561,3.250
11671,2.546,3.250
11672,2.517,3.250
11673,2.478,3.250
11674,2.444,3.250
11675,2.424,3.250
11676,2.405,3.245
11677,2.400,3.250
11678,2.395,3.250
11679,2.390,3.250
11680,2.380,3.250
11681,2.366,3.250
11682,2.351,3.250
11683,2.356,3.250
11684,2.458,3.250
11685,2.669,3.250
11686,2.845,3.250
11687,2.923,3.250
11688,2.893,3.250
11689,2.805,3.245
11690,2.717,3.250
11691,2.674,3.245
11692,2.634,3.250
11693,2.600,3.245
11694,2.576,3.250
11695,2.561,3.250
11696,2.551,3.250
11697,2.542,3.250
11698,2.527,3.250
11699,2.512,3.250
11700,2.488,3.250
11701,2.458,3.250
11702,2.429,3.250
11703,2.410,3.250
11704,2.390,3.250
11705,2.380,3.250
11706,2.375,3.250
11707,2.366,3.250
11708,2.370,3.250
11709,2.414,3.250
11710,2.566,3.250
11711,2.766,3.250
11712,2.898,3.250
11713,2.928,3.250
11714,2.864,3.250
11715,2.776,3.250
11716,2.708,3.250
11717,2.649,3.250
11718,2.600,3.250
11719,2.571,3.250
11720,2.556,3.250
11721,2.561,3.250
11722,2.546,3.250
11723,2.532,3.250
11724,2.507,3.250
11725,2.473,3.250
11726,2.454,3.250
11727,2.429,3.250
11728,2.410,3.250
11729,2.400,3.250
11730,2.380,3.250
11731,2.361,3.250
11732,2.351,3.250
11733,2.341,3.250
11734,2.326,3.250
11735,2.326,3.250
11736,2.385,3.250
11737,2.546,3.250
11738,2.776,3.250
11739,2.884,3.250
11740,2.869,3.250
11741,2.796,3.250
11742,2.713,3.250
11743,2.649,3.250
11744,2.600,3.250
11745,2.556,3.250
11746,2.537,3.250
11747,2.517,3.250
11748,2.517,3.250
11749,2.507,3.250
11750,2.483,3.250
11751,2.454,3.250
11752,2.424,3.250
11753,2.395,3.250
11754,2.375,3.250
11755,2.356,3.250
11756,2.346,3.250
11757,2.341,3.250
11758,2.336,3.250
11759,2.341,3.250
11760,2.380,3.250
11761,2.502,3.250
11762,2.669,3.250
11763,2.786,3.250
11764,2.810,3.250
11765,2.757,3.250
11766,2.678,3.250
11767,2.615,3.250
11768,2.566,3.250
11769,2.532,3.250
11770,2.512,3.250
11771,2.517,3.250
11772,2.527,3.250
11773,2.512,3.250
11774,2.488,3.250
11775,2.463,3.250
11776,2.444,3.250
11777,2.419,3.250
11778,2.410,3.250
11779,2.400,3.250
11780,2.390,3.250
11781,2.380,3.250
11782,2.385,3.250
11783,2.463,3.250
11784,2.620,3.250
11785,2.766,3.250
11786,2.825,3.250
11787,2.796,3.250
11788,2.722,3.250
11789,2.649,3.250
11790,2.600,3.250
11791,2.551,3.250
11792,2.512,3.250
11793,2.502,3.250
11794,2.493,3.250
11795,2.498,3.250
11796,2.483,3.250
11797,2.458,3.250
11798,2.439,3.250
11799,2.414,3.250
11800,2.400,3.250
11801,2.385,3.250
11802,2.370,3.250
11803,2.366,3.250
11804,2.356,3.250
11805,2.346,3.250
11806,2.346,3.250
11807,2.410,3.250
11808,2.566,3.250
11809,2.717,3.250
11810,2.796,3.250
11811,2.781,3.250
11812,2.717,3.250
11813,2.654,3.250
11814,2.605,3.250
11815,2.566,3.250
11816,2.532,3.250
11817,2.512,3.250
11818,2.502,3.250
11819,2.507,3.250
11820,2.498,3.250
11821,2.473,3.250
11822,2.444,3.250
11823,2.414,3.250
11824,2.395,3.250
11825,2.390,3.250
11826,2.380,3.250
11827,2.370,3.250
11828,2.356,3.250
11829,2.356,3.250
11830,2.346,3.250
11831,2.341,3.250
11832,2.361,3.250
11833,2.444,3.250
11834,2.590,3.250
11835,2.717,3.250
11836,2.761,3.250
11837,2.732,3.250
11838,2.678,3.250
11839,2.634,3.250
11840,2.590,3.250
11841,2.546,3.250
11842,2.512,3.250
11843,2.488,3.250
11844,2.488,3.250
11845,2.483,3.250
11846,2.468,3.250
11847,2.454,3.250
11848,2.434,3.250
11849,2.424,3.250
11850,2.410,3.250
11851,2.390,3.250
11852,2.380,3.250
11853,2.380,3.250
11854,2.375,3.250
11855,2.361,3.250
11856,2.356,3.250
11857,2.370,3.250
11858,2.454,3.250
11859,2.586,3.250
11860,2.693,3.250
11861,2.722,3.250
11862,2.693,3.250
11863,2.634,3.250
11864,2.595,3.250
11865,2.556,3.250
11866,2.522,3.250
11867,2.493,3.250
11868,2.488,3.250
11869,2.478,3.250
11870,2.473,3.250
11871,2.463,3.250
11872,2.449,3.250
11873,2.429,3.250
11874,2.410,3.250
11875,2.395,3.250
11876,2.380,3.250
11877,2.366,3.250
11878,2.356,3.250
11879,2.356,3.250
11880,2.346,3.250
11881,2.341,3.250
11882,2.331,3.250
11883,2.326,3.250
11884,2.322,3.250
11885,2.317,3.250
11886,2.326,3.250
11887,2.395,3.250
11888,2.532,3.250
11889,2.664,3.250
11890,2.732,3.250
11891,2.722,3.250
11892,2.669,3.250
11893,2.615,3.250
11894,2.581,3.250
11895,2.556,3.250
11896,2.527,3.250
11897,2.507,3.250
11898,2.498,3.250
11899,2.493,3.250
11900,2.483,3.250
11901,2.473,3.250
11902,2.458,3.250
11903,2.434,3.250
11904,2.414,3.250
11905,2.400,3.250
11906,2.385,3.250
11907,2.390,3.250
11908,2.380,3.250
11909,2.380,3.250
11910,2.375,3.250
11911,2.366,3.250
11912,2.351,3.250
11913,2.351,3.250
11914,2.351,3.250
11915,2.341,3.250
11916,2.341,3.250
11917,2.346,3.250
11918,2.405,3.250
11919,2.527,3.250
11920,2.654,3.250
11921,2.722,3.250
11922,2.722,3.250
11923,2.678,3.250
11924,2.630,3.250
11925,2.590,3.250
11926,2.566,3.250
11927,2.542,3.250
11928,2.527,3.250
11929,2.512,3.250
11930,2.507,3.250
11931,2.498,3.250
11932,2.483,3.250
11933,2.473,3.250
11934,2.463,3.250
11935,2.444,3.250
11936,2.424,3.250
11937,2.405,3.250
11938,2.395,3.250
11939,2.385,3.250
11940,2.380,3.250
11941,2.375,3.250
11942,2.370,3.250
11943,2.366,3.250
11944,2.361,3.250
11945,2.361,3.250
11946,2.390,3.250
11947,2.488,3.250
11948,2.615,3.250
11949,2.708,3.250
11950,2.732,3.250
11951,2.698,3.250
11952,2.639,3.250
11953,2.590,3.250
11954,2.551,3.250
11955,2.532,3.250
11956,2.527,3.250
11957,2.527,3.250
11958,2.532,3.250
11959,2.527,3.250
11960,2.507,3.250
11961,2.493,3.250
11962,2.468,3.250
11963,2.449,3.250
11964,2.434,3.250
11965,2.419,3.250
11966,2.410,3.250
11967,2.410,3.250
11968,2.405,3.250
11969,2.395,3.250
11970,2.385,3.250
11971,2.395,3.250
11972,2.468,3.250
11973,2.600,3.250
11974,2.737,3.250
11975,2.776,3.250
11976,2.757,3.250
11977,2.703,3.250
11978,2.659,3.250
11979,2.620,3.250
11980,2.576,3.250
11981,2.551,3.250
11982,2.546,3.250
11983,2.551,3.250
11984,2.551,3.250
11985,2.542,3.250
11986,2.512,3.250
11987,2.488,3.250
11988,2.463,3.250
11989,2.454,3.250
11990,2.444,3.250
11991,2.434,3.250
11992,2.424,3.250
11993,2.419,3.250
11994,2.400,3.250
11995,2.385,3.250
11996,2.380,3.250
11997,2.380,3.250
11998,2.370,3.250
11999,2.375,3.250
12000,2.424,3.250
12001,2.551,3.250
12002,2.703,3.250
12003,2.805,3.250
12004,2.820,3.250
12005,2.781,3.250
12006,2.722,3.250
12007,2.683,3.250
12008,2.644,3.250
12009,2.620,3.250
12010,2.600,3.250
12011,2.590,3.250
12012,2.595,3.250
12013,2.595,3.250
12014,2.586,3.250
12015,2.561,3.250
12016,2.537,3.250
12017,2.517,3.250
12018,2.498,3.250
12019,2.483,3.250
12020,2.478,3.250
12021,2.463,3.250
12022,2.449,3.245
12023,2.454,3.245
12024,2.517,3.245
12025,2.659,3.245
12026,2.791,3.245
12027,2.864,3.240
12028,2.849,3.245
12029,2.801,3.240
12030,2.747,3.240
12031,2.703,3.240
12032,2.664,3.240
12033,2.634,3.240
12034,2.610,3.240
12035,2.595,3.240
12036,2.595,3.240
12037,2.586,3.240
12038,2.571,3.236
12039,2.542,3.236
12040,2.517,3.236
12041,2.502,3.236
12042,2.488,3.236
12043,2.483,3.240
12044,2.478,3.236
12045,2.468,3.240
12046,2.454,3.236
12047,2.439,3.240
12048,2.444,3.236
12049,2.527,3.236
12050,2.688,3.236
12051,2.840,3.240
12052,2.918,3.236
12053,2.903,3.236
12054,2.840,3.236
12055,2.786,3.236
12056,2.747,3.236
12057,2.713,3.236
12058,2.669,3.236
12059,2.630,3.236
12060,2.610,3.236
12061,2.605,3.236
12062,2.595,3.236
12063,2.581,3.236
12064,2.551,3.236
12065,2.527,3.236
12066,2.507,3.236
12067,2.488,3.236
12068,2.478,3.236
12069,2.468,3.236
12070,2.458,3.236
12071,2.454,3.236
12072,2.439,3.236
12073,2.424,3.236
12074,2.454,3.236
12075,2.571,3.236
12076,2.747,3.236
12077,2.879,3.240
12078,2.918,3.236
12079,2.879,3.240
12080,2.805,3.236
12081,2.752,3.240
12082,2.708,3.236
12083,2.659,3.240
12084,2.615,3.236
12085,2.595,3.240
12086,2.590,3.236
12087,2.590,3.240
12088,2.581,3.236
12089,2.566,3.236
12090,2.542,3.240
12091,2.527,3.236
12092,2.507,3.240
12093,2.498,3.236
12094,2.483,3.240
12095,2.468,3.240
12096,2.454,3.240
12097,2.444,3.240
12098,2.434,3.245
12099,2.405,3.240
12100,2.414,3.240
12101,2.493,3.245
12102,2.649,3.240
12103,2.796,3.245
12104,2.864,3.240
12105,2.845,3.245
12106,2.776,3.240
12107,2.703,3.245
12108,2.644,3.240
12109,2.590,3.245
12110,2.542,3.240
12111,2.517,3.245
12112,2.517,3.240
12113,2.517,3.245
12114,2.512,3.240
12115,2.512,3.245
12116,2.483,3.245
12117,2.458,3.240
12118,2.434,3.245
12119,2.410,3.240
12120,2.405,3.245
12121,2.395,3.240
12122,2.385,3.245
12123,2.375,3.240
12124,2.356,3.245
12125,2.366,3.240
12126,2.463,3.245
12127,2.630,3.240
12128,2.761,3.240
12129,2.810,3.240
12130,2.771,3.240
12131,2.703,3.240
12132,2.639,3.240
12133,2.595,3.240
12134,2.551,3.236
12135,2.522,3.240
12136,2.512,3.236
12137,2.517,3.240
12138,2.517,3.236
12139,2.493,3.240
12140,2.468,3.236
12141,2.439,3.240
12142,2.414,3.236
12143,2.400,3.240
12144,2.400,3.236
12145,2.405,3.240
12146,2.400,3.240
12147,2.385,3.240
12148,2.366,3.240
12149,2.385,3.240
12150,2.483,3.240
12151,2.659,3.236
12152,2.801,3.240
12153,2.835,3.236
12154,2.801,3.240
12155,2.727,3.236
12156,2.659,3.240
12157,2.605,3.236
12158,2.556,3.240
12159,2.512,3.236
12160,2.493,3.240
12161,2.493,3.236
12162,2.498,3.240
12163,2.493,3.236
12164,2.468,3.240
12165,2.439,3.236
12166,2.414,3.236
12167,2.390,3.236
12168,2.385,3.236
12169,2.370,3.236
12170,2.361,3.236
12171,2.356,3.240
12172,2.341,3.236
12173,2.326,3.240
12174,2.317,3.236
12175,2.312,3.240
12176,2.302,3.236
12177,2.287,3.240
12178,2.292,3.236
12179,2.366,3.240
12180,2.542,3.236
12181,2.742,3.240
12182,2.864,3.240
12183,2.874,3.240
12184,2.801,3.240
12185,2.713,3.240
12186,2.634,3.240
12187,2.576,3.236
12188,2.522,3.240
12189,2.478,3.240
12190,2.454,3.240
12191,2.439,3.240
12192,2.429,3.240
12193,2.414,3.240
12194,2.400,3.240
12195,2.385,3.240
12196,2.366,3.240
12197,2.336,3.240
12198,2.326,3.240
12199,2.322,3.240
12200,2.312,3.245
12201,2.307,3.240
12202,2.292,3.245
12203,2.283,3.240
12204,2.268,3.245
12205,2.263,3.245
12206,2.292,3.245
12207,2.390,3.245
12208,2.551,3.245
12209,2.678,3.245
12210,2.722,3.245
12211,2.683,3.245
12212,2.605,3.245
12213,2.537,3.245
12214,2.483,3.245
12215,2.439,3.245
12216,2.414,3.245
12217,2.410,3.245
12218,2.414,3.245
12219,2.414,3.245
12220,2.410,3.245
12221,2.395,3.245
12222,2.375,3.245
12223,2.356,3.245
12224,2.341,3.245
12225,2.336,3.245
12226,2.336,3.245
12227,2.331,3.245
12228,2.331,3.245
12229,2.331,3.245
12230,2.322,3.245
12231,2.326,3.250
12232,2.414,3.245
12233,2.561,3.245
12234,2.674,3.245
12235,2.722,3.245
12236,2.683,3.245
12237,2.610,3.245
12238,2.542,3.245
12239,2.488,3.250
12240,2.449,3.250
12241,2.424,3.245
12242,2.424,3.250
12243,2.429,3.245
12244,2.419,3.250
12245,2.400,3.245
12246,2.375,3.250
12247,2.346,3.245
12248,2.326,3.250
12249,2.322,3.245
12250,2.322,3.245
12251,2.317,3.250
12252,2.317,3.245
12253,2.317,3.250
12254,2.307,3.245
12255,2.297,3.245
12256,2.331,3.245
12257,2.429,3.250
12258,2.566,3.245
12259,2.669,3.250
12260,2.698,3.245
12261,2.669,3.250
12262,2.610,3.245
12263,2.551,3.250
12264,2.502,3.250
12265,2.468,3.250
12266,2.449,3.250
12267,2.444,3.250
12268,2.463,3.250
12269,2.468,3.250
12270,2.454,3.250
12271,2.429,3.250
12272,2.405,3.250
12273,2.380,3.250
12274,2.361,3.250
12275,2.351,3.250
12276,2.341,3.250
12277,2.331,3.250
12278,2.341,3.255
12279,2.336,3.250
12280,2.346,3.250
12281,2.410,3.250
12282,2.527,3.250
12283,2.649,3.250
12284,2.713,3.250
12285,2.698,3.250
12286,2.639,3.250
12287,2.576,3.250
12288,2.522,3.250
12289,2.483,3.255
12290,2.454,3.250
12291,2.444,3.255
12292,2.444,3.250
12293,2.449,3.255
12294,2.439,3.250
12295,2.429,3.255
12296,2.410,3.250
12297,2.395,3.255
12298,2.380,3.255
12299,2.370,3.255
12300,2.366,3.255
12301,2.361,3.255
12302,2.351,3.255
12303,2.351,3.255
12304,2.346,3.255
12305,2.375,3.255
12306,2.463,3.255
12307,2.576,3.250
12308,2.659,3.255
12309,2.674,3.250
12310,2.639,3.255
12311,2.576,3.250
12312,2.527,3.255
12313,2.488,3.255
12314,2.458,3.255
12315,2.449,3.255
12316,2.444,3.255
12317,2.449,3.255
12318,2.449,3.255
12319,2.444,3.255
12320,2.439,3.255
12321,2.429,3.255
12322,2.424,3.255
12323,2.424,3.255
12324,2.414,3.255
12325,2.395,3.255
12326,2.375,3.255
12327,2.356,3.255
12328,2.356,3.255
12329,2.419,3.255
12330,2.532,3.255
12331,2.654,3.255
12332,2.703,3.255
12333,2.678,3.255
12334,2.630,3.255
12335,2.566,3.255
12336,2.502,3.255
12337,2.458,3.255
12338,2.424,3.255
12339,2.410,3.255
12340,2.414,3.255
12341,2.419,3.255
12342,2.424,3.255
12343,2.414,3.255
12344,2.400,3.255
12345,2.385,3.255
12346,2.375,3.255
12347,2.375,3.255
12348,2.370,3.255
12349,2.361,3.255
12350,2.351,3.255
12351,2.385,3.255
12352,2.478,3.255
12353,2.600,3.255
12354,2.688,3.255
12355,2.698,3.255
12356,2.664,3.255
12357,2.605,3.260
12358,2.542,3.260
12359,2.498,3.255
12360,2.473,3.260
12361,2.468,3.260
12362,2.488,3.265
12363,2.502,3.260
12364,2.502,3.265
12365,2.488,3.265
12366,2.483,3.270
12367,2.478,3.270
12368,2.468,3.275
12369,2.458,3.275
12370,2.449,3.280
12371,2.444,3.275
12372,2.483,3.280
12373,2.581,3.275
12374,2.693,3.280
12375,2.757,3.280
12376,2.771,3.280
12377,2.732,3.280
12378,2.674,3.280
12379,2.615,3.280
12380,2.566,3.275
12381,2.537,3.280
12382,2.537,3.275
12383,2.551,3.280
12384,2.546,3.280
12385,2.537,3.280
12386,2.517,3.280
12387,2.488,3.284
12388,2.458,3.280
12389,2.434,3.284
12390,2.414,3.280
12391,2.400,3.280
12392,2.395,3.280
12393,2.444,3.280
12394,2.561,3.280
12395,2.678,3.280
12396,2.742,3.280
12397,2.742,3.280
12398,2.693,3.280
12399,2.630,3.280
12400,2.571,3.280
12401,2.532,3.280
12402,2.507,3.280
12403,2.498,3.280
12404,2.507,3.280
12405,2.507,3.280
12406,2.502,3.280
12407,2.493,3.280
12408,2.478,3.280
12409,2.463,3.280
12410,2.444,3.280
12411,2.439,3.280
12412,2.434,3.280
12413,2.478,3.284
12414,2.595,3.280
12415,2.737,3.284
12416,2.835,3.280
12417,2.845,3.280
12418,2.796,3.280
12419,2.717,3.280
12420,2.649,3.280
12421,2.595,3.280
12422,2.571,3.280
12423,2.561,3.280
12424,2.566,3.280
12425,2.571,3.280
12426,2.561,3.280
12427,2.527,3.280
12428,2.498,3.280
12429,2.473,3.280
12430,2.454,3.280
12431,2.444,3.280
12432,2.439,3.284
12433,2.439,3.280
12434,2.454,3.284
12435,2.522,3.280
12436,2.664,3.284
12437,2.791,3.280
12438,2.854,3.284
12439,2.830,3.280
12440,2.757,3.280
12441,2.688,3.280
12442,2.644,3.280
12443,2.605,3.280
12444,2.581,3.280
12445,2.561,3.284
12446,2.551,3.280
12447,2.542,3.284
12448,2.522,3.280
12449,2.498,3.284
12450,2.473,3.280
12451,2.449,3.284
12452,2.424,3.280
12453,2.410,3.284
12454,2.410,3.280
12455,2.405,3.284
12456,2.400,3.280
12457,2.400,3.284
12458,2.458,3.280
12459,2.600,3.284
12460,2.761,3.280
12461,2.854,3.280
12462,2.854,3.280
12463,2.786,3.280
12464,2.713,3.280
12465,2.649,3.280
12466,2.590,3.284
12467,2.561,3.280
12468,2.542,3.280
12469,2.532,3.275
12470,2.522,3.275
12471,2.512,3.270
12472,2.483,3.275
12473,2.458,3.270
12474,2.434,3.270
12475,2.414,3.270
12476,2.385,3.270
12477,2.375,3.270
12478,2.361,3.270
12479,2.346,3.270
12480,2.341,3.265
12481,2.326,3.260
12482,2.370,3.255
12483,2.488,3.255
12484,2.634,3.255
12485,2.722,3.255
12486,2.742,3.250
12487,2.703,3.250
12488,2.644,3.250
12489,2.595,3.250
12490,2.551,3.250
12491,2.517,3.250
12492,2.498,3.255
12493,2.498,3.255
12494,2.502,3.260
12495,2.507,3.260
12496,2.498,3.265
12497,2.478,3.260
12498,2.458,3.265
12499,2.444,3.265
12500,2.429,3.265
12501,2.410,3.265
12502,2.400,3.265
12503,2.400,3.265
12504,2.434,3.265
12505,2.542,3.265
12506,2.669,3.265
12507,2.747,3.265
12508,2.757,3.265
12509,2.717,3.265
12510,2.669,3.265
12511,2.620,3.265
12512,2.566,3.265
12513,2.527,3.265
12514,2.512,3.265
12515,2.512,3.265
12516,2.507,3.265
12517,2.493,3.265
12518,2.483,3.265
12519,2.458,3.265
12520,2.439,3.265
12521,2.424,3.265
12522,2.414,3.265
12523,2.405,3.265
12524,2.395,3.265
12525,2.410,3.265
12526,2.507,3.265
12527,2.659,3.260
12528,2.791,3.265
12529,2.849,3.260
12530,2.830,3.265
12531,2.771,3.260
12532,2.713,3.265
12533,2.659,3.260
12534,2.600,3.265
12535,2.566,3.260
12536,2.551,3.265
12537,2.551,3.260
12538,2.546,3.260
12539,2.537,3.260
12540,2.517,3.265
12541,2.493,3.265
12542,2.463,3.265
12543,2.449,3.265
12544,2.444,3.265
12545,2.439,3.265
12546,2.424,3.265
12547,2.429,3.265
12548,2.488,3.265
12549,2.639,3.265
12550,2.786,3.265
12551,2.864,3.265
12552,2.859,3.265
12553,2.810,3.265
12554,2.732,3.265
12555,2.664,3.260
12556,2.610,3.260
12557,2.556,3.260
12558,2.527,3.260
12559,2.517,3.260
12560,2.512,3.260
12561,2.493,3.260
12562,2.478,3.260
12563,2.458,3.260
12564,2.429,3.260
12565,2.405,3.255
12566,2.385,3.255
12567,2.375,3.255
12568,2.361,3.255
12569,2.356,3.250
12570,2.351,3.255
12571,2.405,3.250
12572,2.527,3.250
12573,2.693,3.250
12574,2.801,3.245
12575,2.815,3.245
12576,2.757,3.245
12577,2.683,3.245
12578,2.630,3.245
12579,2.576,3.245
12580,2.537,3.245
12581,2.507,3.250
12582,2.502,3.245
12583,2.507,3.250
12584,2.502,3.250
12585,2.473,3.250
12586,2.439,3.250
12587,2.419,3.250
12588,2.414,3.250
12589,2.410,3.250
12590,2.405,3.255
12591,2.400,3.255
12592,2.410,3.265
12593,2.483,3.265
12594,2.639,3.265
12595,2.781,3.260
12596,2.849,3.265
12597,2.830,3.260
12598,2.766,3.265
12599,2.698,3.260
12600,2.630,3.265
12601,2.561,3.265
12602,2.527,3.260
12603,2.517,3.265
12604,2.522,3.260
12605,2.517,3.265
12606,2.498,3.265
12607,2.463,3.265
12608,2.439,3.260
12609,2.419,3.265
12610,2.410,3.260
12611,2.395,3.260
12612,2.390,3.260
12613,2.370,3.260
12614,2.370,3.260
12615,2.434,3.260
12616,2.615,3.260
12617,2.805,3.260
12618,2.918,3.260
12619,2.928,3.260
12620,2.864,3.260
12621,2.766,3.260
12622,2.678,3.260
12623,2.605,3.260
12624,2.561,3.260
12625,2.542,3.260
12626,2.537,3.260
12627,2.532,3.260
12628,2.522,3.260
12629,2.498,3.260
12630,2.473,3.260
12631,2.444,3.260
12632,2.419,3.260
12633,2.405,3.260
12634,2.395,3.260
12635,2.375,3.260
12636,2.366,3.260
12637,2.370,3.260
12638,2.454,3.260
12639,2.620,3.260
12640,2.805,3.260
12641,2.898,3.260
12642,2.889,3.260
12643,2.810,3.260
12644,2.713,3.260
12645,2.625,3.260
12646,2.542,3.260
12647,2.483,3.260
12648,2.458,3.260
12649,2.463,3.260
12650,2.478,3.260
12651,2.473,3.260
12652,2.454,3.260
12653,2.424,3.260
12654,2.390,3.260
12655,2.356,3.260
12656,2.341,3.260
12657,2.326,3.260
12658,2.322,3.260
12659,2.312,3.260
12660,2.307,3.260
12661,2.307,3.260
12662,2.312,3.260
12663,2.361,3.260
12664,2.512,3.260
12665,2.703,3.260
12666,2.840,3.260
12667,2.874,3.260
12668,2.810,3.260
12669,2.708,3.260
12670,2.595,3.260
12671,2.512,3.260
12672,2.478,3.260
12673,2.468,3.260
12674,2.483,3.260
12675,2.483,3.260
12676,2.458,3.260
12677,2.424,3.260
12678,2.385,3.260
12679,2.366,3.260
12680,2.361,3.260
12681,2.366,3.260
12682,2.356,3.260
12683,2.351,3.260
12684,2.370,3.260
12685,2.468,3.260
12686,2.649,3.260
12687,2.815,3.260
12688,2.893,3.260
12689,2.859,3.260
12690,2.766,3.260
12691,2.669,3.260
12692,2.581,3.260
12693,2.522,3.260
12694,2.483,3.260
12695,2.483,3.260
12696,2.498,3.260
12697,2.502,3.260
12698,2.498,3.260
12699,2.468,3.260
12700,2.439,3.260
12701,2.405,3.260
12702,2.380,3.260
12703,2.375,3.260
12704,2.366,3.260
12705,2.356,3.260
12706,2.385,3.260
12707,2.527,3.260
12708,2.757,3.260
12709,2.957,3.260
12710,3.001,3.260
12711,2.928,3.260
12712,2.815,3.260
12713,2.698,3.260
12714,2.620,3.260
12715,2.566,3.260
12716,2.542,3.260
12717,2.542,3.260
12718,2.551,3.260
12719,2.542,3.260
12720,2.507,3.260
12721,2.473,3.260
12722,2.434,3.260
12723,2.410,3.260
12724,2.390,3.260
12725,2.375,3.260
12726,2.356,3.260
12727,2.351,3.260
12728,2.424,3.260
12729,2.610,3.260
12730,2.835,3.260
12731,2.977,3.260
12732,2.981,3.260
12733,2.884,3.260
12734,2.757,3.260
12735,2.644,3.260
12736,2.566,3.260
12737,2.512,3.260
12738,2.493,3.260
12739,2.502,3.260
12740,2.517,3.260
12741,2.532,3.260
12742,2.537,3.260
12743,2.517,3.260
12744,2.478,3.260
12745,2.444,3.260
12746,2.419,3.260
12747,2.400,3.260
12748,2.375,3.260
12749,2.356,3.260
12750,2.419,3.260
12751,2.605,3.260
12752,2.830,3.260
12753,2.977,3.260
12754,2.986,3.260
12755,2.893,3.260
12756,2.766,3.260
12757,2.644,3.260
12758,2.542,3.260
12759,2.493,3.260
12760,2.488,3.260
12761,2.502,3.260
12762,2.512,3.260
12763,2.502,3.260
12764,2.478,3.260
12765,2.449,3.260
12766,2.414,3.260
12767,2.390,3.260
12768,2.370,3.260
12769,2.356,3.260
12770,2.405,3.260
12771,2.566,3.260
12772,2.791,3.260
12773,2.942,3.260
12774,2.962,3.260
12775,2.869,3.260
12776,2.737,3.260
12777,2.620,3.260
12778,2.527,3.260
12779,2.468,3.260
12780,2.463,3.260
12781,2.478,3.260
12782,2.493,3.260
12783,2.483,3.260
12784,2.458,3.260
12785,2.419,3.260
12786,2.385,3.260
12787,2.361,3.260
12788,2.336,3.260
12789,2.317,3.260
12790,2.336,3.260
12791,2.488,3.260
12792,2.727,3.260
12793,2.903,3.260
12794,2.937,3.260
12795,2.845,3.260
12796,2.708,3.260
12797,2.581,3.260
12798,2.478,3.260
12799,2.419,3.260
12800,2.414,3.260
12801,2.429,3.260
12802,2.449,3.260
12803,2.444,3.260
12804,2.414,3.260
12805,2.375,3.260
12806,2.346,3.260
12807,2.326,3.260
12808,2.312,3.260
12809,2.297,3.260
12810,2.297,3.260
12811,2.375,3.260
12812,2.566,3.260
12813,2.752,3.260
12814,2.840,3.260
12815,2.796,3.260
12816,2.659,3.260
12817,2.551,3.260
12818,2.463,3.260
12819,2.400,3.260
12820,2.375,3.260
12821,2.385,3.260
12822,2.400,3.260
12823,2.405,3.260
12824,2.395,3.260
12825,2.375,3.260
12826,2.351,3.260
12827,2.326,3.260
12828,2.302,3.260
12829,2.287,3.260
12830,2.278,3.260
12831,2.322,3.260
12832,2.468,3.260
12833,2.649,3.260
12834,2.752,3.260
12835,2.727,3.260
12836,2.644,3.260
12837,2.546,3.260
12838,2.468,3.260
12839,2.414,3.260
12840,2.385,3.260
12841,2.385,3.260
12842,2.405,3.260
12843,2.400,3.260
12844,2.385,3.260
12845,2.351,3.260
12846,2.312,3.260
12847,2.287,3.260
12848,2.268,3.260
12849,2.273,3.260
12850,2.273,3.260
12851,2.268,3.260
12852,2.278,3.260
12853,2.380,3.260
12854,2.571,3.260
12855,2.688,3.260
12856,2.703,3.260
12857,2.644,3.260
12858,2.561,3.260
12859,2.493,3.260
12860,2.439,3.260
12861,2.405,3.260
12862,2.395,3.260
12863,2.405,3.260
12864,2.419,3.260
12865,2.405,3.260
12866,2.380,3.260
12867,2.356,3.260
12868,2.331,3.260
12869,2.312,3.260
12870,2.297,3.260
12871,2.283,3.260
12872,2.273,3.260
12873,2.258,3.260
12874,2.243,3.260
12875,2.243,3.260
12876,2.317,3.260
12877,2.449,3.260
12878,2.556,3.260
12879,2.595,3.260
12880,2.571,3.260
12881,2.512,3.260
12882,2.458,3.260
12883,2.424,3.260
12884,2.395,3.260
12885,2.370,3.260
12886,2.361,3.260
12887,2.366,3.260
12888,2.370,3.260
12889,2.361,3.260
12890,2.341,3.260
12891,2.326,3.260
12892,2.307,3.260
12893,2.297,3.260
12894,2.287,3.260
12895,2.278,3.260
12896,2.273,3.260
12897,2.287,3.260
12898,2.366,3.260
12899,2.478,3.260
12900,2.537,3.260
12901,2.542,3.260
12902,2.502,3.260
12903,2.454,3.260
12904,2.410,3.260
12905,2.375,3.260
12906,2.351,3.260
12907,2.346,3.260
12908,2.356,3.260
12909,2.366,3.260
12910,2.366,3.260
12911,2.361,3.260
12912,2.346,3.260
12913,2.326,3.260
12914,2.317,3.260
12915,2.302,3.260
12916,2.302,3.260
12917,2.302,3.260
12918,2.341,3.260
12919,2.429,3.260
12920,2.512,3.260
12921,2.537,3.260
12922,2.522,3.260
12923,2.473,3.260
12924,2.419,3.260
12925,2.385,3.260
12926,2.361,3.260
12927,2.366,3.260
12928,2.375,3.260
12929,2.385,3.260
12930,2.390,3.260
12931,2.370,3.260
12932,2.361,3.260
12933,2.351,3.260
12934,2.336,3.260
12935,2.336,3.260
12936,2.331,3.260
12937,2.331,3.260
12938,2.336,3.260
12939,2.385,3.260
12940,2.488,3.260
12941,2.576,3.260
12942,2.615,3.260
12943,2.605,3.260
12944,2.571,3.260
12945,2.542,3.260
12946,2.502,3.260
12947,2.473,3.260
12948,2.458,3.260
12949,2.458,3.265
12950,2.483,3.260
12951,2.522,3.260
12952,2.561,3.260
12953,2.610,3.260
12954,2.634,3.260
12955,2.610,3.260
12956,2.546,3.260
12957,2.463,3.260
12958,2.385,3.260
12959,2.341,3.260
12960,2.326,3.260
12961,2.346,3.260
12962,2.405,3.260
12963,2.507,3.260
12964,2.659,3.260
12965,2.791,3.260
12966,2.854,3.260
12967,2.889,3.260
12968,2.913,3.260
12969,2.908,3.260
12970,2.845,3.260
12971,2.708,3.260
12972,2.561,3.260
12973,2.507,3.260
12974,2.590,3.260
12975,2.717,3.260
12976,2.801,3.260
12977,2.761,3.260
12978,2.610,3.260
12979,2.454,3.260
12980,2.419,3.260
12981,2.483,3.260
12982,2.556,3.260
12983,2.571,3.260
12984,2.507,3.260
12985,2.414,3.260
12986,2.375,3.260
12987,2.463,3.260
12988,2.634,3.260
12989,2.776,3.260
12990,2.835,3.260
12991,2.830,3.260
12992,2.796,3.260
12993,2.757,3.260
12994,2.713,3.260
12995,2.678,3.260
12996,2.634,3.260
12997,2.586,3.260
12998,2.542,3.260
12999,2.532,3.260
13000,2.561,3.260
13001,2.581,3.260
13002,2.571,3.260
13003,2.507,3.260
13004,2.419,3.260
13005,2.356,3.260
13006,2.390,3.260
13007,2.581,3.260
13008,2.815,3.260
13009,2.947,3.260
13010,2.918,3.260
13011,2.781,3.260
13012,2.620,3.260
13013,2.498,3.260
13014,2.424,3.260
13015,2.400,3.260
13016,2.414,3.260
13017,2.468,3.260
13018,2.522,3.260
13019,2.556,3.260
13020,2.571,3.260
13021,2.551,3.260
13022,2.517,3.260
13023,2.478,3.260
13024,2.434,3.260
13025,2.400,3.260
13026,2.439,3.260
13027,2.600,3.255
13028,2.786,3.260
13029,2.884,3.260
13030,2.874,3.260
13031,2.786,3.255
13032,2.659,3.255
13033,2.561,3.260
13034,2.483,3.255
13035,2.434,3.260
13036,2.419,3.255
13037,2.429,3.255
13038,2.434,3.255
13039,2.439,3.255
13040,2.424,3.255
13041,2.405,3.255
13042,2.390,3.255
13043,2.380,3.255
13044,2.375,3.255
13045,2.375,3.255
13046,2.410,3.255
13047,2.537,3.250
13048,2.708,3.250
13049,2.810,3.250
13050,2.830,3.250
13051,2.786,3.250
13052,2.717,3.250
13053,2.654,3.250
13054,2.600,3.250
13055,2.546,3.245
13056,2.517,3.250
13057,2.507,3.245
13058,2.502,3.245
13059,2.493,3.245
13060,2.468,3.245
13061,2.439,3.245
13062,2.419,3.245
13063,2.400,3.245
13064,2.395,3.240
13065,2.380,3.245
13066,2.380,3.240
13067,2.429,3.240
13068,2.566,3.240
13069,2.722,3.240
13070,2.815,3.240
13071,2.815,3.240
13072,2.757,3.240
13073,2.683,3.240
13074,2.634,3.236
13075,2.586,3.240
13076,2.537,3.236
13077,2.507,3.236
13078,2.493,3.236
13079,2.493,3.236
13080,2.488,3.236
13081,2.483,3.236
13082,2.468,3.236
13083,2.444,3.236
13084,2.419,3.236
13085,2.400,3.236
13086,2.390,3.236
13087,2.380,3.231
13088,2.370,3.236
13089,2.380,3.231
13090,2.454,3.231
13091,2.610,3.231
13092,2.742,3.231
13093,2.810,3.231
13094,2.781,3.231
13095,2.722,3.231
13096,2.664,3.231
13097,2.620,3.231
13098,2.581,3.231
13099,2.561,3.231
13100,2.546,3.226
13101,2.542,3.231
13102,2.546,3.226
13103,2.537,3.231
13104,2.517,3.226
13105,2.483,3.226
13106,2.454,3.226
13107,2.429,3.226
13108,2.410,3.226
13109,2.400,3.226
13110,2.395,3.226
13111,2.385,3.226
13112,2.380,3.226
13113,2.370,3.226
13114,2.375,3.226
13115,2.463,3.226
13116,2.605,3.226
13117,2.732,3.226
13118,2.786,3.226
13119,2.766,3.226
13120,2.713,3.226
13121,2.659,3.226
13122,2.620,3.226
13123,2.571,3.226
13124,2.537,3.226
13125,2.512,3.226
13126,2.502,3.226
13127,2.502,3.226
13128,2.502,3.226
13129,2.502,3.226
13130,2.498,3.226
13131,2.488,3.226
13132,2.463,3.226
13133,2.434,3.226
13134,2.410,3.226
13135,2.390,3.226
13136,2.380,3.226
13137,2.419,3.226
13138,2.527,3.226
13139,2.664,3.226
13140,2.747,3.226
13141,2.761,3.226
13142,2.713,3.226
13143,2.659,3.226
13144,2.610,3.226
13145,2.571,3.226
13146,2.537,3.226
13147,2.522,3.226
13148,2.527,3.226
13149,2.527,3.226
13150,2.517,3.226
13151,2.502,3.226
13152,2.478,3.226
13153,2.458,3.226
13154,2.449,3.226
13155,2.429,3.226
13156,2.419,3.226
13157,2.405,3.226
13158,2.395,3.226
13159,2.395,3.226
13160,2.458,3.226
13161,2.600,3.226
13162,2.732,3.226
13163,2.815,3.226
13164,2.815,3.226
13165,2.776,3.226
13166,2.722,3.226
13167,2.669,3.226
13168,2.615,3.226
13169,2.581,3.226
13170,2.561,3.226
13171,2.551,3.226
13172,2.546,3.226
13173,2.542,3.226
13174,2.527,3.226
13175,2.502,3.226
13176,2.483,3.226
13177,2.458,3.226
13178,2.434,3.226
13179,2.419,3.226
13180,2.410,3.226
13181,2.400,3.226
13182,2.395,3.226
13183,2.385,3.226
13184,2.370,3.226
13185,2.366,3.226
13186,2.370,3.226
13187,2.361,3.226
13188,2.400,3.226
13189,2.522,3.226
13190,2.698,3.226
13191,2.820,3.226
13192,2.869,3.226
13193,2.830,3.226
13194,2.752,3.226
13195,2.698,3.226
13196,2.649,3.226
13197,2.615,3.226
13198,2.586,3.226
13199,2.571,3.226
13200,2.561,3.226
13201,2.556,3.226
13202,2.532,3.226
13203,2.507,3.226
13204,2.483,3.226
13205,2.463,3.226
13206,2.454,3.226
13207,2.449,3.226
13208,2.434,3.226
13209,2.424,3.226
13210,2.414,3.226
13211,2.405,3.226
13212,2.390,3.226
13213,2.380,3.226
13214,2.366,3.226
13215,2.370,3.226
13216,2.449,3.226
13217,2.600,3.226
13218,2.761,3.226
13219,2.845,3.226
13220,2.845,3.226
13221,2.781,3.226
13222,2.703,3.226
13223,2.644,3.226
13224,2.595,3.226
13225,2.561,3.226
13226,2.537,3.226
13227,2.537,3.226
13228,2.532,3.226
13229,2.522,3.226
13230,2.502,3.226
13231,2.488,3.226
13232,2.468,3.226
13233,2.439,3.226
13234,2.419,3.226
13235,2.405,3.226
13236,2.390,3.226
13237,2.385,3.226
13238,2.375,3.226
13239,2.361,3.226
13240,2.351,3.226
13241,2.341,3.226
13242,2.341,3.226
13243,2.341,3.226
13244,2.414,3.226
13245,2.566,3.226
13246,2.737,3.226
13247,2.845,3.226
13248,2.859,3.226
13249,2.815,3.226
13250,2.732,3.226
13251,2.669,3.226
13252,2.625,3.226
13253,2.586,3.226
13254,2.551,3.226
13255,2.542,3.226
13256,2.537,3.226
13257,2.537,3.226
13258,2.527,3.226
13259,2.502,3.226
13260,2.478,3.226
13261,2.449,3.226
13262,2.419,3.226
13263,2.405,3.226
13264,2.395,3.226
13265,2.380,3.226
13266,2.370,3.226
13267,2.366,3.226
13268,2.361,3.226
13269,2.356,3.226
13270,2.341,3.226
13271,2.336,3.226
13272,2.326,3.226
13273,2.341,3.226
13274,2.444,3.226
13275,2.620,3.226
13276,2.781,3.226
13277,2.869,3.226
13278,2.854,3.226
13279,2.781,3.226
13280,2.703,3.226
13281,2.639,3.226
13282,2.590,3.226
13283,2.546,3.226
13284,2.527,3.226
13285,2.517,3.226
13286,2.522,3.226
13287,2.517,3.226
13288,2.502,3.226
13289,2.478,3.226
13290,2.458,3.226
13291,2.439,3.226
13292,2.410,3.226
13293,2.390,3.226
13294,2.375,3.226
13295,2.366,3.226
13296,2.351,3.226
13297,2.341,3.226
13298,2.331,3.226
13299,2.322,3.226
13300,2.312,3.226
13301,2.312,3.226
13302,2.370,3.226
13303,2.517,3.226
13304,2.688,3.226
13305,2.791,3.226
13306,2.805,3.226
13307,2.752,3.226
13308,2.678,3.226
13309,2.615,3.226
13310,2.561,3.226
13311,2.527,3.226
13312,2.507,3.226
13313,2.502,3.226
13314,2.507,3.226
13315,2.498,3.226
13316,2.483,3.226
13317,2.463,3.226
13318,2.434,3.226
13319,2.410,3.226
13320,2.390,3.226
13321,2.380,3.231
13322,2.370,3.226
13323,2.351,3.231
13324,2.336,3.226
13325,2.326,3.231
13326,2.317,3.226
13327,2.317,3.231
13328,2.317,3.226
13329,2.361,3.226
13330,2.478,3.226
13331,2.634,3.226
13332,2.757,3.231
13333,2.796,3.226
13334,2.757,3.231
13335,2.678,3.226
13336,2.610,3.231
13337,2.551,3.226
13338,2.512,3.231
13339,2.488,3.226
13340,2.488,3.231
13341,2.493,3.226
13342,2.493,3.231
13343,2.483,3.226
13344,2.458,3.231
13345,2.434,3.231
13346,2.414,3.231
13347,2.395,3.231
13348,2.375,3.226
13349,2.366,3.231
13350,2.356,3.226
13351,2.351,3.231
13352,2.341,3.226
13353,2.331,3.231
13354,2.326,3.226
13355,2.331,3.231
13356,2.400,3.231
13357,2.566,3.226
13358,2.713,3.231
13359,2.786,3.226
13360,2.766,3.231
13361,2.698,3.226
13362,2.625,3.231
13363,2.561,3.226
13364,2.517,3.231
13365,2.493,3.226
13366,2.483,3.231
13367,2.488,3.231
13368,2.488,3.231
13369,2.478,3.231
13370,2.463,3.231
13371,2.439,3.231
13372,2.414,3.231
13373,2.395,3.231
13374,2.380,3.226
13375,2.370,3.231
13376,2.356,3.226
13377,2.351,3.231
13378,2.351,3.226
13379,2.346,3.231
13380,2.336,3.226
13381,2.331,3.231
13382,2.385,3.231
13383,2.532,3.226
13384,2.693,3.231
13385,2.796,3.226
13386,2.801,3.231
13387,2.737,3.226
13388,2.659,3.231
13389,2.605,3.226
13390,2.566,3.231
13391,2.532,3.226
13392,2.507,3.231
13393,2.502,3.226
13394,2.507,3.231
13395,2.502,3.226
13396,2.483,3.231
13397,2.458,3.231
13398,2.429,3.231
13399,2.410,3.231
13400,2.400,3.231
13401,2.395,3.231
13402,2.380,3.231
13403,2.366,3.231
13404,2.356,3.231
13405,2.346,3.231
13406,2.341,3.231
13407,2.341,3.231
13408,2.351,3.231
13409,2.458,3.231
13410,2.630,3.226
13411,2.786,3.231
13412,2.854,3.231
13413,2.820,3.231
13414,2.742,3.231
13415,2.669,3.231
13416,2.620,3.231
13417,2.576,3.231
13418,2.532,3.231
13419,2.517,3.231
13420,2.527,3.231
13421,2.537,3.231
13422,2.527,3.231
13423,2.502,3.231
13424,2.473,3.231
13425,2.449,3.231
13426,2.434,3.231
13427,2.419,3.231
13428,2.414,3.231
13429,2.400,3.231
13430,2.385,3.231
13431,2.375,3.231
13432,2.361,3.231
13433,2.356,3.231
13434,2.346,3.231
13435,2.346,3.231
13436,2.385,3.231
13437,2.532,3.231
13438,2.727,3.231
13439,2.869,3.231
13440,2.893,3.231
13441,2.835,3.231
13442,2.742,3.231
13443,2.674,3.231
13444,2.625,3.231
13445,2.581,3.231
13446,2.542,3.231
13447,2.527,3.231
13448,2.527,3.231
13449,2.532,3.231
13450,2.512,3.231
13451,2.498,3.231
13452,2.473,3.231
13453,2.449,3.231
13454,2.429,3.231
13455,2.410,3.231
13456,2.395,3.231
13457,2.390,3.231
13458,2.380,3.231
13459,2.375,3.231
13460,2.366,3.231
13461,2.366,3.231
13462,2.351,3.231
13463,2.356,3.231
13464,2.429,3.231
13465,2.615,3.231
13466,2.815,3.231
13467,2.928,3.231
13468,2.913,3.231
13469,2.830,3.231
13470,2.747,3.231
13471,2.693,3.231
13472,2.649,3.231
13473,2.605,3.231
13474,2.576,3.231
13475,2.576,3.231
13476,2.576,3.231
13477,2.571,3.231
13478,2.561,3.231
13479,2.527,3.231
13480,2.493,3.231
13481,2.458,3.231
13482,2.439,3.231
13483,2.429,3.231
13484,2.410,3.231
13485,2.395,3.231
13486,2.385,3.231
13487,2.375,3.231
13488,2.366,3.231
13489,2.361,3.231
13490,2.351,3.231
13491,2.361,3.231
13492,2.478,3.231
13493,2.698,3.231
13494,2.903,3.231
13495,2.981,3.231
13496,2.947,3.231
13497,2.849,3.231
13498,2.757,3.231
13499,2.703,3.231
13500,2.659,3.231
13501,2.620,3.231
13502,2.595,3.231
13503,2.595,3.231
13504,2.600,3.231
13505,2.595,3.231
13506,2.581,3.231
13507,2.546,3.231
13508,2.517,3.231
13509,2.483,3.231
13510,2.458,3.231
13511,2.444,3.231
13512,2.434,3.231
13513,2.424,3.231
13514,2.410,3.231
13515,2.390,3.231
13516,2.380,3.231
13517,2.444,3.231
13518,2.649,3.231
13519,2.893,3.231
13520,3.035,3.231
13521,3.045,3.231
13522,2.952,3.231
13523,2.845,3.231
13524,2.766,3.231
13525,2.688,3.231
13526,2.620,3.231
13527,2.590,3.231
13528,2.595,3.231
13529,2.610,3.231
13530,2.610,3.231
13531,2.581,3.231
13532,2.546,3.231
13533,2.498,3.231
13534,2.458,3.231
13535,2.434,3.231
13536,2.410,3.231
13537,2.405,3.231
13538,2.395,3.231
13539,2.385,3.231
13540,2.375,3.231
13541,2.361,3.231
13542,2.346,3.231
13543,2.385,3.231
13544,2.595,3.231
13545,2.879,3.231
13546,3.074,3.231
13547,3.109,3.231
13548,3.021,3.231
13549,2.903,3.231
13550,2.810,3.231
13551,2.752,3.231
13552,2.674,3.231
13553,2.620,3.231
13554,2.600,3.231
13555,2.605,3.231
13556,2.600,3.231
13557,2.581,3.231
13558,2.546,3.231
13559,2.507,3.231
13560,2.478,3.231
13561,2.449,3.231
13562,2.429,3.231
13563,2.410,3.231
13564,2.390,3.231
13565,2.375,3.231
13566,2.366,3.231
13567,2.366,3.231
13568,2.361,3.231
13569,2.356,3.231
13570,2.380,3.231
13571,2.581,3.231
13572,2.884,3.231
13573,3.089,3.231
13574,3.133,3.231
13575,3.040,3.231
13576,2.903,3.231
13577,2.801,3.231
13578,2.732,3.231
13579,2.674,3.231
13580,2.634,3.231
13581,2.620,3.231
13582,2.625,3.231
13583,2.625,3.231
13584,2.600,3.231
13585,2.551,3.231
13586,2.502,3.231
13587,2.454,3.231
13588,2.419,3.231
13589,2.400,3.231
13590,2.385,3.231
13591,2.375,3.231
13592,2.366,3.231
13593,2.356,3.231
13594,2.341,3.231
13595,2.322,3.231
13596,2.312,3.231
13597,2.400,3.231
13598,2.708,3.231
13599,2.996,3.231
13600,3.143,3.231
13601,3.109,3.231
13602,2.972,3.231
13603,2.840,3.231
13604,2.766,3.231
13605,2.717,3.231
13606,2.659,3.231
13607,2.615,3.231
13608,2.581,3.231
13609,2.571,3.231
13610,2.561,3.231
13611,2.532,3.231
13612,2.483,3.231
13613,2.434,3.231
13614,2.395,3.231
13615,2.366,3.231
13616,2.351,3.231
13617,2.336,3.231
13618,2.336,3.231
13619,2.331,3.231
13620,2.331,3.231
13621,2.326,3.231
13622,2.326,3.231
13623,2.410,3.231
13624,2.664,3.231
13625,2.977,3.231
13626,3.128,3.231
13627,3.104,3.231
13628,2.977,3.231
13629,2.854,3.231
13630,2.771,3.231
13631,2.698,3.231
13632,2.620,3.231
13633,2.571,3.231
13634,2.546,3.231
13635,2.537,3.231
13636,2.527,3.231
13637,2.502,3.231
13638,2.463,3.231
13639,2.419,3.231
13640,2.385,3.231
13641,2.361,3.231
13642,2.351,3.231
13643,2.341,3.231
13644,2.346,3.231
13645,2.341,3.231
13646,2.331,3.231
13647,2.317,3.231
13648,2.302,3.231
13649,2.287,3.231
13650,2.273,3.231
13651,2.331,3.231
13652,2.605,3.231
13653,2.893,3.231
13654,3.040,3.231
13655,3.025,3.231
13656,2.913,3.231
13657,2.781,3.231
13658,2.703,3.231
13659,2.649,3.231
13660,2.600,3.231
13661,2.556,3.231
13662,2.532,3.231
13663,2.517,3.231
13664,2.512,3.231
13665,2.498,3.231
13666,2.463,3.231
13667,2.434,3.231
13668,2.405,3.236
13669,2.370,3.231
13670,2.346,3.231
13671,2.331,3.231
13672,2.317,3.231
13673,2.312,3.231
13674,2.297,3.231
13675,2.278,3.231
13676,2.253,3.231
13677,2.248,3.231
13678,2.361,3.231
13679,2.630,3.231
13680,2.849,3.231
13681,2.933,3.231
13682,2.869,3.231
13683,2.737,3.236
13684,2.620,3.231
13685,2.542,3.231
13686,2.488,3.231
13687,2.449,3.231
13688,2.429,3.231
13689,2.419,3.231
13690,2.414,3.231
13691,2.405,3.231
13692,2.385,3.231
13693,2.361,3.231
13694,2.331,3.231
13695,2.307,3.231
13696,2.287,3.231
13697,2.273,3.231
13698,2.263,3.231
13699,2.258,3.231
13700,2.248,3.231
13701,2.229,3.231
13702,2.234,3.236
13703,2.331,3.231
13704,2.542,3.231
13705,2.737,3.231
13706,2.810,3.231
13707,2.747,3.231
13708,2.634,3.231
13709,2.546,3.231
13710,2.478,3.231
13711,2.424,3.236
13712,2.395,3.231
13713,2.395,3.236
13714,2.410,3.231
13715,2.414,3.231
13716,2.400,3.231
13717,2.366,3.231
13718,2.317,3.236
13719,2.287,3.231
13720,2.278,3.236
13721,2.268,3.231
13722,2.258,3.231
13723,2.253,3.231
13724,2.287,3.231
13725,2.410,3.231
13726,2.600,3.231
13727,2.722,3.231
13728,2.742,3.231
13729,2.678,3.231
13730,2.590,3.231
13731,2.517,3.236
13732,2.463,3.231
13733,2.414,3.231
13734,2.400,3.236
13735,2.405,3.231
13736,2.405,3.236
13737,2.395,3.231
13738,2.370,3.231
13739,2.336,3.231
13740,2.312,3.231
13741,2.297,3.231
13742,2.292,3.231
13743,2.283,3.231
13744,2.278,3.231
13745,2.268,3.231
13746,2.263,3.231
13747,2.297,3.236
13748,2.414,3.231
13749,2.576,3.236
13750,2.678,3.231
13751,2.683,3.236
13752,2.634,3.231
13753,2.566,3.236
13754,2.517,3.231
13755,2.488,3.236
13756,2.449,3.231
13757,2.419,3.236
13758,2.395,3.231
13759,2.395,3.236
13760,2.405,3.231
13761,2.400,3.236
13762,2.385,3.231
13763,2.366,3.236
13764,2.341,3.231
13765,2.322,3.236
13766,2.307,3.231
13767,2.297,3.231
13768,2.297,3.231
13769,2.297,3.231
13770,2.297,3.236
13771,2.283,3.231
13772,2.283,3.236
13773,2.341,3.231
13774,2.463,3.236
13775,2.590,3.231
13776,2.644,3.236
13777,2.625,3.231
13778,2.571,3.236
13779,2.512,3.231
13780,2.483,3.236
13781,2.458,3.231
13782,2.434,3.236
13783,2.419,3.231
13784,2.414,3.236
13785,2.414,3.231
13786,2.414,3.231
13787,2.400,3.236
13788,2.380,3.231
13789,2.361,3.236
13790,2.341,3.231
13791,2.336,3.236
13792,2.322,3.231
13793,2.307,3.236
13794,2.302,3.231
13795,2.302,3.236
13796,2.307,3.231
13797,2.312,3.236
13798,2.317,3.236
13799,2.322,3.236
13800,2.336,3.236
13801,2.410,3.231
13802,2.537,3.231
13803,2.654,3.231
13804,2.683,3.236
13805,2.654,3.231
13806,2.590,3.236
13807,2.542,3.231
13808,2.517,3.236
13809,2.498,3.231
13810,2.478,3.236
13811,2.463,3.231
13812,2.458,3.236
13813,2.449,3.236
13814,2.439,3.236
13815,2.424,3.236
13816,2.405,3.236
13817,2.385,3.236
13818,2.370,3.231
13819,2.366,3.236
13820,2.366,3.231
13821,2.356,3.236
13822,2.351,3.231
13823,2.346,3.236
13824,2.341,3.231
13825,2.331,3.236
13826,2.322,3.231
13827,2.326,3.236
13828,2.390,3.231
13829,2.502,3.236
13830,2.620,3.231
13831,2.674,3.236
13832,2.659,3.236
13833,2.600,3.236
13834,2.551,3.236
13835,2.522,3.231
13836,2.488,3.236
13837,2.458,3.236
13838,2.454,3.236
13839,2.463,3.236
13840,2.458,3.236
13841,2.454,3.236
13842,2.439,3.236
13843,2.424,3.236
13844,2.405,3.236
13845,2.390,3.236
13846,2.380,3.236
13847,2.385,3.236
13848,2.385,3.231
13849,2.380,3.236
13850,2.370,3.236
13851,2.361,3.236
13852,2.361,3.231
13853,2.395,3.236
13854,2.502,3.231
13855,2.649,3.236
13856,2.747,3.231
13857,2.766,3.236
13858,2.722,3.231
13859,2.654,3.236
13860,2.590,3.236
13861,2.546,3.231
13862,2.522,3.236
13863,2.517,3.231
13864,2.527,3.236
13865,2.532,3.231
13866,2.527,3.236
13867,2.502,3.236
13868,2.478,3.236
13869,2.454,3.236
13870,2.434,3.236
13871,2.419,3.236
13872,2.410,3.236
13873,2.405,3.236
13874,2.400,3.236
13875,2.390,3.236
13876,2.395,3.231
13877,2.478,3.236
13878,2.654,3.231
13879,2.815,3.236
13880,2.879,3.231
13881,2.854,3.236
13882,2.776,3.236
13883,2.698,3.236
13884,2.649,3.236
13885,2.610,3.236
13886,2.590,3.236
13887,2.581,3.236
13888,2.581,3.236
13889,2.581,3.236
13890,2.571,3.236
13891,2.556,3.236
13892,2.527,3.236
13893,2.493,3.236
13894,2.458,3.236
13895,2.439,3.236
13896,2.424,3.236
13897,2.410,3.236
13898,2.395,3.236
13899,2.385,3.236
13900,2.410,3.236
13901,2.561,3.236
13902,2.776,3.236
13903,2.923,3.236
13904,2.957,3.236
13905,2.889,3.236
13906,2.796,3.236
13907,2.717,3.236
13908,2.669,3.236
13909,2.615,3.236
13910,2.576,3.231
13911,2.566,3.236
13912,2.561,3.231
13913,2.561,3.236
13914,2.542,3.231
13915,2.517,3.236
13916,2.483,3.236
13917,2.454,3.236
13918,2.424,3.236
13919,2.405,3.236
13920,2.400,3.236
13921,2.385,3.231
13922,2.375,3.236
13923,2.361,3.231
13924,2.400,3.236
13925,2.566,3.231
13926,2.796,3.236
13927,2.942,3.231
13928,2.947,3.236
13929,2.869,3.231
13930,2.771,3.231
13931,2.688,3.231
13932,2.630,3.231
13933,2.576,3.231
13934,2.542,3.231
13935,2.542,3.231
13936,2.551,3.231
13937,2.556,3.231
13938,2.537,3.231
13939,2.507,3.231
13940,2.473,3.231
13941,2.439,3.231
13942,2.414,3.231
13943,2.405,3.231
13944,2.395,3.231
13945,2.385,3.236
13946,2.370,3.231
13947,2.361,3.236
13948,2.449,3.231
13949,2.659,3.231
13950,2.864,3.231
13951,2.947,3.231
13952,2.903,3.236
13953,2.796,3.231
13954,2.698,3.236
13955,2.634,3.231
13956,2.586,3.231
13957,2.566,3.231
13958,2.566,3.231
13959,2.576,3.231
13960,2.571,3.231
13961,2.542,3.231
13962,2.502,3.231
13963,2.458,3.231
13964,2.434,3.231
13965,2.414,3.231
13966,2.410,3.231
13967,2.405,3.231
13968,2.390,3.231
13969,2.375,3.231
13970,2.385,3.231
13971,2.512,3.231
13972,2.742,3.231
13973,2.942,3.231
13974,3.006,3.231
13975,2.937,3.231
13976,2.830,3.231
13977,2.747,3.231
13978,2.683,3.231
13979,2.634,3.231
13980,2.595,3.231
13981,2.586,3.231
13982,2.581,3.231
13983,2.576,3.231
13984,2.542,3.231
13985,2.498,3.231
13986,2.449,3.231
13987,2.419,3.231
13988,2.410,3.231
13989,2.395,3.231
13990,2.390,3.231
13991,2.385,3.231
13992,2.370,3.231
13993,2.361,3.236
13994,2.346,3.231
13995,2.341,3.236
13996,2.419,3.231
13997,2.639,3.231
13998,2.889,3.231
13999,3.021,3.236
14000,3.011,3.231
14001,2.908,3.236
14002,2.781,3.231
14003,2.717,3.231
14004,2.664,3.231
14005,2.600,3.231
14006,2.571,3.236
14007,2.561,3.231
14008,2.561,3.236
14009,2.561,3.231
14010,2.542,3.231
14011,2.517,3.231
14012,2.473,3.236
14013,2.439,3.231
14014,2.410,3.236
14015,2.390,3.231
14016,2.375,3.236
14017,2.361,3.231
14018,2.346,3.231
14019,2.341,3.231
14020,2.331,3.231
14021,2.326,3.231
14022,2.341,3.231
14023,2.488,3.236
14024,2.747,3.231
14025,2.962,3.236
14026,3.035,3.231
14027,2.967,3.236
14028,2.845,3.231
14029,2.737,3.231
14030,2.678,3.231
14031,2.634,3.231
14032,2.590,3.231
14033,2.561,3.231
14034,2.551,3.231
14035,2.546,3.231
14036,2.537,3.231
14037,2.512,3.231
14038,2.478,3.236
14039,2.444,3.231
14040,2.410,3.236
14041,2.385,3.231
14042,2.361,3.236
14043,2.346,3.231
14044,2.331,3.236
14045,2.322,3.231
14046,2.322,3.236
14047,2.322,3.231
14048,2.322,3.236
14049,2.317,3.231
14050,2.341,3.236
14051,2.473,3.231
14052,2.717,3.231
14053,2.918,3.231
14054,2.977,3.236
14055,2.908,3.231
14056,2.771,3.231
14057,2.683,3.236
14058,2.620,3.231
14059,2.561,3.236
14060,2.522,3.231
14061,2.498,3.236
14062,2.493,3.231
14063,2.507,3.231
14064,2.502,3.231
14065,2.483,3.236
14066,2.449,3.236
14067,2.424,3.231
14068,2.410,3.236
14069,2.405,3.231
14070,2.395,3.236
14071,2.375,3.231
14072,2.351,3.236
14073,2.326,3.231
14074,2.302,3.236
14075,2.292,3.231
14076,2.395,3.236
14077,2.625,3.231
14078,2.845,3.231
14079,2.942,3.231
14080,2.898,3.231
14081,2.786,3.231
14082,2.683,3.231
14083,2.600,3.236
14084,2.546,3.231
14085,2.522,3.231
14086,2.517,3.231
14087,2.527,3.236
14088,2.527,3.231
14089,2.507,3.236
14090,2.478,3.231
14091,2.444,3.236
14092,2.410,3.231
14093,2.375,3.236
14094,2.361,3.231
14095,2.346,3.231
14096,2.336,3.231
14097,2.322,3.231
14098,2.302,3.231
14099,2.292,3.231
14100,2.297,3.236
14101,2.395,3.231
14102,2.615,3.231
14103,2.830,3.231
14104,2.937,3.236
14105,2.898,3.231
14106,2.796,3.236
14107,2.693,3.231
14108,2.620,3.236
14109,2.576,3.231
14110,2.527,3.231
14111,2.517,3.236
14112,2.537,3.231
14113,2.537,3.231
14114,2.517,3.231
14115,2.483,3.236
14116,2.439,3.231
14117,2.400,3.236
14118,2.375,3.231
14119,2.361,3.231
14120,2.356,3.231
14121,2.351,3.231
14122,2.341,3.231
14123,2.331,3.231
14124,2.326,3.236
14125,2.410,3.231
14126,2.620,3.236
14127,2.849,3.231
14128,2.957,3.236
14129,2.923,3.231
14130,2.820,3.236
14131,2.708,3.231
14132,2.625,3.231
14133,2.561,3.231
14134,2.522,3.231
14135,2.502,3.231
14136,2.507,3.236
14137,2.512,3.231
14138,2.507,3.231
14139,2.483,3.236
14140,2.449,3.231
14141,2.419,3.236
14142,2.395,3.231
14143,2.375,3.236
14144,2.366,3.231
14145,2.351,3.236
14146,2.341,3.231
14147,2.322,3.236
14148,2.312,3.231
14149,2.317,3.236
14150,2.434,3.231
14151,2.654,3.231
14152,2.854,3.231
14153,2.923,3.231
14154,2.874,3.231
14155,2.776,3.231
14156,2.683,3.236
14157,2.615,3.231
14158,2.566,3.236
14159,2.532,3.231
14160,2.522,3.236
14161,2.527,3.231
14162,2.532,3.236
14163,2.517,3.231
14164,2.478,3.236
14165,2.449,3.236
14166,2.410,3.231
14167,2.385,3.236
14168,2.366,3.231
14169,2.346,3.236
14170,2.336,3.231
14171,2.326,3.236
14172,2.322,3.231
14173,2.317,3.236
14174,2.312,3.231
14175,2.356,3.236
14176,2.507,3.231
14177,2.698,3.236
14178,2.815,3.231
14179,2.815,3.236
14180,2.737,3.236
14181,2.634,3.231
14182,2.556,3.236
14183,2.498,3.236
14184,2.458,3.236
14185,2.439,3.236
14186,2.434,3.236
14187,2.439,3.236
14188,2.434,3.236
14189,2.414,3.236
14190,2.380,3.236
14191,2.351,3.231
14192,2.331,3.236
14193,2.317,3.231
14194,2.312,3.236
14195,2.307,3.231
14196,2.297,3.236
14197,2.292,3.231
14198,2.302,3.236
14199,2.375,3.236
14200,2.542,3.231
14201,2.708,3.231
14202,2.786,3.231
14203,2.752,3.236
14204,2.674,3.231
14205,2.600,3.236
14206,2.532,3.231
14207,2.468,3.236
14208,2.444,3.231
14209,2.463,3.236
14210,2.498,3.231
14211,2.507,3.236
14212,2.488,3.231
14213,2.454,3.236
14214,2.424,3.231
14215,2.400,3.236
14216,2.380,3.231
14217,2.380,3.236
14218,2.370,3.236
14219,2.366,3.231
14220,2.410,3.236
14221,2.551,3.231
14222,2.732,3.236
14223,2.845,3.231
14224,2.840,3.236
14225,2.766,3.231
14226,2.683,3.236
14227,2.625,3.231
14228,2.576,3.236
14229,2.551,3.236
14230,2.537,3.236
14231,2.542,3.236
14232,2.542,3.231
14233,2.522,3.236
14234,2.493,3.236
14235,2.454,3.236
14236,2.419,3.236
14237,2.380,3.236
14238,2.370,3.236
14239,2.370,3.236
14240,2.366,3.236
14241,2.361,3.236
14242,2.439,3.236
14243,2.625,3.231
14244,2.796,3.236
14245,2.869,3.231
14246,2.835,3.236
14247,2.752,3.231
14248,2.678,3.236
14249,2.615,3.231
14250,2.566,3.236
14251,2.522,3.231
14252,2.507,3.236
14253,2.507,3.231
14254,2.512,3.236
14255,2.502,3.236
14256,2.473,3.236
14257,2.444,3.236
14258,2.414,3.236
14259,2.395,3.236
14260,2.366,3.236
14261,2.351,3.236
14262,2.341,3.236
14263,2.341,3.236
14264,2.390,3.231
14265,2.561,3.236
14266,2.747,3.231
14267,2.854,3.236
14268,2.845,3.231
14269,2.761,3.236
14270,2.674,3.231
14271,2.630,3.236
14272,2.581,3.231
14273,2.527,3.236
14274,2.498,3.236
14275,2.502,3.236
14276,2.502,3.231
14277,2.498,3.236
14278,2.483,3.236
14279,2.458,3.236
14280,2.429,3.236
14281,2.405,3.236
14282,2.380,3.236
14283,2.375,3.236
14284,2.370,3.236
14285,2.361,3.236
14286,2.351,3.236
14287,2.326,3.236
14288,2.317,3.236
14289,2.346,3.236
14290,2.483,3.236
14291,2.698,3.231
14292,2.869,3.236
14293,2.913,3.231
14294,2.859,3.236
14295,2.761,3.231
14296,2.688,3.236
14297,2.634,3.236
14298,2.571,3.231
14299,2.542,3.236
14300,2.527,3.231
14301,2.522,3.236
14302,2.512,3.231
14303,2.488,3.236
14304,2.463,3.236
14305,2.434,3.236
14306,2.405,3.236
14307,2.390,3.236
14308,2.375,3.236
14309,2.370,3.236
14310,2.366,3.236
14311,2.356,3.236
14312,2.341,3.236
14313,2.336,3.236
14314,2.380,3.236
14315,2.522,3.236
14316,2.722,3.236
14317,2.845,3.236
14318,2.849,3.236
14319,2.776,3.236
14320,2.678,3.236
14321,2.615,3.231
14322,2.556,3.236
14323,2.517,3.236
14324,2.488,3.236
14325,2.468,3.236
14326,2.483,3.236
14327,2.483,3.236
14328,2.468,3.236
14329,2.439,3.236
14330,2.414,3.236
14331,2.385,3.236
14332,2.366,3.236
14333,2.351,3.236
14334,2.341,3.236
14335,2.331,3.236
14336,2.322,3.236
14337,2.322,3.236
14338,2.312,3.236
14339,2.312,3.236
14340,2.326,3.236
14341,2.429,3.236
14342,2.620,3.236
14343,2.776,3.236
14344,2.820,3.236
14345,2.766,3.236
14346,2.674,3.236
14347,2.595,3.236
14348,2.542,3.236
14349,2.502,3.236
14350,2.488,3.236
14351,2.488,3.236
14352,2.493,3.236
14353,2.493,3.236
14354,2.468,3.236
14355,2.449,3.236
14356,2.419,3.236
14357,2.400,3.236
14358,2.395,3.236
14359,2.380,3.236
14360,2.375,3.236
14361,2.366,3.236
14362,2.361,3.236
14363,2.341,3.236
14364,2.356,3.236
14365,2.468,3.236
14366,2.654,3.236
14367,2.805,3.236
14368,2.854,3.236
14369,2.805,3.236
14370,2.717,3.236
14371,2.630,3.236
14372,2.571,3.236
14373,2.527,3.236
14374,2.493,3.236
14375,2.488,3.236
14376,2.488,3.236
14377,2.488,3.236
14378,2.478,3.236
14379,2.449,3.236
14380,2.419,3.236
14381,2.395,3.236
14382,2.380,3.236
14383,2.366,3.236
14384,2.351,3.236
14385,2.341,3.236
14386,2.331,3.236
14387,2.317,3.236
14388,2.307,3.236
14389,2.297,3.236
14390,2.287,3.236
14391,2.287,3.236
14392,2.341,3.236
14393,2.502,3.236
14394,2.708,3.236
14395,2.840,3.236
14396,2.849,3.236
14397,2.766,3.236
14398,2.669,3.236
14399,2.595,3.236
14400,2.542,3.236
14401,2.498,3.236
14402,2.458,3.236
14403,2.439,3.236
14404,2.439,3.236
14405,2.434,3.236
14406,2.419,3.236
14407,2.405,3.236
14408,2.385,3.236
14409,2.370,3.236
14410,2.351,3.236
14411,2.336,3.236
14412,2.331,3.236
14413,2.326,3.236
14414,2.312,3.236
14415,2.312,3.236
14416,2.302,3.236
14417,2.302,3.236
14418,2.307,3.236
14419,2.380,3.236
14420,2.561,3.236
14421,2.737,3.236
14422,2.825,3.236
14423,2.791,3.236
14424,2.703,3.236
14425,2.610,3.236
14426,2.556,3.236
14427,2.512,3.236
14428,2.473,3.236
14429,2.463,3.236
14430,2.473,3.236
14431,2.478,3.236
14432,2.473,3.236
14433,2.439,3.236
14434,2.405,3.236
14435,2.375,3.236
14436,2.356,3.236
14437,2.351,3.236
14438,2.341,3.236
14439,2.331,3.236
14440,2.326,3.236
14441,2.322,3.236
14442,2.307,3.236
14443,2.297,3.236
14444,2.331,3.236
14445,2.478,3.236
14446,2.683,3.236
14447,2.835,3.236
14448,2.859,3.236
14449,2.796,3.236
14450,2.717,3.236
14451,2.674,3.236
14452,2.639,3.236
14453,2.605,3.236
14454,2.581,3.236
14455,2.561,3.236
14456,2.551,3.236
14457,2.532,3.236
14458,2.502,3.236
14459,2.463,3.236
14460,2.424,3.236
14461,2.405,3.236
14462,2.390,3.236
14463,2.375,3.236
14464,2.366,3.236
14465,2.351,3.236
14466,2.341,3.236
14467,2.346,3.236
14468,2.331,3.236
14469,2.322,3.236
14470,2.326,3.236
14471,2.410,3.236
14472,2.605,3.236
14473,2.815,3.236
14474,2.928,3.236
14475,2.918,3.236
14476,2.845,3.236
14477,2.761,3.236
14478,2.688,3.236
14479,2.615,3.236
14480,2.546,3.236
14481,2.498,3.236
14482,2.488,3.236
14483,2.493,3.236
14484,2.498,3.236
14485,2.483,3.236
14486,2.454,3.236
14487,2.419,3.236
14488,2.400,3.236
14489,2.380,3.236
14490,2.366,3.236
14491,2.366,3.236
14492,2.366,3.236
14493,2.361,3.236
14494,2.361,3.236
14495,2.351,3.236
14496,2.356,3.236
14497,2.419,3.236
14498,2.595,3.236
14499,2.805,3.236
14500,2.913,3.236
14501,2.903,3.236
14502,2.815,3.236
14503,2.713,3.236
14504,2.644,3.236
14505,2.595,3.236
14506,2.561,3.236
14507,2.537,3.236
14508,2.532,3.236
14509,2.537,3.236
14510,2.527,3.236
14511,2.507,3.236
14512,2.468,3.236
14513,2.439,3.236
14514,2.405,3.236
14515,2.380,3.236
14516,2.361,3.236
14517,2.351,3.236
14518,2.346,3.236
14519,2.336,3.236
14520,2.326,3.236
14521,2.317,3.236
14522,2.326,3.236
14523,2.429,3.236
14524,2.639,3.236
14525,2.840,3.236
14526,2.903,3.236
14527,2.845,3.236
14528,2.737,3.236
14529,2.634,3.236
14530,2.576,3.236
14531,2.522,3.236
14532,2.488,3.240
14533,2.468,3.236
14534,2.473,3.236
14535,2.473,3.236
14536,2.463,3.236
14537,2.439,3.236
14538,2.414,3.236
14539,2.385,3.236
14540,2.375,3.236
14541,2.361,3.236
14542,2.356,3.236
14543,2.341,3.240
14544,2.326,3.236
14545,2.317,3.236
14546,2.302,3.236
14547,2.331,3.240
14548,2.473,3.236
14549,2.669,3.236
14550,2.805,3.236
14551,2.825,3.236
14552,2.752,3.236
14553,2.659,3.236
14554,2.586,3.236
14555,2.532,3.236
14556,2.493,3.236
14557,2.473,3.236
14558,2.468,3.236
14559,2.483,3.236
14560,2.488,3.236
14561,2.473,3.236
14562,2.449,3.236
14563,2.419,3.236
14564,2.395,3.236
14565,2.380,3.236
14566,2.370,3.240
14567,2.356,3.236
14568,2.341,3.236
14569,2.331,3.236
14570,2.322,3.236
14571,2.312,3.236
14572,2.366,3.236
14573,2.527,3.236
14574,2.713,3.236
14575,2.801,3.236
14576,2.786,3.236
14577,2.703,3.236
14578,2.610,3.236
14579,2.542,3.236
14580,2.488,3.236
14581,2.468,3.236
14582,2.478,3.240
14583,2.493,3.236
14584,2.502,3.236
14585,2.493,3.236
14586,2.473,3.240
14587,2.444,3.236
14588,2.414,3.236
14589,2.390,3.236
14590,2.375,3.236
14591,2.361,3.240
14592,2.341,3.236
14593,2.326,3.240
14594,2.346,3.236
14595,2.493,3.236
14596,2.678,3.236
14597,2.796,3.236
14598,2.801,3.236
14599,2.727,3.236
14600,2.644,3.236
14601,2.581,3.236
14602,2.542,3.236
14603,2.512,3.236
14604,2.502,3.240
14605,2.502,3.236
14606,2.512,3.240
14607,2.498,3.236
14608,2.478,3.240
14609,2.454,3.236
14610,2.429,3.240
14611,2.424,3.236
14612,2.419,3.240
14613,2.414,3.236
14614,2.395,3.240
14615,2.390,3.240
14616,2.424,3.236
14617,2.561,3.240
14618,2.757,3.236
14619,2.884,3.240
14620,2.893,3.236
14621,2.820,3.240
14622,2.713,3.236
14623,2.649,3.236
14624,2.595,3.240
14625,2.561,3.236
14626,2.542,3.240
14627,2.542,3.236
14628,2.542,3.240
14629,2.542,3.236
14630,2.527,3.240
14631,2.493,3.236
14632,2.468,3.240
14633,2.439,3.236
14634,2.419,3.240
14635,2.405,3.236
14636,2.385,3.240
14637,2.375,3.236
14638,2.361,3.240
14639,2.395,3.236
14640,2.537,3.240
14641,2.722,3.236
14642,2.859,3.240
14643,2.879,3.236
14644,2.825,3.236
14645,2.747,3.236
14646,2.683,3.236
14647,2.634,3.240
14648,2.586,3.236
14649,2.546,3.240
14650,2.532,3.236
14651,2.532,3.240
14652,2.527,3.236
14653,2.507,3.240
14654,2.478,3.236
14655,2.454,3.240
14656,2.434,3.236
14657,2.410,3.240
14658,2.390,3.240
14659,2.380,3.240
14660,2.370,3.236
14661,2.370,3.240
14662,2.356,3.240
14663,2.346,3.236
14664,2.366,3.240
14665,2.478,3.236
14666,2.674,3.240
14667,2.825,3.236
14668,2.864,3.240
14669,2.810,3.236
14670,2.727,3.240
14671,2.654,3.236
14672,2.605,3.240
14673,2.556,3.236
14674,2.517,3.240
14675,2.512,3.236
14676,2.512,3.236
14677,2.517,3.240
14678,2.502,3.236
14679,2.473,3.240
14680,2.439,3.236
14681,2.414,3.240
14682,2.395,3.236
14683,2.385,3.240
14684,2.375,3.236
14685,2.370,3.240
14686,2.370,3.236
14687,2.361,3.240
14688,2.356,3.236
14689,2.405,3.240
14690,2.542,3.236
14691,2.727,3.240
14692,2.840,3.236
14693,2.845,3.240
14694,2.776,3.240
14695,2.693,3.240
14696,2.630,3.240
14697,2.571,3.240
14698,2.527,3.240
14699,2.507,3.236
14700,2.512,3.240
14701,2.517,3.236
14702,2.502,3.240
14703,2.483,3.236
14704,2.454,3.240
14705,2.419,3.236
14706,2.395,3.240
14707,2.380,3.240
14708,2.370,3.240
14709,2.361,3.240
14710,2.356,3.240
14711,2.346,3.240
14712,2.331,3.240
14713,2.366,3.240
14714,2.498,3.240
14715,2.683,3.240
14716,2.815,3.240
14717,2.849,3.240
14718,2.791,3.236
14719,2.708,3.240
14720,2.659,3.236
14721,2.615,3.240
14722,2.576,3.236
14723,2.537,3.240
14724,2.532,3.236
14725,2.532,3.240
14726,2.522,3.236
14727,2.498,3.240
14728,2.473,3.240
14729,2.444,3.240
14730,2.419,3.240
14731,2.405,3.240
14732,2.390,3.240
14733,2.380,3.240
14734,2.375,3.240
14735,2.366,3.240
14736,2.351,3.240
14737,2.341,3.240
14738,2.341,3.240
14739,2.380,3.240
14740,2.551,3.236
14741,2.737,3.240
14742,2.854,3.236
14743,2.859,3.240
14744,2.791,3.240
14745,2.708,3.240
14746,2.649,3.236
14747,2.610,3.240
14748,2.581,3.236
14749,2.556,3.240
14750,2.546,3.236
14751,2.532,3.240
14752,2.527,3.236
14753,2.502,3.240
14754,2.478,3.240
14755,2.449,3.240
14756,2.419,3.240
14757,2.400,3.240
14758,2.390,3.240
14759,2.385,3.240
14760,2.380,3.240
14761,2.370,3.240
14762,2.370,3.240
14763,2.361,3.236
14764,2.351,3.240
14765,2.380,3.236
14766,2.498,3.240
14767,2.678,3.236
14768,2.825,3.240
14769,2.869,3.236
14770,2.815,3.240
14771,2.727,3.236
14772,2.654,3.240
14773,2.610,3.240
14774,2.571,3.240
14775,2.546,3.240
14776,2.542,3.240
14777,2.537,3.240
14778,2.537,3.240
14779,2.532,3.240
14780,2.502,3.240
14781,2.483,3.240
14782,2.463,3.240
14783,2.444,3.240
14784,2.429,3.240
14785,2.414,3.240
14786,2.410,3.240
14787,2.400,3.240
14788,2.390,3.240
14789,2.390,3.240
14790,2.449,3.240
14791,2.610,3.240
14792,2.786,3.240
14793,2.884,3.240
14794,2.869,3.236
14795,2.791,3.240
14796,2.703,3.240
14797,2.644,3.240
14798,2.595,3.240
14799,2.561,3.240
14800,2.537,3.240
14801,2.546,3.240
14802,2.556,3.240
14803,2.551,3.240
14804,2.522,3.240
14805,2.498,3.240
14806,2.463,3.240
14807,2.439,3.240
14808,2.424,3.240
14809,2.410,3.240
14810,2.395,3.240
14811,2.395,3.240
14812,2.385,3.240
14813,2.370,3.240
14814,2.351,3.240
14815,2.341,3.240
14816,2.351,3.240
14817,2.439,3.240
14818,2.644,3.240
14819,2.830,3.240
14820,2.908,3.240
14821,2.874,3.240
14822,2.781,3.240
14823,2.698,3.240
14824,2.644,3.240
14825,2.600,3.240
14826,2.576,3.240
14827,2.561,3.240
14828,2.561,3.240
14829,2.566,3.240
14830,2.571,3.240
14831,2.556,3.240
14832,2.532,3.240
14833,2.507,3.240
14834,2.483,3.240
14835,2.458,3.240
14836,2.434,3.240
14837,2.414,3.240
14838,2.395,3.240
14839,2.385,3.240
14840,2.366,3.240
14841,2.361,3.240
14842,2.346,3.240
14843,2.351,3.240
14844,2.449,3.240
14845,2.664,3.240
14846,2.859,3.240
14847,2.933,3.240
14848,2.879,3.240
14849,2.771,3.240
14850,2.683,3.240
14851,2.615,3.240
14852,2.571,3.240
14853,2.542,3.240
14854,2.522,3.240
14855,2.527,3.240
14856,2.532,3.240
14857,2.512,3.240
14858,2.493,3.240
14859,2.463,3.240
14860,2.434,3.240
14861,2.410,3.240
14862,2.395,3.240
14863,2.375,3.240
14864,2.361,3.240
14865,2.356,3.240
14866,2.341,3.240
14867,2.331,3.240
14868,2.326,3.240
14869,2.326,3.240
14870,2.390,3.240
14871,2.566,3.240
14872,2.766,3.240
14873,2.893,3.240
14874,2.893,3.240
14875,2.805,3.240
14876,2.698,3.240
14877,2.620,3.240
14878,2.571,3.240
14879,2.532,3.240
14880,2.517,3.240
14881,2.522,3.240
14882,2.532,3.240
14883,2.527,3.240
14884,2.507,3.240
14885,2.478,3.240
14886,2.458,3.240
14887,2.434,3.240
14888,2.424,3.240
14889,2.419,3.240
14890,2.410,3.240
14891,2.400,3.240
14892,2.390,3.240
14893,2.361,3.240
14894,2.346,3.240
14895,2.410,3.240
14896,2.600,3.240
14897,2.801,3.240
14898,2.889,3.240
14899,2.859,3.240
14900,2.757,3.240
14901,2.654,3.240
14902,2.586,3.240
14903,2.542,3.240
14904,2.517,3.240
14905,2.512,3.240
14906,2.522,3.240
14907,2.527,3.240
14908,2.517,3.240
14909,2.478,3.240
14910,2.439,3.240
14911,2.414,3.240
14912,2.385,3.240
14913,2.366,3.240
14914,2.356,3.240
14915,2.346,3.240
14916,2.341,3.240
14917,2.331,3.240
14918,2.312,3.240
14919,2.322,3.240
14920,2.395,3.240
14921,2.576,3.240
14922,2.761,3.240
14923,2.849,3.240
14924,2.825,3.240
14925,2.727,3.240
14926,2.630,3.240
14927,2.551,3.240
14928,2.507,3.240
14929,2.458,3.240
14930,2.429,3.240
14931,2.424,3.240
14932,2.429,3.240
14933,2.424,3.240
14934,2.395,3.240
14935,2.375,3.240
14936,2.341,3.240
14937,2.317,3.240
14938,2.297,3.240
14939,2.292,3.240
14940,2.283,3.240
14941,2.283,3.240
14942,2.278,3.240
14943,2.312,3.240
14944,2.439,3.240
14945,2.630,3.240
14946,2.737,3.240
14947,2.722,3.240
14948,2.644,3.240
14949,2.556,3.240
14950,2.488,3.240
14951,2.449,3.240
14952,2.424,3.240
14953,2.419,3.240
14954,2.419,3.240
14955,2.429,3.245
14956,2.429,3.240
14957,2.419,3.240
14958,2.390,3.240
14959,2.366,3.245
14960,2.351,3.240
14961,2.346,3.245
14962,2.341,3.240
14963,2.331,3.245
14964,2.336,3.240
14965,2.414,3.240
14966,2.561,3.240
14967,2.688,3.240
14968,2.727,3.240
14969,2.683,3.240
14970,2.595,3.240
14971,2.527,3.240
14972,2.454,3.245
14973,2.410,3.240
14974,2.395,3.245
14975,2.410,3.240
14976,2.424,3.245
14977,2.424,3.240
14978,2.405,3.245
14979,2.380,3.240
14980,2.356,3.240
14981,2.336,3.240
14982,2.317,3.240
14983,2.317,3.240
14984,2.307,3.240
14985,2.297,3.245
14986,2.317,3.240
14987,2.414,3.245
14988,2.566,3.240
14989,2.654,3.240
14990,2.664,3.240
14991,2.615,3.245
14992,2.542,3.240
14993,2.498,3.240
14994,2.468,3.245
14995,2.424,3.240
14996,2.405,3.245
14997,2.400,3.240
14998,2.395,3.245
14999,2.395,3.240
15000,2.380,3.245
15001,2.366,3.240
15002,2.341,3.245
15003,2.326,3.240
15004,2.317,3.245
15005,2.302,3.240
15006,2.297,3.245
15007,2.278,3.240
15008,2.278,3.240
15009,2.341,3.240
15010,2.478,3.240
15011,2.595,3.245
15012,2.634,3.240
15013,2.590,3.240
15014,2.537,3.240
15015,2.488,3.245
15016,2.458,3.240
15017,2.419,3.245
15018,2.395,3.240
15019,2.390,3.245
15020,2.390,3.240
15021,2.395,3.245
15022,2.390,3.240
15023,2.370,3.245
15024,2.351,3.240
15025,2.331,3.245
15026,2.312,3.245
15027,2.307,3.240
15028,2.297,3.245
15029,2.292,3.240
15030,2.287,3.245
15031,2.283,3.240
15032,2.292,3.245
15033,2.356,3.240
15034,2.478,3.245
15035,2.571,3.240
15036,2.600,3.245
15037,2.571,3.240
15038,2.517,3.240
15039,2.468,3.240
15040,2.439,3.245
15041,2.410,3.245
15042,2.390,3.245
15043,2.390,3.245
15044,2.395,3.245
15045,2.400,3.245
15046,2.390,3.245
15047,2.375,3.245
15048,2.361,3.245
15049,2.356,3.245
15050,2.346,3.245
15051,2.336,3.245
15052,2.336,3.245
15053,2.326,3.245
15054,2.317,3.245
15055,2.322,3.245
15056,2.366,3.245
15057,2.463,3.245
15058,2.566,3.245
15059,2.615,3.245
15060,2.610,3.245
15061,2.571,3.245
15062,2.532,3.245
15063,2.498,3.245
15064,2.473,3.245
15065,2.449,3.245
15066,2.449,3.245
15067,2.458,3.245
15068,2.458,3.245
15069,2.458,3.245
15070,2.449,3.245
15071,2.429,3.245
15072,2.419,3.245
15073,2.410,3.245
15074,2.405,3.245
15075,2.400,3.245
15076,2.385,3.245
15077,2.385,3.245
15078,2.429,3.245
15079,2.542,3.245
15080,2.664,3.245
15081,2.717,3.245
15082,2.698,3.245
15083,2.654,3.245
15084,2.615,3.245
15085,2.581,3.245
15086,2.546,3.245
15087,2.522,3.245
15088,2.517,3.245
15089,2.517,3.245
15090,2.512,3.245
15091,2.507,3.245
15092,2.488,3.245
15093,2.468,3.245
15094,2.454,3.245
15095,2.444,3.245
15096,2.429,3.245
15097,2.419,3.245
15098,2.419,3.245
15099,2.414,3.245
15100,2.405,3.245
15101,2.395,3.245
15102,2.400,3.245
15103,2.468,3.245
15104,2.620,3.245
15105,2.766,3.245
15106,2.835,3.245
15107,2.815,3.245
15108,2.757,3.245
15109,2.698,3.245
15110,2.659,3.245
15111,2.615,3.245
15112,2.571,3.245
15113,2.551,3.245
15114,2.542,3.245
15115,2.532,3.245
15116,2.527,3.245
15117,2.507,3.245
15118,2.488,3.245
15119,2.463,3.245
15120,2.444,3.245
15121,2.434,3.245
15122,2.424,3.245
15123,2.410,3.245
15124,2.395,3.245
15125,2.390,3.245
15126,2.375,3.245
15127,2.366,3.245
15128,2.366,3.245
15129,2.434,3.245
15130,2.600,3.245
15131,2.757,3.245
15132,2.830,3.245
15133,2.815,3.245
15134,2.752,3.245
15135,2.708,3.245
15136,2.659,3.245
15137,2.615,3.245
15138,2.581,3.245
15139,2.571,3.245
15140,2.576,3.245
15141,2.581,3.245
15142,2.571,3.245
15143,2.556,3.245
15144,2.522,3.245
15145,2.488,3.245
15146,2.458,3.245
15147,2.439,3.245
15148,2.429,3.245
15149,2.419,3.245
15150,2.405,3.245
15151,2.390,3.245
15152,2.380,3.245
15153,2.375,3.245
15154,2.366,3.245
15155,2.395,3.245
15156,2.522,3.245
15157,2.698,3.245
15158,2.820,3.245
15159,2.849,3.245
15160,2.801,3.245
15161,2.722,3.245
15162,2.669,3.250
15163,2.610,3.245
15164,2.571,3.250
15165,2.551,3.245
15166,2.551,3.245
15167,2.542,3.245
15168,2.532,3.245
15169,2.512,3.245
15170,2.493,3.250
15171,2.463,3.245
15172,2.449,3.245
15173,2.429,3.245
15174,2.419,3.245
15175,2.419,3.245
15176,2.414,3.245
15177,2.419,3.250
15178,2.419,3.245
15179,2.414,3.250
15180,2.405,3.245
15181,2.400,3.250
15182,2.463,3.245
15183,2.620,3.250
15184,2.786,3.245
15185,2.864,3.250
15186,2.849,3.245
15187,2.776,3.250
15188,2.688,3.250
15189,2.620,3.245
15190,2.581,3.245
15191,2.556,3.245
15192,2.556,3.245
15193,2.571,3.245
15194,2.576,3.245
15195,2.551,3.245
15196,2.522,3.245
15197,2.478,3.245
15198,2.454,3.250
15199,2.434,3.245
15200,2.419,3.250
15201,2.410,3.245
15202,2.395,3.250
15203,2.385,3.245
15204,2.375,3.250
15205,2.370,3.245
15206,2.356,3.250
15207,2.380,3.245
15208,2.483,3.245
15209,2.654,3.245
15210,2.786,3.245
15211,2.825,3.245
15212,2.776,3.245
15213,2.698,3.245
15214,2.634,3.245
15215,2.576,3.250
15216,2.537,3.245
15217,2.527,3.245
15218,2.532,3.245
15219,2.537,3.245
15220,2.542,3.245
15221,2.527,3.245
15222,2.502,3.245
15223,2.478,3.245
15224,2.458,3.245
15225,2.449,3.245
15226,2.439,3.245
15227,2.429,3.245
15228,2.414,3.245
15229,2.429,3.245
15230,2.537,3.245
15231,2.698,3.245
15232,2.820,3.245
15233,2.849,3.245
15234,2.810,3.250
15235,2.742,3.245
15236,2.674,3.250
15237,2.615,3.245
15238,2.571,3.250
15239,2.556,3.245
15240,2.566,3.250
15241,2.576,3.245
15242,2.576,3.245
15243,2.542,3.245
15244,2.512,3.245
15245,2.488,3.250
15246,2.468,3.250
15247,2.458,3.245
15248,2.449,3.250
15249,2.434,3.245
15250,2.429,3.250
15251,2.488,3.245
15252,2.654,3.250
15253,2.830,3.245
15254,2.923,3.250
15255,2.918,3.245
15256,2.845,3.250
15257,2.766,3.245
15258,2.713,3.250
15259,2.664,3.245
15260,2.625,3.250
15261,2.610,3.245
15262,2.605,3.245
15263,2.615,3.245
15264,2.600,3.250
15265,2.571,3.245
15266,2.537,3.245
15267,2.507,3.245
15268,2.488,3.250
15269,2.473,3.250
15270,2.458,3.245
15271,2.449,3.250
15272,2.439,3.245
15273,2.483,3.250
15274,2.630,3.245
15275,2.815,3.250
15276,2.942,3.245
15277,2.957,3.250
15278,2.903,3.245
15279,2.820,3.250
15280,2.757,3.245
15281,2.703,3.250
15282,2.664,3.250
15283,2.639,3.250
15284,2.634,3.250
15285,2.630,3.245
15286,2.620,3.250
15287,2.590,3.245
15288,2.551,3.250
15289,2.512,3.245
15290,2.478,3.250
15291,2.449,3.245
15292,2.444,3.250
15293,2.434,3.245
15294,2.419,3.250
15295,2.410,3.245
15296,2.424,3.250
15297,2.546,3.245
15298,2.742,3.250
15299,2.903,3.245
15300,2.937,3.250
15301,2.879,3.245
15302,2.786,3.250
15303,2.713,3.245
15304,2.659,3.250
15305,2.605,3.245
15306,2.576,3.250
15307,2.561,3.245
15308,2.556,3.250
15309,2.551,3.250
15310,2.542,3.250
15311,2.517,3.250
15312,2.493,3.250
15313,2.468,3.250
15314,2.458,3.250
15315,2.454,3.250
15316,2.458,3.245
15317,2.449,3.250
15318,2.439,3.245
15319,2.429,3.250
15320,2.493,3.245
15321,2.659,3.250
15322,2.845,3.250
15323,2.898,3.250
15324,2.859,3.250
15325,2.771,3.250
15326,2.678,3.250
15327,2.615,3.245
15328,2.556,3.250
15329,2.532,3.245
15330,2.537,3.250
15331,2.546,3.245
15332,2.537,3.250
15333,2.512,3.245
15334,2.473,3.250
15335,2.444,3.245
15336,2.429,3.250
15337,2.410,3.250
15338,2.395,3.250
15339,2.390,3.250
15340,2.375,3.250
15341,2.361,3.250
15342,2.356,3.250
15343,2.429,3.250
15344,2.615,3.250
15345,2.805,3.250
15346,2.889,3.250
15347,2.869,3.250
15348,2.786,3.245
15349,2.698,3.250
15350,2.634,3.245
15351,2.581,3.250
15352,2.542,3.245
15353,2.512,3.250
15354,2.512,3.250
15355,2.517,3.250
15356,2.498,3.250
15357,2.478,3.250
15358,2.449,3.250
15359,2.419,3.250
15360,2.395,3.250
15361,2.375,3.250
15362,2.361,3.250
15363,2.341,3.250
15364,2.331,3.250
15365,2.322,3.250
15366,2.307,3.250
15367,2.317,3.250
15368,2.410,3.250
15369,2.590,3.245
15370,2.752,3.250
15371,2.776,3.250
15372,2.717,3.250
15373,2.639,3.250
15374,2.586,3.250
15375,2.542,3.250
15376,2.483,3.250
15377,2.458,3.250
15378,2.454,3.250
15379,2.463,3.250
15380,2.478,3.250
15381,2.473,3.250
15382,2.454,3.250
15383,2.424,3.250
15384,2.395,3.250
15385,2.370,3.250
15386,2.341,3.250
15387,2.331,3.250
15388,2.326,3.250
15389,2.312,3.250
15390,2.297,3.250
15391,2.302,3.250
15392,2.375,3.250
15393,2.532,3.250
15394,2.664,3.250
15395,2.713,3.250
15396,2.678,3.250
15397,2.615,3.250
15398,2.556,3.250
15399,2.512,3.250
15400,2.463,3.250
15401,2.429,3.250
15402,2.419,3.250
15403,2.419,3.250
15404,2.419,3.250
15405,2.410,3.250
15406,2.385,3.250
15407,2.361,3.250
15408,2.341,3.250
15409,2.322,3.250
15410,2.317,3.250
15411,2.312,3.250
15412,2.307,3.250
15413,2.302,3.250
15414,2.297,3.250
15415,2.287,3.250
15416,2.287,3.250
15417,2.278,3.250
15418,2.302,3.250
15419,2.390,3.250
15420,2.517,3.250
15421,2.600,3.250
15422,2.605,3.250
15423,2.561,3.250
15424,2.512,3.250
15425,2.473,3.250
15426,2.439,3.250
15427,2.414,3.250
15428,2.395,3.250
15429,2.395,3.250
15430,2.395,3.250
15431,2.395,3.250
15432,2.385,3.250
15433,2.370,3.250
15434,2.356,3.250
15435,2.346,3.250
15436,2.331,3.250
15437,2.326,3.250
15438,2.322,3.250
15439,2.312,3.250
15440,2.312,3.250
15441,2.312,3.250
15442,2.307,3.250
15443,2.307,3.250
15444,2.312,3.250
15445,2.336,3.250
15446,2.419,3.250
15447,2.522,3.250
15448,2.576,3.250
15449,2.576,3.250
15450,2.546,3.250
15451,2.502,3.250
15452,2.468,3.250
15453,2.444,3.250
15454,2.424,3.250
15455,2.405,3.250
15456,2.405,3.250
15457,2.405,3.250
15458,2.400,3.250
15459,2.395,3.250
15460,2.390,3.250
15461,2.375,3.250
15462,2.370,3.250
15463,2.361,3.250
15464,2.351,3.250
15465,2.341,3.250
15466,2.331,3.250
15467,2.331,3.250
15468,2.326,3.250
15469,2.322,3.250
15470,2.317,3.250
15471,2.356,3.250
15472,2.439,3.250
15473,2.517,3.250
15474,2.556,3.250
15475,2.551,3.250
15476,2.522,3.250
15477,2.488,3.250
15478,2.468,3.250
15479,2.454,3.250
15480,2.439,3.250
15481,2.429,3.250
15482,2.424,3.250
15483,2.444,3.250
15484,2.429,3.250
15485,2.419,3.250
15486,2.410,3.250
15487,2.395,3.250
15488,2.385,3.250
15489,2.375,3.250
15490,2.375,3.250
15491,2.366,3.250
15492,2.351,3.250
15493,2.351,3.250
15494,2.390,3.250
15495,2.498,3.250
15496,2.586,3.250
15497,2.625,3.250
15498,2.620,3.250
15499,2.586,3.250
15500,2.566,3.250
15501,2.542,3.250
15502,2.517,3.250
15503,2.493,3.250
15504,2.478,3.250
15505,2.478,3.250
15506,2.478,3.250
15507,2.473,3.250
15508,2.463,3.250
15509,2.449,3.250
15510,2.424,3.250
15511,2.410,3.250
15512,2.395,3.250
15513,2.390,3.250
15514,2.385,3.250
15515,2.380,3.250
15516,2.375,3.250
15517,2.424,3.250
15518,2.537,3.250
15519,2.644,3.250
15520,2.693,3.250
15521,2.693,3.250
15522,2.649,3.250
15523,2.605,3.250
15524,2.576,3.250
15525,2.546,3.250
15526,2.517,3.250
15527,2.498,3.250
15528,2.493,3.250
15529,2.498,3.250
15530,2.493,3.250
15531,2.488,3.250
15532,2.468,3.250
15533,2.458,3.250
15534,2.449,3.250
15535,2.439,3.250
15536,2.434,3.250
15537,2.419,3.250
15538,2.405,3.250
15539,2.400,3.250
15540,2.400,3.250
15541,2.439,3.250
15542,2.546,3.250
15543,2.683,3.250
15544,2.771,3.250
15545,2.781,3.250
15546,2.737,3.250
15547,2.683,3.250
15548,2.644,3.250
15549,2.615,3.250
15550,2.581,3.250
15551,2.566,3.250
15552,2.571,3.250
15553,2.576,3.250
15554,2.576,3.250
15555,2.561,3.250
15556,2.542,3.250
15557,2.512,3.250
15558,2.493,3.250
15559,2.488,3.250
15560,2.478,3.250
15561,2.468,3.250
15562,2.463,3.250
15563,2.463,3.250
15564,2.527,3.250
15565,2.688,3.250
15566,2.830,3.250
15567,2.879,3.250
15568,2.854,3.250
15569,2.796,3.250
15570,2.732,3.250
15571,2.678,3.250
15572,2.639,3.250
15573,2.610,3.250
15574,2.605,3.250
15575,2.615,3.250
15576,2.610,3.250
15577,2.595,3.250
15578,2.576,3.250
15579,2.542,3.250
15580,2.507,3.250
15581,2.483,3.250
15582,2.463,3.250
15583,2.454,3.250
15584,2.444,3.250
15585,2.434,3.250
15586,2.419,3.250
15587,2.410,3.250
15588,2.405,3.250
15589,2.414,3.250
15590,2.502,3.250
15591,2.683,3.250
15592,2.884,3.250
15593,2.952,3.250
15594,2.913,3.250
15595,2.830,3.250
15596,2.757,3.250
15597,2.708,3.250
15598,2.664,3.250
15599,2.630,3.250
15600,2.615,3.250
15601,2.605,3.250
15602,2.595,3.250
15603,2.586,3.250
15604,2.566,3.250
15605,2.537,3.250
15606,2.512,3.250
15607,2.473,3.250
15608,2.449,3.250
15609,2.429,3.250
15610,2.414,3.250
15611,2.410,3.250
15612,2.400,3.250
15613,2.390,3.250
15614,2.385,3.250
15615,2.370,3.250
15616,2.385,3.250
15617,2.502,3.250
15618,2.698,3.250
15619,2.869,3.250
15620,2.903,3.250
15621,2.835,3.250
15622,2.742,3.250
15623,2.678,3.250
15624,2.639,3.250
15625,2.595,3.250
15626,2.566,3.250
15627,2.561,3.250
15628,2.561,3.250
15629,2.561,3.250
15630,2.551,3.250
15631,2.522,3.250
15632,2.483,3.250
15633,2.454,3.250
15634,2.439,3.250
15635,2.419,3.250
15636,2.410,3.250
15637,2.405,3.250
15638,2.400,3.250
15639,2.385,3.250
15640,2.380,3.250
15641,2.366,3.250
15642,2.385,3.250
15643,2.478,3.250
15644,2.664,3.250
15645,2.825,3.250
15646,2.874,3.250
15647,2.815,3.250
15648,2.727,3.250
15649,2.654,3.250
15650,2.600,3.250
15651,2.571,3.250
15652,2.556,3.250
15653,2.566,3.250
15654,2.571,3.250
15655,2.561,3.250
15656,2.542,3.250
15657,2.517,3.250
15658,2.488,3.250
15659,2.463,3.250
15660,2.444,3.250
15661,2.434,3.250
15662,2.419,3.250
15663,2.410,3.250
15664,2.400,3.250
15665,2.390,3.250
15666,2.375,3.250
15667,2.390,3.250
15668,2.493,3.250
15669,2.674,3.250
15670,2.830,3.250
15671,2.889,3.250
15672,2.840,3.250
15673,2.742,3.250
15674,2.669,3.250
15675,2.610,3.250
15676,2.571,3.250
15677,2.556,3.250
15678,2.556,3.250
15679,2.561,3.250
15680,2.566,3.250
15681,2.546,3.250
15682,2.527,3.250
15683,2.493,3.250
15684,2.468,3.250
15685,2.444,3.250
15686,2.424,3.250
15687,2.419,3.250
15688,2.414,3.250
15689,2.400,3.250
15690,2.390,3.250
15691,2.400,3.250
15692,2.507,3.250
15693,2.693,3.250
15694,2.835,3.250
15695,2.889,3.250
15696,2.854,3.250
15697,2.771,3.250
15698,2.698,3.250
15699,2.644,3.250
15700,2.590,3.250
15701,2.571,3.250
15702,2.576,3.250
15703,2.571,3.250
15704,2.561,3.250
15705,2.542,3.250
15706,2.522,3.250
15707,2.488,3.250
15708,2.458,3.250
15709,2.439,3.250
15710,2.414,3.250
15711,2.410,3.250
15712,2.400,3.250
15713,2.390,3.250
15714,2.380,3.250
15715,2.366,3.250
15716,2.351,3.250
15717,2.410,3.250
15718,2.571,3.250
15719,2.752,3.250
15720,2.840,3.250
15721,2.830,3.250
15722,2.761,3.250
15723,2.693,3.250
15724,2.654,3.250
15725,2.620,3.250
15726,2.576,3.250
15727,2.542,3.250
15728,2.527,3.250
15729,2.527,3.250
15730,2.522,3.250
15731,2.502,3.250
15732,2.473,3.250
15733,2.444,3.250
15734,2.424,3.250
15735,2.414,3.250
15736,2.400,3.250
15737,2.390,3.250
15738,2.385,3.250
15739,2.385,3.250
15740,2.375,3.250
15741,2.419,3.250
15742,2.556,3.250
15743,2.732,3.250
15744,2.845,3.250
15745,2.854,3.250
15746,2.781,3.250
15747,2.713,3.250
15748,2.654,3.250
15749,2.600,3.250
15750,2.561,3.250
15751,2.556,3.250
15752,2.556,3.250
15753,2.561,3.250
15754,2.546,3.250
15755,2.522,3.250
15756,2.493,3.250
15757,2.468,3.250
15758,2.463,3.250
15759,2.468,3.250
15760,2.468,3.250
15761,2.449,3.250
15762,2.429,3.250
15763,2.463,3.250
15764,2.610,3.250
15765,2.786,3.250
15766,2.898,3.250
15767,2.918,3.250
15768,2.864,3.250
15769,2.796,3.250
15770,2.727,3.250
15771,2.664,3.250
15772,2.600,3.250
15773,2.551,3.250
15774,2.522,3.250
15775,2.517,3.250
15776,2.507,3.250
15777,2.498,3.250
15778,2.493,3.250
15779,2.478,3.250
15780,2.458,3.250
15781,2.439,3.250
15782,2.424,3.250
15783,2.405,3.250
15784,2.385,3.250
15785,2.370,3.250
15786,2.405,3.250
15787,2.532,3.250
15788,2.722,3.250
15789,2.859,3.250
15790,2.884,3.250
15791,2.820,3.250
15792,2.732,3.250
15793,2.659,3.250
15794,2.620,3.250
15795,2.576,3.250
15796,2.546,3.250
15797,2.537,3.250
15798,2.527,3.250
15799,2.522,3.250
15800,2.507,3.250
15801,2.478,3.250
15802,2.449,3.250
15803,2.414,3.250
15804,2.405,3.250
15805,2.395,3.250
15806,2.380,3.250
15807,2.375,3.250
15808,2.370,3.250
15809,2.361,3.250
15810,2.346,3.250
15811,2.385,3.250
15812,2.537,3.250
15813,2.752,3.250
15814,2.889,3.250
15815,2.903,3.250
15816,2.820,3.250
15817,2.722,3.250
15818,2.644,3.250
15819,2.586,3.250
15820,2.537,3.250
15821,2.512,3.250
15822,2.507,3.250
15823,2.512,3.250
15824,2.512,3.250
15825,2.483,3.250
15826,2.458,3.250
15827,2.429,3.250
15828,2.405,3.250
15829,2.390,3.250
15830,2.370,3.250
15831,2.361,3.250
15832,2.346,3.250
15833,2.331,3.250
15834,2.326,3.250
15835,2.317,3.250
15836,2.312,3.250
15837,2.366,3.250
15838,2.537,3.250
15839,2.732,3.250
15840,2.845,3.250
15841,2.845,3.250
15842,2.757,3.250
15843,2.664,3.250
15844,2.590,3.250
15845,2.537,3.250
15846,2.498,3.250
15847,2.483,3.250
15848,2.493,3.255
15849,2.502,3.250
15850,2.502,3.250
15851,2.478,3.250
15852,2.444,3.255
15853,2.410,3.250
15854,2.395,3.250
15855,2.380,3.250
15856,2.366,3.250
15857,2.361,3.250
15858,2.341,3.255
15859,2.341,3.250
15860,2.395,3.250
15861,2.576,3.250
15862,2.752,3.250
15863,2.845,3.250
15864,2.825,3.250
15865,2.737,3.250
15866,2.659,3.250
15867,2.600,3.250
15868,2.537,3.250
15869,2.498,3.255
15870,2.488,3.250
15871,2.498,3.255
15872,2.507,3.250
15873,2.498,3.250
15874,2.463,3.255
15875,2.429,3.250
15876,2.395,3.255
15877,2.375,3.250
15878,2.361,3.255
15879,2.346,3.250
15880,2.331,3.255
15881,2.322,3.250
15882,2.322,3.255
15883,2.317,3.250
15884,2.312,3.250
15885,2.346,3.250
15886,2.488,3.255
15887,2.693,3.250
15888,2.869,3.250
15889,2.889,3.250
15890,2.820,3.250
15891,2.732,3.250
15892,2.669,3.250
15893,2.615,3.250
15894,2.561,3.250
15895,2.542,3.250
15896,2.527,3.250
15897,2.527,3.250
15898,2.527,3.250
15899,2.507,3.250
15900,2.478,3.250
15901,2.439,3.255
15902,2.410,3.250
15903,2.385,3.250
15904,2.366,3.250
15905,2.351,3.255
15906,2.331,3.250
15907,2.322,3.250
15908,2.317,3.250
15909,2.307,3.250
15910,2.302,3.255
15911,2.292,3.250
15912,2.331,3.255
15913,2.488,3.250
15914,2.703,3.250
15915,2.845,3.250
15916,2.854,3.255
15917,2.781,3.250
15918,2.698,3.250
15919,2.630,3.250
15920,2.586,3.250
15921,2.546,3.250
15922,2.527,3.250
15923,2.527,3.250
15924,2.537,3.250
15925,2.537,3.250
15926,2.512,3.250
15927,2.478,3.255
15928,2.439,3.250
15929,2.405,3.255
15930,2.375,3.250
15931,2.356,3.255
15932,2.336,3.250
15933,2.326,3.255
15934,2.317,3.250
15935,2.312,3.255
15936,2.302,3.250
15937,2.292,3.255
15938,2.283,3.250
15939,2.307,3.255
15940,2.424,3.250
15941,2.625,3.250
15942,2.796,3.255
15943,2.820,3.250
15944,2.742,3.255
15945,2.649,3.250
15946,2.571,3.255
15947,2.522,3.250
15948,2.483,3.255
15949,2.454,3.250
15950,2.454,3.255
15951,2.458,3.250
15952,2.463,3.255
15953,2.444,3.250
15954,2.419,3.255
15955,2.385,3.250
15956,2.356,3.250
15957,2.331,3.255
15958,2.312,3.250
15959,2.302,3.255
15960,2.297,3.250
15961,2.292,3.255
15962,2.287,3.250
15963,2.283,3.255
15964,2.283,3.250
15965,2.278,3.255
15966,2.273,3.250
15967,2.273,3.255
15968,2.297,3.250
15969,2.429,3.255
15970,2.610,3.250
15971,2.747,3.250
15972,2.786,3.255
15973,2.737,3.250
15974,2.649,3.250
15975,2.576,3.250
15976,2.517,3.255
15977,2.473,3.250
15978,2.449,3.255
15979,2.449,3.250
15980,2.454,3.255
15981,2.458,3.250
15982,2.444,3.255
15983,2.414,3.250
15984,2.395,3.255
15985,2.370,3.250
15986,2.351,3.255
15987,2.346,3.250
15988,2.336,3.255
15989,2.322,3.250
15990,2.322,3.255
15991,2.312,3.255
15992,2.297,3.255
15993,2.297,3.250
15994,2.366,3.255
15995,2.522,3.255
15996,2.683,3.250
15997,2.732,3.250
15998,2.688,3.255
15999,2.610,3.250
16000,2.542,3.255
16001,2.493,3.255
16002,2.454,3.255
16003,2.429,3.250
16004,2.419,3.255
16005,2.419,3.250
16006,2.424,3.255
16007,2.414,3.250
16008,2.400,3.255
16009,2.375,3.250
16010,2.361,3.255
16011,2.346,3.250
16012,2.331,3.255
16013,2.326,3.250
16014,2.322,3.255
16015,2.312,3.255
16016,2.312,3.255
16017,2.317,3.255
16018,2.385,3.255
16019,2.537,3.255
16020,2.698,3.255
16021,2.761,3.255
16022,2.747,3.255
16023,2.659,3.255
16024,2.586,3.255
16025,2.537,3.255
16026,2.498,3.255
16027,2.478,3.255
16028,2.473,3.255
16029,2.483,3.255
16030,2.488,3.255
16031,2.473,3.255
16032,2.454,3.255
16033,2.429,3.255
16034,2.410,3.255
16035,2.390,3.255
16036,2.375,3.255
16037,2.370,3.255
16038,2.366,3.255
16039,2.361,3.255
16040,2.351,3.255
16041,2.346,3.255
16042,2.385,3.255
16043,2.527,3.250
16044,2.708,3.255
16045,2.815,3.250
16046,2.825,3.255
16047,2.757,3.250
16048,2.678,3.255
16049,2.630,3.250
16050,2.586,3.255
16051,2.551,3.255
16052,2.537,3.255
16053,2.532,3.255
16054,2.537,3.255
16055,2.527,3.255
16056,2.512,3.250
16057,2.478,3.255
16058,2.454,3.255
16059,2.429,3.255
16060,2.410,3.255
16061,2.385,3.255
16062,2.370,3.255
16063,2.366,3.255
16064,2.356,3.255
16065,2.341,3.255
16066,2.341,3.255
16067,2.370,3.255
16068,2.502,3.250
16069,2.713,3.255
16070,2.874,3.255
16071,2.913,3.255
16072,2.859,3.255
16073,2.776,3.255
16074,2.708,3.255
16075,2.659,3.255
16076,2.620,3.255
16077,2.595,3.250
16078,2.600,3.255
16079,2.610,3.255
16080,2.605,3.255
16081,2.581,3.255
16082,2.546,3.255
16083,2.507,3.250
16084,2.468,3.255
16085,2.449,3.250
16086,2.449,3.255
16087,2.458,3.255
16088,2.483,3.250
16089,2.502,3.250
16090,2.502,3.250
16091,2.483,3.255
16092,2.483,3.250
16093,2.595,3.255
16094,2.815,3.250
16095,2.986,3.255
16096,3.045,3.250
16097,3.006,3.255
16098,2.913,3.250
16099,2.820,3.255
16100,2.747,3.250
16101,2.683,3.255
16102,2.634,3.250
16103,2.605,3.255
16104,2.595,3.250
16105,2.600,3.250
16106,2.581,3.255
16107,2.546,3.250
16108,2.488,3.255
16109,2.424,3.250
16110,2.375,3.255
16111,2.356,3.250
16112,2.351,3.255
16113,2.346,3.250
16114,2.331,3.255
16115,2.361,3.250
16116,2.498,3.255
16117,2.698,3.250
16118,2.825,3.255
16119,2.840,3.250
16120,2.757,3.250
16121,2.674,3.250
16122,2.605,3.250
16123,2.537,3.255
16124,2.488,3.250
16125,2.468,3.255
16126,2.473,3.250
16127,2.478,3.255
16128,2.478,3.255
16129,2.454,3.255
16130,2.429,3.255
16131,2.410,3.250
16132,2.390,3.255
16133,2.370,3.250
16134,2.370,3.255
16135,2.366,3.250
16136,2.351,3.255
16137,2.331,3.250
16138,2.312,3.255
16139,2.346,3.250
16140,2.512,3.255
16141,2.722,3.255
16142,2.830,3.255
16143,2.820,3.255
16144,2.727,3.255
16145,2.634,3.255
16146,2.581,3.255
16147,2.542,3.255
16148,2.512,3.255
16149,2.527,3.255
16150,2.551,3.255
16151,2.561,3.255
16152,2.551,3.255
16153,2.507,3.255
16154,2.468,3.255
16155,2.434,3.255
16156,2.405,3.255
16157,2.395,3.255
16158,2.385,3.255
16159,2.380,3.255
16160,2.385,3.255
16161,2.473,3.255
16162,2.669,3.255
16163,2.859,3.255
16164,2.933,3.255
16165,2.893,3.255
16166,2.796,3.255
16167,2.693,3.255
16168,2.620,3.255
16169,2.566,3.250
16170,2.527,3.255
16171,2.522,3.255
16172,2.527,3.255
16173,2.517,3.250
16174,2.502,3.255
16175,2.473,3.255
16176,2.434,3.255
16177,2.410,3.255
16178,2.385,3.255
16179,2.375,3.255
16180,2.366,3.255
16181,2.356,3.255
16182,2.341,3.255
16183,2.336,3.255
16184,2.419,3.255
16185,2.664,3.255
16186,2.879,3.255
16187,2.962,3.255
16188,2.923,3.255
16189,2.820,3.255
16190,2.727,3.250
16191,2.659,3.255
16192,2.600,3.255
16193,2.556,3.255
16194,2.532,3.255
16195,2.532,3.255
16196,2.537,3.255
16197,2.522,3.255
16198,2.493,3.255
16199,2.458,3.255
16200,2.429,3.255
16201,2.405,3.255
16202,2.380,3.255
16203,2.370,3.255
16204,2.356,3.255
16205,2.341,3.255
16206,2.326,3.255
16207,2.322,3.255
16208,2.312,3.255
16209,2.297,3.255
16210,2.312,3.255
16211,2.463,3.255
16212,2.757,3.255
16213,2.942,3.255
16214,2.981,3.255
16215,2.903,3.255
16216,2.791,3.255
16217,2.708,3.255
16218,2.649,3.255
16219,2.605,3.255
16220,2.571,3.255
16221,2.551,3.255
16222,2.542,3.255
16223,2.542,3.255
16224,2.527,3.255
16225,2.498,3.255
16226,2.463,3.255
16227,2.434,3.255
16228,2.410,3.255
16229,2.390,3.255
16230,2.380,3.255
16231,2.370,3.255
16232,2.361,3.255
16233,2.341,3.255
16234,2.326,3.255
16235,2.312,3.255
16236,2.307,3.255
16237,2.302,3.255
16238,2.331,3.255
16239,2.507,3.255
16240,2.757,3.255
16241,2.937,3.255
16242,2.981,3.255
16243,2.908,3.255
16244,2.791,3.255
16245,2.693,3.255
16246,2.625,3.255
16247,2.566,3.255
16248,2.522,3.255
16249,2.507,3.255
16250,2.502,3.255
16251,2.493,3.255
16252,2.478,3.255
16253,2.449,3.255
16254,2.429,3.255
16255,2.410,3.255
16256,2.385,3.255
16257,2.370,3.255
16258,2.356,3.255
16259,2.351,3.255
16260,2.341,3.255
16261,2.331,3.255
16262,2.322,3.255
16263,2.317,3.255
16264,2.312,3.255
16265,2.356,3.255
16266,2.561,3.255
16267,2.791,3.255
16268,2.923,3.255
16269,2.913,3.255
16270,2.820,3.255
16271,2.703,3.255
16272,2.620,3.255
16273,2.571,3.255
16274,2.537,3.255
16275,2.517,3.255
16276,2.517,3.255
16277,2.522,3.255
16278,2.527,3.255
16279,2.507,3.255
16280,2.468,3.255
16281,2.439,3.255
16282,2.410,3.255
16283,2.390,3.255
16284,2.370,3.255
16285,2.356,3.255
16286,2.346,3.255
16287,2.341,3.255
16288,2.331,3.255
16289,2.322,3.255
16290,2.322,3.255
16291,2.395,3.255
16292,2.581,3.255
16293,2.820,3.255
16294,2.923,3.255
16295,2.893,3.255
16296,2.796,3.255
16297,2.698,3.255
16298,2.630,3.255
16299,2.571,3.255
16300,2.532,3.255
16301,2.522,3.255
16302,2.522,3.255
16303,2.522,3.255
16304,2.517,3.255
16305,2.483,3.255
16306,2.439,3.255
16307,2.405,3.255
16308,2.385,3.255
16309,2.380,3.255
16310,2.366,3.255
16311,2.356,3.255
16312,2.351,3.255
16313,2.336,3.255
16314,2.322,3.255
16315,2.307,3.255
16316,2.297,3.255
16317,2.297,3.255
16318,2.361,3.255
16319,2.556,3.255
16320,2.766,3.255
16321,2.908,3.255
16322,2.918,3.255
16323,2.840,3.255
16324,2.732,3.255
16325,2.649,3.255
16326,2.590,3.255
16327,2.542,3.255
16328,2.512,3.255
16329,2.502,3.255
16330,2.512,3.255
16331,2.502,3.255
16332,2.493,3.255
16333,2.483,3.255
16334,2.463,3.255
16335,2.439,3.255
16336,2.419,3.255
16337,2.410,3.255
16338,2.405,3.255
16339,2.395,3.255
16340,2.395,3.255
16341,2.400,3.255
16342,2.395,3.255
16343,2.390,3.255
16344,2.380,3.255
16345,2.366,3.255
16346,2.424,3.255
16347,2.610,3.255
16348,2.825,3.255
16349,2.947,3.255
16350,2.937,3.255
16351,2.840,3.255
16352,2.737,3.255
16353,2.659,3.255
16354,2.605,3.255
16355,2.566,3.255
16356,2.542,3.255
16357,2.542,3.255
16358,2.546,3.255
16359,2.542,3.255
16360,2.522,3.255
16361,2.488,3.255
16362,2.454,3.255
16363,2.419,3.255
16364,2.400,3.255
16365,2.380,3.255
16366,2.366,3.255
16367,2.351,3.255
16368,2.331,3.255
16369,2.322,3.255
16370,2.297,3.255
16371,2.273,3.255
16372,2.287,3.255
16373,2.419,3.255
16374,2.644,3.255
16375,2.815,3.255
16376,2.840,3.255
16377,2.771,3.255
16378,2.674,3.255
16379,2.590,3.255
16380,2.537,3.255
16381,2.502,3.255
16382,2.483,3.255
16383,2.478,3.255
16384,2.483,3.255
16385,2.478,3.255
16386,2.468,3.255
16387,2.439,3.255
16388,2.410,3.255
16389,2.390,3.255
16390,2.370,3.255
16391,2.366,3.255
16392,2.366,3.255
16393,2.361,3.255
16394,2.351,3.255
16395,2.346,3.255
16396,2.351,3.255
16397,2.434,3.255
16398,2.610,3.255
16399,2.781,3.255
16400,2.854,3.255
16401,2.815,3.255
16402,2.732,3.255
16403,2.654,3.255
16404,2.590,3.255
16405,2.546,3.255
16406,2.512,3.255
16407,2.512,3.255
16408,2.517,3.255
16409,2.522,3.255
16410,2.507,3.255
16411,2.483,3.255
16412,2.449,3.255
16413,2.424,3.255
16414,2.405,3.255
16415,2.395,3.255
16416,2.385,3.255
16417,2.380,3.255
16418,2.380,3.255
16419,2.429,3.255
16420,2.586,3.255
16421,2.766,3.255
16422,2.884,3.255
16423,2.898,3.255
16424,2.825,3.255
16425,2.732,3.255
16426,2.664,3.255
16427,2.615,3.255
16428,2.571,3.255
16429,2.546,3.255
16430,2.537,3.255
16431,2.537,3.255
16432,2.527,3.255
16433,2.498,3.255
16434,2.468,3.255
16435,2.439,3.255
16436,2.414,3.255
16437,2.390,3.255
16438,2.366,3.255
16439,2.351,3.255
16440,2.341,3.255
16441,2.331,3.255
16442,2.331,3.255
16443,2.385,3.255
16444,2.546,3.255
16445,2.737,3.255
16446,2.854,3.255
16447,2.845,3.255
16448,2.761,3.255
16449,2.678,3.255
16450,2.625,3.255
16451,2.586,3.255
16452,2.542,3.255
16453,2.517,3.255
16454,2.502,3.255
16455,2.502,3.255
16456,2.493,3.255
16457,2.468,3.255
16458,2.444,3.255
16459,2.424,3.255
16460,2.410,3.255
16461,2.395,3.255
16462,2.385,3.255
16463,2.370,3.255
16464,2.356,3.255
16465,2.346,3.255
16466,2.336,3.255
16467,2.331,3.255
16468,2.317,3.255
16469,2.351,3.255
16470,2.483,3.255
16471,2.659,3.255
16472,2.771,3.255
16473,2.776,3.255
16474,2.713,3.255
16475,2.634,3.255
16476,2.571,3.255
16477,2.537,3.255
16478,2.493,3.255
16479,2.468,3.255
16480,2.463,3.255
16481,2.454,3.255
16482,2.454,3.255
16483,2.439,3.255
16484,2.419,3.255
16485,2.400,3.255
16486,2.375,3.255
16487,2.366,3.255
16488,2.351,3.255
16489,2.341,3.255
16490,2.331,3.255
16491,2.317,3.255
16492,2.302,3.255
16493,2.297,3.255
16494,2.292,3.255
16495,2.287,3.255
16496,2.287,3.255
16497,2.346,3.255
16498,2.473,3.255
16499,2.595,3.255
16500,2.649,3.255
16501,2.625,3.255
16502,2.566,3.255
16503,2.512,3.255
16504,2.473,3.255
16505,2.444,3.255
16506,2.419,3.255
16507,2.405,3.255
16508,2.400,3.255
16509,2.390,3.255
16510,2.385,3.255
16511,2.366,3.255
16512,2.361,3.255
16513,2.346,3.255
16514,2.336,3.255
16515,2.326,3.255
16516,2.317,3.255
16517,2.312,3.255
16518,2.307,3.255
16519,2.292,3.255
16520,2.287,3.255
16521,2.287,3.255
16522,2.283,3.255
16523,2.292,3.255
16524,2.341,3.255
16525,2.424,3.255
16526,2.502,3.255
16527,2.532,3.255
16528,2.507,3.255
16529,2.468,3.255
16530,2.434,3.255
16531,2.410,3.255
16532,2.385,3.255
16533,2.380,3.255
16534,2.375,3.255
16535,2.390,3.255
16536,2.395,3.255
16537,2.385,3.255
16538,2.370,3.255
16539,2.361,3.255
16540,2.346,3.255
16541,2.331,3.255
16542,2.322,3.255
16543,2.326,3.255
16544,2.331,3.255
16545,2.322,3.255
16546,2.322,3.255
16547,2.317,3.255
16548,2.317,3.255
16549,2.356,3.255
16550,2.434,3.255
16551,2.493,3.255
16552,2.517,3.255
16553,2.502,3.255
16554,2.468,3.255
16555,2.439,3.255
16556,2.424,3.255
16557,2.405,3.255
16558,2.395,3.255
16559,2.400,3.255
16560,2.410,3.255
16561,2.419,3.255
16562,2.410,3.260
16563,2.395,3.255
16564,2.375,3.260
16565,2.361,3.255
16566,2.351,3.255
16567,2.341,3.255
16568,2.331,3.255
16569,2.322,3.255
16570,2.317,3.255
16571,2.317,3.255
16572,2.322,3.255
16573,2.322,3.255
16574,2.336,3.255
16575,2.341,3.255
16576,2.356,3.255
16577,2.400,3.255
16578,2.463,3.255
16579,2.512,3.255
16580,2.517,3.255
16581,2.488,3.255
16582,2.454,3.255
16583,2.429,3.260
16584,2.414,3.255
16585,2.405,3.255
16586,2.400,3.255
16587,2.395,3.255
16588,2.400,3.255
16589,2.395,3.255
16590,2.390,3.255
16591,2.385,3.255
16592,2.380,3.255
16593,2.370,3.255
16594,2.366,3.255
16595,2.361,3.255
16596,2.351,3.260
16597,2.341,3.255
16598,2.336,3.255
16599,2.336,3.255
16600,2.336,3.255
16601,2.326,3.255
16602,2.341,3.255
16603,2.395,3.255
16604,2.483,3.255
16605,2.556,3.255
16606,2.571,3.255
16607,2.551,3.255
16608,2.507,3.255
16609,2.478,3.255
16610,2.458,3.255
16611,2.434,3.255
16612,2.419,3.255
16613,2.419,3.260
16614,2.419,3.255
16615,2.424,3.255
16616,2.419,3.255
16617,2.414,3.255
16618,2.410,3.255
16619,2.400,3.255
16620,2.390,3.255
16621,2.380,3.255
16622,2.380,3.255
16623,2.380,3.255
16624,2.375,3.255
16625,2.375,3.255
16626,2.424,3.255
16627,2.527,3.255
16628,2.620,3.255
16629,2.669,3.255
16630,2.659,3.255
16631,2.620,3.255
16632,2.586,3.255
16633,2.551,3.255
16634,2.517,3.255
16635,2.498,3.260
16636,2.488,3.255
16637,2.498,3.260
16638,2.512,3.255
16639,2.522,3.255
16640,2.507,3.255
16641,2.483,3.260
16642,2.468,3.255
16643,2.449,3.255
16644,2.439,3.255
16645,2.434,3.255
16646,2.429,3.255
16647,2.424,3.255
16648,2.444,3.255
16649,2.527,3.255
16650,2.678,3.255
16651,2.796,3.255
16652,2.845,3.255
16653,2.825,3.255
16654,2.776,3.255
16655,2.727,3.255
16656,2.688,3.255
16657,2.644,3.255
16658,2.610,3.255
16659,2.595,3.255
16660,2.600,3.255
16661,2.600,3.255
16662,2.595,3.255
16663,2.571,3.255
16664,2.542,3.255
16665,2.512,3.255
16666,2.493,3.255
16667,2.478,3.255
16668,2.463,3.255
16669,2.458,3.260
16670,2.444,3.255
16671,2.439,3.260
16672,2.498,3.255
16673,2.649,3.255
16674,2.830,3.255
16675,2.933,3.255
16676,2.937,3.255
16677,2.874,3.255
16678,2.801,3.255
16679,2.742,3.255
16680,2.698,3.255
16681,2.664,3.255
16682,2.639,3.255
16683,2.630,3.255
16684,2.630,3.260
16685,2.625,3.255
16686,2.610,3.260
16687,2.581,3.255
16688,2.546,3.255
16689,2.517,3.255
16690,2.498,3.260
16691,2.488,3.255
16692,2.473,3.260
16693,2.468,3.255
16694,2.463,3.260
16695,2.444,3.255
16696,2.429,3.255
16697,2.478,3.260
16698,2.625,3.255
16699,2.820,3.255
16700,2.942,3.255
16701,2.962,3.260
16702,2.893,3.255
16703,2.805,3.260
16704,2.737,3.255
16705,2.688,3.260
16706,2.649,3.255
16707,2.620,3.260
16708,2.615,3.255
16709,2.634,3.255
16710,2.639,3.255
16711,2.630,3.255
16712,2.610,3.255
16713,2.576,3.255
16714,2.537,3.255
16715,2.507,3.255
16716,2.478,3.260
16717,2.454,3.255
16718,2.439,3.260
16719,2.439,3.255
16720,2.522,3.255
16721,2.703,3.255
16722,2.884,3.260
16723,2.972,3.255
16724,2.947,3.255
16725,2.884,3.255
16726,2.810,3.255
16727,2.742,3.255
16728,2.688,3.255
16729,2.654,3.255
16730,2.654,3.255
16731,2.664,3.255
16732,2.674,3.255
16733,2.659,3.255
16734,2.615,3.255
16735,2.566,3.255
16736,2.522,3.255
16737,2.488,3.260
16738,2.473,3.255
16739,2.468,3.260
16740,2.463,3.255
16741,2.454,3.260
16742,2.454,3.255
16743,2.468,3.255
16744,2.561,3.255
16745,2.757,3.255
16746,2.957,3.255
16747,3.055,3.255
16748,3.040,3.260
16749,2.952,3.255
16750,2.859,3.260
16751,2.786,3.255
16752,2.732,3.255
16753,2.683,3.260
16754,2.634,3.255
16755,2.605,3.260
16756,2.581,3.255
16757,2.566,3.260
16758,2.551,3.255
16759,2.527,3.260
16760,2.507,3.255
16761,2.478,3.260
16762,2.454,3.255
16763,2.444,3.260
16764,2.434,3.255
16765,2.419,3.260
16766,2.405,3.255
16767,2.395,3.260
16768,2.429,3.255
16769,2.581,3.255
16770,2.786,3.255
16771,2.918,3.255
16772,2.933,3.260
16773,2.864,3.255
16774,2.781,3.260
16775,2.713,3.255
16776,2.664,3.255
16777,2.615,3.255
16778,2.581,3.255
16779,2.566,3.255
16780,2.571,3.255
16781,2.566,3.255
16782,2.561,3.255
16783,2.542,3.255
16784,2.502,3.255
16785,2.473,3.260
16786,2.454,3.255
16787,2.449,3.260
16788,2.439,3.255
16789,2.434,3.260
16790,2.434,3.255
16791,2.463,3.260
16792,2.600,3.255
16793,2.786,3.260
16794,2.898,3.255
16795,2.898,3.260
16796,2.835,3.255
16797,2.747,3.260
16798,2.669,3.255
16799,2.600,3.260
16800,2.551,3.255
16801,2.542,3.260
16802,2.551,3.255
16803,2.566,3.260
16804,2.561,3.255
16805,2.532,3.255
16806,2.507,3.260
16807,2.478,3.255
16808,2.454,3.260
16809,2.434,3.255
16810,2.414,3.260
16811,2.410,3.255
16812,2.400,3.260
16813,2.390,3.255
16814,2.380,3.260
16815,2.380,3.255
16816,2.473,3.260
16817,2.669,3.255
16818,2.864,3.260
16819,2.957,3.260
16820,2.933,3.260
16821,2.845,3.260
16822,2.766,3.255
16823,2.713,3.260
16824,2.664,3.255
16825,2.615,3.260
16826,2.581,3.255
16827,2.566,3.260
16828,2.566,3.255
16829,2.561,3.260
16830,2.542,3.255
16831,2.507,3.260
16832,2.463,3.255
16833,2.434,3.260
16834,2.410,3.255
16835,2.390,3.260
16836,2.380,3.255
16837,2.380,3.260
16838,2.370,3.255
16839,2.361,3.260
16840,2.351,3.255
16841,2.380,3.260
16842,2.522,3.255
16843,2.727,3.260
16844,2.884,3.255
16845,2.923,3.260
16846,2.874,3.255
16847,2.786,3.260
16848,2.708,3.260
16849,2.649,3.255
16850,2.600,3.260
16851,2.561,3.255
16852,2.546,3.260
16853,2.546,3.255
16854,2.542,3.260
16855,2.527,3.255
16856,2.507,3.260
16857,2.478,3.255
16858,2.444,3.260
16859,2.424,3.260
16860,2.410,3.260
16861,2.390,3.260
16862,2.375,3.255
16863,2.366,3.260
16864,2.361,3.255
16865,2.351,3.260
16866,2.336,3.255
16867,2.331,3.260
16868,2.385,3.255
16869,2.542,3.260
16870,2.737,3.255
16871,2.874,3.260
16872,2.893,3.255
16873,2.825,3.260
16874,2.737,3.255
16875,2.674,3.260
16876,2.630,3.255
16877,2.581,3.260
16878,2.551,3.260
16879,2.546,3.255
16880,2.542,3.260
16881,2.522,3.255
16882,2.498,3.260
16883,2.468,3.255
16884,2.449,3.260
16885,2.424,3.260
16886,2.405,3.260
16887,2.380,3.260
16888,2.361,3.255
16889,2.341,3.260
16890,2.326,3.255
16891,2.317,3.260
16892,2.312,3.255
16893,2.302,3.260
16894,2.322,3.255
16895,2.405,3.260
16896,2.576,3.255
16897,2.761,3.260
16898,2.854,3.255
16899,2.830,3.260
16900,2.732,3.255
16901,2.634,3.260
16902,2.561,3.260
16903,2.507,3.260
16904,2.478,3.260
16905,2.463,3.260
16906,2.463,3.260
16907,2.468,3.260
16908,2.468,3.260
16909,2.458,3.260
16910,2.434,3.260
16911,2.410,3.260
16912,2.390,3.260
16913,2.380,3.260
16914,2.366,3.260
16915,2.356,3.260
16916,2.351,3.260
16917,2.346,3.260
16918,2.351,3.260
16919,2.390,3.260
16920,2.522,3.255
16921,2.703,3.260
16922,2.830,3.255
16923,2.845,3.260
16924,2.781,3.255
16925,2.688,3.260
16926,2.605,3.255
16927,2.546,3.260
16928,2.507,3.255
16929,2.493,3.260
16930,2.507,3.255
16931,2.517,3.260
16932,2.512,3.255
16933,2.483,3.260
16934,2.449,3.260
16935,2.419,3.260
16936,2.400,3.260
16937,2.380,3.260
16938,2.370,3.260
16939,2.361,3.260
16940,2.351,3.260
16941,2.346,3.255
16942,2.341,3.260
16943,2.366,3.255
16944,2.498,3.260
16945,2.703,3.255
16946,2.859,3.260
16947,2.898,3.260
16948,2.840,3.260
16949,2.737,3.260
16950,2.649,3.260
16951,2.586,3.260
16952,2.546,3.260
16953,2.522,3.260
16954,2.507,3.260
16955,2.512,3.260
16956,2.512,3.255
16957,2.498,3.260
16958,2.473,3.260
16959,2.434,3.260
16960,2.400,3.260
16961,2.370,3.260
16962,2.361,3.255
16963,2.346,3.260
16964,2.341,3.255
16965,2.326,3.260
16966,2.317,3.260
16967,2.312,3.255
16968,2.351,3.260
16969,2.502,3.255
16970,2.717,3.260
16971,2.879,3.260
16972,2.923,3.260
16973,2.854,3.260
16974,2.761,3.260
16975,2.683,3.260
16976,2.634,3.260
16977,2.595,3.255
16978,2.571,3.260
16979,2.561,3.255
16980,2.556,3.260
16981,2.542,3.260
16982,2.517,3.260
16983,2.488,3.260
16984,2.468,3.260
16985,2.439,3.260
16986,2.419,3.260
16987,2.400,3.260
16988,2.390,3.260
16989,2.380,3.260
16990,2.366,3.260
16991,2.351,3.260
16992,2.346,3.260
16993,2.356,3.260
16994,2.444,3.260
16995,2.630,3.260
16996,2.830,3.260
16997,2.913,3.260
16998,2.884,3.260
16999,2.781,3.260
17000,2.678,3.260
17001,2.610,3.260
17002,2.556,3.260
17003,2.517,3.260
17004,2.512,3.260
17005,2.512,3.260
17006,2.517,3.260
17007,2.507,3.260
17008,2.483,3.260
17009,2.454,3.260
17010,2.419,3.260
17011,2.400,3.260
17012,2.385,3.260
17013,2.370,3.260
17014,2.366,3.260
17015,2.356,3.260
17016,2.341,3.260
17017,2.336,3.260
17018,2.322,3.260
17019,2.322,3.260
17020,2.410,3.260
17021,2.595,3.260
17022,2.776,3.260
17023,2.840,3.260
17024,2.805,3.260
17025,2.713,3.260
17026,2.620,3.260
17027,2.546,3.260
17028,2.498,3.260
17029,2.468,3.260
17030,2.449,3.260
17031,2.449,3.260
17032,2.444,3.260
17033,2.424,3.255
17034,2.400,3.260
17035,2.366,3.255
17036,2.346,3.260
17037,2.322,3.260
17038,2.302,3.260
17039,2.292,3.260
17040,2.278,3.260
17041,2.268,3.260
17042,2.258,3.260
17043,2.253,3.260
17044,2.253,3.260
17045,2.287,3.260
17046,2.395,3.260
17047,2.551,3.260
17048,2.634,3.255
17049,2.620,3.260
17050,2.546,3.255
17051,2.473,3.260
17052,2.419,3.260
17053,2.380,3.260
17054,2.356,3.260
17055,2.356,3.260
17056,2.366,3.260
17057,2.370,3.260
17058,2.370,3.260
17059,2.366,3.260
17060,2.351,3.260
17061,2.336,3.260
17062,2.322,3.260
17063,2.322,3.260
17064,2.312,3.260
17065,2.302,3.260
17066,2.292,3.260
17067,2.307,3.260
17068,2.375,3.260
17069,2.502,3.255
17070,2.595,3.260
17071,2.620,3.255
17072,2.581,3.260
17073,2.522,3.255
17074,2.454,3.260
17075,2.414,3.260
17076,2.390,3.260
17077,2.385,3.260
17078,2.395,3.260
17079,2.410,3.260
17080,2.405,3.260
17081,2.395,3.260
17082,2.370,3.255
17083,2.346,3.260
17084,2.326,3.260
17085,2.317,3.260
17086,2.312,3.260
17087,2.307,3.260
17088,2.297,3.260
17089,2.302,3.260
17090,2.366,3.260
17091,2.478,3.260
17092,2.576,3.260
17093,2.605,3.260
17094,2.576,3.260
17095,2.522,3.260
17096,2.468,3.260
17097,2.439,3.260
17098,2.410,3.260
17099,2.390,3.260
17100,2.395,3.260
17101,2.405,3.260
17102,2.419,3.260
17103,2.419,3.260
17104,2.405,3.260
17105,2.390,3.260
17106,2.370,3.260
17107,2.356,3.260
17108,2.341,3.260
17109,2.331,3.260
17110,2.331,3.260
17111,2.331,3.260
17112,2.322,3.260
17113,2.336,3.260
17114,2.419,3.260
17115,2.527,3.260
17116,2.600,3.260
17117,2.600,3.260
17118,2.566,3.255
17119,2.507,3.260
17120,2.473,3.260
17121,2.454,3.260
17122,2.424,3.260
17123,2.414,3.260
17124,2.419,3.260
17125,2.429,3.260
17126,2.434,3.260
17127,2.429,3.260
17128,2.410,3.260
17129,2.400,3.260
17130,2.395,3.260
17131,2.380,3.260
17132,2.370,3.260
17133,2.361,3.260
17134,2.346,3.260
17135,2.336,3.260
17136,2.326,3.260
17137,2.322,3.260
17138,2.351,3.260
17139,2.454,3.260
17140,2.581,3.255
17141,2.659,3.260
17142,2.664,3.260
17143,2.625,3.260
17144,2.571,3.260
17145,2.527,3.260
17146,2.493,3.260
17147,2.468,3.260
17148,2.449,3.260
17149,2.454,3.260
17150,2.454,3.260
17151,2.454,3.260
17152,2.434,3.260
17153,2.419,3.260
17154,2.400,3.260
17155,2.390,3.260
17156,2.375,3.260
17157,2.366,3.260
17158,2.361,3.260
17159,2.351,3.260
17160,2.346,3.260
17161,2.346,3.260
17162,2.346,3.260
17163,2.341,3.260
17164,2.346,3.260
17165,2.410,3.260
17166,2.546,3.260
17167,2.669,3.260
17168,2.722,3.260
17169,2.703,3.260
17170,2.644,3.260
17171,2.595,3.260
17172,2.571,3.260
17173,2.546,3.260
17174,2.517,3.260
17175,2.512,3.260
17176,2.522,3.260
17177,2.517,3.260
17178,2.502,3.260
17179,2.473,3.260
17180,2.449,3.260
17181,2.429,3.260
17182,2.405,3.260
17183,2.405,3.260
17184,2.400,3.260
17185,2.395,3.260
17186,2.395,3.260
17187,2.395,3.260
17188,2.380,3.260
17189,2.380,3.260
17190,2.434,3.260
17191,2.571,3.260
17192,2.722,3.260
17193,2.810,3.260
17194,2.801,3.260
17195,2.747,3.260
17196,2.688,3.260
17197,2.639,3.260
17198,2.600,3.260
17199,2.561,3.260
17200,2.551,3.260
17201,2.556,3.260
17202,2.561,3.260
17203,2.551,3.260
17204,2.537,3.260
17205,2.512,3.260
17206,2.478,3.260
17207,2.458,3.260
17208,2.444,3.260
17209,2.444,3.260
17210,2.434,3.260
17211,2.429,3.260
17212,2.419,3.260
17213,2.414,3.260
17214,2.488,3.260
17215,2.654,3.260
17216,2.830,3.260
17217,2.923,3.260
17218,2.913,3.260
17219,2.845,3.260
17220,2.771,3.260
17221,2.727,3.260
17222,2.688,3.260
17223,2.644,3.260
17224,2.625,3.260
17225,2.620,3.260
17226,2.620,3.260
17227,2.605,3.260
17228,2.586,3.260
17229,2.556,3.260
17230,2.527,3.260
17231,2.498,3.260
17232,2.483,3.260
17233,2.478,3.260
17234,2.468,3.260
17235,2.463,3.260
17236,2.449,3.260
17237,2.439,3.260
17238,2.419,3.260
17239,2.410,3.260
17240,2.478,3.260
17241,2.664,3.260
17242,2.864,3.260
17243,2.972,3.260
17244,2.962,3.260
17245,2.874,3.260
17246,2.791,3.260
17247,2.722,3.260
17248,2.669,3.260
17249,2.625,3.260
17250,2.605,3.260
17251,2.600,3.260
17252,2.595,3.260
17253,2.581,3.260
17254,2.556,3.260
17255,2.517,3.260
17256,2.488,3.260
17257,2.458,3.260
17258,2.439,3.260
17259,2.424,3.260
17260,2.414,3.260
17261,2.405,3.260
17262,2.395,3.260
17263,2.385,3.260
17264,2.380,3.260
17265,2.366,3.260
17266,2.366,3.260
17267,2.405,3.260
17268,2.556,3.260
17269,2.757,3.260
17270,2.908,3.260
17271,2.933,3.260
17272,2.874,3.260
17273,2.781,3.260
17274,2.713,3.260
17275,2.659,3.260
17276,2.615,3.260
17277,2.590,3.260
17278,2.586,3.260
17279,2.586,3.260
17280,2.586,3.260
17281,2.561,3.260
17282,2.537,3.260
17283,2.507,3.260
17284,2.478,3.260
17285,2.454,3.260
17286,2.444,3.260
17287,2.434,3.260
17288,2.429,3.260
17289,2.414,3.260
17290,2.400,3.260
17291,2.390,3.260
17292,2.380,3.260
17293,2.375,3.260
17294,2.439,3.260
17295,2.615,3.260
17296,2.820,3.260
17297,2.942,3.260
17298,2.942,3.260
17299,2.869,3.260
17300,2.776,3.260
17301,2.717,3.260
17302,2.678,3.260
17303,2.634,3.260
17304,2.600,3.260
17305,2.581,3.260
17306,2.571,3.260
17307,2.561,3.260
17308,2.537,3.260
17309,2.507,3.260
17310,2.478,3.260
17311,2.454,3.260
17312,2.439,3.260
17313,2.429,3.260
17314,2.414,3.260
17315,2.395,3.260
17316,2.385,3.260
17317,2.380,3.260
17318,2.375,3.260
17319,2.375,3.260
17320,2.361,3.260
17321,2.361,3.260
17322,2.424,3.260
17323,2.595,3.260
17324,2.786,3.260
17325,2.893,3.260
17326,2.893,3.260
17327,2.815,3.260
17328,2.722,3.260
17329,2.654,3.260
17330,2.605,3.260
17331,2.576,3.260
17332,2.561,3.260
17333,2.551,3.260
17334,2.551,3.260
17335,2.542,3.260
17336,2.527,3.260
17337,2.502,3.260
17338,2.478,3.260
17339,2.458,3.260
17340,2.439,3.260
17341,2.429,3.260
17342,2.429,3.260
17343,2.414,3.260
17344,2.410,3.260
17345,2.400,3.260
17346,2.385,3.260
17347,2.385,3.260
17348,2.444,3.260
17349,2.615,3.260
17350,2.796,3.260
17351,2.889,3.260
17352,2.884,3.260
17353,2.810,3.260
17354,2.722,3.260
17355,2.654,3.260
17356,2.610,3.260
17357,2.576,3.260
17358,2.566,3.260
17359,2.571,3.260
17360,2.576,3.260
17361,2.561,3.260
17362,2.532,3.260
17363,2.507,3.260
17364,2.483,3.260
17365,2.473,3.260
17366,2.458,3.260
17367,2.444,3.260
17368,2.434,3.260
17369,2.419,3.260
17370,2.400,3.260
17371,2.385,3.260
17372,2.375,3.260
17373,2.370,3.260
17374,2.361,3.260
17375,2.400,3.260
17376,2.546,3.260
17377,2.761,3.260
17378,2.918,3.260
17379,2.962,3.260
17380,2.903,3.260
17381,2.796,3.260
17382,2.717,3.260
17383,2.669,3.260
17384,2.625,3.260
17385,2.595,3.260
17386,2.590,3.260
17387,2.586,3.260
17388,2.586,3.260
17389,2.566,3.260
17390,2.542,3.260
17391,2.512,3.260
17392,2.478,3.260
17393,2.463,3.260
17394,2.444,3.260
17395,2.434,3.260
17396,2.429,3.260
17397,2.414,3.260
17398,2.410,3.260
17399,2.400,3.260
17400,2.390,3.260
17401,2.410,3.260
17402,2.532,3.260
17403,2.737,3.260
17404,2.903,3.260
17405,2.967,3.260
17406,2.913,3.260
17407,2.815,3.260
17408,2.722,3.260
17409,2.659,3.260
17410,2.610,3.260
17411,2.576,3.260
17412,2.566,3.260
17413,2.566,3.260
17414,2.571,3.260
17415,2.561,3.260
17416,2.527,3.260
17417,2.493,3.260
17418,2.458,3.260
17419,2.429,3.260
17420,2.419,3.260
17421,2.410,3.260
17422,2.400,3.260
17423,2.390,3.260
17424,2.375,3.260
17425,2.366,3.260
17426,2.351,3.260
17427,2.370,3.260
17428,2.488,3.260
17429,2.703,3.260
17430,2.884,3.260
17431,2.957,3.260
17432,2.908,3.260
17433,2.815,3.260
17434,2.722,3.260
17435,2.669,3.260
17436,2.620,3.260
17437,2.600,3.260
17438,2.590,3.260
17439,2.595,3.260
17440,2.595,3.260
17441,2.586,3.260
17442,2.556,3.260
17443,2.517,3.260
17444,2.478,3.260
17445,2.454,3.260
17446,2.439,3.260
17447,2.434,3.260
17448,2.429,3.260
17449,2.419,3.260
17450,2.400,3.260
17451,2.375,3.260
17452,2.356,3.260
17453,2.405,3.260
17454,2.581,3.260
17455,2.791,3.260
17456,2.913,3.260
17457,2.908,3.260
17458,2.825,3.260
17459,2.722,3.260
17460,2.644,3.260
17461,2.600,3.260
17462,2.561,3.260
17463,2.537,3.260
17464,2.527,3.260
17465,2.532,3.260
17466,2.522,3.260
17467,2.498,3.260
17468,2.473,3.260
17469,2.449,3.260
17470,2.424,3.260
17471,2.405,3.260
17472,2.385,3.260
17473,2.385,3.260
17474,2.375,3.260
17475,2.366,3.260
17476,2.356,3.260
17477,2.366,3.260
17478,2.473,3.260
17479,2.669,3.260
17480,2.825,3.260
17481,2.864,3.260
17482,2.805,3.260
17483,2.703,3.260
17484,2.620,3.260
17485,2.556,3.260
17486,2.512,3.260
17487,2.483,3.260
17488,2.488,3.260
17489,2.498,3.260
17490,2.502,3.260
17491,2.488,3.260
17492,2.449,3.260
17493,2.414,3.260
17494,2.385,3.260
17495,2.366,3.260
17496,2.351,3.260
17497,2.336,3.260
17498,2.322,3.260
17499,2.307,3.260
17500,2.326,3.260
17501,2.454,3.260
17502,2.644,3.260
17503,2.776,3.260
17504,2.796,3.260
17505,2.732,3.260
17506,2.639,3.260
17507,2.571,3.260
17508,2.517,3.260
17509,2.478,3.260
17510,2.454,3.260
17511,2.454,3.260
17512,2.454,3.260
17513,2.449,3.260
17514,2.439,3.260
17515,2.405,3.260
17516,2.375,3.260
17517,2.351,3.260
17518,2.331,3.260
17519,2.322,3.260
17520,2.322,3.260
17521,2.317,3.260
17522,2.312,3.260
17523,2.312,3.260
17524,2.380,3.260
17525,2.532,3.260
17526,2.674,3.260
17527,2.732,3.260
17528,2.703,3.260
17529,2.625,3.260
17530,2.556,3.260
17531,2.502,3.260
17532,2.439,3.260
17533,2.400,3.260
17534,2.380,3.260
17535,2.380,3.260
17536,2.385,3.260
17537,2.370,3.260
17538,2.351,3.260
17539,2.331,3.260
17540,2.312,3.260
17541,2.297,3.260
17542,2.283,3.260
17543,2.273,3.260
17544,2.273,3.260
17545,2.258,3.260
17546,2.248,3.260
17547,2.239,3.260
17548,2.243,3.260
17549,2.297,3.260
17550,2.410,3.260
17551,2.517,3.260
17552,2.566,3.260
17553,2.551,3.260
17554,2.507,3.260
17555,2.463,3.260
17556,2.429,3.260
17557,2.400,3.260
17558,2.375,3.260
17559,2.366,3.260
17560,2.361,3.260
17561,2.361,3.260
17562,2.361,3.260
17563,2.346,3.260
17564,2.336,3.260
17565,2.326,3.260
17566,2.312,3.260
17567,2.302,3.260
17568,2.297,3.260
17569,2.292,3.260
17570,2.287,3.260
17571,2.283,3.260
17572,2.283,3.260
17573,2.278,3.260
17574,2.283,3.260
17575,2.322,3.260
17576,2.405,3.260
17577,2.468,3.260
17578,2.498,3.260
17579,2.488,3.260
17580,2.454,3.260
17581,2.419,3.260
17582,2.395,3.260
17583,2.370,3.260
17584,2.361,3.260
17585,2.356,3.260
17586,2.351,3.260
17587,2.351,3.260
17588,2.346,3.260
17589,2.336,3.260
17590,2.326,3.260
17591,2.312,3.260
17592,2.312,3.260
17593,2.307,3.260
17594,2.302,3.260
17595,2.297,3.260
17596,2.292,3.260
17597,2.297,3.260
17598,2.302,3.260
17599,2.302,3.260
17600,2.302,3.260
17601,2.302,3.260
17602,2.331,3.260
17603,2.400,3.260
17604,2.468,3.260
17605,2.502,3.260
17606,2.493,3.260
17607,2.468,3.260
17608,2.444,3.260
17609,2.429,3.260
17610,2.414,3.260
17611,2.400,3.260
17612,2.385,3.260
17613,2.385,3.260
17614,2.385,3.260
17615,2.385,3.260
17616,2.375,3.260
17617,2.370,3.260
17618,2.366,3.260
17619,2.356,3.260
17620,2.346,3.260
17621,2.351,3.260
17622,2.351,3.260
17623,2.351,3.260
17624,2.351,3.260
17625,2.341,3.260
17626,2.341,3.260
17627,2.336,3.260
17628,2.336,3.260
17629,2.336,3.260
17630,2.351,3.260
17631,2.390,3.260
17632,2.468,3.260
17633,2.517,3.260
17634,2.522,3.260
17635,2.483,3.260
17636,2.449,3.260
17637,2.429,3.260
17638,2.410,3.260
17639,2.400,3.260
17640,2.390,3.260
17641,2.400,3.260
17642,2.405,3.260
17643,2.410,3.260
17644,2.395,3.260
17645,2.380,3.260
17646,2.375,3.260
17647,2.380,3.260
17648,2.380,3.260
17649,2.380,3.260
17650,2.380,3.260
17651,2.380,3.260
17652,2.375,3.260
17653,2.380,3.260
17654,2.395,3.260
17655,2.458,3.260
17656,2.542,3.260
17657,2.600,3.260
17658,2.610,3.260
17659,2.590,3.260
17660,2.566,3.260
17661,2.537,3.260
17662,2.517,3.260
17663,2.502,3.260
17664,2.498,3.265
17665,2.507,3.260
17666,2.512,3.260
17667,2.507,3.260
17668,2.493,3.260
17669,2.478,3.260
17670,2.463,3.260
17671,2.454,3.260
17672,2.449,3.260
17673,2.434,3.260
17674,2.434,3.260
17675,2.429,3.265
17676,2.424,3.260
17677,2.434,3.265
17678,2.498,3.260
17679,2.605,3.260
17680,2.683,3.260
17681,2.713,3.260
17682,2.698,3.260
17683,2.669,3.260
17684,2.634,3.260
17685,2.610,3.260
17686,2.581,3.260
17687,2.561,3.260
17688,2.551,3.260
17689,2.556,3.260
17690,2.566,3.260
17691,2.566,3.260
17692,2.551,3.260
17693,2.532,3.260
17694,2.502,3.260
17695,2.478,3.260
17696,2.463,3.260
17697,2.449,3.260
17698,2.444,3.260
17699,2.439,3.260
17700,2.449,3.260
17701,2.517,3.260
17702,2.659,3.260
17703,2.805,3.260
17704,2.884,3.260
17705,2.884,3.260
17706,2.835,3.260
17707,2.776,3.260
17708,2.727,3.260
17709,2.678,3.260
17710,2.639,3.260
17711,2.610,3.260
17712,2.605,3.260
17713,2.595,3.260
17714,2.595,3.260
17715,2.581,3.260
17716,2.566,3.260
17717,2.546,3.260
17718,2.527,3.260
17719,2.507,3.260
17720,2.493,3.260
17721,2.483,3.260
17722,2.478,3.265
17723,2.473,3.260
17724,2.468,3.265
17725,2.517,3.260
17726,2.654,3.260
17727,2.810,3.260
17728,2.903,3.265
17729,2.898,3.260
17730,2.845,3.260
17731,2.781,3.260
17732,2.747,3.260
17733,2.722,3.260
17734,2.703,3.260
17735,2.688,3.260
17736,2.683,3.260
17737,2.688,3.260
17738,2.674,3.260
17739,2.649,3.260
17740,2.615,3.260
17741,2.590,3.260
17742,2.566,3.260
17743,2.561,3.260
17744,2.556,3.260
17745,2.542,3.260
17746,2.542,3.260
17747,2.522,3.260
17748,2.498,3.265
17749,2.522,3.260
17750,2.649,3.260
17751,2.820,3.260
17752,2.942,3.260
17753,2.957,3.260
17754,2.898,3.265
17755,2.820,3.260
17756,2.766,3.265
17757,2.737,3.260
17758,2.693,3.260
17759,2.674,3.260
17760,2.654,3.260
17761,2.630,3.260
17762,2.610,3.260
17763,2.590,3.260
17764,2.566,3.260
17765,2.542,3.260
17766,2.537,3.260
17767,2.527,3.265
17768,2.512,3.260
17769,2.493,3.265
17770,2.478,3.260
17771,2.458,3.265
17772,2.439,3.260
17773,2.414,3.265
17774,2.410,3.260
17775,2.473,3.265
17776,2.649,3.260
17777,2.820,3.260
17778,2.918,3.260
17779,2.908,3.260
17780,2.835,3.265
17781,2.757,3.260
17782,2.698,3.265
17783,2.644,3.260
17784,2.600,3.265
17785,2.566,3.260
17786,2.556,3.265
17787,2.551,3.260
17788,2.542,3.265
17789,2.522,3.260
17790,2.493,3.265
17791,2.468,3.260
17792,2.449,3.265
17793,2.439,3.260
17794,2.429,3.265
17795,2.414,3.260
17796,2.414,3.265
17797,2.410,3.260
17798,2.405,3.265
17799,2.424,3.260
17800,2.532,3.260
17801,2.713,3.260
17802,2.889,3.260
17803,2.923,3.265
17804,2.864,3.260
17805,2.771,3.265
17806,2.698,3.260
17807,2.634,3.265
17808,2.581,3.260
17809,2.546,3.260
17810,2.551,3.260
17811,2.556,3.260
17812,2.566,3.260
17813,2.556,3.260
17814,2.532,3.260
17815,2.502,3.260
17816,2.483,3.265
17817,2.463,3.260
17818,2.454,3.265
17819,2.444,3.260
17820,2.434,3.265
17821,2.419,3.260
17822,2.405,3.265
17823,2.454,3.260
17824,2.610,3.265
17825,2.791,3.260
17826,2.913,3.265
17827,2.918,3.260
17828,2.859,3.265
17829,2.771,3.265
17830,2.717,3.260
17831,2.659,3.265
17832,2.620,3.260
17833,2.595,3.265
17834,2.590,3.260
17835,2.581,3.265
17836,2.561,3.260
17837,2.542,3.265
17838,2.507,3.260
17839,2.473,3.265
17840,2.449,3.260
17841,2.439,3.265
17842,2.429,3.260
17843,2.424,3.265
17844,2.414,3.260
17845,2.395,3.265
17846,2.405,3.260
17847,2.502,3.260
17848,2.693,3.260
17849,2.864,3.260
17850,2.933,3.265
17851,2.898,3.260
17852,2.825,3.265
17853,2.752,3.260
17854,2.703,3.265
17855,2.654,3.260
17856,2.620,3.260
17857,2.610,3.260
17858,2.610,3.265
17859,2.600,3.260
17860,2.581,3.265
17861,2.546,3.260
17862,2.512,3.265
17863,2.478,3.260
17864,2.458,3.265
17865,2.444,3.260
17866,2.434,3.265
17867,2.419,3.260
17868,2.395,3.265
17869,2.380,3.260
17870,2.370,3.265
17871,2.434,3.260
17872,2.605,3.265
17873,2.796,3.260
17874,2.903,3.265
17875,2.898,3.265
17876,2.820,3.265
17877,2.732,3.265
17878,2.664,3.260
17879,2.610,3.265
17880,2.561,3.260
17881,2.532,3.265
17882,2.517,3.260
17883,2.527,3.265
17884,2.517,3.265
17885,2.507,3.260
17886,2.478,3.265
17887,2.444,3.260
17888,2.419,3.265
17889,2.410,3.260
17890,2.400,3.265
17891,2.395,3.260
17892,2.395,3.265
17893,2.395,3.265
17894,2.395,3.265
17895,2.454,3.265
17896,2.615,3.265
17897,2.801,3.260
17898,2.903,3.265
17899,2.903,3.260
17900,2.845,3.265
17901,2.761,3.260
17902,2.708,3.265
17903,2.649,3.260
17904,2.605,3.265
17905,2.581,3.265
17906,2.576,3.260
17907,2.586,3.265
17908,2.581,3.265
17909,2.556,3.265
17910,2.522,3.265
17911,2.493,3.265
17912,2.463,3.265
17913,2.444,3.265
17914,2.429,3.265
17915,2.424,3.265
17916,2.410,3.265
17917,2.395,3.265
17918,2.385,3.270
17919,2.458,3.270
17920,2.630,3.270
17921,2.815,3.270
17922,2.918,3.270
17923,2.908,3.270
17924,2.815,3.270
17925,2.717,3.270
17926,2.644,3.270
17927,2.590,3.270
17928,2.546,3.270
17929,2.532,3.270
17930,2.527,3.270
17931,2.512,3.265
17932,2.498,3.270
17933,2.473,3.270
17934,2.449,3.270
17935,2.419,3.270
17936,2.390,3.270
17937,2.370,3.270
17938,2.351,3.270
17939,2.331,3.270
17940,2.326,3.265
17941,2.331,3.265
17942,2.331,3.260
17943,2.351,3.265
17944,2.434,3.260
17945,2.610,3.260
17946,2.786,3.260
17947,2.874,3.260
17948,2.854,3.255
17949,2.776,3.260
17950,2.674,3.255
17951,2.605,3.260
17952,2.542,3.260
17953,2.493,3.260
17954,2.473,3.260
17955,2.458,3.255
17956,2.454,3.260
17957,2.444,3.255
17958,2.424,3.260
17959,2.410,3.255
17960,2.385,3.255
17961,2.366,3.255
17962,2.351,3.260
17963,2.346,3.255
17964,2.336,3.255
17965,2.331,3.255
17966,2.331,3.255
17967,2.346,3.255
17968,2.449,3.255
17969,2.615,3.255
17970,2.747,3.255
17971,2.781,3.255
17972,2.732,3.255
17973,2.649,3.255
17974,2.576,3.255
17975,2.517,3.255
17976,2.473,3.255
17977,2.454,3.255
17978,2.454,3.255
17979,2.454,3.255
17980,2.458,3.255
17981,2.454,3.255
17982,2.434,3.255
17983,2.410,3.255
17984,2.385,3.255
17985,2.366,3.255
17986,2.346,3.255
17987,2.336,3.255
17988,2.331,3.255
17989,2.331,3.255
17990,2.410,3.255
17991,2.566,3.255
17992,2.708,3.255
17993,2.771,3.255
17994,2.752,3.255
17995,2.683,3.255
17996,2.600,3.255
17997,2.537,3.255
17998,2.478,3.255
17999,2.439,3.255
18000,2.439,3.255
18001,2.449,3.255
18002,2.463,3.255
18003,2.458,3.255
18004,2.444,3.255
18005,2.419,3.255
18006,2.395,3.255
18007,2.375,3.255
18008,2.361,3.255
18009,2.351,3.255
18010,2.341,3.255
18011,2.331,3.255
18012,2.370,3.255
18013,2.493,3.255
18014,2.664,3.255
18015,2.786,3.255
18016,2.815,3.255
18017,2.766,3.255
18018,2.688,3.255
18019,2.620,3.255
18020,2.561,3.255
18021,2.512,3.255
18022,2.483,3.255
18023,2.478,3.255
18024,2.483,3.255
18025,2.473,3.255
18026,2.458,3.255
18027,2.434,3.255
18028,2.410,3.255
18029,2.385,3.255
18030,2.366,3.255
18031,2.356,3.255
18032,2.341,3.255
18033,2.336,3.255
18034,2.336,3.255
18035,2.351,3.255
18036,2.449,3.255
18037,2.630,3.255
18038,2.786,3.255
18039,2.845,3.255
18040,2.810,3.255
18041,2.727,3.255
18042,2.634,3.255
18043,2.571,3.255
18044,2.502,3.255
18045,2.478,3.255
18046,2.463,3.255
18047,2.463,3.255
18048,2.458,3.255
18049,2.449,3.255
18050,2.429,3.255
18051,2.405,3.255
18052,2.385,3.255
18053,2.366,3.255
18054,2.351,3.255
18055,2.336,3.255
18056,2.336,3.255
18057,2.341,3.255
18058,2.341,3.255
18059,2.395,3.255
18060,2.542,3.255
18061,2.708,3.255
18062,2.791,3.255
18063,2.786,3.255
18064,2.722,3.255
18065,2.654,3.255
18066,2.605,3.255
18067,2.566,3.255
18068,2.527,3.255
18069,2.502,3.255
18070,2.483,3.255
18071,2.463,3.255
18072,2.444,3.255
18073,2.434,3.255
18074,2.419,3.255
18075,2.400,3.255
18076,2.380,3.255
18077,2.366,3.255
18078,2.356,3.255
18079,2.351,3.255
18080,2.341,3.255
18081,2.341,3.255
18082,2.331,3.255
18083,2.346,3.255
18084,2.424,3.255
18085,2.581,3.255
18086,2.713,3.255
18087,2.766,3.255
18088,2.732,3.255
18089,2.654,3.255
18090,2.576,3.255
18091,2.517,3.255
18092,2.468,3.255
18093,2.444,3.255
18094,2.439,3.255
18095,2.444,3.255
18096,2.444,3.255
18097,2.434,3.255
18098,2.410,3.255
18099,2.395,3.255
18100,2.370,3.255
18101,2.351,3.255
18102,2.336,3.255
18103,2.331,3.255
18104,2.326,3.255
18105,2.317,3.255
18106,2.307,3.255
18107,2.317,3.255
18108,2.361,3.255
18109,2.483,3.255
18110,2.625,3.255
18111,2.708,3.255
18112,2.713,3.255
18113,2.659,3.255
18114,2.590,3.255
18115,2.532,3.255
18116,2.483,3.255
18117,2.458,3.255
18118,2.449,3.255
18119,2.449,3.255
18120,2.449,3.255
18121,2.439,3.255
18122,2.429,3.255
18123,2.414,3.255
18124,2.395,3.255
18125,2.380,3.255
18126,2.370,3.255
18127,2.366,3.255
18128,2.356,3.255
18129,2.346,3.255
18130,2.341,3.255
18131,2.341,3.255
18132,2.375,3.255
18133,2.483,3.255
18134,2.615,3.255
18135,2.688,3.255
18136,2.683,3.255
18137,2.630,3.255
18138,2.571,3.255
18139,2.522,3.255
18140,2.478,3.255
18141,2.454,3.255
18142,2.449,3.255
18143,2.458,3.255
18144,2.468,3.255
18145,2.463,3.255
18146,2.449,3.255
18147,2.429,3.255
18148,2.410,3.255
18149,2.395,3.255
18150,2.390,3.255
18151,2.380,3.255
18152,2.370,3.255
18153,2.370,3.255
18154,2.424,3.255
18155,2.546,3.255
18156,2.649,3.255
18157,2.703,3.255
18158,2.688,3.255
18159,2.634,3.255
18160,2.576,3.255
18161,2.522,3.255
18162,2.483,3.255
18163,2.468,3.255
18164,2.463,3.255
18165,2.488,3.255
18166,2.502,3.255
18167,2.502,3.255
18168,2.498,3.255
18169,2.493,3.255
18170,2.473,3.255
18171,2.444,3.255
18172,2.414,3.255
18173,2.405,3.255
18174,2.390,3.255
18175,2.410,3.255
18176,2.512,3.255
18177,2.659,3.255
18178,2.757,3.250
18179,2.781,3.255
18180,2.732,3.250
18181,2.678,3.255
18182,2.620,3.250
18183,2.571,3.255
18184,2.537,3.255
18185,2.517,3.250
18186,2.517,3.255
18187,2.527,3.255
18188,2.522,3.255
18189,2.507,3.255
18190,2.488,3.255
18191,2.463,3.255
18192,2.439,3.255
18193,2.429,3.255
18194,2.424,3.255
18195,2.410,3.255
18196,2.405,3.255
18197,2.400,3.255
18198,2.478,3.255
18199,2.630,3.255
18200,2.766,3.255
18201,2.825,3.255
18202,2.810,3.255
18203,2.757,3.250
18204,2.708,3.255
18205,2.674,3.250
18206,2.615,3.250
18207,2.581,3.255
18208,2.576,3.250
18209,2.571,3.255
18210,2.561,3.250
18211,2.551,3.255
18212,2.532,3.250
18213,2.517,3.255
18214,2.488,3.255
18215,2.468,3.255
18216,2.454,3.255
18217,2.439,3.255
18218,2.439,3.255
18219,2.424,3.255
18220,2.419,3.255
18221,2.498,3.255
18222,2.664,3.255
18223,2.815,3.255
18224,2.874,3.255
18225,2.849,3.255
18226,2.791,3.255
18227,2.737,3.255
18228,2.693,3.255
18229,2.659,3.255
18230,2.634,3.255
18231,2.625,3.255
18232,2.615,3.255
18233,2.600,3.255
18234,2.576,3.255
18235,2.542,3.255
18236,2.512,3.255
18237,2.478,3.255
18238,2.449,3.255
18239,2.424,3.255
18240,2.414,3.255
18241,2.410,3.255
18242,2.410,3.250
18243,2.405,3.255
18244,2.400,3.255
18245,2.395,3.255
18246,2.395,3.255
18247,2.410,3.255
18248,2.493,3.255
18249,2.669,3.255
18250,2.820,3.250
18251,2.874,3.255
18252,2.849,3.250
18253,2.781,3.255
18254,2.722,3.250
18255,2.669,3.255
18256,2.610,3.250
18257,2.576,3.250
18258,2.561,3.250
18259,2.566,3.250
18260,2.566,3.255
18261,2.566,3.250
18262,2.566,3.250
18263,2.561,3.250
18264,2.561,3.250
18265,2.546,3.250
18266,2.532,3.250
18267,2.493,3.250
18268,2.454,3.250
18269,2.410,3.250
18270,2.380,3.250
18271,2.361,3.250
18272,2.434,3.250
18273,2.610,3.250
18274,2.781,3.250
18275,2.864,3.250
18276,2.854,3.250
18277,2.776,3.250
18278,2.693,3.250
18279,2.620,3.250
18280,2.556,3.250
18281,2.522,3.250
18282,2.512,3.250
18283,2.512,3.250
18284,2.507,3.250
18285,2.483,3.250
18286,2.449,3.250
18287,2.419,3.250
18288,2.400,3.250
18289,2.380,3.250
18290,2.361,3.250
18291,2.341,3.250
18292,2.331,3.250
18293,2.326,3.250
18294,2.326,3.250
18295,2.341,3.250
18296,2.429,3.250
18297,2.605,3.250
18298,2.771,3.250
18299,2.849,3.250
18300,2.820,3.250
18301,2.737,3.250
18302,2.659,3.250
18303,2.595,3.250
18304,2.537,3.250
18305,2.488,3.250
18306,2.473,3.250
18307,2.468,3.250
18308,2.463,3.250
18309,2.458,3.250
18310,2.434,3.250
18311,2.414,3.250
18312,2.395,3.250
18313,2.375,3.250
18314,2.351,3.250
18315,2.341,3.250
18316,2.331,3.250
18317,2.322,3.250
18318,2.312,3.250
18319,2.307,3.250
18320,2.351,3.250
18321,2.512,3.250
18322,2.713,3.250
18323,2.840,3.250
18324,2.845,3.250
18325,2.781,3.250
18326,2.703,3.250
18327,2.644,3.250
18328,2.595,3.250
18329,2.537,3.250
18330,2.502,3.250
18331,2.493,3.250
18332,2.498,3.250
18333,2.498,3.250
18334,2.478,3.250
18335,2.454,3.250
18336,2.424,3.250
18337,2.405,3.250
18338,2.390,3.250
18339,2.375,3.250
18340,2.366,3.250
18341,2.361,3.250
18342,2.356,3.250
18343,2.366,3.250
18344,2.468,3.250
18345,2.659,3.250
18346,2.830,3.250
18347,2.893,3.250
18348,2.859,3.250
18349,2.781,3.250
18350,2.708,3.250
18351,2.644,3.250
18352,2.581,3.250
18353,2.532,3.250
18354,2.512,3.250
18355,2.512,3.250
18356,2.502,3.250
18357,2.488,3.250
18358,2.463,3.250
18359,2.429,3.250
18360,2.400,3.250
18361,2.380,3.250
18362,2.370,3.250
18363,2.356,3.250
18364,2.346,3.250
18365,2.341,3.250
18366,2.331,3.250
18367,2.317,3.250
18368,2.317,3.250
18369,2.307,3.250
18370,2.302,3.250
18371,2.341,3.250
18372,2.498,3.250
18373,2.722,3.250
18374,2.879,3.250
18375,2.923,3.250
18376,2.864,3.250
18377,2.776,3.250
18378,2.693,3.250
18379,2.634,3.250
18380,2.590,3.250
18381,2.551,3.250
18382,2.532,3.250
18383,2.527,3.250
18384,2.527,3.250
18385,2.517,3.250
18386,2.493,3.250
18387,2.463,3.250
18388,2.429,3.250
18389,2.405,3.250
18390,2.385,3.250
18391,2.366,3.250
18392,2.356,3.250
18393,2.356,3.250
18394,2.341,3.250
18395,2.326,3.250
18396,2.317,3.250
18397,2.317,3.250
18398,2.307,3.250
18399,2.292,3.250
18400,2.292,3.250
18401,2.370,3.250
18402,2.556,3.250
18403,2.752,3.250
18404,2.845,3.250
18405,2.830,3.250
18406,2.747,3.250
18407,2.669,3.250
18408,2.615,3.250
18409,2.571,3.250
18410,2.527,3.250
18411,2.507,3.250
18412,2.502,3.250
18413,2.502,3.250
18414,2.502,3.250
18415,2.488,3.250
18416,2.458,3.250
18417,2.429,3.250
18418,2.410,3.250
18419,2.385,3.250
18420,2.366,3.250
18421,2.356,3.250
18422,2.351,3.250
18423,2.341,3.250
18424,2.331,3.250
18425,2.326,3.250
18426,2.317,3.250
18427,2.312,3.250
18428,2.346,3.250
18429,2.488,3.250
18430,2.674,3.250
18431,2.796,3.250
18432,2.815,3.250
18433,2.757,3.250
18434,2.678,3.250
18435,2.615,3.250
18436,2.566,3.250
18437,2.532,3.250
18438,2.512,3.250
18439,2.512,3.250
18440,2.522,3.250
18441,2.527,3.250
18442,2.517,3.250
18443,2.483,3.250
18444,2.458,3.250
18445,2.439,3.250
18446,2.414,3.250
18447,2.395,3.250
18448,2.380,3.250
18449,2.375,3.250
18450,2.361,3.250
18451,2.356,3.250
18452,2.361,3.250
18453,2.429,3.250
18454,2.605,3.250
18455,2.771,3.250
18456,2.845,3.250
18457,2.825,3.250
18458,2.757,3.250
18459,2.683,3.250
18460,2.620,3.250
18461,2.571,3.250
18462,2.532,3.250
18463,2.517,3.250
18464,2.512,3.250
18465,2.517,3.250
18466,2.517,3.250
18467,2.488,3.250
18468,2.458,3.250
18469,2.444,3.250
18470,2.419,3.250
18471,2.405,3.250
18472,2.395,3.250
18473,2.390,3.250
18474,2.385,3.250
18475,2.375,3.250
18476,2.366,3.250
18477,2.356,3.250
18478,2.414,3.250
18479,2.571,3.250
18480,2.757,3.250
18481,2.859,3.250
18482,2.859,3.250
18483,2.786,3.250
18484,2.703,3.250
18485,2.649,3.250
18486,2.605,3.250
18487,2.566,3.250
18488,2.537,3.250
18489,2.522,3.250
18490,2.522,3.250
18491,2.522,3.250
18492,2.502,3.250
18493,2.478,3.250
18494,2.444,3.250
18495,2.419,3.250
18496,2.405,3.250
18497,2.390,3.250
18498,2.380,3.250
18499,2.375,3.250
18500,2.370,3.250
18501,2.366,3.250
18502,2.361,3.250
18503,2.385,3.250
18504,2.473,3.250
18505,2.649,3.250
18506,2.796,3.250
18507,2.845,3.250
18508,2.801,3.250
18509,2.717,3.250
18510,2.644,3.250
18511,2.595,3.250
18512,2.551,3.250
18513,2.517,3.250
18514,2.517,3.250
18515,2.527,3.250
18516,2.527,3.250
18517,2.517,3.250
18518,2.493,3.250
18519,2.468,3.250
18520,2.439,3.250
18521,2.424,3.250
18522,2.405,3.250
18523,2.395,3.250
18524,2.385,3.250
18525,2.390,3.250
18526,2.454,3.250
18527,2.605,3.250
18528,2.761,3.250
18529,2.840,3.250
18530,2.820,3.250
18531,2.747,3.250
18532,2.678,3.250
18533,2.625,3.250
18534,2.581,3.250
18535,2.551,3.250
18536,2.551,3.250
18537,2.556,3.250
18538,2.561,3.250
18539,2.551,3.250
18540,2.532,3.250
18541,2.498,3.250
18542,2.458,3.250
18543,2.434,3.250
18544,2.419,3.250
18545,2.410,3.250
18546,2.400,3.250
18547,2.405,3.250
18548,2.478,3.250
18549,2.639,3.250
18550,2.815,3.250
18551,2.903,3.250
18552,2.898,3.250
18553,2.835,3.250
18554,2.761,3.250
18555,2.713,3.250
18556,2.654,3.250
18557,2.625,3.250
18558,2.600,3.250
18559,2.590,3.250
18560,2.581,3.250
18561,2.571,3.250
18562,2.542,3.250
18563,2.507,3.250
18564,2.483,3.250
18565,2.463,3.250
18566,2.444,3.250
18567,2.434,3.250
18568,2.424,3.250
18569,2.410,3.250
18570,2.419,3.250
18571,2.522,3.250
18572,2.703,3.250
18573,2.869,3.250
18574,2.923,3.250
18575,2.889,3.250
18576,2.820,3.250
18577,2.752,3.250
18578,2.708,3.250
18579,2.659,3.250
18580,2.610,3.250
18581,2.590,3.250
18582,2.590,3.250
18583,2.586,3.250
18584,2.571,3.250
18585,2.542,3.250
18586,2.512,3.250
18587,2.478,3.250
18588,2.458,3.250
18589,2.434,3.250
18590,2.419,3.250
18591,2.410,3.250
18592,2.395,3.250
18593,2.380,3.250
18594,2.410,3.250
18595,2.551,3.250
18596,2.747,3.250
18597,2.874,3.250
18598,2.898,3.250
18599,2.840,3.250
18600,2.771,3.250
18601,2.717,3.250
18602,2.674,3.250
18603,2.630,3.250
18604,2.595,3.250
18605,2.586,3.250
18606,2.581,3.250
18607,2.571,3.250
18608,2.546,3.250
18609,2.512,3.250
18610,2.478,3.250
18611,2.458,3.250
18612,2.439,3.250
18613,2.419,3.250
18614,2.395,3.250
18615,2.380,3.250
18616,2.361,3.250
18617,2.351,3.250
18618,2.351,3.250
18619,2.341,3.250
18620,2.341,3.250
18621,2.385,3.250
18622,2.542,3.250
18623,2.742,3.250
18624,2.854,3.250
18625,2.845,3.250
18626,2.771,3.250
18627,2.688,3.250
18628,2.634,3.250
18629,2.590,3.250
18630,2.546,3.250
18631,2.517,3.250
18632,2.502,3.250
18633,2.498,3.250
18634,2.488,3.250
18635,2.468,3.250
18636,2.444,3.250
18637,2.419,3.250
18638,2.400,3.250
18639,2.375,3.250
18640,2.356,3.250
18641,2.341,3.250
18642,2.331,3.250
18643,2.317,3.250
18644,2.307,3.250
18645,2.287,3.250
18646,2.273,3.250
18647,2.331,3.250
18648,2.473,3.250
18649,2.634,3.250
18650,2.717,3.250
18651,2.688,3.250
18652,2.620,3.250
18653,2.551,3.250
18654,2.502,3.250
18655,2.458,3.250
18656,2.424,3.250
18657,2.405,3.250
18658,2.400,3.250
18659,2.400,3.250
18660,2.395,3.250
18661,2.380,3.250
18662,2.356,3.250
18663,2.331,3.250
18664,2.297,3.250
18665,2.278,3.250
18666,2.273,3.250
18667,2.263,3.250
18668,2.258,3.250
18669,2.253,3.250
18670,2.248,3.250
18671,2.243,3.250
18672,2.239,3.250
18673,2.243,3.250
18674,2.287,3.250
18675,2.405,3.250
18676,2.522,3.250
18677,2.576,3.250
18678,2.551,3.250
18679,2.507,3.250
18680,2.463,3.250
18681,2.429,3.250
18682,2.400,3.250
18683,2.380,3.250
18684,2.375,3.250
18685,2.380,3.250
18686,2.370,3.250
18687,2.366,3.250
18688,2.351,3.250
18689,2.331,3.250
18690,2.322,3.250
18691,2.307,3.250
18692,2.302,3.250
18693,2.292,3.250
18694,2.287,3.250
18695,2.283,3.250
18696,2.287,3.250
18697,2.312,3.250
18698,2.390,3.250
18699,2.478,3.250
18700,2.532,3.250
18701,2.532,3.250
18702,2.507,3.250
18703,2.473,3.250
18704,2.434,3.250
18705,2.400,3.250
18706,2.385,3.250
18707,2.375,3.250
18708,2.375,3.250
18709,2.380,3.250
18710,2.366,3.250
18711,2.351,3.250
18712,2.341,3.250
18713,2.326,3.250
18714,2.317,3.250
18715,2.312,3.250
18716,2.312,3.250
18717,2.317,3.250
18718,2.317,3.250
18719,2.312,3.250
18720,2.307,3.250
18721,2.307,3.250
18722,2.302,3.250
18723,2.351,3.250
18724,2.434,3.250
18725,2.493,3.250
18726,2.512,3.250
18727,2.488,3.250
18728,2.458,3.250
18729,2.429,3.250
18730,2.410,3.250
18731,2.395,3.250
18732,2.385,3.250
18733,2.390,3.250
18734,2.395,3.250
18735,2.395,3.250
18736,2.395,3.250
18737,2.390,3.250
18738,2.375,3.250
18739,2.366,3.250
18740,2.356,3.250
18741,2.341,3.250
18742,2.341,3.250
18743,2.346,3.250
18744,2.346,3.250
18745,2.341,3.250
18746,2.341,3.250
18747,2.346,3.250
18748,2.341,3.250
18749,2.361,3.250
18750,2.434,3.250
18751,2.493,3.250
18752,2.522,3.250
18753,2.517,3.250
18754,2.488,3.250
18755,2.458,3.250
18756,2.434,3.250
18757,2.424,3.250
18758,2.400,3.250
18759,2.380,3.250
18760,2.380,3.250
18761,2.395,3.250
18762,2.390,3.250
18763,2.385,3.250
18764,2.366,3.250
18765,2.351,3.250
18766,2.346,3.250
18767,2.346,3.250
18768,2.356,3.250
18769,2.351,3.250
18770,2.351,3.250
18771,2.351,3.250
18772,2.346,3.250
18773,2.346,3.250
18774,2.375,3.250
18775,2.449,3.250
18776,2.507,3.250
18777,2.532,3.250
18778,2.527,3.250
18779,2.507,3.250
18780,2.488,3.250
18781,2.483,3.250
18782,2.468,3.250
18783,2.458,3.250
18784,2.449,3.250
18785,2.444,3.250
18786,2.444,3.250
18787,2.444,3.250
18788,2.429,3.250
18789,2.419,3.250
18790,2.410,3.250
18791,2.400,3.250
18792,2.400,3.250
18793,2.395,3.250
18794,2.395,3.250
18795,2.390,3.250
18796,2.390,3.250
18797,2.400,3.250
18798,2.454,3.250
18799,2.561,3.250
18800,2.630,3.250
18801,2.649,3.250
18802,2.639,3.250
18803,2.615,3.250
18804,2.586,3.250
18805,2.556,3.250
18806,2.532,3.250
18807,2.517,3.250
18808,2.512,3.250
18809,2.517,3.250
18810,2.512,3.250
18811,2.498,3.250
18812,2.488,3.250
18813,2.468,3.250
18814,2.454,3.250
18815,2.444,3.250
18816,2.429,3.250
18817,2.424,3.250
18818,2.419,3.250
18819,2.410,3.250
18820,2.400,3.250
18821,2.410,3.250
18822,2.478,3.250
18823,2.590,3.250
18824,2.683,3.250
18825,2.727,3.250
18826,2.717,3.250
18827,2.674,3.250
18828,2.644,3.250
18829,2.610,3.250
18830,2.576,3.250
18831,2.556,3.250
18832,2.561,3.250
18833,2.571,3.250
18834,2.571,3.250
18835,2.561,3.250
18836,2.542,3.250
18837,2.532,3.250
18838,2.512,3.250
18839,2.493,3.250
18840,2.483,3.250
18841,2.473,3.250
18842,2.463,3.250
18843,2.468,3.250
18844,2.537,3.250
18845,2.659,3.250
18846,2.781,3.250
18847,2.835,3.250
18848,2.815,3.250
18849,2.761,3.250
18850,2.708,3.250
18851,2.654,3.250
18852,2.620,3.250
18853,2.595,3.250
18854,2.586,3.250
18855,2.590,3.250
18856,2.586,3.250
18857,2.571,3.250
18858,2.551,3.250
18859,2.522,3.250
18860,2.502,3.250
18861,2.488,3.250
18862,2.468,3.250
18863,2.458,3.250
18864,2.449,3.250
18865,2.439,3.250
18866,2.429,3.250
18867,2.419,3.250
18868,2.419,3.250
18869,2.478,3.250
18870,2.620,3.250
18871,2.766,3.250
18872,2.864,3.250
18873,2.869,3.250
18874,2.810,3.250
18875,2.747,3.250
18876,2.698,3.250
18877,2.659,3.250
18878,2.625,3.250
18879,2.605,3.250
18880,2.600,3.250
18881,2.600,3.250
18882,2.590,3.250
18883,2.576,3.250
18884,2.546,3.250
18885,2.517,3.250
18886,2.493,3.250
18887,2.478,3.250
18888,2.458,3.250
18889,2.449,3.250
18890,2.429,3.250
18891,2.429,3.250
18892,2.424,3.250
18893,2.414,3.250
18894,2.419,3.250
18895,2.512,3.250
18896,2.688,3.250
18897,2.845,3.250
18898,2.903,3.250
18899,2.874,3.250
18900,2.801,3.250
18901,2.732,3.250
18902,2.683,3.250
18903,2.639,3.250
18904,2.605,3.250
18905,2.595,3.250
18906,2.600,3.250
18907,2.605,3.250
18908,2.590,3.250
18909,2.561,3.250
18910,2.532,3.250
18911,2.502,3.250
18912,2.483,3.250
18913,2.458,3.250
18914,2.449,3.250
18915,2.444,3.250
18916,2.434,3.250
18917,2.419,3.250
18918,2.414,3.250
18919,2.400,3.250
18920,2.405,3.250
18921,2.454,3.250
18922,2.605,3.250
18923,2.786,3.250
18924,2.893,3.250
18925,2.903,3.250
18926,2.840,3.250
18927,2.761,3.250
18928,2.703,3.250
18929,2.654,3.250
18930,2.625,3.250
18931,2.600,3.250
18932,2.600,3.250
18933,2.600,3.250
18934,2.595,3.250
18935,2.571,3.250
18936,2.542,3.250
18937,2.507,3.250
18938,2.478,3.250
18939,2.463,3.250
18940,2.449,3.250
18941,2.434,3.250
18942,2.419,3.250
18943,2.410,3.250
18944,2.400,3.250
18945,2.395,3.250
18946,2.390,3.250
18947,2.385,3.250
18948,2.395,3.250
18949,2.478,3.250
18950,2.649,3.250
18951,2.820,3.250
18952,2.898,3.250
18953,2.874,3.250
18954,2.796,3.250
18955,2.708,3.250
18956,2.634,3.250
18957,2.576,3.250
18958,2.542,3.250
18959,2.542,3.250
18960,2.551,3.250
18961,2.561,3.250
18962,2.551,3.250
18963,2.527,3.250
18964,2.498,3.250
18965,2.463,3.250
18966,2.439,3.250
18967,2.424,3.250
18968,2.410,3.250
18969,2.400,3.250
18970,2.390,3.250
18971,2.385,3.250
18972,2.385,3.250
18973,2.375,3.250
18974,2.385,3.250
18975,2.463,3.250
18976,2.620,3.250
18977,2.781,3.250
18978,2.854,3.250
18979,2.840,3.250
18980,2.757,3.250
18981,2.674,3.250
18982,2.605,3.250
18983,2.556,3.250
18984,2.546,3.250
18985,2.561,3.250
18986,2.581,3.250
18987,2.576,3.250
18988,2.566,3.250
18989,2.537,3.250
18990,2.502,3.250
18991,2.478,3.250
18992,2.458,3.250
18993,2.449,3.250
18994,2.449,3.250
18995,2.429,3.250
18996,2.419,3.250
18997,2.463,3.250
18998,2.595,3.250
18999,2.761,3.250
19000,2.869,3.250
19001,2.884,3.250
19002,2.830,3.250
19003,2.757,3.250
19004,2.688,3.250
19005,2.634,3.250
19006,2.586,3.250
19007,2.576,3.250
19008,2.581,3.250
19009,2.590,3.250
19010,2.600,3.250
19011,2.581,3.250
19012,2.546,3.250
19013,2.512,3.250
19014,2.483,3.250
19015,2.463,3.250
19016,2.449,3.250
19017,2.439,3.250
19018,2.419,3.250
19019,2.434,3.250
19020,2.517,3.250
19021,2.688,3.250
19022,2.859,3.250
19023,2.942,3.250
19024,2.928,3.250
19025,2.854,3.250
19026,2.776,3.250
19027,2.717,3.250
19028,2.669,3.250
19029,2.620,3.250
19030,2.615,3.250
19031,2.620,3.250
19032,2.615,3.250
19033,2.605,3.250
19034,2.581,3.250
19035,2.546,3.250
19036,2.517,3.250
19037,2.483,3.250
19038,2.463,3.250
19039,2.449,3.250
19040,2.439,3.250
19041,2.434,3.250
19042,2.429,3.250
19043,2.449,3.250
19044,2.566,3.250
19045,2.757,3.250
19046,2.908,3.250
19047,2.952,3.250
19048,2.898,3.250
19049,2.810,3.250
19050,2.742,3.250
19051,2.688,3.250
19052,2.644,3.250
19053,2.615,3.250
19054,2.605,3.250
19055,2.615,3.250
19056,2.610,3.250
19057,2.586,3.250
19058,2.551,3.250
19059,2.517,3.250
19060,2.483,3.250
19061,2.454,3.250
19062,2.424,3.250
19063,2.410,3.250
19064,2.395,3.250
19065,2.390,3.250
19066,2.375,3.250
19067,2.375,3.250
19068,2.478,3.250
19069,2.674,3.250
19070,2.825,3.250
19071,2.869,3.250
19072,2.825,3.250
19073,2.747,3.250
19074,2.683,3.250
19075,2.630,3.250
19076,2.581,3.250
19077,2.551,3.250
19078,2.542,3.250
19079,2.546,3.250
19080,2.546,3.250
19081,2.537,3.250
19082,2.512,3.250
19083,2.478,3.250
19084,2.454,3.250
19085,2.434,3.250
19086,2.424,3.250
19087,2.414,3.250
19088,2.400,3.250
19089,2.380,3.250
19090,2.375,3.250
19091,2.458,3.250
19092,2.639,3.250
19093,2.805,3.250
19094,2.874,3.250
19095,2.815,3.250
19096,2.732,3.250
19097,2.659,3.250
19098,2.595,3.250
19099,2.546,3.250
19100,2.527,3.250
19101,2.522,3.250
19102,2.522,3.250
19103,2.507,3.250
19104,2.483,3.250
19105,2.454,3.250
19106,2.429,3.250
19107,2.405,3.250
19108,2.390,3.250
19109,2.375,3.250
19110,2.356,3.250
19111,2.341,3.250
19112,2.331,3.250
19113,2.326,3.250
19114,2.322,3.250
19115,2.375,3.250
19116,2.532,3.250
19117,2.703,3.250
19118,2.805,3.250
19119,2.801,3.250
19120,2.727,3.250
19121,2.644,3.250
19122,2.561,3.250
19123,2.502,3.250
19124,2.463,3.250
19125,2.449,3.250
19126,2.449,3.250
19127,2.449,3.250
19128,2.444,3.250
19129,2.424,3.250
19130,2.395,3.250
19131,2.390,3.250
19132,2.370,3.250
19133,2.356,3.250
19134,2.341,3.250
19135,2.322,3.250
19136,2.317,3.250
19137,2.302,3.250
19138,2.292,3.250
19139,2.317,3.250
19140,2.419,3.250
19141,2.610,3.250
19142,2.713,3.250
19143,2.727,3.250
19144,2.674,3.250
19145,2.600,3.250
19146,2.546,3.250
19147,2.493,3.250
19148,2.454,3.250
19149,2.439,3.250
19150,2.449,3.250
19151,2.454,3.250
19152,2.439,3.250
19153,2.419,3.250
19154,2.400,3.250
19155,2.370,3.250
19156,2.351,3.250
19157,2.336,3.250
19158,2.331,3.250
19159,2.322,3.250
19160,2.307,3.250
19161,2.302,3.250
19162,2.341,3.250
19163,2.458,3.250
19164,2.610,3.250
19165,2.703,3.250
19166,2.708,3.250
19167,2.654,3.250
19168,2.590,3.250
19169,2.537,3.250
19170,2.483,3.250
19171,2.449,3.250
19172,2.434,3.250
19173,2.439,3.250
19174,2.434,3.250
19175,2.424,3.250
19176,2.400,3.250
19177,2.380,3.250
19178,2.361,3.250
19179,2.341,3.250
19180,2.331,3.250
19181,2.317,3.250
19182,2.317,3.250
19183,2.312,3.250
19184,2.302,3.250
19185,2.287,3.250
19186,2.283,3.250
19187,2.283,3.250
19188,2.346,3.250
19189,2.483,3.250
19190,2.620,3.250
19191,2.674,3.250
19192,2.654,3.250
19193,2.600,3.250
19194,2.542,3.250
19195,2.498,3.250
19196,2.463,3.250
19197,2.434,3.250
19198,2.424,3.250
19199,2.424,3.250
19200,2.429,3.250
19201,2.424,3.250
19202,2.405,3.250
19203,2.390,3.250
19204,2.375,3.250
19205,2.356,3.250
19206,2.351,3.250
19207,2.341,3.250
19208,2.331,3.250
19209,2.326,3.250
19210,2.326,3.250
19211,2.326,3.250
19212,2.322,3.250
19213,2.326,3.250
19214,2.380,3.250
19215,2.493,3.250
19216,2.620,3.250
19217,2.674,3.250
19218,2.654,3.250
19219,2.595,3.250
19220,2.542,3.250
19221,2.498,3.250
19222,2.458,3.250
19223,2.434,3.250
19224,2.429,3.250
19225,2.429,3.250
19226,2.434,3.250
19227,2.424,3.250
19228,2.410,3.250
19229,2.395,3.250
19230,2.370,3.250
19231,2.361,3.250
19232,2.351,3.250
19233,2.341,3.250
19234,2.341,3.250
19235,2.331,3.250
19236,2.322,3.250
19237,2.322,3.250
19238,2.317,3.250
19239,2.307,3.250
19240,2.312,3.250
19241,2.375,3.250
19242,2.498,3.250
19243,2.620,3.250
19244,2.678,3.250
19245,2.669,3.250
19246,2.625,3.250
19247,2.581,3.250
19248,2.546,3.250
19249,2.507,3.250
19250,2.483,3.250
19251,2.478,3.250
19252,2.478,3.250
19253,2.488,3.250
19254,2.483,3.250
19255,2.463,3.250
19256,2.449,3.250
19257,2.429,3.250
19258,2.419,3.250
19259,2.414,3.250
19260,2.405,3.250
19261,2.390,3.250
19262,2.375,3.250
19263,2.366,3.250
19264,2.356,3.250
19265,2.346,3.250
19266,2.356,3.250
19267,2.444,3.250
19268,2.590,3.250
19269,2.713,3.250
19270,2.757,3.255
19271,2.742,3.250
19272,2.688,3.250
19273,2.634,3.255
19274,2.600,3.250
19275,2.566,3.255
19276,2.537,3.250
19277,2.527,3.255
19278,2.527,3.250
19279,2.527,3.250
19280,2.522,3.250
19281,2.498,3.255
19282,2.463,3.250
19283,2.444,3.255
19284,2.414,3.250
19285,2.405,3.250
19286,2.390,3.250
19287,2.380,3.250
19288,2.375,3.250
19289,2.366,3.250
19290,2.361,3.250
19291,2.356,3.250
19292,2.346,3.250
19293,2.380,3.250
19294,2.512,3.250
19295,2.678,3.250
19296,2.791,3.250
19297,2.815,3.250
19298,2.761,3.250
19299,2.698,3.250
19300,2.654,3.250
19301,2.634,3.250
19302,2.615,3.250
19303,2.600,3.250
19304,2.595,3.250
19305,2.590,3.250
19306,2.576,3.250
19307,2.546,3.250
19308,2.512,3.250
19309,2.473,3.250
19310,2.449,3.250
19311,2.424,3.250
19312,2.405,3.250
19313,2.400,3.250
19314,2.385,3.250
19315,2.375,3.250
19316,2.370,3.250
19317,2.356,3.250
19318,2.341,3.250
19319,2.341,3.250
19320,2.410,3.250
19321,2.581,3.250
19322,2.752,3.250
19323,2.854,3.250
19324,2.854,3.250
19325,2.791,3.250
19326,2.717,3.250
19327,2.664,3.250
19328,2.605,3.250
19329,2.561,3.250
19330,2.542,3.250
19331,2.546,3.250
19332,2.561,3.250
19333,2.571,3.250
19334,2.546,3.250
19335,2.522,3.250
19336,2.493,3.250
19337,2.468,3.250
19338,2.439,3.250
19339,2.429,3.250
19340,2.419,3.250
19341,2.410,3.250
19342,2.405,3.250
19343,2.458,3.255
19344,2.620,3.250
19345,2.796,3.250
19346,2.889,3.250
19347,2.869,3.250
19348,2.796,3.250
19349,2.708,3.250
19350,2.644,3.250
19351,2.586,3.250
19352,2.556,3.250
19353,2.551,3.250
19354,2.561,3.250
19355,2.571,3.250
19356,2.566,3.250
19357,2.527,3.250
19358,2.498,3.250
19359,2.473,3.250
19360,2.454,3.250
19361,2.444,3.250
19362,2.429,3.250
19363,2.414,3.250
19364,2.414,3.250
19365,2.517,3.250
19366,2.713,3.250
19367,2.889,3.250
19368,2.962,3.250
19369,2.928,3.250
19370,2.845,3.250
19371,2.761,3.250
19372,2.683,3.250
19373,2.625,3.250
19374,2.576,3.250
19375,2.566,3.250
19376,2.586,3.250
19377,2.595,3.250
19378,2.581,3.250
19379,2.542,3.250
19380,2.502,3.250
19381,2.468,3.250
19382,2.449,3.250
19383,2.434,3.250
19384,2.419,3.250
19385,2.405,3.250
19386,2.400,3.250
19387,2.488,3.250
19388,2.688,3.250
19389,2.913,3.250
19390,3.021,3.250
19391,3.016,3.250
19392,2.928,3.250
19393,2.815,3.250
19394,2.737,3.250
19395,2.674,3.250
19396,2.625,3.250
19397,2.600,3.250
19398,2.600,3.250
19399,2.605,3.250
19400,2.595,3.250
19401,2.566,3.250
19402,2.532,3.250
19403,2.488,3.250
19404,2.454,3.250
19405,2.434,3.250
19406,2.424,3.250
19407,2.405,3.250
19408,2.390,3.250
19409,2.380,3.250
19410,2.444,3.250
19411,2.649,3.250
19412,2.893,3.250
19413,3.016,3.250
19414,3.006,3.250
19415,2.898,3.250
19416,2.791,3.250
19417,2.713,3.250
19418,2.625,3.250
19419,2.576,3.250
19420,2.556,3.250
19421,2.556,3.250
19422,2.556,3.250
19423,2.546,3.250
19424,2.517,3.250
19425,2.473,3.250
19426,2.434,3.250
19427,2.410,3.250
19428,2.395,3.250
19429,2.380,3.250
19430,2.380,3.250
19431,2.375,3.250
19432,2.361,3.250
19433,2.346,3.250
19434,2.395,3.250
19435,2.566,3.250
19436,2.796,3.250
19437,2.933,3.250
19438,2.937,3.250
19439,2.849,3.250
19440,2.747,3.250
19441,2.669,3.250
19442,2.610,3.250
19443,2.561,3.250
19444,2.537,3.250
19445,2.537,3.250
19446,2.537,3.250
19447,2.527,3.250
19448,2.502,3.250
19449,2.473,3.250
19450,2.439,3.255
19451,2.419,3.255
19452,2.400,3.255
19453,2.390,3.255
19454,2.380,3.255
19455,2.375,3.255
19456,2.361,3.255
19457,2.395,3.255
19458,2.546,3.255
19459,2.752,3.255
19460,2.879,3.255
19461,2.884,3.255
19462,2.825,3.255
19463,2.737,3.255
19464,2.664,3.255
19465,2.605,3.255
19466,2.561,3.255
19467,2.546,3.260
19468,2.551,3.255
19469,2.556,3.255
19470,2.527,3.255
19471,2.478,3.255
19472,2.424,3.255
19473,2.400,3.255
19474,2.390,3.255
19475,2.390,3.255
19476,2.390,3.255
19477,2.395,3.260
19478,2.395,3.260
19479,2.449,3.260
19480,2.620,3.265
19481,2.825,3.265
19482,2.947,3.265
19483,2.962,3.265
19484,2.893,3.265
19485,2.805,3.265
19486,2.732,3.270
19487,2.654,3.265
19488,2.595,3.270
19489,2.561,3.270
19490,2.546,3.270
19491,2.532,3.265
19492,2.517,3.260
19493,2.488,3.245
19494,2.449,3.221
19495,2.419,3.206
19496,2.400,3.192
19497,2.390,3.187
19498,2.380,3.206
19499,2.356,3.221
19500,2.385,3.231
19501,2.532,3.240
19502,2.747,3.245
19503,2.898,3.255
19504,2.933,3.255
19505,2.854,3.260
19506,2.752,3.260
19507,2.669,3.265
19508,2.605,3.265
19509,2.556,3.265
19510,2.527,3.265
19511,2.522,3.265
19512,2.522,3.270
19513,2.522,3.270
19514,2.493,3.270
19515,2.454,3.270
19516,2.414,3.270
19517,2.390,3.270
19518,2.380,3.270
19519,2.375,3.270
19520,2.366,3.270
19521,2.439,3.270
19522,2.615,3.270
19523,2.805,3.270
19524,2.903,3.270
19525,2.884,3.270
19526,2.786,3.270
19527,2.698,3.270
19528,2.620,3.270
19529,2.556,3.270
19530,2.522,3.270
19531,2.512,3.270
19532,2.522,3.270
19533,2.517,3.270
19534,2.488,3.270
19535,2.454,3.270
19536,2.419,3.270
19537,2.395,3.270
19538,2.380,3.270
