timestamp,PPG_signal,GSR_signal
1,2.478,1.315
2,2.410,1.315
3,2.380,1.315
4,2.400,1.315
5,2.405,1.315
6,2.380,1.315
7,2.336,1.315
8,2.292,1.315
9,2.263,1.315
10,2.224,1.315
11,2.204,1.315
12,2.199,1.315
13,2.297,1.315
14,2.488,1.315
15,2.678,1.315
16,2.766,1.315
17,2.742,1.315
18,2.649,1.315
19,2.527,1.315
20,2.434,1.315
21,2.375,1.315
22,2.390,1.315
23,2.405,1.315
24,2.424,1.315
25,2.424,1.315
26,2.400,1.315
27,2.356,1.315
28,2.307,1.315
29,2.273,1.315
30,2.243,1.310
31,2.224,1.310
32,2.224,1.310
33,2.312,1.310
34,2.488,1.310
35,2.669,1.310
36,2.757,1.310
37,2.727,1.305
38,2.625,1.305
39,2.512,1.305
40,2.419,1.305
41,2.361,1.295
42,2.375,1.290
43,2.405,1.290
44,2.429,1.285
45,2.424,1.285
46,2.385,1.281
47,2.351,1.281
48,2.322,1.281
49,2.297,1.281
50,2.273,1.281
51,2.263,1.281
52,2.283,1.281
53,2.390,1.281
54,2.581,1.285
55,2.717,1.285
56,2.747,1.285
57,2.693,1.285
58,2.590,1.285
59,2.468,1.285
60,2.405,1.285
61,2.395,1.285
62,2.429,1.285
63,2.468,1.285
64,2.517,1.285
65,2.527,1.285
66,2.522,1.290
67,2.502,1.285
68,2.468,1.285
69,2.414,1.285
70,2.366,1.285
71,2.356,1.285
72,2.478,1.285
73,2.708,1.285
74,2.903,1.285
75,2.967,1.285
76,2.913,1.285
77,2.791,1.285
78,2.659,1.285
79,2.537,1.285
80,2.454,1.285
81,2.429,1.285
82,2.444,1.285
83,2.473,1.285
84,2.493,1.285
85,2.488,1.285
86,2.458,1.285
87,2.414,1.285
88,2.370,1.285
89,2.317,1.285
90,2.273,1.285
91,2.307,1.285
92,2.473,1.285
93,2.674,1.285
94,2.801,1.285
95,2.801,1.285
96,2.747,1.285
97,2.688,1.285
98,2.634,1.281
99,2.566,1.281
100,2.527,1.276
101,2.532,1.271
102,2.551,1.266
103,2.532,1.261
104,2.498,1.256
105,2.454,1.251
106,2.419,1.241
107,2.375,1.237
108,2.346,1.237
109,2.302,1.232
110,2.302,1.232
111,2.449,1.232
112,2.703,1.232
113,2.913,1.232
114,3.006,1.232
115,2.981,1.232
116,2.869,1.232
117,2.722,1.237
118,2.566,1.237
119,2.468,1.237
120,2.458,1.237
121,2.473,1.241
122,2.458,1.237
123,2.429,1.241
124,2.395,1.241
125,2.370,1.237
126,2.346,1.241
127,2.346,1.237
128,2.331,1.237
129,2.405,1.237
130,2.605,1.237
131,2.805,1.237
132,2.889,1.237
133,2.854,1.237
134,2.752,1.237
135,2.625,1.241
136,2.517,1.241
137,2.454,1.241
138,2.454,1.241
139,2.502,1.241
140,2.532,1.241
141,2.542,1.241
142,2.507,1.246
143,2.468,1.241
144,2.414,1.246
145,2.375,1.246
146,2.322,1.246
147,2.278,1.246
148,2.292,1.246
149,2.454,1.251
150,2.688,1.246
151,2.859,1.251
152,2.889,1.251
153,2.796,1.251
154,2.644,1.251
155,2.488,1.251
156,2.390,1.251
157,2.341,1.251
158,2.366,1.251
159,2.385,1.251
160,2.390,1.251
161,2.370,1.251
162,2.341,1.251
163,2.312,1.251
164,2.283,1.251
165,2.258,1.251
166,2.243,1.256
167,2.224,1.256
168,2.268,1.256
169,2.434,1.251
170,2.625,1.256
171,2.722,1.256
172,2.693,1.256
173,2.586,1.256
174,2.458,1.256
175,2.366,1.256
176,2.336,1.256
177,2.361,1.256
178,2.400,1.256
179,2.429,1.256
180,2.449,1.256
181,2.429,1.256
182,2.414,1.256
183,2.405,1.256
184,2.370,1.256
185,2.341,1.256
186,2.317,1.256
187,2.366,1.256
188,2.512,1.256
189,2.683,1.256
190,2.752,1.256
191,2.713,1.256
192,2.600,1.256
193,2.473,1.256
194,2.390,1.256
195,2.361,1.261
196,2.366,1.256
197,2.395,1.261
198,2.390,1.261
199,2.375,1.261
200,2.351,1.261
201,2.326,1.261
202,2.297,1.261
203,2.273,1.261
204,2.258,1.261
205,2.258,1.266
206,2.317,1.261
207,2.473,1.266
208,2.634,1.266
209,2.708,1.266
210,2.664,1.266
211,2.556,1.266
212,2.410,1.266
213,2.351,1.266
214,2.346,1.266
215,2.370,1.266
216,2.395,1.266
217,2.405,1.271
218,2.395,1.271
219,2.361,1.271
220,2.331,1.271
221,2.307,1.271
222,2.287,1.271
223,2.283,1.271
224,2.361,1.271
225,2.512,1.271
226,2.649,1.271
227,2.688,1.271
228,2.634,1.271
229,2.542,1.271
230,2.449,1.271
231,2.370,1.276
232,2.346,1.271
233,2.370,1.276
234,2.395,1.276
235,2.410,1.276
236,2.405,1.276
237,2.375,1.276
238,2.351,1.276
239,2.322,1.276
240,2.297,1.276
241,2.287,1.276
242,2.361,1.276
243,2.522,1.276
244,2.664,1.276
245,2.717,1.276
246,2.678,1.276
247,2.590,1.276
248,2.502,1.276
249,2.439,1.276
250,2.400,1.276
251,2.400,1.281
252,2.444,1.276
253,2.419,1.281
254,2.395,1.281
255,2.361,1.276
256,2.326,1.281
257,2.302,1.281
258,2.307,1.281
259,2.400,1.281
260,2.571,1.281
261,2.698,1.281
262,2.717,1.281
263,2.674,1.281
264,2.605,1.281
265,2.537,1.281
266,2.468,1.281
267,2.444,1.281
268,2.444,1.281
269,2.458,1.281
270,2.463,1.281
271,2.454,1.281
272,2.419,1.285
273,2.380,1.281
274,2.351,1.285
275,2.317,1.281
276,2.322,1.285
277,2.410,1.285
278,2.561,1.285
279,2.678,1.285
280,2.722,1.281
281,2.693,1.285
282,2.634,1.285
283,2.576,1.285
284,2.512,1.285
285,2.478,1.285
286,2.468,1.285
287,2.463,1.285
288,2.458,1.285
289,2.439,1.285
290,2.414,1.285
291,2.390,1.285
292,2.361,1.285
293,2.326,1.285
294,2.302,1.285
295,2.322,1.285
296,2.429,1.285
297,2.576,1.285
298,2.678,1.285
299,2.703,1.285
300,2.683,1.285
301,2.634,1.285
302,2.571,1.285
303,2.512,1.290
304,2.473,1.290
305,2.458,1.285
306,2.458,1.290
307,2.454,1.290
308,2.429,1.290
309,2.405,1.290
310,2.380,1.290
311,2.361,1.290
312,2.341,1.290
313,2.322,1.290
314,2.302,1.290
315,2.366,1.290
316,2.502,1.290
317,2.630,1.290
318,2.693,1.290
319,2.688,1.290
320,2.659,1.290
321,2.615,1.290
322,2.566,1.290
323,2.512,1.290
324,2.473,1.290
325,2.463,1.295
326,2.454,1.290
327,2.444,1.295
328,2.424,1.290
329,2.395,1.295
330,2.370,1.295
331,2.346,1.295
332,2.331,1.295
333,2.307,1.295
334,2.292,1.295
335,2.283,1.295
336,2.292,1.295
337,2.366,1.295
338,2.493,1.295
339,2.600,1.295
340,2.664,1.295
341,2.664,1.295
342,2.649,1.295
343,2.634,1.295
344,2.576,1.295
345,2.522,1.300
346,2.498,1.295
347,2.483,1.295
348,2.473,1.295
349,2.473,1.295
350,2.458,1.295
351,2.419,1.290
352,2.375,1.290
353,2.336,1.290
354,2.302,1.290
355,2.283,1.285
356,2.258,1.285
357,2.243,1.285
358,2.278,1.281
359,2.370,1.285
360,2.502,1.281
361,2.600,1.281
362,2.649,1.281
363,2.625,1.285
364,2.590,1.285
365,2.561,1.285
366,2.527,1.285
367,2.522,1.290
368,2.512,1.295
369,2.498,1.295
370,2.483,1.300
371,2.458,1.300
372,2.419,1.305
373,2.390,1.310
374,2.366,1.315
375,2.341,1.315
376,2.336,1.320
377,2.331,1.320
378,2.346,1.325
379,2.336,1.325
380,2.312,1.325
381,2.351,1.320
382,2.468,1.325
383,2.625,1.320
384,2.722,1.320
385,2.742,1.320
386,2.713,1.315
387,2.669,1.315
388,2.615,1.315
389,2.571,1.315
390,2.556,1.310
391,2.571,1.310
392,2.590,1.310
393,2.586,1.310
394,2.556,1.310
395,2.532,1.310
396,2.498,1.310
397,2.463,1.310
398,2.434,1.310
399,2.410,1.310
400,2.395,1.310
401,2.370,1.310
402,2.356,1.310
403,2.341,1.310
404,2.375,1.310
405,2.488,1.310
406,2.639,1.310
407,2.722,1.310
408,2.747,1.310
409,2.713,1.310
410,2.664,1.310
411,2.605,1.310
412,2.551,1.315
413,2.517,1.315
414,2.522,1.315
415,2.522,1.315
416,2.522,1.315
417,2.502,1.315
418,2.463,1.315
419,2.424,1.320
420,2.385,1.315
421,2.356,1.320
422,2.326,1.320
423,2.307,1.320
424,2.292,1.320
425,2.278,1.325
426,2.297,1.325
427,2.400,1.325
428,2.551,1.325
429,2.659,1.325
430,2.688,1.325
431,2.659,1.329
432,2.605,1.329
433,2.537,1.329
434,2.483,1.329
435,2.468,1.329
436,2.463,1.329
437,2.473,1.329
438,2.483,1.329
439,2.463,1.329
440,2.434,1.329
441,2.405,1.329
442,2.385,1.329
443,2.366,1.329
444,2.356,1.329
445,2.336,1.325
446,2.326,1.329
447,2.370,1.325
448,2.498,1.325
449,2.649,1.325
450,2.742,1.325
451,2.757,1.325
452,2.703,1.325
453,2.615,1.325
454,2.537,1.320
455,2.483,1.325
456,2.473,1.325
457,2.488,1.320
458,2.507,1.320
459,2.498,1.320
460,2.483,1.320
461,2.458,1.320
462,2.429,1.320
463,2.414,1.320
464,2.410,1.320
465,2.405,1.320
466,2.395,1.315
467,2.385,1.320
468,2.458,1.315
469,2.605,1.315
470,2.747,1.315
471,2.820,1.315
472,2.805,1.315
473,2.761,1.315
474,2.683,1.315
475,2.630,1.315
476,2.595,1.315
477,2.586,1.310
478,2.586,1.310
479,2.586,1.310
480,2.576,1.310
481,2.546,1.310
482,2.502,1.310
483,2.454,1.310
484,2.414,1.310
485,2.395,1.310
486,2.375,1.305
487,2.361,1.305
488,2.395,1.305
489,2.522,1.305
490,2.703,1.305
491,2.815,1.305
492,2.845,1.305
493,2.786,1.305
494,2.703,1.305
495,2.610,1.300
496,2.537,1.300
497,2.507,1.300
498,2.493,1.300
499,2.507,1.300
500,2.517,1.300
501,2.498,1.300
502,2.478,1.300
503,2.439,1.300
504,2.400,1.295
505,2.380,1.300
506,2.356,1.295
507,2.370,1.295
508,2.488,1.295
509,2.674,1.295
510,2.810,1.295
511,2.849,1.295
512,2.805,1.295
513,2.713,1.295
514,2.630,1.295
515,2.571,1.295
516,2.537,1.295
517,2.542,1.295
518,2.556,1.295
519,2.556,1.295
520,2.532,1.290
521,2.493,1.295
522,2.458,1.290
523,2.429,1.295
524,2.405,1.295
525,2.380,1.290
526,2.361,1.295
527,2.380,1.290
528,2.502,1.290
529,2.688,1.290
530,2.820,1.290
531,2.854,1.290
532,2.815,1.290
533,2.737,1.290
534,2.649,1.290
535,2.576,1.290
536,2.537,1.290
537,2.532,1.290
538,2.542,1.290
539,2.546,1.290
540,2.532,1.290
541,2.488,1.290
542,2.449,1.290
543,2.410,1.290
544,2.390,1.290
545,2.375,1.290
546,2.366,1.290
547,2.390,1.290
548,2.522,1.290
549,2.722,1.290
550,2.889,1.290
551,2.952,1.295
552,2.937,1.290
553,2.869,1.295
554,2.786,1.290
555,2.708,1.295
556,2.664,1.295
557,2.649,1.290
558,2.659,1.295
559,2.649,1.295
560,2.625,1.295
561,2.590,1.295
562,2.542,1.295
563,2.498,1.295
564,2.458,1.295
565,2.424,1.295
566,2.400,1.295
567,2.454,1.295
568,2.625,1.295
569,2.815,1.295
570,2.933,1.295
571,2.928,1.295
572,2.859,1.300
573,2.766,1.300
574,2.669,1.295
575,2.586,1.295
576,2.546,1.300
577,2.542,1.300
578,2.542,1.300
579,2.532,1.300
580,2.498,1.300
581,2.449,1.300
582,2.405,1.300
583,2.375,1.300
584,2.341,1.300
585,2.322,1.300
586,2.292,1.300
587,2.292,1.300
588,2.395,1.300
589,2.590,1.300
590,2.781,1.300
591,2.874,1.300
592,2.859,1.300
593,2.791,1.300
594,2.708,1.300
595,2.634,1.300
596,2.595,1.300
597,2.590,1.300
598,2.600,1.300
599,2.595,1.305
600,2.566,1.300
601,2.532,1.305
602,2.473,1.305
603,2.424,1.305
604,2.400,1.305
605,2.385,1.305
606,2.366,1.305
607,2.361,1.305
608,2.424,1.305
609,2.581,1.305
610,2.742,1.305
611,2.830,1.305
612,2.820,1.305
613,2.747,1.305
614,2.654,1.305
615,2.561,1.305
616,2.488,1.305
617,2.454,1.305
618,2.458,1.305
619,2.468,1.305
620,2.478,1.305
621,2.468,1.305
622,2.444,1.305
623,2.414,1.305
624,2.380,1.305
625,2.346,1.305
626,2.331,1.305
627,2.322,1.305
628,2.312,1.305
629,2.283,1.305
630,2.429,1.305
631,2.576,1.300
632,2.683,1.305
633,2.693,1.300
634,2.630,1.305
635,2.551,1.300
636,2.478,1.300
637,2.414,1.300
638,2.400,1.300
639,2.405,1.300
640,2.424,1.300
641,2.424,1.300
642,2.410,1.300
643,2.370,1.300
644,2.341,1.300
645,2.307,1.300
646,2.287,1.300
647,2.268,1.295
648,2.258,1.295
649,2.258,1.295
650,2.331,1.295
651,2.473,1.295
652,2.600,1.295
653,2.649,1.295
654,2.620,1.295
655,2.546,1.295
656,2.458,1.295
657,2.400,1.295
658,2.366,1.295
659,2.366,1.295
660,2.375,1.295
661,2.390,1.295
662,2.380,1.295
663,2.361,1.295
664,2.326,1.290
665,2.297,1.295
666,2.283,1.290
667,2.263,1.295
668,2.248,1.290
669,2.234,1.290
670,2.273,1.290
671,2.395,1.290
672,2.542,1.290
673,2.630,1.290
674,2.634,1.290
675,2.586,1.290
676,2.502,1.290
677,2.434,1.290
678,2.390,1.290
679,2.380,1.290
680,2.400,1.290
681,2.414,1.290
682,2.405,1.290
683,2.385,1.290
684,2.351,1.290
685,2.322,1.290
686,2.292,1.290
687,2.268,1.290
688,2.263,1.290
689,2.253,1.290
690,2.283,1.290
691,2.375,1.290
692,2.517,1.290
693,2.620,1.290
694,2.639,1.290
695,2.586,1.290
696,2.522,1.290
697,2.454,1.290
698,2.410,1.290
699,2.400,1.290
700,2.414,1.290
701,2.439,1.290
702,2.439,1.290
703,2.414,1.290
704,2.375,1.290
705,2.331,1.290
706,2.317,1.290
707,2.302,1.290
708,2.287,1.290
709,2.278,1.290
710,2.331,1.290
711,2.458,1.295
712,2.590,1.290
713,2.659,1.295
714,2.654,1.295
715,2.595,1.295
716,2.537,1.295
717,2.478,1.295
718,2.449,1.295
719,2.444,1.295
720,2.449,1.295
721,2.449,1.295
722,2.439,1.295
723,2.414,1.295
724,2.390,1.295
725,2.366,1.295
726,2.341,1.295
727,2.317,1.295
728,2.312,1.295
729,2.326,1.295
730,2.449,1.295
731,2.600,1.295
732,2.698,1.295
733,2.703,1.295
734,2.659,1.295
735,2.605,1.295
736,2.542,1.295
737,2.488,1.295
738,2.463,1.300
739,2.463,1.295
740,2.478,1.300
741,2.478,1.300
742,2.468,1.295
743,2.434,1.300
744,2.405,1.300
745,2.366,1.300
746,2.336,1.300
747,2.307,1.300
748,2.322,1.300
749,2.439,1.300
750,2.600,1.300
751,2.708,1.300
752,2.737,1.300
753,2.722,1.300
754,2.664,1.300
755,2.605,1.300
756,2.566,1.305
757,2.556,1.305
758,2.542,1.305
759,2.527,1.305
760,2.493,1.305
761,2.473,1.305
762,2.439,1.305
763,2.405,1.305
764,2.390,1.305
765,2.370,1.305
766,2.380,1.305
767,2.473,1.305
768,2.644,1.305
769,2.761,1.305
770,2.801,1.310
771,2.776,1.305
772,2.732,1.310
773,2.678,1.305
774,2.620,1.305
775,2.571,1.305
776,2.556,1.305
777,2.556,1.305
778,2.551,1.305
779,2.532,1.305
780,2.512,1.305
781,2.473,1.305
782,2.444,1.305
783,2.410,1.305
784,2.380,1.305
785,2.361,1.305
786,2.370,1.305
787,2.488,1.305
788,2.649,1.305
789,2.752,1.305
790,2.771,1.305
791,2.747,1.305
792,2.708,1.305
793,2.654,1.305
794,2.595,1.300
795,2.546,1.300
796,2.517,1.300
797,2.488,1.300
798,2.468,1.300
799,2.454,1.300
800,2.424,1.300
801,2.390,1.300
802,2.370,1.300
803,2.346,1.300
804,2.317,1.300
805,2.292,1.300
806,2.287,1.300
807,2.287,1.300
808,2.356,1.295
809,2.502,1.295
810,2.630,1.295
811,2.698,1.295
812,2.688,1.295
813,2.644,1.295
814,2.595,1.295
815,2.537,1.295
816,2.473,1.295
817,2.454,1.295
818,2.463,1.295
819,2.463,1.295
820,2.444,1.295
821,2.405,1.295
822,2.346,1.295
823,2.283,1.295
824,2.239,1.295
825,2.219,1.295
826,2.229,1.295
827,2.253,1.295
828,2.297,1.295
829,2.424,1.295
830,2.561,1.295
831,2.615,1.295
832,2.600,1.295
833,2.556,1.295
834,2.512,1.295
835,2.493,1.295
836,2.517,1.295
837,2.546,1.295
838,2.581,1.295
839,2.590,1.295
840,2.556,1.295
841,2.493,1.295
842,2.429,1.290
843,2.380,1.290
844,2.346,1.290
845,2.336,1.290
846,2.346,1.290
847,2.341,1.290
848,2.331,1.290
849,2.317,1.290
850,2.322,1.290
851,2.395,1.290
852,2.542,1.290
853,2.659,1.290
854,2.703,1.290
855,2.678,1.290
856,2.630,1.290
857,2.571,1.290
858,2.532,1.290
859,2.507,1.290
860,2.498,1.290
861,2.473,1.290
862,2.454,1.290
863,2.429,1.290
864,2.414,1.290
865,2.380,1.290
866,2.351,1.290
867,2.312,1.290
868,2.292,1.290
869,2.278,1.290
870,2.283,1.290
871,2.307,1.290
872,2.414,1.290
873,2.551,1.290
874,2.659,1.290
875,2.649,1.290
876,2.590,1.290
877,2.542,1.290
878,2.493,1.290
879,2.458,1.290
880,2.444,1.290
881,2.444,1.290
882,2.473,1.290
883,2.444,1.290
884,2.405,1.290
885,2.370,1.290
886,2.351,1.290
887,2.341,1.290
888,2.341,1.290
889,2.331,1.290
890,2.336,1.290
891,2.380,1.290
892,2.507,1.290
893,2.664,1.295
894,2.742,1.295
895,2.747,1.295
896,2.693,1.290
897,2.634,1.295
898,2.571,1.295
899,2.527,1.295
900,2.517,1.295
901,2.517,1.295
902,2.522,1.295
903,2.507,1.295
904,2.458,1.295
905,2.419,1.295
906,2.390,1.295
907,2.380,1.295
908,2.380,1.295
909,2.370,1.295
910,2.351,1.295
911,2.341,1.295
912,2.380,1.295
913,2.512,1.295
914,2.683,1.295
915,2.786,1.295
916,2.801,1.300
917,2.757,1.295
918,2.703,1.300
919,2.639,1.295
920,2.586,1.300
921,2.571,1.300
922,2.561,1.300
923,2.551,1.300
924,2.551,1.300
925,2.532,1.300
926,2.488,1.300
927,2.449,1.300
928,2.414,1.300
929,2.405,1.300
930,2.385,1.300
931,2.366,1.300
932,2.356,1.300
933,2.361,1.300
934,2.439,1.300
935,2.630,1.300
936,2.761,1.300
937,2.810,1.300
938,2.801,1.300
939,2.737,1.300
940,2.678,1.300
941,2.610,1.300
942,2.556,1.300
943,2.542,1.300
944,2.537,1.300
945,2.537,1.300
946,2.522,1.305
947,2.483,1.300
948,2.444,1.305
949,2.395,1.300
950,2.351,1.300
951,2.322,1.305
952,2.312,1.300
953,2.307,1.300
954,2.307,1.300
955,2.375,1.300
956,2.527,1.300
957,2.703,1.300
958,2.815,1.300
959,2.820,1.300
960,2.766,1.300
961,2.683,1.300
962,2.595,1.300
963,2.527,1.300
964,2.498,1.300
965,2.512,1.300
966,2.532,1.300
967,2.522,1.300
968,2.507,1.295
969,2.473,1.300
970,2.454,1.295
971,2.414,1.295
972,2.380,1.295
973,2.356,1.295
974,2.351,1.295
975,2.331,1.295
976,2.351,1.295
977,2.458,1.295
978,2.630,1.290
979,2.771,1.290
980,2.810,1.290
981,2.747,1.290
982,2.659,1.290
983,2.576,1.290
984,2.507,1.290
985,2.478,1.290
986,2.483,1.285
987,2.502,1.285
988,2.502,1.285
989,2.483,1.285
990,2.444,1.285
991,2.405,1.285
992,2.366,1.285
993,2.341,1.281
994,2.317,1.281
995,2.302,1.281
996,2.287,1.281
997,2.287,1.281
998,2.351,1.281
999,2.502,1.276
1000,2.659,1.276
1001,2.717,1.276
1002,2.688,1.276
1003,2.615,1.276
1004,2.537,1.276
1005,2.463,1.276
1006,2.429,1.276
1007,2.429,1.271
1008,2.478,1.271
1009,2.468,1.271
1010,2.439,1.271
1011,2.419,1.271
1012,2.380,1.271
1013,2.341,1.271
1014,2.317,1.266
1015,2.312,1.266
1016,2.297,1.266
1017,2.278,1.266
1018,2.336,1.266
1019,2.483,1.266
1020,2.630,1.266
1021,2.703,1.266
1022,2.688,1.266
1023,2.615,1.266
1024,2.517,1.266
1025,2.449,1.261
1026,2.414,1.266
1027,2.419,1.261
1028,2.439,1.261
1029,2.454,1.261
1030,2.454,1.261
1031,2.434,1.261
1032,2.405,1.261
1033,2.375,1.261
1034,2.356,1.261
1035,2.322,1.261
1036,2.307,1.261
1037,2.297,1.261
1038,2.341,1.261
1039,2.478,1.261
1040,2.639,1.261
1041,2.727,1.261
1042,2.732,1.261
1043,2.659,1.261
1044,2.571,1.261
1045,2.488,1.261
1046,2.454,1.261
1047,2.444,1.261
1048,2.468,1.261
1049,2.493,1.261
1050,2.498,1.261
1051,2.488,1.261
1052,2.449,1.261
1053,2.390,1.261
1054,2.317,1.261
1055,2.263,1.261
1056,2.243,1.261
1057,2.229,1.261
1058,2.278,1.261
1059,2.434,1.261
1060,2.615,1.261
1061,2.732,1.261
1062,2.747,1.261
1063,2.669,1.261
1064,2.595,1.261
1065,2.561,1.261
1066,2.532,1.261
1067,2.556,1.261
1068,2.561,1.261
1069,2.542,1.261
1070,2.507,1.261
1071,2.473,1.261
1072,2.454,1.261
1073,2.444,1.261
1074,2.454,1.261
1075,2.439,1.261
1076,2.380,1.261
1077,2.346,1.261
1078,2.380,1.261
1079,2.517,1.261
1080,2.698,1.261
1081,2.766,1.261
1082,2.761,1.261
1083,2.703,1.261
1084,2.620,1.261
1085,2.532,1.261
1086,2.483,1.261
1087,2.493,1.261
1088,2.517,1.261
1089,2.532,1.261
1090,2.522,1.261
1091,2.488,1.261
1092,2.439,1.261
1093,2.400,1.261
1094,2.356,1.261
1095,2.336,1.261
1096,2.331,1.261
1097,2.356,1.261
1098,2.468,1.261
1099,2.630,1.261
1100,2.747,1.261
1101,2.771,1.261
1102,2.727,1.261
1103,2.634,1.261
1104,2.556,1.261
1105,2.507,1.261
1106,2.498,1.261
1107,2.522,1.261
1108,2.551,1.261
1109,2.566,1.261
1110,2.561,1.261
1111,2.542,1.261
1112,2.483,1.256
1113,2.419,1.256
1114,2.370,1.256
1115,2.326,1.256
1116,2.307,1.256
1117,2.361,1.256
1118,2.542,1.256
1119,2.747,1.256
1120,2.796,1.256
1121,2.683,1.256
1122,2.590,1.256
1123,2.532,1.256
1124,2.522,1.256
1125,2.517,1.256
1126,2.542,1.256
1127,2.581,1.256
1128,2.625,1.256
1129,2.639,1.256
1130,2.630,1.256
1131,2.605,1.256
1132,2.581,1.256
1133,2.532,1.256
1134,2.468,1.256
1135,2.537,1.256
1136,2.703,1.256
1137,2.879,1.251
1138,2.928,1.251
1139,2.918,1.251
1140,2.869,1.251
1141,2.791,1.251
1142,2.713,1.251
1143,2.625,1.251
1144,2.576,1.251
1145,2.546,1.251
1146,2.517,1.251
1147,2.498,1.251
1148,2.463,1.251
1149,2.434,1.251
1150,2.410,1.251
1151,2.385,1.251
1152,2.473,1.251
1153,2.600,1.251
1154,2.766,1.251
1155,2.859,1.251
1156,2.849,1.251
1157,2.796,1.251
1158,2.727,1.251
1159,2.649,1.251
1160,2.600,1.251
1161,2.615,1.251
1162,2.566,1.251
1163,2.522,1.256
1164,2.488,1.251
1165,2.454,1.251
1166,2.405,1.251
1167,2.375,1.251
1168,2.346,1.251
1169,2.331,1.251
1170,2.395,1.251
1171,2.493,1.251
1172,2.669,1.251
1173,2.805,1.251
1174,2.859,1.251
1175,2.815,1.251
1176,2.737,1.251
1177,2.654,1.256
1178,2.571,1.251
1179,2.537,1.251
1180,2.507,1.251
1181,2.478,1.251
1182,2.449,1.256
1183,2.414,1.251
1184,2.385,1.256
1185,2.341,1.251
1186,2.307,1.256
1187,2.278,1.251
1188,2.283,1.251
1189,2.234,1.251
1190,2.209,1.251
1191,2.248,1.251
1192,2.400,1.251
1193,2.610,1.251
1194,2.752,1.251
1195,2.752,1.256
1196,2.630,1.256
1197,2.498,1.256
1198,2.390,1.256
1199,2.361,1.256
1200,2.380,1.256
1201,2.419,1.256
1202,2.439,1.256
1203,2.410,1.256
1204,2.375,1.256
1205,2.336,1.256
1206,2.278,1.256
1207,2.248,1.256
1208,2.224,1.256
1209,2.214,1.256
1210,2.214,1.256
1211,2.209,1.256
1212,2.278,1.256
1213,2.454,1.256
1214,2.752,1.256
1215,2.674,1.256
1216,2.561,1.256
1217,2.468,1.256
1218,2.400,1.256
1219,2.400,1.256
1220,2.434,1.256
1221,2.463,1.256
1222,2.454,1.256
1223,2.449,1.256
1224,2.380,1.256
1225,2.307,1.256
1226,2.273,1.256
1227,2.253,1.256
1228,2.243,1.251
1229,2.248,1.256
1230,2.253,1.251
1231,2.248,1.251
1232,2.537,1.251
1233,2.610,1.251
1234,2.620,1.251
1235,2.576,1.251
1236,2.493,1.251
1237,2.429,1.251
1238,2.375,1.251
1239,2.351,1.251
1240,2.361,1.251
1241,2.434,1.251
1242,2.395,1.251
1243,2.361,1.251
1244,2.331,1.251
1245,2.312,1.251
1246,2.307,1.251
1247,2.307,1.251
1248,2.292,1.251
1249,2.287,1.251
1250,2.556,1.251
1251,2.664,1.251
1252,2.678,1.251
1253,2.644,1.251
1254,2.590,1.251
1255,2.517,1.251
1256,2.454,1.251
1257,2.424,1.251
1258,2.468,1.251
1259,2.414,1.251
1260,2.385,1.251
1261,2.366,1.251
1262,2.370,1.246
1263,2.375,1.246
1264,2.366,1.246
1265,2.312,1.246
1266,2.258,1.251
1267,2.307,1.246
1268,2.414,1.246
1269,2.586,1.246
1270,2.698,1.246
1271,2.703,1.246
1272,2.639,1.246
1273,2.581,1.246
1274,2.517,1.246
1275,2.463,1.246
1276,2.502,1.251
1277,2.478,1.246
1278,2.454,1.246
1279,2.419,1.251
1280,2.380,1.251
1281,2.366,1.246
1282,2.351,1.246
1283,2.336,1.246
1284,2.326,1.251
1285,2.361,1.232
1286,2.414,1.217
1287,2.561,1.202
1288,2.683,1.188
1289,2.737,1.173
1290,2.722,1.168
1291,2.678,1.158
1292,2.605,1.158
1293,2.512,1.153
1294,2.483,1.149
1295,2.473,1.144
1296,2.473,1.144
1297,2.458,1.144
1298,2.434,1.144
1299,2.405,1.149
1300,2.390,1.149
1301,2.361,1.149
1302,2.346,1.153
1303,2.351,1.153
1304,2.366,1.158
1305,2.483,1.158
1306,2.634,1.158
1307,2.717,1.163
1308,2.722,1.163
1309,2.659,1.163
1310,2.590,1.168
1311,2.512,1.173
1312,2.483,1.173
1313,2.478,1.173
1314,2.493,1.173
1315,2.488,1.178
1316,2.468,1.178
1317,2.439,1.178
1318,2.405,1.183
1319,2.375,1.183
1320,2.385,1.183
1321,2.346,1.188
1322,2.385,1.188
1323,2.527,1.188
1324,2.688,1.188
1325,2.766,1.193
1326,2.752,1.193
1327,2.698,1.193
1328,2.625,1.193
1329,2.542,1.193
1330,2.507,1.197
1331,2.507,1.197
1332,2.522,1.197
1333,2.517,1.197
1334,2.493,1.197
1335,2.468,1.202
1336,2.429,1.202
1337,2.400,1.202
1338,2.390,1.202
1339,2.366,1.202
1340,2.449,1.207
1341,2.620,1.207
1342,2.771,1.207
1343,2.820,1.207
1344,2.786,1.207
1345,2.713,1.207
1346,2.630,1.207
1347,2.556,1.212
1348,2.537,1.212
1349,2.537,1.212
1350,2.537,1.212
1351,2.522,1.212
1352,2.498,1.212
1353,2.463,1.212
1354,2.434,1.217
1355,2.414,1.217
1356,2.414,1.217
1357,2.395,1.217
1358,2.424,1.217
1359,2.571,1.217
1360,2.761,1.217
1361,2.874,1.217
1362,2.879,1.217
1363,2.810,1.217
1364,2.717,1.222
1365,2.566,1.222
1366,2.532,1.222
1367,2.493,1.222
1368,2.458,1.222
1369,2.429,1.222
1370,2.405,1.227
1371,2.385,1.227
1372,2.366,1.227
1373,2.351,1.227
1374,2.351,1.227
1375,2.429,1.227
1376,2.615,1.227
1377,2.796,1.227
1378,2.879,1.227
1379,2.859,1.227
1380,2.786,1.227
1381,2.713,1.227
1382,2.639,1.227
1383,2.586,1.232
1384,2.571,1.232
1385,2.576,1.232
1386,2.581,1.232
1387,2.566,1.232
1388,2.532,1.232
1389,2.483,1.232
1390,2.429,1.232
1391,2.385,1.232
1392,2.361,1.237
1393,2.346,1.232
1394,2.336,1.237
1395,2.356,1.232
1396,2.488,1.237
1397,2.693,1.237
1398,2.835,1.237
1399,2.859,1.237
1400,2.791,1.237
1401,2.698,1.237
1402,2.615,1.237
1403,2.551,1.237
1404,2.512,1.237
1405,2.517,1.237
1406,2.532,1.237
1407,2.527,1.237
1408,2.512,1.241
1409,2.468,1.241
1410,2.429,1.241
1411,2.400,1.241
1412,2.356,1.241
1413,2.341,1.241
1414,2.326,1.241
1415,2.312,1.241
1416,2.326,1.241
1417,2.454,1.241
1418,2.659,1.241
1419,2.801,1.241
1420,2.825,1.246
1421,2.766,1.241
1422,2.654,1.246
1423,2.556,1.246
1424,2.488,1.246
1425,2.468,1.246
1426,2.478,1.246
1427,2.507,1.246
1428,2.512,1.246
1429,2.493,1.246
1430,2.458,1.246
1431,2.414,1.251
1432,2.370,1.246
1433,2.346,1.251
1434,2.331,1.246
1435,2.322,1.251
1436,2.317,1.251
1437,2.361,1.251
1438,2.527,1.251
1439,2.717,1.251
1440,2.820,1.251
1441,2.801,1.251
1442,2.722,1.251
1443,2.630,1.251
1444,2.537,1.251
1445,2.473,1.251
1446,2.463,1.251
1447,2.478,1.256
1448,2.507,1.251
1449,2.512,1.256
1450,2.488,1.251
1451,2.468,1.256
1452,2.439,1.256
1453,2.410,1.256
1454,2.385,1.256
1455,2.366,1.256
1456,2.346,1.256
1457,2.375,1.256
1458,2.527,1.256
1459,2.717,1.256
1460,2.835,1.256
1461,2.835,1.256
1462,2.752,1.256
1463,2.659,1.261
1464,2.576,1.256
1465,2.512,1.256
1466,2.483,1.256
1467,2.502,1.261
1468,2.517,1.261
1469,2.512,1.261
1470,2.493,1.261
1471,2.449,1.261
1472,2.400,1.261
1473,2.366,1.261
1474,2.336,1.261
1475,2.317,1.261
1476,2.297,1.261
1477,2.312,1.261
1478,2.410,1.261
1479,2.639,1.261
1480,2.796,1.261
1481,2.830,1.266
1482,2.781,1.261
1483,2.698,1.266
1484,2.600,1.266
1485,2.527,1.266
1486,2.488,1.266
1487,2.488,1.266
1488,2.512,1.266
1489,2.522,1.266
1490,2.512,1.266
1491,2.478,1.266
1492,2.439,1.266
1493,2.390,1.266
1494,2.361,1.266
1495,2.336,1.266
1496,2.312,1.266
1497,2.317,1.271
1498,2.424,1.266
1499,2.615,1.271
1500,2.781,1.271
1501,2.840,1.271
1502,2.801,1.271
1503,2.722,1.271
1504,2.634,1.271
1505,2.556,1.271
1506,2.517,1.271
1507,2.502,1.271
1508,2.507,1.271
1509,2.512,1.271
1510,2.493,1.271
1511,2.439,1.271
1512,2.390,1.271
1513,2.346,1.271
1514,2.322,1.271
1515,2.312,1.271
1516,2.312,1.271
1517,2.405,1.271
1518,2.595,1.276
1519,2.757,1.271
1520,2.815,1.276
1521,2.776,1.271
1522,2.698,1.276
1523,2.605,1.276
1524,2.517,1.276
1525,2.473,1.276
1526,2.473,1.276
1527,2.493,1.276
1528,2.502,1.276
1529,2.478,1.276
1530,2.449,1.276
1531,2.419,1.276
1532,2.385,1.276
1533,2.356,1.276
1534,2.326,1.281
1535,2.307,1.276
1536,2.317,1.281
1537,2.439,1.276
1538,2.630,1.281
1539,2.761,1.276
1540,2.791,1.281
1541,2.737,1.281
1542,2.649,1.281
1543,2.556,1.281
1544,2.478,1.281
1545,2.449,1.281
1546,2.454,1.281
1547,2.473,1.281
1548,2.483,1.281
1549,2.458,1.281
1550,2.424,1.281
1551,2.385,1.281
1552,2.346,1.281
1553,2.322,1.281
1554,2.307,1.281
1555,2.292,1.281
1556,2.297,1.281
1557,2.405,1.281
1558,2.600,1.281
1559,2.747,1.281
1560,2.781,1.281
1561,2.727,1.281
1562,2.630,1.281
1563,2.542,1.281
1564,2.473,1.281
1565,2.454,1.285
1566,2.458,1.285
1567,2.483,1.281
1568,2.473,1.285
1569,2.449,1.281
1570,2.410,1.285
1571,2.375,1.281
1572,2.341,1.285
1573,2.317,1.285
1574,2.302,1.285
1575,2.283,1.285
1576,2.278,1.285
1577,2.346,1.285
1578,2.507,1.281
1579,2.669,1.285
1580,2.757,1.285
1581,2.747,1.285
1582,2.678,1.285
1583,2.590,1.285
1584,2.512,1.285
1585,2.468,1.285
1586,2.449,1.285
1587,2.439,1.285
1588,2.419,1.285
1589,2.405,1.285
1590,2.385,1.285
1591,2.346,1.285
1592,2.317,1.281
1593,2.287,1.281
1594,2.263,1.281
1595,2.248,1.281
1596,2.243,1.281
1597,2.287,1.281
1598,2.449,1.281
1599,2.630,1.281
1600,2.727,1.285
1601,2.722,1.285
1602,2.654,1.285
1603,2.566,1.285
1604,2.488,1.290
1605,2.444,1.290
1606,2.419,1.290
1607,2.429,1.290
1608,2.454,1.290
1609,2.449,1.290
1610,2.434,1.290
1611,2.410,1.290
1612,2.380,1.290
1613,2.346,1.290
1614,2.331,1.290
1615,2.312,1.290
1616,2.302,1.290
1617,2.292,1.285
1618,2.375,1.285
1619,2.551,1.285
1620,2.713,1.285
1621,2.786,1.285
1622,2.737,1.285
1623,2.639,1.285
1624,2.551,1.281
1625,2.478,1.285
1626,2.454,1.281
1627,2.454,1.281
1628,2.473,1.281
1629,2.488,1.281
1630,2.478,1.285
1631,2.454,1.285
1632,2.410,1.285
1633,2.375,1.285
1634,2.346,1.285
1635,2.331,1.285
1636,2.297,1.285
1637,2.351,1.285
1638,2.488,1.285
1639,2.659,1.285
1640,2.766,1.285
1641,2.757,1.290
1642,2.683,1.290
1643,2.586,1.285
1644,2.498,1.290
1645,2.434,1.290
1646,2.424,1.290
1647,2.439,1.290
1648,2.444,1.290
1649,2.449,1.290
1650,2.429,1.290
1651,2.405,1.290
1652,2.385,1.290
1653,2.356,1.290
1654,2.326,1.290
1655,2.302,1.290
1656,2.278,1.290
1657,2.317,1.290
1658,2.458,1.290
1659,2.639,1.290
1660,2.747,1.290
1661,2.747,1.290
1662,2.678,1.290
1663,2.590,1.290
1664,2.517,1.290
1665,2.478,1.285
1666,2.483,1.285
1667,2.502,1.285
1668,2.493,1.285
1669,2.502,1.285
1670,2.512,1.285
1671,2.468,1.285
1672,2.410,1.281
1673,2.390,1.285
1674,2.390,1.285
1675,2.390,1.285
1676,2.366,1.285
1677,2.439,1.281
1678,2.639,1.285
1679,2.796,1.281
1680,2.869,1.285
1681,2.805,1.281
1682,2.688,1.285
1683,2.581,1.285
1684,2.498,1.285
1685,2.449,1.285
1686,2.449,1.285
1687,2.468,1.285
1688,2.478,1.285
1689,2.478,1.285
1690,2.468,1.285
1691,2.434,1.285
1692,2.410,1.285
1693,2.375,1.290
1694,2.346,1.290
1695,2.322,1.290
1696,2.346,1.290
1697,2.483,1.290
1698,2.678,1.290
1699,2.810,1.290
1700,2.835,1.290
1701,2.776,1.290
1702,2.693,1.290
1703,2.625,1.290
1704,2.566,1.290
1705,2.542,1.290
1706,2.556,1.290
1707,2.556,1.295
1708,2.542,1.290
1709,2.507,1.290
1710,2.468,1.295
1711,2.444,1.290
1712,2.410,1.295
1713,2.380,1.290
1714,2.356,1.295
1715,2.346,1.295
1716,2.414,1.295
1717,2.600,1.295
1718,2.796,1.295
1719,2.884,1.295
1720,2.864,1.295
1721,2.781,1.295
1722,2.683,1.295
1723,2.586,1.295
1724,2.532,1.295
1725,2.527,1.295
1726,2.546,1.300
1727,2.546,1.295
1728,2.507,1.300
1729,2.473,1.295
1730,2.444,1.300
1731,2.424,1.300
1732,2.405,1.300
1733,2.361,1.300
1734,2.312,1.300
1735,2.302,1.300
1736,2.410,1.300
1737,2.605,1.300
1738,2.761,1.300
1739,2.801,1.300
1740,2.747,1.300
1741,2.654,1.300
1742,2.571,1.300
1743,2.507,1.300
1744,2.463,1.300
1745,2.473,1.300
1746,2.493,1.305
1747,2.507,1.300
1748,2.478,1.305
1749,2.434,1.305
1750,2.385,1.305
1751,2.351,1.305
1752,2.312,1.305
1753,2.283,1.305
1754,2.273,1.305
1755,2.307,1.305
1756,2.449,1.305
1757,2.634,1.305
1758,2.766,1.305
1759,2.781,1.305
1760,2.713,1.305
1761,2.615,1.305
1762,2.512,1.305
1763,2.463,1.305
1764,2.493,1.310
1765,2.512,1.310
1766,2.502,1.305
1767,2.478,1.310
1768,2.454,1.310
1769,2.429,1.310
1770,2.414,1.310
1771,2.390,1.310
1772,2.346,1.310
1773,2.317,1.310
1774,2.356,1.310
1775,2.512,1.310
1776,2.688,1.310
1777,2.781,1.310
1778,2.786,1.310
1779,2.737,1.310
1780,2.639,1.310
1781,2.532,1.310
1782,2.488,1.310
1783,2.493,1.310
1784,2.498,1.310
1785,2.488,1.310
1786,2.483,1.315
1787,2.458,1.315
1788,2.400,1.315
1789,2.356,1.315
1790,2.331,1.315
1791,2.307,1.315
1792,2.278,1.315
1793,2.263,1.315
1794,2.307,1.315
1795,2.458,1.315
1796,2.639,1.315
1797,2.752,1.315
1798,2.761,1.315
1799,2.698,1.315
1800,2.610,1.315
1801,2.517,1.315
1802,2.458,1.315
1803,2.444,1.315
1804,2.449,1.315
1805,2.463,1.315
1806,2.468,1.320
1807,2.449,1.315
1808,2.414,1.320
1809,2.390,1.315
1810,2.356,1.320
1811,2.322,1.315
1812,2.302,1.315
1813,2.302,1.315
1814,2.341,1.315
1815,2.454,1.315
1816,2.595,1.315
1817,2.688,1.315
1818,2.688,1.315
1819,2.630,1.315
1820,2.542,1.315
1821,2.463,1.320
1822,2.414,1.315
1823,2.390,1.315
1824,2.390,1.320
1825,2.405,1.315
1826,2.410,1.320
1827,2.400,1.315
1828,2.370,1.320
1829,2.331,1.315
1830,2.297,1.315
1831,2.283,1.320
1832,2.278,1.315
1833,2.273,1.320
1834,2.278,1.320
1835,2.375,1.320
1836,2.532,1.320
1837,2.630,1.320
1838,2.644,1.320
1839,2.590,1.320
1840,2.517,1.320
1841,2.439,1.320
1842,2.400,1.320
1843,2.395,1.320
1844,2.414,1.320
1845,2.434,1.320
1846,2.434,1.320
1847,2.419,1.320
1848,2.390,1.320
1849,2.351,1.320
1850,2.317,1.325
1851,2.287,1.320
1852,2.273,1.325
1853,2.268,1.325
1854,2.326,1.325
1855,2.463,1.325
1856,2.615,1.320
1857,2.688,1.325
1858,2.669,1.325
1859,2.610,1.325
1860,2.537,1.320
1861,2.463,1.325
1862,2.424,1.320
1863,2.429,1.320
1864,2.439,1.320
1865,2.449,1.320
1866,2.434,1.320
1867,2.410,1.320
1868,2.385,1.320
1869,2.351,1.320
1870,2.326,1.320
1871,2.307,1.320
1872,2.283,1.315
1873,2.283,1.320
1874,2.351,1.315
1875,2.512,1.315
1876,2.664,1.315
1877,2.722,1.315
1878,2.683,1.315
1879,2.625,1.315
1880,2.561,1.315
1881,2.488,1.310
1882,2.449,1.310
1883,2.439,1.310
1884,2.449,1.310
1885,2.454,1.310
1886,2.449,1.310
1887,2.424,1.310
1888,2.395,1.305
1889,2.361,1.305
1890,2.326,1.305
1891,2.292,1.305
1892,2.278,1.305
1893,2.336,1.305
1894,2.478,1.305
1895,2.625,1.305
1896,2.703,1.300
1897,2.698,1.300
1898,2.654,1.300
1899,2.610,1.300
1900,2.566,1.300
1901,2.532,1.300
1902,2.512,1.300
1903,2.493,1.300
1904,2.468,1.295
1905,2.434,1.295
1906,2.395,1.295
1907,2.385,1.295
1908,2.361,1.290
1909,2.302,1.290
1910,2.248,1.290
1911,2.229,1.285
1912,2.243,1.285
1913,2.307,1.285
1914,2.463,1.285
1915,2.620,1.281
1916,2.688,1.285
1917,2.659,1.281
1918,2.595,1.281
1919,2.532,1.281
1920,2.498,1.281
1921,2.488,1.281
1922,2.483,1.281
1923,2.468,1.281
1924,2.463,1.281
1925,2.454,1.281
1926,2.419,1.281
1927,2.380,1.281
1928,2.351,1.281
1929,2.336,1.281
1930,2.307,1.281
1931,2.283,1.281
1932,2.287,1.281
1933,2.341,1.281
1934,2.468,1.281
1935,2.590,1.281
1936,2.678,1.281
1937,2.678,1.281
1938,2.620,1.281
1939,2.561,1.281
1940,2.517,1.281
1941,2.493,1.281
1942,2.493,1.281
1943,2.502,1.281
1944,2.498,1.281
1945,2.488,1.281
1946,2.463,1.281
1947,2.429,1.281
1948,2.395,1.281
1949,2.370,1.281
1950,2.356,1.281
1951,2.351,1.281
1952,2.341,1.281
1953,2.380,1.285
1954,2.502,1.281
1955,2.649,1.285
1956,2.727,1.281
1957,2.713,1.285
1958,2.659,1.285
1959,2.590,1.285
1960,2.527,1.285
1961,2.488,1.285
1962,2.483,1.285
1963,2.493,1.285
1964,2.498,1.285
1965,2.483,1.285
1966,2.463,1.285
1967,2.434,1.285
1968,2.410,1.285
1969,2.380,1.285
1970,2.351,1.285
1971,2.336,1.285
1972,2.395,1.285
1973,2.532,1.290
1974,2.664,1.290
1975,2.727,1.290
1976,2.717,1.290
1977,2.669,1.290
1978,2.605,1.290
1979,2.551,1.290
1980,2.512,1.290
1981,2.502,1.290
1982,2.507,1.290
1983,2.522,1.290
1984,2.507,1.290
1985,2.478,1.290
1986,2.444,1.290
1987,2.414,1.290
1988,2.395,1.290
1989,2.375,1.295
1990,2.366,1.295
1991,2.424,1.295
1992,2.576,1.295
1993,2.722,1.295
1994,2.801,1.295
1995,2.796,1.295
1996,2.742,1.295
1997,2.683,1.295
1998,2.625,1.295
1999,2.581,1.295
2000,2.556,1.295
2001,2.546,1.300
2002,2.546,1.295
2003,2.537,1.300
2004,2.522,1.300
2005,2.488,1.300
2006,2.463,1.300
2007,2.439,1.300
2008,2.419,1.300
2009,2.395,1.300
2010,2.380,1.300
2011,2.454,1.300
2012,2.605,1.300
2013,2.757,1.300
2014,2.835,1.305
2015,2.835,1.305
2016,2.781,1.305
2017,2.708,1.305
2018,2.639,1.305
2019,2.576,1.305
2020,2.551,1.305
2021,2.551,1.305
2022,2.561,1.305
2023,2.551,1.305
2024,2.542,1.305
2025,2.517,1.305
2026,2.478,1.305
2027,2.454,1.305
2028,2.424,1.305
2029,2.395,1.305
2030,2.400,1.310
2031,2.512,1.305
2032,2.683,1.310
2033,2.830,1.310
2034,2.889,1.310
2035,2.854,1.310
2036,2.781,1.310
2037,2.703,1.310
2038,2.630,1.310
2039,2.581,1.310
2040,2.566,1.310
2041,2.566,1.310
2042,2.551,1.310
2043,2.537,1.310
2044,2.522,1.310
2045,2.483,1.310
2046,2.444,1.310
2047,2.414,1.310
2048,2.390,1.310
2049,2.366,1.310
2050,2.375,1.310
2051,2.483,1.310
2052,2.664,1.310
2053,2.801,1.310
2054,2.845,1.310
2055,2.810,1.310
2056,2.747,1.310
2057,2.669,1.310
2058,2.600,1.310
2059,2.542,1.310
2060,2.517,1.310
2061,2.522,1.310
2062,2.537,1.310
2063,2.527,1.310
2064,2.502,1.310
2065,2.463,1.310
2066,2.429,1.310
2067,2.410,1.310
2068,2.390,1.310
2069,2.370,1.310
2070,2.356,1.310
2071,2.410,1.310
2072,2.586,1.310
2073,2.761,1.310
2074,2.845,1.310
2075,2.825,1.310
2076,2.732,1.310
2077,2.639,1.310
2078,2.556,1.310
2079,2.517,1.310
2080,2.502,1.310
2081,2.512,1.310
2082,2.517,1.310
2083,2.507,1.310
2084,2.488,1.310
2085,2.463,1.310
2086,2.454,1.310
2087,2.473,1.310
2088,2.454,1.310
2089,2.390,1.310
2090,2.366,1.310
2091,2.439,1.310
2092,2.586,1.310
2093,2.722,1.310
2094,2.776,1.310
2095,2.747,1.310
2096,2.659,1.310
2097,2.571,1.310
2098,2.493,1.310
2099,2.449,1.310
2100,2.449,1.310
2101,2.458,1.310
2102,2.463,1.310
2103,2.439,1.310
2104,2.400,1.310
2105,2.356,1.310
2106,2.322,1.310
2107,2.283,1.310
2108,2.224,1.310
2109,2.175,1.310
2110,2.151,1.310
2111,2.190,1.310
2112,2.341,1.310
2113,2.527,1.310
2114,2.698,1.310
2115,2.776,1.310
2116,2.766,1.310
2117,2.688,1.310
2118,2.595,1.310
2119,2.498,1.310
2120,2.429,1.310
2121,2.390,1.310
2122,2.400,1.310
2123,2.424,1.310
2124,2.434,1.310
2125,2.424,1.310
2126,2.390,1.310
2127,2.346,1.310
2128,2.312,1.310
2129,2.287,1.310
2130,2.273,1.310
2131,2.273,1.310
2132,2.292,1.310
2133,2.375,1.310
2134,2.542,1.310
2135,2.683,1.310
2136,2.688,1.310
2137,2.595,1.310
2138,2.522,1.315
2139,2.473,1.315
2140,2.444,1.315
2141,2.424,1.315
2142,2.454,1.315
2143,2.502,1.315
2144,2.527,1.315
2145,2.483,1.315
2146,2.395,1.315
2147,2.292,1.315
2148,2.234,1.315
2149,2.253,1.315
2150,2.287,1.315
2151,2.322,1.315
2152,2.390,1.315
2153,2.551,1.320
2154,2.693,1.320
2155,2.757,1.320
2156,2.732,1.320
2157,2.664,1.320
2158,2.571,1.320
2159,2.478,1.320
2160,2.434,1.320
2161,2.434,1.320
2162,2.458,1.320
2163,2.468,1.320
2164,2.434,1.320
2165,2.385,1.320
2166,2.356,1.320
2167,2.341,1.320
2168,2.322,1.320
2169,2.297,1.320
2170,2.283,1.320
2171,2.283,1.320
2172,2.370,1.320
2173,2.556,1.320
2174,2.742,1.320
2175,2.830,1.320
2176,2.810,1.320
2177,2.727,1.320
2178,2.625,1.320
2179,2.542,1.320
2180,2.483,1.320
2181,2.444,1.320
2182,2.454,1.320
2183,2.473,1.320
2184,2.463,1.320
2185,2.434,1.320
2186,2.405,1.320
2187,2.366,1.320
2188,2.346,1.320
2189,2.326,1.320
2190,2.307,1.320
2191,2.278,1.320
2192,2.322,1.320
2193,2.478,1.320
2194,2.664,1.320
2195,2.766,1.320
2196,2.766,1.320
2197,2.703,1.320
2198,2.625,1.320
2199,2.561,1.320
2200,2.517,1.320
2201,2.498,1.320
2202,2.493,1.320
2203,2.498,1.320
2204,2.478,1.320
2205,2.449,1.320
2206,2.410,1.320
2207,2.361,1.315
2208,2.322,1.315
2209,2.292,1.320
2210,2.287,1.315
2211,2.273,1.315
2212,2.292,1.315
2213,2.400,1.315
2214,2.576,1.315
2215,2.703,1.315
2216,2.732,1.315
2217,2.674,1.315
2218,2.576,1.315
2219,2.488,1.315
2220,2.434,1.315
2221,2.410,1.315
2222,2.419,1.315
2223,2.444,1.315
2224,2.444,1.315
2225,2.424,1.315
2226,2.405,1.315
2227,2.370,1.315
2228,2.336,1.315
2229,2.312,1.315
2230,2.287,1.315
2231,2.283,1.315
2232,2.317,1.315
2233,2.449,1.315
2234,2.620,1.315
2235,2.717,1.315
2236,2.727,1.315
2237,2.664,1.315
2238,2.561,1.315
2239,2.478,1.315
2240,2.414,1.315
2241,2.400,1.315
2242,2.419,1.315
2243,2.449,1.315
2244,2.454,1.315
2245,2.439,1.315
2246,2.410,1.315
2247,2.385,1.315
2248,2.351,1.315
2249,2.331,1.315
2250,2.307,1.315
2251,2.302,1.315
2252,2.370,1.315
2253,2.532,1.310
2254,2.683,1.315
2255,2.742,1.315
2256,2.713,1.315
2257,2.630,1.315
2258,2.542,1.310
2259,2.458,1.315
2260,2.434,1.310
2261,2.439,1.315
2262,2.458,1.310
2263,2.468,1.310
2264,2.454,1.310
2265,2.424,1.310
2266,2.395,1.310
2267,2.361,1.310
2268,2.336,1.310
2269,2.312,1.310
2270,2.302,1.310
2271,2.351,1.310
2272,2.502,1.310
2273,2.669,1.310
2274,2.752,1.310
2275,2.742,1.305
2276,2.654,1.305
2277,2.571,1.305
2278,2.502,1.305
2279,2.458,1.305
2280,2.449,1.305
2281,2.463,1.305
2282,2.473,1.305
2283,2.463,1.305
2284,2.434,1.300
2285,2.410,1.300
2286,2.385,1.300
2287,2.366,1.300
2288,2.341,1.300
2289,2.317,1.295
2290,2.312,1.300
2291,2.390,1.295
2292,2.556,1.295
2293,2.708,1.295
2294,2.766,1.295
2295,2.737,1.295
2296,2.654,1.295
2297,2.571,1.295
2298,2.502,1.290
2299,2.458,1.290
2300,2.449,1.290
2301,2.468,1.290
2302,2.478,1.290
2303,2.478,1.290
2304,2.449,1.290
2305,2.419,1.290
2306,2.385,1.290
2307,2.351,1.285
2308,2.331,1.290
2309,2.312,1.285
2310,2.326,1.285
2311,2.424,1.285
2312,2.595,1.285
2313,2.727,1.285
2314,2.766,1.285
2315,2.717,1.285
2316,2.630,1.285
2317,2.556,1.285
2318,2.483,1.285
2319,2.458,1.285
2320,2.458,1.285
2321,2.473,1.285
2322,2.483,1.285
2323,2.468,1.285
2324,2.444,1.281
2325,2.410,1.285
2326,2.375,1.281
2327,2.356,1.281
2328,2.336,1.281
2329,2.322,1.281
2330,2.336,1.281
2331,2.449,1.281
2332,2.634,1.281
2333,2.737,1.281
2334,2.737,1.281
2335,2.683,1.281
2336,2.605,1.281
2337,2.527,1.281
2338,2.473,1.281
2339,2.454,1.281
2340,2.458,1.281
2341,2.468,1.281
2342,2.473,1.281
2343,2.463,1.281
2344,2.434,1.281
2345,2.395,1.281
2346,2.361,1.281
2347,2.341,1.281
2348,2.326,1.281
2349,2.322,1.281
2350,2.356,1.281
2351,2.488,1.281
2352,2.644,1.281
2353,2.722,1.281
2354,2.717,1.281
2355,2.664,1.281
2356,2.586,1.281
2357,2.512,1.281
2358,2.468,1.281
2359,2.444,1.281
2360,2.444,1.281
2361,2.449,1.281
2362,2.458,1.281
2363,2.439,1.281
2364,2.410,1.281
2365,2.375,1.285
2366,2.346,1.281
2367,2.317,1.281
2368,2.302,1.281
2369,2.307,1.281
2370,2.395,1.285
2371,2.551,1.285
2372,2.678,1.285
2373,2.727,1.285
2374,2.693,1.285
2375,2.620,1.285
2376,2.556,1.285
2377,2.498,1.285
2378,2.483,1.285
2379,2.488,1.285
2380,2.493,1.285
2381,2.502,1.285
2382,2.488,1.285
2383,2.463,1.290
2384,2.439,1.290
2385,2.410,1.290
2386,2.385,1.290
2387,2.356,1.290
2388,2.346,1.290
2389,2.419,1.290
2390,2.581,1.290
2391,2.786,1.290
2392,2.766,1.290
2393,2.698,1.290
2394,2.625,1.290
2395,2.556,1.295
2396,2.493,1.290
2397,2.473,1.295
2398,2.483,1.295
2399,2.493,1.295
2400,2.483,1.295
2401,2.463,1.295
2402,2.429,1.295
2403,2.410,1.295
2404,2.375,1.295
2405,2.346,1.295
2406,2.331,1.295
2407,2.331,1.295
2408,2.419,1.295
2409,2.571,1.300
2410,2.708,1.295
2411,2.747,1.300
2412,2.713,1.300
2413,2.654,1.300
2414,2.581,1.300
2415,2.517,1.300
2416,2.478,1.300
2417,2.473,1.300
2418,2.478,1.300
2419,2.478,1.300
2420,2.463,1.305
2421,2.434,1.300
2422,2.405,1.305
2423,2.380,1.305
2424,2.351,1.305
2425,2.336,1.305
2426,2.322,1.305
2427,2.346,1.305
2428,2.463,1.305
2429,2.620,1.305
2430,2.727,1.305
2431,2.747,1.305
2432,2.698,1.305
2433,2.625,1.305
2434,2.556,1.310
2435,2.502,1.305
2436,2.468,1.310
2437,2.468,1.310
2438,2.478,1.310
2439,2.473,1.310
2440,2.463,1.310
2441,2.439,1.310
2442,2.405,1.310
2443,2.375,1.310
2444,2.356,1.310
2445,2.336,1.310
2446,2.326,1.310
2447,2.361,1.315
2448,2.488,1.310
2449,2.649,1.310
2450,2.757,1.315
2451,2.761,1.315
2452,2.703,1.315
2453,2.634,1.310
2454,2.561,1.315
2455,2.498,1.315
2456,2.473,1.315
2457,2.483,1.315
2458,2.498,1.315
2459,2.493,1.315
2460,2.483,1.315
2461,2.458,1.315
2462,2.429,1.315
2463,2.390,1.315
2464,2.366,1.320
2465,2.351,1.315
2466,2.341,1.320
2467,2.400,1.315
2468,2.556,1.320
2469,2.703,1.315
2470,2.771,1.320
2471,2.752,1.320
2472,2.693,1.320
2473,2.620,1.320
2474,2.542,1.320
2475,2.493,1.320
2476,2.478,1.320
2477,2.488,1.320
2478,2.498,1.320
2479,2.493,1.320
2480,2.458,1.320
2481,2.429,1.325
2482,2.400,1.320
2483,2.366,1.320
2484,2.341,1.325
2485,2.322,1.320
2486,2.322,1.325
2487,2.400,1.325
2488,2.571,1.325
2489,2.722,1.325
2490,2.786,1.325
2491,2.761,1.325
2492,2.698,1.325
2493,2.625,1.325
2494,2.561,1.325
2495,2.512,1.325
2496,2.502,1.325
2497,2.512,1.325
2498,2.502,1.325
2499,2.488,1.325
2500,2.463,1.329
2501,2.439,1.325
2502,2.414,1.329
2503,2.385,1.325
2504,2.375,1.329
2505,2.351,1.325
2506,2.336,1.329
2507,2.390,1.329
2508,2.546,1.329
2509,2.708,1.329
2510,2.801,1.329
2511,2.796,1.329
2512,2.737,1.329
2513,2.674,1.329
2514,2.605,1.329
2515,2.542,1.329
2516,2.512,1.329
2517,2.532,1.329
2518,2.517,1.329
2519,2.493,1.329
2520,2.454,1.334
2521,2.424,1.329
2522,2.405,1.329
2523,2.385,1.334
2524,2.361,1.334
2525,2.341,1.334
2526,2.356,1.334
2527,2.454,1.334
2528,2.620,1.334
2529,2.766,1.334
2530,2.815,1.334
2531,2.771,1.334
2532,2.708,1.334
2533,2.630,1.334
2534,2.556,1.334
2535,2.522,1.334
2536,2.522,1.334
2537,2.532,1.334
2538,2.556,1.334
2539,2.556,1.334
2540,2.527,1.334
2541,2.473,1.334
2542,2.424,1.334
2543,2.380,1.334
2544,2.346,1.334
2545,2.326,1.334
2546,2.331,1.334
2547,2.395,1.334
2548,2.561,1.334
2549,2.713,1.334
2550,2.771,1.334
2551,2.752,1.329
2552,2.683,1.334
2553,2.600,1.334
2554,2.517,1.334
2555,2.473,1.334
2556,2.483,1.334
2557,2.522,1.334
2558,2.561,1.334
2559,2.532,1.334
2560,2.429,1.334
2561,2.326,1.334
2562,2.253,1.334
2563,2.224,1.329
2564,2.229,1.329
2565,2.268,1.329
2566,2.317,1.329
2567,2.341,1.329
2568,2.429,1.329
2569,2.571,1.329
2570,2.688,1.334
2571,2.713,1.334
2572,2.674,1.334
2573,2.595,1.334
2574,2.522,1.334
2575,2.444,1.334
2576,2.405,1.334
2577,2.400,1.334
2578,2.419,1.334
2579,2.439,1.334
2580,2.434,1.334
2581,2.410,1.334
2582,2.380,1.334
2583,2.356,1.334
2584,2.341,1.339
2585,2.322,1.339
2586,2.307,1.334
2587,2.292,1.339
2588,2.346,1.339
2589,2.493,1.339
2590,2.669,1.339
2591,2.771,1.339
2592,2.791,1.339
2593,2.747,1.339
2594,2.674,1.339
2595,2.595,1.339
2596,2.537,1.339
2597,2.507,1.339
2598,2.507,1.339
2599,2.517,1.339
2600,2.517,1.339
2601,2.502,1.339
2602,2.483,1.339
2603,2.429,1.339
2604,2.385,1.339
2605,2.366,1.339
2606,2.346,1.339
2607,2.326,1.339
2608,2.326,1.339
2609,2.424,1.339
2610,2.605,1.339
2611,2.766,1.339
2612,2.825,1.339
2613,2.786,1.339
2614,2.722,1.339
2615,2.649,1.339
2616,2.566,1.339
2617,2.527,1.339
2618,2.502,1.339
2619,2.507,1.339
2620,2.517,1.339
2621,2.498,1.339
2622,2.458,1.339
2623,2.429,1.339
2624,2.414,1.339
2625,2.405,1.339
2626,2.385,1.339
2627,2.356,1.339
2628,2.331,1.339
2629,2.370,1.339
2630,2.542,1.339
2631,2.747,1.339
2632,2.849,1.344
2633,2.854,1.339
2634,2.791,1.344
2635,2.703,1.344
2636,2.605,1.344
2637,2.527,1.344
2638,2.488,1.344
2639,2.488,1.344
2640,2.512,1.344
2641,2.512,1.344
2642,2.512,1.344
2643,2.473,1.344
2644,2.434,1.344
2645,2.395,1.344
2646,2.361,1.344
2647,2.336,1.344
2648,2.326,1.344
2649,2.380,1.344
2650,2.537,1.344
2651,2.708,1.339
2652,2.810,1.344
2653,2.805,1.339
2654,2.747,1.339
2655,2.674,1.339
2656,2.595,1.339
2657,2.537,1.339
2658,2.502,1.339
2659,2.502,1.344
2660,2.512,1.339
2661,2.502,1.339
2662,2.483,1.344
2663,2.454,1.339
2664,2.424,1.339
2665,2.390,1.339
2666,2.361,1.344
2667,2.341,1.339
2668,2.317,1.344
2669,2.322,1.344
2670,2.419,1.339
2671,2.586,1.344
2672,2.717,1.339
2673,2.766,1.344
2674,2.727,1.339
2675,2.664,1.339
2676,2.581,1.339
2677,2.517,1.339
2678,2.468,1.339
2679,2.468,1.339
2680,2.478,1.339
2681,2.488,1.339
2682,2.468,1.339
2683,2.444,1.339
2684,2.414,1.339
2685,2.385,1.339
2686,2.370,1.339
2687,2.356,1.339
2688,2.331,1.339
2689,2.317,1.339
2690,2.395,1.334
2691,2.532,1.339
2692,2.669,1.334
2693,2.727,1.339
2694,2.698,1.334
2695,2.630,1.334
2696,2.556,1.334
2697,2.483,1.334
2698,2.444,1.334
2699,2.434,1.334
2700,2.449,1.334
2701,2.478,1.334
2702,2.502,1.334
2703,2.512,1.334
2704,2.512,1.334
2705,2.502,1.334
2706,2.493,1.334
2707,2.488,1.334
2708,2.444,1.329
2709,2.458,1.334
2710,2.571,1.329
2711,2.693,1.329
2712,2.747,1.329
2713,2.727,1.329
2714,2.664,1.329
2715,2.590,1.329
2716,2.522,1.329
2717,2.483,1.325
2718,2.473,1.325
2719,2.493,1.325
2720,2.507,1.325
2721,2.502,1.325
2722,2.478,1.329
2723,2.449,1.329
2724,2.419,1.329
2725,2.385,1.329
2726,2.370,1.329
2727,2.380,1.334
2728,2.429,1.334
2729,2.561,1.334
2730,2.698,1.339
2731,2.752,1.339
2732,2.742,1.344
2733,2.688,1.344
2734,2.625,1.344
2735,2.571,1.344
2736,2.556,1.344
2737,2.551,1.349
2738,2.532,1.344
2739,2.522,1.339
2740,2.502,1.329
2741,2.478,1.329
2742,2.454,1.320
2743,2.429,1.320
2744,2.414,1.315
2745,2.395,1.310
2746,2.380,1.310
2747,2.375,1.305
2748,2.429,1.305
2749,2.590,1.300
2750,2.776,1.295
2751,2.889,1.295
2752,2.913,1.290
2753,2.864,1.290
2754,2.786,1.285
2755,2.698,1.285
2756,2.620,1.285
2757,2.600,1.285
2758,2.625,1.285
2759,2.654,1.281
2760,2.669,1.281
2761,2.630,1.281
2762,2.571,1.281
2763,2.512,1.281
2764,2.454,1.281
2765,2.414,1.281
2766,2.395,1.281
2767,2.405,1.285
2768,2.625,1.281
2769,2.805,1.285
2770,2.884,1.285
2771,2.869,1.285
2772,2.791,1.285
2773,2.688,1.285
2774,2.595,1.285
2775,2.537,1.285
2776,2.532,1.285
2777,2.551,1.285
2778,2.556,1.285
2779,2.546,1.285
2780,2.512,1.281
2781,2.468,1.285
2782,2.424,1.281
2783,2.385,1.281
2784,2.361,1.281
2785,2.331,1.281
2786,2.331,1.281
2787,2.424,1.281
2788,2.605,1.281
2789,2.747,1.281
2790,2.771,1.281
2791,2.713,1.276
2792,2.625,1.281
2793,2.532,1.276
2794,2.458,1.276
2795,2.444,1.276
2796,2.454,1.276
2797,2.473,1.276
2798,2.483,1.276
2799,2.483,1.276
2800,2.454,1.271
2801,2.429,1.271
2802,2.400,1.271
2803,2.375,1.271
2804,2.351,1.271
2805,2.336,1.266
2806,2.410,1.271
2807,2.586,1.266
2808,2.742,1.266
2809,2.801,1.266
2810,2.761,1.266
2811,2.669,1.266
2812,2.561,1.261
2813,2.478,1.261
2814,2.434,1.261
2815,2.434,1.261
2816,2.454,1.261
2817,2.458,1.261
2818,2.454,1.261
2819,2.434,1.261
2820,2.405,1.256
2821,2.370,1.256
2822,2.346,1.256
2823,2.317,1.256
2824,2.297,1.256
2825,2.346,1.251
2826,2.517,1.251
2827,2.703,1.251
2828,2.801,1.251
2829,2.786,1.251
2830,2.703,1.251
2831,2.595,1.251
2832,2.493,1.246
2833,2.434,1.251
2834,2.429,1.246
2835,2.449,1.246
2836,2.468,1.246
2837,2.473,1.246
2838,2.449,1.246
2839,2.424,1.241
2840,2.390,1.246
2841,2.351,1.241
2842,2.317,1.241
2843,2.302,1.241
2844,2.302,1.241
2845,2.395,1.241
2846,2.581,1.241
2847,2.742,1.241
2848,2.796,1.241
2849,2.742,1.241
2850,2.644,1.237
2851,2.551,1.237
2852,2.473,1.237
2853,2.434,1.237
2854,2.444,1.237
2855,2.468,1.237
2856,2.478,1.237
2857,2.463,1.232
2858,2.429,1.237
2859,2.390,1.237
2860,2.361,1.237
2861,2.326,1.232
2862,2.297,1.232
2863,2.263,1.232
2864,2.248,1.232
2865,2.336,1.232
2866,2.507,1.232
2867,2.654,1.232
2868,2.717,1.232
2869,2.693,1.232
2870,2.615,1.232
2871,2.537,1.232
2872,2.483,1.232
2873,2.468,1.232
2874,2.478,1.232
2875,2.493,1.232
2876,2.502,1.232
2877,2.502,1.232
2878,2.488,1.232
2879,2.473,1.232
2880,2.458,1.227
2881,2.419,1.232
2882,2.385,1.227
2883,2.341,1.232
2884,2.346,1.227
2885,2.473,1.227
2886,2.669,1.227
2887,2.796,1.227
2888,2.810,1.227
2889,2.747,1.227
2890,2.644,1.227
2891,2.542,1.227
2892,2.468,1.227
2893,2.444,1.227
2894,2.468,1.227
2895,2.458,1.227
2896,2.439,1.227
2897,2.405,1.227
2898,2.375,1.227
2899,2.346,1.227
2900,2.317,1.227
2901,2.292,1.227
2902,2.273,1.227
2903,2.268,1.227
2904,2.317,1.227
2905,2.488,1.227
2906,2.674,1.227
2907,2.766,1.227
2908,2.752,1.227
2909,2.669,1.227
2910,2.576,1.227
2911,2.498,1.232
2912,2.439,1.227
2913,2.424,1.227
2914,2.434,1.232
2915,2.444,1.232
2916,2.449,1.232
2917,2.424,1.227
2918,2.395,1.232
2919,2.370,1.232
2920,2.346,1.232
2921,2.331,1.232
2922,2.307,1.232
2923,2.287,1.232
2924,2.287,1.232
2925,2.380,1.232
2926,2.571,1.232
2927,2.717,1.232
2928,2.752,1.232
2929,2.688,1.232
2930,2.600,1.232
2931,2.512,1.232
2932,2.449,1.232
2933,2.429,1.232
2934,2.434,1.232
2935,2.458,1.232
2936,2.463,1.232
2937,2.449,1.232
2938,2.429,1.232
2939,2.400,1.232
2940,2.380,1.237
2941,2.361,1.237
2942,2.341,1.237
2943,2.326,1.237
2944,2.307,1.237
2945,2.287,1.237
2946,2.273,1.237
2947,2.312,1.237
2948,2.468,1.237
2949,2.649,1.237
2950,2.747,1.237
2951,2.742,1.237
2952,2.664,1.237
2953,2.566,1.237
2954,2.468,1.241
2955,2.400,1.241
2956,2.366,1.241
2957,2.370,1.241
2958,2.385,1.241
2959,2.390,1.241
2960,2.375,1.241
2961,2.361,1.241
2962,2.336,1.241
2963,2.312,1.241
2964,2.292,1.241
2965,2.278,1.241
2966,2.268,1.246
2967,2.312,1.241
2968,2.449,1.246
2969,2.615,1.241
2970,2.722,1.246
2971,2.717,1.246
2972,2.654,1.246
2973,2.581,1.246
2974,2.512,1.246
2975,2.478,1.246
2976,2.468,1.246
2977,2.483,1.251
2978,2.502,1.246
2979,2.507,1.251
2980,2.498,1.251
2981,2.449,1.251
2982,2.410,1.251
2983,2.385,1.251
2984,2.366,1.251
2985,2.346,1.251
2986,2.341,1.251
2987,2.366,1.251
2988,2.493,1.251
2989,2.669,1.251
2990,2.766,1.251
2991,2.766,1.251
2992,2.708,1.251
2993,2.630,1.251
2994,2.561,1.251
2995,2.507,1.251
2996,2.478,1.251
2997,2.488,1.251
2998,2.512,1.251
2999,2.498,1.251
3000,2.473,1.251
3001,2.444,1.246
3002,2.414,1.251
3003,2.385,1.246
3004,2.346,1.246
3005,2.322,1.246
3006,2.297,1.246
3007,2.307,1.246
3008,2.419,1.246
3009,2.595,1.246
3010,2.727,1.246
3011,2.747,1.246
3012,2.688,1.246
3013,2.620,1.246
3014,2.551,1.246
3015,2.488,1.241
3016,2.468,1.241
3017,2.483,1.241
3018,2.498,1.246
3019,2.498,1.241
3020,2.463,1.241
3021,2.424,1.241
3022,2.390,1.241
3023,2.361,1.241
3024,2.331,1.241
3025,2.317,1.241
3026,2.322,1.241
3027,2.424,1.241
3028,2.605,1.241
3029,2.757,1.241
3030,2.810,1.241
3031,2.781,1.241
3032,2.713,1.241
3033,2.639,1.241
3034,2.571,1.241
3035,2.532,1.241
3036,2.532,1.241
3037,2.542,1.241
3038,2.551,1.241
3039,2.551,1.241
3040,2.532,1.237
3041,2.517,1.241
3042,2.488,1.241
3043,2.463,1.241
3044,2.429,1.241
3045,2.395,1.241
3046,2.385,1.241
3047,2.473,1.241
3048,2.654,1.241
3049,2.815,1.237
3050,2.879,1.241
3051,2.849,1.237
3052,2.786,1.241
3053,2.703,1.241
3054,2.630,1.241
3055,2.586,1.241
3056,2.566,1.241
3057,2.561,1.241
3058,2.556,1.237
3059,2.537,1.241
3060,2.507,1.241
3061,2.468,1.241
3062,2.449,1.241
3063,2.419,1.241
3064,2.395,1.241
3065,2.370,1.241
3066,2.366,1.241
3067,2.458,1.241
3068,2.634,1.241
3069,2.781,1.241
3070,2.840,1.241
3071,2.815,1.241
3072,2.747,1.241
3073,2.674,1.241
3074,2.590,1.241
3075,2.532,1.241
3076,2.517,1.241
3077,2.512,1.241
3078,2.512,1.241
3079,2.498,1.241
3080,2.473,1.241
3081,2.444,1.241
3082,2.410,1.241
3083,2.380,1.241
3084,2.351,1.241
3085,2.341,1.241
3086,2.331,1.241
3087,2.317,1.246
3088,2.322,1.241
3089,2.429,1.246
3090,2.625,1.241
3091,2.781,1.246
3092,2.835,1.246
3093,2.796,1.246
3094,2.722,1.246
3095,2.634,1.246
3096,2.556,1.246
3097,2.507,1.246
3098,2.498,1.251
3099,2.502,1.246
3100,2.507,1.251
3101,2.498,1.246
3102,2.473,1.251
3103,2.434,1.251
3104,2.395,1.251
3105,2.366,1.251
3106,2.341,1.251
3107,2.326,1.251
3108,2.312,1.251
3109,2.366,1.251
3110,2.537,1.251
3111,2.698,1.251
3112,2.776,1.251
3113,2.761,1.251
3114,2.703,1.251
3115,2.625,1.251
3116,2.546,1.256
3117,2.483,1.256
3118,2.473,1.256
3119,2.473,1.256
3120,2.473,1.256
3121,2.458,1.256
3122,2.434,1.256
3123,2.410,1.256
3124,2.375,1.256
3125,2.341,1.256
3126,2.317,1.256
3127,2.302,1.256
3128,2.283,1.256
3129,2.268,1.256
3130,2.263,1.256
3131,2.273,1.261
3132,2.361,1.261
3133,2.542,1.261
3134,2.713,1.261
3135,2.776,1.261
3136,2.747,1.261
3137,2.683,1.261
3138,2.620,1.261
3139,2.546,1.261
3140,2.498,1.261
3141,2.473,1.261
3142,2.473,1.261
3143,2.473,1.266
3144,2.468,1.266
3145,2.449,1.266
3146,2.405,1.266
3147,2.351,1.266
3148,2.312,1.266
3149,2.278,1.266
3150,2.243,1.266
3151,2.229,1.266
3152,2.224,1.266
3153,2.239,1.266
3154,2.351,1.266
3155,2.522,1.266
3156,2.644,1.266
3157,2.674,1.266
3158,2.630,1.266
3159,2.571,1.266
3160,2.507,1.266
3161,2.449,1.266
3162,2.419,1.266
3163,2.400,1.266
3164,2.390,1.266
3165,2.390,1.266
3166,2.361,1.266
3167,2.322,1.266
3168,2.297,1.266
3169,2.263,1.266
3170,2.239,1.266
3171,2.219,1.266
3172,2.199,1.266
3173,2.195,1.266
3174,2.243,1.266
3175,2.390,1.266
3176,2.576,1.266
3177,2.688,1.266
3178,2.664,1.266
3179,2.561,1.266
3180,2.463,1.266
3181,2.395,1.271
3182,2.366,1.271
3183,2.370,1.271
3184,2.395,1.276
3185,2.439,1.281
3186,2.454,1.281
3187,2.444,1.285
3188,2.410,1.290
3189,2.361,1.295
3190,2.326,1.295
3191,2.302,1.300
3192,2.278,1.305
3193,2.268,1.305
3194,2.248,1.310
3195,2.243,1.310
3196,2.292,1.315
3197,2.439,1.315
3198,2.605,1.315
3199,2.693,1.315
3200,2.703,1.320
3201,2.634,1.320
3202,2.546,1.320
3203,2.473,1.320
3204,2.414,1.320
3205,2.390,1.325
3206,2.400,1.325
3207,2.424,1.325
3208,2.429,1.325
3209,2.414,1.325
3210,2.385,1.325
3211,2.351,1.325
3212,2.326,1.329
3213,2.302,1.329
3214,2.287,1.329
3215,2.268,1.329
3216,2.263,1.329
3217,2.283,1.329
3218,2.400,1.329
3219,2.537,1.329
3220,2.625,1.329
3221,2.625,1.334
3222,2.551,1.334
3223,2.463,1.334
3224,2.405,1.334
3225,2.395,1.334
3226,2.439,1.334
3227,2.488,1.334
3228,2.512,1.334
3229,2.483,1.334
3230,2.444,1.334
3231,2.390,1.334
3232,2.326,1.334
3233,2.292,1.334
3234,2.263,1.334
3235,2.243,1.334
3236,2.219,1.334
3237,2.219,1.339
3238,2.302,1.334
3239,2.488,1.339
3240,2.678,1.339
3241,2.805,1.339
3242,2.825,1.334
3243,2.761,1.339
3244,2.674,1.339
3245,2.586,1.339
3246,2.527,1.339
3247,2.498,1.339
3248,2.502,1.339
3249,2.522,1.339
3250,2.522,1.339
3251,2.512,1.339
3252,2.478,1.339
3253,2.434,1.339
3254,2.400,1.339
3255,2.385,1.339
3256,2.370,1.339
3257,2.370,1.344
3258,2.424,1.339
3259,2.561,1.339
3260,2.713,1.339
3261,2.805,1.339
3262,2.796,1.344
3263,2.742,1.339
3264,2.654,1.344
3265,2.576,1.339
3266,2.517,1.339
3267,2.502,1.339
3268,2.517,1.339
3269,2.532,1.344
3270,2.527,1.339
3271,2.488,1.344
3272,2.444,1.339
3273,2.414,1.344
3274,2.395,1.344
3275,2.366,1.344
3276,2.361,1.344
3277,2.395,1.339
3278,2.527,1.344
3279,2.698,1.339
3280,2.796,1.344
3281,2.801,1.339
3282,2.737,1.339
3283,2.654,1.344
3284,2.581,1.339
3285,2.527,1.344
3286,2.512,1.339
3287,2.522,1.344
3288,2.527,1.339
3289,2.527,1.339
3290,2.507,1.339
3291,2.468,1.339
3292,2.429,1.339
3293,2.395,1.339
3294,2.361,1.339
3295,2.336,1.339
3296,2.317,1.339
3297,2.351,1.339
3298,2.463,1.339
3299,2.649,1.339
3300,2.747,1.339
3301,2.742,1.339
3302,2.678,1.339
3303,2.586,1.339
3304,2.507,1.339
3305,2.458,1.339
3306,2.444,1.339
3307,2.463,1.339
3308,2.483,1.339
3309,2.483,1.339
3310,2.468,1.339
3311,2.434,1.339
3312,2.395,1.339
3313,2.375,1.339
3314,2.351,1.339
3315,2.331,1.339
3316,2.322,1.339
3317,2.361,1.339
3318,2.493,1.339
3319,2.654,1.339
3320,2.732,1.339
3321,2.722,1.339
3322,2.654,1.339
3323,2.566,1.339
3324,2.493,1.339
3325,2.449,1.339
3326,2.439,1.339
3327,2.454,1.339
3328,2.478,1.339
3329,2.483,1.339
3330,2.458,1.339
3331,2.444,1.339
3332,2.414,1.339
3333,2.400,1.339
3334,2.385,1.339
3335,2.366,1.339
3336,2.385,1.339
3337,2.507,1.339
3338,2.674,1.339
3339,2.786,1.339
3340,2.805,1.339
3341,2.752,1.339
3342,2.674,1.339
3343,2.595,1.339
3344,2.532,1.339
3345,2.522,1.339
3346,2.537,1.339
3347,2.546,1.339
3348,2.537,1.339
3349,2.507,1.339
3350,2.468,1.339
3351,2.419,1.339
3352,2.375,1.339
3353,2.346,1.339
3354,2.326,1.339
3355,2.341,1.339
3356,2.473,1.339
3357,2.659,1.339
3358,2.786,1.339
3359,2.805,1.339
3360,2.761,1.339
3361,2.693,1.339
3362,2.630,1.339
3363,2.576,1.339
3364,2.546,1.339
3365,2.551,1.339
3366,2.561,1.339
3367,2.566,1.339
3368,2.551,1.339
3369,2.512,1.339
3370,2.463,1.339
3371,2.444,1.339
3372,2.405,1.339
3373,2.370,1.339
3374,2.356,1.339
3375,2.439,1.339
3376,2.615,1.339
3377,2.752,1.339
3378,2.801,1.344
3379,2.776,1.344
3380,2.713,1.344
3381,2.644,1.344
3382,2.595,1.344
3383,2.576,1.344
3384,2.571,1.344
3385,2.571,1.344
3386,2.551,1.344
3387,2.517,1.344
3388,2.473,1.344
3389,2.429,1.344
3390,2.414,1.344
3391,2.390,1.344
3392,2.366,1.344
3393,2.375,1.344
3394,2.463,1.344
3395,2.620,1.344
3396,2.742,1.344
3397,2.771,1.344
3398,2.703,1.344
3399,2.630,1.344
3400,2.566,1.344
3401,2.537,1.349
3402,2.542,1.344
3403,2.551,1.349
3404,2.546,1.349
3405,2.517,1.349
3406,2.478,1.349
3407,2.434,1.349
3408,2.390,1.349
3409,2.351,1.349
3410,2.331,1.349
3411,2.322,1.349
3412,2.336,1.349
3413,2.468,1.349
3414,2.630,1.349
3415,2.732,1.349
3416,2.747,1.349
3417,2.703,1.349
3418,2.639,1.349
3419,2.561,1.349
3420,2.498,1.349
3421,2.478,1.349
3422,2.478,1.349
3423,2.483,1.349
3424,2.483,1.349
3425,2.463,1.349
3426,2.439,1.349
3427,2.405,1.349
3428,2.375,1.354
3429,2.351,1.354
3430,2.326,1.349
3431,2.312,1.354
3432,2.331,1.349
3433,2.444,1.354
3434,2.590,1.349
3435,2.669,1.354
3436,2.678,1.354
3437,2.625,1.354
3438,2.551,1.354
3439,2.478,1.354
3440,2.429,1.354
3441,2.434,1.354
3442,2.439,1.354
3443,2.444,1.354
3444,2.434,1.354
3445,2.414,1.354
3446,2.385,1.354
3447,2.356,1.354
3448,2.322,1.354
3449,2.297,1.354
3450,2.292,1.354
3451,2.283,1.354
3452,2.307,1.354
3453,2.414,1.354
3454,2.561,1.354
3455,2.659,1.354
3456,2.678,1.354
3457,2.634,1.354
3458,2.581,1.354
3459,2.512,1.354
3460,2.458,1.354
3461,2.439,1.354
3462,2.444,1.354
3463,2.458,1.359
3464,2.454,1.359
3465,2.429,1.359
3466,2.395,1.359
3467,2.366,1.359
3468,2.336,1.359
3469,2.317,1.359
3470,2.297,1.359
3471,2.292,1.359
3472,2.326,1.359
3473,2.449,1.359
3474,2.586,1.359
3475,2.669,1.359
3476,2.674,1.359
3477,2.644,1.359
3478,2.605,1.359
3479,2.556,1.359
3480,2.517,1.359
3481,2.493,1.359
3482,2.488,1.359
3483,2.483,1.364
3484,2.454,1.359
3485,2.424,1.364
3486,2.395,1.359
3487,2.366,1.364
3488,2.346,1.364
3489,2.326,1.364
3490,2.292,1.364
3491,2.283,1.364
3492,2.331,1.364
3493,2.463,1.364
3494,2.610,1.364
3495,2.683,1.364
3496,2.688,1.364
3497,2.654,1.364
3498,2.595,1.364
3499,2.537,1.364
3500,2.483,1.364
3501,2.468,1.364
3502,2.473,1.364
3503,2.478,1.364
3504,2.468,1.364
3505,2.439,1.364
3506,2.395,1.364
3507,2.356,1.364
3508,2.326,1.369
3509,2.312,1.364
3510,2.297,1.369
3511,2.292,1.364
3512,2.336,1.369
3513,2.463,1.364
3514,2.625,1.364
3515,2.722,1.369
3516,2.742,1.364
3517,2.713,1.369
3518,2.664,1.364
3519,2.605,1.369
3520,2.537,1.369
3521,2.502,1.369
3522,2.498,1.369
3523,2.493,1.369
3524,2.458,1.369
3525,2.410,1.369
3526,2.370,1.369
3527,2.331,1.369
3528,2.312,1.369
3529,2.297,1.369
3530,2.287,1.369
3531,2.287,1.369
3532,2.302,1.369
3533,2.390,1.369
3534,2.542,1.369
3535,2.664,1.369
3536,2.708,1.369
3537,2.688,1.369
3538,2.649,1.373
3539,2.595,1.369
3540,2.537,1.373
3541,2.493,1.373
3542,2.478,1.373
3543,2.478,1.373
3544,2.468,1.373
3545,2.444,1.373
3546,2.410,1.373
3547,2.380,1.373
3548,2.346,1.373
3549,2.331,1.373
3550,2.317,1.373
3551,2.297,1.373
3552,2.297,1.373
3553,2.326,1.373
3554,2.439,1.373
3555,2.620,1.373
3556,2.732,1.373
3557,2.761,1.373
3558,2.747,1.373
3559,2.698,1.373
3560,2.639,1.373
3561,2.586,1.373
3562,2.556,1.373
3563,2.556,1.373
3564,2.566,1.373
3565,2.556,1.373
3566,2.537,1.373
3567,2.493,1.373
3568,2.458,1.373
3569,2.429,1.373
3570,2.410,1.378
3571,2.390,1.373
3572,2.385,1.373
3573,2.395,1.373
3574,2.410,1.373
3575,2.414,1.373
3576,2.449,1.373
3577,2.571,1.373
3578,2.678,1.373
3579,2.722,1.373
3580,2.713,1.373
3581,2.669,1.373
3582,2.630,1.369
3583,2.586,1.373
3584,2.546,1.369
3585,2.512,1.373
3586,2.483,1.369
3587,2.483,1.369
3588,2.473,1.369
3589,2.454,1.373
3590,2.434,1.369
3591,2.419,1.369
3592,2.405,1.373
3593,2.366,1.369
3594,2.346,1.369
3595,2.317,1.369
3596,2.312,1.369
3597,2.351,1.369
3598,2.458,1.369
3599,2.576,1.369
3600,2.649,1.369
3601,2.644,1.369
3602,2.605,1.369
3603,2.571,1.369
3604,2.512,1.369
3605,2.473,1.369
3606,2.473,1.369
3607,2.517,1.369
3608,2.561,1.369
3609,2.566,1.369
3610,2.522,1.369
3611,2.468,1.369
3612,2.424,1.369
3613,2.400,1.369
3614,2.400,1.364
3615,2.370,1.364
3616,2.351,1.364
3617,2.361,1.364
3618,2.463,1.364
3619,2.659,1.364
3620,2.825,1.364
3621,2.884,1.364
3622,2.854,1.364
3623,2.791,1.364
3624,2.722,1.364
3625,2.644,1.364
3626,2.566,1.364
3627,2.498,1.364
3628,2.449,1.364
3629,2.424,1.364
3630,2.405,1.364
3631,2.380,1.364
3632,2.380,1.364
3633,2.370,1.364
3634,2.336,1.364
3635,2.297,1.364
3636,2.258,1.364
3637,2.229,1.364
3638,2.239,1.364
3639,2.331,1.364
3640,2.522,1.364
3641,2.649,1.364
3642,2.708,1.364
3643,2.703,1.364
3644,2.649,1.364
3645,2.586,1.364
3646,2.522,1.364
3647,2.473,1.364
3648,2.473,1.364
3649,2.488,1.364
3650,2.493,1.364
3651,2.458,1.364
3652,2.439,1.364
3653,2.444,1.364
3654,2.439,1.364
3655,2.385,1.364
3656,2.322,1.364
3657,2.278,1.364
3658,2.341,1.364
3659,2.507,1.364
3660,2.688,1.364
3661,2.796,1.359
3662,2.820,1.359
3663,2.761,1.359
3664,2.698,1.359
3665,2.586,1.359
3666,2.532,1.359
3667,2.512,1.359
3668,2.498,1.359
3669,2.527,1.359
3670,2.537,1.359
3671,2.532,1.359
3672,2.493,1.359
3673,2.444,1.359
3674,2.400,1.359
3675,2.336,1.359
3676,2.283,1.364
3677,2.268,1.364
3678,2.341,1.364
3679,2.512,1.364
3680,2.713,1.364
3681,2.840,1.364
3682,2.835,1.364
3683,2.717,1.359
3684,2.581,1.359
3685,2.532,1.359
3686,2.542,1.359
3687,2.527,1.359
3688,2.483,1.359
3689,2.434,1.359
3690,2.458,1.359
3691,2.468,1.364
3692,2.439,1.359
3693,2.419,1.359
3694,2.361,1.359
3695,2.370,1.364
3696,2.346,1.364
3697,2.390,1.364
3698,2.439,1.364
3699,2.546,1.364
3700,2.664,1.364
3701,2.737,1.364
3702,2.732,1.364
3703,2.678,1.364
3704,2.615,1.359
3705,2.522,1.359
3706,2.473,1.359
3707,2.473,1.359
3708,2.483,1.359
3709,2.517,1.354
3710,2.522,1.354
3711,2.483,1.354
3712,2.419,1.349
3713,2.356,1.349
3714,2.317,1.344
3715,2.317,1.344
3716,2.317,1.344
3717,2.307,1.339
3718,2.346,1.339
3719,2.434,1.339
3720,2.581,1.334
3721,2.693,1.334
3722,2.713,1.334
3723,2.659,1.329
3724,2.551,1.329
3725,2.458,1.329
3726,2.419,1.325
3727,2.444,1.325
3728,2.454,1.325
3729,2.449,1.325
3730,2.429,1.320
3731,2.395,1.320
3732,2.361,1.320
3733,2.326,1.320
3734,2.297,1.320
3735,2.287,1.320
3736,2.297,1.315
3737,2.307,1.315
3738,2.366,1.315
3739,2.498,1.310
3740,2.634,1.310
3741,2.708,1.310
3742,2.683,1.310
3743,2.605,1.310
3744,2.502,1.305
3745,2.414,1.305
3746,2.366,1.305
3747,2.346,1.300
3748,2.361,1.300
3749,2.385,1.300
3750,2.400,1.300
3751,2.400,1.300
3752,2.400,1.295
3753,2.380,1.295
3754,2.341,1.295
3755,2.317,1.295
3756,2.307,1.295
3757,2.317,1.290
3758,2.424,1.290
3759,2.556,1.290
3760,2.649,1.290
3761,2.674,1.290
3762,2.625,1.290
3763,2.546,1.285
3764,2.478,1.285
3765,2.434,1.285
3766,2.410,1.285
3767,2.429,1.281
3768,2.444,1.281
3769,2.439,1.281
3770,2.419,1.281
3771,2.390,1.281
3772,2.366,1.281
3773,2.351,1.281
3774,2.336,1.276
3775,2.331,1.276
3776,2.380,1.276
3777,2.507,1.276
3778,2.634,1.276
3779,2.688,1.276
3780,2.664,1.271
3781,2.600,1.271
3782,2.527,1.271
3783,2.468,1.271
3784,2.439,1.271
3785,2.449,1.271
3786,2.463,1.271
3787,2.473,1.271
3788,2.468,1.271
3789,2.458,1.266
3790,2.439,1.266
3791,2.414,1.266
3792,2.385,1.266
3793,2.366,1.266
3794,2.375,1.266
3795,2.458,1.266
3796,2.600,1.266
3797,2.678,1.266
3798,2.693,1.266
3799,2.688,1.266
3800,2.605,1.261
3801,2.488,1.261
3802,2.395,1.261
3803,2.498,1.261
3804,2.742,1.261
3805,2.703,1.261
3806,2.317,1.261
3807,2.136,1.256
3808,2.278,1.256
3809,2.370,1.256
3810,2.390,1.256
3811,2.434,1.256
3812,2.434,1.256
3813,2.463,1.256
3814,2.600,1.256
3815,2.717,1.256
3816,2.727,1.256
3817,2.659,1.256
3818,2.571,1.256
3819,2.493,1.256
3820,2.458,1.256
3821,2.463,1.256
3822,2.468,1.251
3823,2.473,1.256
3824,2.478,1.251
3825,2.449,1.251
3826,2.410,1.251
3827,2.370,1.251
3828,2.351,1.251
3829,2.341,1.251
3830,2.341,1.251
3831,2.405,1.251
3832,2.566,1.246
3833,2.722,1.246
3834,2.805,1.246
3835,2.776,1.246
3836,2.674,1.246
3837,2.595,1.246
3838,2.517,1.246
3839,2.483,1.246
3840,2.537,1.241
3841,2.546,1.246
3842,2.517,1.246
3843,2.512,1.246
3844,2.483,1.241
3845,2.463,1.241
3846,2.483,1.241
3847,2.478,1.241
3848,2.444,1.241
3849,2.414,1.241
3850,2.468,1.241
3851,2.615,1.241
3852,2.761,1.241
3853,2.815,1.241
3854,2.776,1.241
3855,2.678,1.241
3856,2.610,1.241
3857,2.566,1.241
3858,2.542,1.241
3859,2.542,1.241
3860,2.556,1.241
3861,2.561,1.241
3862,2.546,1.241
3863,2.517,1.241
3864,2.483,1.241
3865,2.444,1.241
3866,2.429,1.241
3867,2.410,1.241
3868,2.410,1.241
3869,2.502,1.241
3870,2.654,1.241
3871,2.801,1.246
3872,2.845,1.241
3873,2.810,1.246
3874,2.732,1.241
3875,2.649,1.246
3876,2.576,1.246
3877,2.527,1.246
3878,2.522,1.246
3879,2.527,1.246
3880,2.542,1.246
3881,2.527,1.246
3882,2.493,1.246
3883,2.458,1.246
3884,2.424,1.246
3885,2.400,1.246
3886,2.380,1.246
3887,2.366,1.246
3888,2.410,1.246
3889,2.556,1.251
3890,2.727,1.246
3891,2.830,1.246
3892,2.840,1.246
3893,2.766,1.246
3894,2.678,1.246
3895,2.590,1.246
3896,2.527,1.246
3897,2.507,1.246
3898,2.517,1.246
3899,2.517,1.246
3900,2.483,1.246
3901,2.444,1.246
3902,2.405,1.246
3903,2.370,1.246
3904,2.351,1.246
3905,2.346,1.246
3906,2.341,1.246
3907,2.326,1.246
3908,2.351,1.246
3909,2.478,1.246
3910,2.659,1.246
3911,2.776,1.246
3912,2.796,1.246
3913,2.737,1.246
3914,2.649,1.246
3915,2.576,1.246
3916,2.512,1.246
3917,2.478,1.246
3918,2.483,1.251
3919,2.493,1.246
3920,2.493,1.246
3921,2.478,1.246
3922,2.449,1.246
3923,2.419,1.246
3924,2.375,1.246
3925,2.336,1.246
3926,2.312,1.246
3927,2.287,1.241
3928,2.268,1.237
3929,2.283,1.212
3930,2.331,1.183
3931,2.502,1.163
3932,2.713,1.144
3933,2.815,1.134
3934,2.776,1.129
3935,2.664,1.124
3936,2.590,1.124
3937,2.537,1.124
3938,2.488,1.124
3939,2.449,1.129
3940,2.454,1.129
3941,2.468,1.129
3942,2.463,1.134
3943,2.424,1.134
3944,2.385,1.139
3945,2.370,1.139
3946,2.341,1.144
3947,2.307,1.144
3948,2.283,1.144
3949,2.278,1.149
3950,2.283,1.149
3951,2.273,1.149
3952,2.336,1.153
3953,2.512,1.153
3954,2.664,1.158
3955,2.737,1.158
3956,2.708,1.158
3957,2.634,1.163
3958,2.551,1.163
3959,2.478,1.163
3960,2.434,1.163
3961,2.424,1.168
3962,2.434,1.168
3963,2.454,1.168
3964,2.439,1.168
3965,2.424,1.173
3966,2.390,1.173
3967,2.351,1.173
3968,2.312,1.173
3969,2.287,1.173
3970,2.273,1.178
3971,2.263,1.178
3972,2.302,1.178
3973,2.414,1.178
3974,2.571,1.178
3975,2.688,1.183
3976,2.703,1.183
3977,2.649,1.183
3978,2.576,1.183
3979,2.502,1.183
3980,2.439,1.188
3981,2.419,1.188
3982,2.424,1.188
3983,2.429,1.188
3984,2.434,1.188
3985,2.414,1.188
3986,2.385,1.193
3987,2.346,1.193
3988,2.317,1.193
3989,2.292,1.193
3990,2.278,1.193
3991,2.273,1.193
3992,2.268,1.193
3993,2.302,1.193
3994,2.434,1.197
3995,2.615,1.197
3996,2.732,1.197
3997,2.742,1.197
3998,2.693,1.197
3999,2.625,1.197
4000,2.551,1.197
4001,2.502,1.197
4002,2.473,1.202
4003,2.483,1.202
4004,2.502,1.202
4005,2.507,1.202
4006,2.498,1.202
4007,2.463,1.202
4008,2.429,1.202
4009,2.395,1.207
4010,2.375,1.207
4011,2.356,1.207
4012,2.336,1.207
4013,2.336,1.207
4014,2.429,1.207
4015,2.610,1.207
4016,2.766,1.207
4017,2.820,1.207
4018,2.801,1.212
4019,2.732,1.207
4020,2.659,1.212
4021,2.581,1.212
4022,2.527,1.212
4023,2.512,1.212
4024,2.527,1.212
4025,2.532,1.212
4026,2.507,1.212
4027,2.463,1.212
4028,2.424,1.212
4029,2.390,1.217
4030,2.356,1.217
4031,2.336,1.217
4032,2.326,1.217
4033,2.322,1.217
4034,2.375,1.217
4035,2.532,1.217
4036,2.713,1.217
4037,2.815,1.217
4038,2.825,1.222
4039,2.757,1.222
4040,2.678,1.222
4041,2.605,1.222
4042,2.551,1.222
4043,2.527,1.222
4044,2.522,1.222
4045,2.522,1.222
4046,2.522,1.222
4047,2.493,1.222
4048,2.468,1.222
4049,2.434,1.227
4050,2.395,1.222
4051,2.380,1.227
4052,2.356,1.227
4053,2.326,1.227
4054,2.322,1.227
4055,2.380,1.227
4056,2.556,1.227
4057,2.732,1.227
4058,2.840,1.227
4059,2.840,1.227
4060,2.771,1.227
4061,2.693,1.232
4062,2.615,1.227
4063,2.551,1.232
4064,2.527,1.232
4065,2.527,1.232
4066,2.542,1.232
4067,2.546,1.232
4068,2.517,1.232
4069,2.478,1.232
4070,2.434,1.232
4071,2.405,1.232
4072,2.370,1.232
4073,2.341,1.232
4074,2.326,1.237
4075,2.326,1.232
4076,2.380,1.237
4077,2.546,1.232
4078,2.742,1.237
4079,2.854,1.237
4080,2.859,1.237
4081,2.796,1.237
4082,2.708,1.237
4083,2.630,1.237
4084,2.566,1.237
4085,2.527,1.237
4086,2.532,1.237
4087,2.546,1.237
4088,2.532,1.241
4089,2.512,1.237
4090,2.478,1.241
4091,2.444,1.241
4092,2.410,1.241
4093,2.380,1.241
4094,2.370,1.241
4095,2.351,1.241
4096,2.331,1.241
4097,2.356,1.241
4098,2.478,1.241
4099,2.674,1.241
4100,2.815,1.241
4101,2.854,1.241
4102,2.805,1.241
4103,2.717,1.241
4104,2.625,1.241
4105,2.561,1.241
4106,2.512,1.241
4107,2.502,1.241
4108,2.512,1.246
4109,2.507,1.241
4110,2.502,1.241
4111,2.478,1.246
4112,2.444,1.246
4113,2.424,1.246
4114,2.414,1.246
4115,2.400,1.246
4116,2.390,1.246
4117,2.370,1.246
4118,2.361,1.251
4119,2.424,1.251
4120,2.586,1.251
4121,2.752,1.251
4122,2.825,1.251
4123,2.805,1.246
4124,2.708,1.251
4125,2.615,1.251
4126,2.537,1.251
4127,2.498,1.251
4128,2.493,1.251
4129,2.507,1.251
4130,2.522,1.251
4131,2.512,1.251
4132,2.483,1.251
4133,2.439,1.251
4134,2.395,1.251
4135,2.356,1.251
4136,2.326,1.251
4137,2.307,1.251
4138,2.283,1.251
4139,2.268,1.251
4140,2.326,1.251
4141,2.502,1.251
4142,2.674,1.251
4143,2.752,1.251
4144,2.732,1.251
4145,2.639,1.251
4146,2.527,1.251
4147,2.444,1.251
4148,2.405,1.251
4149,2.410,1.251
4150,2.439,1.251
4151,2.468,1.256
4152,2.439,1.256
4153,2.395,1.261
4154,2.366,1.266
4155,2.322,1.266
4156,2.287,1.271
4157,2.258,1.276
4158,2.253,1.281
4159,2.258,1.281
4160,2.346,1.285
4161,2.527,1.285
4162,2.693,1.285
4163,2.766,1.290
4164,2.737,1.290
4165,2.659,1.295
4166,2.576,1.295
4167,2.498,1.295
4168,2.454,1.300
4169,2.463,1.295
4170,2.498,1.300
4171,2.532,1.300
4172,2.546,1.300
4173,2.527,1.300
4174,2.498,1.305
4175,2.449,1.305
4176,2.405,1.305
4177,2.361,1.305
4178,2.341,1.305
4179,2.326,1.310
4180,2.341,1.305
4181,2.468,1.310
4182,2.659,1.305
4183,2.801,1.310
4184,2.835,1.310
4185,2.776,1.310
4186,2.674,1.310
4187,2.576,1.310
4188,2.493,1.310
4189,2.449,1.310
4190,2.454,1.315
4191,2.483,1.315
4192,2.488,1.315
4193,2.478,1.315
4194,2.449,1.315
4195,2.410,1.315
4196,2.375,1.315
4197,2.351,1.315
4198,2.331,1.315
4199,2.312,1.320
4200,2.302,1.320
4201,2.380,1.320
4202,2.556,1.320
4203,2.742,1.320
4204,2.854,1.320
4205,2.845,1.320
4206,2.781,1.320
4207,2.698,1.320
4208,2.615,1.320
4209,2.576,1.320
4210,2.571,1.320
4211,2.595,1.315
4212,2.590,1.315
4213,2.537,1.315
4214,2.483,1.315
4215,2.478,1.315
4216,2.468,1.315
4217,2.400,1.315
4218,2.336,1.315
4219,2.317,1.315
4220,2.336,1.315
4221,2.498,1.315
4222,2.722,1.315
4223,2.854,1.315
4224,2.864,1.315
4225,2.805,1.315
4226,2.703,1.320
4227,2.605,1.320
4228,2.551,1.320
4229,2.551,1.320
4230,2.576,1.320
4231,2.610,1.320
4232,2.620,1.320
4233,2.590,1.320
4234,2.537,1.325
4235,2.483,1.320
4236,2.454,1.320
4237,2.424,1.320
4238,2.395,1.320
4239,2.366,1.320
4240,2.483,1.320
4241,2.703,1.320
4242,2.874,1.320
4243,2.947,1.320
4244,2.928,1.320
4245,2.845,1.325
4246,2.742,1.320
4247,2.644,1.325
4248,2.586,1.325
4249,2.566,1.325
4250,2.581,1.325
4251,2.595,1.325
4252,2.595,1.325
4253,2.571,1.320
4254,2.542,1.325
4255,2.498,1.325
4256,2.458,1.325
4257,2.424,1.325
4258,2.410,1.325
4259,2.439,1.325
4260,2.600,1.320
4261,2.815,1.325
4262,2.942,1.320
4263,2.962,1.325
4264,2.903,1.325
4265,2.815,1.325
4266,2.727,1.325
4267,2.678,1.325
4268,2.649,1.325
4269,2.644,1.325
4270,2.649,1.325
4271,2.634,1.325
4272,2.586,1.325
4273,2.532,1.325
4274,2.458,1.325
4275,2.405,1.325
4276,2.366,1.325
4277,2.375,1.329
4278,2.454,1.325
4279,2.630,1.325
4280,2.776,1.325
4281,2.820,1.325
4282,2.766,1.325
4283,2.678,1.325
4284,2.581,1.325
4285,2.498,1.325
4286,2.454,1.325
4287,2.449,1.325
4288,2.463,1.325
4289,2.473,1.325
4290,2.458,1.325
4291,2.419,1.325
4292,2.380,1.325
4293,2.341,1.325
4294,2.307,1.325
4295,2.287,1.325
4296,2.297,1.325
4297,2.414,1.325
4298,2.605,1.325
4299,2.761,1.325
4300,2.805,1.325
4301,2.747,1.325
4302,2.669,1.325
4303,2.571,1.325
4304,2.488,1.325
4305,2.449,1.325
4306,2.449,1.325
4307,2.454,1.325
4308,2.454,1.325
4309,2.439,1.325
4310,2.405,1.325
4311,2.380,1.325
4312,2.351,1.325
4313,2.317,1.325
4314,2.297,1.325
4315,2.283,1.320
4316,2.322,1.325
4317,2.502,1.320
4318,2.727,1.320
4319,2.859,1.320
4320,2.889,1.320
4321,2.820,1.320
4322,2.722,1.320
4323,2.620,1.320
4324,2.527,1.320
4325,2.488,1.320
4326,2.473,1.320
4327,2.468,1.320
4328,2.458,1.320
4329,2.429,1.320
4330,2.380,1.320
4331,2.341,1.320
4332,2.297,1.320
4333,2.268,1.315
4334,2.248,1.320
4335,2.224,1.315
4336,2.204,1.320
4337,2.209,1.315
4338,2.322,1.315
4339,2.532,1.315
4340,2.727,1.315
4341,2.796,1.315
4342,2.766,1.315
4343,2.683,1.315
4344,2.600,1.315
4345,2.522,1.315
4346,2.468,1.315
4347,2.454,1.315
4348,2.458,1.315
4349,2.468,1.310
4350,2.454,1.315
4351,2.424,1.310
4352,2.380,1.310
4353,2.331,1.310
4354,2.292,1.310
4355,2.263,1.310
4356,2.248,1.310
4357,2.234,1.310
4358,2.219,1.310
4359,2.239,1.310
4360,2.366,1.310
4361,2.576,1.310
4362,2.722,1.305
4363,2.766,1.310
4364,2.722,1.305
4365,2.649,1.305
4366,2.561,1.305
4367,2.498,1.305
4368,2.449,1.305
4369,2.439,1.305
4370,2.439,1.305
4371,2.434,1.305
4372,2.419,1.305
4373,2.390,1.305
4374,2.346,1.305
4375,2.307,1.305
4376,2.268,1.305
4377,2.248,1.305
4378,2.234,1.305
4379,2.214,1.305
4380,2.199,1.305
4381,2.204,1.305
4382,2.229,1.305
4383,2.351,1.305
4384,2.532,1.305
4385,2.669,1.300
4386,2.717,1.305
4387,2.678,1.300
4388,2.605,1.305
4389,2.532,1.300
4390,2.468,1.305
4391,2.439,1.305
4392,2.429,1.300
4393,2.444,1.305
4394,2.454,1.300
4395,2.444,1.300
4396,2.424,1.300
4397,2.395,1.300
4398,2.351,1.300
4399,2.326,1.300
4400,2.307,1.305
4401,2.287,1.300
4402,2.273,1.305
4403,2.356,1.300
4404,2.507,1.300
4405,2.664,1.300
4406,2.737,1.300
4407,2.722,1.300
4408,2.644,1.300
4409,2.561,1.305
4410,2.478,1.300
4411,2.419,1.305
4412,2.414,1.300
4413,2.414,1.305
4414,2.419,1.300
4415,2.419,1.305
4416,2.395,1.305
4417,2.366,1.300
4418,2.331,1.305
4419,2.302,1.305
4420,2.273,1.305
4421,2.258,1.305
4422,2.268,1.305
4423,2.283,1.305
4424,2.292,1.300
4425,2.292,1.305
4426,2.351,1.300
4427,2.507,1.300
4428,2.688,1.300
4429,2.796,1.300
4430,2.801,1.300
4431,2.742,1.300
4432,2.659,1.295
4433,2.581,1.295
4434,2.512,1.295
4435,2.473,1.295
4436,2.473,1.295
4437,2.473,1.290
4438,2.458,1.290
4439,2.429,1.290
4440,2.400,1.290
4441,2.361,1.290
4442,2.331,1.290
4443,2.307,1.290
4444,2.287,1.290
4445,2.278,1.290
4446,2.278,1.290
4447,2.268,1.295
4448,2.283,1.295
4449,2.375,1.295
4450,2.542,1.300
4451,2.703,1.295
4452,2.786,1.300
4453,2.771,1.295
4454,2.693,1.295
4455,2.590,1.300
4456,2.493,1.295
4457,2.439,1.300
4458,2.410,1.295
4459,2.410,1.300
4460,2.414,1.295
4461,2.400,1.295
4462,2.375,1.295
4463,2.361,1.295
4464,2.351,1.300
4465,2.331,1.295
4466,2.317,1.300
4467,2.302,1.295
4468,2.297,1.295
4469,2.278,1.295
4470,2.258,1.295
4471,2.263,1.295
4472,2.317,1.295
4473,2.454,1.295
4474,2.605,1.295
4475,2.678,1.295
4476,2.674,1.295
4477,2.620,1.295
4478,2.537,1.295
4479,2.468,1.295
4480,2.424,1.295
4481,2.419,1.295
4482,2.434,1.295
4483,2.439,1.295
4484,2.439,1.295
4485,2.429,1.295
4486,2.400,1.295
4487,2.375,1.295
4488,2.346,1.295
4489,2.322,1.295
4490,2.307,1.295
4491,2.287,1.295
4492,2.278,1.295
4493,2.297,1.295
4494,2.410,1.295
4495,2.551,1.295
4496,2.654,1.295
4497,2.674,1.295
4498,2.625,1.295
4499,2.546,1.295
4500,2.468,1.295
4501,2.414,1.295
4502,2.405,1.295
4503,2.419,1.295
4504,2.439,1.295
4505,2.449,1.295
4506,2.434,1.295
4507,2.410,1.295
4508,2.385,1.295
4509,2.370,1.295
4510,2.351,1.295
4511,2.336,1.295
4512,2.326,1.295
4513,2.307,1.295
4514,2.322,1.295
4515,2.419,1.295
4516,2.561,1.295
4517,2.678,1.295
4518,2.698,1.295
4519,2.639,1.295
4520,2.576,1.295
4521,2.502,1.295
4522,2.458,1.295
4523,2.454,1.295
4524,2.468,1.290
4525,2.498,1.290
4526,2.507,1.290
4527,2.517,1.290
4528,2.478,1.290
4529,2.444,1.290
4530,2.410,1.290
4531,2.385,1.290
4532,2.380,1.290
4533,2.370,1.290
4534,2.356,1.290
4535,2.419,1.290
4536,2.561,1.290
4537,2.693,1.290
4538,2.737,1.285
4539,2.703,1.290
4540,2.639,1.285
4541,2.566,1.285
4542,2.502,1.285
4543,2.458,1.285
4544,2.458,1.285
4545,2.483,1.285
4546,2.507,1.285
4547,2.498,1.285
4548,2.478,1.285
4549,2.439,1.285
4550,2.414,1.285
4551,2.395,1.281
4552,2.380,1.281
4553,2.351,1.281
4554,2.341,1.281
4555,2.395,1.281
4556,2.522,1.281
4557,2.654,1.281
4558,2.732,1.281
4559,2.727,1.276
4560,2.664,1.276
4561,2.600,1.276
4562,2.551,1.276
4563,2.522,1.276
4564,2.542,1.276
4565,2.576,1.271
4566,2.605,1.271
4567,2.590,1.271
4568,2.551,1.271
4569,2.498,1.271
4570,2.468,1.271
4571,2.439,1.271
4572,2.410,1.266
4573,2.390,1.266
4574,2.414,1.266
4575,2.532,1.266
4576,2.698,1.266
4577,2.820,1.266
4578,2.849,1.266
4579,2.796,1.261
4580,2.708,1.266
4581,2.615,1.261
4582,2.542,1.261
4583,2.522,1.261
4584,2.542,1.261
4585,2.566,1.261
4586,2.566,1.256
4587,2.537,1.261
4588,2.498,1.261
4589,2.458,1.261
4590,2.424,1.261
4591,2.405,1.256
4592,2.380,1.261
4593,2.356,1.256
4594,2.385,1.256
4595,2.532,1.256
4596,2.708,1.256
4597,2.825,1.256
4598,2.845,1.256
4599,2.786,1.256
4600,2.713,1.256
4601,2.649,1.256
4602,2.625,1.251
4603,2.630,1.251
4604,2.654,1.251
4605,2.659,1.251
4606,2.664,1.251
4607,2.634,1.251
4608,2.581,1.251
4609,2.522,1.246
4610,2.483,1.251
4611,2.454,1.251
4612,2.434,1.246
4613,2.458,1.246
4614,2.605,1.246
4615,2.791,1.246
4616,2.918,1.246
4617,2.923,1.246
4618,2.840,1.241
4619,2.727,1.241
4620,2.615,1.241
4621,2.542,1.241
4622,2.517,1.241
4623,2.532,1.241
4624,2.561,1.241
4625,2.581,1.237
4626,2.576,1.241
4627,2.556,1.237
4628,2.522,1.237
4629,2.488,1.237
4630,2.463,1.237
4631,2.444,1.237
4632,2.419,1.232
4633,2.419,1.237
4634,2.537,1.232
4635,2.732,1.232
4636,2.879,1.232
4637,2.893,1.232
4638,2.820,1.232
4639,2.713,1.227
4640,2.625,1.232
4641,2.571,1.227
4642,2.581,1.227
4643,2.610,1.227
4644,2.610,1.227
4645,2.600,1.222
4646,2.556,1.222
4647,2.493,1.222
4648,2.439,1.222
4649,2.395,1.222
4650,2.361,1.222
4651,2.336,1.222
4652,2.322,1.217
4653,2.351,1.217
4654,2.630,1.217
4655,2.771,1.217
4656,2.815,1.217
4657,2.752,1.212
4658,2.649,1.212
4659,2.542,1.212
4660,2.468,1.212
4661,2.434,1.212
4662,2.434,1.212
4663,2.444,1.212
4664,2.434,1.207
4665,2.414,1.207
4666,2.380,1.207
4667,2.336,1.207
4668,2.302,1.207
4669,2.278,1.207
4670,2.248,1.202
4671,2.224,1.202
4672,2.239,1.202
4673,2.346,1.202
4674,2.532,1.202
4675,2.674,1.202
4676,2.698,1.202
4677,2.634,1.202
4678,2.542,1.197
4679,2.468,1.197
4680,2.414,1.197
4681,2.419,1.197
4682,2.444,1.197
4683,2.468,1.197
4684,2.488,1.197
4685,2.488,1.197
4686,2.483,1.197
4687,2.454,1.193
4688,2.434,1.193
4689,2.410,1.193
4690,2.375,1.193
4691,2.356,1.193
4692,2.414,1.193
4693,2.615,1.193
4694,2.786,1.188
4695,2.845,1.188
4696,2.781,1.188
4697,2.664,1.188
4698,2.542,1.188
4699,2.439,1.188
4700,2.395,1.183
4701,2.424,1.183
4702,2.473,1.183
4703,2.493,1.183
4704,2.468,1.183
4705,2.419,1.183
4706,2.366,1.183
4707,2.361,1.178
4708,2.351,1.178
4709,2.341,1.178
4710,2.322,1.178
4711,2.307,1.178
4712,2.419,1.173
4713,2.615,1.173
4714,2.737,1.173
4715,2.766,1.173
4716,2.742,1.173
4717,2.625,1.168
4718,2.488,1.168
4719,2.385,1.168
4720,2.326,1.168
4721,2.287,1.163
4722,2.273,1.163
4723,2.263,1.163
4724,2.219,1.163
4725,2.190,1.163
4726,2.209,1.163
4727,2.248,1.163
4728,2.263,1.158
4729,2.268,1.158
4730,2.273,1.158
4731,2.356,1.158
4732,2.498,1.153
4733,2.605,1.153
4734,2.620,1.153
4735,2.571,1.149
4736,2.517,1.149
4737,2.473,1.149
4738,2.419,1.149
4739,2.370,1.149
4740,2.351,1.149
4741,2.370,1.149
4742,2.375,1.149
4743,2.356,1.153
4744,2.351,1.153
4745,2.366,1.153
4746,2.297,1.153
4747,2.224,1.153
4748,2.234,1.153
4749,2.292,1.158
4750,2.458,1.158
4751,2.610,1.158
4752,2.683,1.153
4753,2.703,1.153
4754,2.674,1.153
4755,2.566,1.153
4756,2.478,1.153
4757,2.463,1.149
4758,2.498,1.149
4759,2.546,1.149
4760,2.576,1.149
4761,2.571,1.149
4762,2.546,1.149
4763,2.507,1.149
4764,2.419,1.144
4765,2.326,1.149
4766,2.258,1.144
4767,2.239,1.144
4768,2.326,1.144
4769,2.449,1.144
4770,2.517,1.144
4771,2.512,1.144
4772,2.458,1.149
4773,2.405,1.144
4774,2.366,1.149
4775,2.346,1.149
4776,2.351,1.144
4777,2.380,1.149
4778,2.414,1.149
4779,2.410,1.149
4780,2.405,1.149
4781,2.390,1.149
4782,2.370,1.149
4783,2.326,1.153
4784,2.297,1.149
4785,2.312,1.153
4786,2.419,1.153
4787,2.586,1.153
4788,2.708,1.153
4789,2.742,1.153
4790,2.703,1.153
4791,2.654,1.153
4792,2.590,1.158
4793,2.527,1.153
4794,2.488,1.158
4795,2.454,1.153
4796,2.458,1.153
4797,2.454,1.158
4798,2.439,1.153
4799,2.410,1.158
4800,2.380,1.153
4801,2.356,1.158
4802,2.336,1.158
4803,2.322,1.158
4804,2.326,1.158
4805,2.429,1.153
4806,2.600,1.158
4807,2.761,1.153
4808,2.805,1.153
4809,2.771,1.153
4810,2.698,1.153
4811,2.620,1.153
4812,2.561,1.153
4813,2.542,1.153
4814,2.537,1.149
4815,2.532,1.153
4816,2.502,1.149
4817,2.444,1.153
4818,2.395,1.149
4819,2.322,1.149
4820,2.287,1.149
4821,2.292,1.149
4822,2.312,1.149
4823,2.322,1.144
4824,2.356,1.149
4825,2.468,1.144
4826,2.649,1.144
4827,2.752,1.144
4828,2.747,1.144
4829,2.669,1.144
4830,2.581,1.139
4831,2.488,1.144
4832,2.429,1.139
4833,2.419,1.144
4834,2.458,1.139
4835,2.527,1.139
4836,2.561,1.139
4837,2.542,1.139
4838,2.483,1.139
4839,2.429,1.139
4840,2.385,1.139
4841,2.361,1.139
4842,2.361,1.139
4843,2.361,1.139
4844,2.366,1.139
4845,2.385,1.139
4846,2.478,1.134
4847,2.654,1.139
4848,2.805,1.134
4849,2.869,1.134
4850,2.864,1.134
4851,2.810,1.134
4852,2.717,1.134
4853,2.615,1.134
4854,2.551,1.134
4855,2.546,1.134
4856,2.551,1.134
4857,2.546,1.129
4858,2.522,1.134
4859,2.458,1.134
4860,2.424,1.134
4861,2.434,1.134
4862,2.424,1.134
4863,2.390,1.134
4864,2.331,1.134
4865,2.287,1.134
4866,2.278,1.129
4867,2.302,1.134
4868,2.385,1.129
4869,2.556,1.134
4870,2.737,1.134
4871,2.845,1.129
4872,2.849,1.134
4873,2.805,1.129
4874,2.742,1.134
4875,2.688,1.129
4876,2.639,1.134
4877,2.620,1.134
4878,2.615,1.129
4879,2.615,1.134
4880,2.610,1.129
4881,2.581,1.134
4882,2.551,1.129
4883,2.498,1.134
4884,2.458,1.134
4885,2.434,1.134
4886,2.410,1.134
4887,2.385,1.134
4888,2.356,1.134
4889,2.326,1.134
4890,2.317,1.134
4891,2.395,1.134
4892,2.586,1.134
4893,2.737,1.134
4894,2.801,1.134
4895,2.796,1.134
4896,2.747,1.134
4897,2.683,1.139
4898,2.610,1.134
4899,2.537,1.139
4900,2.522,1.134
4901,2.537,1.139
4902,2.561,1.139
4903,2.546,1.139
4904,2.493,1.139
4905,2.439,1.139
4906,2.370,1.139
4907,2.336,1.144
4908,2.317,1.144
4909,2.297,1.144
4910,2.302,1.144
4911,2.292,1.144
4912,2.307,1.144
4913,2.400,1.144
4914,2.581,1.144
4915,2.747,1.144
4916,2.805,1.149
4917,2.766,1.149
4918,2.703,1.149
4919,2.634,1.149
4920,2.566,1.149
4921,2.542,1.153
4922,2.532,1.149
4923,2.532,1.153
4924,2.532,1.153
4925,2.507,1.153
4926,2.488,1.153
4927,2.458,1.153
4928,2.414,1.158
4929,2.395,1.153
4930,2.375,1.158
4931,2.366,1.158
4932,2.351,1.158
4933,2.326,1.158
4934,2.307,1.158
4935,2.341,1.158
4936,2.468,1.158
4937,2.644,1.163
4938,2.761,1.158
4939,2.781,1.163
4940,2.708,1.163
4941,2.615,1.163
4942,2.527,1.163
4943,2.468,1.163
4944,2.449,1.168
4945,2.463,1.163
4946,2.468,1.168
4947,2.473,1.168
4948,2.483,1.168
4949,2.463,1.168
4950,2.444,1.168
4951,2.405,1.168
4952,2.366,1.168
4953,2.317,1.168
4954,2.253,1.168
4955,2.239,1.173
4956,2.273,1.168
4957,2.390,1.173
4958,2.566,1.173
4959,2.713,1.173
4960,2.761,1.173
4961,2.722,1.173
4962,2.625,1.173
4963,2.512,1.173
4964,2.424,1.173
4965,2.395,1.173
4966,2.414,1.173
4967,2.458,1.178
4968,2.478,1.173
4969,2.483,1.178
4970,2.473,1.178
4971,2.439,1.178
4972,2.390,1.178
4973,2.331,1.178
4974,2.278,1.178
4975,2.243,1.178
4976,2.248,1.178
4977,2.278,1.178
4978,2.361,1.178
4979,2.542,1.178
4980,2.698,1.183
4981,2.737,1.178
4982,2.674,1.183
4983,2.561,1.183
4984,2.449,1.183
4985,2.361,1.183
4986,2.351,1.183
4987,2.380,1.183
4988,2.429,1.183
4989,2.463,1.183
4990,2.478,1.183
4991,2.458,1.183
4992,2.419,1.188
4993,2.400,1.183
4994,2.395,1.188
4995,2.370,1.183
4996,2.341,1.188
4997,2.317,1.188
4998,2.322,1.188
4999,2.405,1.188
5000,2.556,1.188
5001,2.688,1.188
5002,2.737,1.188
5003,2.703,1.188
5004,2.630,1.188
5005,2.542,1.188
5006,2.454,1.188
5007,2.419,1.193
5008,2.414,1.193
5009,2.429,1.193
5010,2.458,1.193
5011,2.483,1.193
5012,2.439,1.193
5013,2.375,1.193
5014,2.317,1.193
5015,2.268,1.193
5016,2.229,1.193
5017,2.209,1.193
5018,2.234,1.193
5019,2.336,1.197
5020,2.502,1.193
5021,2.649,1.197
5022,2.717,1.197
5023,2.688,1.197
5024,2.605,1.197
5025,2.527,1.197
5026,2.454,1.197
5027,2.414,1.197
5028,2.410,1.197
5029,2.434,1.197
5030,2.449,1.197
5031,2.449,1.197
5032,2.439,1.197
5033,2.414,1.202
5034,2.395,1.197
5035,2.380,1.202
5036,2.366,1.197
5037,2.351,1.202
5038,2.385,1.202
5039,2.512,1.202
5040,2.678,1.202
5041,2.776,1.202
5042,2.791,1.202
5043,2.742,1.202
5044,2.669,1.202
5045,2.590,1.202
5046,2.537,1.202
5047,2.512,1.202
5048,2.522,1.202
5049,2.546,1.207
5050,2.546,1.202
5051,2.512,1.207
5052,2.463,1.202
5053,2.429,1.207
5054,2.395,1.207
5055,2.375,1.207
5056,2.366,1.207
5057,2.370,1.207
5058,2.444,1.207
5059,2.595,1.207
5060,2.737,1.207
5061,2.801,1.207
5062,2.781,1.207
5063,2.727,1.207
5064,2.659,1.207
5065,2.586,1.212
5066,2.542,1.207
5067,2.527,1.212
5068,2.527,1.207
5069,2.532,1.212
5070,2.522,1.212
5071,2.498,1.212
5072,2.478,1.212
5073,2.458,1.212
5074,2.419,1.212
5075,2.385,1.212
5076,2.351,1.212
5077,2.405,1.212
5078,2.571,1.212
5079,2.732,1.212
5080,2.796,1.212
5081,2.761,1.212
5082,2.703,1.212
5083,2.644,1.217
5084,2.610,1.212
5085,2.600,1.217
5086,2.615,1.217
5087,2.595,1.217
5088,2.576,1.217
5089,2.556,1.212
5090,2.527,1.217
5091,2.483,1.217
5092,2.429,1.217
5093,2.395,1.217
5094,2.385,1.217
5095,2.375,1.217
5096,2.385,1.217
5097,2.473,1.217
5098,2.634,1.217
5099,2.752,1.222
5100,2.791,1.217
5101,2.766,1.222
5102,2.717,1.222
5103,2.669,1.222
5104,2.620,1.222
5105,2.595,1.222
5106,2.590,1.222
5107,2.595,1.222
5108,2.615,1.222
5109,2.630,1.222
5110,2.600,1.222
5111,2.542,1.222
5112,2.483,1.222
5113,2.444,1.227
5114,2.419,1.222
5115,2.390,1.227
5116,2.370,1.222
5117,2.424,1.227
5118,2.576,1.227
5119,2.752,1.227
5120,2.859,1.227
5121,2.854,1.227
5122,2.810,1.227
5123,2.752,1.227
5124,2.693,1.227
5125,2.630,1.227
5126,2.576,1.227
5127,2.556,1.227
5128,2.546,1.227
5129,2.532,1.227
5130,2.507,1.227
5131,2.473,1.232
5132,2.424,1.227
5133,2.370,1.232
5134,2.322,1.227
5135,2.302,1.232
5136,2.307,1.232
5137,2.331,1.232
5138,2.331,1.232
5139,2.341,1.232
5140,2.454,1.232
5141,2.639,1.232
5142,2.801,1.232
5143,2.864,1.232
5144,2.825,1.232
5145,2.737,1.232
5146,2.654,1.232
5147,2.551,1.237
5148,2.444,1.232
5149,2.400,1.237
5150,2.390,1.232
5151,2.395,1.237
5152,2.414,1.237
5153,2.449,1.237
5154,2.454,1.237
5155,2.419,1.237
5156,2.370,1.237
5157,2.322,1.237
5158,2.292,1.237
5159,2.302,1.237
5160,2.390,1.237
5161,2.532,1.237
5162,2.664,1.237
5163,2.757,1.237
5164,2.825,1.237
5165,2.825,1.237
5166,2.757,1.237
5167,2.698,1.241
5168,2.630,1.237
5169,2.581,1.241
5170,2.527,1.241
5171,2.478,1.241
5172,2.414,1.241
5173,2.351,1.241
5174,2.283,1.241
5175,2.209,1.241
5176,2.141,1.241
5177,2.141,1.241
5178,2.160,1.241
5179,2.214,1.241
5180,2.258,1.241
5181,2.307,1.241
5182,2.449,1.241
5183,2.615,1.246
5184,2.732,1.241
5185,2.747,1.241
5186,2.678,1.246
5187,2.600,1.241
5188,2.527,1.246
5189,2.488,1.246
5190,2.483,1.246
5191,2.498,1.246
5192,2.527,1.246
5193,2.542,1.246
5194,2.532,1.246
5195,2.502,1.251
5196,2.449,1.246
5197,2.400,1.251
5198,2.361,1.246
5199,2.351,1.251
5200,2.331,1.251
5201,2.287,1.251
5202,2.283,1.251
5203,2.380,1.251
5204,2.566,1.251
5205,2.747,1.251
5206,2.781,1.251
5207,2.708,1.251
5208,2.600,1.251
5209,2.502,1.251
5210,2.429,1.251
5211,2.361,1.251
5212,2.326,1.251
5213,2.356,1.251
5214,2.410,1.251
5215,2.458,1.251
5216,2.498,1.251
5217,2.507,1.251
5218,2.473,1.251
5219,2.424,1.251
5220,2.366,1.256
5221,2.322,1.251
5222,2.287,1.256
5223,2.258,1.251
5224,2.229,1.256
5225,2.229,1.256
5226,2.326,1.251
5227,2.488,1.256
5228,2.649,1.251
5229,2.727,1.256
5230,2.698,1.251
5231,2.590,1.256
5232,2.507,1.256
5233,2.434,1.256
5234,2.410,1.256
5235,2.410,1.256
5236,2.410,1.256
5237,2.419,1.251
5238,2.424,1.251
5239,2.424,1.251
5240,2.390,1.256
5241,2.356,1.251
5242,2.326,1.251
5243,2.322,1.251
5244,2.346,1.251
5245,2.366,1.251
5246,2.341,1.251
5247,2.385,1.251
5248,2.527,1.251
5249,2.654,1.251
5250,2.766,1.251
5251,2.791,1.251
5252,2.722,1.251
5253,2.605,1.251
5254,2.473,1.251
5255,2.390,1.251
5256,2.366,1.251
5257,2.405,1.251
5258,2.458,1.251
5259,2.493,1.251
5260,2.512,1.251
5261,2.473,1.251
5262,2.468,1.251
5263,2.463,1.251
5264,2.498,1.251
5265,2.595,1.251
5266,2.620,1.256
5267,2.615,1.256
5268,2.654,1.256
5269,2.610,1.256
5270,2.546,1.256
5271,2.561,1.256
5272,2.605,1.256
5273,2.659,1.256
5274,2.722,1.256
5275,2.761,1.256
5276,2.664,1.256
5277,2.493,1.256
5278,2.346,1.256
5279,2.273,1.251
5280,2.292,1.251
5281,2.366,1.251
5282,2.419,1.251
5283,2.483,1.251
5284,2.454,1.251
5285,2.380,1.256
5286,2.302,1.251
5287,2.253,1.251
5288,2.234,1.256
5289,2.234,1.256
5290,2.297,1.256
5291,2.434,1.256
5292,2.586,1.256
5293,2.678,1.256
5294,2.698,1.256
5295,2.649,1.256
5296,2.556,1.256
5297,2.488,1.261
5298,2.444,1.261
5299,2.434,1.261
5300,2.454,1.261
5301,2.483,1.261
5302,2.493,1.261
5303,2.468,1.261
5304,2.410,1.261
5305,2.370,1.266
5306,2.346,1.266
5307,2.322,1.266
5308,2.292,1.266
5309,2.263,1.266
5310,2.258,1.266
5311,2.307,1.266
5312,2.444,1.266
5313,2.586,1.266
5314,2.654,1.266
5315,2.659,1.266
5316,2.610,1.266
5317,2.551,1.266
5318,2.507,1.266
5319,2.488,1.266
5320,2.463,1.266
5321,2.468,1.266
5322,2.493,1.266
5323,2.502,1.266
5324,2.488,1.266
5325,2.468,1.266
5326,2.434,1.266
5327,2.395,1.266
5328,2.346,1.266
5329,2.307,1.266
5330,2.307,1.261
5331,2.410,1.241
5332,2.551,1.232
5333,2.639,1.222
5334,2.644,1.212
5335,2.590,1.202
5336,2.532,1.193
5337,2.483,1.183
5338,2.444,1.173
5339,2.439,1.168
5340,2.439,1.163
5341,2.429,1.163
5342,2.410,1.163
5343,2.370,1.163
5344,2.302,1.163
5345,2.268,1.163
5346,2.312,1.163
5347,2.380,1.168
5348,2.351,1.173
5349,2.292,1.178
5350,2.292,1.183
5351,2.395,1.183
5352,2.571,1.188
5353,2.683,1.193
5354,2.698,1.197
5355,2.630,1.197
5356,2.537,1.202
5357,2.449,1.207
5358,2.375,1.212
5359,2.346,1.212
5360,2.361,1.217
5361,2.395,1.217
5362,2.434,1.222
5363,2.478,1.217
5364,2.488,1.207
5365,2.468,1.202
5366,2.444,1.197
5367,2.434,1.193
5368,2.449,1.193
5369,2.488,1.183
5370,2.551,1.178
5371,2.605,1.173
5372,2.678,1.173
5373,2.713,1.168
5374,2.703,1.168
5375,2.654,1.168
5376,2.561,1.168
5377,2.488,1.168
5378,2.468,1.168
5379,2.478,1.173
5380,2.498,1.173
5381,2.507,1.173
5382,2.493,1.173
5383,2.463,1.173
5384,2.439,1.173
5385,2.424,1.173
5386,2.419,1.178
5387,2.429,1.178
5388,2.493,1.178
5389,2.639,1.178
5390,2.776,1.178
5391,2.849,1.178
5392,2.815,1.178
5393,2.737,1.183
5394,2.644,1.183
5395,2.566,1.183
5396,2.527,1.183
5397,2.532,1.188
5398,2.542,1.188
5399,2.542,1.188
5400,2.532,1.193
5401,2.493,1.193
5402,2.458,1.193
5403,2.419,1.193
5404,2.395,1.197
5405,2.375,1.193
5406,2.419,1.197
5407,2.542,1.193
5408,2.669,1.193
5409,2.742,1.183
5410,2.649,1.183
5411,2.546,1.178
5412,2.502,1.173
5413,2.473,1.173
5414,2.488,1.168
5415,2.546,1.168
5416,2.595,1.168
5417,2.576,1.168
5418,2.517,1.168
5419,2.468,1.168
5420,2.424,1.168
5421,2.375,1.168
5422,2.366,1.173
5423,2.370,1.173
5424,2.400,1.173
5425,2.532,1.173
5426,2.732,1.178
5427,2.849,1.178
5428,2.835,1.178
5429,2.713,1.183
5430,2.566,1.183
5431,2.502,1.183
5432,2.439,1.183
5433,2.390,1.188
5434,2.400,1.188
5435,2.414,1.188
5436,2.414,1.193
5437,2.400,1.193
5438,2.380,1.193
5439,2.356,1.193
5440,2.351,1.193
5441,2.336,1.193
5442,2.322,1.193
5443,2.346,1.197
5444,2.468,1.197
5445,2.610,1.197
5446,2.678,1.197
5447,2.678,1.197
5448,2.625,1.202
5449,2.546,1.202
5450,2.483,1.202
5451,2.434,1.202
5452,2.400,1.202
5453,2.390,1.202
5454,2.385,1.207
5455,2.385,1.202
5456,2.375,1.207
5457,2.380,1.207
5458,2.385,1.202
5459,2.390,1.207
5460,2.390,1.207
5461,2.375,1.207
5462,2.405,1.207
5463,2.546,1.212
5464,2.698,1.207
5465,2.771,1.212
5466,2.747,1.212
5467,2.678,1.207
5468,2.605,1.212
5469,2.542,1.212
5470,2.517,1.212
5471,2.512,1.212
5472,2.502,1.217
5473,2.507,1.217
5474,2.488,1.217
5475,2.463,1.222
5476,2.439,1.217
5477,2.419,1.222
5478,2.385,1.222
5479,2.346,1.222
5480,2.322,1.222
5481,2.370,1.222
5482,2.522,1.227
5483,2.674,1.222
5484,2.747,1.227
5485,2.737,1.227
5486,2.674,1.227
5487,2.595,1.227
5488,2.527,1.227
5489,2.473,1.232
5490,2.458,1.227
5491,2.463,1.232
5492,2.463,1.232
5493,2.463,1.232
5494,2.434,1.232
5495,2.405,1.232
5496,2.380,1.232
5497,2.361,1.232
5498,2.341,1.237
5499,2.322,1.232
5500,2.366,1.237
5501,2.488,1.237
5502,2.620,1.232
5503,2.669,1.237
5504,2.644,1.232
5505,2.586,1.237
5506,2.512,1.237
5507,2.468,1.237
5508,2.439,1.237
5509,2.434,1.237
5510,2.434,1.237
5511,2.424,1.237
5512,2.390,1.241
5513,2.366,1.237
5514,2.341,1.241
5515,2.326,1.241
5516,2.317,1.241
5517,2.302,1.241
5518,2.292,1.241
5519,2.322,1.241
5520,2.424,1.241
5521,2.561,1.241
5522,2.659,1.241
5523,2.669,1.241
5524,2.620,1.241
5525,2.561,1.241
5526,2.493,1.241
5527,2.439,1.241
5528,2.424,1.241
5529,2.439,1.241
5530,2.468,1.241
5531,2.483,1.241
5532,2.468,1.241
5533,2.429,1.241
5534,2.405,1.241
5535,2.370,1.241
5536,2.346,1.241
5537,2.361,1.241
5538,2.458,1.241
5539,2.610,1.241
5540,2.727,1.241
5541,2.757,1.241
5542,2.708,1.241
5543,2.639,1.241
5544,2.571,1.241
5545,2.517,1.241
5546,2.473,1.241
5547,2.458,1.241
5548,2.458,1.241
5549,2.434,1.241
5550,2.405,1.241
5551,2.385,1.241
5552,2.370,1.241
5553,2.361,1.241
5554,2.361,1.241
5555,2.346,1.241
5556,2.356,1.241
5557,2.449,1.241
5558,2.620,1.241
5559,2.771,1.241
5560,2.820,1.241
5561,2.766,1.241
5562,2.674,1.241
5563,2.595,1.241
5564,2.507,1.241
5565,2.458,1.241
5566,2.444,1.241
5567,2.463,1.246
5568,2.463,1.241
5569,2.468,1.246
5570,2.434,1.241
5571,2.400,1.246
5572,2.380,1.246
5573,2.351,1.246
5574,2.331,1.246
5575,2.312,1.246
5576,2.307,1.246
5577,2.351,1.246
5578,2.507,1.246
5579,2.674,1.246
5580,2.757,1.246
5581,2.752,1.246
5582,2.683,1.246
5583,2.615,1.251
5584,2.566,1.246
5585,2.527,1.251
5586,2.498,1.246
5587,2.498,1.251
5588,2.507,1.246
5589,2.502,1.246
5590,2.483,1.251
5591,2.458,1.246
5592,2.429,1.251
5593,2.400,1.251
5594,2.375,1.251
5595,2.336,1.251
5596,2.307,1.251
5597,2.278,1.251
5598,2.258,1.251
5599,2.273,1.251
5600,2.400,1.251
5601,2.576,1.251
5602,2.693,1.251
5603,2.717,1.256
5604,2.669,1.251
5605,2.605,1.256
5606,2.556,1.251
5607,2.507,1.251
5608,2.483,1.256
5609,2.473,1.251
5610,2.488,1.256
5611,2.493,1.256
5612,2.488,1.256
5613,2.458,1.256
5614,2.434,1.256
5615,2.400,1.256
5616,2.346,1.256
5617,2.317,1.256
5618,2.297,1.256
5619,2.287,1.256
5620,2.278,1.256
5621,2.283,1.256
5622,2.317,1.256
5623,2.439,1.256
5624,2.595,1.256
5625,2.703,1.256
5626,2.717,1.261
5627,2.674,1.256
5628,2.620,1.261
5629,2.561,1.261
5630,2.512,1.261
5631,2.483,1.261
5632,2.488,1.261
5633,2.493,1.261
5634,2.483,1.261
5635,2.468,1.261
5636,2.429,1.261
5637,2.395,1.261
5638,2.375,1.261
5639,2.390,1.261
5640,2.361,1.261
5641,2.302,1.261
5642,2.400,1.266
5643,2.429,1.261
5644,2.380,1.266
5645,2.488,1.261
5646,2.693,1.261
5647,2.849,1.261
5648,2.874,1.261
5649,2.825,1.266
5650,2.722,1.261
5651,2.688,1.261
5652,2.576,1.261
5653,2.429,1.266
5654,2.405,1.261
5655,2.449,1.261
5656,2.498,1.261
5657,2.522,1.261
5658,2.498,1.261
5659,2.468,1.261
5660,2.429,1.261
5661,2.400,1.261
5662,2.322,1.261
5663,2.278,1.261
5664,2.341,1.266
5665,2.512,1.266
5666,2.659,1.266
5667,2.708,1.266
5668,2.683,1.266
5669,2.620,1.266
5670,2.522,1.266
5671,2.429,1.271
5672,2.424,1.271
5673,2.429,1.271
5674,2.434,1.271
5675,2.454,1.271
5676,2.454,1.271
5677,2.434,1.271
5678,2.400,1.271
5679,2.322,1.271
5680,2.248,1.271
5681,2.214,1.276
5682,2.239,1.276
5683,2.336,1.276
5684,2.502,1.276
5685,2.625,1.276
5686,2.674,1.276
5687,2.625,1.276
5688,2.458,1.276
5689,2.395,1.276
5690,2.380,1.276
5691,2.410,1.276
5692,2.454,1.281
5693,2.483,1.276
5694,2.483,1.281
5695,2.458,1.281
5696,2.419,1.281
5697,2.385,1.281
5698,2.361,1.281
5699,2.366,1.281
5700,2.434,1.281
5701,2.586,1.281
5702,2.737,1.281
5703,2.791,1.281
5704,2.737,1.281
5705,2.556,1.281
5706,2.463,1.281
5707,2.434,1.281
5708,2.458,1.281
5709,2.483,1.281
5710,2.493,1.281
5711,2.483,1.281
5712,2.454,1.281
5713,2.424,1.281
5714,2.400,1.281
5715,2.341,1.281
5716,2.312,1.281
5717,2.434,1.285
5718,2.605,1.281
5719,2.732,1.285
5720,2.766,1.285
5721,2.708,1.285
5722,2.566,1.281
5723,2.483,1.281
5724,2.434,1.281
5725,2.429,1.281
5726,2.449,1.281
5727,2.454,1.281
5728,2.429,1.285
5729,2.405,1.285
5730,2.380,1.285
5731,2.385,1.285
5732,2.351,1.285
5733,2.385,1.285
5734,2.522,1.285
5735,2.669,1.285
5736,2.732,1.290
5737,2.698,1.285
5738,2.630,1.290
5739,2.561,1.290
5740,2.502,1.290
5741,2.463,1.290
5742,2.463,1.290
5743,2.473,1.290
5744,2.512,1.290
5745,2.561,1.290
5746,2.546,1.285
5747,2.498,1.290
5748,2.458,1.290
5749,2.439,1.285
5750,2.542,1.290
5751,2.703,1.290
5752,2.801,1.290
5753,2.815,1.290
5754,2.752,1.290
5755,2.674,1.290
5756,2.586,1.290
5757,2.498,1.290
5758,2.444,1.290
5759,2.429,1.290
5760,2.434,1.290
5761,2.444,1.290
5762,2.444,1.290
5763,2.439,1.290
5764,2.419,1.290
5765,2.410,1.290
5766,2.576,1.290
5767,2.669,1.290
5768,2.732,1.290
5769,2.732,1.290
5770,2.683,1.290
5771,2.625,1.290
5772,2.556,1.290
5773,2.507,1.290
5774,2.507,1.290
5775,2.581,1.290
5776,2.527,1.295
5777,2.483,1.290
5778,2.454,1.295
5779,2.424,1.290
5780,2.405,1.295
5781,2.380,1.295
5782,2.385,1.290
5783,2.454,1.295
5784,2.801,1.295
5785,2.771,1.295
5786,2.688,1.295
5787,2.605,1.295
5788,2.537,1.295
5789,2.493,1.295
5790,2.488,1.295
5791,2.507,1.295
5792,2.517,1.295
5793,2.493,1.295
5794,2.414,1.295
5795,2.366,1.295
5796,2.346,1.295
5797,2.346,1.295
5798,2.351,1.295
5799,2.405,1.295
5800,2.542,1.295
5801,2.674,1.295
5802,2.737,1.295
5803,2.644,1.295
5804,2.571,1.295
5805,2.512,1.295
5806,2.488,1.300
5807,2.502,1.295
5808,2.532,1.295
5809,2.517,1.295
5810,2.449,1.295
5811,2.361,1.295
5812,2.312,1.295
5813,2.278,1.295
5814,2.273,1.295
5815,2.341,1.295
5816,2.502,1.295
5817,2.654,1.295
5818,2.732,1.295
5819,2.703,1.295
5820,2.605,1.295
5821,2.527,1.295
5822,2.493,1.290
5823,2.498,1.295
5824,2.507,1.290
5825,2.512,1.290
5826,2.507,1.290
5827,2.473,1.290
5828,2.434,1.290
5829,2.380,1.290
5830,2.351,1.290
5831,2.410,1.290
5832,2.551,1.290
5833,2.683,1.290
5834,2.742,1.290
5835,2.727,1.290
5836,2.688,1.290
5837,2.571,1.290
5838,2.488,1.290
5839,2.444,1.290
5840,2.424,1.290
5841,2.424,1.290
5842,2.434,1.290
5843,2.405,1.290
5844,2.366,1.290
5845,2.336,1.290
5846,2.302,1.290
5847,2.248,1.290
5848,2.278,1.285
5849,2.410,1.290
5850,2.561,1.285
5851,2.649,1.290
5852,2.654,1.285
5853,2.615,1.290
5854,2.556,1.290
5855,2.483,1.285
5856,2.434,1.290
5857,2.405,1.290
5858,2.405,1.290
5859,2.390,1.290
5860,2.370,1.290
5861,2.356,1.290
5862,2.341,1.290
5863,2.336,1.295
5864,2.287,1.290
5865,2.253,1.295
5866,2.297,1.290
5867,2.414,1.290
5868,2.527,1.290
5869,2.590,1.290
5870,2.576,1.295
5871,2.537,1.290
5872,2.493,1.295
5873,2.434,1.290
5874,2.410,1.295
5875,2.410,1.295
5876,2.405,1.295
5877,2.405,1.295
5878,2.385,1.290
5879,2.366,1.295
5880,2.331,1.295
5881,2.292,1.295
5882,2.336,1.295
5883,2.449,1.295
5884,2.532,1.295
5885,2.566,1.300
5886,2.556,1.295
5887,2.527,1.300
5888,2.512,1.295
5889,2.488,1.300
5890,2.449,1.295
5891,2.424,1.300
5892,2.424,1.300
5893,2.424,1.300
5894,2.419,1.300
5895,2.405,1.300
5896,2.395,1.300
5897,2.405,1.295
5898,2.405,1.300
5899,2.405,1.295
5900,2.375,1.300
5901,2.341,1.300
5902,2.336,1.300
5903,2.331,1.300
5904,2.356,1.300
5905,2.439,1.300
5906,2.551,1.300
5907,2.610,1.300
5908,2.630,1.300
5909,2.595,1.300
5910,2.551,1.305
5911,2.502,1.305
5912,2.463,1.305
5913,2.444,1.305
5914,2.449,1.305
5915,2.454,1.305
5916,2.444,1.305
5917,2.419,1.305
5918,2.390,1.310
5919,2.356,1.305
5920,2.346,1.310
5921,2.341,1.305
5922,2.326,1.310
5923,2.317,1.310
5924,2.322,1.305
5925,2.395,1.310
5926,2.507,1.310
5927,2.581,1.310
5928,2.610,1.310
5929,2.586,1.310
5930,2.546,1.310
5931,2.507,1.310
5932,2.473,1.310
5933,2.458,1.310
5934,2.444,1.315
5935,2.439,1.310
5936,2.439,1.315
5937,2.439,1.315
5938,2.419,1.310
5939,2.405,1.315
5940,2.390,1.315
5941,2.370,1.315
5942,2.356,1.315
5943,2.336,1.315
5944,2.341,1.315
5945,2.385,1.315
5946,2.488,1.315
5947,2.590,1.315
5948,2.649,1.315
5949,2.634,1.315
5950,2.590,1.320
5951,2.551,1.315
5952,2.507,1.320
5953,2.483,1.315
5954,2.483,1.320
5955,2.488,1.320
5956,2.502,1.320
5957,2.493,1.320
5958,2.468,1.315
5959,2.449,1.320
5960,2.419,1.320
5961,2.405,1.320
5962,2.375,1.320
5963,2.366,1.320
5964,2.356,1.320
5965,2.380,1.320
5966,2.473,1.320
5967,2.600,1.320
5968,2.669,1.325
5969,2.664,1.320
5970,2.610,1.325
5971,2.551,1.325
5972,2.498,1.325
5973,2.468,1.325
5974,2.454,1.325
5975,2.463,1.325
5976,2.488,1.325
5977,2.502,1.325
5978,2.498,1.325
5979,2.473,1.329
5980,2.454,1.325
5981,2.429,1.329
5982,2.410,1.329
5983,2.410,1.325
5984,2.405,1.329
5985,2.434,1.325
5986,2.542,1.329
5987,2.654,1.329
5988,2.722,1.329
5989,2.722,1.329
5990,2.678,1.329
5991,2.630,1.329
5992,2.590,1.329
5993,2.556,1.329
5994,2.546,1.329
5995,2.546,1.329
5996,2.556,1.329
5997,2.551,1.329
5998,2.527,1.334
5999,2.502,1.329
6000,2.473,1.334
6001,2.454,1.329
6002,2.439,1.334
6003,2.414,1.329
6004,2.414,1.334
6005,2.483,1.329
6006,2.610,1.334
6007,2.708,1.334
6008,2.732,1.329
6009,2.683,1.334
6010,2.630,1.329
6011,2.586,1.334
6012,2.542,1.334
6013,2.512,1.334
6014,2.507,1.334
6015,2.512,1.334
6016,2.517,1.334
6017,2.512,1.334
6018,2.498,1.334
6019,2.463,1.334
6020,2.439,1.334
6021,2.414,1.334
6022,2.390,1.334
6023,2.375,1.339
6024,2.400,1.334
6025,2.507,1.339
6026,2.639,1.334
6027,2.722,1.339
6028,2.737,1.334
6029,2.693,1.339
6030,2.625,1.334
6031,2.566,1.339
6032,2.522,1.339
6033,2.507,1.339
6034,2.512,1.339
6035,2.517,1.339
6036,2.522,1.339
6037,2.502,1.339
6038,2.458,1.339
6039,2.429,1.339
6040,2.410,1.339
6041,2.395,1.344
6042,2.390,1.339
6043,2.439,1.344
6044,2.571,1.339
6045,2.693,1.344
6046,2.742,1.344
6047,2.717,1.339
6048,2.649,1.344
6049,2.571,1.344
6050,2.498,1.344
6051,2.458,1.344
6052,2.463,1.344
6053,2.478,1.344
6054,2.502,1.344
6055,2.502,1.344
6056,2.483,1.344
6057,2.458,1.349
6058,2.424,1.344
6059,2.385,1.349
6060,2.351,1.344
6061,2.326,1.349
6062,2.336,1.344
6063,2.439,1.344
6064,2.590,1.344
6065,2.703,1.344
6066,2.747,1.349
6067,2.747,1.344
6068,2.732,1.349
6069,2.678,1.344
6070,2.605,1.349
6071,2.566,1.349
6072,2.551,1.349
6073,2.546,1.349
6074,2.561,1.344
6075,2.561,1.349
6076,2.537,1.344
6077,2.498,1.349
6078,2.454,1.349
6079,2.410,1.349
6080,2.385,1.349
6081,2.419,1.349
6082,2.537,1.349
6083,2.688,1.344
6084,2.791,1.349
6085,2.815,1.349
6086,2.776,1.349
6087,2.708,1.349
6088,2.634,1.349
6089,2.586,1.349
6090,2.566,1.349
6091,2.571,1.349
6092,2.581,1.344
6093,2.571,1.349
6094,2.551,1.344
6095,2.522,1.349
6096,2.493,1.349
6097,2.454,1.349
6098,2.434,1.349
6099,2.414,1.344
6100,2.439,1.349
6101,2.551,1.344
6102,2.708,1.349
6103,2.820,1.344
6104,2.849,1.349
6105,2.815,1.349
6106,2.761,1.344
6107,2.708,1.349
6108,2.664,1.344
6109,2.634,1.349
6110,2.625,1.344
6111,2.625,1.344
6112,2.615,1.344
6113,2.586,1.344
6114,2.546,1.344
6115,2.498,1.344
6116,2.473,1.344
6117,2.444,1.344
6118,2.419,1.344
6119,2.405,1.344
6120,2.444,1.344
6121,2.600,1.344
6122,2.761,1.344
6123,2.859,1.344
6124,2.864,1.344
6125,2.801,1.344
6126,2.722,1.344
6127,2.639,1.344
6128,2.586,1.344
6129,2.576,1.344
6130,2.586,1.344
6131,2.595,1.344
6132,2.586,1.344
6133,2.546,1.344
6134,2.507,1.344
6135,2.468,1.344
6136,2.449,1.344
6137,2.429,1.344
6138,2.410,1.344
6139,2.395,1.344
6140,2.468,1.344
6141,2.630,1.344
6142,2.791,1.344
6143,2.884,1.344
6144,2.869,1.344
6145,2.801,1.344
6146,2.717,1.344
6147,2.630,1.344
6148,2.571,1.344
6149,2.561,1.344
6150,2.576,1.344
6151,2.581,1.344
6152,2.566,1.349
6153,2.522,1.344
6154,2.468,1.349
6155,2.424,1.344
6156,2.380,1.349
6157,2.356,1.349
6158,2.341,1.344
6159,2.380,1.349
6160,2.527,1.344
6161,2.722,1.349
6162,2.840,1.344
6163,2.845,1.349
6164,2.752,1.349
6165,2.654,1.344
6166,2.581,1.349
6167,2.542,1.344
6168,2.537,1.349
6169,2.571,1.349
6170,2.586,1.349
6171,2.571,1.349
6172,2.532,1.349
6173,2.483,1.349
6174,2.454,1.349
6175,2.424,1.349
6176,2.405,1.344
6177,2.390,1.349
6178,2.434,1.344
6179,2.590,1.349
6180,2.771,1.349
6181,2.864,1.349
6182,2.845,1.349
6183,2.761,1.344
6184,2.664,1.349
6185,2.581,1.344
6186,2.532,1.349
6187,2.522,1.344
6188,2.532,1.344
6189,2.546,1.344
6190,2.527,1.344
6191,2.498,1.349
6192,2.463,1.344
6193,2.419,1.344
6194,2.380,1.344
6195,2.351,1.344
6196,2.326,1.344
6197,2.307,1.344
6198,2.336,1.349
6199,2.468,1.344
6200,2.683,1.344
6201,2.801,1.344
6202,2.805,1.344
6203,2.727,1.344
6204,2.625,1.344
6205,2.546,1.344
6206,2.498,1.344
6207,2.493,1.344
6208,2.502,1.344
6209,2.502,1.349
6210,2.468,1.344
6211,2.439,1.349
6212,2.410,1.344
6213,2.380,1.344
6214,2.346,1.349
6215,2.331,1.344
6216,2.312,1.349
6217,2.278,1.344
6218,2.283,1.349
6219,2.405,1.344
6220,2.600,1.349
6221,2.742,1.349
6222,2.776,1.349
6223,2.708,1.349
6224,2.610,1.344
6225,2.507,1.349
6226,2.439,1.349
6227,2.419,1.349
6228,2.414,1.349
6229,2.434,1.349
6230,2.434,1.349
6231,2.419,1.349
6232,2.390,1.349
6233,2.351,1.349
6234,2.326,1.349
6235,2.317,1.344
6236,2.302,1.349
6237,2.278,1.344
6238,2.273,1.349
6239,2.375,1.344
6240,2.566,1.344
6241,2.732,1.344
6242,2.771,1.344
6243,2.717,1.344
6244,2.630,1.344
6245,2.532,1.344
6246,2.454,1.344
6247,2.434,1.339
6248,2.449,1.344
6249,2.468,1.339
6250,2.473,1.344
6251,2.454,1.339
6252,2.414,1.344
6253,2.370,1.344
6254,2.322,1.344
6255,2.307,1.344
6256,2.278,1.344
6257,2.253,1.344
6258,2.268,1.344
6259,2.385,1.349
6260,2.590,1.344
6261,2.732,1.349
6262,2.757,1.349
6263,2.669,1.349
6264,2.546,1.349
6265,2.444,1.349
6266,2.385,1.349
6267,2.370,1.349
6268,2.405,1.349
6269,2.434,1.349
6270,2.463,1.354
6271,2.458,1.349
6272,2.410,1.349
6273,2.351,1.354
6274,2.302,1.349
6275,2.253,1.354
6276,2.239,1.349
6277,2.258,1.354
6278,2.331,1.354
6279,2.537,1.354
6280,2.752,1.354
6281,2.884,1.354
6282,2.952,1.354
6283,2.889,1.354
6284,2.732,1.359
6285,2.556,1.354
6286,2.414,1.359
6287,2.370,1.354
6288,2.444,1.359
6289,2.454,1.359
6290,2.458,1.359
6291,2.434,1.359
6292,2.370,1.359
6293,2.292,1.359
6294,2.243,1.359
6295,2.219,1.359
6296,2.234,1.359
6297,2.336,1.359
6298,2.517,1.359
6299,2.703,1.364
6300,2.791,1.364
6301,2.766,1.364
6302,2.669,1.364
6303,2.537,1.364
6304,2.434,1.364
6305,2.385,1.364
6306,2.400,1.359
6307,2.434,1.359
6308,2.458,1.359
6309,2.463,1.359
6310,2.449,1.359
6311,2.400,1.364
6312,2.341,1.369
6313,2.302,1.369
6314,2.278,1.373
6315,2.263,1.373
6316,2.317,1.378
6317,2.454,1.378
6318,2.620,1.383
6319,2.703,1.383
6320,2.688,1.388
6321,2.615,1.388
6322,2.512,1.388
6323,2.414,1.393
6324,2.356,1.388
6325,2.326,1.393
6326,2.331,1.393
6327,2.356,1.398
6328,2.356,1.393
6329,2.326,1.398
6330,2.317,1.398
6331,2.317,1.398
6332,2.322,1.398
6333,2.322,1.398
6334,2.322,1.403
6335,2.370,1.398
6336,2.527,1.398
6337,2.693,1.403
6338,2.752,1.398
6339,2.703,1.403
6340,2.600,1.398
6341,2.493,1.403
6342,2.414,1.403
6343,2.375,1.403
6344,2.370,1.403
6345,2.390,1.403
6346,2.410,1.403
6347,2.410,1.403
6348,2.410,1.408
6349,2.385,1.403
6350,2.370,1.408
6351,2.356,1.403
6352,2.346,1.408
6353,2.366,1.408
6354,2.454,1.408
6355,2.615,1.408
6356,2.761,1.408
6357,2.825,1.408
6358,2.815,1.408
6359,2.757,1.408
6360,2.664,1.408
6361,2.581,1.408
6362,2.556,1.408
6363,2.566,1.408
6364,2.595,1.408
6365,2.590,1.408
6366,2.561,1.408
6367,2.527,1.408
6368,2.493,1.408
6369,2.454,1.408
6370,2.419,1.408
6371,2.395,1.408
6372,2.444,1.408
6373,2.600,1.413
6374,2.757,1.408
6375,2.835,1.413
6376,2.820,1.408
6377,2.766,1.413
6378,2.698,1.413
6379,2.630,1.413
6380,2.576,1.413
6381,2.551,1.413
6382,2.542,1.413
6383,2.551,1.413
6384,2.546,1.413
6385,2.517,1.413
6386,2.473,1.413
6387,2.414,1.413
6388,2.336,1.413
6389,2.248,1.413
6390,2.190,1.413
6391,2.258,1.413
6392,2.473,1.413
6393,2.683,1.413
6394,2.820,1.417
6395,2.840,1.413
6396,2.786,1.417
6397,2.717,1.413
6398,2.639,1.417
6399,2.590,1.413
6400,2.566,1.417
6401,2.542,1.413
6402,2.507,1.417
6403,2.468,1.417
6404,2.429,1.413
6405,2.385,1.417
6406,2.351,1.413
6407,2.331,1.417
6408,2.326,1.417
6409,2.292,1.417
6410,2.287,1.417
6411,2.410,1.413
6412,2.615,1.417
6413,2.786,1.413
6414,2.840,1.417
6415,2.737,1.417
6416,2.649,1.413
6417,2.586,1.417
6418,2.556,1.413
6419,2.537,1.417
6420,2.542,1.417
6421,2.532,1.417
6422,2.488,1.417
6423,2.439,1.417
6424,2.395,1.417
6425,2.341,1.413
6426,2.331,1.417
6427,2.395,1.417
6428,2.463,1.417
6429,2.444,1.413
6430,2.331,1.413
6431,2.263,1.413
6432,2.336,1.408
6433,2.478,1.398
6434,2.605,1.388
6435,2.644,1.383
6436,2.634,1.373
6437,2.600,1.373
6438,2.566,1.364
6439,2.542,1.359
6440,2.542,1.359
6441,2.546,1.359
6442,2.546,1.359
6443,2.517,1.354
6444,2.483,1.359
6445,2.444,1.359
6446,2.390,1.359
6447,2.322,1.359
6448,2.258,1.354
6449,2.214,1.359
6450,2.185,1.354
6451,2.170,1.359
6452,2.199,1.359
6453,2.239,1.359
6454,2.317,1.359
6455,2.468,1.359
6456,2.644,1.359
6457,2.717,1.359
6458,2.732,1.359
6459,2.698,1.359
6460,2.649,1.359
6461,2.586,1.359
6462,2.527,1.359
6463,2.507,1.359
6464,2.512,1.359
6465,2.512,1.359
6466,2.507,1.359
6467,2.488,1.359
6468,2.454,1.359
6469,2.414,1.359
6470,2.385,1.359
6471,2.361,1.359
6472,2.351,1.359
6473,2.331,1.359
6474,2.317,1.359
6475,2.302,1.359
6476,2.302,1.359
6477,2.395,1.359
6478,2.566,1.359
6479,2.708,1.359
6480,2.761,1.359
6481,2.717,1.364
6482,2.630,1.359
6483,2.537,1.364
6484,2.434,1.359
6485,2.370,1.364
6486,2.370,1.359
6487,2.414,1.364
6488,2.449,1.364
6489,2.454,1.364
6490,2.434,1.364
6491,2.400,1.364
6492,2.370,1.364
6493,2.356,1.364
6494,2.346,1.364
6495,2.317,1.364
6496,2.297,1.364
6497,2.297,1.364
6498,2.366,1.364
6499,2.517,1.364
6500,2.669,1.364
6501,2.757,1.364
6502,2.757,1.364
6503,2.683,1.364
6504,2.586,1.364
6505,2.498,1.364
6506,2.444,1.369
6507,2.419,1.364
6508,2.434,1.369
6509,2.444,1.364
6510,2.434,1.369
6511,2.429,1.369
6512,2.405,1.369
6513,2.380,1.364
6514,2.346,1.369
6515,2.322,1.369
6516,2.302,1.369
6517,2.287,1.369
6518,2.273,1.369
6519,2.273,1.369
6520,2.312,1.369
6521,2.444,1.369
6522,2.630,1.369
6523,2.771,1.369
6524,2.820,1.369
6525,2.776,1.369
6526,2.698,1.373
6527,2.605,1.369
6528,2.542,1.369
6529,2.502,1.369
6530,2.493,1.369
6531,2.483,1.369
6532,2.478,1.369
6533,2.449,1.373
6534,2.385,1.369
6535,2.326,1.373
6536,2.307,1.369
6537,2.302,1.373
6538,2.307,1.373
6539,2.307,1.373
6540,2.341,1.373
6541,2.449,1.373
6542,2.639,1.373
6543,2.761,1.373
6544,2.781,1.373
6545,2.747,1.373
6546,2.678,1.373
6547,2.605,1.373
6548,2.542,1.378
6549,2.512,1.373
6550,2.507,1.378
6551,2.532,1.378
6552,2.537,1.378
6553,2.522,1.378
6554,2.488,1.378
6555,2.439,1.378
6556,2.395,1.378
6557,2.366,1.378
6558,2.341,1.378
6559,2.322,1.378
6560,2.302,1.378
6561,2.312,1.378
6562,2.414,1.383
6563,2.595,1.378
6564,2.742,1.383
6565,2.801,1.378
6566,2.776,1.378
6567,2.713,1.378
6568,2.649,1.378
6569,2.590,1.383
6570,2.556,1.378
6571,2.546,1.383
6572,2.542,1.378
6573,2.532,1.383
6574,2.512,1.378
6575,2.478,1.383
6576,2.444,1.383
6577,2.400,1.383
6578,2.351,1.383
6579,2.322,1.383
6580,2.292,1.383
6581,2.278,1.383
6582,2.302,1.383
6583,2.424,1.383
6584,2.630,1.383
6585,2.791,1.383
6586,2.864,1.383
6587,2.845,1.388
6588,2.776,1.383
6589,2.708,1.388
6590,2.644,1.383
6591,2.615,1.388
6592,2.610,1.388
6593,2.634,1.383
6594,2.708,1.388
6595,2.708,1.383
6596,2.634,1.388
6597,2.546,1.388
6598,2.478,1.388
6599,2.410,1.388
6600,2.351,1.388
6601,2.302,1.388
6602,2.268,1.388
6603,2.263,1.388
6604,2.356,1.388
6605,2.542,1.388
6606,2.708,1.388
6607,2.766,1.393
6608,2.752,1.388
6609,2.703,1.388
6610,2.639,1.388
6611,2.586,1.388
6612,2.556,1.393
6613,2.537,1.388
6614,2.527,1.393
6615,2.532,1.388
6616,2.517,1.393
6617,2.493,1.393
6618,2.463,1.393
6619,2.424,1.393
6620,2.395,1.388
6621,2.370,1.393
6622,2.341,1.393
6623,2.322,1.393
6624,2.326,1.393
6625,2.419,1.393
6626,2.600,1.393
6627,2.771,1.393
6628,2.835,1.393
6629,2.786,1.393
6630,2.713,1.398
6631,2.634,1.393
6632,2.561,1.398
6633,2.522,1.393
6634,2.527,1.393
6635,2.571,1.398
6636,2.615,1.393
6637,2.605,1.398
6638,2.566,1.393
6639,2.532,1.398
6640,2.488,1.393
6641,2.429,1.393
6642,2.370,1.393
6643,2.312,1.393
6644,2.273,1.398
6645,2.273,1.393
6646,2.385,1.398
6647,2.581,1.393
6648,2.766,1.398
6649,2.830,1.393
6650,2.791,1.393
6651,2.693,1.398
6652,2.586,1.393
6653,2.517,1.398
6654,2.488,1.393
6655,2.454,1.398
6656,2.434,1.393
6657,2.424,1.398
6658,2.400,1.393
6659,2.385,1.398
6660,2.380,1.398
6661,2.351,1.398
6662,2.322,1.398
6663,2.297,1.398
6664,2.302,1.403
6665,2.307,1.398
6666,2.458,1.403
6667,2.644,1.403
6668,2.766,1.398
6669,2.786,1.403
6670,2.722,1.398
6671,2.630,1.403
6672,2.551,1.403
6673,2.498,1.403
6674,2.473,1.403
6675,2.478,1.403
6676,2.498,1.408
6677,2.502,1.403
6678,2.488,1.408
6679,2.458,1.408
6680,2.424,1.408
6681,2.390,1.408
6682,2.356,1.408
6683,2.336,1.408
6684,2.331,1.408
6685,2.331,1.408
6686,2.405,1.408
6687,2.551,1.413
6688,2.708,1.408
6689,2.781,1.413
6690,2.737,1.408
6691,2.630,1.413
6692,2.532,1.413
6693,2.449,1.408
6694,2.405,1.413
6695,2.395,1.413
6696,2.400,1.413
6697,2.424,1.413
6698,2.424,1.413
6699,2.419,1.413
6700,2.395,1.413
6701,2.351,1.413
6702,2.322,1.413
6703,2.307,1.413
6704,2.287,1.413
6705,2.287,1.417
6706,2.385,1.417
6707,2.571,1.413
6708,2.742,1.417
6709,2.810,1.413
6710,2.766,1.417
6711,2.669,1.413
6712,2.561,1.417
6713,2.483,1.413
6714,2.439,1.413
6715,2.424,1.413
6716,2.424,1.413
6717,2.434,1.408
6718,2.424,1.408
6719,2.410,1.408
6720,2.375,1.408
6721,2.351,1.408
6722,2.331,1.413
6723,2.312,1.413
6724,2.302,1.417
6725,2.307,1.417
6726,2.419,1.417
6727,2.595,1.417
6728,2.732,1.422
6729,2.771,1.422
6730,2.722,1.427
6731,2.625,1.427
6732,2.537,1.432
6733,2.478,1.432
6734,2.439,1.432
6735,2.429,1.437
6736,2.439,1.437
6737,2.444,1.437
6738,2.434,1.437
6739,2.405,1.442
6740,2.366,1.442
6741,2.331,1.442
6742,2.312,1.442
6743,2.297,1.442
6744,2.292,1.447
6745,2.331,1.442
6746,2.458,1.447
6747,2.630,1.447
6748,2.742,1.447
6749,2.757,1.447
6750,2.693,1.447
6751,2.605,1.447
6752,2.532,1.447
6753,2.478,1.447
6754,2.458,1.447
6755,2.468,1.452
6756,2.483,1.447
6757,2.483,1.447
6758,2.458,1.447
6759,2.429,1.447
6760,2.390,1.447
6761,2.351,1.447
6762,2.336,1.447
6763,2.302,1.447
6764,2.297,1.452
6765,2.356,1.452
6766,2.507,1.452
6767,2.669,1.442
6768,2.742,1.437
6769,2.717,1.432
6770,2.649,1.427
6771,2.566,1.432
6772,2.498,1.437
6773,2.449,1.447
6774,2.439,1.457
6775,2.454,1.461
6776,2.454,1.471
6777,2.444,1.471
6778,2.429,1.481
6779,2.395,1.481
6780,2.361,1.486
6781,2.341,1.491
6782,2.317,1.491
6783,2.297,1.496
6784,2.307,1.496
6785,2.410,1.496
6786,2.586,1.496
6787,2.708,1.500
6788,2.732,1.500
6789,2.669,1.500
6790,2.586,1.500
6791,2.512,1.500
6792,2.439,1.500
6793,2.424,1.500
6794,2.434,1.500
6795,2.439,1.500
6796,2.439,1.505
6797,2.434,1.505
6798,2.395,1.510
6799,2.356,1.510
6800,2.326,1.515
6801,2.312,1.520
6802,2.312,1.525
6803,2.380,1.530
6804,2.537,1.535
6805,2.722,1.540
6806,2.810,1.544
6807,2.791,1.544
6808,2.693,1.544
6809,2.576,1.544
6810,2.488,1.549
6811,2.434,1.544
6812,2.414,1.549
6813,2.419,1.544
6814,2.424,1.544
6815,2.424,1.544
6816,2.395,1.544
6817,2.366,1.544
6818,2.331,1.540
6819,2.287,1.535
6820,2.278,1.535
6821,2.258,1.530
6822,2.248,1.530
6823,2.317,1.530
6824,2.498,1.535
6825,2.644,1.535
6826,2.717,1.540
6827,2.664,1.544
6828,2.566,1.549
6829,2.449,1.554
6830,2.361,1.559
6831,2.322,1.559
6832,2.312,1.564
6833,2.322,1.569
6834,2.336,1.569
6835,2.336,1.574
6836,2.278,1.574
6837,2.204,1.579
6838,2.155,1.579
6839,2.170,1.584
6840,2.199,1.588
6841,2.248,1.588
6842,2.322,1.593
6843,2.473,1.593
6844,2.634,1.598
6845,2.742,1.598
6846,2.752,1.603
6847,2.708,1.603
6848,2.615,1.603
6849,2.522,1.613
6850,2.454,1.613
6851,2.449,1.618
6852,2.478,1.618
6853,2.493,1.623
6854,2.488,1.628
6855,2.463,1.628
6856,2.434,1.632
6857,2.390,1.632
6858,2.361,1.632
6859,2.341,1.632
6860,2.341,1.637
6861,2.375,1.637
6862,2.517,1.637
6863,2.674,1.637
6864,2.742,1.642
6865,2.727,1.642
6866,2.669,1.642
6867,2.590,1.642
6868,2.507,1.642
6869,2.444,1.642
6870,2.419,1.642
6871,2.419,1.642
6872,2.429,1.642
6873,2.434,1.642
6874,2.419,1.647
6875,2.390,1.642
6876,2.361,1.647
6877,2.336,1.642
6878,2.307,1.642
6879,2.283,1.642
6880,2.287,1.642
6881,2.390,1.642
6882,2.566,1.642
6883,2.713,1.642
6884,2.722,1.642
6885,2.634,1.642
6886,2.556,1.637
6887,2.512,1.642
6888,2.473,1.642
6889,2.463,1.642
6890,2.468,1.642
6891,2.473,1.642
6892,2.478,1.642
6893,2.463,1.637
6894,2.444,1.642
6895,2.419,1.637
6896,2.400,1.642
6897,2.380,1.642
6898,2.380,1.637
6899,2.449,1.642
6900,2.615,1.637
6901,2.766,1.642
6902,2.820,1.637
6903,2.781,1.642
6904,2.698,1.642
6905,2.605,1.637
6906,2.532,1.642
6907,2.502,1.637
6908,2.512,1.642
6909,2.537,1.637
6910,2.542,1.642
6911,2.522,1.637
6912,2.478,1.637
6913,2.439,1.637
6914,2.400,1.637
6915,2.370,1.637
6916,2.351,1.637
6917,2.429,1.637
6918,2.576,1.637
6919,2.732,1.637
6920,2.796,1.637
6921,2.766,1.637
6922,2.688,1.637
6923,2.610,1.637
6924,2.542,1.637
6925,2.507,1.637
6926,2.493,1.637
6927,2.507,1.637
6928,2.517,1.637
6929,2.512,1.637
6930,2.493,1.637
6931,2.463,1.637
6932,2.434,1.632
6933,2.405,1.637
6934,2.375,1.632
6935,2.356,1.637
6936,2.429,1.637
6937,2.595,1.632
6938,2.752,1.637
6939,2.805,1.632
6940,2.771,1.637
6941,2.683,1.632
6942,2.605,1.637
6943,2.542,1.632
6944,2.502,1.632
6945,2.502,1.632
6946,2.517,1.632
6947,2.517,1.632
6948,2.498,1.632
6949,2.468,1.632
6950,2.434,1.628
6951,2.380,1.632
6952,2.346,1.628
6953,2.312,1.632
6954,2.292,1.628
6955,2.375,1.628
6956,2.546,1.628
6957,2.698,1.623
6958,2.747,1.628
6959,2.703,1.623
6960,2.620,1.628
6961,2.537,1.628
6962,2.449,1.623
6963,2.419,1.628
6964,2.463,1.623
6965,2.512,1.628
6966,2.527,1.623
6967,2.512,1.628
6968,2.458,1.623
6969,2.400,1.628
6970,2.356,1.623
6971,2.322,1.623
6972,2.312,1.628
6973,2.375,1.623
6974,2.546,1.628
6975,2.717,1.623
6976,2.781,1.628
6977,2.752,1.623
6978,2.674,1.623
6979,2.586,1.623
6980,2.517,1.623
6981,2.468,1.623
6982,2.454,1.623
6983,2.444,1.623
6984,2.439,1.623
6985,2.419,1.623
6986,2.380,1.623
6987,2.341,1.623
6988,2.307,1.623
6989,2.283,1.618
6990,2.248,1.623
6991,2.239,1.618
6992,2.253,1.623
6993,2.361,1.618
6994,2.537,1.623
6995,2.664,1.623
6996,2.698,1.618
6997,2.649,1.618
6998,2.581,1.618
6999,2.517,1.623
7000,2.454,1.618
7001,2.424,1.623
7002,2.419,1.618
7003,2.424,1.623
7004,2.434,1.618
7005,2.410,1.618
7006,2.380,1.623
7007,2.346,1.618
7008,2.326,1.623
7009,2.326,1.618
7010,2.322,1.623
7011,2.292,1.618
7012,2.263,1.623
7013,2.312,1.623
7014,2.434,1.618
7015,2.546,1.623
7016,2.576,1.618
7017,2.532,1.623
7018,2.458,1.618
7019,2.390,1.623
7020,2.366,1.623
7021,2.390,1.618
7022,2.454,1.623
7023,2.493,1.618
7024,2.473,1.623
7025,2.424,1.618
7026,2.356,1.623
7027,2.307,1.618
7028,2.292,1.623
7029,2.292,1.623
7030,2.292,1.623
7031,2.302,1.623
7032,2.307,1.618
7033,2.297,1.623
7034,2.326,1.623
7035,2.439,1.623
7036,2.576,1.623
7037,2.674,1.623
7038,2.688,1.623
7039,2.639,1.623
7040,2.576,1.628
7041,2.488,1.623
7042,2.434,1.628
7043,2.424,1.623
7044,2.419,1.623
7045,2.424,1.623
7046,2.429,1.623
7047,2.424,1.623
7048,2.405,1.623
7049,2.380,1.623
7050,2.336,1.623
7051,2.302,1.623
7052,2.278,1.623
7053,2.258,1.623
7054,2.234,1.623
7055,2.224,1.623
7056,2.278,1.628
7057,2.410,1.623
7058,2.532,1.628
7059,2.605,1.623
7060,2.595,1.623
7061,2.556,1.623
7062,2.498,1.623
7063,2.439,1.628
7064,2.400,1.623
7065,2.405,1.628
7066,2.424,1.623
7067,2.434,1.628
7068,2.429,1.623
7069,2.410,1.623
7070,2.375,1.628
7071,2.346,1.623
7072,2.322,1.628
7073,2.307,1.623
7074,2.292,1.628
7075,2.292,1.623
7076,2.322,1.623
7077,2.429,1.628
7078,2.551,1.623
7079,2.630,1.628
7080,2.630,1.623
7081,2.586,1.628
7082,2.537,1.623
7083,2.488,1.628
7084,2.458,1.623
7085,2.434,1.628
7086,2.434,1.628
7087,2.439,1.623
7088,2.434,1.628
7089,2.414,1.623
7090,2.395,1.628
7091,2.380,1.623
7092,2.356,1.623
7093,2.351,1.623
7094,2.336,1.623
7095,2.331,1.628
7096,2.317,1.623
7097,2.307,1.628
7098,2.317,1.623
7099,2.390,1.623
7100,2.527,1.623
7101,2.620,1.623
7102,2.649,1.623
7103,2.620,1.623
7104,2.566,1.623
7105,2.507,1.623
7106,2.458,1.623
7107,2.439,1.623
7108,2.434,1.623
7109,2.449,1.623
7110,2.454,1.623
7111,2.449,1.623
7112,2.429,1.623
7113,2.414,1.623
7114,2.400,1.623
7115,2.380,1.623
7116,2.366,1.618
7117,2.361,1.623
7118,2.356,1.623
7119,2.410,1.623
7120,2.522,1.623
7121,2.644,1.618
7122,2.708,1.623
7123,2.703,1.618
7124,2.644,1.623
7125,2.595,1.618
7126,2.532,1.618
7127,2.498,1.623
7128,2.488,1.618
7129,2.498,1.623
7130,2.512,1.618
7131,2.502,1.623
7132,2.483,1.618
7133,2.458,1.618
7134,2.439,1.618
7135,2.414,1.618
7136,2.400,1.618
7137,2.390,1.618
7138,2.380,1.618
7139,2.410,1.618
7140,2.512,1.618
7141,2.649,1.613
7142,2.732,1.618
7143,2.742,1.618
7144,2.698,1.618
7145,2.639,1.618
7146,2.586,1.613
7147,2.542,1.618
7148,2.532,1.613
7149,2.542,1.618
7150,2.551,1.613
7151,2.556,1.618
7152,2.551,1.618
7153,2.527,1.613
7154,2.493,1.618
7155,2.468,1.613
7156,2.444,1.618
7157,2.424,1.613
7158,2.414,1.618
7159,2.424,1.613
7160,2.502,1.613
7161,2.644,1.613
7162,2.757,1.613
7163,2.801,1.618
7164,2.761,1.613
7165,2.698,1.618
7166,2.630,1.613
7167,2.581,1.613
7168,2.551,1.613
7169,2.571,1.613
7170,2.576,1.618
7171,2.561,1.613
7172,2.537,1.618
7173,2.507,1.613
7174,2.478,1.618
7175,2.449,1.613
7176,2.424,1.613
7177,2.395,1.618
7178,2.385,1.613
7179,2.414,1.618
7180,2.522,1.613
7181,2.674,1.618
7182,2.766,1.613
7183,2.781,1.613
7184,2.742,1.618
7185,2.664,1.613
7186,2.605,1.618
7187,2.556,1.613
7188,2.537,1.618
7189,2.546,1.613
7190,2.561,1.613
7191,2.571,1.613
7192,2.551,1.613
7193,2.527,1.618
7194,2.493,1.613
7195,2.463,1.618
7196,2.429,1.613
7197,2.414,1.618
7198,2.395,1.613
7199,2.410,1.613
7200,2.502,1.613
7201,2.659,1.613
7202,2.786,1.618
7203,2.815,1.613
7204,2.771,1.618
7205,2.693,1.613
7206,2.625,1.618
7207,2.566,1.613
7208,2.537,1.613
7209,2.542,1.618
7210,2.546,1.613
7211,2.546,1.618
7212,2.542,1.613
7213,2.512,1.618
7214,2.483,1.613
7215,2.454,1.613
7216,2.424,1.613
7217,2.405,1.613
7218,2.395,1.618
7219,2.405,1.613
7220,2.498,1.618
7221,2.659,1.613
7222,2.786,1.618
7223,2.835,1.613
7224,2.840,1.618
7225,2.801,1.613
7226,2.727,1.613
7227,2.654,1.618
7228,2.581,1.613
7229,2.556,1.618
7230,2.551,1.613
7231,2.537,1.618
7232,2.512,1.613
7233,2.502,1.618
7234,2.478,1.618
7235,2.458,1.613
7236,2.429,1.618
7237,2.410,1.613
7238,2.380,1.618
7239,2.380,1.613
7240,2.478,1.618
7241,2.615,1.618
7242,2.717,1.613
7243,2.742,1.618
7244,2.737,1.613
7245,2.674,1.618
7246,2.595,1.618
7247,2.556,1.618
7248,2.542,1.618
7249,2.532,1.618
7250,2.537,1.618
7251,2.542,1.618
7252,2.527,1.618
7253,2.502,1.613
7254,2.463,1.618
7255,2.429,1.618
7256,2.395,1.618
7257,2.366,1.618
7258,2.370,1.618
7259,2.468,1.618
7260,2.634,1.618
7261,2.766,1.618
7262,2.805,1.618
7263,2.771,1.618
7264,2.688,1.618
7265,2.610,1.618
7266,2.551,1.618
7267,2.522,1.618
7268,2.532,1.618
7269,2.551,1.618
7270,2.556,1.623
7271,2.527,1.618
7272,2.483,1.618
7273,2.444,1.618
7274,2.414,1.618
7275,2.380,1.623
7276,2.361,1.618
7277,2.370,1.623
7278,2.468,1.618
7279,2.639,1.618
7280,2.761,1.618
7281,2.801,1.618
7282,2.752,1.618
7283,2.683,1.618
7284,2.615,1.618
7285,2.561,1.618
7286,2.537,1.618
7287,2.527,1.618
7288,2.537,1.618
7289,2.527,1.618
7290,2.507,1.618
7291,2.483,1.618
7292,2.463,1.618
7293,2.444,1.618
7294,2.419,1.618
7295,2.410,1.618
7296,2.414,1.618
7297,2.498,1.618
7298,2.683,1.618
7299,2.796,1.618
7300,2.791,1.618
7301,2.708,1.618
7302,2.630,1.618
7303,2.566,1.618
7304,2.527,1.618
7305,2.507,1.618
7306,2.498,1.618
7307,2.507,1.618
7308,2.493,1.618
7309,2.449,1.618
7310,2.380,1.618
7311,2.336,1.618
7312,2.317,1.618
7313,2.292,1.618
7314,2.278,1.618
7315,2.273,1.613
7316,2.317,1.618
7317,2.454,1.613
7318,2.625,1.613
7319,2.722,1.613
7320,2.732,1.613
7321,2.678,1.613
7322,2.590,1.613
7323,2.507,1.613
7324,2.449,1.613
7325,2.424,1.613
7326,2.424,1.618
7327,2.414,1.613
7328,2.395,1.618
7329,2.366,1.613
7330,2.322,1.618
7331,2.292,1.613
7332,2.278,1.613
7333,2.268,1.618
7334,2.253,1.613
7335,2.234,1.618
7336,2.219,1.613
7337,2.278,1.618
7338,2.444,1.613
7339,2.581,1.618
7340,2.639,1.618
7341,2.620,1.618
7342,2.561,1.618
7343,2.493,1.618
7344,2.434,1.618
7345,2.405,1.618
7346,2.405,1.618
7347,2.410,1.618
7348,2.410,1.618
7349,2.405,1.618
7350,2.395,1.618
7351,2.375,1.618
7352,2.356,1.618
7353,2.326,1.618
7354,2.297,1.618
7355,2.283,1.618
7356,2.297,1.618
7357,2.380,1.618
7358,2.527,1.618
7359,2.654,1.618
7360,2.698,1.618
7361,2.678,1.618
7362,2.600,1.618
7363,2.502,1.618
7364,2.410,1.618
7365,2.356,1.618
7366,2.346,1.613
7367,2.361,1.618
7368,2.361,1.613
7369,2.346,1.613
7370,2.336,1.613
7371,2.326,1.613
7372,2.326,1.608
7373,2.322,1.608
7374,2.297,1.603
7375,2.278,1.603
7376,2.307,1.603
7377,2.405,1.603
7378,2.498,1.603
7379,2.551,1.598
7380,2.532,1.598
7381,2.483,1.598
7382,2.434,1.598
7383,2.380,1.598
7384,2.346,1.598
7385,2.331,1.598
7386,2.322,1.598
7387,2.312,1.598
7388,2.297,1.598
7389,2.278,1.593
7390,2.253,1.593
7391,2.243,1.593
7392,2.253,1.593
7393,2.229,1.593
7394,2.209,1.593
7395,2.199,1.588
7396,2.258,1.588
7397,2.351,1.588
7398,2.439,1.588
7399,2.473,1.588
7400,2.473,1.584
7401,2.429,1.588
7402,2.385,1.584
7403,2.366,1.584
7404,2.356,1.584
7405,2.361,1.584
7406,2.366,1.584
7407,2.361,1.579
7408,2.346,1.579
7409,2.326,1.579
7410,2.307,1.579
7411,2.292,1.579
7412,2.297,1.579
7413,2.302,1.579
7414,2.292,1.579
7415,2.297,1.579
7416,2.346,1.574
7417,2.439,1.579
7418,2.522,1.574
7419,2.546,1.579
7420,2.522,1.579
7421,2.478,1.579
7422,2.424,1.579
7423,2.395,1.579
7424,2.380,1.579
7425,2.385,1.579
7426,2.390,1.579
7427,2.390,1.579
7428,2.385,1.579
7429,2.366,1.579
7430,2.341,1.579
7431,2.317,1.579
7432,2.297,1.579
7433,2.292,1.584
7434,2.297,1.579
7435,2.336,1.584
7436,2.419,1.584
7437,2.507,1.584
7438,2.556,1.584
7439,2.556,1.584
7440,2.522,1.584
7441,2.473,1.584
7442,2.429,1.584
7443,2.405,1.584
7444,2.405,1.584
7445,2.419,1.584
7446,2.419,1.584
7447,2.424,1.584
7448,2.414,1.584
7449,2.395,1.584
7450,2.370,1.584
7451,2.356,1.584
7452,2.351,1.584
7453,2.341,1.584
7454,2.336,1.584
7455,2.356,1.584
7456,2.439,1.584
7457,2.532,1.584
7458,2.581,1.584
7459,2.586,1.584
7460,2.556,1.584
7461,2.527,1.584
7462,2.488,1.584
7463,2.468,1.588
7464,2.458,1.584
7465,2.468,1.588
7466,2.478,1.588
7467,2.468,1.588
7468,2.468,1.588
7469,2.449,1.588
7470,2.434,1.588
7471,2.419,1.588
7472,2.405,1.588
7473,2.400,1.588
7474,2.395,1.588
7475,2.439,1.588
7476,2.542,1.588
7477,2.644,1.588
7478,2.688,1.588
7479,2.678,1.588
7480,2.630,1.588
7481,2.581,1.588
7482,2.551,1.588
7483,2.537,1.588
7484,2.537,1.588
7485,2.546,1.588
7486,2.542,1.588
7487,2.522,1.588
7488,2.512,1.588
7489,2.493,1.588
7490,2.478,1.588
7491,2.458,1.588
7492,2.434,1.588
7493,2.419,1.588
7494,2.454,1.588
7495,2.551,1.588
7496,2.659,1.588
7497,2.732,1.588
7498,2.747,1.584
7499,2.708,1.588
7500,2.664,1.584
7501,2.625,1.584
7502,2.586,1.584
7503,2.571,1.584
7504,2.581,1.584
7505,2.590,1.584
7506,2.581,1.584
7507,2.571,1.584
7508,2.551,1.584
7509,2.522,1.584
7510,2.493,1.584
7511,2.463,1.584
7512,2.454,1.584
7513,2.449,1.584
7514,2.512,1.584
7515,2.639,1.584
7516,2.752,1.584
7517,2.805,1.584
7518,2.786,1.584
7519,2.742,1.584
7520,2.703,1.584
7521,2.669,1.588
7522,2.654,1.588
7523,2.654,1.588
7524,2.659,1.593
7525,2.649,1.588
7526,2.615,1.588
7527,2.581,1.588
7528,2.551,1.588
7529,2.527,1.588
7530,2.512,1.584
7531,2.488,1.588
7532,2.473,1.584
7533,2.483,1.588
7534,2.551,1.588
7535,2.698,1.588
7536,2.830,1.593
7537,2.869,1.593
7538,2.820,1.593
7539,2.737,1.593
7540,2.669,1.593
7541,2.615,1.593
7542,2.590,1.588
7543,2.590,1.588
7544,2.595,1.588
7545,2.590,1.584
7546,2.546,1.588
7547,2.517,1.584
7548,2.493,1.584
7549,2.478,1.584
7550,2.468,1.584
7551,2.449,1.579
7552,2.449,1.579
7553,2.512,1.579
7554,2.649,1.574
7555,2.791,1.574
7556,2.859,1.574
7557,2.825,1.574
7558,2.757,1.569
7559,2.674,1.569
7560,2.595,1.569
7561,2.546,1.569
7562,2.551,1.569
7563,2.571,1.564
7564,2.581,1.564
7565,2.566,1.564
7566,2.527,1.564
7567,2.488,1.559
7568,2.444,1.559
7569,2.419,1.559
7570,2.410,1.554
7571,2.390,1.554
7572,2.405,1.554
7573,2.522,1.554
7574,2.688,1.554
7575,2.805,1.554
7576,2.830,1.554
7577,2.771,1.549
7578,2.683,1.549
7579,2.595,1.549
7580,2.542,1.549
7581,2.522,1.544
7582,2.522,1.544
7583,2.527,1.544
7584,2.517,1.544
7585,2.507,1.544
7586,2.478,1.540
7587,2.449,1.540
7588,2.410,1.540
7589,2.395,1.540
7590,2.375,1.540
7591,2.351,1.540
7592,2.390,1.540
7593,2.532,1.540
7594,2.717,1.540
7595,2.796,1.535
7596,2.776,1.540
7597,2.693,1.535
7598,2.605,1.535
7599,2.532,1.535
7600,2.502,1.535
7601,2.512,1.535
7602,2.546,1.535
7603,2.566,1.535
7604,2.561,1.530
7605,2.546,1.530
7606,2.527,1.530
7607,2.498,1.530
7608,2.473,1.530
7609,2.458,1.530
7610,2.449,1.530
7611,2.502,1.525
7612,2.659,1.530
7613,2.840,1.525
7614,2.937,1.530
7615,2.942,1.525
7616,2.874,1.525
7617,2.786,1.530
7618,2.703,1.525
7619,2.644,1.525
7620,2.634,1.525
7621,2.644,1.525
7622,2.644,1.525
7623,2.620,1.525
7624,2.571,1.525
7625,2.527,1.525
7626,2.488,1.525
7627,2.468,1.525
7628,2.449,1.525
7629,2.439,1.520
7630,2.488,1.520
7631,2.659,1.520
7632,2.840,1.520
7633,2.928,1.520
7634,2.908,1.520
7635,2.835,1.520
7636,2.737,1.520
7637,2.659,1.520
7638,2.590,1.520
7639,2.566,1.520
7640,2.576,1.520
7641,2.590,1.520
7642,2.581,1.520
7643,2.556,1.520
7644,2.512,1.520
7645,2.483,1.515
7646,2.444,1.520
7647,2.414,1.515
7648,2.390,1.515
7649,2.405,1.520
7650,2.537,1.515
7651,2.747,1.515
7652,2.859,1.515
7653,2.864,1.515
7654,2.796,1.515
7655,2.703,1.515
7656,2.615,1.515
7657,2.561,1.515
7658,2.551,1.515
7659,2.556,1.515
7660,2.556,1.515
7661,2.537,1.515
7662,2.507,1.515
7663,2.473,1.515
7664,2.444,1.515
7665,2.414,1.515
7666,2.395,1.515
7667,2.370,1.515
7668,2.361,1.515
7669,2.434,1.515
7670,2.620,1.515
7671,2.805,1.515
7672,2.830,1.515
7673,2.747,1.515
7674,2.620,1.515
7675,2.517,1.515
7676,2.439,1.515
7677,2.410,1.515
7678,2.419,1.515
7679,2.424,1.515
7680,2.424,1.515
7681,2.419,1.515
7682,2.419,1.515
7683,2.434,1.515
7684,2.410,1.515
7685,2.346,1.515
7686,2.302,1.515
7687,2.268,1.515
7688,2.292,1.515
7689,2.424,1.515
7690,2.600,1.515
7691,2.698,1.515
7692,2.678,1.515
7693,2.586,1.515
7694,2.478,1.515
7695,2.400,1.515
7696,2.361,1.515
7697,2.336,1.515
7698,2.346,1.515
7699,2.346,1.515
7700,2.317,1.515
7701,2.312,1.515
7702,2.302,1.515
7703,2.287,1.515
7704,2.273,1.515
7705,2.263,1.515
7706,2.243,1.515
7707,2.243,1.520
7708,2.346,1.515
7709,2.493,1.520
7710,2.600,1.515
7711,2.620,1.515
7712,2.551,1.515
7713,2.468,1.515
7714,2.380,1.520
7715,2.336,1.515
7716,2.331,1.520
7717,2.351,1.515
7718,2.375,1.515
7719,2.380,1.515
7720,2.361,1.515
7721,2.326,1.515
7722,2.292,1.515
7723,2.268,1.515
7724,2.248,1.515
7725,2.229,1.515
7726,2.243,1.515
7727,2.341,1.515
7728,2.493,1.515
7729,2.600,1.515
7730,2.600,1.515
7731,2.532,1.515
7732,2.429,1.515
7733,2.346,1.515
7734,2.307,1.515
7735,2.312,1.515
7736,2.341,1.515
7737,2.361,1.515
7738,2.361,1.515
7739,2.341,1.515
7740,2.307,1.515
7741,2.283,1.515
7742,2.273,1.515
7743,2.248,1.515
7744,2.253,1.515
7745,2.287,1.515
7746,2.400,1.515
7747,2.522,1.515
7748,2.576,1.515
7749,2.561,1.515
7750,2.493,1.515
7751,2.419,1.515
7752,2.356,1.515
7753,2.322,1.515
7754,2.322,1.515
7755,2.346,1.515
7756,2.346,1.515
7757,2.331,1.515
7758,2.312,1.515
7759,2.292,1.515
7760,2.268,1.515
7761,2.248,1.515
7762,2.224,1.515
7763,2.204,1.515
7764,2.248,1.520
7765,2.400,1.520
7766,2.527,1.520
7767,2.600,1.520
7768,2.571,1.520
7769,2.498,1.520
7770,2.434,1.520
7771,2.390,1.520
7772,2.370,1.520
7773,2.385,1.520
7774,2.410,1.520
7775,2.414,1.520
7776,2.410,1.520
7777,2.395,1.520
7778,2.380,1.520
7779,2.361,1.520
7780,2.356,1.520
7781,2.351,1.520
7782,2.346,1.520
7783,2.395,1.520
7784,2.522,1.520
7785,2.620,1.520
7786,2.664,1.520
7787,2.630,1.520
7788,2.566,1.515
7789,2.507,1.515
7790,2.473,1.515
7791,2.454,1.515
7792,2.463,1.515
7793,2.468,1.515
7794,2.463,1.515
7795,2.444,1.515
7796,2.424,1.515
7797,2.400,1.515
7798,2.366,1.515
7799,2.346,1.515
7800,2.346,1.515
7801,2.400,1.515
7802,2.527,1.515
7803,2.644,1.515
7804,2.698,1.515
7805,2.674,1.515
7806,2.615,1.515
7807,2.551,1.515
7808,2.507,1.515
7809,2.488,1.515
7810,2.493,1.515
7811,2.512,1.510
7812,2.517,1.515
7813,2.498,1.510
7814,2.468,1.510
7815,2.439,1.510
7816,2.424,1.510
7817,2.405,1.510
7818,2.390,1.510
7819,2.385,1.510
7820,2.424,1.510
7821,2.561,1.510
7822,2.732,1.510
7823,2.805,1.515
7824,2.771,1.515
7825,2.703,1.515
7826,2.664,1.515
7827,2.620,1.515
7828,2.590,1.515
7829,2.590,1.515
7830,2.586,1.515
7831,2.600,1.515
7832,2.571,1.515
7833,2.542,1.515
7834,2.532,1.515
7835,2.507,1.515
7836,2.478,1.515
7837,2.458,1.515
7838,2.424,1.515
7839,2.419,1.515
7840,2.498,1.515
7841,2.630,1.515
7842,2.752,1.515
7843,2.796,1.515
7844,2.766,1.515
7845,2.708,1.515
7846,2.654,1.515
7847,2.615,1.515
7848,2.586,1.515
7849,2.581,1.515
7850,2.576,1.515
7851,2.571,1.515
7852,2.551,1.515
7853,2.522,1.515
7854,2.493,1.515
7855,2.468,1.515
7856,2.454,1.515
7857,2.434,1.515
7858,2.424,1.515
7859,2.444,1.515
7860,2.527,1.515
7861,2.664,1.515
7862,2.771,1.520
7863,2.801,1.515
7864,2.757,1.515
7865,2.683,1.515
7866,2.630,1.515
7867,2.581,1.520
7868,2.571,1.515
7869,2.576,1.520
7870,2.576,1.515
7871,2.561,1.520
7872,2.537,1.515
7873,2.502,1.515
7874,2.478,1.515
7875,2.454,1.515
7876,2.434,1.520
7877,2.419,1.515
7878,2.405,1.520
7879,2.444,1.515
7880,2.551,1.520
7881,2.693,1.515
7882,2.776,1.520
7883,2.761,1.520
7884,2.713,1.520
7885,2.654,1.520
7886,2.595,1.515
7887,2.561,1.520
7888,2.556,1.515
7889,2.556,1.520
7890,2.556,1.520
7891,2.542,1.520
7892,2.512,1.520
7893,2.483,1.520
7894,2.454,1.520
7895,2.434,1.520
7896,2.414,1.520
7897,2.395,1.520
7898,2.410,1.520
7899,2.517,1.520
7900,2.669,1.520
7901,2.776,1.520
7902,2.805,1.520
7903,2.752,1.520
7904,2.693,1.520
7905,2.630,1.520
7906,2.581,1.520
7907,2.561,1.520
7908,2.561,1.520
7909,2.571,1.520
7910,2.561,1.525
7911,2.542,1.520
7912,2.517,1.525
7913,2.473,1.520
7914,2.444,1.525
7915,2.419,1.525
7916,2.400,1.525
7917,2.410,1.525
7918,2.507,1.520
7919,2.674,1.525
7920,2.791,1.520
7921,2.830,1.525
7922,2.791,1.525
7923,2.703,1.520
7924,2.634,1.525
7925,2.590,1.520
7926,2.576,1.525
7927,2.571,1.520
7928,2.566,1.525
7929,2.546,1.525
7930,2.527,1.525
7931,2.493,1.525
7932,2.473,1.520
7933,2.473,1.525
7934,2.439,1.520
7935,2.424,1.525
7936,2.439,1.520
7937,2.532,1.525
7938,2.669,1.520
7939,2.776,1.525
7940,2.791,1.525
7941,2.742,1.520
7942,2.688,1.525
7943,2.630,1.520
7944,2.576,1.525
7945,2.532,1.520
7946,2.517,1.520
7947,2.507,1.525
7948,2.502,1.520
7949,2.502,1.525
7950,2.488,1.520
7951,2.463,1.525
7952,2.434,1.520
7953,2.405,1.525
7954,2.380,1.520
7955,2.366,1.520
7956,2.385,1.525
7957,2.512,1.520
7958,2.688,1.525
7959,2.801,1.520
7960,2.820,1.520
7961,2.791,1.520
7962,2.737,1.520
7963,2.674,1.520
7964,2.595,1.520
7965,2.542,1.520
7966,2.512,1.520
7967,2.507,1.520
7968,2.507,1.520
7969,2.478,1.520
7970,2.444,1.520
7971,2.410,1.520
7972,2.380,1.520
7973,2.361,1.520
7974,2.341,1.520
7975,2.326,1.515
7976,2.307,1.520
7977,2.312,1.515
7978,2.385,1.520
7979,2.546,1.515
7980,2.698,1.515
7981,2.776,1.515
7982,2.766,1.515
7983,2.708,1.515
7984,2.649,1.515
7985,2.586,1.515
7986,2.532,1.515
7987,2.507,1.515
7988,2.512,1.515
7989,2.517,1.510
7990,2.502,1.515
7991,2.468,1.510
7992,2.424,1.515
7993,2.390,1.510
7994,2.356,1.515
7995,2.326,1.510
7996,2.317,1.510
7997,2.302,1.510
7998,2.287,1.510
7999,2.312,1.515
8000,2.424,1.510
8001,2.605,1.515
8002,2.737,1.510
8003,2.757,1.510
8004,2.713,1.510
8005,2.649,1.510
8006,2.586,1.510
8007,2.522,1.510
8008,2.473,1.510
8009,2.439,1.510
8010,2.429,1.510
8011,2.429,1.510
8012,2.414,1.510
8013,2.380,1.510
8014,2.351,1.505
8015,2.331,1.510
8016,2.331,1.505
8017,2.331,1.510
8018,2.326,1.505
8019,2.312,1.505
8020,2.331,1.510
8021,2.473,1.505
8022,2.615,1.505
8023,2.703,1.505
8024,2.693,1.505
8025,2.644,1.505
8026,2.586,1.505
8027,2.522,1.505
8028,2.473,1.505
8029,2.454,1.505
8030,2.458,1.505
8031,2.463,1.505
8032,2.454,1.505
8033,2.439,1.510
8034,2.419,1.505
8035,2.385,1.505
8036,2.361,1.505
8037,2.351,1.505
8038,2.346,1.505
8039,2.351,1.505
8040,2.336,1.505
8041,2.380,1.505
8042,2.507,1.505
8043,2.654,1.505
8044,2.737,1.505
8045,2.732,1.505
8046,2.669,1.505
8047,2.595,1.505
8048,2.527,1.505
8049,2.493,1.505
8050,2.483,1.505
8051,2.478,1.505
8052,2.468,1.505
8053,2.444,1.505
8054,2.429,1.505
8055,2.395,1.500
8056,2.366,1.505
8057,2.336,1.500
8058,2.302,1.505
8059,2.292,1.505
8060,2.302,1.505
8061,2.405,1.505
8062,2.586,1.500
8063,2.737,1.505
8064,2.771,1.500
8065,2.708,1.505
8066,2.590,1.500
8067,2.463,1.500
8068,2.366,1.500
8069,2.331,1.500
8070,2.326,1.505
8071,2.351,1.500
8072,2.380,1.505
8073,2.375,1.500
8074,2.341,1.500
8075,2.307,1.500
8076,2.283,1.500
8077,2.278,1.505
8078,2.287,1.500
8079,2.297,1.505
8080,2.336,1.500
8081,2.463,1.505
8082,2.605,1.500
8083,2.683,1.505
8084,2.678,1.505
8085,2.620,1.500
8086,2.556,1.505
8087,2.498,1.500
8088,2.463,1.505
8089,2.468,1.500
8090,2.493,1.505
8091,2.498,1.505
8092,2.498,1.505
8093,2.473,1.505
8094,2.449,1.500
8095,2.400,1.505
8096,2.375,1.500
8097,2.356,1.505
8098,2.331,1.505
8099,2.317,1.505
8100,2.331,1.505
8101,2.424,1.505
8102,2.571,1.505
8103,2.688,1.505
8104,2.722,1.505
8105,2.688,1.505
8106,2.630,1.505
8107,2.566,1.505
8108,2.517,1.505
8109,2.478,1.505
8110,2.468,1.505
8111,2.473,1.505
8112,2.468,1.505
8113,2.458,1.505
8114,2.434,1.505
8115,2.414,1.505
8116,2.380,1.505
8117,2.361,1.505
8118,2.341,1.510
8119,2.331,1.505
8120,2.346,1.510
8121,2.454,1.505
8122,2.595,1.510
8123,2.708,1.505
8124,2.742,1.505
8125,2.708,1.510
8126,2.664,1.505
8127,2.620,1.510
8128,2.566,1.505
8129,2.502,1.505
8130,2.463,1.505
8131,2.434,1.505
8132,2.419,1.505
8133,2.395,1.505
8134,2.370,1.505
8135,2.346,1.505
8136,2.322,1.505
8137,2.302,1.505
8138,2.297,1.505
8139,2.283,1.505
8140,2.297,1.505
8141,2.390,1.505
8142,2.527,1.505
8143,2.639,1.505
8144,2.683,1.500
8145,2.659,1.505
8146,2.605,1.500
8147,2.566,1.505
8148,2.537,1.505
8149,2.522,1.505
8150,2.517,1.505
8151,2.527,1.505
8152,2.522,1.510
8153,2.502,1.505
8154,2.478,1.505
8155,2.454,1.505
8156,2.419,1.505
8157,2.395,1.500
8158,2.380,1.496
8159,2.366,1.500
8160,2.375,1.496
8161,2.458,1.496
8162,2.610,1.491
8163,2.742,1.491
8164,2.771,1.481
8165,2.742,1.481
8166,2.717,1.476
8167,2.674,1.476
8168,2.590,1.471
8169,2.512,1.466
8170,2.478,1.471
8171,2.498,1.466
8172,2.507,1.466
8173,2.493,1.466
8174,2.424,1.461
8175,2.390,1.461
8176,2.366,1.452
8177,2.336,1.452
8178,2.326,1.447
8179,2.351,1.442
8180,2.439,1.437
8181,2.581,1.432
8182,2.717,1.432
8183,2.766,1.427
8184,2.727,1.427
8185,2.669,1.422
8186,2.605,1.422
8187,2.551,1.422
8188,2.527,1.417
8189,2.512,1.422
8190,2.522,1.417
8191,2.527,1.417
8192,2.512,1.413
8193,2.473,1.417
8194,2.449,1.413
8195,2.419,1.417
8196,2.395,1.413
8197,2.375,1.413
8198,2.366,1.413
8199,2.385,1.413
8200,2.478,1.413
8201,2.625,1.413
8202,2.727,1.413
8203,2.761,1.413
8204,2.732,1.413
8205,2.674,1.417
8206,2.595,1.413
8207,2.512,1.417
8208,2.454,1.417
8209,2.424,1.417
8210,2.444,1.417
8211,2.463,1.417
8212,2.468,1.422
8213,2.444,1.417
8214,2.424,1.422
8215,2.395,1.417
8216,2.356,1.422
8217,2.336,1.422
8218,2.331,1.422
8219,2.405,1.422
8220,2.556,1.422
8221,2.664,1.427
8222,2.688,1.422
8223,2.659,1.427
8224,2.595,1.422
8225,2.522,1.427
8226,2.478,1.427
8227,2.468,1.427
8228,2.478,1.427
8229,2.507,1.427
8230,2.507,1.427
8231,2.488,1.427
8232,2.463,1.427
8233,2.424,1.432
8234,2.405,1.427
8235,2.390,1.432
8236,2.390,1.427
8237,2.444,1.432
8238,2.571,1.432
8239,2.722,1.432
8240,2.815,1.432
8241,2.815,1.432
8242,2.742,1.437
8243,2.630,1.432
8244,2.527,1.437
8245,2.478,1.432
8246,2.493,1.437
8247,2.493,1.437
8248,2.468,1.437
8249,2.458,1.437
8250,2.434,1.437
8251,2.419,1.437
8252,2.395,1.437
8253,2.385,1.437
8254,2.366,1.437
8255,2.336,1.437
8256,2.370,1.437
8257,2.488,1.437
8258,2.620,1.442
8259,2.708,1.437
8260,2.722,1.442
8261,2.703,1.437
8262,2.659,1.442
8263,2.620,1.442
8264,2.571,1.442
8265,2.537,1.442
8266,2.502,1.442
8267,2.498,1.442
8268,2.493,1.442
8269,2.468,1.442
8270,2.454,1.442
8271,2.434,1.442
8272,2.405,1.447
8273,2.395,1.442
8274,2.361,1.447
8275,2.346,1.442
8276,2.405,1.447
8277,2.586,1.447
8278,2.737,1.447
8279,2.805,1.447
8280,2.801,1.447
8281,2.727,1.447
8282,2.669,1.447
8283,2.620,1.447
8284,2.576,1.447
8285,2.556,1.452
8286,2.566,1.447
8287,2.571,1.452
8288,2.561,1.447
8289,2.522,1.452
8290,2.483,1.452
8291,2.449,1.452
8292,2.429,1.452
8293,2.395,1.447
8294,2.361,1.452
8295,2.351,1.452
8296,2.434,1.452
8297,2.610,1.452
8298,2.761,1.452
8299,2.835,1.452
8300,2.786,1.452
8301,2.703,1.452
8302,2.620,1.452
8303,2.556,1.452
8304,2.517,1.452
8305,2.512,1.452
8306,2.512,1.452
8307,2.512,1.452
8308,2.483,1.452
8309,2.449,1.452
8310,2.414,1.452
8311,2.385,1.452
8312,2.356,1.452
8313,2.317,1.452
8314,2.292,1.452
8315,2.336,1.452
8316,2.493,1.452
8317,2.678,1.452
8318,2.791,1.452
8319,2.805,1.452
8320,2.732,1.452
8321,2.659,1.452
8322,2.566,1.452
8323,2.502,1.447
8324,2.483,1.452
8325,2.483,1.447
8326,2.488,1.452
8327,2.488,1.452
8328,2.468,1.452
8329,2.429,1.452
8330,2.400,1.447
8331,2.361,1.452
8332,2.331,1.447
8333,2.302,1.447
8334,2.297,1.447
8335,2.322,1.447
8336,2.444,1.447
8337,2.595,1.447
8338,2.717,1.442
8339,2.742,1.442
8340,2.674,1.442
8341,2.571,1.442
8342,2.483,1.442
8343,2.454,1.442
8344,2.468,1.442
8345,2.502,1.442
8346,2.507,1.442
8347,2.473,1.447
8348,2.429,1.442
8349,2.385,1.447
8350,2.356,1.442
8351,2.336,1.442
8352,2.322,1.442
8353,2.297,1.447
8354,2.283,1.447
8355,2.283,1.442
8356,2.370,1.442
8357,2.556,1.437
8358,2.713,1.437
8359,2.766,1.427
8360,2.727,1.422
8361,2.630,1.422
8362,2.532,1.422
8363,2.444,1.417
8364,2.410,1.417
8365,2.405,1.417
8366,2.400,1.413
8367,2.410,1.413
8368,2.400,1.413
8369,2.390,1.408
8370,2.366,1.408
8371,2.336,1.408
8372,2.307,1.408
8373,2.263,1.403
8374,2.234,1.408
8375,2.229,1.403
8376,2.331,1.408
8377,2.507,1.408
8378,2.644,1.408
8379,2.674,1.408
8380,2.615,1.408
8381,2.517,1.413
8382,2.434,1.413
8383,2.370,1.417
8384,2.356,1.417
8385,2.356,1.417
8386,2.380,1.417
8387,2.380,1.417
8388,2.370,1.422
8389,2.346,1.417
8390,2.317,1.422
8391,2.287,1.422
8392,2.273,1.422
8393,2.253,1.422
8394,2.239,1.422
8395,2.263,1.422
8396,2.390,1.427
8397,2.561,1.427
8398,2.659,1.427
8399,2.649,1.427
8400,2.586,1.427
8401,2.493,1.427
8402,2.410,1.427
8403,2.346,1.427
8404,2.317,1.432
8405,2.336,1.427
8406,2.361,1.432
8407,2.370,1.427
8408,2.380,1.432
8409,2.366,1.427
8410,2.331,1.427
8411,2.302,1.427
8412,2.268,1.427
8413,2.234,1.427
8414,2.248,1.427
8415,2.366,1.427
8416,2.532,1.427
8417,2.654,1.427
8418,2.688,1.427
8419,2.625,1.427
8420,2.527,1.427
8421,2.444,1.427
8422,2.410,1.427
8423,2.400,1.427
8424,2.410,1.427
8425,2.424,1.427
8426,2.429,1.427
8427,2.429,1.422
8428,2.444,1.427
8429,2.463,1.422
8430,2.429,1.427
8431,2.351,1.422
8432,2.287,1.422
8433,2.292,1.427
8434,2.410,1.422
8435,2.566,1.427
8436,2.644,1.422
8437,2.639,1.427
8438,2.576,1.422
8439,2.507,1.422
8440,2.429,1.422
8441,2.395,1.422
8442,2.395,1.422
8443,2.414,1.422
8444,2.434,1.422
8445,2.434,1.422
8446,2.424,1.422
8447,2.400,1.422
8448,2.361,1.417
8449,2.341,1.417
8450,2.322,1.417
8451,2.326,1.422
8452,2.424,1.417
8453,2.576,1.417
8454,2.683,1.413
8455,2.693,1.417
8456,2.634,1.417
8457,2.542,1.413
8458,2.454,1.413
8459,2.400,1.413
8460,2.395,1.417
8461,2.419,1.413
8462,2.439,1.413
8463,2.444,1.408
8464,2.424,1.408
8465,2.410,1.408
8466,2.375,1.408
8467,2.351,1.408
8468,2.326,1.408
8469,2.322,1.408
8470,2.414,1.403
8471,2.571,1.403
8472,2.713,1.403
8473,2.752,1.403
8474,2.693,1.403
8475,2.600,1.398
8476,2.493,1.403
8477,2.439,1.398
8478,2.424,1.403
8479,2.434,1.398
8480,2.468,1.398
8481,2.488,1.398
8482,2.463,1.398
8483,2.434,1.398
8484,2.400,1.393
8485,2.390,1.398
8486,2.375,1.393
8487,2.375,1.398
8488,2.473,1.398
8489,2.659,1.393
8490,2.781,1.398
8491,2.820,1.393
8492,2.771,1.393
8493,2.683,1.393
8494,2.590,1.393
8495,2.522,1.393
8496,2.493,1.393
8497,2.498,1.393
8498,2.507,1.393
8499,2.517,1.393
8500,2.502,1.393
8501,2.473,1.393
8502,2.429,1.393
8503,2.395,1.393
8504,2.366,1.388
8505,2.380,1.393
8506,2.498,1.393
8507,2.688,1.393
8508,2.820,1.393
8509,2.845,1.388
8510,2.781,1.393
8511,2.688,1.388
8512,2.615,1.393
8513,2.561,1.393
8514,2.537,1.393
8515,2.551,1.393
8516,2.566,1.388
8517,2.566,1.393
8518,2.542,1.388
8519,2.512,1.393
8520,2.468,1.393
8521,2.434,1.393
8522,2.410,1.393
8523,2.405,1.388
8524,2.498,1.393
8525,2.688,1.388
8526,2.840,1.393
8527,2.893,1.388
8528,2.840,1.388
8529,2.766,1.393
8530,2.698,1.388
8531,2.620,1.393
8532,2.571,1.388
8533,2.561,1.393
8534,2.561,1.388
8535,2.556,1.393
8536,2.532,1.388
8537,2.498,1.393
8538,2.468,1.393
8539,2.449,1.393
8540,2.439,1.393
8541,2.434,1.393
8542,2.458,1.393
8543,2.571,1.393
8544,2.747,1.393
8545,2.854,1.393
8546,2.864,1.393
8547,2.810,1.393
8548,2.727,1.393
8549,2.625,1.393
8550,2.532,1.393
8551,2.502,1.393
8552,2.517,1.393
8553,2.517,1.393
8554,2.507,1.398
8555,2.478,1.393
8556,2.454,1.398
8557,2.419,1.393
8558,2.390,1.398
8559,2.356,1.398
8560,2.322,1.398
8561,2.292,1.398
8562,2.268,1.398
8563,2.302,1.398
8564,2.449,1.398
8565,2.649,1.398
8566,2.761,1.398
8567,2.776,1.398
8568,2.727,1.398
8569,2.659,1.398
8570,2.586,1.398
8571,2.522,1.398
8572,2.483,1.403
8573,2.483,1.398
8574,2.507,1.403
8575,2.498,1.398
8576,2.463,1.403
8577,2.434,1.403
8578,2.405,1.403
8579,2.375,1.403
8580,2.356,1.403
8581,2.346,1.403
8582,2.341,1.403
8583,2.326,1.408
8584,2.307,1.403
8585,2.297,1.403
8586,2.410,1.408
8587,2.590,1.403
8588,2.747,1.408
8589,2.820,1.408
8590,2.791,1.408
8591,2.727,1.408
8592,2.654,1.408
8593,2.571,1.408
8594,2.517,1.408
8595,2.512,1.408
8596,2.512,1.408
8597,2.517,1.413
8598,2.512,1.408
8599,2.488,1.413
8600,2.454,1.413
8601,2.414,1.413
8602,2.370,1.413
8603,2.346,1.413
8604,2.331,1.413
8605,2.317,1.413
8606,2.302,1.417
8607,2.292,1.413
8608,2.331,1.417
8609,2.463,1.413
8610,2.654,1.413
8611,2.771,1.417
8612,2.786,1.413
8613,2.732,1.417
8614,2.659,1.417
8615,2.590,1.417
8616,2.522,1.417
8617,2.488,1.417
8618,2.478,1.417
8619,2.478,1.417
8620,2.468,1.417
8621,2.439,1.417
8622,2.400,1.417
8623,2.375,1.417
8624,2.351,1.422
8625,2.322,1.417
8626,2.302,1.422
8627,2.302,1.422
8628,2.317,1.417
8629,2.336,1.422
8630,2.346,1.417
8631,2.341,1.422
8632,2.375,1.417
8633,2.473,1.422
8634,2.595,1.422
8635,2.644,1.422
8636,2.630,1.422
8637,2.590,1.422
8638,2.546,1.422
8639,2.493,1.422
8640,2.458,1.422
8641,2.444,1.422
8642,2.429,1.422
8643,2.414,1.422
8644,2.405,1.422
8645,2.405,1.427
8646,2.434,1.422
8647,2.414,1.427
8648,2.395,1.422
8649,2.375,1.427
8650,2.341,1.422
8651,2.273,1.427
8652,2.209,1.427
8653,2.180,1.427
8654,2.195,1.427
8655,2.273,1.427
8656,2.458,1.427
8657,2.664,1.427
8658,2.752,1.427
8659,2.713,1.427
8660,2.625,1.427
8661,2.556,1.427
8662,2.522,1.427
8663,2.493,1.432
8664,2.468,1.427
8665,2.458,1.427
8666,2.468,1.427
8667,2.463,1.427
8668,2.454,1.432
8669,2.444,1.427
8670,2.414,1.432
8671,2.390,1.427
8672,2.361,1.432
8673,2.351,1.427
8674,2.322,1.432
8675,2.297,1.427
8676,2.287,1.432
8677,2.307,1.432
8678,2.400,1.432
8679,2.586,1.432
8680,2.732,1.432
8681,2.796,1.432
8682,2.786,1.432
8683,2.727,1.432
8684,2.659,1.432
8685,2.590,1.432
8686,2.532,1.437
8687,2.512,1.432
8688,2.507,1.437
8689,2.532,1.432
8690,2.532,1.432
8691,2.517,1.432
8692,2.478,1.432
8693,2.429,1.437
8694,2.375,1.437
8695,2.346,1.437
8696,2.326,1.437
8697,2.297,1.442
8698,2.263,1.447
8699,2.287,1.447
8700,2.395,1.452
8701,2.546,1.452
8702,2.654,1.452
8703,2.678,1.452
8704,2.630,1.452
8705,2.556,1.447
8706,2.488,1.447
8707,2.449,1.447
8708,2.439,1.442
8709,2.444,1.437
8710,2.473,1.432
8711,2.493,1.432
8712,2.498,1.427
8713,2.502,1.427
8714,2.493,1.422
8715,2.444,1.422
8716,2.410,1.417
8717,2.390,1.413
8718,2.380,1.413
8719,2.361,1.403
8720,2.356,1.398
8721,2.419,1.393
8722,2.561,1.393
8723,2.717,1.393
8724,2.801,1.393
8725,2.786,1.398
8726,2.713,1.398
8727,2.625,1.403
8728,2.561,1.408
8729,2.527,1.417
8730,2.512,1.422
8731,2.517,1.437
8732,2.527,1.452
8733,2.512,1.466
8734,2.483,1.476
8735,2.454,1.486
8736,2.414,1.500
8737,2.390,1.510
8738,2.366,1.520
8739,2.351,1.525
8740,2.351,1.535
8741,2.361,1.540
8742,2.458,1.540
8743,2.630,1.544
8744,2.752,1.544
8745,2.776,1.549
8746,2.722,1.549
8747,2.649,1.549
8748,2.581,1.549
8749,2.527,1.549
8750,2.488,1.554
8751,2.488,1.549
8752,2.502,1.554
8753,2.512,1.549
8754,2.488,1.554
8755,2.444,1.554
8756,2.414,1.554
8757,2.395,1.554
8758,2.400,1.549
8759,2.390,1.554
8760,2.351,1.549
8761,2.380,1.554
8762,2.512,1.549
8763,2.678,1.554
8764,2.761,1.554
8765,2.737,1.554
8766,2.654,1.554
8767,2.566,1.554
8768,2.507,1.554
8769,2.458,1.554
8770,2.434,1.554
8771,2.439,1.554
8772,2.429,1.554
8773,2.424,1.554
8774,2.419,1.554
8775,2.410,1.554
8776,2.390,1.554
8777,2.375,1.554
8778,2.351,1.554
8779,2.346,1.554
8780,2.361,1.554
8781,2.405,1.554
8782,2.537,1.554
8783,2.698,1.554
8784,2.776,1.554
8785,2.752,1.554
8786,2.683,1.554
8787,2.610,1.554
8788,2.551,1.554
8789,2.522,1.554
8790,2.532,1.554
8791,2.546,1.554
8792,2.546,1.554
8793,2.542,1.554
8794,2.517,1.554
8795,2.478,1.554
8796,2.429,1.554
8797,2.390,1.554
8798,2.375,1.554
8799,2.375,1.554
8800,2.439,1.554
8801,2.590,1.554
8802,2.747,1.554
8803,2.801,1.554
8804,2.732,1.554
8805,2.649,1.554
8806,2.586,1.554
8807,2.527,1.554
8808,2.512,1.554
8809,2.522,1.554
8810,2.532,1.554
8811,2.537,1.554
8812,2.522,1.554
8813,2.493,1.554
8814,2.463,1.554
8815,2.424,1.549
8816,2.390,1.554
8817,2.380,1.549
8818,2.385,1.554
8819,2.473,1.549
8820,2.649,1.554
8821,2.786,1.549
8822,2.830,1.549
8823,2.781,1.549
8824,2.693,1.544
8825,2.600,1.549
8826,2.537,1.544
8827,2.507,1.544
8828,2.522,1.544
8829,2.537,1.544
8830,2.532,1.544
8831,2.517,1.540
8832,2.488,1.540
8833,2.444,1.540
8834,2.414,1.540
8835,2.400,1.535
8836,2.385,1.540
8837,2.366,1.535
8838,2.351,1.535
8839,2.395,1.535
8840,2.542,1.530
8841,2.713,1.535
8842,2.801,1.530
8843,2.791,1.530
8844,2.722,1.530
8845,2.634,1.530
8846,2.542,1.525
8847,2.478,1.525
8848,2.458,1.525
8849,2.468,1.525
8850,2.478,1.525
8851,2.488,1.520
8852,2.478,1.525
8853,2.463,1.520
8854,2.444,1.520
8855,2.414,1.520
8856,2.390,1.515
8857,2.366,1.520
8858,2.336,1.515
8859,2.375,1.515
8860,2.517,1.515
8861,2.708,1.515
8862,2.805,1.510
8863,2.796,1.510
8864,2.727,1.510
8865,2.644,1.510
8866,2.561,1.510
8867,2.498,1.505
8868,2.478,1.510
8869,2.483,1.505
8870,2.478,1.505
8871,2.468,1.505
8872,2.449,1.505
8873,2.405,1.505
8874,2.361,1.500
8875,2.356,1.505
8876,2.336,1.500
8877,2.317,1.505
8878,2.297,1.500
8879,2.312,1.500
8880,2.429,1.500
8881,2.615,1.500
8882,2.737,1.500
8883,2.757,1.496
8884,2.713,1.500
8885,2.634,1.496
8886,2.566,1.496
8887,2.507,1.496
8888,2.468,1.496
8889,2.473,1.496
8890,2.488,1.491
8891,2.488,1.496
8892,2.478,1.491
8893,2.449,1.496
8894,2.429,1.491
8895,2.400,1.491
8896,2.370,1.491
8897,2.341,1.491
8898,2.322,1.496
8899,2.341,1.491
8900,2.458,1.496
8901,2.630,1.491
8902,2.757,1.491
8903,2.776,1.491
8904,2.717,1.491
8905,2.639,1.491
8906,2.556,1.491
8907,2.502,1.491
8908,2.473,1.486
8909,2.468,1.491
8910,2.488,1.486
8911,2.488,1.491
8912,2.468,1.491
8913,2.449,1.491
8914,2.410,1.491
8915,2.370,1.486
8916,2.356,1.491
8917,2.346,1.486
8918,2.346,1.491
8919,2.410,1.486
8920,2.561,1.486
8921,2.717,1.486
8922,2.805,1.486
8923,2.805,1.491
8924,2.752,1.486
8925,2.674,1.486
8926,2.590,1.486
8927,2.532,1.486
8928,2.507,1.486
8929,2.522,1.486
8930,2.507,1.486
8931,2.468,1.486
8932,2.434,1.491
8933,2.400,1.486
8934,2.366,1.491
8935,2.336,1.486
8936,2.312,1.491
8937,2.273,1.491
8938,2.248,1.486
8939,2.336,1.491
8940,2.522,1.491
8941,2.683,1.491
8942,2.742,1.491
8943,2.722,1.491
8944,2.664,1.491
8945,2.610,1.491
8946,2.556,1.491
8947,2.507,1.486
8948,2.488,1.491
8949,2.493,1.491
8950,2.488,1.491
8951,2.473,1.491
8952,2.449,1.491
8953,2.424,1.491
8954,2.390,1.486
8955,2.375,1.491
8956,2.356,1.486
8957,2.336,1.491
8958,2.322,1.491
8959,2.346,1.491
8960,2.478,1.491
8961,2.644,1.491
8962,2.766,1.491
8963,2.786,1.491
8964,2.722,1.491
8965,2.644,1.491
8966,2.571,1.491
8967,2.507,1.491
8968,2.473,1.491
8969,2.463,1.491
8970,2.473,1.491
8971,2.488,1.491
8972,2.473,1.491
8973,2.444,1.491
8974,2.410,1.491
8975,2.385,1.491
8976,2.351,1.491
8977,2.331,1.491
8978,2.326,1.491
8979,2.312,1.491
8980,2.302,1.491
8981,2.297,1.491
8982,2.366,1.491
8983,2.517,1.491
8984,2.678,1.491
8985,2.757,1.491
8986,2.737,1.491
8987,2.664,1.491
8988,2.590,1.491
8989,2.532,1.491
8990,2.498,1.491
8991,2.498,1.491
8992,2.517,1.491
8993,2.493,1.491
8994,2.444,1.491
8995,2.405,1.491
8996,2.375,1.491
8997,2.351,1.491
8998,2.317,1.491
8999,2.297,1.491
9000,2.292,1.491
9001,2.297,1.491
9002,2.297,1.491
9003,2.292,1.491
9004,2.283,1.491
9005,2.356,1.491
9006,2.517,1.486
9007,2.674,1.491
9008,2.757,1.486
9009,2.747,1.491
9010,2.683,1.491
9011,2.586,1.486
9012,2.493,1.491
9013,2.434,1.486
9014,2.419,1.491
9015,2.429,1.486
9016,2.439,1.491
9017,2.434,1.486
9018,2.414,1.486
9019,2.405,1.486
9020,2.385,1.486
9021,2.351,1.491
9022,2.326,1.486
9023,2.312,1.491
9024,2.307,1.486
9025,2.307,1.491
9026,2.395,1.491
9027,2.566,1.491
9028,2.717,1.491
9029,2.781,1.491
9030,2.761,1.491
9031,2.698,1.491
9032,2.605,1.491
9033,2.527,1.491
9034,2.488,1.491
9035,2.483,1.491
9036,2.498,1.491
9037,2.498,1.491
9038,2.488,1.491
9039,2.463,1.491
9040,2.424,1.491
9041,2.400,1.491
9042,2.370,1.491
9043,2.336,1.491
9044,2.307,1.491
9045,2.283,1.491
9046,2.268,1.491
9047,2.322,1.491
9048,2.473,1.496
9049,2.649,1.491
9050,2.742,1.496
9051,2.732,1.491
9052,2.664,1.491
9053,2.590,1.491
9054,2.527,1.491
9055,2.468,1.496
9056,2.444,1.491
9057,2.444,1.496
9058,2.454,1.491
9059,2.444,1.491
9060,2.414,1.496
9061,2.385,1.491
9062,2.351,1.496
9063,2.341,1.491
9064,2.346,1.496
9065,2.331,1.491
9066,2.322,1.496
9067,2.346,1.496
9068,2.454,1.491
9069,2.620,1.496
9070,2.742,1.491
9071,2.766,1.496
9072,2.713,1.496
9073,2.634,1.496
9074,2.561,1.491
9075,2.507,1.496
9076,2.488,1.496
9077,2.507,1.496
9078,2.522,1.496
9079,2.517,1.496
9080,2.493,1.496
9081,2.463,1.496
9082,2.439,1.496
9083,2.414,1.496
9084,2.395,1.496
9085,2.385,1.496
9086,2.361,1.496
9087,2.341,1.496
9088,2.414,1.496
9089,2.605,1.496
9090,2.796,1.496
9091,2.893,1.496
9092,2.879,1.496
9093,2.801,1.496
9094,2.722,1.500
9095,2.649,1.496
9096,2.605,1.500
9097,2.595,1.496
9098,2.610,1.496
9099,2.630,1.496
9100,2.620,1.496
9101,2.586,1.500
9102,2.542,1.496
9103,2.507,1.500
9104,2.468,1.496
9105,2.439,1.500
9106,2.414,1.496
9107,2.400,1.500
9108,2.405,1.496
9109,2.512,1.496
9110,2.674,1.500
9111,2.786,1.496
9112,2.801,1.500
9113,2.727,1.500
9114,2.634,1.500
9115,2.566,1.500
9116,2.522,1.500
9117,2.512,1.500
9118,2.532,1.500
9119,2.542,1.505
9120,2.542,1.500
9121,2.507,1.505
9122,2.483,1.505
9123,2.444,1.500
9124,2.410,1.505
9125,2.375,1.500
9126,2.351,1.505
9127,2.341,1.500
9128,2.326,1.505
9129,2.356,1.505
9130,2.493,1.505
9131,2.654,1.505
9132,2.747,1.505
9133,2.742,1.505
9134,2.669,1.505
9135,2.590,1.505
9136,2.522,1.505
9137,2.478,1.505
9138,2.463,1.505
9139,2.473,1.505
9140,2.493,1.505
9141,2.507,1.505
9142,2.493,1.505
9143,2.463,1.505
9144,2.429,1.505
9145,2.385,1.505
9146,2.336,1.505
9147,2.317,1.505
9148,2.297,1.505
9149,2.331,1.510
9150,2.458,1.505
9151,2.630,1.505
9152,2.757,1.505
9153,2.781,1.505
9154,2.717,1.510
9155,2.634,1.505
9156,2.561,1.510
9157,2.502,1.505
9158,2.478,1.510
9159,2.478,1.510
9160,2.488,1.510
9161,2.478,1.510
9162,2.454,1.510
9163,2.424,1.510
9164,2.390,1.510
9165,2.370,1.510
9166,2.361,1.510
9167,2.351,1.510
9168,2.326,1.510
9169,2.370,1.510
9170,2.512,1.510
9171,2.659,1.510
9172,2.737,1.515
9173,2.727,1.510
9174,2.669,1.515
9175,2.600,1.510
9176,2.532,1.510
9177,2.483,1.510
9178,2.458,1.510
9179,2.458,1.515
9180,2.463,1.510
9181,2.449,1.510
9182,2.410,1.510
9183,2.370,1.510
9184,2.336,1.510
9185,2.312,1.510
9186,2.292,1.510
9187,2.278,1.510
9188,2.307,1.510
9189,2.439,1.510
9190,2.605,1.510
9191,2.722,1.510
9192,2.747,1.510
9193,2.698,1.510
9194,2.620,1.510
9195,2.537,1.510
9196,2.473,1.510
9197,2.454,1.510
9198,2.449,1.510
9199,2.449,1.510
9200,2.444,1.510
9201,2.434,1.510
9202,2.395,1.510
9203,2.366,1.510
9204,2.336,1.510
9205,2.312,1.510
9206,2.297,1.510
9207,2.283,1.510
9208,2.317,1.510
9209,2.444,1.510
9210,2.610,1.505
9211,2.732,1.510
9212,2.747,1.505
9213,2.688,1.505
9214,2.605,1.505
9215,2.522,1.505
9216,2.449,1.505
9217,2.429,1.505
9218,2.424,1.505
9219,2.439,1.500
9220,2.444,1.505
9221,2.429,1.500
9222,2.405,1.500
9223,2.370,1.500
9224,2.336,1.500
9225,2.317,1.500
9226,2.292,1.496
9227,2.278,1.496
9228,2.302,1.496
9229,2.419,1.496
9230,2.581,1.496
9231,2.703,1.496
9232,2.722,1.496
9233,2.674,1.496
9234,2.605,1.496
9235,2.527,1.491
9236,2.473,1.496
9237,2.434,1.491
9238,2.424,1.496
9239,2.439,1.491
9240,2.458,1.496
9241,2.463,1.496
9242,2.424,1.491
9243,2.380,1.496
9244,2.366,1.491
9245,2.341,1.496
9246,2.307,1.491
9247,2.243,1.496
9248,2.219,1.491
9249,2.307,1.491
9250,2.493,1.491
9251,2.659,1.491
9252,2.722,1.491
9253,2.678,1.491
9254,2.595,1.491
9255,2.502,1.491
9256,2.429,1.491
9257,2.385,1.491
9258,2.395,1.491
9259,2.419,1.491
9260,2.429,1.491
9261,2.419,1.491
9262,2.410,1.491
9263,2.405,1.491
9264,2.366,1.491
9265,2.312,1.491
9266,2.268,1.491
9267,2.234,1.491
9268,2.224,1.491
9269,2.278,1.491
9270,2.434,1.491
9271,2.595,1.491
9272,2.669,1.491
9273,2.644,1.491
9274,2.581,1.491
9275,2.517,1.491
9276,2.463,1.491
9277,2.444,1.491
9278,2.444,1.491
9279,2.454,1.496
9280,2.463,1.491
9281,2.449,1.491
9282,2.414,1.491
9283,2.385,1.491
9284,2.370,1.491
9285,2.346,1.491
9286,2.326,1.491
9287,2.297,1.491
9288,2.268,1.491
9289,2.307,1.491
9290,2.458,1.491
9291,2.630,1.491
9292,2.713,1.491
9293,2.703,1.491
9294,2.639,1.491
9295,2.566,1.491
9296,2.502,1.491
9297,2.473,1.491
9298,2.463,1.491
9299,2.463,1.491
9300,2.473,1.491
9301,2.463,1.491
9302,2.434,1.491
9303,2.410,1.491
9304,2.385,1.491
9305,2.366,1.491
9306,2.346,1.491
9307,2.322,1.491
9308,2.331,1.491
9309,2.385,1.491
9310,2.512,1.491
9311,2.678,1.491
9312,2.791,1.491
9313,2.801,1.491
9314,2.727,1.491
9315,2.649,1.491
9316,2.566,1.491
9317,2.502,1.496
9318,2.483,1.491
9319,2.498,1.491
9320,2.532,1.491
9321,2.542,1.491
9322,2.546,1.491
9323,2.517,1.491
9324,2.478,1.496
9325,2.434,1.491
9326,2.390,1.491
9327,2.370,1.491
9328,2.351,1.491
9329,2.424,1.491
9330,2.566,1.491
9331,2.708,1.491
9332,2.786,1.491
9333,2.771,1.491
9334,2.708,1.491
9335,2.630,1.491
9336,2.566,1.491
9337,2.522,1.491
9338,2.517,1.491
9339,2.522,1.491
9340,2.542,1.496
9341,2.532,1.491
9342,2.512,1.496
9343,2.478,1.491
9344,2.439,1.496
9345,2.405,1.491
9346,2.385,1.491
9347,2.356,1.491
9348,2.341,1.491
9349,2.380,1.496
9350,2.527,1.491
9351,2.693,1.496
9352,2.791,1.491
9353,2.801,1.491
9354,2.747,1.491
9355,2.683,1.491
9356,2.610,1.496
9357,2.537,1.491
9358,2.493,1.491
9359,2.498,1.496
9360,2.493,1.491
9361,2.483,1.496
9362,2.463,1.491
9363,2.444,1.491
9364,2.434,1.491
9365,2.410,1.491
9366,2.375,1.496
9367,2.341,1.491
9368,2.312,1.496
9369,2.341,1.491
9370,2.478,1.491
9371,2.649,1.491
9372,2.776,1.491
9373,2.801,1.491
9374,2.752,1.491
9375,2.683,1.491
9376,2.615,1.491
9377,2.566,1.496
9378,2.551,1.491
9379,2.571,1.491
9380,2.586,1.491
9381,2.581,1.491
9382,2.551,1.491
9383,2.517,1.491
9384,2.468,1.491
9385,2.434,1.491
9386,2.414,1.491
9387,2.400,1.491
9388,2.366,1.491
9389,2.366,1.491
9390,2.449,1.491
9391,2.615,1.491
9392,2.771,1.491
9393,2.845,1.491
9394,2.815,1.486
9395,2.732,1.491
9396,2.644,1.486
9397,2.581,1.491
9398,2.542,1.491
9399,2.532,1.486
9400,2.537,1.491
9401,2.556,1.486
9402,2.546,1.491
9403,2.527,1.491
9404,2.488,1.491
9405,2.454,1.491
9406,2.429,1.491
9407,2.380,1.491
9408,2.331,1.486
9409,2.302,1.491
9410,2.312,1.486
9411,2.410,1.491
9412,2.605,1.486
9413,2.761,1.491
9414,2.820,1.491
9415,2.776,1.491
9416,2.693,1.491
9417,2.615,1.486
9418,2.542,1.491
9419,2.507,1.486
9420,2.507,1.491
9421,2.522,1.486
9422,2.522,1.491
9423,2.512,1.486
9424,2.493,1.491
9425,2.458,1.491
9426,2.444,1.486
9427,2.414,1.491
9428,2.410,1.486
9429,2.400,1.491
9430,2.385,1.491
9431,2.595,1.491
9432,2.742,1.491
9433,2.830,1.491
9434,2.825,1.491
9435,2.757,1.491
9436,2.669,1.491
9437,2.576,1.491
9438,2.522,1.491
9439,2.502,1.491
9440,2.517,1.491
9441,2.537,1.491
9442,2.542,1.491
9443,2.512,1.491
9444,2.473,1.491
9445,2.439,1.491
9446,2.400,1.491
9447,2.361,1.486
9448,2.331,1.491
9449,2.312,1.491
9450,2.336,1.491
9451,2.458,1.491
9452,2.644,1.491
9453,2.781,1.491
9454,2.810,1.486
9455,2.752,1.491
9456,2.664,1.486
9457,2.571,1.486
9458,2.488,1.486
9459,2.454,1.481
9460,2.458,1.486
9461,2.468,1.481
9462,2.468,1.481
9463,2.454,1.481
9464,2.434,1.481
9465,2.410,1.481
9466,2.385,1.481
9467,2.366,1.481
9468,2.317,1.476
9469,2.283,1.481
9470,2.287,1.476
9471,2.429,1.481
9472,2.649,1.476
9473,2.786,1.481
9474,2.791,1.476
9475,2.717,1.481
9476,2.630,1.481
9477,2.532,1.476
9478,2.463,1.481
9479,2.449,1.476
9480,2.463,1.481
9481,2.488,1.476
9482,2.493,1.476
9483,2.478,1.476
9484,2.444,1.476
9485,2.405,1.476
9486,2.370,1.476
9487,2.346,1.476
9488,2.317,1.476
9489,2.312,1.476
9490,2.395,1.476
9491,2.576,1.476
9492,2.752,1.476
9493,2.835,1.476
9494,2.820,1.476
9495,2.732,1.476
9496,2.625,1.476
9497,2.542,1.476
9498,2.498,1.476
9499,2.498,1.476
9500,2.522,1.476
9501,2.522,1.476
9502,2.517,1.476
9503,2.493,1.476
9504,2.454,1.476
9505,2.414,1.476
9506,2.380,1.476
9507,2.346,1.476
9508,2.331,1.476
9509,2.370,1.476
9510,2.522,1.476
9511,2.713,1.476
9512,2.845,1.476
9513,2.859,1.476
9514,2.791,1.476
9515,2.698,1.476
9516,2.595,1.476
9517,2.532,1.476
9518,2.498,1.476
9519,2.502,1.476
9520,2.517,1.471
9521,2.512,1.476
9522,2.498,1.471
9523,2.478,1.476
9524,2.444,1.471
9525,2.410,1.471
9526,2.370,1.471
9527,2.346,1.471
9528,2.356,1.471
9529,2.473,1.471
9530,2.654,1.471
9531,2.805,1.471
9532,2.854,1.471
9533,2.805,1.471
9534,2.722,1.471
9535,2.615,1.471
9536,2.542,1.471
9537,2.507,1.471
9538,2.512,1.471
9539,2.527,1.471
9540,2.522,1.471
9541,2.502,1.471
9542,2.458,1.471
9543,2.419,1.471
9544,2.375,1.471
9545,2.351,1.471
9546,2.326,1.471
9547,2.307,1.466
9548,2.341,1.471
9549,2.488,1.466
9550,2.678,1.471
9551,2.786,1.466
9552,2.805,1.466
9553,2.757,1.466
9554,2.669,1.466
9555,2.581,1.466
9556,2.522,1.461
9557,2.507,1.461
9558,2.498,1.461
9559,2.493,1.461
9560,2.483,1.461
9561,2.468,1.461
9562,2.468,1.457
9563,2.449,1.461
9564,2.410,1.457
9565,2.370,1.457
9566,2.331,1.457
9567,2.307,1.457
9568,2.370,1.457
9569,2.546,1.452
9570,2.717,1.457
9571,2.786,1.452
9572,2.747,1.452
9573,2.664,1.452
9574,2.566,1.452
9575,2.478,1.452
9576,2.439,1.447
9577,2.439,1.452
9578,2.454,1.447
9579,2.463,1.447
9580,2.458,1.447
9581,2.429,1.447
9582,2.385,1.447
9583,2.346,1.442
9584,2.312,1.447
9585,2.283,1.442
9586,2.253,1.447
9587,2.268,1.442
9588,2.385,1.442
9589,2.561,1.442
9590,2.683,1.442
9591,2.698,1.442
9592,2.644,1.437
9593,2.561,1.437
9594,2.468,1.437
9595,2.400,1.437
9596,2.385,1.437
9597,2.405,1.437
9598,2.424,1.437
9599,2.429,1.437
9600,2.410,1.437
9601,2.380,1.432
9602,2.346,1.432
9603,2.307,1.432
9604,2.273,1.432
9605,2.239,1.427
9606,2.229,1.432
9607,2.307,1.432
9608,2.473,1.427
9609,2.634,1.432
9610,2.698,1.427
9611,2.664,1.432
9612,2.595,1.427
9613,2.517,1.427
9614,2.429,1.427
9615,2.390,1.427
9616,2.395,1.427
9617,2.400,1.427
9618,2.405,1.427
9619,2.380,1.422
9620,2.356,1.427
9621,2.317,1.422
9622,2.278,1.427
9623,2.253,1.422
9624,2.258,1.422
9625,2.248,1.422
9626,2.248,1.422
9627,2.356,1.422
9628,2.507,1.417
9629,2.625,1.422
9630,2.639,1.417
9631,2.605,1.422
9632,2.517,1.417
9633,2.434,1.422
9634,2.375,1.422
9635,2.341,1.417
9636,2.356,1.422
9637,2.380,1.417
9638,2.400,1.422
9639,2.390,1.417
9640,2.366,1.417
9641,2.326,1.417
9642,2.292,1.417
9643,2.253,1.417
9644,2.234,1.417
9645,2.243,1.417
9646,2.356,1.417
9647,2.517,1.417
9648,2.664,1.413
9649,2.703,1.417
9650,2.669,1.417
9651,2.586,1.417
9652,2.493,1.417
9653,2.414,1.417
9654,2.375,1.417
9655,2.375,1.413
9656,2.400,1.417
9657,2.405,1.417
9658,2.385,1.417
9659,2.356,1.417
9660,2.336,1.417
9661,2.302,1.417
9662,2.287,1.413
9663,2.268,1.417
9664,2.268,1.413
9665,2.336,1.417
9666,2.483,1.413
9667,2.600,1.417
9668,2.649,1.417
9669,2.630,1.417
9670,2.571,1.417
9671,2.498,1.417
9672,2.434,1.417
9673,2.400,1.413
9674,2.395,1.417
9675,2.410,1.413
9676,2.414,1.417
9677,2.395,1.417
9678,2.385,1.417
9679,2.351,1.417
9680,2.322,1.413
9681,2.297,1.417
9682,2.278,1.413
9683,2.331,1.417
9684,2.458,1.417
9685,2.610,1.417
9686,2.678,1.417
9687,2.669,1.417
9688,2.600,1.417
9689,2.527,1.413
9690,2.454,1.417
9691,2.414,1.417
9692,2.414,1.417
9693,2.444,1.417
9694,2.488,1.413
9695,2.488,1.417
9696,2.424,1.413
9697,2.361,1.417
9698,2.326,1.417
9699,2.312,1.417
9700,2.297,1.417
9701,2.278,1.417
9702,2.268,1.417
9703,2.317,1.417
9704,2.454,1.417
9705,2.586,1.417
9706,2.669,1.417
9707,2.664,1.417
9708,2.620,1.417
9709,2.571,1.417
9710,2.512,1.417
9711,2.463,1.417
9712,2.434,1.417
9713,2.424,1.417
9714,2.434,1.417
9715,2.434,1.417
9716,2.414,1.417
9717,2.385,1.417
9718,2.366,1.417
9719,2.341,1.417
9720,2.322,1.417
9721,2.312,1.417
9722,2.297,1.417
9723,2.322,1.417
9724,2.444,1.417
9725,2.605,1.417
9726,2.717,1.417
9727,2.742,1.417
9728,2.708,1.417
9729,2.639,1.417
9730,2.581,1.417
9731,2.512,1.417
9732,2.483,1.417
9733,2.488,1.417
9734,2.507,1.417
9735,2.512,1.417
9736,2.493,1.417
9737,2.458,1.417
9738,2.424,1.417
9739,2.390,1.417
9740,2.361,1.417
9741,2.346,1.413
9742,2.336,1.417
9743,2.322,1.413
9744,2.326,1.413
9745,2.395,1.417
9746,2.537,1.413
9747,2.678,1.417
9748,2.742,1.413
9749,2.732,1.413
9750,2.683,1.413
9751,2.615,1.413
9752,2.546,1.413
9753,2.507,1.413
9754,2.488,1.413
9755,2.498,1.408
9756,2.507,1.413
9757,2.498,1.408
9758,2.483,1.413
9759,2.463,1.408
9760,2.429,1.408
9761,2.405,1.408
9762,2.390,1.408
9763,2.395,1.408
9764,2.405,1.408
9765,2.410,1.408
9766,2.458,1.408
9767,2.566,1.408
9768,2.674,1.408
9769,2.717,1.408
9770,2.703,1.408
9771,2.669,1.408
9772,2.590,1.408
9773,2.478,1.403
9774,2.410,1.408
9775,2.414,1.403
9776,2.444,1.408
9777,2.468,1.403
9778,2.463,1.403
9779,2.434,1.403
9780,2.400,1.403
9781,2.356,1.403
9782,2.331,1.403
9783,2.317,1.403
9784,2.307,1.403
9785,2.287,1.403
9786,2.273,1.403
9787,2.263,1.403
9788,2.317,1.403
9789,2.449,1.403
9790,2.615,1.403
9791,2.727,1.398
9792,2.737,1.403
9793,2.688,1.398
9794,2.625,1.398
9795,2.542,1.398
9796,2.483,1.398
9797,2.458,1.398
9798,2.468,1.398
9799,2.483,1.398
9800,2.493,1.398
9801,2.478,1.398
9802,2.449,1.398
9803,2.424,1.398
9804,2.410,1.398
9805,2.385,1.398
9806,2.361,1.403
9807,2.346,1.398
9808,2.361,1.403
9809,2.551,1.398
9810,2.674,1.398
9811,2.732,1.403
9812,2.722,1.398
9813,2.659,1.403
9814,2.576,1.398
9815,2.498,1.403
9816,2.449,1.398
9817,2.444,1.403
9818,2.473,1.398
9819,2.488,1.403
9820,2.488,1.398
9821,2.478,1.398
9822,2.454,1.403
9823,2.419,1.398
9824,2.390,1.403
9825,2.370,1.398
9826,2.356,1.403
9827,2.346,1.403
9828,2.366,1.403
9829,2.478,1.403
9830,2.630,1.398
9831,2.757,1.403
9832,2.801,1.398
9833,2.766,1.403
9834,2.693,1.403
9835,2.600,1.403
9836,2.546,1.403
9837,2.527,1.403
9838,2.512,1.408
9839,2.493,1.403
9840,2.488,1.408
9841,2.478,1.403
9842,2.468,1.408
9843,2.463,1.403
9844,2.458,1.408
9845,2.424,1.408
9846,2.385,1.408
9847,2.356,1.408
9848,2.336,1.408
9849,2.370,1.408
9850,2.517,1.408
9851,2.683,1.408
9852,2.801,1.408
9853,2.815,1.408
9854,2.732,1.408
9855,2.620,1.408
9856,2.522,1.408
9857,2.454,1.408
9858,2.444,1.408
9859,2.463,1.408
9860,2.473,1.408
9861,2.478,1.408
9862,2.463,1.408
9863,2.429,1.408
9864,2.410,1.408
9865,2.385,1.408
9866,2.370,1.408
9867,2.346,1.408
9868,2.331,1.408
9869,2.366,1.408
9870,2.512,1.408
9871,2.669,1.408
9872,2.766,1.413
9873,2.766,1.408
9874,2.708,1.413
9875,2.639,1.408
9876,2.566,1.413
9877,2.512,1.408
9878,2.502,1.413
9879,2.512,1.413
9880,2.517,1.413
9881,2.517,1.413
9882,2.502,1.413
9883,2.488,1.413
9884,2.454,1.413
9885,2.429,1.413
9886,2.400,1.413
9887,2.370,1.413
9888,2.341,1.413
9889,2.385,1.413
9890,2.537,1.417
9891,2.708,1.413
9892,2.805,1.417
9893,2.786,1.413
9894,2.717,1.417
9895,2.639,1.413
9896,2.571,1.413
9897,2.512,1.417
9898,2.493,1.413
9899,2.507,1.417
9900,2.517,1.413
9901,2.517,1.417
9902,2.502,1.413
9903,2.463,1.417
9904,2.429,1.417
9905,2.385,1.417
9906,2.356,1.417
9907,2.346,1.417
9908,2.351,1.417
9909,2.449,1.417
9910,2.639,1.417
9911,2.810,1.417
9912,2.874,1.417
9913,2.845,1.417
9914,2.781,1.417
9915,2.742,1.422
9916,2.674,1.417
9917,2.605,1.422
9918,2.586,1.417
9919,2.630,1.422
9920,2.644,1.422
9921,2.630,1.422
9922,2.590,1.422
9923,2.551,1.422
9924,2.517,1.422
9925,2.493,1.422
9926,2.454,1.422
9927,2.400,1.422
9928,2.395,1.422
9929,2.512,1.422
9930,2.693,1.427
9931,2.815,1.427
9932,2.825,1.427
9933,2.761,1.427
9934,2.693,1.432
9935,2.678,1.432
9936,2.683,1.432
9937,2.683,1.432
9938,2.674,1.432
9939,2.688,1.432
9940,2.669,1.432
9941,2.600,1.432
9942,2.546,1.427
9943,2.512,1.427
9944,2.483,1.427
9945,2.449,1.422
9946,2.424,1.427
9947,2.473,1.427
9948,2.639,1.422
9949,2.825,1.427
9950,2.923,1.422
9951,2.913,1.427
9952,2.845,1.427
9953,2.747,1.427
9954,2.649,1.427
9955,2.586,1.427
9956,2.556,1.427
9957,2.561,1.422
9958,2.556,1.422
9959,2.542,1.422
9960,2.512,1.417
9961,2.468,1.417
9962,2.400,1.417
9963,2.341,1.413
9964,2.302,1.408
9965,2.283,1.408
9966,2.317,1.403
9967,2.444,1.408
9968,2.644,1.408
9969,2.781,1.413
9970,2.815,1.417
9971,2.737,1.422
9972,2.625,1.432
9973,2.507,1.437
9974,2.444,1.447
9975,2.419,1.457
9976,2.419,1.471
9977,2.434,1.481
9978,2.419,1.496
9979,2.400,1.505
9980,2.380,1.520
9981,2.356,1.535
9982,2.326,1.540
9983,2.312,1.549
9984,2.302,1.559
9985,2.312,1.569
9986,2.419,1.569
9987,2.600,1.579
9988,2.747,1.579
9989,2.786,1.584
9990,2.732,1.588
9991,2.649,1.588
9992,2.561,1.593
9993,2.488,1.593
9994,2.449,1.593
9995,2.449,1.593
9996,2.454,1.593
9997,2.454,1.593
9998,2.434,1.593
9999,2.410,1.593
10000,2.380,1.593
10001,2.351,1.593
10002,2.341,1.588
10003,2.331,1.593
10004,2.351,1.588
10005,2.458,1.588
10006,2.625,1.588
10007,2.742,1.588
10008,2.766,1.588
10009,2.708,1.584
10010,2.620,1.588
10011,2.517,1.584
10012,2.449,1.584
10013,2.429,1.584
10014,2.434,1.588
10015,2.444,1.584
10016,2.444,1.584
10017,2.429,1.584
10018,2.395,1.584
10019,2.366,1.584
10020,2.341,1.579
10021,2.322,1.584
10022,2.302,1.579
10023,2.341,1.584
10024,2.473,1.579
10025,2.649,1.579
10026,2.752,1.579
10027,2.771,1.579
10028,2.708,1.579
10029,2.615,1.579
10030,2.527,1.579
10031,2.463,1.579
10032,2.439,1.579
10033,2.444,1.579
10034,2.454,1.574
10035,2.454,1.579
10036,2.439,1.579
10037,2.419,1.579
10038,2.385,1.574
10039,2.346,1.579
10040,2.312,1.579
10041,2.297,1.579
10042,2.336,1.579
10043,2.483,1.574
10044,2.649,1.579
10045,2.747,1.574
10046,2.757,1.579
10047,2.698,1.574
10048,2.620,1.579
10049,2.532,1.579
10050,2.463,1.574
10051,2.434,1.579
10052,2.439,1.574
10053,2.449,1.579
10054,2.449,1.579
10055,2.434,1.579
10056,2.400,1.579
10057,2.366,1.579
10058,2.336,1.579
10059,2.312,1.574
10060,2.297,1.574
10061,2.375,1.574
10062,2.537,1.574
10063,2.688,1.574
10064,2.747,1.574
10065,2.713,1.574
10066,2.625,1.574
10067,2.542,1.574
10068,2.468,1.574
10069,2.444,1.574
10070,2.449,1.574
10071,2.458,1.574
10072,2.463,1.574
10073,2.449,1.574
10074,2.424,1.574
10075,2.375,1.574
10076,2.336,1.574
10077,2.292,1.574
10078,2.258,1.574
10079,2.263,1.574
10080,2.356,1.574
10081,2.527,1.574
10082,2.678,1.574
10083,2.732,1.574
10084,2.698,1.569
10085,2.625,1.574
10086,2.546,1.569
10087,2.473,1.574
10088,2.449,1.574
10089,2.454,1.574
10090,2.458,1.574
10091,2.449,1.569
10092,2.419,1.574
10093,2.380,1.569
10094,2.341,1.574
10095,2.312,1.569
10096,2.287,1.574
10097,2.278,1.569
10098,2.283,1.569
10099,2.361,1.569
10100,2.502,1.569
10101,2.625,1.569
10102,2.659,1.569
10103,2.605,1.569
10104,2.512,1.564
10105,2.424,1.569
10106,2.370,1.564
10107,2.351,1.569
10108,2.366,1.564
10109,2.390,1.564
10110,2.405,1.569
10111,2.390,1.564
10112,2.375,1.569
10113,2.356,1.564
10114,2.336,1.569
10115,2.317,1.564
10116,2.302,1.569
10117,2.283,1.569
10118,2.302,1.564
10119,2.439,1.569
10120,2.610,1.564
10121,2.713,1.569
10122,2.717,1.564
10123,2.644,1.569
10124,2.556,1.564
10125,2.468,1.569
10126,2.414,1.569
10127,2.400,1.564
10128,2.410,1.569
10129,2.414,1.564
10130,2.419,1.569
10131,2.410,1.564
10132,2.385,1.569
10133,2.351,1.564
10134,2.317,1.569
10135,2.287,1.569
10136,2.273,1.569
10137,2.273,1.569
10138,2.346,1.564
10139,2.493,1.569
10140,2.639,1.564
10141,2.693,1.569
10142,2.669,1.564
10143,2.610,1.569
10144,2.546,1.569
10145,2.488,1.564
10146,2.454,1.569
10147,2.454,1.564
10148,2.458,1.569
10149,2.463,1.564
10150,2.449,1.569
10151,2.419,1.564
10152,2.380,1.569
10153,2.351,1.564
10154,2.322,1.564
10155,2.307,1.564
10156,2.302,1.564
10157,2.331,1.569
10158,2.458,1.564
10159,2.605,1.569
10160,2.713,1.564
10161,2.727,1.564
10162,2.688,1.564
10163,2.620,1.564
10164,2.546,1.564
10165,2.463,1.564
10166,2.419,1.569
10167,2.434,1.564
10168,2.468,1.564
10169,2.473,1.564
10170,2.473,1.564
10171,2.449,1.564
10172,2.434,1.564
10173,2.400,1.564
10174,2.380,1.564
10175,2.361,1.564
10176,2.356,1.564
10177,2.405,1.564
10178,2.532,1.564
10179,2.674,1.564
10180,2.747,1.564
10181,2.742,1.564
10182,2.674,1.564
10183,2.586,1.564
10184,2.488,1.564
10185,2.429,1.564
10186,2.488,1.564
10187,2.463,1.564
10188,2.439,1.564
10189,2.419,1.564
10190,2.410,1.564
10191,2.405,1.564
10192,2.375,1.564
10193,2.351,1.564
10194,2.346,1.564
10195,2.639,1.564
10196,2.747,1.564
10197,2.781,1.564
10198,2.752,1.564
10199,2.693,1.564
10200,2.634,1.564
10201,2.576,1.564
10202,2.537,1.564
10203,2.522,1.559
10204,2.542,1.564
10205,2.488,1.564
10206,2.458,1.564
10207,2.444,1.564
10208,2.434,1.559
10209,2.424,1.564
10210,2.419,1.559
10211,2.405,1.564
10212,2.395,1.564
10213,2.688,1.559
10214,2.776,1.564
10215,2.815,1.559
10216,2.786,1.564
10217,2.732,1.564
10218,2.674,1.564
10219,2.610,1.564
10220,2.581,1.564
10221,2.566,1.564
10222,2.590,1.564
10223,2.532,1.564
10224,2.473,1.564
10225,2.429,1.564
10226,2.410,1.564
10227,2.385,1.564
10228,2.366,1.564
10229,2.341,1.564
10230,2.351,1.564
10231,2.356,1.564
10232,2.483,1.564
10233,2.664,1.564
10234,2.786,1.564
10235,2.815,1.564
10236,2.781,1.559
10237,2.717,1.564
10238,2.649,1.559
10239,2.634,1.559
10240,2.561,1.564
10241,2.502,1.559
10242,2.458,1.564
10243,2.419,1.559
10244,2.380,1.564
10245,2.346,1.564
10246,2.336,1.564
10247,2.326,1.564
10248,2.351,1.559
10249,2.302,1.564
10250,2.263,1.559
10251,2.263,1.564
10252,2.366,1.564
10253,2.537,1.559
10254,2.693,1.564
10255,2.742,1.564
10256,2.747,1.564
10257,2.649,1.559
10258,2.537,1.564
10259,2.493,1.564
10260,2.522,1.564
10261,2.546,1.564
10262,2.556,1.564
10263,2.537,1.564
10264,2.488,1.564
10265,2.439,1.564
10266,2.390,1.564
10267,2.341,1.564
10268,2.322,1.564
10269,2.307,1.564
10270,2.302,1.564
10271,2.331,1.564
10272,2.449,1.564
10273,2.625,1.564
10274,2.747,1.564
10275,2.742,1.564
10276,2.644,1.564
10277,2.571,1.569
10278,2.532,1.564
10279,2.561,1.569
10280,2.610,1.569
10281,2.639,1.574
10282,2.639,1.579
10283,2.502,1.584
10284,2.390,1.593
10285,2.326,1.588
10286,2.322,1.588
10287,2.356,1.588
10288,2.380,1.588
10289,2.380,1.588
10290,2.424,1.588
10291,2.532,1.593
10292,2.678,1.588
10293,2.610,1.593
10294,2.537,1.593
10295,2.478,1.588
10296,2.454,1.593
10297,2.449,1.588
10298,2.454,1.593
10299,2.454,1.588
10300,2.449,1.588
10301,2.410,1.588
10302,2.341,1.588
10303,2.297,1.593
10304,2.287,1.588
10305,2.292,1.593
10306,2.292,1.588
10307,2.307,1.593
10308,2.419,1.588
10309,2.561,1.593
10310,2.727,1.593
10311,2.639,1.593
10312,2.551,1.593
10313,2.488,1.593
10314,2.454,1.593
10315,2.449,1.588
10316,2.463,1.593
10317,2.468,1.588
10318,2.463,1.593
10319,2.429,1.593
10320,2.366,1.593
10321,2.322,1.593
10322,2.312,1.593
10323,2.297,1.593
10324,2.302,1.593
10325,2.361,1.593
10326,2.507,1.593
10327,2.669,1.593
10328,2.766,1.593
10329,2.659,1.593
10330,2.561,1.593
10331,2.488,1.593
10332,2.449,1.593
10333,2.449,1.593
10334,2.473,1.593
10335,2.488,1.593
10336,2.488,1.593
10337,2.419,1.593
10338,2.361,1.593
10339,2.322,1.593
10340,2.292,1.593
10341,2.283,1.593
10342,2.326,1.593
10343,2.468,1.588
10344,2.649,1.593
10345,2.771,1.593
10346,2.664,1.593
10347,2.571,1.593
10348,2.498,1.588
10349,2.458,1.593
10350,2.463,1.588
10351,2.498,1.593
10352,2.517,1.588
10353,2.507,1.593
10354,2.468,1.593
10355,2.385,1.588
10356,2.341,1.593
10357,2.307,1.588
10358,2.292,1.593
10359,2.336,1.588
10360,2.473,1.588
10361,2.659,1.593
10362,2.791,1.593
10363,2.717,1.588
10364,2.590,1.588
10365,2.493,1.593
10366,2.473,1.588
10367,2.478,1.588
10368,2.507,1.588
10369,2.512,1.588
10370,2.507,1.588
10371,2.463,1.588
10372,2.390,1.588
10373,2.322,1.584
10374,2.307,1.588
10375,2.326,1.588
10376,2.405,1.584
10377,2.581,1.584
10378,2.742,1.584
10379,2.805,1.588
10380,2.796,1.584
10381,2.654,1.584
10382,2.561,1.584
10383,2.507,1.579
10384,2.498,1.584
10385,2.517,1.579
10386,2.522,1.584
10387,2.517,1.579
10388,2.483,1.579
10389,2.463,1.579
10390,2.385,1.579
10391,2.346,1.579
10392,2.366,1.579
10393,2.488,1.579
10394,2.674,1.579
10395,2.796,1.579
10396,2.805,1.579
10397,2.742,1.579
10398,2.625,1.579
10399,2.542,1.574
10400,2.493,1.579
10401,2.488,1.574
10402,2.512,1.579
10403,2.512,1.574
10404,2.502,1.574
10405,2.468,1.574
10406,2.434,1.574
10407,2.458,1.574
10408,2.620,1.574
10409,2.771,1.574
10410,2.840,1.569
10411,2.835,1.574
10412,2.815,1.569
10413,2.766,1.569
10414,2.683,1.569
10415,2.605,1.569
10416,2.561,1.569
10417,2.502,1.569
10418,2.478,1.569
10419,2.498,1.569
10420,2.512,1.569
10421,2.522,1.569
10422,2.512,1.569
10423,2.473,1.569
10424,2.405,1.569
10425,2.341,1.569
10426,2.366,1.569
10427,2.502,1.569
10428,2.703,1.569
10429,2.854,1.569
10430,2.884,1.569
10431,2.815,1.569
10432,2.713,1.569
10433,2.595,1.569
10434,2.502,1.569
10435,2.454,1.564
10436,2.473,1.564
10437,2.527,1.564
10438,2.532,1.564
10439,2.507,1.564
10440,2.463,1.564
10441,2.419,1.564
10442,2.385,1.564
10443,2.375,1.564
10444,2.361,1.564
10445,2.361,1.564
10446,2.434,1.564
10447,2.615,1.564
10448,2.786,1.564
10449,2.859,1.564
10450,2.835,1.564
10451,2.752,1.564
10452,2.659,1.564
10453,2.571,1.564
10454,2.507,1.564
10455,2.483,1.564
10456,2.493,1.564
10457,2.507,1.564
10458,2.507,1.564
10459,2.468,1.564
10460,2.424,1.564
10461,2.375,1.564
10462,2.336,1.564
10463,2.322,1.564
10464,2.326,1.564
10465,2.336,1.564
10466,2.326,1.559
10467,2.312,1.564
10468,2.346,1.559
10469,2.498,1.559
10470,2.688,1.559
10471,2.845,1.559
10472,2.879,1.559
10473,2.801,1.559
10474,2.693,1.559
10475,2.590,1.559
10476,2.517,1.559
10477,2.473,1.559
10478,2.483,1.559
10479,2.512,1.559
10480,2.517,1.559
10481,2.493,1.559
10482,2.454,1.554
10483,2.414,1.559
10484,2.361,1.554
10485,2.326,1.554
10486,2.312,1.554
10487,2.287,1.554
10488,2.283,1.554
10489,2.273,1.554
10490,2.268,1.554
10491,2.322,1.549
10492,2.488,1.554
10493,2.678,1.549
10494,2.776,1.549
10495,2.766,1.549
10496,2.678,1.549
10497,2.581,1.544
10498,2.507,1.544
10499,2.473,1.544
10500,2.458,1.544
10501,2.463,1.544
10502,2.473,1.540
10503,2.463,1.540
10504,2.429,1.540
10505,2.395,1.535
10506,2.366,1.535
10507,2.326,1.535
10508,2.312,1.535
10509,2.292,1.530
10510,2.278,1.530
10511,2.263,1.525
10512,2.243,1.525
10513,2.273,1.525
10514,2.410,1.525
10515,2.600,1.520
10516,2.737,1.520
10517,2.761,1.520
10518,2.693,1.515
10519,2.595,1.515
10520,2.507,1.510
10521,2.449,1.510
10522,2.424,1.510
10523,2.434,1.510
10524,2.444,1.505
10525,2.444,1.505
10526,2.424,1.505
10527,2.400,1.500
10528,2.370,1.500
10529,2.341,1.496
10530,2.322,1.496
10531,2.302,1.491
10532,2.297,1.491
10533,2.292,1.491
10534,2.375,1.486
10535,2.522,1.486
10536,2.678,1.481
10537,2.742,1.481
10538,2.717,1.481
10539,2.634,1.476
10540,2.566,1.476
10541,2.502,1.471
10542,2.463,1.471
10543,2.458,1.471
10544,2.468,1.471
10545,2.468,1.466
10546,2.454,1.466
10547,2.424,1.461
10548,2.390,1.461
10549,2.351,1.461
10550,2.336,1.457
10551,2.322,1.457
10552,2.312,1.457
10553,2.307,1.457
10554,2.312,1.452
10555,2.302,1.452
10556,2.341,1.447
10557,2.478,1.447
10558,2.664,1.447
10559,2.771,1.447
10560,2.771,1.447
10561,2.693,1.442
10562,2.595,1.442
10563,2.502,1.442
10564,2.478,1.442
10565,2.473,1.437
10566,2.493,1.437
10567,2.498,1.437
10568,2.498,1.432
10569,2.473,1.437
10570,2.444,1.432
10571,2.400,1.432
10572,2.366,1.432
10573,2.331,1.432
10574,2.307,1.427
10575,2.292,1.427
10576,2.326,1.427
10577,2.483,1.427
10578,2.644,1.427
10579,2.737,1.422
10580,2.727,1.427
10581,2.654,1.422
10582,2.571,1.422
10583,2.502,1.422
10584,2.454,1.422
10585,2.444,1.422
10586,2.468,1.422
10587,2.488,1.422
10588,2.483,1.422
10589,2.449,1.422
10590,2.424,1.417
10591,2.395,1.417
10592,2.366,1.417
10593,2.356,1.417
10594,2.341,1.417
10595,2.326,1.413
10596,2.331,1.413
10597,2.375,1.413
10598,2.512,1.413
10599,2.674,1.413
10600,2.747,1.408
10601,2.727,1.408
10602,2.654,1.408
10603,2.581,1.403
10604,2.507,1.403
10605,2.468,1.403
10606,2.468,1.398
10607,2.493,1.398
10608,2.507,1.393
10609,2.498,1.398
10610,2.473,1.393
10611,2.449,1.393
10612,2.414,1.393
10613,2.380,1.393
10614,2.351,1.393
10615,2.326,1.388
10616,2.317,1.388
10617,2.331,1.388
10618,2.434,1.388
10619,2.590,1.388
10620,2.717,1.383
10621,2.771,1.383
10622,2.732,1.383
10623,2.654,1.383
10624,2.590,1.378
10625,2.556,1.378
10626,2.532,1.378
10627,2.502,1.378
10628,2.473,1.378
10629,2.458,1.378
10630,2.434,1.378
10631,2.390,1.373
10632,2.375,1.373
10633,2.341,1.373
10634,2.341,1.373
10635,2.336,1.373
10636,2.317,1.373
10637,2.287,1.369
10638,2.322,1.369
10639,2.454,1.369
10640,2.634,1.369
10641,2.752,1.369
10642,2.742,1.369
10643,2.674,1.369
10644,2.605,1.369
10645,2.542,1.369
10646,2.512,1.369
10647,2.502,1.364
10648,2.493,1.364
10649,2.498,1.364
10650,2.507,1.364
10651,2.517,1.364
10652,2.532,1.364
10653,2.532,1.364
10654,2.507,1.364
10655,2.483,1.364
10656,2.454,1.359
10657,2.439,1.364
10658,2.444,1.359
10659,2.551,1.364
10660,2.698,1.359
10661,2.766,1.359
10662,2.757,1.359
10663,2.698,1.359
10664,2.625,1.359
10665,2.551,1.359
10666,2.498,1.359
10667,2.488,1.359
10668,2.502,1.359
10669,2.532,1.354
10670,2.527,1.359
10671,2.502,1.359
10672,2.454,1.359
10673,2.429,1.359
10674,2.390,1.359
10675,2.356,1.359
10676,2.336,1.354
10677,2.317,1.359
10678,2.322,1.359
10679,2.400,1.359
10680,2.551,1.359
10681,2.698,1.359
10682,2.747,1.359
10683,2.708,1.354
10684,2.630,1.359
10685,2.561,1.359
10686,2.517,1.359
10687,2.498,1.354
10688,2.488,1.359
10689,2.502,1.354
10690,2.488,1.359
10691,2.458,1.359
10692,2.419,1.354
10693,2.385,1.359
10694,2.361,1.354
10695,2.336,1.359
10696,2.326,1.354
10697,2.326,1.359
10698,2.405,1.359
10699,2.561,1.359
10700,2.708,1.359
10701,2.757,1.354
10702,2.722,1.359
10703,2.644,1.359
10704,2.571,1.359
10705,2.522,1.359
10706,2.493,1.359
10707,2.498,1.359
10708,2.527,1.359
10709,2.532,1.359
10710,2.512,1.359
10711,2.473,1.364
10712,2.424,1.359
10713,2.390,1.364
10714,2.361,1.359
10715,2.341,1.364
10716,2.326,1.364
10717,2.351,1.364
10718,2.473,1.364
10719,2.644,1.364
10720,2.747,1.364
10721,2.752,1.364
10722,2.698,1.364
10723,2.630,1.364
10724,2.561,1.364
10725,2.512,1.364
10726,2.493,1.364
10727,2.507,1.369
10728,2.512,1.364
10729,2.512,1.369
10730,2.493,1.369
10731,2.468,1.369
10732,2.434,1.369
10733,2.405,1.369
10734,2.380,1.369
10735,2.375,1.369
10736,2.361,1.373
10737,2.405,1.369
10738,2.551,1.373
10739,2.742,1.369
10740,2.820,1.373
10741,2.801,1.373
10742,2.727,1.373
10743,2.654,1.373
10744,2.590,1.373
10745,2.537,1.378
10746,2.512,1.373
10747,2.517,1.378
10748,2.517,1.373
10749,2.498,1.378
10750,2.468,1.378
10751,2.424,1.378
10752,2.380,1.378
10753,2.346,1.378
10754,2.326,1.383
10755,2.307,1.378
10756,2.292,1.383
10757,2.292,1.378
10758,2.375,1.383
10759,2.556,1.383
10760,2.727,1.383
10761,2.801,1.383
10762,2.776,1.383
10763,2.703,1.383
10764,2.630,1.383
10765,2.561,1.383
10766,2.522,1.383
10767,2.502,1.388
10768,2.517,1.383
10769,2.527,1.388
10770,2.522,1.388
10771,2.488,1.388
10772,2.449,1.388
10773,2.405,1.388
10774,2.366,1.388
10775,2.336,1.388
10776,2.312,1.388
10777,2.302,1.388
10778,2.307,1.388
10779,2.312,1.393
10780,2.346,1.388
10781,2.458,1.393
10782,2.649,1.388
10783,2.771,1.393
10784,2.791,1.393
10785,2.742,1.393
10786,2.674,1.393
10787,2.615,1.393
10788,2.556,1.393
10789,2.517,1.393
10790,2.517,1.393
10791,2.532,1.393
10792,2.527,1.393
10793,2.507,1.393
10794,2.463,1.398
10795,2.414,1.393
10796,2.370,1.393
10797,2.346,1.398
10798,2.322,1.393
10799,2.312,1.398
10800,2.297,1.393
10801,2.292,1.398
10802,2.292,1.398
10803,2.366,1.398
10804,2.522,1.398
10805,2.688,1.398
10806,2.766,1.398
10807,2.742,1.398
10808,2.674,1.398
10809,2.600,1.398
10810,2.527,1.398
10811,2.478,1.398
10812,2.468,1.398
10813,2.483,1.398
10814,2.488,1.398
10815,2.478,1.403
10816,2.434,1.398
10817,2.390,1.403
10818,2.336,1.403
10819,2.302,1.403
10820,2.273,1.403
10821,2.253,1.403
10822,2.258,1.403
10823,2.258,1.403
10824,2.253,1.408
10825,2.253,1.403
10826,2.326,1.408
10827,2.488,1.403
10828,2.639,1.408
10829,2.708,1.408
10830,2.678,1.408
10831,2.620,1.408
10832,2.561,1.408
10833,2.502,1.408
10834,2.468,1.408
10835,2.473,1.408
10836,2.478,1.408
10837,2.483,1.408
10838,2.468,1.408
10839,2.429,1.408
10840,2.385,1.408
10841,2.361,1.408
10842,2.346,1.408
10843,2.341,1.408
10844,2.312,1.408
10845,2.302,1.408
10846,2.302,1.408
10847,2.385,1.408
10848,2.537,1.413
10849,2.678,1.413
10850,2.732,1.413
10851,2.708,1.413
10852,2.634,1.413
10853,2.556,1.413
10854,2.483,1.413
10855,2.434,1.413
10856,2.429,1.413
10857,2.439,1.413
10858,2.439,1.417
10859,2.414,1.413
10860,2.385,1.417
10861,2.356,1.417
10862,2.331,1.422
10863,2.322,1.422
10864,2.297,1.422
10865,2.283,1.427
10866,2.268,1.422
10867,2.268,1.417
10868,2.312,1.408
10869,2.458,1.403
10870,2.620,1.398
10871,2.703,1.393
10872,2.708,1.393
10873,2.659,1.398
10874,2.576,1.398
10875,2.507,1.403
10876,2.468,1.408
10877,2.473,1.413
10878,2.498,1.422
10879,2.512,1.427
10880,2.493,1.437
10881,2.473,1.442
10882,2.444,1.447
10883,2.405,1.457
10884,2.380,1.461
10885,2.361,1.471
10886,2.346,1.476
10887,2.341,1.481
10888,2.351,1.486
10889,2.458,1.486
10890,2.625,1.486
10891,2.752,1.481
10892,2.786,1.481
10893,2.747,1.471
10894,2.669,1.471
10895,2.581,1.466
10896,2.512,1.461
10897,2.463,1.452
10898,2.463,1.442
10899,2.483,1.427
10900,2.478,1.413
10901,2.463,1.398
10902,2.444,1.383
10903,2.429,1.373
10904,2.410,1.364
10905,2.405,1.359
10906,2.385,1.349
10907,2.366,1.344
10908,2.361,1.339
10909,2.410,1.329
10910,2.537,1.325
10911,2.683,1.315
10912,2.771,1.310
10913,2.752,1.310
10914,2.669,1.305
10915,2.595,1.310
10916,2.546,1.315
10917,2.502,1.325
10918,2.507,1.339
10919,2.532,1.349
10920,2.546,1.359
10921,2.537,1.369
10922,2.493,1.373
10923,2.458,1.383
10924,2.424,1.393
10925,2.400,1.408
10926,2.380,1.422
10927,2.361,1.437
10928,2.356,1.452
10929,2.439,1.461
10930,2.615,1.471
10931,2.766,1.476
10932,2.825,1.476
10933,2.781,1.476
10934,2.688,1.476
10935,2.625,1.481
10936,2.576,1.481
10937,2.546,1.481
10938,2.527,1.481
10939,2.517,1.481
10940,2.527,1.486
10941,2.502,1.481
10942,2.468,1.481
10943,2.434,1.481
10944,2.410,1.481
10945,2.390,1.481
10946,2.375,1.481
10947,2.375,1.481
10948,2.439,1.481
10949,2.581,1.481
10950,2.722,1.481
10951,2.805,1.481
10952,2.801,1.481
10953,2.737,1.481
10954,2.659,1.481
10955,2.576,1.481
10956,2.522,1.481
10957,2.512,1.481
10958,2.532,1.481
10959,2.542,1.481
10960,2.532,1.481
10961,2.512,1.476
10962,2.483,1.481
10963,2.444,1.476
10964,2.410,1.476
10965,2.375,1.476
10966,2.356,1.476
10967,2.366,1.476
10968,2.473,1.471
10969,2.644,1.471
10970,2.791,1.471
10971,2.835,1.471
10972,2.801,1.471
10973,2.722,1.466
10974,2.649,1.466
10975,2.590,1.466
10976,2.551,1.466
10977,2.542,1.461
10978,2.556,1.461
10979,2.576,1.461
10980,2.546,1.461
10981,2.507,1.461
10982,2.473,1.457
10983,2.449,1.457
10984,2.424,1.457
10985,2.424,1.457
10986,2.385,1.457
10987,2.341,1.457
10988,2.375,1.457
10989,2.517,1.452
10990,2.669,1.452
10991,2.757,1.452
10992,2.747,1.452
10993,2.688,1.452
10994,2.634,1.452
10995,2.595,1.452
10996,2.576,1.452
10997,2.586,1.452
10998,2.605,1.452
10999,2.566,1.452
11000,2.502,1.447
11001,2.419,1.452
11002,2.361,1.447
11003,2.317,1.447
11004,2.312,1.447
11005,2.336,1.447
11006,2.356,1.452
11007,2.356,1.447
11008,2.390,1.452
11009,2.507,1.447
11010,2.688,1.452
11011,2.805,1.447
11012,2.825,1.452
11013,2.781,1.447
11014,2.717,1.447
11015,2.654,1.452
11016,2.605,1.447
11017,2.576,1.452
11018,2.581,1.447
11019,2.590,1.452
11020,2.571,1.447
11021,2.546,1.447
11022,2.522,1.447
11023,2.468,1.447
11024,2.414,1.447
11025,2.380,1.447
11026,2.356,1.447
11027,2.336,1.447
11028,2.331,1.447
11029,2.419,1.447
11030,2.605,1.447
11031,2.761,1.447
11032,2.815,1.447
11033,2.771,1.447
11034,2.708,1.447
11035,2.634,1.447
11036,2.542,1.442
11037,2.473,1.447
11038,2.454,1.442
11039,2.468,1.447
11040,2.483,1.447
11041,2.478,1.442
11042,2.468,1.447
11043,2.454,1.442
11044,2.414,1.447
11045,2.366,1.442
11046,2.341,1.442
11047,2.331,1.442
11048,2.322,1.442
11049,2.307,1.442
11050,2.312,1.442
11051,2.405,1.442
11052,2.590,1.442
11053,2.747,1.442
11054,2.796,1.442
11055,2.752,1.442
11056,2.674,1.442
11057,2.600,1.442
11058,2.537,1.442
11059,2.493,1.442
11060,2.488,1.442
11061,2.498,1.442
11062,2.488,1.442
11063,2.449,1.442
11064,2.405,1.442
11065,2.366,1.442
11066,2.346,1.442
11067,2.341,1.442
11068,2.307,1.442
11069,2.263,1.442
11070,2.258,1.442
11071,2.307,1.442
11072,2.439,1.442
11073,2.620,1.442
11074,2.732,1.437
11075,2.747,1.442
11076,2.688,1.442
11077,2.600,1.442
11078,2.517,1.442
11079,2.463,1.442
11080,2.449,1.442
11081,2.458,1.442
11082,2.468,1.442
11083,2.468,1.442
11084,2.454,1.442
11085,2.414,1.442
11086,2.380,1.447
11087,2.336,1.447
11088,2.297,1.447
11089,2.287,1.447
11090,2.283,1.447
11091,2.273,1.452
11092,2.258,1.452
11093,2.253,1.452
11094,2.336,1.452
11095,2.512,1.452
11096,2.683,1.452
11097,2.761,1.452
11098,2.747,1.452
11099,2.698,1.452
11100,2.639,1.457
11101,2.576,1.452
11102,2.527,1.457
11103,2.493,1.457
11104,2.502,1.457
11105,2.502,1.457
11106,2.493,1.457
11107,2.458,1.457
11108,2.419,1.457
11109,2.380,1.457
11110,2.346,1.457
11111,2.312,1.457
11112,2.273,1.457
11113,2.268,1.457
11114,2.307,1.457
11115,2.449,1.452
11116,2.678,1.452
11117,2.732,1.457
11118,2.708,1.452
11119,2.634,1.457
11120,2.556,1.452
11121,2.493,1.452
11122,2.463,1.452
11123,2.463,1.452
11124,2.468,1.452
11125,2.463,1.447
11126,2.458,1.452
11127,2.429,1.447
11128,2.395,1.452
11129,2.366,1.447
11130,2.331,1.447
11131,2.312,1.447
11132,2.287,1.447
11133,2.268,1.447
11134,2.263,1.447
11135,2.317,1.447
11136,2.478,1.447
11137,2.639,1.447
11138,2.732,1.447
11139,2.717,1.447
11140,2.654,1.447
11141,2.576,1.442
11142,2.507,1.447
11143,2.463,1.442
11144,2.458,1.447
11145,2.473,1.442
11146,2.478,1.447
11147,2.468,1.442
11148,2.444,1.442
11149,2.400,1.442
11150,2.351,1.442
11151,2.322,1.442
11152,2.312,1.442
11153,2.302,1.442
11154,2.292,1.437
11155,2.268,1.442
11156,2.283,1.437
11157,2.390,1.442
11158,2.561,1.437
11159,2.688,1.437
11160,2.717,1.442
11161,2.693,1.437
11162,2.620,1.442
11163,2.542,1.437
11164,2.478,1.442
11165,2.444,1.437
11166,2.449,1.437
11167,2.463,1.437
11168,2.468,1.437
11169,2.458,1.437
11170,2.439,1.437
11171,2.414,1.437
11172,2.380,1.437
11173,2.356,1.437
11174,2.331,1.437
11175,2.302,1.437
11176,2.287,1.437
11177,2.273,1.437
11178,2.283,1.437
11179,2.326,1.437
11180,2.454,1.437
11181,2.620,1.437
11182,2.717,1.437
11183,2.703,1.437
11184,2.634,1.437
11185,2.556,1.437
11186,2.488,1.437
11187,2.444,1.437
11188,2.439,1.437
11189,2.449,1.437
11190,2.463,1.437
11191,2.468,1.437
11192,2.434,1.437
11193,2.400,1.437
11194,2.370,1.437
11195,2.336,1.437
11196,2.312,1.437
11197,2.297,1.437
11198,2.287,1.437
11199,2.326,1.437
11200,2.444,1.437
11201,2.590,1.437
11202,2.678,1.437
11203,2.664,1.437
11204,2.586,1.437
11205,2.512,1.437
11206,2.439,1.437
11207,2.395,1.437
11208,2.395,1.437
11209,2.419,1.437
11210,2.439,1.437
11211,2.434,1.437
11212,2.419,1.437
11213,2.395,1.437
11214,2.356,1.437
11215,2.331,1.437
11216,2.317,1.437
11217,2.297,1.437
11218,2.283,1.437
11219,2.287,1.437
11220,2.366,1.437
11221,2.507,1.437
11222,2.639,1.437
11223,2.683,1.437
11224,2.634,1.437
11225,2.556,1.437
11226,2.478,1.437
11227,2.434,1.437
11228,2.405,1.437
11229,2.419,1.437
11230,2.434,1.437
11231,2.434,1.437
11232,2.429,1.437
11233,2.424,1.437
11234,2.405,1.437
11235,2.385,1.437
11236,2.375,1.437
11237,2.366,1.437
11238,2.356,1.437
11239,2.356,1.437
11240,2.434,1.437
11241,2.581,1.437
11242,2.698,1.437
11243,2.742,1.442
11244,2.708,1.437
11245,2.639,1.437
11246,2.576,1.437
11247,2.522,1.437
11248,2.488,1.437
11249,2.493,1.437
11250,2.512,1.437
11251,2.517,1.437
11252,2.507,1.437
11253,2.478,1.437
11254,2.439,1.442
11255,2.405,1.437
11256,2.380,1.442
11257,2.361,1.437
11258,2.351,1.442
11259,2.375,1.442
11260,2.498,1.442
11261,2.659,1.442
11262,2.757,1.442
11263,2.761,1.442
11264,2.698,1.442
11265,2.620,1.447
11266,2.551,1.447
11267,2.512,1.447
11268,2.498,1.447
11269,2.507,1.447
11270,2.532,1.447
11271,2.546,1.442
11272,2.542,1.442
11273,2.498,1.437
11274,2.429,1.427
11275,2.380,1.413
11276,2.341,1.403
11277,2.326,1.398
11278,2.351,1.388
11279,2.463,1.383
11280,2.664,1.383
11281,2.825,1.378
11282,2.859,1.383
11283,2.791,1.383
11284,2.693,1.388
11285,2.610,1.388
11286,2.571,1.393
11287,2.561,1.398
11288,2.527,1.398
11289,2.522,1.403
11290,2.532,1.403
11291,2.522,1.403
11292,2.498,1.403
11293,2.439,1.398
11294,2.410,1.398
11295,2.493,1.398
11296,2.586,1.398
11297,2.586,1.393
11298,2.561,1.393
11299,2.586,1.393
11300,2.674,1.388
11301,2.713,1.388
11302,2.678,1.383
11303,2.595,1.378
11304,2.512,1.378
11305,2.483,1.373
11306,2.478,1.369
11307,2.478,1.369
11308,2.493,1.369
11309,2.527,1.364
11310,2.532,1.364
11311,2.517,1.359
11312,2.463,1.359
11313,2.390,1.354
11314,2.331,1.354
11315,2.297,1.354
11316,2.307,1.349
11317,2.346,1.349
11318,2.458,1.344
11319,2.630,1.339
11320,2.757,1.339
11321,2.742,1.339
11322,2.678,1.334
11323,2.600,1.334
11324,2.532,1.339
11325,2.488,1.339
11326,2.483,1.339
11327,2.512,1.339
11328,2.537,1.344
11329,2.537,1.344
11330,2.502,1.339
11331,2.454,1.339
11332,2.429,1.334
11333,2.370,1.334
11334,2.336,1.334
11335,2.336,1.339
11336,2.385,1.369
11337,2.546,1.393
11338,2.742,1.413
11339,2.859,1.432
11340,2.805,1.447
11341,2.678,1.457
11342,2.561,1.466
11343,2.473,1.466
11344,2.434,1.461
11345,2.463,1.457
11346,2.498,1.452
11347,2.542,1.447
11348,2.571,1.442
11349,2.537,1.437
11350,2.483,1.437
11351,2.454,1.437
11352,2.434,1.432
11353,2.410,1.432
11354,2.385,1.432
11355,2.439,1.432
11356,2.571,1.427
11357,2.693,1.422
11358,2.737,1.403
11359,2.708,1.378
11360,2.649,1.369
11361,2.586,1.378
11362,2.527,1.393
11363,2.498,1.422
11364,2.512,1.442
11365,2.532,1.461
11366,2.551,1.471
11367,2.556,1.476
11368,2.532,1.486
11369,2.463,1.491
11370,2.400,1.500
11371,2.366,1.505
11372,2.356,1.505
11373,2.414,1.510
11374,2.566,1.510
11375,2.717,1.515
11376,2.786,1.515
11377,2.766,1.525
11378,2.698,1.525
11379,2.625,1.535
11380,2.566,1.535
11381,2.546,1.540
11382,2.551,1.540
11383,2.561,1.540
11384,2.551,1.544
11385,2.542,1.540
11386,2.512,1.544
11387,2.478,1.540
11388,2.434,1.540
11389,2.395,1.540
11390,2.385,1.540
11391,2.458,1.535
11392,2.625,1.535
11393,2.781,1.535
11394,2.830,1.530
11395,2.796,1.530
11396,2.722,1.525
11397,2.649,1.525
11398,2.576,1.520
11399,2.546,1.520
11400,2.537,1.520
11401,2.542,1.515
11402,2.532,1.515
11403,2.512,1.515
11404,2.473,1.515
11405,2.439,1.510
11406,2.400,1.510
11407,2.370,1.510
11408,2.346,1.505
11409,2.375,1.505
11410,2.522,1.505
11411,2.708,1.505
11412,2.825,1.500
11413,2.835,1.500
11414,2.771,1.496
11415,2.698,1.500
11416,2.630,1.496
11417,2.556,1.496
11418,2.507,1.491
11419,2.493,1.491
11420,2.488,1.491
11421,2.473,1.486
11422,2.458,1.491
11423,2.419,1.486
11424,2.390,1.486
11425,2.361,1.486
11426,2.322,1.486
11427,2.297,1.481
11428,2.351,1.481
11429,2.507,1.481
11430,2.693,1.481
11431,2.786,1.481
11432,2.781,1.476
11433,2.722,1.481
11434,2.649,1.476
11435,2.576,1.476
11436,2.512,1.476
11437,2.473,1.476
11438,2.463,1.476
11439,2.468,1.471
11440,2.458,1.476
11441,2.429,1.471
11442,2.380,1.471
11443,2.331,1.466
11444,2.292,1.471
11445,2.263,1.466
11446,2.258,1.466
11447,2.341,1.466
11448,2.522,1.466
11449,2.693,1.466
11450,2.757,1.461
11451,2.732,1.466
11452,2.654,1.461
11453,2.571,1.461
11454,2.493,1.461
11455,2.439,1.461
11456,2.424,1.461
11457,2.419,1.461
11458,2.424,1.461
11459,2.410,1.457
11460,2.380,1.461
11461,2.346,1.461
11462,2.307,1.461
11463,2.283,1.461
11464,2.258,1.457
11465,2.239,1.461
11466,2.239,1.457
11467,2.331,1.457
11468,2.512,1.457
11469,2.674,1.457
11470,2.737,1.457
11471,2.708,1.457
11472,2.630,1.457
11473,2.542,1.457
11474,2.463,1.457
11475,2.414,1.452
11476,2.400,1.457
11477,2.410,1.452
11478,2.410,1.452
11479,2.395,1.452
11480,2.390,1.452
11481,2.361,1.452
11482,2.326,1.452
11483,2.292,1.452
11484,2.278,1.447
11485,2.268,1.452
11486,2.268,1.447
11487,2.263,1.452
11488,2.273,1.452
11489,2.375,1.447
11490,2.551,1.452
11491,2.703,1.447
11492,2.747,1.452
11493,2.703,1.447
11494,2.634,1.452
11495,2.556,1.452
11496,2.483,1.452
11497,2.434,1.452
11498,2.410,1.447
11499,2.405,1.452
11500,2.405,1.447
11501,2.400,1.452
11502,2.375,1.452
11503,2.336,1.447
11504,2.312,1.447
11505,2.287,1.447
11506,2.263,1.452
11507,2.253,1.447
11508,2.248,1.452
11509,2.302,1.447
11510,2.444,1.452
11511,2.600,1.447
11512,2.664,1.447
11513,2.634,1.452
11514,2.566,1.447
11515,2.498,1.452
11516,2.444,1.447
11517,2.405,1.452
11518,2.400,1.447
11519,2.424,1.447
11520,2.507,1.447
11521,2.581,1.452
11522,2.634,1.447
11523,2.654,1.447
11524,2.625,1.452
11525,2.571,1.447
11526,2.507,1.452
11527,2.434,1.447
11528,2.385,1.452
11529,2.419,1.447
11530,2.581,1.447
11531,2.742,1.452
11532,2.805,1.447
11533,2.776,1.452
11534,2.674,1.447
11535,2.561,1.452
11536,2.463,1.447
11537,2.400,1.452
11538,2.380,1.447
11539,2.395,1.452
11540,2.414,1.452
11541,2.405,1.447
11542,2.375,1.452
11543,2.331,1.447
11544,2.287,1.452
11545,2.253,1.447
11546,2.234,1.452
11547,2.219,1.447
11548,2.190,1.452
11549,2.195,1.447
11550,2.297,1.447
11551,2.454,1.452
11552,2.571,1.447
11553,2.600,1.447
11554,2.571,1.447
11555,2.512,1.452
11556,2.454,1.447
11557,2.414,1.452
11558,2.395,1.447
11559,2.414,1.447
11560,2.458,1.447
11561,2.502,1.447
11562,2.537,1.452
11563,2.561,1.447
11564,2.581,1.452
11565,2.571,1.447
11566,2.546,1.452
11567,2.507,1.452
11568,2.468,1.452
11569,2.605,1.452
11570,2.688,1.447
11571,2.708,1.452
11572,2.664,1.452
11573,2.586,1.452
11574,2.507,1.452
11575,2.449,1.452
11576,2.419,1.452
11577,2.444,1.452
11578,2.478,1.452
11579,2.488,1.452
11580,2.449,1.452
11581,2.395,1.452
11582,2.336,1.457
11583,2.307,1.452
11584,2.302,1.452
11585,2.292,1.457
11586,2.263,1.452
11587,2.214,1.457
11588,2.204,1.452
11589,2.283,1.457
11590,2.439,1.452
11591,2.600,1.457
11592,2.639,1.457
11593,2.595,1.457
11594,2.498,1.457
11595,2.414,1.452
11596,2.375,1.457
11597,2.390,1.457
11598,2.429,1.457
11599,2.463,1.457
11600,2.473,1.457
11601,2.449,1.457
11602,2.410,1.457
11603,2.356,1.457
11604,2.312,1.457
11605,2.292,1.457
11606,2.287,1.452
11607,2.292,1.457
11608,2.336,1.452
11609,2.468,1.457
11610,2.625,1.452
11611,2.717,1.452
11612,2.727,1.452
11613,2.669,1.452
11614,2.610,1.452
11615,2.546,1.447
11616,2.517,1.452
11617,2.493,1.447
11618,2.498,1.447
11619,2.517,1.447
11620,2.517,1.447
11621,2.488,1.447
11622,2.434,1.447
11623,2.385,1.447
11624,2.361,1.442
11625,2.346,1.447
11626,2.341,1.442
11627,2.370,1.442
11628,2.512,1.442
11629,2.708,1.442
11630,2.849,1.442
11631,2.859,1.437
11632,2.776,1.437
11633,2.649,1.437
11634,2.532,1.437
11635,2.429,1.432
11636,2.395,1.432
11637,2.405,1.432
11638,2.429,1.432
11639,2.439,1.427
11640,2.439,1.427
11641,2.414,1.427
11642,2.385,1.422
11643,2.361,1.422
11644,2.346,1.422
11645,2.322,1.422
11646,2.317,1.417
11647,2.336,1.417
11648,2.434,1.417
11649,2.566,1.413
11650,2.664,1.417
11651,2.688,1.413
11652,2.634,1.413
11653,2.551,1.408
11654,2.468,1.408
11655,2.419,1.408
11656,2.410,1.408
11657,2.434,1.408
11658,2.449,1.408
11659,2.454,1.408
11660,2.439,1.403
11661,2.414,1.403
11662,2.385,1.398
11663,2.366,1.403
11664,2.351,1.398
11665,2.326,1.398
11666,2.346,1.398
11667,2.444,1.393
11668,2.586,1.398
11669,2.674,1.393
11670,2.683,1.393
11671,2.634,1.393
11672,2.556,1.393
11673,2.478,1.393
11674,2.429,1.388
11675,2.424,1.388
11676,2.444,1.388
11677,2.473,1.388
11678,2.473,1.388
11679,2.463,1.388
11680,2.434,1.388
11681,2.414,1.388
11682,2.385,1.383
11683,2.356,1.388
11684,2.346,1.383
11685,2.395,1.383
11686,2.527,1.383
11687,2.664,1.383
11688,2.737,1.383
11689,2.727,1.378
11690,2.664,1.383
11691,2.586,1.378
11692,2.527,1.383
11693,2.498,1.378
11694,2.527,1.378
11695,2.532,1.378
11696,2.522,1.378
11697,2.517,1.378
11698,2.488,1.378
11699,2.458,1.378
11700,2.444,1.378
11701,2.429,1.378
11702,2.414,1.378
11703,2.454,1.373
11704,2.571,1.378
11705,2.703,1.378
11706,2.781,1.378
11707,2.771,1.378
11708,2.713,1.378
11709,2.634,1.373
11710,2.566,1.369
11711,2.512,1.354
11712,2.502,1.344
11713,2.522,1.334
11714,2.542,1.325
11715,2.532,1.320
11716,2.517,1.310
11717,2.473,1.310
11718,2.429,1.305
11719,2.395,1.305
11720,2.356,1.305
11721,2.336,1.300
11722,2.395,1.305
11723,2.527,1.300
11724,2.683,1.300
11725,2.771,1.300
11726,2.766,1.295
11727,2.703,1.295
11728,2.620,1.295
11729,2.551,1.295
11730,2.517,1.295
11731,2.512,1.300
11732,2.522,1.305
11733,2.527,1.310
11734,2.527,1.320
11735,2.507,1.339
11736,2.488,1.359
11737,2.458,1.378
11738,2.414,1.393
11739,2.400,1.408
11740,2.385,1.422
11741,2.449,1.427
11742,2.600,1.442
11743,2.747,1.447
11744,2.801,1.452
11745,2.766,1.457
11746,2.688,1.461
11747,2.595,1.461
11748,2.527,1.461
11749,2.498,1.466
11750,2.502,1.466
11751,2.527,1.466
11752,2.532,1.466
11753,2.517,1.466
11754,2.488,1.466
11755,2.454,1.466
11756,2.410,1.466
11757,2.380,1.461
11758,2.361,1.466
11759,2.370,1.461
11760,2.468,1.461
11761,2.634,1.461
11762,2.761,1.461
11763,2.786,1.461
11764,2.717,1.461
11765,2.630,1.461
11766,2.542,1.461
11767,2.483,1.461
11768,2.473,1.461
11769,2.493,1.461
11770,2.517,1.461
11771,2.517,1.461
11772,2.493,1.461
11773,2.458,1.461
11774,2.424,1.461
11775,2.395,1.461
11776,2.366,1.461
11777,2.351,1.461
11778,2.414,1.461
11779,2.566,1.461
11780,2.717,1.461
11781,2.766,1.461
11782,2.747,1.461
11783,2.664,1.461
11784,2.581,1.457
11785,2.522,1.457
11786,2.498,1.461
11787,2.502,1.457
11788,2.512,1.457
11789,2.512,1.457
11790,2.478,1.457
11791,2.444,1.457
11792,2.410,1.457
11793,2.390,1.457
11794,2.370,1.457
11795,2.351,1.457
11796,2.370,1.457
11797,2.493,1.457
11798,2.654,1.457
11799,2.761,1.457
11800,2.776,1.457
11801,2.717,1.457
11802,2.634,1.457
11803,2.556,1.452
11804,2.507,1.452
11805,2.483,1.452
11806,2.498,1.452
11807,2.512,1.452
11808,2.507,1.452
11809,2.478,1.452
11810,2.449,1.452
11811,2.414,1.452
11812,2.385,1.447
11813,2.361,1.447
11814,2.341,1.447
11815,2.370,1.447
11816,2.493,1.447
11817,2.674,1.447
11818,2.761,1.442
11819,2.757,1.447
11820,2.664,1.442
11821,2.581,1.442
11822,2.522,1.442
11823,2.498,1.442
11824,2.493,1.442
11825,2.493,1.437
11826,2.493,1.442
11827,2.478,1.437
11828,2.458,1.437
11829,2.434,1.437
11830,2.405,1.437
11831,2.370,1.437
11832,2.341,1.437
11833,2.326,1.437
11834,2.405,1.432
11835,2.561,1.432
11836,2.717,1.432
11837,2.776,1.432
11838,2.747,1.432
11839,2.678,1.432
11840,2.605,1.432
11841,2.532,1.432
11842,2.498,1.432
11843,2.498,1.427
11844,2.502,1.432
11845,2.498,1.427
11846,2.483,1.427
11847,2.454,1.427
11848,2.405,1.427
11849,2.361,1.427
11850,2.336,1.427
11851,2.331,1.427
11852,2.326,1.427
11853,2.317,1.427
11854,2.336,1.427
11855,2.444,1.427
11856,2.620,1.427
11857,2.732,1.427
11858,2.771,1.427
11859,2.722,1.422
11860,2.659,1.422
11861,2.600,1.422
11862,2.551,1.422
11863,2.527,1.422
11864,2.502,1.422
11865,2.498,1.422
11866,2.478,1.422
11867,2.454,1.422
11868,2.424,1.422
11869,2.400,1.422
11870,2.380,1.422
11871,2.341,1.422
11872,2.302,1.417
11873,2.253,1.422
11874,2.268,1.417
11875,2.380,1.422
11876,2.532,1.422
11877,2.625,1.417
11878,2.630,1.417
11879,2.586,1.417
11880,2.537,1.422
11881,2.463,1.417
11882,2.410,1.417
11883,2.400,1.422
11884,2.414,1.422
11885,2.424,1.422
11886,2.419,1.417
11887,2.395,1.422
11888,2.375,1.417
11889,2.336,1.422
11890,2.307,1.422
11891,2.297,1.422
11892,2.283,1.422
11893,2.273,1.422
11894,2.268,1.422
11895,2.283,1.422
11896,2.400,1.422
11897,2.561,1.422
11898,2.678,1.422
11899,2.678,1.422
11900,2.630,1.422
11901,2.546,1.422
11902,2.473,1.422
11903,2.429,1.422
11904,2.424,1.422
11905,2.439,1.422
11906,2.458,1.422
11907,2.454,1.427
11908,2.424,1.422
11909,2.385,1.427
11910,2.356,1.422
11911,2.326,1.427
11912,2.302,1.422
11913,2.292,1.422
11914,2.287,1.427
11915,2.322,1.422
11916,2.449,1.427
11917,2.590,1.422
11918,2.683,1.427
11919,2.678,1.427
11920,2.634,1.427
11921,2.561,1.427
11922,2.478,1.427
11923,2.419,1.427
11924,2.400,1.427
11925,2.400,1.427
11926,2.405,1.427
11927,2.380,1.427
11928,2.356,1.427
11929,2.322,1.427
11930,2.302,1.427
11931,2.273,1.427
11932,2.258,1.427
11933,2.248,1.427
11934,2.239,1.432
11935,2.273,1.427
11936,2.405,1.432
11937,2.566,1.427
11938,2.654,1.432
11939,2.644,1.427
11940,2.590,1.432
11941,2.522,1.432
11942,2.458,1.427
11943,2.424,1.432
11944,2.419,1.427
11945,2.439,1.432
11946,2.444,1.427
11947,2.405,1.432
11948,2.375,1.432
11949,2.341,1.432
11950,2.346,1.432
11951,2.366,1.432
11952,2.361,1.432
11953,2.322,1.432
11954,2.283,1.432
11955,2.317,1.432
11956,2.429,1.432
11957,2.581,1.432
11958,2.669,1.437
11959,2.678,1.432
11960,2.630,1.437
11961,2.561,1.432
11962,2.493,1.437
11963,2.463,1.437
11964,2.468,1.432
11965,2.478,1.437
11966,2.468,1.432
11967,2.454,1.437
11968,2.454,1.432
11969,2.454,1.437
11970,2.458,1.437
11971,2.454,1.437
11972,2.419,1.437
11973,2.375,1.437
11974,2.351,1.437
11975,2.414,1.437
11976,2.566,1.437
11977,2.703,1.437
11978,2.776,1.437
11979,2.776,1.437
11980,2.737,1.437
11981,2.678,1.437
11982,2.620,1.437
11983,2.576,1.437
11984,2.551,1.437
11985,2.561,1.442
11986,2.556,1.437
11987,2.542,1.442
11988,2.517,1.437
11989,2.483,1.442
11990,2.454,1.437
11991,2.429,1.442
11992,2.410,1.442
11993,2.395,1.442
11994,2.414,1.442
11995,2.532,1.442
11996,2.698,1.442
11997,2.801,1.442
11998,2.801,1.442
11999,2.742,1.442
12000,2.674,1.442
12001,2.610,1.442
12002,2.571,1.442
12003,2.542,1.442
12004,2.551,1.442
12005,2.561,1.442
12006,2.551,1.442
12007,2.527,1.442
12008,2.507,1.447
12009,2.493,1.442
12010,2.458,1.447
12011,2.414,1.442
12012,2.370,1.442
12013,2.351,1.442
12014,2.341,1.442
12015,2.380,1.447
12016,2.512,1.442
12017,2.693,1.447
12018,2.805,1.442
12019,2.825,1.447
12020,2.761,1.447
12021,2.664,1.447
12022,2.586,1.447
12023,2.546,1.442
12024,2.551,1.447
12025,2.576,1.442
12026,2.595,1.447
12027,2.610,1.447
12028,2.590,1.447
12029,2.512,1.447
12030,2.439,1.447
12031,2.370,1.447
12032,2.322,1.447
12033,2.307,1.447
12034,2.302,1.447
12035,2.341,1.447
12036,2.424,1.447
12037,2.576,1.447
12038,2.742,1.447
12039,2.825,1.447
12040,2.801,1.447
12041,2.717,1.447
12042,2.644,1.452
12043,2.590,1.447
12044,2.556,1.457
12045,2.537,1.452
12046,2.532,1.457
12047,2.532,1.452
12048,2.502,1.447
12049,2.483,1.442
12050,2.458,1.432
12051,2.424,1.422
12052,2.385,1.408
12053,2.351,1.403
12054,2.351,1.393
12055,2.351,1.393
12056,2.351,1.388
12057,2.410,1.383
12058,2.542,1.383
12059,2.703,1.378
12060,2.747,1.378
12061,2.717,1.373
12062,2.644,1.373
12063,2.561,1.369
12064,2.507,1.373
12065,2.478,1.369
12066,2.463,1.369
12067,2.463,1.369
12068,2.468,1.364
12069,2.458,1.364
12070,2.429,1.359
12071,2.414,1.364
12072,2.385,1.359
12073,2.361,1.359
12074,2.341,1.354
12075,2.336,1.354
12076,2.366,1.354
12077,2.449,1.349
12078,2.586,1.349
12079,2.703,1.349
12080,2.747,1.354
12081,2.722,1.349
12082,2.659,1.354
12083,2.586,1.354
12084,2.507,1.349
12085,2.454,1.354
12086,2.444,1.349
12087,2.478,1.349
12088,2.488,1.349
12089,2.473,1.349
12090,2.429,1.349
12091,2.390,1.349
12092,2.370,1.349
12093,2.361,1.349
12094,2.326,1.349
12095,2.302,1.349
12096,2.287,1.349
12097,2.326,1.349
12098,2.444,1.349
12099,2.605,1.349
12100,2.713,1.349
12101,2.732,1.349
12102,2.678,1.349
12103,2.590,1.349
12104,2.502,1.349
12105,2.444,1.349
12106,2.424,1.349
12107,2.444,1.349
12108,2.463,1.349
12109,2.449,1.349
12110,2.429,1.349
12111,2.400,1.349
12112,2.390,1.349
12113,2.395,1.349
12114,2.385,1.349
12115,2.370,1.349
12116,2.351,1.354
12117,2.375,1.354
12118,2.498,1.354
12119,2.634,1.354
12120,2.717,1.354
12121,2.713,1.354
12122,2.649,1.349
12123,2.561,1.349
12124,2.493,1.339
12125,2.454,1.339
12126,2.444,1.329
12127,2.488,1.329
12128,2.532,1.325
12129,2.532,1.325
12130,2.512,1.325
12131,2.478,1.320
12132,2.454,1.325
12133,2.424,1.325
12134,2.400,1.329
12135,2.380,1.329
12136,2.385,1.334
12137,2.458,1.339
12138,2.595,1.339
12139,2.713,1.344
12140,2.757,1.344
12141,2.713,1.349
12142,2.634,1.349
12143,2.546,1.349
12144,2.498,1.349
12145,2.483,1.354
12146,2.502,1.354
12147,2.527,1.354
12148,2.532,1.354
12149,2.522,1.354
12150,2.493,1.354
12151,2.463,1.354
12152,2.439,1.354
12153,2.414,1.349
12154,2.400,1.344
12155,2.390,1.339
12156,2.454,1.339
12157,2.595,1.334
12158,2.752,1.334
12159,2.801,1.334
12160,2.752,1.329
12161,2.659,1.329
12162,2.571,1.329
12163,2.502,1.329
12164,2.478,1.329
12165,2.473,1.329
12166,2.493,1.329
12167,2.512,1.329
12168,2.502,1.329
12169,2.483,1.329
12170,2.454,1.329
12171,2.424,1.329
12172,2.405,1.329
12173,2.370,1.329
12174,2.380,1.334
12175,2.468,1.334
12176,2.634,1.334
12177,2.757,1.334
12178,2.781,1.334
12179,2.732,1.339
12180,2.639,1.339
12181,2.561,1.339
12182,2.502,1.339
12183,2.483,1.339
12184,2.502,1.339
12185,2.532,1.339
12186,2.532,1.339
12187,2.512,1.339
12188,2.478,1.339
12189,2.449,1.339
12190,2.419,1.339
12191,2.395,1.339
12192,2.380,1.339
12193,2.410,1.339
12194,2.556,1.339
12195,2.717,1.339
12196,2.796,1.339
12197,2.742,1.339
12198,2.634,1.339
12199,2.546,1.339
12200,2.483,1.334
12201,2.478,1.334
12202,2.502,1.334
12203,2.522,1.334
12204,2.517,1.334
12205,2.498,1.334
12206,2.473,1.334
12207,2.439,1.334
12208,2.414,1.334
12209,2.390,1.334
12210,2.375,1.334
12211,2.434,1.329
12212,2.586,1.329
12213,2.742,1.334
12214,2.805,1.329
12215,2.771,1.329
12216,2.688,1.329
12217,2.595,1.329
12218,2.517,1.329
12219,2.488,1.329
12220,2.498,1.329
12221,2.517,1.329
12222,2.517,1.329
12223,2.502,1.329
12224,2.473,1.329
12225,2.439,1.329
12226,2.410,1.329
12227,2.380,1.329
12228,2.356,1.329
12229,2.385,1.329
12230,2.507,1.329
12231,2.678,1.329
12232,2.786,1.325
12233,2.786,1.329
12234,2.713,1.325
12235,2.615,1.325
12236,2.537,1.325
12237,2.493,1.325
12238,2.478,1.325
12239,2.502,1.325
12240,2.517,1.329
12241,2.512,1.325
12242,2.493,1.325
12243,2.449,1.325
12244,2.414,1.325
12245,2.385,1.325
12246,2.361,1.325
12247,2.346,1.325
12248,2.400,1.325
12249,2.542,1.325
12250,2.713,1.320
12251,2.796,1.325
12252,2.776,1.320
12253,2.693,1.320
12254,2.581,1.320
12255,2.483,1.320
12256,2.429,1.320
12257,2.414,1.320
12258,2.439,1.320
12259,2.478,1.320
12260,2.512,1.320
12261,2.527,1.320
12262,2.517,1.315
12263,2.498,1.315
12264,2.463,1.315
12265,2.405,1.315
12266,2.361,1.315
12267,2.375,1.315
12268,2.512,1.310
12269,2.703,1.310
12270,2.801,1.310
12271,2.781,1.310
12272,2.683,1.310
12273,2.561,1.310
12274,2.458,1.310
12275,2.424,1.310
12276,2.444,1.315
12277,2.478,1.315
12278,2.483,1.320
12279,2.458,1.325
12280,2.424,1.329
12281,2.385,1.329
12282,2.351,1.334
12283,2.326,1.334
12284,2.297,1.339
12285,2.253,1.344
12286,2.278,1.344
12287,2.419,1.349
12288,2.595,1.349
12289,2.703,1.359
12290,2.698,1.359
12291,2.620,1.369
12292,2.522,1.373
12293,2.434,1.378
12294,2.390,1.383
12295,2.390,1.388
12296,2.400,1.398
12297,2.419,1.398
12298,2.419,1.403
12299,2.405,1.408
12300,2.375,1.413
12301,2.346,1.417
12302,2.312,1.422
12303,2.287,1.422
12304,2.278,1.422
12305,2.341,1.427
12306,2.498,1.422
12307,2.639,1.427
12308,2.693,1.427
12309,2.649,1.427
12310,2.556,1.427
12311,2.468,1.427
12312,2.414,1.427
12313,2.400,1.427
12314,2.414,1.432
12315,2.444,1.427
12316,2.449,1.427
12317,2.419,1.427
12318,2.390,1.427
12319,2.351,1.422
12320,2.331,1.422
12321,2.302,1.417
12322,2.278,1.413
12323,2.336,1.413
12324,2.478,1.413
12325,2.630,1.413
12326,2.717,1.408
12327,2.703,1.408
12328,2.630,1.408
12329,2.527,1.408
12330,2.454,1.408
12331,2.414,1.408
12332,2.414,1.408
12333,2.454,1.403
12334,2.478,1.408
12335,2.473,1.403
12336,2.454,1.403
12337,2.424,1.403
12338,2.405,1.403
12339,2.400,1.403
12340,2.370,1.403
12341,2.356,1.403
12342,2.405,1.403
12343,2.561,1.403
12344,2.713,1.403
12345,2.776,1.403
12346,2.727,1.403
12347,2.654,1.403
12348,2.581,1.403
12349,2.527,1.398
12350,2.498,1.403
12351,2.502,1.398
12352,2.493,1.403
12353,2.498,1.403
12354,2.473,1.403
12355,2.449,1.403
12356,2.424,1.403
12357,2.400,1.403
12358,2.385,1.403
12359,2.366,1.403
12360,2.341,1.403
12361,2.375,1.403
12362,2.517,1.403
12363,2.693,1.403
12364,2.781,1.403
12365,2.771,1.403
12366,2.717,1.403
12367,2.644,1.403
12368,2.581,1.403
12369,2.527,1.403
12370,2.473,1.408
12371,2.444,1.403
12372,2.434,1.403
12373,2.424,1.403
12374,2.405,1.403
12375,2.380,1.403
12376,2.351,1.403
12377,2.322,1.403
12378,2.292,1.403
12379,2.258,1.403
12380,2.243,1.403
12381,2.292,1.403
12382,2.468,1.403
12383,2.683,1.403
12384,2.791,1.403
12385,2.805,1.398
12386,2.776,1.403
12387,2.732,1.398
12388,2.678,1.403
12389,2.639,1.398
12390,2.620,1.403
12391,2.610,1.398
12392,2.615,1.398
12393,2.590,1.398
12394,2.556,1.398
12395,2.512,1.398
12396,2.458,1.398
12397,2.414,1.398
12398,2.390,1.393
12399,2.380,1.398
12400,2.385,1.398
12401,2.454,1.393
12402,2.630,1.398
12403,2.796,1.393
12404,2.874,1.393
12405,2.854,1.393
12406,2.786,1.393
12407,2.708,1.393
12408,2.649,1.393
12409,2.595,1.393
12410,2.581,1.393
12411,2.576,1.393
12412,2.566,1.388
12413,2.527,1.393
12414,2.478,1.388
12415,2.434,1.388
12416,2.405,1.388
12417,2.375,1.388
12418,2.370,1.388
12419,2.351,1.388
12420,2.336,1.388
12421,2.356,1.383
12422,2.498,1.388
12423,2.688,1.383
12424,2.810,1.388
12425,2.830,1.383
12426,2.771,1.383
12427,2.703,1.383
12428,2.634,1.383
12429,2.571,1.383
12430,2.546,1.383
12431,2.542,1.383
12432,2.542,1.383
12433,2.517,1.383
12434,2.473,1.383
12435,2.424,1.383
12436,2.375,1.383
12437,2.390,1.383
12438,2.370,1.383
12439,2.326,1.383
12440,2.297,1.383
12441,2.273,1.383
12442,2.258,1.383
12443,2.287,1.378
12444,2.370,1.378
12445,2.522,1.378
12446,2.669,1.378
12447,2.742,1.383
12448,2.703,1.378
12449,2.615,1.383
12450,2.571,1.378
12451,2.507,1.383
12452,2.478,1.383
12453,2.483,1.383
12454,2.468,1.383
12455,2.493,1.378
12456,2.522,1.383
12457,2.537,1.378
12458,2.458,1.383
12459,2.366,1.378
12460,2.273,1.383
12461,2.209,1.383
12462,2.180,1.378
12463,2.180,1.383
12464,2.283,1.383
12465,2.454,1.383
12466,2.600,1.383
12467,2.649,1.383
12468,2.615,1.378
12469,2.546,1.383
12470,2.458,1.383
12471,2.395,1.383
12472,2.375,1.383
12473,2.380,1.383
12474,2.400,1.383
12475,2.405,1.383
12476,2.380,1.383
12477,2.356,1.383
12478,2.331,1.383
12479,2.287,1.383
12480,2.253,1.383
12481,2.224,1.383
12482,2.219,1.383
12483,2.214,1.383
12484,2.214,1.378
12485,2.224,1.383
12486,2.253,1.383
12487,2.390,1.383
12488,2.546,1.383
12489,2.654,1.383
12490,2.664,1.383
12491,2.605,1.383
12492,2.546,1.383
12493,2.488,1.383
12494,2.449,1.383
12495,2.444,1.383
12496,2.473,1.383
12497,2.502,1.383
12498,2.507,1.383
12499,2.532,1.383
12500,2.581,1.383
12501,2.551,1.383
12502,2.493,1.383
12503,2.444,1.383
12504,2.400,1.383
12505,2.375,1.383
12506,2.419,1.383
12507,2.566,1.383
12508,2.722,1.383
12509,2.801,1.383
12510,2.781,1.383
12511,2.698,1.383
12512,2.610,1.388
12513,2.551,1.383
12514,2.507,1.383
12515,2.498,1.383
12516,2.507,1.383
12517,2.527,1.383
12518,2.517,1.383
12519,2.498,1.383
12520,2.454,1.383
12521,2.405,1.383
12522,2.370,1.383
12523,2.366,1.383
12524,2.351,1.383
12525,2.326,1.383
12526,2.331,1.383
12527,2.429,1.383
12528,2.605,1.383
12529,2.747,1.383
12530,2.805,1.383
12531,2.781,1.383
12532,2.713,1.383
12533,2.639,1.383
12534,2.595,1.383
12535,2.586,1.383
12536,2.600,1.383
12537,2.610,1.383
12538,2.605,1.383
12539,2.561,1.383
12540,2.483,1.383
12541,2.410,1.383
12542,2.370,1.383
12543,2.400,1.383
12544,2.414,1.383
12545,2.405,1.383
12546,2.414,1.383
12547,2.444,1.383
12548,2.556,1.383
12549,2.664,1.383
12550,2.703,1.383
12551,2.683,1.383
12552,2.625,1.383
12553,2.546,1.383
12554,2.493,1.383
12555,2.478,1.388
12556,2.512,1.383
12557,2.537,1.388
12558,2.551,1.388
12559,2.542,1.383
12560,2.498,1.388
12561,2.449,1.383
12562,2.400,1.388
12563,2.346,1.383
12564,2.331,1.388
12565,2.336,1.388
12566,2.356,1.388
12567,2.439,1.388
12568,2.581,1.388
12569,2.693,1.388
12570,2.722,1.383
12571,2.683,1.388
12572,2.620,1.388
12573,2.561,1.388
12574,2.512,1.383
12575,2.507,1.388
12576,2.493,1.388
12577,2.473,1.388
12578,2.458,1.388
12579,2.429,1.388
12580,2.410,1.388
12581,2.385,1.388
12582,2.375,1.388
12583,2.370,1.388
12584,2.356,1.388
12585,2.370,1.388
12586,2.468,1.388
12587,2.610,1.388
12588,2.708,1.388
12589,2.727,1.388
12590,2.669,1.388
12591,2.586,1.388
12592,2.517,1.388
12593,2.454,1.388
12594,2.454,1.393
12595,2.468,1.388
12596,2.483,1.393
12597,2.483,1.388
12598,2.463,1.393
12599,2.439,1.388
12600,2.414,1.393
12601,2.390,1.388
12602,2.366,1.393
12603,2.351,1.393
12604,2.385,1.393
12605,2.502,1.393
12606,2.634,1.388
12607,2.703,1.393
12608,2.674,1.393
12609,2.610,1.393
12610,2.542,1.393
12611,2.478,1.393
12612,2.454,1.393
12613,2.468,1.393
12614,2.483,1.393
12615,2.488,1.393
12616,2.483,1.393
12617,2.458,1.393
12618,2.434,1.393
12619,2.414,1.393
12620,2.385,1.393
12621,2.370,1.398
12622,2.375,1.393
12623,2.434,1.398
12624,2.561,1.398
12625,2.678,1.398
12626,2.698,1.398
12627,2.669,1.398
12628,2.610,1.398
12629,2.551,1.398
12630,2.502,1.398
12631,2.483,1.398
12632,2.488,1.403
12633,2.498,1.398
12634,2.488,1.403
12635,2.473,1.403
12636,2.454,1.403
12637,2.429,1.403
12638,2.395,1.403
12639,2.366,1.403
12640,2.356,1.403
12641,2.385,1.403
12642,2.488,1.403
12643,2.630,1.403
12644,2.713,1.403
12645,2.708,1.398
12646,2.654,1.403
12647,2.581,1.398
12648,2.527,1.403
12649,2.483,1.403
12650,2.478,1.398
12651,2.498,1.403
12652,2.517,1.398
12653,2.502,1.398
12654,2.468,1.393
12655,2.439,1.393
12656,2.405,1.388
12657,2.385,1.388
12658,2.366,1.383
12659,2.356,1.383
12660,2.429,1.383
12661,2.566,1.383
12662,2.688,1.383
12663,2.737,1.378
12664,2.708,1.383
12665,2.644,1.378
12666,2.566,1.383
12667,2.507,1.378
12668,2.488,1.378
12669,2.488,1.383
12670,2.502,1.378
12671,2.493,1.383
12672,2.478,1.378
12673,2.458,1.378
12674,2.429,1.378
12675,2.400,1.378
12676,2.380,1.378
12677,2.366,1.378
12678,2.356,1.378
12679,2.434,1.378
12680,2.586,1.378
12681,2.713,1.378
12682,2.752,1.378
12683,2.722,1.378
12684,2.649,1.378
12685,2.576,1.378
12686,2.507,1.378
12687,2.478,1.378
12688,2.478,1.378
12689,2.502,1.378
12690,2.507,1.378
12691,2.488,1.378
12692,2.458,1.378
12693,2.419,1.378
12694,2.395,1.378
12695,2.375,1.378
12696,2.361,1.378
12697,2.356,1.373
12698,2.405,1.378
12699,2.551,1.373
12700,2.693,1.373
12701,2.717,1.373
12702,2.615,1.373
12703,2.517,1.373
12704,2.439,1.373
12705,2.400,1.378
12706,2.390,1.378
12707,2.395,1.378
12708,2.400,1.378
12709,2.385,1.378
12710,2.370,1.378
12711,2.346,1.378
12712,2.326,1.378
12713,2.307,1.378
12714,2.292,1.378
12715,2.287,1.378
12716,2.283,1.378
12717,2.322,1.378
12718,2.449,1.378
12719,2.590,1.378
12720,2.664,1.378
12721,2.664,1.378
12722,2.600,1.378
12723,2.522,1.378
12724,2.449,1.378
12725,2.405,1.378
12726,2.395,1.378
12727,2.405,1.378
12728,2.400,1.378
12729,2.395,1.378
12730,2.380,1.378
12731,2.356,1.378
12732,2.322,1.378
12733,2.302,1.378
12734,2.287,1.378
12735,2.258,1.378
12736,2.248,1.378
12737,2.317,1.373
12738,2.478,1.378
12739,2.625,1.373
12740,2.659,1.369
12741,2.620,1.369
12742,2.561,1.359
12743,2.493,1.359
12744,2.449,1.349
12745,2.419,1.349
12746,2.414,1.344
12747,2.424,1.344
12748,2.414,1.344
12749,2.395,1.339
12750,2.356,1.344
12751,2.326,1.344
12752,2.297,1.344
12753,2.278,1.339
12754,2.268,1.344
12755,2.268,1.344
12756,2.283,1.344
12757,2.385,1.344
12758,2.542,1.344
12759,2.683,1.349
12760,2.717,1.349
12761,2.674,1.349
12762,2.620,1.349
12763,2.566,1.349
12764,2.527,1.349
12765,2.517,1.349
12766,2.542,1.349
12767,2.556,1.349
12768,2.551,1.344
12769,2.522,1.344
12770,2.493,1.344
12771,2.454,1.339
12772,2.434,1.339
12773,2.424,1.339
12774,2.419,1.344
12775,2.434,1.349
12776,2.527,1.359
12777,2.659,1.369
12778,2.752,1.388
12779,2.757,1.413
12780,2.708,1.432
12781,2.644,1.457
12782,2.581,1.471
12783,2.522,1.486
12784,2.488,1.500
12785,2.488,1.510
12786,2.493,1.520
12787,2.478,1.525
12788,2.444,1.530
12789,2.405,1.530
12790,2.370,1.535
12791,2.351,1.535
12792,2.351,1.535
12793,2.336,1.535
12794,2.341,1.535
12795,2.429,1.535
12796,2.576,1.535
12797,2.693,1.535
12798,2.742,1.535
12799,2.722,1.535
12800,2.678,1.530
12801,2.639,1.535
12802,2.561,1.530
12803,2.473,1.530
12804,2.454,1.530
12805,2.468,1.530
12806,2.473,1.530
12807,2.463,1.530
12808,2.439,1.530
12809,2.429,1.530
12810,2.400,1.530
12811,2.385,1.530
12812,2.366,1.530
12813,2.370,1.530
12814,2.410,1.530
12815,2.537,1.530
12816,2.683,1.530
12817,2.752,1.530
12818,2.757,1.530
12819,2.717,1.530
12820,2.674,1.525
12821,2.620,1.525
12822,2.556,1.525
12823,2.517,1.525
12824,2.493,1.525
12825,2.478,1.525
12826,2.449,1.520
12827,2.405,1.520
12828,2.356,1.520
12829,2.312,1.520
12830,2.287,1.520
12831,2.297,1.515
12832,2.292,1.520
12833,2.268,1.515
12834,2.312,1.515
12835,2.439,1.515
12836,2.581,1.515
12837,2.654,1.515
12838,2.639,1.510
12839,2.590,1.515
12840,2.551,1.505
12841,2.493,1.496
12842,2.468,1.491
12843,2.468,1.476
12844,2.493,1.466
12845,2.512,1.452
12846,2.512,1.447
12847,2.507,1.437
12848,2.463,1.432
12849,2.429,1.432
12850,2.405,1.427
12851,2.385,1.427
12852,2.366,1.427
12853,2.370,1.427
12854,2.454,1.427
12855,2.595,1.432
12856,2.703,1.432
12857,2.737,1.432
12858,2.703,1.437
12859,2.649,1.437
12860,2.600,1.437
12861,2.556,1.437
12862,2.537,1.432
12863,2.546,1.427
12864,2.551,1.422
12865,2.546,1.417
12866,2.532,1.413
12867,2.502,1.413
12868,2.478,1.408
12869,2.468,1.408
12870,2.419,1.403
12871,2.380,1.398
12872,2.370,1.388
12873,2.405,1.383
12874,2.527,1.383
12875,2.659,1.378
12876,2.742,1.373
12877,2.732,1.369
12878,2.659,1.369
12879,2.566,1.364
12880,2.502,1.364
12881,2.449,1.364
12882,2.434,1.364
12883,2.468,1.364
12884,2.478,1.359
12885,2.463,1.364
12886,2.449,1.359
12887,2.414,1.364
12888,2.390,1.369
12889,2.375,1.373
12890,2.356,1.388
12891,2.341,1.408
12892,2.326,1.432
12893,2.375,1.452
12894,2.498,1.471
12895,2.630,1.481
12896,2.644,1.496
12897,2.605,1.500
12898,2.522,1.510
12899,2.439,1.515
12900,2.390,1.520
12901,2.380,1.525
12902,2.410,1.525
12903,2.434,1.535
12904,2.439,1.530
12905,2.429,1.535
12906,2.414,1.535
12907,2.405,1.540
12908,2.385,1.540
12909,2.366,1.540
12910,2.356,1.540
12911,2.346,1.540
12912,2.395,1.544
12913,2.502,1.544
12914,2.615,1.544
12915,2.649,1.544
12916,2.610,1.549
12917,2.542,1.549
12918,2.458,1.549
12919,2.400,1.554
12920,2.390,1.549
12921,2.410,1.554
12922,2.429,1.554
12923,2.429,1.554
12924,2.405,1.554
12925,2.380,1.554
12926,2.366,1.554
12927,2.341,1.554
12928,2.322,1.554
12929,2.312,1.554
12930,2.326,1.554
12931,2.424,1.554
12932,2.551,1.554
12933,2.630,1.549
12934,2.630,1.554
12935,2.581,1.549
12936,2.507,1.549
12937,2.439,1.549
12938,2.405,1.549
12939,2.400,1.549
12940,2.424,1.544
12941,2.439,1.549
12942,2.439,1.544
12943,2.424,1.544
12944,2.414,1.544
12945,2.390,1.544
12946,2.375,1.544
12947,2.356,1.540
12948,2.346,1.544
12949,2.419,1.540
12950,2.542,1.540
12951,2.693,1.535
12952,2.615,1.540
12953,2.527,1.535
12954,2.458,1.535
12955,2.429,1.535
12956,2.439,1.535
12957,2.458,1.530
12958,2.468,1.530
12959,2.454,1.530
12960,2.434,1.525
12961,2.419,1.530
12962,2.400,1.525
12963,2.370,1.525
12964,2.351,1.520
12965,2.361,1.520
12966,2.458,1.520
12967,2.615,1.515
12968,2.742,1.520
12969,2.771,1.515
12970,2.717,1.515
12971,2.625,1.515
12972,2.537,1.515
12973,2.478,1.510
12974,2.473,1.510
12975,2.502,1.510
12976,2.537,1.505
12977,2.542,1.505
12978,2.517,1.500
12979,2.488,1.505
12980,2.449,1.500
12981,2.429,1.500
12982,2.414,1.496
12983,2.395,1.496
12984,2.434,1.496
12985,2.561,1.496
12986,2.693,1.496
12987,2.766,1.491
12988,2.771,1.496
12989,2.713,1.491
12990,2.610,1.491
12991,2.502,1.486
12992,2.429,1.486
12993,2.410,1.486
12994,2.439,1.486
12995,2.473,1.486
12996,2.478,1.481
12997,2.458,1.486
12998,2.429,1.481
12999,2.419,1.481
13000,2.400,1.476
13001,2.361,1.476
13002,2.366,1.476
13003,2.468,1.476
13004,2.610,1.476
13005,2.708,1.471
13006,2.713,1.471
13007,2.678,1.466
13008,2.615,1.471
13009,2.532,1.466
13010,2.478,1.466
13011,2.468,1.466
13012,2.478,1.466
13013,2.493,1.466
13014,2.473,1.461
13015,2.434,1.466
13016,2.390,1.461
13017,2.356,1.461
13018,2.346,1.461
13019,2.341,1.461
13020,2.356,1.461
13021,2.439,1.457
13022,2.600,1.457
13023,2.761,1.452
13024,2.805,1.457
13025,2.757,1.452
13026,2.669,1.457
13027,2.590,1.452
13028,2.537,1.452
13029,2.522,1.452
13030,2.537,1.452
13031,2.556,1.452
13032,2.556,1.447
13033,2.537,1.452
13034,2.507,1.452
13035,2.473,1.452
13036,2.439,1.452
13037,2.424,1.447
13038,2.410,1.452
13039,2.419,1.447
13040,2.512,1.447
13041,2.683,1.447
13042,2.805,1.447
13043,2.840,1.447
13044,2.786,1.447
13045,2.717,1.447
13046,2.654,1.442
13047,2.595,1.447
13048,2.576,1.442
13049,2.590,1.447
13050,2.610,1.442
13051,2.605,1.442
13052,2.586,1.447
13053,2.551,1.442
13054,2.512,1.447
13055,2.488,1.442
13056,2.463,1.447
13057,2.429,1.442
13058,2.463,1.447
13059,2.605,1.442
13060,2.766,1.447
13061,2.854,1.447
13062,2.840,1.447
13063,2.786,1.447
13064,2.717,1.447
13065,2.644,1.447
13066,2.600,1.442
13067,2.586,1.447
13068,2.595,1.447
13069,2.600,1.447
13070,2.581,1.447
13071,2.542,1.447
13072,2.502,1.447
13073,2.463,1.447
13074,2.429,1.447
13075,2.405,1.447
13076,2.400,1.452
13077,2.473,1.447
13078,2.644,1.452
13079,2.805,1.447
13080,2.879,1.452
13081,2.845,1.447
13082,2.776,1.452
13083,2.683,1.447
13084,2.615,1.452
13085,2.576,1.452
13086,2.566,1.452
13087,2.571,1.452
13088,2.561,1.452
13089,2.532,1.452
13090,2.473,1.452
13091,2.424,1.457
13092,2.380,1.452
13093,2.361,1.457
13094,2.341,1.457
13095,2.331,1.452
13096,2.390,1.457
13097,2.561,1.457
13098,2.757,1.457
13099,2.859,1.457
13100,2.849,1.457
13101,2.786,1.457
13102,2.708,1.457
13103,2.625,1.457
13104,2.556,1.457
13105,2.522,1.461
13106,2.507,1.457
13107,2.493,1.461
13108,2.468,1.461
13109,2.444,1.461
13110,2.405,1.461
13111,2.361,1.461
13112,2.331,1.461
13113,2.302,1.461
13114,2.278,1.461
13115,2.268,1.461
13116,2.297,1.466
13117,2.429,1.461
13118,2.630,1.466
13119,2.781,1.466
13120,2.810,1.466
13121,2.771,1.466
13122,2.722,1.466
13123,2.649,1.466
13124,2.576,1.466
13125,2.542,1.471
13126,2.532,1.466
13127,2.527,1.471
13128,2.517,1.466
13129,2.488,1.471
13130,2.463,1.471
13131,2.424,1.471
13132,2.380,1.471
13133,2.346,1.471
13134,2.322,1.471
13135,2.307,1.471
13136,2.297,1.471
13137,2.307,1.471
13138,2.390,1.471
13139,2.581,1.471
13140,2.752,1.471
13141,2.825,1.471
13142,2.801,1.471
13143,2.732,1.476
13144,2.659,1.471
13145,2.590,1.476
13146,2.546,1.471
13147,2.532,1.476
13148,2.532,1.476
13149,2.522,1.476
13150,2.498,1.476
13151,2.454,1.476
13152,2.410,1.476
13153,2.366,1.476
13154,2.331,1.481
13155,2.322,1.476
13156,2.312,1.481
13157,2.292,1.476
13158,2.278,1.476
13159,2.273,1.481
13160,2.326,1.476
13161,2.483,1.481
13162,2.649,1.476
13163,2.722,1.481
13164,2.703,1.481
13165,2.630,1.481
13166,2.561,1.481
13167,2.493,1.481
13168,2.449,1.481
13169,2.434,1.481
13170,2.444,1.481
13171,2.444,1.481
13172,2.424,1.486
13173,2.395,1.481
13174,2.361,1.486
13175,2.302,1.481
13176,2.263,1.486
13177,2.234,1.486
13178,2.219,1.481
13179,2.209,1.486
13180,2.209,1.481
13181,2.219,1.486
13182,2.283,1.486
13183,2.434,1.486
13184,2.595,1.486
13185,2.683,1.486
13186,2.688,1.486
13187,2.644,1.486
13188,2.586,1.486
13189,2.537,1.486
13190,2.507,1.486
13191,2.493,1.486
13192,2.493,1.491
13193,2.488,1.486
13194,2.463,1.491
13195,2.419,1.486
13196,2.375,1.486
13197,2.346,1.491
13198,2.317,1.486
13199,2.297,1.491
13200,2.283,1.486
13201,2.263,1.491
13202,2.258,1.486
13203,2.297,1.491
13204,2.419,1.491
13205,2.581,1.486
13206,2.698,1.491
13207,2.717,1.491
13208,2.664,1.491
13209,2.590,1.491
13210,2.507,1.491
13211,2.468,1.491
13212,2.483,1.491
13213,2.527,1.491
13214,2.566,1.491
13215,2.493,1.496
13216,2.385,1.491
13217,2.287,1.496
13218,2.248,1.491
13219,2.253,1.496
13220,2.268,1.491
13221,2.248,1.496
13222,2.204,1.491
13223,2.155,1.491
13224,2.175,1.496
13225,2.317,1.491
13226,2.502,1.496
13227,2.630,1.491
13228,2.659,1.496
13229,2.625,1.496
13230,2.542,1.496
13231,2.449,1.496
13232,2.380,1.496
13233,2.346,1.496
13234,2.356,1.496
13235,2.370,1.500
13236,2.361,1.496
13237,2.346,1.500
13238,2.336,1.496
13239,2.322,1.496
13240,2.297,1.496
13241,2.248,1.496
13242,2.239,1.496
13243,2.278,1.491
13244,2.302,1.491
13245,2.385,1.486
13246,2.517,1.486
13247,2.634,1.486
13248,2.669,1.486
13249,2.630,1.486
13250,2.556,1.486
13251,2.473,1.486
13252,2.419,1.486
13253,2.390,1.486
13254,2.400,1.486
13255,2.419,1.486
13256,2.424,1.486
13257,2.429,1.486
13258,2.434,1.491
13259,2.419,1.486
13260,2.385,1.491
13261,2.341,1.486
13262,2.312,1.491
13263,2.297,1.486
13264,2.307,1.491
13265,2.331,1.486
13266,2.439,1.491
13267,2.595,1.491
13268,2.703,1.491
13269,2.732,1.491
13270,2.693,1.491
13271,2.639,1.496
13272,2.566,1.496
13273,2.488,1.496
13274,2.449,1.491
13275,2.444,1.486
13276,2.449,1.476
13277,2.449,1.471
13278,2.429,1.461
13279,2.395,1.452
13280,2.366,1.442
13281,2.351,1.427
13282,2.331,1.422
13283,2.312,1.413
13284,2.297,1.408
13285,2.326,1.408
13286,2.434,1.403
13287,2.581,1.403
13288,2.674,1.398
13289,2.683,1.398
13290,2.620,1.393
13291,2.542,1.398
13292,2.473,1.393
13293,2.434,1.393
13294,2.434,1.393
13295,2.454,1.393
13296,2.473,1.393
13297,2.468,1.393
13298,2.454,1.393
13299,2.414,1.393
13300,2.380,1.393
13301,2.356,1.393
13302,2.336,1.393
13303,2.317,1.388
13304,2.351,1.393
13305,2.488,1.393
13306,2.649,1.388
13307,2.737,1.393
13308,2.732,1.388
13309,2.674,1.393
13310,2.595,1.393
13311,2.532,1.393
13312,2.498,1.393
13313,2.493,1.393
13314,2.512,1.393
13315,2.522,1.393
13316,2.512,1.393
13317,2.478,1.388
13318,2.449,1.393
13319,2.419,1.388
13320,2.395,1.393
13321,2.380,1.393
13322,2.375,1.393
13323,2.424,1.393
13324,2.551,1.388
13325,2.693,1.388
13326,2.761,1.388
13327,2.727,1.393
13328,2.625,1.388
13329,2.537,1.388
13330,2.483,1.388
13331,2.483,1.388
13332,2.502,1.388
13333,2.527,1.388
13334,2.517,1.388
13335,2.493,1.388
13336,2.458,1.388
13337,2.424,1.388
13338,2.395,1.388
13339,2.370,1.388
13340,2.385,1.388
13341,2.483,1.388
13342,2.639,1.383
13343,2.747,1.388
13344,2.757,1.383
13345,2.703,1.388
13346,2.630,1.383
13347,2.561,1.383
13348,2.512,1.383
13349,2.507,1.383
13350,2.522,1.388
13351,2.532,1.383
13352,2.522,1.383
13353,2.493,1.383
13354,2.458,1.383
13355,2.429,1.383
13356,2.410,1.383
13357,2.385,1.383
13358,2.395,1.383
13359,2.488,1.383
13360,2.644,1.383
13361,2.761,1.383
13362,2.781,1.383
13363,2.727,1.383
13364,2.659,1.383
13365,2.595,1.383
13366,2.556,1.383
13367,2.546,1.383
13368,2.546,1.383
13369,2.546,1.383
13370,2.527,1.383
13371,2.507,1.383
13372,2.473,1.383
13373,2.468,1.378
13374,2.458,1.378
13375,2.439,1.373
13376,2.419,1.373
13377,2.419,1.369
13378,2.522,1.364
13379,2.688,1.364
13380,2.830,1.359
13381,2.849,1.359
13382,2.796,1.359
13383,2.722,1.364
13384,2.654,1.364
13385,2.595,1.369
13386,2.566,1.373
13387,2.561,1.373
13388,2.576,1.378
13389,2.576,1.378
13390,2.551,1.383
13391,2.502,1.383
13392,2.483,1.388
13393,2.468,1.388
13394,2.449,1.388
13395,2.434,1.388
13396,2.454,1.383
13397,2.561,1.383
13398,2.713,1.373
13399,2.805,1.359
13400,2.815,1.349
13401,2.771,1.344
13402,2.698,1.339
13403,2.644,1.339
13404,2.576,1.339
13405,2.537,1.344
13406,2.517,1.344
13407,2.522,1.349
13408,2.512,1.349
13409,2.488,1.354
13410,2.454,1.354
13411,2.419,1.359
13412,2.395,1.359
13413,2.375,1.359
13414,2.346,1.364
13415,2.346,1.364
13416,2.434,1.369
13417,2.600,1.369
13418,2.732,1.373
13419,2.776,1.373
13420,2.747,1.373
13421,2.688,1.378
13422,2.620,1.383
13423,2.546,1.383
13424,2.488,1.388
13425,2.458,1.388
13426,2.439,1.388
13427,2.424,1.388
13428,2.405,1.393
13429,2.390,1.393
13430,2.375,1.393
13431,2.361,1.393
13432,2.341,1.393
13433,2.331,1.398
13434,2.322,1.398
13435,2.297,1.398
13436,2.273,1.393
13437,2.307,1.398
13438,2.444,1.393
13439,2.595,1.398
13440,2.669,1.398
13441,2.664,1.398
13442,2.615,1.398
13443,2.561,1.398
13444,2.498,1.398
13445,2.454,1.398
13446,2.439,1.398
13447,2.444,1.398
13448,2.444,1.398
13449,2.434,1.398
13450,2.410,1.403
13451,2.380,1.403
13452,2.341,1.398
13453,2.312,1.403
13454,2.292,1.403
13455,2.273,1.403
13456,2.258,1.403
13457,2.253,1.403
13458,2.312,1.403
13459,2.454,1.403
13460,2.605,1.403
13461,2.674,1.403
13462,2.649,1.403
13463,2.586,1.403
13464,2.527,1.403
13465,2.473,1.403
13466,2.434,1.403
13467,2.419,1.403
13468,2.424,1.403
13469,2.419,1.403
13470,2.400,1.403
13471,2.370,1.403
13472,2.336,1.403
13473,2.307,1.403
13474,2.287,1.403
13475,2.263,1.403
13476,2.258,1.408
13477,2.253,1.403
13478,2.297,1.408
13479,2.434,1.403
13480,2.576,1.408
13481,2.654,1.408
13482,2.659,1.408
13483,2.620,1.408
13484,2.571,1.408
13485,2.517,1.408
13486,2.468,1.408
13487,2.444,1.408
13488,2.449,1.408
13489,2.454,1.408
13490,2.444,1.408
13491,2.410,1.408
13492,2.385,1.408
13493,2.375,1.408
13494,2.351,1.408
13495,2.346,1.408
13496,2.356,1.408
13497,2.346,1.403
13498,2.366,1.408
13499,2.463,1.403
13500,2.610,1.403
13501,2.713,1.403
13502,2.727,1.398
13503,2.688,1.398
13504,2.630,1.393
13505,2.576,1.393
13506,2.532,1.393
13507,2.502,1.388
13508,2.498,1.388
13509,2.498,1.388
13510,2.488,1.388
13511,2.458,1.383
13512,2.429,1.383
13513,2.390,1.383
13514,2.366,1.383
13515,2.361,1.383
13516,2.341,1.383
13517,2.322,1.383
13518,2.322,1.378
13519,2.361,1.383
13520,2.488,1.378
13521,2.644,1.378
13522,2.742,1.378
13523,2.752,1.378
13524,2.717,1.378
13525,2.664,1.378
13526,2.595,1.378
13527,2.551,1.378
13528,2.527,1.378
13529,2.532,1.378
13530,2.532,1.378
13531,2.527,1.378
13532,2.502,1.378
13533,2.463,1.378
13534,2.424,1.378
13535,2.395,1.378
13536,2.366,1.378
13537,2.351,1.378
13538,2.341,1.378
13539,2.322,1.378
13540,2.312,1.378
13541,2.322,1.378
13542,2.395,1.378
13543,2.551,1.378
13544,2.683,1.378
13545,2.737,1.378
13546,2.717,1.378
13547,2.674,1.378
13548,2.620,1.378
13549,2.561,1.378
13550,2.517,1.378
13551,2.502,1.378
13552,2.502,1.378
13553,2.502,1.378
13554,2.502,1.378
13555,2.463,1.378
13556,2.405,1.378
13557,2.361,1.378
13558,2.331,1.378
13559,2.312,1.373
13560,2.302,1.378
13561,2.297,1.373
13562,2.287,1.373
13563,2.278,1.373
13564,2.312,1.373
13565,2.429,1.373
13566,2.566,1.373
13567,2.659,1.373
13568,2.669,1.373
13569,2.625,1.373
13570,2.561,1.373
13571,2.512,1.373
13572,2.483,1.373
13573,2.478,1.373
13574,2.483,1.373
13575,2.473,1.373
13576,2.439,1.373
13577,2.400,1.369
13578,2.375,1.369
13579,2.375,1.369
13580,2.366,1.369
13581,2.336,1.369
13582,2.312,1.369
13583,2.292,1.369
13584,2.307,1.364
13585,2.405,1.364
13586,2.542,1.364
13587,2.654,1.364
13588,2.683,1.364
13589,2.644,1.364
13590,2.586,1.364
13591,2.527,1.359
13592,2.483,1.364
13593,2.473,1.359
13594,2.478,1.359
13595,2.488,1.359
13596,2.478,1.359
13597,2.458,1.359
13598,2.444,1.359
13599,2.410,1.354
13600,2.366,1.354
13601,2.346,1.354
13602,2.346,1.354
13603,2.346,1.354
13604,2.351,1.354
13605,2.370,1.354
13606,2.458,1.354
13607,2.590,1.354
13608,2.693,1.349
13609,2.698,1.349
13610,2.644,1.349
13611,2.581,1.349
13612,2.522,1.349
13613,2.468,1.349
13614,2.458,1.349
13615,2.468,1.349
13616,2.488,1.349
13617,2.502,1.349
13618,2.493,1.349
13619,2.458,1.349
13620,2.439,1.349
13621,2.424,1.349
13622,2.405,1.344
13623,2.390,1.349
13624,2.366,1.344
13625,2.346,1.344
13626,2.380,1.344
13627,2.493,1.344
13628,2.620,1.344
13629,2.693,1.344
13630,2.678,1.344
13631,2.630,1.344
13632,2.576,1.344
13633,2.522,1.344
13634,2.478,1.344
13635,2.483,1.344
13636,2.507,1.344
13637,2.517,1.344
13638,2.507,1.339
13639,2.478,1.344
13640,2.454,1.339
13641,2.419,1.344
13642,2.390,1.344
13643,2.370,1.344
13644,2.351,1.344
13645,2.346,1.339
13646,2.385,1.339
13647,2.507,1.339
13648,2.644,1.344
13649,2.727,1.339
13650,2.708,1.344
13651,2.659,1.339
13652,2.605,1.344
13653,2.532,1.344
13654,2.483,1.344
13655,2.488,1.344
13656,2.512,1.344
13657,2.527,1.344
13658,2.532,1.344
13659,2.507,1.344
13660,2.473,1.344
13661,2.434,1.349
13662,2.414,1.349
13663,2.395,1.349
13664,2.385,1.349
13665,2.400,1.349
13666,2.458,1.354
13667,2.581,1.354
13668,2.698,1.354
13669,2.742,1.354
13670,2.717,1.354
13671,2.669,1.354
13672,2.615,1.354
13673,2.566,1.354
13674,2.537,1.354
13675,2.537,1.354
13676,2.556,1.354
13677,2.556,1.354
13678,2.546,1.354
13679,2.527,1.354
13680,2.493,1.354
13681,2.468,1.354
13682,2.458,1.354
13683,2.454,1.354
13684,2.449,1.354
13685,2.478,1.354
13686,2.595,1.354
13687,2.727,1.354
13688,2.820,1.359
13689,2.815,1.354
13690,2.761,1.359
13691,2.698,1.359
13692,2.639,1.359
13693,2.605,1.354
13694,2.586,1.354
13695,2.586,1.349
13696,2.586,1.344
13697,2.566,1.344
13698,2.542,1.339
13699,2.507,1.344
13700,2.473,1.344
13701,2.449,1.344
13702,2.463,1.344
13703,2.449,1.344
13704,2.429,1.349
13705,2.473,1.349
13706,2.634,1.349
13707,2.752,1.349
13708,2.801,1.349
13709,2.791,1.344
13710,2.742,1.344
13711,2.678,1.339
13712,2.639,1.344
13713,2.625,1.329
13714,2.625,1.320
13715,2.625,1.310
13716,2.620,1.315
13717,2.600,1.325
13718,2.581,1.339
13719,2.556,1.373
13720,2.522,1.408
13721,2.502,1.442
13722,2.493,1.466
13723,2.468,1.486
13724,2.507,1.505
13725,2.610,1.515
13726,2.727,1.525
13727,2.825,1.535
13728,2.840,1.544
13729,2.796,1.549
13730,2.703,1.559
13731,2.600,1.559
13732,2.551,1.569
13733,2.571,1.569
13734,2.605,1.574
13735,2.615,1.574
13736,2.605,1.569
13737,2.576,1.564
13738,2.546,1.554
13739,2.527,1.544
13740,2.512,1.535
13741,2.483,1.525
13742,2.463,1.515
13743,2.468,1.505
13744,2.561,1.496
13745,2.737,1.481
13746,2.864,1.476
13747,2.893,1.461
13748,2.840,1.457
13749,2.766,1.447
13750,2.708,1.437
13751,2.659,1.432
13752,2.630,1.427
13753,2.630,1.422
13754,2.639,1.413
13755,2.639,1.413
13756,2.625,1.408
13757,2.590,1.403
13758,2.546,1.398
13759,2.502,1.398
13760,2.463,1.393
13761,2.434,1.393
13762,2.429,1.388
13763,2.522,1.388
13764,2.683,1.388
13765,2.835,1.383
13766,2.879,1.383
13767,2.835,1.383
13768,2.771,1.383
13769,2.693,1.383
13770,2.620,1.383
13771,2.561,1.383
13772,2.537,1.378
13773,2.522,1.378
13774,2.527,1.373
13775,2.512,1.373
13776,2.483,1.369
13777,2.454,1.364
13778,2.410,1.359
13779,2.370,1.354
13780,2.336,1.349
13781,2.307,1.344
13782,2.307,1.339
13783,2.424,1.334
13784,2.639,1.329
13785,2.776,1.325
13786,2.810,1.325
13787,2.766,1.320
13788,2.693,1.325
13789,2.620,1.325
13790,2.556,1.329
13791,2.537,1.334
13792,2.542,1.334
13793,2.537,1.339
13794,2.532,1.339
13795,2.502,1.344
13796,2.468,1.344
13797,2.439,1.349
13798,2.410,1.349
13799,2.375,1.349
13800,2.346,1.349
13801,2.326,1.349
13802,2.361,1.349
13803,2.498,1.349
13804,2.683,1.349
13805,2.825,1.349
13806,2.869,1.349
13807,2.815,1.349
13808,2.732,1.344
13809,2.634,1.344
13810,2.571,1.339
13811,2.556,1.344
13812,2.571,1.339
13813,2.576,1.339
13814,2.566,1.339
13815,2.532,1.339
13816,2.493,1.339
13817,2.458,1.344
13818,2.414,1.349
13819,2.375,1.354
13820,2.346,1.364
13821,2.331,1.369
13822,2.351,1.378
13823,2.488,1.378
13824,2.664,1.388
13825,2.776,1.393
13826,2.805,1.398
13827,2.761,1.408
13828,2.693,1.413
13829,2.615,1.427
13830,2.532,1.427
13831,2.478,1.437
13832,2.468,1.442
13833,2.449,1.447
13834,2.424,1.457
13835,2.390,1.457
13836,2.356,1.466
13837,2.317,1.466
13838,2.283,1.476
13839,2.253,1.476
13840,2.234,1.491
13841,2.258,1.491
13842,2.375,1.500
13843,2.566,1.500
13844,2.678,1.510
13845,2.703,1.515
13846,2.649,1.525
13847,2.576,1.544
13848,2.502,1.554
13849,2.429,1.574
13850,2.395,1.579
13851,2.395,1.593
13852,2.400,1.603
13853,2.400,1.608
13854,2.390,1.618
13855,2.351,1.613
13856,2.307,1.613
13857,2.273,1.608
13858,2.229,1.608
13859,2.204,1.603
13860,2.190,1.598
13861,2.199,1.598
13862,2.287,1.588
13863,2.434,1.588
13864,2.576,1.574
13865,2.620,1.564
13866,2.590,1.549
13867,2.527,1.544
13868,2.454,1.530
13869,2.405,1.525
13870,2.370,1.515
13871,2.356,1.510
13872,2.356,1.505
13873,2.366,1.496
13874,2.341,1.491
13875,2.317,1.486
13876,2.278,1.481
13877,2.253,1.476
13878,2.253,1.466
13879,2.239,1.466
13880,2.219,1.461
13881,2.199,1.461
13882,2.268,1.457
13883,2.414,1.457
13884,2.556,1.457
13885,2.615,1.457
13886,2.595,1.452
13887,2.542,1.452
13888,2.468,1.457
13889,2.419,1.452
13890,2.400,1.457
13891,2.370,1.452
13892,2.356,1.452
13893,2.341,1.452
13894,2.331,1.452
13895,2.307,1.447
13896,2.287,1.452
13897,2.258,1.447
13898,2.234,1.447
13899,2.239,1.447
13900,2.229,1.442
13901,2.234,1.447
13902,2.312,1.442
13903,2.454,1.447
13904,2.576,1.442
13905,2.620,1.442
13906,2.595,1.442
13907,2.532,1.442
13908,2.468,1.442
13909,2.424,1.437
13910,2.385,1.442
13911,2.380,1.437
13912,2.380,1.442
13913,2.385,1.442
13914,2.390,1.442
13915,2.361,1.442
13916,2.326,1.437
13917,2.297,1.442
13918,2.278,1.437
13919,2.263,1.442
13920,2.243,1.437
13921,2.248,1.442
13922,2.307,1.437
13923,2.444,1.442
13924,2.581,1.437
13925,2.634,1.442
13926,2.620,1.442
13927,2.551,1.437
13928,2.463,1.442
13929,2.419,1.437
13930,2.395,1.442
13931,2.380,1.437
13932,2.380,1.442
13933,2.361,1.437
13934,2.322,1.437
13935,2.273,1.437
13936,2.243,1.437
13937,2.239,1.442
13938,2.243,1.437
13939,2.258,1.442
13940,2.263,1.437
13941,2.268,1.437
13942,2.292,1.437
13943,2.380,1.437
13944,2.493,1.442
13945,2.595,1.437
13946,2.630,1.437
13947,2.605,1.437
13948,2.546,1.437
13949,2.488,1.437
13950,2.424,1.437
13951,2.400,1.437
13952,2.405,1.437
13953,2.410,1.437
13954,2.410,1.437
13955,2.405,1.437
13956,2.395,1.437
13957,2.375,1.437
13958,2.346,1.437
13959,2.322,1.437
13960,2.302,1.437
13961,2.292,1.437
13962,2.292,1.437
13963,2.366,1.437
13964,2.512,1.437
13965,2.644,1.437
13966,2.693,1.437
13967,2.674,1.437
13968,2.610,1.437
13969,2.551,1.437
13970,2.498,1.437
13971,2.473,1.437
13972,2.468,1.437
13973,2.473,1.437
13974,2.458,1.437
13975,2.444,1.437
13976,2.419,1.437
13977,2.385,1.437
13978,2.356,1.437
13979,2.341,1.437
13980,2.336,1.437
13981,2.326,1.437
13982,2.302,1.437
13983,2.297,1.437
13984,2.375,1.442
13985,2.502,1.437
13986,2.605,1.437
13987,2.644,1.437
13988,2.620,1.437
13989,2.566,1.442
13990,2.502,1.437
13991,2.458,1.442
13992,2.449,1.437
13993,2.468,1.442
13994,2.493,1.442
13995,2.502,1.437
13996,2.493,1.442
13997,2.483,1.442
13998,2.449,1.442
13999,2.419,1.437
14000,2.395,1.442
14001,2.380,1.437
14002,2.370,1.442
14003,2.370,1.437
14004,2.405,1.442
14005,2.527,1.442
14006,2.664,1.442
14007,2.752,1.442
14008,2.752,1.442
14009,2.693,1.442
14010,2.620,1.442
14011,2.556,1.442
14012,2.522,1.442
14013,2.507,1.442
14014,2.517,1.442
14015,2.522,1.442
14016,2.522,1.442
14017,2.507,1.442
14018,2.478,1.447
14019,2.458,1.442
14020,2.429,1.447
14021,2.410,1.442
14022,2.390,1.442
14023,2.366,1.442
14024,2.390,1.442
14025,2.493,1.447
14026,2.644,1.442
14027,2.742,1.447
14028,2.742,1.442
14029,2.674,1.447
14030,2.605,1.442
14031,2.556,1.447
14032,2.522,1.442
14033,2.517,1.447
14034,2.517,1.447
14035,2.517,1.447
14036,2.507,1.447
14037,2.488,1.442
14038,2.463,1.447
14039,2.434,1.447
14040,2.410,1.447
14041,2.395,1.447
14042,2.375,1.447
14043,2.366,1.447
14044,2.400,1.447
14045,2.517,1.447
14046,2.659,1.447
14047,2.752,1.447
14048,2.757,1.447
14049,2.698,1.447
14050,2.620,1.447
14051,2.556,1.447
14052,2.522,1.447
14053,2.522,1.447
14054,2.551,1.447
14055,2.586,1.447
14056,2.590,1.447
14057,2.551,1.447
14058,2.493,1.447
14059,2.449,1.452
14060,2.419,1.447
14061,2.380,1.452
14062,2.346,1.447
14063,2.312,1.447
14064,2.366,1.447
14065,2.493,1.447
14066,2.634,1.447
14067,2.708,1.447
14068,2.703,1.447
14069,2.654,1.447
14070,2.600,1.452
14071,2.546,1.447
14072,2.522,1.447
14073,2.527,1.447
14074,2.537,1.447
14075,2.532,1.452
14076,2.517,1.447
14077,2.478,1.452
14078,2.449,1.447
14079,2.434,1.452
14080,2.414,1.447
14081,2.380,1.452
14082,2.351,1.447
14083,2.537,1.447
14084,2.708,1.452
14085,2.810,1.447
14086,2.825,1.452
14087,2.776,1.447
14088,2.708,1.452
14089,2.634,1.452
14090,2.581,1.452
14091,2.546,1.452
14092,2.532,1.452
14093,2.522,1.452
14094,2.507,1.447
14095,2.478,1.452
14096,2.449,1.447
14097,2.410,1.452
14098,2.370,1.452
14099,2.351,1.452
14100,2.351,1.452
14101,2.395,1.447
14102,2.522,1.452
14103,2.713,1.447
14104,2.854,1.452
14105,2.889,1.452
14106,2.849,1.452
14107,2.761,1.447
14108,2.703,1.452
14109,2.644,1.452
14110,2.615,1.447
14111,2.620,1.452
14112,2.620,1.452
14113,2.620,1.452
14114,2.605,1.447
14115,2.566,1.452
14116,2.532,1.447
14117,2.493,1.452
14118,2.463,1.452
14119,2.434,1.452
14120,2.410,1.452
14121,2.458,1.452
14122,2.620,1.452
14123,2.801,1.452
14124,2.889,1.452
14125,2.874,1.452
14126,2.801,1.452
14127,2.713,1.452
14128,2.634,1.452
14129,2.586,1.452
14130,2.576,1.452
14131,2.576,1.452
14132,2.581,1.452
14133,2.566,1.452
14134,2.517,1.452
14135,2.473,1.452
14136,2.444,1.452
14137,2.414,1.452
14138,2.400,1.452
14139,2.380,1.452
14140,2.400,1.452
14141,2.522,1.452
14142,2.717,1.452
14143,2.840,1.452
14144,2.845,1.452
14145,2.781,1.452
14146,2.698,1.452
14147,2.615,1.452
14148,2.556,1.452
14149,2.527,1.452
14150,2.527,1.447
14151,2.532,1.452
14152,2.512,1.452
14153,2.502,1.452
14154,2.493,1.452
14155,2.473,1.452
14156,2.419,1.452
14157,2.336,1.452
14158,2.268,1.452
14159,2.234,1.452
14160,2.268,1.452
14161,2.458,1.452
14162,2.654,1.452
14163,2.761,1.452
14164,2.727,1.452
14165,2.625,1.452
14166,2.522,1.452
14167,2.424,1.452
14168,2.405,1.452
14169,2.439,1.452
14170,2.473,1.452
14171,2.473,1.457
14172,2.449,1.452
14173,2.400,1.452
14174,2.346,1.457
14175,2.302,1.452
14176,2.287,1.457
14177,2.283,1.452
14178,2.278,1.457
14179,2.292,1.452
14180,2.370,1.457
14181,2.542,1.457
14182,2.688,1.457
14183,2.742,1.457
14184,2.698,1.452
14185,2.615,1.457
14186,2.522,1.452
14187,2.458,1.457
14188,2.429,1.452
14189,2.424,1.457
14190,2.434,1.457
14191,2.439,1.457
14192,2.429,1.457
14193,2.405,1.457
14194,2.375,1.457
14195,2.336,1.457
14196,2.307,1.457
14197,2.283,1.457
14198,2.273,1.457
14199,2.302,1.457
14200,2.429,1.457
14201,2.600,1.457
14202,2.703,1.457
14203,2.708,1.457
14204,2.625,1.457
14205,2.498,1.457
14206,2.414,1.457
14207,2.405,1.457
14208,2.405,1.457
14209,2.414,1.457
14210,2.331,1.457
14211,2.239,1.457
14212,2.160,1.457
14213,2.136,1.457
14214,2.155,1.457
14215,2.209,1.457
14216,2.243,1.457
14217,2.278,1.457
14218,2.336,1.457
14219,2.449,1.457
14220,2.581,1.457
14221,2.634,1.461
14222,2.600,1.457
14223,2.542,1.461
14224,2.468,1.457
14225,2.419,1.461
14226,2.375,1.457
14227,2.356,1.457
14228,2.351,1.461
14229,2.346,1.457
14230,2.351,1.461
14231,2.385,1.457
14232,2.385,1.461
14233,2.366,1.457
14234,2.341,1.461
14235,2.346,1.461
14236,2.336,1.457
14237,2.331,1.461
14238,2.400,1.457
14239,2.532,1.461
14240,2.649,1.461
14241,2.678,1.461
14242,2.639,1.457
14243,2.571,1.461
14244,2.498,1.461
14245,2.444,1.461
14246,2.434,1.461
14247,2.458,1.461
14248,2.468,1.461
14249,2.458,1.457
14250,2.429,1.461
14251,2.395,1.461
14252,2.370,1.461
14253,2.346,1.461
14254,2.326,1.461
14255,2.307,1.461
14256,2.322,1.461
14257,2.429,1.461
14258,2.576,1.461
14259,2.683,1.461
14260,2.693,1.461
14261,2.644,1.461
14262,2.566,1.461
14263,2.493,1.461
14264,2.449,1.461
14265,2.439,1.461
14266,2.444,1.461
14267,2.458,1.461
14268,2.458,1.461
14269,2.434,1.461
14270,2.405,1.461
14271,2.380,1.461
14272,2.351,1.461
14273,2.341,1.461
14274,2.322,1.461
14275,2.322,1.461
14276,2.380,1.461
14277,2.527,1.461
14278,2.683,1.461
14279,2.766,1.461
14280,2.761,1.461
14281,2.693,1.461
14282,2.630,1.461
14283,2.576,1.461
14284,2.542,1.466
14285,2.537,1.461
14286,2.542,1.466
14287,2.537,1.461
14288,2.517,1.461
14289,2.493,1.466
14290,2.473,1.461
14291,2.458,1.466
14292,2.444,1.461
14293,2.405,1.466
14294,2.326,1.461
14295,2.248,1.466
14296,2.248,1.461
14297,2.395,1.466
14298,2.600,1.461
14299,2.747,1.466
14300,2.791,1.466
14301,2.761,1.461
14302,2.698,1.466
14303,2.620,1.461
14304,2.537,1.466
14305,2.493,1.461
14306,2.488,1.466
14307,2.512,1.461
14308,2.532,1.461
14309,2.537,1.466
14310,2.527,1.461
14311,2.488,1.466
14312,2.429,1.461
14313,2.370,1.466
14314,2.326,1.461
14315,2.326,1.466
14316,2.366,1.461
14317,2.493,1.461
14318,2.688,1.466
14319,2.810,1.461
14320,2.815,1.466
14321,2.742,1.461
14322,2.649,1.466
14323,2.571,1.461
14324,2.537,1.466
14325,2.527,1.461
14326,2.542,1.466
14327,2.551,1.466
14328,2.532,1.466
14329,2.512,1.466
14330,2.493,1.461
14331,2.483,1.466
14332,2.468,1.461
14333,2.444,1.466
14334,2.444,1.466
14335,2.424,1.461
14336,2.444,1.466
14337,2.561,1.461
14338,2.708,1.466
14339,2.801,1.461
14340,2.810,1.466
14341,2.761,1.466
14342,2.698,1.461
14343,2.625,1.466
14344,2.566,1.461
14345,2.537,1.466
14346,2.546,1.466
14347,2.566,1.466
14348,2.561,1.466
14349,2.542,1.466
14350,2.512,1.466
14351,2.468,1.466
14352,2.410,1.466
14353,2.370,1.466
14354,2.346,1.466
14355,2.326,1.466
14356,2.322,1.466
14357,2.351,1.466
14358,2.463,1.466
14359,2.620,1.466
14360,2.732,1.466
14361,2.752,1.466
14362,2.717,1.466
14363,2.654,1.466
14364,2.590,1.466
14365,2.546,1.466
14366,2.527,1.466
14367,2.542,1.466
14368,2.556,1.466
14369,2.551,1.466
14370,2.527,1.466
14371,2.493,1.466
14372,2.463,1.466
14373,2.424,1.471
14374,2.410,1.466
14375,2.400,1.471
14376,2.385,1.466
14377,2.395,1.471
14378,2.449,1.466
14379,2.566,1.471
14380,2.669,1.466
14381,2.732,1.471
14382,2.737,1.466
14383,2.693,1.471
14384,2.634,1.471
14385,2.551,1.466
14386,2.454,1.471
14387,2.395,1.466
14388,2.385,1.471
14389,2.410,1.466
14390,2.444,1.471
14391,2.458,1.466
14392,2.454,1.466
14393,2.429,1.471
14394,2.410,1.466
14395,2.395,1.471
14396,2.380,1.466
14397,2.366,1.471
14398,2.366,1.471
14399,2.444,1.471
14400,2.590,1.471
14401,2.713,1.466
14402,2.742,1.471
14403,2.693,1.466
14404,2.634,1.471
14405,2.586,1.466
14406,2.551,1.471
14407,2.546,1.466
14408,2.566,1.471
14409,2.595,1.471
14410,2.581,1.471
14411,2.542,1.471
14412,2.493,1.466
14413,2.463,1.471
14414,2.434,1.466
14415,2.414,1.471
14416,2.385,1.471
14417,2.341,1.471
14418,2.346,1.471
14419,2.449,1.471
14420,2.605,1.471
14421,2.722,1.466
14422,2.752,1.471
14423,2.708,1.466
14424,2.649,1.471
14425,2.610,1.471
14426,2.576,1.471
14427,2.551,1.471
14428,2.546,1.471
14429,2.551,1.471
14430,2.537,1.466
14431,2.488,1.471
14432,2.429,1.466
14433,2.390,1.471
14434,2.370,1.471
14435,2.370,1.471
14436,2.356,1.471
14437,2.366,1.471
14438,2.449,1.471
14439,2.610,1.471
14440,2.737,1.471
14441,2.776,1.471
14442,2.742,1.471
14443,2.674,1.471
14444,2.600,1.471
14445,2.556,1.471
14446,2.522,1.471
14447,2.512,1.471
14448,2.532,1.471
14449,2.542,1.471
14450,2.537,1.471
14451,2.498,1.471
14452,2.444,1.471
14453,2.395,1.471
14454,2.361,1.471
14455,2.346,1.471
14456,2.336,1.471
14457,2.326,1.471
14458,2.434,1.471
14459,2.600,1.471
14460,2.796,1.471
14461,2.722,1.471
14462,2.634,1.471
14463,2.551,1.471
14464,2.517,1.471
14465,2.522,1.471
14466,2.551,1.476
14467,2.576,1.471
14468,2.546,1.476
14469,2.522,1.471
14470,2.498,1.471
14471,2.458,1.476
14472,2.424,1.476
14473,2.375,1.476
14474,2.322,1.476
14475,2.297,1.476
14476,2.346,1.476
14477,2.507,1.476
14478,2.708,1.476
14479,2.825,1.476
14480,2.845,1.476
14481,2.766,1.476
14482,2.659,1.476
14483,2.566,1.476
14484,2.522,1.476
14485,2.517,1.476
14486,2.532,1.476
14487,2.537,1.476
14488,2.527,1.481
14489,2.502,1.481
14490,2.454,1.481
14491,2.424,1.481
14492,2.414,1.481
14493,2.390,1.481
14494,2.370,1.481
14495,2.336,1.481
14496,2.370,1.481
14497,2.498,1.481
14498,2.664,1.481
14499,2.776,1.481
14500,2.791,1.481
14501,2.737,1.481
14502,2.639,1.481
14503,2.542,1.481
14504,2.493,1.481
14505,2.483,1.476
14506,2.493,1.476
14507,2.502,1.481
14508,2.493,1.476
14509,2.478,1.481
14510,2.458,1.476
14511,2.434,1.481
14512,2.400,1.476
14513,2.370,1.481
14514,2.326,1.481
14515,2.312,1.481
14516,2.361,1.481
14517,2.493,1.481
14518,2.639,1.481
14519,2.713,1.481
14520,2.693,1.481
14521,2.615,1.481
14522,2.527,1.481
14523,2.458,1.481
14524,2.419,1.481
14525,2.419,1.481
14526,2.439,1.481
14527,2.444,1.481
14528,2.434,1.481
14529,2.410,1.481
14530,2.370,1.481
14531,2.336,1.481
14532,2.317,1.481
14533,2.297,1.481
14534,2.278,1.481
14535,2.292,1.481
14536,2.390,1.481
14537,2.546,1.481
14538,2.659,1.481
14539,2.678,1.481
14540,2.620,1.481
14541,2.532,1.481
14542,2.454,1.481
14543,2.405,1.481
14544,2.400,1.481
14545,2.419,1.481
14546,2.429,1.481
14547,2.439,1.481
14548,2.414,1.481
14549,2.390,1.486
14550,2.370,1.481
14551,2.346,1.481
14552,2.322,1.486
14553,2.302,1.481
14554,2.312,1.481
14555,2.405,1.481
14556,2.551,1.486
14557,2.674,1.481
14558,2.703,1.486
14559,2.659,1.481
14560,2.581,1.486
14561,2.493,1.486
14562,2.434,1.486
14563,2.414,1.486
14564,2.429,1.481
14565,2.449,1.486
14566,2.449,1.481
14567,2.429,1.486
14568,2.405,1.486
14569,2.375,1.486
14570,2.341,1.486
14571,2.326,1.486
14572,2.307,1.486
14573,2.322,1.486
14574,2.414,1.486
14575,2.571,1.486
14576,2.693,1.486
14577,2.727,1.486
14578,2.683,1.486
14579,2.600,1.486
14580,2.517,1.486
14581,2.463,1.486
14582,2.454,1.486
14583,2.463,1.486
14584,2.483,1.486
14585,2.488,1.486
14586,2.468,1.486
14587,2.419,1.486
14588,2.385,1.486
14589,2.356,1.486
14590,2.331,1.486
14591,2.326,1.486
14592,2.385,1.486
14593,2.522,1.486
14594,2.674,1.486
14595,2.742,1.486
14596,2.727,1.486
14597,2.664,1.486
14598,2.586,1.486
14599,2.517,1.486
14600,2.483,1.486
14601,2.483,1.486
14602,2.493,1.486
14603,2.502,1.486
14604,2.493,1.486
14605,2.468,1.486
14606,2.444,1.486
14607,2.419,1.486
14608,2.395,1.486
14609,2.370,1.486
14610,2.341,1.486
14611,2.366,1.486
14612,2.488,1.486
14613,2.649,1.486
14614,2.737,1.486
14615,2.727,1.486
14616,2.659,1.486
14617,2.586,1.486
14618,2.527,1.486
14619,2.454,1.486
14620,2.419,1.486
14621,2.419,1.486
14622,2.414,1.486
14623,2.424,1.486
14624,2.410,1.486
14625,2.380,1.486
14626,2.361,1.486
14627,2.336,1.486
14628,2.336,1.486
14629,2.351,1.486
14630,2.361,1.486
14631,2.449,1.486
14632,2.586,1.486
14633,2.678,1.486
14634,2.669,1.491
14635,2.605,1.491
14636,2.542,1.491
14637,2.468,1.491
14638,2.429,1.491
14639,2.405,1.491
14640,2.419,1.491
14641,2.434,1.491
14642,2.439,1.491
14643,2.414,1.491
14644,2.380,1.491
14645,2.351,1.491
14646,2.346,1.491
14647,2.326,1.491
14648,2.297,1.496
14649,2.317,1.491
14650,2.434,1.496
14651,2.605,1.491
14652,2.722,1.496
14653,2.742,1.491
14654,2.703,1.491
14655,2.649,1.491
14656,2.576,1.491
14657,2.522,1.491
14658,2.522,1.491
14659,2.546,1.491
14660,2.566,1.491
14661,2.561,1.491
14662,2.532,1.491
14663,2.493,1.491
14664,2.454,1.491
14665,2.434,1.491
14666,2.405,1.491
14667,2.380,1.491
14668,2.370,1.491
14669,2.449,1.491
14670,2.605,1.491
14671,2.732,1.491
14672,2.761,1.491
14673,2.713,1.491
14674,2.659,1.491
14675,2.600,1.491
14676,2.537,1.491
14677,2.507,1.491
14678,2.512,1.491
14679,2.527,1.491
14680,2.537,1.491
14681,2.532,1.491
14682,2.502,1.491
14683,2.458,1.491
14684,2.429,1.491
14685,2.405,1.491
14686,2.375,1.491
14687,2.414,1.491
14688,2.537,1.491
14689,2.688,1.491
14690,2.771,1.491
14691,2.786,1.491
14692,2.752,1.491
14693,2.693,1.491
14694,2.630,1.491
14695,2.576,1.496
14696,2.542,1.491
14697,2.532,1.496
14698,2.542,1.491
14699,2.527,1.491
14700,2.507,1.491
14701,2.473,1.491
14702,2.439,1.491
14703,2.414,1.491
14704,2.405,1.496
14705,2.390,1.491
14706,2.405,1.496
14707,2.502,1.491
14708,2.654,1.496
14709,2.757,1.491
14710,2.786,1.491
14711,2.766,1.491
14712,2.683,1.491
14713,2.595,1.491
14714,2.542,1.491
14715,2.537,1.491
14716,2.527,1.491
14717,2.517,1.491
14718,2.478,1.491
14719,2.439,1.491
14720,2.410,1.491
14721,2.414,1.491
14722,2.356,1.491
14723,2.331,1.491
14724,2.326,1.491
14725,2.380,1.491
14726,2.527,1.491
14727,2.717,1.491
14728,2.786,1.491
14729,2.742,1.491
14730,2.649,1.491
14731,2.571,1.496
14732,2.498,1.491
14733,2.463,1.491
14734,2.468,1.491
14735,2.473,1.491
14736,2.458,1.491
14737,2.439,1.491
14738,2.400,1.491
14739,2.336,1.491
14740,2.297,1.496
14741,2.283,1.491
14742,2.283,1.496
14743,2.268,1.496
14744,2.263,1.496
14745,2.317,1.496
14746,2.468,1.491
14747,2.766,1.496
14748,2.713,1.491
14749,2.639,1.491
14750,2.581,1.496
14751,2.517,1.491
14752,2.468,1.496
14753,2.458,1.496
14754,2.473,1.496
14755,2.478,1.496
14756,2.429,1.496
14757,2.351,1.496
14758,2.307,1.496
14759,2.297,1.496
14760,2.278,1.496
14761,2.273,1.496
14762,2.248,1.496
14763,2.224,1.496
14764,2.224,1.496
14765,2.429,1.496
14766,2.571,1.496
14767,2.688,1.496
14768,2.717,1.496
14769,2.669,1.496
14770,2.586,1.500
14771,2.532,1.496
14772,2.488,1.500
14773,2.473,1.496
14774,2.551,1.496
14775,2.527,1.500
14776,2.483,1.496
14777,2.439,1.500
14778,2.410,1.500
14779,2.366,1.500
14780,2.331,1.500
14781,2.322,1.500
14782,2.351,1.500
14783,2.317,1.496
14784,2.322,1.500
14785,2.434,1.496
14786,2.586,1.500
14787,2.683,1.500
14788,2.708,1.500
14789,2.664,1.500
14790,2.595,1.496
14791,2.546,1.500
14792,2.532,1.496
14793,2.542,1.496
14794,2.512,1.500
14795,2.449,1.496
14796,2.400,1.500
14797,2.341,1.496
14798,2.292,1.496
14799,2.243,1.496
14800,2.214,1.496
14801,2.170,1.496
14802,2.195,1.491
14803,2.317,1.496
14804,2.488,1.491
14805,2.630,1.496
14806,2.678,1.491
14807,2.649,1.491
14808,2.581,1.491
14809,2.449,1.491
14810,2.395,1.491
14811,2.370,1.486
14812,2.400,1.491
14813,2.424,1.486
14814,2.424,1.491
14815,2.419,1.486
14816,2.395,1.486
14817,2.356,1.486
14818,2.336,1.486
14819,2.283,1.486
14820,2.273,1.486
14821,2.356,1.486
14822,2.507,1.486
14823,2.639,1.486
14824,2.693,1.486
14825,2.674,1.486
14826,2.620,1.486
14827,2.532,1.486
14828,2.463,1.486
14829,2.449,1.486
14830,2.468,1.486
14831,2.478,1.486
14832,2.468,1.486
14833,2.444,1.486
14834,2.419,1.486
14835,2.419,1.486
14836,2.370,1.486
14837,2.351,1.486
14838,2.375,1.481
14839,2.488,1.486
14840,2.620,1.481
14841,2.688,1.486
14842,2.688,1.486
14843,2.639,1.486
14844,2.571,1.486
14845,2.507,1.481
14846,2.473,1.486
14847,2.478,1.486
14848,2.488,1.486
14849,2.483,1.486
14850,2.463,1.486
14851,2.434,1.486
14852,2.410,1.481
14853,2.410,1.486
14854,2.361,1.481
14855,2.346,1.486
14856,2.410,1.486
14857,2.556,1.481
14858,2.674,1.486
14859,2.722,1.481
14860,2.698,1.486
14861,2.654,1.481
14862,2.581,1.486
14863,2.522,1.486
14864,2.488,1.486
14865,2.473,1.486
14866,2.473,1.481
14867,2.463,1.486
14868,2.449,1.481
14869,2.439,1.486
14870,2.439,1.481
14871,2.439,1.481
14872,2.370,1.486
14873,2.336,1.481
14874,2.400,1.486
14875,2.551,1.481
14876,2.693,1.486
14877,2.757,1.486
14878,2.747,1.486
14879,2.698,1.486
14880,2.600,1.481
14881,2.537,1.486
14882,2.522,1.486
14883,2.522,1.486
14884,2.532,1.486
14885,2.532,1.486
14886,2.507,1.486
14887,2.502,1.486
14888,2.473,1.486
14889,2.414,1.486
14890,2.336,1.486
14891,2.322,1.486
14892,2.375,1.486
14893,2.502,1.486
14894,2.634,1.486
14895,2.693,1.486
14896,2.664,1.486
14897,2.551,1.486
14898,2.478,1.486
14899,2.434,1.486
14900,2.429,1.486
14901,2.454,1.486
14902,2.473,1.486
14903,2.468,1.486
14904,2.463,1.486
14905,2.444,1.486
14906,2.429,1.486
14907,2.356,1.486
14908,2.302,1.486
14909,2.273,1.486
14910,2.287,1.486
14911,2.395,1.486
14912,2.551,1.486
14913,2.669,1.486
14914,2.708,1.486
14915,2.639,1.486
14916,2.546,1.486
14917,2.488,1.486
14918,2.473,1.486
14919,2.488,1.486
14920,2.502,1.486
14921,2.488,1.486
14922,2.468,1.486
14923,2.444,1.486
14924,2.414,1.491
14925,2.380,1.486
14926,2.366,1.486
14927,2.351,1.486
14928,2.346,1.486
14929,2.356,1.486
14930,2.429,1.486
14931,2.576,1.486
14932,2.708,1.486
14933,2.527,1.486
14934,2.488,1.486
14935,2.493,1.486
14936,2.512,1.486
14937,2.512,1.486
14938,2.498,1.486
14939,2.478,1.486
14940,2.449,1.486
14941,2.424,1.486
14942,2.405,1.491
14943,2.390,1.486
14944,2.370,1.491
14945,2.351,1.486
14946,2.361,1.491
14947,2.468,1.486
14948,2.605,1.491
14949,2.708,1.486
14950,2.727,1.491
14951,2.683,1.491
14952,2.620,1.486
14953,2.551,1.491
14954,2.517,1.486
14955,2.502,1.491
14956,2.517,1.486
14957,2.517,1.491
14958,2.502,1.486
14959,2.478,1.491
14960,2.458,1.491
14961,2.439,1.486
14962,2.400,1.491
14963,2.322,1.491
14964,2.258,1.491
14965,2.219,1.486
14966,2.214,1.491
14967,2.283,1.486
14968,2.439,1.491
14969,2.615,1.486
14970,2.742,1.491
14971,2.737,1.491
14972,2.654,1.491
14973,2.571,1.491
14974,2.488,1.491
14975,2.454,1.491
14976,2.444,1.491
14977,2.463,1.491
14978,2.483,1.491
14979,2.473,1.491
14980,2.444,1.491
14981,2.400,1.491
14982,2.370,1.491
14983,2.346,1.491
14984,2.336,1.496
14985,2.346,1.491
14986,2.351,1.496
14987,2.346,1.491
14988,2.370,1.496
14989,2.478,1.491
14990,2.620,1.496
14991,2.717,1.496
14992,2.708,1.491
14993,2.664,1.496
14994,2.600,1.491
14995,2.542,1.496
14996,2.493,1.496
14997,2.468,1.496
14998,2.463,1.491
14999,2.458,1.496
15000,2.454,1.496
15001,2.424,1.496
15002,2.405,1.496
15003,2.390,1.496
15004,2.370,1.496
15005,2.351,1.496
15006,2.326,1.496
15007,2.322,1.496
15008,2.336,1.496
15009,2.434,1.496
15010,2.600,1.496
15011,2.727,1.496
15012,2.737,1.496
15013,2.674,1.500
15014,2.586,1.496
15015,2.527,1.496
15016,2.493,1.496
15017,2.488,1.496
15018,2.512,1.500
15019,2.522,1.496
15020,2.517,1.500
15021,2.498,1.496
15022,2.478,1.500
15023,2.463,1.496
15024,2.463,1.500
15025,2.449,1.496
15026,2.410,1.500
15027,2.370,1.500
15028,2.366,1.496
15029,2.439,1.500
15030,2.620,1.496
15031,2.776,1.500
15032,2.815,1.496
15033,2.761,1.500
15034,2.678,1.496
15035,2.581,1.500
15036,2.512,1.500
15037,2.488,1.500
15038,2.522,1.500
15039,2.551,1.496
15040,2.576,1.500
15041,2.556,1.500
15042,2.542,1.500
15043,2.522,1.500
15044,2.498,1.500
15045,2.458,1.500
15046,2.414,1.500
15047,2.375,1.500
15048,2.410,1.500
15049,2.566,1.500
15050,2.771,1.500
15051,2.908,1.500
15052,2.913,1.500
15053,2.854,1.500
15054,2.757,1.500
15055,2.664,1.500
15056,2.590,1.505
15057,2.576,1.500
15058,2.605,1.505
15059,2.620,1.505
15060,2.605,1.510
15061,2.576,1.510
15062,2.551,1.510
15063,2.532,1.510
15064,2.517,1.510
15065,2.478,1.515
15066,2.434,1.510
15067,2.468,1.515
15068,2.644,1.510
15069,2.849,1.510
15070,2.977,1.510
15071,2.977,1.510
15072,2.889,1.510
15073,2.781,1.505
15074,2.683,1.505
15075,2.605,1.505
15076,2.576,1.505
15077,2.586,1.505
15078,2.595,1.505
15079,2.586,1.505
15080,2.537,1.505
15081,2.517,1.505
15082,2.498,1.505
15083,2.468,1.505
15084,2.434,1.505
15085,2.419,1.505
15086,2.439,1.505
15087,2.590,1.505
15088,2.796,1.510
15089,2.957,1.505
15090,2.889,1.505
15091,2.791,1.505
15092,2.688,1.505
15093,2.605,1.505
15094,2.556,1.505
15095,2.546,1.510
15096,2.551,1.505
15097,2.551,1.510
15098,2.537,1.505
15099,2.502,1.505
15100,2.473,1.505
15101,2.429,1.510
15102,2.390,1.510
15103,2.361,1.505
15104,2.351,1.510
15105,2.454,1.505
15106,2.654,1.510
15107,2.845,1.505
15108,2.903,1.510
15109,2.859,1.510
15110,2.761,1.510
15111,2.659,1.510
15112,2.561,1.505
15113,2.517,1.510
15114,2.507,1.505
15115,2.517,1.510
15116,2.517,1.505
15117,2.488,1.510
15118,2.444,1.505
15119,2.410,1.505
15120,2.370,1.510
15121,2.326,1.505
15122,2.302,1.510
15123,2.278,1.505
15124,2.331,1.510
15125,2.517,1.505
15126,2.737,1.505
15127,2.835,1.510
15128,2.815,1.505
15129,2.727,1.510
15130,2.620,1.505
15131,2.527,1.505
15132,2.473,1.505
15133,2.454,1.510
15134,2.468,1.505
15135,2.473,1.505
15136,2.449,1.505
15137,2.410,1.505
15138,2.366,1.505
15139,2.331,1.505
15140,2.302,1.510
15141,2.273,1.505
15142,2.253,1.510
15143,2.248,1.505
15144,2.336,1.510
15145,2.522,1.505
15146,2.708,1.505
15147,2.781,1.510
15148,2.742,1.505
15149,2.644,1.505
15150,2.542,1.505
15151,2.463,1.510
15152,2.414,1.505
15153,2.400,1.510
15154,2.405,1.505
15155,2.400,1.505
15156,2.390,1.510
15157,2.366,1.505
15158,2.331,1.510
15159,2.292,1.505
15160,2.268,1.510
15161,2.243,1.505
15162,2.229,1.510
15163,2.224,1.505
15164,2.322,1.505
15165,2.507,1.510
15166,2.654,1.505
15167,2.698,1.510
15168,2.644,1.505
15169,2.571,1.505
15170,2.488,1.505
15171,2.424,1.505
15172,2.395,1.505
15173,2.405,1.505
15174,2.419,1.505
15175,2.419,1.505
15176,2.405,1.505
15177,2.370,1.505
15178,2.336,1.505
15179,2.302,1.505
15180,2.268,1.505
15181,2.243,1.505
15182,2.219,1.505
15183,2.214,1.510
15184,2.292,1.505
15185,2.483,1.510
15186,2.634,1.510
15187,2.693,1.510
15188,2.659,1.510
15189,2.586,1.510
15190,2.502,1.510
15191,2.439,1.510
15192,2.414,1.510
15193,2.405,1.510
15194,2.400,1.510
15195,2.375,1.510
15196,2.346,1.510
15197,2.317,1.510
15198,2.278,1.510
15199,2.248,1.510
15200,2.224,1.510
15201,2.204,1.510
15202,2.190,1.510
15203,2.195,1.510
15204,2.224,1.510
15205,2.356,1.510
15206,2.532,1.510
15207,2.634,1.510
15208,2.625,1.515
15209,2.556,1.510
15210,2.478,1.515
15211,2.410,1.510
15212,2.361,1.515
15213,2.351,1.510
15214,2.370,1.515
15215,2.356,1.515
15216,2.331,1.510
15217,2.312,1.515
15218,2.297,1.510
15219,2.287,1.515
15220,2.278,1.515
15221,2.263,1.515
15222,2.253,1.515
15223,2.258,1.515
15224,2.331,1.515
15225,2.502,1.515
15226,2.649,1.515
15227,2.708,1.515
15228,2.664,1.515
15229,2.581,1.515
15230,2.498,1.515
15231,2.429,1.515
15232,2.405,1.515
15233,2.414,1.515
15234,2.439,1.515
15235,2.458,1.515
15236,2.468,1.515
15237,2.454,1.515
15238,2.424,1.515
15239,2.395,1.515
15240,2.356,1.515
15241,2.312,1.515
15242,2.278,1.520
15243,2.273,1.515
15244,2.307,1.520
15245,2.424,1.515
15246,2.586,1.515
15247,2.678,1.515
15248,2.674,1.515
15249,2.605,1.520
15250,2.532,1.515
15251,2.468,1.520
15252,2.454,1.515
15253,2.454,1.520
15254,2.463,1.515
15255,2.468,1.520
15256,2.458,1.520
15257,2.419,1.515
15258,2.375,1.520
15259,2.336,1.515
15260,2.326,1.520
15261,2.307,1.515
15262,2.297,1.520
15263,2.292,1.520
15264,2.287,1.520
15265,2.395,1.520
15266,2.605,1.520
15267,2.742,1.520
15268,2.757,1.520
15269,2.698,1.520
15270,2.630,1.515
15271,2.566,1.520
15272,2.502,1.515
15273,2.488,1.520
15274,2.517,1.520
15275,2.551,1.515
15276,2.556,1.520
15277,2.532,1.515
15278,2.488,1.520
15279,2.439,1.515
15280,2.410,1.520
15281,2.390,1.515
15282,2.385,1.520
15283,2.375,1.520
15284,2.380,1.515
15285,2.478,1.520
15286,2.669,1.515
15287,2.830,1.520
15288,2.864,1.515
15289,2.801,1.515
15290,2.708,1.515
15291,2.615,1.515
15292,2.542,1.515
15293,2.512,1.515
15294,2.527,1.515
15295,2.561,1.515
15296,2.576,1.515
15297,2.566,1.515
15298,2.542,1.515
15299,2.507,1.515
15300,2.449,1.515
15301,2.390,1.515
15302,2.361,1.515
15303,2.331,1.515
15304,2.370,1.515
15305,2.517,1.515
15306,2.722,1.510
15307,2.845,1.515
15308,2.840,1.515
15309,2.771,1.515
15310,2.683,1.515
15311,2.625,1.515
15312,2.566,1.515
15313,2.542,1.510
15314,2.556,1.515
15315,2.561,1.510
15316,2.556,1.515
15317,2.546,1.515
15318,2.527,1.510
15319,2.478,1.515
15320,2.429,1.515
15321,2.385,1.515
15322,2.375,1.510
15323,2.385,1.515
15324,2.498,1.510
15325,2.688,1.515
15326,2.845,1.510
15327,2.908,1.515
15328,2.889,1.510
15329,2.825,1.510
15330,2.757,1.515
15331,2.664,1.510
15332,2.600,1.515
15333,2.590,1.510
15334,2.615,1.515
15335,2.620,1.510
15336,2.605,1.510
15337,2.576,1.510
15338,2.522,1.510
15339,2.473,1.510
15340,2.439,1.510
15341,2.419,1.510
15342,2.434,1.515
15343,2.542,1.510
15344,2.757,1.510
15345,2.947,1.515
15346,3.011,1.510
15347,2.962,1.515
15348,2.869,1.510
15349,2.786,1.515
15350,2.717,1.515
15351,2.674,1.515
15352,2.659,1.510
15353,2.659,1.510
15354,2.649,1.515
15355,2.610,1.510
15356,2.571,1.510
15357,2.522,1.510
15358,2.478,1.510
15359,2.449,1.510
15360,2.390,1.510
15361,2.351,1.510
15362,2.375,1.510
15363,2.546,1.510
15364,2.786,1.505
15365,2.947,1.510
15366,2.972,1.510
15367,2.908,1.505
15368,2.815,1.505
15369,2.727,1.505
15370,2.639,1.505
15371,2.566,1.505
15372,2.537,1.505
15373,2.542,1.505
15374,2.532,1.505
15375,2.512,1.505
15376,2.468,1.505
15377,2.424,1.505
15378,2.380,1.505
15379,2.346,1.505
15380,2.312,1.505
15381,2.287,1.510
15382,2.336,1.505
15383,2.527,1.510
15384,2.766,1.505
15385,2.918,1.505
15386,2.937,1.510
15387,2.864,1.510
15388,2.761,1.510
15389,2.659,1.510
15390,2.566,1.510
15391,2.522,1.505
15392,2.522,1.510
15393,2.527,1.505
15394,2.512,1.505
15395,2.488,1.510
15396,2.439,1.505
15397,2.385,1.510
15398,2.346,1.505
15399,2.307,1.510
15400,2.278,1.505
15401,2.263,1.510
15402,2.302,1.505
15403,2.488,1.510
15404,2.732,1.505
15405,2.889,1.505
15406,2.893,1.505
15407,2.796,1.505
15408,2.683,1.510
15409,2.571,1.505
15410,2.488,1.510
15411,2.458,1.505
15412,2.468,1.505
15413,2.483,1.505
15414,2.478,1.505
15415,2.449,1.510
15416,2.400,1.505
15417,2.356,1.510
15418,2.322,1.505
15419,2.302,1.510
15420,2.278,1.505
15421,2.258,1.505
15422,2.263,1.510
15423,2.385,1.505
15424,2.620,1.510
15425,2.805,1.505
15426,2.864,1.510
15427,2.796,1.505
15428,2.664,1.510
15429,2.551,1.505
15430,2.463,1.510
15431,2.434,1.505
15432,2.449,1.505
15433,2.468,1.510
15434,2.468,1.505
15435,2.439,1.505
15436,2.400,1.505
15437,2.351,1.505
15438,2.312,1.505
15439,2.273,1.505
15440,2.248,1.505
15441,2.229,1.505
15442,2.224,1.505
15443,2.204,1.505
15444,2.209,1.505
15445,2.322,1.505
15446,2.551,1.505
15447,2.761,1.505
15448,2.835,1.505
15449,2.781,1.505
15450,2.674,1.505
15451,2.556,1.505
15452,2.463,1.500
15453,2.410,1.505
15454,2.414,1.500
15455,2.439,1.505
15456,2.449,1.500
15457,2.429,1.500
15458,2.400,1.500
15459,2.361,1.500
15460,2.326,1.500
15461,2.292,1.500
15462,2.263,1.500
15463,2.234,1.500
15464,2.214,1.500
15465,2.234,1.500
15466,2.542,1.496
15467,2.732,1.500
15468,2.796,1.496
15469,2.742,1.500
15470,2.639,1.496
15471,2.532,1.496
15472,2.439,1.496
15473,2.390,1.496
15474,2.395,1.496
15475,2.410,1.496
15476,2.434,1.496
15477,2.419,1.496
15478,2.385,1.496
15479,2.346,1.496
15480,2.312,1.496
15481,2.273,1.496
15482,2.243,1.496
15483,2.234,1.496
15484,2.224,1.496
15485,2.219,1.496
15486,2.209,1.496
15487,2.229,1.496
15488,2.370,1.491
15489,2.590,1.496
15490,2.757,1.496
15491,2.781,1.496
15492,2.708,1.496
15493,2.590,1.496
15494,2.493,1.496
15495,2.429,1.491
15496,2.410,1.496
15497,2.434,1.496
15498,2.463,1.496
15499,2.458,1.496
15500,2.434,1.496
15501,2.405,1.496
15502,2.356,1.491
15503,2.312,1.496
15504,2.287,1.491
15505,2.273,1.496
15506,2.248,1.491
15507,2.248,1.496
15508,2.322,1.496
15509,2.542,1.496
15510,2.713,1.491
15511,2.771,1.491
15512,2.717,1.491
15513,2.610,1.491
15514,2.498,1.496
15515,2.419,1.491
15516,2.385,1.496
15517,2.400,1.491
15518,2.419,1.496
15519,2.434,1.491
15520,2.419,1.491
15521,2.390,1.491
15522,2.361,1.491
15523,2.326,1.496
15524,2.297,1.491
15525,2.283,1.496
15526,2.268,1.491
15527,2.248,1.491
15528,2.283,1.491
15529,2.434,1.491
15530,2.649,1.491
15531,2.761,1.491
15532,2.771,1.496
15533,2.683,1.491
15534,2.576,1.491
15535,2.478,1.491
15536,2.424,1.491
15537,2.419,1.491
15538,2.444,1.496
15539,2.473,1.496
15540,2.468,1.491
15541,2.444,1.496
15542,2.410,1.491
15543,2.375,1.496
15544,2.346,1.491
15545,2.326,1.496
15546,2.317,1.491
15547,2.297,1.496
15548,2.302,1.491
15549,2.410,1.491
15550,2.600,1.496
15551,2.742,1.491
15552,2.781,1.496
15553,2.722,1.496
15554,2.625,1.496
15555,2.532,1.496
15556,2.463,1.496
15557,2.434,1.496
15558,2.454,1.496
15559,2.483,1.496
15560,2.502,1.496
15561,2.483,1.496
15562,2.449,1.496
15563,2.410,1.496
15564,2.380,1.496
15565,2.356,1.496
15566,2.331,1.496
15567,2.317,1.496
15568,2.322,1.496
15569,2.434,1.496
15570,2.634,1.496
15571,2.791,1.496
15572,2.825,1.496
15573,2.766,1.496
15574,2.664,1.496
15575,2.566,1.496
15576,2.507,1.496
15577,2.493,1.496
15578,2.502,1.496
15579,2.522,1.496
15580,2.537,1.496
15581,2.512,1.496
15582,2.478,1.496
15583,2.439,1.496
15584,2.410,1.496
15585,2.385,1.496
15586,2.356,1.500
15587,2.336,1.496
15588,2.336,1.500
15589,2.424,1.496
15590,2.600,1.500
15591,2.766,1.500
15592,2.830,1.500
15593,2.747,1.500
15594,2.644,1.500
15595,2.561,1.500
15596,2.517,1.500
15597,2.522,1.500
15598,2.556,1.500
15599,2.581,1.500
15600,2.571,1.500
15601,2.537,1.500
15602,2.488,1.500
15603,2.434,1.500
15604,2.400,1.500
15605,2.375,1.500
15606,2.366,1.500
15607,2.366,1.500
15608,2.414,1.500
15609,2.571,1.500
15610,2.757,1.500
15611,2.864,1.500
15612,2.864,1.500
15613,2.781,1.500
15614,2.693,1.500
15615,2.615,1.500
15616,2.571,1.500
15617,2.571,1.500
15618,2.595,1.505
15619,2.605,1.500
15620,2.576,1.500
15621,2.537,1.500
15622,2.502,1.500
15623,2.473,1.505
15624,2.424,1.500
15625,2.375,1.505
15626,2.326,1.500
15627,2.317,1.505
15628,2.419,1.500
15629,2.620,1.505
15630,2.786,1.505
15631,2.825,1.500
15632,2.766,1.505
15633,2.659,1.500
15634,2.556,1.505
15635,2.488,1.500
15636,2.473,1.505
15637,2.473,1.505
15638,2.512,1.505
15639,2.532,1.505
15640,2.522,1.505
15641,2.493,1.505
15642,2.458,1.505
15643,2.419,1.505
15644,2.380,1.500
15645,2.356,1.505
15646,2.351,1.505
15647,2.405,1.505
15648,2.581,1.500
15649,2.776,1.500
15650,2.874,1.505
15651,2.849,1.500
15652,2.757,1.505
15653,2.654,1.500
15654,2.561,1.505
15655,2.517,1.505
15656,2.512,1.505
15657,2.546,1.505
15658,2.561,1.505
15659,2.556,1.505
15660,2.512,1.505
15661,2.454,1.505
15662,2.400,1.505
15663,2.361,1.505
15664,2.331,1.505
15665,2.317,1.505
15666,2.312,1.505
15667,2.410,1.505
15668,2.610,1.505
15669,2.781,1.505
15670,2.840,1.505
15671,2.771,1.505
15672,2.669,1.505
15673,2.586,1.505
15674,2.507,1.505
15675,2.473,1.505
15676,2.488,1.505
15677,2.517,1.505
15678,2.522,1.505
15679,2.498,1.505
15680,2.458,1.505
15681,2.419,1.510
15682,2.380,1.505
15683,2.356,1.505
15684,2.322,1.510
15685,2.302,1.505
15686,2.356,1.510
15687,2.542,1.505
15688,2.742,1.510
15689,2.845,1.510
15690,2.825,1.510
15691,2.742,1.510
15692,2.654,1.510
15693,2.566,1.510
15694,2.517,1.510
15695,2.493,1.510
15696,2.512,1.510
15697,2.517,1.510
15698,2.498,1.510
15699,2.463,1.510
15700,2.429,1.510
15701,2.390,1.510
15702,2.356,1.510
15703,2.317,1.510
15704,2.297,1.510
15705,2.312,1.510
15706,2.449,1.515
15707,2.669,1.510
15708,2.835,1.510
15709,2.869,1.510
15710,2.801,1.515
15711,2.717,1.510
15712,2.630,1.515
15713,2.556,1.515
15714,2.507,1.510
15715,2.517,1.515
15716,2.532,1.510
15717,2.522,1.515
15718,2.488,1.515
15719,2.429,1.515
15720,2.375,1.515
15721,2.341,1.515
15722,2.312,1.515
15723,2.292,1.515
15724,2.292,1.515
15725,2.395,1.515
15726,2.620,1.515
15727,2.801,1.515
15728,2.859,1.515
15729,2.820,1.515
15730,2.737,1.515
15731,2.639,1.515
15732,2.556,1.515
15733,2.507,1.515
15734,2.493,1.515
15735,2.512,1.515
15736,2.517,1.515
15737,2.493,1.515
15738,2.454,1.515
15739,2.400,1.515
15740,2.361,1.515
15741,2.322,1.515
15742,2.297,1.515
15743,2.283,1.520
15744,2.273,1.520
15745,2.263,1.520
15746,2.317,1.520
15747,2.483,1.520
15748,2.713,1.520
15749,2.840,1.520
15750,2.840,1.520
15751,2.757,1.520
15752,2.659,1.520
15753,2.571,1.520
15754,2.507,1.520
15755,2.483,1.520
15756,2.493,1.520
15757,2.507,1.520
15758,2.493,1.520
15759,2.449,1.520
15760,2.405,1.520
15761,2.361,1.520
15762,2.326,1.520
15763,2.297,1.520
15764,2.278,1.520
15765,2.253,1.520
15766,2.263,1.520
15767,2.400,1.520
15768,2.625,1.520
15769,2.781,1.520
15770,2.810,1.520
15771,2.742,1.520
15772,2.649,1.520
15773,2.561,1.520
15774,2.493,1.525
15775,2.454,1.520
15776,2.458,1.525
15777,2.468,1.520
15778,2.458,1.525
15779,2.424,1.520
15780,2.375,1.525
15781,2.336,1.520
15782,2.307,1.520
15783,2.287,1.525
15784,2.273,1.520
15785,2.248,1.525
15786,2.239,1.520
15787,2.317,1.525
15788,2.522,1.525
15789,2.727,1.525
15790,2.820,1.525
15791,2.796,1.525
15792,2.698,1.525
15793,2.590,1.520
15794,2.488,1.525
15795,2.434,1.525
15796,2.419,1.525
15797,2.434,1.525
15798,2.444,1.525
15799,2.419,1.525
15800,2.390,1.525
15801,2.351,1.525
15802,2.317,1.525
15803,2.297,1.525
15804,2.273,1.525
15805,2.248,1.525
15806,2.234,1.525
15807,2.243,1.525
15808,2.375,1.525
15809,2.590,1.525
15810,2.752,1.525
15811,2.805,1.525
15812,2.737,1.525
15813,2.630,1.525
15814,2.522,1.525
15815,2.449,1.525
15816,2.414,1.525
15817,2.429,1.525
15818,2.454,1.525
15819,2.458,1.525
15820,2.429,1.525
15821,2.405,1.525
15822,2.366,1.525
15823,2.336,1.525
15824,2.307,1.525
15825,2.273,1.525
15826,2.239,1.525
15827,2.224,1.525
15828,2.258,1.525
15829,2.424,1.525
15830,2.639,1.525
15831,2.771,1.525
15832,2.757,1.530
15833,2.669,1.525
15834,2.571,1.530
15835,2.483,1.525
15836,2.429,1.530
15837,2.429,1.525
15838,2.454,1.530
15839,2.463,1.530
15840,2.449,1.525
15841,2.424,1.530
15842,2.380,1.525
15843,2.341,1.530
15844,2.312,1.530
15845,2.278,1.530
15846,2.258,1.530
15847,2.248,1.525
15848,2.331,1.530
15849,2.522,1.530
15850,2.708,1.530
15851,2.776,1.530
15852,2.732,1.530
15853,2.644,1.530
15854,2.546,1.525
15855,2.468,1.530
15856,2.439,1.530
15857,2.439,1.530
15858,2.454,1.530
15859,2.463,1.530
15860,2.439,1.530
15861,2.410,1.530
15862,2.375,1.530
15863,2.341,1.530
15864,2.317,1.530
15865,2.287,1.530
15866,2.268,1.530
15867,2.258,1.530
15868,2.351,1.530
15869,2.551,1.530
15870,2.727,1.530
15871,2.781,1.530
15872,2.742,1.530
15873,2.639,1.530
15874,2.537,1.530
15875,2.463,1.530
15876,2.439,1.530
15877,2.444,1.530
15878,2.463,1.530
15879,2.468,1.530
15880,2.463,1.535
15881,2.434,1.530
15882,2.405,1.535
15883,2.366,1.530
15884,2.336,1.530
15885,2.317,1.535
15886,2.302,1.535
15887,2.307,1.535
15888,2.429,1.535
15889,2.615,1.535
15890,2.747,1.535
15891,2.771,1.535
15892,2.703,1.535
15893,2.610,1.535
15894,2.522,1.535
15895,2.468,1.535
15896,2.449,1.535
15897,2.463,1.535
15898,2.483,1.535
15899,2.478,1.535
15900,2.463,1.535
15901,2.434,1.535
15902,2.395,1.535
15903,2.361,1.535
15904,2.326,1.535
15905,2.317,1.535
15906,2.307,1.535
15907,2.361,1.535
15908,2.527,1.535
15909,2.693,1.535
15910,2.776,1.535
15911,2.752,1.535
15912,2.688,1.535
15913,2.605,1.535
15914,2.537,1.535
15915,2.493,1.535
15916,2.498,1.535
15917,2.522,1.535
15918,2.517,1.535
15919,2.493,1.535
15920,2.468,1.535
15921,2.434,1.535
15922,2.405,1.535
15923,2.366,1.535
15924,2.346,1.535
15925,2.326,1.535
15926,2.370,1.535
15927,2.527,1.535
15928,2.698,1.535
15929,2.781,1.535
15930,2.771,1.535
15931,2.708,1.535
15932,2.625,1.540
15933,2.556,1.535
15934,2.507,1.540
15935,2.498,1.535
15936,2.512,1.540
15937,2.522,1.535
15938,2.507,1.540
15939,2.483,1.540
15940,2.439,1.540
15941,2.405,1.540
15942,2.370,1.540
15943,2.346,1.540
15944,2.336,1.535
15945,2.405,1.540
15946,2.576,1.535
15947,2.742,1.540
15948,2.801,1.540
15949,2.766,1.540
15950,2.688,1.540
15951,2.610,1.540
15952,2.546,1.540
15953,2.512,1.540
15954,2.512,1.540
15955,2.522,1.540
15956,2.522,1.540
15957,2.502,1.540
15958,2.468,1.540
15959,2.429,1.540
15960,2.400,1.540
15961,2.370,1.540
15962,2.346,1.540
15963,2.351,1.540
15964,2.439,1.540
15965,2.605,1.540
15966,2.757,1.540
15967,2.810,1.540
15968,2.776,1.540
15969,2.678,1.540
15970,2.600,1.540
15971,2.546,1.540
15972,2.527,1.544
15973,2.522,1.540
15974,2.512,1.540
15975,2.498,1.540
15976,2.468,1.540
15977,2.439,1.544
15978,2.395,1.540
15979,2.366,1.544
15980,2.346,1.540
15981,2.322,1.544
15982,2.346,1.540
15983,2.488,1.540
15984,2.683,1.540
15985,2.796,1.540
15986,2.801,1.544
15987,2.761,1.540
15988,2.698,1.544
15989,2.615,1.540
15990,2.556,1.544
15991,2.517,1.544
15992,2.517,1.540
15993,2.522,1.544
15994,2.522,1.544
15995,2.483,1.544
15996,2.439,1.544
15997,2.400,1.544
15998,2.366,1.544
15999,2.351,1.544
16000,2.331,1.544
16001,2.312,1.544
16002,2.307,1.544
16003,2.356,1.544
16004,2.522,1.544
16005,2.708,1.544
16006,2.805,1.544
16007,2.810,1.544
16008,2.757,1.544
16009,2.688,1.544
16010,2.620,1.544
16011,2.566,1.544
16012,2.532,1.544
16013,2.527,1.544
16014,2.522,1.544
16015,2.502,1.544
16016,2.468,1.544
16017,2.429,1.544
16018,2.385,1.544
16019,2.351,1.544
16020,2.317,1.544
16021,2.302,1.544
16022,2.292,1.544
16023,2.287,1.544
16024,2.307,1.544
16025,2.419,1.544
16026,2.610,1.544
16027,2.747,1.544
16028,2.781,1.544
16029,2.732,1.544
16030,2.669,1.544
16031,2.590,1.544
16032,2.527,1.544
16033,2.488,1.549
16034,2.488,1.544
16035,2.488,1.549
16036,2.473,1.544
16037,2.444,1.544
16038,2.410,1.544
16039,2.380,1.544
16040,2.341,1.549
16041,2.312,1.544
16042,2.292,1.549
16043,2.278,1.544
16044,2.258,1.544
16045,2.258,1.544
16046,2.268,1.544
16047,2.356,1.549
16048,2.556,1.544
16049,2.708,1.549
16050,2.761,1.544
16051,2.727,1.549
16052,2.644,1.544
16053,2.561,1.549
16054,2.502,1.549
16055,2.473,1.549
16056,2.473,1.549
16057,2.483,1.544
16058,2.478,1.549
16059,2.468,1.544
16060,2.424,1.549
16061,2.390,1.549
16062,2.351,1.549
16063,2.326,1.549
16064,2.297,1.544
16065,2.287,1.549
16066,2.268,1.549
16067,2.258,1.549
16068,2.268,1.549
16069,2.361,1.549
16070,2.542,1.549
16071,2.703,1.544
16072,2.766,1.549
16073,2.742,1.544
16074,2.659,1.549
16075,2.576,1.544
16076,2.502,1.549
16077,2.463,1.549
16078,2.468,1.549
16079,2.483,1.549
16080,2.483,1.549
16081,2.454,1.549
16082,2.419,1.544
16083,2.375,1.549
16084,2.336,1.544
16085,2.302,1.549
16086,2.287,1.549
16087,2.283,1.544
16088,2.273,1.549
16089,2.268,1.544
16090,2.278,1.549
16091,2.395,1.544
16092,2.590,1.544
16093,2.737,1.544
16094,2.776,1.544
16095,2.693,1.549
16096,2.600,1.544
16097,2.522,1.549
16098,2.473,1.544
16099,2.468,1.544
16100,2.478,1.544
16101,2.488,1.544
16102,2.468,1.544
16103,2.444,1.544
16104,2.410,1.544
16105,2.370,1.544
16106,2.341,1.544
16107,2.312,1.544
16108,2.292,1.544
16109,2.273,1.544
16110,2.287,1.544
16111,2.395,1.544
16112,2.576,1.544
16113,2.727,1.544
16114,2.771,1.544
16115,2.727,1.544
16116,2.644,1.544
16117,2.566,1.544
16118,2.502,1.544
16119,2.473,1.544
16120,2.468,1.544
16121,2.478,1.544
16122,2.473,1.544
16123,2.458,1.544
16124,2.439,1.544
16125,2.400,1.544
16126,2.366,1.544
16127,2.341,1.544
16128,2.317,1.544
16129,2.297,1.544
16130,2.287,1.544
16131,2.312,1.544
16132,2.444,1.544
16133,2.634,1.544
16134,2.761,1.544
16135,2.776,1.544
16136,2.713,1.544
16137,2.630,1.544
16138,2.537,1.544
16139,2.473,1.544
16140,2.463,1.544
16141,2.478,1.544
16142,2.493,1.544
16143,2.493,1.544
16144,2.463,1.544
16145,2.429,1.544
16146,2.390,1.544
16147,2.361,1.544
16148,2.336,1.544
16149,2.322,1.544
16150,2.307,1.544
16151,2.292,1.544
16152,2.356,1.549
16153,2.522,1.544
16154,2.678,1.549
16155,2.766,1.544
16156,2.742,1.549
16157,2.659,1.544
16158,2.571,1.544
16159,2.502,1.549
16160,2.458,1.544
16161,2.454,1.549
16162,2.483,1.544
16163,2.493,1.549
16164,2.473,1.549
16165,2.444,1.549
16166,2.410,1.549
16167,2.375,1.549
16168,2.356,1.549
16169,2.331,1.544
16170,2.312,1.549
16171,2.307,1.544
16172,2.361,1.549
16173,2.502,1.549
16174,2.674,1.549
16175,2.766,1.549
16176,2.761,1.549
16177,2.693,1.549
16178,2.610,1.549
16179,2.532,1.549
16180,2.483,1.549
16181,2.473,1.549
16182,2.483,1.549
16183,2.493,1.549
16184,2.483,1.549
16185,2.458,1.549
16186,2.424,1.549
16187,2.395,1.549
16188,2.361,1.549
16189,2.336,1.549
16190,2.326,1.549
16191,2.331,1.549
16192,2.424,1.549
16193,2.605,1.549
16194,2.742,1.549
16195,2.781,1.549
16196,2.737,1.549
16197,2.659,1.549
16198,2.576,1.549
16199,2.512,1.549
16200,2.488,1.549
16201,2.493,1.549
16202,2.512,1.549
16203,2.512,1.549
16204,2.488,1.549
16205,2.454,1.549
16206,2.424,1.549
16207,2.395,1.549
16208,2.366,1.549
16209,2.346,1.549
16210,2.346,1.549
16211,2.429,1.549
16212,2.600,1.549
16213,2.752,1.549
16214,2.796,1.549
16215,2.757,1.554
16216,2.683,1.549
16217,2.600,1.554
16218,2.542,1.549
16219,2.507,1.549
16220,2.512,1.554
16221,2.517,1.554
16222,2.507,1.549
16223,2.483,1.554
16224,2.454,1.554
16225,2.424,1.549
16226,2.400,1.554
16227,2.375,1.554
16228,2.346,1.554
16229,2.346,1.554
16230,2.439,1.554
16231,2.610,1.554
16232,2.761,1.554
16233,2.815,1.554
16234,2.781,1.554
16235,2.717,1.554
16236,2.639,1.554
16237,2.576,1.554
16238,2.537,1.554
16239,2.522,1.554
16240,2.532,1.554
16241,2.532,1.554
16242,2.507,1.554
16243,2.478,1.554
16244,2.439,1.554
16245,2.410,1.554
16246,2.385,1.554
16247,2.361,1.554
16248,2.346,1.554
16249,2.405,1.554
16250,2.581,1.554
16251,2.752,1.554
16252,2.835,1.554
16253,2.820,1.554
16254,2.752,1.554
16255,2.669,1.554
16256,2.595,1.554
16257,2.551,1.554
16258,2.527,1.554
16259,2.537,1.554
16260,2.532,1.559
16261,2.507,1.554
16262,2.473,1.554
16263,2.434,1.554
16264,2.400,1.559
16265,2.375,1.554
16266,2.351,1.559
16267,2.331,1.554
16268,2.351,1.559
16269,2.478,1.559
16270,2.659,1.554
16271,2.786,1.559
16272,2.801,1.554
16273,2.747,1.559
16274,2.669,1.554
16275,2.586,1.559
16276,2.522,1.559
16277,2.502,1.554
16278,2.507,1.559
16279,2.512,1.554
16280,2.488,1.559
16281,2.468,1.554
16282,2.429,1.559
16283,2.400,1.559
16284,2.370,1.559
16285,2.336,1.559
16286,2.317,1.559
16287,2.297,1.559
16288,2.326,1.559
16289,2.458,1.559
16290,2.708,1.559
16291,2.776,1.559
16292,2.752,1.559
16293,2.683,1.559
16294,2.615,1.559
16295,2.532,1.559
16296,2.478,1.559
16297,2.468,1.559
16298,2.478,1.559
16299,2.483,1.559
16300,2.473,1.559
16301,2.439,1.559
16302,2.414,1.559
16303,2.380,1.559
16304,2.336,1.559
16305,2.307,1.559
16306,2.287,1.559
16307,2.292,1.559
16308,2.400,1.559
16309,2.576,1.559
16310,2.713,1.559
16311,2.752,1.559
16312,2.703,1.559
16313,2.610,1.559
16314,2.527,1.559
16315,2.463,1.564
16316,2.444,1.559
16317,2.449,1.564
16318,2.458,1.559
16319,2.449,1.564
16320,2.429,1.559
16321,2.395,1.564
16322,2.361,1.564
16323,2.336,1.559
16324,2.307,1.564
16325,2.278,1.559
16326,2.283,1.564
16327,2.346,1.559
16328,2.512,1.564
16329,2.664,1.564
16330,2.722,1.564
16331,2.688,1.564
16332,2.620,1.564
16333,2.542,1.564
16334,2.468,1.564
16335,2.434,1.564
16336,2.434,1.564
16337,2.444,1.564
16338,2.449,1.564
16339,2.444,1.564
16340,2.419,1.564
16341,2.395,1.564
16342,2.375,1.564
16343,2.351,1.564
16344,2.322,1.564
16345,2.322,1.564
16346,2.429,1.564
16347,2.605,1.564
16348,2.727,1.564
16349,2.752,1.564
16350,2.708,1.564
16351,2.634,1.564
16352,2.551,1.564
16353,2.488,1.564
16354,2.468,1.564
16355,2.468,1.564
16356,2.483,1.564
16357,2.468,1.564
16358,2.444,1.564
16359,2.405,1.564
16360,2.375,1.564
16361,2.341,1.564
16362,2.312,1.569
16363,2.302,1.564
16364,2.287,1.564
16365,2.331,1.564
16366,2.473,1.564
16367,2.644,1.564
16368,2.747,1.564
16369,2.752,1.569
16370,2.708,1.564
16371,2.630,1.569
16372,2.561,1.564
16373,2.507,1.569
16374,2.478,1.564
16375,2.468,1.564
16376,2.463,1.564
16377,2.449,1.564
16378,2.410,1.569
16379,2.375,1.564
16380,2.336,1.569
16381,2.307,1.564
16382,2.287,1.569
16383,2.268,1.564
16384,2.263,1.564
16385,2.331,1.569
16386,2.507,1.564
16387,2.674,1.569
16388,2.757,1.564
16389,2.737,1.569
16390,2.654,1.569
16391,2.571,1.569
16392,2.483,1.569
16393,2.449,1.569
16394,2.449,1.569
16395,2.473,1.564
16396,2.468,1.569
16397,2.444,1.569
16398,2.405,1.569
16399,2.370,1.569
16400,2.341,1.569
16401,2.322,1.569
16402,2.302,1.569
16403,2.283,1.569
16404,2.273,1.569
16405,2.366,1.569
16406,2.542,1.569
16407,2.713,1.569
16408,2.776,1.569
16409,2.742,1.569
16410,2.659,1.569
16411,2.566,1.569
16412,2.483,1.569
16413,2.439,1.569
16414,2.449,1.569
16415,2.473,1.569
16416,2.478,1.569
16417,2.463,1.569
16418,2.429,1.569
16419,2.380,1.569
16420,2.346,1.569
16421,2.326,1.569
16422,2.307,1.569
16423,2.297,1.569
16424,2.307,1.569
16425,2.429,1.569
16426,2.586,1.569
16427,2.693,1.569
16428,2.703,1.569
16429,2.649,1.569
16430,2.586,1.569
16431,2.522,1.569
16432,2.463,1.569
16433,2.444,1.569
16434,2.449,1.569
16435,2.468,1.569
16436,2.473,1.569
16437,2.458,1.569
16438,2.429,1.569
16439,2.395,1.569
16440,2.361,1.569
16441,2.331,1.569
16442,2.302,1.569
16443,2.292,1.569
16444,2.370,1.569
16445,2.551,1.569
16446,2.722,1.569
16447,2.796,1.569
16448,2.781,1.569
16449,2.722,1.569
16450,2.634,1.569
16451,2.542,1.569
16452,2.498,1.569
16453,2.498,1.569
16454,2.512,1.569
16455,2.522,1.569
16456,2.507,1.569
16457,2.483,1.569
16458,2.454,1.569
16459,2.419,1.569
16460,2.385,1.569
16461,2.361,1.569
16462,2.336,1.569
16463,2.375,1.569
16464,2.527,1.569
16465,2.713,1.569
16466,2.835,1.569
16467,2.845,1.569
16468,2.791,1.574
16469,2.713,1.574
16470,2.625,1.574
16471,2.542,1.574
16472,2.502,1.574
16473,2.488,1.574
16474,2.488,1.574
16475,2.498,1.574
16476,2.493,1.574
16477,2.468,1.574
16478,2.439,1.574
16479,2.410,1.574
16480,2.370,1.574
16481,2.346,1.574
16482,2.346,1.574
16483,2.458,1.574
16484,2.639,1.574
16485,2.781,1.574
16486,2.825,1.574
16487,2.776,1.574
16488,2.698,1.574
16489,2.620,1.574
16490,2.556,1.574
16491,2.537,1.574
16492,2.546,1.574
16493,2.556,1.574
16494,2.561,1.574
16495,2.542,1.574
16496,2.488,1.574
16497,2.439,1.574
16498,2.390,1.574
16499,2.351,1.574
16500,2.326,1.574
16501,2.307,1.574
16502,2.370,1.574
16503,2.542,1.574
16504,2.717,1.574
16505,2.805,1.574
16506,2.781,1.574
16507,2.703,1.574
16508,2.620,1.574
16509,2.542,1.574
16510,2.502,1.574
16511,2.488,1.574
16512,2.502,1.574
16513,2.517,1.574
16514,2.502,1.574
16515,2.458,1.574
16516,2.414,1.574
16517,2.375,1.574
16518,2.351,1.574
16519,2.326,1.574
16520,2.312,1.574
16521,2.375,1.574
16522,2.546,1.574
16523,2.717,1.574
16524,2.791,1.574
16525,2.771,1.574
16526,2.698,1.574
16527,2.610,1.574
16528,2.532,1.574
16529,2.473,1.574
16530,2.463,1.574
16531,2.473,1.574
16532,2.483,1.574
16533,2.483,1.574
16534,2.458,1.574
16535,2.424,1.574
16536,2.390,1.574
16537,2.370,1.574
16538,2.346,1.574
16539,2.322,1.574
16540,2.385,1.574
16541,2.556,1.574
16542,2.713,1.574
16543,2.781,1.574
16544,2.742,1.574
16545,2.659,1.574
16546,2.566,1.574
16547,2.488,1.579
16548,2.449,1.579
16549,2.463,1.579
16550,2.478,1.579
16551,2.488,1.574
16552,2.468,1.579
16553,2.449,1.574
16554,2.410,1.574
16555,2.370,1.579
16556,2.322,1.574
16557,2.268,1.574
16558,2.234,1.579
16559,2.278,1.579
16560,2.468,1.574
16561,2.625,1.579
16562,2.693,1.579
16563,2.669,1.579
16564,2.595,1.579
16565,2.517,1.579
16566,2.458,1.579
16567,2.429,1.579
16568,2.439,1.579
16569,2.449,1.579
16570,2.439,1.579
16571,2.410,1.579
16572,2.375,1.579
16573,2.346,1.579
16574,2.331,1.579
16575,2.317,1.579
16576,2.302,1.579
16577,2.292,1.579
16578,2.356,1.579
16579,2.527,1.579
16580,2.698,1.579
16581,2.776,1.579
16582,2.752,1.579
16583,2.669,1.579
16584,2.586,1.579
16585,2.517,1.579
16586,2.483,1.579
16587,2.493,1.579
16588,2.502,1.579
16589,2.502,1.579
16590,2.483,1.579
16591,2.458,1.579
16592,2.424,1.579
16593,2.390,1.579
16594,2.361,1.579
16595,2.336,1.579
16596,2.317,1.579
16597,2.424,1.579
16598,2.590,1.579
16599,2.722,1.579
16600,2.757,1.579
16601,2.703,1.579
16602,2.615,1.579
16603,2.527,1.579
16604,2.473,1.579
16605,2.454,1.579
16606,2.468,1.579
16607,2.463,1.579
16608,2.454,1.579
16609,2.419,1.579
16610,2.385,1.579
16611,2.346,1.579
16612,2.322,1.579
16613,2.302,1.579
16614,2.287,1.579
16615,2.273,1.579
16616,2.336,1.579
16617,2.498,1.579
16618,2.674,1.579
16619,2.752,1.579
16620,2.742,1.579
16621,2.664,1.579
16622,2.576,1.579
16623,2.488,1.579
16624,2.454,1.579
16625,2.449,1.579
16626,2.463,1.579
16627,2.473,1.579
16628,2.458,1.579
16629,2.429,1.579
16630,2.405,1.579
16631,2.375,1.579
16632,2.351,1.584
16633,2.326,1.579
16634,2.312,1.584
16635,2.356,1.579
16636,2.498,1.584
16637,2.674,1.584
16638,2.761,1.579
16639,2.742,1.584
16640,2.659,1.584
16641,2.571,1.584
16642,2.502,1.579
16643,2.463,1.584
16644,2.473,1.579
16645,2.483,1.584
16646,2.483,1.584
16647,2.468,1.584
16648,2.444,1.584
16649,2.410,1.584
16650,2.375,1.584
16651,2.346,1.584
16652,2.322,1.584
16653,2.307,1.584
16654,2.375,1.584
16655,2.561,1.584
16656,2.727,1.584
16657,2.805,1.584
16658,2.776,1.584
16659,2.698,1.584
16660,2.610,1.584
16661,2.537,1.584
16662,2.493,1.584
16663,2.488,1.584
16664,2.502,1.584
16665,2.498,1.584
16666,2.468,1.584
16667,2.434,1.584
16668,2.410,1.584
16669,2.380,1.584
16670,2.361,1.584
16671,2.331,1.584
16672,2.317,1.584
16673,2.361,1.584
16674,2.542,1.584
16675,2.732,1.584
16676,2.825,1.584
16677,2.805,1.584
16678,2.747,1.584
16679,2.664,1.584
16680,2.586,1.584
16681,2.517,1.584
16682,2.498,1.584
16683,2.502,1.584
16684,2.507,1.584
16685,2.502,1.584
16686,2.478,1.584
16687,2.439,1.584
16688,2.395,1.584
16689,2.356,1.584
16690,2.326,1.584
16691,2.307,1.584
16692,2.322,1.584
16693,2.449,1.584
16694,2.669,1.584
16695,2.786,1.584
16696,2.791,1.584
16697,2.732,1.584
16698,2.649,1.584
16699,2.571,1.584
16700,2.507,1.584
16701,2.493,1.584
16702,2.498,1.584
16703,2.502,1.584
16704,2.478,1.584
16705,2.439,1.584
16706,2.405,1.588
16707,2.370,1.584
16708,2.351,1.588
16709,2.336,1.588
16710,2.346,1.584
16711,2.356,1.584
16712,2.419,1.584
16713,2.586,1.584
16714,2.742,1.584
16715,2.801,1.584
16716,2.757,1.584
16717,2.639,1.584
16718,2.498,1.584
16719,2.375,1.584
16720,2.322,1.584
16721,2.341,1.584
16722,2.385,1.584
16723,2.444,1.584
16724,2.449,1.584
16725,2.434,1.584
16726,2.419,1.584
16727,2.385,1.584
16728,2.341,1.584
16729,2.278,1.584
16730,2.248,1.584
16731,2.302,1.584
16732,2.478,1.584
16733,2.654,1.584
16734,2.757,1.584
16735,2.737,1.584
16736,2.659,1.584
16737,2.576,1.584
16738,2.502,1.584
16739,2.463,1.584
16740,2.454,1.584
16741,2.454,1.584
16742,2.468,1.584
16743,2.463,1.584
16744,2.434,1.584
16745,2.395,1.584
16746,2.366,1.584
16747,2.336,1.584
16748,2.307,1.584
16749,2.287,1.584
16750,2.302,1.584
16751,2.429,1.584
16752,2.620,1.584
16753,2.757,1.584
16754,2.776,1.584
16755,2.713,1.588
16756,2.620,1.584
16757,2.532,1.584
16758,2.468,1.588
16759,2.454,1.584
16760,2.478,1.584
16761,2.493,1.588
16762,2.478,1.584
16763,2.429,1.588
16764,2.400,1.588
16765,2.370,1.588
16766,2.356,1.588
16767,2.351,1.588
16768,2.341,1.588
16769,2.326,1.588
16770,2.346,1.588
16771,2.468,1.588
16772,2.644,1.588
16773,2.766,1.588
16774,2.771,1.588
16775,2.693,1.588
16776,2.595,1.588
16777,2.507,1.588
16778,2.439,1.588
16779,2.424,1.588
16780,2.439,1.588
16781,2.444,1.588
16782,2.439,1.593
16783,2.410,1.593
16784,2.375,1.593
16785,2.341,1.593
16786,2.322,1.593
16787,2.307,1.593
16788,2.307,1.593
16789,2.317,1.593
16790,2.424,1.593
16791,2.615,1.593
16792,2.757,1.593
16793,2.796,1.593
16794,2.747,1.593
16795,2.659,1.593
16796,2.566,1.593
16797,2.483,1.593
16798,2.449,1.593
16799,2.439,1.593
16800,2.444,1.593
16801,2.439,1.593
16802,2.424,1.593
16803,2.414,1.593
16804,2.390,1.593
16805,2.366,1.593
16806,2.346,1.593
16807,2.322,1.593
16808,2.317,1.593
16809,2.410,1.593
16810,2.590,1.593
16811,2.752,1.593
16812,2.815,1.593
16813,2.781,1.593
16814,2.688,1.593
16815,2.595,1.593
16816,2.517,1.598
16817,2.473,1.593
16818,2.478,1.598
16819,2.498,1.593
16820,2.507,1.598
16821,2.493,1.598
16822,2.473,1.598
16823,2.444,1.598
16824,2.405,1.598
16825,2.380,1.598
16826,2.366,1.598
16827,2.361,1.598
16828,2.414,1.598
16829,2.610,1.598
16830,2.776,1.598
16831,2.830,1.598
16832,2.801,1.598
16833,2.737,1.598
16834,2.654,1.598
16835,2.595,1.598
16836,2.556,1.598
16837,2.561,1.598
16838,2.581,1.598
16839,2.595,1.598
16840,2.610,1.598
16841,2.571,1.598
16842,2.478,1.598
16843,2.400,1.598
16844,2.336,1.598
16845,2.283,1.598
16846,2.239,1.598
16847,2.273,1.598
16848,2.439,1.598
16849,2.747,1.598
16850,2.776,1.598
16851,2.732,1.598
16852,2.649,1.598
16853,2.566,1.598
16854,2.502,1.598
16855,2.473,1.598
16856,2.478,1.598
16857,2.478,1.598
16858,2.468,1.598
16859,2.449,1.598
16860,2.414,1.598
16861,2.395,1.598
16862,2.370,1.598
16863,2.351,1.598
16864,2.341,1.598
16865,2.366,1.598
16866,2.483,1.598
16867,2.683,1.598
16868,2.825,1.598
16869,2.859,1.598
16870,2.801,1.598
16871,2.713,1.598
16872,2.634,1.598
16873,2.571,1.598
16874,2.542,1.598
16875,2.537,1.598
16876,2.537,1.598
16877,2.537,1.598
16878,2.517,1.598
16879,2.473,1.598
16880,2.434,1.598
16881,2.414,1.598
16882,2.390,1.598
16883,2.375,1.598
16884,2.375,1.598
16885,2.458,1.598
16886,2.615,1.598
16887,2.757,1.598
16888,2.786,1.598
16889,2.737,1.598
16890,2.654,1.598
16891,2.576,1.598
16892,2.517,1.598
16893,2.493,1.598
16894,2.493,1.598
16895,2.507,1.598
16896,2.493,1.598
16897,2.468,1.598
16898,2.429,1.598
16899,2.395,1.598
16900,2.356,1.598
16901,2.326,1.598
16902,2.292,1.598
16903,2.297,1.598
16904,2.395,1.598
16905,2.581,1.598
16906,2.727,1.598
16907,2.766,1.598
16908,2.732,1.598
16909,2.664,1.598
16910,2.571,1.598
16911,2.502,1.598
16912,2.454,1.598
16913,2.449,1.598
16914,2.458,1.598
16915,2.454,1.598
16916,2.434,1.598
16917,2.405,1.598
16918,2.375,1.598
16919,2.346,1.598
16920,2.317,1.598
16921,2.292,1.598
16922,2.307,1.598
16923,2.439,1.598
16924,2.620,1.598
16925,2.742,1.598
16926,2.766,1.598
16927,2.717,1.598
16928,2.654,1.598
16929,2.571,1.598
16930,2.507,1.598
16931,2.468,1.598
16932,2.458,1.598
16933,2.468,1.598
16934,2.468,1.598
16935,2.444,1.598
16936,2.414,1.598
16937,2.375,1.598
16938,2.336,1.598
16939,2.302,1.598
16940,2.278,1.598
16941,2.302,1.598
16942,2.414,1.598
16943,2.595,1.598
16944,2.737,1.598
16945,2.766,1.598
16946,2.732,1.598
16947,2.664,1.603
16948,2.590,1.598
16949,2.527,1.598
16950,2.488,1.598
16951,2.473,1.598
16952,2.473,1.598
16953,2.468,1.598
16954,2.439,1.603
16955,2.400,1.598
16956,2.370,1.603
16957,2.341,1.598
16958,2.322,1.603
16959,2.297,1.598
16960,2.278,1.603
16961,2.307,1.603
16962,2.429,1.598
16963,2.605,1.603
16964,2.732,1.598
16965,2.747,1.603
16966,2.703,1.598
16967,2.664,1.603
16968,2.600,1.598
16969,2.517,1.603
16970,2.458,1.603
16971,2.434,1.603
16972,2.429,1.603
16973,2.429,1.603
16974,2.424,1.603
16975,2.380,1.603
16976,2.326,1.603
16977,2.297,1.603
16978,2.258,1.603
16979,2.229,1.603
16980,2.219,1.603
16981,2.219,1.603
16982,2.263,1.603
16983,2.405,1.603
16984,2.590,1.603
16985,2.717,1.603
16986,2.727,1.603
16987,2.664,1.603
16988,2.581,1.603
16989,2.507,1.603
16990,2.449,1.603
16991,2.414,1.603
16992,2.419,1.603
16993,2.424,1.603
16994,2.405,1.603
16995,2.375,1.603
16996,2.346,1.603
16997,2.317,1.603
16998,2.307,1.603
16999,2.292,1.603
17000,2.278,1.603
17001,2.253,1.603
17002,2.253,1.603
17003,2.356,1.603
17004,2.532,1.603
17005,2.649,1.603
17006,2.683,1.603
17007,2.644,1.603
17008,2.566,1.608
17009,2.488,1.603
17010,2.429,1.608
17011,2.414,1.603
17012,2.424,1.608
17013,2.439,1.608
17014,2.429,1.608
17015,2.395,1.608
17016,2.356,1.603
17017,2.317,1.608
17018,2.297,1.603
17019,2.302,1.608
17020,2.302,1.603
17021,2.302,1.608
17022,2.297,1.608
17023,2.356,1.608
17024,2.502,1.608
17025,2.664,1.608
17026,2.732,1.608
17027,2.698,1.608
17028,2.590,1.608
17029,2.478,1.608
17030,2.390,1.608
17031,2.336,1.608
17032,2.341,1.608
17033,2.385,1.608
17034,2.424,1.608
17035,2.429,1.608
17036,2.395,1.608
17037,2.356,1.608
17038,2.322,1.608
17039,2.273,1.608
17040,2.234,1.608
17041,2.209,1.608
17042,2.204,1.608
17043,2.248,1.608
17044,2.385,1.608
17045,2.605,1.608
17046,2.727,1.608
17047,2.757,1.608
17048,2.703,1.608
17049,2.625,1.608
17050,2.542,1.608
17051,2.483,1.608
17052,2.468,1.608
17053,2.478,1.608
17054,2.498,1.608
17055,2.522,1.608
17056,2.517,1.608
17057,2.478,1.608
17058,2.434,1.608
17059,2.390,1.608
17060,2.361,1.608
17061,2.326,1.608
17062,2.317,1.608
17063,2.331,1.608
17064,2.434,1.608
17065,2.610,1.608
17066,2.737,1.608
17067,2.771,1.608
17068,2.722,1.608
17069,2.649,1.608
17070,2.566,1.608
17071,2.507,1.613
17072,2.473,1.608
17073,2.478,1.613
17074,2.488,1.608
17075,2.488,1.613
17076,2.483,1.608
17077,2.468,1.613
17078,2.439,1.608
17079,2.410,1.613
17080,2.375,1.613
17081,2.346,1.613
17082,2.326,1.613
17083,2.385,1.608
17084,2.532,1.613
17085,2.688,1.613
17086,2.766,1.613
17087,2.747,1.613
17088,2.688,1.613
17089,2.605,1.613
17090,2.542,1.608
17091,2.493,1.613
17092,2.488,1.613
17093,2.512,1.613
17094,2.522,1.613
17095,2.517,1.613
17096,2.488,1.613
17097,2.458,1.613
17098,2.419,1.613
17099,2.395,1.613
17100,2.370,1.613
17101,2.361,1.613
17102,2.424,1.613
17103,2.581,1.613
17104,2.737,1.613
17105,2.805,1.613
17106,2.781,1.613
17107,2.713,1.613
17108,2.644,1.613
17109,2.581,1.613
17110,2.542,1.613
17111,2.532,1.613
17112,2.546,1.613
17113,2.556,1.613
17114,2.546,1.613
17115,2.507,1.613
17116,2.473,1.613
17117,2.434,1.618
17118,2.414,1.613
17119,2.395,1.613
17120,2.390,1.618
17121,2.449,1.613
17122,2.610,1.618
17123,2.766,1.613
17124,2.840,1.618
17125,2.825,1.613
17126,2.771,1.613
17127,2.703,1.613
17128,2.625,1.613
17129,2.581,1.618
17130,2.561,1.613
17131,2.571,1.618
17132,2.576,1.613
17133,2.566,1.618
17134,2.542,1.618
17135,2.507,1.613
17136,2.498,1.618
17137,2.478,1.613
17138,2.449,1.618
17139,2.405,1.613
17140,2.444,1.618
17141,2.610,1.613
17142,2.791,1.613
17143,2.874,1.618
17144,2.845,1.613
17145,2.737,1.618
17146,2.625,1.613
17147,2.546,1.618
17148,2.517,1.613
17149,2.527,1.618
17150,2.566,1.618
17151,2.586,1.618
17152,2.590,1.618
17153,2.561,1.618
17154,2.527,1.618
17155,2.493,1.618
17156,2.454,1.618
17157,2.429,1.618
17158,2.395,1.618
17159,2.400,1.618
17160,2.502,1.618
17161,2.674,1.618
17162,2.791,1.618
17163,2.815,1.618
17164,2.761,1.618
17165,2.683,1.618
17166,2.615,1.618
17167,2.561,1.618
17168,2.537,1.618
17169,2.537,1.618
17170,2.546,1.618
17171,2.542,1.618
17172,2.527,1.618
17173,2.507,1.618
17174,2.473,1.618
17175,2.429,1.618
17176,2.390,1.618
17177,2.361,1.618
17178,2.341,1.618
17179,2.410,1.618
17180,2.576,1.618
17181,2.732,1.618
17182,2.815,1.618
17183,2.791,1.618
17184,2.722,1.618
17185,2.649,1.623
17186,2.576,1.618
17187,2.532,1.618
17188,2.537,1.618
17189,2.542,1.618
17190,2.532,1.618
17191,2.498,1.618
17192,2.463,1.623
17193,2.424,1.618
17194,2.395,1.623
17195,2.370,1.618
17196,2.351,1.623
17197,2.331,1.623
17198,2.346,1.618
17199,2.449,1.618
17200,2.615,1.618
17201,2.761,1.623
17202,2.805,1.618
17203,2.757,1.623
17204,2.674,1.623
17205,2.581,1.623
17206,2.498,1.623
17207,2.458,1.623
17208,2.449,1.623
17209,2.449,1.623
17210,2.439,1.623
17211,2.424,1.628
17212,2.390,1.628
17213,2.361,1.632
17214,2.326,1.637
17215,2.302,1.637
17216,2.287,1.647
17217,2.263,1.652
17218,2.292,1.662
17219,2.434,1.672
17220,2.600,1.676
17221,2.678,1.686
17222,2.664,1.691
17223,2.590,1.696
17224,2.522,1.701
17225,2.458,1.706
17226,2.405,1.716
17227,2.400,1.716
17228,2.424,1.716
17229,2.429,1.716
17230,2.405,1.716
17231,2.370,1.716
17232,2.341,1.711
17233,2.307,1.706
17234,2.287,1.701
17235,2.278,1.696
17236,2.292,1.691
17237,2.400,1.686
17238,2.581,1.681
17239,2.717,1.672
17240,2.752,1.667
17241,2.708,1.662
17242,2.630,1.662
17243,2.566,1.652
17244,2.517,1.652
17245,2.493,1.647
17246,2.493,1.647
17247,2.498,1.642
17248,2.478,1.642
17249,2.463,1.642
17250,2.434,1.642
17251,2.405,1.642
17252,2.370,1.637
17253,2.351,1.637
17254,2.336,1.637
17255,2.361,1.637
17256,2.483,1.637
17257,2.654,1.637
17258,2.771,1.637
17259,2.781,1.637
17260,2.717,1.637
17261,2.634,1.637
17262,2.546,1.637
17263,2.473,1.637
17264,2.444,1.637
17265,2.444,1.632
17266,2.449,1.637
17267,2.439,1.632
17268,2.419,1.637
17269,2.390,1.637
17270,2.366,1.637
17271,2.341,1.637
17272,2.322,1.637
17273,2.307,1.637
17274,2.346,1.637
17275,2.488,1.637
17276,2.664,1.632
17277,2.766,1.637
17278,2.771,1.637
17279,2.698,1.632
17280,2.610,1.637
17281,2.542,1.632
17282,2.483,1.637
17283,2.454,1.632
17284,2.449,1.637
17285,2.458,1.632
17286,2.458,1.637
17287,2.429,1.632
17288,2.390,1.637
17289,2.356,1.637
17290,2.341,1.632
17291,2.317,1.637
17292,2.297,1.632
17293,2.336,1.637
17294,2.468,1.632
17295,2.634,1.637
17296,2.747,1.637
17297,2.742,1.637
17298,2.678,1.637
17299,2.600,1.637
17300,2.527,1.637
17301,2.468,1.632
17302,2.454,1.637
17303,2.463,1.632
17304,2.468,1.637
17305,2.463,1.632
17306,2.429,1.637
17307,2.400,1.632
17308,2.361,1.632
17309,2.326,1.637
17310,2.292,1.632
17311,2.273,1.632
17312,2.268,1.632
17313,2.351,1.632
17314,2.556,1.632
17315,2.688,1.632
17316,2.722,1.632
17317,2.678,1.632
17318,2.610,1.632
17319,2.527,1.632
17320,2.468,1.632
17321,2.439,1.632
17322,2.439,1.632
17323,2.449,1.628
17324,2.454,1.632
17325,2.424,1.628
17326,2.390,1.628
17327,2.346,1.628
17328,2.307,1.628
17329,2.283,1.628
17330,2.263,1.628
17331,2.248,1.628
17332,2.278,1.628
17333,2.419,1.628
17334,2.600,1.623
17335,2.708,1.623
17336,2.708,1.623
17337,2.639,1.623
17338,2.556,1.623
17339,2.483,1.623
17340,2.429,1.623
17341,2.414,1.618
17342,2.424,1.623
17343,2.429,1.618
17344,2.419,1.618
17345,2.390,1.618
17346,2.356,1.618
17347,2.322,1.618
17348,2.297,1.613
17349,2.278,1.613
17350,2.263,1.613
17351,2.248,1.613
17352,2.395,1.613
17353,2.556,1.613
17354,2.664,1.613
17355,2.683,1.608
17356,2.630,1.613
17357,2.551,1.608
17358,2.478,1.608
17359,2.429,1.608
17360,2.419,1.608
17361,2.434,1.608
17362,2.449,1.608
17363,2.434,1.608
17364,2.405,1.603
17365,2.375,1.608
17366,2.346,1.603
17367,2.322,1.603
17368,2.307,1.603
17369,2.292,1.603
17370,2.273,1.603
17371,2.312,1.603
17372,2.444,1.603
17373,2.600,1.598
17374,2.683,1.603
17375,2.683,1.598
17376,2.625,1.598
17377,2.537,1.598
17378,2.463,1.598
17379,2.424,1.598
17380,2.419,1.598
17381,2.439,1.598
17382,2.434,1.598
17383,2.424,1.598
17384,2.405,1.598
17385,2.375,1.598
17386,2.341,1.593
17387,2.322,1.598
17388,2.302,1.593
17389,2.278,1.593
17390,2.283,1.593
17391,2.351,1.593
17392,2.498,1.593
17393,2.634,1.593
17394,2.688,1.593
17395,2.659,1.593
17396,2.586,1.593
17397,2.502,1.593
17398,2.439,1.593
17399,2.424,1.593
17400,2.439,1.593
17401,2.454,1.593
17402,2.444,1.588
17403,2.429,1.593
17404,2.400,1.588
17405,2.370,1.593
17406,2.341,1.588
17407,2.317,1.588
17408,2.307,1.588
17409,2.297,1.588
17410,2.331,1.588
17411,2.454,1.588
17412,2.605,1.593
17413,2.698,1.588
17414,2.693,1.588
17415,2.639,1.588
17416,2.556,1.588
17417,2.493,1.588
17418,2.449,1.588
17419,2.444,1.588
17420,2.458,1.588
17421,2.468,1.588
17422,2.454,1.588
17423,2.424,1.588
17424,2.405,1.588
17425,2.380,1.588
17426,2.366,1.588
17427,2.346,1.588
17428,2.326,1.588
17429,2.322,1.588
17430,2.400,1.588
17431,2.546,1.588
17432,2.674,1.588
17433,2.708,1.588
17434,2.674,1.588
17435,2.610,1.588
17436,2.546,1.588
17437,2.493,1.588
17438,2.473,1.588
17439,2.473,1.588
17440,2.483,1.588
17441,2.483,1.588
17442,2.468,1.588
17443,2.449,1.588
17444,2.424,1.588
17445,2.395,1.588
17446,2.370,1.588
17447,2.361,1.588
17448,2.351,1.588
17449,2.410,1.588
17450,2.551,1.588
17451,2.688,1.588
17452,2.747,1.588
17453,2.722,1.588
17454,2.659,1.588
17455,2.590,1.588
17456,2.532,1.588
17457,2.502,1.588
17458,2.512,1.588
17459,2.522,1.588
17460,2.527,1.588
17461,2.512,1.588
17462,2.488,1.588
17463,2.458,1.588
17464,2.429,1.588
17465,2.405,1.588
17466,2.380,1.593
17467,2.366,1.588
17468,2.400,1.593
17469,2.532,1.588
17470,2.683,1.593
17471,2.776,1.593
17472,2.757,1.593
17473,2.688,1.593
17474,2.605,1.593
17475,2.546,1.593
17476,2.507,1.593
17477,2.522,1.593
17478,2.527,1.593
17479,2.507,1.593
17480,2.473,1.593
17481,2.449,1.593
17482,2.419,1.593
17483,2.400,1.593
17484,2.385,1.593
17485,2.361,1.593
17486,2.361,1.593
17487,2.458,1.593
17488,2.625,1.593
17489,2.742,1.593
17490,2.771,1.593
17491,2.717,1.598
17492,2.649,1.593
17493,2.571,1.598
17494,2.522,1.598
17495,2.522,1.598
17496,2.522,1.598
17497,2.532,1.598
17498,2.517,1.598
17499,2.493,1.598
17500,2.463,1.598
17501,2.439,1.598
17502,2.410,1.598
17503,2.390,1.598
17504,2.366,1.598
17505,2.370,1.598
17506,2.468,1.598
17507,2.634,1.598
17508,2.752,1.598
17509,2.781,1.598
17510,2.727,1.598
17511,2.659,1.598
17512,2.576,1.598
17513,2.527,1.598
17514,2.507,1.598
17515,2.517,1.598
17516,2.527,1.598
17517,2.517,1.598
17518,2.498,1.603
17519,2.463,1.598
17520,2.424,1.603
17521,2.395,1.603
17522,2.380,1.603
17523,2.356,1.603
17524,2.361,1.603
17525,2.463,1.603
17526,2.634,1.598
17527,2.747,1.603
17528,2.776,1.603
17529,2.717,1.603
17530,2.634,1.603
17531,2.551,1.603
17532,2.493,1.603
17533,2.483,1.603
17534,2.507,1.603
17535,2.512,1.603
17536,2.493,1.603
17537,2.463,1.603
17538,2.434,1.603
17539,2.400,1.603
17540,2.370,1.603
17541,2.361,1.603
17542,2.351,1.603
17543,2.410,1.603
17544,2.556,1.603
17545,2.708,1.608
17546,2.766,1.603
17547,2.742,1.608
17548,2.683,1.603
17549,2.620,1.603
17550,2.566,1.603
17551,2.537,1.608
17552,2.542,1.603
17553,2.556,1.603
17554,2.566,1.608
17555,2.566,1.603
17556,2.522,1.608
17557,2.458,1.608
17558,2.410,1.608
17559,2.366,1.608
17560,2.351,1.608
17561,2.395,1.608
17562,2.542,1.608
17563,2.713,1.608
17564,2.781,1.608
17565,2.722,1.608
17566,2.605,1.608
17567,2.483,1.608
17568,2.414,1.608
17569,2.410,1.608
17570,2.449,1.608
17571,2.522,1.608
17572,2.556,1.608
17573,2.542,1.608
17574,2.502,1.608
17575,2.454,1.608
17576,2.395,1.608
17577,2.351,1.608
17578,2.322,1.608
17579,2.312,1.608
17580,2.351,1.608
17581,2.488,1.613
17582,2.664,1.608
17583,2.771,1.613
17584,2.786,1.613
17585,2.722,1.613
17586,2.630,1.608
17587,2.542,1.613
17588,2.488,1.613
17589,2.483,1.613
17590,2.502,1.613
17591,2.512,1.613
17592,2.498,1.613
17593,2.463,1.613
17594,2.429,1.613
17595,2.400,1.613
17596,2.375,1.613
17597,2.341,1.613
17598,2.312,1.613
17599,2.326,1.613
17600,2.429,1.613
17601,2.590,1.613
17602,2.693,1.613
17603,2.693,1.613
17604,2.610,1.613
17605,2.532,1.613
17606,2.463,1.613
17607,2.414,1.613
17608,2.419,1.613
17609,2.434,1.613
17610,2.434,1.613
17611,2.414,1.613
17612,2.395,1.613
17613,2.356,1.613
17614,2.326,1.613
17615,2.312,1.613
17616,2.302,1.613
17617,2.356,1.613
17618,2.493,1.613
17619,2.649,1.618
17620,2.717,1.613
17621,2.698,1.613
17622,2.634,1.613
17623,2.556,1.613
17624,2.488,1.613
17625,2.444,1.613
17626,2.454,1.618
17627,2.458,1.613
17628,2.454,1.613
17629,2.439,1.613
17630,2.405,1.613
17631,2.366,1.613
17632,2.336,1.613
17633,2.317,1.613
17634,2.302,1.613
17635,2.312,1.613
17636,2.410,1.613
17637,2.561,1.613
17638,2.674,1.613
17639,2.708,1.613
17640,2.654,1.613
17641,2.590,1.613
17642,2.522,1.613
17643,2.468,1.613
17644,2.458,1.613
17645,2.458,1.613
17646,2.463,1.613
17647,2.454,1.613
17648,2.424,1.608
17649,2.390,1.613
17650,2.366,1.608
17651,2.341,1.613
17652,2.317,1.608
17653,2.292,1.613
17654,2.292,1.608
17655,2.356,1.608
17656,2.507,1.608
17657,2.654,1.608
17658,2.708,1.608
17659,2.683,1.608
17660,2.620,1.608
17661,2.542,1.608
17662,2.478,1.608
17663,2.444,1.608
17664,2.444,1.608
17665,2.458,1.608
17666,2.458,1.608
17667,2.434,1.608
17668,2.405,1.603
17669,2.375,1.608
17670,2.356,1.603
17671,2.336,1.608
17672,2.322,1.603
17673,2.297,1.603
17674,2.312,1.603
17675,2.410,1.603
17676,2.566,1.603
17677,2.669,1.603
17678,2.698,1.603
17679,2.669,1.603
17680,2.590,1.603
17681,2.517,1.603
17682,2.473,1.603
17683,2.463,1.603
17684,2.449,1.603
17685,2.424,1.608
17686,2.410,1.608
17687,2.400,1.613
17688,2.390,1.618
17689,2.370,1.623
17690,2.356,1.628
17691,2.351,1.632
17692,2.326,1.637
17693,2.302,1.637
17694,2.336,1.642
17695,2.468,1.647
17696,2.620,1.647
17697,2.693,1.647
17698,2.674,1.652
17699,2.620,1.647
17700,2.551,1.652
17701,2.498,1.652
17702,2.468,1.657
17703,2.458,1.657
17704,2.468,1.657
17705,2.473,1.657
17706,2.483,1.657
17707,2.478,1.657
17708,2.458,1.657
17709,2.429,1.657
17710,2.424,1.657
17711,2.419,1.657
17712,2.405,1.657
17713,2.410,1.657
17714,2.468,1.657
17715,2.581,1.657
17716,2.669,1.657
17717,2.674,1.657
17718,2.590,1.657
17719,2.502,1.657
17720,2.424,1.657
17721,2.385,1.657
17722,2.366,1.652
17723,2.390,1.652
17724,2.400,1.652
17725,2.419,1.647
17726,2.410,1.647
17727,2.390,1.642
17728,2.380,1.637
17729,2.370,1.637
17730,2.346,1.637
17731,2.322,1.632
17732,2.341,1.632
17733,2.454,1.632
17734,2.571,1.628
17735,2.654,1.628
17736,2.659,1.623
17737,2.600,1.623
17738,2.522,1.623
17739,2.458,1.623
17740,2.434,1.618
17741,2.439,1.618
17742,2.463,1.618
17743,2.473,1.618
17744,2.468,1.618
17745,2.454,1.613
17746,2.434,1.613
17747,2.410,1.613
17748,2.385,1.613
17749,2.370,1.613
17750,2.361,1.613
17751,2.414,1.608
17752,2.551,1.608
17753,2.693,1.608
17754,2.747,1.608
17755,2.708,1.608
17756,2.639,1.603
17757,2.566,1.603
17758,2.507,1.603
17759,2.488,1.603
17760,2.493,1.603
17761,2.517,1.598
17762,2.527,1.598
17763,2.522,1.598
17764,2.502,1.598
17765,2.473,1.598
17766,2.444,1.598
17767,2.410,1.598
17768,2.380,1.598
17769,2.405,1.598
17770,2.517,1.598
17771,2.659,1.598
17772,2.757,1.598
17773,2.757,1.598
17774,2.708,1.598
17775,2.630,1.598
17776,2.561,1.593
17777,2.522,1.593
17778,2.517,1.593
17779,2.527,1.593
17780,2.551,1.593
17781,2.551,1.593
17782,2.542,1.593
17783,2.507,1.593
17784,2.463,1.593
17785,2.424,1.593
17786,2.380,1.593
17787,2.361,1.593
17788,2.439,1.593
17789,2.581,1.593
17790,2.688,1.588
17791,2.713,1.593
17792,2.659,1.593
17793,2.566,1.593
17794,2.478,1.593
17795,2.429,1.593
17796,2.419,1.593
17797,2.434,1.588
17798,2.439,1.593
17799,2.449,1.593
17800,2.434,1.593
17801,2.410,1.593
17802,2.380,1.593
17803,2.346,1.593
17804,2.322,1.593
17805,2.346,1.593
17806,2.449,1.593
17807,2.600,1.593
17808,2.703,1.593
17809,2.703,1.593
17810,2.659,1.593
17811,2.590,1.593
17812,2.527,1.593
17813,2.483,1.593
17814,2.468,1.593
17815,2.478,1.593
17816,2.483,1.593
17817,2.473,1.593
17818,2.449,1.593
17819,2.429,1.593
17820,2.405,1.588
17821,2.385,1.593
17822,2.361,1.588
17823,2.395,1.593
17824,2.527,1.588
17825,2.674,1.593
17826,2.752,1.588
17827,2.737,1.593
17828,2.669,1.588
17829,2.590,1.588
17830,2.537,1.593
17831,2.502,1.588
17832,2.507,1.593
17833,2.517,1.588
17834,2.517,1.588
17835,2.498,1.588
17836,2.478,1.588
17837,2.444,1.588
17838,2.414,1.588
17839,2.400,1.588
17840,2.400,1.584
17841,2.463,1.588
17842,2.620,1.584
17843,2.752,1.588
17844,2.781,1.584
17845,2.747,1.584
17846,2.683,1.588
17847,2.610,1.584
17848,2.556,1.588
17849,2.551,1.584
17850,2.556,1.584
17851,2.566,1.584
17852,2.551,1.584
17853,2.517,1.584
17854,2.478,1.584
17855,2.424,1.584
17856,2.390,1.584
17857,2.361,1.584
17858,2.390,1.584
17859,2.507,1.584
17860,2.654,1.584
17861,2.727,1.584
17862,2.713,1.584
17863,2.664,1.584
17864,2.615,1.584
17865,2.551,1.579
17866,2.502,1.584
17867,2.483,1.579
17868,2.478,1.584
17869,2.478,1.579
17870,2.468,1.584
17871,2.449,1.579
17872,2.414,1.579
17873,2.395,1.584
17874,2.375,1.579
17875,2.351,1.584
17876,2.336,1.579
17877,2.395,1.579
17878,2.542,1.579
17879,2.678,1.579
17880,2.747,1.579
17881,2.732,1.579
17882,2.678,1.579
17883,2.630,1.579
17884,2.571,1.579
17885,2.527,1.579
17886,2.498,1.579
17887,2.498,1.579
17888,2.498,1.579
17889,2.483,1.579
17890,2.463,1.579
17891,2.439,1.579
17892,2.414,1.579
17893,2.375,1.579
17894,2.351,1.579
17895,2.336,1.579
17896,2.361,1.579
17897,2.468,1.579
17898,2.600,1.579
17899,2.678,1.579
17900,2.678,1.579
17901,2.634,1.574
17902,2.581,1.579
17903,2.507,1.579
17904,2.458,1.579
17905,2.439,1.579
17906,2.434,1.579
17907,2.429,1.579
17908,2.405,1.579
17909,2.380,1.579
17910,2.356,1.579
17911,2.331,1.579
17912,2.312,1.579
17913,2.302,1.579
17914,2.287,1.574
17915,2.263,1.579
17916,2.263,1.579
17917,2.346,1.579
17918,2.493,1.579
17919,2.620,1.579
17920,2.674,1.579
17921,2.654,1.574
17922,2.600,1.579
17923,2.542,1.579
17924,2.473,1.579
17925,2.444,1.579
17926,2.429,1.579
17927,2.439,1.579
17928,2.434,1.574
17929,2.414,1.579
17930,2.395,1.574
17931,2.375,1.579
17932,2.341,1.579
17933,2.322,1.579
17934,2.317,1.579
17935,2.307,1.579
17936,2.322,1.579
17937,2.410,1.574
17938,2.542,1.579
17939,2.649,1.574
17940,2.678,1.579
17941,2.649,1.574
17942,2.610,1.579
17943,2.556,1.574
17944,2.517,1.574
17945,2.498,1.579
17946,2.502,1.574
17947,2.522,1.579
17948,2.522,1.574
17949,2.502,1.579
17950,2.473,1.574
17951,2.429,1.579
17952,2.410,1.574
17953,2.380,1.574
17954,2.361,1.579
17955,2.351,1.574
17956,2.341,1.579
17957,2.400,1.574
17958,2.527,1.574
17959,2.654,1.574
17960,2.722,1.574
17961,2.722,1.574
17962,2.683,1.574
17963,2.625,1.574
17964,2.566,1.574
17965,2.522,1.574
17966,2.502,1.574
17967,2.498,1.579
17968,2.493,1.574
17969,2.473,1.579
17970,2.458,1.574
17971,2.439,1.574
17972,2.414,1.574
17973,2.385,1.574
17974,2.361,1.579
17975,2.346,1.574
17976,2.341,1.579
17977,2.390,1.574
17978,2.522,1.574
17979,2.649,1.574
17980,2.713,1.574
17981,2.708,1.574
17982,2.669,1.574
17983,2.610,1.574
17984,2.566,1.574
17985,2.532,1.579
17986,2.532,1.574
17987,2.527,1.579
17988,2.527,1.574
17989,2.502,1.579
17990,2.478,1.574
17991,2.439,1.579
17992,2.405,1.574
17993,2.380,1.579
17994,2.366,1.574
17995,2.351,1.574
17996,2.361,1.579
17997,2.434,1.574
17998,2.576,1.579
17999,2.713,1.574
18000,2.771,1.579
18001,2.757,1.574
18002,2.708,1.574
18003,2.654,1.574
18004,2.590,1.574
18005,2.551,1.579
18006,2.532,1.574
18007,2.537,1.574
18008,2.532,1.574
18009,2.512,1.574
18010,2.493,1.574
18011,2.473,1.574
18012,2.434,1.574
18013,2.405,1.574
18014,2.380,1.574
18015,2.366,1.574
18016,2.361,1.574
18017,2.424,1.574
18018,2.566,1.574
18019,2.708,1.574
18020,2.766,1.574
18021,2.761,1.574
18022,2.717,1.574
18023,2.659,1.574
18024,2.610,1.574
18025,2.571,1.574
18026,2.561,1.574
18027,2.561,1.574
18028,2.556,1.574
18029,2.537,1.574
18030,2.502,1.574
18031,2.468,1.574
18032,2.439,1.574
18033,2.410,1.574
18034,2.395,1.574
18035,2.380,1.574
18036,2.356,1.574
18037,2.385,1.574
18038,2.502,1.574
18039,2.639,1.574
18040,2.737,1.574
18041,2.752,1.574
18042,2.698,1.574
18043,2.630,1.574
18044,2.576,1.574
18045,2.532,1.574
18046,2.507,1.574
18047,2.522,1.574
18048,2.527,1.574
18049,2.527,1.574
18050,2.502,1.574
18051,2.473,1.574
18052,2.439,1.574
18053,2.405,1.574
18054,2.385,1.574
18055,2.366,1.574
18056,2.366,1.574
18057,2.366,1.574
18058,2.434,1.574
18059,2.566,1.574
18060,2.683,1.574
18061,2.727,1.569
18062,2.713,1.569
18063,2.669,1.564
18064,2.610,1.564
18065,2.571,1.564
18066,2.546,1.559
18067,2.537,1.559
18068,2.532,1.554
18069,2.537,1.559
18070,2.517,1.554
18071,2.483,1.559
18072,2.458,1.554
18073,2.424,1.559
18074,2.400,1.554
18075,2.375,1.559
18076,2.361,1.559
18077,2.366,1.559
18078,2.444,1.559
18079,2.571,1.559
18080,2.678,1.564
18081,2.722,1.559
18082,2.688,1.564
18083,2.639,1.564
18084,2.576,1.564
18085,2.527,1.564
18086,2.493,1.564
18087,2.483,1.569
18088,2.493,1.569
18089,2.498,1.569
18090,2.478,1.569
18091,2.458,1.574
18092,2.444,1.569
18093,2.419,1.574
18094,2.400,1.574
18095,2.375,1.574
18096,2.351,1.574
18097,2.375,1.574
18098,2.483,1.579
18099,2.610,1.574
18100,2.683,1.579
18101,2.678,1.574
18102,2.620,1.579
18103,2.546,1.574
18104,2.473,1.579
18105,2.444,1.579
18106,2.429,1.579
18107,2.414,1.579
18108,2.400,1.579
18109,2.375,1.579
18110,2.366,1.579
18111,2.351,1.579
18112,2.341,1.579
18113,2.326,1.579
18114,2.307,1.579
18115,2.302,1.584
18116,2.370,1.579
18117,2.502,1.584
18118,2.615,1.579
18119,2.644,1.584
18120,2.605,1.584
18121,2.551,1.584
18122,2.488,1.584
18123,2.449,1.584
18124,2.424,1.584
18125,2.424,1.584
18126,2.439,1.584
18127,2.444,1.584
18128,2.434,1.584
18129,2.395,1.584
18130,2.361,1.584
18131,2.326,1.584
18132,2.307,1.584
18133,2.297,1.584
18134,2.312,1.584
18135,2.390,1.584
18136,2.532,1.584
18137,2.649,1.584
18138,2.683,1.584
18139,2.659,1.584
18140,2.590,1.584
18141,2.532,1.584
18142,2.468,1.584
18143,2.444,1.584
18144,2.449,1.588
18145,2.463,1.584
18146,2.463,1.588
18147,2.449,1.584
18148,2.424,1.588
18149,2.395,1.588
18150,2.380,1.584
18151,2.366,1.588
18152,2.346,1.584
18153,2.331,1.588
18154,2.366,1.584
18155,2.488,1.584
18156,2.620,1.588
18157,2.674,1.584
18158,2.654,1.588
18159,2.595,1.584
18160,2.537,1.584
18161,2.483,1.584
18162,2.449,1.584
18163,2.458,1.584
18164,2.473,1.584
18165,2.463,1.588
18166,2.449,1.584
18167,2.434,1.588
18168,2.410,1.584
18169,2.385,1.584
18170,2.366,1.584
18171,2.351,1.584
18172,2.351,1.584
18173,2.419,1.584
18174,2.542,1.584
18175,2.644,1.584
18176,2.674,1.584
18177,2.649,1.584
18178,2.605,1.584
18179,2.546,1.584
18180,2.507,1.584
18181,2.498,1.584
18182,2.498,1.584
18183,2.493,1.584
18184,2.478,1.584
18185,2.463,1.584
18186,2.449,1.584
18187,2.429,1.584
18188,2.410,1.584
18189,2.405,1.584
18190,2.405,1.584
18191,2.493,1.584
18192,2.634,1.584
18193,2.727,1.584
18194,2.752,1.584
18195,2.717,1.584
18196,2.659,1.584
18197,2.600,1.584
18198,2.556,1.584
18199,2.556,1.584
18200,2.581,1.584
18201,2.586,1.584
18202,2.595,1.584
18203,2.581,1.584
18204,2.542,1.584
18205,2.507,1.584
18206,2.478,1.584
18207,2.463,1.584
18208,2.463,1.584
18209,2.551,1.584
18210,2.698,1.584
18211,2.805,1.584
18212,2.830,1.584
18213,2.796,1.584
18214,2.722,1.588
18215,2.644,1.584
18216,2.595,1.584
18217,2.576,1.584
18218,2.581,1.584
18219,2.590,1.584
18220,2.586,1.584
18221,2.561,1.588
18222,2.532,1.584
18223,2.498,1.588
18224,2.468,1.584
18225,2.449,1.584
18226,2.434,1.584
18227,2.488,1.584
18228,2.630,1.584
18229,2.791,1.584
18230,2.893,1.584
18231,2.884,1.584
18232,2.825,1.584
18233,2.747,1.584
18234,2.664,1.584
18235,2.615,1.584
18236,2.600,1.588
18237,2.610,1.584
18238,2.605,1.588
18239,2.581,1.584
18240,2.546,1.584
18241,2.507,1.588
18242,2.463,1.584
18243,2.434,1.588
18244,2.414,1.584
18245,2.410,1.588
18246,2.498,1.584
18247,2.678,1.588
18248,2.840,1.584
18249,2.898,1.588
18250,2.879,1.588
18251,2.810,1.584
18252,2.722,1.588
18253,2.634,1.584
18254,2.576,1.588
18255,2.566,1.584
18256,2.566,1.588
18257,2.561,1.584
18258,2.537,1.588
18259,2.502,1.588
18260,2.473,1.588
18261,2.434,1.588
18262,2.400,1.588
18263,2.370,1.588
18264,2.395,1.584
18265,2.527,1.588
18266,2.713,1.584
18267,2.849,1.588
18268,2.874,1.588
18269,2.830,1.584
18270,2.747,1.588
18271,2.659,1.584
18272,2.581,1.588
18273,2.537,1.584
18274,2.537,1.584
18275,2.537,1.584
18276,2.522,1.584
18277,2.493,1.584
18278,2.454,1.584
18279,2.424,1.584
18280,2.395,1.579
18281,2.356,1.584
18282,2.331,1.579
18283,2.341,1.584
18284,2.473,1.579
18285,2.659,1.579
18286,2.801,1.579
18287,2.830,1.579
18288,2.781,1.579
18289,2.693,1.574
18290,2.600,1.579
18291,2.517,1.574
18292,2.478,1.579
18293,2.454,1.574
18294,2.449,1.579
18295,2.449,1.574
18296,2.429,1.574
18297,2.400,1.574
18298,2.322,1.569
18299,2.258,1.574
18300,2.209,1.569
18301,2.199,1.574
18302,2.214,1.569
18303,2.297,1.569
18304,2.493,1.569
18305,2.683,1.569
18306,2.766,1.569
18307,2.742,1.564
18308,2.659,1.569
18309,2.556,1.564
18310,2.449,1.569
18311,2.395,1.564
18312,2.390,1.564
18313,2.410,1.564
18314,2.405,1.564
18315,2.385,1.564
18316,2.366,1.564
18317,2.336,1.564
18318,2.312,1.559
18319,2.297,1.564
18320,2.283,1.559
18321,2.273,1.564
18322,2.248,1.559
18323,2.273,1.559
18324,2.444,1.564
18325,2.615,1.559
18326,2.698,1.564
18327,2.674,1.559
18328,2.581,1.559
18329,2.449,1.559
18330,2.322,1.559
18331,2.243,1.559
18332,2.248,1.554
18333,2.317,1.559
18334,2.361,1.554
18335,2.366,1.559
18336,2.336,1.554
18337,2.307,1.559
18338,2.268,1.554
18339,2.234,1.559
18340,2.195,1.554
18341,2.165,1.554
18342,2.170,1.554
18343,2.283,1.554
18344,2.478,1.554
18345,2.664,1.554
18346,2.722,1.554
18347,2.678,1.554
18348,2.595,1.554
18349,2.493,1.554
18350,2.424,1.554
18351,2.380,1.554
18352,2.385,1.554
18353,2.405,1.554
18354,2.414,1.554
18355,2.400,1.554
18356,2.375,1.554
18357,2.341,1.554
18358,2.312,1.554
18359,2.278,1.549
18360,2.248,1.554
18361,2.243,1.549
18362,2.297,1.554
18363,2.468,1.549
18364,2.654,1.554
18365,2.747,1.549
18366,2.708,1.554
18367,2.610,1.549
18368,2.517,1.554
18369,2.439,1.554
18370,2.395,1.549
18371,2.390,1.554
18372,2.405,1.549
18373,2.419,1.554
18374,2.424,1.549
18375,2.395,1.554
18376,2.351,1.549
18377,2.292,1.549
18378,2.263,1.554
18379,2.263,1.549
18380,2.253,1.554
18381,2.243,1.549
18382,2.326,1.554
18383,2.502,1.554
18384,2.664,1.554
18385,2.708,1.554
18386,2.664,1.549
18387,2.576,1.554
18388,2.483,1.549
18389,2.405,1.554
18390,2.385,1.554
18391,2.400,1.554
18392,2.429,1.554
18393,2.434,1.554
18394,2.419,1.554
18395,2.400,1.554
18396,2.351,1.554
18397,2.302,1.554
18398,2.243,1.554
18399,2.199,1.554
18400,2.175,1.559
18401,2.224,1.559
18402,2.395,1.564
18403,2.620,1.564
18404,2.747,1.564
18405,2.752,1.569
18406,2.678,1.564
18407,2.576,1.569
18408,2.483,1.569
18409,2.434,1.574
18410,2.424,1.574
18411,2.458,1.574
18412,2.473,1.574
18413,2.478,1.574
18414,2.463,1.579
18415,2.434,1.579
18416,2.395,1.584
18417,2.341,1.584
18418,2.302,1.584
18419,2.283,1.584
18420,2.307,1.588
18421,2.444,1.588
18422,2.639,1.593
18423,2.771,1.593
18424,2.776,1.593
18425,2.698,1.598
18426,2.605,1.593
18427,2.522,1.598
18428,2.458,1.598
18429,2.439,1.598
18430,2.444,1.598
18431,2.463,1.603
18432,2.458,1.603
18433,2.449,1.598
18434,2.429,1.603
18435,2.400,1.598
18436,2.375,1.598
18437,2.346,1.598
18438,2.317,1.598
18439,2.326,1.598
18440,2.449,1.598
18441,2.644,1.598
18442,2.776,1.598
18443,2.801,1.598
18444,2.742,1.598
18445,2.649,1.603
18446,2.551,1.598
18447,2.483,1.603
18448,2.468,1.603
18449,2.502,1.603
18450,2.542,1.603
18451,2.576,1.603
18452,2.537,1.608
18453,2.483,1.603
18454,2.439,1.608
18455,2.414,1.608
18456,2.380,1.613
18457,2.356,1.613
18458,2.429,1.613
18459,2.615,1.618
18460,2.781,1.618
18461,2.849,1.623
18462,2.810,1.623
18463,2.727,1.628
18464,2.639,1.623
18465,2.576,1.628
18466,2.542,1.628
18467,2.532,1.628
18468,2.527,1.632
18469,2.532,1.632
18470,2.522,1.637
18471,2.502,1.637
18472,2.468,1.642
18473,2.439,1.642
18474,2.414,1.647
18475,2.400,1.647
18476,2.444,1.652
18477,2.595,1.652
18478,2.805,1.657
18479,2.933,1.657
18480,2.928,1.652
18481,2.845,1.657
18482,2.766,1.652
18483,2.664,1.652
18484,2.610,1.647
18485,2.605,1.647
18486,2.605,1.647
18487,2.590,1.642
18488,2.571,1.647
18489,2.537,1.637
18490,2.493,1.637
18491,2.434,1.632
18492,2.390,1.632
18493,2.370,1.632
18494,2.424,1.632
18495,2.595,1.632
18496,2.791,1.632
18497,2.893,1.632
18498,2.889,1.632
18499,2.815,1.632
18500,2.722,1.623
18501,2.639,1.618
18502,2.566,1.608
18503,2.551,1.598
18504,2.551,1.588
18505,2.546,1.569
18506,2.512,1.579
18507,2.468,1.593
18508,2.419,1.613
18509,2.366,1.637
18510,2.326,1.672
18511,2.317,1.706
18512,2.380,1.735
18513,2.537,1.769
18514,2.752,1.794
18515,2.903,1.823
18516,2.937,1.843
18517,2.854,1.862
18518,2.752,1.877
18519,2.639,1.891
18520,2.542,1.906
18521,2.502,1.911
18522,2.473,1.926
18523,2.449,1.931
18524,2.419,1.945
18525,2.410,1.945
18526,2.419,1.955
18527,2.410,1.955
18528,2.390,1.965
18529,2.366,1.965
18530,2.336,1.970
18531,2.375,1.975
18532,2.537,1.975
18533,2.722,1.979
18534,2.815,1.979
18535,2.801,1.984
18536,2.732,1.984
18537,2.630,1.989
18538,2.537,1.984
18539,2.488,1.984
18540,2.478,1.989
18541,2.483,1.984
18542,2.478,1.989
18543,2.444,1.984
18544,2.419,1.989
18545,2.400,1.984
18546,2.375,1.984
18547,2.341,1.984
18548,2.307,1.984
18549,2.312,1.984
18550,2.444,1.979
18551,2.644,1.984
18552,2.801,1.979
18553,2.830,1.984
18554,2.761,1.979
18555,2.674,1.979
18556,2.586,1.979
18557,2.517,1.979
18558,2.488,1.979
18559,2.483,1.979
18560,2.473,1.979
18561,2.454,1.975
18562,2.434,1.979
18563,2.400,1.979
18564,2.380,1.979
18565,2.356,1.979
18566,2.322,1.979
18567,2.326,1.979
18568,2.429,1.975
18569,2.605,1.979
18570,2.752,1.975
18571,2.786,1.979
18572,2.722,1.975
18573,2.630,1.975
18574,2.546,1.975
18575,2.483,1.975
18576,2.458,1.975
18577,2.458,1.970
18578,2.463,1.975
18579,2.454,1.970
18580,2.429,1.975
18581,2.385,1.970
18582,2.346,1.975
18583,2.302,1.970
18584,2.263,1.970
18585,2.243,1.970
18586,2.302,1.970
18587,2.483,1.975
18588,2.698,1.965
18589,2.791,1.975
18590,2.771,1.965
18591,2.678,1.970
18592,2.571,1.970
18593,2.463,1.970
18594,2.410,1.970
18595,2.410,1.965
18596,2.434,1.970
18597,2.454,1.965
18598,2.434,1.970
18599,2.400,1.965
18600,2.361,1.965
18601,2.322,1.965
18602,2.287,1.965
18603,2.278,1.970
18604,2.278,1.965
18605,2.370,1.965
18606,2.566,1.960
18607,2.732,1.965
18608,2.752,1.960
18609,2.649,1.965
18610,2.546,1.965
18611,2.473,1.960
18612,2.449,1.965
18613,2.458,1.960
18614,2.488,1.965
18615,2.488,1.960
18616,2.468,1.960
18617,2.429,1.960
18618,2.385,1.960
18619,2.361,1.960
18620,2.336,1.955
18621,2.317,1.960
18622,2.322,1.955
18623,2.434,1.960
18624,2.639,1.955
18625,2.801,1.955
18626,2.845,1.955
18627,2.786,1.955
18628,2.683,1.955
18629,2.556,1.950
18630,2.458,1.955
18631,2.410,1.950
18632,2.419,1.955
18633,2.434,1.950
18634,2.429,1.950
18635,2.419,1.950
18636,2.385,1.950
18637,2.356,1.950
18638,2.317,1.950
18639,2.287,1.950
18640,2.268,1.945
18641,2.283,1.950
18642,2.424,1.945
18643,2.625,1.950
18644,2.752,1.950
18645,2.757,1.945
18646,2.678,1.950
18647,2.566,1.945
18648,2.454,1.950
18649,2.390,1.945
18650,2.375,1.945
18651,2.385,1.945
18652,2.405,1.945
18653,2.419,1.945
18654,2.434,1.940
18655,2.424,1.945
18656,2.405,1.940
18657,2.380,1.945
18658,2.351,1.940
18659,2.326,1.940
18660,2.322,1.945
18661,2.439,1.940
18662,2.620,1.945
18663,2.786,1.940
18664,2.830,1.940
18665,2.776,1.940
18666,2.678,1.935
18667,2.576,1.940
18668,2.493,1.935
18669,2.468,1.940
18670,2.483,1.935
18671,2.502,1.935
18672,2.488,1.935
18673,2.463,1.935
18674,2.424,1.935
18675,2.380,1.931
18676,2.356,1.935
18677,2.336,1.935
18678,2.322,1.935
18679,2.317,1.935
18680,2.400,1.931
18681,2.586,1.935
18682,2.766,1.931
18683,2.845,1.935
18684,2.810,1.931
18685,2.717,1.935
18686,2.610,1.931
18687,2.522,1.931
18688,2.483,1.931
18689,2.478,1.931
18690,2.488,1.931
18691,2.493,1.926
18692,2.483,1.931
18693,2.458,1.926
18694,2.419,1.931
18695,2.380,1.926
18696,2.356,1.931
18697,2.331,1.926
18698,2.331,1.926
18699,2.439,1.931
18700,2.644,1.926
18701,2.791,1.931
18702,2.835,1.926
18703,2.781,1.931
18704,2.693,1.926
18705,2.600,1.926
18706,2.527,1.926
18707,2.498,1.926
18708,2.502,1.931
18709,2.522,1.926
18710,2.527,1.931
18711,2.502,1.926
18712,2.473,1.931
18713,2.444,1.926
18714,2.405,1.926
18715,2.380,1.926
18716,2.351,1.926
18717,2.375,1.926
18718,2.527,1.926
18719,2.713,1.931
18720,2.820,1.926
18721,2.825,1.931
18722,2.757,1.926
18723,2.664,1.926
18724,2.571,1.926
18725,2.512,1.926
18726,2.502,1.926
18727,2.517,1.926
18728,2.527,1.931
18729,2.507,1.926
18730,2.468,1.931
18731,2.424,1.926
18732,2.375,1.926
18733,2.346,1.926
18734,2.312,1.926
18735,2.326,1.931
18736,2.454,1.926
18737,2.654,1.931
18738,2.786,1.926
18739,2.805,1.926
18740,2.747,1.926
18741,2.654,1.926
18742,2.556,1.926
18743,2.498,1.926
18744,2.478,1.931
18745,2.488,1.926
18746,2.488,1.931
18747,2.483,1.926
18748,2.444,1.931
18749,2.395,1.926
18750,2.351,1.926
18751,2.326,1.926
18752,2.302,1.926
18753,2.283,1.931
18754,2.322,1.926
18755,2.463,1.931
18756,2.669,1.926
18757,2.781,1.926
18758,2.796,1.926
18759,2.732,1.926
18760,2.644,1.931
18761,2.551,1.926
18762,2.483,1.931
18763,2.463,1.926
18764,2.473,1.931
18765,2.478,1.926
18766,2.463,1.926
18767,2.434,1.926
18768,2.400,1.926
18769,2.361,1.926
18770,2.336,1.926
18771,2.297,1.926
18772,2.278,1.921
18773,2.302,1.926
18774,2.444,1.921
18775,2.644,1.921
18776,2.771,1.921
18777,2.796,1.921
18778,2.717,1.921
18779,2.615,1.916
18780,2.522,1.921
18781,2.463,1.916
18782,2.449,1.921
18783,2.463,1.916
18784,2.468,1.916
18785,2.434,1.916
18786,2.400,1.916
18787,2.356,1.916
18788,2.312,1.916
18789,2.273,1.916
18790,2.253,1.916
18791,2.234,1.916
18792,2.239,1.916
18793,2.336,1.916
18794,2.527,1.916
18795,2.683,1.916
18796,2.737,1.916
18797,2.678,1.916
18798,2.595,1.916
18799,2.507,1.916
18800,2.429,1.916
18801,2.405,1.911
18802,2.405,1.916
18803,2.410,1.911
18804,2.414,1.916
18805,2.400,1.916
18806,2.370,1.911
18807,2.326,1.916
18808,2.297,1.911
18809,2.278,1.916
18810,2.258,1.911
18811,2.243,1.911
18812,2.287,1.911
18813,2.449,1.911
18814,2.639,1.906
18815,2.742,1.906
18816,2.732,1.906
18817,2.669,1.901
18818,2.576,1.901
18819,2.493,1.901
18820,2.439,1.901
18821,2.429,1.901
18822,2.419,1.901
18823,2.414,1.901
18824,2.405,1.901
18825,2.385,1.901
18826,2.351,1.901
18827,2.312,1.901
18828,2.273,1.901
18829,2.253,1.901
18830,2.239,1.901
18831,2.239,1.901
18832,2.273,1.901
18833,2.419,1.901
18834,2.610,1.901
18835,2.717,1.896
18836,2.727,1.901
18837,2.669,1.896
18838,2.581,1.901
18839,2.507,1.896
18840,2.454,1.896
18841,2.449,1.896
18842,2.468,1.896
18843,2.483,1.896
18844,2.468,1.896
18845,2.429,1.896
18846,2.395,1.891
18847,2.346,1.896
18848,2.312,1.891
18849,2.292,1.891
18850,2.278,1.891
18851,2.248,1.891
18852,2.239,1.891
18853,2.336,1.887
18854,2.537,1.891
18855,2.727,1.887
18856,2.796,1.891
18857,2.747,1.887
18858,2.649,1.891
18859,2.556,1.891
18860,2.468,1.891
18861,2.488,1.887
18862,2.473,1.887
18863,2.449,1.891
18864,2.424,1.887
18865,2.395,1.891
18866,2.366,1.887
18867,2.341,1.891
18868,2.312,1.887
18869,2.297,1.887
18870,2.351,1.891
18871,2.454,1.887
18872,2.630,1.887
18873,2.737,1.887
18874,2.742,1.887
18875,2.669,1.887
18876,2.586,1.887
18877,2.517,1.887
18878,2.527,1.887
18879,2.512,1.891
18880,2.498,1.887
18881,2.463,1.891
18882,2.434,1.891
18883,2.405,1.891
18884,2.380,1.891
18885,2.346,1.887
18886,2.322,1.891
18887,2.351,1.887
18888,2.434,1.887
18889,2.605,1.887
18890,2.747,1.882
18891,2.771,1.887
18892,2.688,1.882
18893,2.590,1.887
18894,2.493,1.882
18895,2.419,1.887
18896,2.424,1.887
18897,2.400,1.882
18898,2.370,1.882
18899,2.351,1.877
18900,2.326,1.882
18901,2.312,1.877
18902,2.302,1.877
18903,2.287,1.877
18904,2.263,1.877
18905,2.385,1.872
18906,2.517,1.867
18907,2.659,1.872
18908,2.713,1.867
18909,2.674,1.867
18910,2.600,1.867
18911,2.527,1.862
18912,2.463,1.867
18913,2.424,1.862
18914,2.473,1.867
18915,2.424,1.867
18916,2.375,1.862
18917,2.331,1.867
18918,2.307,1.862
18919,2.297,1.867
18920,2.292,1.862
18921,2.292,1.867
18922,2.287,1.862
18923,2.502,1.862
18924,2.639,1.867
18925,2.722,1.862
18926,2.717,1.867
18927,2.659,1.862
18928,2.590,1.867
18929,2.527,1.867
18930,2.473,1.862
18931,2.493,1.867
18932,2.473,1.862
18933,2.449,1.867
18934,2.419,1.862
18935,2.400,1.867
18936,2.380,1.862
18937,2.356,1.867
18938,2.326,1.867
18939,2.307,1.862
18940,2.542,1.867
18941,2.688,1.862
18942,2.761,1.867
18943,2.742,1.862
18944,2.693,1.862
18945,2.625,1.867
18946,2.556,1.862
18947,2.502,1.867
18948,2.483,1.862
18949,2.527,1.862
18950,2.483,1.867
18951,2.434,1.862
18952,2.400,1.867
18953,2.380,1.862
18954,2.370,1.867
18955,2.346,1.862
18956,2.317,1.867
18957,2.341,1.867
18958,2.791,1.867
18959,2.810,1.867
18960,2.742,1.867
18961,2.659,1.867
18962,2.581,1.862
18963,2.522,1.867
18964,2.488,1.867
18965,2.478,1.867
18966,2.502,1.867
18967,2.532,1.862
18968,2.463,1.872
18969,2.405,1.867
18970,2.361,1.867
18971,2.341,1.867
18972,2.322,1.867
18973,2.312,1.867
18974,2.370,1.862
18975,2.556,1.867
18976,2.884,1.867
18977,2.820,1.867
18978,2.732,1.867
18979,2.674,1.867
18980,2.595,1.867
18981,2.546,1.867
18982,2.507,1.872
18983,2.507,1.867
18984,2.478,1.872
18985,2.439,1.867
18986,2.395,1.872
18987,2.366,1.867
18988,2.346,1.872
18989,2.346,1.867
18990,2.341,1.872
18991,2.366,1.867
18992,2.512,1.867
18993,2.859,1.872
18994,2.796,1.867
18995,2.688,1.872
18996,2.586,1.867
18997,2.498,1.867
18998,2.458,1.872
18999,2.454,1.867
19000,2.488,1.872
19001,2.502,1.867
19002,2.473,1.867
19003,2.390,1.872
19004,2.326,1.867
19005,2.292,1.872
19006,2.273,1.867
19007,2.273,1.872
19008,2.302,1.867
19009,2.410,1.872
19010,2.600,1.867
19011,2.810,1.867
19012,2.698,1.872
19013,2.590,1.867
19014,2.502,1.872
19015,2.454,1.867
19016,2.458,1.872
19017,2.488,1.867
19018,2.512,1.872
19019,2.488,1.872
19020,2.400,1.867
19021,2.326,1.872
19022,2.283,1.867
19023,2.287,1.872
19024,2.292,1.872
19025,2.336,1.872
19026,2.473,1.872
19027,2.678,1.867
19028,2.830,1.877
19029,2.801,1.872
19030,2.678,1.872
19031,2.571,1.872
19032,2.507,1.872
19033,2.488,1.877
19034,2.512,1.867
19035,2.537,1.872
19036,2.527,1.867
19037,2.502,1.872
19038,2.458,1.872
19039,2.395,1.872
19040,2.370,1.872
19041,2.346,1.872
19042,2.356,1.877
19043,2.488,1.867
19044,2.674,1.877
19045,2.786,1.872
19046,2.713,1.872
19047,2.586,1.877
19048,2.498,1.872
19049,2.463,1.877
19050,2.483,1.867
19051,2.512,1.877
19052,2.527,1.872
19053,2.488,1.872
19054,2.424,1.872
19055,2.370,1.867
19056,2.317,1.877
19057,2.287,1.872
19058,2.287,1.877
19059,2.361,1.872
19060,2.556,1.872
19061,2.752,1.877
19062,2.840,1.872
19063,2.815,1.877
19064,2.630,1.872
19065,2.507,1.872
19066,2.449,1.872
19067,2.449,1.877
19068,2.473,1.877
19069,2.478,1.872
19070,2.468,1.877
19071,2.454,1.872
19072,2.424,1.877
19073,2.390,1.877
19074,2.346,1.877
19075,2.322,1.877
19076,2.366,1.872
19077,2.532,1.877
19078,2.727,1.872
19079,2.835,1.877
19080,2.810,1.872
19081,2.713,1.877
19082,2.483,1.872
19083,2.473,1.877
19084,2.468,1.877
19085,2.444,1.877
19086,2.414,1.877
19087,2.395,1.872
19088,2.361,1.877
19089,2.322,1.872
19090,2.297,1.877
19091,2.322,1.877
19092,2.458,1.877
19093,2.683,1.872
19094,2.801,1.877
19095,2.801,1.877
19096,2.737,1.877
19097,2.664,1.877
19098,2.566,1.872
19099,2.483,1.877
19100,2.439,1.872
19101,2.424,1.877
19102,2.424,1.872
19103,2.424,1.877
19104,2.419,1.877
19105,2.414,1.872
19106,2.405,1.877
19107,2.395,1.872
19108,2.356,1.877
19109,2.302,1.872
19110,2.302,1.877
19111,2.414,1.872
19112,2.649,1.877
19113,2.771,1.867
19114,2.791,1.872
19115,2.732,1.872
19116,2.644,1.872
19117,2.566,1.872
19118,2.502,1.867
19119,2.458,1.872
19120,2.454,1.867
19121,2.444,1.867
19122,2.429,1.862
19123,2.414,1.867
19124,2.400,1.862
19125,2.370,1.867
19126,2.331,1.862
19127,2.287,1.862
19128,2.268,1.862
19129,2.297,1.857
19130,2.424,1.862
19131,2.639,1.857
19132,2.786,1.862
19133,2.810,1.857
19134,2.732,1.857
19135,2.630,1.857
19136,2.527,1.857
19137,2.473,1.857
19138,2.454,1.852
19139,2.463,1.857
19140,2.478,1.852
19141,2.478,1.852
19142,2.444,1.852
19143,2.395,1.852
19144,2.356,1.852
19145,2.331,1.848
19146,2.312,1.852
19147,2.322,1.848
19148,2.326,1.848
19149,2.395,1.843
19150,2.561,1.848
19151,2.713,1.843
19152,2.761,1.843
19153,2.722,1.843
19154,2.639,1.838
19155,2.556,1.843
19156,2.488,1.838
19157,2.463,1.843
19158,2.473,1.833
19159,2.483,1.838
19160,2.483,1.833
19161,2.458,1.838
19162,2.414,1.838
19163,2.380,1.833
19164,2.356,1.838
19165,2.336,1.833
19166,2.322,1.838
19167,2.317,1.828
19168,2.370,1.833
19169,2.522,1.833
19170,2.683,1.828
19171,2.752,1.833
19172,2.722,1.828
19173,2.639,1.833
19174,2.561,1.828
19175,2.493,1.828
19176,2.463,1.828
19177,2.473,1.828
19178,2.498,1.828
19179,2.488,1.823
19180,2.468,1.828
19181,2.439,1.823
19182,2.405,1.828
19183,2.375,1.823
19184,2.361,1.828
19185,2.341,1.828
19186,2.331,1.823
19187,2.380,1.828
19188,2.537,1.823
19189,2.698,1.823
19190,2.781,1.823
19191,2.771,1.823
19192,2.693,1.823
19193,2.605,1.823
19194,2.522,1.823
19195,2.468,1.818
19196,2.468,1.823
19197,2.488,1.818
19198,2.502,1.823
19199,2.483,1.818
19200,2.434,1.823
19201,2.405,1.818
19202,2.375,1.823
19203,2.361,1.823
19204,2.331,1.818
19205,2.312,1.823
19206,2.351,1.818
19207,2.512,1.818
19208,2.708,1.818
19209,2.825,1.818
19210,2.830,1.818
19211,2.766,1.818
19212,2.678,1.818
19213,2.581,1.813
19214,2.517,1.818
19215,2.498,1.813
19216,2.507,1.818
19217,2.522,1.818
19218,2.517,1.818
19219,2.483,1.818
19220,2.439,1.813
19221,2.405,1.818
19222,2.385,1.813
19223,2.361,1.818
19224,2.336,1.813
19225,2.317,1.818
19226,2.346,1.813
19227,2.512,1.818
19228,2.688,1.813
19229,2.786,1.818
19230,2.796,1.813
19231,2.732,1.813
19232,2.649,1.818
19233,2.571,1.813
19234,2.527,1.818
19235,2.522,1.813
19236,2.517,1.818
19237,2.517,1.813
19238,2.502,1.813
19239,2.463,1.818
19240,2.424,1.813
19241,2.395,1.818
19242,2.346,1.813
19243,2.302,1.818
19244,2.278,1.818
19245,2.297,1.813
19246,2.434,1.818
19247,2.620,1.813
19248,2.713,1.818
19249,2.688,1.813
19250,2.595,1.818
19251,2.507,1.813
19252,2.449,1.818
19253,2.419,1.818
19254,2.434,1.818
19255,2.463,1.813
19256,2.488,1.813
19257,2.478,1.818
19258,2.449,1.813
19259,2.400,1.818
19260,2.356,1.813
19261,2.326,1.818
19262,2.297,1.813
19263,2.273,1.813
19264,2.258,1.818
19265,2.292,1.813
19266,2.424,1.818
19267,2.595,1.813
19268,2.713,1.818
19269,2.722,1.813
19270,2.669,1.818
19271,2.605,1.818
19272,2.532,1.813
19273,2.473,1.818
19274,2.458,1.813
19275,2.458,1.818
19276,2.468,1.813
19277,2.454,1.818
19278,2.429,1.818
19279,2.410,1.818
19280,2.380,1.818
19281,2.351,1.818
19282,2.322,1.818
19283,2.292,1.818
19284,2.258,1.818
19285,2.268,1.813
19286,2.395,1.823
19287,2.571,1.818
19288,2.708,1.818
19289,2.732,1.818
19290,2.678,1.818
19291,2.605,1.823
19292,2.532,1.818
19293,2.463,1.823
19294,2.444,1.818
19295,2.444,1.823
19296,2.454,1.818
19297,2.444,1.823
19298,2.434,1.823
19299,2.414,1.818
19300,2.390,1.823
19301,2.361,1.818
19302,2.336,1.823
19303,2.322,1.818
19304,2.307,1.823
19305,2.302,1.823
19306,2.361,1.823
19307,2.512,1.823
19308,2.683,1.823
19309,2.747,1.823
19310,2.722,1.823
19311,2.649,1.823
19312,2.571,1.818
19313,2.493,1.828
19314,2.458,1.823
19315,2.458,1.823
19316,2.483,1.823
19317,2.488,1.823
19318,2.478,1.823
19319,2.468,1.823
19320,2.444,1.828
19321,2.380,1.823
19322,2.317,1.828
19323,2.287,1.823
19324,2.273,1.823
19325,2.253,1.823
19326,2.287,1.823
19327,2.405,1.828
19328,2.551,1.818
19329,2.620,1.828
19330,2.605,1.823
19331,2.546,1.823
19332,2.483,1.823
19333,2.429,1.823
19334,2.405,1.828
19335,2.400,1.823
19336,2.414,1.823
19337,2.414,1.823
19338,2.410,1.828
19339,2.405,1.823
19340,2.380,1.828
19341,2.361,1.823
19342,2.331,1.823
19343,2.307,1.823
19344,2.283,1.823
19345,2.263,1.828
19346,2.287,1.823
19347,2.410,1.828
19348,2.586,1.823
19349,2.693,1.828
19350,2.717,1.828
19351,2.664,1.828
19352,2.586,1.828
19353,2.522,1.823
19354,2.473,1.828
19355,2.463,1.823
19356,2.483,1.828
19357,2.507,1.828
19358,2.512,1.828
19359,2.493,1.828
19360,2.458,1.828
19361,2.414,1.828
19362,2.356,1.828
19363,2.317,1.828
19364,2.297,1.823
19365,2.317,1.828
19366,2.419,1.823
19367,2.586,1.828
19368,2.727,1.828
19369,2.761,1.828
19370,2.708,1.828
19371,2.620,1.828
19372,2.542,1.828
19373,2.483,1.823
19374,2.458,1.828
19375,2.473,1.828
19376,2.502,1.828
19377,2.507,1.828
19378,2.483,1.828
19379,2.434,1.833
19380,2.390,1.828
19381,2.356,1.833
19382,2.336,1.828
19383,2.341,1.833
19384,2.356,1.833
19385,2.390,1.833
19386,2.502,1.838
19387,2.664,1.838
19388,2.776,1.838
19389,2.791,1.838
19390,2.732,1.838
19391,2.649,1.833
19392,2.571,1.833
19393,2.502,1.833
19394,2.468,1.833
19395,2.483,1.828
19396,2.507,1.828
19397,2.527,1.828
19398,2.517,1.823
19399,2.488,1.828
19400,2.454,1.823
19401,2.429,1.828
19402,2.400,1.823
19403,2.366,1.823
19404,2.356,1.828
19405,2.395,1.823
19406,2.517,1.828
19407,2.678,1.823
19408,2.776,1.828
19409,2.786,1.828
19410,2.722,1.828
19411,2.649,1.828
19412,2.571,1.828
19413,2.532,1.828
19414,2.522,1.828
19415,2.532,1.828
19416,2.537,1.828
19417,2.537,1.828
19418,2.512,1.823
19419,2.478,1.828
19420,2.458,1.828
19421,2.424,1.828
19422,2.400,1.828
19423,2.380,1.828
19424,2.390,1.833
19425,2.478,1.828
19426,2.639,1.833
19427,2.766,1.828
19428,2.801,1.833
19429,2.752,1.833
19430,2.678,1.833
19431,2.600,1.833
19432,2.537,1.828
19433,2.512,1.833
19434,2.517,1.833
19435,2.532,1.833
19436,2.527,1.833
19437,2.517,1.833
19438,2.493,1.833
19439,2.463,1.833
19440,2.419,1.838
19441,2.380,1.833
19442,2.346,1.838
19443,2.336,1.838
19444,2.434,1.838
19445,2.600,1.838
19446,2.732,1.838
19447,2.776,1.838
19448,2.732,1.838
19449,2.654,1.838
19450,2.571,1.838
19451,2.507,1.838
19452,2.483,1.838
19453,2.502,1.838
19454,2.527,1.838
19455,2.537,1.843
19456,2.522,1.843
19457,2.502,1.843
19458,2.458,1.843
19459,2.419,1.848
19460,2.390,1.848
19461,2.366,1.848
19462,2.356,1.848
19463,2.439,1.848
19464,2.600,1.848
19465,2.737,1.848
19466,2.796,1.848
19467,2.771,1.852
19468,2.703,1.848
19469,2.620,1.852
19470,2.542,1.848
19471,2.507,1.852
19472,2.498,1.852
19473,2.502,1.852
19474,2.502,1.852
19475,2.473,1.852
19476,2.424,1.852
19477,2.366,1.852
19478,2.317,1.848
19479,2.292,1.848
19480,2.283,1.848
19481,2.312,1.848
19482,2.410,1.848
19483,2.576,1.848
19484,2.717,1.848
19485,2.742,1.848
19486,2.698,1.848
19487,2.615,1.848
19488,2.527,1.848
19489,2.454,1.852
19490,2.439,1.852
19491,2.424,1.852
19492,2.405,1.852
19493,2.395,1.852
19494,2.375,1.852
19495,2.361,1.852
19496,2.336,1.852
19497,2.302,1.852
19498,2.283,1.852
19499,2.287,1.848
19500,2.356,1.852
19501,2.498,1.852
19502,2.625,1.852
19503,2.669,1.852
19504,2.630,1.848
19505,2.551,1.852
19506,2.468,1.848
19507,2.400,1.852
19508,2.370,1.848
19509,2.366,1.848
19510,2.370,1.848
19511,2.370,1.848
19512,2.351,1.848
19513,2.346,1.848
19514,2.366,1.848
19515,2.390,1.848
19516,2.405,1.848
19517,2.400,1.848
19518,2.405,1.843
19519,2.449,1.848
19520,2.586,1.843
19521,2.708,1.848
19522,2.752,1.843
19523,2.737,1.843
19524,2.669,1.843
19525,2.610,1.843
19526,2.556,1.843
19527,2.542,1.843
19528,2.551,1.843
19529,2.566,1.838
19530,2.561,1.843
19531,2.542,1.838
19532,2.493,1.838
19533,2.454,1.838
19534,2.424,1.838
19535,2.390,1.838
19536,2.361,1.838
19537,2.361,1.838
19538,2.458,1.838
19539,2.615,1.838
19540,2.747,1.838
19541,2.786,1.833
19542,2.766,1.838
19543,2.713,1.833
19544,2.639,1.838
19545,2.581,1.833
19546,2.542,1.838
19547,2.532,1.838
19548,2.537,1.838
19549,2.522,1.838
19550,2.493,1.833
19551,2.454,1.838
19552,2.405,1.833
19553,2.370,1.838
19554,2.331,1.833
19555,2.312,1.838
19556,2.375,1.833
19557,2.522,1.833
19558,2.654,1.833
19559,2.713,1.833
19560,2.678,1.833
19561,2.561,1.833
19562,2.454,1.833
19563,2.395,1.833
19564,2.366,1.833
19565,2.380,1.833
19566,2.414,1.833
19567,2.429,1.833
19568,2.429,1.828
19569,2.405,1.833
19570,2.370,1.828
19571,2.331,1.828
19572,2.268,1.828
19573,2.214,1.828
19574,2.165,1.823
19575,2.175,1.823
19576,2.302,1.823
19577,2.473,1.818
19578,2.615,1.818
19579,2.644,1.818
19580,2.595,1.818
19581,2.532,1.813
19582,2.473,1.813
19583,2.434,1.813
19584,2.424,1.813
19585,2.424,1.813
19586,2.424,1.808
19587,2.405,1.808
19588,2.370,1.808
19589,2.331,1.808
19590,2.307,1.808
19591,2.283,1.808
19592,2.253,1.808
19593,2.234,1.804
19594,2.248,1.804
19595,2.351,1.804
19596,2.522,1.804
19597,2.654,1.804
19598,2.688,1.804
19599,2.649,1.799
19600,2.595,1.799
19601,2.537,1.799
19602,2.473,1.799
19603,2.439,1.799
19604,2.424,1.799
19605,2.419,1.799
19606,2.400,1.799
19607,2.375,1.799
19608,2.351,1.794
19609,2.331,1.799
19610,2.312,1.794
19611,2.302,1.794
19612,2.302,1.794
19613,2.302,1.794
19614,2.312,1.794
19615,2.537,1.794
19616,2.659,1.794
19617,2.698,1.794
19618,2.669,1.794
19619,2.600,1.794
19620,2.532,1.789
19621,2.473,1.794
19622,2.439,1.789
19623,2.429,1.789
19624,2.439,1.789
19625,2.439,1.789
19626,2.434,1.789
19627,2.414,1.789
19628,2.375,1.789
19629,2.346,1.789
19630,2.331,1.789
19631,2.322,1.789
19632,2.322,1.789
19633,2.317,1.789
19634,2.312,1.789
19635,2.366,1.789
19636,2.493,1.789
19637,2.649,1.789
19638,2.727,1.789
19639,2.727,1.789
19640,2.678,1.784
19641,2.615,1.784
19642,2.542,1.779
19643,2.488,1.779
19644,2.478,1.779
19645,2.473,1.774
19646,2.473,1.769
19647,2.473,1.764
19648,2.454,1.760
19649,2.419,1.750
19650,2.370,1.745
19651,2.317,1.735
19652,2.292,1.730
19653,2.283,1.720
19654,2.283,1.711
19655,2.351,1.701
19656,2.498,1.691
19657,2.649,1.686
19658,2.722,1.672
19659,2.698,1.662
19660,2.634,1.652
19661,2.576,1.647
19662,2.522,1.637
19663,2.493,1.632
19664,2.507,1.628
19665,2.542,1.623
19666,2.556,1.618
19667,2.532,1.618
19668,2.493,1.613
19669,2.449,1.613
19670,2.414,1.613
19671,2.385,1.613
19672,2.366,1.613
19673,2.346,1.613
19674,2.390,1.613
19675,2.507,1.613
19676,2.644,1.608
19677,2.727,1.608
19678,2.732,1.608
19679,2.688,1.608
19680,2.625,1.608
19681,2.571,1.608
19682,2.527,1.608
19683,2.522,1.603
19684,2.532,1.603
19685,2.551,1.603
19686,2.556,1.603
19687,2.537,1.598
19688,2.502,1.598
19689,2.468,1.603
19690,2.449,1.598
19691,2.419,1.603
19692,2.400,1.598
19693,2.400,1.603
19694,2.449,1.598
19695,2.571,1.598
19696,2.693,1.598
19697,2.732,1.598
19698,2.703,1.598
19699,2.625,1.593
19700,2.542,1.598
19701,2.483,1.593
19702,2.449,1.598
19703,2.444,1.598
19704,2.458,1.598
19705,2.458,1.598
19706,2.449,1.593
19707,2.429,1.598
19708,2.405,1.593
19709,2.380,1.593
19710,2.366,1.593
19711,2.351,1.593
19712,2.351,1.593
19713,2.424,1.593
19714,2.556,1.593
19715,2.669,1.593
19716,2.717,1.593
19717,2.693,1.593
19718,2.639,1.598
19719,2.561,1.593
19720,2.493,1.598
19721,2.458,1.593
19722,2.458,1.593
19723,2.468,1.593
19724,2.473,1.593
19725,2.478,1.598
19726,2.478,1.593
19727,2.463,1.598
19728,2.414,1.593
19729,2.361,1.598
19730,2.331,1.593
19731,2.366,1.598
19732,2.478,1.598
19733,2.600,1.598
19734,2.669,1.598
19735,2.674,1.593
19736,2.634,1.598
19737,2.586,1.593
19738,2.507,1.598
19739,2.434,1.598
19740,2.439,1.593
19741,2.463,1.598
19742,2.488,1.593
19743,2.493,1.598
19744,2.483,1.593
19745,2.458,1.593
19746,2.419,1.593
19747,2.390,1.593
19748,2.356,1.593
19749,2.390,1.593
19750,2.527,1.593
19751,2.659,1.593
19752,2.737,1.593
19753,2.732,1.593
19754,2.678,1.593
19755,2.615,1.593
19756,2.556,1.588
19757,2.517,1.593
19758,2.502,1.588
19759,2.507,1.588
19760,2.493,1.588
19761,2.473,1.588
19762,2.444,1.588
19763,2.419,1.588
19764,2.400,1.588
19765,2.390,1.584
19766,2.390,1.584
19767,2.468,1.584
19768,2.625,1.584
19769,2.747,1.579
19770,2.781,1.584
19771,2.742,1.579
19772,2.674,1.579
19773,2.620,1.579
19774,2.581,1.579
19775,2.576,1.579
19776,2.586,1.574
19777,2.581,1.579
19778,2.556,1.574
19779,2.517,1.579
19780,2.478,1.574
19781,2.449,1.574
19782,2.424,1.574
19783,2.410,1.574
19784,2.414,1.574
19785,2.512,1.569
19786,2.683,1.574
19787,2.805,1.569
19788,2.845,1.569
19789,2.805,1.569
19790,2.742,1.569
19791,2.664,1.569
19792,2.605,1.569
19793,2.571,1.569
19794,2.566,1.569
19795,2.576,1.569
19796,2.576,1.564
19797,2.566,1.569
19798,2.537,1.564
19799,2.502,1.569
19800,2.444,1.564
19801,2.395,1.564
19802,2.351,1.564
19803,2.390,1.564
19804,2.551,1.564
19805,2.742,1.564
19806,2.859,1.569
19807,2.893,1.564
19808,2.854,1.564
19809,2.771,1.564
19810,2.669,1.564
19811,2.600,1.564
19812,2.561,1.564
19813,2.566,1.564
19814,2.571,1.564
19815,2.571,1.564
19816,2.576,1.564
19817,2.546,1.564
19818,2.502,1.564
19819,2.468,1.564
19820,2.439,1.564
19821,2.410,1.564
19822,2.449,1.564
19823,2.605,1.559
19824,2.771,1.564
19825,2.854,1.559
19826,2.835,1.564
19827,2.766,1.559
19828,2.683,1.559
19829,2.595,1.559
19830,2.527,1.559
19831,2.512,1.559
19832,2.517,1.559
19833,2.532,1.559
19834,2.527,1.554
19835,2.507,1.559
19836,2.473,1.554
19837,2.454,1.559
19838,2.390,1.559
19839,2.307,1.559
19840,2.263,1.559
19841,2.287,1.554
19842,2.419,1.559
19843,2.551,1.554
19844,2.586,1.559
19845,2.556,1.554
19846,2.507,1.554
19847,2.473,1.554
19848,2.444,1.559
19849,2.419,1.554
19850,2.395,1.554
19851,2.385,1.554
19852,2.366,1.554
19853,2.366,1.554
19854,2.351,1.554
19855,2.322,1.554
19856,2.297,1.549
19857,2.273,1.554
19858,2.253,1.549
19859,2.239,1.549
19860,2.283,1.554
19861,2.424,1.549
19862,2.586,1.554
19863,2.659,1.549
19864,2.644,1.549
19865,2.581,1.549
19866,2.507,1.549
19867,2.439,1.544
19868,2.405,1.549
19869,2.395,1.544
19870,2.414,1.544
19871,2.439,1.544
19872,2.429,1.540
19873,2.410,1.544
19874,2.375,1.540
19875,2.331,1.540
19876,2.287,1.540
19877,2.253,1.540
19878,2.234,1.535
19879,2.297,1.535
19880,2.449,1.535
19881,2.590,1.535
19882,2.659,1.535
19883,2.644,1.530
19884,2.590,1.530
19885,2.532,1.530
19886,2.463,1.530
19887,2.414,1.525
19888,2.405,1.530
19889,2.410,1.525
19890,2.405,1.525
19891,2.395,1.525
19892,2.380,1.520
19893,2.375,1.525
19894,2.366,1.520
19895,2.336,1.520
19896,2.317,1.515
19897,2.302,1.515
19898,2.312,1.515
19899,2.390,1.515
19900,2.546,1.515
19901,2.669,1.510
19902,2.678,1.510
19903,2.620,1.510
19904,2.537,1.510
19905,2.454,1.505
19906,2.410,1.510
19907,2.414,1.505
19908,2.414,1.505
19909,2.414,1.505
19910,2.424,1.505
19911,2.405,1.505
19912,2.370,1.500
19913,2.341,1.500
19914,2.307,1.500
19915,2.273,1.500
19916,2.263,1.496
19917,2.253,1.496
19918,2.312,1.496
19919,2.458,1.496
19920,2.605,1.496
19921,2.654,1.491
19922,2.630,1.496
19923,2.566,1.491
19924,2.502,1.491
19925,2.449,1.491
19926,2.414,1.491
19927,2.414,1.491
19928,2.429,1.486
19929,2.429,1.486
19930,2.414,1.486
19931,2.390,1.486
19932,2.346,1.486
19933,2.302,1.486
19934,2.283,1.481
19935,2.283,1.486
19936,2.273,1.481
19937,2.322,1.481
19938,2.458,1.481
19939,2.600,1.481
19940,2.674,1.481
19941,2.659,1.476
19942,2.586,1.481
19943,2.512,1.476
19944,2.454,1.476
19945,2.424,1.476
19946,2.424,1.476
19947,2.444,1.476
19948,2.468,1.471
19949,2.473,1.476
19950,2.454,1.471
19951,2.419,1.476
19952,2.385,1.471
19953,2.351,1.471
19954,2.326,1.471
19955,2.336,1.471
19956,2.439,1.471
19957,2.600,1.471
19958,2.722,1.471
19959,2.752,1.466
19960,2.708,1.471
19961,2.639,1.466
19962,2.566,1.471
19963,2.512,1.466
19964,2.488,1.466
19965,2.502,1.466
19966,2.517,1.466
19967,2.512,1.466
19968,2.483,1.466
19969,2.439,1.466
19970,2.410,1.461
19971,2.400,1.466
19972,2.405,1.461
19973,2.380,1.461
19974,2.370,1.461
19975,2.463,1.461
19976,2.615,1.461
19977,2.732,1.457
19978,2.757,1.461
19979,2.717,1.457
19980,2.664,1.461
19981,2.610,1.457
19982,2.556,1.457
19983,2.522,1.457
19984,2.527,1.457
19985,2.546,1.457
19986,2.556,1.457
19987,2.532,1.457
19988,2.468,1.452
19989,2.405,1.457
19990,2.346,1.452
19991,2.336,1.452
19992,2.351,1.452
19993,2.395,1.452
19994,2.532,1.452
19995,2.688,1.447
19996,2.776,1.452
19997,2.766,1.447
19998,2.703,1.447
19999,2.625,1.447
20000,2.571,1.447
20001,2.532,1.447
20002,2.517,1.442
20003,2.527,1.447
20004,2.527,1.442
20005,2.517,1.447
20006,2.507,1.442
20007,2.483,1.442
20008,2.463,1.442
20009,2.449,1.442
20010,2.439,1.437
20011,2.424,1.442
20012,2.429,1.442
20013,2.507,1.437
20014,2.644,1.442
20015,2.757,1.437
20016,2.801,1.437
20017,2.761,1.437
20018,2.688,1.437
20019,2.630,1.437
20020,2.566,1.437
20021,2.542,1.437
20022,2.561,1.437
20023,2.590,1.437
20024,2.600,1.432
20025,2.586,1.437
20026,2.542,1.432
20027,2.507,1.432
20028,2.468,1.432
20029,2.429,1.432
20030,2.395,1.432
20031,2.380,1.432
20032,2.419,1.432
20033,2.542,1.432
20034,2.688,1.432
20035,2.781,1.427
20036,2.771,1.432
20037,2.708,1.427
20038,2.630,1.432
20039,2.561,1.427
20040,2.527,1.427
20041,2.527,1.427
20042,2.546,1.427
20043,2.551,1.427
20044,2.546,1.427
20045,2.512,1.427
20046,2.473,1.427
20047,2.439,1.427
20048,2.414,1.427
20049,2.395,1.422
20050,2.390,1.427
20051,2.424,1.422
20052,2.551,1.427
20053,2.698,1.422
20054,2.781,1.427
20055,2.771,1.427
20056,2.717,1.427
20057,2.625,1.427
20058,2.546,1.422
20059,2.502,1.427
20060,2.498,1.422
20061,2.507,1.427
20062,2.527,1.422
20063,2.507,1.427
20064,2.473,1.422
20065,2.444,1.427
20066,2.410,1.427
20067,2.385,1.427
20068,2.351,1.427
20069,2.322,1.427
20070,2.331,1.427
20071,2.434,1.422
20072,2.586,1.427
20073,2.674,1.422
20074,2.688,1.427
20075,2.644,1.427
20076,2.566,1.427
20077,2.488,1.427
20078,2.449,1.422
20079,2.444,1.427
20080,2.463,1.422
20081,2.473,1.427
20082,2.463,1.427
20083,2.439,1.427
20084,2.414,1.427
20085,2.380,1.427
20086,2.356,1.427
20087,2.341,1.427
20088,2.331,1.432
20089,2.351,1.427
20090,2.473,1.432
20091,2.610,1.427
20092,2.693,1.432
20093,2.688,1.427
20094,2.625,1.432
20095,2.542,1.427
20096,2.473,1.427
20097,2.439,1.432
20098,2.444,1.427
20099,2.468,1.432
20100,2.493,1.427
20101,2.488,1.432
20102,2.458,1.427
20103,2.414,1.432
20104,2.370,1.432
20105,2.351,1.432
20106,2.336,1.432
20107,2.322,1.427
20108,2.351,1.432
20109,2.473,1.427
20110,2.620,1.432
20111,2.713,1.432
20112,2.717,1.432
20113,2.654,1.432
20114,2.576,1.432
20115,2.498,1.432
20116,2.463,1.432
20117,2.498,1.437
20118,2.493,1.432
20119,2.478,1.437
20120,2.463,1.432
20121,2.439,1.437
20122,2.424,1.437
20123,2.400,1.437
20124,2.385,1.437
20125,2.370,1.432
20126,2.390,1.437
20127,2.483,1.437
20128,2.625,1.437
20129,2.727,1.437
20130,2.727,1.437
20131,2.683,1.437
20132,2.620,1.437
20133,2.566,1.437
20134,2.532,1.432
20135,2.517,1.437
20136,2.527,1.432
20137,2.532,1.437
20138,2.522,1.432
20139,2.493,1.432
20140,2.463,1.437
20141,2.449,1.432
20142,2.444,1.437
20143,2.439,1.432
20144,2.429,1.437
20145,2.493,1.432
20146,2.630,1.437
20147,2.757,1.432
20148,2.796,1.437
20149,2.766,1.432
20150,2.708,1.437
20151,2.649,1.432
20152,2.586,1.432
20153,2.546,1.432
20154,2.551,1.432
20155,2.581,1.432
20156,2.576,1.432
20157,2.546,1.432
20158,2.522,1.432
20159,2.502,1.432
20160,2.473,1.437
20161,2.434,1.432
20162,2.400,1.437
20163,2.419,1.432
20164,2.542,1.437
20165,2.674,1.437
20166,2.747,1.437
20167,2.737,1.437
20168,2.688,1.437
20169,2.615,1.437
20170,2.537,1.437
20171,2.512,1.437
20172,2.517,1.437
20173,2.537,1.442
20174,2.532,1.437
20175,2.502,1.442
20176,2.468,1.442
20177,2.429,1.442
20178,2.410,1.442
20179,2.390,1.442
20180,2.390,1.447
20181,2.478,1.442
20182,2.649,1.447
20183,2.786,1.442
20184,2.830,1.447
20185,2.801,1.442
20186,2.742,1.447
20187,2.674,1.447
20188,2.605,1.447
20189,2.566,1.447
20190,2.576,1.442
20191,2.566,1.447
20192,2.537,1.447
20193,2.493,1.447
20194,2.449,1.447
20195,2.395,1.447
20196,2.356,1.447
20197,2.326,1.447
20198,2.317,1.447
20199,2.385,1.447
20200,2.546,1.447
20201,2.708,1.447
20202,2.757,1.447
20203,2.732,1.452
20204,2.674,1.447
20205,2.595,1.452
20206,2.532,1.447
20207,2.493,1.447
20208,2.483,1.447
20209,2.468,1.447
20210,2.458,1.447
20211,2.429,1.442
20212,2.400,1.442
20213,2.366,1.437
20214,2.341,1.442
20215,2.307,1.442
20216,2.302,1.447
20217,2.341,1.447
20218,2.488,1.452
20219,2.649,1.452
20220,2.742,1.457
20221,2.732,1.461
20222,2.678,1.461
20223,2.595,1.466
20224,2.512,1.461
20225,2.458,1.466
20226,2.434,1.461
20227,2.439,1.466
20228,2.439,1.461
20229,2.429,1.461
20230,2.400,1.461
20231,2.370,1.461
20232,2.351,1.461
20233,2.317,1.457
20234,2.273,1.457
20235,2.248,1.457
20236,2.317,1.457
20237,2.473,1.452
20238,2.615,1.452
20239,2.649,1.452
20240,2.620,1.452
20241,2.561,1.457
20242,2.493,1.457
20243,2.429,1.457
20244,2.405,1.457
20245,2.410,1.457
20246,2.395,1.457
20247,2.380,1.457
20248,2.346,1.457
20249,2.317,1.457
20250,2.292,1.461
20251,2.253,1.457
20252,2.219,1.461
20253,2.199,1.457
20254,2.248,1.461
20255,2.400,1.457
20256,2.546,1.461
20257,2.610,1.461
20258,2.586,1.457
20259,2.527,1.461
20260,2.463,1.457
20261,2.419,1.461
20262,2.419,1.461
20263,2.444,1.461
20264,2.449,1.461
20265,2.434,1.461
20266,2.390,1.461
20267,2.331,1.461
20268,2.273,1.461
20269,2.224,1.457
20270,2.190,1.461
20271,2.175,1.457
20272,2.175,1.461
20273,2.204,1.461
20274,2.317,1.461
20275,2.488,1.461
20276,2.600,1.457
20277,2.615,1.461
20278,2.561,1.457
20279,2.488,1.461
20280,2.424,1.457
20281,2.366,1.461
20282,2.346,1.457
20283,2.361,1.461
20284,2.390,1.461
20285,2.400,1.457
20286,2.400,1.457
20287,2.395,1.457
20288,2.419,1.457
20289,2.429,1.457
20290,2.410,1.457
20291,2.390,1.457
20292,2.375,1.457
20293,2.414,1.457
20294,2.542,1.457
20295,2.669,1.457
20296,2.713,1.457
20297,2.693,1.457
20298,2.630,1.457
20299,2.561,1.457
20300,2.493,1.457
20301,2.458,1.457
20302,2.444,1.457
20303,2.424,1.457
20304,2.410,1.457
20305,2.385,1.457
20306,2.341,1.457
20307,2.307,1.457
20308,2.287,1.457
20309,2.283,1.457
20310,2.273,1.457
20311,2.263,1.457
20312,2.268,1.457
20313,2.346,1.457
20314,2.507,1.457
20315,2.634,1.457
20316,2.678,1.457
20317,2.634,1.461
20318,2.561,1.457
20319,2.488,1.461
20320,2.429,1.461
20321,2.405,1.461
20322,2.405,1.461
20323,2.414,1.461
20324,2.414,1.466
20325,2.400,1.461
20326,2.370,1.466
20327,2.341,1.466
20328,2.322,1.466
20329,2.297,1.466
20330,2.283,1.466
20331,2.278,1.466
20332,2.278,1.461
20333,2.346,1.461
20334,2.507,1.461
20335,2.644,1.461
20336,2.708,1.457
20337,2.698,1.461
20338,2.630,1.457
20339,2.561,1.457
20340,2.488,1.457
20341,2.458,1.457
20342,2.439,1.457
20343,2.424,1.457
20344,2.414,1.457
20345,2.400,1.457
20346,2.366,1.457
20347,2.331,1.457
20348,2.302,1.457
20349,2.283,1.457
20350,2.258,1.457
20351,2.209,1.457
20352,2.229,1.457
20353,2.224,1.457
20354,2.331,1.457
20355,2.478,1.457
20356,2.571,1.457
20357,2.610,1.457
20358,2.600,1.457
20359,2.537,1.457
20360,2.454,1.457
20361,2.380,1.457
20362,2.351,1.457
20363,2.356,1.457
20364,2.370,1.461
20365,2.385,1.457
20366,2.390,1.457
20367,2.380,1.457
20368,2.351,1.461
20369,2.302,1.461
20370,2.263,1.461
20371,2.248,1.461
20372,2.263,1.461
20373,2.336,1.461
20374,2.473,1.461
20375,2.595,1.461
20376,2.644,1.461
20377,2.625,1.461
20378,2.561,1.461
20379,2.502,1.461
20380,2.434,1.461
20381,2.410,1.461
20382,2.400,1.461
20383,2.410,1.461
20384,2.419,1.461
20385,2.424,1.461
20386,2.410,1.461
20387,2.390,1.461
20388,2.375,1.461
20389,2.361,1.461
20390,2.351,1.461
20391,2.346,1.461
20392,2.351,1.461
20393,2.405,1.461
20394,2.537,1.461
20395,2.659,1.461
20396,2.717,1.461
20397,2.688,1.461
20398,2.615,1.461
20399,2.532,1.461
20400,2.473,1.461
20401,2.449,1.461
20402,2.458,1.461
20403,2.483,1.461
20404,2.502,1.461
20405,2.498,1.461
20406,2.473,1.461
20407,2.444,1.461
20408,2.419,1.461
20409,2.400,1.461
20410,2.390,1.461
20411,2.366,1.461
20412,2.366,1.461
20413,2.424,1.461
20414,2.551,1.461
20415,2.678,1.457
20416,2.742,1.457
20417,2.732,1.457
20418,2.678,1.457
20419,2.605,1.461
20420,2.542,1.457
20421,2.517,1.457
20422,2.512,1.457
20423,2.522,1.457
20424,2.532,1.457
20425,2.527,1.457
20426,2.498,1.457
20427,2.458,1.457
20428,2.410,1.457
20429,2.375,1.457
20430,2.356,1.457
20431,2.351,1.457
20432,2.356,1.457
20433,2.429,1.457
20434,2.561,1.457
20435,2.683,1.457
20436,2.737,1.457
20437,2.717,1.457
20438,2.644,1.452
20439,2.576,1.457
20440,2.522,1.452
20441,2.493,1.457
20442,2.507,1.452
20443,2.537,1.452
20444,2.551,1.452
20445,2.551,1.452
20446,2.522,1.452
20447,2.483,1.452
20448,2.454,1.452
20449,2.434,1.452
20450,2.414,1.452
20451,2.405,1.452
20452,2.410,1.452
20453,2.502,1.452
20454,2.649,1.452
20455,2.757,1.452
20456,2.786,1.447
20457,2.737,1.452
20458,2.664,1.452
20459,2.590,1.452
20460,2.537,1.452
20461,2.527,1.452
20462,2.542,1.452
20463,2.551,1.452
20464,2.561,1.452
20465,2.546,1.452
20466,2.522,1.452
20467,2.493,1.452
20468,2.463,1.452
20469,2.439,1.452
20470,2.414,1.452
20471,2.405,1.452
20472,2.458,1.452
20473,2.581,1.452
20474,2.722,1.452
20475,2.796,1.452
20476,2.781,1.452
20477,2.717,1.457
20478,2.654,1.452
20479,2.590,1.457
20480,2.556,1.452
20481,2.546,1.457
20482,2.561,1.457
20483,2.576,1.457
20484,2.581,1.457
20485,2.561,1.457
20486,2.517,1.457
20487,2.483,1.457
20488,2.473,1.457
20489,2.449,1.457
20490,2.434,1.457
20491,2.419,1.457
20492,2.463,1.457
20493,2.600,1.457
20494,2.830,1.457
20495,2.840,1.461
20496,2.786,1.457
20497,2.722,1.461
20498,2.674,1.457
20499,2.639,1.461
20500,2.630,1.457
20501,2.625,1.461
20502,2.610,1.461
20503,2.586,1.461
20504,2.556,1.461
20505,2.527,1.461
20506,2.483,1.461
20507,2.463,1.461
20508,2.439,1.461
20509,2.419,1.461
20510,2.410,1.461
20511,2.454,1.461
20512,2.576,1.461
20513,2.727,1.461
20514,2.810,1.461
20515,2.801,1.461
20516,2.727,1.461
20517,2.644,1.461
20518,2.581,1.461
20519,2.537,1.461
20520,2.537,1.461
20521,2.556,1.461
20522,2.576,1.461
20523,2.566,1.461
20524,2.542,1.461
20525,2.502,1.461
20526,2.473,1.461
20527,2.454,1.461
20528,2.429,1.461
20529,2.410,1.461
20530,2.405,1.461
20531,2.483,1.461
20532,2.634,1.461
20533,2.757,1.461
20534,2.796,1.461
20535,2.757,1.461
20536,2.683,1.461
20537,2.605,1.461
20538,2.551,1.461
